candidate_id,mutant,mutation_count,P05_B3,P05_B4,P05_B5,P05_V83,P10_B3,P10_B4,P10_B5,P10_V83,P20_B3,P20_B4,P20_B5,P20_V83,P40_B3,P40_B4,P40_B5,P40_V83,RANDOM_HASH,P40_SHUFFLE_V83
S1W:F2A:Q3N,S1W:F2A:Q3N,3,-6.462976604157432,-6.462976604157432,-6.462976604157432,-6.462976604157432,-8.769292465072057,-8.769292465072057,-8.769292465072057,-8.769292465072057,-8.482640335363167,-8.482640335363167,-8.482640335363167,-8.482640335363167,-7.911789322545673,-7.911789322545673,-7.911789322545673,-7.911789322545673,0.3641410362906754,-2.463398395281359
S1W:F2Q:Q3N,S1W:F2Q:Q3N,3,-4.017214517789461,-4.017214517789461,-4.017214517789461,-4.017214517789461,-4.729635685268522,-4.729635685268522,-4.729635685268522,-4.729635685268522,-4.267150198485164,-4.267150198485164,-4.267150198485164,-4.267150198485164,-7.274406569586674,-7.274406569586674,-7.274406569586674,-7.274406569586674,0.4106021602638066,-1.1785588307863293
S1W:F2Q:Q3G,S1W:F2Q:Q3G,3,-2.5551163555842757,-2.5551163555842757,-2.5551163555842757,-2.5551163555842757,-4.014518477202224,-4.014518477202224,-4.014518477202224,-4.014518477202224,-4.753961424496751,-4.753961424496751,-4.753961424496751,-4.753961424496751,-7.2775608291538845,-7.2775608291538845,-7.2775608291538845,-7.2775608291538845,0.4457592547405511,-2.339333623915526
S1W:F2W:Q3N,S1W:F2W:Q3N,3,-4.695261749585579,-4.695261749585579,-4.695261749585579,-4.695261749585579,-3.779457010651199,-3.779457010651199,-3.779457010651199,-3.779457010651199,-3.416275680945341,-3.416275680945341,-3.416275680945341,-3.416275680945341,-3.731391097698748,-3.731391097698748,-3.731391097698748,-3.731391097698748,0.7038194192573428,-0.9937032237520995
S1W:F2W:Q3G,S1W:F2W:Q3G,3,-3.5130098480207663,-3.5130098480207663,-3.5130098480207663,-3.5130098480207663,-3.9708204087443106,-3.9708204087443106,-3.9708204087443106,-3.9708204087443106,-3.5469246920919626,-3.5469246920919626,-3.5469246920919626,-3.5469246920919626,-2.983159808781515,-2.983159808781515,-2.983159808781515,-2.983159808781515,0.7389765137340873,-1.7984325574205786
S1W:F2A:R4P,S1W:F2A:R4P,3,-5.349575398514942,-5.349575398514942,-5.349575398514942,-5.349575398514942,-8.931194375243956,-8.931194375243956,-8.931194375243956,-8.931194375243956,-8.595546889523751,-8.595546889523751,-8.595546889523751,-8.595546889523751,-8.100848332231486,-8.100848332231486,-8.100848332231486,-8.100848332231486,0.655474575702101,-2.4451247192922323
S1W:F2Q:R4T,S1W:F2Q:R4T,3,-4.094641711309155,-4.094641711309155,-4.094641711309155,-4.094641711309155,-4.524509677383117,-4.524509677383117,-4.524509677383117,-4.524509677383117,-4.210889774977426,-4.210889774977426,-4.210889774977426,-4.210889774977426,-7.242026597035123,-7.242026597035123,-7.242026597035123,-7.242026597035123,0.8161534923128784,-0.5993294265811606
S1W:F2Q:R4H,S1W:F2Q:R4H,3,-2.777256873210025,-2.777256873210025,-2.777256873210025,-2.777256873210025,-3.6450315831729156,-3.6450315831729156,-3.6450315831729156,-3.6450315831729156,-5.3194748767238815,-5.3194748767238815,-5.3194748767238815,-5.3194748767238815,-7.385545801739736,-7.385545801739736,-7.385545801739736,-7.385545801739736,0.7380266156978905,-1.260286113055527
S1W:F2W:R4T,S1W:F2W:R4T,3,-5.311878106585789,-5.311878106585789,-5.311878106585789,-5.311878106585789,-4.271436864515023,-4.271436864515023,-4.271436864515023,-4.271436864515023,-4.349458634833714,-4.349458634833714,-4.349458634833714,-4.349458634833714,-4.1718840286657235,-4.1718840286657235,-4.1718840286657235,-4.1718840286657235,0.44967162143439054,-0.726153842757772
S1W:F2W:R4A,S1W:F2W:R4A,3,-4.13636362855285,-4.13636362855285,-4.13636362855285,-4.13636362855285,-3.2419510770488396,-3.2419510770488396,-3.2419510770488396,-3.2419510770488396,-3.2805871130400575,-3.2805871130400575,-3.2805871130400575,-3.2805871130400575,-3.87400219940033,-3.87400219940033,-3.87400219940033,-3.87400219940033,0.5004540912341326,-2.5474167779311845
S1W:F2A:A5I,S1W:F2A:A5I,3,-6.048557725984191,-6.048557725984191,-6.048557725984191,-6.048557725984191,-10.226699573900103,-10.226699573900103,-10.226699573900103,-10.226699573900103,-8.47849873310811,-8.47849873310811,-8.47849873310811,-8.47849873310811,-8.725166719646692,-8.725166719646692,-8.725166719646692,-8.725166719646692,0.9131544067058712,-3.3803423620979673
S1W:F2Q:A5M,S1W:F2Q:A5M,3,-5.372873418920772,-5.372873418920772,-5.372873418920772,-5.372873418920772,-6.105191410869191,-6.105191410869191,-6.105191410869191,-6.105191410869191,-5.103224941137327,-5.103224941137327,-5.103224941137327,-5.103224941137327,-8.06416241165864,-8.06416241165864,-8.06416241165864,-8.06416241165864,0.6198544923681766,-1.226573199377512
S1W:F2W:A5M,S1W:F2W:A5M,3,-6.324832932075065,-6.324832932075065,-6.324832932075065,-6.324832932075065,-5.653725916076836,-5.653725916076836,-5.653725916076836,-5.653725916076836,-5.138772258739918,-5.138772258739918,-5.138772258739918,-5.138772258739918,-5.540736289674797,-5.540736289674797,-5.540736289674797,-5.540736289674797,0.5072199401911348,-1.4690546685124626
S1W:F2A:L7I,S1W:F2A:L7I,3,-4.8223360519386365,-4.8223360519386365,-4.8223360519386365,-4.8223360519386365,-7.3214038615032795,-7.3214038615032795,-7.3214038615032795,-7.3214038615032795,-6.976049367817623,-6.976049367817623,-6.976049367817623,-6.976049367817623,-7.7501414147832115,-7.7501414147832115,-7.7501414147832115,-7.7501414147832115,0.1478355173021555,-2.226168141575083
S1W:F2Q:L7I,S1W:F2Q:L7I,3,-3.6614927237615458,-3.6614927237615458,-3.6614927237615458,-3.6614927237615458,-4.055934163085918,-4.055934163085918,-4.055934163085918,-4.055934163085918,-3.489306294695144,-3.489306294695144,-3.489306294695144,-3.489306294695144,-7.626738011884376,-7.626738011884376,-7.626738011884376,-7.626738011884376,0.33405805192887783,-1.5025370659348691
S1W:F2Q:L7Q,S1W:F2Q:L7Q,3,-2.768631894074376,-2.768631894074376,-2.768631894074376,-2.768631894074376,-4.493521294967657,-4.493521294967657,-4.493521294967657,-4.493521294967657,-3.6026875321760063,-3.6026875321760063,-3.6026875321760063,-3.6026875321760063,-7.0785948092565105,-7.0785948092565105,-7.0785948092565105,-7.0785948092565105,0.36530880257487297,-1.353519825810329
S1W:F2W:L7I,S1W:F2W:L7I,3,-4.411647613365829,-4.411647613365829,-4.411647613365829,-4.411647613365829,-3.4763097062522306,-3.4763097062522306,-3.4763097062522306,-3.4763097062522306,-3.157399782958403,-3.157399782958403,-3.157399782958403,-3.157399782958403,-4.1854359658130615,-4.1854359658130615,-4.1854359658130615,-4.1854359658130615,0.1008611205033958,-0.9680435718076552
S1W:F2W:L7Q,S1W:F2W:L7Q,3,-6.385810182053735,-6.385810182053735,-6.385810182053735,-6.385810182053735,-6.940781539078803,-6.940781539078803,-6.940781539078803,-6.940781539078803,-6.213418097954688,-6.213418097954688,-6.213418097954688,-6.213418097954688,-5.641909609359594,-5.641909609359594,-5.641909609359594,-5.641909609359594,0.007108868565410376,-1.199487086321561
S1W:F2A:S8C,S1W:F2A:S8C,3,-4.7044849701143505,-4.7044849701143505,-4.7044849701143505,-4.7044849701143505,-7.797681703997631,-7.797681703997631,-7.797681703997631,-7.797681703997631,-6.903244053416051,-6.903244053416051,-6.903244053416051,-6.903244053416051,-7.138184567068151,-7.138184567068151,-7.138184567068151,-7.138184567068151,0.23124843649566174,-4.56334211802081
S1W:F2Q:S8K,S1W:F2Q:S8K,3,-3.2006275907155066,-3.2006275907155066,-3.2006275907155066,-3.2006275907155066,-3.629713957870858,-3.629713957870858,-3.629713957870858,-3.629713957870858,-3.9030115560926033,-3.9030115560926033,-3.9030115560926033,-3.9030115560926033,-6.77879115497364,-6.77879115497364,-6.77879115497364,-6.77879115497364,0.251298975199461,-2.0716771745747566
S1W:F2Q:S8L,S1W:F2Q:S8L,3,-1.934947165473568,-1.934947165473568,-1.934947165473568,-1.934947165473568,-2.898040530613248,-2.898040530613248,-2.898040530613248,-2.898040530613248,-2.6934600560309057,-2.6934600560309057,-2.6934600560309057,-2.6934600560309057,-5.711845279183691,-5.711845279183691,-5.711845279183691,-5.711845279183691,0.27864338201470673,-1.3079737593740204
S1W:F2Q:S8C,S1W:F2Q:S8C,3,-3.0765601362649075,-3.0765601362649075,-3.0765601362649075,-3.0765601362649075,-4.254541845080578,-4.254541845080578,-4.254541845080578,-4.254541845080578,-4.291199668836324,-4.291199668836324,-4.291199668836324,-4.291199668836324,-7.050064922282636,-7.050064922282636,-7.050064922282636,-7.050064922282636,0.2825497258454561,-3.3418012697283443
S1W:F2W:S8K,S1W:F2W:S8K,3,-3.619967267611811,-3.619967267611811,-3.619967267611811,-3.619967267611811,-3.1678101651445987,-3.1678101651445987,-3.1678101651445987,-3.1678101651445987,-3.8494506654752234,-3.8494506654752234,-3.8494506654752234,-3.8494506654752234,-3.7647321477034916,-3.7647321477034916,-3.7647321477034916,-3.7647321477034916,0.745404772926122,-2.677087905193077
S1W:F2W:S8C,S1W:F2W:S8C,3,-4.293796531541542,-4.293796531541542,-4.293796531541542,-4.293796531541542,-3.255150300156896,-3.255150300156896,-3.255150300156896,-3.255150300156896,-3.7421254846230494,-3.7421254846230494,-3.7421254846230494,-3.7421254846230494,-3.8794041108474877,-3.8794041108474877,-3.8794041108474877,-3.8794041108474877,0.7766555235721171,-2.454492176886463
S1W:F2A:A11S,S1W:F2A:A11S,3,-5.166560296847195,-5.166560296847195,-5.166560296847195,-5.166560296847195,-8.066228097836131,-8.066228097836131,-8.066228097836131,-8.066228097836131,-7.015490694927472,-7.015490694927472,-7.015490694927472,-7.015490694927472,-7.126824664972034,-7.126824664972034,-7.126824664972034,-7.126824664972034,0.9958576881326735,-2.3025120201460205
S1W:F2Q:A11S,S1W:F2Q:A11S,3,-3.2435776014135898,-3.2435776014135898,-3.2435776014135898,-3.2435776014135898,-4.210037792141085,-4.210037792141085,-4.210037792141085,-4.210037792141085,-4.2847874818360445,-4.2847874818360445,-4.2847874818360445,-4.2847874818360445,-7.034485269846129,-7.034485269846129,-7.034485269846129,-7.034485269846129,0.06511109182611108,-1.9107312570055839
S1W:Q3N:R4A,S1W:Q3N:R4A,3,-4.631954193715364,-4.631954193715364,-4.631954193715364,-4.631954193715364,-4.333461801197948,-4.333461801197948,-4.333461801197948,-4.333461801197948,-3.7665916305763596,-3.7665916305763596,-3.7665916305763596,-3.7665916305763596,-4.317795622704433,-4.317795622704433,-4.317795622704433,-4.317795622704433,0.883131374605,-2.438673626374925
S1W:Q3N:R4C,S1W:Q3N:R4C,3,-4.736732185406639,-4.736732185406639,-4.736732185406639,-4.736732185406639,-5.148986632655717,-5.148986632655717,-5.148986632655717,-5.148986632655717,-4.302084009897494,-4.302084009897494,-4.302084009897494,-4.302084009897494,-4.441790889253357,-4.441790889253357,-4.441790889253357,-4.441790889253357,0.8909440622664988,-1.5423067459788151
S1W:Q3G:R4L,S1W:Q3G:R4L,3,-2.745944532574218,-2.745944532574218,-2.745944532574218,-2.745944532574218,-4.11150497771515,-4.11150497771515,-4.11150497771515,-4.11150497771515,-4.237917349451206,-4.237917349451206,-4.237917349451206,-4.237917349451206,-3.4183951339641836,-3.4183951339641836,-3.4183951339641836,-3.4183951339641836,0.35985813196748495,-3.0561601924633237
S1W:Q3G:R4C,S1W:Q3G:R4C,3,-3.12969456964037,-3.12969456964037,-3.12969456964037,-3.12969456964037,-4.8111832483655075,-4.8111832483655075,-4.8111832483655075,-4.8111832483655075,-4.667410745113364,-4.667410745113364,-4.667410745113364,-4.667410745113364,-3.7403517917147195,-3.7403517917147195,-3.7403517917147195,-3.7403517917147195,0.3872025387827307,-2.791241632810333
S1W:Q3G:R4P,S1W:Q3G:R4P,3,-3.454328905159504,-3.454328905159504,-3.454328905159504,-3.454328905159504,-5.514614013535363,-5.514614013535363,-5.514614013535363,-5.514614013535363,-5.366498693964952,-5.366498693964952,-5.366498693964952,-5.366498693964952,-4.545319555744007,-4.545319555744007,-4.545319555744007,-4.545319555744007,0.31298200599849224,-3.317161631677025
S1W:Q3N:A5I,S1W:Q3N:A5I,3,-5.030118166269388,-5.030118166269388,-5.030118166269388,-5.030118166269388,-6.792020049391196,-6.792020049391196,-6.792020049391196,-6.792020049391196,-5.354757162904727,-5.354757162904727,-5.354757162904727,-5.354757162904727,-6.492156676391333,-6.492156676391333,-6.492156676391333,-6.492156676391333,0.6918593887239695,-3.2406833046077432
S1W:Q3N:L7V,S1W:Q3N:L7V,3,-3.7289751546507803,-3.7289751546507803,-3.7289751546507803,-3.7289751546507803,-4.543258216831168,-4.543258216831168,-4.543258216831168,-4.543258216831168,-3.9712999278888628,-3.9712999278888628,-3.9712999278888628,-3.9712999278888628,-5.009028878609122,-5.009028878609122,-5.009028878609122,-5.009028878609122,0.09024225175380707,-1.6983039873304584
S1W:Q3G:L7I,S1W:Q3G:L7I,3,-3.038358932076804,-3.038358932076804,-3.038358932076804,-3.038358932076804,-4.097556381953183,-4.097556381953183,-4.097556381953183,-4.097556381953183,-3.712078998090686,-3.712078998090686,-3.712078998090686,-3.712078998090686,-4.048610744105537,-4.048610744105537,-4.048610744105537,-4.048610744105537,0.7347740172408521,-2.7112557236871333
S1W:Q3G:L7V,S1W:Q3G:L7V,3,-2.32407326779845,-2.32407326779845,-2.32407326779845,-2.32407326779845,-4.18894687823536,-4.18894687823536,-4.18894687823536,-4.18894687823536,-4.08362995939317,-4.08362995939317,-4.08362995939317,-4.08362995939317,-4.603089930630194,-4.603089930630194,-4.603089930630194,-4.603089930630194,0.8402453006710857,-2.170103559412937
S1W:Q3N:S8C,S1W:Q3N:S8C,3,-4.789387096704056,-4.789387096704056,-4.789387096704056,-4.789387096704056,-4.294932794614011,-4.294932794614011,-4.294932794614011,-4.294932794614011,-4.4678069649776555,-4.4678069649776555,-4.4678069649776555,-4.4678069649776555,-4.641840344993803,-4.641840344993803,-4.641840344993803,-4.641840344993803,0.6225553175900131,-1.9958238587017334
S1W:Q3G:S8K,S1W:Q3G:S8K,3,-3.034641677658543,-3.034641677658543,-3.034641677658543,-3.034641677658543,-4.237642797519769,-4.237642797519769,-4.237642797519769,-4.237642797519769,-4.269962770084894,-4.269962770084894,-4.269962770084894,-4.269962770084894,-3.71943798371638,-3.71943798371638,-3.71943798371638,-3.71943798371638,0.8112250030972064,-2.673831512459911
S1W:Q3N:Q9K,S1W:Q3N:Q9K,3,-5.030991519462251,-5.030991519462251,-5.030991519462251,-5.030991519462251,-4.62802028489193,-4.62802028489193,-4.62802028489193,-4.62802028489193,-3.9812207558564494,-3.9812207558564494,-3.9812207558564494,-3.9812207558564494,-3.657376500335957,-3.657376500335957,-3.657376500335957,-3.657376500335957,0.2882921830751002,-3.3017183374194863
S1W:Q3N:Q9A,S1W:Q3N:Q9A,3,-4.186643935254832,-4.186643935254832,-4.186643935254832,-4.186643935254832,-5.656708325887456,-5.656708325887456,-5.656708325887456,-5.656708325887456,-5.256053179369082,-5.256053179369082,-5.256053179369082,-5.256053179369082,-4.793769312891234,-4.793769312891234,-4.793769312891234,-4.793769312891234,0.24922874476760626,-3.200645610039866
S1W:R4L:A5I,S1W:R4L:A5I,3,-3.767462285660327,-3.767462285660327,-3.767462285660327,-3.767462285660327,-5.6447116266981965,-5.6447116266981965,-5.6447116266981965,-5.6447116266981965,-4.293226064894923,-4.293226064894923,-4.293226064894923,-4.293226064894923,-4.589273193943903,-4.589273193943903,-4.589273193943903,-4.589273193943903,0.4548337981104851,-3.2114933263509755
S1W:R4P:A5M,S1W:R4P:A5M,3,-6.531428871336145,-6.531428871336145,-6.531428871336145,-6.531428871336145,-6.571026120442811,-6.571026120442811,-6.571026120442811,-6.571026120442811,-5.253861694272262,-5.253861694272262,-5.253861694272262,-5.253861694272262,-5.422193629054587,-5.422193629054587,-5.422193629054587,-5.422193629054587,0.48211221396923065,-2.0150612968608703
S1W:R4Q:L7I,S1W:R4Q:L7I,3,-4.16110066172094,-4.16110066172094,-4.16110066172094,-4.16110066172094,-3.753663150385967,-3.753663150385967,-3.753663150385967,-3.753663150385967,-3.6751097146719403,-3.6751097146719403,-3.6751097146719403,-3.6751097146719403,-4.6904979648051865,-4.6904979648051865,-4.6904979648051865,-4.6904979648051865,0.5711819515563548,-2.971717259834315
S1W:R4Q:L7V,S1W:R4Q:L7V,3,-3.381620087791704,-3.381620087791704,-3.381620087791704,-3.381620087791704,-3.993618680226147,-3.993618680226147,-3.993618680226147,-3.993618680226147,-4.1308593046627955,-4.1308593046627955,-4.1308593046627955,-4.1308593046627955,-5.273857084417286,-5.273857084417286,-5.273857084417286,-5.273857084417286,0.4578979804646224,-2.490331759175805
S1W:R4L:L7V,S1W:R4L:L7V,3,-2.5817586230078713,-2.5817586230078713,-2.5817586230078713,-2.5817586230078713,-3.765464931626693,-3.765464931626693,-3.765464931626693,-3.765464931626693,-3.8275606297056566,-3.8275606297056566,-3.8275606297056566,-3.8275606297056566,-4.164222559595308,-4.164222559595308,-4.164222559595308,-4.164222559595308,0.8494735863059759,-2.7170717545597167
S1W:R4A:L7Q,S1W:R4A:L7Q,3,-3.5077686953736102,-3.5077686953736102,-3.5077686953736102,-3.5077686953736102,-4.641201088669599,-4.641201088669599,-4.641201088669599,-4.641201088669599,-3.5971892231356617,-3.5971892231356617,-3.5971892231356617,-3.5971892231356617,-4.247068313652262,-4.247068313652262,-4.247068313652262,-4.247068313652262,0.5520301689393818,-0.9183337337751232
S1W:R4H:L7I,S1W:R4H:L7I,3,-2.844119083494027,-2.844119083494027,-2.844119083494027,-2.844119083494027,-3.6686429594290337,-3.6686429594290337,-3.6686429594290337,-3.6686429594290337,-4.786284994132619,-4.786284994132619,-4.786284994132619,-4.786284994132619,-4.438568641577212,-4.438568641577212,-4.438568641577212,-4.438568641577212,0.9852453435305506,-1.5377968226286778
S1W:R4H:L7V,S1W:R4H:L7V,3,-2.0171289493119837,-2.0171289493119837,-2.0171289493119837,-2.0171289493119837,-3.5112280581442143,-3.5112280581442143,-3.5112280581442143,-3.5112280581442143,-5.174064187974701,-5.174064187974701,-5.174064187974701,-5.174064187974701,-5.039401727791301,-5.039401727791301,-5.039401727791301,-5.039401727791301,0.02040243800729513,-2.999699480062917
S1W:R4C:L7Q,S1W:R4C:L7Q,3,-3.612546687064886,-3.612546687064886,-3.612546687064886,-3.612546687064886,-5.028762085006643,-5.028762085006643,-5.028762085006643,-5.028762085006643,-3.8033313385129124,-3.8033313385129124,-3.8033313385129124,-3.8033313385129124,-3.694244607060903,-3.694244607060903,-3.694244607060903,-3.694244607060903,0.8934402018785477,-4.8228907533576155
S1W:R4C:L7V,S1W:R4C:L7V,3,-3.0522050400218084,-3.0522050400218084,-3.0522050400218084,-3.0522050400218084,-4.15249284938696,-4.15249284938696,-4.15249284938696,-4.15249284938696,-3.6643325485196065,-3.6643325485196065,-3.6643325485196065,-3.6643325485196065,-4.422379739451622,-4.422379739451622,-4.422379739451622,-4.422379739451622,0.9207846086937934,-1.811828842666972
S1W:R4P:L7V,S1W:R4P:L7V,3,-3.7499503797198166,-3.7499503797198166,-3.7499503797198166,-3.7499503797198166,-4.51838404570173,-4.51838404570173,-4.51838404570173,-4.51838404570173,-4.10959741848954,-4.10959741848954,-4.10959741848954,-4.10959741848954,-4.81296101500371,-4.81296101500371,-4.81296101500371,-4.81296101500371,0.15162211377173662,-1.6750080194972736
S1W:R4T:S8L,S1W:R4T:S8L,3,-3.466493764532597,-3.466493764532597,-3.466493764532597,-3.466493764532597,-3.063884765698687,-3.063884765698687,-3.063884765698687,-3.063884765698687,-3.22160131451429,-3.22160131451429,-3.22160131451429,-3.22160131451429,-3.560787528126464,-3.560787528126464,-3.560787528126464,-3.560787528126464,0.8824732834473252,-2.1536415758264793
S1W:R4T:S8T,S1W:R4T:S8T,3,-4.9422907603585235,-4.9422907603585235,-4.9422907603585235,-4.9422907603585235,-4.87312368015031,-4.87312368015031,-4.87312368015031,-4.87312368015031,-4.995503838274749,-4.995503838274749,-4.995503838274749,-4.995503838274749,-5.21275903781375,-5.21275903781375,-5.21275903781375,-5.21275903781375,0.9137240340933204,-2.880407265611451
S1W:R4Q:S8R,S1W:R4Q:S8R,3,-3.485021967082428,-3.485021967082428,-3.485021967082428,-3.485021967082428,-3.937330728993516,-3.937330728993516,-3.937330728993516,-3.937330728993516,-3.8624467766884587,-3.8624467766884587,-3.8624467766884587,-3.8624467766884587,-5.169187172253011,-5.169187172253011,-5.169187172253011,-5.169187172253011,0.10356966988183558,-1.521458283836131
S1W:R4L:S8R,S1W:R4L:S8R,3,-3.480346566571605,-3.480346566571605,-3.480346566571605,-3.480346566571605,-4.495789769432281,-4.495789769432281,-4.495789769432281,-4.495789769432281,-3.893168109399353,-3.893168109399353,-3.893168109399353,-3.893168109399353,-4.332826069305771,-4.332826069305771,-4.332826069305771,-4.332826069305771,0.2572404141537845,-1.7836081063076454
S1W:R4L:S8T,S1W:R4L:S8T,3,-4.309572475374203,-4.309572475374203,-4.309572475374203,-4.309572475374203,-4.3282124958015755,-4.3282124958015755,-4.3282124958015755,-4.3282124958015755,-4.392267379285306,-4.392267379285306,-4.392267379285306,-4.392267379285306,-4.45333966385033,-4.45333966385033,-4.45333966385033,-4.45333966385033,0.2650531018152833,-2.9791930507164563
S1W:R4A:S8C,S1W:R4A:S8C,3,-3.173117391302397,-3.173117391302397,-3.173117391302397,-3.173117391302397,-3.693817065971869,-3.693817065971869,-3.693817065971869,-3.693817065971869,-3.9399794897277025,-3.9399794897277025,-3.9399794897277025,-3.9399794897277025,-4.8630260346271745,-4.8630260346271745,-4.8630260346271745,-4.8630260346271745,0.9768410488031805,-2.4157967784244185
S1W:R4H:S8L,S1W:R4H:S8L,3,-1.5846550308784009,-1.5846550308784009,-1.5846550308784009,-1.5846550308784009,-2.0282302230230695,-2.0282302230230695,-2.0282302230230695,-2.0282302230230695,-4.264655545251511,-4.264655545251511,-4.264655545251511,-4.264655545251511,-3.3332257776101906,-3.3332257776101906,-3.3332257776101906,-3.3332257776101906,0.3217557556927204,-1.3552552218851426
S1W:R4P:S8R,S1W:R4P:S8R,3,-4.188730939156891,-4.188730939156891,-4.188730939156891,-4.188730939156891,-5.67697334941523,-5.67697334941523,-5.67697334941523,-5.67697334941523,-4.682113689696654,-4.682113689696654,-4.682113689696654,-4.682113689696654,-4.6486339439920545,-4.6486339439920545,-4.6486339439920545,-4.6486339439920545,0.7373326872475445,-1.5553035394474723
S1W:R4P:S8L,S1W:R4P:S8L,3,-3.09350261788894,-3.09350261788894,-3.09350261788894,-3.09350261788894,-3.379690574637319,-3.379690574637319,-3.379690574637319,-3.379690574637319,-3.1677102350846074,-3.1677102350846074,-3.1677102350846074,-3.1677102350846074,-2.9106655074650885,-2.9106655074650885,-2.9106655074650885,-2.9106655074650885,0.682643873617053,-2.9058509855926347
S1W:R4P:S8C,S1W:R4P:S8C,3,-4.23511558868028,-4.23511558868028,-4.23511558868028,-4.23511558868028,-4.842585498994687,-4.842585498994687,-4.842585498994687,-4.842585498994687,-4.7831753983369865,-4.7831753983369865,-4.7831753983369865,-4.7831753983369865,-4.434729188379018,-4.434729188379018,-4.434729188379018,-4.434729188379018,0.6787375297863036,-3.17178751640025
S1W:R4T:Q9K,S1W:R4T:Q9K,3,-4.522652960896557,-4.522652960896557,-4.522652960896557,-4.522652960896557,-4.963222998869898,-4.963222998869898,-4.963222998869898,-4.963222998869898,-4.889284859968898,-4.889284859968898,-4.889284859968898,-4.889284859968898,-4.51257289252355,-4.51257289252355,-4.51257289252355,-4.51257289252355,0.013065064791589975,-2.1847804071930246
S1W:R4C:Q9K,S1W:R4C:Q9K,3,-3.713244988475265,-3.713244988475265,-3.713244988475265,-3.713244988475265,-4.0105076745832235,-4.0105076745832235,-4.0105076745832235,-4.0105076745832235,-4.10763138380616,-4.10763138380616,-4.10763138380616,-4.10763138380616,-3.8731403830202984,-3.8731403830202984,-3.8731403830202984,-3.8731403830202984,0.34780318452976644,-2.5131488596852884
S1W:R4Q:H10Y,S1W:R4Q:H10Y,3,-3.8896399810915887,-3.8896399810915887,-3.8896399810915887,-3.8896399810915887,-4.341608176745745,-4.341608176745745,-4.341608176745745,-4.341608176745745,-2.4727819509228874,-2.4727819509228874,-2.4727819509228874,-2.4727819509228874,-3.186462358288383,-3.186462358288383,-3.186462358288383,-3.186462358288383,0.70391925284639,-2.514225897306295
S1W:R4L:H10Y,S1W:R4L:H10Y,3,-3.3497680653327033,-3.3497680653327033,-3.3497680653327033,-3.3497680653327033,-4.1735252987033915,-4.1735252987033915,-4.1735252987033915,-4.1735252987033915,-2.467167700404029,-2.467167700404029,-2.467167700404029,-2.467167700404029,-2.527357242858058,-2.527357242858058,-2.527357242858058,-2.527357242858058,0.03141351300291717,-2.80854627216779
S1W:R4A:H10F,S1W:R4A:H10F,3,-3.9746176498731653,-3.9746176498731653,-3.9746176498731653,-3.9746176498731653,-3.7318581462967613,-3.7318581462967613,-3.7318581462967613,-3.7318581462967613,-3.7726781692540587,-3.7726781692540587,-3.7726781692540587,-3.7726781692540587,-4.2422845179334185,-4.2422845179334185,-4.2422845179334185,-4.2422845179334185,0.8915257609914988,-1.8610812277123878
S1W:R4H:H10F,S1W:R4H:H10F,3,-3.2682933942519097,-3.2682933942519097,-3.2682933942519097,-3.2682933942519097,-3.6830173607385914,-3.6830173607385914,-3.6830173607385914,-3.6830173607385914,-5.184330258935378,-5.184330258935378,-5.184330258935378,-5.184330258935378,-4.369354214175604,-4.369354214175604,-4.369354214175604,-4.369354214175604,0.05282244784757495,-1.8792826751148852
S1W:A5M:Q6R,S1W:A5M:Q6R,3,-6.093524658441054,-6.093524658441054,-6.093524658441054,-6.093524658441054,-6.85156374812992,-6.85156374812992,-6.85156374812992,-6.85156374812992,-5.88797937272391,-5.88797937272391,-5.88797937272391,-5.88797937272391,-5.890073996400218,-5.890073996400218,-5.890073996400218,-5.890073996400218,0.7730493464041501,-2.5214710610457676
S1W:A5I:S8C,S1W:A5I:S8C,3,-3.8307562298450213,-3.8307562298450213,-3.8307562298450213,-3.8307562298450213,-5.683673969503689,-5.683673969503689,-5.683673969503689,-5.683673969503689,-4.731562652356133,-4.731562652356133,-4.731562652356133,-4.731562652356133,-5.847907504865747,-5.847907504865747,-5.847907504865747,-5.847907504865747,0.044010056648403406,-3.3987371519546064
S1W:A5I:Q9K,S1W:A5I:Q9K,3,-4.0066309693380155,-4.0066309693380155,-4.0066309693380155,-4.0066309693380155,-6.243866535651921,-6.243866535651921,-6.243866535651921,-6.243866535651921,-5.6481704048138734,-5.6481704048138734,-5.6481704048138734,-5.6481704048138734,-6.057445697684219,-6.057445697684219,-6.057445697684219,-6.057445697684219,0.990339168580249,-3.492850032936318
S1W:A5I:H10F,S1W:A5I:H10F,3,-4.372781622427191,-4.372781622427191,-4.372781622427191,-4.372781622427191,-6.289894697639086,-6.289894697639086,-6.289894697639086,-6.289894697639086,-4.841855330619553,-4.841855330619553,-4.841855330619553,-4.841855330619553,-6.083278667717916,-6.083278667717916,-6.083278667717916,-6.083278667717916,0.16004278673790395,-2.3292772952471865
S1W:A5I:A11S,S1W:A5I:A11S,3,-4.292831556577867,-4.292831556577867,-4.292831556577867,-4.292831556577867,-5.290412530672251,-5.290412530672251,-5.290412530672251,-5.290412530672251,-5.770288390836014,-5.770288390836014,-5.770288390836014,-5.770288390836014,-6.961593665950801,-6.961593665950801,-6.961593665950801,-6.961593665950801,0.02771704737097025,-2.5673915415715447
S1W:Q6R:L7I,S1W:Q6R:L7I,3,-4.051009420566956,-4.051009420566956,-4.051009420566956,-4.051009420566956,-4.841245154817909,-4.841245154817909,-4.841245154817909,-4.841245154817909,-4.1014096317960975,-4.1014096317960975,-4.1014096317960975,-4.1014096317960975,-4.393376177999914,-4.393376177999914,-4.393376177999914,-4.393376177999914,0.013737748377025127,-1.2952731671109652
S1W:Q6R:S8K,S1W:Q6R:S8K,3,-3.9898942742577237,-3.9898942742577237,-3.9898942742577237,-3.9898942742577237,-4.616456027780407,-4.616456027780407,-4.616456027780407,-4.616456027780407,-5.244096718069238,-5.244096718069238,-5.244096718069238,-5.244096718069238,-4.839452996367699,-4.839452996367699,-4.839452996367699,-4.839452996367699,0.5398828471079469,-3.7542431901762052
S1W:Q6R:Q9K,S1W:Q6R:Q9K,3,-4.718330742560241,-4.718330742560241,-4.718330742560241,-4.718330742560241,-5.705788999577694,-5.705788999577694,-5.705788999577694,-5.705788999577694,-5.2556817834159935,-5.2556817834159935,-5.2556817834159935,-5.2556817834159935,-4.522365993192178,-4.522365993192178,-4.522365993192178,-4.522365993192178,0.7809897426050156,-2.1394168384850634
S1W:Q6R:Q9R,S1W:Q6R:Q9R,3,-3.6196952485782967,-3.6196952485782967,-3.6196952485782967,-3.6196952485782967,-4.394709546011148,-4.394709546011148,-4.394709546011148,-4.394709546011148,-4.209360117700208,-4.209360117700208,-4.209360117700208,-4.209360117700208,-3.647637133588773,-3.647637133588773,-3.647637133588773,-3.647637133588773,0.6833311468362808,-2.354716120472722
S1W:Q6R:Q9A,S1W:Q6R:Q9A,3,-3.33423790201601,-3.33423790201601,-3.33423790201601,-3.33423790201601,-5.289269428236669,-5.289269428236669,-5.289269428236669,-5.289269428236669,-5.395202156070605,-5.395202156070605,-5.395202156070605,-5.395202156070605,-4.647150218666875,-4.647150218666875,-4.647150218666875,-4.647150218666875,0.7575516796205193,-2.8159735305069575
S1W:L7I:S8K,S1W:L7I:S8K,3,-4.449733432962165,-4.449733432962165,-4.449733432962165,-4.449733432962165,-3.944905927131091,-3.944905927131091,-3.944905927131091,-3.944905927131091,-4.108286454291553,-4.108286454291553,-4.108286454291553,-4.108286454291553,-4.417308109327317,-4.417308109327317,-4.417308109327317,-4.417308109327317,0.8996826612856239,-2.0713863469010545
S1W:L7I:S8T,S1W:L7I:S8T,3,-4.287612570284732,-4.287612570284732,-4.287612570284732,-4.287612570284732,-4.112783916894717,-4.112783916894717,-4.112783916894717,-4.112783916894717,-3.8258420649185445,-3.8258420649185445,-3.8258420649185445,-3.8258420649185445,-4.562200896064736,-4.562200896064736,-4.562200896064736,-4.562200896064736,0.9192143804393709,-1.0937175363224356
S1W:L7Q:S8L,S1W:L7Q:S8L,3,-1.8084836874872714,-1.8084836874872714,-1.8084836874872714,-1.8084836874872714,-2.8532853704118133,-2.8532853704118133,-2.8532853704118133,-2.8532853704118133,-2.2459124712326033,-2.2459124712326033,-2.2459124712326033,-2.2459124712326033,-3.1448126835459296,-3.1448126835459296,-3.1448126835459296,-3.1448126835459296,0.9538101307116449,-1.7103442038033698
S1W:L7V:S8K,S1W:L7V:S8K,3,-3.4387962049644893,-3.4387962049644893,-3.4387962049644893,-3.4387962049644893,-4.451635262232461,-4.451635262232461,-4.451635262232461,-4.451635262232461,-4.45664465794423,-4.45664465794423,-4.45664465794423,-4.45664465794423,-5.471680469233196,-5.471680469233196,-5.471680469233196,-5.471680469233196,0.7863063015975058,-3.025343964273879
S1W:L7V:S8R,S1W:L7V:S8R,3,-4.076584249279435,-4.076584249279435,-4.076584249279435,-4.076584249279435,-5.25289650603966,-5.25289650603966,-5.25289650603966,-5.25289650603966,-4.79390317870492,-4.79390317870492,-4.79390317870492,-4.79390317870492,-6.0824732578957885,-6.0824732578957885,-6.0824732578957885,-6.0824732578957885,0.8214633960742503,-3.84726146739116
S1W:L7Q:Q9K,S1W:L7Q:Q9K,3,-3.841076337855297,-3.841076337855297,-3.841076337855297,-3.841076337855297,-5.613743015601665,-5.613743015601665,-5.613743015601665,-5.613743015601665,-4.814983904014563,-4.814983904014563,-4.814983904014563,-4.814983904014563,-4.492860594249106,-4.492860594249106,-4.492860594249106,-4.492860594249106,0.9879492996260524,-2.4901206248941006
S1W:L7Q:Q9A,S1W:L7Q:Q9A,3,-3.0624584369130785,-3.0624584369130785,-3.0624584369130785,-3.0624584369130785,-5.667817766864612,-5.667817766864612,-5.667817766864612,-5.667817766864612,-5.1006386270247255,-5.1006386270247255,-5.1006386270247255,-5.1006386270247255,-4.765127191266807,-4.765127191266807,-4.765127191266807,-4.765127191266807,0.027012737933546305,-1.4562728084269732
S1W:L7V:Q9K,S1W:L7V:Q9K,3,-3.5306910416394106,-3.5306910416394106,-3.5306910416394106,-3.5306910416394106,-4.292383369044279,-4.292383369044279,-4.292383369044279,-4.292383369044279,-4.509465540178197,-4.509465540178197,-4.509465540178197,-4.509465540178197,-4.733797201284416,-4.733797201284416,-4.733797201284416,-4.733797201284416,0.763862143503502,-2.4057292346609507
S1W:L7V:Q9A,S1W:L7V:Q9A,3,-2.2977165300447933,-2.2977165300447933,-2.2977165300447933,-2.2977165300447933,-4.394990137862639,-4.394990137862639,-4.394990137862639,-4.394990137862639,-4.907835283773282,-4.907835283773282,-4.907835283773282,-4.907835283773282,-5.260280108138544,-5.260280108138544,-5.260280108138544,-5.260280108138544,0.7247987051960081,-2.3117859997201036
S1W:L7V:H10F,S1W:L7V:H10F,3,-3.946193392015231,-3.946193392015231,-3.946193392015231,-3.946193392015231,-4.416341507281118,-4.416341507281118,-4.416341507281118,-4.416341507281118,-4.3175059265501705,-4.3175059265501705,-4.3175059265501705,-4.3175059265501705,-4.874407979833987,-4.874407979833987,-4.874407979833987,-4.874407979833987,0.6556825449224561,-2.0123838107014023
S1W:L7V:H10Y,S1W:L7V:H10Y,3,-3.582556027901578,-3.582556027901578,-3.582556027901578,-3.582556027901578,-5.451831359634044,-5.451831359634044,-5.451831359634044,-5.451831359634044,-3.4245614624554603,-3.4245614624554603,-3.4245614624554603,-3.4245614624554603,-4.129265975708521,-4.129265975708521,-4.129265975708521,-4.129265975708521,0.6127127627842128,-2.1723817932102225
S1W:L7Q:A11S,S1W:L7Q:A11S,3,-4.127276925095148,-4.127276925095148,-4.127276925095148,-4.127276925095148,-4.425566820742986,-4.425566820742986,-4.425566820742986,-4.425566820742986,-3.6572653434306437,-3.6572653434306437,-3.6572653434306437,-3.6572653434306437,-4.688864979722794,-4.688864979722794,-4.688864979722794,-4.688864979722794,0.3259298100601882,-2.438875255061027
S1W:L7V:A11S,S1W:L7V:A11S,3,-4.100820505398988,-4.100820505398988,-4.100820505398988,-4.100820505398988,-5.129759719516594,-5.129759719516594,-5.129759719516594,-5.129759719516594,-4.329917307400932,-4.329917307400932,-4.329917307400932,-4.329917307400932,-5.753499627455345,-5.753499627455345,-5.753499627455345,-5.753499627455345,0.4146842351183295,-2.261326158018259
S1W:S8K:Q9K,S1W:S8K:Q9K,3,-3.5876642206258516,-3.5876642206258516,-3.5876642206258516,-3.5876642206258516,-3.6875558154659585,-3.6875558154659585,-3.6875558154659585,-3.6875558154659585,-3.9409351820695497,-3.9409351820695497,-3.9409351820695497,-3.9409351820695497,-3.989169523537523,-3.989169523537523,-3.989169523537523,-3.989169523537523,0.5872897673398256,-3.348106054737356
S1W:S8T:Q9R,S1W:S8T:Q9R,3,-4.075577707361918,-4.075577707361918,-4.075577707361918,-4.075577707361918,-4.016276381474407,-4.016276381474407,-4.016276381474407,-4.016276381474407,-4.211062650508468,-4.211062650508468,-4.211062650508468,-4.211062650508468,-4.150548661478137,-4.150548661478137,-4.150548661478137,-4.150548661478137,0.22634693561121821,-1.7831478632274689
S1W:S8R:H10F,S1W:S8R:H10F,3,-4.0856659033384695,-4.0856659033384695,-4.0856659033384695,-4.0856659033384695,-5.771679670605227,-5.771679670605227,-5.771679670605227,-5.771679670605227,-5.398149121976391,-5.398149121976391,-5.398149121976391,-5.398149121976391,-5.454106010698222,-5.454106010698222,-5.454106010698222,-5.454106010698222,0.7449031232390553,-1.9253765566493484
S1W:S8L:H10F,S1W:S8L:H10F,3,-3.5811032961314764,-3.5811032961314764,-3.5811032961314764,-3.5811032961314764,-3.540825948155393,-3.540825948155393,-3.540825948155393,-3.540825948155393,-3.9128545468677425,-3.9128545468677425,-3.9128545468677425,-3.9128545468677425,-3.2913342056116663,-3.2913342056116663,-3.2913342056116663,-3.2913342056116663,0.6834279901813716,-1.5540571142506185
S1W:S8L:H10Y,S1W:S8L:H10Y,3,-2.347864621589329,-2.347864621589329,-2.347864621589329,-2.347864621589329,-3.2283352357628967,-3.2283352357628967,-3.2283352357628967,-3.2283352357628967,-1.8976047317820481,-1.8976047317820481,-1.8976047317820481,-1.8976047317820481,-2.2662174574990046,-2.2662174574990046,-2.2662174574990046,-2.2662174574990046,0.6717089586891234,-2.103117178799135
S1W:S8C:H10F,S1W:S8C:H10F,3,-3.7246824725088414,-3.7246824725088414,-3.7246824725088414,-3.7246824725088414,-3.8235203614382365,-3.8235203614382365,-3.8235203614382365,-3.8235203614382365,-4.254522952338603,-4.254522952338603,-4.254522952338603,-4.254522952338603,-4.406552866666479,-4.406552866666479,-4.406552866666479,-4.406552866666479,0.7047987515106797,-2.497952258477555
S1W:S8L:A11S,S1W:S8L:A11S,3,-2.6253722514916173,-2.6253722514916173,-2.6253722514916173,-2.6253722514916173,-2.656233868736278,-2.656233868736278,-2.656233868736278,-2.656233868736278,-3.5548673442436023,-3.5548673442436023,-3.5548673442436023,-3.5548673442436023,-3.5613156501576304,-3.5613156501576304,-3.5613156501576304,-3.5613156501576304,0.7224703896790743,-2.712504632908727
S1W:S8T:A11S,S1W:S8T:A11S,3,-3.952781253403558,-3.952781253403558,-3.952781253403558,-3.952781253403558,-4.167540186037305,-4.167540186037305,-4.167540186037305,-4.167540186037305,-4.799092191243425,-4.799092191243425,-4.799092191243425,-4.799092191243425,-5.62754753326719,-5.62754753326719,-5.62754753326719,-5.62754753326719,0.714323166757822,-2.755092520362429
S1W:Q9K:H10Y,S1W:Q9K:H10Y,3,-4.162246097514018,-4.162246097514018,-4.162246097514018,-4.162246097514018,-4.871526566757429,-4.871526566757429,-4.871526566757429,-4.871526566757429,-3.153313614630092,-3.153313614630092,-3.153313614630092,-3.153313614630092,-2.304987218206696,-2.304987218206696,-2.304987218206696,-2.304987218206696,0.7753115519881248,-1.6703102957091704
S1W:Q9A:H10Y,S1W:Q9A:H10Y,3,-3.5889030800443678,-3.5889030800443678,-3.5889030800443678,-3.5889030800443678,-5.190052379087121,-5.190052379087121,-5.190052379087121,-5.190052379087121,-3.2822649039589185,-3.2822649039589185,-3.2822649039589185,-3.2822649039589185,-2.685485476381528,-2.685485476381528,-2.685485476381528,-2.685485476381528,0.5877037425525486,-2.9608290815793437
S1W:Q9K:A11S,S1W:Q9K:A11S,3,-4.227975226505527,-4.227975226505527,-4.227975226505527,-4.227975226505527,-5.114808636257106,-5.114808636257106,-5.114808636257106,-5.114808636257106,-5.49467407745945,-5.49467407745945,-5.49467407745945,-5.49467407745945,-5.198797271583206,-5.198797271583206,-5.198797271583206,-5.198797271583206,0.06472988659515977,-3.1316233961194886
S1W:Q9R:A11S,S1W:Q9R:A11S,3,-4.373278315408518,-4.373278315408518,-4.373278315408518,-4.373278315408518,-4.258840250759494,-4.258840250759494,-4.258840250759494,-4.258840250759494,-4.07995357683427,-4.07995357683427,-4.07995357683427,-4.07995357683427,-4.756191793993662,-4.756191793993662,-4.756191793993662,-4.756191793993662,0.8513427420984954,-3.0695609837023046
S1W:H10Y:A11S,S1W:H10Y:A11S,3,-3.9515529191135133,-3.9515529191135133,-3.9515529191135133,-3.9515529191135133,-4.361750674544231,-4.361750674544231,-4.361750674544231,-4.361750674544231,-3.06658534736075,-3.06658534736075,-3.06658534736075,-3.06658534736075,-3.5872741127478314,-3.5872741127478314,-3.5872741127478314,-3.5872741127478314,0.062270573573186994,-3.5039799215930607
F2A:Q3N:R4L,F2A:Q3N:R4L,3,-2.7002985411144858,-2.7002985411144858,-2.7002985411144858,-2.7002985411144858,-3.3459184421428025,-3.3459184421428025,-3.3459184421428025,-3.3459184421428025,-4.647574250287311,-4.647574250287311,-4.647574250287311,-4.647574250287311,-2.076994315953464,-2.076994315953464,-2.076994315953464,-2.076994315953464,0.4992968470323831,-3.5892203134411376
F2A:Q3G:R4C,F2A:Q3G:R4C,3,-1.3158997385049604,-1.3158997385049604,-1.3158997385049604,-1.3158997385049604,-2.7965014317987094,-2.7965014317987094,-2.7965014317987094,-2.7965014317987094,-3.00234049302902,-3.00234049302902,-3.00234049302902,-3.00234049302902,-2.1059547995289756,-2.1059547995289756,-2.1059547995289756,-2.1059547995289756,0.35626355721615255,-2.0536063875519255
F2Q:Q3N:R4A,F2Q:Q3N:R4A,3,-0.8919792999408351,-0.8919792999408351,-0.8919792999408351,-0.8919792999408351,-1.105407994450474,-1.105407994450474,-1.105407994450474,-1.105407994450474,-1.0824680398362145,-1.0824680398362145,-1.0824680398362145,-1.0824680398362145,-1.557863174110726,-1.557863174110726,-1.557863174110726,-1.557863174110726,0.4727920680306852,-2.397931066200698
F2Q:Q3N:R4C,F2Q:Q3N:R4C,3,-0.6203023696801868,-0.6203023696801868,-0.6203023696801868,-0.6203023696801868,-2.087843470244497,-2.087843470244497,-2.087843470244497,-2.087843470244497,-2.05765424290326,-2.05765424290326,-2.05765424290326,-2.05765424290326,-2.040490606767989,-2.040490606767989,-2.040490606767989,-2.040490606767989,0.4649793803691864,-1.3839278444523613
F2Q:Q3G:R4T,F2Q:Q3G:R4T,3,-0.40468226642098265,-0.40468226642098265,-0.40468226642098265,-0.40468226642098265,-0.30104550302503125,-0.30104550302503125,-0.30104550302503125,-0.30104550302503125,-1.285891373365355,-1.285891373365355,-1.285891373365355,-1.285891373365355,-1.6681338448220584,-1.6681338448220584,-1.6681338448220584,-1.6681338448220584,0.20604240475222468,-0.8079213899441422
F2Q:Q3G:R4A,F2Q:Q3G:R4A,3,-0.32544624592209664,-0.32544624592209664,-0.32544624592209664,-0.32544624592209664,-0.49594642799076766,-0.49594642799076766,-0.49594642799076766,-0.49594642799076766,-1.076849655990086,-1.076849655990086,-1.076849655990086,-1.076849655990086,-2.423310407014939,-2.423310407014939,-2.423310407014939,-2.423310407014939,0.16307262261398137,-0.9509281671023271
F2Q:Q3G:R4H,F2Q:Q3G:R4H,3,0.1928790360960173,0.1928790360960173,0.1928790360960173,0.1928790360960173,-0.5961942259400366,-0.5961942259400366,-0.5961942259400366,-0.5961942259400366,-1.2727143697754624,-1.2727143697754624,-1.2727143697754624,-1.2727143697754624,-1.7249557965676918,-1.7249557965676918,-1.7249557965676918,-1.7249557965676918,0.12791552813723683,-1.3840958067964317
F2W:Q3N:R4Q,F2W:Q3N:R4Q,3,-0.425754087682241,-0.425754087682241,-0.425754087682241,-0.425754087682241,-0.5101549657494857,-0.5101549657494857,-0.5101549657494857,-0.5101549657494857,-0.5319614927680869,-0.5319614927680869,-0.5319614927680869,-0.5319614927680869,-0.7272065221674378,-0.7272065221674378,-0.7272065221674378,-0.7272065221674378,0.35772028006613255,-1.3358985486848365
F2A:Q3N:A5M,F2A:Q3N:A5M,3,-5.415032650001439,-5.415032650001439,-5.415032650001439,-5.415032650001439,-5.259971516753149,-5.259971516753149,-5.259971516753149,-5.259971516753149,-5.441313384593572,-5.441313384593572,-5.441313384593572,-5.441313384593572,-3.701869455125168,-3.701869455125168,-3.701869455125168,-3.701869455125168,0.6665359740145504,-2.3623094852034754
F2Q:Q3N:A5I,F2Q:Q3N:A5I,3,-0.9136883505429367,-0.9136883505429367,-0.9136883505429367,-0.9136883505429367,-0.9986240030253513,-0.9986240030253513,-0.9986240030253513,-0.9986240030253513,-3.069813772697077,-3.069813772697077,-3.069813772697077,-3.069813772697077,-2.228341526874404,-2.228341526874404,-2.228341526874404,-2.228341526874404,0.03543888917192817,-2.439128211923577
F2Q:Q3G:A5M,F2Q:Q3G:A5M,3,-0.8156945689000061,-0.8156945689000061,-0.8156945689000061,-0.8156945689000061,-0.8338350427901295,-0.8338350427901295,-0.8338350427901295,-0.8338350427901295,-1.3942397697657334,-1.3942397697657334,-1.3942397697657334,-1.3942397697657334,-0.908446283109992,-0.908446283109992,-0.908446283109992,-0.908446283109992,0.009743404807522893,-1.278446550769217
F2W:Q3N:A5I,F2W:Q3N:A5I,3,-0.6378332061952243,-0.6378332061952243,-0.6378332061952243,-0.6378332061952243,-0.26031706365506313,-0.26031706365506313,-0.26031706365506313,-0.26031706365506313,-0.2814988417606703,-0.2814988417606703,-0.2814988417606703,-0.2814988417606703,-0.5077271467586219,-0.5077271467586219,-0.5077271467586219,-0.5077271467586219,0.9170383019372821,-2.5608552228519703
F2A:Q3G:L7I,F2A:Q3G:L7I,3,-1.7071779192534033,-1.7071779192534033,-1.7071779192534033,-1.7071779192534033,-3.2804186208072705,-3.2804186208072705,-3.2804186208072705,-3.2804186208072705,-4.0363761014738095,-4.0363761014738095,-4.0363761014738095,-4.0363761014738095,-4.4065435628161165,-4.4065435628161165,-4.4065435628161165,-4.4065435628161165,0.7900293413549662,-3.7095999768658157
F2A:Q3G:L7Q,F2A:Q3G:L7Q,3,-2.882411358227017,-2.882411358227017,-2.882411358227017,-2.882411358227017,-5.456915853127565,-5.456915853127565,-5.456915853127565,-5.456915853127565,-5.083593261783966,-5.083593261783966,-5.083593261783966,-5.083593261783966,-5.338761934687353,-5.338761934687353,-5.338761934687353,-5.338761934687353,0.6962770894169807,-3.3081942881030155
F2A:Q3G:L7V,F2A:Q3G:L7V,3,-2.5914719300377023,-2.5914719300377023,-2.5914719300377023,-2.5914719300377023,-4.907246800304839,-4.907246800304839,-4.907246800304839,-4.907246800304839,-5.1587113895445444,-5.1587113895445444,-5.1587113895445444,-5.1587113895445444,-4.678746326394744,-4.678746326394744,-4.678746326394744,-4.678746326394744,0.7236214962322265,-2.401115237337851
F2Q:Q3N:L7Q,F2Q:Q3N:L7Q,3,0.14130898843177664,0.14130898843177664,0.14130898843177664,0.14130898843177664,-0.410610087784111,-0.410610087784111,-0.410610087784111,-0.410610087784111,-1.2634907517970666,-1.2634907517970666,-1.2634907517970666,-1.2634907517970666,-1.2104452799960064,-1.2104452799960064,-1.2104452799960064,-1.2104452799960064,0.45702354214154184,-1.3739653483075578
F2Q:Q3G:L7Q,F2Q:Q3G:L7Q,3,-0.3887259207210329,-0.3887259207210329,-0.3887259207210329,-0.3887259207210329,-0.5832865118830437,-0.5832865118830437,-0.5832865118830437,-0.5832865118830437,-0.6863022019565727,-0.6863022019565727,-0.6863022019565727,-0.6863022019565727,-1.2980483581018172,-1.2980483581018172,-1.2980483581018172,-1.2980483581018172,0.7551977150142193,-2.0284033591300603
F2W:Q3N:L7V,F2W:Q3N:L7V,3,-0.8726780406807837,-0.8726780406807837,-0.8726780406807837,-0.8726780406807837,-0.7480035802989942,-0.7480035802989942,-0.7480035802989942,-0.7480035802989942,-0.9226718588268832,-0.9226718588268832,-0.9226718588268832,-0.9226718588268832,-1.798908419076456,-1.798908419076456,-1.798908419076456,-1.798908419076456,0.06609467137604952,-2.743816726226506
F2W:Q3G:L7V,F2W:Q3G:L7V,3,-1.161237980395231,-1.161237980395231,-1.161237980395231,-1.161237980395231,-0.9656307991733706,-0.9656307991733706,-0.9656307991733706,-0.9656307991733706,-0.5505198059165857,-0.5505198059165857,-0.5505198059165857,-0.5505198059165857,-1.5064890121648555,-1.5064890121648555,-1.5064890121648555,-1.5064890121648555,0.752380172489211,-2.722372202905223
F2A:Q3N:S8R,F2A:Q3N:S8R,3,-2.3469315662446406,-2.3469315662446406,-2.3469315662446406,-2.3469315662446406,-2.6384249259493293,-2.6384249259493293,-2.6384249259493293,-2.6384249259493293,-3.456491757058246,-3.456491757058246,-3.456491757058246,-3.456491757058246,-3.4394625538644736,-3.4394625538644736,-3.4394625538644736,-3.4394625538644736,0.29430362302809954,-3.248311306249227
F2Q:Q3N:S8L,F2Q:Q3N:S8L,3,-0.0057235169961655785,-0.0057235169961655785,-0.0057235169961655785,-0.0057235169961655785,-1.3090466905484077,-1.3090466905484077,-1.3090466905484077,-1.3090466905484077,-1.120427082016414,-1.120427082016414,-1.120427082016414,-1.120427082016414,-1.06670209176641,-1.06670209176641,-1.06670209176641,-1.06670209176641,0.21704039489850402,-0.9051362439125237
F2Q:Q3N:S8C,F2Q:Q3N:S8C,3,-0.64409712820788,-0.64409712820788,-0.64409712820788,-0.64409712820788,-1.2435357946024213,-1.2435357946024213,-1.2435357946024213,-1.2435357946024213,-1.257409844317115,-1.257409844317115,-1.257409844317115,-1.257409844317115,-0.9416108129968667,-0.9416108129968667,-0.9416108129968667,-0.9416108129968667,0.26001017703674734,-1.4906253794825977
F2Q:Q3G:S8K,F2Q:Q3G:S8K,3,-0.27938170323009137,-0.27938170323009137,-0.27938170323009137,-0.27938170323009137,-0.1068369222637055,-0.1068369222637055,-0.1068369222637055,-0.1068369222637055,-0.8243806912811976,-0.8243806912811976,-0.8243806912811976,-0.8243806912811976,-1.1635966702144105,-1.1635966702144105,-1.1635966702144105,-1.1635966702144105,0.6411878876388073,-1.3812863176220946
F2W:Q3N:S8T,F2W:Q3N:S8T,3,-1.250429768034499,-1.250429768034499,-1.250429768034499,-1.250429768034499,-0.9504814769005079,-0.9504814769005079,-0.9504814769005079,-0.9504814769005079,-0.7067012432322928,-0.7067012432322928,-0.7067012432322928,-0.7067012432322928,-1.1008855793605794,-1.1008855793605794,-1.1008855793605794,-1.1008855793605794,0.6332073472440243,-1.9209466120857153
F2A:Q3N:Q9A,F2A:Q3N:Q9A,3,-2.51597620589635,-2.51597620589635,-2.51597620589635,-2.51597620589635,-3.954354892907437,-3.954354892907437,-3.954354892907437,-3.954354892907437,-4.29466353923322,-4.29466353923322,-4.29466353923322,-4.29466353923322,-4.636142184819745,-4.636142184819745,-4.636142184819745,-4.636142184819745,0.26596531132236123,-4.806553593333464
F2A:Q3N:H10F,F2A:Q3N:H10F,3,-3.790903400633982,-3.790903400633982,-3.790903400633982,-3.790903400633982,-3.7865718903501144,-3.7865718903501144,-3.7865718903501144,-3.7865718903501144,-4.767792549775232,-4.767792549775232,-4.767792549775232,-4.767792549775232,-3.7798931337385775,-3.7798931337385775,-3.7798931337385775,-3.7798931337385775,0.6884113028645515,-1.732470084922685
F2A:Q3G:H10Y,F2A:Q3G:H10Y,3,-1.7263864973812335,-1.7263864973812335,-1.7263864973812335,-1.7263864973812335,-4.187620174532058,-4.187620174532058,-4.187620174532058,-4.187620174532058,-4.159024857735913,-4.159024857735913,-4.159024857735913,-4.159024857735913,-2.136406160458543,-2.136406160458543,-2.136406160458543,-2.136406160458543,0.010574467480182648,-2.366921482233284
F2Q:Q3N:H10F,F2Q:Q3N:H10F,3,-1.6756952147468307,-1.6756952147468307,-1.6756952147468307,-1.6756952147468307,-1.298821661634545,-1.298821661634545,-1.298821661634545,-1.298821661634545,-1.161923374407165,-1.161923374407165,-1.161923374407165,-1.161923374407165,-0.8305471059207947,-0.8305471059207947,-0.8305471059207947,-0.8305471059207947,0.040176961570978165,-2.5958486182512583
F2A:Q3N:A11S,F2A:Q3N:A11S,3,-3.8978526475973494,-3.8978526475973494,-3.8978526475973494,-3.8978526475973494,-4.29539136187677,-4.29539136187677,-4.29539136187677,-4.29539136187677,-4.291837560428292,-4.291837560428292,-4.291837560428292,-4.291837560428292,-3.312593388056223,-3.312593388056223,-3.312593388056223,-3.312593388056223,0.6363664127420634,-3.4043137140406623
F2Q:Q3G:A11S,F2Q:Q3G:A11S,3,-0.5180648222907109,-0.5180648222907109,-0.5180648222907109,-0.5180648222907109,-1.0759886380972146,-1.0759886380972146,-1.0759886380972146,-1.0759886380972146,-1.7985515730384851,-1.7985515730384851,-1.7985515730384851,-1.7985515730384851,-1.7396148489333845,-1.7396148489333845,-1.7396148489333845,-1.7396148489333845,0.6903428048826754,-1.0958033206417115
F2Q:R4Q:A5M,F2Q:R4Q:A5M,3,-1.844261479740126,-1.844261479740126,-1.844261479740126,-1.844261479740126,-2.2125329202754624,-2.2125329202754624,-2.2125329202754624,-2.2125329202754624,-2.3006986324130336,-2.3006986324130336,-2.3006986324130336,-2.3006986324130336,-1.8743344234189432,-1.8743344234189432,-1.8743344234189432,-1.8743344234189432,0.3697220378089696,-0.6238353500674032
F2Q:R4L:A5I,F2Q:R4L:A5I,3,-1.070402729211557,-1.070402729211557,-1.070402729211557,-1.070402729211557,-0.832147144279346,-0.832147144279346,-0.832147144279346,-0.832147144279346,-2.6548079993174634,-2.6548079993174634,-2.6548079993174634,-2.6548079993174634,-1.2519837707605321,-1.2519837707605321,-1.2519837707605321,-1.2519837707605321,0.12830246845260262,-1.9259679110149048
F2Q:R4H:A5M,F2Q:R4H:A5M,3,-1.019225601075262,-1.019225601075262,-1.019225601075262,-1.019225601075262,-1.0288250169185205,-1.0288250169185205,-1.0288250169185205,-1.0288250169185205,-1.4687755759560908,-1.4687755759560908,-1.4687755759560908,-1.4687755759560908,-0.7190413218059255,-0.7190413218059255,-0.7190413218059255,-0.7190413218059255,0.4974615559913218,-1.111780890867596
F2W:R4T:A5I,F2W:R4T:A5I,3,-1.4301911357997525,-1.4301911357997525,-1.4301911357997525,-1.4301911357997525,-0.5177885108334088,-0.5177885108334088,-0.5177885108334088,-0.5177885108334088,-0.7032659667239637,-0.7032659667239637,-0.7032659667239637,-0.7032659667239637,-0.36123995242053164,-0.36123995242053164,-0.36123995242053164,-0.36123995242053164,0.7394488723948598,-0.9179011735821128
F2W:R4Q:A5M,F2W:R4Q:A5M,3,-1.3452379521929574,-1.3452379521929574,-1.3452379521929574,-1.3452379521929574,-1.5159650974542123,-1.5159650974542123,-1.5159650974542123,-1.5159650974542123,-2.0089948252570187,-2.0089948252570187,-2.0089948252570187,-2.0089948252570187,-1.8694366788521477,-1.8694366788521477,-1.8694366788521477,-1.8694366788521477,0.13770151301287115,-0.050700446656367415
F2W:R4H:A5M,F2W:R4H:A5M,3,-1.5894077884822566,-1.5894077884822566,-1.5894077884822566,-1.5894077884822566,-1.473386523060211,-1.473386523060211,-1.473386523060211,-1.473386523060211,-2.018468073262522,-2.018468073262522,-2.018468073262522,-2.018468073262522,-1.0137568957737226,-1.0137568957737226,-1.0137568957737226,-1.0137568957737226,0.199040406383574,-1.4939431251819584
F2W:R4P:A5I,F2W:R4P:A5I,3,-2.3086558047329535,-2.3086558047329535,-2.3086558047329535,-2.3086558047329535,-2.983921251246899,-2.983921251246899,-2.983921251246899,-2.983921251246899,-2.5686965672536552,-2.5686965672536552,-2.5686965672536552,-2.5686965672536552,-2.014028789706411,-2.014028789706411,-2.014028789706411,-2.014028789706411,0.3984193056821823,-0.770159148569789
F2A:R4T:Q6R,F2A:R4T:Q6R,3,-3.187752093318192,-3.187752093318192,-3.187752093318192,-3.187752093318192,-3.7022586686992254,-3.7022586686992254,-3.7022586686992254,-3.7022586686992254,-4.731403597154173,-4.731403597154173,-4.731403597154173,-4.731403597154173,-4.26550534342943,-4.26550534342943,-4.26550534342943,-4.26550534342943,0.9864389672875404,-1.8825262469191315
F2A:R4Q:Q6R,F2A:R4Q:Q6R,3,-3.3320518783804873,-3.3320518783804873,-3.3320518783804873,-3.3320518783804873,-4.062974264583033,-4.062974264583033,-4.062974264583033,-4.062974264583033,-3.6151832041732854,-3.6151832041732854,-3.6151832041732854,-3.6151832041732854,-3.8609271183683957,-3.8609271183683957,-3.8609271183683957,-3.8609271183683957,0.8462258966173977,-3.2194522035481743
F2A:R4L:Q6R,F2A:R4L:Q6R,3,-3.3253514981060954,-3.3253514981060954,-3.3253514981060954,-3.3253514981060954,-4.040434658308094,-4.040434658308094,-4.040434658308094,-4.040434658308094,-4.364807415646447,-4.364807415646447,-4.364807415646447,-4.364807415646447,-1.945244410920433,-1.945244410920433,-1.945244410920433,-1.945244410920433,0.18765918351709843,-3.8740638618858245
F2Q:R4T:Q6R,F2Q:R4T:Q6R,3,-0.9213384007983332,-0.9213384007983332,-0.9213384007983332,-0.9213384007983332,-1.103603159268566,-1.103603159268566,-1.103603159268566,-1.103603159268566,-1.0992297215447375,-1.0992297215447375,-1.0992297215447375,-1.0992297215447375,-1.8124392667648586,-1.8124392667648586,-1.8124392667648586,-1.8124392667648586,0.3126639239490032,-1.6156555904138625
F2Q:R4Q:Q6R,F2Q:R4Q:Q6R,3,-1.5327196915329804,-1.5327196915329804,-1.5327196915329804,-1.5327196915329804,-2.1964657271211294,-2.1964657271211294,-2.1964657271211294,-2.1964657271211294,-1.6488585224980752,-1.6488585224980752,-1.6488585224980752,-1.6488585224980752,-2.405779817702484,-2.405779817702484,-2.405779817702484,-2.405779817702484,0.41761669307015836,-2.630322321666109
F2Q:R4C:Q6R,F2Q:R4C:Q6R,3,-0.9543321646255819,-0.9543321646255819,-0.9543321646255819,-0.9543321646255819,-1.8612654439869547,-1.8612654439869547,-1.8612654439869547,-1.8612654439869547,-1.7441551281543832,-1.7441551281543832,-1.7441551281543832,-1.7441551281543832,-2.1203613712008735,-2.1203613712008735,-2.1203613712008735,-2.1203613712008735,0.24917829153127968,-2.4446161462824256
F2W:R4T:Q6R,F2W:R4T:Q6R,3,-2.2179339571266694,-2.2179339571266694,-2.2179339571266694,-2.2179339571266694,-1.4112933965475982,-1.4112933965475982,-1.4112933965475982,-1.4112933965475982,-2.269761078435275,-2.269761078435275,-2.269761078435275,-2.269761078435275,-1.7832144546089295,-1.7832144546089295,-1.7832144546089295,-1.7832144546089295,0.6544593409635127,-1.9321013299079275
F2W:R4A:Q6R,F2W:R4A:Q6R,3,-2.5226046512145666,-2.5226046512145666,-2.5226046512145666,-2.5226046512145666,-2.0715497355740404,-2.0715497355740404,-2.0715497355740404,-2.0715497355740404,-2.614224494580061,-2.614224494580061,-2.614224494580061,-2.614224494580061,-1.6522596981233646,-1.6522596981233646,-1.6522596981233646,-1.6522596981233646,0.6112005116883665,-3.3307710621271642
F2A:R4Q:L7I,F2A:R4Q:L7I,3,-2.7735236348538264,-2.7735236348538264,-2.7735236348538264,-2.7735236348538264,-3.2041985060735043,-3.2041985060735043,-3.2041985060735043,-3.2041985060735043,-3.720009523328301,-3.720009523328301,-3.720009523328301,-3.720009523328301,-4.062647220522418,-4.062647220522418,-4.062647220522418,-4.062647220522418,0.5848355889320374,-4.373780144265519
F2A:R4Q:L7V,F2A:R4Q:L7V,3,-3.592622735987243,-3.592622735987243,-3.592622735987243,-3.592622735987243,-4.9795917191290755,-4.9795917191290755,-4.9795917191290755,-4.9795917191290755,-4.926543440087408,-4.926543440087408,-4.926543440087408,-4.926543440087408,-4.363729917188486,-4.363729917188486,-4.363729917188486,-4.363729917188486,0.7059322476852685,-3.12506206835324
F2A:R4A:L7V,F2A:R4A:L7V,3,-3.4557221373714695,-3.4557221373714695,-3.4557221373714695,-3.4557221373714695,-4.902015400870049,-4.902015400870049,-4.902015400870049,-4.902015400870049,-4.990653918282888,-4.990653918282888,-4.990653918282888,-4.990653918282888,-4.80002694110238,-4.80002694110238,-4.80002694110238,-4.80002694110238,0.3898665450979024,-2.000251643357799
F2Q:R4T:L7Q,F2Q:R4T:L7Q,3,-0.34695470086677105,-0.34695470086677105,-0.34695470086677105,-0.34695470086677105,-0.4334462137231203,-0.4334462137231203,-0.4334462137231203,-0.4334462137231203,-0.16037524128945035,-0.16037524128945035,-0.16037524128945035,-0.16037524128945035,-0.4397125889553304,-0.4397125889553304,-0.4397125889553304,-0.4397125889553304,0.8923043280374259,-1.583327928664377
F2Q:R4Q:L7Q,F2Q:R4Q:L7Q,3,-1.4359023170116463,-1.4359023170116463,-1.4359023170116463,-1.4359023170116463,-1.8860220452880199,-1.8860220452880199,-1.8860220452880199,-1.8860220452880199,-1.4802015040445338,-1.4802015040445338,-1.4802015040445338,-1.4802015040445338,-1.3501518841459865,-1.3501518841459865,-1.3501518841459865,-1.3501518841459865,0.11021722666919231,-2.4409733598949486
F2Q:R4L:L7V,F2Q:R4L:L7V,3,-0.5733163443558829,-0.5733163443558829,-0.5733163443558829,-0.5733163443558829,-0.8253653241151551,-0.8253653241151551,-0.8253653241151551,-0.8253653241151551,-2.0288757238720185,-2.0288757238720185,-2.0288757238720185,-2.0288757238720185,-2.6157932325458244,-2.6157932325458244,-2.6157932325458244,-2.6157932325458244,0.04307974362745881,-1.4335860668085003
F2Q:R4A:L7Q,F2Q:R4A:L7Q,3,-1.1291917203648962,-1.1291917203648962,-1.1291917203648962,-1.1291917203648962,-1.2859940713427895,-1.2859940713427895,-1.2859940713427895,-1.2859940713427895,-1.368568197705826,-1.368568197705826,-1.368568197705826,-1.368568197705826,-1.2409220832372385,-1.2409220832372385,-1.2409220832372385,-1.2409220832372385,0.4262829292565584,-1.626948109791582
F2W:R4T:L7V,F2W:R4T:L7V,3,-2.2402827033781243,-2.2402827033781243,-2.2402827033781243,-2.2402827033781243,-1.4942763328781212,-1.4942763328781212,-1.4942763328781212,-1.4942763328781212,-1.8420177177599668,-1.8420177177599668,-1.8420177177599668,-1.8420177177599668,-2.353268789440635,-2.353268789440635,-2.353268789440635,-2.353268789440635,0.5133772781118751,-3.355798254117098
F2W:R4Q:L7Q,F2W:R4Q:L7Q,3,-3.6020975642895436,-3.6020975642895436,-3.6020975642895436,-3.6020975642895436,-4.088179961370272,-4.088179961370272,-4.088179961370272,-4.088179961370272,-3.7636809450646096,-3.7636809450646096,-3.7636809450646096,-3.7636809450646096,-2.4319950616661163,-2.4319950616661163,-2.4319950616661163,-2.4319950616661163,0.13385937688872218,-1.4713242478601942
F2W:R4A:L7Q,F2W:R4A:L7Q,3,-5.0462396740283015,-5.0462396740283015,-5.0462396740283015,-5.0462396740283015,-5.137822580872696,-5.137822580872696,-5.137822580872696,-5.137822580872696,-5.169373161595916,-5.169373161595916,-5.169373161595916,-5.169373161595916,-3.115960555791606,-3.115960555791606,-3.115960555791606,-3.115960555791606,0.6950909192673862,-2.936270419505984
F2W:R4H:L7V,F2W:R4H:L7V,3,-0.8542936619087648,-0.8542936619087648,-0.8542936619087648,-0.8542936619087648,-0.9585950844530058,-0.9585950844530058,-0.9585950844530058,-0.9585950844530058,-1.9004127828378583,-1.9004127828378583,-1.9004127828378583,-1.9004127828378583,-1.3488264920024158,-1.3488264920024158,-1.3488264920024158,-1.3488264920024158,0.20681290701031685,-3.7094808596506565
F2W:R4C:L7Q,F2W:R4C:L7Q,3,-4.657369647891374,-4.657369647891374,-4.657369647891374,-4.657369647891374,-4.425017452301455,-4.425017452301455,-4.425017452301455,-4.425017452301455,-5.632676906299616,-5.632676906299616,-5.632676906299616,-5.632676906299616,-3.309873443771126,-3.309873443771126,-3.309873443771126,-3.309873443771126,0.21232768800109625,-5.471014484081239
F2W:R4P:L7I,F2W:R4P:L7I,3,-3.1181875848714613,-3.1181875848714613,-3.1181875848714613,-3.1181875848714613,-2.067218046558735,-2.067218046558735,-2.067218046558735,-2.067218046558735,-2.2235432258440513,-2.2235432258440513,-2.2235432258440513,-2.2235432258440513,-2.5751865121856747,-2.5751865121856747,-2.5751865121856747,-2.5751865121856747,0.3468020756263286,-0.6716181801975915
F2W:R4P:L7V,F2W:R4P:L7V,3,-3.1187473723113253,-3.1187473723113253,-3.1187473723113253,-3.1187473723113253,-1.3445315305091732,-1.3445315305091732,-1.3445315305091732,-1.3445315305091732,-2.0566936863645813,-2.0566936863645813,-2.0566936863645813,-2.0566936863645813,-2.714564649763772,-2.714564649763772,-2.714564649763772,-2.714564649763772,0.2882069181650877,-1.976330471386646
F2A:R4Q:S8K,F2A:R4Q:S8K,3,-2.0356709697719975,-2.0356709697719975,-2.0356709697719975,-2.0356709697719975,-2.3836254463218607,-2.3836254463218607,-2.3836254463218607,-2.3836254463218607,-2.5069522731077805,-2.5069522731077805,-2.5069522731077805,-2.5069522731077805,-3.1091379882750725,-3.1091379882750725,-3.1091379882750725,-3.1091379882750725,0.8201631736010313,-1.996402703761393
F2A:R4A:S8R,F2A:R4A:S8R,3,-2.2424426214036948,-2.2424426214036948,-2.2424426214036948,-2.2424426214036948,-3.347047109902947,-3.347047109902947,-3.347047109902947,-3.347047109902947,-3.180979336476439,-3.180979336476439,-3.180979336476439,-3.180979336476439,-3.952774527555647,-3.952774527555647,-3.952774527555647,-3.952774527555647,0.6790159761440009,-1.7058445475036512
F2A:R4C:S8C,F2A:R4C:S8C,3,-1.6947152650771382,-1.6947152650771382,-1.6947152650771382,-1.6947152650771382,-2.4928809625223414,-2.4928809625223414,-2.4928809625223414,-2.4928809625223414,-1.7871583210891329,-1.7871583210891329,-1.7871583210891329,-1.7871583210891329,-1.434238899515814,-1.434238899515814,-1.434238899515814,-1.434238899515814,0.7739278892986476,-3.6502289176884832
F2A:R4C:S8T,F2A:R4C:S8T,3,-1.4403241032998721,-1.4403241032998721,-1.4403241032998721,-1.4403241032998721,-2.5377804589532182,-2.5377804589532182,-2.5377804589532182,-2.5377804589532182,-3.403515372967893,-3.403515372967893,-3.403515372967893,-3.403515372967893,-2.7130815615004438,-2.7130815615004438,-2.7130815615004438,-2.7130815615004438,0.8481484220828861,-1.3275921184323751
F2A:R4P:S8T,F2A:R4P:S8T,3,-2.609414557593122,-2.609414557593122,-2.609414557593122,-2.609414557593122,-3.5578180745289365,-3.5578180745289365,-3.5578180745289365,-3.5578180745289365,-4.8952304873922845,-4.8952304873922845,-4.8952304873922845,-4.8952304873922845,-5.06355940372342,-5.06355940372342,-5.06355940372342,-5.06355940372342,0.5493247355334461,-3.5902068699160936
F2Q:R4T:S8T,F2Q:R4T:S8T,3,-0.8779120569729548,-0.8779120569729548,-0.8779120569729548,-0.8779120569729548,-0.9798459806703397,-0.9798459806703397,-0.9798459806703397,-0.9798459806703397,-0.7483307346162262,-0.7483307346162262,-0.7483307346162262,-0.7483307346162262,-1.2769716641033004,-1.2769716641033004,-1.2769716641033004,-1.2769716641033004,0.4970449456013739,-3.2560010715765104
F2Q:R4L:S8R,F2Q:R4L:S8R,3,-1.2175801572944664,-1.2175801572944664,-1.2175801572944664,-1.2175801572944664,-1.276457986187491,-1.276457986187491,-1.276457986187491,-1.276457986187491,-1.0853208481370555,-1.0853208481370555,-1.0853208481370555,-1.0853208481370555,-1.4482782120324837,-1.4482782120324837,-1.4482782120324837,-1.4482782120324837,0.8969965018332005,-2.087974637014659
F2Q:R4L:S8L,F2Q:R4L:S8L,3,-1.0970216872070364,-1.0970216872070364,-1.0970216872070364,-1.0970216872070364,-1.7942949969972224,-1.7942949969972224,-1.7942949969972224,-1.7942949969972224,-1.8265675033956943,-1.8265675033956943,-1.8265675033956943,-1.8265675033956943,-2.0041671520497593,-2.0041671520497593,-2.0041671520497593,-2.0041671520497593,0.8891838141717017,-2.600234519475265
F2Q:R4A:S8K,F2Q:R4A:S8K,3,-0.9709574810533277,-0.9709574810533277,-0.9709574810533277,-0.9709574810533277,-0.7855470102281741,-0.7855470102281741,-0.7855470102281741,-0.7855470102281741,-0.9190326556560187,-0.9190326556560187,-0.9190326556560187,-0.9190326556560187,-1.6691126382294137,-1.6691126382294137,-1.6691126382294137,-1.6691126382294137,0.567858261987567,-1.434988676211608
F2Q:R4A:S8L,F2Q:R4A:S8L,3,-0.5429199384608616,-0.5429199384608616,-0.5429199384608616,-0.5429199384608616,-1.31552086645351,-1.31552086645351,-1.31552086645351,-1.31552086645351,-1.2900805353005547,-1.2900805353005547,-1.2900805353005547,-1.2900805353005547,-1.9935735111702841,-1.9935735111702841,-1.9935735111702841,-1.9935735111702841,0.5952026688028127,-1.8811684841027159
F2Q:R4A:S8C,F2Q:R4A:S8C,3,-0.5585550078444054,-0.5585550078444054,-0.5585550078444054,-0.5585550078444054,-1.9359371759410027,-1.9359371759410027,-1.9359371759410027,-1.9359371759410027,-1.5783008820429762,-1.5783008820429762,-1.5783008820429762,-1.5783008820429762,-1.9520362719145494,-1.9520362719145494,-1.9520362719145494,-1.9520362719145494,0.5366075113415718,-1.9010131849878584
F2Q:R4H:S8R,F2Q:R4H:S8R,3,-0.7164732422328564,-0.7164732422328564,-0.7164732422328564,-0.7164732422328564,-1.048967356003614,-1.048967356003614,-1.048967356003614,-1.048967356003614,-1.0845098960943913,-1.0845098960943913,-1.0845098960943913,-1.0845098960943913,-1.268330038018476,-1.268330038018476,-1.268330038018476,-1.268330038018476,0.4530911324545741,-3.5234982228910283
F2Q:R4C:S8K,F2Q:R4C:S8K,3,-0.16727231381961438,-0.16727231381961438,-0.16727231381961438,-0.16727231381961438,-0.4518977737130333,-0.4518977737130333,-0.4518977737130333,-0.4518977737130333,-1.5242230193944308,-1.5242230193944308,-1.5242230193944308,-1.5242230193944308,-1.290153083788159,-1.290153083788159,-1.290153083788159,-1.290153083788159,0.4552548578940332,-0.6861310396833598
F2W:R4T:S8R,F2W:R4T:S8R,3,-2.3503610675394873,-2.3503610675394873,-2.3503610675394873,-2.3503610675394873,-1.6273347532110565,-1.6273347532110565,-1.6273347532110565,-1.6273347532110565,-1.728442944427174,-1.728442944427174,-1.728442944427174,-1.728442944427174,-1.4369025458512623,-1.4369025458512623,-1.4369025458512623,-1.4369025458512623,0.8069179081358016,-1.8535749286091063
F2W:R4T:S8T,F2W:R4T:S8T,3,-1.594130463394405,-1.594130463394405,-1.594130463394405,-1.594130463394405,-1.0035403641511929,-1.0035403641511929,-1.0035403641511929,-1.0035403641511929,-1.5630393966608045,-1.5630393966608045,-1.5630393966608045,-1.5630393966608045,-1.5665827658456475,-1.5665827658456475,-1.5665827658456475,-1.5665827658456475,0.7834798451513052,-2.7185030940223878
F2W:R4Q:S8C,F2W:R4Q:S8C,3,-0.8744227671146736,-0.8744227671146736,-0.8744227671146736,-0.8744227671146736,-1.00344313584689,-1.00344313584689,-1.00344313584689,-1.00344313584689,-1.043292703773259,-1.043292703773259,-1.043292703773259,-1.043292703773259,-1.1329866984506873,-1.1329866984506873,-1.1329866984506873,-1.1329866984506873,0.08530736016109586,-2.15716309019301
F2W:R4L:S8R,F2W:R4L:S8R,3,-3.7180572120039628,-3.7180572120039628,-3.7180572120039628,-3.7180572120039628,-3.564754475585319,-3.564754475585319,-3.564754475585319,-3.564754475585319,-2.1598648395226876,-2.1598648395226876,-2.1598648395226876,-2.1598648395226876,-1.9641759837215007,-1.9641759837215007,-1.9641759837215007,-1.9641759837215007,0.1438888688571751,-1.8491258575368776
F2W:R4L:S8L,F2W:R4L:S8L,3,-4.416783518319933,-4.416783518319933,-4.416783518319933,-4.416783518319933,-3.7123190665197687,-3.7123190665197687,-3.7123190665197687,-3.7123190665197687,-3.0964689597368427,-3.0964689597368427,-3.0964689597368427,-3.0964689597368427,-3.2626211488667236,-3.2626211488667236,-3.2626211488667236,-3.2626211488667236,0.08920005522668362,-3.4921973998286377
F2W:R4H:S8L,F2W:R4H:S8L,3,-1.8163654709065329,-1.8163654709065329,-1.8163654709065329,-1.8163654709065329,-1.3603774729582438,-1.3603774729582438,-1.3603774729582438,-1.3603774729582438,-2.4633818213036913,-2.4633818213036913,-2.4633818213036913,-2.4633818213036913,-1.5917474601853772,-1.5917474601853772,-1.5917474601853772,-1.5917474601853772,0.7890414753928781,-1.169338165765321
F2Q:R4Q:Q9K,F2Q:R4Q:Q9K,3,-1.391816726532318,-1.391816726532318,-1.391816726532318,-1.391816726532318,-1.3206729889471163,-1.3206729889471163,-1.3206729889471163,-1.3206729889471163,-1.2900185582260801,-1.2900185582260801,-1.2900185582260801,-1.2900185582260801,-1.7575960754560929,-1.7575960754560929,-1.7575960754560929,-1.7575960754560929,0.695162366842851,-2.5819414224272164
F2Q:R4Q:Q9A,F2Q:R4Q:Q9A,3,-0.5508574618002542,-0.5508574618002542,-0.5508574618002542,-0.5508574618002542,-2.5581295680462377,-2.5581295680462377,-2.5581295680462377,-2.5581295680462377,-2.247094788287037,-2.247094788287037,-2.247094788287037,-2.247094788287037,-2.3584289801758596,-2.3584289801758596,-2.3584289801758596,-2.3584289801758596,0.734225805150345,-2.4494130193680848
F2Q:R4C:Q9K,F2Q:R4C:Q9K,3,-0.8134291996249197,-0.8134291996249197,-0.8134291996249197,-0.8134291996249197,-1.6466264067822887,-1.6466264067822887,-1.6466264067822887,-1.6466264067822887,-2.0833204164544004,-2.0833204164544004,-2.0833204164544004,-2.0833204164544004,-2.0957546769003725,-2.0957546769003725,-2.0957546769003725,-2.0957546769003725,0.4328106998000294,-1.8231352184462564
F2Q:R4T:H10F,F2Q:R4T:H10F,3,-1.4659687520298357,-1.4659687520298357,-1.4659687520298357,-1.4659687520298357,-1.070896502014452,-1.070896502014452,-1.070896502014452,-1.070896502014452,-1.1605628175669689,-1.1605628175669689,-1.1605628175669689,-1.1605628175669689,-1.3980450188255722,-1.3980450188255722,-1.3980450188255722,-1.3980450188255722,0.9950167695060372,-2.7579212630126047
F2Q:R4Q:H10Y,F2Q:R4Q:H10Y,3,-2.042387369209163,-2.042387369209163,-2.042387369209163,-2.042387369209163,-2.1007394127300163,-2.1007394127300163,-2.1007394127300163,-2.1007394127300163,-1.7144852125323937,-1.7144852125323937,-1.7144852125323937,-1.7144852125323937,-2.0569919817884896,-2.0569919817884896,-2.0569919817884896,-2.0569919817884896,0.34976802580058575,-2.7562846746957836
F2W:R4A:H10Y,F2W:R4A:H10Y,3,-2.222051971214227,-2.222051971214227,-2.222051971214227,-2.222051971214227,-2.5222378691674985,-2.5222378691674985,-2.5222378691674985,-2.5222378691674985,-2.781032587632089,-2.781032587632089,-2.781032587632089,-2.781032587632089,-3.1315630993394006,-3.1315630993394006,-3.1315630993394006,-3.1315630993394006,0.09024231834337115,-2.3612830039245107
F2W:R4C:H10Y,F2W:R4C:H10Y,3,-1.6214034441665204,-1.6214034441665204,-1.6214034441665204,-1.6214034441665204,-1.842506986640846,-1.842506986640846,-1.842506986640846,-1.842506986640846,-3.856722545448843,-3.856722545448843,-3.856722545448843,-3.856722545448843,-3.0634475718106806,-3.0634475718106806,-3.0634475718106806,-3.0634475718106806,0.819202815182507,-3.572679158927813
F2A:R4C:A11S,F2A:R4C:A11S,3,-2.4302738747628707,-2.4302738747628707,-2.4302738747628707,-2.4302738747628707,-2.609865657592917,-2.609865657592917,-2.609865657592917,-2.609865657592917,-2.7660896377358912,-2.7660896377358912,-2.7660896377358912,-2.7660896377358912,-1.3037825661348323,-1.3037825661348323,-1.3037825661348323,-1.3037825661348323,0.3914972022175789,-1.4649037774843003
F2Q:A5I:Q6R,F2Q:A5I:Q6R,3,-1.247718145488332,-1.247718145488332,-1.247718145488332,-1.247718145488332,-1.1120273742529094,-1.1120273742529094,-1.1120273742529094,-1.1120273742529094,-2.7577578985765525,-2.7577578985765525,-2.7577578985765525,-2.7577578985765525,-2.287998166556572,-2.287998166556572,-2.287998166556572,-2.287998166556572,0.8216530138161033,-2.312739710414592
F2W:A5I:Q6R,F2W:A5I:Q6R,3,-1.4077347558650701,-1.4077347558650701,-1.4077347558650701,-1.4077347558650701,-0.5793858973795138,-0.5793858973795138,-0.5793858973795138,-0.5793858973795138,-0.8739443632817322,-0.8739443632817322,-0.8739443632817322,-0.8739443632817322,-0.17210586516760307,-0.17210586516760307,-0.17210586516760307,-0.17210586516760307,0.3664338879752904,-2.348863450986462
F2Q:A5M:L7I,F2Q:A5M:L7I,3,-1.9065127575941312,-1.9065127575941312,-1.9065127575941312,-1.9065127575941312,-1.8727116723601707,-1.8727116723601707,-1.8727116723601707,-1.8727116723601707,-0.9824893075559071,-0.9824893075559071,-0.9824893075559071,-0.9824893075559071,-1.6939476851682644,-1.6939476851682644,-1.6939476851682644,-1.6939476851682644,0.9318220065906644,-0.8148524208662299
F2Q:A5I:L7Q,F2Q:A5I:L7Q,3,-1.8928995971905374,-1.8928995971905374,-1.8928995971905374,-1.8928995971905374,-0.8497952817800345,-0.8497952817800345,-0.8497952817800345,-0.8497952817800345,-2.9076045358211347,-2.9076045358211347,-2.9076045358211347,-2.9076045358211347,-2.1823687704710837,-2.1823687704710837,-2.1823687704710837,-2.1823687704710837,0.01424153707921505,-2.486242706831935
F2W:A5M:L7I,F2W:A5M:L7I,3,-2.57406733488384,-2.57406733488384,-2.57406733488384,-2.57406733488384,-2.1468979830016846,-2.1468979830016846,-2.1468979830016846,-2.1468979830016846,-1.6644657323542444,-1.6644657323542444,-1.6644657323542444,-1.6644657323542444,-2.708430666487689,-2.708430666487689,-2.708430666487689,-2.708430666487689,0.4567960607819259,-0.9829205965821733
F2A:A5M:S8R,F2A:A5M:S8R,3,-2.5968883630548314,-2.5968883630548314,-2.5968883630548314,-2.5968883630548314,-4.021755152480916,-4.021755152480916,-4.021755152480916,-4.021755152480916,-3.688780468675737,-3.688780468675737,-3.688780468675737,-3.688780468675737,-4.156626467765859,-4.156626467765859,-4.156626467765859,-4.156626467765859,0.3895558842923492,-2.4334663986158076
F2A:A5I:S8L,F2A:A5I:S8L,3,-3.0814232274966478,-3.0814232274966478,-3.0814232274966478,-3.0814232274966478,-2.9912048457931775,-2.9912048457931775,-2.9912048457931775,-2.9912048457931775,-3.709018990516164,-3.709018990516164,-3.709018990516164,-3.709018990516164,-1.8053748449139695,-1.8053748449139695,-1.8053748449139695,-1.8053748449139695,0.20295821805484593,-2.7366199207822657
F2Q:A5M:S8R,F2Q:A5M:S8R,3,-1.4032566763770198,-1.4032566763770198,-1.4032566763770198,-1.4032566763770198,-2.166459000461603,-2.166459000461603,-2.166459000461603,-2.166459000461603,-1.6234065074325739,-1.6234065074325739,-1.6234065074325739,-1.6234065074325739,-1.8905011963867024,-1.8905011963867024,-1.8905011963867024,-1.8905011963867024,0.34897566004656255,-2.163748161451299
F2Q:A5I:S8R,F2Q:A5I:S8R,3,-1.2565075748530723,-1.2565075748530723,-1.2565075748530723,-1.2565075748530723,-1.5587011914173403,-1.5587011914173403,-1.5587011914173403,-1.5587011914173403,-3.2873798522726076,-3.2873798522726076,-3.2873798522726076,-3.2873798522726076,-2.4197724416567676,-2.4197724416567676,-2.4197724416567676,-2.4197724416567676,0.32589520956389606,-4.2713712962355155
F2W:A5M:S8R,F2W:A5M:S8R,3,-2.10359961216745,-2.10359961216745,-2.10359961216745,-2.10359961216745,-2.2880882930229394,-2.2880882930229394,-2.2880882930229394,-2.2880882930229394,-2.1183122438524484,-2.1183122438524484,-2.1183122438524484,-2.1183122438524484,-2.640231313084116,-2.640231313084116,-2.640231313084116,-2.640231313084116,0.5788234614301473,-2.7436565383084695
F2W:A5M:S8L,F2W:A5M:S8L,3,-3.39900823519186,-3.39900823519186,-3.39900823519186,-3.39900823519186,-2.8157278885222206,-2.8157278885222206,-2.8157278885222206,-2.8157278885222206,-3.2960222500319434,-3.2960222500319434,-3.2960222500319434,-3.2960222500319434,-2.977358761188259,-2.977358761188259,-2.977358761188259,-2.977358761188259,0.5866361490916461,-1.5778074896536016
F2W:A5I:S8L,F2W:A5I:S8L,3,-0.9984823557072735,-0.9984823557072735,-0.9984823557072735,-0.9984823557072735,-0.4315561355723576,-0.4315561355723576,-0.4315561355723576,-0.4315561355723576,-1.2200293729074607,-1.2200293729074607,-1.2200293729074607,-1.2200293729074607,-1.0223611541819941,-1.0223611541819941,-1.0223611541819941,-1.0223611541819941,0.2711259664501995,-2.267256173839266
F2A:A5I:Q9R,F2A:A5I:Q9R,3,-4.32700137834834,-4.32700137834834,-4.32700137834834,-4.32700137834834,-3.8891762393119573,-3.8891762393119573,-3.8891762393119573,-3.8891762393119573,-3.627356708214,-3.627356708214,-3.627356708214,-3.627356708214,-2.347065768193442,-2.347065768193442,-2.347065768193442,-2.347065768193442,0.4489052789285779,-1.9589376095313495
F2Q:A5M:Q9R,F2Q:A5M:Q9R,3,-1.630069581890405,-1.630069581890405,-1.630069581890405,-1.630069581890405,-1.497695484329595,-1.497695484329595,-1.497695484329595,-1.497695484329595,-1.3264752104420685,-1.3264752104420685,-1.3264752104420685,-1.3264752104420685,-1.272870929337254,-1.272870929337254,-1.272870929337254,-1.272870929337254,0.45726686529815197,-1.3887667007679338
F2Q:A5I:Q9R,F2Q:A5I:Q9R,3,-1.1801397949650907,-1.1801397949650907,-1.1801397949650907,-1.1801397949650907,-0.7645118662726401,-0.7645118662726401,-0.7645118662726401,-0.7645118662726401,-2.580246704334539,-2.580246704334539,-2.580246704334539,-2.580246704334539,-1.9767195373085165,-1.9767195373085165,-1.9767195373085165,-1.9767195373085165,0.5640295827761292,-0.8589473162834058
F2Q:A5M:H10Y,F2Q:A5M:H10Y,3,-2.207315610089829,-2.207315610089829,-2.207315610089829,-2.207315610089829,-1.9080180364234238,-1.9080180364234238,-1.9080180364234238,-1.9080180364234238,-3.112966586108333,-3.112966586108333,-3.112966586108333,-3.112966586108333,-1.8214223053954794,-1.8214223053954794,-1.8214223053954794,-1.8214223053954794,0.18560484889894724,-2.221351799980575
F2W:Q6R:L7Q,F2W:Q6R:L7Q,3,-4.970283361381593,-4.970283361381593,-4.970283361381593,-4.970283361381593,-4.804741146347562,-4.804741146347562,-4.804741146347562,-4.804741146347562,-5.358459650694028,-5.358459650694028,-5.358459650694028,-5.358459650694028,-3.412166231681325,-3.412166231681325,-3.412166231681325,-3.412166231681325,0.4614425078034401,-1.535952863406651
F2A:Q6R:S8L,F2A:Q6R:S8L,3,-4.029776945582296,-4.029776945582296,-4.029776945582296,-4.029776945582296,-3.8681500648680904,-3.8681500648680904,-3.8681500648680904,-3.8681500648680904,-4.133720670924444,-4.133720670924444,-4.133720670924444,-4.133720670924444,-3.175438161771706,-3.175438161771706,-3.175438161771706,-3.175438161771706,0.8859610322397202,-3.1639852803035367
F2Q:Q6R:S8K,F2Q:Q6R:S8K,3,-1.0786088057451941,-1.0786088057451941,-1.0786088057451941,-1.0786088057451941,-1.3303395464295682,-1.3303395464295682,-1.3303395464295682,-1.3303395464295682,-2.103165677461738,-2.103165677461738,-2.103165677461738,-2.103165677461738,-2.2979647068675244,-2.2979647068675244,-2.2979647068675244,-2.2979647068675244,0.2158208736218512,-2.8693664132401
F2W:Q6R:H10Y,F2W:Q6R:H10Y,3,-2.762044549393964,-2.762044549393964,-2.762044549393964,-2.762044549393964,-2.8052226367934523,-2.8052226367934523,-2.8052226367934523,-2.8052226367934523,-3.6344775520374855,-3.6344775520374855,-3.6344775520374855,-3.6344775520374855,-2.8759311907807708,-2.8759311907807708,-2.8759311907807708,-2.8759311907807708,0.8722380772233009,-2.208773220067364
F2Q:S8K:Q9K,F2Q:S8K:Q9K,3,-0.6354027071471018,-0.6354027071471018,-0.6354027071471018,-0.6354027071471018,-0.5885538835094043,-0.5885538835094043,-0.5885538835094043,-0.5885538835094043,-0.8437917724579668,-0.8437917724579668,-0.8437917724579668,-0.8437917724579668,-1.1923376968492239,-1.1923376968492239,-1.1923376968492239,-1.1923376968492239,0.7946542468853295,-1.6611247561300062
F2W:S8R:Q9R,F2W:S8R:Q9R,3,-2.8564985781395418,-2.8564985781395418,-2.8564985781395418,-2.8564985781395418,-2.022882048056773,-2.022882048056773,-2.022882048056773,-2.022882048056773,-2.0929354516896352,-2.0929354516896352,-2.0929354516896352,-2.0929354516896352,-2.004408926885479,-2.004408926885479,-2.004408926885479,-2.004408926885479,0.24324266891926527,-1.5025795563126185
F2Q:S8C:H10F,F2Q:S8C:H10F,3,-1.1943777082859832,-1.1943777082859832,-1.1943777082859832,-1.1943777082859832,-1.6382148773431386,-1.6382148773431386,-1.6382148773431386,-1.6382148773431386,-1.3028718123635041,-1.3028718123635041,-1.3028718123635041,-1.3028718123635041,-1.1331567543736578,-1.1331567543736578,-1.1331567543736578,-1.1331567543736578,0.4429118284024298,-3.6704355513123454
F2W:S8L:A11S,F2W:S8L:A11S,3,-3.101705821702913,-3.101705821702913,-3.101705821702913,-3.101705821702913,-2.605378214194618,-2.605378214194618,-2.605378214194618,-2.605378214194618,-3.4828948238613804,-3.4828948238613804,-3.4828948238613804,-3.4828948238613804,-3.2080862701579265,-3.2080862701579265,-3.2080862701579265,-3.2080862701579265,0.8369373148307204,-1.7935093002615174
F2Q:Q9A:H10Y,F2Q:Q9A:H10Y,3,-1.3309649765333034,-1.3309649765333034,-1.3309649765333034,-1.3309649765333034,-2.0013428829662927,-2.0013428829662927,-2.0013428829662927,-2.0013428829662927,-1.5809562324514737,-1.5809562324514737,-1.5809562324514737,-1.5809562324514737,-1.2085391202775506,-1.2085391202775506,-1.2085391202775506,-1.2085391202775506,0.3984973272308707,-2.445580573839148
F2W:Q9R:A11S,F2W:Q9R:A11S,3,-3.3458877322837166,-3.3458877322837166,-3.3458877322837166,-3.3458877322837166,-2.9867649089003834,-2.9867649089003834,-2.9867649089003834,-2.9867649089003834,-3.0628129350277398,-3.0628129350277398,-3.0628129350277398,-3.0628129350277398,-3.72726042489137,-3.72726042489137,-3.72726042489137,-3.72726042489137,0.8895731864031404,-1.5290250035772968
F2W:Q9A:A11S,F2W:Q9A:A11S,3,-2.561257238088869,-2.561257238088869,-2.561257238088869,-2.561257238088869,-2.1487943942391325,-2.1487943942391325,-2.1487943942391325,-2.1487943942391325,-2.4249702852830053,-2.4249702852830053,-2.4249702852830053,-2.4249702852830053,-2.655385906250655,-2.655385906250655,-2.655385906250655,-2.655385906250655,0.8985673962160945,-2.408716770735183
Q3N:R4L:A5M,Q3N:R4L:A5M,3,-3.3230223163169743,-3.3230223163169743,-3.3230223163169743,-3.3230223163169743,-2.469540427726808,-2.469540427726808,-2.469540427726808,-2.469540427726808,-1.9469999581220057,-1.9469999581220057,-1.9469999581220057,-1.9469999581220057,-2.0008851503601477,-2.0008851503601477,-2.0008851503601477,-2.0008851503601477,0.6218427929561585,-1.759585536979448
Q3N:R4A:A5M,Q3N:R4A:A5M,3,-3.820645267736502,-3.820645267736502,-3.820645267736502,-3.820645267736502,-2.863088784412728,-2.863088784412728,-2.863088784412728,-2.863088784412728,-2.0232589787631587,-2.0232589787631587,-2.0232589787631587,-2.0232589787631587,-1.031279668735727,-1.031279668735727,-1.031279668735727,-1.031279668735727,0.03576216008514166,-2.377329377676777
Q3N:R4C:A5M,Q3N:R4C:A5M,3,-3.6887882312506464,-3.6887882312506464,-3.6887882312506464,-3.6887882312506464,-3.274987919657212,-3.274987919657212,-3.274987919657212,-3.274987919657212,-2.729892454360333,-2.729892454360333,-2.729892454360333,-2.729892454360333,-1.484531083716383,-1.484531083716383,-1.484531083716383,-1.484531083716383,0.7312101884745061,-2.296181031285505
Q3G:R4A:A5I,Q3G:R4A:A5I,3,-0.9389408416975549,-0.9389408416975549,-0.9389408416975549,-0.9389408416975549,-0.4391035793612048,-0.4391035793612048,-0.4391035793612048,-0.4391035793612048,-1.5395429569378993,-1.5395429569378993,-1.5395429569378993,-1.5395429569378993,-1.096964548167982,-1.096964548167982,-1.096964548167982,-1.096964548167982,0.8817576540168375,-1.7356583053172785
Q3G:R4H:A5I,Q3G:R4H:A5I,3,0.2610314317519043,0.2610314317519043,0.2610314317519043,0.2610314317519043,-0.9303757961960604,-0.9303757961960604,-0.9303757961960604,-0.9303757961960604,-1.3920678801229696,-1.3920678801229696,-1.3920678801229696,-1.3920678801229696,-0.48439985584397466,-0.48439985584397466,-0.48439985584397466,-0.48439985584397466,0.7568499920889735,-1.3933107599605754
Q3G:R4C:A5I,Q3G:R4C:A5I,3,-0.9231818197395012,-0.9231818197395012,-0.9231818197395012,-0.9231818197395012,-0.6865655654071354,-0.6865655654071354,-0.6865655654071354,-0.6865655654071354,-2.010281869433783,-2.010281869433783,-2.010281869433783,-2.010281869433783,-1.2178074021116947,-1.2178074021116947,-1.2178074021116947,-1.2178074021116947,0.7413483264390379,-2.961391230394373
Q3N:R4Q:Q6R,Q3N:R4Q:Q6R,3,-2.333781900443326,-2.333781900443326,-2.333781900443326,-2.333781900443326,-1.6955718347753963,-1.6955718347753963,-1.6955718347753963,-1.6955718347753963,-0.7350566701423112,-0.7350566701423112,-0.7350566701423112,-0.7350566701423112,-0.5143379025253134,-0.5143379025253134,-0.5143379025253134,-0.5143379025253134,0.25807145750150084,-2.3178905922835815
Q3N:R4A:Q6R,Q3N:R4A:Q6R,3,-2.4941528094689276,-2.4941528094689276,-2.4941528094689276,-2.4941528094689276,-1.624637019300708,-1.624637019300708,-1.624637019300708,-1.624637019300708,-1.2561604930818393,-1.2561604930818393,-1.2561604930818393,-1.2561604930818393,-0.42307866722052023,-0.42307866722052023,-0.42307866722052023,-0.42307866722052023,0.3726577623747289,-2.7855098496329385
Q3G:R4T:Q6R,Q3G:R4T:Q6R,3,-0.7333759023440404,-0.7333759023440404,-0.7333759023440404,-0.7333759023440404,-1.1673825519311363,-1.1673825519311363,-1.1673825519311363,-1.1673825519311363,-1.3051089154611994,-1.3051089154611994,-1.3051089154611994,-1.3051089154611994,-1.0826257046364707,-1.0826257046364707,-1.0826257046364707,-1.0826257046364707,0.5565369254909456,-1.7958552727484332
Q3G:R4L:Q6R,Q3G:R4L:Q6R,3,-0.8709753071319444,-0.8709753071319444,-0.8709753071319444,-0.8709753071319444,-1.5055585415400043,-1.5055585415400043,-1.5055585415400043,-1.5055585415400043,-1.2941895159698618,-1.2941895159698618,-1.2941895159698618,-1.2941895159698618,-1.0834116797266589,-1.0834116797266589,-1.0834116797266589,-1.0834116797266589,0.3308308939449489,-3.2336038143789176
Q3G:R4C:Q6R,Q3G:R4C:Q6R,3,-1.139480670350163,-1.139480670350163,-1.139480670350163,-1.139480670350163,-1.4609149858369295,-1.4609149858369295,-1.4609149858369295,-1.4609149858369295,-1.4749409077484203,-1.4749409077484203,-1.4749409077484203,-1.4749409077484203,-0.9913804420581096,-0.9913804420581096,-0.9913804420581096,-0.9913804420581096,0.7949501143302768,-2.898939544361806
Q3N:R4T:L7I,Q3N:R4T:L7I,3,-1.6712030089862127,-1.6712030089862127,-1.6712030089862127,-1.6712030089862127,-0.7536227135818288,-0.7536227135818288,-0.7536227135818288,-0.7536227135818288,-1.638127684228794,-1.638127684228794,-1.638127684228794,-1.638127684228794,-1.1117737412660476,-1.1117737412660476,-1.1117737412660476,-1.1117737412660476,0.613689121324569,-3.1714271655383572
Q3N:R4T:L7Q,Q3N:R4T:L7Q,3,-0.45075327022107015,-0.45075327022107015,-0.45075327022107015,-0.45075327022107015,0.01914202113847896,0.01914202113847896,0.01914202113847896,0.01914202113847896,-0.34375180595517385,-0.34375180595517385,-0.34375180595517385,-0.34375180595517385,-0.4154473387582972,-0.4154473387582972,-0.4154473387582972,-0.4154473387582972,0.7074413732625544,-2.3142936988802303
Q3N:R4Q:L7I,Q3N:R4Q:L7I,3,-1.9628606532570851,-1.9628606532570851,-1.9628606532570851,-1.9628606532570851,-1.4932565806559672,-1.4932565806559672,-1.4932565806559672,-1.4932565806559672,-2.017910107235187,-2.017910107235187,-2.017910107235187,-2.017910107235187,-0.9373556125625403,-0.9373556125625403,-0.9373556125625403,-0.9373556125625403,0.36870366823859513,-4.104088439009293
Q3N:R4Q:L7V,Q3N:R4Q:L7V,3,-1.2936993180644696,-1.2936993180644696,-1.2936993180644696,-1.2936993180644696,-1.0008131510321634,-1.0008131510321634,-1.0008131510321634,-1.0008131510321634,-0.7832820279949795,-0.7832820279949795,-0.7832820279949795,-0.7832820279949795,-0.40346963858058293,-0.40346963858058293,-0.40346963858058293,-0.40346963858058293,0.31010851077735424,-2.691673711646181
Q3N:R4L:L7I,Q3N:R4L:L7I,3,-0.9910868692900623,-0.9910868692900623,-0.9910868692900623,-0.9910868692900623,-0.973032168847466,-0.973032168847466,-0.973032168847466,-0.973032168847466,-2.2319567176587176,-2.2319567176587176,-2.2319567176587176,-2.2319567176587176,-1.6091982729431893,-1.6091982729431893,-1.6091982729431893,-1.6091982729431893,0.5812302292324603,-2.586750691021407
Q3N:R4C:L7V,Q3N:R4C:L7V,3,-1.0206802843382872,-1.0206802843382872,-1.0206802843382872,-1.0206802843382872,-1.0416779927598325,-1.0416779927598325,-1.0416779927598325,-1.0416779927598325,-1.169408841126669,-1.169408841126669,-1.169408841126669,-1.169408841126669,-1.1241314919438368,-1.1241314919438368,-1.1241314919438368,-1.1241314919438368,0.026798539329320192,-1.283912640982729
Q3N:R4P:L7V,Q3N:R4P:L7V,3,-2.2500579040310225,-2.2500579040310225,-2.2500579040310225,-2.2500579040310225,-0.36072887718002766,-0.36072887718002766,-0.36072887718002766,-0.36072887718002766,-0.6371103682115964,-0.6371103682115964,-0.6371103682115964,-0.6371103682115964,-0.3374048781811271,-0.3374048781811271,-0.3374048781811271,-0.3374048781811271,0.06865329458378255,-0.9473130436477482
Q3G:R4T:L7Q,Q3G:R4T:L7Q,3,-0.462737721633922,-0.462737721633922,-0.462737721633922,-0.462737721633922,-0.8648550236601069,-0.8648550236601069,-0.8648550236601069,-0.8648550236601069,0.054755618110717386,0.054755618110717386,0.054755618110717386,0.054755618110717386,-0.2686097653147197,-0.2686097653147197,-0.2686097653147197,-0.2686097653147197,0.13593039591796696,-1.3560998413424823
Q3G:R4L:L7Q,Q3G:R4L:L7Q,3,-1.6298519259920925,-1.6298519259920925,-1.6298519259920925,-1.6298519259920925,-2.176382341331389,-2.176382341331389,-2.176382341331389,-2.176382341331389,-1.3156050041774106,-1.3156050041774106,-1.3156050041774106,-1.3156050041774106,-1.4659373374988016,-1.4659373374988016,-1.4659373374988016,-1.4659373374988016,0.5915416900534183,-1.2286266267851396
Q3G:R4H:L7Q,Q3G:R4H:L7Q,3,0.42152823355241653,0.42152823355241653,0.42152823355241653,0.42152823355241653,-0.8862514223173681,-0.8862514223173681,-0.8862514223173681,-0.8862514223173681,0.5108435262536306,0.5108435262536306,0.5108435262536306,0.5108435262536306,0.0037382406953989644,0.0037382406953989644,0.0037382406953989644,0.0037382406953989644,0.406852193409577,-1.1895743136447774
Q3G:R4H:L7V,Q3G:R4H:L7V,3,0.5237325850374216,0.5237325850374216,0.5237325850374216,0.5237325850374216,-0.22555281547468553,-0.22555281547468553,-0.22555281547468553,-0.22555281547468553,-0.19079396523008008,-0.19079396523008008,-0.19079396523008008,-0.19079396523008008,-0.3939786502551982,-0.3939786502551982,-0.3939786502551982,-0.3939786502551982,0.4107585372403264,-2.4385297471914056
Q3G:R4C:L7I,Q3G:R4C:L7I,3,-0.9131742023001989,-0.9131742023001989,-0.9131742023001989,-0.9131742023001989,-0.8635000054216132,-0.8635000054216132,-0.8635000054216132,-0.8635000054216132,-0.7061158744990159,-0.7061158744990159,-0.7061158744990159,-0.7061158744990159,-0.6528085198178545,-0.6528085198178545,-0.6528085198178545,-0.6528085198178545,0.5287196412682533,-2.1822133838814435
Q3G:R4P:L7I,Q3G:R4P:L7I,3,-1.5622223337746686,-1.5622223337746686,-1.5622223337746686,-1.5622223337746686,-0.9969817546125677,-0.9969817546125677,-0.9969817546125677,-0.9969817546125677,-0.6159246071093266,-0.6159246071093266,-0.6159246071093266,-0.6159246071093266,-1.0905323389921837,-1.0905323389921837,-1.0905323389921837,-1.0905323389921837,0.34318445273675025,-3.4571456160472396
Q3G:R4P:L7Q,Q3G:R4P:L7Q,3,-1.612445494611435,-1.612445494611435,-1.612445494611435,-1.612445494611435,-0.9327154165441571,-0.9327154165441571,-0.9327154165441571,-0.9327154165441571,-0.25069774376037013,-0.25069774376037013,-0.25069774376037013,-0.25069774376037013,-0.7791684416349411,-0.7791684416349411,-0.7791684416349411,-0.7791684416349411,0.3744352033827454,-2.5634348107431766
Q3N:R4T:S8L,Q3N:R4T:S8L,3,-1.076154135372878,-1.076154135372878,-1.076154135372878,-1.076154135372878,-0.41484003449397977,-0.41484003449397977,-0.41484003449397977,-0.41484003449397977,-0.6780109883638257,-0.6780109883638257,-0.6780109883638257,-0.6780109883638257,-0.6979968269152621,-0.6979968269152621,-0.6979968269152621,-0.6979968269152621,0.3058041927870363,-2.9551937670857016
Q3N:R4Q:S8R,Q3N:R4Q:S8R,3,-0.5583275010736796,-0.5583275010736796,-0.5583275010736796,-0.5583275010736796,-0.30314653884389187,-0.30314653884389187,-0.30314653884389187,-0.30314653884389187,-0.08107255952485848,-0.08107255952485848,-0.08107255952485848,-0.08107255952485848,-0.15979705764491792,-0.15979705764491792,-0.15979705764491792,-0.15979705764491792,0.722715504001826,-2.271787943338544
Q3N:R4L:S8K,Q3N:R4L:S8K,3,-0.002213186037085091,-0.002213186037085091,-0.002213186037085091,-0.002213186037085091,-0.44932198143581736,-0.44932198143581736,-0.44932198143581736,-0.44932198143581736,-0.8268266000567903,-0.8268266000567903,-0.8268266000567903,-0.8268266000567903,-1.0841214476656496,-1.0841214476656496,-1.0841214476656496,-1.0841214476656496,0.2083280417136848,-1.8084315281783416
Q3N:R4A:S8K,Q3N:R4A:S8K,3,-0.9144284428692803,-0.9144284428692803,-0.9144284428692803,-0.9144284428692803,-0.7677772376255193,-0.7677772376255193,-0.7677772376255193,-0.7677772376255193,-0.5810525518363522,-0.5810525518363522,-0.5810525518363522,-0.5810525518363522,-0.3066509499082014,-0.3066509499082014,-0.3066509499082014,-0.3066509499082014,0.49747391627170146,-3.159633805247412
Q3N:R4H:S8K,Q3N:R4H:S8K,3,0.3379895552085831,0.3379895552085831,0.3379895552085831,0.3379895552085831,-0.11551352920162405,-0.11551352920162405,-0.11551352920162405,-0.11551352920162405,-1.0905985477096227,-1.0905985477096227,-1.0905985477096227,-1.0905985477096227,-0.8571670873014352,-0.8571670873014352,-0.8571670873014352,-0.8571670873014352,0.05023679928854108,-2.2888482262267296
Q3N:R4C:S8R,Q3N:R4C:S8R,3,-0.6206871474938476,-0.6206871474938476,-0.6206871474938476,-0.6206871474938476,-0.3945254565277798,-0.3945254565277798,-0.3945254565277798,-0.3945254565277798,-0.24401496802622624,-0.24401496802622624,-0.24401496802622624,-0.24401496802622624,-0.7868151427209127,-0.7868151427209127,-0.7868151427209127,-0.7868151427209127,0.4536241088062525,-0.834701619335692
Q3G:R4T:S8T,Q3G:R4T:S8T,3,-0.10780183885092742,-0.10780183885092742,-0.10780183885092742,-0.10780183885092742,-0.18823965595850378,-0.18823965595850378,-0.18823965595850378,-0.18823965595850378,-0.046805597297617796,-0.046805597297617796,-0.046805597297617796,-0.046805597297617796,-0.6706931716021856,-0.6706931716021856,-0.6706931716021856,-0.6706931716021856,0.5241655046120286,-2.3371169146594903
Q3G:R4L:S8T,Q3G:R4L:S8T,3,-0.8431093659133049,-0.8431093659133049,-0.8431093659133049,-0.8431093659133049,-1.0645426374095728,-1.0645426374095728,-1.0645426374095728,-1.0645426374095728,-0.19919988629082996,-0.19919988629082996,-0.19919988629082996,-0.19919988629082996,-1.0389834381831264,-1.0389834381831264,-1.0389834381831264,-1.0389834381831264,0.17286045756191015,-1.7373909287007585
Q3G:R4H:S8K,Q3G:R4H:S8K,3,0.33025333420521996,0.33025333420521996,0.33025333420521996,0.33025333420521996,-0.8429333868617861,-0.8429333868617861,-0.8429333868617861,-0.8429333868617861,-0.7169909320368621,-0.7169909320368621,-0.7169909320368621,-0.7169909320368621,-0.48415721894899255,-0.48415721894899255,-0.48415721894899255,-0.48415721894899255,0.9691006832290441,-2.037472140427599
Q3G:R4C:S8K,Q3G:R4C:S8K,3,-0.37439740494152496,-0.37439740494152496,-0.37439740494152496,-0.37439740494152496,0.04592582042581095,0.04592582042581095,0.04592582042581095,0.04592582042581095,-0.9116758819282744,-0.9116758819282744,-0.9116758819282744,-0.9116758819282744,-0.510595262883043,-0.510595262883043,-0.510595262883043,-0.510595262883043,0.26403521560132504,-1.2412983269625362
Q3G:R4C:S8C,Q3G:R4C:S8C,3,-0.6521422882452359,-0.6521422882452359,-0.6521422882452359,-0.6521422882452359,-1.404320881918134,-1.404320881918134,-1.404320881918134,-1.404320881918134,-1.74033578381942,-1.74033578381942,-1.74033578381942,-1.74033578381942,-1.5494792846444445,-1.5494792846444445,-1.5494792846444445,-1.5494792846444445,0.2327844649553299,-2.3929617780933343
Q3N:R4T:Q9R,Q3N:R4T:Q9R,3,-2.0479721006042526,-2.0479721006042526,-2.0479721006042526,-2.0479721006042526,-0.8555809833059902,-0.8555809833059902,-0.8555809833059902,-0.8555809833059902,-0.5575001168238789,-0.5575001168238789,-0.5575001168238789,-0.5575001168238789,-0.578272989256103,-0.578272989256103,-0.578272989256103,-0.578272989256103,0.2364839087240398,-3.130845915859419
Q3N:R4A:Q9A,Q3N:R4A:Q9A,3,-1.0606489655464872,-1.0606489655464872,-1.0606489655464872,-1.0606489655464872,-1.2746866259197167,-1.2746866259197167,-1.2746866259197167,-1.2746866259197167,-0.8343436654789916,-0.8343436654789916,-0.8343436654789916,-0.8343436654789916,-0.09786471809859953,-0.09786471809859953,-0.09786471809859953,-0.09786471809859953,0.1505579287186265,-3.38907581214712
Q3G:R4T:Q9A,Q3G:R4T:Q9A,3,-0.02164493011452956,-0.02164493011452956,-0.02164493011452956,-0.02164493011452956,-0.5078267876656437,-0.5078267876656437,-0.5078267876656437,-0.5078267876656437,-0.6694888379940641,-0.6694888379940641,-0.6694888379940641,-0.6694888379940641,-0.4417377197033805,-0.4417377197033805,-0.4417377197033805,-0.4417377197033805,0.7094460995867848,-2.778147448357827
Q3N:R4Q:H10F,Q3N:R4Q:H10F,3,-1.7685969227652194,-1.7685969227652194,-1.7685969227652194,-1.7685969227652194,-1.1934135471302125,-1.1934135471302125,-1.1934135471302125,-1.1934135471302125,-1.146121286754728,-1.146121286754728,-1.146121286754728,-1.146121286754728,-0.4344848703186277,-0.4344848703186277,-0.4344848703186277,-0.4344848703186277,0.8503307928331196,-1.6260180458279136
Q3G:R4L:H10F,Q3G:R4L:H10F,3,-1.6998789068859184,-1.6998789068859184,-1.6998789068859184,-1.6998789068859184,-1.4534601178702173,-1.4534601178702173,-1.4534601178702173,-1.4534601178702173,-1.3997230510547658,-1.3997230510547658,-1.3997230510547658,-1.3997230510547658,-1.1385347774040824,-1.1385347774040824,-1.1385347774040824,-1.1385347774040824,0.5758606218732893,-1.0850649935126024
Q3G:R4H:H10Y,Q3G:R4H:H10Y,3,-0.31262342449168923,-0.31262342449168923,-0.31262342449168923,-0.31262342449168923,-1.3383916321117395,-1.3383916321117395,-1.3383916321117395,-1.3383916321117395,-0.9681262538353006,-0.9681262538353006,-0.9681262538353006,-0.9681262538353006,-0.5040271637113696,-0.5040271637113696,-0.5040271637113696,-0.5040271637113696,0.20049698813818395,-2.239450220864338
Q3N:R4P:A11S,Q3N:R4P:A11S,3,-3.4009858485392925,-3.4009858485392925,-3.4009858485392925,-3.4009858485392925,-2.215536135836899,-2.215536135836899,-2.215536135836899,-2.215536135836899,-2.416780539315976,-2.416780539315976,-2.416780539315976,-2.416780539315976,-1.068294702071323,-1.068294702071323,-1.068294702071323,-1.068294702071323,0.027590359561145306,-1.5652790855629555
Q3G:A5I:Q6R,Q3G:A5I:Q6R,3,-1.0612039561932474,-1.0612039561932474,-1.0612039561932474,-1.0612039561932474,-1.03756527336384,-1.03756527336384,-1.03756527336384,-1.03756527336384,-1.9039232266266293,-1.9039232266266293,-1.9039232266266293,-1.9039232266266293,-0.9543086832574721,-0.9543086832574721,-0.9543086832574721,-0.9543086832574721,0.8525926622096449,-2.171555682258883
Q3N:A5M:L7I,Q3N:A5M:L7I,3,-3.8623455303396987,-3.8623455303396987,-3.8623455303396987,-3.8623455303396987,-2.868599804065177,-2.868599804065177,-2.868599804065177,-2.868599804065177,-2.132304429054348,-2.132304429054348,-2.132304429054348,-2.132304429054348,-1.5817125708543551,-1.5817125708543551,-1.5817125708543551,-1.5817125708543551,0.8329339029733092,-1.6633912576989012
Q3N:A5I:L7I,Q3N:A5I:L7I,3,-1.502934549509706,-1.502934549509706,-1.502934549509706,-1.502934549509706,-0.7906071624526647,-0.7906071624526647,-0.7906071624526647,-0.7906071624526647,-1.5039830621816725,-1.5039830621816725,-1.5039830621816725,-1.5039830621816725,-1.2205861185175315,-1.2205861185175315,-1.2205861185175315,-1.2205861185175315,0.11992529151029885,-3.2245975104454656
Q3N:A5I:L7V,Q3N:A5I:L7V,3,-2.2270799684342575,-2.2270799684342575,-2.2270799684342575,-2.2270799684342575,-1.2364368463284368,-1.2364368463284368,-1.2364368463284368,-1.2364368463284368,-1.8650426350665545,-1.8650426350665545,-1.8650426350665545,-1.8650426350665545,-1.5187661047806371,-1.5187661047806371,-1.5187661047806371,-1.5187661047806371,0.18633313663303852,-2.2211166923480334
Q3G:A5I:L7Q,Q3G:A5I:L7Q,3,-2.0101309271168972,-2.0101309271168972,-2.0101309271168972,-2.0101309271168972,-1.1429625981653817,-1.1429625981653817,-1.1429625981653817,-1.1429625981653817,-1.6327598105545817,-1.6327598105545817,-1.6327598105545817,-1.6327598105545817,-1.4073900256597611,-1.4073900256597611,-1.4073900256597611,-1.4073900256597611,0.9364590491168201,-1.9376309090197599
Q3G:A5M:S8R,Q3G:A5M:S8R,3,-0.7202513551498879,-0.7202513551498879,-0.7202513551498879,-0.7202513551498879,-1.9329778108279925,-1.9329778108279925,-1.9329778108279925,-1.9329778108279925,-0.5646132359930156,-0.5646132359930156,-0.5646132359930156,-0.5646132359930156,-1.363843994608693,-1.363843994608693,-1.363843994608693,-1.363843994608693,0.5499166289810091,-2.6042549608103167
Q3G:A5I:S8L,Q3G:A5I:S8L,3,-0.16295970462434295,-0.16295970462434295,-0.16295970462434295,-0.16295970462434295,-0.3885217582283731,-0.3885217582283731,-0.3885217582283731,-0.3885217582283731,-2.22071242314075,-2.22071242314075,-2.22071242314075,-2.22071242314075,-1.0298091463006063,-1.0298091463006063,-1.0298091463006063,-1.0298091463006063,0.16441449779085815,-2.4697155831066584
Q3G:A5I:S8C,Q3G:A5I:S8C,3,-0.5738655740883203,-0.5738655740883203,-0.5738655740883203,-0.5738655740883203,-0.44667987664089853,-0.44667987664089853,-0.44667987664089853,-0.44667987664089853,-1.4709502941421704,-1.4709502941421704,-1.4709502941421704,-1.4709502941421704,-0.7516656834420686,-0.7516656834420686,-0.7516656834420686,-0.7516656834420686,0.15269546629860997,-1.0655158701901297
Q3N:A5I:Q9K,Q3N:A5I:Q9K,3,-1.7311857860436362,-1.7311857860436362,-1.7311857860436362,-1.7311857860436362,-1.3585173590499748,-1.3585173590499748,-1.3585173590499748,-1.3585173590499748,-1.5120685923121262,-1.5120685923121262,-1.5120685923121262,-1.5120685923121262,-1.211027934893611,-1.211027934893611,-1.211027934893611,-1.211027934893611,0.7736974474973977,-4.601152024324456
Q3G:A5I:Q9R,Q3G:A5I:Q9R,3,-1.3298615078476046,-1.3298615078476046,-1.3298615078476046,-1.3298615078476046,-0.6768135469269285,-0.6768135469269285,-0.6768135469269285,-0.6768135469269285,-2.1046107737048585,-2.1046107737048585,-2.1046107737048585,-2.1046107737048585,-1.1604072981165845,-1.1604072981165845,-1.1604072981165845,-1.1604072981165845,0.06386748375371099,-0.8490017477475913
Q3G:A5I:H10Y,Q3G:A5I:H10Y,3,-1.2940427778201578,-1.2940427778201578,-1.2940427778201578,-1.2940427778201578,-1.5584116434180013,-1.5584116434180013,-1.5584116434180013,-1.5584116434180013,-2.608074496798842,-2.608074496798842,-2.608074496798842,-2.608074496798842,-1.5319032895290756,-1.5319032895290756,-1.5319032895290756,-1.5319032895290756,0.11642680270597339,-1.3427751284054386
Q3G:A5I:A11S,Q3G:A5I:A11S,3,-1.309424183774053,-1.309424183774053,-1.309424183774053,-1.309424183774053,-0.439216219153159,-0.439216219153159,-0.439216219153159,-0.439216219153159,-3.0961522620939945,-3.0961522620939945,-3.0961522620939945,-3.0961522620939945,-2.162262020043183,-2.162262020043183,-2.162262020043183,-2.162262020043183,0.9184222957119346,-0.47677011758228494
Q3N:Q6R:L7V,Q3N:Q6R:L7V,3,-1.978279577212895,-1.978279577212895,-1.978279577212895,-1.978279577212895,-1.48460124894381,-1.48460124894381,-1.48460124894381,-1.48460124894381,-1.343020951083863,-1.343020951083863,-1.343020951083863,-1.343020951083863,-1.3648701233993028,-1.3648701233993028,-1.3648701233993028,-1.3648701233993028,0.5698445704765618,-2.072578703682391
Q3G:Q6R:L7I,Q3G:Q6R:L7I,3,-1.1185278576894895,-1.1185278576894895,-1.1185278576894895,-1.1185278576894895,-1.3838076069144734,-1.3838076069144734,-1.3838076069144734,-1.3838076069144734,-0.8921058930237099,-0.8921058930237099,-0.8921058930237099,-0.8921058930237099,-0.9245955157442259,-0.9245955157442259,-0.9245955157442259,-0.9245955157442259,0.4848181838169694,-2.420718613576586
Q3N:Q6R:S8K,Q3N:Q6R:S8K,3,-1.355768534014863,-1.355768534014863,-1.355768534014863,-1.355768534014863,-0.8406029258171354,-0.8406029258171354,-0.8406029258171354,-0.8406029258171354,-1.2965648269298837,-1.2965648269298837,-1.2965648269298837,-1.2965648269298837,-1.0864486560613094,-1.0864486560613094,-1.0864486560613094,-1.0864486560613094,0.16677250037901103,-3.076998521489853
Q3N:Q6R:S8T,Q3N:Q6R:S8T,3,-2.2098818308016464,-2.2098818308016464,-2.2098818308016464,-2.2098818308016464,-2.158341708128926,-2.158341708128926,-2.158341708128926,-2.158341708128926,-1.093712606307034,-1.093712606307034,-1.093712606307034,-1.093712606307034,-0.9866461060595676,-0.9866461060595676,-0.9866461060595676,-0.9866461060595676,0.15505346888676286,-3.034452562874423
Q3N:L7Q:S8K,Q3N:L7Q:S8K,3,-0.0946060142651306,-0.0946060142651306,-0.0946060142651306,-0.0946060142651306,-0.3771362848174824,-0.3771362848174824,-0.3771362848174824,-0.3771362848174824,-0.3224409969806148,-0.3224409969806148,-0.3224409969806148,-0.3224409969806148,-1.1138397552134398,-1.1138397552134398,-1.1138397552134398,-1.1138397552134398,0.17454938497394323,-1.9339059539783199
Q3G:L7V:S8K,Q3G:L7V:S8K,3,-0.9468246924357112,-0.9468246924357112,-0.9468246924357112,-0.9468246924357112,-0.6919203411886576,-0.6919203411886576,-0.6919203411886576,-0.6919203411886576,-0.4415040773366228,-0.4415040773366228,-0.4415040773366228,-0.4415040773366228,-0.8716529121099096,-0.8716529121099096,-0.8716529121099096,-0.8716529121099096,0.0035406765528023243,-1.6499736807088015
Q3G:L7I:Q9K,Q3G:L7I:Q9K,3,-1.090794560589439,-1.090794560589439,-1.090794560589439,-1.090794560589439,-0.3730157852847492,-0.3730157852847492,-0.3730157852847492,-0.3730157852847492,-0.32942875513931025,-0.32942875513931025,-0.32942875513931025,-0.32942875513931025,-0.6141892605393725,-0.6141892605393725,-0.6141892605393725,-0.6141892605393725,0.44543452095240355,-1.6473768401974003
Q3G:L7Q:Q9K,Q3G:L7Q:Q9K,3,-1.3277496071674217,-1.3277496071674217,-1.3277496071674217,-1.3277496071674217,-2.0744585821486714,-2.0744585821486714,-2.0744585821486714,-2.0744585821486714,-1.2003235858484933,-1.2003235858484933,-1.2003235858484933,-1.2003235858484933,-0.8950039223666408,-0.8950039223666408,-0.8950039223666408,-0.8950039223666408,0.929025393910706,-1.7432861218651112
Q3G:L7V:Q9R,Q3G:L7V:Q9R,3,-0.4601308460393472,-0.4601308460393472,-0.4601308460393472,-0.4601308460393472,-0.11129246319881148,-0.11129246319881148,-0.11129246319881148,-0.11129246319881148,-0.6965319277644753,-0.6965319277644753,-0.6965319277644753,-0.6965319277644753,-0.679229252182626,-0.679229252182626,-0.679229252182626,-0.679229252182626,0.945939423982054,-2.0708339336248764
Q3N:L7I:H10Y,Q3N:L7I:H10Y,3,-2.2609355101240736,-2.2609355101240736,-2.2609355101240736,-2.2609355101240736,-2.1821570227594957,-2.1821570227594957,-2.1821570227594957,-2.1821570227594957,-2.117717833111804,-2.117717833111804,-2.117717833111804,-2.117717833111804,-1.1254783802748194,-1.1254783802748194,-1.1254783802748194,-1.1254783802748194,0.5068158833310008,-2.646719113367411
Q3N:L7Q:H10Y,Q3N:L7Q:H10Y,3,-1.1985359675865213,-1.1985359675865213,-1.1985359675865213,-1.1985359675865213,-1.4002002836809053,-1.4002002836809053,-1.4002002836809053,-1.4002002836809053,-0.9060060195133619,-0.9060060195133619,-0.9060060195133619,-0.9060060195133619,-0.892403899708097,-0.892403899708097,-0.892403899708097,-0.892403899708097,0.9265688629820943,-0.9868382330205048
Q3N:L7V:H10F,Q3N:L7V:H10F,3,-2.0448272770379483,-2.0448272770379483,-2.0448272770379483,-2.0448272770379483,-0.8214201349464065,-0.8214201349464065,-0.8214201349464065,-0.8214201349464065,-0.8573759592651927,-0.8573759592651927,-0.8573759592651927,-0.8573759592651927,-0.5281382435679853,-0.5281382435679853,-0.5281382435679853,-0.5281382435679853,0.2446940722875297,-1.3347835677364337
Q3G:L7I:H10F,Q3G:L7I:H10F,3,-0.8740704802448298,-0.8740704802448298,-0.8740704802448298,-0.8740704802448298,-0.44362025610089006,-0.44362025610089006,-0.44362025610089006,-0.44362025610089006,-0.7091277059622125,-0.7091277059622125,-0.7091277059622125,-0.7091277059622125,-0.8623585541835286,-0.8623585541835286,-0.8623585541835286,-0.8623585541835286,0.24692996963858604,-2.07573144388905
Q3N:L7Q:A11S,Q3N:L7Q:A11S,3,-1.7931015510077393,-1.7931015510077393,-1.7931015510077393,-1.7931015510077393,-0.7818576717182868,-0.7818576717182868,-0.7818576717182868,-0.7818576717182868,-1.228727580561766,-1.228727580561766,-1.228727580561766,-1.228727580561766,-0.907782287978951,-0.907782287978951,-0.907782287978951,-0.907782287978951,0.9926237124018371,-2.322782257066023
Q3N:S8K:Q9R,Q3N:S8K:Q9R,3,-0.8303518046513019,-0.8303518046513019,-0.8303518046513019,-0.8303518046513019,-0.5085102227963714,-0.5085102227963714,-0.5085102227963714,-0.5085102227963714,-0.05663939627892334,-0.05663939627892334,-0.05663939627892334,-0.05663939627892334,-0.009186496619237872,-0.009186496619237872,-0.009186496619237872,-0.009186496619237872,0.9103780062869191,-1.7099652607302236
Q3G:S8T:Q9K,Q3G:S8T:Q9K,3,-0.020148240887891466,-0.020148240887891466,-0.020148240887891466,-0.020148240887891466,-0.8032540454342196,-0.8032540454342196,-0.8032540454342196,-0.8032540454342196,-0.1502095584603289,-0.1502095584603289,-0.1502095584603289,-0.1502095584603289,-0.8677833993085483,-0.8677833993085483,-0.8677833993085483,-0.8677833993085483,0.8457339408341795,-1.0152458585709463
Q3N:S8K:H10Y,Q3N:S8K:H10Y,3,-1.6181634718108475,-1.6181634718108475,-1.6181634718108475,-1.6181634718108475,-1.6550117071108954,-1.6550117071108954,-1.6550117071108954,-1.6550117071108954,-1.6328761954201443,-1.6328761954201443,-1.6328761954201443,-1.6328761954201443,-0.9801263492795097,-0.9801263492795097,-0.9801263492795097,-0.9801263492795097,0.06799288280308247,-1.6577645246557384
Q3N:S8L:H10F,Q3N:S8L:H10F,3,-2.0407458432601255,-2.0407458432601255,-2.0407458432601255,-2.0407458432601255,-1.7796291378253308,-1.7796291378253308,-1.7796291378253308,-1.7796291378253308,-1.9333336585698433,-1.9333336585698433,-1.9333336585698433,-1.9333336585698433,-0.8655250827350398,-0.8655250827350398,-0.8655250827350398,-0.8655250827350398,0.843956742901355,-0.8763655935734902
Q3N:S8T:H10F,Q3N:S8T:H10F,3,-2.1646164791144358,-2.1646164791144358,-2.1646164791144358,-2.1646164791144358,-1.601900813009918,-1.601900813009918,-1.601900813009918,-1.601900813009918,-0.8671749514147371,-0.8671749514147371,-0.8671749514147371,-0.8671749514147371,-0.7406833476943485,-0.7406833476943485,-0.7406833476943485,-0.7406833476943485,0.641014261636883,-2.492005835156795
Q3G:S8C:H10F,Q3G:S8C:H10F,3,-0.9696131524780436,-0.9696131524780436,-0.9696131524780436,-0.9696131524780436,-0.6211679021220171,-0.6211679021220171,-0.6211679021220171,-0.6211679021220171,-0.5486105621991465,-0.5486105621991465,-0.5486105621991465,-0.5486105621991465,-0.6609798897394643,-0.6609798897394643,-0.6609798897394643,-0.6609798897394643,0.8108074991032481,-0.33039640430875794
Q3G:S8K:A11S,Q3G:S8K:A11S,3,-2.0079855904904096,-2.0079855904904096,-2.0079855904904096,-2.0079855904904096,-2.1871874308952286,-2.1871874308952286,-2.1871874308952286,-2.1871874308952286,-1.4868466984917714,-1.4868466984917714,-1.4868466984917714,-1.4868466984917714,-1.2739454738542426,-1.2739454738542426,-1.2739454738542426,-1.2739454738542426,0.3563727808650583,-0.5860758613315438
Q3G:Q9K:H10Y,Q3G:Q9K:H10Y,3,-1.1255020734559564,-1.1255020734559564,-1.1255020734559564,-1.1255020734559564,-1.4320833211618706,-1.4320833211618706,-1.4320833211618706,-1.4320833211618706,-1.3502530629454466,-1.3502530629454466,-1.3502530629454466,-1.3502530629454466,-0.5907249741425291,-0.5907249741425291,-0.5907249741425291,-0.5907249741425291,0.6460148636251688,0.3656538800049596
R4T:A5M:Q6R,R4T:A5M:Q6R,3,-2.1362079983335285,-2.1362079983335285,-2.1362079983335285,-2.1362079983335285,-1.6073547115938343,-1.6073547115938343,-1.6073547115938343,-1.6073547115938343,-1.7597323164818082,-1.7597323164818082,-1.7597323164818082,-1.7597323164818082,-1.582215993054477,-1.582215993054477,-1.582215993054477,-1.582215993054477,0.290541295427829,-2.1648779740946216
R4Q:A5M:Q6R,R4Q:A5M:Q6R,3,-2.2805077833958234,-2.2805077833958234,-2.2805077833958234,-2.2805077833958234,-2.1420635985802337,-2.1420635985802337,-2.1420635985802337,-2.1420635985802337,-1.696781153332148,-1.696781153332148,-1.696781153332148,-1.696781153332148,-1.2513664933240887,-1.2513664933240887,-1.2513664933240887,-1.2513664933240887,0.7113904452417046,-1.2791650884423937
R4L:A5M:Q6R,R4L:A5M:Q6R,3,-2.273807403121432,-2.273807403121432,-2.273807403121432,-2.273807403121432,-1.9455307012027023,-1.9455307012027023,-1.9455307012027023,-1.9455307012027023,-1.9931577427042264,-1.9931577427042264,-1.9931577427042264,-1.9931577427042264,-1.7595697427832264,-1.7595697427832264,-1.7595697427832264,-1.7595697427832264,0.34333310509100556,-3.096518268102269
R4L:A5I:Q6R,R4L:A5I:Q6R,3,-1.8924930602180527,-1.8924930602180527,-1.8924930602180527,-1.8924930602180527,-1.2019369622371654,-1.2019369622371654,-1.2019369622371654,-1.2019369622371654,-0.6727687657249506,-0.6727687657249506,-0.6727687657249506,-0.6727687657249506,0.171141788745238,0.171141788745238,0.171141788745238,0.171141788745238,0.6132956161163747,-2.644727042708121
R4T:A5I:L7V,R4T:A5I:L7V,3,-2.7967879127512667,-2.7967879127512667,-2.7967879127512667,-2.7967879127512667,-1.0927450666271359,-1.0927450666271359,-1.0927450666271359,-1.0927450666271359,-1.699320446453434,-1.699320446453434,-1.699320446453434,-1.699320446453434,-1.2794192394792818,-1.2794192394792818,-1.2794192394792818,-1.2794192394792818,0.6155244410037994,-1.3703435599840426
R4Q:A5M:S8C,R4Q:A5M:S8C,3,-0.9797922252657222,-0.9797922252657222,-0.9797922252657222,-0.9797922252657222,-1.1134871116029523,-1.1134871116029523,-1.1134871116029523,-1.1134871116029523,-1.134065446876375,-1.134065446876375,-1.134065446876375,-1.134065446876375,-1.1116507060793919,-1.1116507060793919,-1.1116507060793919,-1.1116507060793919,0.1407404043711722,-2.601450375271539
R4A:A5I:S8L,R4A:A5I:S8L,3,-0.6285167304943113,-0.6285167304943113,-0.6285167304943113,-0.6285167304943113,0.18997993172113037,0.18997993172113037,0.18997993172113037,0.18997993172113037,-0.8229905341103453,-0.8229905341103453,-0.8229905341103453,-0.8229905341103453,-0.4260241348816427,-0.4260241348816427,-0.4260241348816427,-0.4260241348816427,0.7602488936390728,-3.903114864745418
R4H:A5I:S8K,R4H:A5I:S8K,3,-1.4977568440107825,-1.4977568440107825,-1.4977568440107825,-1.4977568440107825,-1.03252886315929,-1.03252886315929,-1.03252886315929,-1.03252886315929,-1.460362209941978,-1.460362209941978,-1.460362209941978,-1.460362209941978,-0.2025753531091743,-0.2025753531091743,-0.2025753531091743,-0.2025753531091743,0.45144928921945393,-2.3440840359997144
R4H:A5I:S8T,R4H:A5I:S8T,3,0.25050776863192714,0.25050776863192714,0.25050776863192714,0.25050776863192714,-0.3051763234776952,-0.3051763234776952,-0.3051763234776952,-0.3051763234776952,-0.7462075576980857,-0.7462075576980857,-0.7462075576980857,-0.7462075576980857,-0.165473894391319,-0.165473894391319,-0.165473894391319,-0.165473894391319,0.4553556330502033,-1.7174559199562625
R4P:A5M:S8L,R4P:A5M:S8L,3,-3.569568255408129,-3.569568255408129,-3.569568255408129,-3.569568255408129,-2.131319023132672,-2.131319023132672,-2.131319023132672,-2.131319023132672,-1.7073161853893035,-1.7073161853893035,-1.7073161853893035,-1.7073161853893035,-1.1093508691917664,-1.1093508691917664,-1.1093508691917664,-1.1093508691917664,0.512497398070991,-1.9861729954862677
R4H:A5M:Q9A,R4H:A5M:Q9A,3,-0.22592840707926537,-0.22592840707926537,-0.22592840707926537,-0.22592840707926537,-0.41248116450957306,-0.41248116450957306,-0.41248116450957306,-0.41248116450957306,-1.0899586203935536,-1.0899586203935536,-1.0899586203935536,-1.0899586203935536,-1.0709359637901383,-1.0709359637901383,-1.0709359637901383,-1.0709359637901383,0.7154626352712512,-2.559559994920359
R4L:A5I:A11S,R4L:A5I:A11S,3,-2.045814919267385,-2.045814919267385,-2.045814919267385,-2.045814919267385,-0.4479965089944753,-0.4479965089944753,-0.4479965089944753,-0.4479965089944753,-1.459731038361754,-1.459731038361754,-1.459731038361754,-1.459731038361754,-1.548380951932872,-1.548380951932872,-1.548380951932872,-1.548380951932872,0.031191422836855054,-1.243951244674825
R4A:A5M:A11S,R4A:A5M:A11S,3,-2.3527940844433406,-2.3527940844433406,-2.3527940844433406,-2.3527940844433406,-3.065117489158209,-3.065117489158209,-3.065117489158209,-3.065117489158209,-2.9135665271164255,-2.9135665271164255,-2.9135665271164255,-2.9135665271164255,-2.3676096157865127,-2.3676096157865127,-2.3676096157865127,-2.3676096157865127,0.45991256926208735,-2.5891886030358053
R4Q:Q6R:L7V,R4Q:Q6R:L7V,3,-2.098570903218258,-2.098570903218258,-2.098570903218258,-2.098570903218258,-2.2352757429539154,-2.2352757429539154,-2.2352757429539154,-2.2352757429539154,-1.5986724492365976,-1.5986724492365976,-1.5986724492365976,-1.5986724492365976,-1.4475272528538716,-1.4475272528538716,-1.4475272528538716,-1.4475272528538716,0.3735327844042331,-2.495503903651209
R4L:Q6R:L7V,R4L:Q6R:L7V,3,-1.4703501263260716,-1.4703501263260716,-1.4703501263260716,-1.4703501263260716,-1.915826708291781,-1.915826708291781,-1.915826708291781,-1.915826708291781,-2.1444988452575013,-2.1444988452575013,-2.1444988452575013,-2.1444988452575013,-1.7498043851486147,-1.7498043851486147,-1.7498043851486147,-1.7498043851486147,0.16392886312678456,-2.8294679636736304
R4H:Q6R:L7V,R4H:Q6R:L7V,3,-0.7904757787822507,-0.7904757787822507,-0.7904757787822507,-0.7904757787822507,-1.1292498227304384,-1.1292498227304384,-1.1292498227304384,-1.1292498227304384,-1.6553567742441162,-1.6553567742441162,-1.6553567742441162,-1.6553567742441162,-1.292890530168274,-1.292890530168274,-1.292890530168274,-1.292890530168274,0.9705524365417659,-3.263172129529866
R4C:Q6R:L7I,R4C:Q6R:L7I,3,-1.7353902564192438,-1.7353902564192438,-1.7353902564192438,-1.7353902564192438,-1.2496973308968164,-1.2496973308968164,-1.2496973308968164,-1.2496973308968164,-0.8472328580606784,-0.8472328580606784,-0.8472328580606784,-0.8472328580606784,-0.6328607688715675,-0.6328607688715675,-0.6328607688715675,-0.6328607688715675,0.9475512788631022,-0.6323881602169197
R4P:Q6R:L7Q,R4P:Q6R:L7Q,3,-2.8361675501327808,-2.8361675501327808,-2.8361675501327808,-2.8361675501327808,-1.6843919677305421,-1.6843919677305421,-1.6843919677305421,-1.6843919677305421,-1.5297750601094684,-1.5297750601094684,-1.5297750601094684,-1.5297750601094684,-0.74570824618524,-0.74570824618524,-0.74570824618524,-0.74570824618524,0.9102999118622392,-1.0011745613007355
R4L:Q6R:S8C,R4L:Q6R:S8C,3,-2.1151179921382512,-2.1151179921382512,-2.1151179921382512,-2.1151179921382512,-1.733555679877624,-1.733555679877624,-1.733555679877624,-1.733555679877624,-1.5970206371899835,-1.5970206371899835,-1.5970206371899835,-1.5970206371899835,-1.3590385503839617,-1.3590385503839617,-1.3590385503839617,-1.3590385503839617,0.792107543675229,-2.4694745239259435
R4A:Q6R:S8C,R4A:Q6R:S8C,3,-2.0227144154496455,-2.0227144154496455,-2.0227144154496455,-2.0227144154496455,-2.252159192677195,-2.252159192677195,-2.252159192677195,-2.252159192677195,-1.8029396606738977,-1.8029396606738977,-1.8029396606738977,-1.8029396606738977,-1.321559495255137,-1.321559495255137,-1.321559495255137,-1.321559495255137,0.12773060612380505,-1.839263317024406
R4H:Q6R:S8L,R4H:Q6R:S8L,3,-1.4924302795189717,-1.4924302795189717,-1.4924302795189717,-1.4924302795189717,-1.536433182438658,-1.536433182438658,-1.536433182438658,-1.536433182438658,-2.1467995466403216,-2.1467995466403216,-2.1467995466403216,-2.1467995466403216,-1.4428295852244557,-1.4428295852244557,-1.4428295852244557,-1.4428295852244557,0.4830790418200195,-1.8070027496967218
R4C:Q6R:S8K,R4C:Q6R:S8K,3,-1.139215567169599,-1.139215567169599,-1.139215567169599,-1.139215567169599,0.024604037554696534,0.024604037554696534,0.024604037554696534,0.024604037554696534,-1.637596179768869,-1.637596179768869,-1.637596179768869,-1.637596179768869,-1.2658970906936964,-1.2658970906936964,-1.2658970906936964,-1.2658970906936964,0.569784905295819,-2.1878673375904754
R4P:Q6R:S8L,R4P:Q6R:S8L,3,-3.532910146524239,-3.532910146524239,-3.532910146524239,-3.532910146524239,-2.346679192866733,-2.346679192866733,-2.346679192866733,-2.346679192866733,-2.091209099836167,-2.091209099836167,-2.091209099836167,-2.091209099836167,-1.5465186735150287,-1.5465186735150287,-1.5465186735150287,-1.5465186735150287,0.15554634621366858,-3.3916243745998798
R4H:Q6R:Q9K,R4H:Q6R:Q9K,3,-1.3922784589605588,-1.3922784589605588,-1.3922784589605588,-1.3922784589605588,-2.1773071588529316,-2.1773071588529316,-2.1773071588529316,-2.1773071588529316,-2.0514586277016478,-2.0514586277016478,-2.0514586277016478,-2.0514586277016478,-2.039479485794444,-2.039479485794444,-2.039479485794444,-2.039479485794444,0.5220823967829347,-0.5801454219400686
R4T:L7Q:S8C,R4T:L7Q:S8C,3,-1.124974615101844,-1.124974615101844,-1.124974615101844,-1.124974615101844,-0.9933177150271394,-0.9933177150271394,-0.9933177150271394,-0.9933177150271394,0.03873416205871627,0.03873416205871627,0.03873416205871627,0.03873416205871627,0.042492627387813675,0.042492627387813675,0.042492627387813675,0.042492627387813675,0.439677189104259,-2.6642125868865802
R4Q:L7I:S8R,R4Q:L7I:S8R,3,-1.5097202127174199,-1.5097202127174199,-1.5097202127174199,-1.5097202127174199,-1.902524218462267,-1.902524218462267,-1.902524218462267,-1.902524218462267,-1.7287449880292276,-1.7287449880292276,-1.7287449880292276,-1.7287449880292276,-1.7360426726927087,-1.7360426726927087,-1.7360426726927087,-1.7360426726927087,0.8173609673976898,-2.308479231293815
R4Q:L7V:S8R,R4Q:L7V:S8R,3,-2.363207853224357,-2.363207853224357,-2.363207853224357,-2.363207853224357,-1.4357959034003125,-1.4357959034003125,-1.4357959034003125,-1.4357959034003125,-1.2868654091020246,-1.2868654091020246,-1.2868654091020246,-1.2868654091020246,-1.200146886914641,-1.200146886914641,-1.200146886914641,-1.200146886914641,0.10614569135941565,-4.419915232651583
R4L:L7I:S8C,R4L:L7I:S8C,3,-2.0643551558925166,-2.0643551558925166,-2.0643551558925166,-2.0643551558925166,-1.719292164788829,-1.719292164788829,-1.719292164788829,-1.719292164788829,-1.6867369004936894,-1.6867369004936894,-1.6867369004936894,-1.6867369004936894,-1.1576377068806154,-1.1576377068806154,-1.1576377068806154,-1.1576377068806154,0.8161620227620006,-0.6250450922972042
R4L:L7Q:S8L,R4L:L7Q:S8L,3,-1.9628836969899885,-1.9628836969899885,-1.9628836969899885,-1.9628836969899885,-2.1376643912048774,-2.1376643912048774,-2.1376643912048774,-2.1376643912048774,-2.333344036543893,-2.333344036543893,-2.333344036543893,-2.333344036543893,-2.2914497228438093,-2.2914497228438093,-2.2914497228438093,-2.2914497228438093,0.7647273337934166,-2.719328921854486
R4L:L7Q:S8C,R4L:L7Q:S8C,3,-2.381778456743145,-2.381778456743145,-2.381778456743145,-2.381778456743145,-2.3970179097775146,-2.3970179097775146,-2.3970179097775146,-2.3970179097775146,-1.7646637679033266,-1.7646637679033266,-1.7646637679033266,-1.7646637679033266,-1.3464441727662249,-1.3464441727662249,-1.3464441727662249,-1.3464441727662249,0.7998844282701612,-1.8408834508788827
R4L:L7V:S8R,R4L:L7V:S8R,3,-2.44161034660402,-2.44161034660402,-2.44161034660402,-2.44161034660402,-2.1594142725543914,-2.1594142725543914,-2.1594142725543914,-2.1594142725543914,-1.9148117487936114,-1.9148117487936114,-1.9148117487936114,-1.9148117487936114,-1.6062714854529572,-1.6062714854529572,-1.6062714854529572,-1.6062714854529572,0.11149845132604241,-3.3760669067168614
R4L:L7V:S8L,R4L:L7V:S8L,3,-1.4258204009435038,-1.4258204009435038,-1.4258204009435038,-1.4258204009435038,-1.6856578615156887,-1.6856578615156887,-1.6856578615156887,-1.6856578615156887,-1.916915666424686,-1.916915666424686,-1.916915666424686,-1.916915666424686,-1.72503185390209,-1.72503185390209,-1.72503185390209,-1.72503185390209,0.9943081364035606,-4.369207263569713
R4A:L7I:S8L,R4A:L7I:S8L,3,-0.24921318273201432,-0.24921318273201432,-0.24921318273201432,-0.24921318273201432,-0.2772500483155349,-0.2772500483155349,-0.2772500483155349,-0.2772500483155349,-1.7637368095264012,-1.7637368095264012,-1.7637368095264012,-1.7637368095264012,-1.8583007174825903,-1.8583007174825903,-1.8583007174825903,-1.8583007174825903,0.5238511958159506,-3.0484832049777846
R4A:L7Q:S8K,R4A:L7Q:S8K,3,-2.267021974979701,-2.267021974979701,-2.267021974979701,-2.267021974979701,-2.010152879027594,-2.010152879027594,-2.010152879027594,-2.010152879027594,-1.1048799318866418,-1.1048799318866418,-1.1048799318866418,-1.1048799318866418,-0.9785209215556597,-0.9785209215556597,-0.9785209215556597,-0.9785209215556597,0.2422580651473254,-1.8950199456912344
R4H:L7Q:S8T,R4H:L7Q:S8T,3,0.37265009882325284,0.37265009882325284,0.37265009882325284,0.37265009882325284,-0.15740975696081216,-0.15740975696081216,-0.15740975696081216,-0.15740975696081216,-1.542354664919235,-1.542354664919235,-1.542354664919235,-1.542354664919235,-0.3876245961964395,-0.3876245961964395,-0.3876245961964395,-0.3876245961964395,0.564051476540044,-0.9101681017506966
R4C:L7Q:S8K,R4C:L7Q:S8K,3,-1.3461437118697088,-1.3461437118697088,-1.3461437118697088,-1.3461437118697088,-0.6057091407826467,-0.6057091407826467,-0.6057091407826467,-0.6057091407826467,-0.9945113158561651,-0.9945113158561651,-0.9945113158561651,-0.9945113158561651,-0.8252283473888167,-0.8252283473888167,-0.8252283473888167,-0.8252283473888167,0.5991248202044517,-4.6790214176107945
R4P:L7I:S8T,R4P:L7I:S8T,3,-1.2055337204122498,-1.2055337204122498,-1.2055337204122498,-1.2055337204122498,-0.8016678780655757,-0.8016678780655757,-0.8016678780655757,-0.8016678780655757,-0.10978706527801863,-0.10978706527801863,-0.10978706527801863,-0.10978706527801863,-0.3593284835394803,-0.3593284835394803,-0.3593284835394803,-0.3593284835394803,0.7792503137607127,-1.1772358375703422
R4P:L7V:S8T,R4P:L7V:S8T,3,-1.698406816594778,-1.698406816594778,-1.698406816594778,-1.698406816594778,-0.7324162984127096,-0.7324162984127096,-0.7324162984127096,-0.7324162984127096,-0.37060811354083634,-0.37060811354083634,-0.37060811354083634,-0.37060811354083634,-0.6033705548599426,-0.6033705548599426,-0.6033705548599426,-0.6033705548599426,0.14145211409777403,-1.365545944644846
R4T:L7I:Q9R,R4T:L7I:Q9R,3,-2.0993782676704567,-2.0993782676704567,-2.0993782676704567,-2.0993782676704567,-0.8504933909469318,-0.8504933909469318,-0.8504933909469318,-0.8504933909469318,-1.001745641517646,-1.001745641517646,-1.001745641517646,-1.001745641517646,-0.9548745313347639,-0.9548745313347639,-0.9548745313347639,-0.9548745313347639,0.6785404700785875,-2.3091102631113127
R4T:L7I:Q9A,R4T:L7I:Q9A,3,-0.515621662183694,-0.515621662183694,-0.515621662183694,-0.515621662183694,-0.8043616227032946,-0.8043616227032946,-0.8043616227032946,-0.8043616227032946,-0.7735829511631672,-0.7735829511631672,-0.7735829511631672,-0.7735829511631672,-0.6126366165020223,-0.6126366165020223,-0.6126366165020223,-0.6126366165020223,0.6277580002788454,-3.6631954706392875
R4T:L7V:Q9K,R4T:L7V:Q9K,3,-1.6112661501804344,-1.6112661501804344,-1.6112661501804344,-1.6112661501804344,-1.3613477930318365,-1.3613477930318365,-1.3613477930318365,-1.3613477930318365,-1.6554612792380576,-1.6554612792380576,-1.6554612792380576,-1.6554612792380576,-1.7085949744129052,-1.7085949744129052,-1.7085949744129052,-1.7085949744129052,0.4688650160096586,-2.8054805042335498
R4T:L7V:Q9A,R4T:L7V:Q9A,3,-0.8014834226464146,-0.8014834226464146,-0.8014834226464146,-0.8014834226464146,-0.35213199368291703,-0.35213199368291703,-0.35213199368291703,-0.35213199368291703,-0.6454539556039779,-0.6454539556039779,-0.6454539556039779,-0.6454539556039779,-0.5803282009106591,-0.5803282009106591,-0.5803282009106591,-0.5803282009106591,0.49230307899415493,-3.291550303215916
R4Q:L7I:Q9A,R4Q:L7I:Q9A,3,-0.8416956024864326,-0.8416956024864326,-0.8416956024864326,-0.8416956024864326,-1.6369242685053411,-1.6369242685053411,-1.6369242685053411,-1.6369242685053411,-1.0867331072104298,-1.0867331072104298,-1.0867331072104298,-1.0867331072104298,-0.7897380157406808,-0.7897380157406808,-0.7897380157406808,-0.7897380157406808,0.03840862726792693,-3.6137917665695563
R4L:L7V:Q9K,R4L:L7V:Q9K,3,-1.699437572791904,-1.699437572791904,-1.699437572791904,-1.699437572791904,-1.7996437810001829,-1.7996437810001829,-1.7996437810001829,-1.7996437810001829,-2.1570572673874846,-2.1570572673874846,-2.1570572673874846,-2.1570572673874846,-1.4916001265211445,-1.4916001265211445,-1.4916001265211445,-1.4916001265211445,0.8430471490137279,-2.4054921658968262
R4H:L7I:Q9R,R4H:L7I:Q9R,3,-1.1304503477581291,-1.1304503477581291,-1.1304503477581291,-1.1304503477581291,-0.6023088402947797,-0.6023088402947797,-0.6023088402947797,-0.6023088402947797,-1.0001992639115298,-1.0001992639115298,-1.0001992639115298,-1.0001992639115298,-0.47759633527623446,-0.47759633527623446,-0.47759633527623446,-0.47759633527623446,0.7507021157070994,-2.293506953119762
R4C:L7V:Q9K,R4C:L7V:Q9K,3,-1.5216817133412732,-1.5216817133412732,-1.5216817133412732,-1.5216817133412732,-1.3526230702066635,-1.3526230702066635,-1.3526230702066635,-1.3526230702066635,-2.145690624860966,-2.145690624860966,-2.145690624860966,-2.145690624860966,-2.027925401876418,-2.027925401876418,-2.027925401876418,-2.027925401876418,0.5920530154835433,-1.5033404378231785
R4P:L7I:Q9R,R4P:L7I:Q9R,3,-2.9637117307240044,-2.9637117307240044,-2.9637117307240044,-2.9637117307240044,-0.9373447826519461,-0.9373447826519461,-0.9373447826519461,-0.9373447826519461,-0.8298178238707263,-0.8298178238707263,-0.8298178238707263,-0.8298178238707263,-0.5533026133334373,-0.5533026133334373,-0.5533026133334373,-0.5533026133334373,0.9891064586117864,-1.747612275346288
R4P:L7Q:Q9R,R4P:L7Q:Q9R,3,-3.1203679591217712,-3.1203679591217712,-3.1203679591217712,-3.1203679591217712,-0.75578407234191,-0.75578407234191,-0.75578407234191,-0.75578407234191,-0.8700993699577844,-0.8700993699577844,-0.8700993699577844,-0.8700993699577844,-0.4517152081559781,-0.4517152081559781,-0.4517152081559781,-0.4517152081559781,0.06472765933722258,-2.059964605419365
R4P:L7Q:Q9A,R4P:L7Q:Q9A,3,-1.7904890166829865,-1.7904890166829865,-1.7904890166829865,-1.7904890166829865,-1.0743084896085746,-1.0743084896085746,-1.0743084896085746,-1.0743084896085746,-0.713154362031978,-0.713154362031978,-0.713154362031978,-0.713154362031978,-0.3336089143333363,-0.3336089143333363,-0.3336089143333363,-0.3336089143333363,0.13894819212146103,-0.6773352085629183
R4P:L7V:Q9R,R4P:L7V:Q9R,3,-2.4176402379554416,-2.4176402379554416,-2.4176402379554416,-2.4176402379554416,-0.04606086598393344,-0.04606086598393344,-0.04606086598393344,-0.04606086598393344,-0.31799834054005016,-0.31799834054005016,-0.31799834054005016,-0.31799834054005016,-0.5835995230842738,-0.5835995230842738,-0.5835995230842738,-0.5835995230842738,0.7759622496087104,-2.4923920039527125
R4Q:L7I:H10Y,R4Q:L7I:H10Y,3,-2.353967087459405,-2.353967087459405,-2.353967087459405,-2.353967087459405,-2.500373746001717,-2.500373746001717,-2.500373746001717,-2.500373746001717,-1.8506776413019448,-1.8506776413019448,-1.8506776413019448,-1.8506776413019448,-1.9477427443083917,-1.9477427443083917,-1.9477427443083917,-1.9477427443083917,0.7192455271724612,-3.931685231386255
R4Q:L7V:H10F,R4Q:L7V:H10F,3,-2.1292732239685885,-2.1292732239685885,-2.1292732239685885,-2.1292732239685885,-1.3569384146751595,-1.3569384146751595,-1.3569384146751595,-1.3569384146751595,-1.5395772817507802,-1.5395772817507802,-1.5395772817507802,-1.5395772817507802,-1.091854158050708,-1.091854158050708,-1.091854158050708,-1.091854158050708,0.2476363021414727,-2.21458599674736
R4L:L7Q:H10F,R4L:L7Q:H10F,3,-1.9483995060556425,-1.9483995060556425,-1.9483995060556425,-1.9483995060556425,-2.2035557637526204,-2.2035557637526204,-2.2035557637526204,-2.2035557637526204,-2.7640878608098256,-2.7640878608098256,-2.7640878608098256,-2.7640878608098256,-2.3656966660607424,-2.3656966660607424,-2.3656966660607424,-2.3656966660607424,0.7448802052531391,-1.1840909998574471
R4A:L7I:H10Y,R4A:L7I:H10Y,3,-2.2456574316478433,-2.2456574316478433,-2.2456574316478433,-2.2456574316478433,-2.2550498228049247,-2.2550498228049247,-2.2550498228049247,-2.2550498228049247,-2.1620229048491404,-2.1620229048491404,-2.1620229048491404,-2.1620229048491404,-2.1365501560521762,-2.1365501560521762,-2.1365501560521762,-2.1365501560521762,0.21966019296087325,-2.1945191758263105
R4A:L7V:H10Y,R4A:L7V:H10Y,3,-2.1177232017967187,-2.1177232017967187,-2.1177232017967187,-2.1177232017967187,-2.229676917782911,-2.229676917782911,-2.229676917782911,-2.229676917782911,-2.3930773527478224,-2.3930773527478224,-2.3930773527478224,-2.3930773527478224,-2.432388948115483,-2.432388948115483,-2.432388948115483,-2.432388948115483,0.06796716945245862,-1.6528573640836477
R4H:L7I:H10Y,R4H:L7I:H10Y,3,-1.6578354188312707,-1.6578354188312707,-1.6578354188312707,-1.6578354188312707,-1.9042498235079797,-1.9042498235079797,-1.9042498235079797,-1.9042498235079797,-2.1910855397536975,-2.1910855397536975,-2.1910855397536975,-2.1910855397536975,-1.7336004152953217,-1.7336004152953217,-1.7336004152953217,-1.7336004152953217,0.06456005573272705,-3.7147718189704957
R4H:L7V:H10F,R4H:L7V:H10F,3,-1.2285461798855983,-1.2285461798855983,-1.2285461798855983,-1.2285461798855983,-0.30440262620455383,-0.30440262620455383,-0.30440262620455383,-0.30440262620455383,-1.1444188882239688,-1.1444188882239688,-1.1444188882239688,-1.1444188882239688,-1.001439375956803,-1.001439375956803,-1.001439375956803,-1.001439375956803,0.9544200864620507,-3.2842226303467026
R4H:L7V:H10Y,R4H:L7V:H10Y,3,-1.2992040706207721,-1.2992040706207721,-1.2992040706207721,-1.2992040706207721,-1.6987750484347552,-1.6987750484347552,-1.6987750484347552,-1.6987750484347552,-2.5358610246823274,-2.5358610246823274,-2.5358610246823274,-2.5358610246823274,-1.932256705134662,-1.932256705134662,-1.932256705134662,-1.932256705134662,0.028640619246289134,-3.8937038961458823
R4C:L7V:H10Y,R4C:L7V:H10Y,3,-1.7698262657755313,-1.7698262657755313,-1.7698262657755313,-1.7698262657755313,-2.212923913607707,-2.212923913607707,-2.212923913607707,-2.212923913607707,-3.1773529736905455,-3.1773529736905455,-3.1773529736905455,-3.1773529736905455,-2.1957397628102227,-2.1957397628102227,-2.1957397628102227,-2.1957397628102227,0.1864463435485959,-2.883014273241888
R4P:L7I:H10F,R4P:L7I:H10F,3,-2.1399810104490538,-2.1399810104490538,-2.1399810104490538,-2.1399810104490538,-1.3094071506320968,-1.3094071506320968,-1.3094071506320968,-1.3094071506320968,-1.2047594419472352,-1.2047594419472352,-1.2047594419472352,-1.2047594419472352,-1.0468787700672448,-1.0468787700672448,-1.0468787700672448,-1.0468787700672448,0.474323169561103,-2.2539336104787226
R4P:L7I:H10Y,R4P:L7I:H10Y,3,-2.92664290624208,-2.92664290624208,-2.92664290624208,-2.92664290624208,-2.650263148902619,-2.650263148902619,-2.650263148902619,-2.650263148902619,-2.1416302476573725,-2.1416302476573725,-2.1416302476573725,-2.1416302476573725,-1.791038299809943,-1.791038299809943,-1.791038299809943,-1.791038299809943,0.5407310146838427,-2.6100151947912344
R4T:L7V:A11S,R4T:L7V:A11S,3,-2.5232892020991735,-2.5232892020991735,-2.5232892020991735,-2.5232892020991735,-2.7211253816088807,-2.7211253816088807,-2.7211253816088807,-2.7211253816088807,-1.3016467332844917,-1.3016467332844917,-1.3016467332844917,-1.3016467332844917,-1.8565101119852083,-1.8565101119852083,-1.8565101119852083,-1.8565101119852083,0.08266648859716952,-1.516213719195484
R4Q:L7V:A11S,R4Q:L7V:A11S,3,-2.729882409452591,-2.729882409452591,-2.729882409452591,-2.729882409452591,-2.8418966627848286,-2.8418966627848286,-2.8418966627848286,-2.8418966627848286,-1.8762653761041865,-1.8762653761041865,-1.8762653761041865,-1.8762653761041865,-2.252317893842445,-2.252317893842445,-2.252317893842445,-2.252317893842445,0.9607631005346775,-1.9961927259910415
R4H:L7I:A11S,R4H:L7I:A11S,3,-1.160285025409492,-1.160285025409492,-1.160285025409492,-1.160285025409492,-0.9747252989103685,-0.9747252989103685,-0.9747252989103685,-0.9747252989103685,-1.2527754563212916,-1.2527754563212916,-1.2527754563212916,-1.2527754563212916,-1.778277426957678,-1.778277426957678,-1.778277426957678,-1.778277426957678,0.30455302679911256,-2.008928135820832
R4H:L7Q:A11S,R4H:L7Q:A11S,3,-1.0659569068843684,-1.0659569068843684,-1.0659569068843684,-1.0659569068843684,0.13203686707070617,0.13203686707070617,0.13203686707070617,0.13203686707070617,0.2954724554332806,0.2954724554332806,0.2954724554332806,0.2954724554332806,-0.7319586221535377,-0.7319586221535377,-0.7319586221535377,-0.7319586221535377,0.7099991557188332,-2.512739139877495
R4C:L7V:A11S,R4C:L7V:A11S,3,-2.532713873456105,-2.532713873456105,-2.532713873456105,-2.532713873456105,-2.507849369013422,-2.507849369013422,-2.507849369013422,-2.507849369013422,-2.766836465856846,-2.766836465856846,-2.766836465856846,-2.766836465856846,-1.9594969383171845,-1.9594969383171845,-1.9594969383171845,-1.9594969383171845,0.752513203304261,-1.2303489936229797
R4P:L7V:A11S,R4P:L7V:A11S,3,-3.762091493148841,-3.762091493148841,-3.762091493148841,-3.762091493148841,-2.254864088554343,-2.254864088554343,-2.254864088554343,-2.254864088554343,-1.4843260040993014,-1.4843260040993014,-1.4843260040993014,-1.4843260040993014,-2.002150948818242,-2.002150948818242,-2.002150948818242,-2.002150948818242,0.19968897593207657,-0.9455983031553665
R4T:S8K:Q9R,R4T:S8K:Q9R,3,-2.013868962175287,-2.013868962175287,-2.013868962175287,-2.013868962175287,-0.9744191292696118,-0.9744191292696118,-0.9744191292696118,-0.9744191292696118,-0.7519973582582248,-0.7519973582582248,-0.7519973582582248,-0.7519973582582248,-0.8659249737431876,-0.8659249737431876,-0.8659249737431876,-0.8659249737431876,0.80629129614681,-2.957500839738617
R4T:S8R:Q9K,R4T:S8R:Q9K,3,-2.200288733353993,-2.200288733353993,-2.200288733353993,-2.200288733353993,-2.643298473531759,-2.643298473531759,-2.643298473531759,-2.643298473531759,-2.032902079182098,-2.032902079182098,-2.032902079182098,-2.032902079182098,-1.428624380159258,-1.428624380159258,-1.428624380159258,-1.428624380159258,0.8457408612594008,-1.7461658429537534
R4T:S8R:Q9A,R4T:S8R:Q9A,3,-0.8267536689887749,-0.8267536689887749,-0.8267536689887749,-0.8267536689887749,-1.3360824852866267,-1.3360824852866267,-1.3360824852866267,-1.3360824852866267,-0.4646196108828726,-0.4646196108828726,-0.4646196108828726,-0.4646196108828726,-0.5569577641235289,-0.5569577641235289,-0.5569577641235289,-0.5569577641235289,0.8848042995668948,-2.377697885361234
R4T:S8T:Q9A,R4T:S8T:Q9A,3,-0.12281452740132787,-0.12281452740132787,-0.12281452740132787,-0.12281452740132787,-0.36230819716044516,-0.36230819716044516,-0.36230819716044516,-0.36230819716044516,-0.35601316856034193,-0.35601316856034193,-0.35601316856034193,-0.35601316856034193,-0.36582680245104204,-0.36582680245104204,-0.36582680245104204,-0.36582680245104204,0.8301520915701985,-5.300640329129381
R4Q:S8K:Q9A,R4Q:S8K:Q9A,3,-0.763614214800906,-0.763614214800906,-0.763614214800906,-0.763614214800906,-1.466862374479346,-1.466862374479346,-1.466862374479346,-1.466862374479346,-0.9458288260308261,-0.9458288260308261,-0.9458288260308261,-0.9458288260308261,-0.5662173676940776,-0.5662173676940776,-0.5662173676940776,-0.5662173676940776,0.23948780307546258,-2.379467395190477
R4Q:S8R:Q9R,R4Q:S8R:Q9R,3,-2.1936891698482173,-2.1936891698482173,-2.1936891698482173,-2.1936891698482173,-1.5047190140732614,-1.5047190140732614,-1.5047190140732614,-1.5047190140732614,-0.878218765532715,-0.878218765532715,-0.878218765532715,-0.878218765532715,-0.6856236037579605,-0.6856236037579605,-0.6856236037579605,-0.6856236037579605,0.16097479965537786,-1.9669104166692268
R4Q:S8L:Q9R,R4Q:S8L:Q9R,3,-2.141342666272704,-2.141342666272704,-2.141342666272704,-2.141342666272704,-1.877470006830881,-1.877470006830881,-1.877470006830881,-1.877470006830881,-1.4921302148118325,-1.4921302148118325,-1.4921302148118325,-1.4921302148118325,-1.3661382130635438,-1.3661382130635438,-1.3661382130635438,-1.3661382130635438,0.4000267540104687,-5.108752747380196
R4Q:S8C:Q9K,R4Q:S8C:Q9K,3,-1.0444584669197021,-1.0444584669197021,-1.0444584669197021,-1.0444584669197021,-1.6311171463022582,-1.6311171463022582,-1.6311171463022582,-1.6311171463022582,-1.2856913826009064,-1.2856913826009064,-1.2856913826009064,-1.2856913826009064,-1.408333852139068,-1.408333852139068,-1.408333852139068,-1.408333852139068,0.41118448693305254,-3.5037610962324663
R4Q:S8T:Q9A,R4Q:S8T:Q9A,3,-1.4323737019795286,-1.4323737019795286,-1.4323737019795286,-1.4323737019795286,-1.37394736505444,-1.37394736505444,-1.37394736505444,-1.37394736505444,-0.7522233281160093,-0.7522233281160093,-0.7522233281160093,-0.7522233281160093,-0.7761747944781281,-0.7761747944781281,-0.7761747944781281,-0.7761747944781281,0.7708681800868362,-2.5089906946987655
R4L:S8K:Q9K,R4L:S8K:Q9K,3,-1.3700215423466273,-1.3700215423466273,-1.3700215423466273,-1.3700215423466273,-1.6991402717606374,-1.6991402717606374,-1.6991402717606374,-1.6991402717606374,-1.5481551499217154,-1.5481551499217154,-1.5481551499217154,-1.5481551499217154,-1.7298573236149404,-1.7298573236149404,-1.7298573236149404,-1.7298573236149404,0.41461639082990587,-2.3064199591463646
R4L:S8R:Q9A,R4L:S8R:Q9A,3,-1.028810950044623,-1.028810950044623,-1.028810950044623,-1.028810950044623,-1.8032477164564094,-1.8032477164564094,-1.8032477164564094,-1.8032477164564094,-0.608525403118289,-0.608525403118289,-0.608525403118289,-0.608525403118289,-1.1296924157274435,-1.1296924157274435,-1.1296924157274435,-1.1296924157274435,0.8473394145257771,-0.5211090352995678
R4L:S8L:Q9A,R4L:S8L:Q9A,3,-1.7720665970270084,-1.7720665970270084,-1.7720665970270084,-1.7720665970270084,-1.9332911482083908,-1.9332911482083908,-1.9332911482083908,-1.9332911482083908,-1.875480752141569,-1.875480752141569,-1.875480752141569,-1.875480752141569,-2.0040638969364757,-2.0040638969364757,-2.0040638969364757,-2.0040638969364757,0.9161950433626771,-3.1100285312073
R4L:S8C:Q9K,R4L:S8C:Q9K,3,-1.5872867472021999,-1.5872867472021999,-1.5872867472021999,-1.5872867472021999,-2.080487462284467,-2.080487462284467,-2.080487462284467,-2.080487462284467,-2.1845799566135393,-2.1845799566135393,-2.1845799566135393,-2.1845799566135393,-1.6467223109642921,-1.6467223109642921,-1.6467223109642921,-1.6467223109642921,0.6253765129949898,-1.9350187291742016
R4L:S8C:Q9A,R4L:S8C:Q9A,3,-0.584567313825965,-0.584567313825965,-0.584567313825965,-0.584567313825965,-1.0792521681848313,-1.0792521681848313,-1.0792521681848313,-1.0792521681848313,-1.179779901837557,-1.179779901837557,-1.179779901837557,-1.179779901837557,-1.0163849012038813,-1.0163849012038813,-1.0163849012038813,-1.0163849012038813,0.6019384500104934,-0.9873416043744092
R4L:S8T:Q9R,R4L:S8T:Q9R,3,-1.2879653374885356,-1.2879653374885356,-1.2879653374885356,-1.2879653374885356,-0.7110156987271601,-0.7110156987271601,-0.7110156987271601,-0.7110156987271601,-0.36571051499848717,-0.36571051499848717,-0.36571051499848717,-0.36571051499848717,-1.0135211354700866,-1.0135211354700866,-1.0135211354700866,-1.0135211354700866,0.29131808993406594,-1.925461357825593
R4L:S8T:Q9A,R4L:S8T:Q9A,3,-0.8442357475786565,-0.8442357475786565,-0.8442357475786565,-0.8442357475786565,-1.3378983366207353,-1.3378983366207353,-1.3378983366207353,-1.3378983366207353,-1.0041938028280388,-1.0041938028280388,-1.0041938028280388,-1.0041938028280388,-1.1574242630900717,-1.1574242630900717,-1.1574242630900717,-1.1574242630900717,0.34210055973380804,-2.584545940448221
R4A:S8K:Q9A,R4A:S8K:Q9A,3,-0.8465032957272995,-0.8465032957272995,-0.8465032957272995,-0.8465032957272995,-0.9351982429667182,-0.9351982429667182,-0.9351982429667182,-0.9351982429667182,-0.9368129227853375,-0.9368129227853375,-0.9368129227853375,-0.9368129227853375,-0.41454385890357126,-0.41454385890357126,-0.41454385890357126,-0.41454385890357126,0.8132028677500784,-1.9603673833426332
R4A:S8R:Q9R,R4A:S8R:Q9R,3,-1.8551185925585938,-1.8551185925585938,-1.8551185925585938,-1.8551185925585938,-0.9292617443491278,-0.9292617443491278,-0.9292617443491278,-0.9292617443491278,-0.833509245563057,-0.833509245563057,-0.833509245563057,-0.833509245563057,-0.634504837609559,-0.634504837609559,-0.634504837609559,-0.634504837609559,0.7323655961081386,-1.0145112617485945
R4H:S8K:Q9K,R4H:S8K:Q9K,3,-0.02648964258999731,-0.02648964258999731,-0.02648964258999731,-0.02648964258999731,-0.6752153774882875,-0.6752153774882875,-0.6752153774882875,-0.6752153774882875,-1.5794831189217233,-1.5794831189217233,-1.5794831189217233,-1.5794831189217233,-1.8163575160905088,-1.8163575160905088,-1.8163575160905088,-1.8163575160905088,0.9365140635054559,-1.9947545750122306
R4H:S8K:Q9A,R4H:S8K:Q9A,3,0.28796185461456597,0.28796185461456597,0.28796185461456597,0.28796185461456597,-0.5668100423591593,-0.5668100423591593,-0.5668100423591593,-0.5668100423591593,-1.6105870072677353,-1.6105870072677353,-1.6105870072677353,-1.6105870072677353,-0.7542102555718665,-0.7542102555718665,-0.7542102555718665,-0.7542102555718665,0.9130760005209595,-3.220316548472317
R4H:S8R:Q9K,R4H:S8R:Q9K,3,-1.2288953443254422,-1.2288953443254422,-1.2288953443254422,-1.2288953443254422,-2.114468336701692,-2.114468336701692,-2.114468336701692,-2.114468336701692,-1.4784299870373157,-1.4784299870373157,-1.4784299870373157,-1.4784299870373157,-1.255140658839894,-1.255140658839894,-1.255140658839894,-1.255140658839894,0.5192399099469185,-2.2311168144085975
R4H:S8L:Q9R,R4H:S8L:Q9R,3,-1.4200281555441725,-1.4200281555441725,-1.4200281555441725,-1.4200281555441725,-1.4181945330147987,-1.4181945330147987,-1.4181945330147987,-1.4181945330147987,-1.962601279974538,-1.962601279974538,-1.962601279974538,-1.962601279974538,-1.560321955115319,-1.560321955115319,-1.560321955115319,-1.560321955115319,0.7910028400365263,-3.9754014073958537
R4H:S8L:Q9A,R4H:S8L:Q9A,3,-0.37170370905410244,-0.37170370905410244,-0.37170370905410244,-0.37170370905410244,-1.091109628953557,-1.091109628953557,-1.091109628953557,-1.091109628953557,-1.8467996523495422,-1.8467996523495422,-1.8467996523495422,-1.8467996523495422,-1.2489193641873322,-1.2489193641873322,-1.2489193641873322,-1.2489193641873322,0.7167823072522879,-1.8029663603742498
R4H:S8T:Q9A,R4H:S8T:Q9A,3,0.5561271403942494,0.5561271403942494,0.5561271403942494,0.5561271403942494,-0.49571681736590156,-0.49571681736590156,-0.49571681736590156,-0.49571681736590156,-1.5938864303584253,-1.5938864303584253,-1.5938864303584253,-1.5938864303584253,-0.5416519672359981,-0.5416519672359981,-0.5416519672359981,-0.5416519672359981,0.6025767624378204,-2.4320427535240148
R4C:S8L:Q9R,R4C:S8L:Q9R,3,-2.231130402856704,-2.231130402856704,-2.231130402856704,-2.231130402856704,-2.024166263269424,-2.024166263269424,-2.024166263269424,-2.024166263269424,-1.9238558543925952,-1.9238558543925952,-1.9238558543925952,-1.9238558543925952,-1.494267059685557,-1.494267059685557,-1.494267059685557,-1.494267059685557,0.36491996608674526,-2.867524861100688
R4P:S8K:Q9K,R4P:S8K:Q9K,3,-1.5271198318511177,-1.5271198318511177,-1.5271198318511177,-1.5271198318511177,-0.8893771706354999,-0.8893771706354999,-0.8893771706354999,-0.8893771706354999,-0.8366754290699006,-0.8366754290699006,-0.8366754290699006,-0.8366754290699006,-1.167771184589863,-1.167771184589863,-1.167771184589863,-1.167771184589863,0.6162581339012831,-2.569294364401202
R4P:S8R:Q9K,R4P:S8R:Q9K,3,-2.7295255335865622,-2.7295255335865622,-2.7295255335865622,-2.7295255335865622,-2.1340887925370198,-2.1340887925370198,-2.1340887925370198,-2.1340887925370198,-1.3693301525353254,-1.3693301525353254,-1.3693301525353254,-1.3693301525353254,-0.8056355459996982,-0.8056355459996982,-0.8056355459996982,-0.8056355459996982,0.4866232518106699,-1.3614728535958838
R4T:S8R:H10F,R4T:S8R:H10F,3,-1.6732019309172677,-1.6732019309172677,-1.6732019309172677,-1.6732019309172677,-2.239974783458394,-2.239974783458394,-2.239974783458394,-2.239974783458394,-2.459721596272929,-2.459721596272929,-2.459721596272929,-2.459721596272929,-2.101849102802607,-2.101849102802607,-2.101849102802607,-2.101849102802607,0.45793163776397705,-2.138740241815778
R4T:S8R:H10Y,R4T:S8R:H10Y,3,-2.0827739704720534,-2.0827739704720534,-2.0827739704720534,-2.0827739704720534,-2.617962585189796,-2.617962585189796,-2.617962585189796,-2.617962585189796,-2.773371093283345,-2.773371093283345,-2.773371093283345,-2.773371093283345,-2.3999193329131616,-2.3999193329131616,-2.3999193329131616,-2.3999193329131616,0.5790282965172082,-1.9913433396756348
R4T:S8C:H10F,R4T:S8C:H10F,3,-1.1229620051579268,-1.1229620051579268,-1.1229620051579268,-1.1229620051579268,-0.7571862073231204,-0.7571862073231204,-0.7571862073231204,-0.7571862073231204,-1.126615611225528,-1.126615611225528,-1.126615611225528,-1.126615611225528,-1.350507321859571,-1.350507321859571,-1.350507321859571,-1.350507321859571,0.6789965566713363,-0.9989227154726069
R4Q:S8K:H10Y,R4Q:S8K:H10Y,3,-2.493169540691479,-2.493169540691479,-2.493169540691479,-2.493169540691479,-2.3499750358585576,-2.3499750358585576,-2.3499750358585576,-2.3499750358585576,-2.5233100134879116,-2.5233100134879116,-2.5233100134879116,-2.5233100134879116,-2.214287348125432,-2.214287348125432,-2.214287348125432,-2.214287348125432,0.7713323861826211,-2.1112727187258153
R4Q:S8T:H10Y,R4Q:S8T:H10Y,3,-2.8623810352152845,-2.8623810352152845,-2.8623810352152845,-2.8623810352152845,-2.0743693949984414,-2.0743693949984414,-2.0743693949984414,-2.0743693949984414,-1.723221282327633,-1.723221282327633,-1.723221282327633,-1.723221282327633,-1.689943995078515,-1.689943995078515,-1.689943995078515,-1.689943995078515,0.4950706525705755,-1.8722157890949023
R4L:S8C:H10Y,R4L:S8C:H10Y,3,-1.520418060402137,-1.520418060402137,-1.520418060402137,-1.520418060402137,-1.9225926204497639,-1.9225926204497639,-1.9225926204497639,-1.9225926204497639,-1.9625393678401921,-1.9625393678401921,-1.9625393678401921,-1.9625393678401921,-2.4810597665761778,-2.4810597665761778,-2.4810597665761778,-2.4810597665761778,0.22418194636702538,-1.7052800026639476
R4A:S8K:H10F,R4A:S8K:H10F,3,-2.273799634232796,-2.273799634232796,-2.273799634232796,-2.273799634232796,-1.1835899504976115,-1.1835899504976115,-1.1835899504976115,-1.1835899504976115,-1.482941494805013,-1.482941494805013,-1.482941494805013,-1.482941494805013,-1.3656972518292987,-1.3656972518292987,-1.3656972518292987,-1.3656972518292987,0.4601559154689312,-2.944497606966944
R4A:S8K:H10Y,R4A:S8K:H10Y,3,-2.9057899702646486,-2.9057899702646486,-2.9057899702646486,-2.9057899702646486,-2.387113930906133,-2.387113930906133,-2.387113930906133,-2.387113930906133,-3.0020950489029645,-3.0020950489029645,-3.0020950489029645,-3.0020950489029645,-2.651158609004035,-2.651158609004035,-2.651158609004035,-2.651158609004035,0.4562495716381818,-1.3105255474526483
R4A:S8L:H10F,R4A:S8L:H10F,3,-2.4364278057012867,-2.4364278057012867,-2.4364278057012867,-2.4364278057012867,-2.150637008951831,-2.150637008951831,-2.150637008951831,-2.150637008951831,-2.637947648294389,-2.637947648294389,-2.637947648294389,-2.637947648294389,-1.8147120092406805,-1.8147120092406805,-1.8147120092406805,-1.8147120092406805,0.6944632714148611,-2.3985716706720437
R4A:S8C:H10F,R4A:S8C:H10F,3,-1.4540290806708565,-1.4540290806708565,-1.4540290806708565,-1.4540290806708565,-1.6972464172548363,-1.6972464172548363,-1.6972464172548363,-1.6972464172548363,-1.6700967877022532,-1.6700967877022532,-1.6700967877022532,-1.6700967877022532,-1.5501737879408124,-1.5501737879408124,-1.5501737879408124,-1.5501737879408124,0.04758177883923054,-1.3284840054297982
R4A:S8C:H10Y,R4A:S8C:H10Y,3,-1.585559325476802,-1.585559325476802,-1.585559325476802,-1.585559325476802,-2.184292977717111,-2.184292977717111,-2.184292977717111,-2.184292977717111,-2.0181569287943937,-2.0181569287943937,-2.0181569287943937,-2.0181569287943937,-2.38059744457832,-2.38059744457832,-2.38059744457832,-2.38059744457832,0.9811739337164909,-1.6205888016463772
R4A:S8T:H10Y,R4A:S8T:H10Y,3,-2.2856309672017443,-2.2856309672017443,-2.2856309672017443,-2.2856309672017443,-2.194636711142026,-2.194636711142026,-2.194636711142026,-2.194636711142026,-2.443335670072489,-2.443335670072489,-2.443335670072489,-2.443335670072489,-1.8525160709229098,-1.8525160709229098,-1.8525160709229098,-1.8525160709229098,0.23724458878859878,-1.7887780913487337
R4H:S8C:H10Y,R4H:S8C:H10Y,3,-0.997737312660229,-0.997737312660229,-0.997737312660229,-0.997737312660229,-1.2379073738465096,-1.2379073738465096,-1.2379073738465096,-1.2379073738465096,-2.1394183068731545,-2.1394183068731545,-2.1394183068731545,-2.1394183068731545,-2.2127828207639384,-2.2127828207639384,-2.2127828207639384,-2.2127828207639384,0.18430398497730494,-4.332365467502628
R4C:S8K:H10F,R4C:S8K:H10F,3,-1.7260323753016775,-1.7260323753016775,-1.7260323753016775,-1.7260323753016775,-0.27782323830202194,-0.27782323830202194,-0.27782323830202194,-0.27782323830202194,-1.531667030301583,-1.531667030301583,-1.531667030301583,-1.531667030301583,-0.772146966720326,-0.772146966720326,-0.772146966720326,-0.772146966720326,0.035512595903128386,-1.3093528121813434
R4C:S8K:H10Y,R4C:S8K:H10Y,3,-1.7731332062438776,-1.7731332062438776,-1.7731332062438776,-1.7731332062438776,-1.0157444387057735,-1.0157444387057735,-1.0157444387057735,-1.0157444387057735,-3.5041126459855434,-3.5041126459855434,-3.5041126459855434,-3.5041126459855434,-2.2358376193289518,-2.2358376193289518,-2.2358376193289518,-2.2358376193289518,0.0784823780413717,-2.771179109800256
R4C:S8L:H10Y,R4C:S8L:H10Y,3,-1.2554805800186533,-1.2554805800186533,-1.2554805800186533,-1.2554805800186533,-2.3759548761478255,-2.3759548761478255,-2.3759548761478255,-2.3759548761478255,-3.402393152421055,-3.402393152421055,-3.402393152421055,-3.402393152421055,-2.427029810872676,-2.427029810872676,-2.427029810872676,-2.427029810872676,0.6417857268825173,-2.2222812211577603
R4C:S8C:H10F,R4C:S8C:H10F,3,-1.6977449247014023,-1.6977449247014023,-1.6977449247014023,-1.6977449247014023,-1.8331729680260278,-1.8331729680260278,-1.8331729680260278,-1.8331729680260278,-1.9891603607546258,-1.9891603607546258,-1.9891603607546258,-1.9891603607546258,-1.4096868736344867,-1.4096868736344867,-1.4096868736344867,-1.4096868736344867,0.6392879164777696,-1.3962631698608083
R4C:S8T:H10Y,R4C:S8T:H10Y,3,-1.684982440154038,-1.684982440154038,-1.684982440154038,-1.684982440154038,-2.277427428630388,-2.277427428630388,-2.277427428630388,-2.277427428630388,-3.537766360376678,-3.537766360376678,-3.537766360376678,-3.537766360376678,-2.2446522899400043,-2.2446522899400043,-2.2446522899400043,-2.2446522899400043,0.9919386794790626,-2.7401823346826415
R4P:S8C:H10F,R4P:S8C:H10F,3,-2.5540115402152637,-2.5540115402152637,-2.5540115402152637,-2.5540115402152637,-1.2374319473690423,-1.2374319473690423,-1.2374319473690423,-1.2374319473690423,-0.8876958002812977,-0.8876958002812977,-0.8876958002812977,-0.8876958002812977,-0.9030847067003469,-0.9030847067003469,-0.9030847067003469,-0.9030847067003469,0.6422903428319842,-1.857229253491611
R4T:S8K:A11S,R4T:S8K:A11S,3,-2.400877325154941,-2.400877325154941,-2.400877325154941,-2.400877325154941,-2.878996056499777,-2.878996056499777,-2.878996056499777,-2.878996056499777,-1.7911100725873923,-1.7911100725873923,-1.7911100725873923,-1.7911100725873923,-1.850766890479806,-1.850766890479806,-1.850766890479806,-1.850766890479806,0.27017767587676644,-1.7537989811100805
R4T:S8T:A11S,R4T:S8T:A11S,3,-0.1718828642361403,-0.1718828642361403,-0.1718828642361403,-0.1718828642361403,-1.0608964816281992,-1.0608964816281992,-1.0608964816281992,-1.0608964816281992,-0.5766301548133901,-0.5766301548133901,-0.5766301548133901,-0.5766301548133901,-1.5908764727124796,-1.5908764727124796,-1.5908764727124796,-1.5908764727124796,0.36513880197890103,-3.045642097749639
R4Q:S8T:A11S,R4Q:S8T:A11S,3,-1.7315128671692441,-1.7315128671692441,-1.7315128671692441,-1.7315128671692441,-1.2508705515440597,-1.2508705515440597,-1.2508705515440597,-1.2508705515440597,-1.1236033592161814,-1.1236033592161814,-1.1236033592161814,-1.1236033592161814,-2.215453904086311,-2.215453904086311,-2.215453904086311,-2.215453904086311,0.017629549838602543,-2.048941728222447
R4L:S8K:A11S,R4L:S8K:A11S,3,-2.5393552975607276,-2.5393552975607276,-2.5393552975607276,-2.5393552975607276,-2.3656208646741375,-2.3656208646741375,-2.3656208646741375,-2.3656208646741375,-1.8733245272496983,-1.8733245272496983,-1.8733245272496983,-1.8733245272496983,-2.5421068212471374,-2.5421068212471374,-2.5421068212471374,-2.5421068212471374,0.3003556323237717,-0.9201535009390343
R4H:S8R:A11S,R4H:S8R:A11S,3,-0.7642240127817354,-0.7642240127817354,-0.7642240127817354,-0.7642240127817354,-0.8578765506050183,-0.8578765506050183,-0.8578765506050183,-0.8578765506050183,-0.8756128979603994,-0.8756128979603994,-0.8756128979603994,-0.8756128979603994,-1.7499550229703027,-1.7499550229703027,-1.7499550229703027,-1.7499550229703027,0.2804738802369684,-4.011007496655822
R4T:Q9A:H10F,R4T:Q9A:H10F,3,-1.011720418082707,-1.011720418082707,-1.011720418082707,-1.011720418082707,-0.9589889620219647,-0.9589889620219647,-0.9589889620219647,-0.9589889620219647,-1.6737107995257057,-1.6737107995257057,-1.6737107995257057,-1.6737107995257057,-1.1246347834319137,-1.1246347834319137,-1.1246347834319137,-1.1246347834319137,0.6006980831734836,-3.446832998904956
R4T:Q9A:H10Y,R4T:Q9A:H10Y,3,-1.4040526948492082,-1.4040526948492082,-1.4040526948492082,-1.4040526948492082,-1.5695097727261782,-1.5695097727261782,-1.5695097727261782,-1.5695097727261782,-1.2247337657725745,-1.2247337657725745,-1.2247337657725745,-1.2247337657725745,-0.9898697097990914,-0.9898697097990914,-0.9898697097990914,-0.9898697097990914,0.6436678653117269,-3.0389330429001897
R4Q:Q9K:H10Y,R4Q:Q9K:H10Y,3,-1.5759255126541463,-1.5759255126541463,-1.5759255126541463,-1.5759255126541463,-2.0287541957141397,-2.0287541957141397,-2.0287541957141397,-2.0287541957141397,-1.472587529723802,-1.472587529723802,-1.472587529723802,-1.472587529723802,-1.6984630739938065,-1.6984630739938065,-1.6984630739938065,-1.6984630739938065,0.044113113544881344,-1.4581152902738868
R4Q:Q9A:H10F,R4Q:Q9A:H10F,3,-0.8620569330780745,-0.8620569330780745,-0.8620569330780745,-0.8620569330780745,-1.53463415746709,-1.53463415746709,-1.53463415746709,-1.53463415746709,-1.7714085180808588,-1.7714085180808588,-1.7714085180808588,-1.7714085180808588,-1.1122869567771778,-1.1122869567771778,-1.1122869567771778,-1.1122869567771778,0.12176000676117837,-2.232265429723485
R4L:Q9K:H10F,R4L:Q9K:H10F,3,-2.0871497595487223,-2.0871497595487223,-2.0871497595487223,-2.0871497595487223,-2.0967488913685073,-2.0967488913685073,-2.0967488913685073,-2.0967488913685073,-2.3786808429209962,-2.3786808429209962,-2.3786808429209962,-2.3786808429209962,-2.328058154872335,-2.328058154872335,-2.328058154872335,-2.328058154872335,0.7687407284975052,-2.2766606244632026
R4L:Q9R:H10F,R4L:Q9R:H10F,3,-2.83469036721738,-2.83469036721738,-2.83469036721738,-2.83469036721738,-1.6251627750141617,-1.6251627750141617,-1.6251627750141617,-1.6251627750141617,-1.541261653955158,-1.541261653955158,-1.541261653955158,-1.541261653955158,-1.2878398888778104,-1.2878398888778104,-1.2878398888778104,-1.2878398888778104,0.28766208817251027,-1.220323245870851
R4L:Q9A:H10F,R4L:Q9A:H10F,3,-1.4565088218616804,-1.4565088218616804,-1.4565088218616804,-1.4565088218616804,-1.649680297207703,-1.649680297207703,-1.649680297207703,-1.649680297207703,-2.2769687499645075,-2.2769687499645075,-2.2769687499645075,-2.2769687499645075,-1.6276322774478256,-1.6276322774478256,-1.6276322774478256,-1.6276322774478256,0.061525975819677114,-1.9812387182145867
R4A:Q9K:H10F,R4A:Q9K:H10F,3,-2.0963966611744307,-2.0963966611744307,-2.0963966611744307,-2.0963966611744307,-1.3974712271813257,-1.3974712271813257,-1.3974712271813257,-1.3974712271813257,-1.5719282287131418,-1.5719282287131418,-1.5719282287131418,-1.5719282287131418,-1.668614948267554,-1.668614948267554,-1.668614948267554,-1.668614948267554,0.8176937105599791,-1.772931142761232
R4A:Q9R:H10Y,R4A:Q9R:H10Y,3,-2.6010301252246855,-2.6010301252246855,-2.6010301252246855,-2.6010301252246855,-1.6382719694431827,-1.6382719694431827,-1.6382719694431827,-1.6382719694431827,-1.6736736569844577,-1.6736736569844577,-1.6736736569844577,-1.6736736569844577,-1.666031308382928,-1.666031308382928,-1.666031308382928,-1.666031308382928,0.6835923029575497,0.17478398785465998
R4H:Q9R:H10Y,R4H:Q9R:H10Y,3,-1.7537332464195132,-1.7537332464195132,-1.7537332464195132,-1.7537332464195132,-1.321415893364056,-1.321415893364056,-1.321415893364056,-1.321415893364056,-1.6170010823554224,-1.6170010823554224,-1.6170010823554224,-1.6170010823554224,-1.1781004941783095,-1.1781004941783095,-1.1781004941783095,-1.1781004941783095,0.31813156697899103,-3.3760272435639607
R4C:Q9R:H10F,R4C:Q9R:H10F,3,-2.861108938813704,-2.861108938813704,-2.861108938813704,-2.861108938813704,-1.6240110354492843,-1.6240110354492843,-1.6240110354492843,-1.6240110354492843,-1.3588620163235807,-1.3588620163235807,-1.3588620163235807,-1.3588620163235807,-0.28495137337564347,-0.28495137337564347,-0.28495137337564347,-0.28495137337564347,0.35225640749558806,-0.387834805666303
R4C:Q9A:H10F,R4C:Q9A:H10F,3,-1.531229996374919,-1.531229996374919,-1.531229996374919,-1.531229996374919,-1.8636944471936463,-1.8636944471936463,-1.8636944471936463,-1.8636944471936463,-2.3890570735918075,-2.3890570735918075,-2.3890570735918075,-2.3890570735918075,-1.0258855481008862,-1.0258855481008862,-1.0258855481008862,-1.0258855481008862,0.5784165405202657,-1.4229698151378734
R4P:Q9K:H10Y,R4P:Q9K:H10Y,3,-2.1541474333676884,-2.1541474333676884,-2.1541474333676884,-2.1541474333676884,-2.0416191896074354,-2.0416191896074354,-2.0416191896074354,-2.0416191896074354,-2.257149935822492,-2.257149935822492,-2.257149935822492,-2.257149935822492,-1.6227234282953387,-1.6227234282953387,-1.6227234282953387,-1.6227234282953387,0.14979750872589648,-0.7175899357807378
R4T:Q9R:A11S,R4T:Q9R:A11S,3,-2.2493937346102766,-2.2493937346102766,-2.2493937346102766,-2.2493937346102766,-2.1949206170949003,-2.1949206170949003,-2.1949206170949003,-2.1949206170949003,-1.224460819312735,-1.224460819312735,-1.224460819312735,-1.224460819312735,-2.0460847232201487,-2.0460847232201487,-2.0460847232201487,-2.0460847232201487,0.42383958818390965,-2.261054260916729
R4A:Q9K:A11S,R4A:Q9K:A11S,3,-1.8658106989959997,-1.8658106989959997,-1.8658106989959997,-1.8658106989959997,-2.817070240545245,-2.817070240545245,-2.817070240545245,-2.817070240545245,-2.636176361408803,-2.636176361408803,-2.636176361408803,-2.636176361408803,-2.349396336827726,-2.349396336827726,-2.349396336827726,-2.349396336827726,0.5968118621967733,-2.2190301629330587
R4A:Q9A:A11S,R4A:Q9A:A11S,3,-1.1984502084185435,-1.1984502084185435,-1.1984502084185435,-1.1984502084185435,-1.7740455811284481,-1.7740455811284481,-1.7740455811284481,-1.7740455811284481,-1.3695964273102446,-1.3695964273102446,-1.3695964273102446,-1.3695964273102446,-1.303794866699302,-1.303794866699302,-1.303794866699302,-1.303794866699302,0.015107053332030773,-1.9777733515208062
R4C:H10Y:A11S,R4C:H10Y:A11S,3,-1.69482900937385,-1.69482900937385,-1.69482900937385,-1.69482900937385,-1.7137769022587497,-1.7137769022587497,-1.7137769022587497,-1.7137769022587497,-3.9208882438811417,-3.9208882438811417,-3.9208882438811417,-3.9208882438811417,-2.5151076391294795,-2.5151076391294795,-2.5151076391294795,-2.5151076391294795,0.9945991027634591,-4.219838435225683
A5M:Q6R:L7I,A5M:Q6R:L7I,3,-2.4100905801853734,-2.4100905801853734,-2.4100905801853734,-2.4100905801853734,-2.129904430957928,-2.129904430957928,-2.129904430957928,-2.129904430957928,-1.3299307771464637,-1.3299307771464637,-1.3299307771464637,-1.3299307771464637,-1.3221750508620391,-1.3221750508620391,-1.3221750508620391,-1.3221750508620391,0.06963158119469881,-1.3049712407369425
A5I:Q6R:L7V,A5I:Q6R:L7V,3,-3.031951553588046,-3.031951553588046,-3.031951553588046,-3.031951553588046,-2.0932730507523223,-2.0932730507523223,-2.0932730507523223,-2.0932730507523223,-2.42960579475609,-2.42960579475609,-2.42960579475609,-2.42960579475609,-1.9683941576719253,-1.9683941576719253,-1.9683941576719253,-1.9683941576719253,0.0952112500090152,-1.6046065894430197
A5M:Q6R:S8K,A5M:Q6R:S8K,3,-2.2427162838276984,-2.2427162838276984,-2.2427162838276984,-2.2427162838276984,-1.7470631764399067,-1.7470631764399067,-1.7470631764399067,-1.7470631764399067,-2.964920672271342,-2.964920672271342,-2.964920672271342,-2.964920672271342,-2.5339810974175045,-2.5339810974175045,-2.5339810974175045,-2.5339810974175045,0.38912663888186216,-3.671499808237154
A5M:Q6R:S8C,A5M:Q6R:S8C,3,-1.8197911128368702,-1.8197911128368702,-1.8197911128368702,-1.8197911128368702,-1.4319388575692793,-1.4319388575692793,-1.4319388575692793,-1.4319388575692793,-1.5351370479068487,-1.5351370479068487,-1.5351370479068487,-1.5351370479068487,-1.175113042938478,-1.175113042938478,-1.175113042938478,-1.175113042938478,0.4203773895278573,-3.0881856805620167
A5I:Q6R:S8K,A5I:Q6R:S8K,3,-2.8199922319559345,-2.8199922319559345,-2.8199922319559345,-2.8199922319559345,-1.443696127172466,-1.443696127172466,-1.443696127172466,-1.443696127172466,-1.8906846781181137,-1.8906846781181137,-1.8906846781181137,-1.8906846781181137,-0.9955212675756075,-0.9955212675756075,-0.9955212675756075,-0.9955212675756075,0.9538570158183575,-2.484885348711548
A5I:Q6R:S8L,A5I:Q6R:S8L,3,-1.8111261102713097,-1.8111261102713097,-1.8111261102713097,-1.8111261102713097,-1.118918784899384,-1.118918784899384,-1.118918784899384,-1.118918784899384,-1.5751560201753454,-1.5751560201753454,-1.5751560201753454,-1.5751560201753454,-0.9240699008737161,-0.9240699008737161,-0.9240699008737161,-0.9240699008737161,0.9812014226336032,-2.5006395256880785
A5M:Q6R:Q9R,A5M:Q6R:Q9R,3,-2.1179891025277207,-2.1179891025277207,-2.1179891025277207,-2.1179891025277207,-1.4465063897258967,-1.4465063897258967,-1.4465063897258967,-1.4465063897258967,-1.3806109101037374,-1.3806109101037374,-1.3806109101037374,-1.3806109101037374,-0.9869255145430851,-0.9869255145430851,-0.9869255145430851,-0.9869255145430851,0.5950764399021864,-2.9204649915784837
A5I:Q6R:Q9K,A5I:Q6R:Q9K,3,-2.4967666871358403,-2.4967666871358403,-2.4967666871358403,-2.4967666871358403,-2.461547798918179,-2.461547798918179,-2.461547798918179,-2.461547798918179,-2.289954850010918,-2.289954850010918,-2.289954850010918,-2.289954850010918,-1.8514018506043735,-1.8514018506043735,-1.8514018506043735,-1.8514018506043735,0.2574654126074165,-2.0688925127219053
A5I:Q6R:H10Y,A5I:Q6R:H10Y,3,-3.277231273337007,-3.277231273337007,-3.277231273337007,-3.277231273337007,-2.7987296924841436,-2.7987296924841436,-2.7987296924841436,-2.7987296924841436,-2.3764766339423424,-2.3764766339423424,-2.3764766339423424,-2.3764766339423424,-1.5904004526278472,-1.5904004526278472,-1.5904004526278472,-1.5904004526278472,0.9560084901750088,-2.055470469093424
A5M:Q6R:A11S,A5M:Q6R:A11S,3,-2.9285551303742023,-2.9285551303742023,-2.9285551303742023,-2.9285551303742023,-3.6861641229013755,-3.6861641229013755,-3.6861641229013755,-3.6861641229013755,-3.833291773777768,-3.833291773777768,-3.833291773777768,-3.833291773777768,-3.220494016664377,-3.220494016664377,-3.220494016664377,-3.220494016664377,0.8334794412367046,-2.6920771812514874
A5M:L7I:S8L,A5M:L7I:S8L,3,-1.7279555373815025,-1.7279555373815025,-1.7279555373815025,-1.7279555373815025,-1.8600151568233978,-1.8600151568233978,-1.8600151568233978,-1.8600151568233978,-2.0957667552925017,-2.0957667552925017,-2.0957667552925017,-2.0957667552925017,-2.465851470800504,-2.465851470800504,-2.465851470800504,-2.465851470800504,0.4820906384848058,-0.9766710379069612
A5M:L7Q:S8L,A5M:L7Q:S8L,3,-2.9763410435867748,-2.9763410435867748,-2.9763410435867748,-2.9763410435867748,-3.3087848854402657,-3.3087848854402657,-3.3087848854402657,-3.3087848854402657,-1.8881849838757847,-1.8881849838757847,-1.8881849838757847,-1.8881849838757847,-1.5867115786939392,-1.5867115786939392,-1.5867115786939392,-1.5867115786939392,0.06826006947085261,-1.2096647759743195
A5M:L7Q:S8T,A5M:L7Q:S8T,3,-2.2591206150044814,-2.2591206150044814,-2.2591206150044814,-2.2591206150044814,-2.216472947619351,-2.216472947619351,-2.216472947619351,-2.216472947619351,-1.457466936207073,-1.457466936207073,-1.457466936207073,-1.457466936207073,-1.4770552187155601,-1.4770552187155601,-1.4770552187155601,-1.4770552187155601,0.9745078175328672,-0.9122142686969466
A5M:L7V:S8L,A5M:L7V:S8L,3,-1.6373132296082051,-1.6373132296082051,-1.6373132296082051,-1.6373132296082051,-1.9898975570374702,-1.9898975570374702,-1.9898975570374702,-1.9898975570374702,-1.933209061344633,-1.933209061344633,-1.933209061344633,-1.933209061344633,-1.2917969713332744,-1.2917969713332744,-1.2917969713332744,-1.2917969713332744,0.756221518618986,-2.933187259747261
A5I:L7I:S8R,A5I:L7I:S8R,3,-1.2234597766252555,-1.2234597766252555,-1.2234597766252555,-1.2234597766252555,-2.0785779307331564,-2.0785779307331564,-2.0785779307331564,-2.0785779307331564,-1.8854077881292346,-1.8854077881292346,-1.8854077881292346,-1.8854077881292346,-2.0903742673792847,-2.0903742673792847,-2.0903742673792847,-2.0903742673792847,0.5390394330024719,-2.9937681823570377
A5I:L7Q:S8R,A5I:L7Q:S8R,3,-2.7430846519550753,-2.7430846519550753,-2.7430846519550753,-2.7430846519550753,-2.220522446877435,-2.220522446877435,-2.220522446877435,-2.220522446877435,-2.0659367850247006,-2.0659367850247006,-2.0659367850247006,-2.0659367850247006,-1.6861014554908877,-1.6861014554908877,-1.6861014554908877,-1.6861014554908877,0.549836890771985,-4.84050112736379
A5I:L7Q:S8L,A5I:L7Q:S8L,3,-1.5559219915326414,-1.5559219915326414,-1.5559219915326414,-1.5559219915326414,-0.6740321908028597,-0.6740321908028597,-0.6740321908028597,-0.6740321908028597,-1.3379975888969644,-1.3379975888969644,-1.3379975888969644,-1.3379975888969644,-1.0330165187509968,-1.0330165187509968,-1.0330165187509968,-1.0330165187509968,0.479522701818496,-2.4725762749808484
A5I:L7V:S8C,A5I:L7V:S8C,3,-2.2426447625721777,-2.2426447625721777,-2.2426447625721777,-2.2426447625721777,-1.278154615699787,-1.278154615699787,-1.278154615699787,-1.278154615699787,-1.6512688002355076,-1.6512688002355076,-1.6512688002355076,-1.6512688002355076,-1.2040945271760741,-1.2040945271760741,-1.2040945271760741,-1.2040945271760741,0.8864193144254386,-1.1303100133462949
A5M:L7Q:Q9K,A5M:L7Q:Q9K,3,-2.844912616001142,-2.844912616001142,-2.844912616001142,-2.844912616001142,-3.6890343853029757,-3.6890343853029757,-3.6890343853029757,-3.6890343853029757,-2.6150817338754337,-2.6150817338754337,-2.6150817338754337,-2.6150817338754337,-1.826917634074227,-1.826917634074227,-1.826917634074227,-1.826917634074227,0.1072634244337678,-2.18499625812698
A5I:L7I:Q9K,A5I:L7I:Q9K,3,-1.375012460764779,-1.375012460764779,-1.375012460764779,-1.375012460764779,-0.8721230770142818,-0.8721230770142818,-0.8721230770142818,-0.8721230770142818,-1.2371740999425247,-1.2371740999425247,-1.2371740999425247,-1.2371740999425247,-1.4998935881232014,-1.4998935881232014,-1.4998935881232014,-1.4998935881232014,0.7835251558572054,-1.9846794744242902
A5I:L7I:Q9A,A5I:L7I:Q9A,3,-0.3817694987390534,-0.3817694987390534,-0.3817694987390534,-0.3817694987390534,-0.25601131729118753,-0.25601131729118753,-0.25601131729118753,-0.25601131729118753,-0.8133058337087222,-0.8133058337087222,-0.8133058337087222,-0.8133058337087222,-0.8767966015440645,-0.8767966015440645,-0.8767966015440645,-0.8767966015440645,0.760087092872709,-2.2188860666911365
A5I:L7Q:Q9A,A5I:L7Q:Q9A,3,-2.18672614002924,-2.18672614002924,-2.18672614002924,-2.18672614002924,-1.0972149082737814,-1.0972149082737814,-1.0972149082737814,-1.0972149082737814,-1.7977497947171321,-1.7977497947171321,-1.7977497947171321,-1.7977497947171321,-1.066666270127608,-1.066666270127608,-1.066666270127608,-1.066666270127608,0.6507217134349048,-1.9905423808418743
A5M:L7I:H10F,A5M:L7I:H10F,3,-2.459182364492739,-2.459182364492739,-2.459182364492739,-2.459182364492739,-2.511008318865792,-2.511008318865792,-2.511008318865792,-2.511008318865792,-2.3146862369519523,-2.3146862369519523,-2.3146862369519523,-2.3146862369519523,-2.4363457779434725,-2.4363457779434725,-2.4363457779434725,-2.4363457779434725,0.042397014796733856,-1.6904783795181015
A5M:L7I:H10Y,A5M:L7I:H10Y,3,-2.647799538376801,-2.647799538376801,-2.647799538376801,-2.647799538376801,-2.621592120666086,-2.621592120666086,-2.621592120666086,-2.621592120666086,-2.9597081170551482,-2.9597081170551482,-2.9597081170551482,-2.9597081170551482,-2.9258625367623052,-2.9258625367623052,-2.9258625367623052,-2.9258625367623052,0.16349367354996502,-2.894424424212273
A5M:L7V:H10Y,A5M:L7V:H10Y,3,-1.8655733225837903,-1.8655733225837903,-1.8655733225837903,-1.8655733225837903,-2.3676821117098275,-2.3676821117098275,-2.3676821117098275,-2.3676821117098275,-3.6986956066574335,-3.6986956066574335,-3.6986956066574335,-3.6986956066574335,-2.809085070465704,-2.809085070465704,-2.809085070465704,-2.809085070465704,0.5411260067485273,-2.4015341084417794
A5I:L7I:H10F,A5I:L7I:H10F,3,-1.1073790879189993,-1.1073790879189993,-1.1073790879189993,-1.1073790879189993,-0.6415406221945394,-0.6415406221945394,-0.6415406221945394,-0.6415406221945394,-0.5787858017255098,-0.5787858017255098,-0.5787858017255098,-0.5787858017255098,-1.4628649300030558,-1.4628649300030558,-1.4628649300030558,-1.4628649300030558,0.0908242603763938,-1.9754068754940386
A5I:L7Q:H10F,A5I:L7Q:H10F,3,-2.618101009015977,-2.618101009015977,-2.618101009015977,-2.618101009015977,-1.3111026189306527,-1.3111026189306527,-1.3111026189306527,-1.3111026189306527,-1.3551571580383963,-1.3551571580383963,-1.3551571580383963,-1.3551571580383963,-1.651571606216915,-1.651571606216915,-1.651571606216915,-1.651571606216915,0.23191072512418032,-1.9428947933562597
A5I:L7V:H10Y,A5I:L7V:H10Y,3,-3.416162661420546,-3.416162661420546,-3.416162661420546,-3.416162661420546,-3.4575815079453553,-3.4575815079453553,-3.4575815079453553,-3.4575815079453553,-3.8123453561945393,-3.8123453561945393,-3.8123453561945393,-3.8123453561945393,-3.2858750173998317,-3.2858750173998317,-3.2858750173998317,-3.2858750173998317,0.5098374080844223,-1.2480670631199027
A5M:L7V:A11S,A5M:L7V:A11S,3,-2.6284609302643642,-2.6284609302643642,-2.6284609302643642,-2.6284609302643642,-3.160250333394175,-3.160250333394175,-3.160250333394175,-3.160250333394175,-2.2094263843619064,-2.2094263843619064,-2.2094263843619064,-2.2094263843619064,-2.5155392779714583,-2.5155392779714583,-2.5155392779714583,-2.5155392779714583,0.5142715508118272,-2.2654624142802966
A5M:S8K:Q9R,A5M:S8K:Q9R,3,-2.579989279503991,-2.579989279503991,-2.579989279503991,-2.579989279503991,-1.4756626784766729,-1.4756626784766729,-1.4756626784766729,-1.4756626784766729,-1.3876079771130372,-1.3876079771130372,-1.3876079771130372,-1.3876079771130372,-1.7485642445957577,-1.7485642445957577,-1.7485642445957577,-1.7485642445957577,0.6300689752679318,-2.4811893338802453
A5M:S8R:Q9K,A5M:S8R:Q9K,3,-2.2148557919023295,-2.2148557919023295,-2.2148557919023295,-2.2148557919023295,-3.096366941245954,-3.096366941245954,-3.096366941245954,-3.096366941245954,-2.3301471949232075,-2.3301471949232075,-2.3301471949232075,-2.3301471949232075,-2.05629915854475,-2.05629915854475,-2.05629915854475,-2.05629915854475,0.08603129046969116,-1.941211951870817
A5M:S8L:Q9R,A5M:S8L:Q9R,3,-3.2679478019518413,-3.2679478019518413,-3.2679478019518413,-3.2679478019518413,-2.8591549644558802,-2.8591549644558802,-2.8591549644558802,-2.8591549644558802,-2.3426442233954696,-2.3426442233954696,-2.3426442233954696,-2.3426442233954696,-2.1012364471926097,-2.1012364471926097,-2.1012364471926097,-2.1012364471926097,0.42975308699533343,-3.9518304917842633
A5M:S8C:Q9K,A5M:S8C:Q9K,3,-0.5623408271837775,-0.5623408271837775,-0.5623408271837775,-0.5623408271837775,-1.3771606545788209,-1.3771606545788209,-1.3771606545788209,-1.3771606545788209,-1.925917080036463,-1.925917080036463,-1.925917080036463,-1.925917080036463,-1.3399131198342749,-1.3399131198342749,-1.3399131198342749,-1.3399131198342749,0.8681735042482615,-2.157117857278065
A5M:S8T:Q9R,A5M:S8T:Q9R,3,-1.2541527006928226,-1.2541527006928226,-1.2541527006928226,-1.2541527006928226,-0.5329430540132518,-0.5329430540132518,-0.5329430540132518,-0.5329430540132518,-0.12033284631555641,-0.12033284631555641,-0.12033284631555641,-0.12033284631555641,-0.8156993149443554,-0.8156993149443554,-0.8156993149443554,-0.8156993149443554,0.8028185865841806,-1.9270980050944695
A5I:S8K:Q9K,A5I:S8K:Q9K,3,-2.038806042344204,-2.038806042344204,-2.038806042344204,-2.038806042344204,-1.6416795592425166,-1.6416795592425166,-1.6416795592425166,-1.6416795592425166,-2.0100799514246215,-2.0100799514246215,-2.0100799514246215,-2.0100799514246215,-1.6828184866741247,-1.6828184866741247,-1.6828184866741247,-1.6828184866741247,0.9221028303727508,-2.242033390072884
A5M:S8R:H10Y,A5M:S8R:H10Y,3,-2.101289397222358,-2.101289397222358,-2.101289397222358,-2.101289397222358,-3.1727722454931837,-3.1727722454931837,-3.1727722454931837,-3.1727722454931837,-4.093749747166907,-4.093749747166907,-4.093749747166907,-4.093749747166907,-3.8794491276734293,-3.8794491276734293,-3.8794491276734293,-3.8794491276734293,0.44219916965812445,-3.3521767599121133
A5M:S8T:H10Y,A5M:S8T:H10Y,3,-2.288733046935615,-2.288733046935615,-2.288733046935615,-2.288733046935615,-1.9654515410693774,-1.9654515410693774,-1.9654515410693774,-1.9654515410693774,-3.447851929002466,-3.447851929002466,-3.447851929002466,-3.447851929002466,-2.6355839734238082,-2.6355839734238082,-2.6355839734238082,-2.6355839734238082,0.6910993889905512,-2.218326237111315
A5I:S8L:H10Y,A5I:S8L:H10Y,3,-1.203010875007504,-1.203010875007504,-1.203010875007504,-1.203010875007504,-2.274367905912438,-2.274367905912438,-2.274367905912438,-2.274367905912438,-2.981477606574582,-2.981477606574582,-2.981477606574582,-2.981477606574582,-2.651454104297028,-2.651454104297028,-2.651454104297028,-2.651454104297028,0.38939258037135005,-1.5460683149843608
A5I:S8C:H10F,A5I:S8C:H10F,3,-1.6180199013852783,-1.6180199013852783,-1.6180199013852783,-1.6180199013852783,-1.036296313417175,-1.036296313417175,-1.036296313417175,-1.036296313417175,-0.4875592779867113,-0.4875592779867113,-0.4875592779867113,-0.4875592779867113,-0.7675593513489276,-0.7675593513489276,-0.7675593513489276,-0.7675593513489276,0.4502159561961889,-1.1922190942221502
A5I:S8C:H10Y,A5I:S8C:H10Y,3,-1.977708356829489,-1.977708356829489,-1.977708356829489,-1.977708356829489,-2.0788737224232796,-2.0788737224232796,-2.0788737224232796,-2.0788737224232796,-1.5770023277750056,-1.5770023277750056,-1.5770023277750056,-1.5770023277750056,-1.688003164993121,-1.688003164993121,-1.688003164993121,-1.688003164993121,0.5088111136574298,-2.7235622300561104
A5M:S8R:A11S,A5M:S8R:A11S,3,-2.0154613424809646,-2.0154613424809646,-2.0154613424809646,-2.0154613424809646,-2.9939260870259155,-2.9939260870259155,-2.9939260870259155,-2.9939260870259155,-2.8723314363356582,-2.8723314363356582,-2.8723314363356582,-2.8723314363356582,-3.6019921020470145,-3.6019921020470145,-3.6019921020470145,-3.6019921020470145,0.8605765826068819,-3.3171900924980706
A5M:S8C:A11S,A5M:S8C:A11S,3,-2.216861560115974,-2.216861560115974,-2.216861560115974,-2.216861560115974,-2.69154714317108,-2.69154714317108,-2.69154714317108,-2.69154714317108,-2.673999582314133,-2.673999582314133,-2.673999582314133,-2.673999582314133,-2.58471675879355,-2.58471675879355,-2.58471675879355,-2.58471675879355,0.7827940040733665,-3.151222779779327
A5M:S8T:A11S,A5M:S8T:A11S,3,-1.2337153766192712,-1.2337153766192712,-1.2337153766192712,-1.2337153766192712,-1.7848936585680062,-1.7848936585680062,-1.7848936585680062,-1.7848936585680062,-1.7461229298706495,-1.7461229298706495,-1.7461229298706495,-1.7461229298706495,-2.7441552636406543,-2.7441552636406543,-2.7441552636406543,-2.7441552636406543,0.9918668251484632,-2.4301169065552273
A5M:Q9K:H10Y,A5M:Q9K:H10Y,3,-1.9426583770848223,-1.9426583770848223,-1.9426583770848223,-1.9426583770848223,-2.473926763001671,-2.473926763001671,-2.473926763001671,-2.473926763001671,-4.095701469191751,-4.095701469191751,-4.095701469191751,-4.095701469191751,-2.5818994853587744,-2.5818994853587744,-2.5818994853587744,-2.5818994853587744,0.35502483509480953,-1.217584306233856
A5I:Q9K:H10Y,A5I:Q9K:H10Y,3,-2.197942183830894,-2.197942183830894,-2.197942183830894,-2.197942183830894,-2.9145951597295174,-2.9145951597295174,-2.9145951597295174,-2.9145951597295174,-3.1782026376471557,-3.1782026376471557,-3.1782026376471557,-3.1782026376471557,-2.5055104682841467,-2.5055104682841467,-2.5055104682841467,-2.5055104682841467,0.38053475227206945,-1.5226165475062459
A5I:Q9A:H10Y,A5I:Q9A:H10Y,3,-1.8208787325333344,-1.8208787325333344,-1.8208787325333344,-1.8208787325333344,-1.8447353702547846,-1.8447353702547846,-1.8447353702547846,-1.8447353702547846,-1.9711638287794964,-1.9711638287794964,-1.9711638287794964,-1.9711638287794964,-1.484057366835282,-1.484057366835282,-1.484057366835282,-1.484057366835282,0.41521186335012317,-2.1758177190019925
A5M:Q9K:A11S,A5M:Q9K:A11S,3,-2.2530106362594955,-2.2530106362594955,-2.2530106362594955,-2.2530106362594955,-3.8318486943031456,-3.8318486943031456,-3.8318486943031456,-3.8318486943031456,-4.042436864780111,-4.042436864780111,-4.042436864780111,-4.042436864780111,-3.557930094494214,-3.557930094494214,-3.557930094494214,-3.557930094494214,0.421411641407758,-2.453881347674656
A5M:Q9A:A11S,A5M:Q9A:A11S,3,-1.7963840226052228,-1.7963840226052228,-1.7963840226052228,-1.7963840226052228,-2.195783681811232,-2.195783681811232,-2.195783681811232,-2.195783681811232,-2.280836794341565,-2.280836794341565,-2.280836794341565,-2.280836794341565,-3.0625117148223966,-3.0625117148223966,-3.0625117148223966,-3.0625117148223966,0.6537772286683321,-3.154112044326559
A5I:Q9R:A11S,A5I:Q9R:A11S,3,-2.552204386829958,-2.552204386829958,-2.552204386829958,-2.552204386829958,-0.7598514601806203,-0.7598514601806203,-0.7598514601806203,-0.7598514601806203,-1.4310243836156522,-1.4310243836156522,-1.4310243836156522,-1.4310243836156522,-2.030186350037946,-2.030186350037946,-2.030186350037946,-2.030186350037946,0.31214446178637445,-1.1029977165763118
Q6R:L7I:S8R,Q6R:L7I:S8R,3,-1.8123672230701309,-1.8123672230701309,-1.8123672230701309,-1.8123672230701309,-2.8200812116085388,-2.8200812116085388,-2.8200812116085388,-2.8200812116085388,-2.572661533098865,-2.572661533098865,-2.572661533098865,-2.572661533098865,-2.3243677190357293,-2.3243677190357293,-2.3243677190357293,-2.3243677190357293,0.6941717420704663,-0.14410758727991446
Q6R:L7I:S8L,Q6R:L7I:S8L,3,-1.7586289474331562,-1.7586289474331562,-1.7586289474331562,-1.7586289474331562,-1.5593319536476922,-1.5593319536476922,-1.5593319536476922,-1.5593319536476922,-2.5278638341484356,-2.5278638341484356,-2.5278638341484356,-2.5278638341484356,-2.5134884342328516,-2.5134884342328516,-2.5134884342328516,-2.5134884342328516,0.6394829284399748,-1.7697835446517085
Q6R:L7Q:S8K,Q6R:L7Q:S8K,3,-2.3212965075123564,-2.3212965075123564,-2.3212965075123564,-2.3212965075123564,-2.173920703324209,-2.173920703324209,-2.173920703324209,-2.173920703324209,-1.9257779278326315,-1.9257779278326315,-1.9257779278326315,-1.9257779278326315,-2.067177127961376,-2.067177127961376,-2.067177127961376,-2.067177127961376,0.3059392173308879,-2.0447725438207685
Q6R:L7Q:S8R,Q6R:L7Q:S8R,3,-2.203290128166773,-2.203290128166773,-2.203290128166773,-2.203290128166773,-2.7291190162520556,-2.7291190162520556,-2.7291190162520556,-2.7291190162520556,-2.3486570047654975,-2.3486570047654975,-2.3486570047654975,-2.3486570047654975,-1.6552189837309814,-1.6552189837309814,-1.6552189837309814,-1.6552189837309814,0.2707821228541434,-0.8899965358176021
Q6R:L7V:S8K,Q6R:L7V:S8K,3,-2.1596973098063525,-2.1596973098063525,-2.1596973098063525,-2.1596973098063525,-2.298049929080359,-2.298049929080359,-2.298049929080359,-2.298049929080359,-2.9713892918345026,-2.9713892918345026,-2.9713892918345026,-2.9713892918345026,-2.8050855695182833,-2.8050855695182833,-2.8050855695182833,-2.8050855695182833,0.8324551833793521,-3.336907395977496
Q6R:L7V:S8R,Q6R:L7V:S8R,3,-2.8499310787497025,-2.8499310787497025,-2.8499310787497025,-2.8499310787497025,-2.646984907961107,-2.646984907961107,-2.646984907961107,-2.646984907961107,-2.60606058982386,-2.60606058982386,-2.60606058982386,-2.60606058982386,-2.4950091442915174,-2.4950091442915174,-2.4950091442915174,-2.4950091442915174,0.9301137791480869,-3.8934078192787993
Q6R:L7V:S8C,Q6R:L7V:S8C,3,-2.114537824327776,-2.114537824327776,-2.114537824327776,-2.114537824327776,-1.9565642499006808,-1.9565642499006808,-1.9565642499006808,-1.9565642499006808,-1.827437422537866,-1.827437422537866,-1.827437422537866,-1.827437422537866,-1.974413800247082,-1.974413800247082,-1.974413800247082,-1.974413800247082,0.8637059340253472,-2.537631964880113
Q6R:L7I:Q9K,Q6R:L7I:Q9K,3,-2.6405490904697775,-2.6405490904697775,-2.6405490904697775,-2.6405490904697775,-2.4822578844275025,-2.4822578844275025,-2.4822578844275025,-2.4822578844275025,-2.1170383297111446,-2.1170383297111446,-2.1170383297111446,-2.1170383297111446,-1.9426729575422619,-1.9426729575422619,-1.9426729575422619,-1.9426729575422619,0.3632189384661615,-0.6948142564415751
Q6R:L7Q:Q9K,Q6R:L7Q:Q9K,3,-2.9058991342711873,-2.9058991342711873,-2.9058991342711873,-2.9058991342711873,-3.808753854727719,-3.808753854727719,-3.808753854727719,-3.808753854727719,-3.323415874443243,-3.323415874443243,-3.323415874443243,-3.323415874443243,-2.3742544787363116,-2.3742544787363116,-2.3742544787363116,-2.3742544787363116,0.12733382312580943,-1.2709985972316487
Q6R:L7Q:Q9A,Q6R:L7Q:Q9A,3,-1.7180858598990474,-1.7180858598990474,-1.7180858598990474,-1.7180858598990474,-2.0371417648729295,-2.0371417648729295,-2.0371417648729295,-2.0371417648729295,-1.83448393462395,-1.83448393462395,-1.83448393462395,-1.83448393462395,-0.690513393950807,-0.690513393950807,-0.690513393950807,-0.690513393950807,0.0882703848183155,-0.46766017757733147
Q6R:L7I:H10F,Q6R:L7I:H10F,3,-1.8388472377321403,-1.8388472377321403,-1.8388472377321403,-1.8388472377321403,-1.9741925513417846,-1.9741925513417846,-1.9741925513417846,-1.9741925513417846,-2.0022507888955285,-2.0022507888955285,-2.0022507888955285,-2.0022507888955285,-1.8707575885096437,-1.8707575885096437,-1.8707575885096437,-1.8707575885096437,0.5240142955444753,-1.6086481473851382
Q6R:L7I:H10Y,Q6R:L7I:H10Y,3,-3.295132964559492,-3.295132964559492,-3.295132964559492,-3.295132964559492,-3.27221742965761,-3.27221742965761,-3.27221742965761,-3.27221742965761,-2.949648813908711,-2.949648813908711,-2.949648813908711,-2.949648813908711,-2.244627164447266,-2.244627164447266,-2.244627164447266,-2.244627164447266,0.6294855789747089,-1.800791849940425
Q6R:S8K:Q9R,Q6R:S8K:Q9R,3,-1.5675654198812035,-1.5675654198812035,-1.5675654198812035,-1.5675654198812035,-0.9212248229370182,-0.9212248229370182,-0.9212248229370182,-0.9212248229370182,-1.5301637123391179,-1.5301637123391179,-1.5301637123391179,-1.5301637123391179,-1.0649221219844025,-1.0649221219844025,-1.0649221219844025,-1.0649221219844025,0.42604579986073077,-2.4516536267943554
Q6R:S8K:Q9A,Q6R:S8K:Q9A,3,-1.105427776988696,-1.105427776988696,-1.105427776988696,-1.105427776988696,-1.3039122292044871,-1.3039122292044871,-1.3039122292044871,-1.3039122292044871,-1.9787395517263315,-1.9787395517263315,-1.9787395517263315,-1.9787395517263315,-1.2188044634341069,-1.2188044634341069,-1.2188044634341069,-1.2188044634341069,0.3518252670764923,-3.2902300690609625
Q6R:S8L:Q9R,Q6R:S8L:Q9R,3,-2.400286341147917,-2.400286341147917,-2.400286341147917,-2.400286341147917,-1.905671034145654,-1.905671034145654,-1.905671034145654,-1.905671034145654,-1.9429111266539394,-1.9429111266539394,-1.9429111266539394,-1.9429111266539394,-1.802145482000682,-1.802145482000682,-1.802145482000682,-1.802145482000682,0.6522682029753923,-4.594812084125179
Q6R:S8C:Q9K,Q6R:S8C:Q9K,3,-2.629701981772909,-2.629701981772909,-2.629701981772909,-2.629701981772909,-3.1937128894027316,-3.1937128894027316,-3.1937128894027316,-3.1937128894027316,-2.6336907538356686,-2.6336907538356686,-2.6336907538356686,-2.6336907538356686,-2.409224295973006,-2.409224295973006,-2.409224295973006,-2.409224295973006,0.9890658832155168,-1.92812250346243
Q6R:S8C:Q9A,Q6R:S8C:Q9A,3,-1.0698102117115764,-1.0698102117115764,-1.0698102117115764,-1.0698102117115764,-1.2650178987006138,-1.2650178987006138,-1.2650178987006138,-1.2650178987006138,-1.0022929368468487,-1.0022929368468487,-1.0022929368468487,-1.0022929368468487,-0.9020567812890783,-0.9020567812890783,-0.9020567812890783,-0.9020567812890783,0.01250394620001316,-2.5516973456839582
Q6R:S8T:Q9R,Q6R:S8T:Q9R,3,-0.5485342374667725,-0.5485342374667725,-0.5485342374667725,-0.5485342374667725,-0.9106504172378503,-0.9106504172378503,-0.9106504172378503,-0.9106504172378503,-0.7718287455750517,-0.7718287455750517,-0.7718287455750517,-0.7718287455750517,-0.6878761919558081,-0.6878761919558081,-0.6878761919558081,-0.6878761919558081,0.5881039723753929,-2.3234602942598546
Q6R:S8K:H10F,Q6R:S8K:H10F,3,-2.48617772746835,-2.48617772746835,-2.48617772746835,-2.48617772746835,-1.795740366285124,-1.795740366285124,-1.795740366285124,-1.795740366285124,-2.5045430536154893,-2.5045430536154893,-2.5045430536154893,-2.5045430536154893,-2.248387944756721,-2.248387944756721,-2.248387944756721,-2.248387944756721,0.018817957025021315,-3.5387582944435447
Q6R:S8R:H10Y,Q6R:S8R:H10Y,3,-2.984471989870872,-2.984471989870872,-2.984471989870872,-2.984471989870872,-3.510910307443943,-3.510910307443943,-3.510910307443943,-3.510910307443943,-3.458077719217572,-3.458077719217572,-3.458077719217572,-3.458077719217572,-2.6624115938118447,-2.6624115938118447,-2.6624115938118447,-2.6624115938118447,0.6118497797288001,-1.6755802484467113
Q6R:S8L:H10Y,Q6R:S8L:H10Y,3,-3.067824404632491,-3.067824404632491,-3.067824404632491,-3.067824404632491,-3.424430168082126,-3.424430168082126,-3.424430168082126,-3.424430168082126,-3.711568015084294,-3.711568015084294,-3.711568015084294,-3.711568015084294,-3.1254131857462477,-3.1254131857462477,-3.1254131857462477,-3.1254131857462477,0.24526593554764986,-1.7933102635977227
Q6R:S8C:H10Y,Q6R:S8C:H10Y,3,-3.0599194937081613,-3.0599194937081613,-3.0599194937081613,-3.0599194937081613,-2.8006599995290125,-2.8006599995290125,-2.8006599995290125,-2.8006599995290125,-2.462700984149874,-2.462700984149874,-2.462700984149874,-2.462700984149874,-2.281452760776518,-2.281452760776518,-2.281452760776518,-2.281452760776518,0.673823052784428,-2.961590358385724
Q6R:S8L:A11S,Q6R:S8L:A11S,3,-2.7777706303153518,-2.7777706303153518,-2.7777706303153518,-2.7777706303153518,-3.331349246782649,-3.331349246782649,-3.331349246782649,-3.331349246782649,-3.714581779129049,-3.714581779129049,-3.714581779129049,-3.714581779129049,-3.053348503328604,-3.053348503328604,-3.053348503328604,-3.053348503328604,0.8113327953033149,-2.1933058616750194
Q6R:Q9K:H10Y,Q6R:Q9K:H10Y,3,-3.464566349714434,-3.464566349714434,-3.464566349714434,-3.464566349714434,-3.9234655079625247,-3.9234655079625247,-3.9234655079625247,-3.9234655079625247,-3.647187885015393,-3.647187885015393,-3.647187885015393,-3.647187885015393,-2.6458914112043894,-2.6458914112043894,-2.6458914112043894,-2.6458914112043894,0.9950335999019444,-0.29238782769476535
Q6R:Q9R:H10F,Q6R:Q9R:H10F,3,-2.3106884267156818,-2.3106884267156818,-2.3106884267156818,-2.3106884267156818,-1.6357599658374817,-1.6357599658374817,-1.6357599658374817,-1.6357599658374817,-1.2160105044146226,-1.2160105044146226,-1.2160105044146226,-1.2160105044146226,-0.8342697394446723,-0.8342697394446723,-0.8342697394446723,-0.8342697394446723,0.7703391998074949,-1.2479142683265492
Q6R:Q9R:A11S,Q6R:Q9R:A11S,3,-1.9389481946797944,-1.9389481946797944,-1.9389481946797944,-1.9389481946797944,-2.131878211541089,-2.131878211541089,-2.131878211541089,-2.131878211541089,-1.8919914543058227,-1.8919914543058227,-1.8919914543058227,-1.8919914543058227,-2.4502917816499172,-2.4502917816499172,-2.4502917816499172,-2.4502917816499172,0.011337509611621499,-2.2773770472769748
Q6R:Q9A:A11S,Q6R:Q9A:A11S,3,-1.7749208001143764,-1.7749208001143764,-1.7749208001143764,-1.7749208001143764,-2.4561853609268502,-2.4561853609268502,-2.4561853609268502,-2.4561853609268502,-2.149274996251553,-2.149274996251553,-2.149274996251553,-2.149274996251553,-2.36604645769537,-2.36604645769537,-2.36604645769537,-2.36604645769537,0.4720597439445555,-2.2780323585825473
Q6R:H10F:A11S,Q6R:H10F:A11S,3,-3.1212544545621643,-3.1212544545621643,-3.1212544545621643,-3.1212544545621643,-3.1386206348708603,-3.1386206348708603,-3.1386206348708603,-3.1386206348708603,-2.6164545550637706,-2.6164545550637706,-2.6164545550637706,-2.6164545550637706,-2.6944361207557357,-2.6944361207557357,-2.6944361207557357,-2.6944361207557357,0.7321718698367476,-1.6572082603970253
L7I:S8R:Q9A,L7I:S8R:Q9A,3,-0.46918925226665126,-0.46918925226665126,-0.46918925226665126,-0.46918925226665126,-2.0736700700345816,-2.0736700700345816,-2.0736700700345816,-2.0736700700345816,-1.4027435919440772,-1.4027435919440772,-1.4027435919440772,-1.4027435919440772,-1.5788282934850821,-1.5788282934850821,-1.5788282934850821,-1.5788282934850821,0.700381183065474,-1.1515106709810428
L7I:S8L:Q9A,L7I:S8L:Q9A,3,-0.3559457969492348,-0.3559457969492348,-0.3559457969492348,-0.3559457969492348,-0.9012871808558287,-0.9012871808558287,-0.9012871808558287,-0.9012871808558287,-1.8708238568279754,-1.8708238568279754,-1.8708238568279754,-1.8708238568279754,-1.9180759903745073,-1.9180759903745073,-1.9180759903745073,-1.9180759903745073,0.631525554228574,-2.654766557642678
L7I:S8C:Q9R,L7I:S8C:Q9R,3,-2.367943462697491,-2.367943462697491,-2.367943462697491,-2.367943462697491,-1.0634755195192973,-1.0634755195192973,-1.0634755195192973,-1.0634755195192973,-1.249604460145127,-1.249604460145127,-1.249604460145127,-1.249604460145127,-0.6794364619330395,-0.6794364619330395,-0.6794364619330395,-0.6794364619330395,0.0943925310857594,-1.8444213388319244
L7I:S8T:Q9K,L7I:S8T:Q9K,3,-0.41190423554931666,-0.41190423554931666,-0.41190423554931666,-0.41190423554931666,-0.7426311775696313,-0.7426311775696313,-0.7426311775696313,-0.7426311775696313,-0.5016318564571651,-0.5016318564571651,-0.5016318564571651,-0.5016318564571651,-1.0223847703569635,-1.0223847703569635,-1.0223847703569635,-1.0223847703569635,0.7159699527546763,-1.385809926104422
L7I:S8T:Q9A,L7I:S8T:Q9A,3,-0.010802413825372614,-0.010802413825372614,-0.010802413825372614,-0.010802413825372614,-0.44045600816161656,-0.44045600816161656,-0.44045600816161656,-0.44045600816161656,-0.30692605095629477,-0.30692605095629477,-0.30692605095629477,-0.30692605095629477,-0.13083616998254688,-0.13083616998254688,-0.13083616998254688,-0.13083616998254688,0.7550333910621703,-2.5244887627281
L7Q:S8L:Q9K,L7Q:S8L:Q9K,3,-1.3385796664876146,-1.3385796664876146,-1.3385796664876146,-1.3385796664876146,-2.2023726963850647,-2.2023726963850647,-2.2023726963850647,-2.2023726963850647,-2.8589375825402277,-2.8589375825402277,-2.8589375825402277,-2.8589375825402277,-2.182670210524498,-2.182670210524498,-2.182670210524498,-2.182670210524498,0.395925878547132,-3.8483706902581942
L7Q:S8L:Q9A,L7Q:S8L:Q9A,3,-1.1857623016156724,-1.1857623016156724,-1.1857623016156724,-1.1857623016156724,-1.642228630369758,-1.642228630369758,-1.642228630369758,-1.642228630369758,-1.4949619629332358,-1.4949619629332358,-1.4949619629332358,-1.4949619629332358,-0.7963736580109632,-0.7963736580109632,-0.7963736580109632,-0.7963736580109632,0.43498931685462594,-1.8824080496339652
L7V:S8K:Q9A,L7V:S8K:Q9A,3,-0.784715912201157,-0.784715912201157,-0.784715912201157,-0.784715912201157,-1.1080364572076904,-1.1080364572076904,-1.1080364572076904,-1.1080364572076904,-1.487158667708361,-1.487158667708361,-1.487158667708361,-1.487158667708361,-1.1181220370942482,-1.1181220370942482,-1.1181220370942482,-1.1181220370942482,0.8164010769687593,-2.1389090932355943
L7V:S8R:Q9A,L7V:S8R:Q9A,3,-1.5093659771763734,-1.5093659771763734,-1.5093659771763734,-1.5093659771763734,-1.2960292780030085,-1.2960292780030085,-1.2960292780030085,-1.2960292780030085,-0.9052448912941362,-0.9052448912941362,-0.9052448912941362,-0.9052448912941362,-1.1326996870639017,-1.1326996870639017,-1.1326996870639017,-1.1326996870639017,0.008537460351362824,-3.2543545122539848
L7V:S8L:Q9K,L7V:S8L:Q9K,3,-1.5302709769383842,-1.5302709769383842,-1.5302709769383842,-1.5302709769383842,-1.6776748175682095,-1.6776748175682095,-1.6776748175682095,-1.6776748175682095,-2.5776660316545543,-2.5776660316545543,-2.5776660316545543,-2.5776660316545543,-2.263828702475224,-2.263828702475224,-2.263828702475224,-2.263828702475224,0.9259840252343565,-4.357282913349232
L7V:S8L:Q9A,L7V:S8L:Q9A,3,-0.9230970014140423,-0.9230970014140423,-0.9230970014140423,-0.9230970014140423,-1.1660627691083159,-1.1660627691083159,-1.1660627691083159,-1.1660627691083159,-1.3264054326324866,-1.3264054326324866,-1.3264054326324866,-1.3264054326324866,-1.1317484597981162,-1.1317484597981162,-1.1317484597981162,-1.1317484597981162,0.8869205869268626,-3.331224854251284
L7I:S8K:H10Y,L7I:S8K:H10Y,3,-3.5543783196948633,-3.5543783196948633,-3.5543783196948633,-3.5543783196948633,-2.9759686301555934,-2.9759686301555934,-2.9759686301555934,-2.9759686301555934,-3.8282000559203544,-3.8282000559203544,-3.8282000559203544,-3.8282000559203544,-3.023777432848174,-3.023777432848174,-3.023777432848174,-3.023777432848174,0.8729522130452096,-2.1958978347855718
L7Q:S8C:H10F,L7Q:S8C:H10F,3,-1.1991428801043638,-1.1991428801043638,-1.1991428801043638,-1.1991428801043638,-1.2425255116084597,-1.2425255116084597,-1.2425255116084597,-1.2425255116084597,-0.9574758549575169,-0.9574758549575169,-0.9574758549575169,-0.9574758549575169,-0.891469009785836,-0.891469009785836,-0.891469009785836,-0.891469009785836,0.6752903738524765,-2.3123256205963694
L7Q:S8T:H10F,L7Q:S8T:H10F,3,-1.2340164649163117,-1.2340164649163117,-1.2340164649163117,-1.2340164649163117,-1.3698708501372119,-1.3698708501372119,-1.3698708501372119,-1.3698708501372119,-2.3914723422815367,-2.3914723422815367,-2.3914723422815367,-2.3914723422815367,-1.738891011114489,-1.738891011114489,-1.738891011114489,-1.738891011114489,0.8764638546854258,-1.708693742211773
L7V:S8L:H10F,L7V:S8L:H10F,3,-2.8628772482534917,-2.8628772482534917,-2.8628772482534917,-2.8628772482534917,-2.5284131042187883,-2.5284131042187883,-2.5284131042187883,-2.5284131042187883,-2.7044257673627476,-2.7044257673627476,-2.7044257673627476,-2.7044257673627476,-1.9212570805882345,-1.9212570805882345,-1.9212570805882345,-1.9212570805882345,0.9202670387458056,-2.778763969171821
L7V:S8C:H10F,L7V:S8C:H10F,3,-1.6530239908228517,-1.6530239908228517,-1.6530239908228517,-1.6530239908228517,-0.8407032831972501,-0.8407032831972501,-0.8407032831972501,-0.8407032831972501,-1.0853000898836602,-1.0853000898836602,-1.0853000898836602,-1.0853000898836602,-1.311382800060788,-1.311382800060788,-1.311382800060788,-1.311382800060788,0.03289662394672632,-1.6345510077112535
L7V:S8T:H10Y,L7V:S8T:H10Y,3,-2.234217800039568,-2.234217800039568,-2.234217800039568,-2.234217800039568,-2.994805210341468,-2.994805210341468,-2.994805210341468,-2.994805210341468,-2.9927891722569884,-2.9927891722569884,-2.9927891722569884,-2.9927891722569884,-2.190740267830765,-2.190740267830765,-2.190740267830765,-2.190740267830765,0.2996589061804116,-1.5149507058295102
L7Q:S8C:A11S,L7Q:S8C:A11S,3,-3.057028639767495,-3.057028639767495,-3.057028639767495,-3.057028639767495,-2.202589953010358,-2.202589953010358,-2.202589953010358,-2.202589953010358,-1.1952813137992564,-1.1952813137992564,-1.1952813137992564,-1.1952813137992564,-1.183457076919346,-1.183457076919346,-1.183457076919346,-1.183457076919346,0.217405010946095,-3.6062438501226124
L7Q:S8T:A11S,L7Q:S8T:A11S,3,-0.8993688209258024,-0.8993688209258024,-0.8993688209258024,-0.8993688209258024,-0.46029345587758286,-0.46029345587758286,-0.46029345587758286,-0.46029345587758286,-1.0720546398121236,-1.0720546398121236,-1.0720546398121236,-1.0720546398121236,-1.5836662024003783,-1.5836662024003783,-1.5836662024003783,-1.5836662024003783,0.1334366190712899,-2.229746307965748
L7V:S8L:A11S,L7V:S8L:A11S,3,-2.256187872323639,-2.256187872323639,-2.256187872323639,-2.256187872323639,-2.904135197426018,-2.904135197426018,-2.904135197426018,-2.904135197426018,-2.3366317890673627,-2.3366317890673627,-2.3366317890673627,-2.3366317890673627,-2.3064255754844334,-2.3064255754844334,-2.3064255754844334,-2.3064255754844334,0.9593094382435083,-2.730002474304985
L7I:Q9A:H10Y,L7I:Q9A:H10Y,3,-1.5568238437367674,-1.5568238437367674,-1.5568238437367674,-1.5568238437367674,-2.0735529093809633,-2.0735529093809633,-2.0735529093809633,-2.0735529093809633,-1.5907139704911242,-1.5907139704911242,-1.5907139704911242,-1.5907139704911242,-1.268330667005853,-1.268330667005853,-1.268330667005853,-1.268330667005853,0.5658731248695403,-2.969874900570583
L7Q:Q9K:H10F,L7Q:Q9K:H10F,3,-1.614966286548007,-1.614966286548007,-1.614966286548007,-1.614966286548007,-2.2955949404897398,-2.2955949404897398,-2.2955949404897398,-2.2955949404897398,-2.8856243757673887,-2.8856243757673887,-2.8856243757673887,-2.8856243757673887,-2.347515934283644,-2.347515934283644,-2.347515934283644,-2.347515934283644,0.2685010856948793,-1.9078539516387805
L7Q:Q9R:H10F,L7Q:Q9R:H10F,3,-2.362506894216665,-2.362506894216665,-2.362506894216665,-2.362506894216665,-1.4530948617663209,-1.4530948617663209,-1.4530948617663209,-1.4530948617663209,-1.606817695203664,-1.606817695203664,-1.606817695203664,-1.606817695203664,-0.7297890692176388,-0.7297890692176388,-0.7297890692176388,-0.7297890692176388,0.04391545685939491,-0.866623015862942
L7Q:Q9A:H10F,L7Q:Q9A:H10F,3,-1.0326279517778802,-1.0326279517778802,-1.0326279517778802,-1.0326279517778802,-1.3916609723304227,-1.3916609723304227,-1.3916609723304227,-1.3916609723304227,-2.3034488709536127,-2.3034488709536127,-2.3034488709536127,-2.3034488709536127,-0.9177423234786242,-0.9177423234786242,-0.9177423234786242,-0.9177423234786242,0.9708756729960442,-1.4732795039224633
L7Q:Q9A:H10Y,L7Q:Q9A:H10Y,3,-1.8056173254542704,-1.8056173254542704,-1.8056173254542704,-1.8056173254542704,-2.1984353349993317,-2.1984353349993317,-2.1984353349993317,-2.1984353349993317,-1.419479663436599,-1.419479663436599,-1.419479663436599,-1.419479663436599,-1.0493553701436023,-1.0493553701436023,-1.0493553701436023,-1.0493553701436023,0.09197233174927533,-1.272221964088935
L7V:Q9K:H10Y,L7V:Q9K:H10Y,3,-2.263811202131821,-2.263811202131821,-2.263811202131821,-2.263811202131821,-2.94257077709178,-2.94257077709178,-2.94257077709178,-2.94257077709178,-3.334626732405943,-3.334626732405943,-3.334626732405943,-3.334626732405943,-2.713090911849031,-2.713090911849031,-2.713090911849031,-2.713090911849031,0.8182022720575333,-0.44639840384815344
L7V:Q9K:A11S,L7V:Q9K:A11S,3,-2.8149203089016166,-2.8149203089016166,-2.8149203089016166,-2.8149203089016166,-3.691665916902933,-3.691665916902933,-3.691665916902933,-3.691665916902933,-3.076958173441346,-3.076958173441346,-3.076958173441346,-3.076958173441346,-3.361681077572368,-3.361681077572368,-3.361681077572368,-3.361681077572368,0.05819524312391877,-1.558459341310819
L7I:H10Y:A11S,L7I:H10Y:A11S,3,-2.4338301817301033,-2.4338301817301033,-2.4338301817301033,-2.4338301817301033,-2.481348793088659,-2.481348793088659,-2.481348793088659,-2.481348793088659,-2.8025407337129793,-2.8025407337129793,-2.8025407337129793,-2.8025407337129793,-3.2808834739115653,-3.2808834739115653,-3.2808834739115653,-3.2808834739115653,0.9317828761413693,-2.9436574952804158
S8K:Q9R:H10Y,S8K:Q9R:H10Y,3,-3.032486410875516,-3.032486410875516,-3.032486410875516,-3.032486410875516,-2.228670033077351,-2.228670033077351,-2.228670033077351,-2.228670033077351,-2.7922201660011563,-2.7922201660011563,-2.7922201660011563,-2.7922201660011563,-2.1114385265234255,-2.1114385265234255,-2.1114385265234255,-2.1114385265234255,0.7496866858564317,-0.8789799442405863
S8R:Q9A:H10Y,S8R:Q9A:H10Y,3,-1.5281194490671992,-1.5281194490671992,-1.5281194490671992,-1.5281194490671992,-2.447304870886385,-2.447304870886385,-2.447304870886385,-2.447304870886385,-1.3899850780811613,-1.3899850780811613,-1.3899850780811613,-1.3899850780811613,-1.481122118993992,-1.481122118993992,-1.481122118993992,-1.481122118993992,0.31578459683805704,-1.770872526278176
S8C:Q9K:H10F,S8C:Q9K:H10F,3,-1.2671943678577176,-1.2671943678577176,-1.2671943678577176,-1.2671943678577176,-1.7328939335684157,-1.7328939335684157,-1.7328939335684157,-1.7328939335684157,-2.0163413200609845,-2.0163413200609845,-2.0163413200609845,-2.0163413200609845,-2.177442447193338,-2.177442447193338,-2.177442447193338,-2.177442447193338,0.837843815330416,-1.1638194852182657
S8C:Q9A:H10Y,S8C:Q9A:H10Y,3,-0.6495826656769108,-0.6495826656769108,-0.6495826656769108,-0.6495826656769108,-1.254950782163923,-1.254950782163923,-1.254950782163923,-1.254950782163923,-0.8926883828964738,-0.8926883828964738,-0.8926883828964738,-0.8926883828964738,-1.1566315111310872,-1.1566315111310872,-1.1566315111310872,-1.1566315111310872,0.6937578378710896,-2.860745701664567
S8R:Q9K:A11S,S8R:Q9K:A11S,3,-2.625685292196185,-2.625685292196185,-2.625685292196185,-2.625685292196185,-3.5110205080707955,-3.5110205080707955,-3.5110205080707955,-3.5110205080707955,-3.345228577806142,-3.345228577806142,-3.345228577806142,-3.345228577806142,-3.063011636367582,-3.063011636367582,-3.063011636367582,-3.063011636367582,0.6726973773911595,-2.0880279913429254
S8R:Q9R:A11S,S8R:Q9R:A11S,3,-2.0914230000860217,-2.0914230000860217,-2.0914230000860217,-2.0914230000860217,-1.3442464894234156,-1.3442464894234156,-1.3442464894234156,-1.3442464894234156,-1.3874319186183857,-1.3874319186183857,-1.3874319186183857,-1.3874319186183857,-2.1742440256867406,-2.1742440256867406,-2.1742440256867406,-2.1742440256867406,0.7910619594622403,-1.9770217416696099
S8T:Q9K:A11S,S8T:Q9K:A11S,3,-0.1223651767118672,-0.1223651767118672,-0.1223651767118672,-0.1223651767118672,-2.2684622610972003,-2.2684622610972003,-2.2684622610972003,-2.2684622610972003,-2.169272345740848,-2.169272345740848,-2.169272345740848,-2.169272345740848,-3.281224658718881,-3.281224658718881,-3.281224658718881,-3.281224658718881,0.4628030206076801,-2.5966988270666658
S8C:H10Y:A11S,S8C:H10Y:A11S,3,-2.291074697833161,-2.291074697833161,-2.291074697833161,-2.291074697833161,-2.504956447836873,-2.504956447836873,-2.504956447836873,-2.504956447836873,-2.6035450300377576,-2.6035450300377576,-2.6035450300377576,-2.6035450300377576,-3.259986874348723,-3.259986874348723,-3.259986874348723,-3.259986874348723,0.7554449290037155,-3.387695822440599
