candidate_id,mutant,mutation_count
G3E:L4N:R5D:T7S,G3E:L4N:R5D:T7S,4
G3E:L4N:R5D:T7H,G3E:L4N:R5D:T7H,4
L4N:R5D:T7S:D61Q,L4N:R5D:T7S:D61Q,4
G3E:R5D:T7S:D61Q,G3E:R5D:T7S:D61Q,4
G3E:R5D:T7S:A29H,G3E:R5D:T7S:A29H,4
G3E:R5D:T7S:R60N,G3E:R5D:T7S:R60N,4
L4N:R5D:T7S:R60N,L4N:R5D:T7S:R60N,4
G3E:R5D:T7S:I92C,G3E:R5D:T7S:I92C,4
L4N:R5D:T7S:A29H,L4N:R5D:T7S:A29H,4
G3E:R5D:T7H:A29K,G3E:R5D:T7H:A29K,4
G3E:R5D:T7S:R98D,G3E:R5D:T7S:R98D,4
G3E:R5D:T7S:Q47R,G3E:R5D:T7S:Q47R,4
G3E:R5D:T7S:Q47I,G3E:R5D:T7S:Q47I,4
G3E:R5D:T7H:D61Q,G3E:R5D:T7H:D61Q,4
L4N:R5D:T7S:Q47R,L4N:R5D:T7S:Q47R,4
G3E:R5D:T7S:G34T,G3E:R5D:T7S:G34T,4
G3E:R5D:T7S:A29K,G3E:R5D:T7S:A29K,4
G3E:R5D:T7H:A29H,G3E:R5D:T7H:A29H,4
G3E:R5D:T7H:R98D,G3E:R5D:T7H:R98D,4
G3E:R5D:T7S:Q47V,G3E:R5D:T7S:Q47V,4
G3E:R5D:T7H:G34T,G3E:R5D:T7H:G34T,4
G3E:R5D:T7H:D96Q,G3E:R5D:T7H:D96Q,4
L4N:R5D:T7S:R98D,L4N:R5D:T7S:R98D,4
G3E:R5D:T7S:Q47C,G3E:R5D:T7S:Q47C,4
L4N:R5D:T7S:G34T,L4N:R5D:T7S:G34T,4
G3E:L4N:R5D:R60N,G3E:L4N:R5D:R60N,4
G3E:L4N:T7S:A29H,G3E:L4N:T7S:A29H,4
L4N:R5D:T7H:A29H,L4N:R5D:T7H:A29H,4
L4N:R5D:T7H:A29K,L4N:R5D:T7H:A29K,4
G3E:R5D:T7H:Q47R,G3E:R5D:T7H:Q47R,4
L4N:R5D:T7S:A29K,L4N:R5D:T7S:A29K,4
G3E:L4N:R5D:D61Q,G3E:L4N:R5D:D61Q,4
G3E:R5D:T7H:I92C,G3E:R5D:T7H:I92C,4
G3E:L4N:R5D:A29H,G3E:L4N:R5D:A29H,4
L4N:R5D:T7S:D96Q,L4N:R5D:T7S:D96Q,4
G3E:R5D:T7H:R60N,G3E:R5D:T7H:R60N,4
G3E:L4N:T7S:Q47V,G3E:L4N:T7S:Q47V,4
L4N:R5D:T7S:Q47I,L4N:R5D:T7S:Q47I,4
G3E:L4N:R5D:R98D,G3E:L4N:R5D:R98D,4
L4N:R5D:T7S:I92C,L4N:R5D:T7S:I92C,4
L4N:R5D:T7H:D96Q,L4N:R5D:T7H:D96Q,4
G3E:L4N:R5D:I92C,G3E:L4N:R5D:I92C,4
G3E:L4N:T7S:Q47I,G3E:L4N:T7S:Q47I,4
G3E:R5D:T7S:D96Q,G3E:R5D:T7S:D96Q,4
G3E:L4N:T7S:R60N,G3E:L4N:T7S:R60N,4
L4N:R5D:T7S:Q47V,L4N:R5D:T7S:Q47V,4
G3E:L4N:T7H:D61Q,G3E:L4N:T7H:D61Q,4
L4N:R5D:T7H:R98D,L4N:R5D:T7H:R98D,4
L4N:R5D:T7S:Q47C,L4N:R5D:T7S:Q47C,4
G3E:L4N:T7H:A29H,G3E:L4N:T7H:A29H,4
G3E:L4N:T7S:I92C,G3E:L4N:T7S:I92C,4
L4N:R5D:T7H:R60N,L4N:R5D:T7H:R60N,4
L4N:R5D:T7H:D61Q,L4N:R5D:T7H:D61Q,4
G3E:L4N:T7S:D61Q,G3E:L4N:T7S:D61Q,4
G3E:L4N:R5D:G34T,G3E:L4N:R5D:G34T,4
G3E:L4N:R5D:Q47I,G3E:L4N:R5D:Q47I,4
G3E:L4N:T7S:R98D,G3E:L4N:T7S:R98D,4
G3E:L4N:T7H:A29K,G3E:L4N:T7H:A29K,4
G3E:L4N:T7S:A29K,G3E:L4N:T7S:A29K,4
G3E:L4N:T7S:D96Q,G3E:L4N:T7S:D96Q,4
L4N:R5D:T7H:I92C,L4N:R5D:T7H:I92C,4
G3E:L4N:T7H:R98D,G3E:L4N:T7H:R98D,4
G3E:L4N:T7S:G34T,G3E:L4N:T7S:G34T,4
G3E:L4N:R5D:Q47R,G3E:L4N:R5D:Q47R,4
G3E:R5D:T7H:Q47V,G3E:R5D:T7H:Q47V,4
L4N:R5D:T7H:G34T,L4N:R5D:T7H:G34T,4
G3E:R5D:T7H:Q47I,G3E:R5D:T7H:Q47I,4
G3E:L4N:T7H:I92C,G3E:L4N:T7H:I92C,4
G3E:L4N:R5D:D96Q,G3E:L4N:R5D:D96Q,4
L4N:R5D:T7H:Q47R,L4N:R5D:T7H:Q47R,4
G3E:L4N:T7S:Q47C,G3E:L4N:T7S:Q47C,4
G3E:R5D:T7H:Q47C,G3E:R5D:T7H:Q47C,4
G3E:L4N:T7H:Q47R,G3E:L4N:T7H:Q47R,4
G3E:L4N:R5D:Q47V,G3E:L4N:R5D:Q47V,4
G3E:L4N:T7H:G34T,G3E:L4N:T7H:G34T,4
G3E:L4N:T7H:R60N,G3E:L4N:T7H:R60N,4
L4N:R5D:T7H:Q47I,L4N:R5D:T7H:Q47I,4
L4N:R5D:T7H:Q47C,L4N:R5D:T7H:Q47C,4
G3E:L4N:T7H:D96Q,G3E:L4N:T7H:D96Q,4
L4N:R5D:T7H:Q47V,L4N:R5D:T7H:Q47V,4
G3E:L4N:T7H:Q47V,G3E:L4N:T7H:Q47V,4
G3E:L4N:T7H:Q47I,G3E:L4N:T7H:Q47I,4
R5D:T7S:G34T:D61Q,R5D:T7S:G34T:D61Q,4
R5D:T7S:A29H:D61Q,R5D:T7S:A29H:D61Q,4
R5D:T7S:D61Q:I92C,R5D:T7S:D61Q:I92C,4
G3E:T7S:R60N:D61Q,G3E:T7S:R60N:D61Q,4
G3E:R5D:T7S:V107M,G3E:R5D:T7S:V107M,4
G3E:T7S:A29H:G34T,G3E:T7S:A29H:G34T,4
R5D:T7S:A29K:D61Q,R5D:T7S:A29K:D61Q,4
R5D:T7S:G34T:Q47R,R5D:T7S:G34T:Q47R,4
R5D:T7S:D61Q:R98D,R5D:T7S:D61Q:R98D,4
R5D:T7S:Q47R:D61Q,R5D:T7S:Q47R:D61Q,4
R5D:T7S:I92C:R98D,R5D:T7S:I92C:R98D,4
R5D:T7S:A29K:R60N,R5D:T7S:A29K:R60N,4
R5D:T7S:G34T:I92C,R5D:T7S:G34T:I92C,4
G3E:R5D:A29K:G34T,G3E:R5D:A29K:G34T,4
R5D:T7S:G34T:R60N,R5D:T7S:G34T:R60N,4
R5D:T7S:A29H:I92C,R5D:T7S:A29H:I92C,4
G3E:T7S:A29H:D61Q,G3E:T7S:A29H:D61Q,4
R5D:T7S:D61Q:D96Q,R5D:T7S:D61Q:D96Q,4
G3E:T7S:A29K:D61Q,G3E:T7S:A29K:D61Q,4
G3E:R5D:G34T:D61Q,G3E:R5D:G34T:D61Q,4
G3E:T7S:D61Q:R98D,G3E:T7S:D61Q:R98D,4
R5D:T7S:A29H:R60N,R5D:T7S:A29H:R60N,4
L4N:T7S:A29H:D61Q,L4N:T7S:A29H:D61Q,4
G3E:R5D:T7S:T113E,G3E:R5D:T7S:T113E,4
R5D:T7S:A29H:G34T,R5D:T7S:A29H:G34T,4
G3E:R5D:A29H:G34T,G3E:R5D:A29H:G34T,4
G3E:R5D:T7S:V109Q,G3E:R5D:T7S:V109Q,4
R5D:T7S:R60N:I92C,R5D:T7S:R60N:I92C,4
L4N:T7S:D61Q:I92C,L4N:T7S:D61Q:I92C,4
G3E:R5D:A29H:D61Q,G3E:R5D:A29H:D61Q,4
R5D:T7S:Q47R:R98D,R5D:T7S:Q47R:R98D,4
G3E:R5D:A29K:D61Q,G3E:R5D:A29K:D61Q,4
R5D:T7S:Q47I:D61Q,R5D:T7S:Q47I:D61Q,4
R5D:T7S:G34T:R98D,R5D:T7S:G34T:R98D,4
R5D:T7H:D61Q:R98D,R5D:T7H:D61Q:R98D,4
R5D:T7S:D96Q:R98D,R5D:T7S:D96Q:R98D,4
G3E:R5D:D61Q:R98D,G3E:R5D:D61Q:R98D,4
L4N:T7S:A29H:G34T,L4N:T7S:A29H:G34T,4
G3E:R5D:A29H:R98D,G3E:R5D:A29H:R98D,4
R5D:T7H:A29H:G34T,R5D:T7H:A29H:G34T,4
R5D:T7H:R60N:D61Q,R5D:T7H:R60N:D61Q,4
R5D:T7S:R60N:R98D,R5D:T7S:R60N:R98D,4
R5D:T7S:Q47R:D96Q,R5D:T7S:Q47R:D96Q,4
L4N:T7S:G34T:D61Q,L4N:T7S:G34T:D61Q,4
G3E:T7S:A29H:R98D,G3E:T7S:A29H:R98D,4
R5D:T7S:G34T:Q47I,R5D:T7S:G34T:Q47I,4
R5D:T7H:A29H:R60N,R5D:T7H:A29H:R60N,4
G3E:R5D:G34T:R98D,G3E:R5D:G34T:R98D,4
G3E:R5D:A29K:R60N,G3E:R5D:A29K:R60N,4
R5D:T7S:I92C:D96Q,R5D:T7S:I92C:D96Q,4
G3E:R5D:A29H:I92C,G3E:R5D:A29H:I92C,4
R5D:T7S:R60N:D61Q,R5D:T7S:R60N:D61Q,4
R5D:T7S:G34T:D96Q,R5D:T7S:G34T:D96Q,4
R5D:T7S:Q47V:D61Q,R5D:T7S:Q47V:D61Q,4
R5D:T7S:A29H:Q47C,R5D:T7S:A29H:Q47C,4
G3E:R5D:G34T:I92C,G3E:R5D:G34T:I92C,4
R5D:T7S:Q47R:I92C,R5D:T7S:Q47R:I92C,4
G3E:T7S:R60N:D96Q,G3E:T7S:R60N:D96Q,4
G3E:T7S:A29K:R60N,G3E:T7S:A29K:R60N,4
G3E:T7S:A29H:R60N,G3E:T7S:A29H:R60N,4
R5D:T7S:Q47C:D61Q,R5D:T7S:Q47C:D61Q,4
L4N:T7S:R60N:D61Q,L4N:T7S:R60N:D61Q,4
G3E:T7S:A29K:R98D,G3E:T7S:A29K:R98D,4
R5D:T7S:A29H:Q47V,R5D:T7S:A29H:Q47V,4
R5D:T7H:A29H:D61Q,R5D:T7H:A29H:D61Q,4
R5D:T7H:D61Q:I92C,R5D:T7H:D61Q:I92C,4
R5D:T7S:A29H:R98D,R5D:T7S:A29H:R98D,4
G3E:T7S:G34T:I92C,G3E:T7S:G34T:I92C,4
R5D:T7S:G34T:Q47C,R5D:T7S:G34T:Q47C,4
G3E:R5D:A29K:I92C,G3E:R5D:A29K:I92C,4
R5D:T7S:A29H:D96Q,R5D:T7S:A29H:D96Q,4
R5D:T7S:A29H:Q47I,R5D:T7S:A29H:Q47I,4
R5D:T7S:A29K:Q47R,R5D:T7S:A29K:Q47R,4
L4N:T7S:A29K:D61Q,L4N:T7S:A29K:D61Q,4
G3E:T7H:A29H:D61Q,G3E:T7H:A29H:D61Q,4
G3E:T7S:G34T:D61Q,G3E:T7S:G34T:D61Q,4
G3E:T7S:G34T:R60N,G3E:T7S:G34T:R60N,4
R5D:T7S:A29K:D96Q,R5D:T7S:A29K:D96Q,4
G3E:T7H:A29K:G34T,G3E:T7H:A29K:G34T,4
R5D:T7H:G34T:R98D,R5D:T7H:G34T:R98D,4
G3E:T7S:A29K:I92C,G3E:T7S:A29K:I92C,4
G3E:R5D:D61Q:I92C,G3E:R5D:D61Q:I92C,4
G3E:T7S:D61Q:I92C,G3E:T7S:D61Q:I92C,4
L4N:T7H:A29K:I92C,L4N:T7H:A29K:I92C,4
R5D:T7S:A29H:Q47R,R5D:T7S:A29H:Q47R,4
R5D:T7S:A29K:I92C,R5D:T7S:A29K:I92C,4
G3E:T7S:I92C:R98D,G3E:T7S:I92C:R98D,4
G3E:R5D:R60N:D61Q,G3E:R5D:R60N:D61Q,4
R5D:T7H:G34T:R60N,R5D:T7H:G34T:R60N,4
L4N:T7H:A29H:D61Q,L4N:T7H:A29H:D61Q,4
R5D:T7H:A29K:D61Q,R5D:T7H:A29K:D61Q,4
R5D:T7H:G34T:I92C,R5D:T7H:G34T:I92C,4
L4N:T7S:A29H:I92C,L4N:T7S:A29H:I92C,4
G3E:R5D:A29H:D96Q,G3E:R5D:A29H:D96Q,4
G3E:R5D:A29K:R98D,G3E:R5D:A29K:R98D,4
G3E:T7S:A29H:I92C,G3E:T7S:A29H:I92C,4
G3E:R5D:A29K:Q47R,G3E:R5D:A29K:Q47R,4
R5D:T7S:R60N:D96Q,R5D:T7S:R60N:D96Q,4
G3E:R5D:G34T:Q47R,G3E:R5D:G34T:Q47R,4
R5D:T7S:A29K:R98D,R5D:T7S:A29K:R98D,4
G3E:T7H:A29H:G34T,G3E:T7H:A29H:G34T,4
R5D:T7H:R60N:R98D,R5D:T7H:R60N:R98D,4
G3E:T7S:A29H:Q47C,G3E:T7S:A29H:Q47C,4
L4N:R5D:A29H:D61Q,L4N:R5D:A29H:D61Q,4
G3E:R5D:T7H:V109Q,G3E:R5D:T7H:V109Q,4
L4N:R5D:A29H:I92C,L4N:R5D:A29H:I92C,4
G3E:T7S:A29K:G34T,G3E:T7S:A29K:G34T,4
R5D:T7S:Q47V:I92C,R5D:T7S:Q47V:I92C,4
R5D:T7H:G34T:D61Q,R5D:T7H:G34T:D61Q,4
L4N:T7S:I92C:R98D,L4N:T7S:I92C:R98D,4
L4N:T7S:G34T:R60N,L4N:T7S:G34T:R60N,4
L4N:T7S:A29H:R98D,L4N:T7S:A29H:R98D,4
G3E:T7S:I92C:D96Q,G3E:T7S:I92C:D96Q,4
R5D:T7S:Q47I:R60N,R5D:T7S:Q47I:R60N,4
R5D:T7H:G34T:D96Q,R5D:T7H:G34T:D96Q,4
G3E:R5D:I92C:R98D,G3E:R5D:I92C:R98D,4
L4N:R5D:G34T:D61Q,L4N:R5D:G34T:D61Q,4
R5D:T7S:A29K:G34T,R5D:T7S:A29K:G34T,4
R5D:T7S:Q47V:R98D,R5D:T7S:Q47V:R98D,4
G3E:T7S:G34T:Q47V,G3E:T7S:G34T:Q47V,4
L4N:R5D:R60N:D61Q,L4N:R5D:R60N:D61Q,4
G3E:R5D:Q47V:D61Q,G3E:R5D:Q47V:D61Q,4
R5D:T7H:A29K:R98D,R5D:T7H:A29K:R98D,4
L4N:T7S:G34T:Q47I,L4N:T7S:G34T:Q47I,4
L4N:T7S:A29H:D96Q,L4N:T7S:A29H:D96Q,4
G3E:R5D:T7H:T113E,G3E:R5D:T7H:T113E,4
L4N:T7S:A29K:R60N,L4N:T7S:A29K:R60N,4
R5D:T7H:D96Q:R98D,R5D:T7H:D96Q:R98D,4
R5D:T7H:A29H:I92C,R5D:T7H:A29H:I92C,4
L4N:R5D:D61Q:R98D,L4N:R5D:D61Q:R98D,4
G3E:T7S:A29H:Q47R,G3E:T7S:A29H:Q47R,4
G3E:R5D:T7H:V107M,G3E:R5D:T7H:V107M,4
L4N:T7S:A29H:R60N,L4N:T7S:A29H:R60N,4
G3E:T7H:A29H:I92C,G3E:T7H:A29H:I92C,4
L4N:T7S:D61Q:D96Q,L4N:T7S:D61Q:D96Q,4
L4N:T7S:D61Q:R98D,L4N:T7S:D61Q:R98D,4
R5D:T7H:A29H:Q47R,R5D:T7H:A29H:Q47R,4
G3E:T7S:A29K:Q47V,G3E:T7S:A29K:Q47V,4
R5D:T7H:A29H:D96Q,R5D:T7H:A29H:D96Q,4
G3E:R5D:A29H:Q47R,G3E:R5D:A29H:Q47R,4
R5D:T7S:Q47V:D96Q,R5D:T7S:Q47V:D96Q,4
L4N:T7S:G34T:R98D,L4N:T7S:G34T:R98D,4
G3E:T7H:D96Q:R98D,G3E:T7H:D96Q:R98D,4
G3E:T7S:D61Q:D96Q,G3E:T7S:D61Q:D96Q,4
G3E:R5D:G34T:R60N,G3E:R5D:G34T:R60N,4
L4N:T7S:A29H:Q47R,L4N:T7S:A29H:Q47R,4
G3E:T7S:A29H:D96Q,G3E:T7S:A29H:D96Q,4
L4N:T7S:Q47R:I92C,L4N:T7S:Q47R:I92C,4
G3E:R5D:D61Q:D96Q,G3E:R5D:D61Q:D96Q,4
R5D:T7H:Q47R:D61Q,R5D:T7H:Q47R:D61Q,4
G3E:T7S:A29K:Q47R,G3E:T7S:A29K:Q47R,4
L4N:T7S:G34T:I92C,L4N:T7S:G34T:I92C,4
G3E:T7S:A29H:Q47V,G3E:T7S:A29H:Q47V,4
G3E:R5D:R60N:R98D,G3E:R5D:R60N:R98D,4
L4N:R5D:G34T:Q47I,L4N:R5D:G34T:Q47I,4
R5D:T7S:Q47I:I92C,R5D:T7S:Q47I:I92C,4
L4N:T7H:A29K:D61Q,L4N:T7H:A29K:D61Q,4
G3E:T7S:Q47R:D61Q,G3E:T7S:Q47R:D61Q,4
R5D:T7S:Q47C:D96Q,R5D:T7S:Q47C:D96Q,4
R5D:T7H:I92C:D96Q,R5D:T7H:I92C:D96Q,4
R5D:T7S:G34T:Q47V,R5D:T7S:G34T:Q47V,4
L4N:T7S:A29K:R98D,L4N:T7S:A29K:R98D,4
L4N:T7S:G34T:Q47R,L4N:T7S:G34T:Q47R,4
L4N:T7H:A29K:R98D,L4N:T7H:A29K:R98D,4
R5D:T7H:D61Q:D96Q,R5D:T7H:D61Q:D96Q,4
L4N:R5D:A29H:R98D,L4N:R5D:A29H:R98D,4
G3E:R5D:Q47R:D61Q,G3E:R5D:Q47R:D61Q,4
L4N:R5D:A29H:R60N,L4N:R5D:A29H:R60N,4
G3E:R5D:D96Q:R98D,G3E:R5D:D96Q:R98D,4
R5D:T7S:Q47C:I92C,R5D:T7S:Q47C:I92C,4
L4N:R5D:A29K:D61Q,L4N:R5D:A29K:D61Q,4
G3E:T7H:A29K:I92C,G3E:T7H:A29K:I92C,4
L4N:R5D:T7S:V107M,L4N:R5D:T7S:V107M,4
G3E:T7H:D61Q:R98D,G3E:T7H:D61Q:R98D,4
L4N:R5D:T7H:V109Q,L4N:R5D:T7H:V109Q,4
R5D:T7S:Q47I:R98D,R5D:T7S:Q47I:R98D,4
G3E:R5D:Q47I:D61Q,G3E:R5D:Q47I:D61Q,4
L4N:T7S:D96Q:R98D,L4N:T7S:D96Q:R98D,4
R5D:T7H:I92C:R98D,R5D:T7H:I92C:R98D,4
L4N:R5D:A29H:G34T,L4N:R5D:A29H:G34T,4
L4N:T7H:A29H:G34T,L4N:T7H:A29H:G34T,4
G3E:T7H:A29K:R98D,G3E:T7H:A29K:R98D,4
G3E:T7S:G34T:Q47I,G3E:T7S:G34T:Q47I,4
G3E:T7S:G34T:R98D,G3E:T7S:G34T:R98D,4
L4N:T7H:A29K:Q47R,L4N:T7H:A29K:Q47R,4
L4N:R5D:G34T:R60N,L4N:R5D:G34T:R60N,4
G3E:T7H:A29K:D61Q,G3E:T7H:A29K:D61Q,4
G3E:T7S:Q47R:I92C,G3E:T7S:Q47R:I92C,4
L4N:R5D:Q47R:D61Q,L4N:R5D:Q47R:D61Q,4
G3E:T7H:D61Q:I92C,G3E:T7H:D61Q:I92C,4
R5D:T7H:A29H:R98D,R5D:T7H:A29H:R98D,4
L4N:R5D:T7S:V109Q,L4N:R5D:T7S:V109Q,4
R5D:T7S:Q47C:R98D,R5D:T7S:Q47C:R98D,4
L4N:R5D:R60N:I92C,L4N:R5D:R60N:I92C,4
L4N:R5D:D61Q:I92C,L4N:R5D:D61Q:I92C,4
R5D:T7S:A29K:Q47I,R5D:T7S:A29K:Q47I,4
G3E:T7S:R60N:I92C,G3E:T7S:R60N:I92C,4
G3E:R5D:G34T:D96Q,G3E:R5D:G34T:D96Q,4
L4N:R5D:I92C:R98D,L4N:R5D:I92C:R98D,4
G3E:T7S:A29K:Q47C,G3E:T7S:A29K:Q47C,4
G3E:T7S:G34T:Q47R,G3E:T7S:G34T:Q47R,4
G3E:R5D:G34T:Q47V,G3E:R5D:G34T:Q47V,4
G3E:T7S:D96Q:R98D,G3E:T7S:D96Q:R98D,4
L4N:T7S:G34T:D96Q,L4N:T7S:G34T:D96Q,4
G3E:T7H:G34T:R98D,G3E:T7H:G34T:R98D,4
L4N:T7S:A29K:D96Q,L4N:T7S:A29K:D96Q,4
G3E:T7H:R60N:D61Q,G3E:T7H:R60N:D61Q,4
G3E:T7S:Q47V:D61Q,G3E:T7S:Q47V:D61Q,4
L4N:R5D:A29K:R60N,L4N:R5D:A29K:R60N,4
G3E:R5D:A29H:Q47V,G3E:R5D:A29H:Q47V,4
L4N:R5D:A29H:D96Q,L4N:R5D:A29H:D96Q,4
L4N:R5D:G34T:R98D,L4N:R5D:G34T:R98D,4
L4N:T7S:R60N:R98D,L4N:T7S:R60N:R98D,4
L4N:T7S:Q47R:D61Q,L4N:T7S:Q47R:D61Q,4
G3E:T7H:A29H:R98D,G3E:T7H:A29H:R98D,4
L4N:T7H:A29H:R60N,L4N:T7H:A29H:R60N,4
L4N:T7H:A29H:I92C,L4N:T7H:A29H:I92C,4
L4N:R5D:G34T:D96Q,L4N:R5D:G34T:D96Q,4
L4N:T7H:A29H:R98D,L4N:T7H:A29H:R98D,4
G3E:T7S:G34T:D96Q,G3E:T7S:G34T:D96Q,4
L4N:T7S:R60N:I92C,L4N:T7S:R60N:I92C,4
G3E:L4N:T7S:V107M,G3E:L4N:T7S:V107M,4
G3E:T7S:Q47V:I92C,G3E:T7S:Q47V:I92C,4
G3E:T7H:A29H:D96Q,G3E:T7H:A29H:D96Q,4
R5D:T7H:A29K:G34T,R5D:T7H:A29K:G34T,4
G3E:T7H:I92C:R98D,G3E:T7H:I92C:R98D,4
R5D:T7H:R60N:I92C,R5D:T7H:R60N:I92C,4
G3E:R5D:A29K:Q47C,G3E:R5D:A29K:Q47C,4
R5D:T7H:Q47R:R98D,R5D:T7H:Q47R:R98D,4
L4N:R5D:G34T:Q47R,L4N:R5D:G34T:Q47R,4
R5D:T7H:A29K:I92C,R5D:T7H:A29K:I92C,4
L4N:T7S:A29H:Q47I,L4N:T7S:A29H:Q47I,4
L4N:R5D:R60N:D96Q,L4N:R5D:R60N:D96Q,4
L4N:T7S:Q47R:R98D,L4N:T7S:Q47R:R98D,4
L4N:T7S:I92C:D96Q,L4N:T7S:I92C:D96Q,4
G3E:R5D:A29K:D96Q,G3E:R5D:A29K:D96Q,4
R5D:T7H:G34T:Q47R,R5D:T7H:G34T:Q47R,4
R5D:T7S:A29K:Q47V,R5D:T7S:A29K:Q47V,4
L4N:R5D:D61Q:D96Q,L4N:R5D:D61Q:D96Q,4
L4N:T7H:G34T:D61Q,L4N:T7H:G34T:D61Q,4
G3E:T7S:Q47I:I92C,G3E:T7S:Q47I:I92C,4
G3E:L4N:T7H:T113E,G3E:L4N:T7H:T113E,4
L4N:T7S:A29K:G34T,L4N:T7S:A29K:G34T,4
R5D:T7H:Q47R:I92C,R5D:T7H:Q47R:I92C,4
G3E:T7S:Q47I:D61Q,G3E:T7S:Q47I:D61Q,4
L4N:R5D:T7S:T113E,L4N:R5D:T7S:T113E,4
G3E:T7S:Q47R:R98D,G3E:T7S:Q47R:R98D,4
L4N:T7S:A29K:Q47V,L4N:T7S:A29K:Q47V,4
L4N:R5D:T7H:T113E,L4N:R5D:T7H:T113E,4
G3E:T7S:Q47I:R98D,G3E:T7S:Q47I:R98D,4
L4N:T7S:G34T:Q47V,L4N:T7S:G34T:Q47V,4
G3E:L4N:A29K:D61Q,G3E:L4N:A29K:D61Q,4
G3E:L4N:R5D:V107M,G3E:L4N:R5D:V107M,4
L4N:R5D:Q47I:R98D,L4N:R5D:Q47I:R98D,4
L4N:R5D:G34T:I92C,L4N:R5D:G34T:I92C,4
L4N:R5D:A29K:Q47R,L4N:R5D:A29K:Q47R,4
G3E:R5D:G34T:Q47I,G3E:R5D:G34T:Q47I,4
L4N:T7S:Q47I:R98D,L4N:T7S:Q47I:R98D,4
G3E:R5D:A29H:Q47I,G3E:R5D:A29H:Q47I,4
G3E:R5D:Q47R:I92C,G3E:R5D:Q47R:I92C,4
L4N:T7H:D61Q:I92C,L4N:T7H:D61Q:I92C,4
G3E:R5D:A29H:R60N,G3E:R5D:A29H:R60N,4
G3E:R5D:Q47C:D61Q,G3E:R5D:Q47C:D61Q,4
L4N:T7H:A29K:R60N,L4N:T7H:A29K:R60N,4
G3E:L4N:G34T:R60N,G3E:L4N:G34T:R60N,4
L4N:T7H:A29H:D96Q,L4N:T7H:A29H:D96Q,4
G3E:T7H:A29K:R60N,G3E:T7H:A29K:R60N,4
R5D:T7S:Q47R:R60N,R5D:T7S:Q47R:R60N,4
G3E:L4N:T7S:V109Q,G3E:L4N:T7S:V109Q,4
G3E:R5D:Q47R:R98D,G3E:R5D:Q47R:R98D,4
G3E:L4N:A29H:D61Q,G3E:L4N:A29H:D61Q,4
L4N:R5D:Q47R:I92C,L4N:R5D:Q47R:I92C,4
G3E:T7H:G34T:D61Q,G3E:T7H:G34T:D61Q,4
G3E:R5D:A29H:Q47C,G3E:R5D:A29H:Q47C,4
G3E:R5D:A29K:Q47I,G3E:R5D:A29K:Q47I,4
G3E:T7H:G34T:Q47R,G3E:T7H:G34T:Q47R,4
G3E:T7S:Q47V:R98D,G3E:T7S:Q47V:R98D,4
G3E:R5D:R60N:D96Q,G3E:R5D:R60N:D96Q,4
R5D:T7H:R60N:D96Q,R5D:T7H:R60N:D96Q,4
G3E:T7S:R60N:R98D,G3E:T7S:R60N:R98D,4
L4N:T7H:D61Q:R98D,L4N:T7H:D61Q:R98D,4
G3E:T7H:G34T:I92C,G3E:T7H:G34T:I92C,4
G3E:R5D:R60N:I92C,G3E:R5D:R60N:I92C,4
R5D:T7H:A29K:R60N,R5D:T7H:A29K:R60N,4
G3E:R5D:I92C:D96Q,G3E:R5D:I92C:D96Q,4
G3E:T7H:Q47R:D61Q,G3E:T7H:Q47R:D61Q,4
L4N:T7S:A29K:I92C,L4N:T7S:A29K:I92C,4
G3E:T7S:Q47C:D61Q,G3E:T7S:Q47C:D61Q,4
L4N:T7S:A29H:Q47V,L4N:T7S:A29H:Q47V,4
G3E:T7H:A29K:D96Q,G3E:T7H:A29K:D96Q,4
L4N:T7H:G34T:I92C,L4N:T7H:G34T:I92C,4
G3E:T7H:G34T:R60N,G3E:T7H:G34T:R60N,4
G3E:L4N:A29H:G34T,G3E:L4N:A29H:G34T,4
L4N:R5D:A29H:Q47R,L4N:R5D:A29H:Q47R,4
L4N:T7H:D61Q:D96Q,L4N:T7H:D61Q:D96Q,4
G3E:T7S:A29K:Q47I,G3E:T7S:A29K:Q47I,4
G3E:R5D:Q47I:I92C,G3E:R5D:Q47I:I92C,4
L4N:R5D:A29K:R98D,L4N:R5D:A29K:R98D,4
L4N:T7H:I92C:R98D,L4N:T7H:I92C:R98D,4
L4N:R5D:A29H:Q47I,L4N:R5D:A29H:Q47I,4
G3E:L4N:R5D:T113E,G3E:L4N:R5D:T113E,4
G3E:T7S:Q47I:R60N,G3E:T7S:Q47I:R60N,4
L4N:R5D:I92C:D96Q,L4N:R5D:I92C:D96Q,4
L4N:T7S:A29K:Q47R,L4N:T7S:A29K:Q47R,4
R5D:T7S:Q47I:D96Q,R5D:T7S:Q47I:D96Q,4
G3E:L4N:G34T:D61Q,G3E:L4N:G34T:D61Q,4
L4N:R5D:D96Q:R98D,L4N:R5D:D96Q:R98D,4
G3E:L4N:R5D:V109Q,G3E:L4N:R5D:V109Q,4
G3E:L4N:T7S:T113E,G3E:L4N:T7S:T113E,4
L4N:R5D:A29K:Q47I,L4N:R5D:A29K:Q47I,4
L4N:T7S:Q47C:D61Q,L4N:T7S:Q47C:D61Q,4
G3E:R5D:Q47V:R98D,G3E:R5D:Q47V:R98D,4
L4N:T7H:A29K:D96Q,L4N:T7H:A29K:D96Q,4
L4N:T7S:R60N:D96Q,L4N:T7S:R60N:D96Q,4
G3E:T7H:Q47R:I92C,G3E:T7H:Q47R:I92C,4
G3E:T7H:D61Q:D96Q,G3E:T7H:D61Q:D96Q,4
G3E:T7S:Q47C:I92C,G3E:T7S:Q47C:I92C,4
R5D:T7H:A29K:Q47R,R5D:T7H:A29K:Q47R,4
L4N:T7S:A29K:Q47I,L4N:T7S:A29K:Q47I,4
L4N:R5D:Q47R:R98D,L4N:R5D:Q47R:R98D,4
G3E:R5D:Q47V:D96Q,G3E:R5D:Q47V:D96Q,4
L4N:R5D:G34T:Q47V,L4N:R5D:G34T:Q47V,4
G3E:L4N:A29K:R98D,G3E:L4N:A29K:R98D,4
L4N:T7S:Q47I:D61Q,L4N:T7S:Q47I:D61Q,4
R5D:T7H:Q47R:D96Q,R5D:T7H:Q47R:D96Q,4
G3E:R5D:Q47C:R98D,G3E:R5D:Q47C:R98D,4
L4N:R5D:Q47I:D61Q,L4N:R5D:Q47I:D61Q,4
L4N:T7S:Q47V:R98D,L4N:T7S:Q47V:R98D,4
R5D:T7H:G34T:Q47I,R5D:T7H:G34T:Q47I,4
R5D:T7H:A29K:D96Q,R5D:T7H:A29K:D96Q,4
R5D:T7H:G34T:Q47V,R5D:T7H:G34T:Q47V,4
G3E:T7H:A29H:Q47R,G3E:T7H:A29H:Q47R,4
L4N:T7H:A29K:G34T,L4N:T7H:A29K:G34T,4
L4N:T7S:G34T:Q47C,L4N:T7S:G34T:Q47C,4
G3E:L4N:D61Q:I92C,G3E:L4N:D61Q:I92C,4
G3E:T7H:R60N:I92C,G3E:T7H:R60N:I92C,4
R5D:T7S:A29K:Q47C,R5D:T7S:A29K:Q47C,4
G3E:T7S:Q47R:R60N,G3E:T7S:Q47R:R60N,4
L4N:T7S:Q47R:D96Q,L4N:T7S:Q47R:D96Q,4
L4N:R5D:Q47V:D61Q,L4N:R5D:Q47V:D61Q,4
G3E:L4N:A29K:R60N,G3E:L4N:A29K:R60N,4
L4N:R5D:R60N:R98D,L4N:R5D:R60N:R98D,4
G3E:L4N:T7H:V107M,G3E:L4N:T7H:V107M,4
L4N:T7S:A29H:Q47C,L4N:T7S:A29H:Q47C,4
G3E:R5D:Q47V:I92C,G3E:R5D:Q47V:I92C,4
G3E:R5D:A29K:Q47V,G3E:R5D:A29K:Q47V,4
L4N:T7S:Q47I:I92C,L4N:T7S:Q47I:I92C,4
L4N:R5D:A29K:D96Q,L4N:R5D:A29K:D96Q,4
G3E:L4N:G34T:I92C,G3E:L4N:G34T:I92C,4
L4N:T7S:Q47C:I92C,L4N:T7S:Q47C:I92C,4
L4N:R5D:A29K:I92C,L4N:R5D:A29K:I92C,4
L4N:T7S:Q47V:D96Q,L4N:T7S:Q47V:D96Q,4
L4N:T7H:R60N:D61Q,L4N:T7H:R60N:D61Q,4
G3E:T7S:Q47V:D96Q,G3E:T7S:Q47V:D96Q,4
L4N:T7H:D96Q:R98D,L4N:T7H:D96Q:R98D,4
G3E:L4N:I92C:R98D,G3E:L4N:I92C:R98D,4
L4N:R5D:Q47C:D61Q,L4N:R5D:Q47C:D61Q,4
L4N:T7S:A29K:Q47C,L4N:T7S:A29K:Q47C,4
G3E:R5D:G34T:Q47C,G3E:R5D:G34T:Q47C,4
G3E:L4N:Q47R:D61Q,G3E:L4N:Q47R:D61Q,4
G3E:T7H:G34T:D96Q,G3E:T7H:G34T:D96Q,4
G3E:T7S:A29K:D96Q,G3E:T7S:A29K:D96Q,4
L4N:T7S:Q47R:R60N,L4N:T7S:Q47R:R60N,4
G3E:L4N:D61Q:R98D,G3E:L4N:D61Q:R98D,4
G3E:L4N:G34T:R98D,G3E:L4N:G34T:R98D,4
G3E:L4N:A29H:R60N,G3E:L4N:A29H:R60N,4
G3E:T7H:R60N:R98D,G3E:T7H:R60N:R98D,4
L4N:R5D:A29K:Q47C,L4N:R5D:A29K:Q47C,4
G3E:L4N:D96Q:R98D,G3E:L4N:D96Q:R98D,4
G3E:L4N:A29H:R98D,G3E:L4N:A29H:R98D,4
G3E:R5D:Q47I:R98D,G3E:R5D:Q47I:R98D,4
L4N:T7S:Q47V:D61Q,L4N:T7S:Q47V:D61Q,4
G3E:T7H:A29H:R60N,G3E:T7H:A29H:R60N,4
L4N:R5D:A29K:Q47V,L4N:R5D:A29K:Q47V,4
G3E:L4N:R60N:R98D,G3E:L4N:R60N:R98D,4
L4N:R5D:Q47I:I92C,L4N:R5D:Q47I:I92C,4
R5D:T7S:Q47C:R60N,R5D:T7S:Q47C:R60N,4
G3E:L4N:G34T:Q47V,G3E:L4N:G34T:Q47V,4
R5D:T7H:Q47I:I92C,R5D:T7H:Q47I:I92C,4
L4N:R5D:Q47V:R98D,L4N:R5D:Q47V:R98D,4
G3E:R5D:Q47C:I92C,G3E:R5D:Q47C:I92C,4
R5D:T7H:A29H:Q47C,R5D:T7H:A29H:Q47C,4
G3E:L4N:R60N:D61Q,G3E:L4N:R60N:D61Q,4
G3E:R5D:Q47R:R60N,G3E:R5D:Q47R:R60N,4
L4N:R5D:A29H:Q47V,L4N:R5D:A29H:Q47V,4
R5D:T7H:Q47I:D61Q,R5D:T7H:Q47I:D61Q,4
L4N:T7H:G34T:R98D,L4N:T7H:G34T:R98D,4
G3E:R5D:Q47I:D96Q,G3E:R5D:Q47I:D96Q,4
G3E:T7H:A29K:Q47I,G3E:T7H:A29K:Q47I,4
G3E:L4N:A29H:I92C,G3E:L4N:A29H:I92C,4
G3E:T7S:Q47C:R98D,G3E:T7S:Q47C:R98D,4
G3E:L4N:D61Q:D96Q,G3E:L4N:D61Q:D96Q,4
G3E:T7H:G34T:Q47I,G3E:T7H:G34T:Q47I,4
G3E:L4N:G34T:Q47R,G3E:L4N:G34T:Q47R,4
L4N:T7H:G34T:Q47R,L4N:T7H:G34T:Q47R,4
G3E:L4N:A29K:I92C,G3E:L4N:A29K:I92C,4
R5D:T7H:Q47C:R98D,R5D:T7H:Q47C:R98D,4
R5D:T7H:Q47V:D61Q,R5D:T7H:Q47V:D61Q,4
L4N:T7H:G34T:D96Q,L4N:T7H:G34T:D96Q,4
L4N:T7S:Q47C:R98D,L4N:T7S:Q47C:R98D,4
G3E:L4N:A29K:G34T,G3E:L4N:A29K:G34T,4
G3E:L4N:A29H:Q47I,G3E:L4N:A29H:Q47I,4
L4N:T7S:Q47V:I92C,L4N:T7S:Q47V:I92C,4
L4N:T7H:G34T:R60N,L4N:T7H:G34T:R60N,4
R5D:T7H:A29H:Q47I,R5D:T7H:A29H:Q47I,4
G3E:R5D:Q47R:D96Q,G3E:R5D:Q47R:D96Q,4
L4N:R5D:Q47C:I92C,L4N:R5D:Q47C:I92C,4
L4N:R5D:Q47V:D96Q,L4N:R5D:Q47V:D96Q,4
L4N:T7S:Q47I:D96Q,L4N:T7S:Q47I:D96Q,4
G3E:T7S:G34T:Q47C,G3E:T7S:G34T:Q47C,4
G3E:T7H:A29K:Q47R,G3E:T7H:A29K:Q47R,4
G3E:T7H:I92C:D96Q,G3E:T7H:I92C:D96Q,4
G3E:T7H:Q47R:R98D,G3E:T7H:Q47R:R98D,4
G3E:T7S:Q47C:R60N,G3E:T7S:Q47C:R60N,4
L4N:T7H:A29H:Q47R,L4N:T7H:A29H:Q47R,4
L4N:T7H:I92C:D96Q,L4N:T7H:I92C:D96Q,4
L4N:R5D:Q47I:D96Q,L4N:R5D:Q47I:D96Q,4
L4N:T7S:Q47V:R60N,L4N:T7S:Q47V:R60N,4
G3E:T7H:Q47V:D61Q,G3E:T7H:Q47V:D61Q,4
L4N:R5D:G34T:Q47C,L4N:R5D:G34T:Q47C,4
G3E:L4N:A29H:D96Q,G3E:L4N:A29H:D96Q,4
L4N:T7H:Q47R:D61Q,L4N:T7H:Q47R:D61Q,4
G3E:T7H:R60N:D96Q,G3E:T7H:R60N:D96Q,4
L4N:T7H:A29K:Q47I,L4N:T7H:A29K:Q47I,4
G3E:R5D:Q47C:D96Q,G3E:R5D:Q47C:D96Q,4
G3E:L4N:A29K:Q47R,G3E:L4N:A29K:Q47R,4
R5D:T7H:Q47V:I92C,R5D:T7H:Q47V:I92C,4
G3E:L4N:T7H:V109Q,G3E:L4N:T7H:V109Q,4
R5D:T7H:A29K:Q47V,R5D:T7H:A29K:Q47V,4
L4N:T7S:Q47C:D96Q,L4N:T7S:Q47C:D96Q,4
L4N:R5D:Q47R:D96Q,L4N:R5D:Q47R:D96Q,4
R5D:T7H:Q47C:D61Q,R5D:T7H:Q47C:D61Q,4
L4N:T7H:R60N:R98D,L4N:T7H:R60N:R98D,4
G3E:L4N:Q47R:R98D,G3E:L4N:Q47R:R98D,4
G3E:T7H:A29H:Q47C,G3E:T7H:A29H:Q47C,4
G3E:L4N:G34T:D96Q,G3E:L4N:G34T:D96Q,4
G3E:L4N:Q47R:I92C,G3E:L4N:Q47R:I92C,4
R5D:T7H:Q47I:R98D,R5D:T7H:Q47I:R98D,4
G3E:L4N:I92C:D96Q,G3E:L4N:I92C:D96Q,4
G3E:T7H:Q47C:R98D,G3E:T7H:Q47C:R98D,4
L4N:T7H:Q47R:I92C,L4N:T7H:Q47R:I92C,4
G3E:T7H:G34T:Q47V,G3E:T7H:G34T:Q47V,4
G3E:R5D:Q47V:R60N,G3E:R5D:Q47V:R60N,4
G3E:T7H:A29K:Q47C,G3E:T7H:A29K:Q47C,4
G3E:T7S:Q47C:D96Q,G3E:T7S:Q47C:D96Q,4
L4N:R5D:Q47V:I92C,L4N:R5D:Q47V:I92C,4
L4N:T7H:R60N:D96Q,L4N:T7H:R60N:D96Q,4
G3E:L4N:G34T:Q47C,G3E:L4N:G34T:Q47C,4
R5D:T7H:A29H:Q47V,R5D:T7H:A29H:Q47V,4
R5D:T7H:Q47V:R98D,R5D:T7H:Q47V:R98D,4
G3E:L4N:Q47I:D61Q,G3E:L4N:Q47I:D61Q,4
L4N:R5D:Q47V:R60N,L4N:R5D:Q47V:R60N,4
L4N:R5D:Q47C:R98D,L4N:R5D:Q47C:R98D,4
L4N:R5D:Q47R:R60N,L4N:R5D:Q47R:R60N,4
R5D:T7H:G34T:Q47C,R5D:T7H:G34T:Q47C,4
R5D:T7H:A29K:Q47C,R5D:T7H:A29K:Q47C,4
G3E:L4N:A29H:Q47R,G3E:L4N:A29H:Q47R,4
G3E:T7H:Q47C:D61Q,G3E:T7H:Q47C:D61Q,4
G3E:T7H:Q47I:I92C,G3E:T7H:Q47I:I92C,4
G3E:R5D:Q47I:R60N,G3E:R5D:Q47I:R60N,4
G3E:T7H:A29K:Q47V,G3E:T7H:A29K:Q47V,4
G3E:T7S:Q47V:R60N,G3E:T7S:Q47V:R60N,4
G3E:T7H:A29H:Q47V,G3E:T7H:A29H:Q47V,4
G3E:T7H:Q47V:I92C,G3E:T7H:Q47V:I92C,4
L4N:R5D:Q47I:R60N,L4N:R5D:Q47I:R60N,4
G3E:T7H:Q47I:D61Q,G3E:T7H:Q47I:D61Q,4
G3E:L4N:R60N:D96Q,G3E:L4N:R60N:D96Q,4
G3E:L4N:Q47C:R98D,G3E:L4N:Q47C:R98D,4
L4N:T7H:R60N:I92C,L4N:T7H:R60N:I92C,4
L4N:T7S:Q47I:R60N,L4N:T7S:Q47I:R60N,4
G3E:L4N:A29K:D96Q,G3E:L4N:A29K:D96Q,4
R5D:T7H:Q47C:I92C,R5D:T7H:Q47C:I92C,4
G3E:L4N:Q47V:D61Q,G3E:L4N:Q47V:D61Q,4
L4N:T7H:A29H:Q47V,L4N:T7H:A29H:Q47V,4
L4N:T7H:Q47R:R98D,L4N:T7H:Q47R:R98D,4
L4N:T7H:A29K:Q47V,L4N:T7H:A29K:Q47V,4
L4N:R5D:Q47C:D96Q,L4N:R5D:Q47C:D96Q,4
G3E:T7H:Q47R:D96Q,G3E:T7H:Q47R:D96Q,4
R5D:T7H:Q47C:D96Q,R5D:T7H:Q47C:D96Q,4
G3E:L4N:A29K:Q47C,G3E:L4N:A29K:Q47C,4
L4N:T7H:Q47C:I92C,L4N:T7H:Q47C:I92C,4
G3E:L4N:R60N:I92C,G3E:L4N:R60N:I92C,4
G3E:L4N:A29H:Q47V,G3E:L4N:A29H:Q47V,4
G3E:L4N:Q47I:I92C,G3E:L4N:Q47I:I92C,4
G3E:T7H:Q47V:R98D,G3E:T7H:Q47V:R98D,4
G3E:L4N:Q47R:D96Q,G3E:L4N:Q47R:D96Q,4
L4N:T7H:A29K:Q47C,L4N:T7H:A29K:Q47C,4
G3E:L4N:Q47V:I92C,G3E:L4N:Q47V:I92C,4
G3E:T7H:A29H:Q47I,G3E:T7H:A29H:Q47I,4
G3E:T7H:Q47C:I92C,G3E:T7H:Q47C:I92C,4
L4N:T7H:Q47R:D96Q,L4N:T7H:Q47R:D96Q,4
G3E:L4N:Q47I:R98D,G3E:L4N:Q47I:R98D,4
R5D:T7H:Q47V:D96Q,R5D:T7H:Q47V:D96Q,4
G3E:T7H:G34T:Q47C,G3E:T7H:G34T:Q47C,4
R5D:T7H:A29K:Q47I,R5D:T7H:A29K:Q47I,4
L4N:T7H:Q47I:I92C,L4N:T7H:Q47I:I92C,4
G3E:L4N:Q47C:I92C,G3E:L4N:Q47C:I92C,4
G3E:L4N:Q47V:R98D,G3E:L4N:Q47V:R98D,4
L4N:T7H:Q47C:R98D,L4N:T7H:Q47C:R98D,4
L4N:T7H:G34T:Q47V,L4N:T7H:G34T:Q47V,4
G3E:L4N:A29H:Q47C,G3E:L4N:A29H:Q47C,4
G3E:L4N:Q47C:D61Q,G3E:L4N:Q47C:D61Q,4
G3E:L4N:Q47V:D96Q,G3E:L4N:Q47V:D96Q,4
L4N:T7H:Q47V:D61Q,L4N:T7H:Q47V:D61Q,4
L4N:T7S:Q47C:R60N,L4N:T7S:Q47C:R60N,4
L4N:T7H:Q47V:R98D,L4N:T7H:Q47V:R98D,4
G3E:T7H:Q47C:D96Q,G3E:T7H:Q47C:D96Q,4
L4N:T7H:G34T:Q47C,L4N:T7H:G34T:Q47C,4
G3E:L4N:Q47C:D96Q,G3E:L4N:Q47C:D96Q,4
L4N:T7H:G34T:Q47I,L4N:T7H:G34T:Q47I,4
G3E:L4N:A29K:Q47V,G3E:L4N:A29K:Q47V,4
L4N:T7H:Q47C:D61Q,L4N:T7H:Q47C:D61Q,4
L4N:T7H:Q47C:D96Q,L4N:T7H:Q47C:D96Q,4
L4N:T7H:Q47R:R60N,L4N:T7H:Q47R:R60N,4
R5D:T7H:Q47I:R60N,R5D:T7H:Q47I:R60N,4
G3E:T7H:Q47I:R98D,G3E:T7H:Q47I:R98D,4
R5D:T7H:Q47R:R60N,R5D:T7H:Q47R:R60N,4
R5D:T7H:Q47I:D96Q,R5D:T7H:Q47I:D96Q,4
G3E:L4N:Q47R:R60N,G3E:L4N:Q47R:R60N,4
G3E:T7H:Q47V:D96Q,G3E:T7H:Q47V:D96Q,4
G3E:T7H:Q47R:R60N,G3E:T7H:Q47R:R60N,4
L4N:T7H:Q47I:D61Q,L4N:T7H:Q47I:D61Q,4
L4N:R5D:Q47C:R60N,L4N:R5D:Q47C:R60N,4
G3E:T7H:Q47I:R60N,G3E:T7H:Q47I:R60N,4
L4N:T7H:A29H:Q47C,L4N:T7H:A29H:Q47C,4
L4N:T7H:Q47V:D96Q,L4N:T7H:Q47V:D96Q,4
G3E:L4N:Q47I:D96Q,G3E:L4N:Q47I:D96Q,4
R5D:T7H:Q47V:R60N,R5D:T7H:Q47V:R60N,4
G3E:L4N:Q47I:R60N,G3E:L4N:Q47I:R60N,4
G3E:L4N:Q47V:R60N,G3E:L4N:Q47V:R60N,4
R5D:T7H:Q47C:R60N,R5D:T7H:Q47C:R60N,4
L4N:T7H:A29H:Q47I,L4N:T7H:A29H:Q47I,4
G3E:T7H:Q47I:D96Q,G3E:T7H:Q47I:D96Q,4
L4N:T7H:Q47I:R98D,L4N:T7H:Q47I:R98D,4
G3E:T7H:Q47V:R60N,G3E:T7H:Q47V:R60N,4
L4N:T7H:Q47I:D96Q,L4N:T7H:Q47I:D96Q,4
G3E:T7H:Q47C:R60N,G3E:T7H:Q47C:R60N,4
L4N:T7H:Q47V:R60N,L4N:T7H:Q47V:R60N,4
R5D:T7S:D61Q:V107M,R5D:T7S:D61Q:V107M,4
R5D:T7S:R60N:V109Q,R5D:T7S:R60N:V109Q,4
T7S:G34T:R60N:D61Q,T7S:G34T:R60N:D61Q,4
T7S:A29H:R60N:D61Q,T7S:A29H:R60N:D61Q,4
T7S:R60N:D61Q:R98D,T7S:R60N:D61Q:R98D,4
T7S:A29H:G34T:D61Q,T7S:A29H:G34T:D61Q,4
R5D:T7S:G34T:V107M,R5D:T7S:G34T:V107M,4
R5D:T7S:I92C:V107M,R5D:T7S:I92C:V107M,4
R5D:T7S:Q47R:V107M,R5D:T7S:Q47R:V107M,4
R5D:T7S:G34T:T113E,R5D:T7S:G34T:T113E,4
R5D:T7S:R60N:V107M,R5D:T7S:R60N:V107M,4
R5D:T7S:A29H:V107M,R5D:T7S:A29H:V107M,4
T7S:G34T:D61Q:I92C,T7S:G34T:D61Q:I92C,4
R5D:T7S:D61Q:V109Q,R5D:T7S:D61Q:V109Q,4
R5D:T7S:D61Q:T113E,R5D:T7S:D61Q:T113E,4
R5D:T7S:G34T:V109Q,R5D:T7S:G34T:V109Q,4
R5D:T7H:G34T:V107M,R5D:T7H:G34T:V107M,4
R5D:D61Q:D96Q:R98D,R5D:D61Q:D96Q:R98D,4
R5D:T7S:A29H:T113E,R5D:T7S:A29H:T113E,4
T7S:A29H:D61Q:I92C,T7S:A29H:D61Q:I92C,4
T7S:A29H:G34T:I92C,T7S:A29H:G34T:I92C,4
R5D:T7S:R98D:V107M,R5D:T7S:R98D:V107M,4
T7S:A29H:D61Q:R98D,T7S:A29H:D61Q:R98D,4
R5D:A29H:G34T:R60N,R5D:A29H:G34T:R60N,4
R5D:G34T:D96Q:R98D,R5D:G34T:D96Q:R98D,4
T7S:A29H:G34T:R98D,T7S:A29H:G34T:R98D,4
R5D:G34T:R60N:D61Q,R5D:G34T:R60N:D61Q,4
T7S:A29H:G34T:Q47R,T7S:A29H:G34T:Q47R,4
R5D:T7S:A29H:V109Q,R5D:T7S:A29H:V109Q,4
G3E:T7S:A29K:V109Q,G3E:T7S:A29K:V109Q,4
R5D:A29H:D61Q:R98D,R5D:A29H:D61Q:R98D,4
R5D:A29K:G34T:D61Q,R5D:A29K:G34T:D61Q,4
T7S:A29H:I92C:R98D,T7S:A29H:I92C:R98D,4
R5D:T7S:R60N:T113E,R5D:T7S:R60N:T113E,4
T7H:A29K:G34T:R60N,T7H:A29K:G34T:R60N,4
T7S:D61Q:I92C:R98D,T7S:D61Q:I92C:R98D,4
R5D:T7H:D61Q:V107M,R5D:T7H:D61Q:V107M,4
T7S:G34T:D61Q:R98D,T7S:G34T:D61Q:R98D,4
R5D:I92C:D96Q:R98D,R5D:I92C:D96Q:R98D,4
T7S:A29K:G34T:Q47R,T7S:A29K:G34T:Q47R,4
R5D:G34T:D61Q:R98D,R5D:G34T:D61Q:R98D,4
G3E:T7S:A29K:T113E,G3E:T7S:A29K:T113E,4
T7S:G34T:Q47R:D61Q,T7S:G34T:Q47R:D61Q,4
T7S:A29K:G34T:I92C,T7S:A29K:G34T:I92C,4
L4N:T7S:A29K:V109Q,L4N:T7S:A29K:V109Q,4
R5D:T7H:R98D:V107M,R5D:T7H:R98D:V107M,4
G3E:R5D:D61Q:V109Q,G3E:R5D:D61Q:V109Q,4
T7S:A29H:D61Q:D96Q,T7S:A29H:D61Q:D96Q,4
G3E:R5D:D61Q:T113E,G3E:R5D:D61Q:T113E,4
R5D:G34T:D61Q:I92C,R5D:G34T:D61Q:I92C,4
G3E:R5D:R98D:V107M,G3E:R5D:R98D:V107M,4
G3E:T7S:D61Q:V109Q,G3E:T7S:D61Q:V109Q,4
T7S:A29H:G34T:R60N,T7S:A29H:G34T:R60N,4
R5D:T7S:I92C:T113E,R5D:T7S:I92C:T113E,4
T7S:G34T:I92C:D96Q,T7S:G34T:I92C:D96Q,4
R5D:A29H:G34T:R98D,R5D:A29H:G34T:R98D,4
T7S:A29K:I92C:R98D,T7S:A29K:I92C:R98D,4
G3E:T7S:D61Q:V107M,G3E:T7S:D61Q:V107M,4
R5D:T7S:A29K:T113E,R5D:T7S:A29K:T113E,4
T7S:G34T:D96Q:R98D,T7S:G34T:D96Q:R98D,4
R5D:T7H:R60N:T113E,R5D:T7H:R60N:T113E,4
T7S:A29K:R60N:R98D,T7S:A29K:R60N:R98D,4
T7S:A29H:R60N:I92C,T7S:A29H:R60N:I92C,4
R5D:T7S:R98D:T113E,R5D:T7S:R98D:T113E,4
R5D:G34T:R60N:R98D,R5D:G34T:R60N:R98D,4
T7S:I92C:D96Q:R98D,T7S:I92C:D96Q:R98D,4
R5D:A29H:R60N:D61Q,R5D:A29H:R60N:D61Q,4
T7S:A29H:D96Q:R98D,T7S:A29H:D96Q:R98D,4
R5D:A29K:G34T:R60N,R5D:A29K:G34T:R60N,4
R5D:D61Q:I92C:R98D,R5D:D61Q:I92C:R98D,4
R5D:T7S:D96Q:T113E,R5D:T7S:D96Q:T113E,4
R5D:T7H:D96Q:V107M,R5D:T7H:D96Q:V107M,4
R5D:A29H:G34T:I92C,R5D:A29H:G34T:I92C,4
T7S:A29K:I92C:D96Q,T7S:A29K:I92C:D96Q,4
R5D:T7S:I92C:V109Q,R5D:T7S:I92C:V109Q,4
T7S:A29K:D61Q:R98D,T7S:A29K:D61Q:R98D,4
T7S:Q47R:D61Q:R98D,T7S:Q47R:D61Q:R98D,4
T7S:A29H:R60N:R98D,T7S:A29H:R60N:R98D,4
R5D:A29H:G34T:D61Q,R5D:A29H:G34T:D61Q,4
T7S:R60N:I92C:R98D,T7S:R60N:I92C:R98D,4
G3E:R5D:G34T:V107M,G3E:R5D:G34T:V107M,4
R5D:T7H:D61Q:V109Q,R5D:T7H:D61Q:V109Q,4
R5D:G34T:D61Q:D96Q,R5D:G34T:D61Q:D96Q,4
T7S:A29K:G34T:Q47I,T7S:A29K:G34T:Q47I,4
R5D:T7S:Q47I:V107M,R5D:T7S:Q47I:V107M,4
G3E:R5D:A29H:V109Q,G3E:R5D:A29H:V109Q,4
R5D:T7S:Q47R:V109Q,R5D:T7S:Q47R:V109Q,4
T7S:A29H:I92C:D96Q,T7S:A29H:I92C:D96Q,4
R5D:G34T:I92C:R98D,R5D:G34T:I92C:R98D,4
R5D:T7S:Q47R:T113E,R5D:T7S:Q47R:T113E,4
R5D:A29K:G34T:R98D,R5D:A29K:G34T:R98D,4
R5D:T7H:D61Q:T113E,R5D:T7H:D61Q:T113E,4
R5D:T7H:A29H:T113E,R5D:T7H:A29H:T113E,4
L4N:T7S:D61Q:V107M,L4N:T7S:D61Q:V107M,4
G3E:R5D:G34T:T113E,G3E:R5D:G34T:T113E,4
R5D:A29H:G34T:Q47R,R5D:A29H:G34T:Q47R,4
T7S:A29K:G34T:D61Q,T7S:A29K:G34T:D61Q,4
R5D:G34T:Q47R:D61Q,R5D:G34T:Q47R:D61Q,4
R5D:A29H:R60N:R98D,R5D:A29H:R60N:R98D,4
T7S:R60N:D61Q:I92C,T7S:R60N:D61Q:I92C,4
T7S:A29H:Q47R:I92C,T7S:A29H:Q47R:I92C,4
R5D:T7S:Q47C:V109Q,R5D:T7S:Q47C:V109Q,4
T7S:A29H:Q47R:D61Q,T7S:A29H:Q47R:D61Q,4
R5D:T7S:A29K:V109Q,R5D:T7S:A29K:V109Q,4
T7S:A29K:G34T:R60N,T7S:A29K:G34T:R60N,4
L4N:R5D:A29H:V107M,L4N:R5D:A29H:V107M,4
T7S:Q47R:R60N:D61Q,T7S:Q47R:R60N:D61Q,4
L4N:T7S:R60N:V109Q,L4N:T7S:R60N:V109Q,4
T7S:Q47R:D61Q:I92C,T7S:Q47R:D61Q:I92C,4
R5D:R60N:D61Q:I92C,R5D:R60N:D61Q:I92C,4
R5D:A29H:D61Q:I92C,R5D:A29H:D61Q:I92C,4
R5D:T7H:A29H:V107M,R5D:T7H:A29H:V107M,4
R5D:D61Q:I92C:D96Q,R5D:D61Q:I92C:D96Q,4
T7S:D61Q:I92C:D96Q,T7S:D61Q:I92C:D96Q,4
R5D:T7H:Q47R:V107M,R5D:T7H:Q47R:V107M,4
G3E:T7S:D61Q:T113E,G3E:T7S:D61Q:T113E,4
R5D:T7S:R98D:V109Q,R5D:T7S:R98D:V109Q,4
R5D:T7H:R98D:T113E,R5D:T7H:R98D:T113E,4
G3E:A29H:R60N:D61Q,G3E:A29H:R60N:D61Q,4
T7S:G34T:Q47V:D61Q,T7S:G34T:Q47V:D61Q,4
T7S:G34T:D61Q:D96Q,T7S:G34T:D61Q:D96Q,4
G3E:T7S:A29H:V109Q,G3E:T7S:A29H:V109Q,4
R5D:T7H:D96Q:T113E,R5D:T7H:D96Q:T113E,4
T7S:A29K:D96Q:R98D,T7S:A29K:D96Q:R98D,4
T7S:G34T:R60N:I92C,T7S:G34T:R60N:I92C,4
T7H:G34T:D61Q:R98D,T7H:G34T:D61Q:R98D,4
T7S:G34T:Q47R:I92C,T7S:G34T:Q47R:I92C,4
T7H:G34T:R60N:D61Q,T7H:G34T:R60N:D61Q,4
R5D:G34T:R60N:I92C,R5D:G34T:R60N:I92C,4
R5D:A29K:Q47V:D61Q,R5D:A29K:Q47V:D61Q,4
T7S:D61Q:D96Q:R98D,T7S:D61Q:D96Q:R98D,4
G3E:R5D:D61Q:V107M,G3E:R5D:D61Q:V107M,4
L4N:T7H:A29K:V107M,L4N:T7H:A29K:V107M,4
L4N:T7S:A29H:V109Q,L4N:T7S:A29H:V109Q,4
T7S:Q47R:I92C:R98D,T7S:Q47R:I92C:R98D,4
R5D:T7S:Q47V:T113E,R5D:T7S:Q47V:T113E,4
R5D:G34T:Q47R:R98D,R5D:G34T:Q47R:R98D,4
T7S:G34T:Q47I:D61Q,T7S:G34T:Q47I:D61Q,4
T7S:Q47I:D61Q:I92C,T7S:Q47I:D61Q:I92C,4
T7S:A29K:D61Q:I92C,T7S:A29K:D61Q:I92C,4
T7S:G34T:Q47I:R98D,T7S:G34T:Q47I:R98D,4
L4N:T7S:A29H:T113E,L4N:T7S:A29H:T113E,4
R5D:T7S:D96Q:V109Q,R5D:T7S:D96Q:V109Q,4
R5D:G34T:Q47R:I92C,R5D:G34T:Q47R:I92C,4
G3E:R5D:A29H:V107M,G3E:R5D:A29H:V107M,4
G3E:A29H:G34T:D61Q,G3E:A29H:G34T:D61Q,4
T7S:A29K:R60N:I92C,T7S:A29K:R60N:I92C,4
T7S:G34T:I92C:R98D,T7S:G34T:I92C:R98D,4
G3E:T7S:R98D:V107M,G3E:T7S:R98D:V107M,4
R5D:A29H:G34T:D96Q,R5D:A29H:G34T:D96Q,4
R5D:A29K:G34T:Q47R,R5D:A29K:G34T:Q47R,4
R5D:A29H:D96Q:R98D,R5D:A29H:D96Q:R98D,4
R5D:A29K:D61Q:I92C,R5D:A29K:D61Q:I92C,4
L4N:T7S:D61Q:T113E,L4N:T7S:D61Q:T113E,4
R5D:Q47R:D61Q:I92C,R5D:Q47R:D61Q:I92C,4
R5D:A29H:I92C:R98D,R5D:A29H:I92C:R98D,4
G3E:T7S:R60N:V107M,G3E:T7S:R60N:V107M,4
G3E:T7S:A29H:V107M,G3E:T7S:A29H:V107M,4
L4N:T7S:R98D:V107M,L4N:T7S:R98D:V107M,4
G3E:R5D:I92C:V107M,G3E:R5D:I92C:V107M,4
T7S:A29H:Q47R:D96Q,T7S:A29H:Q47R:D96Q,4
R5D:T7S:Q47C:V107M,R5D:T7S:Q47C:V107M,4
R5D:T7H:I92C:T113E,R5D:T7H:I92C:T113E,4
R5D:Q47R:D61Q:R98D,R5D:Q47R:D61Q:R98D,4
T7S:R60N:D61Q:D96Q,T7S:R60N:D61Q:D96Q,4
R5D:G34T:Q47V:D61Q,R5D:G34T:Q47V:D61Q,4
R5D:A29H:G34T:Q47I,R5D:A29H:G34T:Q47I,4
T7S:G34T:Q47R:R98D,T7S:G34T:Q47R:R98D,4
R5D:A29K:D61Q:R98D,R5D:A29K:D61Q:R98D,4
T7S:G34T:Q47I:I92C,T7S:G34T:Q47I:I92C,4
R5D:R60N:D96Q:R98D,R5D:R60N:D96Q:R98D,4
R5D:A29H:I92C:D96Q,R5D:A29H:I92C:D96Q,4
L4N:T7S:G34T:V107M,L4N:T7S:G34T:V107M,4
G3E:T7S:R60N:T113E,G3E:T7S:R60N:T113E,4
L4N:R5D:A29H:T113E,L4N:R5D:A29H:T113E,4
T7H:A29H:G34T:D61Q,T7H:A29H:G34T:D61Q,4
T7H:A29H:D61Q:R98D,T7H:A29H:D61Q:R98D,4
T7S:A29K:G34T:R98D,T7S:A29K:G34T:R98D,4
G3E:R5D:G34T:V109Q,G3E:R5D:G34T:V109Q,4
L4N:T7H:A29K:V109Q,L4N:T7H:A29K:V109Q,4
R5D:T7S:Q47V:V109Q,R5D:T7S:Q47V:V109Q,4
R5D:G34T:I92C:D96Q,R5D:G34T:I92C:D96Q,4
T7H:D61Q:I92C:R98D,T7H:D61Q:I92C:R98D,4
T7H:G34T:I92C:R98D,T7H:G34T:I92C:R98D,4
G3E:A29H:D61Q:R98D,G3E:A29H:D61Q:R98D,4
R5D:A29K:G34T:I92C,R5D:A29K:G34T:I92C,4
T7S:G34T:Q47V:I92C,T7S:G34T:Q47V:I92C,4
T7S:G34T:Q47V:R98D,T7S:G34T:Q47V:R98D,4
T7S:G34T:R60N:R98D,T7S:G34T:R60N:R98D,4
G3E:R5D:R98D:T113E,G3E:R5D:R98D:T113E,4
T7S:A29K:D61Q:D96Q,T7S:A29K:D61Q:D96Q,4
L4N:R5D:A29K:V107M,L4N:R5D:A29K:V107M,4
G3E:A29H:G34T:R98D,G3E:A29H:G34T:R98D,4
G3E:T7S:D96Q:T113E,G3E:T7S:D96Q:T113E,4
R5D:G34T:Q47I:R98D,R5D:G34T:Q47I:R98D,4
T7S:A29K:Q47R:R98D,T7S:A29K:Q47R:R98D,4
T7S:A29K:Q47R:D61Q,T7S:A29K:Q47R:D61Q,4
G3E:T7S:G34T:T113E,G3E:T7S:G34T:T113E,4
L4N:T7H:A29H:V109Q,L4N:T7H:A29H:V109Q,4
R5D:T7S:A29K:V107M,R5D:T7S:A29K:V107M,4
T7S:A29H:Q47R:R98D,T7S:A29H:Q47R:R98D,4
L4N:T7S:Q47R:V107M,L4N:T7S:Q47R:V107M,4
G3E:T7S:A29H:T113E,G3E:T7S:A29H:T113E,4
L4N:T7S:D96Q:V107M,L4N:T7S:D96Q:V107M,4
R5D:T7H:G34T:T113E,R5D:T7H:G34T:T113E,4
R5D:A29K:Q47R:D61Q,R5D:A29K:Q47R:D61Q,4
T7S:R60N:D96Q:R98D,T7S:R60N:D96Q:R98D,4
T7S:G34T:Q47C:D61Q,T7S:G34T:Q47C:D61Q,4
G3E:A29K:D96Q:R98D,G3E:A29K:D96Q:R98D,4
R5D:Q47V:D61Q:R98D,R5D:Q47V:D61Q:R98D,4
R5D:T7S:Q47V:V107M,R5D:T7S:Q47V:V107M,4
L4N:T7S:R98D:T113E,L4N:T7S:R98D:T113E,4
T7H:A29H:R60N:D61Q,T7H:A29H:R60N:D61Q,4
T7S:A29K:Q47I:D61Q,T7S:A29K:Q47I:D61Q,4
L4N:T7S:D61Q:V109Q,L4N:T7S:D61Q:V109Q,4
L4N:R5D:D61Q:V107M,L4N:R5D:D61Q:V107M,4
T7S:A29H:R60N:D96Q,T7S:A29H:R60N:D96Q,4
T7S:G34T:R60N:D96Q,T7S:G34T:R60N:D96Q,4
T7H:G34T:D61Q:D96Q,T7H:G34T:D61Q:D96Q,4
R5D:T7S:Q47C:T113E,R5D:T7S:Q47C:T113E,4
T7H:A29H:D96Q:R98D,T7H:A29H:D96Q:R98D,4
T7H:G34T:D61Q:I92C,T7H:G34T:D61Q:I92C,4
T7H:A29H:D61Q:D96Q,T7H:A29H:D61Q:D96Q,4
G3E:T7S:Q47R:T113E,G3E:T7S:Q47R:T113E,4
T7S:Q47R:D96Q:R98D,T7S:Q47R:D96Q:R98D,4
R5D:R60N:D61Q:D96Q,R5D:R60N:D61Q:D96Q,4
R5D:T7H:A29H:V109Q,R5D:T7H:A29H:V109Q,4
G3E:R5D:R60N:T113E,G3E:R5D:R60N:T113E,4
G3E:T7S:Q47V:V107M,G3E:T7S:Q47V:V107M,4
R5D:A29K:Q47I:D61Q,R5D:A29K:Q47I:D61Q,4
T7S:A29K:G34T:Q47V,T7S:A29K:G34T:Q47V,4
G3E:T7S:R60N:V109Q,G3E:T7S:R60N:V109Q,4
T7H:A29H:G34T:R98D,T7H:A29H:G34T:R98D,4
R5D:A29H:Q47R:D61Q,R5D:A29H:Q47R:D61Q,4
R5D:T7H:R98D:V109Q,R5D:T7H:R98D:V109Q,4
L4N:T7S:G34T:V109Q,L4N:T7S:G34T:V109Q,4
G3E:T7S:I92C:T113E,G3E:T7S:I92C:T113E,4
R5D:A29K:I92C:R98D,R5D:A29K:I92C:R98D,4
R5D:A29H:D61Q:D96Q,R5D:A29H:D61Q:D96Q,4
G3E:T7S:A29K:V107M,G3E:T7S:A29K:V107M,4
L4N:R5D:D61Q:T113E,L4N:R5D:D61Q:T113E,4
L4N:T7S:A29H:V107M,L4N:T7S:A29H:V107M,4
T7H:R60N:D61Q:R98D,T7H:R60N:D61Q:R98D,4
R5D:G34T:Q47I:D61Q,R5D:G34T:Q47I:D61Q,4
L4N:T7H:A29K:T113E,L4N:T7H:A29K:T113E,4
G3E:R5D:I92C:T113E,G3E:R5D:I92C:T113E,4
G3E:T7H:R98D:V107M,G3E:T7H:R98D:V107M,4
R5D:A29K:D96Q:R98D,R5D:A29K:D96Q:R98D,4
R5D:A29H:Q47V:D61Q,R5D:A29H:Q47V:D61Q,4
T7S:A29H:Q47R:R60N,T7S:A29H:Q47R:R60N,4
R5D:A29K:I92C:D96Q,R5D:A29K:I92C:D96Q,4
R5D:A29H:Q47I:D61Q,R5D:A29H:Q47I:D61Q,4
G3E:A29K:D61Q:R98D,G3E:A29K:D61Q:R98D,4
T7S:A29H:Q47C:D61Q,T7S:A29H:Q47C:D61Q,4
G3E:A29K:D61Q:I92C,G3E:A29K:D61Q:I92C,4
R5D:G34T:Q47R:D96Q,R5D:G34T:Q47R:D96Q,4
R5D:A29K:D61Q:D96Q,R5D:A29K:D61Q:D96Q,4
T7S:A29H:G34T:Q47V,T7S:A29H:G34T:Q47V,4
T7S:G34T:Q47R:D96Q,T7S:G34T:Q47R:D96Q,4
R5D:Q47R:D96Q:R98D,R5D:Q47R:D96Q:R98D,4
R5D:A29K:R60N:I92C,R5D:A29K:R60N:I92C,4
L4N:A29H:G34T:R98D,L4N:A29H:G34T:R98D,4
T7S:Q47C:I92C:R98D,T7S:Q47C:I92C:R98D,4
R5D:T7S:D96Q:V107M,R5D:T7S:D96Q:V107M,4
R5D:R60N:I92C:D96Q,R5D:R60N:I92C:D96Q,4
G3E:R5D:R60N:V107M,G3E:R5D:R60N:V107M,4
L4N:R5D:R98D:V107M,L4N:R5D:R98D:V107M,4
R5D:A29K:G34T:D96Q,R5D:A29K:G34T:D96Q,4
R5D:T7H:R60N:V109Q,R5D:T7H:R60N:V109Q,4
T7S:A29K:G34T:D96Q,T7S:A29K:G34T:D96Q,4
L4N:T7S:A29K:T113E,L4N:T7S:A29K:T113E,4
R5D:A29H:Q47R:R98D,R5D:A29H:Q47R:R98D,4
T7S:A29H:G34T:D96Q,T7S:A29H:G34T:D96Q,4
G3E:R5D:R60N:V109Q,G3E:R5D:R60N:V109Q,4
T7H:D61Q:D96Q:R98D,T7H:D61Q:D96Q:R98D,4
G3E:T7H:I92C:V107M,G3E:T7H:I92C:V107M,4
R5D:G34T:Q47V:R98D,R5D:G34T:Q47V:R98D,4
G3E:T7S:I92C:V109Q,G3E:T7S:I92C:V109Q,4
T7S:A29H:Q47V:I92C,T7S:A29H:Q47V:I92C,4
T7S:Q47R:D61Q:D96Q,T7S:Q47R:D61Q:D96Q,4
T7S:A29K:R60N:D61Q,T7S:A29K:R60N:D61Q,4
G3E:R5D:A29H:T113E,G3E:R5D:A29H:T113E,4
L4N:R5D:I92C:V107M,L4N:R5D:I92C:V107M,4
R5D:T7H:Q47R:T113E,R5D:T7H:Q47R:T113E,4
G3E:T7H:A29H:V107M,G3E:T7H:A29H:V107M,4
R5D:A29H:R60N:I92C,R5D:A29H:R60N:I92C,4
T7S:Q47I:D61Q:R98D,T7S:Q47I:D61Q:R98D,4
R5D:T7H:G34T:V109Q,R5D:T7H:G34T:V109Q,4
G3E:R5D:A29K:T113E,G3E:R5D:A29K:T113E,4
L4N:R5D:R60N:V107M,L4N:R5D:R60N:V107M,4
L4N:T7H:A29H:T113E,L4N:T7H:A29H:T113E,4
G3E:T7H:D61Q:T113E,G3E:T7H:D61Q:T113E,4
L4N:A29H:G34T:D61Q,L4N:A29H:G34T:D61Q,4
R5D:R60N:D61Q:R98D,R5D:R60N:D61Q:R98D,4
G3E:R5D:D96Q:T113E,G3E:R5D:D96Q:T113E,4
G3E:T7S:G34T:V107M,G3E:T7S:G34T:V107M,4
L4N:R5D:A29H:V109Q,L4N:R5D:A29H:V109Q,4
L4N:T7S:D96Q:T113E,L4N:T7S:D96Q:T113E,4
G3E:T7H:A29K:V107M,G3E:T7H:A29K:V107M,4
T7S:A29H:Q47V:D61Q,T7S:A29H:Q47V:D61Q,4
G3E:A29K:R60N:I92C,G3E:A29K:R60N:I92C,4
L4N:T7S:R60N:T113E,L4N:T7S:R60N:T113E,4
R5D:A29H:G34T:Q47V,R5D:A29H:G34T:Q47V,4
R5D:T7H:A29K:V107M,R5D:T7H:A29K:V107M,4
G3E:A29K:G34T:D61Q,G3E:A29K:G34T:D61Q,4
G3E:G34T:Q47R:D61Q,G3E:G34T:Q47R:D61Q,4
G3E:T7H:R98D:T113E,G3E:T7H:R98D:T113E,4
T7H:A29K:G34T:D61Q,T7H:A29K:G34T:D61Q,4
R5D:A29K:G34T:Q47V,R5D:A29K:G34T:Q47V,4
R5D:A29H:G34T:Q47C,R5D:A29H:G34T:Q47C,4
T7S:Q47V:D61Q:I92C,T7S:Q47V:D61Q:I92C,4
G3E:A29H:G34T:I92C,G3E:A29H:G34T:I92C,4
G3E:T7S:I92C:V107M,G3E:T7S:I92C:V107M,4
G3E:A29H:D96Q:R98D,G3E:A29H:D96Q:R98D,4
G3E:L4N:A29K:V107M,G3E:L4N:A29K:V107M,4
L4N:T7H:A29H:V107M,L4N:T7H:A29H:V107M,4
T7H:A29H:D61Q:I92C,T7H:A29H:D61Q:I92C,4
G3E:T7S:D96Q:V107M,G3E:T7S:D96Q:V107M,4
G3E:T7S:Q47R:V107M,G3E:T7S:Q47R:V107M,4
T7S:G34T:Q47V:D96Q,T7S:G34T:Q47V:D96Q,4
T7S:A29H:G34T:Q47I,T7S:A29H:G34T:Q47I,4
G3E:A29K:D61Q:D96Q,G3E:A29K:D61Q:D96Q,4
L4N:A29H:D61Q:R98D,L4N:A29H:D61Q:R98D,4
G3E:L4N:A29H:V107M,G3E:L4N:A29H:V107M,4
G3E:T7H:A29K:T113E,G3E:T7H:A29K:T113E,4
T7S:A29H:Q47I:D61Q,T7S:A29H:Q47I:D61Q,4
G3E:A29H:D61Q:I92C,G3E:A29H:D61Q:I92C,4
G3E:R5D:A29K:V109Q,G3E:R5D:A29K:V109Q,4
T7H:G34T:R60N:R98D,T7H:G34T:R60N:R98D,4
G3E:T7S:Q47I:V109Q,G3E:T7S:Q47I:V109Q,4
R5D:A29K:Q47C:D61Q,R5D:A29K:Q47C:D61Q,4
R5D:T7H:R60N:V107M,R5D:T7H:R60N:V107M,4
G3E:T7H:A29H:T113E,G3E:T7H:A29H:T113E,4
L4N:A29H:I92C:R98D,L4N:A29H:I92C:R98D,4
R5D:T7H:A29K:V109Q,R5D:T7H:A29K:V109Q,4
T7S:Q47C:D61Q:I92C,T7S:Q47C:D61Q:I92C,4
L4N:T7S:R60N:V107M,L4N:T7S:R60N:V107M,4
R5D:G34T:Q47C:D61Q,R5D:G34T:Q47C:D61Q,4
R5D:T7H:I92C:V109Q,R5D:T7H:I92C:V109Q,4
G3E:A29K:G34T:Q47I,G3E:A29K:G34T:Q47I,4
L4N:R5D:R60N:V109Q,L4N:R5D:R60N:V109Q,4
G3E:R5D:Q47R:V107M,G3E:R5D:Q47R:V107M,4
G3E:D61Q:I92C:R98D,G3E:D61Q:I92C:R98D,4
G3E:T7S:Q47I:T113E,G3E:T7S:Q47I:T113E,4
G3E:G34T:D61Q:R98D,G3E:G34T:D61Q:R98D,4
G3E:T7S:R98D:T113E,G3E:T7S:R98D:T113E,4
G3E:R5D:Q47C:T113E,G3E:R5D:Q47C:T113E,4
R5D:A29K:R60N:D96Q,R5D:A29K:R60N:D96Q,4
G3E:T7H:G34T:V107M,G3E:T7H:G34T:V107M,4
T7S:Q47V:D61Q:R98D,T7S:Q47V:D61Q:R98D,4
T7S:A29H:G34T:Q47C,T7S:A29H:G34T:Q47C,4
G3E:R5D:Q47C:V107M,G3E:R5D:Q47C:V107M,4
G3E:A29K:R60N:R98D,G3E:A29K:R60N:R98D,4
T7S:A29K:R60N:D96Q,T7S:A29K:R60N:D96Q,4
G3E:D61Q:D96Q:R98D,G3E:D61Q:D96Q:R98D,4
G3E:A29K:G34T:R98D,G3E:A29K:G34T:R98D,4
R5D:A29K:Q47R:R98D,R5D:A29K:Q47R:R98D,4
G3E:G34T:R60N:D61Q,G3E:G34T:R60N:D61Q,4
L4N:A29H:D96Q:R98D,L4N:A29H:D96Q:R98D,4
T7S:A29H:Q47V:R98D,T7S:A29H:Q47V:R98D,4
L4N:D61Q:I92C:D96Q,L4N:D61Q:I92C:D96Q,4
G3E:T7H:D61Q:V107M,G3E:T7H:D61Q:V107M,4
L4N:A29H:D61Q:I92C,L4N:A29H:D61Q:I92C,4
R5D:T7H:I92C:V107M,R5D:T7H:I92C:V107M,4
T7S:A29K:G34T:Q47C,T7S:A29K:G34T:Q47C,4
T7S:A29K:Q47R:I92C,T7S:A29K:Q47R:I92C,4
L4N:R5D:R98D:T113E,L4N:R5D:R98D:T113E,4
L4N:T7S:Q47R:T113E,L4N:T7S:Q47R:T113E,4
G3E:R5D:Q47V:V107M,G3E:R5D:Q47V:V107M,4
T7H:G34T:Q47R:R98D,T7H:G34T:Q47R:R98D,4
T7H:A29H:G34T:R60N,T7H:A29H:G34T:R60N,4
G3E:A29H:G34T:Q47V,G3E:A29H:G34T:Q47V,4
R5D:T7S:Q47I:V109Q,R5D:T7S:Q47I:V109Q,4
R5D:A29H:Q47R:I92C,R5D:A29H:Q47R:I92C,4
G3E:T7S:G34T:V109Q,G3E:T7S:G34T:V109Q,4
G3E:R5D:Q47R:T113E,G3E:R5D:Q47R:T113E,4
T7S:Q47C:D61Q:R98D,T7S:Q47C:D61Q:R98D,4
G3E:R5D:Q47C:V109Q,G3E:R5D:Q47C:V109Q,4
R5D:A29K:G34T:Q47I,R5D:A29K:G34T:Q47I,4
L4N:R5D:R60N:T113E,L4N:R5D:R60N:T113E,4
G3E:A29K:I92C:R98D,G3E:A29K:I92C:R98D,4
L4N:R5D:G34T:V107M,L4N:R5D:G34T:V107M,4
G3E:G34T:I92C:R98D,G3E:G34T:I92C:R98D,4
G3E:T7H:A29K:V109Q,G3E:T7H:A29K:V109Q,4
G3E:R5D:D96Q:V107M,G3E:R5D:D96Q:V107M,4
T7S:Q47V:D61Q:D96Q,T7S:Q47V:D61Q:D96Q,4
G3E:A29K:Q47R:D61Q,G3E:A29K:Q47R:D61Q,4
G3E:R5D:D96Q:V109Q,G3E:R5D:D96Q:V109Q,4
T7H:G34T:D96Q:R98D,T7H:G34T:D96Q:R98D,4
G3E:G34T:D96Q:R98D,G3E:G34T:D96Q:R98D,4
G3E:R5D:Q47V:T113E,G3E:R5D:Q47V:T113E,4
R5D:A29H:Q47C:D61Q,R5D:A29H:Q47C:D61Q,4
T7H:A29H:G34T:Q47R,T7H:A29H:G34T:Q47R,4
L4N:R5D:I92C:T113E,L4N:R5D:I92C:T113E,4
G3E:T7H:G34T:T113E,G3E:T7H:G34T:T113E,4
R5D:Q47R:I92C:R98D,R5D:Q47R:I92C:R98D,4
L4N:A29K:D61Q:I92C,L4N:A29K:D61Q:I92C,4
T7H:I92C:D96Q:R98D,T7H:I92C:D96Q:R98D,4
G3E:L4N:R60N:T113E,G3E:L4N:R60N:T113E,4
L4N:T7S:I92C:V109Q,L4N:T7S:I92C:V109Q,4
R5D:G34T:Q47I:I92C,R5D:G34T:Q47I:I92C,4
L4N:T7S:I92C:V107M,L4N:T7S:I92C:V107M,4
L4N:T7S:Q47V:T113E,L4N:T7S:Q47V:T113E,4
T7S:G34T:Q47C:R98D,T7S:G34T:Q47C:R98D,4
G3E:T7S:Q47I:V107M,G3E:T7S:Q47I:V107M,4
L4N:G34T:R60N:D61Q,L4N:G34T:R60N:D61Q,4
G3E:T7H:I92C:T113E,G3E:T7H:I92C:T113E,4
L4N:T7H:R98D:V107M,L4N:T7H:R98D:V107M,4
L4N:R5D:D61Q:V109Q,L4N:R5D:D61Q:V109Q,4
T7H:D61Q:I92C:D96Q,T7H:D61Q:I92C:D96Q,4
T7H:G34T:Q47R:I92C,T7H:G34T:Q47R:I92C,4
R5D:G34T:R60N:D96Q,R5D:G34T:R60N:D96Q,4
T7S:Q47R:I92C:D96Q,T7S:Q47R:I92C:D96Q,4
G3E:T7S:Q47V:T113E,G3E:T7S:Q47V:T113E,4
T7S:A29H:Q47I:I92C,T7S:A29H:Q47I:I92C,4
T7S:A29K:Q47V:D61Q,T7S:A29K:Q47V:D61Q,4
L4N:G34T:Q47R:D61Q,L4N:G34T:Q47R:D61Q,4
G3E:A29K:G34T:Q47V,G3E:A29K:G34T:Q47V,4
R5D:R60N:I92C:R98D,R5D:R60N:I92C:R98D,4
L4N:T7S:G34T:T113E,L4N:T7S:G34T:T113E,4
L4N:T7S:D96Q:V109Q,L4N:T7S:D96Q:V109Q,4
R5D:A29K:Q47V:R98D,R5D:A29K:Q47V:R98D,4
T7H:A29K:G34T:D96Q,T7H:A29K:G34T:D96Q,4
G3E:R5D:Q47I:T113E,G3E:R5D:Q47I:T113E,4
T7S:Q47V:I92C:R98D,T7S:Q47V:I92C:R98D,4
L4N:G34T:Q47R:I92C,L4N:G34T:Q47R:I92C,4
T7H:R60N:D96Q:R98D,T7H:R60N:D96Q:R98D,4
L4N:G34T:D61Q:I92C,L4N:G34T:D61Q:I92C,4
T7H:G34T:Q47R:D61Q,T7H:G34T:Q47R:D61Q,4
G3E:T7S:Q47C:T113E,G3E:T7S:Q47C:T113E,4
R5D:G34T:Q47V:I92C,R5D:G34T:Q47V:I92C,4
R5D:Q47I:D61Q:I92C,R5D:Q47I:D61Q:I92C,4
G3E:Q47R:D61Q:R98D,G3E:Q47R:D61Q:R98D,4
T7S:A29H:Q47C:R98D,T7S:A29H:Q47C:R98D,4
G3E:T7S:Q47V:V109Q,G3E:T7S:Q47V:V109Q,4
G3E:T7H:D96Q:V107M,G3E:T7H:D96Q:V107M,4
T7H:A29H:I92C:R98D,T7H:A29H:I92C:R98D,4
T7H:G34T:R60N:D96Q,T7H:G34T:R60N:D96Q,4
G3E:A29H:I92C:R98D,G3E:A29H:I92C:R98D,4
L4N:T7S:A29K:V107M,L4N:T7S:A29K:V107M,4
G3E:T7S:Q47R:V109Q,G3E:T7S:Q47R:V109Q,4
T7S:R60N:I92C:D96Q,T7S:R60N:I92C:D96Q,4
G3E:L4N:D61Q:T113E,G3E:L4N:D61Q:T113E,4
L4N:R5D:D96Q:T113E,L4N:R5D:D96Q:T113E,4
R5D:T7S:Q47I:T113E,R5D:T7S:Q47I:T113E,4
G3E:G34T:Q47R:I92C,G3E:G34T:Q47R:I92C,4
T7S:A29K:Q47C:D61Q,T7S:A29K:Q47C:D61Q,4
G3E:A29H:I92C:D96Q,G3E:A29H:I92C:D96Q,4
G3E:T7H:G34T:V109Q,G3E:T7H:G34T:V109Q,4
R5D:Q47C:D61Q:R98D,R5D:Q47C:D61Q:R98D,4
L4N:G34T:D61Q:R98D,L4N:G34T:D61Q:R98D,4
T7S:G34T:Q47C:I92C,T7S:G34T:Q47C:I92C,4
R5D:A29H:R60N:D96Q,R5D:A29H:R60N:D96Q,4
L4N:T7H:I92C:V107M,L4N:T7H:I92C:V107M,4
L4N:R5D:D96Q:V107M,L4N:R5D:D96Q:V107M,4
T7H:A29H:G34T:D96Q,T7H:A29H:G34T:D96Q,4
T7H:A29K:G34T:Q47R,T7H:A29K:G34T:Q47R,4
G3E:A29K:G34T:R60N,G3E:A29K:G34T:R60N,4
G3E:R5D:A29K:V107M,G3E:R5D:A29K:V107M,4
L4N:T7S:Q47R:V109Q,L4N:T7S:Q47R:V109Q,4
R5D:T7H:D96Q:V109Q,R5D:T7H:D96Q:V109Q,4
G3E:T7H:A29H:V109Q,G3E:T7H:A29H:V109Q,4
T7S:Q47I:D96Q:R98D,T7S:Q47I:D96Q:R98D,4
G3E:T7S:Q47C:V107M,G3E:T7S:Q47C:V107M,4
G3E:T7S:Q47C:V109Q,G3E:T7S:Q47C:V109Q,4
L4N:T7H:R60N:V107M,L4N:T7H:R60N:V107M,4
T7S:A29H:Q47I:R98D,T7S:A29H:Q47I:R98D,4
G3E:R5D:I92C:V109Q,G3E:R5D:I92C:V109Q,4
L4N:D61Q:D96Q:R98D,L4N:D61Q:D96Q:R98D,4
L4N:R5D:G34T:V109Q,L4N:R5D:G34T:V109Q,4
G3E:A29K:G34T:I92C,G3E:A29K:G34T:I92C,4
G3E:R5D:Q47I:V107M,G3E:R5D:Q47I:V107M,4
G3E:A29K:R60N:D61Q,G3E:A29K:R60N:D61Q,4
T7H:R60N:D61Q:I92C,T7H:R60N:D61Q:I92C,4
R5D:G34T:Q47I:R60N,R5D:G34T:Q47I:R60N,4
R5D:A29H:Q47R:D96Q,R5D:A29H:Q47R:D96Q,4
L4N:A29K:G34T:Q47V,L4N:A29K:G34T:Q47V,4
L4N:T7H:D61Q:V107M,L4N:T7H:D61Q:V107M,4
L4N:R5D:D96Q:V109Q,L4N:R5D:D96Q:V109Q,4
R5D:G34T:Q47C:R98D,R5D:G34T:Q47C:R98D,4
T7H:G34T:R60N:I92C,T7H:G34T:R60N:I92C,4
R5D:G34T:Q47V:D96Q,R5D:G34T:Q47V:D96Q,4
G3E:A29H:G34T:D96Q,G3E:A29H:G34T:D96Q,4
G3E:G34T:D61Q:I92C,G3E:G34T:D61Q:I92C,4
L4N:T7S:Q47I:T113E,L4N:T7S:Q47I:T113E,4
G3E:L4N:A29K:V109Q,G3E:L4N:A29K:V109Q,4
G3E:T7H:D61Q:V109Q,G3E:T7H:D61Q:V109Q,4
R5D:A29K:Q47R:I92C,R5D:A29K:Q47R:I92C,4
G3E:A29K:Q47I:D61Q,G3E:A29K:Q47I:D61Q,4
L4N:A29H:G34T:D96Q,L4N:A29H:G34T:D96Q,4
T7H:A29H:G34T:I92C,T7H:A29H:G34T:I92C,4
G3E:L4N:G34T:V107M,G3E:L4N:G34T:V107M,4
G3E:T7H:R98D:V109Q,G3E:T7H:R98D:V109Q,4
T7H:G34T:I92C:D96Q,T7H:G34T:I92C:D96Q,4
L4N:A29H:I92C:D96Q,L4N:A29H:I92C:D96Q,4
L4N:D61Q:I92C:R98D,L4N:D61Q:I92C:R98D,4
L4N:T7H:G34T:V107M,L4N:T7H:G34T:V107M,4
G3E:A29H:Q47R:D61Q,G3E:A29H:Q47R:D61Q,4
G3E:R60N:D61Q:I92C,G3E:R60N:D61Q:I92C,4
R5D:Q47I:D61Q:R98D,R5D:Q47I:D61Q:R98D,4
G3E:R5D:R98D:V109Q,G3E:R5D:R98D:V109Q,4
R5D:A29K:Q47I:I92C,R5D:A29K:Q47I:I92C,4
T7S:Q47R:R60N:R98D,T7S:Q47R:R60N:R98D,4
T7S:Q47V:D96Q:R98D,T7S:Q47V:D96Q:R98D,4
L4N:A29K:I92C:R98D,L4N:A29K:I92C:R98D,4
G3E:L4N:D61Q:V109Q,G3E:L4N:D61Q:V109Q,4
G3E:R5D:Q47R:V109Q,G3E:R5D:Q47R:V109Q,4
R5D:Q47R:D61Q:D96Q,R5D:Q47R:D61Q:D96Q,4
L4N:R5D:Q47R:V107M,L4N:R5D:Q47R:V107M,4
R5D:A29H:Q47I:I92C,R5D:A29H:Q47I:I92C,4
L4N:A29K:G34T:D61Q,L4N:A29K:G34T:D61Q,4
L4N:R5D:Q47I:V107M,L4N:R5D:Q47I:V107M,4
T7S:G34T:Q47I:D96Q,T7S:G34T:Q47I:D96Q,4
G3E:R5D:Q47V:V109Q,G3E:R5D:Q47V:V109Q,4
L4N:A29K:D61Q:R98D,L4N:A29K:D61Q:R98D,4
R5D:A29K:Q47C:D96Q,R5D:A29K:Q47C:D96Q,4
G3E:L4N:R98D:V107M,G3E:L4N:R98D:V107M,4
R5D:A29H:Q47I:R98D,R5D:A29H:Q47I:R98D,4
G3E:A29H:G34T:R60N,G3E:A29H:G34T:R60N,4
L4N:R5D:G34T:T113E,L4N:R5D:G34T:T113E,4
G3E:A29K:G34T:D96Q,G3E:A29K:G34T:D96Q,4
L4N:G34T:I92C:R98D,L4N:G34T:I92C:R98D,4
R5D:A29H:Q47V:I92C,R5D:A29H:Q47V:I92C,4
R5D:A29K:G34T:Q47C,R5D:A29K:G34T:Q47C,4
T7H:A29K:G34T:R98D,T7H:A29K:G34T:R98D,4
G3E:T7S:R98D:V109Q,G3E:T7S:R98D:V109Q,4
T7S:A29K:Q47R:D96Q,T7S:A29K:Q47R:D96Q,4
G3E:G34T:Q47I:D61Q,G3E:G34T:Q47I:D61Q,4
G3E:T7H:I92C:V109Q,G3E:T7H:I92C:V109Q,4
L4N:A29H:R60N:D61Q,L4N:A29H:R60N:D61Q,4
T7S:Q47I:R60N:D61Q,T7S:Q47I:R60N:D61Q,4
L4N:R5D:Q47I:T113E,L4N:R5D:Q47I:T113E,4
L4N:T7S:R98D:V109Q,L4N:T7S:R98D:V109Q,4
G3E:A29H:G34T:Q47R,G3E:A29H:G34T:Q47R,4
L4N:A29H:G34T:I92C,L4N:A29H:G34T:I92C,4
L4N:T7H:D61Q:V109Q,L4N:T7H:D61Q:V109Q,4
G3E:G34T:R60N:R98D,G3E:G34T:R60N:R98D,4
G3E:T7H:D96Q:V109Q,G3E:T7H:D96Q:V109Q,4
G3E:D61Q:I92C:D96Q,G3E:D61Q:I92C:D96Q,4
R5D:T7H:Q47R:V109Q,R5D:T7H:Q47R:V109Q,4
L4N:A29K:G34T:R98D,L4N:A29K:G34T:R98D,4
R5D:A29K:Q47V:D96Q,R5D:A29K:Q47V:D96Q,4
L4N:T7S:Q47C:V109Q,L4N:T7S:Q47C:V109Q,4
G3E:A29H:D61Q:D96Q,G3E:A29H:D61Q:D96Q,4
G3E:A29K:R60N:D96Q,G3E:A29K:R60N:D96Q,4
L4N:T7H:D61Q:T113E,L4N:T7H:D61Q:T113E,4
R5D:A29K:Q47V:I92C,R5D:A29K:Q47V:I92C,4
G3E:T7H:R60N:T113E,G3E:T7H:R60N:T113E,4
L4N:T7S:I92C:T113E,L4N:T7S:I92C:T113E,4
T7H:R60N:D61Q:D96Q,T7H:R60N:D61Q:D96Q,4
L4N:A29K:G34T:I92C,L4N:A29K:G34T:I92C,4
R5D:Q47C:D61Q:I92C,R5D:Q47C:D61Q:I92C,4
L4N:T7H:R98D:T113E,L4N:T7H:R98D:T113E,4
L4N:T7S:Q47I:V107M,L4N:T7S:Q47I:V107M,4
T7H:A29K:D61Q:R98D,T7H:A29K:D61Q:R98D,4
L4N:R60N:D61Q:R98D,L4N:R60N:D61Q:R98D,4
G3E:A29K:Q47R:I92C,G3E:A29K:Q47R:I92C,4
R5D:Q47V:D96Q:R98D,R5D:Q47V:D96Q:R98D,4
L4N:G34T:I92C:D96Q,L4N:G34T:I92C:D96Q,4
L4N:A29K:Q47R:R98D,L4N:A29K:Q47R:R98D,4
L4N:A29H:G34T:Q47R,L4N:A29H:G34T:Q47R,4
G3E:T7H:Q47R:V107M,G3E:T7H:Q47R:V107M,4
R5D:Q47C:R60N:D61Q,R5D:Q47C:R60N:D61Q,4
R5D:Q47V:D61Q:I92C,R5D:Q47V:D61Q:I92C,4
L4N:Q47R:D61Q:R98D,L4N:Q47R:D61Q:R98D,4
G3E:A29K:Q47R:R98D,G3E:A29K:Q47R:R98D,4
R5D:A29H:Q47V:R98D,R5D:A29H:Q47V:R98D,4
L4N:R5D:Q47V:V109Q,L4N:R5D:Q47V:V109Q,4
L4N:R5D:Q47V:V107M,L4N:R5D:Q47V:V107M,4
T7H:A29K:I92C:R98D,T7H:A29K:I92C:R98D,4
G3E:T7H:R60N:V107M,G3E:T7H:R60N:V107M,4
R5D:G34T:Q47C:I92C,R5D:G34T:Q47C:I92C,4
T7S:A29K:Q47C:R98D,T7S:A29K:Q47C:R98D,4
T7H:A29H:R60N:R98D,T7H:A29H:R60N:R98D,4
T7S:G34T:Q47C:D96Q,T7S:G34T:Q47C:D96Q,4
T7S:A29H:Q47C:I92C,T7S:A29H:Q47C:I92C,4
T7H:A29H:Q47R:I92C,T7H:A29H:Q47R:I92C,4
L4N:G34T:D61Q:D96Q,L4N:G34T:D61Q:D96Q,4
L4N:G34T:Q47R:R98D,L4N:G34T:Q47R:R98D,4
L4N:I92C:D96Q:R98D,L4N:I92C:D96Q:R98D,4
L4N:T7S:Q47V:V107M,L4N:T7S:Q47V:V107M,4
L4N:R5D:A29K:V109Q,L4N:R5D:A29K:V109Q,4
T7S:A29K:Q47V:I92C,T7S:A29K:Q47V:I92C,4
G3E:L4N:A29H:T113E,G3E:L4N:A29H:T113E,4
R5D:A29K:Q47I:R98D,R5D:A29K:Q47I:R98D,4
G3E:T7H:D96Q:T113E,G3E:T7H:D96Q:T113E,4
L4N:R5D:Q47I:V109Q,L4N:R5D:Q47I:V109Q,4
R5D:G34T:Q47I:D96Q,R5D:G34T:Q47I:D96Q,4
T7S:A29K:Q47I:R98D,T7S:A29K:Q47I:R98D,4
T7H:Q47R:D61Q:I92C,T7H:Q47R:D61Q:I92C,4
T7S:G34T:Q47R:R60N,T7S:G34T:Q47R:R60N,4
T7H:A29K:R60N:D61Q,T7H:A29K:R60N:D61Q,4
L4N:T7S:Q47V:V109Q,L4N:T7S:Q47V:V109Q,4
T7H:G34T:Q47I:D61Q,T7H:G34T:Q47I:D61Q,4
L4N:A29H:D61Q:D96Q,L4N:A29H:D61Q:D96Q,4
L4N:T7H:D96Q:V107M,L4N:T7H:D96Q:V107M,4
G3E:I92C:D96Q:R98D,G3E:I92C:D96Q:R98D,4
T7H:A29H:I92C:D96Q,T7H:A29H:I92C:D96Q,4
G3E:L4N:G34T:V109Q,G3E:L4N:G34T:V109Q,4
L4N:A29H:G34T:R60N,L4N:A29H:G34T:R60N,4
L4N:G34T:Q47R:D96Q,L4N:G34T:Q47R:D96Q,4
R5D:Q47C:D96Q:R98D,R5D:Q47C:D96Q:R98D,4
R5D:G34T:Q47R:R60N,R5D:G34T:Q47R:R60N,4
T7S:Q47C:D96Q:R98D,T7S:Q47C:D96Q:R98D,4
L4N:T7H:G34T:V109Q,L4N:T7H:G34T:V109Q,4
L4N:R5D:A29K:T113E,L4N:R5D:A29K:T113E,4
G3E:A29K:Q47V:D61Q,G3E:A29K:Q47V:D61Q,4
L4N:A29H:R60N:R98D,L4N:A29H:R60N:R98D,4
T7H:A29K:G34T:I92C,T7H:A29K:G34T:I92C,4
G3E:A29K:I92C:D96Q,G3E:A29K:I92C:D96Q,4
G3E:A29H:Q47V:D61Q,G3E:A29H:Q47V:D61Q,4
G3E:R5D:Q47I:V109Q,G3E:R5D:Q47I:V109Q,4
G3E:L4N:I92C:V107M,G3E:L4N:I92C:V107M,4
T7S:A29K:Q47I:D96Q,T7S:A29K:Q47I:D96Q,4
L4N:A29K:G34T:Q47R,L4N:A29K:G34T:Q47R,4
L4N:T7S:Q47C:V107M,L4N:T7S:Q47C:V107M,4
R5D:A29H:Q47I:D96Q,R5D:A29H:Q47I:D96Q,4
G3E:L4N:D96Q:V107M,G3E:L4N:D96Q:V107M,4
G3E:G34T:D61Q:D96Q,G3E:G34T:D61Q:D96Q,4
G3E:G34T:I92C:D96Q,G3E:G34T:I92C:D96Q,4
G3E:L4N:D61Q:V107M,G3E:L4N:D61Q:V107M,4
G3E:A29K:Q47R:D96Q,G3E:A29K:Q47R:D96Q,4
G3E:L4N:A29H:V109Q,G3E:L4N:A29H:V109Q,4
R5D:A29H:Q47R:R60N,R5D:A29H:Q47R:R60N,4
L4N:R5D:Q47R:T113E,L4N:R5D:Q47R:T113E,4
T7H:A29H:Q47R:D61Q,T7H:A29H:Q47R:D61Q,4
T7S:A29H:Q47V:D96Q,T7S:A29H:Q47V:D96Q,4
T7H:A29K:D61Q:D96Q,T7H:A29K:D61Q:D96Q,4
L4N:R5D:R98D:V109Q,L4N:R5D:R98D:V109Q,4
R5D:A29K:Q47C:I92C,R5D:A29K:Q47C:I92C,4
R5D:A29H:Q47C:R98D,R5D:A29H:Q47C:R98D,4
R5D:A29K:Q47C:R98D,R5D:A29K:Q47C:R98D,4
G3E:L4N:D96Q:T113E,G3E:L4N:D96Q:T113E,4
T7S:A29K:Q47I:R60N,T7S:A29K:Q47I:R60N,4
T7S:Q47I:I92C:R98D,T7S:Q47I:I92C:R98D,4
L4N:T7H:G34T:T113E,L4N:T7H:G34T:T113E,4
T7S:G34T:Q47I:R60N,T7S:G34T:Q47I:R60N,4
T7H:Q47R:D61Q:R98D,T7H:Q47R:D61Q:R98D,4
G3E:G34T:Q47V:D61Q,G3E:G34T:Q47V:D61Q,4
R5D:T7H:Q47V:V107M,R5D:T7H:Q47V:V107M,4
G3E:T7H:Q47R:V109Q,G3E:T7H:Q47R:V109Q,4
L4N:A29H:Q47R:D61Q,L4N:A29H:Q47R:D61Q,4
T7S:Q47C:I92C:D96Q,T7S:Q47C:I92C:D96Q,4
L4N:T7S:Q47C:T113E,L4N:T7S:Q47C:T113E,4
R5D:Q47R:I92C:D96Q,R5D:Q47R:I92C:D96Q,4
L4N:G34T:D96Q:R98D,L4N:G34T:D96Q:R98D,4
R5D:A29K:Q47R:D96Q,R5D:A29K:Q47R:D96Q,4
G3E:G34T:Q47R:R98D,G3E:G34T:Q47R:R98D,4
L4N:G34T:R60N:R98D,L4N:G34T:R60N:R98D,4
T7S:Q47C:D61Q:D96Q,T7S:Q47C:D61Q:D96Q,4
G3E:G34T:Q47I:I92C,G3E:G34T:Q47I:I92C,4
T7S:A29K:Q47V:D96Q,T7S:A29K:Q47V:D96Q,4
L4N:A29K:R60N:R98D,L4N:A29K:R60N:R98D,4
T7S:A29K:Q47R:R60N,T7S:A29K:Q47R:R60N,4
G3E:R60N:D96Q:R98D,G3E:R60N:D96Q:R98D,4
R5D:Q47I:D61Q:D96Q,R5D:Q47I:D61Q:D96Q,4
G3E:L4N:I92C:V109Q,G3E:L4N:I92C:V109Q,4
T7S:A29K:Q47I:I92C,T7S:A29K:Q47I:I92C,4
G3E:L4N:R60N:V107M,G3E:L4N:R60N:V107M,4
G3E:L4N:R98D:T113E,G3E:L4N:R98D:T113E,4
G3E:A29H:Q47R:R98D,G3E:A29H:Q47R:R98D,4
L4N:A29K:Q47R:D61Q,L4N:A29K:Q47R:D61Q,4
T7H:R60N:I92C:R98D,T7H:R60N:I92C:R98D,4
G3E:A29H:G34T:Q47C,G3E:A29H:G34T:Q47C,4
L4N:T7H:R60N:T113E,L4N:T7H:R60N:T113E,4
R5D:G34T:Q47C:D96Q,R5D:G34T:Q47C:D96Q,4
G3E:G34T:Q47C:D61Q,G3E:G34T:Q47C:D61Q,4
T7H:A29K:D61Q:I92C,T7H:A29K:D61Q:I92C,4
L4N:T7H:I92C:V109Q,L4N:T7H:I92C:V109Q,4
R5D:A29H:Q47C:I92C,R5D:A29H:Q47C:I92C,4
L4N:R60N:I92C:R98D,L4N:R60N:I92C:R98D,4
T7S:A29H:Q47C:D96Q,T7S:A29H:Q47C:D96Q,4
R5D:Q47V:I92C:R98D,R5D:Q47V:I92C:R98D,4
G3E:Q47V:D61Q:I92C,G3E:Q47V:D61Q:I92C,4
G3E:A29K:Q47V:R98D,G3E:A29K:Q47V:R98D,4
R5D:A29K:Q47R:R60N,R5D:A29K:Q47R:R60N,4
L4N:A29K:R60N:D61Q,L4N:A29K:R60N:D61Q,4
L4N:G34T:R60N:D96Q,L4N:G34T:R60N:D96Q,4
T7S:Q47I:D61Q:D96Q,T7S:Q47I:D61Q:D96Q,4
R5D:A29H:Q47V:D96Q,R5D:A29H:Q47V:D96Q,4
G3E:R60N:D61Q:D96Q,G3E:R60N:D61Q:D96Q,4
G3E:Q47R:D61Q:I92C,G3E:Q47R:D61Q:I92C,4
G3E:A29H:R60N:R98D,G3E:A29H:R60N:R98D,4
G3E:G34T:R60N:D96Q,G3E:G34T:R60N:D96Q,4
R5D:Q47C:I92C:R98D,R5D:Q47C:I92C:R98D,4
L4N:T7H:I92C:T113E,L4N:T7H:I92C:T113E,4
R5D:Q47I:I92C:R98D,R5D:Q47I:I92C:R98D,4
L4N:A29K:D96Q:R98D,L4N:A29K:D96Q:R98D,4
G3E:G34T:Q47R:D96Q,G3E:G34T:Q47R:D96Q,4
R5D:Q47V:D61Q:D96Q,R5D:Q47V:D61Q:D96Q,4
R5D:T7H:Q47V:T113E,R5D:T7H:Q47V:T113E,4
G3E:L4N:G34T:T113E,G3E:L4N:G34T:T113E,4
L4N:Q47R:D96Q:R98D,L4N:Q47R:D96Q:R98D,4
L4N:A29K:G34T:Q47C,L4N:A29K:G34T:Q47C,4
L4N:A29H:G34T:Q47I,L4N:A29H:G34T:Q47I,4
L4N:R60N:D61Q:D96Q,L4N:R60N:D61Q:D96Q,4
L4N:T7H:Q47R:V107M,L4N:T7H:Q47R:V107M,4
R5D:T7H:Q47I:V107M,R5D:T7H:Q47I:V107M,4
R5D:A29H:Q47I:R60N,R5D:A29H:Q47I:R60N,4
T7S:A29K:Q47V:R98D,T7S:A29K:Q47V:R98D,4
R5D:T7H:Q47I:T113E,R5D:T7H:Q47I:T113E,4
T7H:A29H:G34T:Q47I,T7H:A29H:G34T:Q47I,4
T7H:Q47R:I92C:R98D,T7H:Q47R:I92C:R98D,4
G3E:A29K:Q47I:R98D,G3E:A29K:Q47I:R98D,4
T7S:Q47V:I92C:D96Q,T7S:Q47V:I92C:D96Q,4
L4N:T7H:D96Q:T113E,L4N:T7H:D96Q:T113E,4
L4N:R60N:D61Q:I92C,L4N:R60N:D61Q:I92C,4
L4N:G34T:Q47I:D61Q,L4N:G34T:Q47I:D61Q,4
T7H:A29K:I92C:D96Q,T7H:A29K:I92C:D96Q,4
T7S:A29H:Q47I:D96Q,T7S:A29H:Q47I:D96Q,4
T7S:Q47R:R60N:I92C,T7S:Q47R:R60N:I92C,4
G3E:L4N:R98D:V109Q,G3E:L4N:R98D:V109Q,4
G3E:R60N:I92C:R98D,G3E:R60N:I92C:R98D,4
R5D:Q47C:D61Q:D96Q,R5D:Q47C:D61Q:D96Q,4
L4N:G34T:Q47V:D61Q,L4N:G34T:Q47V:D61Q,4
G3E:T7H:Q47R:T113E,G3E:T7H:Q47R:T113E,4
T7S:Q47I:I92C:D96Q,T7S:Q47I:I92C:D96Q,4
T7H:A29K:G34T:Q47I,T7H:A29K:G34T:Q47I,4
L4N:R5D:Q47V:T113E,L4N:R5D:Q47V:T113E,4
L4N:A29H:Q47R:I92C,L4N:A29H:Q47R:I92C,4
R5D:A29K:R60N:R98D,R5D:A29K:R60N:R98D,4
G3E:G34T:Q47C:I92C,G3E:G34T:Q47C:I92C,4
L4N:T7S:Q47I:V109Q,L4N:T7S:Q47I:V109Q,4
L4N:A29H:R60N:I92C,L4N:A29H:R60N:I92C,4
T7H:A29H:G34T:Q47V,T7H:A29H:G34T:Q47V,4
L4N:R5D:Q47C:V107M,L4N:R5D:Q47C:V107M,4
L4N:Q47R:D61Q:I92C,L4N:Q47R:D61Q:I92C,4
T7H:A29H:R60N:I92C,T7H:A29H:R60N:I92C,4
G3E:G34T:Q47I:R98D,G3E:G34T:Q47I:R98D,4
R5D:A29K:Q47I:D96Q,R5D:A29K:Q47I:D96Q,4
L4N:T7H:R98D:V109Q,L4N:T7H:R98D:V109Q,4
G3E:G34T:Q47V:I92C,G3E:G34T:Q47V:I92C,4
G3E:A29H:R60N:I92C,G3E:A29H:R60N:I92C,4
G3E:A29K:Q47I:I92C,G3E:A29K:Q47I:I92C,4
T7H:Q47R:D96Q:R98D,T7H:Q47R:D96Q:R98D,4
G3E:A29H:Q47I:D61Q,G3E:A29H:Q47I:D61Q,4
R5D:Q47I:R60N:D61Q,R5D:Q47I:R60N:D61Q,4
L4N:A29K:Q47R:I92C,L4N:A29K:Q47R:I92C,4
L4N:A29K:Q47I:D61Q,L4N:A29K:Q47I:D61Q,4
T7S:Q47I:R60N:R98D,T7S:Q47I:R60N:R98D,4
L4N:Q47R:I92C:R98D,L4N:Q47R:I92C:R98D,4
L4N:G34T:Q47C:I92C,L4N:G34T:Q47C:I92C,4
L4N:R5D:Q47R:V109Q,L4N:R5D:Q47R:V109Q,4
L4N:A29H:Q47V:D61Q,L4N:A29H:Q47V:D61Q,4
T7S:G34T:Q47V:R60N,T7S:G34T:Q47V:R60N,4
G3E:Q47R:D96Q:R98D,G3E:Q47R:D96Q:R98D,4
L4N:G34T:Q47V:I92C,L4N:G34T:Q47V:I92C,4
G3E:G34T:R60N:I92C,G3E:G34T:R60N:I92C,4
G3E:G34T:Q47V:R98D,G3E:G34T:Q47V:R98D,4
G3E:T7H:Q47I:V107M,G3E:T7H:Q47I:V107M,4
G3E:A29H:Q47V:R98D,G3E:A29H:Q47V:R98D,4
T7S:A29K:Q47C:D96Q,T7S:A29K:Q47C:D96Q,4
G3E:A29K:Q47V:I92C,G3E:A29K:Q47V:I92C,4
G3E:T7H:R60N:V109Q,G3E:T7H:R60N:V109Q,4
G3E:Q47I:D61Q:I92C,G3E:Q47I:D61Q:I92C,4
R5D:A29H:Q47V:R60N,R5D:A29H:Q47V:R60N,4
R5D:T7H:Q47C:V109Q,R5D:T7H:Q47C:V109Q,4
L4N:R5D:Q47C:T113E,L4N:R5D:Q47C:T113E,4
G3E:L4N:I92C:T113E,G3E:L4N:I92C:T113E,4
R5D:A29K:Q47V:R60N,R5D:A29K:Q47V:R60N,4
G3E:T7H:Q47V:V107M,G3E:T7H:Q47V:V107M,4
G3E:A29K:G34T:Q47C,G3E:A29K:G34T:Q47C,4
L4N:A29K:R60N:D96Q,L4N:A29K:R60N:D96Q,4
L4N:G34T:R60N:I92C,L4N:G34T:R60N:I92C,4
G3E:Q47R:I92C:R98D,G3E:Q47R:I92C:R98D,4
G3E:Q47V:D61Q:R98D,G3E:Q47V:D61Q:R98D,4
G3E:A29H:Q47C:I92C,G3E:A29H:Q47C:I92C,4
T7S:Q47R:R60N:D96Q,T7S:Q47R:R60N:D96Q,4
L4N:T7H:R60N:V109Q,L4N:T7H:R60N:V109Q,4
G3E:G34T:Q47R:R60N,G3E:G34T:Q47R:R60N,4
L4N:T7H:D96Q:V109Q,L4N:T7H:D96Q:V109Q,4
R5D:Q47V:I92C:D96Q,R5D:Q47V:I92C:D96Q,4
T7S:A29H:Q47V:R60N,T7S:A29H:Q47V:R60N,4
L4N:T7H:Q47R:T113E,L4N:T7H:Q47R:T113E,4
G3E:A29H:R60N:D96Q,G3E:A29H:R60N:D96Q,4
T7H:A29H:G34T:Q47C,T7H:A29H:G34T:Q47C,4
G3E:G34T:Q47V:D96Q,G3E:G34T:Q47V:D96Q,4
L4N:G34T:Q47C:D61Q,L4N:G34T:Q47C:D61Q,4
R5D:Q47R:R60N:R98D,R5D:Q47R:R60N:R98D,4
L4N:A29H:G34T:Q47C,L4N:A29H:G34T:Q47C,4
T7S:A29K:Q47C:I92C,T7S:A29K:Q47C:I92C,4
T7S:A29H:Q47C:R60N,T7S:A29H:Q47C:R60N,4
G3E:A29H:Q47V:I92C,G3E:A29H:Q47V:I92C,4
L4N:G34T:Q47I:I92C,L4N:G34T:Q47I:I92C,4
L4N:A29H:R60N:D96Q,L4N:A29H:R60N:D96Q,4
L4N:G34T:Q47V:R98D,L4N:G34T:Q47V:R98D,4
G3E:L4N:A29K:T113E,G3E:L4N:A29K:T113E,4
L4N:Q47V:D61Q:I92C,L4N:Q47V:D61Q:I92C,4
G3E:A29H:G34T:Q47I,G3E:A29H:G34T:Q47I,4
T7H:A29K:R60N:R98D,T7H:A29K:R60N:R98D,4
G3E:Q47C:D61Q:R98D,G3E:Q47C:D61Q:R98D,4
G3E:L4N:Q47V:V107M,G3E:L4N:Q47V:V107M,4
G3E:L4N:Q47V:T113E,G3E:L4N:Q47V:T113E,4
G3E:L4N:Q47R:V107M,G3E:L4N:Q47R:V107M,4
T7H:G34T:Q47V:D61Q,T7H:G34T:Q47V:D61Q,4
R5D:T7H:Q47C:V107M,R5D:T7H:Q47C:V107M,4
R5D:A29H:Q47C:D96Q,R5D:A29H:Q47C:D96Q,4
R5D:T7H:Q47C:T113E,R5D:T7H:Q47C:T113E,4
T7H:A29K:G34T:Q47V,T7H:A29K:G34T:Q47V,4
L4N:A29K:D61Q:D96Q,L4N:A29K:D61Q:D96Q,4
R5D:A29K:Q47C:R60N,R5D:A29K:Q47C:R60N,4
L4N:A29H:Q47C:D61Q,L4N:A29H:Q47C:D61Q,4
T7H:A29K:R60N:I92C,T7H:A29K:R60N:I92C,4
L4N:A29H:Q47R:R98D,L4N:A29H:Q47R:R98D,4
G3E:T7H:Q47I:T113E,G3E:T7H:Q47I:T113E,4
L4N:A29K:R60N:I92C,L4N:A29K:R60N:I92C,4
R5D:Q47R:R60N:I92C,R5D:Q47R:R60N:I92C,4
G3E:L4N:D96Q:V109Q,G3E:L4N:D96Q:V109Q,4
G3E:A29K:Q47C:R98D,G3E:A29K:Q47C:R98D,4
G3E:A29K:Q47C:D61Q,G3E:A29K:Q47C:D61Q,4
R5D:Q47C:I92C:D96Q,R5D:Q47C:I92C:D96Q,4
G3E:L4N:Q47R:T113E,G3E:L4N:Q47R:T113E,4
G3E:T7H:Q47C:T113E,G3E:T7H:Q47C:T113E,4
L4N:G34T:Q47I:R98D,L4N:G34T:Q47I:R98D,4
T7H:A29K:G34T:Q47C,T7H:A29K:G34T:Q47C,4
G3E:G34T:Q47C:R98D,G3E:G34T:Q47C:R98D,4
T7H:A29K:Q47R:D61Q,T7H:A29K:Q47R:D61Q,4
L4N:G34T:Q47C:R98D,L4N:G34T:Q47C:R98D,4
T7H:A29H:Q47C:I92C,T7H:A29H:Q47C:I92C,4
L4N:A29K:Q47V:I92C,L4N:A29K:Q47V:I92C,4
G3E:A29K:Q47R:R60N,G3E:A29K:Q47R:R60N,4
L4N:A29H:Q47R:D96Q,L4N:A29H:Q47R:D96Q,4
T7H:A29H:Q47R:R98D,T7H:A29H:Q47R:R98D,4
L4N:T7H:Q47C:V107M,L4N:T7H:Q47C:V107M,4
T7H:A29H:R60N:D96Q,T7H:A29H:R60N:D96Q,4
L4N:A29H:Q47C:R98D,L4N:A29H:Q47C:R98D,4
G3E:A29H:Q47I:I92C,G3E:A29H:Q47I:I92C,4
G3E:T7H:Q47V:T113E,G3E:T7H:Q47V:T113E,4
L4N:A29H:G34T:Q47V,L4N:A29H:G34T:Q47V,4
L4N:A29K:I92C:D96Q,L4N:A29K:I92C:D96Q,4
R5D:G34T:Q47V:R60N,R5D:G34T:Q47V:R60N,4
G3E:A29H:Q47C:R98D,G3E:A29H:Q47C:R98D,4
L4N:A29K:Q47R:D96Q,L4N:A29K:Q47R:D96Q,4
G3E:A29H:Q47R:I92C,G3E:A29H:Q47R:I92C,4
G3E:Q47V:D96Q:R98D,G3E:Q47V:D96Q:R98D,4
T7H:A29H:Q47C:R98D,T7H:A29H:Q47C:R98D,4
G3E:Q47R:I92C:D96Q,G3E:Q47R:I92C:D96Q,4
T7H:A29K:Q47V:D61Q,T7H:A29K:Q47V:D61Q,4
L4N:A29K:Q47R:R60N,L4N:A29K:Q47R:R60N,4
L4N:A29K:G34T:Q47I,L4N:A29K:G34T:Q47I,4
L4N:A29K:Q47V:D61Q,L4N:A29K:Q47V:D61Q,4
G3E:A29K:Q47C:I92C,G3E:A29K:Q47C:I92C,4
T7S:A29H:Q47I:R60N,T7S:A29H:Q47I:R60N,4
G3E:Q47C:D61Q:I92C,G3E:Q47C:D61Q:I92C,4
G3E:Q47C:D96Q:R98D,G3E:Q47C:D96Q:R98D,4
L4N:A29K:Q47I:R98D,L4N:A29K:Q47I:R98D,4
L4N:A29H:Q47I:D61Q,L4N:A29H:Q47I:D61Q,4
G3E:R60N:I92C:D96Q,G3E:R60N:I92C:D96Q,4
L4N:A29K:Q47V:R98D,L4N:A29K:Q47V:R98D,4
G3E:Q47R:R60N:D61Q,G3E:Q47R:R60N:D61Q,4
G3E:Q47C:I92C:R98D,G3E:Q47C:I92C:R98D,4
T7H:A29H:Q47C:D61Q,T7H:A29H:Q47C:D61Q,4
R5D:T7H:Q47I:V109Q,R5D:T7H:Q47I:V109Q,4
G3E:L4N:Q47I:T113E,G3E:L4N:Q47I:T113E,4
T7H:Q47C:I92C:R98D,T7H:Q47C:I92C:R98D,4
T7H:Q47V:D61Q:I92C,T7H:Q47V:D61Q:I92C,4
T7H:G34T:Q47R:D96Q,T7H:G34T:Q47R:D96Q,4
R5D:T7H:Q47V:V109Q,R5D:T7H:Q47V:V109Q,4
G3E:G34T:Q47I:D96Q,G3E:G34T:Q47I:D96Q,4
G3E:T7H:Q47C:V107M,G3E:T7H:Q47C:V107M,4
L4N:A29H:Q47C:I92C,L4N:A29H:Q47C:I92C,4
L4N:G34T:Q47V:D96Q,L4N:G34T:Q47V:D96Q,4
L4N:Q47C:D61Q:R98D,L4N:Q47C:D61Q:R98D,4
G3E:Q47I:D61Q:R98D,G3E:Q47I:D61Q:R98D,4
T7H:Q47C:D61Q:R98D,T7H:Q47C:D61Q:R98D,4
L4N:R5D:Q47C:V109Q,L4N:R5D:Q47C:V109Q,4
L4N:Q47C:D96Q:R98D,L4N:Q47C:D96Q:R98D,4
T7H:G34T:Q47C:R98D,T7H:G34T:Q47C:R98D,4
T7H:A29K:Q47C:D61Q,T7H:A29K:Q47C:D61Q,4
T7H:A29K:Q47R:I92C,T7H:A29K:Q47R:I92C,4
L4N:Q47R:D61Q:D96Q,L4N:Q47R:D61Q:D96Q,4
T7H:G34T:Q47V:R98D,T7H:G34T:Q47V:R98D,4
G3E:Q47R:D61Q:D96Q,G3E:Q47R:D61Q:D96Q,4
G3E:L4N:Q47C:T113E,G3E:L4N:Q47C:T113E,4
L4N:Q47I:D61Q:I92C,L4N:Q47I:D61Q:I92C,4
G3E:A29H:Q47R:D96Q,G3E:A29H:Q47R:D96Q,4
T7H:G34T:Q47V:I92C,T7H:G34T:Q47V:I92C,4
L4N:Q47V:D61Q:R98D,L4N:Q47V:D61Q:R98D,4
T7H:A29H:Q47V:I92C,T7H:A29H:Q47V:I92C,4
T7H:G34T:Q47I:R98D,T7H:G34T:Q47I:R98D,4
L4N:Q47V:I92C:R98D,L4N:Q47V:I92C:R98D,4
T7H:A29K:Q47R:R98D,T7H:A29K:Q47R:R98D,4
T7H:Q47V:D61Q:R98D,T7H:Q47V:D61Q:R98D,4
T7H:A29K:R60N:D96Q,T7H:A29K:R60N:D96Q,4
L4N:G34T:Q47R:R60N,L4N:G34T:Q47R:R60N,4
L4N:G34T:Q47C:D96Q,L4N:G34T:Q47C:D96Q,4
R5D:Q47R:R60N:D96Q,R5D:Q47R:R60N:D96Q,4
G3E:Q47V:I92C:R98D,G3E:Q47V:I92C:R98D,4
L4N:R60N:I92C:D96Q,L4N:R60N:I92C:D96Q,4
G3E:G34T:Q47C:D96Q,G3E:G34T:Q47C:D96Q,4
T7H:G34T:Q47I:I92C,T7H:G34T:Q47I:I92C,4
L4N:Q47R:I92C:D96Q,L4N:Q47R:I92C:D96Q,4
L4N:A29K:Q47I:I92C,L4N:A29K:Q47I:I92C,4
T7H:G34T:Q47C:D61Q,T7H:G34T:Q47C:D61Q,4
T7H:A29H:Q47R:D96Q,T7H:A29H:Q47R:D96Q,4
L4N:A29H:Q47V:R98D,L4N:A29H:Q47V:R98D,4
L4N:A29K:Q47C:R98D,L4N:A29K:Q47C:R98D,4
T7H:Q47R:D61Q:D96Q,T7H:Q47R:D61Q:D96Q,4
G3E:L4N:Q47V:V109Q,G3E:L4N:Q47V:V109Q,4
G3E:A29H:Q47R:R60N,G3E:A29H:Q47R:R60N,4
L4N:G34T:Q47I:D96Q,L4N:G34T:Q47I:D96Q,4
T7H:A29H:Q47I:I92C,T7H:A29H:Q47I:I92C,4
T7S:Q47I:R60N:I92C,T7S:Q47I:R60N:I92C,4
L4N:T7H:Q47C:T113E,L4N:T7H:Q47C:T113E,4
L4N:Q47V:D96Q:R98D,L4N:Q47V:D96Q:R98D,4
G3E:L4N:Q47C:V107M,G3E:L4N:Q47C:V107M,4
L4N:A29H:Q47V:I92C,L4N:A29H:Q47V:I92C,4
G3E:A29K:Q47I:D96Q,G3E:A29K:Q47I:D96Q,4
G3E:G34T:Q47I:R60N,G3E:G34T:Q47I:R60N,4
L4N:T7H:Q47I:T113E,L4N:T7H:Q47I:T113E,4
L4N:T7H:Q47V:T113E,L4N:T7H:Q47V:T113E,4
R5D:Q47I:I92C:D96Q,R5D:Q47I:I92C:D96Q,4
T7H:Q47C:D61Q:I92C,T7H:Q47C:D61Q:I92C,4
R5D:A29H:Q47C:R60N,R5D:A29H:Q47C:R60N,4
G3E:Q47C:D61Q:D96Q,G3E:Q47C:D61Q:D96Q,4
G3E:Q47V:D61Q:D96Q,G3E:Q47V:D61Q:D96Q,4
R5D:Q47I:R60N:R98D,R5D:Q47I:R60N:R98D,4
T7S:G34T:Q47C:R60N,T7S:G34T:Q47C:R60N,4
T7H:G34T:Q47C:I92C,T7H:G34T:Q47C:I92C,4
L4N:T7H:Q47V:V107M,L4N:T7H:Q47V:V107M,4
L4N:A29K:Q47V:D96Q,L4N:A29K:Q47V:D96Q,4
L4N:A29K:Q47C:I92C,L4N:A29K:Q47C:I92C,4
G3E:A29H:Q47I:R98D,G3E:A29H:Q47I:R98D,4
L4N:Q47C:I92C:R98D,L4N:Q47C:I92C:R98D,4
L4N:T7H:Q47I:V107M,L4N:T7H:Q47I:V107M,4
G3E:L4N:Q47I:V107M,G3E:L4N:Q47I:V107M,4
T7H:Q47R:I92C:D96Q,T7H:Q47R:I92C:D96Q,4
L4N:A29H:Q47V:D96Q,L4N:A29H:Q47V:D96Q,4
L4N:Q47R:R60N:D61Q,L4N:Q47R:R60N:D61Q,4
T7H:Q47I:D61Q:I92C,T7H:Q47I:D61Q:I92C,4
G3E:A29H:Q47V:D96Q,G3E:A29H:Q47V:D96Q,4
T7H:A29K:Q47R:D96Q,T7H:A29K:Q47R:D96Q,4
L4N:Q47I:D61Q:R98D,L4N:Q47I:D61Q:R98D,4
L4N:A29H:Q47I:I92C,L4N:A29H:Q47I:I92C,4
T7S:A29K:Q47C:R60N,T7S:A29K:Q47C:R60N,4
L4N:A29K:Q47I:D96Q,L4N:A29K:Q47I:D96Q,4
T7S:A29K:Q47V:R60N,T7S:A29K:Q47V:R60N,4
G3E:L4N:Q47C:V109Q,G3E:L4N:Q47C:V109Q,4
G3E:T7H:Q47V:V109Q,G3E:T7H:Q47V:V109Q,4
T7S:Q47C:R60N:D96Q,T7S:Q47C:R60N:D96Q,4
L4N:A29K:Q47C:D96Q,L4N:A29K:Q47C:D96Q,4
G3E:Q47I:R60N:D61Q,G3E:Q47I:R60N:D61Q,4
G3E:T7H:Q47C:V109Q,G3E:T7H:Q47C:V109Q,4
L4N:Q47C:D61Q:D96Q,L4N:Q47C:D61Q:D96Q,4
L4N:T7H:Q47R:V109Q,L4N:T7H:Q47R:V109Q,4
G3E:Q47I:I92C:R98D,G3E:Q47I:I92C:R98D,4
G3E:Q47C:I92C:D96Q,G3E:Q47C:I92C:D96Q,4
T7H:G34T:Q47V:D96Q,T7H:G34T:Q47V:D96Q,4
T7H:Q47C:D96Q:R98D,T7H:Q47C:D96Q:R98D,4
T7H:A29H:Q47V:R98D,T7H:A29H:Q47V:R98D,4
T7H:A29K:Q47V:R98D,T7H:A29K:Q47V:R98D,4
T7H:A29K:Q47C:R98D,T7H:A29K:Q47C:R98D,4
T7H:A29H:Q47C:D96Q,T7H:A29H:Q47C:D96Q,4
L4N:Q47C:D61Q:I92C,L4N:Q47C:D61Q:I92C,4
G3E:Q47I:D96Q:R98D,G3E:Q47I:D96Q:R98D,4
T7H:A29K:Q47I:D61Q,T7H:A29K:Q47I:D61Q,4
G3E:Q47V:I92C:D96Q,G3E:Q47V:I92C:D96Q,4
T7H:G34T:Q47C:D96Q,T7H:G34T:Q47C:D96Q,4
G3E:A29H:Q47I:R60N,G3E:A29H:Q47I:R60N,4
T7H:Q47V:I92C:R98D,T7H:Q47V:I92C:R98D,4
G3E:A29H:Q47C:D96Q,G3E:A29H:Q47C:D96Q,4
G3E:L4N:Q47I:V109Q,G3E:L4N:Q47I:V109Q,4
L4N:Q47I:I92C:R98D,L4N:Q47I:I92C:R98D,4
G3E:Q47I:D61Q:D96Q,G3E:Q47I:D61Q:D96Q,4
T7H:Q47R:R60N:D61Q,T7H:Q47R:R60N:D61Q,4
R5D:G34T:Q47C:R60N,R5D:G34T:Q47C:R60N,4
L4N:Q47V:D61Q:D96Q,L4N:Q47V:D61Q:D96Q,4
L4N:Q47C:I92C:D96Q,L4N:Q47C:I92C:D96Q,4
R5D:Q47I:R60N:D96Q,R5D:Q47I:R60N:D96Q,4
T7H:A29K:Q47I:R98D,T7H:A29K:Q47I:R98D,4
L4N:Q47C:R60N:D61Q,L4N:Q47C:R60N:D61Q,4
T7H:G34T:Q47I:R60N,T7H:G34T:Q47I:R60N,4
G3E:G34T:Q47V:R60N,G3E:G34T:Q47V:R60N,4
L4N:A29H:Q47I:R98D,L4N:A29H:Q47I:R98D,4
T7H:Q47V:D96Q:R98D,T7H:Q47V:D96Q:R98D,4
T7H:A29H:Q47R:R60N,T7H:A29H:Q47R:R60N,4
T7H:Q47C:D61Q:D96Q,T7H:Q47C:D61Q:D96Q,4
T7S:Q47V:R60N:I92C,T7S:Q47V:R60N:I92C,4
G3E:Q47V:R60N:D61Q,G3E:Q47V:R60N:D61Q,4
G3E:Q47C:R60N:D61Q,G3E:Q47C:R60N:D61Q,4
T7H:Q47I:D61Q:R98D,T7H:Q47I:D61Q:R98D,4
L4N:T7H:Q47C:V109Q,L4N:T7H:Q47C:V109Q,4
T7H:A29K:Q47C:I92C,T7H:A29K:Q47C:I92C,4
L4N:A29K:Q47I:R60N,L4N:A29K:Q47I:R60N,4
G3E:Q47R:R60N:R98D,G3E:Q47R:R60N:R98D,4
L4N:T7H:Q47V:V109Q,L4N:T7H:Q47V:V109Q,4
L4N:G34T:Q47C:R60N,L4N:G34T:Q47C:R60N,4
R5D:Q47V:R60N:R98D,R5D:Q47V:R60N:R98D,4
T7S:Q47C:R60N:R98D,T7S:Q47C:R60N:R98D,4
L4N:Q47I:D61Q:D96Q,L4N:Q47I:D61Q:D96Q,4
T7H:Q47C:I92C:D96Q,T7H:Q47C:I92C:D96Q,4
L4N:Q47R:R60N:R98D,L4N:Q47R:R60N:R98D,4
R5D:Q47I:R60N:I92C,R5D:Q47I:R60N:I92C,4
L4N:G34T:Q47V:R60N,L4N:G34T:Q47V:R60N,4
L4N:Q47V:I92C:D96Q,L4N:Q47V:I92C:D96Q,4
G3E:A29K:Q47V:R60N,G3E:A29K:Q47V:R60N,4
T7S:Q47V:R60N:D96Q,T7S:Q47V:R60N:D96Q,4
T7H:Q47I:I92C:R98D,T7H:Q47I:I92C:R98D,4
T7H:Q47R:R60N:R98D,T7H:Q47R:R60N:R98D,4
L4N:Q47I:D96Q:R98D,L4N:Q47I:D96Q:R98D,4
T7H:Q47C:R60N:D61Q,T7H:Q47C:R60N:D61Q,4
T7H:G34T:Q47I:D96Q,T7H:G34T:Q47I:D96Q,4
T7H:Q47V:I92C:D96Q,T7H:Q47V:I92C:D96Q,4
L4N:Q47I:R60N:D61Q,L4N:Q47I:R60N:D61Q,4
G3E:Q47I:I92C:D96Q,G3E:Q47I:I92C:D96Q,4
L4N:Q47R:R60N:I92C,L4N:Q47R:R60N:I92C,4
L4N:T7H:Q47I:V109Q,L4N:T7H:Q47I:V109Q,4
L4N:Q47V:R60N:D61Q,L4N:Q47V:R60N:D61Q,4
G3E:A29H:Q47I:D96Q,G3E:A29H:Q47I:D96Q,4
T7H:A29K:Q47V:D96Q,T7H:A29K:Q47V:D96Q,4
T7H:A29H:Q47V:D96Q,T7H:A29H:Q47V:D96Q,4
G3E:A29H:Q47V:R60N,G3E:A29H:Q47V:R60N,4
R5D:Q47V:R60N:I92C,R5D:Q47V:R60N:I92C,4
L4N:A29H:Q47I:D96Q,L4N:A29H:Q47I:D96Q,4
L4N:A29H:Q47V:R60N,L4N:A29H:Q47V:R60N,4
L4N:A29H:Q47I:R60N,L4N:A29H:Q47I:R60N,4
G3E:Q47R:R60N:I92C,G3E:Q47R:R60N:I92C,4
T7S:Q47C:R60N:I92C,T7S:Q47C:R60N:I92C,4
T7H:G34T:Q47V:R60N,T7H:G34T:Q47V:R60N,4
L4N:Q47R:R60N:D96Q,L4N:Q47R:R60N:D96Q,4
T7H:Q47I:D96Q:R98D,T7H:Q47I:D96Q:R98D,4
T7H:A29H:Q47I:R98D,T7H:A29H:Q47I:R98D,4
T7H:A29K:Q47I:D96Q,T7H:A29K:Q47I:D96Q,4
G3E:A29K:Q47C:R60N,G3E:A29K:Q47C:R60N,4
T7H:Q47V:R60N:D61Q,T7H:Q47V:R60N:D61Q,4
R5D:Q47V:R60N:D96Q,R5D:Q47V:R60N:D96Q,4
R5D:Q47C:R60N:D96Q,R5D:Q47C:R60N:D96Q,4
T7H:Q47V:D61Q:D96Q,T7H:Q47V:D61Q:D96Q,4
L4N:Q47I:I92C:D96Q,L4N:Q47I:I92C:D96Q,4
R5D:Q47C:R60N:I92C,R5D:Q47C:R60N:I92C,4
T7H:A29H:Q47C:R60N,T7H:A29H:Q47C:R60N,4
L4N:Q47C:R60N:R98D,L4N:Q47C:R60N:R98D,4
R5D:Q47C:R60N:R98D,R5D:Q47C:R60N:R98D,4
G3E:Q47C:R60N:R98D,G3E:Q47C:R60N:R98D,4
G3E:Q47V:R60N:R98D,G3E:Q47V:R60N:R98D,4
T7H:A29H:Q47I:R60N,T7H:A29H:Q47I:R60N,4
T7H:Q47I:I92C:D96Q,T7H:Q47I:I92C:D96Q,4
T7H:G34T:Q47C:R60N,T7H:G34T:Q47C:R60N,4
G3E:A29H:Q47C:R60N,G3E:A29H:Q47C:R60N,4
T7H:Q47V:R60N:R98D,T7H:Q47V:R60N:R98D,4
L4N:Q47V:R60N:R98D,L4N:Q47V:R60N:R98D,4
T7H:Q47I:R60N:I92C,T7H:Q47I:R60N:I92C,4
L4N:Q47I:R60N:I92C,L4N:Q47I:R60N:I92C,4
T7H:Q47I:D61Q:D96Q,T7H:Q47I:D61Q:D96Q,4
L4N:Q47V:R60N:I92C,L4N:Q47V:R60N:I92C,4
T7H:A29K:Q47C:R60N,T7H:A29K:Q47C:R60N,4
T7H:A29K:Q47V:R60N,T7H:A29K:Q47V:R60N,4
T7H:Q47I:R60N:R98D,T7H:Q47I:R60N:R98D,4
L4N:Q47V:R60N:D96Q,L4N:Q47V:R60N:D96Q,4
G3E:Q47C:R60N:I92C,G3E:Q47C:R60N:I92C,4
G3E:Q47C:R60N:D96Q,G3E:Q47C:R60N:D96Q,4
T7H:Q47V:R60N:I92C,T7H:Q47V:R60N:I92C,4
G3E:Q47V:R60N:D96Q,G3E:Q47V:R60N:D96Q,4
L4N:Q47I:R60N:D96Q,L4N:Q47I:R60N:D96Q,4
T7H:Q47I:R60N:D96Q,T7H:Q47I:R60N:D96Q,4
T7S:A29H:G34T:V107M,T7S:A29H:G34T:V107M,4
R5D:D61Q:R98D:V107M,R5D:D61Q:R98D:V107M,4
T7S:A29H:D61Q:T113E,T7S:A29H:D61Q:T113E,4
R5D:I92C:R98D:V107M,R5D:I92C:R98D:V107M,4
R5D:A29H:D61Q:T113E,R5D:A29H:D61Q:T113E,4
T7S:D61Q:I92C:V107M,T7S:D61Q:I92C:V107M,4
R5D:T7S:V107M:T113E,R5D:T7S:V107M:T113E,4
T7S:D61Q:R98D:V107M,T7S:D61Q:R98D:V107M,4
R5D:A29H:G34T:V107M,R5D:A29H:G34T:V107M,4
R5D:D96Q:R98D:V107M,R5D:D96Q:R98D:V107M,4
T7S:G34T:R60N:V107M,T7S:G34T:R60N:V107M,4
R5D:R60N:D61Q:V109Q,R5D:R60N:D61Q:V109Q,4
R5D:R60N:D61Q:V107M,R5D:R60N:D61Q:V107M,4
R5D:T7H:V107M:T113E,R5D:T7H:V107M:T113E,4
T7H:D61Q:R98D:V107M,T7H:D61Q:R98D:V107M,4
T7S:D61Q:I92C:T113E,T7S:D61Q:I92C:T113E,4
R5D:A29H:D61Q:V107M,R5D:A29H:D61Q:V107M,4
T7S:R60N:R98D:V107M,T7S:R60N:R98D:V107M,4
R5D:A29H:D61Q:V109Q,R5D:A29H:D61Q:V109Q,4
T7S:D61Q:R98D:T113E,T7S:D61Q:R98D:T113E,4
T7S:G34T:D61Q:T113E,T7S:G34T:D61Q:T113E,4
R5D:I92C:D96Q:V107M,R5D:I92C:D96Q:V107M,4
R5D:A29H:D96Q:V107M,R5D:A29H:D96Q:V107M,4
T7S:A29H:D96Q:V107M,T7S:A29H:D96Q:V107M,4
T7S:A29H:R98D:V107M,T7S:A29H:R98D:V107M,4
T7S:G34T:Q47R:V107M,T7S:G34T:Q47R:V107M,4
T7S:A29H:R60N:V107M,T7S:A29H:R60N:V107M,4
T7S:A29H:D61Q:V109Q,T7S:A29H:D61Q:V109Q,4
T7S:A29H:R98D:T113E,T7S:A29H:R98D:T113E,4
T7S:R60N:D61Q:T113E,T7S:R60N:D61Q:T113E,4
T7S:G34T:D61Q:V109Q,T7S:G34T:D61Q:V109Q,4
R5D:G34T:I92C:V107M,R5D:G34T:I92C:V107M,4
R5D:G34T:D61Q:V109Q,R5D:G34T:D61Q:V109Q,4
R5D:D61Q:D96Q:V107M,R5D:D61Q:D96Q:V107M,4
T7S:A29K:G34T:V107M,T7S:A29K:G34T:V107M,4
T7S:A29K:D61Q:T113E,T7S:A29K:D61Q:T113E,4
R5D:D61Q:D96Q:T113E,R5D:D61Q:D96Q:T113E,4
R5D:D61Q:I92C:V109Q,R5D:D61Q:I92C:V109Q,4
R5D:D61Q:R98D:T113E,R5D:D61Q:R98D:T113E,4
R5D:Q47R:R98D:V107M,R5D:Q47R:R98D:V107M,4
T7S:G34T:D61Q:V107M,T7S:G34T:D61Q:V107M,4
R5D:G34T:R98D:V107M,R5D:G34T:R98D:V107M,4
R5D:A29H:R98D:T113E,R5D:A29H:R98D:T113E,4
R5D:G34T:R98D:T113E,R5D:G34T:R98D:T113E,4
R5D:A29K:D96Q:V107M,R5D:A29K:D96Q:V107M,4
R5D:R60N:R98D:V107M,R5D:R60N:R98D:V107M,4
T7S:I92C:R98D:V107M,T7S:I92C:R98D:V107M,4
T7S:A29H:I92C:T113E,T7S:A29H:I92C:T113E,4
T7S:G34T:I92C:T113E,T7S:G34T:I92C:T113E,4
T7S:G34T:R98D:T113E,T7S:G34T:R98D:T113E,4
T7S:A29H:R60N:T113E,T7S:A29H:R60N:T113E,4
T7S:Q47R:R98D:V107M,T7S:Q47R:R98D:V107M,4
T7S:A29H:D61Q:V107M,T7S:A29H:D61Q:V107M,4
R5D:T7S:V109Q:T113E,R5D:T7S:V109Q:T113E,4
R5D:Q47R:D61Q:V107M,R5D:Q47R:D61Q:V107M,4
R5D:G34T:D61Q:T113E,R5D:G34T:D61Q:T113E,4
T7S:A29K:R98D:V107M,T7S:A29K:R98D:V107M,4
T7S:I92C:R98D:T113E,T7S:I92C:R98D:T113E,4
R5D:D61Q:I92C:T113E,R5D:D61Q:I92C:T113E,4
T7S:A29K:R60N:V109Q,T7S:A29K:R60N:V109Q,4
T7S:G34T:D96Q:T113E,T7S:G34T:D96Q:T113E,4
T7S:A29H:R60N:V109Q,T7S:A29H:R60N:V109Q,4
T7S:G34T:R98D:V107M,T7S:G34T:R98D:V107M,4
R5D:A29H:I92C:V107M,R5D:A29H:I92C:V107M,4
T7S:Q47C:R98D:V107M,T7S:Q47C:R98D:V107M,4
T7S:A29K:R60N:T113E,T7S:A29K:R60N:T113E,4
T7S:A29H:G34T:V109Q,T7S:A29H:G34T:V109Q,4
R5D:R60N:I92C:V107M,R5D:R60N:I92C:V107M,4
A29K:I92C:D96Q:R98D,A29K:I92C:D96Q:R98D,4
R5D:R60N:R98D:T113E,R5D:R60N:R98D:T113E,4
R5D:R60N:D61Q:T113E,R5D:R60N:D61Q:T113E,4
T7S:I92C:D96Q:V107M,T7S:I92C:D96Q:V107M,4
R5D:D61Q:I92C:V107M,R5D:D61Q:I92C:V107M,4
T7S:R60N:R98D:T113E,T7S:R60N:R98D:T113E,4
T7S:A29K:D61Q:V107M,T7S:A29K:D61Q:V107M,4
T7S:A29K:Q47R:V107M,T7S:A29K:Q47R:V107M,4
T7S:A29H:Q47R:V107M,T7S:A29H:Q47R:V107M,4
R5D:A29H:G34T:T113E,R5D:A29H:G34T:T113E,4
R5D:Q47I:D61Q:V107M,R5D:Q47I:D61Q:V107M,4
R5D:G34T:Q47R:V109Q,R5D:G34T:Q47R:V109Q,4
T7S:D61Q:D96Q:V107M,T7S:D61Q:D96Q:V107M,4
R5D:G34T:I92C:T113E,R5D:G34T:I92C:T113E,4
R5D:G34T:R60N:T113E,R5D:G34T:R60N:T113E,4
T7S:A29K:I92C:V107M,T7S:A29K:I92C:V107M,4
T7S:D61Q:I92C:V109Q,T7S:D61Q:I92C:V109Q,4
T7S:A29H:Q47R:T113E,T7S:A29H:Q47R:T113E,4
T7S:Q47R:D61Q:V107M,T7S:Q47R:D61Q:V107M,4
A29K:G34T:D61Q:I92C,A29K:G34T:D61Q:I92C,4
R5D:Q47R:D61Q:T113E,R5D:Q47R:D61Q:T113E,4
T7S:A29H:D96Q:V109Q,T7S:A29H:D96Q:V109Q,4
G34T:D61Q:I92C:R98D,G34T:D61Q:I92C:R98D,4
T7S:A29H:D96Q:T113E,T7S:A29H:D96Q:T113E,4
R5D:I92C:D96Q:T113E,R5D:I92C:D96Q:T113E,4
T7S:G34T:Q47V:V107M,T7S:G34T:Q47V:V107M,4
R5D:T7H:V107M:V109Q,R5D:T7H:V107M:V109Q,4
G3E:D61Q:R98D:V107M,G3E:D61Q:R98D:V107M,4
T7S:Q47R:D96Q:V107M,T7S:Q47R:D96Q:V107M,4
T7S:A29K:G34T:V109Q,T7S:A29K:G34T:V109Q,4
R5D:G34T:D96Q:T113E,R5D:G34T:D96Q:T113E,4
T7S:Q47R:D61Q:T113E,T7S:Q47R:D61Q:T113E,4
G34T:R60N:D61Q:R98D,G34T:R60N:D61Q:R98D,4
T7S:D96Q:R98D:T113E,T7S:D96Q:R98D:T113E,4
T7H:D61Q:I92C:V107M,T7H:D61Q:I92C:V107M,4
R5D:G34T:I92C:V109Q,R5D:G34T:I92C:V109Q,4
T7S:Q47C:D61Q:T113E,T7S:Q47C:D61Q:T113E,4
R5D:G34T:R60N:V109Q,R5D:G34T:R60N:V109Q,4
R5D:G34T:Q47R:V107M,R5D:G34T:Q47R:V107M,4
T7S:D96Q:R98D:V107M,T7S:D96Q:R98D:V107M,4
G3E:T7S:V107M:T113E,G3E:T7S:V107M:T113E,4
T7S:G34T:Q47R:V109Q,T7S:G34T:Q47R:V109Q,4
T7S:A29K:R98D:T113E,T7S:A29K:R98D:T113E,4
T7S:D61Q:D96Q:T113E,T7S:D61Q:D96Q:T113E,4
T7S:A29K:R60N:V107M,T7S:A29K:R60N:V107M,4
R5D:A29H:R98D:V107M,R5D:A29H:R98D:V107M,4
T7S:A29H:I92C:V107M,T7S:A29H:I92C:V107M,4
T7H:G34T:D96Q:V107M,T7H:G34T:D96Q:V107M,4
R5D:G34T:Q47I:V107M,R5D:G34T:Q47I:V107M,4
R5D:A29H:R60N:V109Q,R5D:A29H:R60N:V109Q,4
R5D:R60N:D96Q:V107M,R5D:R60N:D96Q:V107M,4
T7S:A29H:I92C:V109Q,T7S:A29H:I92C:V109Q,4
R5D:A29K:R98D:V107M,R5D:A29K:R98D:V107M,4
R5D:A29K:D61Q:V107M,R5D:A29K:D61Q:V107M,4
T7S:A29H:G34T:T113E,T7S:A29H:G34T:T113E,4
R5D:G34T:D61Q:V107M,R5D:G34T:D61Q:V107M,4
A29H:G34T:R60N:D61Q,A29H:G34T:R60N:D61Q,4
R5D:A29K:G34T:V109Q,R5D:A29K:G34T:V109Q,4
T7H:A29H:R98D:V107M,T7H:A29H:R98D:V107M,4
T7H:D96Q:R98D:V107M,T7H:D96Q:R98D:V107M,4
R5D:A29K:G34T:V107M,R5D:A29K:G34T:V107M,4
D61Q:I92C:D96Q:R98D,D61Q:I92C:D96Q:R98D,4
A29H:G34T:D61Q:R98D,A29H:G34T:D61Q:R98D,4
T7S:A29K:G34T:T113E,T7S:A29K:G34T:T113E,4
T7S:Q47R:I92C:V107M,T7S:Q47R:I92C:V107M,4
T7S:G34T:D96Q:V109Q,T7S:G34T:D96Q:V109Q,4
T7H:D61Q:R98D:T113E,T7H:D61Q:R98D:T113E,4
T7H:A29H:G34T:V107M,T7H:A29H:G34T:V107M,4
T7S:G34T:D96Q:V107M,T7S:G34T:D96Q:V107M,4
T7S:Q47V:R98D:V107M,T7S:Q47V:R98D:V107M,4
T7S:D61Q:R98D:V109Q,T7S:D61Q:R98D:V109Q,4
T7S:A29K:D61Q:V109Q,T7S:A29K:D61Q:V109Q,4
T7S:A29K:D96Q:T113E,T7S:A29K:D96Q:T113E,4
A29H:G34T:D61Q:I92C,A29H:G34T:D61Q:I92C,4
R5D:D61Q:D96Q:V109Q,R5D:D61Q:D96Q:V109Q,4
T7S:G34T:R60N:T113E,T7S:G34T:R60N:T113E,4
R5D:A29K:G34T:T113E,R5D:A29K:G34T:T113E,4
R5D:D96Q:R98D:T113E,R5D:D96Q:R98D:T113E,4
R5D:A29K:D61Q:T113E,R5D:A29K:D61Q:T113E,4
G34T:I92C:D96Q:R98D,G34T:I92C:D96Q:R98D,4
G3E:A29K:R98D:V107M,G3E:A29K:R98D:V107M,4
T7H:G34T:I92C:V107M,T7H:G34T:I92C:V107M,4
R5D:A29K:I92C:V107M,R5D:A29K:I92C:V107M,4
G34T:Q47R:D61Q:I92C,G34T:Q47R:D61Q:I92C,4
R5D:D96Q:R98D:V109Q,R5D:D96Q:R98D:V109Q,4
T7S:I92C:R98D:V109Q,T7S:I92C:R98D:V109Q,4
G34T:R60N:D61Q:I92C,G34T:R60N:D61Q:I92C,4
R5D:G34T:D96Q:V107M,R5D:G34T:D96Q:V107M,4
R5D:Q47R:R98D:T113E,R5D:Q47R:R98D:T113E,4
R5D:A29H:G34T:V109Q,R5D:A29H:G34T:V109Q,4
T7S:A29K:I92C:T113E,T7S:A29K:I92C:T113E,4
R5D:I92C:R98D:T113E,R5D:I92C:R98D:T113E,4
G34T:D61Q:D96Q:R98D,G34T:D61Q:D96Q:R98D,4
T7S:Q47V:D61Q:T113E,T7S:Q47V:D61Q:T113E,4
R5D:A29K:D61Q:V109Q,R5D:A29K:D61Q:V109Q,4
T7H:R60N:D61Q:V107M,T7H:R60N:D61Q:V107M,4
R60N:D61Q:D96Q:R98D,R60N:D61Q:D96Q:R98D,4
G3E:T7H:V107M:T113E,G3E:T7H:V107M:T113E,4
G3E:A29K:D61Q:V109Q,G3E:A29K:D61Q:V109Q,4
T7S:Q47V:R98D:T113E,T7S:Q47V:R98D:T113E,4
R5D:A29H:R60N:V107M,R5D:A29H:R60N:V107M,4
T7S:Q47R:D61Q:V109Q,T7S:Q47R:D61Q:V109Q,4
T7H:G34T:D61Q:V109Q,T7H:G34T:D61Q:V109Q,4
R5D:A29H:D96Q:T113E,R5D:A29H:D96Q:T113E,4
R5D:G34T:R98D:V109Q,R5D:G34T:R98D:V109Q,4
T7S:Q47R:I92C:T113E,T7S:Q47R:I92C:T113E,4
R5D:R60N:I92C:T113E,R5D:R60N:I92C:T113E,4
T7S:R60N:D61Q:V107M,T7S:R60N:D61Q:V107M,4
T7S:G34T:Q47I:V107M,T7S:G34T:Q47I:V107M,4
T7H:G34T:R98D:V107M,T7H:G34T:R98D:V107M,4
T7S:D61Q:D96Q:V109Q,T7S:D61Q:D96Q:V109Q,4
A29H:G34T:D96Q:R98D,A29H:G34T:D96Q:R98D,4
T7S:G34T:I92C:V109Q,T7S:G34T:I92C:V109Q,4
R5D:A29H:Q47I:T113E,R5D:A29H:Q47I:T113E,4
T7H:I92C:D96Q:V107M,T7H:I92C:D96Q:V107M,4
R5D:Q47R:D61Q:V109Q,R5D:Q47R:D61Q:V109Q,4
T7H:A29H:D61Q:T113E,T7H:A29H:D61Q:T113E,4
G3E:D61Q:I92C:V107M,G3E:D61Q:I92C:V107M,4
G3E:D61Q:I92C:V109Q,G3E:D61Q:I92C:V109Q,4
T7S:R60N:D96Q:T113E,T7S:R60N:D96Q:T113E,4
T7S:R60N:I92C:V109Q,T7S:R60N:I92C:V109Q,4
T7H:A29K:G34T:V107M,T7H:A29K:G34T:V107M,4
T7S:R60N:I92C:T113E,T7S:R60N:I92C:T113E,4
T7H:G34T:D61Q:T113E,T7H:G34T:D61Q:T113E,4
R5D:Q47I:D61Q:T113E,R5D:Q47I:D61Q:T113E,4
T7S:A29K:D96Q:V107M,T7S:A29K:D96Q:V107M,4
R5D:A29H:I92C:T113E,R5D:A29H:I92C:T113E,4
T7S:G34T:R60N:V109Q,T7S:G34T:R60N:V109Q,4
G3E:T7S:V107M:V109Q,G3E:T7S:V107M:V109Q,4
R5D:Q47R:I92C:V107M,R5D:Q47R:I92C:V107M,4
T7H:A29H:R98D:T113E,T7H:A29H:R98D:T113E,4
T7H:D61Q:D96Q:V107M,T7H:D61Q:D96Q:V107M,4
T7S:I92C:D96Q:T113E,T7S:I92C:D96Q:T113E,4
T7S:Q47R:R98D:T113E,T7S:Q47R:R98D:T113E,4
T7S:Q47C:R98D:T113E,T7S:Q47C:R98D:T113E,4
A29H:D61Q:D96Q:R98D,A29H:D61Q:D96Q:R98D,4
T7S:R60N:I92C:V107M,T7S:R60N:I92C:V107M,4
G3E:I92C:R98D:V107M,G3E:I92C:R98D:V107M,4
G3E:A29K:G34T:T113E,G3E:A29K:G34T:T113E,4
T7S:Q47I:D61Q:T113E,T7S:Q47I:D61Q:T113E,4
R5D:A29K:R98D:T113E,R5D:A29K:R98D:T113E,4
R5D:A29K:D96Q:T113E,R5D:A29K:D96Q:T113E,4
R5D:Q47I:R98D:T113E,R5D:Q47I:R98D:T113E,4
T7S:Q47C:D61Q:V107M,T7S:Q47C:D61Q:V107M,4
A29K:G34T:I92C:R98D,A29K:G34T:I92C:R98D,4
L4N:A29H:D61Q:V107M,L4N:A29H:D61Q:V107M,4
G3E:A29H:R98D:V107M,G3E:A29H:R98D:V107M,4
L4N:R5D:V107M:T113E,L4N:R5D:V107M:T113E,4
T7H:G34T:R98D:T113E,T7H:G34T:R98D:T113E,4
R5D:G34T:R60N:V107M,R5D:G34T:R60N:V107M,4
T7H:G34T:D61Q:V107M,T7H:G34T:D61Q:V107M,4
T7S:A29H:Q47R:V109Q,T7S:A29H:Q47R:V109Q,4
T7H:A29H:I92C:V107M,T7H:A29H:I92C:V107M,4
G3E:A29H:D61Q:V109Q,G3E:A29H:D61Q:V109Q,4
T7S:R60N:D96Q:V107M,T7S:R60N:D96Q:V107M,4
T7S:Q47R:R98D:V109Q,T7S:Q47R:R98D:V109Q,4
T7H:R60N:D61Q:V109Q,T7H:R60N:D61Q:V109Q,4
A29K:G34T:D61Q:R98D,A29K:G34T:D61Q:R98D,4
R5D:D61Q:R98D:V109Q,R5D:D61Q:R98D:V109Q,4
L4N:T7S:V107M:V109Q,L4N:T7S:V107M:V109Q,4
R5D:T7H:V109Q:T113E,R5D:T7H:V109Q:T113E,4
T7S:G34T:Q47V:T113E,T7S:G34T:Q47V:T113E,4
G3E:T7H:V107M:V109Q,G3E:T7H:V107M:V109Q,4
T7S:R60N:D96Q:V109Q,T7S:R60N:D96Q:V109Q,4
R5D:G34T:Q47I:T113E,R5D:G34T:Q47I:T113E,4
T7S:Q47R:D96Q:T113E,T7S:Q47R:D96Q:T113E,4
T7H:A29H:D61Q:V107M,T7H:A29H:D61Q:V107M,4
A29K:G34T:R60N:R98D,A29K:G34T:R60N:R98D,4
T7H:I92C:R98D:V107M,T7H:I92C:R98D:V107M,4
T7H:G34T:R98D:V109Q,T7H:G34T:R98D:V109Q,4
T7S:Q47V:D61Q:V107M,T7S:Q47V:D61Q:V107M,4
T7S:G34T:R98D:V109Q,T7S:G34T:R98D:V109Q,4
T7S:A29H:Q47V:V107M,T7S:A29H:Q47V:V107M,4
R5D:A29K:R60N:V107M,R5D:A29K:R60N:V107M,4
R5D:G34T:Q47R:T113E,R5D:G34T:Q47R:T113E,4
A29K:G34T:D61Q:D96Q,A29K:G34T:D61Q:D96Q,4
R5D:A29H:D96Q:V109Q,R5D:A29H:D96Q:V109Q,4
L4N:G34T:D61Q:V107M,L4N:G34T:D61Q:V107M,4
G34T:D61Q:I92C:D96Q,G34T:D61Q:I92C:D96Q,4
R5D:G34T:Q47V:T113E,R5D:G34T:Q47V:T113E,4
G3E:A29K:D61Q:T113E,G3E:A29K:D61Q:T113E,4
T7H:D61Q:D96Q:T113E,T7H:D61Q:D96Q:T113E,4
R5D:G34T:Q47V:V109Q,R5D:G34T:Q47V:V109Q,4
A29K:G34T:D96Q:R98D,A29K:G34T:D96Q:R98D,4
A29K:G34T:I92C:D96Q,A29K:G34T:I92C:D96Q,4
L4N:D61Q:I92C:V107M,L4N:D61Q:I92C:V107M,4
T7H:R60N:D61Q:T113E,T7H:R60N:D61Q:T113E,4
T7S:R60N:D61Q:V109Q,T7S:R60N:D61Q:V109Q,4
T7H:I92C:R98D:T113E,T7H:I92C:R98D:T113E,4
T7S:A29K:I92C:V109Q,T7S:A29K:I92C:V109Q,4
A29K:G34T:R60N:D61Q,A29K:G34T:R60N:D61Q,4
G3E:A29H:D61Q:T113E,G3E:A29H:D61Q:T113E,4
A29H:G34T:D61Q:D96Q,A29H:G34T:D61Q:D96Q,4
G34T:R60N:D61Q:D96Q,G34T:R60N:D61Q:D96Q,4
G3E:A29K:D96Q:T113E,G3E:A29K:D96Q:T113E,4
R5D:I92C:R98D:V109Q,R5D:I92C:R98D:V109Q,4
T7H:A29H:D96Q:T113E,T7H:A29H:D96Q:T113E,4
A29H:I92C:D96Q:R98D,A29H:I92C:D96Q:R98D,4
T7S:A29K:Q47R:T113E,T7S:A29K:Q47R:T113E,4
T7S:A29H:Q47V:T113E,T7S:A29H:Q47V:T113E,4
T7S:G34T:Q47I:T113E,T7S:G34T:Q47I:T113E,4
T7S:D96Q:R98D:V109Q,T7S:D96Q:R98D:V109Q,4
R5D:A29H:R98D:V109Q,R5D:A29H:R98D:V109Q,4
T7H:A29H:R60N:V107M,T7H:A29H:R60N:V107M,4
R5D:A29K:Q47I:V107M,R5D:A29K:Q47I:V107M,4
G3E:A29K:I92C:V107M,G3E:A29K:I92C:V107M,4
A29H:G34T:I92C:R98D,A29H:G34T:I92C:R98D,4
G3E:R5D:V107M:V109Q,G3E:R5D:V107M:V109Q,4
G3E:R5D:V107M:T113E,G3E:R5D:V107M:T113E,4
G3E:A29K:R98D:T113E,G3E:A29K:R98D:T113E,4
R5D:A29H:Q47V:T113E,R5D:A29H:Q47V:T113E,4
T7H:G34T:R60N:T113E,T7H:G34T:R60N:T113E,4
T7S:G34T:I92C:V107M,T7S:G34T:I92C:V107M,4
G3E:A29H:I92C:T113E,G3E:A29H:I92C:T113E,4
A29K:G34T:R60N:D96Q,A29K:G34T:R60N:D96Q,4
R5D:A29K:Q47I:T113E,R5D:A29K:Q47I:T113E,4
G3E:A29K:Q47R:V109Q,G3E:A29K:Q47R:V109Q,4
G3E:G34T:D61Q:T113E,G3E:G34T:D61Q:T113E,4
T7S:A29H:Q47I:V107M,T7S:A29H:Q47I:V107M,4
L4N:A29H:I92C:V107M,L4N:A29H:I92C:V107M,4
R5D:A29K:Q47R:V107M,R5D:A29K:Q47R:V107M,4
T7H:D61Q:R98D:V109Q,T7H:D61Q:R98D:V109Q,4
R5D:A29H:Q47R:T113E,R5D:A29H:Q47R:T113E,4
T7H:G34T:I92C:T113E,T7H:G34T:I92C:T113E,4
T7H:G34T:D96Q:T113E,T7H:G34T:D96Q:T113E,4
T7S:A29H:R98D:V109Q,T7S:A29H:R98D:V109Q,4
T7H:G34T:I92C:V109Q,T7H:G34T:I92C:V109Q,4
T7S:A29H:Q47C:T113E,T7S:A29H:Q47C:T113E,4
G3E:A29H:R60N:V107M,G3E:A29H:R60N:V107M,4
G3E:R5D:V109Q:T113E,G3E:R5D:V109Q:T113E,4
A29H:D61Q:I92C:R98D,A29H:D61Q:I92C:R98D,4
G3E:T7H:V109Q:T113E,G3E:T7H:V109Q:T113E,4
L4N:A29H:G34T:T113E,L4N:A29H:G34T:T113E,4
R5D:G34T:Q47V:V107M,R5D:G34T:Q47V:V107M,4
G3E:G34T:D61Q:V107M,G3E:G34T:D61Q:V107M,4
G3E:D61Q:R98D:T113E,G3E:D61Q:R98D:T113E,4
R5D:Q47I:R98D:V107M,R5D:Q47I:R98D:V107M,4
G3E:A29K:D61Q:V107M,G3E:A29K:D61Q:V107M,4
T7S:A29H:Q47I:T113E,T7S:A29H:Q47I:T113E,4
R5D:R60N:D96Q:T113E,R5D:R60N:D96Q:T113E,4
T7H:Q47R:D61Q:V107M,T7H:Q47R:D61Q:V107M,4
T7S:Q47R:I92C:V109Q,T7S:Q47R:I92C:V109Q,4
R5D:Q47C:D61Q:T113E,R5D:Q47C:D61Q:T113E,4
T7H:A29K:R98D:V107M,T7H:A29K:R98D:V107M,4
R5D:Q47C:R98D:V107M,R5D:Q47C:R98D:V107M,4
A29H:G34T:I92C:D96Q,A29H:G34T:I92C:D96Q,4
R5D:A29K:Q47R:V109Q,R5D:A29K:Q47R:V109Q,4
T7H:D96Q:R98D:T113E,T7H:D96Q:R98D:T113E,4
A29K:G34T:Q47R:D61Q,A29K:G34T:Q47R:D61Q,4
T7H:A29H:Q47R:V107M,T7H:A29H:Q47R:V107M,4
G3E:A29K:R60N:T113E,G3E:A29K:R60N:T113E,4
A29K:G34T:R60N:I92C,A29K:G34T:R60N:I92C,4
R5D:I92C:D96Q:V109Q,R5D:I92C:D96Q:V109Q,4
R5D:G34T:Q47I:V109Q,R5D:G34T:Q47I:V109Q,4
T7S:Q47I:D61Q:V109Q,T7S:Q47I:D61Q:V109Q,4
L4N:A29H:D61Q:T113E,L4N:A29H:D61Q:T113E,4
L4N:A29H:G34T:V107M,L4N:A29H:G34T:V107M,4
R5D:A29H:R60N:T113E,R5D:A29H:R60N:T113E,4
G3E:Q47R:D61Q:V107M,G3E:Q47R:D61Q:V107M,4
T7S:I92C:D96Q:V109Q,T7S:I92C:D96Q:V109Q,4
L4N:R5D:V109Q:T113E,L4N:R5D:V109Q:T113E,4
R5D:A29K:I92C:T113E,R5D:A29K:I92C:T113E,4
T7H:A29H:I92C:T113E,T7H:A29H:I92C:T113E,4
T7S:Q47I:D61Q:V107M,T7S:Q47I:D61Q:V107M,4
R5D:A29H:I92C:V109Q,R5D:A29H:I92C:V109Q,4
L4N:G34T:D61Q:T113E,L4N:G34T:D61Q:T113E,4
A29H:R60N:D61Q:I92C,A29H:R60N:D61Q:I92C,4
G3E:A29K:G34T:V107M,G3E:A29K:G34T:V107M,4
R5D:Q47R:D96Q:T113E,R5D:Q47R:D96Q:T113E,4
R5D:Q47R:I92C:V109Q,R5D:Q47R:I92C:V109Q,4
T7S:A29K:R98D:V109Q,T7S:A29K:R98D:V109Q,4
L4N:A29H:D61Q:V109Q,L4N:A29H:D61Q:V109Q,4
T7S:G34T:Q47R:T113E,T7S:G34T:Q47R:T113E,4
T7H:A29H:D61Q:V109Q,T7H:A29H:D61Q:V109Q,4
L4N:D61Q:R98D:V107M,L4N:D61Q:R98D:V107M,4
R5D:A29K:Q47V:T113E,R5D:A29K:Q47V:T113E,4
R5D:A29K:R60N:V109Q,R5D:A29K:R60N:V109Q,4
R5D:Q47R:D96Q:V107M,R5D:Q47R:D96Q:V107M,4
L4N:R5D:V107M:V109Q,L4N:R5D:V107M:V109Q,4
R5D:R60N:I92C:V109Q,R5D:R60N:I92C:V109Q,4
T7S:A29K:Q47R:V109Q,T7S:A29K:Q47R:V109Q,4
T7H:A29H:G34T:T113E,T7H:A29H:G34T:T113E,4
T7S:Q47V:D61Q:V109Q,T7S:Q47V:D61Q:V109Q,4
T7S:Q47I:I92C:V107M,T7S:Q47I:I92C:V107M,4
T7S:G34T:Q47C:V107M,T7S:G34T:Q47C:V107M,4
G3E:D61Q:D96Q:T113E,G3E:D61Q:D96Q:T113E,4
T7S:Q47I:R98D:V107M,T7S:Q47I:R98D:V107M,4
A29H:R60N:D61Q:D96Q,A29H:R60N:D61Q:D96Q,4
T7H:A29K:G34T:T113E,T7H:A29K:G34T:T113E,4
L4N:A29H:R98D:V107M,L4N:A29H:R98D:V107M,4
T7H:Q47R:I92C:V107M,T7H:Q47R:I92C:V107M,4
L4N:T7S:V109Q:T113E,L4N:T7S:V109Q:T113E,4
R5D:Q47V:D61Q:V107M,R5D:Q47V:D61Q:V107M,4
G3E:A29H:D61Q:V107M,G3E:A29H:D61Q:V107M,4
G3E:Q47R:I92C:V107M,G3E:Q47R:I92C:V107M,4
A29K:G34T:Q47I:R98D,A29K:G34T:Q47I:R98D,4
G3E:A29K:I92C:T113E,G3E:A29K:I92C:T113E,4
R5D:Q47V:R98D:T113E,R5D:Q47V:R98D:T113E,4
T7H:A29K:G34T:V109Q,T7H:A29K:G34T:V109Q,4
R5D:A29H:Q47V:V107M,R5D:A29H:Q47V:V107M,4
R5D:Q47V:R98D:V107M,R5D:Q47V:R98D:V107M,4
L4N:A29K:R98D:T113E,L4N:A29K:R98D:T113E,4
G3E:R60N:D61Q:T113E,G3E:R60N:D61Q:T113E,4
G3E:A29K:I92C:V109Q,G3E:A29K:I92C:V109Q,4
T7S:Q47V:D96Q:V107M,T7S:Q47V:D96Q:V107M,4
G3E:A29H:G34T:V107M,G3E:A29H:G34T:V107M,4
R5D:Q47C:D61Q:V109Q,R5D:Q47C:D61Q:V109Q,4
R5D:R60N:D96Q:V109Q,R5D:R60N:D96Q:V109Q,4
L4N:A29H:D96Q:V107M,L4N:A29H:D96Q:V107M,4
G3E:D61Q:D96Q:V107M,G3E:D61Q:D96Q:V107M,4
L4N:A29H:G34T:V109Q,L4N:A29H:G34T:V109Q,4
A29K:G34T:Q47I:D61Q,A29K:G34T:Q47I:D61Q,4
L4N:D61Q:D96Q:V107M,L4N:D61Q:D96Q:V107M,4
Q47R:D61Q:D96Q:R98D,Q47R:D61Q:D96Q:R98D,4
R5D:G34T:Q47C:T113E,R5D:G34T:Q47C:T113E,4
R5D:Q47I:I92C:T113E,R5D:Q47I:I92C:T113E,4
T7H:G34T:R60N:V107M,T7H:G34T:R60N:V107M,4
L4N:A29K:D61Q:V107M,L4N:A29K:D61Q:V107M,4
G34T:Q47R:D61Q:R98D,G34T:Q47R:D61Q:R98D,4
T7H:A29H:D96Q:V107M,T7H:A29H:D96Q:V107M,4
L4N:T7S:V107M:T113E,L4N:T7S:V107M:T113E,4
G3E:G34T:R98D:V107M,G3E:G34T:R98D:V107M,4
R5D:A29K:Q47R:T113E,R5D:A29K:Q47R:T113E,4
G3E:A29H:I92C:V107M,G3E:A29H:I92C:V107M,4
R5D:A29H:Q47R:V107M,R5D:A29H:Q47R:V107M,4
R5D:Q47I:I92C:V107M,R5D:Q47I:I92C:V107M,4
T7S:A29K:Q47I:T113E,T7S:A29K:Q47I:T113E,4
T7H:A29K:D61Q:V107M,T7H:A29K:D61Q:V107M,4
G3E:G34T:R60N:V109Q,G3E:G34T:R60N:V109Q,4
G3E:R60N:D61Q:V109Q,G3E:R60N:D61Q:V109Q,4
A29K:D61Q:D96Q:R98D,A29K:D61Q:D96Q:R98D,4
G34T:R60N:D96Q:R98D,G34T:R60N:D96Q:R98D,4
A29K:R60N:D61Q:R98D,A29K:R60N:D61Q:R98D,4
R60N:D61Q:I92C:R98D,R60N:D61Q:I92C:R98D,4
T7H:I92C:R98D:V109Q,T7H:I92C:R98D:V109Q,4
T7S:A29K:Q47V:V107M,T7S:A29K:Q47V:V107M,4
L4N:I92C:D96Q:V107M,L4N:I92C:D96Q:V107M,4
T7H:G34T:R60N:V109Q,T7H:G34T:R60N:V109Q,4
G34T:R60N:I92C:R98D,G34T:R60N:I92C:R98D,4
A29H:D61Q:I92C:D96Q,A29H:D61Q:I92C:D96Q,4
L4N:G34T:D61Q:V109Q,L4N:G34T:D61Q:V109Q,4
T7H:R60N:R98D:V107M,T7H:R60N:R98D:V107M,4
G3E:T7S:V109Q:T113E,G3E:T7S:V109Q:T113E,4
G3E:A29H:R98D:T113E,G3E:A29H:R98D:T113E,4
L4N:A29H:R60N:V107M,L4N:A29H:R60N:V107M,4
L4N:A29K:D96Q:V107M,L4N:A29K:D96Q:V107M,4
R5D:Q47I:D61Q:V109Q,R5D:Q47I:D61Q:V109Q,4
T7H:A29H:G34T:V109Q,T7H:A29H:G34T:V109Q,4
R5D:Q47C:R98D:T113E,R5D:Q47C:R98D:T113E,4
G3E:A29H:G34T:T113E,G3E:A29H:G34T:T113E,4
R5D:Q47V:I92C:V107M,R5D:Q47V:I92C:V107M,4
L4N:G34T:R98D:V107M,L4N:G34T:R98D:V107M,4
G3E:D96Q:R98D:V107M,G3E:D96Q:R98D:V107M,4
L4N:A29K:Q47R:V107M,L4N:A29K:Q47R:V107M,4
G3E:R60N:D61Q:V107M,G3E:R60N:D61Q:V107M,4
L4N:I92C:R98D:V107M,L4N:I92C:R98D:V107M,4
R5D:G34T:D96Q:V109Q,R5D:G34T:D96Q:V109Q,4
A29K:Q47R:D96Q:R98D,A29K:Q47R:D96Q:R98D,4
A29H:G34T:Q47R:D61Q,A29H:G34T:Q47R:D61Q,4
R5D:Q47I:I92C:V109Q,R5D:Q47I:I92C:V109Q,4
R5D:Q47R:R98D:V109Q,R5D:Q47R:R98D:V109Q,4
R5D:A29H:Q47R:V109Q,R5D:A29H:Q47R:V109Q,4
A29H:G34T:R60N:R98D,A29H:G34T:R60N:R98D,4
T7H:G34T:D96Q:V109Q,T7H:G34T:D96Q:V109Q,4
G3E:D61Q:I92C:T113E,G3E:D61Q:I92C:T113E,4
L4N:A29K:D61Q:T113E,L4N:A29K:D61Q:T113E,4
R5D:Q47C:D61Q:V107M,R5D:Q47C:D61Q:V107M,4
L4N:D61Q:R98D:T113E,L4N:D61Q:R98D:T113E,4
T7S:G34T:Q47C:T113E,T7S:G34T:Q47C:T113E,4
T7S:Q47I:I92C:T113E,T7S:Q47I:I92C:T113E,4
A29H:Q47R:D61Q:R98D,A29H:Q47R:D61Q:R98D,4
R5D:A29H:Q47C:T113E,R5D:A29H:Q47C:T113E,4
L4N:G34T:D96Q:V107M,L4N:G34T:D96Q:V107M,4
G3E:A29K:D96Q:V107M,G3E:A29K:D96Q:V107M,4
G3E:G34T:I92C:V107M,G3E:G34T:I92C:V107M,4
R5D:G34T:Q47C:V107M,R5D:G34T:Q47C:V107M,4
G3E:R60N:R98D:T113E,G3E:R60N:R98D:T113E,4
G3E:A29H:G34T:V109Q,G3E:A29H:G34T:V109Q,4
T7S:Q47V:I92C:T113E,T7S:Q47V:I92C:T113E,4
L4N:D96Q:R98D:V107M,L4N:D96Q:R98D:V107M,4
L4N:G34T:I92C:V107M,L4N:G34T:I92C:V107M,4
T7H:Q47R:R98D:V107M,T7H:Q47R:R98D:V107M,4
R5D:Q47R:I92C:T113E,R5D:Q47R:I92C:T113E,4
G3E:G34T:I92C:V109Q,G3E:G34T:I92C:V109Q,4
A29H:R60N:D61Q:R98D,A29H:R60N:D61Q:R98D,4
A29H:G34T:Q47C:D61Q,A29H:G34T:Q47C:D61Q,4
G3E:G34T:R98D:T113E,G3E:G34T:R98D:T113E,4
L4N:A29H:I92C:V109Q,L4N:A29H:I92C:V109Q,4
T7H:A29H:I92C:V109Q,T7H:A29H:I92C:V109Q,4
T7S:A29H:Q47I:V109Q,T7S:A29H:Q47I:V109Q,4
T7H:D61Q:I92C:T113E,T7H:D61Q:I92C:T113E,4
R5D:Q47V:D96Q:T113E,R5D:Q47V:D96Q:T113E,4
A29K:R60N:I92C:R98D,A29K:R60N:I92C:R98D,4
T7S:Q47R:R60N:T113E,T7S:Q47R:R60N:T113E,4
L4N:T7H:V109Q:T113E,L4N:T7H:V109Q:T113E,4
T7S:A29H:Q47V:V109Q,T7S:A29H:Q47V:V109Q,4
G3E:A29K:Q47R:V107M,G3E:A29K:Q47R:V107M,4
G3E:A29H:Q47R:T113E,G3E:A29H:Q47R:T113E,4
T7H:G34T:Q47R:V107M,T7H:G34T:Q47R:V107M,4
R5D:Q47V:I92C:T113E,R5D:Q47V:I92C:T113E,4
L4N:Q47R:R98D:V107M,L4N:Q47R:R98D:V107M,4
T7H:G34T:Q47R:T113E,T7H:G34T:Q47R:T113E,4
L4N:A29K:R98D:V107M,L4N:A29K:R98D:V107M,4
A29K:G34T:Q47R:I92C,A29K:G34T:Q47R:I92C,4
A29H:G34T:Q47V:D61Q,A29H:G34T:Q47V:D61Q,4
G3E:A29K:G34T:V109Q,G3E:A29K:G34T:V109Q,4
T7H:A29K:D61Q:T113E,T7H:A29K:D61Q:T113E,4
G3E:G34T:D96Q:V107M,G3E:G34T:D96Q:V107M,4
L4N:G34T:Q47R:V107M,L4N:G34T:Q47R:V107M,4
L4N:T7H:V107M:T113E,L4N:T7H:V107M:T113E,4
A29K:D61Q:I92C:R98D,A29K:D61Q:I92C:R98D,4
A29K:G34T:Q47R:R98D,A29K:G34T:Q47R:R98D,4
G3E:G34T:R60N:T113E,G3E:G34T:R60N:T113E,4
T7H:I92C:D96Q:T113E,T7H:I92C:D96Q:T113E,4
G3E:A29K:Q47R:T113E,G3E:A29K:Q47R:T113E,4
G3E:G34T:R98D:V109Q,G3E:G34T:R98D:V109Q,4
T7S:Q47V:D96Q:T113E,T7S:Q47V:D96Q:T113E,4
T7H:G34T:Q47R:V109Q,T7H:G34T:Q47R:V109Q,4
L4N:I92C:R98D:T113E,L4N:I92C:R98D:T113E,4
L4N:A29H:I92C:T113E,L4N:A29H:I92C:T113E,4
A29H:G34T:R60N:I92C,A29H:G34T:R60N:I92C,4
R5D:A29H:Q47I:V107M,R5D:A29H:Q47I:V107M,4
A29K:D61Q:I92C:D96Q,A29K:D61Q:I92C:D96Q,4
G3E:R60N:I92C:T113E,G3E:R60N:I92C:T113E,4
G3E:G34T:I92C:T113E,G3E:G34T:I92C:T113E,4
G3E:D61Q:D96Q:V109Q,G3E:D61Q:D96Q:V109Q,4
G3E:Q47R:D61Q:T113E,G3E:Q47R:D61Q:T113E,4
T7S:Q47R:D96Q:V109Q,T7S:Q47R:D96Q:V109Q,4
A29H:G34T:Q47R:I92C,A29H:G34T:Q47R:I92C,4
T7S:A29K:Q47C:V107M,T7S:A29K:Q47C:V107M,4
T7S:Q47C:R98D:V109Q,T7S:Q47C:R98D:V109Q,4
L4N:R60N:D61Q:T113E,L4N:R60N:D61Q:T113E,4
G3E:I92C:D96Q:V107M,G3E:I92C:D96Q:V107M,4
T7H:A29H:R60N:T113E,T7H:A29H:R60N:T113E,4
G3E:L4N:V107M:V109Q,G3E:L4N:V107M:V109Q,4
R5D:Q47V:D61Q:T113E,R5D:Q47V:D61Q:T113E,4
A29H:R60N:I92C:R98D,A29H:R60N:I92C:R98D,4
G3E:A29H:D96Q:V107M,G3E:A29H:D96Q:V107M,4
L4N:A29K:R60N:V107M,L4N:A29K:R60N:V107M,4
L4N:G34T:R98D:T113E,L4N:G34T:R98D:T113E,4
G34T:Q47R:R60N:D61Q,G34T:Q47R:R60N:D61Q,4
G34T:Q47R:I92C:R98D,G34T:Q47R:I92C:R98D,4
G3E:G34T:R60N:V107M,G3E:G34T:R60N:V107M,4
T7H:Q47R:D61Q:T113E,T7H:Q47R:D61Q:T113E,4
G3E:G34T:Q47R:V107M,G3E:G34T:Q47R:V107M,4
T7H:A29H:R98D:V109Q,T7H:A29H:R98D:V109Q,4
T7S:Q47C:I92C:T113E,T7S:Q47C:I92C:T113E,4
R5D:G34T:Q47C:V109Q,R5D:G34T:Q47C:V109Q,4
T7H:A29K:I92C:V107M,T7H:A29K:I92C:V107M,4
T7S:A29K:Q47V:T113E,T7S:A29K:Q47V:T113E,4
T7S:G34T:Q47C:V109Q,T7S:G34T:Q47C:V109Q,4
L4N:A29H:R60N:T113E,L4N:A29H:R60N:T113E,4
T7H:R60N:I92C:T113E,T7H:R60N:I92C:T113E,4
G3E:G34T:Q47R:T113E,G3E:G34T:Q47R:T113E,4
T7S:A29K:Q47C:T113E,T7S:A29K:Q47C:T113E,4
T7H:A29K:I92C:T113E,T7H:A29K:I92C:T113E,4
G34T:Q47R:D96Q:R98D,G34T:Q47R:D96Q:R98D,4
G3E:A29K:D96Q:V109Q,G3E:A29K:D96Q:V109Q,4
L4N:A29H:R98D:T113E,L4N:A29H:R98D:T113E,4
R5D:A29H:Q47C:V107M,R5D:A29H:Q47C:V107M,4
G3E:A29H:D96Q:T113E,G3E:A29H:D96Q:T113E,4
L4N:A29K:I92C:V107M,L4N:A29K:I92C:V107M,4
L4N:D96Q:R98D:T113E,L4N:D96Q:R98D:T113E,4
G3E:D96Q:R98D:T113E,G3E:D96Q:R98D:T113E,4
L4N:A29H:D96Q:T113E,L4N:A29H:D96Q:T113E,4
G3E:G34T:D61Q:V109Q,G3E:G34T:D61Q:V109Q,4
T7S:Q47I:D96Q:T113E,T7S:Q47I:D96Q:T113E,4
G3E:R60N:D96Q:V107M,G3E:R60N:D96Q:V107M,4
G3E:A29H:D96Q:V109Q,G3E:A29H:D96Q:V109Q,4
R5D:Q47I:R60N:T113E,R5D:Q47I:R60N:T113E,4
R5D:Q47V:D61Q:V109Q,R5D:Q47V:D61Q:V109Q,4
L4N:A29K:G34T:T113E,L4N:A29K:G34T:T113E,4
R5D:Q47C:D96Q:V107M,R5D:Q47C:D96Q:V107M,4
G3E:G34T:Q47R:V109Q,G3E:G34T:Q47R:V109Q,4
L4N:R60N:R98D:V107M,L4N:R60N:R98D:V107M,4
R5D:A29K:Q47I:V109Q,R5D:A29K:Q47I:V109Q,4
G34T:Q47I:D61Q:R98D,G34T:Q47I:D61Q:R98D,4
L4N:D61Q:D96Q:T113E,L4N:D61Q:D96Q:T113E,4
T7H:D61Q:D96Q:V109Q,T7H:D61Q:D96Q:V109Q,4
L4N:Q47R:D61Q:V107M,L4N:Q47R:D61Q:V107M,4
A29K:R60N:D96Q:R98D,A29K:R60N:D96Q:R98D,4
R5D:A29H:Q47I:V109Q,R5D:A29H:Q47I:V109Q,4
A29H:G34T:R60N:D96Q,A29H:G34T:R60N:D96Q,4
L4N:Q47R:I92C:V107M,L4N:Q47R:I92C:V107M,4
T7H:A29H:Q47R:T113E,T7H:A29H:Q47R:T113E,4
L4N:R60N:D61Q:V107M,L4N:R60N:D61Q:V107M,4
L4N:D61Q:I92C:T113E,L4N:D61Q:I92C:T113E,4
T7S:Q47I:D96Q:V107M,T7S:Q47I:D96Q:V107M,4
A29H:G34T:Q47R:R98D,A29H:G34T:Q47R:R98D,4
T7S:A29H:Q47C:V107M,T7S:A29H:Q47C:V107M,4
L4N:D61Q:I92C:V109Q,L4N:D61Q:I92C:V109Q,4
G3E:G34T:Q47C:V107M,G3E:G34T:Q47C:V107M,4
T7S:Q47V:I92C:V107M,T7S:Q47V:I92C:V107M,4
L4N:T7H:V107M:V109Q,L4N:T7H:V107M:V109Q,4
T7S:Q47I:I92C:V109Q,T7S:Q47I:I92C:V109Q,4
R5D:A29K:Q47V:V109Q,R5D:A29K:Q47V:V109Q,4
L4N:G34T:R60N:V107M,L4N:G34T:R60N:V107M,4
L4N:A29H:R60N:V109Q,L4N:A29H:R60N:V109Q,4
G3E:A29K:Q47V:T113E,G3E:A29K:Q47V:T113E,4
G3E:Q47I:D61Q:T113E,G3E:Q47I:D61Q:T113E,4
T7H:A29H:D96Q:V109Q,T7H:A29H:D96Q:V109Q,4
G3E:A29H:Q47V:T113E,G3E:A29H:Q47V:T113E,4
T7H:A29K:D96Q:V107M,T7H:A29K:D96Q:V107M,4
A29H:R60N:D96Q:R98D,A29H:R60N:D96Q:R98D,4
R5D:Q47I:D96Q:T113E,R5D:Q47I:D96Q:T113E,4
T7S:Q47C:D96Q:V107M,T7S:Q47C:D96Q:V107M,4
A29H:G34T:Q47C:R98D,A29H:G34T:Q47C:R98D,4
T7H:A29K:D61Q:V109Q,T7H:A29K:D61Q:V109Q,4
T7S:G34T:Q47I:V109Q,T7S:G34T:Q47I:V109Q,4
T7H:R60N:D96Q:V107M,T7H:R60N:D96Q:V107M,4
A29K:Q47R:I92C:R98D,A29K:Q47R:I92C:R98D,4
T7H:R60N:I92C:V107M,T7H:R60N:I92C:V107M,4
T7S:Q47C:I92C:V107M,T7S:Q47C:I92C:V107M,4
R60N:D61Q:I92C:D96Q,R60N:D61Q:I92C:D96Q,4
R5D:R60N:R98D:V109Q,R5D:R60N:R98D:V109Q,4
A29K:G34T:Q47V:D61Q,A29K:G34T:Q47V:D61Q,4
L4N:G34T:R98D:V109Q,L4N:G34T:R98D:V109Q,4
G34T:Q47R:D61Q:D96Q,G34T:Q47R:D61Q:D96Q,4
A29K:Q47R:D61Q:I92C,A29K:Q47R:D61Q:I92C,4
L4N:A29K:I92C:T113E,L4N:A29K:I92C:T113E,4
T7S:A29K:Q47I:V107M,T7S:A29K:Q47I:V107M,4
L4N:G34T:Q47R:T113E,L4N:G34T:Q47R:T113E,4
R5D:A29H:Q47C:V109Q,R5D:A29H:Q47C:V109Q,4
G3E:A29H:I92C:V109Q,G3E:A29H:I92C:V109Q,4
L4N:G34T:D96Q:T113E,L4N:G34T:D96Q:T113E,4
G3E:D61Q:R98D:V109Q,G3E:D61Q:R98D:V109Q,4
T7H:Q47R:I92C:T113E,T7H:Q47R:I92C:T113E,4
G3E:I92C:D96Q:T113E,G3E:I92C:D96Q:T113E,4
G3E:A29K:Q47C:T113E,G3E:A29K:Q47C:T113E,4
G3E:R60N:I92C:V107M,G3E:R60N:I92C:V107M,4
G3E:A29H:R60N:T113E,G3E:A29H:R60N:T113E,4
G3E:D96Q:R98D:V109Q,G3E:D96Q:R98D:V109Q,4
A29H:G34T:Q47R:R60N,A29H:G34T:Q47R:R60N,4
G3E:I92C:R98D:T113E,G3E:I92C:R98D:T113E,4
G3E:G34T:Q47V:V107M,G3E:G34T:Q47V:V107M,4
G3E:A29H:Q47R:V107M,G3E:A29H:Q47R:V107M,4
L4N:G34T:R60N:T113E,L4N:G34T:R60N:T113E,4
A29K:G34T:Q47R:D96Q,A29K:G34T:Q47R:D96Q,4
G34T:Q47C:D61Q:R98D,G34T:Q47C:D61Q:R98D,4
R5D:Q47R:D96Q:V109Q,R5D:Q47R:D96Q:V109Q,4
G34T:Q47I:D61Q:I92C,G34T:Q47I:D61Q:I92C,4
L4N:R60N:D96Q:T113E,L4N:R60N:D96Q:T113E,4
T7H:R60N:R98D:T113E,T7H:R60N:R98D:T113E,4
R5D:Q47C:D96Q:T113E,R5D:Q47C:D96Q:T113E,4
L4N:A29H:D96Q:V109Q,L4N:A29H:D96Q:V109Q,4
R5D:Q47C:I92C:V107M,R5D:Q47C:I92C:V107M,4
G3E:G34T:D96Q:V109Q,G3E:G34T:D96Q:V109Q,4
A29H:Q47R:D61Q:I92C,A29H:Q47R:D61Q:I92C,4
G3E:A29H:R98D:V109Q,G3E:A29H:R98D:V109Q,4
L4N:A29H:Q47R:V107M,L4N:A29H:Q47R:V107M,4
G3E:R60N:R98D:V107M,G3E:R60N:R98D:V107M,4
L4N:G34T:I92C:V109Q,L4N:G34T:I92C:V109Q,4
L4N:Q47I:D61Q:T113E,L4N:Q47I:D61Q:T113E,4
T7S:Q47V:I92C:V109Q,T7S:Q47V:I92C:V109Q,4
L4N:D61Q:D96Q:V109Q,L4N:D61Q:D96Q:V109Q,4
G3E:I92C:R98D:V109Q,G3E:I92C:R98D:V109Q,4
T7H:D61Q:I92C:V109Q,T7H:D61Q:I92C:V109Q,4
G3E:G34T:Q47I:V107M,G3E:G34T:Q47I:V107M,4
R5D:A29K:Q47V:V107M,R5D:A29K:Q47V:V107M,4
T7H:A29K:I92C:V109Q,T7H:A29K:I92C:V109Q,4
L4N:D61Q:R98D:V109Q,L4N:D61Q:R98D:V109Q,4
T7H:Q47V:D61Q:T113E,T7H:Q47V:D61Q:T113E,4
L4N:A29H:Q47R:V109Q,L4N:A29H:Q47R:V109Q,4
L4N:A29K:G34T:V109Q,L4N:A29K:G34T:V109Q,4
G3E:Q47R:D61Q:V109Q,G3E:Q47R:D61Q:V109Q,4
L4N:R60N:R98D:T113E,L4N:R60N:R98D:T113E,4
L4N:A29K:D61Q:V109Q,L4N:A29K:D61Q:V109Q,4
A29K:G34T:Q47I:I92C,A29K:G34T:Q47I:I92C,4
G3E:A29H:Q47I:V107M,G3E:A29H:Q47I:V107M,4
G3E:A29H:Q47I:T113E,G3E:A29H:Q47I:T113E,4
T7S:Q47C:D96Q:V109Q,T7S:Q47C:D96Q:V109Q,4
L4N:G34T:I92C:T113E,L4N:G34T:I92C:T113E,4
T7S:Q47C:D96Q:T113E,T7S:Q47C:D96Q:T113E,4
L4N:A29K:R60N:T113E,L4N:A29K:R60N:T113E,4
T7S:Q47C:I92C:V109Q,T7S:Q47C:I92C:V109Q,4
A29K:Q47R:D61Q:R98D,A29K:Q47R:D61Q:R98D,4
T7H:D96Q:R98D:V109Q,T7H:D96Q:R98D:V109Q,4
R5D:Q47V:D96Q:V107M,R5D:Q47V:D96Q:V107M,4
G34T:R60N:I92C:D96Q,G34T:R60N:I92C:D96Q,4
L4N:G34T:Q47V:V107M,L4N:G34T:Q47V:V107M,4
G3E:Q47V:D61Q:T113E,G3E:Q47V:D61Q:T113E,4
R5D:A29K:Q47C:T113E,R5D:A29K:Q47C:T113E,4
L4N:G34T:Q47R:V109Q,L4N:G34T:Q47R:V109Q,4
T7H:Q47R:R98D:T113E,T7H:Q47R:R98D:T113E,4
T7S:Q47R:R60N:V107M,T7S:Q47R:R60N:V107M,4
R5D:A29H:Q47V:V109Q,R5D:A29H:Q47V:V109Q,4
A29K:G34T:Q47V:R98D,A29K:G34T:Q47V:R98D,4
G3E:Q47R:I92C:T113E,G3E:Q47R:I92C:T113E,4
R60N:I92C:D96Q:R98D,R60N:I92C:D96Q:R98D,4
A29H:Q47R:I92C:R98D,A29H:Q47R:I92C:R98D,4
T7H:Q47I:D61Q:T113E,T7H:Q47I:D61Q:T113E,4
R5D:Q47R:R60N:T113E,R5D:Q47R:R60N:T113E,4
T7H:A29H:R60N:V109Q,T7H:A29H:R60N:V109Q,4
L4N:R60N:D96Q:V107M,L4N:R60N:D96Q:V107M,4
L4N:Q47R:D61Q:T113E,L4N:Q47R:D61Q:T113E,4
G3E:Q47R:R98D:V107M,G3E:Q47R:R98D:V107M,4
L4N:A29H:R98D:V109Q,L4N:A29H:R98D:V109Q,4
A29H:G34T:Q47V:I92C,A29H:G34T:Q47V:I92C,4
A29H:G34T:Q47R:D96Q,A29H:G34T:Q47R:D96Q,4
A29H:G34T:Q47I:R98D,A29H:G34T:Q47I:R98D,4
G3E:A29K:R60N:V109Q,G3E:A29K:R60N:V109Q,4
G34T:Q47V:D61Q:I92C,G34T:Q47V:D61Q:I92C,4
T7H:A29K:R98D:V109Q,T7H:A29K:R98D:V109Q,4
R5D:Q47I:D96Q:V107M,R5D:Q47I:D96Q:V107M,4
G3E:Q47C:D61Q:V109Q,G3E:Q47C:D61Q:V109Q,4
G3E:A29K:Q47I:T113E,G3E:A29K:Q47I:T113E,4
T7S:Q47V:R98D:V109Q,T7S:Q47V:R98D:V109Q,4
T7H:A29K:Q47R:V107M,T7H:A29K:Q47R:V107M,4
L4N:A29K:Q47R:T113E,L4N:A29K:Q47R:T113E,4
L4N:Q47R:R98D:T113E,L4N:Q47R:R98D:T113E,4
T7S:Q47R:R60N:V109Q,T7S:Q47R:R60N:V109Q,4
T7H:A29K:D96Q:T113E,T7H:A29K:D96Q:T113E,4
A29H:G34T:Q47I:I92C,A29H:G34T:Q47I:I92C,4
T7H:A29H:Q47R:V109Q,T7H:A29H:Q47R:V109Q,4
T7H:G34T:Q47C:V107M,T7H:G34T:Q47C:V107M,4
L4N:R60N:I92C:T113E,L4N:R60N:I92C:T113E,4
G3E:Q47R:I92C:V109Q,G3E:Q47R:I92C:V109Q,4
A29H:G34T:Q47I:D61Q,A29H:G34T:Q47I:D61Q,4
L4N:R60N:I92C:V109Q,L4N:R60N:I92C:V109Q,4
L4N:R60N:I92C:V107M,L4N:R60N:I92C:V107M,4
G3E:A29H:Q47R:V109Q,G3E:A29H:Q47R:V109Q,4
A29K:R60N:D61Q:I92C,A29K:R60N:D61Q:I92C,4
L4N:A29K:G34T:V107M,L4N:A29K:G34T:V107M,4
L4N:A29H:Q47V:V107M,L4N:A29H:Q47V:V107M,4
G3E:R60N:D96Q:T113E,G3E:R60N:D96Q:T113E,4
G3E:A29K:R98D:V109Q,G3E:A29K:R98D:V109Q,4
L4N:G34T:Q47I:T113E,L4N:G34T:Q47I:T113E,4
G34T:Q47I:D96Q:R98D,G34T:Q47I:D96Q:R98D,4
G3E:Q47R:R98D:T113E,G3E:Q47R:R98D:T113E,4
T7H:R60N:I92C:V109Q,T7H:R60N:I92C:V109Q,4
L4N:G34T:R60N:V109Q,L4N:G34T:R60N:V109Q,4
G3E:I92C:D96Q:V109Q,G3E:I92C:D96Q:V109Q,4
G3E:G34T:Q47I:T113E,G3E:G34T:Q47I:T113E,4
G34T:Q47V:D61Q:R98D,G34T:Q47V:D61Q:R98D,4
L4N:Q47I:R98D:V107M,L4N:Q47I:R98D:V107M,4
T7H:G34T:Q47I:V107M,T7H:G34T:Q47I:V107M,4
L4N:A29K:R98D:V109Q,L4N:A29K:R98D:V109Q,4
T7S:Q47I:R98D:V109Q,T7S:Q47I:R98D:V109Q,4
L4N:G34T:D96Q:V109Q,L4N:G34T:D96Q:V109Q,4
T7H:Q47R:I92C:V109Q,T7H:Q47R:I92C:V109Q,4
G3E:L4N:V107M:T113E,G3E:L4N:V107M:T113E,4
G3E:Q47V:R98D:V107M,G3E:Q47V:R98D:V107M,4
G3E:G34T:Q47C:T113E,G3E:G34T:Q47C:T113E,4
G3E:A29K:Q47V:V107M,G3E:A29K:Q47V:V107M,4
G3E:A29H:Q47V:V107M,G3E:A29H:Q47V:V107M,4
R5D:Q47C:I92C:T113E,R5D:Q47C:I92C:T113E,4
A29K:R60N:D61Q:D96Q,A29K:R60N:D61Q:D96Q,4
G3E:A29K:Q47C:V107M,G3E:A29K:Q47C:V107M,4
T7H:Q47R:D61Q:V109Q,T7H:Q47R:D61Q:V109Q,4
A29H:R60N:I92C:D96Q,A29H:R60N:I92C:D96Q,4
G3E:L4N:V109Q:T113E,G3E:L4N:V109Q:T113E,4
G34T:Q47C:D96Q:R98D,G34T:Q47C:D96Q:R98D,4
G3E:R60N:R98D:V109Q,G3E:R60N:R98D:V109Q,4
R5D:Q47C:I92C:V109Q,R5D:Q47C:I92C:V109Q,4
L4N:G34T:Q47V:T113E,L4N:G34T:Q47V:T113E,4
L4N:Q47R:D96Q:V107M,L4N:Q47R:D96Q:V107M,4
L4N:I92C:R98D:V109Q,L4N:I92C:R98D:V109Q,4
T7H:G34T:Q47I:T113E,T7H:G34T:Q47I:T113E,4
A29K:G34T:Q47C:D61Q,A29K:G34T:Q47C:D61Q,4
T7H:A29K:R60N:T113E,T7H:A29K:R60N:T113E,4
G3E:Q47I:R98D:V107M,G3E:Q47I:R98D:V107M,4
G3E:Q47V:I92C:V107M,G3E:Q47V:I92C:V107M,4
T7H:Q47R:D96Q:V107M,T7H:Q47R:D96Q:V107M,4
G3E:A29H:R60N:V109Q,G3E:A29H:R60N:V109Q,4
G3E:Q47V:D96Q:T113E,G3E:Q47V:D96Q:T113E,4
A29H:G34T:Q47C:D96Q,A29H:G34T:Q47C:D96Q,4
L4N:Q47I:D61Q:V107M,L4N:Q47I:D61Q:V107M,4
A29H:G34T:Q47V:R98D,A29H:G34T:Q47V:R98D,4
G3E:Q47C:R98D:V107M,G3E:Q47C:R98D:V107M,4
A29K:G34T:Q47R:R60N,A29K:G34T:Q47R:R60N,4
L4N:I92C:D96Q:V109Q,L4N:I92C:D96Q:V109Q,4
L4N:A29K:D96Q:V109Q,L4N:A29K:D96Q:V109Q,4
A29K:G34T:Q47C:R98D,A29K:G34T:Q47C:R98D,4
A29H:Q47R:D96Q:R98D,A29H:Q47R:D96Q:R98D,4
Q47R:I92C:D96Q:R98D,Q47R:I92C:D96Q:R98D,4
G34T:Q47C:D61Q:I92C,G34T:Q47C:D61Q:I92C,4
L4N:A29H:Q47V:T113E,L4N:A29H:Q47V:T113E,4
G3E:A29H:Q47C:T113E,G3E:A29H:Q47C:T113E,4
G3E:G34T:Q47I:V109Q,G3E:G34T:Q47I:V109Q,4
T7S:Q47I:R60N:T113E,T7S:Q47I:R60N:T113E,4
G3E:G34T:Q47V:T113E,G3E:G34T:Q47V:T113E,4
L4N:R60N:D61Q:V109Q,L4N:R60N:D61Q:V109Q,4
L4N:Q47V:D61Q:T113E,L4N:Q47V:D61Q:T113E,4
L4N:A29H:Q47C:V109Q,L4N:A29H:Q47C:V109Q,4
T7H:R60N:D96Q:T113E,T7H:R60N:D96Q:T113E,4
L4N:G34T:Q47C:T113E,L4N:G34T:Q47C:T113E,4
L4N:Q47R:I92C:V109Q,L4N:Q47R:I92C:V109Q,4
G3E:R60N:I92C:V109Q,G3E:R60N:I92C:V109Q,4
G3E:G34T:Q47V:V109Q,G3E:G34T:Q47V:V109Q,4
L4N:G34T:Q47C:V107M,L4N:G34T:Q47C:V107M,4
R5D:Q47V:I92C:V109Q,R5D:Q47V:I92C:V109Q,4
G3E:Q47V:D61Q:V109Q,G3E:Q47V:D61Q:V109Q,4
T7H:A29K:R60N:V109Q,T7H:A29K:R60N:V109Q,4
R5D:Q47R:R60N:V109Q,R5D:Q47R:R60N:V109Q,4
A29H:G34T:Q47C:I92C,A29H:G34T:Q47C:I92C,4
G3E:Q47R:D96Q:T113E,G3E:Q47R:D96Q:T113E,4
T7S:Q47I:R60N:V109Q,T7S:Q47I:R60N:V109Q,4
L4N:Q47C:D61Q:V107M,L4N:Q47C:D61Q:V107M,4
L4N:A29K:Q47R:V109Q,L4N:A29K:Q47R:V109Q,4
G3E:Q47C:D61Q:T113E,G3E:Q47C:D61Q:T113E,4
L4N:Q47V:R98D:V107M,L4N:Q47V:R98D:V107M,4
L4N:I92C:D96Q:T113E,L4N:I92C:D96Q:T113E,4
L4N:Q47R:D61Q:V109Q,L4N:Q47R:D61Q:V109Q,4
G3E:Q47V:R98D:T113E,G3E:Q47V:R98D:T113E,4
L4N:A29K:Q47V:V107M,L4N:A29K:Q47V:V107M,4
G3E:Q47I:I92C:V107M,G3E:Q47I:I92C:V107M,4
L4N:A29K:Q47I:T113E,L4N:A29K:Q47I:T113E,4
L4N:A29K:I92C:V109Q,L4N:A29K:I92C:V109Q,4
A29H:Q47C:D61Q:R98D,A29H:Q47C:D61Q:R98D,4
G3E:A29H:Q47C:V107M,G3E:A29H:Q47C:V107M,4
G3E:Q47V:D61Q:V107M,G3E:Q47V:D61Q:V107M,4
R5D:A29K:Q47C:V109Q,R5D:A29K:Q47C:V109Q,4
Q47R:D61Q:I92C:R98D,Q47R:D61Q:I92C:R98D,4
L4N:A29K:D96Q:T113E,L4N:A29K:D96Q:T113E,4
L4N:Q47R:I92C:T113E,L4N:Q47R:I92C:T113E,4
T7H:I92C:D96Q:V109Q,T7H:I92C:D96Q:V109Q,4
T7S:A29H:Q47C:V109Q,T7S:A29H:Q47C:V109Q,4
T7H:A29K:R60N:V107M,T7H:A29K:R60N:V107M,4
G34T:Q47V:D96Q:R98D,G34T:Q47V:D96Q:R98D,4
L4N:A29H:Q47C:V107M,L4N:A29H:Q47C:V107M,4
L4N:A29H:Q47I:T113E,L4N:A29H:Q47I:T113E,4
G3E:Q47V:I92C:T113E,G3E:Q47V:I92C:T113E,4
T7H:A29K:D96Q:V109Q,T7H:A29K:D96Q:V109Q,4
A29H:Q47C:D96Q:R98D,A29H:Q47C:D96Q:R98D,4
G3E:Q47I:I92C:T113E,G3E:Q47I:I92C:T113E,4
A29H:Q47V:D61Q:R98D,A29H:Q47V:D61Q:R98D,4
L4N:A29H:Q47I:V107M,L4N:A29H:Q47I:V107M,4
L4N:Q47R:D96Q:T113E,L4N:Q47R:D96Q:T113E,4
T7H:Q47C:R98D:V107M,T7H:Q47C:R98D:V107M,4
T7H:G34T:Q47V:V107M,T7H:G34T:Q47V:V107M,4
T7H:A29H:Q47C:T113E,T7H:A29H:Q47C:T113E,4
T7H:Q47C:D61Q:T113E,T7H:Q47C:D61Q:T113E,4
R5D:Q47C:R98D:V109Q,R5D:Q47C:R98D:V109Q,4
T7H:Q47I:I92C:T113E,T7H:Q47I:I92C:T113E,4
T7H:Q47R:D96Q:T113E,T7H:Q47R:D96Q:T113E,4
L4N:D96Q:R98D:V109Q,L4N:D96Q:R98D:V109Q,4
G3E:Q47C:D61Q:V107M,G3E:Q47C:D61Q:V107M,4
G3E:A29K:Q47I:V107M,G3E:A29K:Q47I:V107M,4
L4N:A29K:Q47C:T113E,L4N:A29K:Q47C:T113E,4
A29K:Q47I:D61Q:I92C,A29K:Q47I:D61Q:I92C,4
G34T:Q47I:I92C:R98D,G34T:Q47I:I92C:R98D,4
R5D:Q47C:D96Q:V109Q,R5D:Q47C:D96Q:V109Q,4
L4N:A29K:Q47V:V109Q,L4N:A29K:Q47V:V109Q,4
L4N:R60N:D96Q:V109Q,L4N:R60N:D96Q:V109Q,4
L4N:Q47C:D61Q:T113E,L4N:Q47C:D61Q:T113E,4
L4N:G34T:Q47I:V107M,L4N:G34T:Q47I:V107M,4
L4N:Q47C:D61Q:V109Q,L4N:Q47C:D61Q:V109Q,4
A29H:Q47C:D61Q:I92C,A29H:Q47C:D61Q:I92C,4
G3E:A29K:Q47I:V109Q,G3E:A29K:Q47I:V109Q,4
L4N:Q47V:D61Q:V107M,L4N:Q47V:D61Q:V107M,4
A29H:Q47C:I92C:R98D,A29H:Q47C:I92C:R98D,4
T7H:G34T:Q47V:T113E,T7H:G34T:Q47V:T113E,4
A29K:R60N:I92C:D96Q,A29K:R60N:I92C:D96Q,4
A29K:Q47V:D61Q:I92C,A29K:Q47V:D61Q:I92C,4
L4N:A29K:Q47I:V107M,L4N:A29K:Q47I:V107M,4
A29K:G34T:Q47V:I92C,A29K:G34T:Q47V:I92C,4
A29K:G34T:Q47C:I92C,A29K:G34T:Q47C:I92C,4
L4N:G34T:Q47C:V109Q,L4N:G34T:Q47C:V109Q,4
T7H:Q47C:R98D:T113E,T7H:Q47C:R98D:T113E,4
G3E:Q47I:R60N:T113E,G3E:Q47I:R60N:T113E,4
T7H:A29K:Q47R:T113E,T7H:A29K:Q47R:T113E,4
T7H:Q47V:R98D:V107M,T7H:Q47V:R98D:V107M,4
Q47C:D61Q:I92C:R98D,Q47C:D61Q:I92C:R98D,4
A29H:Q47V:D96Q:R98D,A29H:Q47V:D96Q:R98D,4
T7S:Q47C:R60N:V107M,T7S:Q47C:R60N:V107M,4
T7H:Q47V:I92C:V107M,T7H:Q47V:I92C:V107M,4
A29H:Q47I:D61Q:R98D,A29H:Q47I:D61Q:R98D,4
G3E:Q47C:D96Q:V107M,G3E:Q47C:D96Q:V107M,4
T7S:Q47I:D96Q:V109Q,T7S:Q47I:D96Q:V109Q,4
T7H:G34T:Q47C:T113E,T7H:G34T:Q47C:T113E,4
G3E:Q47V:I92C:V109Q,G3E:Q47V:I92C:V109Q,4
L4N:Q47V:I92C:V107M,L4N:Q47V:I92C:V107M,4
G3E:A29H:Q47V:V109Q,G3E:A29H:Q47V:V109Q,4
A29H:G34T:Q47I:D96Q,A29H:G34T:Q47I:D96Q,4
G3E:Q47R:D96Q:V107M,G3E:Q47R:D96Q:V107M,4
Q47V:D61Q:D96Q:R98D,Q47V:D61Q:D96Q:R98D,4
T7H:A29H:Q47C:V109Q,T7H:A29H:Q47C:V109Q,4
L4N:A29H:Q47R:T113E,L4N:A29H:Q47R:T113E,4
T7H:G34T:Q47C:V109Q,T7H:G34T:Q47C:V109Q,4
L4N:G34T:Q47I:V109Q,L4N:G34T:Q47I:V109Q,4
Q47C:D61Q:D96Q:R98D,Q47C:D61Q:D96Q:R98D,4
L4N:G34T:Q47V:V109Q,L4N:G34T:Q47V:V109Q,4
L4N:A29K:R60N:V109Q,L4N:A29K:R60N:V109Q,4
T7S:Q47V:D96Q:V109Q,T7S:Q47V:D96Q:V109Q,4
L4N:A29H:Q47C:T113E,L4N:A29H:Q47C:T113E,4
G3E:Q47V:D96Q:V107M,G3E:Q47V:D96Q:V107M,4
A29K:Q47R:D61Q:D96Q,A29K:Q47R:D61Q:D96Q,4
A29H:Q47V:D61Q:I92C,A29H:Q47V:D61Q:I92C,4
A29K:Q47I:D61Q:R98D,A29K:Q47I:D61Q:R98D,4
G34T:Q47C:I92C:R98D,G34T:Q47C:I92C:R98D,4
G3E:G34T:Q47C:V109Q,G3E:G34T:Q47C:V109Q,4
A29K:G34T:Q47V:D96Q,A29K:G34T:Q47V:D96Q,4
T7S:A29K:Q47C:V109Q,T7S:A29K:Q47C:V109Q,4
G3E:Q47C:D96Q:T113E,G3E:Q47C:D96Q:T113E,4
T7H:Q47C:I92C:T113E,T7H:Q47C:I92C:T113E,4
A29K:Q47R:I92C:D96Q,A29K:Q47R:I92C:D96Q,4
T7H:Q47V:D61Q:V107M,T7H:Q47V:D61Q:V107M,4
G34T:Q47V:D61Q:D96Q,G34T:Q47V:D61Q:D96Q,4
R5D:Q47I:R60N:V109Q,R5D:Q47I:R60N:V109Q,4
T7S:Q47V:R60N:T113E,T7S:Q47V:R60N:T113E,4
T7S:Q47V:R60N:V107M,T7S:Q47V:R60N:V107M,4
Q47C:I92C:D96Q:R98D,Q47C:I92C:D96Q:R98D,4
L4N:Q47C:D96Q:V107M,L4N:Q47C:D96Q:V107M,4
T7H:A29H:Q47V:V107M,T7H:A29H:Q47V:V107M,4
Q47V:D61Q:I92C:R98D,Q47V:D61Q:I92C:R98D,4
G3E:Q47I:D61Q:V109Q,G3E:Q47I:D61Q:V109Q,4
L4N:Q47V:I92C:T113E,L4N:Q47V:I92C:T113E,4
T7H:R60N:R98D:V109Q,T7H:R60N:R98D:V109Q,4
G3E:A29H:Q47I:V109Q,G3E:A29H:Q47I:V109Q,4
L4N:Q47V:R98D:T113E,L4N:Q47V:R98D:T113E,4
T7H:A29K:Q47I:V107M,T7H:A29K:Q47I:V107M,4
A29K:Q47C:I92C:R98D,A29K:Q47C:I92C:R98D,4
G34T:Q47C:D61Q:D96Q,G34T:Q47C:D61Q:D96Q,4
G34T:Q47I:R60N:D61Q,G34T:Q47I:R60N:D61Q,4
G3E:Q47I:R98D:T113E,G3E:Q47I:R98D:T113E,4
T7H:Q47C:D61Q:V107M,T7H:Q47C:D61Q:V107M,4
R5D:Q47I:D96Q:V109Q,R5D:Q47I:D96Q:V109Q,4
L4N:Q47R:R98D:V109Q,L4N:Q47R:R98D:V109Q,4
A29H:Q47R:D61Q:D96Q,A29H:Q47R:D61Q:D96Q,4
T7S:Q47I:R60N:V107M,T7S:Q47I:R60N:V107M,4
T7H:Q47I:R98D:V107M,T7H:Q47I:R98D:V107M,4
G34T:Q47R:R60N:R98D,G34T:Q47R:R60N:R98D,4
L4N:R60N:R98D:V109Q,L4N:R60N:R98D:V109Q,4
T7H:G34T:Q47V:V109Q,T7H:G34T:Q47V:V109Q,4
A29H:G34T:Q47V:D96Q,A29H:G34T:Q47V:D96Q,4
T7S:A29K:Q47I:V109Q,T7S:A29K:Q47I:V109Q,4
G3E:Q47C:I92C:V107M,G3E:Q47C:I92C:V107M,4
A29K:Q47R:R60N:D61Q,A29K:Q47R:R60N:D61Q,4
L4N:Q47V:D61Q:V109Q,L4N:Q47V:D61Q:V109Q,4
R5D:Q47R:R60N:V107M,R5D:Q47R:R60N:V107M,4
T7H:A29H:Q47I:T113E,T7H:A29H:Q47I:T113E,4
A29K:G34T:Q47I:D96Q,A29K:G34T:Q47I:D96Q,4
T7H:A29H:Q47V:T113E,T7H:A29H:Q47V:T113E,4
T7H:Q47V:D96Q:V107M,T7H:Q47V:D96Q:V107M,4
L4N:Q47C:I92C:T113E,L4N:Q47C:I92C:T113E,4
L4N:Q47C:I92C:V107M,L4N:Q47C:I92C:V107M,4
G3E:Q47R:R98D:V109Q,G3E:Q47R:R98D:V109Q,4
T7H:A29H:Q47C:V107M,T7H:A29H:Q47C:V107M,4
L4N:Q47I:D61Q:V109Q,L4N:Q47I:D61Q:V109Q,4
R5D:Q47V:R98D:V109Q,R5D:Q47V:R98D:V109Q,4
T7H:Q47V:I92C:V109Q,T7H:Q47V:I92C:V109Q,4
R5D:Q47C:R60N:T113E,R5D:Q47C:R60N:T113E,4
R5D:Q47V:D96Q:V109Q,R5D:Q47V:D96Q:V109Q,4
L4N:Q47R:R60N:T113E,L4N:Q47R:R60N:T113E,4
L4N:Q47C:D96Q:T113E,L4N:Q47C:D96Q:T113E,4
T7H:Q47V:I92C:T113E,T7H:Q47V:I92C:T113E,4
T7H:Q47C:I92C:V107M,T7H:Q47C:I92C:V107M,4
L4N:Q47C:R98D:T113E,L4N:Q47C:R98D:T113E,4
A29H:Q47I:R60N:D61Q,A29H:Q47I:R60N:D61Q,4
A29H:Q47R:R60N:D61Q,A29H:Q47R:R60N:D61Q,4
Q47V:I92C:D96Q:R98D,Q47V:I92C:D96Q:R98D,4
L4N:A29K:Q47C:V107M,L4N:A29K:Q47C:V107M,4
G3E:Q47C:I92C:T113E,G3E:Q47C:I92C:T113E,4
R5D:Q47V:R60N:T113E,R5D:Q47V:R60N:T113E,4
A29K:G34T:Q47C:D96Q,A29K:G34T:Q47C:D96Q,4
L4N:A29K:Q47V:T113E,L4N:A29K:Q47V:T113E,4
G3E:Q47C:I92C:V109Q,G3E:Q47C:I92C:V109Q,4
L4N:Q47I:I92C:V107M,L4N:Q47I:I92C:V107M,4
G34T:Q47C:R60N:D61Q,G34T:Q47C:R60N:D61Q,4
T7H:Q47I:D61Q:V107M,T7H:Q47I:D61Q:V107M,4
T7H:Q47C:D61Q:V109Q,T7H:Q47C:D61Q:V109Q,4
A29K:Q47C:D96Q:R98D,A29K:Q47C:D96Q:R98D,4
L4N:A29K:Q47I:V109Q,L4N:A29K:Q47I:V109Q,4
A29K:Q47V:D61Q:R98D,A29K:Q47V:D61Q:R98D,4
T7H:A29K:Q47C:T113E,T7H:A29K:Q47C:T113E,4
G34T:Q47R:I92C:D96Q,G34T:Q47R:I92C:D96Q,4
T7H:Q47V:R98D:T113E,T7H:Q47V:R98D:T113E,4
T7H:Q47R:R98D:V109Q,T7H:Q47R:R98D:V109Q,4
L4N:Q47R:D96Q:V109Q,L4N:Q47R:D96Q:V109Q,4
T7H:A29K:Q47I:V109Q,T7H:A29K:Q47I:V109Q,4
A29K:Q47C:D61Q:I92C,A29K:Q47C:D61Q:I92C,4
A29K:G34T:Q47I:R60N,A29K:G34T:Q47I:R60N,4
T7H:A29K:Q47I:T113E,T7H:A29K:Q47I:T113E,4
A29H:Q47I:D61Q:I92C,A29H:Q47I:D61Q:I92C,4
G34T:Q47I:D61Q:D96Q,G34T:Q47I:D61Q:D96Q,4
Q47R:D61Q:I92C:D96Q,Q47R:D61Q:I92C:D96Q,4
L4N:Q47I:R98D:T113E,L4N:Q47I:R98D:T113E,4
G3E:Q47I:I92C:V109Q,G3E:Q47I:I92C:V109Q,4
L4N:Q47I:I92C:T113E,L4N:Q47I:I92C:T113E,4
A29K:Q47I:R60N:D61Q,A29K:Q47I:R60N:D61Q,4
L4N:Q47R:R60N:V107M,L4N:Q47R:R60N:V107M,4
L4N:Q47V:I92C:V109Q,L4N:Q47V:I92C:V109Q,4
L4N:Q47C:R98D:V109Q,L4N:Q47C:R98D:V109Q,4
T7H:A29K:Q47R:V109Q,T7H:A29K:Q47R:V109Q,4
G3E:Q47R:R60N:T113E,G3E:Q47R:R60N:T113E,4
G34T:Q47V:R60N:D61Q,G34T:Q47V:R60N:D61Q,4
G3E:Q47R:R60N:V107M,G3E:Q47R:R60N:V107M,4
L4N:Q47C:I92C:V109Q,L4N:Q47C:I92C:V109Q,4
L4N:Q47V:D96Q:V107M,L4N:Q47V:D96Q:V107M,4
L4N:Q47I:D96Q:V107M,L4N:Q47I:D96Q:V107M,4
R5D:Q47I:R98D:V109Q,R5D:Q47I:R98D:V109Q,4
G3E:Q47I:D96Q:T113E,G3E:Q47I:D96Q:T113E,4
A29H:Q47V:I92C:R98D,A29H:Q47V:I92C:R98D,4
L4N:A29H:Q47V:V109Q,L4N:A29H:Q47V:V109Q,4
G3E:Q47C:R98D:V109Q,G3E:Q47C:R98D:V109Q,4
T7H:Q47V:D61Q:V109Q,T7H:Q47V:D61Q:V109Q,4
G34T:Q47I:I92C:D96Q,G34T:Q47I:I92C:D96Q,4
A29H:Q47C:R60N:D61Q,A29H:Q47C:R60N:D61Q,4
T7H:R60N:D96Q:V109Q,T7H:R60N:D96Q:V109Q,4
T7H:Q47C:I92C:V109Q,T7H:Q47C:I92C:V109Q,4
T7H:Q47V:D96Q:T113E,T7H:Q47V:D96Q:T113E,4
A29H:Q47C:D61Q:D96Q,A29H:Q47C:D61Q:D96Q,4
G34T:Q47R:R60N:I92C,G34T:Q47R:R60N:I92C,4
T7H:G34T:Q47I:V109Q,T7H:G34T:Q47I:V109Q,4
G34T:Q47V:I92C:D96Q,G34T:Q47V:I92C:D96Q,4
T7H:Q47I:I92C:V107M,T7H:Q47I:I92C:V107M,4
A29K:Q47C:I92C:D96Q,A29K:Q47C:I92C:D96Q,4
A29H:Q47R:R60N:R98D,A29H:Q47R:R60N:R98D,4
R5D:Q47C:R60N:V107M,R5D:Q47C:R60N:V107M,4
G3E:Q47R:D96Q:V109Q,G3E:Q47R:D96Q:V109Q,4
G34T:Q47C:I92C:D96Q,G34T:Q47C:I92C:D96Q,4
A29H:Q47R:I92C:D96Q,A29H:Q47R:I92C:D96Q,4
L4N:Q47C:D96Q:V109Q,L4N:Q47C:D96Q:V109Q,4
L4N:Q47I:R60N:T113E,L4N:Q47I:R60N:T113E,4
L4N:Q47V:D96Q:T113E,L4N:Q47V:D96Q:T113E,4
Q47R:R60N:D61Q:I92C,Q47R:R60N:D61Q:I92C,4
T7H:Q47I:R98D:T113E,T7H:Q47I:R98D:T113E,4
G3E:Q47C:D96Q:V109Q,G3E:Q47C:D96Q:V109Q,4
L4N:Q47R:R60N:V109Q,L4N:Q47R:R60N:V109Q,4
T7H:A29K:Q47C:V107M,T7H:A29K:Q47C:V107M,4
T7H:A29K:Q47V:V109Q,T7H:A29K:Q47V:V109Q,4
L4N:A29H:Q47I:V109Q,L4N:A29H:Q47I:V109Q,4
A29K:Q47I:D96Q:R98D,A29K:Q47I:D96Q:R98D,4
T7S:Q47V:R60N:V109Q,T7S:Q47V:R60N:V109Q,4
Q47I:D61Q:D96Q:R98D,Q47I:D61Q:D96Q:R98D,4
T7H:Q47C:D96Q:T113E,T7H:Q47C:D96Q:T113E,4
T7H:Q47R:R60N:T113E,T7H:Q47R:R60N:T113E,4
A29K:Q47I:I92C:R98D,A29K:Q47I:I92C:R98D,4
A29K:G34T:Q47V:R60N,A29K:G34T:Q47V:R60N,4
L4N:Q47I:I92C:V109Q,L4N:Q47I:I92C:V109Q,4
A29H:Q47I:D61Q:D96Q,A29H:Q47I:D61Q:D96Q,4
G3E:Q47I:D96Q:V107M,G3E:Q47I:D96Q:V107M,4
T7H:Q47C:D96Q:V107M,T7H:Q47C:D96Q:V107M,4
A29K:Q47V:D96Q:R98D,A29K:Q47V:D96Q:R98D,4
T7H:A29H:Q47V:V109Q,T7H:A29H:Q47V:V109Q,4
G3E:Q47R:R60N:V109Q,G3E:Q47R:R60N:V109Q,4
A29K:Q47V:I92C:R98D,A29K:Q47V:I92C:R98D,4
T7H:Q47I:I92C:V109Q,T7H:Q47I:I92C:V109Q,4
R5D:Q47V:R60N:V107M,R5D:Q47V:R60N:V107M,4
Q47R:R60N:D61Q:R98D,Q47R:R60N:D61Q:R98D,4
A29H:Q47I:D96Q:R98D,A29H:Q47I:D96Q:R98D,4
A29K:Q47V:D61Q:D96Q,A29K:Q47V:D61Q:D96Q,4
L4N:Q47I:D96Q:T113E,L4N:Q47I:D96Q:T113E,4
A29H:Q47V:D61Q:D96Q,A29H:Q47V:D61Q:D96Q,4
A29K:Q47I:D61Q:D96Q,A29K:Q47I:D61Q:D96Q,4
A29H:G34T:Q47V:R60N,A29H:G34T:Q47V:R60N,4
A29H:G34T:Q47C:R60N,A29H:G34T:Q47C:R60N,4
R5D:Q47V:R60N:V109Q,R5D:Q47V:R60N:V109Q,4
G34T:Q47I:R60N:I92C,G34T:Q47I:R60N:I92C,4
T7H:Q47C:R98D:V109Q,T7H:Q47C:R98D:V109Q,4
G3E:Q47V:R60N:V107M,G3E:Q47V:R60N:V107M,4
A29K:Q47C:D61Q:D96Q,A29K:Q47C:D61Q:D96Q,4
A29K:Q47R:R60N:R98D,A29K:Q47R:R60N:R98D,4
T7H:Q47R:R60N:V109Q,T7H:Q47R:R60N:V109Q,4
G3E:Q47V:R98D:V109Q,G3E:Q47V:R98D:V109Q,4
G3E:Q47V:D96Q:V109Q,G3E:Q47V:D96Q:V109Q,4
G34T:Q47R:R60N:D96Q,G34T:Q47R:R60N:D96Q,4
A29H:Q47V:I92C:D96Q,A29H:Q47V:I92C:D96Q,4
T7H:A29H:Q47I:V109Q,T7H:A29H:Q47I:V109Q,4
L4N:Q47V:R60N:T113E,L4N:Q47V:R60N:T113E,4
Q47I:R60N:D61Q:R98D,Q47I:R60N:D61Q:R98D,4
Q47I:D61Q:I92C:R98D,Q47I:D61Q:I92C:R98D,4
G3E:Q47I:R98D:V109Q,G3E:Q47I:R98D:V109Q,4
T7H:A29K:Q47V:V107M,T7H:A29K:Q47V:V107M,4
T7H:Q47R:D96Q:V109Q,T7H:Q47R:D96Q:V109Q,4
L4N:Q47V:R98D:V109Q,L4N:Q47V:R98D:V109Q,4
A29H:Q47R:R60N:I92C,A29H:Q47R:R60N:I92C,4
T7H:Q47I:R60N:V107M,T7H:Q47I:R60N:V107M,4
L4N:Q47C:R60N:T113E,L4N:Q47C:R60N:T113E,4
A29H:Q47I:I92C:R98D,A29H:Q47I:I92C:R98D,4
G3E:Q47I:R60N:V107M,G3E:Q47I:R60N:V107M,4
L4N:Q47I:R60N:V107M,L4N:Q47I:R60N:V107M,4
A29K:Q47C:R60N:D61Q,A29K:Q47C:R60N:D61Q,4
A29K:Q47V:I92C:D96Q,A29K:Q47V:I92C:D96Q,4
A29H:Q47V:R60N:D61Q,A29H:Q47V:R60N:D61Q,4
L4N:Q47V:R60N:V107M,L4N:Q47V:R60N:V107M,4
T7H:Q47I:D61Q:V109Q,T7H:Q47I:D61Q:V109Q,4
L4N:Q47V:D96Q:V109Q,L4N:Q47V:D96Q:V109Q,4
Q47C:R60N:D61Q:R98D,Q47C:R60N:D61Q:R98D,4
G34T:Q47V:R60N:R98D,G34T:Q47V:R60N:R98D,4
G34T:Q47I:R60N:R98D,G34T:Q47I:R60N:R98D,4
T7H:A29K:Q47C:V109Q,T7H:A29K:Q47C:V109Q,4
A29K:Q47R:R60N:I92C,A29K:Q47R:R60N:I92C,4
Q47C:D61Q:I92C:D96Q,Q47C:D61Q:I92C:D96Q,4
T7H:Q47I:D96Q:T113E,T7H:Q47I:D96Q:T113E,4
T7H:Q47C:D96Q:V109Q,T7H:Q47C:D96Q:V109Q,4
A29K:Q47I:I92C:D96Q,A29K:Q47I:I92C:D96Q,4
G3E:Q47I:D96Q:V109Q,G3E:Q47I:D96Q:V109Q,4
T7H:Q47I:D96Q:V107M,T7H:Q47I:D96Q:V107M,4
Q47R:R60N:D96Q:R98D,Q47R:R60N:D96Q:R98D,4
A29K:Q47R:R60N:D96Q,A29K:Q47R:R60N:D96Q,4
Q47I:D61Q:I92C:D96Q,Q47I:D61Q:I92C:D96Q,4
G34T:Q47C:R60N:R98D,G34T:Q47C:R60N:R98D,4
Q47V:D61Q:I92C:D96Q,Q47V:D61Q:I92C:D96Q,4
G34T:Q47I:R60N:D96Q,G34T:Q47I:R60N:D96Q,4
Q47C:R60N:D61Q:I92C,Q47C:R60N:D61Q:I92C,4
G34T:Q47C:R60N:I92C,G34T:Q47C:R60N:I92C,4
G3E:Q47I:R60N:V109Q,G3E:Q47I:R60N:V109Q,4
Q47V:R60N:D61Q:I92C,Q47V:R60N:D61Q:I92C,4
A29K:Q47V:R60N:I92C,A29K:Q47V:R60N:I92C,4
A29H:Q47I:I92C:D96Q,A29H:Q47I:I92C:D96Q,4
T7H:Q47C:R60N:V107M,T7H:Q47C:R60N:V107M,4
T7H:Q47V:R98D:V109Q,T7H:Q47V:R98D:V109Q,4
A29K:Q47C:R60N:R98D,A29K:Q47C:R60N:R98D,4
A29K:Q47I:R60N:I92C,A29K:Q47I:R60N:I92C,4
Q47R:R60N:I92C:R98D,Q47R:R60N:I92C:R98D,4
T7H:Q47C:R60N:T113E,T7H:Q47C:R60N:T113E,4
L4N:Q47I:R98D:V109Q,L4N:Q47I:R98D:V109Q,4
A29K:Q47I:R60N:R98D,A29K:Q47I:R60N:R98D,4
A29H:Q47R:R60N:D96Q,A29H:Q47R:R60N:D96Q,4
T7H:Q47V:D96Q:V109Q,T7H:Q47V:D96Q:V109Q,4
G3E:Q47V:R60N:V109Q,G3E:Q47V:R60N:V109Q,4
Q47R:R60N:D61Q:D96Q,Q47R:R60N:D61Q:D96Q,4
T7H:Q47V:R60N:V107M,T7H:Q47V:R60N:V107M,4
T7H:Q47V:R60N:T113E,T7H:Q47V:R60N:T113E,4
L4N:Q47I:R60N:V109Q,L4N:Q47I:R60N:V109Q,4
T7H:Q47I:R60N:V109Q,T7H:Q47I:R60N:V109Q,4
Q47V:R60N:I92C:R98D,Q47V:R60N:I92C:R98D,4
G34T:Q47V:R60N:D96Q,G34T:Q47V:R60N:D96Q,4
Q47V:R60N:D61Q:D96Q,Q47V:R60N:D61Q:D96Q,4
Q47V:R60N:D96Q:R98D,Q47V:R60N:D96Q:R98D,4
T7H:Q47V:R60N:V109Q,T7H:Q47V:R60N:V109Q,4
Q47I:R60N:D96Q:R98D,Q47I:R60N:D96Q:R98D,4
Q47C:R60N:I92C:R98D,Q47C:R60N:I92C:R98D,4
A29H:Q47V:R60N:I92C,A29H:Q47V:R60N:I92C,4
A29K:Q47I:R60N:D96Q,A29K:Q47I:R60N:D96Q,4
A29H:Q47I:R60N:I92C,A29H:Q47I:R60N:I92C,4
T7H:Q47C:R60N:V109Q,T7H:Q47C:R60N:V109Q,4
A29H:Q47I:R60N:R98D,A29H:Q47I:R60N:R98D,4
A29H:Q47V:R60N:D96Q,A29H:Q47V:R60N:D96Q,4
A29H:Q47C:R60N:I92C,A29H:Q47C:R60N:I92C,4
A29H:Q47C:R60N:D96Q,A29H:Q47C:R60N:D96Q,4
Q47I:R60N:I92C:D96Q,Q47I:R60N:I92C:D96Q,4
Q47V:R60N:I92C:D96Q,Q47V:R60N:I92C:D96Q,4
Q47C:R60N:I92C:D96Q,Q47C:R60N:I92C:D96Q,4
A29H:Q47I:R60N:D96Q,A29H:Q47I:R60N:D96Q,4
R5D:R60N:V107M:V109Q,R5D:R60N:V107M:V109Q,4
R5D:D61Q:V107M:V109Q,R5D:D61Q:V107M:V109Q,4
T7S:A29H:V109Q:T113E,T7S:A29H:V109Q:T113E,4
R5D:R98D:V107M:T113E,R5D:R98D:V107M:T113E,4
R5D:D61Q:V109Q:T113E,R5D:D61Q:V109Q:T113E,4
T7S:D61Q:V107M:V109Q,T7S:D61Q:V107M:V109Q,4
T7S:G34T:V107M:V109Q,T7S:G34T:V107M:V109Q,4
R5D:D61Q:V107M:T113E,R5D:D61Q:V107M:T113E,4
R5D:A29H:V107M:T113E,R5D:A29H:V107M:T113E,4
T7S:A29H:V107M:T113E,T7S:A29H:V107M:T113E,4
T7S:D61Q:V107M:T113E,T7S:D61Q:V107M:T113E,4
T7S:I92C:V107M:T113E,T7S:I92C:V107M:T113E,4
T7S:A29H:V107M:V109Q,T7S:A29H:V107M:V109Q,4
T7S:R98D:V107M:T113E,T7S:R98D:V107M:T113E,4
G34T:D61Q:R98D:V107M,G34T:D61Q:R98D:V107M,4
T7S:G34T:V107M:T113E,T7S:G34T:V107M:T113E,4
T7S:A29K:V107M:T113E,T7S:A29K:V107M:T113E,4
A29H:D61Q:R98D:V107M,A29H:D61Q:R98D:V107M,4
A29H:G34T:D61Q:V107M,A29H:G34T:D61Q:V107M,4
T7S:A29K:V109Q:T113E,T7S:A29K:V109Q:T113E,4
A29H:I92C:R98D:V107M,A29H:I92C:R98D:V107M,4
G34T:I92C:R98D:V107M,G34T:I92C:R98D:V107M,4
T7S:R60N:V109Q:T113E,T7S:R60N:V109Q:T113E,4
A29H:G34T:D61Q:V109Q,A29H:G34T:D61Q:V109Q,4
T7H:R98D:V107M:T113E,T7H:R98D:V107M:T113E,4
G34T:D61Q:R98D:T113E,G34T:D61Q:R98D:T113E,4
R5D:G34T:V109Q:T113E,R5D:G34T:V109Q:T113E,4
G34T:Q47R:R98D:V107M,G34T:Q47R:R98D:V107M,4
G34T:D61Q:I92C:V107M,G34T:D61Q:I92C:V107M,4
G34T:R60N:D61Q:T113E,G34T:R60N:D61Q:T113E,4
T7S:D61Q:V109Q:T113E,T7S:D61Q:V109Q:T113E,4
R5D:R98D:V107M:V109Q,R5D:R98D:V107M:V109Q,4
T7S:Q47R:V107M:T113E,T7S:Q47R:V107M:T113E,4
T7H:D61Q:V107M:V109Q,T7H:D61Q:V107M:V109Q,4
D61Q:I92C:R98D:V107M,D61Q:I92C:R98D:V107M,4
T7S:D96Q:V107M:T113E,T7S:D96Q:V107M:T113E,4
T7S:D96Q:V109Q:T113E,T7S:D96Q:V109Q:T113E,4
R5D:I92C:V109Q:T113E,R5D:I92C:V109Q:T113E,4
I92C:D96Q:R98D:V107M,I92C:D96Q:R98D:V107M,4
R60N:D61Q:R98D:V107M,R60N:D61Q:R98D:V107M,4
T7S:R98D:V109Q:T113E,T7S:R98D:V109Q:T113E,4
R5D:I92C:V107M:V109Q,R5D:I92C:V107M:V109Q,4
A29K:I92C:R98D:V107M,A29K:I92C:R98D:V107M,4
R5D:G34T:V107M:T113E,R5D:G34T:V107M:T113E,4
T7S:I92C:V107M:V109Q,T7S:I92C:V107M:V109Q,4
R5D:D96Q:V107M:T113E,R5D:D96Q:V107M:T113E,4
R5D:A29H:V107M:V109Q,R5D:A29H:V107M:V109Q,4
A29H:D61Q:I92C:V107M,A29H:D61Q:I92C:V107M,4
D61Q:D96Q:R98D:V107M,D61Q:D96Q:R98D:V107M,4
G34T:D61Q:I92C:T113E,G34T:D61Q:I92C:T113E,4
R5D:I92C:V107M:T113E,R5D:I92C:V107M:T113E,4
A29H:G34T:R98D:V107M,A29H:G34T:R98D:V107M,4
A29K:G34T:D61Q:T113E,A29K:G34T:D61Q:T113E,4
T7S:R60N:V107M:V109Q,T7S:R60N:V107M:V109Q,4
T7S:R98D:V107M:V109Q,T7S:R98D:V107M:V109Q,4
D61Q:D96Q:R98D:T113E,D61Q:D96Q:R98D:T113E,4
A29K:G34T:D96Q:V107M,A29K:G34T:D96Q:V107M,4
A29K:G34T:R98D:V107M,A29K:G34T:R98D:V107M,4
R5D:A29H:V109Q:T113E,R5D:A29H:V109Q:T113E,4
A29H:D61Q:D96Q:T113E,A29H:D61Q:D96Q:T113E,4
G34T:D96Q:R98D:V107M,G34T:D96Q:R98D:V107M,4
R5D:R60N:V107M:T113E,R5D:R60N:V107M:T113E,4
R5D:A29K:V107M:T113E,R5D:A29K:V107M:T113E,4
T7S:R60N:V107M:T113E,T7S:R60N:V107M:T113E,4
G34T:D61Q:D96Q:V107M,G34T:D61Q:D96Q:V107M,4
A29H:R60N:D61Q:V109Q,A29H:R60N:D61Q:V109Q,4
A29H:G34T:R98D:T113E,A29H:G34T:R98D:T113E,4
Q47R:D61Q:I92C:V107M,Q47R:D61Q:I92C:V107M,4
D61Q:I92C:R98D:T113E,D61Q:I92C:R98D:T113E,4
A29H:G34T:I92C:T113E,A29H:G34T:I92C:T113E,4
T7H:I92C:V107M:T113E,T7H:I92C:V107M:T113E,4
R5D:Q47R:V107M:T113E,R5D:Q47R:V107M:T113E,4
T7H:G34T:V107M:T113E,T7H:G34T:V107M:T113E,4
T7S:D96Q:V107M:V109Q,T7S:D96Q:V107M:V109Q,4
T7H:D61Q:V107M:T113E,T7H:D61Q:V107M:T113E,4
D61Q:D96Q:R98D:V109Q,D61Q:D96Q:R98D:V109Q,4
R5D:Q47R:V107M:V109Q,R5D:Q47R:V107M:V109Q,4
A29H:D61Q:I92C:T113E,A29H:D61Q:I92C:T113E,4
A29K:G34T:I92C:V107M,A29K:G34T:I92C:V107M,4
R5D:A29K:V109Q:T113E,R5D:A29K:V109Q:T113E,4
A29H:D61Q:R98D:T113E,A29H:D61Q:R98D:T113E,4
G34T:I92C:D96Q:V107M,G34T:I92C:D96Q:V107M,4
A29H:D96Q:R98D:V107M,A29H:D96Q:R98D:V107M,4
G34T:R60N:R98D:V107M,G34T:R60N:R98D:V107M,4
A29K:D61Q:I92C:V107M,A29K:D61Q:I92C:V107M,4
G34T:D61Q:R98D:V109Q,G34T:D61Q:R98D:V109Q,4
A29H:R60N:R98D:V107M,A29H:R60N:R98D:V107M,4
G3E:D61Q:V107M:V109Q,G3E:D61Q:V107M:V109Q,4
R5D:R98D:V109Q:T113E,R5D:R98D:V109Q:T113E,4
A29H:G34T:D96Q:V107M,A29H:G34T:D96Q:V107M,4
R5D:G34T:V107M:V109Q,R5D:G34T:V107M:V109Q,4
A29K:G34T:D61Q:V107M,A29K:G34T:D61Q:V107M,4
D61Q:I92C:D96Q:V107M,D61Q:I92C:D96Q:V107M,4
A29H:G34T:I92C:V107M,A29H:G34T:I92C:V107M,4
A29H:G34T:R60N:V107M,A29H:G34T:R60N:V107M,4
A29H:I92C:R98D:T113E,A29H:I92C:R98D:T113E,4
T7H:A29H:V107M:T113E,T7H:A29H:V107M:T113E,4
G3E:G34T:V107M:V109Q,G3E:G34T:V107M:V109Q,4
R5D:D96Q:V109Q:T113E,R5D:D96Q:V109Q:T113E,4
G34T:D61Q:D96Q:T113E,G34T:D61Q:D96Q:T113E,4
Q47R:D61Q:R98D:V107M,Q47R:D61Q:R98D:V107M,4
T7S:I92C:V109Q:T113E,T7S:I92C:V109Q:T113E,4
G34T:Q47R:D61Q:T113E,G34T:Q47R:D61Q:T113E,4
I92C:D96Q:R98D:T113E,I92C:D96Q:R98D:T113E,4
G34T:D96Q:R98D:V109Q,G34T:D96Q:R98D:V109Q,4
G34T:Q47R:I92C:V107M,G34T:Q47R:I92C:V107M,4
A29K:G34T:D61Q:V109Q,A29K:G34T:D61Q:V109Q,4
G3E:D61Q:V107M:T113E,G3E:D61Q:V107M:T113E,4
A29H:D61Q:D96Q:V107M,A29H:D61Q:D96Q:V107M,4
T7S:Q47R:V109Q:T113E,T7S:Q47R:V109Q:T113E,4
G34T:D96Q:R98D:T113E,G34T:D96Q:R98D:T113E,4
A29H:Q47R:D61Q:V107M,A29H:Q47R:D61Q:V107M,4
A29K:D61Q:R98D:V107M,A29K:D61Q:R98D:V107M,4
T7S:Q47C:V109Q:T113E,T7S:Q47C:V109Q:T113E,4
G34T:R60N:D61Q:V109Q,G34T:R60N:D61Q:V109Q,4
A29K:D96Q:R98D:T113E,A29K:D96Q:R98D:T113E,4
A29K:I92C:R98D:T113E,A29K:I92C:R98D:T113E,4
R5D:R60N:V109Q:T113E,R5D:R60N:V109Q:T113E,4
A29H:D61Q:R98D:V109Q,A29H:D61Q:R98D:V109Q,4
R5D:Q47I:V107M:V109Q,R5D:Q47I:V107M:V109Q,4
A29H:G34T:D96Q:T113E,A29H:G34T:D96Q:T113E,4
G3E:D61Q:V109Q:T113E,G3E:D61Q:V109Q:T113E,4
T7S:Q47R:V107M:V109Q,T7S:Q47R:V107M:V109Q,4
R60N:D61Q:I92C:V107M,R60N:D61Q:I92C:V107M,4
T7H:I92C:V107M:V109Q,T7H:I92C:V107M:V109Q,4
R60N:D61Q:R98D:T113E,R60N:D61Q:R98D:T113E,4
A29H:G34T:D61Q:T113E,A29H:G34T:D61Q:T113E,4
G3E:I92C:V107M:T113E,G3E:I92C:V107M:T113E,4
G34T:D61Q:D96Q:V109Q,G34T:D61Q:D96Q:V109Q,4
D61Q:I92C:D96Q:T113E,D61Q:I92C:D96Q:T113E,4
A29H:I92C:D96Q:T113E,A29H:I92C:D96Q:T113E,4
A29H:G34T:Q47R:V107M,A29H:G34T:Q47R:V107M,4
A29K:D61Q:R98D:T113E,A29K:D61Q:R98D:T113E,4
A29H:I92C:D96Q:V107M,A29H:I92C:D96Q:V107M,4
G34T:Q47R:D61Q:V109Q,G34T:Q47R:D61Q:V109Q,4
A29H:I92C:R98D:V109Q,A29H:I92C:R98D:V109Q,4
T7H:R98D:V107M:V109Q,T7H:R98D:V107M:V109Q,4
A29H:G34T:R98D:V109Q,A29H:G34T:R98D:V109Q,4
A29K:D96Q:R98D:V107M,A29K:D96Q:R98D:V107M,4
G34T:D61Q:I92C:V109Q,G34T:D61Q:I92C:V109Q,4
T7H:I92C:V109Q:T113E,T7H:I92C:V109Q:T113E,4
A29K:G34T:Q47R:V107M,A29K:G34T:Q47R:V107M,4
G3E:A29K:V107M:V109Q,G3E:A29K:V107M:V109Q,4
G34T:R60N:D61Q:V107M,G34T:R60N:D61Q:V107M,4
Q47R:I92C:R98D:V107M,Q47R:I92C:R98D:V107M,4
A29K:R60N:D61Q:T113E,A29K:R60N:D61Q:T113E,4
G34T:Q47R:D61Q:V107M,G34T:Q47R:D61Q:V107M,4
A29H:G34T:R60N:V109Q,A29H:G34T:R60N:V109Q,4
A29K:G34T:R98D:T113E,A29K:G34T:R98D:T113E,4
A29H:G34T:Q47R:T113E,A29H:G34T:Q47R:T113E,4
A29H:D61Q:I92C:V109Q,A29H:D61Q:I92C:V109Q,4
A29H:G34T:Q47R:V109Q,A29H:G34T:Q47R:V109Q,4
G34T:I92C:R98D:T113E,G34T:I92C:R98D:T113E,4
G34T:I92C:D96Q:T113E,G34T:I92C:D96Q:T113E,4
T7H:G34T:V107M:V109Q,T7H:G34T:V107M:V109Q,4
R5D:Q47V:V107M:T113E,R5D:Q47V:V107M:T113E,4
T7H:D61Q:V109Q:T113E,T7H:D61Q:V109Q:T113E,4
R5D:Q47I:V107M:T113E,R5D:Q47I:V107M:T113E,4
T7H:R98D:V109Q:T113E,T7H:R98D:V109Q:T113E,4
A29H:R60N:D61Q:V107M,A29H:R60N:D61Q:V107M,4
T7S:Q47I:V107M:T113E,T7S:Q47I:V107M:T113E,4
T7H:D96Q:V107M:T113E,T7H:D96Q:V107M:T113E,4
A29H:R60N:D61Q:T113E,A29H:R60N:D61Q:T113E,4
A29K:D61Q:D96Q:T113E,A29K:D61Q:D96Q:T113E,4
A29K:G34T:Q47R:T113E,A29K:G34T:Q47R:T113E,4
R5D:Q47R:V109Q:T113E,R5D:Q47R:V109Q:T113E,4
A29K:R60N:D61Q:V107M,A29K:R60N:D61Q:V107M,4
T7H:G34T:V109Q:T113E,T7H:G34T:V109Q:T113E,4
G34T:R60N:D96Q:V109Q,G34T:R60N:D96Q:V109Q,4
T7S:Q47C:V107M:T113E,T7S:Q47C:V107M:T113E,4
G34T:R60N:R98D:T113E,G34T:R60N:R98D:T113E,4
G34T:R60N:I92C:T113E,G34T:R60N:I92C:T113E,4
T7H:A29K:V107M:V109Q,T7H:A29K:V107M:V109Q,4
Q47R:D61Q:R98D:T113E,Q47R:D61Q:R98D:T113E,4
T7S:Q47V:V109Q:T113E,T7S:Q47V:V109Q:T113E,4
A29H:Q47R:R98D:V107M,A29H:Q47R:R98D:V107M,4
A29K:R60N:D61Q:V109Q,A29K:R60N:D61Q:V109Q,4
A29H:Q47R:D61Q:T113E,A29H:Q47R:D61Q:T113E,4
A29K:G34T:Q47I:T113E,A29K:G34T:Q47I:T113E,4
A29H:G34T:R60N:T113E,A29H:G34T:R60N:T113E,4
R60N:I92C:R98D:T113E,R60N:I92C:R98D:T113E,4
G34T:I92C:R98D:V109Q,G34T:I92C:R98D:V109Q,4
G34T:Q47R:D96Q:T113E,G34T:Q47R:D96Q:T113E,4
T7S:A29K:V107M:V109Q,T7S:A29K:V107M:V109Q,4
G3E:D96Q:V107M:V109Q,G3E:D96Q:V107M:V109Q,4
L4N:A29H:V107M:T113E,L4N:A29H:V107M:T113E,4
A29H:D96Q:R98D:T113E,A29H:D96Q:R98D:T113E,4
L4N:D61Q:V107M:T113E,L4N:D61Q:V107M:T113E,4
T7H:A29H:V107M:V109Q,T7H:A29H:V107M:V109Q,4
I92C:D96Q:R98D:V109Q,I92C:D96Q:R98D:V109Q,4
R5D:D96Q:V107M:V109Q,R5D:D96Q:V107M:V109Q,4
L4N:R98D:V107M:T113E,L4N:R98D:V107M:T113E,4
A29H:D61Q:D96Q:V109Q,A29H:D61Q:D96Q:V109Q,4
A29H:D96Q:R98D:V109Q,A29H:D96Q:R98D:V109Q,4
A29K:I92C:D96Q:V107M,A29K:I92C:D96Q:V107M,4
G34T:Q47R:R98D:T113E,G34T:Q47R:R98D:T113E,4
A29K:Q47R:D61Q:V107M,A29K:Q47R:D61Q:V107M,4
A29H:G34T:Q47V:T113E,A29H:G34T:Q47V:T113E,4
A29H:G34T:D96Q:V109Q,A29H:G34T:D96Q:V109Q,4
R5D:Q47C:V107M:V109Q,R5D:Q47C:V107M:V109Q,4
R60N:D96Q:R98D:V107M,R60N:D96Q:R98D:V107M,4
G34T:R60N:D96Q:T113E,G34T:R60N:D96Q:T113E,4
G3E:I92C:V109Q:T113E,G3E:I92C:V109Q:T113E,4
A29H:R60N:R98D:T113E,A29H:R60N:R98D:T113E,4
A29K:Q47R:R98D:V107M,A29K:Q47R:R98D:V107M,4
G34T:R60N:I92C:V107M,G34T:R60N:I92C:V107M,4
T7S:Q47I:V109Q:T113E,T7S:Q47I:V109Q:T113E,4
R60N:I92C:R98D:V107M,R60N:I92C:R98D:V107M,4
A29K:D96Q:R98D:V109Q,A29K:D96Q:R98D:V109Q,4
A29K:D61Q:I92C:V109Q,A29K:D61Q:I92C:V109Q,4
A29K:G34T:I92C:T113E,A29K:G34T:I92C:T113E,4
A29K:R60N:R98D:V107M,A29K:R60N:R98D:V107M,4
A29H:Q47R:R98D:T113E,A29H:Q47R:R98D:T113E,4
T7H:A29H:V109Q:T113E,T7H:A29H:V109Q:T113E,4
T7H:A29K:V107M:T113E,T7H:A29K:V107M:T113E,4
D61Q:I92C:R98D:V109Q,D61Q:I92C:R98D:V109Q,4
T7H:Q47R:V107M:T113E,T7H:Q47R:V107M:T113E,4
A29H:Q47R:I92C:V107M,A29H:Q47R:I92C:V107M,4
A29H:Q47R:D61Q:V109Q,A29H:Q47R:D61Q:V109Q,4
L4N:A29H:V107M:V109Q,L4N:A29H:V107M:V109Q,4
T7S:Q47V:V107M:T113E,T7S:Q47V:V107M:T113E,4
G3E:A29K:V107M:T113E,G3E:A29K:V107M:T113E,4
A29K:D61Q:I92C:T113E,A29K:D61Q:I92C:T113E,4
R60N:D61Q:D96Q:T113E,R60N:D61Q:D96Q:T113E,4
A29H:R60N:D96Q:T113E,A29H:R60N:D96Q:T113E,4
G3E:A29K:V109Q:T113E,G3E:A29K:V109Q:T113E,4
A29K:I92C:D96Q:T113E,A29K:I92C:D96Q:T113E,4
T7S:Q47I:V107M:V109Q,T7S:Q47I:V107M:V109Q,4
G3E:G34T:V109Q:T113E,G3E:G34T:V109Q:T113E,4
G34T:Q47R:I92C:T113E,G34T:Q47R:I92C:T113E,4
G3E:R98D:V107M:T113E,G3E:R98D:V107M:T113E,4
L4N:D61Q:V109Q:T113E,L4N:D61Q:V109Q:T113E,4
A29K:D61Q:D96Q:V107M,A29K:D61Q:D96Q:V107M,4
G3E:A29H:V107M:T113E,G3E:A29H:V107M:T113E,4
Q47R:D96Q:R98D:T113E,Q47R:D96Q:R98D:T113E,4
A29K:G34T:I92C:V109Q,A29K:G34T:I92C:V109Q,4
R60N:D61Q:I92C:V109Q,R60N:D61Q:I92C:V109Q,4
A29H:I92C:D96Q:V109Q,A29H:I92C:D96Q:V109Q,4
G3E:R60N:V107M:T113E,G3E:R60N:V107M:T113E,4
L4N:G34T:V109Q:T113E,L4N:G34T:V109Q:T113E,4
T7H:D96Q:V107M:V109Q,T7H:D96Q:V107M:V109Q,4
A29K:G34T:D96Q:T113E,A29K:G34T:D96Q:T113E,4
L4N:G34T:V107M:T113E,L4N:G34T:V107M:T113E,4
A29K:G34T:R60N:V109Q,A29K:G34T:R60N:V109Q,4
G3E:A29H:V107M:V109Q,G3E:A29H:V107M:V109Q,4
G34T:Q47I:D61Q:V109Q,G34T:Q47I:D61Q:V109Q,4
A29K:D61Q:R98D:V109Q,A29K:D61Q:R98D:V109Q,4
A29K:G34T:R60N:T113E,A29K:G34T:R60N:T113E,4
T7H:R60N:V107M:T113E,T7H:R60N:V107M:T113E,4
R60N:D61Q:D96Q:V107M,R60N:D61Q:D96Q:V107M,4
A29K:R60N:R98D:T113E,A29K:R60N:R98D:T113E,4
G34T:Q47R:I92C:V109Q,G34T:Q47R:I92C:V109Q,4
T7H:R60N:V107M:V109Q,T7H:R60N:V107M:V109Q,4
A29K:G34T:R98D:V109Q,A29K:G34T:R98D:V109Q,4
T7H:D96Q:V109Q:T113E,T7H:D96Q:V109Q:T113E,4
A29H:Q47R:D96Q:V107M,A29H:Q47R:D96Q:V107M,4
L4N:D61Q:V107M:V109Q,L4N:D61Q:V107M:V109Q,4
R60N:D61Q:I92C:T113E,R60N:D61Q:I92C:T113E,4
A29K:Q47R:D96Q:V107M,A29K:Q47R:D96Q:V107M,4
R5D:Q47C:V107M:T113E,R5D:Q47C:V107M:T113E,4
Q47R:D96Q:R98D:V107M,Q47R:D96Q:R98D:V107M,4
G34T:R60N:I92C:V109Q,G34T:R60N:I92C:V109Q,4
R5D:Q47C:V109Q:T113E,R5D:Q47C:V109Q:T113E,4
T7H:A29K:V109Q:T113E,T7H:A29K:V109Q:T113E,4
G34T:Q47I:D61Q:V107M,G34T:Q47I:D61Q:V107M,4
G3E:A29H:V109Q:T113E,G3E:A29H:V109Q:T113E,4
G34T:Q47R:R98D:V109Q,G34T:Q47R:R98D:V109Q,4
L4N:I92C:V107M:V109Q,L4N:I92C:V107M:V109Q,4
G34T:Q47I:I92C:T113E,G34T:Q47I:I92C:T113E,4
A29H:R60N:I92C:V107M,A29H:R60N:I92C:V107M,4
A29K:R60N:D96Q:V107M,A29K:R60N:D96Q:V107M,4
L4N:A29K:V109Q:T113E,L4N:A29K:V109Q:T113E,4
D61Q:I92C:D96Q:V109Q,D61Q:I92C:D96Q:V109Q,4
T7H:Q47R:V109Q:T113E,T7H:Q47R:V109Q:T113E,4
G34T:I92C:D96Q:V109Q,G34T:I92C:D96Q:V109Q,4
T7H:Q47R:V107M:V109Q,T7H:Q47R:V107M:V109Q,4
A29H:G34T:I92C:V109Q,A29H:G34T:I92C:V109Q,4
A29K:R60N:I92C:V107M,A29K:R60N:I92C:V107M,4
L4N:R60N:V107M:V109Q,L4N:R60N:V107M:V109Q,4
R60N:D96Q:R98D:T113E,R60N:D96Q:R98D:T113E,4
G34T:R60N:D96Q:V107M,G34T:R60N:D96Q:V107M,4
R5D:Q47V:V109Q:T113E,R5D:Q47V:V109Q:T113E,4
G3E:Q47R:V109Q:T113E,G3E:Q47R:V109Q:T113E,4
T7S:Q47C:V107M:V109Q,T7S:Q47C:V107M:V109Q,4
Q47R:D61Q:I92C:T113E,Q47R:D61Q:I92C:T113E,4
L4N:G34T:V107M:V109Q,L4N:G34T:V107M:V109Q,4
A29H:R60N:I92C:T113E,A29H:R60N:I92C:T113E,4
Q47R:I92C:R98D:T113E,Q47R:I92C:R98D:T113E,4
A29K:G34T:Q47I:V107M,A29K:G34T:Q47I:V107M,4
A29K:Q47R:D61Q:T113E,A29K:Q47R:D61Q:T113E,4
T7S:Q47V:V107M:V109Q,T7S:Q47V:V107M:V109Q,4
A29H:Q47C:R98D:V107M,A29H:Q47C:R98D:V107M,4
A29H:G34T:Q47I:T113E,A29H:G34T:Q47I:T113E,4
G34T:Q47V:R98D:V107M,G34T:Q47V:R98D:V107M,4
G34T:Q47V:D61Q:T113E,G34T:Q47V:D61Q:T113E,4
A29H:G34T:Q47C:T113E,A29H:G34T:Q47C:T113E,4
G3E:I92C:V107M:V109Q,G3E:I92C:V107M:V109Q,4
L4N:A29K:V107M:V109Q,L4N:A29K:V107M:V109Q,4
A29K:I92C:R98D:V109Q,A29K:I92C:R98D:V109Q,4
Q47V:D61Q:R98D:V107M,Q47V:D61Q:R98D:V107M,4
G34T:Q47I:D61Q:T113E,G34T:Q47I:D61Q:T113E,4
A29H:Q47V:D61Q:T113E,A29H:Q47V:D61Q:T113E,4
G3E:R98D:V107M:V109Q,G3E:R98D:V107M:V109Q,4
L4N:I92C:V109Q:T113E,L4N:I92C:V109Q:T113E,4
G34T:R60N:R98D:V109Q,G34T:R60N:R98D:V109Q,4
A29H:G34T:Q47V:V107M,A29H:G34T:Q47V:V107M,4
L4N:A29H:V109Q:T113E,L4N:A29H:V109Q:T113E,4
A29K:G34T:Q47V:V107M,A29K:G34T:Q47V:V107M,4
G3E:R98D:V109Q:T113E,G3E:R98D:V109Q:T113E,4
A29H:Q47C:D61Q:T113E,A29H:Q47C:D61Q:T113E,4
G3E:D96Q:V107M:T113E,G3E:D96Q:V107M:T113E,4
G34T:Q47V:R98D:T113E,G34T:Q47V:R98D:T113E,4
G34T:Q47C:R98D:T113E,G34T:Q47C:R98D:T113E,4
A29K:G34T:R60N:V107M,A29K:G34T:R60N:V107M,4
A29H:Q47V:R98D:V107M,A29H:Q47V:R98D:V107M,4
A29H:Q47R:I92C:V109Q,A29H:Q47R:I92C:V109Q,4
R5D:Q47V:V107M:V109Q,R5D:Q47V:V107M:V109Q,4
G3E:R60N:V107M:V109Q,G3E:R60N:V107M:V109Q,4
A29H:G34T:Q47C:V109Q,A29H:G34T:Q47C:V109Q,4
L4N:Q47R:V107M:T113E,L4N:Q47R:V107M:T113E,4
L4N:R98D:V107M:V109Q,L4N:R98D:V107M:V109Q,4
A29K:R60N:I92C:V109Q,A29K:R60N:I92C:V109Q,4
L4N:D96Q:V109Q:T113E,L4N:D96Q:V109Q:T113E,4
A29K:G34T:Q47R:V109Q,A29K:G34T:Q47R:V109Q,4
A29K:Q47R:I92C:V109Q,A29K:Q47R:I92C:V109Q,4
Q47R:D61Q:D96Q:V107M,Q47R:D61Q:D96Q:V107M,4
A29K:D61Q:D96Q:V109Q,A29K:D61Q:D96Q:V109Q,4
A29K:Q47R:R98D:T113E,A29K:Q47R:R98D:T113E,4
G3E:G34T:V107M:T113E,G3E:G34T:V107M:T113E,4
R60N:D96Q:R98D:V109Q,R60N:D96Q:R98D:V109Q,4
G34T:Q47C:D61Q:T113E,G34T:Q47C:D61Q:T113E,4
A29K:Q47R:I92C:V107M,A29K:Q47R:I92C:V107M,4
G34T:Q47V:D61Q:V107M,G34T:Q47V:D61Q:V107M,4
A29H:Q47R:I92C:T113E,A29H:Q47R:I92C:T113E,4
G3E:Q47V:V107M:T113E,G3E:Q47V:V107M:T113E,4
G3E:Q47R:V107M:T113E,G3E:Q47R:V107M:T113E,4
A29H:Q47R:D96Q:T113E,A29H:Q47R:D96Q:T113E,4
A29K:Q47I:D61Q:T113E,A29K:Q47I:D61Q:T113E,4
A29K:Q47C:R98D:V107M,A29K:Q47C:R98D:V107M,4
A29H:R60N:D96Q:V107M,A29H:R60N:D96Q:V107M,4
G3E:Q47R:V107M:V109Q,G3E:Q47R:V107M:V109Q,4
Q47R:R60N:D61Q:T113E,Q47R:R60N:D61Q:T113E,4
L4N:R98D:V109Q:T113E,L4N:R98D:V109Q:T113E,4
A29H:G34T:Q47I:V107M,A29H:G34T:Q47I:V107M,4
L4N:D96Q:V107M:T113E,L4N:D96Q:V107M:T113E,4
A29H:R60N:I92C:V109Q,A29H:R60N:I92C:V109Q,4
A29H:G34T:Q47C:V107M,A29H:G34T:Q47C:V107M,4
L4N:A29K:V107M:T113E,L4N:A29K:V107M:T113E,4
Q47C:I92C:R98D:V107M,Q47C:I92C:R98D:V107M,4
Q47V:D96Q:R98D:V107M,Q47V:D96Q:R98D:V107M,4
L4N:Q47R:V109Q:T113E,L4N:Q47R:V109Q:T113E,4
A29K:Q47R:I92C:T113E,A29K:Q47R:I92C:T113E,4
G34T:Q47V:I92C:T113E,G34T:Q47V:I92C:T113E,4
R5D:Q47I:V109Q:T113E,R5D:Q47I:V109Q:T113E,4
Q47C:D61Q:R98D:V107M,Q47C:D61Q:R98D:V107M,4
T7H:R60N:V109Q:T113E,T7H:R60N:V109Q:T113E,4
G34T:Q47V:I92C:V107M,G34T:Q47V:I92C:V107M,4
Q47R:D61Q:D96Q:T113E,Q47R:D61Q:D96Q:T113E,4
A29K:G34T:Q47I:V109Q,A29K:G34T:Q47I:V109Q,4
A29K:G34T:Q47V:V109Q,A29K:G34T:Q47V:V109Q,4
R60N:I92C:R98D:V109Q,R60N:I92C:R98D:V109Q,4
A29K:R60N:I92C:T113E,A29K:R60N:I92C:T113E,4
G3E:Q47C:V107M:T113E,G3E:Q47C:V107M:T113E,4
R60N:I92C:D96Q:V107M,R60N:I92C:D96Q:V107M,4
G3E:D96Q:V109Q:T113E,G3E:D96Q:V109Q:T113E,4
L4N:R60N:V107M:T113E,L4N:R60N:V107M:T113E,4
A29K:Q47R:D96Q:T113E,A29K:Q47R:D96Q:T113E,4
G3E:Q47I:V107M:T113E,G3E:Q47I:V107M:T113E,4
A29H:Q47C:R98D:T113E,A29H:Q47C:R98D:T113E,4
Q47C:D96Q:R98D:T113E,Q47C:D96Q:R98D:T113E,4
G34T:Q47I:R98D:V107M,G34T:Q47I:R98D:V107M,4
Q47I:D61Q:R98D:V107M,Q47I:D61Q:R98D:V107M,4
R60N:D61Q:D96Q:V109Q,R60N:D61Q:D96Q:V109Q,4
A29K:Q47V:D61Q:T113E,A29K:Q47V:D61Q:T113E,4
G3E:Q47V:V109Q:T113E,G3E:Q47V:V109Q:T113E,4
L4N:Q47R:V107M:V109Q,L4N:Q47R:V107M:V109Q,4
Q47R:D61Q:I92C:V109Q,Q47R:D61Q:I92C:V109Q,4
A29K:Q47I:D61Q:V107M,A29K:Q47I:D61Q:V107M,4
Q47V:D61Q:I92C:V107M,Q47V:D61Q:I92C:V107M,4
A29K:G34T:Q47V:T113E,A29K:G34T:Q47V:T113E,4
A29H:G34T:Q47I:V109Q,A29H:G34T:Q47I:V109Q,4
L4N:D96Q:V107M:V109Q,L4N:D96Q:V107M:V109Q,4
G34T:Q47C:R98D:V107M,G34T:Q47C:R98D:V107M,4
G34T:Q47V:D61Q:V109Q,G34T:Q47V:D61Q:V109Q,4
A29K:G34T:Q47C:T113E,A29K:G34T:Q47C:T113E,4
Q47V:D61Q:R98D:T113E,Q47V:D61Q:R98D:T113E,4
A29H:R60N:D96Q:V109Q,A29H:R60N:D96Q:V109Q,4
R60N:D61Q:R98D:V109Q,R60N:D61Q:R98D:V109Q,4
A29K:R60N:D96Q:T113E,A29K:R60N:D96Q:T113E,4
A29K:R60N:D96Q:V109Q,A29K:R60N:D96Q:V109Q,4
L4N:R60N:V109Q:T113E,L4N:R60N:V109Q:T113E,4
Q47R:I92C:D96Q:V107M,Q47R:I92C:D96Q:V107M,4
G34T:Q47C:I92C:T113E,G34T:Q47C:I92C:T113E,4
A29H:Q47V:R98D:T113E,A29H:Q47V:R98D:T113E,4
A29H:Q47V:D61Q:V107M,A29H:Q47V:D61Q:V107M,4
Q47V:D61Q:I92C:T113E,Q47V:D61Q:I92C:T113E,4
G34T:Q47I:I92C:V107M,G34T:Q47I:I92C:V107M,4
G34T:Q47C:D96Q:V107M,G34T:Q47C:D96Q:V107M,4
G34T:Q47V:D96Q:V107M,G34T:Q47V:D96Q:V107M,4
Q47C:D61Q:R98D:T113E,Q47C:D61Q:R98D:T113E,4
G34T:Q47C:D61Q:V107M,G34T:Q47C:D61Q:V107M,4
G34T:Q47V:D96Q:T113E,G34T:Q47V:D96Q:T113E,4
Q47I:D61Q:I92C:T113E,Q47I:D61Q:I92C:T113E,4
Q47C:D61Q:I92C:V107M,Q47C:D61Q:I92C:V107M,4
A29H:Q47R:R60N:T113E,A29H:Q47R:R60N:T113E,4
A29H:Q47V:I92C:V107M,A29H:Q47V:I92C:V107M,4
G34T:Q47I:I92C:V109Q,G34T:Q47I:I92C:V109Q,4
A29K:Q47C:D61Q:T113E,A29K:Q47C:D61Q:T113E,4
A29K:R60N:R98D:V109Q,A29K:R60N:R98D:V109Q,4
R60N:I92C:D96Q:T113E,R60N:I92C:D96Q:T113E,4
A29K:Q47V:R98D:T113E,A29K:Q47V:R98D:T113E,4
Q47I:D96Q:R98D:V107M,Q47I:D96Q:R98D:V107M,4
A29H:R60N:R98D:V109Q,A29H:R60N:R98D:V109Q,4
Q47R:I92C:D96Q:T113E,Q47R:I92C:D96Q:T113E,4
G34T:Q47V:I92C:V109Q,G34T:Q47V:I92C:V109Q,4
Q47V:I92C:R98D:V107M,Q47V:I92C:R98D:V107M,4
T7H:Q47V:V109Q:T113E,T7H:Q47V:V109Q:T113E,4
A29H:Q47V:D61Q:V109Q,A29H:Q47V:D61Q:V109Q,4
G34T:Q47C:D96Q:T113E,G34T:Q47C:D96Q:T113E,4
A29H:Q47C:I92C:V107M,A29H:Q47C:I92C:V107M,4
Q47R:D96Q:R98D:V109Q,Q47R:D96Q:R98D:V109Q,4
G34T:Q47R:R60N:T113E,G34T:Q47R:R60N:T113E,4
A29H:Q47I:R98D:V107M,A29H:Q47I:R98D:V107M,4
G34T:Q47I:D96Q:T113E,G34T:Q47I:D96Q:T113E,4
A29K:Q47C:D61Q:V107M,A29K:Q47C:D61Q:V107M,4
L4N:Q47V:V107M:T113E,L4N:Q47V:V107M:T113E,4
Q47C:D96Q:R98D:V107M,Q47C:D96Q:R98D:V107M,4
G34T:Q47I:R60N:T113E,G34T:Q47I:R60N:T113E,4
G3E:R60N:V109Q:T113E,G3E:R60N:V109Q:T113E,4
G3E:Q47C:V109Q:T113E,G3E:Q47C:V109Q:T113E,4
A29H:Q47C:I92C:T113E,A29H:Q47C:I92C:T113E,4
A29H:Q47V:I92C:T113E,A29H:Q47V:I92C:T113E,4
Q47V:D96Q:R98D:T113E,Q47V:D96Q:R98D:T113E,4
G34T:Q47C:D61Q:V109Q,G34T:Q47C:D61Q:V109Q,4
A29H:Q47I:I92C:V107M,A29H:Q47I:I92C:V107M,4
R60N:I92C:D96Q:V109Q,R60N:I92C:D96Q:V109Q,4
Q47V:D61Q:D96Q:V107M,Q47V:D61Q:D96Q:V107M,4
G34T:Q47C:I92C:V107M,G34T:Q47C:I92C:V107M,4
A29K:Q47V:R98D:V107M,A29K:Q47V:R98D:V107M,4
Q47I:D61Q:R98D:T113E,Q47I:D61Q:R98D:T113E,4
Q47V:I92C:R98D:T113E,Q47V:I92C:R98D:T113E,4
A29H:Q47V:D96Q:T113E,A29H:Q47V:D96Q:T113E,4
L4N:Q47I:V107M:T113E,L4N:Q47I:V107M:T113E,4
Q47R:I92C:R98D:V109Q,Q47R:I92C:R98D:V109Q,4
Q47C:D61Q:I92C:T113E,Q47C:D61Q:I92C:T113E,4
A29H:Q47I:R98D:T113E,A29H:Q47I:R98D:T113E,4
A29K:Q47I:I92C:T113E,A29K:Q47I:I92C:T113E,4
G3E:Q47I:V107M:V109Q,G3E:Q47I:V107M:V109Q,4
T7H:Q47V:V107M:T113E,T7H:Q47V:V107M:T113E,4
A29H:Q47C:D61Q:V109Q,A29H:Q47C:D61Q:V109Q,4
A29K:Q47I:I92C:V107M,A29K:Q47I:I92C:V107M,4
G34T:Q47C:R98D:V109Q,G34T:Q47C:R98D:V109Q,4
G3E:Q47I:V109Q:T113E,G3E:Q47I:V109Q:T113E,4
T7H:Q47I:V107M:T113E,T7H:Q47I:V107M:T113E,4
A29K:Q47V:D61Q:V109Q,A29K:Q47V:D61Q:V109Q,4
A29K:Q47C:R98D:T113E,A29K:Q47C:R98D:T113E,4
A29K:Q47V:D61Q:V107M,A29K:Q47V:D61Q:V107M,4
A29H:Q47C:D96Q:V107M,A29H:Q47C:D96Q:V107M,4
Q47C:D61Q:R98D:V109Q,Q47C:D61Q:R98D:V109Q,4
L4N:Q47C:V107M:T113E,L4N:Q47C:V107M:T113E,4
A29K:Q47C:D96Q:V107M,A29K:Q47C:D96Q:V107M,4
T7H:Q47C:V107M:T113E,T7H:Q47C:V107M:T113E,4
A29K:Q47I:R98D:V107M,A29K:Q47I:R98D:V107M,4
G3E:Q47V:V107M:V109Q,G3E:Q47V:V107M:V109Q,4
A29K:Q47C:D96Q:T113E,A29K:Q47C:D96Q:T113E,4
G34T:Q47C:I92C:V109Q,G34T:Q47C:I92C:V109Q,4
A29K:Q47R:R98D:V109Q,A29K:Q47R:R98D:V109Q,4
A29H:Q47C:D96Q:T113E,A29H:Q47C:D96Q:T113E,4
Q47V:D61Q:I92C:V109Q,Q47V:D61Q:I92C:V109Q,4
Q47C:D61Q:D96Q:T113E,Q47C:D61Q:D96Q:T113E,4
A29H:Q47I:I92C:T113E,A29H:Q47I:I92C:T113E,4
T7H:Q47C:V107M:V109Q,T7H:Q47C:V107M:V109Q,4
L4N:Q47C:V109Q:T113E,L4N:Q47C:V109Q:T113E,4
G34T:Q47I:D96Q:V107M,G34T:Q47I:D96Q:V107M,4
A29K:Q47V:I92C:V107M,A29K:Q47V:I92C:V107M,4
T7H:Q47C:V109Q:T113E,T7H:Q47C:V109Q:T113E,4
A29H:Q47V:D96Q:V107M,A29H:Q47V:D96Q:V107M,4
Q47I:D61Q:I92C:V107M,Q47I:D61Q:I92C:V107M,4
A29K:Q47C:I92C:V107M,A29K:Q47C:I92C:V107M,4
A29K:Q47C:D61Q:V109Q,A29K:Q47C:D61Q:V109Q,4
G34T:Q47V:R98D:V109Q,G34T:Q47V:R98D:V109Q,4
A29K:Q47V:I92C:T113E,A29K:Q47V:I92C:T113E,4
G34T:Q47R:R60N:V107M,G34T:Q47R:R60N:V107M,4
L4N:Q47I:V107M:V109Q,L4N:Q47I:V107M:V109Q,4
A29K:Q47R:D96Q:V109Q,A29K:Q47R:D96Q:V109Q,4
L4N:Q47V:V107M:V109Q,L4N:Q47V:V107M:V109Q,4
A29H:Q47R:D96Q:V109Q,A29H:Q47R:D96Q:V109Q,4
Q47C:D61Q:I92C:V109Q,Q47C:D61Q:I92C:V109Q,4
A29H:Q47C:R98D:V109Q,A29H:Q47C:R98D:V109Q,4
Q47C:I92C:D96Q:V107M,Q47C:I92C:D96Q:V107M,4
Q47R:D61Q:D96Q:V109Q,Q47R:D61Q:D96Q:V109Q,4
Q47V:D61Q:D96Q:T113E,Q47V:D61Q:D96Q:T113E,4
A29K:Q47R:R60N:T113E,A29K:Q47R:R60N:T113E,4
A29H:Q47I:D61Q:V107M,A29H:Q47I:D61Q:V107M,4
Q47I:I92C:R98D:V107M,Q47I:I92C:R98D:V107M,4
L4N:Q47V:V109Q:T113E,L4N:Q47V:V109Q:T113E,4
G3E:Q47C:V107M:V109Q,G3E:Q47C:V107M:V109Q,4
G34T:Q47V:D96Q:V109Q,G34T:Q47V:D96Q:V109Q,4
L4N:Q47C:V107M:V109Q,L4N:Q47C:V107M:V109Q,4
A29H:Q47I:D96Q:T113E,A29H:Q47I:D96Q:T113E,4
Q47I:D96Q:R98D:T113E,Q47I:D96Q:R98D:T113E,4
A29H:Q47I:D96Q:V107M,A29H:Q47I:D96Q:V107M,4
A29H:Q47V:I92C:V109Q,A29H:Q47V:I92C:V109Q,4
A29K:Q47C:I92C:T113E,A29K:Q47C:I92C:T113E,4
L4N:Q47I:V109Q:T113E,L4N:Q47I:V109Q:T113E,4
Q47C:I92C:D96Q:T113E,Q47C:I92C:D96Q:T113E,4
Q47V:I92C:D96Q:T113E,Q47V:I92C:D96Q:T113E,4
Q47I:D61Q:D96Q:V107M,Q47I:D61Q:D96Q:V107M,4
G34T:Q47R:R60N:V109Q,G34T:Q47R:R60N:V109Q,4
A29H:Q47C:I92C:V109Q,A29H:Q47C:I92C:V109Q,4
A29K:Q47I:R98D:T113E,A29K:Q47I:R98D:T113E,4
A29K:Q47V:I92C:V109Q,A29K:Q47V:I92C:V109Q,4
Q47R:R60N:R98D:T113E,Q47R:R60N:R98D:T113E,4
A29K:Q47I:D96Q:V107M,A29K:Q47I:D96Q:V107M,4
Q47I:R60N:D61Q:T113E,Q47I:R60N:D61Q:T113E,4
Q47R:R60N:D61Q:V109Q,Q47R:R60N:D61Q:V109Q,4
G34T:Q47I:R98D:V109Q,G34T:Q47I:R98D:V109Q,4
G34T:Q47C:D96Q:V109Q,G34T:Q47C:D96Q:V109Q,4
Q47V:R60N:D61Q:V107M,Q47V:R60N:D61Q:V107M,4
A29K:Q47R:R60N:V107M,A29K:Q47R:R60N:V107M,4
T7H:Q47I:V109Q:T113E,T7H:Q47I:V109Q:T113E,4
A29K:Q47I:D96Q:T113E,A29K:Q47I:D96Q:T113E,4
T7H:Q47V:V107M:V109Q,T7H:Q47V:V107M:V109Q,4
Q47C:I92C:R98D:V109Q,Q47C:I92C:R98D:V109Q,4
Q47I:D61Q:D96Q:T113E,Q47I:D61Q:D96Q:T113E,4
Q47R:R60N:R98D:V107M,Q47R:R60N:R98D:V107M,4
Q47V:I92C:R98D:V109Q,Q47V:I92C:R98D:V109Q,4
A29H:Q47I:D61Q:V109Q,A29H:Q47I:D61Q:V109Q,4
Q47I:R60N:D61Q:V107M,Q47I:R60N:D61Q:V107M,4
Q47V:D61Q:R98D:V109Q,Q47V:D61Q:R98D:V109Q,4
A29K:Q47I:R60N:T113E,A29K:Q47I:R60N:T113E,4
A29K:Q47V:D96Q:V107M,A29K:Q47V:D96Q:V107M,4
Q47V:I92C:D96Q:V107M,Q47V:I92C:D96Q:V107M,4
A29K:Q47V:D96Q:T113E,A29K:Q47V:D96Q:T113E,4
Q47C:D96Q:R98D:V109Q,Q47C:D96Q:R98D:V109Q,4
A29H:Q47I:R60N:V107M,A29H:Q47I:R60N:V107M,4
Q47R:R60N:D61Q:V107M,Q47R:R60N:D61Q:V107M,4
Q47V:R60N:R98D:V107M,Q47V:R60N:R98D:V107M,4
Q47R:I92C:D96Q:V109Q,Q47R:I92C:D96Q:V109Q,4
Q47R:R60N:I92C:T113E,Q47R:R60N:I92C:T113E,4
A29K:Q47V:R60N:T113E,A29K:Q47V:R60N:T113E,4
A29H:Q47R:R60N:V109Q,A29H:Q47R:R60N:V109Q,4
A29H:Q47C:R60N:T113E,A29H:Q47C:R60N:T113E,4
A29H:Q47V:R98D:V109Q,A29H:Q47V:R98D:V109Q,4
Q47V:D61Q:D96Q:V109Q,Q47V:D61Q:D96Q:V109Q,4
Q47I:D61Q:I92C:V109Q,Q47I:D61Q:I92C:V109Q,4
Q47C:I92C:D96Q:V109Q,Q47C:I92C:D96Q:V109Q,4
A29K:Q47I:R98D:V109Q,A29K:Q47I:R98D:V109Q,4
A29K:Q47I:I92C:V109Q,A29K:Q47I:I92C:V109Q,4
Q47I:I92C:R98D:T113E,Q47I:I92C:R98D:T113E,4
A29H:Q47I:I92C:V109Q,A29H:Q47I:I92C:V109Q,4
Q47I:R60N:R98D:V107M,Q47I:R60N:R98D:V107M,4
Q47I:I92C:D96Q:T113E,Q47I:I92C:D96Q:T113E,4
A29H:Q47C:D96Q:V109Q,A29H:Q47C:D96Q:V109Q,4
Q47I:I92C:D96Q:V107M,Q47I:I92C:D96Q:V107M,4
G34T:Q47I:D96Q:V109Q,G34T:Q47I:D96Q:V109Q,4
G34T:Q47I:R60N:V109Q,G34T:Q47I:R60N:V109Q,4
Q47V:R60N:D61Q:T113E,Q47V:R60N:D61Q:T113E,4
Q47V:D96Q:R98D:V109Q,Q47V:D96Q:R98D:V109Q,4
Q47C:R60N:D61Q:T113E,Q47C:R60N:D61Q:T113E,4
Q47C:D61Q:D96Q:V109Q,Q47C:D61Q:D96Q:V109Q,4
G34T:Q47I:R60N:V107M,G34T:Q47I:R60N:V107M,4
A29H:Q47V:R60N:T113E,A29H:Q47V:R60N:T113E,4
Q47R:R60N:D96Q:T113E,Q47R:R60N:D96Q:T113E,4
A29K:Q47I:D96Q:V109Q,A29K:Q47I:D96Q:V109Q,4
A29H:Q47I:D96Q:V109Q,A29H:Q47I:D96Q:V109Q,4
Q47I:D61Q:R98D:V109Q,Q47I:D61Q:R98D:V109Q,4
A29K:Q47V:R98D:V109Q,A29K:Q47V:R98D:V109Q,4
Q47R:R60N:D96Q:V107M,Q47R:R60N:D96Q:V107M,4
A29K:Q47V:D96Q:V109Q,A29K:Q47V:D96Q:V109Q,4
Q47C:R60N:R98D:T113E,Q47C:R60N:R98D:T113E,4
Q47C:R60N:R98D:V107M,Q47C:R60N:R98D:V107M,4
A29K:Q47C:R60N:V107M,A29K:Q47C:R60N:V107M,4
G34T:Q47V:R60N:V107M,G34T:Q47V:R60N:V107M,4
A29H:Q47V:D96Q:V109Q,A29H:Q47V:D96Q:V109Q,4
Q47C:R60N:D61Q:V109Q,Q47C:R60N:D61Q:V109Q,4
A29H:Q47I:R98D:V109Q,A29H:Q47I:R98D:V109Q,4
G34T:Q47V:R60N:V109Q,G34T:Q47V:R60N:V109Q,4
Q47V:R60N:R98D:T113E,Q47V:R60N:R98D:T113E,4
Q47I:R60N:D96Q:V107M,Q47I:R60N:D96Q:V107M,4
A29K:Q47I:R60N:V109Q,A29K:Q47I:R60N:V109Q,4
A29H:Q47V:R60N:V107M,A29H:Q47V:R60N:V107M,4
Q47R:R60N:I92C:V109Q,Q47R:R60N:I92C:V109Q,4
Q47I:D61Q:D96Q:V109Q,Q47I:D61Q:D96Q:V109Q,4
Q47V:R60N:D96Q:V107M,Q47V:R60N:D96Q:V107M,4
Q47I:I92C:R98D:V109Q,Q47I:I92C:R98D:V109Q,4
A29H:Q47C:R60N:V109Q,A29H:Q47C:R60N:V109Q,4
A29K:Q47V:R60N:V109Q,A29K:Q47V:R60N:V109Q,4
Q47R:R60N:R98D:V109Q,Q47R:R60N:R98D:V109Q,4
Q47R:R60N:D96Q:V109Q,Q47R:R60N:D96Q:V109Q,4
Q47V:R60N:D96Q:T113E,Q47V:R60N:D96Q:T113E,4
Q47C:R60N:D96Q:T113E,Q47C:R60N:D96Q:T113E,4
Q47C:R60N:I92C:V107M,Q47C:R60N:I92C:V107M,4
A29H:Q47I:R60N:V109Q,A29H:Q47I:R60N:V109Q,4
Q47V:R60N:I92C:T113E,Q47V:R60N:I92C:T113E,4
A29K:Q47C:R60N:V109Q,A29K:Q47C:R60N:V109Q,4
Q47V:R60N:I92C:V109Q,Q47V:R60N:I92C:V109Q,4
Q47C:R60N:I92C:V109Q,Q47C:R60N:I92C:V109Q,4
Q47I:R60N:D96Q:T113E,Q47I:R60N:D96Q:T113E,4
Q47I:R60N:R98D:V109Q,Q47I:R60N:R98D:V109Q,4
Q47V:R60N:I92C:V107M,Q47V:R60N:I92C:V107M,4
Q47I:R60N:I92C:V107M,Q47I:R60N:I92C:V107M,4
Q47C:R60N:D96Q:V109Q,Q47C:R60N:D96Q:V109Q,4
Q47V:R60N:D96Q:V109Q,Q47V:R60N:D96Q:V109Q,4
Q47V:R60N:R98D:V109Q,Q47V:R60N:R98D:V109Q,4
T7S:V107M:V109Q:T113E,T7S:V107M:V109Q:T113E,4
A29H:D61Q:V107M:T113E,A29H:D61Q:V107M:T113E,4
D61Q:R98D:V107M:T113E,D61Q:R98D:V107M:T113E,4
T7H:V107M:V109Q:T113E,T7H:V107M:V109Q:T113E,4
G34T:D61Q:V107M:V109Q,G34T:D61Q:V107M:V109Q,4
D96Q:R98D:V107M:T113E,D96Q:R98D:V107M:T113E,4
G34T:D96Q:V107M:T113E,G34T:D96Q:V107M:T113E,4
A29H:R98D:V107M:T113E,A29H:R98D:V107M:T113E,4
G34T:I92C:V107M:T113E,G34T:I92C:V107M:T113E,4
G34T:I92C:V107M:V109Q,G34T:I92C:V107M:V109Q,4
R5D:V107M:V109Q:T113E,R5D:V107M:V109Q:T113E,4
A29H:D96Q:V107M:T113E,A29H:D96Q:V107M:T113E,4
A29K:R98D:V107M:T113E,A29K:R98D:V107M:T113E,4
G34T:D61Q:V107M:T113E,G34T:D61Q:V107M:T113E,4
A29H:D61Q:V107M:V109Q,A29H:D61Q:V107M:V109Q,4
D61Q:I92C:V107M:T113E,D61Q:I92C:V107M:T113E,4
I92C:R98D:V107M:V109Q,I92C:R98D:V107M:V109Q,4
G34T:D61Q:V109Q:T113E,G34T:D61Q:V109Q:T113E,4
I92C:R98D:V107M:T113E,I92C:R98D:V107M:T113E,4
A29H:I92C:V107M:T113E,A29H:I92C:V107M:T113E,4
D61Q:D96Q:V107M:T113E,D61Q:D96Q:V107M:T113E,4
A29H:G34T:V107M:V109Q,A29H:G34T:V107M:V109Q,4
G34T:R98D:V107M:V109Q,G34T:R98D:V107M:V109Q,4
A29H:I92C:V107M:V109Q,A29H:I92C:V107M:V109Q,4
G34T:D96Q:V107M:V109Q,G34T:D96Q:V107M:V109Q,4
G34T:R98D:V109Q:T113E,G34T:R98D:V109Q:T113E,4
A29H:R98D:V107M:V109Q,A29H:R98D:V107M:V109Q,4
D61Q:R98D:V107M:V109Q,D61Q:R98D:V107M:V109Q,4
R60N:D61Q:V109Q:T113E,R60N:D61Q:V109Q:T113E,4
G34T:R98D:V107M:T113E,G34T:R98D:V107M:T113E,4
A29H:D61Q:V109Q:T113E,A29H:D61Q:V109Q:T113E,4
R60N:D61Q:V107M:T113E,R60N:D61Q:V107M:T113E,4
A29H:R98D:V109Q:T113E,A29H:R98D:V109Q:T113E,4
A29H:D96Q:V107M:V109Q,A29H:D96Q:V107M:V109Q,4
A29K:D61Q:V107M:V109Q,A29K:D61Q:V107M:V109Q,4
R60N:D61Q:V107M:V109Q,R60N:D61Q:V107M:V109Q,4
G34T:Q47R:V107M:V109Q,G34T:Q47R:V107M:V109Q,4
G34T:Q47R:V107M:T113E,G34T:Q47R:V107M:T113E,4
I92C:D96Q:V107M:T113E,I92C:D96Q:V107M:T113E,4
A29H:G34T:V109Q:T113E,A29H:G34T:V109Q:T113E,4
D61Q:I92C:V109Q:T113E,D61Q:I92C:V109Q:T113E,4
A29H:R60N:V107M:T113E,A29H:R60N:V107M:T113E,4
A29K:G34T:V107M:T113E,A29K:G34T:V107M:T113E,4
G34T:I92C:V109Q:T113E,G34T:I92C:V109Q:T113E,4
G34T:R60N:V109Q:T113E,G34T:R60N:V109Q:T113E,4
D61Q:I92C:V107M:V109Q,D61Q:I92C:V107M:V109Q,4
Q47R:I92C:V107M:V109Q,Q47R:I92C:V107M:V109Q,4
A29K:G34T:V107M:V109Q,A29K:G34T:V107M:V109Q,4
A29H:I92C:V109Q:T113E,A29H:I92C:V109Q:T113E,4
A29K:G34T:V109Q:T113E,A29K:G34T:V109Q:T113E,4
G34T:D96Q:V109Q:T113E,G34T:D96Q:V109Q:T113E,4
A29K:D61Q:V107M:T113E,A29K:D61Q:V107M:T113E,4
Q47R:R98D:V107M:T113E,Q47R:R98D:V107M:T113E,4
A29K:Q47R:V107M:T113E,A29K:Q47R:V107M:T113E,4
D96Q:R98D:V107M:V109Q,D96Q:R98D:V107M:V109Q,4
A29K:D96Q:V107M:T113E,A29K:D96Q:V107M:T113E,4
Q47R:D61Q:V107M:V109Q,Q47R:D61Q:V107M:V109Q,4
R60N:R98D:V107M:T113E,R60N:R98D:V107M:T113E,4
I92C:R98D:V109Q:T113E,I92C:R98D:V109Q:T113E,4
D61Q:D96Q:V109Q:T113E,D61Q:D96Q:V109Q:T113E,4
R60N:I92C:V107M:T113E,R60N:I92C:V107M:T113E,4
A29K:I92C:V107M:V109Q,A29K:I92C:V107M:V109Q,4
Q47R:I92C:V107M:T113E,Q47R:I92C:V107M:T113E,4
A29K:R98D:V109Q:T113E,A29K:R98D:V109Q:T113E,4
A29H:G34T:V107M:T113E,A29H:G34T:V107M:T113E,4
G34T:R60N:V107M:T113E,G34T:R60N:V107M:T113E,4
A29K:Q47R:V109Q:T113E,A29K:Q47R:V109Q:T113E,4
G3E:V107M:V109Q:T113E,G3E:V107M:V109Q:T113E,4
A29K:D61Q:V109Q:T113E,A29K:D61Q:V109Q:T113E,4
D61Q:R98D:V109Q:T113E,D61Q:R98D:V109Q:T113E,4
A29H:Q47R:V107M:V109Q,A29H:Q47R:V107M:V109Q,4
L4N:V107M:V109Q:T113E,L4N:V107M:V109Q:T113E,4
Q47R:D61Q:V107M:T113E,Q47R:D61Q:V107M:T113E,4
Q47R:D61Q:V109Q:T113E,Q47R:D61Q:V109Q:T113E,4
A29H:R60N:V107M:V109Q,A29H:R60N:V107M:V109Q,4
G34T:Q47R:V109Q:T113E,G34T:Q47R:V109Q:T113E,4
A29K:D96Q:V109Q:T113E,A29K:D96Q:V109Q:T113E,4
D96Q:R98D:V109Q:T113E,D96Q:R98D:V109Q:T113E,4
D61Q:D96Q:V107M:V109Q,D61Q:D96Q:V107M:V109Q,4
A29H:Q47R:V109Q:T113E,A29H:Q47R:V109Q:T113E,4
A29K:R98D:V107M:V109Q,A29K:R98D:V107M:V109Q,4
A29H:D96Q:V109Q:T113E,A29H:D96Q:V109Q:T113E,4
G34T:R60N:V107M:V109Q,G34T:R60N:V107M:V109Q,4
Q47R:R98D:V107M:V109Q,Q47R:R98D:V107M:V109Q,4
A29K:R60N:V107M:T113E,A29K:R60N:V107M:T113E,4
G34T:Q47V:V109Q:T113E,G34T:Q47V:V109Q:T113E,4
R60N:I92C:V109Q:T113E,R60N:I92C:V109Q:T113E,4
Q47R:D96Q:V107M:T113E,Q47R:D96Q:V107M:T113E,4
A29K:Q47R:V107M:V109Q,A29K:Q47R:V107M:V109Q,4
R60N:R98D:V107M:V109Q,R60N:R98D:V107M:V109Q,4
Q47R:R98D:V109Q:T113E,Q47R:R98D:V109Q:T113E,4
A29H:Q47R:V107M:T113E,A29H:Q47R:V107M:T113E,4
G34T:Q47V:V107M:T113E,G34T:Q47V:V107M:T113E,4
R60N:D96Q:V107M:T113E,R60N:D96Q:V107M:T113E,4
R60N:R98D:V109Q:T113E,R60N:R98D:V109Q:T113E,4
A29H:Q47C:V109Q:T113E,A29H:Q47C:V109Q:T113E,4
Q47I:R98D:V107M:T113E,Q47I:R98D:V107M:T113E,4
A29K:I92C:V107M:T113E,A29K:I92C:V107M:T113E,4
G34T:Q47I:V107M:T113E,G34T:Q47I:V107M:T113E,4
G34T:Q47C:V107M:T113E,G34T:Q47C:V107M:T113E,4
A29H:R60N:V109Q:T113E,A29H:R60N:V109Q:T113E,4
Q47V:I92C:V107M:T113E,Q47V:I92C:V107M:T113E,4
R60N:I92C:V107M:V109Q,R60N:I92C:V107M:V109Q,4
Q47V:R98D:V107M:T113E,Q47V:R98D:V107M:T113E,4
G34T:Q47I:V107M:V109Q,G34T:Q47I:V107M:V109Q,4
Q47I:D61Q:V109Q:T113E,Q47I:D61Q:V109Q:T113E,4
I92C:D96Q:V109Q:T113E,I92C:D96Q:V109Q:T113E,4
Q47R:I92C:V109Q:T113E,Q47R:I92C:V109Q:T113E,4
Q47V:D61Q:V107M:T113E,Q47V:D61Q:V107M:T113E,4
A29H:Q47V:V107M:V109Q,A29H:Q47V:V107M:V109Q,4
A29H:Q47V:V109Q:T113E,A29H:Q47V:V109Q:T113E,4
Q47C:D96Q:V107M:T113E,Q47C:D96Q:V107M:T113E,4
Q47V:D61Q:V107M:V109Q,Q47V:D61Q:V107M:V109Q,4
Q47V:D61Q:V109Q:T113E,Q47V:D61Q:V109Q:T113E,4
R60N:D96Q:V109Q:T113E,R60N:D96Q:V109Q:T113E,4
Q47C:R98D:V107M:T113E,Q47C:R98D:V107M:T113E,4
G34T:Q47I:V109Q:T113E,G34T:Q47I:V109Q:T113E,4
R60N:D96Q:V107M:V109Q,R60N:D96Q:V107M:V109Q,4
Q47C:D61Q:V109Q:T113E,Q47C:D61Q:V109Q:T113E,4
A29H:Q47V:V107M:T113E,A29H:Q47V:V107M:T113E,4
G34T:Q47C:V109Q:T113E,G34T:Q47C:V109Q:T113E,4
Q47I:D61Q:V107M:T113E,Q47I:D61Q:V107M:T113E,4
A29K:Q47V:V109Q:T113E,A29K:Q47V:V109Q:T113E,4
A29H:Q47C:V107M:T113E,A29H:Q47C:V107M:T113E,4
A29H:Q47I:V109Q:T113E,A29H:Q47I:V109Q:T113E,4
Q47V:I92C:V109Q:T113E,Q47V:I92C:V109Q:T113E,4
Q47C:I92C:V107M:T113E,Q47C:I92C:V107M:T113E,4
Q47I:I92C:V107M:T113E,Q47I:I92C:V107M:T113E,4
Q47V:D96Q:V107M:T113E,Q47V:D96Q:V107M:T113E,4
Q47C:I92C:V109Q:T113E,Q47C:I92C:V109Q:T113E,4
A29K:Q47V:V107M:T113E,A29K:Q47V:V107M:T113E,4
A29H:Q47I:V107M:T113E,A29H:Q47I:V107M:T113E,4
A29K:Q47C:V109Q:T113E,A29K:Q47C:V109Q:T113E,4
Q47R:D96Q:V109Q:T113E,Q47R:D96Q:V109Q:T113E,4
A29K:Q47C:V107M:T113E,A29K:Q47C:V107M:T113E,4
A29K:Q47I:V107M:V109Q,A29K:Q47I:V107M:V109Q,4
A29K:Q47I:V107M:T113E,A29K:Q47I:V107M:T113E,4
A29K:Q47I:V109Q:T113E,A29K:Q47I:V109Q:T113E,4
Q47V:R98D:V107M:V109Q,Q47V:R98D:V107M:V109Q,4
A29H:Q47I:V107M:V109Q,A29H:Q47I:V107M:V109Q,4
Q47C:D61Q:V107M:T113E,Q47C:D61Q:V107M:T113E,4
Q47V:R98D:V109Q:T113E,Q47V:R98D:V109Q:T113E,4
G34T:Q47V:V107M:V109Q,G34T:Q47V:V107M:V109Q,4
Q47C:D61Q:V107M:V109Q,Q47C:D61Q:V107M:V109Q,4
Q47C:R98D:V109Q:T113E,Q47C:R98D:V109Q:T113E,4
Q47R:R60N:V107M:T113E,Q47R:R60N:V107M:T113E,4
A29K:Q47C:V107M:V109Q,A29K:Q47C:V107M:V109Q,4
Q47V:I92C:V107M:V109Q,Q47V:I92C:V107M:V109Q,4
Q47I:D96Q:V107M:T113E,Q47I:D96Q:V107M:T113E,4
Q47C:D96Q:V109Q:T113E,Q47C:D96Q:V109Q:T113E,4
Q47I:I92C:V109Q:T113E,Q47I:I92C:V109Q:T113E,4
Q47I:D61Q:V107M:V109Q,Q47I:D61Q:V107M:V109Q,4
Q47C:D96Q:V107M:V109Q,Q47C:D96Q:V107M:V109Q,4
Q47C:I92C:V107M:V109Q,Q47C:I92C:V107M:V109Q,4
Q47C:R98D:V107M:V109Q,Q47C:R98D:V107M:V109Q,4
A29K:Q47V:V107M:V109Q,A29K:Q47V:V107M:V109Q,4
Q47V:D96Q:V107M:V109Q,Q47V:D96Q:V107M:V109Q,4
G34T:Q47C:V107M:V109Q,G34T:Q47C:V107M:V109Q,4
Q47V:D96Q:V109Q:T113E,Q47V:D96Q:V109Q:T113E,4
Q47R:R60N:V109Q:T113E,Q47R:R60N:V109Q:T113E,4
Q47I:R60N:V107M:T113E,Q47I:R60N:V107M:T113E,4
Q47I:R98D:V109Q:T113E,Q47I:R98D:V109Q:T113E,4
Q47V:R60N:V107M:T113E,Q47V:R60N:V107M:T113E,4
Q47I:D96Q:V109Q:T113E,Q47I:D96Q:V109Q:T113E,4
Q47I:R60N:V109Q:T113E,Q47I:R60N:V109Q:T113E,4
Q47V:R60N:V109Q:T113E,Q47V:R60N:V109Q:T113E,4
Q47I:R98D:V107M:V109Q,Q47I:R98D:V107M:V109Q,4
Q47C:R60N:V107M:T113E,Q47C:R60N:V107M:T113E,4
Q47I:R60N:V107M:V109Q,Q47I:R60N:V107M:V109Q,4
Q47V:R60N:V107M:V109Q,Q47V:R60N:V107M:V109Q,4
D61Q:V107M:V109Q:T113E,D61Q:V107M:V109Q:T113E,4
R98D:V107M:V109Q:T113E,R98D:V107M:V109Q:T113E,4
I92C:V107M:V109Q:T113E,I92C:V107M:V109Q:T113E,4
R60N:V107M:V109Q:T113E,R60N:V107M:V109Q:T113E,4
G34T:V107M:V109Q:T113E,G34T:V107M:V109Q:T113E,4
A29H:V107M:V109Q:T113E,A29H:V107M:V109Q:T113E,4
D96Q:V107M:V109Q:T113E,D96Q:V107M:V109Q:T113E,4
A29K:V107M:V109Q:T113E,A29K:V107M:V109Q:T113E,4
Q47R:V107M:V109Q:T113E,Q47R:V107M:V109Q:T113E,4
Q47I:V107M:V109Q:T113E,Q47I:V107M:V109Q:T113E,4
Q47V:V107M:V109Q:T113E,Q47V:V107M:V109Q:T113E,4
G3E:L4N:R5D:T7S:R60N,G3E:L4N:R5D:T7S:R60N,5
G3E:L4N:R5D:T7S:D61Q,G3E:L4N:R5D:T7S:D61Q,5
G3E:L4N:R5D:T7S:A29H,G3E:L4N:R5D:T7S:A29H,5
G3E:L4N:R5D:T7S:A29K,G3E:L4N:R5D:T7S:A29K,5
G3E:L4N:R5D:T7S:G34T,G3E:L4N:R5D:T7S:G34T,5
G3E:L4N:R5D:T7H:A29H,G3E:L4N:R5D:T7H:A29H,5
G3E:L4N:R5D:T7S:R98D,G3E:L4N:R5D:T7S:R98D,5
G3E:L4N:R5D:T7S:D96Q,G3E:L4N:R5D:T7S:D96Q,5
G3E:L4N:R5D:T7S:Q47R,G3E:L4N:R5D:T7S:Q47R,5
G3E:L4N:R5D:T7H:R60N,G3E:L4N:R5D:T7H:R60N,5
G3E:L4N:R5D:T7S:I92C,G3E:L4N:R5D:T7S:I92C,5
G3E:L4N:R5D:T7H:D61Q,G3E:L4N:R5D:T7H:D61Q,5
G3E:L4N:R5D:T7S:Q47I,G3E:L4N:R5D:T7S:Q47I,5
G3E:L4N:R5D:T7S:Q47C,G3E:L4N:R5D:T7S:Q47C,5
G3E:L4N:R5D:T7H:R98D,G3E:L4N:R5D:T7H:R98D,5
G3E:L4N:R5D:T7H:G34T,G3E:L4N:R5D:T7H:G34T,5
G3E:L4N:R5D:T7H:A29K,G3E:L4N:R5D:T7H:A29K,5
G3E:L4N:R5D:T7H:I92C,G3E:L4N:R5D:T7H:I92C,5
G3E:L4N:R5D:T7H:D96Q,G3E:L4N:R5D:T7H:D96Q,5
G3E:L4N:R5D:T7S:Q47V,G3E:L4N:R5D:T7S:Q47V,5
G3E:L4N:R5D:T7H:Q47R,G3E:L4N:R5D:T7H:Q47R,5
G3E:L4N:R5D:T7H:Q47I,G3E:L4N:R5D:T7H:Q47I,5
G3E:L4N:R5D:T7H:Q47V,G3E:L4N:R5D:T7H:Q47V,5
G3E:L4N:R5D:T7H:Q47C,G3E:L4N:R5D:T7H:Q47C,5
G3E:R5D:T7S:A29H:D61Q,G3E:R5D:T7S:A29H:D61Q,5
G3E:R5D:T7S:R60N:D96Q,G3E:R5D:T7S:R60N:D96Q,5
G3E:R5D:T7S:A29K:G34T,G3E:R5D:T7S:A29K:G34T,5
L4N:R5D:T7S:A29H:G34T,L4N:R5D:T7S:A29H:G34T,5
L4N:R5D:T7S:A29H:D61Q,L4N:R5D:T7S:A29H:D61Q,5
G3E:R5D:T7S:G34T:D61Q,G3E:R5D:T7S:G34T:D61Q,5
G3E:R5D:T7S:A29H:I92C,G3E:R5D:T7S:A29H:I92C,5
G3E:R5D:T7S:A29K:Q47R,G3E:R5D:T7S:A29K:Q47R,5
G3E:R5D:T7S:A29K:R60N,G3E:R5D:T7S:A29K:R60N,5
G3E:R5D:T7S:A29H:G34T,G3E:R5D:T7S:A29H:G34T,5
L4N:R5D:T7S:A29H:R60N,L4N:R5D:T7S:A29H:R60N,5
G3E:R5D:T7S:A29H:D96Q,G3E:R5D:T7S:A29H:D96Q,5
G3E:R5D:T7S:D61Q:R98D,G3E:R5D:T7S:D61Q:R98D,5
G3E:R5D:T7S:R60N:I92C,G3E:R5D:T7S:R60N:I92C,5
G3E:R5D:T7S:D61Q:I92C,G3E:R5D:T7S:D61Q:I92C,5
G3E:R5D:T7S:A29K:D61Q,G3E:R5D:T7S:A29K:D61Q,5
G3E:R5D:T7S:Q47R:D61Q,G3E:R5D:T7S:Q47R:D61Q,5
G3E:R5D:T7S:A29H:Q47I,G3E:R5D:T7S:A29H:Q47I,5
G3E:R5D:T7S:R60N:D61Q,G3E:R5D:T7S:R60N:D61Q,5
G3E:L4N:R5D:A29H:D61Q,G3E:L4N:R5D:A29H:D61Q,5
G3E:R5D:T7S:A29K:R98D,G3E:R5D:T7S:A29K:R98D,5
G3E:R5D:T7H:D61Q:I92C,G3E:R5D:T7H:D61Q:I92C,5
G3E:R5D:T7H:A29H:D61Q,G3E:R5D:T7H:A29H:D61Q,5
G3E:R5D:T7S:D61Q:D96Q,G3E:R5D:T7S:D61Q:D96Q,5
L4N:R5D:T7S:R60N:I92C,L4N:R5D:T7S:R60N:I92C,5
G3E:R5D:T7H:A29H:G34T,G3E:R5D:T7H:A29H:G34T,5
L4N:R5D:T7S:D61Q:R98D,L4N:R5D:T7S:D61Q:R98D,5
G3E:R5D:T7S:G34T:R60N,G3E:R5D:T7S:G34T:R60N,5
G3E:R5D:T7S:Q47R:I92C,G3E:R5D:T7S:Q47R:I92C,5
L4N:R5D:T7S:A29K:R60N,L4N:R5D:T7S:A29K:R60N,5
L4N:R5D:T7S:D61Q:I92C,L4N:R5D:T7S:D61Q:I92C,5
G3E:L4N:T7S:D61Q:I92C,G3E:L4N:T7S:D61Q:I92C,5
G3E:R5D:T7S:G34T:Q47V,G3E:R5D:T7S:G34T:Q47V,5
G3E:R5D:T7S:A29H:Q47V,G3E:R5D:T7S:A29H:Q47V,5
G3E:R5D:T7S:I92C:R98D,G3E:R5D:T7S:I92C:R98D,5
G3E:R5D:T7S:G34T:R98D,G3E:R5D:T7S:G34T:R98D,5
G3E:R5D:T7S:A29H:R60N,G3E:R5D:T7S:A29H:R60N,5
G3E:L4N:R5D:T7S:V107M,G3E:L4N:R5D:T7S:V107M,5
G3E:L4N:R5D:T7S:V109Q,G3E:L4N:R5D:T7S:V109Q,5
G3E:R5D:T7S:Q47V:R98D,G3E:R5D:T7S:Q47V:R98D,5
G3E:R5D:T7S:A29K:Q47V,G3E:R5D:T7S:A29K:Q47V,5
L4N:R5D:T7S:G34T:D61Q,L4N:R5D:T7S:G34T:D61Q,5
L4N:R5D:T7S:A29H:I92C,L4N:R5D:T7S:A29H:I92C,5
L4N:R5D:T7S:I92C:R98D,L4N:R5D:T7S:I92C:R98D,5
G3E:R5D:T7S:Q47C:D61Q,G3E:R5D:T7S:Q47C:D61Q,5
G3E:R5D:T7H:G34T:D61Q,G3E:R5D:T7H:G34T:D61Q,5
G3E:R5D:T7S:Q47R:R98D,G3E:R5D:T7S:Q47R:R98D,5
G3E:R5D:T7S:A29H:R98D,G3E:R5D:T7S:A29H:R98D,5
L4N:R5D:T7S:Q47R:D61Q,L4N:R5D:T7S:Q47R:D61Q,5
G3E:R5D:T7S:Q47V:D61Q,G3E:R5D:T7S:Q47V:D61Q,5
L4N:R5D:T7S:G34T:R60N,L4N:R5D:T7S:G34T:R60N,5
G3E:R5D:T7S:Q47I:D61Q,G3E:R5D:T7S:Q47I:D61Q,5
L4N:R5D:T7S:A29K:G34T,L4N:R5D:T7S:A29K:G34T,5
G3E:L4N:R5D:G34T:D61Q,G3E:L4N:R5D:G34T:D61Q,5
L4N:R5D:T7S:G34T:Q47R,L4N:R5D:T7S:G34T:Q47R,5
G3E:R5D:T7S:G34T:D96Q,G3E:R5D:T7S:G34T:D96Q,5
G3E:R5D:T7H:D61Q:R98D,G3E:R5D:T7H:D61Q:R98D,5
G3E:R5D:T7S:A29K:I92C,G3E:R5D:T7S:A29K:I92C,5
G3E:R5D:T7S:Q47I:R60N,G3E:R5D:T7S:Q47I:R60N,5
G3E:R5D:T7H:A29K:D61Q,G3E:R5D:T7H:A29K:D61Q,5
G3E:R5D:T7S:D96Q:R98D,G3E:R5D:T7S:D96Q:R98D,5
L4N:R5D:T7S:R60N:D96Q,L4N:R5D:T7S:R60N:D96Q,5
L4N:R5D:T7S:R60N:D61Q,L4N:R5D:T7S:R60N:D61Q,5
L4N:R5D:T7S:Q47I:D61Q,L4N:R5D:T7S:Q47I:D61Q,5
G3E:R5D:T7S:Q47V:I92C,G3E:R5D:T7S:Q47V:I92C,5
G3E:R5D:T7S:A29K:Q47C,G3E:R5D:T7S:A29K:Q47C,5
G3E:R5D:T7H:R60N:D61Q,G3E:R5D:T7H:R60N:D61Q,5
L4N:R5D:T7S:A29K:D61Q,L4N:R5D:T7S:A29K:D61Q,5
G3E:L4N:R5D:T7S:T113E,G3E:L4N:R5D:T7S:T113E,5
G3E:R5D:T7H:A29H:R60N,G3E:R5D:T7H:A29H:R60N,5
G3E:R5D:T7H:A29H:R98D,G3E:R5D:T7H:A29H:R98D,5
G3E:R5D:T7S:R60N:R98D,G3E:R5D:T7S:R60N:R98D,5
G3E:R5D:T7H:A29K:R60N,G3E:R5D:T7H:A29K:R60N,5
L4N:R5D:T7S:A29H:Q47R,L4N:R5D:T7S:A29H:Q47R,5
G3E:R5D:T7S:G34T:Q47R,G3E:R5D:T7S:G34T:Q47R,5
G3E:R5D:T7S:G34T:I92C,G3E:R5D:T7S:G34T:I92C,5
G3E:R5D:T7S:Q47R:D96Q,G3E:R5D:T7S:Q47R:D96Q,5
G3E:R5D:T7S:Q47I:I92C,G3E:R5D:T7S:Q47I:I92C,5
L4N:R5D:T7H:A29H:D61Q,L4N:R5D:T7H:A29H:D61Q,5
G3E:R5D:T7H:A29K:R98D,G3E:R5D:T7H:A29K:R98D,5
G3E:L4N:T7S:G34T:D61Q,G3E:L4N:T7S:G34T:D61Q,5
G3E:R5D:T7S:A29H:Q47R,G3E:R5D:T7S:A29H:Q47R,5
G3E:L4N:R5D:A29H:R60N,G3E:L4N:R5D:A29H:R60N,5
L4N:R5D:T7S:A29H:Q47I,L4N:R5D:T7S:A29H:Q47I,5
G3E:L4N:R5D:A29K:D61Q,G3E:L4N:R5D:A29K:D61Q,5
L4N:R5D:T7S:A29H:Q47C,L4N:R5D:T7S:A29H:Q47C,5
L4N:R5D:T7S:A29H:R98D,L4N:R5D:T7S:A29H:R98D,5
G3E:R5D:T7H:A29K:G34T,G3E:R5D:T7H:A29K:G34T,5
G3E:R5D:T7S:A29K:Q47I,G3E:R5D:T7S:A29K:Q47I,5
L4N:R5D:T7H:G34T:D61Q,L4N:R5D:T7H:G34T:D61Q,5
L4N:R5D:T7S:Q47R:R60N,L4N:R5D:T7S:Q47R:R60N,5
L4N:R5D:T7S:Q47R:R98D,L4N:R5D:T7S:Q47R:R98D,5
G3E:R5D:T7S:G34T:Q47C,G3E:R5D:T7S:G34T:Q47C,5
L4N:R5D:T7S:R60N:R98D,L4N:R5D:T7S:R60N:R98D,5
L4N:R5D:T7S:Q47V:D61Q,L4N:R5D:T7S:Q47V:D61Q,5
G3E:R5D:T7H:A29H:I92C,G3E:R5D:T7H:A29H:I92C,5
G3E:L4N:R5D:A29H:G34T,G3E:L4N:R5D:A29H:G34T,5
G3E:R5D:T7H:D61Q:D96Q,G3E:R5D:T7H:D61Q:D96Q,5
G3E:R5D:T7S:A29H:Q47C,G3E:R5D:T7S:A29H:Q47C,5
G3E:L4N:R5D:A29H:R98D,G3E:L4N:R5D:A29H:R98D,5
G3E:R5D:T7S:Q47I:R98D,G3E:R5D:T7S:Q47I:R98D,5
L4N:R5D:T7S:A29H:Q47V,L4N:R5D:T7S:A29H:Q47V,5
G3E:R5D:T7S:Q47I:D96Q,G3E:R5D:T7S:Q47I:D96Q,5
L4N:R5D:T7S:D96Q:R98D,L4N:R5D:T7S:D96Q:R98D,5
G3E:R5D:T7S:I92C:D96Q,G3E:R5D:T7S:I92C:D96Q,5
G3E:L4N:T7S:A29H:Q47R,G3E:L4N:T7S:A29H:Q47R,5
G3E:R5D:T7S:G34T:Q47I,G3E:R5D:T7S:G34T:Q47I,5
G3E:L4N:T7S:A29H:R98D,G3E:L4N:T7S:A29H:R98D,5
L4N:R5D:T7S:G34T:I92C,L4N:R5D:T7S:G34T:I92C,5
G3E:L4N:R5D:D61Q:D96Q,G3E:L4N:R5D:D61Q:D96Q,5
G3E:L4N:R5D:T7H:V107M,G3E:L4N:R5D:T7H:V107M,5
G3E:L4N:R5D:R60N:D96Q,G3E:L4N:R5D:R60N:D96Q,5
G3E:R5D:T7S:Q47R:R60N,G3E:R5D:T7S:Q47R:R60N,5
G3E:L4N:R5D:A29K:R60N,G3E:L4N:R5D:A29K:R60N,5
L4N:R5D:T7S:I92C:D96Q,L4N:R5D:T7S:I92C:D96Q,5
G3E:R5D:T7H:A29K:Q47R,G3E:R5D:T7H:A29K:Q47R,5
G3E:R5D:T7H:G34T:R98D,G3E:R5D:T7H:G34T:R98D,5
G3E:L4N:R5D:R60N:D61Q,G3E:L4N:R5D:R60N:D61Q,5
G3E:L4N:T7S:G34T:R60N,G3E:L4N:T7S:G34T:R60N,5
G3E:R5D:T7H:G34T:I92C,G3E:R5D:T7H:G34T:I92C,5
L4N:R5D:T7S:D61Q:D96Q,L4N:R5D:T7S:D61Q:D96Q,5
L4N:R5D:T7S:A29H:D96Q,L4N:R5D:T7S:A29H:D96Q,5
G3E:L4N:T7S:A29H:D61Q,G3E:L4N:T7S:A29H:D61Q,5
L4N:R5D:T7H:A29H:I92C,L4N:R5D:T7H:A29H:I92C,5
G3E:R5D:T7H:D96Q:R98D,G3E:R5D:T7H:D96Q:R98D,5
L4N:R5D:T7S:G34T:D96Q,L4N:R5D:T7S:G34T:D96Q,5
G3E:R5D:T7S:A29K:D96Q,G3E:R5D:T7S:A29K:D96Q,5
G3E:R5D:T7H:A29K:D96Q,G3E:R5D:T7H:A29K:D96Q,5
L4N:R5D:T7S:G34T:R98D,L4N:R5D:T7S:G34T:R98D,5
G3E:L4N:T7H:A29H:G34T,G3E:L4N:T7H:A29H:G34T,5
G3E:L4N:T7S:Q47I:D61Q,G3E:L4N:T7S:Q47I:D61Q,5
G3E:R5D:T7S:Q47C:R98D,G3E:R5D:T7S:Q47C:R98D,5
G3E:L4N:T7S:A29H:G34T,G3E:L4N:T7S:A29H:G34T,5
G3E:L4N:R5D:D61Q:I92C,G3E:L4N:R5D:D61Q:I92C,5
L4N:R5D:T7S:A29K:R98D,L4N:R5D:T7S:A29K:R98D,5
G3E:R5D:T7S:Q47V:D96Q,G3E:R5D:T7S:Q47V:D96Q,5
G3E:L4N:T7H:A29H:D61Q,G3E:L4N:T7H:A29H:D61Q,5
G3E:R5D:T7H:I92C:R98D,G3E:R5D:T7H:I92C:R98D,5
G3E:L4N:T7S:A29K:R60N,G3E:L4N:T7S:A29K:R60N,5
L4N:R5D:T7S:A29K:Q47I,L4N:R5D:T7S:A29K:Q47I,5
L4N:R5D:T7S:Q47V:R98D,L4N:R5D:T7S:Q47V:R98D,5
G3E:R5D:T7H:I92C:D96Q,G3E:R5D:T7H:I92C:D96Q,5
G3E:R5D:T7S:Q47C:D96Q,G3E:R5D:T7S:Q47C:D96Q,5
G3E:L4N:T7S:Q47C:D61Q,G3E:L4N:T7S:Q47C:D61Q,5
G3E:R5D:T7H:A29K:I92C,G3E:R5D:T7H:A29K:I92C,5
G3E:L4N:R5D:G34T:I92C,G3E:L4N:R5D:G34T:I92C,5
G3E:R5D:T7H:A29H:Q47R,G3E:R5D:T7H:A29H:Q47R,5
G3E:L4N:T7S:D61Q:R98D,G3E:L4N:T7S:D61Q:R98D,5
G3E:L4N:T7S:G34T:I92C,G3E:L4N:T7S:G34T:I92C,5
G3E:L4N:R5D:D61Q:R98D,G3E:L4N:R5D:D61Q:R98D,5
G3E:L4N:R5D:A29H:I92C,G3E:L4N:R5D:A29H:I92C,5
G3E:L4N:T7S:I92C:R98D,G3E:L4N:T7S:I92C:R98D,5
L4N:R5D:T7S:A29K:Q47R,L4N:R5D:T7S:A29K:Q47R,5
G3E:L4N:T7S:Q47R:R98D,G3E:L4N:T7S:Q47R:R98D,5
G3E:L4N:T7S:A29H:D96Q,G3E:L4N:T7S:A29H:D96Q,5
G3E:L4N:T7S:G34T:Q47R,G3E:L4N:T7S:G34T:Q47R,5
L4N:R5D:T7S:G34T:Q47I,L4N:R5D:T7S:G34T:Q47I,5
L4N:R5D:T7S:Q47C:D61Q,L4N:R5D:T7S:Q47C:D61Q,5
L4N:R5D:T7S:Q47V:I92C,L4N:R5D:T7S:Q47V:I92C,5
G3E:L4N:T7S:A29H:I92C,G3E:L4N:T7S:A29H:I92C,5
G3E:L4N:R5D:A29K:G34T,G3E:L4N:R5D:A29K:G34T,5
G3E:L4N:R5D:G34T:Q47R,G3E:L4N:R5D:G34T:Q47R,5
L4N:R5D:T7S:A29K:D96Q,L4N:R5D:T7S:A29K:D96Q,5
G3E:L4N:R5D:D96Q:R98D,G3E:L4N:R5D:D96Q:R98D,5
G3E:R5D:T7H:G34T:Q47R,G3E:R5D:T7H:G34T:Q47R,5
L4N:R5D:T7H:R60N:D61Q,L4N:R5D:T7H:R60N:D61Q,5
L4N:R5D:T7S:A29K:I92C,L4N:R5D:T7S:A29K:I92C,5
G3E:L4N:R5D:Q47V:D61Q,G3E:L4N:R5D:Q47V:D61Q,5
L4N:R5D:T7H:D61Q:R98D,L4N:R5D:T7H:D61Q:R98D,5
G3E:L4N:R5D:Q47R:D61Q,G3E:L4N:R5D:Q47R:D61Q,5
L4N:R5D:T7S:A29K:Q47V,L4N:R5D:T7S:A29K:Q47V,5
G3E:R5D:T7H:Q47R:I92C,G3E:R5D:T7H:Q47R:I92C,5
G3E:R5D:T7H:Q47R:D61Q,G3E:R5D:T7H:Q47R:D61Q,5
L4N:R5D:T7S:G34T:Q47V,L4N:R5D:T7S:G34T:Q47V,5
G3E:L4N:R5D:T7H:T113E,G3E:L4N:R5D:T7H:T113E,5
G3E:R5D:T7H:R60N:R98D,G3E:R5D:T7H:R60N:R98D,5
G3E:L4N:T7S:Q47R:D61Q,G3E:L4N:T7S:Q47R:D61Q,5
G3E:L4N:R5D:T7H:V109Q,G3E:L4N:R5D:T7H:V109Q,5
L4N:R5D:T7H:A29H:R98D,L4N:R5D:T7H:A29H:R98D,5
G3E:L4N:R5D:A29H:D96Q,G3E:L4N:R5D:A29H:D96Q,5
L4N:R5D:T7H:A29H:D96Q,L4N:R5D:T7H:A29H:D96Q,5
L4N:R5D:T7H:A29H:G34T,L4N:R5D:T7H:A29H:G34T,5
L4N:R5D:T7H:A29K:D61Q,L4N:R5D:T7H:A29K:D61Q,5
G3E:L4N:T7H:D61Q:R98D,G3E:L4N:T7H:D61Q:R98D,5
G3E:R5D:T7H:A29H:D96Q,G3E:R5D:T7H:A29H:D96Q,5
G3E:L4N:T7S:G34T:Q47I,G3E:L4N:T7S:G34T:Q47I,5
L4N:R5D:T7H:A29K:D96Q,L4N:R5D:T7H:A29K:D96Q,5
G3E:L4N:R5D:G34T:Q47V,G3E:L4N:R5D:G34T:Q47V,5
L4N:R5D:T7S:A29K:Q47C,L4N:R5D:T7S:A29K:Q47C,5
L4N:R5D:T7S:Q47I:R98D,L4N:R5D:T7S:Q47I:R98D,5
G3E:L4N:R5D:R60N:I92C,G3E:L4N:R5D:R60N:I92C,5
G3E:L4N:T7S:D61Q:D96Q,G3E:L4N:T7S:D61Q:D96Q,5
G3E:L4N:T7S:D96Q:R98D,G3E:L4N:T7S:D96Q:R98D,5
G3E:L4N:T7H:A29K:D96Q,G3E:L4N:T7H:A29K:D96Q,5
G3E:L4N:T7S:A29H:Q47I,G3E:L4N:T7S:A29H:Q47I,5
G3E:L4N:R5D:A29K:R98D,G3E:L4N:R5D:A29K:R98D,5
G3E:R5D:T7H:R60N:I92C,G3E:R5D:T7H:R60N:I92C,5
L4N:R5D:T7H:D61Q:I92C,L4N:R5D:T7H:D61Q:I92C,5
G3E:L4N:T7H:I92C:R98D,G3E:L4N:T7H:I92C:R98D,5
G3E:L4N:T7S:R60N:D61Q,G3E:L4N:T7S:R60N:D61Q,5
L4N:R5D:T7S:Q47R:D96Q,L4N:R5D:T7S:Q47R:D96Q,5
G3E:R5D:T7H:A29H:Q47I,G3E:R5D:T7H:A29H:Q47I,5
G3E:L4N:T7S:R60N:D96Q,G3E:L4N:T7S:R60N:D96Q,5
G3E:L4N:T7S:A29H:Q47V,G3E:L4N:T7S:A29H:Q47V,5
G3E:L4N:T7H:R60N:D61Q,G3E:L4N:T7H:R60N:D61Q,5
L4N:R5D:T7S:Q47V:D96Q,L4N:R5D:T7S:Q47V:D96Q,5
L4N:R5D:T7S:Q47C:I92C,L4N:R5D:T7S:Q47C:I92C,5
L4N:R5D:T7S:Q47I:I92C,L4N:R5D:T7S:Q47I:I92C,5
G3E:R5D:T7H:A29K:Q47V,G3E:R5D:T7H:A29K:Q47V,5
G3E:L4N:R5D:A29K:Q47C,G3E:L4N:R5D:A29K:Q47C,5
L4N:R5D:T7S:G34T:Q47C,L4N:R5D:T7S:G34T:Q47C,5
G3E:L4N:R5D:A29K:I92C,G3E:L4N:R5D:A29K:I92C,5
G3E:L4N:T7S:R60N:I92C,G3E:L4N:T7S:R60N:I92C,5
G3E:R5D:T7S:Q47C:I92C,G3E:R5D:T7S:Q47C:I92C,5
L4N:R5D:T7H:I92C:R98D,L4N:R5D:T7H:I92C:R98D,5
G3E:L4N:R5D:G34T:R60N,G3E:L4N:R5D:G34T:R60N,5
G3E:L4N:T7S:G34T:R98D,G3E:L4N:T7S:G34T:R98D,5
L4N:R5D:T7H:A29K:I92C,L4N:R5D:T7H:A29K:I92C,5
G3E:L4N:R5D:R60N:R98D,G3E:L4N:R5D:R60N:R98D,5
L4N:R5D:T7H:G34T:R98D,L4N:R5D:T7H:G34T:R98D,5
G3E:L4N:R5D:I92C:R98D,G3E:L4N:R5D:I92C:R98D,5
G3E:L4N:T7H:G34T:R60N,G3E:L4N:T7H:G34T:R60N,5
L4N:R5D:T7S:Q47I:D96Q,L4N:R5D:T7S:Q47I:D96Q,5
G3E:L4N:T7S:A29K:Q47C,G3E:L4N:T7S:A29K:Q47C,5
G3E:R5D:T7H:G34T:D96Q,G3E:R5D:T7H:G34T:D96Q,5
L4N:R5D:T7H:R60N:I92C,L4N:R5D:T7H:R60N:I92C,5
G3E:L4N:T7H:G34T:D61Q,G3E:L4N:T7H:G34T:D61Q,5
G3E:L4N:T7H:A29H:R98D,G3E:L4N:T7H:A29H:R98D,5
L4N:R5D:T7H:A29K:G34T,L4N:R5D:T7H:A29K:G34T,5
G3E:L4N:T7H:D61Q:I92C,G3E:L4N:T7H:D61Q:I92C,5
L4N:R5D:T7H:G34T:I92C,L4N:R5D:T7H:G34T:I92C,5
G3E:L4N:T7S:G34T:D96Q,G3E:L4N:T7S:G34T:D96Q,5
G3E:R5D:T7H:Q47V:D61Q,G3E:R5D:T7H:Q47V:D61Q,5
L4N:R5D:T7S:Q47C:R98D,L4N:R5D:T7S:Q47C:R98D,5
G3E:L4N:T7S:Q47V:D61Q,G3E:L4N:T7S:Q47V:D61Q,5
G3E:L4N:R5D:A29K:D96Q,G3E:L4N:R5D:A29K:D96Q,5
L4N:R5D:T7S:Q47I:R60N,L4N:R5D:T7S:Q47I:R60N,5
G3E:R5D:T7H:Q47I:D61Q,G3E:R5D:T7H:Q47I:D61Q,5
G3E:L4N:T7S:Q47I:R98D,G3E:L4N:T7S:Q47I:R98D,5
G3E:L4N:R5D:Q47R:R98D,G3E:L4N:R5D:Q47R:R98D,5
G3E:L4N:T7S:Q47I:I92C,G3E:L4N:T7S:Q47I:I92C,5
G3E:L4N:T7H:A29H:I92C,G3E:L4N:T7H:A29H:I92C,5
G3E:L4N:T7S:R60N:R98D,G3E:L4N:T7S:R60N:R98D,5
L4N:R5D:T7H:G34T:D96Q,L4N:R5D:T7H:G34T:D96Q,5
G3E:R5D:T7S:Q47V:R60N,G3E:R5D:T7S:Q47V:R60N,5
G3E:R5D:T7H:R60N:D96Q,G3E:R5D:T7H:R60N:D96Q,5
G3E:L4N:T7S:Q47I:R60N,G3E:L4N:T7S:Q47I:R60N,5
G3E:L4N:R5D:A29K:Q47R,G3E:L4N:R5D:A29K:Q47R,5
L4N:R5D:T7H:D96Q:R98D,L4N:R5D:T7H:D96Q:R98D,5
G3E:L4N:T7H:A29H:R60N,G3E:L4N:T7H:A29H:R60N,5
G3E:L4N:T7S:A29K:Q47V,G3E:L4N:T7S:A29K:Q47V,5
G3E:R5D:T7H:A29H:Q47V,G3E:R5D:T7H:A29H:Q47V,5
G3E:L4N:R5D:Q47I:D61Q,G3E:L4N:R5D:Q47I:D61Q,5
L4N:R5D:T7H:Q47R:D61Q,L4N:R5D:T7H:Q47R:D61Q,5
G3E:L4N:R5D:Q47C:D61Q,G3E:L4N:R5D:Q47C:D61Q,5
G3E:R5D:T7H:G34T:Q47V,G3E:R5D:T7H:G34T:Q47V,5
L4N:R5D:T7H:R60N:R98D,L4N:R5D:T7H:R60N:R98D,5
L4N:R5D:T7H:A29K:R98D,L4N:R5D:T7H:A29K:R98D,5
G3E:L4N:R5D:A29K:Q47V,G3E:L4N:R5D:A29K:Q47V,5
G3E:L4N:T7H:A29K:R98D,G3E:L4N:T7H:A29K:R98D,5
G3E:L4N:R5D:Q47I:I92C,G3E:L4N:R5D:Q47I:I92C,5
G3E:L4N:T7S:G34T:Q47V,G3E:L4N:T7S:G34T:Q47V,5
G3E:L4N:R5D:G34T:R98D,G3E:L4N:R5D:G34T:R98D,5
G3E:L4N:T7S:A29K:D61Q,G3E:L4N:T7S:A29K:D61Q,5
G3E:R5D:T7H:G34T:Q47I,G3E:R5D:T7H:G34T:Q47I,5
G3E:L4N:T7S:Q47V:I92C,G3E:L4N:T7S:Q47V:I92C,5
G3E:L4N:T7S:G34T:Q47C,G3E:L4N:T7S:G34T:Q47C,5
G3E:L4N:T7S:A29K:I92C,G3E:L4N:T7S:A29K:I92C,5
G3E:L4N:R5D:G34T:D96Q,G3E:L4N:R5D:G34T:D96Q,5
G3E:L4N:T7S:A29H:Q47C,G3E:L4N:T7S:A29H:Q47C,5
G3E:L4N:R5D:G34T:Q47I,G3E:L4N:R5D:G34T:Q47I,5
G3E:R5D:T7H:G34T:R60N,G3E:R5D:T7H:G34T:R60N,5
G3E:L4N:T7S:Q47R:R60N,G3E:L4N:T7S:Q47R:R60N,5
G3E:L4N:T7H:A29K:D61Q,G3E:L4N:T7H:A29K:D61Q,5
G3E:R5D:T7H:A29K:Q47I,G3E:R5D:T7H:A29K:Q47I,5
G3E:R5D:T7H:Q47R:D96Q,G3E:R5D:T7H:Q47R:D96Q,5
L4N:R5D:T7H:G34T:Q47R,L4N:R5D:T7H:G34T:Q47R,5
G3E:L4N:R5D:Q47R:I92C,G3E:L4N:R5D:Q47R:I92C,5
G3E:R5D:T7H:Q47R:R98D,G3E:R5D:T7H:Q47R:R98D,5
L4N:R5D:T7H:Q47R:I92C,L4N:R5D:T7H:Q47R:I92C,5
L4N:R5D:T7H:D61Q:D96Q,L4N:R5D:T7H:D61Q:D96Q,5
L4N:R5D:T7H:A29H:Q47R,L4N:R5D:T7H:A29H:Q47R,5
L4N:R5D:T7H:A29H:Q47I,L4N:R5D:T7H:A29H:Q47I,5
L4N:R5D:T7H:G34T:R60N,L4N:R5D:T7H:G34T:R60N,5
G3E:L4N:T7H:A29H:D96Q,G3E:L4N:T7H:A29H:D96Q,5
G3E:L4N:T7H:D96Q:R98D,G3E:L4N:T7H:D96Q:R98D,5
G3E:L4N:T7S:Q47C:I92C,G3E:L4N:T7S:Q47C:I92C,5
G3E:R5D:T7H:Q47I:I92C,G3E:R5D:T7H:Q47I:I92C,5
G3E:L4N:T7H:D61Q:D96Q,G3E:L4N:T7H:D61Q:D96Q,5
G3E:L4N:T7S:Q47R:I92C,G3E:L4N:T7S:Q47R:I92C,5
G3E:L4N:T7S:Q47C:D96Q,G3E:L4N:T7S:Q47C:D96Q,5
G3E:L4N:T7H:A29K:G34T,G3E:L4N:T7H:A29K:G34T,5
G3E:R5D:T7H:A29H:Q47C,G3E:R5D:T7H:A29H:Q47C,5
G3E:L4N:R5D:A29H:Q47I,G3E:L4N:R5D:A29H:Q47I,5
G3E:L4N:R5D:I92C:D96Q,G3E:L4N:R5D:I92C:D96Q,5
G3E:L4N:T7H:G34T:R98D,G3E:L4N:T7H:G34T:R98D,5
G3E:L4N:T7H:Q47R:D61Q,G3E:L4N:T7H:Q47R:D61Q,5
L4N:R5D:T7H:I92C:D96Q,L4N:R5D:T7H:I92C:D96Q,5
G3E:R5D:T7H:Q47C:D61Q,G3E:R5D:T7H:Q47C:D61Q,5
G3E:L4N:T7H:G34T:I92C,G3E:L4N:T7H:G34T:I92C,5
L4N:R5D:T7H:Q47R:R98D,L4N:R5D:T7H:Q47R:R98D,5
G3E:L4N:T7S:I92C:D96Q,G3E:L4N:T7S:I92C:D96Q,5
G3E:L4N:R5D:Q47C:R98D,G3E:L4N:R5D:Q47C:R98D,5
G3E:L4N:R5D:A29K:Q47I,G3E:L4N:R5D:A29K:Q47I,5
G3E:R5D:T7H:Q47V:I92C,G3E:R5D:T7H:Q47V:I92C,5
G3E:L4N:R5D:A29H:Q47R,G3E:L4N:R5D:A29H:Q47R,5
G3E:L4N:T7S:Q47R:D96Q,G3E:L4N:T7S:Q47R:D96Q,5
G3E:L4N:T7H:A29K:I92C,G3E:L4N:T7H:A29K:I92C,5
L4N:R5D:T7H:R60N:D96Q,L4N:R5D:T7H:R60N:D96Q,5
G3E:R5D:T7H:A29K:Q47C,G3E:R5D:T7H:A29K:Q47C,5
G3E:L4N:R5D:A29H:Q47V,G3E:L4N:R5D:A29H:Q47V,5
L4N:R5D:T7S:Q47C:D96Q,L4N:R5D:T7S:Q47C:D96Q,5
G3E:L4N:R5D:Q47R:D96Q,G3E:L4N:R5D:Q47R:D96Q,5
G3E:L4N:T7H:G34T:Q47R,G3E:L4N:T7H:G34T:Q47R,5
G3E:L4N:T7H:Q47R:R98D,G3E:L4N:T7H:Q47R:R98D,5
G3E:L4N:R5D:G34T:Q47C,G3E:L4N:R5D:G34T:Q47C,5
L4N:R5D:T7H:A29K:Q47R,L4N:R5D:T7H:A29K:Q47R,5
G3E:L4N:T7H:A29H:Q47R,G3E:L4N:T7H:A29H:Q47R,5
L4N:R5D:T7S:Q47C:R60N,L4N:R5D:T7S:Q47C:R60N,5
G3E:L4N:T7S:Q47V:R98D,G3E:L4N:T7S:Q47V:R98D,5
G3E:L4N:T7H:R60N:R98D,G3E:L4N:T7H:R60N:R98D,5
G3E:L4N:T7H:R60N:I92C,G3E:L4N:T7H:R60N:I92C,5
G3E:L4N:T7H:G34T:D96Q,G3E:L4N:T7H:G34T:D96Q,5
G3E:L4N:T7H:I92C:D96Q,G3E:L4N:T7H:I92C:D96Q,5
G3E:R5D:T7H:G34T:Q47C,G3E:R5D:T7H:G34T:Q47C,5
L4N:R5D:T7H:Q47C:D61Q,L4N:R5D:T7H:Q47C:D61Q,5
G3E:L4N:T7S:Q47C:R98D,G3E:L4N:T7S:Q47C:R98D,5
G3E:L4N:R5D:Q47V:I92C,G3E:L4N:R5D:Q47V:I92C,5
G3E:L4N:R5D:A29H:Q47C,G3E:L4N:R5D:A29H:Q47C,5
G3E:R5D:T7H:Q47V:R98D,G3E:R5D:T7H:Q47V:R98D,5
G3E:L4N:T7S:Q47V:D96Q,G3E:L4N:T7S:Q47V:D96Q,5
G3E:L4N:T7S:A29K:R98D,G3E:L4N:T7S:A29K:R98D,5
L4N:R5D:T7H:A29K:Q47V,L4N:R5D:T7H:A29K:Q47V,5
L4N:R5D:T7H:G34T:Q47I,L4N:R5D:T7H:G34T:Q47I,5
G3E:L4N:T7S:A29K:D96Q,G3E:L4N:T7S:A29K:D96Q,5
G3E:L4N:T7H:A29K:Q47R,G3E:L4N:T7H:A29K:Q47R,5
G3E:R5D:T7S:Q47C:R60N,G3E:R5D:T7S:Q47C:R60N,5
G3E:L4N:R5D:Q47R:R60N,G3E:L4N:R5D:Q47R:R60N,5
G3E:L4N:R5D:Q47C:I92C,G3E:L4N:R5D:Q47C:I92C,5
G3E:L4N:T7H:Q47C:R98D,G3E:L4N:T7H:Q47C:R98D,5
L4N:R5D:T7H:Q47I:D61Q,L4N:R5D:T7H:Q47I:D61Q,5
G3E:L4N:T7S:A29K:Q47I,G3E:L4N:T7S:A29K:Q47I,5
G3E:L4N:T7H:A29K:R60N,G3E:L4N:T7H:A29K:R60N,5
G3E:R5D:T7H:Q47C:R98D,G3E:R5D:T7H:Q47C:R98D,5
G3E:R5D:T7H:Q47I:D96Q,G3E:R5D:T7H:Q47I:D96Q,5
L4N:R5D:T7H:Q47C:I92C,L4N:R5D:T7H:Q47C:I92C,5
L4N:R5D:T7H:G34T:Q47V,L4N:R5D:T7H:G34T:Q47V,5
G3E:L4N:R5D:Q47I:R98D,G3E:L4N:R5D:Q47I:R98D,5
G3E:R5D:T7H:Q47I:R60N,G3E:R5D:T7H:Q47I:R60N,5
L4N:R5D:T7H:Q47I:I92C,L4N:R5D:T7H:Q47I:I92C,5
G3E:L4N:T7H:G34T:Q47V,G3E:L4N:T7H:G34T:Q47V,5
L4N:R5D:T7H:A29K:Q47I,L4N:R5D:T7H:A29K:Q47I,5
G3E:R5D:T7H:Q47C:I92C,G3E:R5D:T7H:Q47C:I92C,5
L4N:R5D:T7S:Q47V:R60N,L4N:R5D:T7S:Q47V:R60N,5
G3E:L4N:T7H:Q47R:I92C,G3E:L4N:T7H:Q47R:I92C,5
G3E:L4N:T7H:A29H:Q47C,G3E:L4N:T7H:A29H:Q47C,5
G3E:L4N:R5D:Q47C:D96Q,G3E:L4N:R5D:Q47C:D96Q,5
G3E:R5D:T7H:Q47V:D96Q,G3E:R5D:T7H:Q47V:D96Q,5
G3E:L4N:T7S:Q47V:R60N,G3E:L4N:T7S:Q47V:R60N,5
L4N:R5D:T7H:A29K:Q47C,L4N:R5D:T7H:A29K:Q47C,5
G3E:R5D:T7H:Q47I:R98D,G3E:R5D:T7H:Q47I:R98D,5
G3E:L4N:T7H:Q47V:D61Q,G3E:L4N:T7H:Q47V:D61Q,5
L4N:R5D:T7H:G34T:Q47C,L4N:R5D:T7H:G34T:Q47C,5
L4N:R5D:T7H:Q47V:D61Q,L4N:R5D:T7H:Q47V:D61Q,5
L4N:R5D:T7H:A29H:Q47V,L4N:R5D:T7H:A29H:Q47V,5
G3E:L4N:R5D:Q47V:D96Q,G3E:L4N:R5D:Q47V:D96Q,5
G3E:L4N:R5D:Q47I:D96Q,G3E:L4N:R5D:Q47I:D96Q,5
L4N:R5D:T7H:A29H:Q47C,L4N:R5D:T7H:A29H:Q47C,5
G3E:L4N:T7H:A29K:Q47I,G3E:L4N:T7H:A29K:Q47I,5
G3E:L4N:T7H:A29K:Q47C,G3E:L4N:T7H:A29K:Q47C,5
G3E:L4N:T7H:G34T:Q47I,G3E:L4N:T7H:G34T:Q47I,5
L4N:R5D:T7H:Q47R:D96Q,L4N:R5D:T7H:Q47R:D96Q,5
G3E:L4N:T7H:Q47C:I92C,G3E:L4N:T7H:Q47C:I92C,5
L4N:R5D:T7H:Q47C:R98D,L4N:R5D:T7H:Q47C:R98D,5
L4N:R5D:T7H:Q47V:I92C,L4N:R5D:T7H:Q47V:I92C,5
G3E:R5D:T7H:Q47R:R60N,G3E:R5D:T7H:Q47R:R60N,5
G3E:R5D:T7H:Q47C:D96Q,G3E:R5D:T7H:Q47C:D96Q,5
G3E:L4N:T7H:A29H:Q47V,G3E:L4N:T7H:A29H:Q47V,5
L4N:R5D:T7H:Q47V:R98D,L4N:R5D:T7H:Q47V:R98D,5
L4N:R5D:T7H:Q47I:R98D,L4N:R5D:T7H:Q47I:R98D,5
G3E:L4N:T7H:A29K:Q47V,G3E:L4N:T7H:A29K:Q47V,5
G3E:L4N:T7H:Q47V:I92C,G3E:L4N:T7H:Q47V:I92C,5
G3E:L4N:T7H:R60N:D96Q,G3E:L4N:T7H:R60N:D96Q,5
G3E:L4N:T7H:Q47I:I92C,G3E:L4N:T7H:Q47I:I92C,5
G3E:L4N:T7S:Q47C:R60N,G3E:L4N:T7S:Q47C:R60N,5
G3E:L4N:T7H:Q47R:D96Q,G3E:L4N:T7H:Q47R:D96Q,5
L4N:R5D:T7H:Q47R:R60N,L4N:R5D:T7H:Q47R:R60N,5
G3E:L4N:T7H:Q47I:D61Q,G3E:L4N:T7H:Q47I:D61Q,5
G3E:L4N:T7H:G34T:Q47C,G3E:L4N:T7H:G34T:Q47C,5
G3E:L4N:T7H:Q47V:R98D,G3E:L4N:T7H:Q47V:R98D,5
G3E:L4N:T7H:Q47V:D96Q,G3E:L4N:T7H:Q47V:D96Q,5
G3E:L4N:T7H:Q47C:D61Q,G3E:L4N:T7H:Q47C:D61Q,5
G3E:L4N:R5D:Q47C:R60N,G3E:L4N:R5D:Q47C:R60N,5
L4N:R5D:T7H:Q47I:D96Q,L4N:R5D:T7H:Q47I:D96Q,5
L4N:R5D:T7H:Q47V:D96Q,L4N:R5D:T7H:Q47V:D96Q,5
G3E:L4N:T7H:Q47C:D96Q,G3E:L4N:T7H:Q47C:D96Q,5
G3E:L4N:R5D:Q47V:R60N,G3E:L4N:R5D:Q47V:R60N,5
G3E:L4N:T7H:A29H:Q47I,G3E:L4N:T7H:A29H:Q47I,5
G3E:R5D:T7H:Q47V:R60N,G3E:R5D:T7H:Q47V:R60N,5
L4N:R5D:T7H:Q47C:D96Q,L4N:R5D:T7H:Q47C:D96Q,5
G3E:L4N:T7H:Q47I:R98D,G3E:L4N:T7H:Q47I:R98D,5
L4N:R5D:T7H:Q47I:R60N,L4N:R5D:T7H:Q47I:R60N,5
G3E:L4N:T7H:Q47I:R60N,G3E:L4N:T7H:Q47I:R60N,5
G3E:R5D:T7H:Q47C:R60N,G3E:R5D:T7H:Q47C:R60N,5
G3E:L4N:T7H:Q47C:R60N,G3E:L4N:T7H:Q47C:R60N,5
G3E:L4N:T7H:Q47V:R60N,G3E:L4N:T7H:Q47V:R60N,5
G3E:L4N:T7H:Q47I:D96Q,G3E:L4N:T7H:Q47I:D96Q,5
L4N:R5D:T7H:Q47C:R60N,L4N:R5D:T7H:Q47C:R60N,5
G3E:R5D:T7S:D96Q:V107M,G3E:R5D:T7S:D96Q:V107M,5
G3E:R5D:T7S:D61Q:V109Q,G3E:R5D:T7S:D61Q:V109Q,5
G3E:T7S:A29H:G34T:D61Q,G3E:T7S:A29H:G34T:D61Q,5
G3E:T7S:A29K:G34T:R60N,G3E:T7S:A29K:G34T:R60N,5
G3E:R5D:T7S:A29K:V109Q,G3E:R5D:T7S:A29K:V109Q,5
G3E:L4N:T7S:R60N:T113E,G3E:L4N:T7S:R60N:T113E,5
R5D:T7S:G34T:D61Q:I92C,R5D:T7S:G34T:D61Q:I92C,5
R5D:T7S:D61Q:I92C:R98D,R5D:T7S:D61Q:I92C:R98D,5
L4N:R5D:T7S:A29H:V107M,L4N:R5D:T7S:A29H:V107M,5
G3E:R5D:T7S:D61Q:V107M,G3E:R5D:T7S:D61Q:V107M,5
G3E:R5D:A29H:G34T:D61Q,G3E:R5D:A29H:G34T:D61Q,5
G3E:R5D:T7S:D61Q:T113E,G3E:R5D:T7S:D61Q:T113E,5
R5D:T7S:A29K:R60N:D61Q,R5D:T7S:A29K:R60N:D61Q,5
R5D:T7S:A29H:G34T:D61Q,R5D:T7S:A29H:G34T:D61Q,5
R5D:T7S:R60N:D61Q:R98D,R5D:T7S:R60N:D61Q:R98D,5
R5D:T7S:A29H:Q47R:D61Q,R5D:T7S:A29H:Q47R:D61Q,5
R5D:T7S:G34T:R60N:D61Q,R5D:T7S:G34T:R60N:D61Q,5
R5D:T7S:G34T:I92C:R98D,R5D:T7S:G34T:I92C:R98D,5
R5D:T7S:G34T:D61Q:R98D,R5D:T7S:G34T:D61Q:R98D,5
R5D:T7S:A29H:G34T:R98D,R5D:T7S:A29H:G34T:R98D,5
R5D:T7S:A29H:R60N:D61Q,R5D:T7S:A29H:R60N:D61Q,5
G3E:R5D:A29K:G34T:D61Q,G3E:R5D:A29K:G34T:D61Q,5
G3E:R5D:A29K:G34T:R98D,G3E:R5D:A29K:G34T:R98D,5
R5D:T7S:D61Q:D96Q:R98D,R5D:T7S:D61Q:D96Q:R98D,5
R5D:T7S:A29H:G34T:R60N,R5D:T7S:A29H:G34T:R60N,5
G3E:T7S:A29H:R60N:D61Q,G3E:T7S:A29H:R60N:D61Q,5
G3E:R5D:T7S:A29K:T113E,G3E:R5D:T7S:A29K:T113E,5
G3E:R5D:A29H:G34T:R60N,G3E:R5D:A29H:G34T:R60N,5
R5D:T7H:A29H:G34T:D61Q,R5D:T7H:A29H:G34T:D61Q,5
R5D:T7S:G34T:Q47R:I92C,R5D:T7S:G34T:Q47R:I92C,5
R5D:T7S:G34T:Q47R:D61Q,R5D:T7S:G34T:Q47R:D61Q,5
R5D:T7H:A29H:G34T:R60N,R5D:T7H:A29H:G34T:R60N,5
G3E:R5D:T7S:Q47R:V107M,G3E:R5D:T7S:Q47R:V107M,5
R5D:T7S:A29H:D61Q:R98D,R5D:T7S:A29H:D61Q:R98D,5
G3E:R5D:T7H:D61Q:V109Q,G3E:R5D:T7H:D61Q:V109Q,5
G3E:T7S:A29H:G34T:R98D,G3E:T7S:A29H:G34T:R98D,5
G3E:T7S:A29H:D61Q:I92C,G3E:T7S:A29H:D61Q:I92C,5
R5D:T7S:A29H:D61Q:D96Q,R5D:T7S:A29H:D61Q:D96Q,5
R5D:T7S:A29H:Q47I:D61Q,R5D:T7S:A29H:Q47I:D61Q,5
G3E:R5D:A29H:G34T:R98D,G3E:R5D:A29H:G34T:R98D,5
R5D:T7S:G34T:Q47R:R98D,R5D:T7S:G34T:Q47R:R98D,5
L4N:R5D:A29H:G34T:D61Q,L4N:R5D:A29H:G34T:D61Q,5
G3E:R5D:T7S:R60N:V109Q,G3E:R5D:T7S:R60N:V109Q,5
R5D:T7S:A29H:I92C:R98D,R5D:T7S:A29H:I92C:R98D,5
R5D:T7S:G34T:D96Q:R98D,R5D:T7S:G34T:D96Q:R98D,5
R5D:T7S:R60N:I92C:R98D,R5D:T7S:R60N:I92C:R98D,5
R5D:T7S:A29K:R60N:R98D,R5D:T7S:A29K:R60N:R98D,5
R5D:T7S:Q47R:D61Q:I92C,R5D:T7S:Q47R:D61Q:I92C,5
G3E:R5D:T7S:A29K:V107M,G3E:R5D:T7S:A29K:V107M,5
G3E:R5D:T7S:R98D:V107M,G3E:R5D:T7S:R98D:V107M,5
L4N:T7S:A29H:G34T:D61Q,L4N:T7S:A29H:G34T:D61Q,5
G3E:R5D:T7S:Q47C:V107M,G3E:R5D:T7S:Q47C:V107M,5
R5D:T7S:A29H:Q47R:I92C,R5D:T7S:A29H:Q47R:I92C,5
R5D:T7S:A29K:Q47R:D61Q,R5D:T7S:A29K:Q47R:D61Q,5
R5D:T7S:Q47R:D61Q:R98D,R5D:T7S:Q47R:D61Q:R98D,5
G3E:R5D:T7S:Q47R:T113E,G3E:R5D:T7S:Q47R:T113E,5
R5D:T7S:A29K:I92C:R98D,R5D:T7S:A29K:I92C:R98D,5
R5D:T7S:G34T:R60N:R98D,R5D:T7S:G34T:R60N:R98D,5
G3E:R5D:T7S:A29H:V107M,G3E:R5D:T7S:A29H:V107M,5
G3E:T7S:A29H:D61Q:R98D,G3E:T7S:A29H:D61Q:R98D,5
L4N:T7S:A29H:D61Q:R98D,L4N:T7S:A29H:D61Q:R98D,5
L4N:T7S:A29H:G34T:I92C,L4N:T7S:A29H:G34T:I92C,5
G3E:T7S:A29H:R60N:R98D,G3E:T7S:A29H:R60N:R98D,5
G3E:R5D:T7H:A29H:T113E,G3E:R5D:T7H:A29H:T113E,5
R5D:T7S:A29H:D61Q:I92C,R5D:T7S:A29H:D61Q:I92C,5
G3E:R5D:A29K:D61Q:I92C,G3E:R5D:A29K:D61Q:I92C,5
R5D:T7S:A29H:Q47C:D61Q,R5D:T7S:A29H:Q47C:D61Q,5
R5D:T7S:R60N:D61Q:D96Q,R5D:T7S:R60N:D61Q:D96Q,5
G3E:R5D:T7S:A29H:T113E,G3E:R5D:T7S:A29H:T113E,5
R5D:T7S:A29K:D61Q:R98D,R5D:T7S:A29K:D61Q:R98D,5
R5D:T7H:A29H:D61Q:R98D,R5D:T7H:A29H:D61Q:R98D,5
G3E:R5D:A29H:G34T:I92C,G3E:R5D:A29H:G34T:I92C,5
G3E:R5D:A29K:G34T:D96Q,G3E:R5D:A29K:G34T:D96Q,5
G3E:T7S:A29K:G34T:D61Q,G3E:T7S:A29K:G34T:D61Q,5
G3E:R5D:T7S:R60N:V107M,G3E:R5D:T7S:R60N:V107M,5
G3E:R5D:A29H:R60N:D61Q,G3E:R5D:A29H:R60N:D61Q,5
G3E:R5D:T7S:D96Q:V109Q,G3E:R5D:T7S:D96Q:V109Q,5
G3E:T7S:A29K:G34T:Q47R,G3E:T7S:A29K:G34T:Q47R,5
G3E:T7S:A29K:G34T:I92C,G3E:T7S:A29K:G34T:I92C,5
G3E:R5D:A29K:D61Q:R98D,G3E:R5D:A29K:D61Q:R98D,5
R5D:T7S:Q47R:I92C:R98D,R5D:T7S:Q47R:I92C:R98D,5
G3E:T7S:G34T:D61Q:I92C,G3E:T7S:G34T:D61Q:I92C,5
R5D:T7S:A29H:I92C:D96Q,R5D:T7S:A29H:I92C:D96Q,5
G3E:R5D:T7H:D61Q:V107M,G3E:R5D:T7H:D61Q:V107M,5
R5D:T7H:A29H:D61Q:I92C,R5D:T7H:A29H:D61Q:I92C,5
R5D:T7S:G34T:Q47V:D61Q,R5D:T7S:G34T:Q47V:D61Q,5
R5D:T7S:A29H:G34T:Q47R,R5D:T7S:A29H:G34T:Q47R,5
R5D:T7S:A29H:G34T:D96Q,R5D:T7S:A29H:G34T:D96Q,5
R5D:T7S:A29K:D96Q:R98D,R5D:T7S:A29K:D96Q:R98D,5
L4N:R5D:T7S:A29H:V109Q,L4N:R5D:T7S:A29H:V109Q,5
R5D:T7S:D61Q:I92C:D96Q,R5D:T7S:D61Q:I92C:D96Q,5
R5D:T7H:A29H:G34T:R98D,R5D:T7H:A29H:G34T:R98D,5
R5D:T7S:A29H:D96Q:R98D,R5D:T7S:A29H:D96Q:R98D,5
R5D:T7S:A29K:D61Q:I92C,R5D:T7S:A29K:D61Q:I92C,5
L4N:T7S:A29H:D61Q:I92C,L4N:T7S:A29H:D61Q:I92C,5
R5D:T7H:D61Q:D96Q:R98D,R5D:T7H:D61Q:D96Q:R98D,5
R5D:T7S:G34T:I92C:D96Q,R5D:T7S:G34T:I92C:D96Q,5
L4N:R5D:T7S:G34T:V107M,L4N:R5D:T7S:G34T:V107M,5
G3E:R5D:T7S:Q47V:V107M,G3E:R5D:T7S:Q47V:V107M,5
R5D:T7S:A29H:R60N:R98D,R5D:T7S:A29H:R60N:R98D,5
G3E:R5D:A29K:G34T:Q47R,G3E:R5D:A29K:G34T:Q47R,5
R5D:T7S:G34T:Q47R:D96Q,R5D:T7S:G34T:Q47R:D96Q,5
G3E:T7S:A29K:Q47V:D61Q,G3E:T7S:A29K:Q47V:D61Q,5
R5D:T7S:Q47I:D61Q:R98D,R5D:T7S:Q47I:D61Q:R98D,5
L4N:R5D:T7S:D61Q:V109Q,L4N:R5D:T7S:D61Q:V109Q,5
G3E:T7S:A29K:Q47R:D61Q,G3E:T7S:A29K:Q47R:D61Q,5
L4N:T7S:A29K:G34T:D61Q,L4N:T7S:A29K:G34T:D61Q,5
G3E:R5D:T7S:D96Q:T113E,G3E:R5D:T7S:D96Q:T113E,5
R5D:T7S:A29H:Q47V:D61Q,R5D:T7S:A29H:Q47V:D61Q,5
R5D:T7S:Q47R:D96Q:R98D,R5D:T7S:Q47R:D96Q:R98D,5
R5D:T7S:G34T:R60N:I92C,R5D:T7S:G34T:R60N:I92C,5
R5D:T7S:A29H:G34T:Q47V,R5D:T7S:A29H:G34T:Q47V,5
L4N:T7S:A29H:R60N:D61Q,L4N:T7S:A29H:R60N:D61Q,5
G3E:R5D:A29K:G34T:I92C,G3E:R5D:A29K:G34T:I92C,5
G3E:R5D:A29K:G34T:R60N,G3E:R5D:A29K:G34T:R60N,5
G3E:T7S:A29H:G34T:R60N,G3E:T7S:A29H:G34T:R60N,5
G3E:T7H:A29H:G34T:D61Q,G3E:T7H:A29H:G34T:D61Q,5
G3E:T7S:A29H:G34T:Q47R,G3E:T7S:A29H:G34T:Q47R,5
R5D:T7H:G34T:D61Q:R98D,R5D:T7H:G34T:D61Q:R98D,5
G3E:R5D:G34T:D61Q:R98D,G3E:R5D:G34T:D61Q:R98D,5
L4N:R5D:T7S:R60N:V109Q,L4N:R5D:T7S:R60N:V109Q,5
G3E:R5D:T7H:A29K:T113E,G3E:R5D:T7H:A29K:T113E,5
R5D:T7S:A29K:D61Q:D96Q,R5D:T7S:A29K:D61Q:D96Q,5
R5D:T7S:R60N:D61Q:I92C,R5D:T7S:R60N:D61Q:I92C,5
G3E:R5D:T7S:G34T:V107M,G3E:R5D:T7S:G34T:V107M,5
L4N:R5D:A29H:D96Q:R98D,L4N:R5D:A29H:D96Q:R98D,5
G3E:T7S:G34T:D61Q:R98D,G3E:T7S:G34T:D61Q:R98D,5
G3E:R5D:A29K:Q47I:D61Q,G3E:R5D:A29K:Q47I:D61Q,5
R5D:T7H:G34T:D61Q:I92C,R5D:T7H:G34T:D61Q:I92C,5
G3E:R5D:A29H:D61Q:R98D,G3E:R5D:A29H:D61Q:R98D,5
G3E:R5D:T7H:R98D:T113E,G3E:R5D:T7H:R98D:T113E,5
R5D:T7S:A29K:Q47R:I92C,R5D:T7S:A29K:Q47R:I92C,5
R5D:T7H:G34T:R60N:D61Q,R5D:T7H:G34T:R60N:D61Q,5
L4N:R5D:T7S:D61Q:V107M,L4N:R5D:T7S:D61Q:V107M,5
L4N:T7S:A29H:D96Q:R98D,L4N:T7S:A29H:D96Q:R98D,5
G3E:R5D:R60N:D61Q:I92C,G3E:R5D:R60N:D61Q:I92C,5
G3E:T7S:G34T:R60N:D61Q,G3E:T7S:G34T:R60N:D61Q,5
G3E:T7S:A29K:Q47I:D61Q,G3E:T7S:A29K:Q47I:D61Q,5
G3E:R5D:T7H:R98D:V107M,G3E:R5D:T7H:R98D:V107M,5
G3E:R5D:T7S:Q47I:T113E,G3E:R5D:T7S:Q47I:T113E,5
R5D:T7S:A29H:G34T:I92C,R5D:T7S:A29H:G34T:I92C,5
G3E:T7S:A29H:D61Q:D96Q,G3E:T7S:A29H:D61Q:D96Q,5
G3E:R5D:A29H:D96Q:R98D,G3E:R5D:A29H:D96Q:R98D,5
L4N:R5D:T7S:R98D:V107M,L4N:R5D:T7S:R98D:V107M,5
R5D:T7S:Q47V:D61Q:R98D,R5D:T7S:Q47V:D61Q:R98D,5
G3E:T7S:A29K:R60N:R98D,G3E:T7S:A29K:R60N:R98D,5
R5D:T7S:G34T:D61Q:D96Q,R5D:T7S:G34T:D61Q:D96Q,5
R5D:T7H:A29K:G34T:R98D,R5D:T7H:A29K:G34T:R98D,5
G3E:T7S:A29K:G34T:Q47I,G3E:T7S:A29K:G34T:Q47I,5
G3E:R5D:G34T:D61Q:I92C,G3E:R5D:G34T:D61Q:I92C,5
G3E:R5D:D61Q:I92C:R98D,G3E:R5D:D61Q:I92C:R98D,5
R5D:T7S:A29H:R60N:I92C,R5D:T7S:A29H:R60N:I92C,5
L4N:T7S:A29H:I92C:R98D,L4N:T7S:A29H:I92C:R98D,5
G3E:T7S:A29K:G34T:Q47V,G3E:T7S:A29K:G34T:Q47V,5
G3E:T7S:A29K:R60N:D61Q,G3E:T7S:A29K:R60N:D61Q,5
G3E:T7S:D61Q:D96Q:R98D,G3E:T7S:D61Q:D96Q:R98D,5
G3E:R5D:T7H:A29H:V107M,G3E:R5D:T7H:A29H:V107M,5
L4N:R5D:T7S:R98D:T113E,L4N:R5D:T7S:R98D:T113E,5
R5D:T7S:I92C:D96Q:R98D,R5D:T7S:I92C:D96Q:R98D,5
R5D:T7S:G34T:Q47V:R98D,R5D:T7S:G34T:Q47V:R98D,5
R5D:T7H:A29H:D96Q:R98D,R5D:T7H:A29H:D96Q:R98D,5
G3E:L4N:R5D:A29H:V107M,G3E:L4N:R5D:A29H:V107M,5
G3E:T7S:A29H:I92C:D96Q,G3E:T7S:A29H:I92C:D96Q,5
R5D:T7S:Q47R:R60N:D61Q,R5D:T7S:Q47R:R60N:D61Q,5
G3E:R5D:T7S:I92C:V107M,G3E:R5D:T7S:I92C:V107M,5
L4N:R5D:A29K:G34T:D61Q,L4N:R5D:A29K:G34T:D61Q,5
G3E:R5D:A29H:D61Q:D96Q,G3E:R5D:A29H:D61Q:D96Q,5
L4N:R5D:T7S:I92C:V107M,L4N:R5D:T7S:I92C:V107M,5
R5D:T7S:A29K:Q47C:D61Q,R5D:T7S:A29K:Q47C:D61Q,5
G3E:R5D:T7S:R98D:T113E,G3E:R5D:T7S:R98D:T113E,5
R5D:T7H:D61Q:I92C:R98D,R5D:T7H:D61Q:I92C:R98D,5
R5D:T7S:Q47C:D61Q:R98D,R5D:T7S:Q47C:D61Q:R98D,5
G3E:R5D:T7S:I92C:V109Q,G3E:R5D:T7S:I92C:V109Q,5
G3E:R5D:T7H:A29K:V107M,G3E:R5D:T7H:A29K:V107M,5
R5D:T7S:A29H:Q47R:R98D,R5D:T7S:A29H:Q47R:R98D,5
R5D:T7S:G34T:Q47I:R98D,R5D:T7S:G34T:Q47I:R98D,5
R5D:T7H:A29H:I92C:R98D,R5D:T7H:A29H:I92C:R98D,5
G3E:T7S:R60N:D61Q:R98D,G3E:T7S:R60N:D61Q:R98D,5
L4N:R5D:T7S:R60N:T113E,L4N:R5D:T7S:R60N:T113E,5
G3E:T7S:A29K:D61Q:I92C,G3E:T7S:A29K:D61Q:I92C,5
G3E:R5D:T7S:G34T:V109Q,G3E:R5D:T7S:G34T:V109Q,5
G3E:T7S:A29H:Q47R:D61Q,G3E:T7S:A29H:Q47R:D61Q,5
G3E:T7S:A29K:G34T:R98D,G3E:T7S:A29K:G34T:R98D,5
R5D:T7S:Q47R:D61Q:D96Q,R5D:T7S:Q47R:D61Q:D96Q,5
R5D:T7H:G34T:I92C:R98D,R5D:T7H:G34T:I92C:R98D,5
L4N:R5D:T7S:A29H:T113E,L4N:R5D:T7S:A29H:T113E,5
R5D:T7S:G34T:R60N:D96Q,R5D:T7S:G34T:R60N:D96Q,5
R5D:T7S:A29H:R60N:D96Q,R5D:T7S:A29H:R60N:D96Q,5
G3E:R5D:T7S:A29H:V109Q,G3E:R5D:T7S:A29H:V109Q,5
G3E:T7S:A29H:I92C:R98D,G3E:T7S:A29H:I92C:R98D,5
R5D:T7S:G34T:Q47I:D61Q,R5D:T7S:G34T:Q47I:D61Q,5
G3E:R5D:A29H:I92C:R98D,G3E:R5D:A29H:I92C:R98D,5
G3E:T7S:A29K:G34T:D96Q,G3E:T7S:A29K:G34T:D96Q,5
G3E:T7S:D61Q:I92C:R98D,G3E:T7S:D61Q:I92C:R98D,5
G3E:R5D:D61Q:D96Q:R98D,G3E:R5D:D61Q:D96Q:R98D,5
G3E:R5D:G34T:Q47I:D61Q,G3E:R5D:G34T:Q47I:D61Q,5
L4N:T7S:R60N:D61Q:R98D,L4N:T7S:R60N:D61Q:R98D,5
L4N:T7S:R60N:D61Q:I92C,L4N:T7S:R60N:D61Q:I92C,5
G3E:R5D:A29H:G34T:Q47R,G3E:R5D:A29H:G34T:Q47R,5
L4N:R5D:T7S:Q47R:T113E,L4N:R5D:T7S:Q47R:T113E,5
G3E:R5D:T7H:R60N:V109Q,G3E:R5D:T7H:R60N:V109Q,5
G3E:R5D:T7S:R60N:T113E,G3E:R5D:T7S:R60N:T113E,5
R5D:T7S:G34T:Q47I:D96Q,R5D:T7S:G34T:Q47I:D96Q,5
R5D:T7S:Q47I:D61Q:I92C,R5D:T7S:Q47I:D61Q:I92C,5
L4N:T7S:A29K:G34T:R98D,L4N:T7S:A29K:G34T:R98D,5
L4N:T7S:G34T:D61Q:R98D,L4N:T7S:G34T:D61Q:R98D,5
G3E:T7S:G34T:I92C:R98D,G3E:T7S:G34T:I92C:R98D,5
G3E:R5D:T7H:Q47R:V107M,G3E:R5D:T7H:Q47R:V107M,5
G3E:T7S:A29H:Q47I:D61Q,G3E:T7S:A29H:Q47I:D61Q,5
R5D:T7S:G34T:Q47C:R98D,R5D:T7S:G34T:Q47C:R98D,5
G3E:R5D:G34T:Q47R:I92C,G3E:R5D:G34T:Q47R:I92C,5
G3E:R5D:A29K:I92C:R98D,G3E:R5D:A29K:I92C:R98D,5
L4N:R5D:A29H:I92C:R98D,L4N:R5D:A29H:I92C:R98D,5
R5D:T7S:G34T:Q47C:D61Q,R5D:T7S:G34T:Q47C:D61Q,5
L4N:T7S:D61Q:I92C:R98D,L4N:T7S:D61Q:I92C:R98D,5
G3E:R5D:T7H:D61Q:T113E,G3E:R5D:T7H:D61Q:T113E,5
G3E:R5D:T7S:Q47I:V107M,G3E:R5D:T7S:Q47I:V107M,5
R5D:T7S:A29K:Q47V:D61Q,R5D:T7S:A29K:Q47V:D61Q,5
L4N:R5D:T7S:A29K:V109Q,L4N:R5D:T7S:A29K:V109Q,5
R5D:T7H:I92C:D96Q:R98D,R5D:T7H:I92C:D96Q:R98D,5
G3E:R5D:T7S:Q47C:T113E,G3E:R5D:T7S:Q47C:T113E,5
L4N:R5D:T7S:D61Q:T113E,L4N:R5D:T7S:D61Q:T113E,5
R5D:T7S:A29K:Q47I:D61Q,R5D:T7S:A29K:Q47I:D61Q,5
G3E:R5D:A29H:G34T:D96Q,G3E:R5D:A29H:G34T:D96Q,5
G3E:R5D:T7H:I92C:V109Q,G3E:R5D:T7H:I92C:V109Q,5
L4N:R5D:R60N:I92C:R98D,L4N:R5D:R60N:I92C:R98D,5
R5D:T7H:G34T:D61Q:D96Q,R5D:T7H:G34T:D61Q:D96Q,5
G3E:R5D:A29H:G34T:Q47C,G3E:R5D:A29H:G34T:Q47C,5
G3E:T7S:A29K:D61Q:R98D,G3E:T7S:A29K:D61Q:R98D,5
G3E:R5D:G34T:Q47R:D61Q,G3E:R5D:G34T:Q47R:D61Q,5
G3E:R5D:T7S:I92C:T113E,G3E:R5D:T7S:I92C:T113E,5
G3E:R5D:A29K:Q47R:D61Q,G3E:R5D:A29K:Q47R:D61Q,5
R5D:T7S:A29H:G34T:Q47C,R5D:T7S:A29H:G34T:Q47C,5
G3E:R5D:A29H:R60N:D96Q,G3E:R5D:A29H:R60N:D96Q,5
G3E:R5D:T7S:R98D:V109Q,G3E:R5D:T7S:R98D:V109Q,5
G3E:R5D:T7H:G34T:V107M,G3E:R5D:T7H:G34T:V107M,5
G3E:L4N:T7S:R98D:V107M,G3E:L4N:T7S:R98D:V107M,5
R5D:T7H:A29H:G34T:I92C,R5D:T7H:A29H:G34T:I92C,5
G3E:T7S:A29H:Q47R:I92C,G3E:T7S:A29H:Q47R:I92C,5
G3E:T7S:R60N:D61Q:I92C,G3E:T7S:R60N:D61Q:I92C,5
R5D:T7S:Q47C:I92C:R98D,R5D:T7S:Q47C:I92C:R98D,5
G3E:T7H:A29H:R60N:D61Q,G3E:T7H:A29H:R60N:D61Q,5
G3E:T7S:A29H:Q47R:R98D,G3E:T7S:A29H:Q47R:R98D,5
R5D:T7S:G34T:Q47C:I92C,R5D:T7S:G34T:Q47C:I92C,5
G3E:T7S:A29H:Q47C:D61Q,G3E:T7S:A29H:Q47C:D61Q,5
L4N:T7S:I92C:D96Q:R98D,L4N:T7S:I92C:D96Q:R98D,5
G3E:T7S:A29H:G34T:Q47I,G3E:T7S:A29H:G34T:Q47I,5
L4N:T7S:A29K:Q47R:D61Q,L4N:T7S:A29K:Q47R:D61Q,5
G3E:R5D:R60N:D61Q:D96Q,G3E:R5D:R60N:D61Q:D96Q,5
G3E:T7H:A29K:G34T:D96Q,G3E:T7H:A29K:G34T:D96Q,5
R5D:T7S:Q47C:D96Q:R98D,R5D:T7S:Q47C:D96Q:R98D,5
L4N:T7S:G34T:I92C:R98D,L4N:T7S:G34T:I92C:R98D,5
R5D:T7S:A29H:Q47I:R98D,R5D:T7S:A29H:Q47I:R98D,5
L4N:T7S:G34T:R60N:D61Q,L4N:T7S:G34T:R60N:D61Q,5
R5D:T7H:A29H:R60N:D61Q,R5D:T7H:A29H:R60N:D61Q,5
R5D:T7S:G34T:Q47V:D96Q,R5D:T7S:G34T:Q47V:D96Q,5
G3E:T7S:G34T:D61Q:D96Q,G3E:T7S:G34T:D61Q:D96Q,5
G3E:R5D:D61Q:I92C:D96Q,G3E:R5D:D61Q:I92C:D96Q,5
L4N:T7S:A29H:R60N:R98D,L4N:T7S:A29H:R60N:R98D,5
L4N:R5D:A29H:D61Q:I92C,L4N:R5D:A29H:D61Q:I92C,5
L4N:R5D:T7S:Q47R:V107M,L4N:R5D:T7S:Q47R:V107M,5
R5D:T7S:Q47C:D61Q:I92C,R5D:T7S:Q47C:D61Q:I92C,5
R5D:T7H:A29K:Q47R:D61Q,R5D:T7H:A29K:Q47R:D61Q,5
L4N:R5D:T7S:G34T:T113E,L4N:R5D:T7S:G34T:T113E,5
G3E:T7S:A29H:G34T:D96Q,G3E:T7S:A29H:G34T:D96Q,5
G3E:R5D:T7S:G34T:T113E,G3E:R5D:T7S:G34T:T113E,5
G3E:T7S:G34T:Q47R:I92C,G3E:T7S:G34T:Q47R:I92C,5
L4N:T7H:A29K:D61Q:I92C,L4N:T7H:A29K:D61Q:I92C,5
R5D:T7H:A29H:D61Q:D96Q,R5D:T7H:A29H:D61Q:D96Q,5
G3E:T7S:A29H:D96Q:R98D,G3E:T7S:A29H:D96Q:R98D,5
G3E:T7S:G34T:Q47V:R98D,G3E:T7S:G34T:Q47V:R98D,5
G3E:T7S:A29K:D96Q:R98D,G3E:T7S:A29K:D96Q:R98D,5
G3E:T7S:A29K:I92C:R98D,G3E:T7S:A29K:I92C:R98D,5
G3E:T7H:A29K:G34T:R98D,G3E:T7H:A29K:G34T:R98D,5
G3E:T7S:A29K:Q47R:R98D,G3E:T7S:A29K:Q47R:R98D,5
G3E:R5D:T7H:I92C:V107M,G3E:R5D:T7H:I92C:V107M,5
G3E:R5D:A29H:R60N:I92C,G3E:R5D:A29H:R60N:I92C,5
R5D:T7S:A29K:Q47R:R98D,R5D:T7S:A29K:Q47R:R98D,5
G3E:L4N:T7S:D61Q:V107M,G3E:L4N:T7S:D61Q:V107M,5
L4N:R5D:T7S:R60N:V107M,L4N:R5D:T7S:R60N:V107M,5
R5D:T7H:G34T:I92C:D96Q,R5D:T7H:G34T:I92C:D96Q,5
R5D:T7H:A29K:I92C:R98D,R5D:T7H:A29K:I92C:R98D,5
L4N:T7S:G34T:Q47I:R98D,L4N:T7S:G34T:Q47I:R98D,5
L4N:T7S:A29H:D61Q:D96Q,L4N:T7S:A29H:D61Q:D96Q,5
G3E:T7S:G34T:I92C:D96Q,G3E:T7S:G34T:I92C:D96Q,5
G3E:T7H:A29K:G34T:I92C,G3E:T7H:A29K:G34T:I92C,5
G3E:R5D:A29K:R60N:D61Q,G3E:R5D:A29K:R60N:D61Q,5
L4N:T7S:A29H:G34T:R98D,L4N:T7S:A29H:G34T:R98D,5
G3E:T7S:A29K:D61Q:D96Q,G3E:T7S:A29K:D61Q:D96Q,5
L4N:R5D:A29H:G34T:I92C,L4N:R5D:A29H:G34T:I92C,5
G3E:R5D:A29H:Q47I:D61Q,G3E:R5D:A29H:Q47I:D61Q,5
L4N:T7H:A29K:D61Q:R98D,L4N:T7H:A29K:D61Q:R98D,5
R5D:T7H:A29K:D61Q:R98D,R5D:T7H:A29K:D61Q:R98D,5
G3E:R5D:G34T:D96Q:R98D,G3E:R5D:G34T:D96Q:R98D,5
R5D:T7S:G34T:Q47I:I92C,R5D:T7S:G34T:Q47I:I92C,5
R5D:T7S:A29H:Q47I:I92C,R5D:T7S:A29H:Q47I:I92C,5
G3E:L4N:R5D:D61Q:V107M,G3E:L4N:R5D:D61Q:V107M,5
G3E:R5D:T7H:G34T:T113E,G3E:R5D:T7H:G34T:T113E,5
L4N:R5D:G34T:Q47R:D61Q,L4N:R5D:G34T:Q47R:D61Q,5
L4N:T7S:Q47R:I92C:R98D,L4N:T7S:Q47R:I92C:R98D,5
R5D:T7S:R60N:D96Q:R98D,R5D:T7S:R60N:D96Q:R98D,5
R5D:T7S:Q47V:D61Q:D96Q,R5D:T7S:Q47V:D61Q:D96Q,5
R5D:T7S:A29K:R60N:I92C,R5D:T7S:A29K:R60N:I92C,5
G3E:L4N:R5D:R60N:V107M,G3E:L4N:R5D:R60N:V107M,5
G3E:T7S:A29K:R60N:I92C,G3E:T7S:A29K:R60N:I92C,5
G3E:R5D:A29K:G34T:Q47I,G3E:R5D:A29K:G34T:Q47I,5
G3E:T7S:A29H:G34T:I92C,G3E:T7S:A29H:G34T:I92C,5
R5D:T7H:G34T:D96Q:R98D,R5D:T7H:G34T:D96Q:R98D,5
L4N:T7S:A29K:G34T:R60N,L4N:T7S:A29K:G34T:R60N,5
G3E:T7S:G34T:R60N:I92C,G3E:T7S:G34T:R60N:I92C,5
R5D:T7H:A29K:D96Q:R98D,R5D:T7H:A29K:D96Q:R98D,5
R5D:T7S:A29H:G34T:Q47I,R5D:T7S:A29H:G34T:Q47I,5
L4N:R5D:A29H:D61Q:R98D,L4N:R5D:A29H:D61Q:R98D,5
L4N:T7H:A29H:D61Q:R98D,L4N:T7H:A29H:D61Q:R98D,5
L4N:T7S:D61Q:D96Q:R98D,L4N:T7S:D61Q:D96Q:R98D,5
L4N:R5D:T7H:A29H:V107M,L4N:R5D:T7H:A29H:V107M,5
G3E:R5D:A29K:R60N:R98D,G3E:R5D:A29K:R60N:R98D,5
G3E:T7H:A29K:D61Q:I92C,G3E:T7H:A29K:D61Q:I92C,5
R5D:T7H:A29K:G34T:D61Q,R5D:T7H:A29K:G34T:D61Q,5
G3E:T7S:A29H:R60N:I92C,G3E:T7S:A29H:R60N:I92C,5
R5D:T7S:Q47C:D61Q:D96Q,R5D:T7S:Q47C:D61Q:D96Q,5
G3E:R5D:G34T:I92C:R98D,G3E:R5D:G34T:I92C:R98D,5
G3E:T7S:A29H:G34T:Q47V,G3E:T7S:A29H:G34T:Q47V,5
R5D:T7S:A29H:Q47C:R98D,R5D:T7S:A29H:Q47C:R98D,5
G3E:T7S:G34T:Q47R:R98D,G3E:T7S:G34T:Q47R:R98D,5
L4N:T7S:A29H:Q47R:D61Q,L4N:T7S:A29H:Q47R:D61Q,5
R5D:T7H:G34T:Q47R:D61Q,R5D:T7H:G34T:Q47R:D61Q,5
G3E:R5D:A29K:D61Q:D96Q,G3E:R5D:A29K:D61Q:D96Q,5
L4N:T7H:A29K:I92C:R98D,L4N:T7H:A29K:I92C:R98D,5
R5D:T7H:A29H:G34T:D96Q,R5D:T7H:A29H:G34T:D96Q,5
G3E:R5D:T7H:A29H:V109Q,G3E:R5D:T7H:A29H:V109Q,5
L4N:T7S:A29H:G34T:Q47R,L4N:T7S:A29H:G34T:Q47R,5
G3E:R5D:G34T:D61Q:D96Q,G3E:R5D:G34T:D61Q:D96Q,5
G3E:L4N:T7S:D61Q:T113E,G3E:L4N:T7S:D61Q:T113E,5
L4N:R5D:D61Q:I92C:R98D,L4N:R5D:D61Q:I92C:R98D,5
L4N:T7S:A29K:R60N:D61Q,L4N:T7S:A29K:R60N:D61Q,5
G3E:R5D:T7H:I92C:T113E,G3E:R5D:T7H:I92C:T113E,5
R5D:T7H:A29K:D61Q:I92C,R5D:T7H:A29K:D61Q:I92C,5
R5D:T7S:Q47V:D96Q:R98D,R5D:T7S:Q47V:D96Q:R98D,5
L4N:T7H:A29K:R60N:D61Q,L4N:T7H:A29K:R60N:D61Q,5
L4N:R5D:T7S:Q47I:V107M,L4N:R5D:T7S:Q47I:V107M,5
G3E:R5D:A29K:Q47V:D61Q,G3E:R5D:A29K:Q47V:D61Q,5
R5D:T7S:A29H:Q47V:R98D,R5D:T7S:A29H:Q47V:R98D,5
R5D:T7S:A29H:Q47C:I92C,R5D:T7S:A29H:Q47C:I92C,5
L4N:T7S:G34T:Q47R:D61Q,L4N:T7S:G34T:Q47R:D61Q,5
L4N:R5D:T7H:R98D:V107M,L4N:R5D:T7H:R98D:V107M,5
L4N:R5D:T7H:A29H:V109Q,L4N:R5D:T7H:A29H:V109Q,5
L4N:R5D:T7S:A29K:V107M,L4N:R5D:T7S:A29K:V107M,5
R5D:T7H:D61Q:I92C:D96Q,R5D:T7H:D61Q:I92C:D96Q,5
G3E:R5D:R60N:D61Q:R98D,G3E:R5D:R60N:D61Q:R98D,5
L4N:R5D:T7S:D96Q:T113E,L4N:R5D:T7S:D96Q:T113E,5
G3E:T7H:A29H:D96Q:R98D,G3E:T7H:A29H:D96Q:R98D,5
G3E:T7S:G34T:Q47R:D61Q,G3E:T7S:G34T:Q47R:D61Q,5
L4N:T7H:A29K:G34T:D61Q,L4N:T7H:A29K:G34T:D61Q,5
L4N:T7H:A29H:D61Q:I92C,L4N:T7H:A29H:D61Q:I92C,5
L4N:T7S:A29K:D61Q:R98D,L4N:T7S:A29K:D61Q:R98D,5
L4N:R5D:A29H:G34T:R60N,L4N:R5D:A29H:G34T:R60N,5
L4N:T7S:G34T:I92C:D96Q,L4N:T7S:G34T:I92C:D96Q,5
G3E:R5D:A29H:G34T:Q47V,G3E:R5D:A29H:G34T:Q47V,5
G3E:L4N:A29H:G34T:D61Q,G3E:L4N:A29H:G34T:D61Q,5
R5D:T7H:A29K:R60N:I92C,R5D:T7H:A29K:R60N:I92C,5
R5D:T7S:A29K:G34T:D61Q,R5D:T7S:A29K:G34T:D61Q,5
G3E:T7S:A29H:Q47V:D61Q,G3E:T7S:A29H:Q47V:D61Q,5
R5D:T7S:A29K:I92C:D96Q,R5D:T7S:A29K:I92C:D96Q,5
R5D:T7H:A29K:G34T:R60N,R5D:T7H:A29K:G34T:R60N,5
L4N:R5D:G34T:R60N:D61Q,L4N:R5D:G34T:R60N:D61Q,5
G3E:R5D:A29H:G34T:Q47I,G3E:R5D:A29H:G34T:Q47I,5
R5D:T7S:A29K:Q47R:R60N,R5D:T7S:A29K:Q47R:R60N,5
G3E:L4N:R5D:G34T:V107M,G3E:L4N:R5D:G34T:V107M,5
R5D:T7S:A29H:Q47V:D96Q,R5D:T7S:A29H:Q47V:D96Q,5
L4N:T7H:A29H:G34T:D61Q,L4N:T7H:A29H:G34T:D61Q,5
L4N:T7S:G34T:D61Q:I92C,L4N:T7S:G34T:D61Q:I92C,5
G3E:R5D:I92C:D96Q:R98D,G3E:R5D:I92C:D96Q:R98D,5
L4N:R5D:G34T:D61Q:R98D,L4N:R5D:G34T:D61Q:R98D,5
G3E:L4N:R5D:R98D:V107M,G3E:L4N:R5D:R98D:V107M,5
G3E:R5D:A29H:R60N:R98D,G3E:R5D:A29H:R60N:R98D,5
R5D:T7H:R60N:D61Q:I92C,R5D:T7H:R60N:D61Q:I92C,5
L4N:R5D:A29H:R60N:D61Q,L4N:R5D:A29H:R60N:D61Q,5
G3E:T7S:Q47R:I92C:R98D,G3E:T7S:Q47R:I92C:R98D,5
G3E:T7H:A29H:D61Q:R98D,G3E:T7H:A29H:D61Q:R98D,5
G3E:R5D:T7S:Q47V:T113E,G3E:R5D:T7S:Q47V:T113E,5
L4N:T7S:G34T:Q47R:I92C,L4N:T7S:G34T:Q47R:I92C,5
G3E:T7S:A29K:Q47R:I92C,G3E:T7S:A29K:Q47R:I92C,5
L4N:T7S:Q47R:D61Q:D96Q,L4N:T7S:Q47R:D61Q:D96Q,5
L4N:T7S:D61Q:I92C:D96Q,L4N:T7S:D61Q:I92C:D96Q,5
G3E:T7S:A29H:R60N:D96Q,G3E:T7S:A29H:R60N:D96Q,5
L4N:R5D:G34T:R60N:I92C,L4N:R5D:G34T:R60N:I92C,5
R5D:T7S:Q47V:D61Q:I92C,R5D:T7S:Q47V:D61Q:I92C,5
R5D:T7S:Q47C:R60N:D61Q,R5D:T7S:Q47C:R60N:D61Q,5
L4N:T7S:A29H:G34T:R60N,L4N:T7S:A29H:G34T:R60N,5
G3E:R5D:T7H:G34T:V109Q,G3E:R5D:T7H:G34T:V109Q,5
G3E:R5D:T7S:Q47R:V109Q,G3E:R5D:T7S:Q47R:V109Q,5
R5D:T7S:A29H:Q47I:D96Q,R5D:T7S:A29H:Q47I:D96Q,5
G3E:R5D:T7H:D96Q:T113E,G3E:R5D:T7H:D96Q:T113E,5
G3E:T7S:A29K:Q47C:D61Q,G3E:T7S:A29K:Q47C:D61Q,5
R5D:T7H:A29K:G34T:D96Q,R5D:T7H:A29K:G34T:D96Q,5
G3E:T7S:Q47R:D61Q:I92C,G3E:T7S:Q47R:D61Q:I92C,5
G3E:T7H:A29K:R60N:D61Q,G3E:T7H:A29K:R60N:D61Q,5
L4N:R5D:R60N:D61Q:R98D,L4N:R5D:R60N:D61Q:R98D,5
G3E:T7S:G34T:Q47I:D61Q,G3E:T7S:G34T:Q47I:D61Q,5
L4N:R5D:G34T:Q47R:I92C,L4N:R5D:G34T:Q47R:I92C,5
G3E:T7S:D61Q:I92C:D96Q,G3E:T7S:D61Q:I92C:D96Q,5
G3E:R5D:A29K:R60N:I92C,G3E:R5D:A29K:R60N:I92C,5
L4N:T7S:A29K:Q47V:D61Q,L4N:T7S:A29K:Q47V:D61Q,5
G3E:T7S:G34T:R60N:D96Q,G3E:T7S:G34T:R60N:D96Q,5
G3E:L4N:R5D:R60N:T113E,G3E:L4N:R5D:R60N:T113E,5
G3E:R5D:G34T:R60N:D61Q,G3E:R5D:G34T:R60N:D61Q,5
L4N:T7S:Q47R:D61Q:I92C,L4N:T7S:Q47R:D61Q:I92C,5
L4N:R5D:T7S:D96Q:V109Q,L4N:R5D:T7S:D96Q:V109Q,5
G3E:R5D:T7H:R60N:V107M,G3E:R5D:T7H:R60N:V107M,5
L4N:T7H:A29H:R60N:D61Q,L4N:T7H:A29H:R60N:D61Q,5
L4N:T7S:G34T:R60N:R98D,L4N:T7S:G34T:R60N:R98D,5
R5D:T7H:A29K:G34T:Q47R,R5D:T7H:A29K:G34T:Q47R,5
G3E:R5D:T7H:D96Q:V107M,G3E:R5D:T7H:D96Q:V107M,5
L4N:R5D:T7S:A29K:T113E,L4N:R5D:T7S:A29K:T113E,5
L4N:R5D:T7S:Q47R:V109Q,L4N:R5D:T7S:Q47R:V109Q,5
G3E:R5D:A29K:G34T:Q47V,G3E:R5D:A29K:G34T:Q47V,5
L4N:T7S:R60N:I92C:R98D,L4N:T7S:R60N:I92C:R98D,5
G3E:R5D:A29H:Q47R:I92C,G3E:R5D:A29H:Q47R:I92C,5
G3E:L4N:R5D:D61Q:T113E,G3E:L4N:R5D:D61Q:T113E,5
L4N:R5D:T7S:I92C:T113E,L4N:R5D:T7S:I92C:T113E,5
R5D:T7S:G34T:Q47I:R60N,R5D:T7S:G34T:Q47I:R60N,5
G3E:T7H:A29K:I92C:R98D,G3E:T7H:A29K:I92C:R98D,5
G3E:T7S:A29K:Q47R:R60N,G3E:T7S:A29K:Q47R:R60N,5
R5D:T7H:A29K:G34T:I92C,R5D:T7H:A29K:G34T:I92C,5
G3E:R5D:A29H:I92C:D96Q,G3E:R5D:A29H:I92C:D96Q,5
L4N:T7S:G34T:Q47R:R98D,L4N:T7S:G34T:Q47R:R98D,5
G3E:L4N:R5D:I92C:T113E,G3E:L4N:R5D:I92C:T113E,5
L4N:T7S:A29H:Q47R:R98D,L4N:T7S:A29H:Q47R:R98D,5
L4N:R5D:T7H:I92C:V107M,L4N:R5D:T7H:I92C:V107M,5
L4N:T7H:A29H:G34T:D96Q,L4N:T7H:A29H:G34T:D96Q,5
G3E:T7H:A29H:D61Q:I92C,G3E:T7H:A29H:D61Q:I92C,5
G3E:L4N:R5D:G34T:V109Q,G3E:L4N:R5D:G34T:V109Q,5
G3E:L4N:T7S:A29H:V109Q,G3E:L4N:T7S:A29H:V109Q,5
L4N:T7S:G34T:Q47I:D61Q,L4N:T7S:G34T:Q47I:D61Q,5
L4N:T7S:Q47R:D61Q:R98D,L4N:T7S:Q47R:D61Q:R98D,5
R5D:T7H:A29K:D61Q:D96Q,R5D:T7H:A29K:D61Q:D96Q,5
L4N:R5D:A29H:D61Q:D96Q,L4N:R5D:A29H:D61Q:D96Q,5
G3E:T7S:R60N:D96Q:R98D,G3E:T7S:R60N:D96Q:R98D,5
G3E:T7S:R60N:D61Q:D96Q,G3E:T7S:R60N:D61Q:D96Q,5
G3E:T7H:D61Q:D96Q:R98D,G3E:T7H:D61Q:D96Q:R98D,5
L4N:T7S:A29H:R60N:D96Q,L4N:T7S:A29H:R60N:D96Q,5
L4N:R5D:T7H:A29H:T113E,L4N:R5D:T7H:A29H:T113E,5
L4N:R5D:T7S:Q47I:T113E,L4N:R5D:T7S:Q47I:T113E,5
G3E:L4N:T7H:A29H:T113E,G3E:L4N:T7H:A29H:T113E,5
G3E:T7S:G34T:Q47V:D61Q,G3E:T7S:G34T:Q47V:D61Q,5
G3E:T7S:A29H:Q47I:R98D,G3E:T7S:A29H:Q47I:R98D,5
R5D:T7S:Q47R:I92C:D96Q,R5D:T7S:Q47R:I92C:D96Q,5
G3E:R5D:A29K:Q47C:D61Q,G3E:R5D:A29K:Q47C:D61Q,5
L4N:T7S:G34T:D96Q:R98D,L4N:T7S:G34T:D96Q:R98D,5
L4N:R5D:A29K:D61Q:I92C,L4N:R5D:A29K:D61Q:I92C,5
G3E:T7S:A29K:I92C:D96Q,G3E:T7S:A29K:I92C:D96Q,5
R5D:T7S:A29H:Q47R:R60N,R5D:T7S:A29H:Q47R:R60N,5
R5D:T7S:Q47I:D61Q:D96Q,R5D:T7S:Q47I:D61Q:D96Q,5
G3E:R5D:G34T:Q47V:R98D,G3E:R5D:G34T:Q47V:R98D,5
R5D:T7S:A29K:Q47V:R98D,R5D:T7S:A29K:Q47V:R98D,5
L4N:T7S:A29K:Q47I:D61Q,L4N:T7S:A29K:Q47I:D61Q,5
R5D:T7H:A29K:R60N:D61Q,R5D:T7H:A29K:R60N:D61Q,5
L4N:R5D:G34T:R60N:D96Q,L4N:R5D:G34T:R60N:D96Q,5
G3E:R5D:G34T:I92C:D96Q,G3E:R5D:G34T:I92C:D96Q,5
G3E:L4N:T7S:R60N:V107M,G3E:L4N:T7S:R60N:V107M,5
G3E:T7H:A29H:G34T:R60N,G3E:T7H:A29H:G34T:R60N,5
G3E:L4N:R5D:D61Q:V109Q,G3E:L4N:R5D:D61Q:V109Q,5
R5D:T7H:A29K:I92C:D96Q,R5D:T7H:A29K:I92C:D96Q,5
L4N:T7S:G34T:D61Q:D96Q,L4N:T7S:G34T:D61Q:D96Q,5
G3E:T7H:A29H:I92C:R98D,G3E:T7H:A29H:I92C:R98D,5
R5D:T7S:G34T:Q47R:R60N,R5D:T7S:G34T:Q47R:R60N,5
G3E:R5D:A29H:Q47R:D61Q,G3E:R5D:A29H:Q47R:D61Q,5
R5D:T7S:G34T:Q47V:I92C,R5D:T7S:G34T:Q47V:I92C,5
G3E:T7S:Q47R:D61Q:R98D,G3E:T7S:Q47R:D61Q:R98D,5
R5D:T7S:Q47I:D96Q:R98D,R5D:T7S:Q47I:D96Q:R98D,5
G3E:R5D:A29K:Q47I:I92C,G3E:R5D:A29K:Q47I:I92C,5
L4N:T7S:A29H:G34T:Q47V,L4N:T7S:A29H:G34T:Q47V,5
G3E:L4N:T7S:Q47R:T113E,G3E:L4N:T7S:Q47R:T113E,5
L4N:T7S:A29K:Q47C:D61Q,L4N:T7S:A29K:Q47C:D61Q,5
R5D:T7S:Q47I:I92C:D96Q,R5D:T7S:Q47I:I92C:D96Q,5
G3E:L4N:T7S:D61Q:V109Q,G3E:L4N:T7S:D61Q:V109Q,5
L4N:R5D:A29K:G34T:I92C,L4N:R5D:A29K:G34T:I92C,5
G3E:R5D:T7H:D96Q:V109Q,G3E:R5D:T7H:D96Q:V109Q,5
G3E:T7S:Q47C:D61Q:R98D,G3E:T7S:Q47C:D61Q:R98D,5
L4N:T7S:Q47R:D96Q:R98D,L4N:T7S:Q47R:D96Q:R98D,5
R5D:T7H:A29K:R60N:D96Q,R5D:T7H:A29K:R60N:D96Q,5
R5D:T7S:A29K:Q47I:I92C,R5D:T7S:A29K:Q47I:I92C,5
L4N:R5D:A29H:G34T:R98D,L4N:R5D:A29H:G34T:R98D,5
G3E:T7S:I92C:D96Q:R98D,G3E:T7S:I92C:D96Q:R98D,5
R5D:T7S:Q47I:I92C:R98D,R5D:T7S:Q47I:I92C:R98D,5
R5D:T7S:A29K:G34T:I92C,R5D:T7S:A29K:G34T:I92C,5
G3E:T7S:G34T:Q47I:I92C,G3E:T7S:G34T:Q47I:I92C,5
L4N:T7S:A29H:G34T:Q47I,L4N:T7S:A29H:G34T:Q47I,5
R5D:T7H:A29K:Q47R:I92C,R5D:T7H:A29K:Q47R:I92C,5
G3E:T7S:G34T:Q47I:R98D,G3E:T7S:G34T:Q47I:R98D,5
G3E:T7H:G34T:D61Q:I92C,G3E:T7H:G34T:D61Q:I92C,5
G3E:R5D:G34T:Q47R:R98D,G3E:R5D:G34T:Q47R:R98D,5
G3E:T7S:A29K:Q47C:R98D,G3E:T7S:A29K:Q47C:R98D,5
G3E:T7S:G34T:Q47C:D61Q,G3E:T7S:G34T:Q47C:D61Q,5
L4N:T7S:A29H:R60N:I92C,L4N:T7S:A29H:R60N:I92C,5
G3E:R5D:A29K:Q47R:R98D,G3E:R5D:A29K:Q47R:R98D,5
G3E:R5D:T7S:Q47V:V109Q,G3E:R5D:T7S:Q47V:V109Q,5
G3E:T7S:G34T:Q47R:D96Q,G3E:T7S:G34T:Q47R:D96Q,5
G3E:R5D:G34T:R60N:D96Q,G3E:R5D:G34T:R60N:D96Q,5
G3E:T7H:A29K:R60N:R98D,G3E:T7H:A29K:R60N:R98D,5
G3E:R5D:T7H:Q47R:T113E,G3E:R5D:T7H:Q47R:T113E,5
R5D:T7H:G34T:Q47R:R98D,R5D:T7H:G34T:Q47R:R98D,5
G3E:R5D:Q47R:D61Q:D96Q,G3E:R5D:Q47R:D61Q:D96Q,5
G3E:L4N:T7S:D96Q:T113E,G3E:L4N:T7S:D96Q:T113E,5
G3E:T7H:G34T:D61Q:R98D,G3E:T7H:G34T:D61Q:R98D,5
G3E:T7S:Q47I:D61Q:R98D,G3E:T7S:Q47I:D61Q:R98D,5
L4N:T7H:A29H:G34T:R98D,L4N:T7H:A29H:G34T:R98D,5
R5D:T7S:A29H:Q47R:D96Q,R5D:T7S:A29H:Q47R:D96Q,5
L4N:T7S:A29K:D96Q:R98D,L4N:T7S:A29K:D96Q:R98D,5
R5D:T7H:R60N:D61Q:R98D,R5D:T7H:R60N:D61Q:R98D,5
R5D:T7S:R60N:I92C:D96Q,R5D:T7S:R60N:I92C:D96Q,5
R5D:T7S:A29H:Q47V:I92C,R5D:T7S:A29H:Q47V:I92C,5
L4N:R5D:G34T:D61Q:I92C,L4N:R5D:G34T:D61Q:I92C,5
G3E:T7H:A29K:D61Q:D96Q,G3E:T7H:A29K:D61Q:D96Q,5
L4N:T7S:G34T:Q47R:D96Q,L4N:T7S:G34T:Q47R:D96Q,5
G3E:T7S:Q47V:D96Q:R98D,G3E:T7S:Q47V:D96Q:R98D,5
G3E:T7S:G34T:D96Q:R98D,G3E:T7S:G34T:D96Q:R98D,5
G3E:T7S:A29K:Q47I:I92C,G3E:T7S:A29K:Q47I:I92C,5
L4N:T7S:G34T:R60N:D96Q,L4N:T7S:G34T:R60N:D96Q,5
R5D:T7S:A29K:Q47R:D96Q,R5D:T7S:A29K:Q47R:D96Q,5
L4N:R5D:A29K:D61Q:R98D,L4N:R5D:A29K:D61Q:R98D,5
G3E:R5D:A29K:Q47R:I92C,G3E:R5D:A29K:Q47R:I92C,5
L4N:T7S:A29H:G34T:Q47C,L4N:T7S:A29H:G34T:Q47C,5
G3E:L4N:T7S:A29H:T113E,G3E:L4N:T7S:A29H:T113E,5
G3E:R5D:G34T:Q47V:D61Q,G3E:R5D:G34T:Q47V:D61Q,5
G3E:T7S:A29H:Q47V:I92C,G3E:T7S:A29H:Q47V:I92C,5
G3E:T7S:Q47R:D96Q:R98D,G3E:T7S:Q47R:D96Q:R98D,5
L4N:R5D:T7S:G34T:V109Q,L4N:R5D:T7S:G34T:V109Q,5
G3E:T7H:A29K:D61Q:R98D,G3E:T7H:A29K:D61Q:R98D,5
G3E:R5D:Q47R:D61Q:I92C,G3E:R5D:Q47R:D61Q:I92C,5
L4N:R5D:G34T:I92C:R98D,L4N:R5D:G34T:I92C:R98D,5
L4N:R5D:A29H:R60N:D96Q,L4N:R5D:A29H:R60N:D96Q,5
G3E:L4N:T7S:Q47R:V107M,G3E:L4N:T7S:Q47R:V107M,5
G3E:R5D:A29K:Q47I:R98D,G3E:R5D:A29K:Q47I:R98D,5
R5D:T7H:Q47R:D61Q:I92C,R5D:T7H:Q47R:D61Q:I92C,5
G3E:T7S:Q47R:D61Q:D96Q,G3E:T7S:Q47R:D61Q:D96Q,5
G3E:R5D:Q47V:D61Q:I92C,G3E:R5D:Q47V:D61Q:I92C,5
R5D:T7H:G34T:Q47R:I92C,R5D:T7H:G34T:Q47R:I92C,5
G3E:T7S:G34T:Q47R:R60N,G3E:T7S:G34T:Q47R:R60N,5
G3E:T7S:A29H:Q47R:D96Q,G3E:T7S:A29H:Q47R:D96Q,5
L4N:R5D:T7S:Q47I:V109Q,L4N:R5D:T7S:Q47I:V109Q,5
G3E:T7H:D61Q:I92C:R98D,G3E:T7H:D61Q:I92C:R98D,5
G3E:R5D:T7S:Q47C:V109Q,G3E:R5D:T7S:Q47C:V109Q,5
G3E:L4N:T7S:A29H:V107M,G3E:L4N:T7S:A29H:V107M,5
G3E:L4N:R5D:Q47I:T113E,G3E:L4N:R5D:Q47I:T113E,5
G3E:R5D:Q47I:D61Q:I92C,G3E:R5D:Q47I:D61Q:I92C,5
R5D:T7S:A29K:Q47C:R98D,R5D:T7S:A29K:Q47C:R98D,5
G3E:R5D:A29K:G34T:Q47C,G3E:R5D:A29K:G34T:Q47C,5
R5D:T7S:Q47V:I92C:R98D,R5D:T7S:Q47V:I92C:R98D,5
G3E:L4N:R5D:A29H:T113E,G3E:L4N:R5D:A29H:T113E,5
R5D:T7H:R60N:D61Q:D96Q,R5D:T7H:R60N:D61Q:D96Q,5
L4N:T7H:A29H:G34T:I92C,L4N:T7H:A29H:G34T:I92C,5
G3E:R5D:G34T:R60N:I92C,G3E:R5D:G34T:R60N:I92C,5
G3E:R5D:Q47R:D96Q:R98D,G3E:R5D:Q47R:D96Q:R98D,5
R5D:T7H:A29H:Q47R:R98D,R5D:T7H:A29H:Q47R:R98D,5
G3E:T7S:G34T:R60N:R98D,G3E:T7S:G34T:R60N:R98D,5
L4N:R5D:A29H:R60N:R98D,L4N:R5D:A29H:R60N:R98D,5
L4N:T7S:R60N:D96Q:R98D,L4N:T7S:R60N:D96Q:R98D,5
L4N:R5D:A29H:G34T:Q47R,L4N:R5D:A29H:G34T:Q47R,5
G3E:R5D:Q47R:D61Q:R98D,G3E:R5D:Q47R:D61Q:R98D,5
G3E:R5D:A29H:Q47C:D61Q,G3E:R5D:A29H:Q47C:D61Q,5
L4N:R5D:A29H:Q47V:D61Q,L4N:R5D:A29H:Q47V:D61Q,5
L4N:T7S:A29H:Q47R:I92C,L4N:T7S:A29H:Q47R:I92C,5
G3E:R5D:G34T:R60N:R98D,G3E:R5D:G34T:R60N:R98D,5
G3E:T7S:Q47R:R60N:D61Q,G3E:T7S:Q47R:R60N:D61Q,5
G3E:T7H:A29H:G34T:I92C,G3E:T7H:A29H:G34T:I92C,5
G3E:T7S:Q47I:D61Q:I92C,G3E:T7S:Q47I:D61Q:I92C,5
L4N:T7S:A29H:Q47C:D61Q,L4N:T7S:A29H:Q47C:D61Q,5
G3E:L4N:R5D:Q47R:V109Q,G3E:L4N:R5D:Q47R:V109Q,5
G3E:R5D:A29H:Q47V:D61Q,G3E:R5D:A29H:Q47V:D61Q,5
L4N:R5D:I92C:D96Q:R98D,L4N:R5D:I92C:D96Q:R98D,5
G3E:L4N:R5D:G34T:T113E,G3E:L4N:R5D:G34T:T113E,5
L4N:T7S:A29K:I92C:R98D,L4N:T7S:A29K:I92C:R98D,5
G3E:R5D:T7H:R60N:T113E,G3E:R5D:T7H:R60N:T113E,5
L4N:R5D:T7S:R98D:V109Q,L4N:R5D:T7S:R98D:V109Q,5
L4N:R5D:D61Q:I92C:D96Q,L4N:R5D:D61Q:I92C:D96Q,5
L4N:R5D:T7H:R98D:T113E,L4N:R5D:T7H:R98D:T113E,5
R5D:T7S:A29K:Q47I:D96Q,R5D:T7S:A29K:Q47I:D96Q,5
L4N:T7S:G34T:Q47I:I92C,L4N:T7S:G34T:Q47I:I92C,5
L4N:T7S:A29K:Q47R:I92C,L4N:T7S:A29K:Q47R:I92C,5
L4N:T7S:A29H:Q47V:R98D,L4N:T7S:A29H:Q47V:R98D,5
L4N:T7S:Q47V:D61Q:R98D,L4N:T7S:Q47V:D61Q:R98D,5
R5D:T7H:A29H:Q47R:D61Q,R5D:T7H:A29H:Q47R:D61Q,5
G3E:L4N:T7H:R98D:V107M,G3E:L4N:T7H:R98D:V107M,5
L4N:T7S:A29H:G34T:D96Q,L4N:T7S:A29H:G34T:D96Q,5
R5D:T7S:Q47V:I92C:D96Q,R5D:T7S:Q47V:I92C:D96Q,5
L4N:R5D:Q47R:D61Q:I92C,L4N:R5D:Q47R:D61Q:I92C,5
L4N:T7H:A29K:D96Q:R98D,L4N:T7H:A29K:D96Q:R98D,5
L4N:T7S:A29H:Q47I:D61Q,L4N:T7S:A29H:Q47I:D61Q,5
G3E:T7H:G34T:R60N:R98D,G3E:T7H:G34T:R60N:R98D,5
G3E:T7H:R60N:D61Q:R98D,G3E:T7H:R60N:D61Q:R98D,5
G3E:L4N:T7H:D61Q:V107M,G3E:L4N:T7H:D61Q:V107M,5
G3E:R5D:G34T:Q47C:D61Q,G3E:R5D:G34T:Q47C:D61Q,5
G3E:R5D:A29K:Q47I:R60N,G3E:R5D:A29K:Q47I:R60N,5
L4N:T7S:A29K:G34T:Q47R,L4N:T7S:A29K:G34T:Q47R,5
L4N:R5D:A29K:G34T:R98D,L4N:R5D:A29K:G34T:R98D,5
L4N:R5D:A29H:G34T:Q47I,L4N:R5D:A29H:G34T:Q47I,5
L4N:T7H:G34T:D61Q:R98D,L4N:T7H:G34T:D61Q:R98D,5
L4N:R5D:G34T:I92C:D96Q,L4N:R5D:G34T:I92C:D96Q,5
L4N:R5D:A29K:R60N:D61Q,L4N:R5D:A29K:R60N:D61Q,5
G3E:L4N:R5D:A29K:V107M,G3E:L4N:R5D:A29K:V107M,5
G3E:R5D:G34T:Q47I:I92C,G3E:R5D:G34T:Q47I:I92C,5
L4N:T7S:A29K:Q47R:R98D,L4N:T7S:A29K:Q47R:R98D,5
G3E:T7S:Q47I:R60N:D61Q,G3E:T7S:Q47I:R60N:D61Q,5
G3E:T7H:A29H:G34T:D96Q,G3E:T7H:A29H:G34T:D96Q,5
G3E:R5D:A29H:Q47V:I92C,G3E:R5D:A29H:Q47V:I92C,5
R5D:T7S:A29K:Q47V:D96Q,R5D:T7S:A29K:Q47V:D96Q,5
R5D:T7H:R60N:I92C:R98D,R5D:T7H:R60N:I92C:R98D,5
L4N:R5D:G34T:R60N:R98D,L4N:R5D:G34T:R60N:R98D,5
L4N:R5D:T7H:D61Q:V107M,L4N:R5D:T7H:D61Q:V107M,5
G3E:L4N:A29K:G34T:I92C,G3E:L4N:A29K:G34T:I92C,5
G3E:L4N:R5D:A29H:V109Q,G3E:L4N:R5D:A29H:V109Q,5
G3E:T7S:R60N:I92C:R98D,G3E:T7S:R60N:I92C:R98D,5
L4N:T7H:I92C:D96Q:R98D,L4N:T7H:I92C:D96Q:R98D,5
R5D:T7S:A29H:Q47V:R60N,R5D:T7S:A29H:Q47V:R60N,5
G3E:T7H:G34T:Q47R:D61Q,G3E:T7H:G34T:Q47R:D61Q,5
G3E:R5D:A29K:I92C:D96Q,G3E:R5D:A29K:I92C:D96Q,5
L4N:R5D:Q47V:D61Q:I92C,L4N:R5D:Q47V:D61Q:I92C,5
L4N:R5D:T7H:R60N:T113E,L4N:R5D:T7H:R60N:T113E,5
L4N:T7S:A29H:I92C:D96Q,L4N:T7S:A29H:I92C:D96Q,5
G3E:T7S:Q47V:D61Q:R98D,G3E:T7S:Q47V:D61Q:R98D,5
L4N:T7S:Q47R:R60N:D61Q,L4N:T7S:Q47R:R60N:D61Q,5
G3E:L4N:R5D:R98D:T113E,G3E:L4N:R5D:R98D:T113E,5
L4N:T7H:A29K:D61Q:D96Q,L4N:T7H:A29K:D61Q:D96Q,5
G3E:T7H:G34T:D61Q:D96Q,G3E:T7H:G34T:D61Q:D96Q,5
G3E:L4N:A29H:D61Q:R98D,G3E:L4N:A29H:D61Q:R98D,5
L4N:T7H:A29H:I92C:R98D,L4N:T7H:A29H:I92C:R98D,5
G3E:T7H:A29K:G34T:Q47R,G3E:T7H:A29K:G34T:Q47R,5
L4N:R5D:D61Q:D96Q:R98D,L4N:R5D:D61Q:D96Q:R98D,5
L4N:T7S:A29K:D61Q:D96Q,L4N:T7S:A29K:D61Q:D96Q,5
G3E:T7H:A29H:G34T:Q47R,G3E:T7H:A29H:G34T:Q47R,5
G3E:R5D:R60N:I92C:R98D,G3E:R5D:R60N:I92C:R98D,5
L4N:T7S:Q47V:D61Q:I92C,L4N:T7S:Q47V:D61Q:I92C,5
L4N:R5D:G34T:D96Q:R98D,L4N:R5D:G34T:D96Q:R98D,5
G3E:T7H:A29K:G34T:D61Q,G3E:T7H:A29K:G34T:D61Q,5
L4N:R5D:A29H:I92C:D96Q,L4N:R5D:A29H:I92C:D96Q,5
G3E:T7H:G34T:R60N:D61Q,G3E:T7H:G34T:R60N:D61Q,5
G3E:L4N:R5D:D96Q:V107M,G3E:L4N:R5D:D96Q:V107M,5
L4N:T7H:A29K:I92C:D96Q,L4N:T7H:A29K:I92C:D96Q,5
L4N:R5D:T7H:D61Q:T113E,L4N:R5D:T7H:D61Q:T113E,5
G3E:T7S:A29H:Q47I:I92C,G3E:T7S:A29H:Q47I:I92C,5
G3E:R5D:A29H:Q47R:R98D,G3E:R5D:A29H:Q47R:R98D,5
G3E:R5D:Q47V:D61Q:R98D,G3E:R5D:Q47V:D61Q:R98D,5
G3E:R5D:A29K:D96Q:R98D,G3E:R5D:A29K:D96Q:R98D,5
L4N:T7S:G34T:Q47C:R98D,L4N:T7S:G34T:Q47C:R98D,5
R5D:T7S:A29K:Q47V:I92C,R5D:T7S:A29K:Q47V:I92C,5
L4N:T7S:A29K:Q47V:I92C,L4N:T7S:A29K:Q47V:I92C,5
L4N:R5D:A29K:D96Q:R98D,L4N:R5D:A29K:D96Q:R98D,5
L4N:R5D:T7H:G34T:T113E,L4N:R5D:T7H:G34T:T113E,5
G3E:R5D:A29H:Q47R:D96Q,G3E:R5D:A29H:Q47R:D96Q,5
R5D:T7H:Q47R:D61Q:R98D,R5D:T7H:Q47R:D61Q:R98D,5
G3E:R5D:A29H:Q47V:R98D,G3E:R5D:A29H:Q47V:R98D,5
G3E:L4N:G34T:D61Q:I92C,G3E:L4N:G34T:D61Q:I92C,5
L4N:R5D:T7S:Q47V:T113E,L4N:R5D:T7S:Q47V:T113E,5
G3E:L4N:T7S:R98D:T113E,G3E:L4N:T7S:R98D:T113E,5
L4N:T7S:G34T:Q47V:I92C,L4N:T7S:G34T:Q47V:I92C,5
L4N:R5D:G34T:Q47I:D61Q,L4N:R5D:G34T:Q47I:D61Q,5
L4N:R5D:G34T:Q47C:D61Q,L4N:R5D:G34T:Q47C:D61Q,5
L4N:R5D:A29K:I92C:D96Q,L4N:R5D:A29K:I92C:D96Q,5
L4N:T7S:G34T:R60N:I92C,L4N:T7S:G34T:R60N:I92C,5
R5D:T7S:A29K:Q47I:R60N,R5D:T7S:A29K:Q47I:R60N,5
R5D:T7S:A29K:Q47I:R98D,R5D:T7S:A29K:Q47I:R98D,5
G3E:R5D:T7H:R98D:V109Q,G3E:R5D:T7H:R98D:V109Q,5
G3E:R5D:G34T:Q47R:D96Q,G3E:R5D:G34T:Q47R:D96Q,5
G3E:L4N:T7S:A29K:V109Q,G3E:L4N:T7S:A29K:V109Q,5
L4N:R5D:T7S:Q47V:V107M,L4N:R5D:T7S:Q47V:V107M,5
G3E:T7H:R60N:D61Q:I92C,G3E:T7H:R60N:D61Q:I92C,5
G3E:L4N:T7S:D96Q:V107M,G3E:L4N:T7S:D96Q:V107M,5
G3E:L4N:A29H:R60N:D61Q,G3E:L4N:A29H:R60N:D61Q,5
L4N:T7H:A29K:G34T:I92C,L4N:T7H:A29K:G34T:I92C,5
G3E:T7S:Q47V:D61Q:I92C,G3E:T7S:Q47V:D61Q:I92C,5
L4N:T7H:G34T:D61Q:I92C,L4N:T7H:G34T:D61Q:I92C,5
L4N:T7S:R60N:D61Q:D96Q,L4N:T7S:R60N:D61Q:D96Q,5
G3E:R5D:G34T:Q47C:R98D,G3E:R5D:G34T:Q47C:R98D,5
G3E:L4N:T7S:G34T:T113E,G3E:L4N:T7S:G34T:T113E,5
G3E:R5D:Q47R:I92C:R98D,G3E:R5D:Q47R:I92C:R98D,5
L4N:T7S:A29H:Q47R:D96Q,L4N:T7S:A29H:Q47R:D96Q,5
L4N:T7S:A29K:D61Q:I92C,L4N:T7S:A29K:D61Q:I92C,5
L4N:R5D:T7H:R60N:V109Q,L4N:R5D:T7H:R60N:V109Q,5
G3E:L4N:R5D:I92C:V107M,G3E:L4N:R5D:I92C:V107M,5
L4N:T7S:A29H:Q47I:R98D,L4N:T7S:A29H:Q47I:R98D,5
R5D:T7H:A29H:G34T:Q47I,R5D:T7H:A29H:G34T:Q47I,5
L4N:T7S:A29K:Q47I:R98D,L4N:T7S:A29K:Q47I:R98D,5
G3E:T7H:A29K:D96Q:R98D,G3E:T7H:A29K:D96Q:R98D,5
G3E:T7S:Q47I:R60N:R98D,G3E:T7S:Q47I:R60N:R98D,5
G3E:T7S:Q47V:I92C:R98D,G3E:T7S:Q47V:I92C:R98D,5
R5D:T7S:G34T:Q47V:R60N,R5D:T7S:G34T:Q47V:R60N,5
L4N:R5D:T7S:I92C:V109Q,L4N:R5D:T7S:I92C:V109Q,5
L4N:R5D:A29K:Q47R:D61Q,L4N:R5D:A29K:Q47R:D61Q,5
G3E:L4N:A29H:G34T:R98D,G3E:L4N:A29H:G34T:R98D,5
G3E:L4N:D61Q:D96Q:R98D,G3E:L4N:D61Q:D96Q:R98D,5
L4N:R5D:Q47R:D61Q:R98D,L4N:R5D:Q47R:D61Q:R98D,5
L4N:R5D:A29H:Q47R:I92C,L4N:R5D:A29H:Q47R:I92C,5
G3E:R5D:A29K:Q47V:R98D,G3E:R5D:A29K:Q47V:R98D,5
L4N:R5D:T7H:D96Q:V107M,L4N:R5D:T7H:D96Q:V107M,5
L4N:T7S:A29K:G34T:Q47I,L4N:T7S:A29K:G34T:Q47I,5
L4N:R5D:T7H:I92C:V109Q,L4N:R5D:T7H:I92C:V109Q,5
G3E:L4N:T7S:R60N:V109Q,G3E:L4N:T7S:R60N:V109Q,5
R5D:T7S:A29K:R60N:D96Q,R5D:T7S:A29K:R60N:D96Q,5
G3E:R5D:T7S:Q47I:V109Q,G3E:R5D:T7S:Q47I:V109Q,5
G3E:L4N:T7S:I92C:T113E,G3E:L4N:T7S:I92C:T113E,5
R5D:T7H:G34T:Q47R:D96Q,R5D:T7H:G34T:Q47R:D96Q,5
L4N:T7S:A29K:R60N:I92C,L4N:T7S:A29K:R60N:I92C,5
L4N:R5D:A29K:R60N:R98D,L4N:R5D:A29K:R60N:R98D,5
L4N:T7S:A29H:Q47V:D61Q,L4N:T7S:A29H:Q47V:D61Q,5
G3E:T7S:A29K:Q47I:R98D,G3E:T7S:A29K:Q47I:R98D,5
L4N:T7S:A29K:Q47R:D96Q,L4N:T7S:A29K:Q47R:D96Q,5
G3E:T7S:Q47R:I92C:D96Q,G3E:T7S:Q47R:I92C:D96Q,5
R5D:T7H:R60N:D96Q:R98D,R5D:T7H:R60N:D96Q:R98D,5
R5D:T7S:A29K:Q47C:D96Q,R5D:T7S:A29K:Q47C:D96Q,5
G3E:T7S:G34T:Q47V:D96Q,G3E:T7S:G34T:Q47V:D96Q,5
R5D:T7H:A29H:R60N:I92C,R5D:T7H:A29H:R60N:I92C,5
L4N:T7S:A29K:R60N:D96Q,L4N:T7S:A29K:R60N:D96Q,5
L4N:T7H:A29K:Q47R:D61Q,L4N:T7H:A29K:Q47R:D61Q,5
L4N:T7H:A29H:D96Q:R98D,L4N:T7H:A29H:D96Q:R98D,5
G3E:L4N:G34T:I92C:R98D,G3E:L4N:G34T:I92C:R98D,5
L4N:T7S:G34T:Q47V:R98D,L4N:T7S:G34T:Q47V:R98D,5
G3E:T7S:A29H:Q47V:R98D,G3E:T7S:A29H:Q47V:R98D,5
L4N:R5D:T7S:Q47C:T113E,L4N:R5D:T7S:Q47C:T113E,5
R5D:T7H:A29H:G34T:Q47R,R5D:T7H:A29H:G34T:Q47R,5
R5D:T7H:A29H:Q47R:I92C,R5D:T7H:A29H:Q47R:I92C,5
G3E:R5D:G34T:Q47I:R60N,G3E:R5D:G34T:Q47I:R60N,5
G3E:R5D:T7H:Q47R:V109Q,G3E:R5D:T7H:Q47R:V109Q,5
L4N:T7S:A29K:G34T:I92C,L4N:T7S:A29K:G34T:I92C,5
G3E:L4N:T7S:I92C:V107M,G3E:L4N:T7S:I92C:V107M,5
R5D:T7H:A29H:R60N:R98D,R5D:T7H:A29H:R60N:R98D,5
G3E:T7H:G34T:I92C:R98D,G3E:T7H:G34T:I92C:R98D,5
G3E:T7S:G34T:Q47V:I92C,G3E:T7S:G34T:Q47V:I92C,5
G3E:T7H:A29H:G34T:R98D,G3E:T7H:A29H:G34T:R98D,5
L4N:R5D:T7H:A29K:T113E,L4N:R5D:T7H:A29K:T113E,5
L4N:T7S:A29K:G34T:D96Q,L4N:T7S:A29K:G34T:D96Q,5
L4N:T7H:R60N:D61Q:R98D,L4N:T7H:R60N:D61Q:R98D,5
G3E:R5D:A29K:Q47R:D96Q,G3E:R5D:A29K:Q47R:D96Q,5
G3E:L4N:A29H:G34T:I92C,G3E:L4N:A29H:G34T:I92C,5
G3E:T7H:A29H:R60N:R98D,G3E:T7H:A29H:R60N:R98D,5
L4N:T7S:A29K:I92C:D96Q,L4N:T7S:A29K:I92C:D96Q,5
G3E:R5D:G34T:Q47I:D96Q,G3E:R5D:G34T:Q47I:D96Q,5
L4N:R5D:G34T:Q47R:R98D,L4N:R5D:G34T:Q47R:R98D,5
R5D:T7H:G34T:Q47V:R98D,R5D:T7H:G34T:Q47V:R98D,5
L4N:T7S:A29H:Q47I:I92C,L4N:T7S:A29H:Q47I:I92C,5
G3E:T7H:I92C:D96Q:R98D,G3E:T7H:I92C:D96Q:R98D,5
G3E:R5D:A29H:Q47V:D96Q,G3E:R5D:A29H:Q47V:D96Q,5
R5D:T7S:G34T:Q47C:D96Q,R5D:T7S:G34T:Q47C:D96Q,5
L4N:R5D:A29H:G34T:D96Q,L4N:R5D:A29H:G34T:D96Q,5
L4N:R5D:A29K:Q47C:R98D,L4N:R5D:A29K:Q47C:R98D,5
G3E:T7H:D61Q:I92C:D96Q,G3E:T7H:D61Q:I92C:D96Q,5
G3E:R5D:A29H:Q47C:I92C,G3E:R5D:A29H:Q47C:I92C,5
R5D:T7H:G34T:R60N:I92C,R5D:T7H:G34T:R60N:I92C,5
G3E:L4N:T7S:Q47V:V107M,G3E:L4N:T7S:Q47V:V107M,5
G3E:L4N:T7H:D61Q:T113E,G3E:L4N:T7H:D61Q:T113E,5
L4N:R5D:A29K:Q47V:D61Q,L4N:R5D:A29K:Q47V:D61Q,5
R5D:T7H:G34T:R60N:R98D,R5D:T7H:G34T:R60N:R98D,5
L4N:R5D:A29K:G34T:R60N,L4N:R5D:A29K:G34T:R60N,5
L4N:R5D:A29K:G34T:D96Q,L4N:R5D:A29K:G34T:D96Q,5
L4N:T7H:A29H:G34T:Q47R,L4N:T7H:A29H:G34T:Q47R,5
G3E:L4N:R5D:Q47R:V107M,G3E:L4N:R5D:Q47R:V107M,5
G3E:R5D:T7H:Q47I:T113E,G3E:R5D:T7H:Q47I:T113E,5
G3E:T7S:A29K:G34T:Q47C,G3E:T7S:A29K:G34T:Q47C,5
L4N:T7S:A29K:G34T:Q47V,L4N:T7S:A29K:G34T:Q47V,5
G3E:L4N:R5D:D96Q:T113E,G3E:L4N:R5D:D96Q:T113E,5
G3E:L4N:R5D:R60N:V109Q,G3E:L4N:R5D:R60N:V109Q,5
G3E:R5D:Q47I:D61Q:R98D,G3E:R5D:Q47I:D61Q:R98D,5
L4N:R5D:G34T:Q47I:R98D,L4N:R5D:G34T:Q47I:R98D,5
G3E:T7H:A29K:Q47R:D61Q,G3E:T7H:A29K:Q47R:D61Q,5
R5D:T7S:A29H:Q47I:R60N,R5D:T7S:A29H:Q47I:R60N,5
G3E:L4N:T7S:Q47C:T113E,G3E:L4N:T7S:Q47C:T113E,5
L4N:R5D:G34T:D61Q:D96Q,L4N:R5D:G34T:D61Q:D96Q,5
G3E:L4N:G34T:D61Q:R98D,G3E:L4N:G34T:D61Q:R98D,5
G3E:L4N:T7S:I92C:V109Q,G3E:L4N:T7S:I92C:V109Q,5
G3E:T7S:A29K:Q47R:D96Q,G3E:T7S:A29K:Q47R:D96Q,5
R5D:T7S:A29K:Q47C:R60N,R5D:T7S:A29K:Q47C:R60N,5
L4N:R5D:T7S:D96Q:V107M,L4N:R5D:T7S:D96Q:V107M,5
G3E:L4N:R5D:Q47C:T113E,G3E:L4N:R5D:Q47C:T113E,5
R5D:T7H:A29K:Q47R:R98D,R5D:T7H:A29K:Q47R:R98D,5
G3E:T7H:R60N:D96Q:R98D,G3E:T7H:R60N:D96Q:R98D,5
L4N:T7H:A29H:D61Q:D96Q,L4N:T7H:A29H:D61Q:D96Q,5
L4N:T7S:G34T:Q47I:D96Q,L4N:T7S:G34T:Q47I:D96Q,5
G3E:T7S:R60N:I92C:D96Q,G3E:T7S:R60N:I92C:D96Q,5
L4N:T7S:R60N:I92C:D96Q,L4N:T7S:R60N:I92C:D96Q,5
G3E:R5D:A29K:Q47I:D96Q,G3E:R5D:A29K:Q47I:D96Q,5
R5D:T7H:G34T:R60N:D96Q,R5D:T7H:G34T:R60N:D96Q,5
L4N:T7S:Q47I:D96Q:R98D,L4N:T7S:Q47I:D96Q:R98D,5
G3E:L4N:R5D:A29K:T113E,G3E:L4N:R5D:A29K:T113E,5
G3E:L4N:A29H:D61Q:I92C,G3E:L4N:A29H:D61Q:I92C,5
G3E:T7S:A29H:Q47C:R98D,G3E:T7S:A29H:Q47C:R98D,5
G3E:L4N:R5D:I92C:V109Q,G3E:L4N:R5D:I92C:V109Q,5
L4N:T7H:D61Q:I92C:D96Q,L4N:T7H:D61Q:I92C:D96Q,5
L4N:R5D:A29H:G34T:Q47V,L4N:R5D:A29H:G34T:Q47V,5
L4N:R5D:A29K:D61Q:D96Q,L4N:R5D:A29K:D61Q:D96Q,5
R5D:T7H:A29H:G34T:Q47V,R5D:T7H:A29H:G34T:Q47V,5
G3E:T7H:A29K:Q47R:I92C,G3E:T7H:A29K:Q47R:I92C,5
L4N:T7H:A29K:Q47I:D61Q,L4N:T7H:A29K:Q47I:D61Q,5
G3E:T7H:A29H:Q47R:D61Q,G3E:T7H:A29H:Q47R:D61Q,5
G3E:T7S:G34T:Q47I:D96Q,G3E:T7S:G34T:Q47I:D96Q,5
R5D:T7H:G34T:Q47I:D61Q,R5D:T7H:G34T:Q47I:D61Q,5
L4N:R5D:A29K:I92C:R98D,L4N:R5D:A29K:I92C:R98D,5
L4N:T7S:Q47I:D61Q:R98D,L4N:T7S:Q47I:D61Q:R98D,5
L4N:T7S:G34T:Q47C:D61Q,L4N:T7S:G34T:Q47C:D61Q,5
G3E:R5D:G34T:Q47I:R98D,G3E:R5D:G34T:Q47I:R98D,5
R5D:T7S:A29K:G34T:Q47V,R5D:T7S:A29K:G34T:Q47V,5
L4N:R5D:A29K:G34T:Q47R,L4N:R5D:A29K:G34T:Q47R,5
R5D:T7S:A29K:G34T:R98D,R5D:T7S:A29K:G34T:R98D,5
L4N:T7S:A29H:Q47R:R60N,L4N:T7S:A29H:Q47R:R60N,5
G3E:L4N:D61Q:I92C:D96Q,G3E:L4N:D61Q:I92C:D96Q,5
L4N:T7H:A29H:G34T:R60N,L4N:T7H:A29H:G34T:R60N,5
G3E:L4N:T7H:R98D:T113E,G3E:L4N:T7H:R98D:T113E,5
G3E:T7S:Q47I:I92C:R98D,G3E:T7S:Q47I:I92C:R98D,5
G3E:T7S:Q47I:I92C:D96Q,G3E:T7S:Q47I:I92C:D96Q,5
G3E:R5D:A29H:Q47R:R60N,G3E:R5D:A29H:Q47R:R60N,5
G3E:R5D:A29K:Q47V:D96Q,G3E:R5D:A29K:Q47V:D96Q,5
R5D:T7H:A29K:R60N:R98D,R5D:T7H:A29K:R60N:R98D,5
R5D:T7S:Q47R:R60N:D96Q,R5D:T7S:Q47R:R60N:D96Q,5
R5D:T7S:Q47R:R60N:R98D,R5D:T7S:Q47R:R60N:R98D,5
G3E:L4N:R5D:A29K:V109Q,G3E:L4N:R5D:A29K:V109Q,5
G3E:T7H:A29K:Q47R:R98D,G3E:T7H:A29K:Q47R:R98D,5
G3E:T7H:G34T:Q47R:I92C,G3E:T7H:G34T:Q47R:I92C,5
G3E:L4N:R5D:Q47I:V109Q,G3E:L4N:R5D:Q47I:V109Q,5
L4N:R5D:T7H:I92C:T113E,L4N:R5D:T7H:I92C:T113E,5
R5D:T7H:Q47R:I92C:R98D,R5D:T7H:Q47R:I92C:R98D,5
G3E:T7S:A29K:Q47V:R98D,G3E:T7S:A29K:Q47V:R98D,5
L4N:R5D:A29H:Q47R:R98D,L4N:R5D:A29H:Q47R:R98D,5
L4N:T7H:A29K:Q47R:I92C,L4N:T7H:A29K:Q47R:I92C,5
G3E:T7S:A29K:Q47I:R60N,G3E:T7S:A29K:Q47I:R60N,5
G3E:L4N:A29H:I92C:R98D,G3E:L4N:A29H:I92C:R98D,5
R5D:T7S:Q47V:R60N:D61Q,R5D:T7S:Q47V:R60N:D61Q,5
R5D:T7S:A29K:G34T:Q47I,R5D:T7S:A29K:G34T:Q47I,5
G3E:L4N:T7H:I92C:V107M,G3E:L4N:T7H:I92C:V107M,5
R5D:T7H:A29H:Q47V:D61Q,R5D:T7H:A29H:Q47V:D61Q,5
L4N:R5D:A29K:G34T:Q47V,L4N:R5D:A29K:G34T:Q47V,5
G3E:T7S:A29H:Q47C:I92C,G3E:T7S:A29H:Q47C:I92C,5
L4N:R5D:T7H:A29K:V107M,L4N:R5D:T7H:A29K:V107M,5
L4N:R5D:T7H:R60N:V107M,L4N:R5D:T7H:R60N:V107M,5
G3E:R5D:G34T:Q47V:D96Q,G3E:R5D:G34T:Q47V:D96Q,5
L4N:R5D:R60N:D96Q:R98D,L4N:R5D:R60N:D96Q:R98D,5
G3E:L4N:T7H:D96Q:V107M,G3E:L4N:T7H:D96Q:V107M,5
L4N:R5D:R60N:D61Q:D96Q,L4N:R5D:R60N:D61Q:D96Q,5
G3E:L4N:G34T:Q47R:D61Q,G3E:L4N:G34T:Q47R:D61Q,5
L4N:T7S:G34T:Q47R:R60N,L4N:T7S:G34T:Q47R:R60N,5
G3E:R5D:Q47C:D61Q:R98D,G3E:R5D:Q47C:D61Q:R98D,5
G3E:L4N:R5D:Q47V:V107M,G3E:L4N:R5D:Q47V:V107M,5
L4N:R5D:A29K:Q47R:R98D,L4N:R5D:A29K:Q47R:R98D,5
G3E:L4N:T7H:R60N:T113E,G3E:L4N:T7H:R60N:T113E,5
L4N:T7H:A29K:Q47R:R98D,L4N:T7H:A29K:Q47R:R98D,5
G3E:T7S:Q47I:D96Q:R98D,G3E:T7S:Q47I:D96Q:R98D,5
G3E:L4N:Q47R:D61Q:I92C,G3E:L4N:Q47R:D61Q:I92C,5
L4N:T7H:G34T:R60N:D61Q,L4N:T7H:G34T:R60N:D61Q,5
G3E:L4N:T7S:G34T:V107M,G3E:L4N:T7S:G34T:V107M,5
L4N:T7S:A29H:Q47C:I92C,L4N:T7S:A29H:Q47C:I92C,5
G3E:T7H:G34T:Q47R:R98D,G3E:T7H:G34T:Q47R:R98D,5
R5D:T7H:A29H:G34T:Q47C,R5D:T7H:A29H:G34T:Q47C,5
G3E:R5D:G34T:Q47V:I92C,G3E:R5D:G34T:Q47V:I92C,5
L4N:R5D:R60N:D61Q:I92C,L4N:R5D:R60N:D61Q:I92C,5
R5D:T7S:Q47I:R60N:D61Q,R5D:T7S:Q47I:R60N:D61Q,5
G3E:R5D:Q47I:D61Q:D96Q,G3E:R5D:Q47I:D61Q:D96Q,5
G3E:L4N:A29K:G34T:Q47R,G3E:L4N:A29K:G34T:Q47R,5
L4N:T7H:A29K:G34T:R98D,L4N:T7H:A29K:G34T:R98D,5
L4N:R5D:T7H:G34T:V107M,L4N:R5D:T7H:G34T:V107M,5
G3E:L4N:A29H:Q47V:D61Q,G3E:L4N:A29H:Q47V:D61Q,5
L4N:T7S:Q47V:I92C:R98D,L4N:T7S:Q47V:I92C:R98D,5
G3E:T7H:G34T:D96Q:R98D,G3E:T7H:G34T:D96Q:R98D,5
G3E:R5D:A29K:Q47C:R98D,G3E:R5D:A29K:Q47C:R98D,5
L4N:T7H:D61Q:D96Q:R98D,L4N:T7H:D61Q:D96Q:R98D,5
G3E:T7S:G34T:Q47I:R60N,G3E:T7S:G34T:Q47I:R60N,5
R5D:T7S:Q47C:I92C:D96Q,R5D:T7S:Q47C:I92C:D96Q,5
L4N:T7S:Q47I:D61Q:I92C,L4N:T7S:Q47I:D61Q:I92C,5
G3E:L4N:R5D:D96Q:V109Q,G3E:L4N:R5D:D96Q:V109Q,5
G3E:R5D:T7H:Q47I:V107M,G3E:R5D:T7H:Q47I:V107M,5
L4N:R5D:Q47R:I92C:R98D,L4N:R5D:Q47R:I92C:R98D,5
L4N:R5D:A29K:Q47I:D61Q,L4N:R5D:A29K:Q47I:D61Q,5
L4N:T7S:A29H:Q47V:I92C,L4N:T7S:A29H:Q47V:I92C,5
G3E:T7H:A29H:D61Q:D96Q,G3E:T7H:A29H:D61Q:D96Q,5
L4N:T7H:G34T:Q47R:D61Q,L4N:T7H:G34T:Q47R:D61Q,5
R5D:T7H:A29H:R60N:D96Q,R5D:T7H:A29H:R60N:D96Q,5
G3E:L4N:T7S:A29K:V107M,G3E:L4N:T7S:A29K:V107M,5
L4N:R5D:G34T:Q47V:D61Q,L4N:R5D:G34T:Q47V:D61Q,5
G3E:L4N:G34T:D61Q:D96Q,G3E:L4N:G34T:D61Q:D96Q,5
G3E:R5D:Q47V:D96Q:R98D,G3E:R5D:Q47V:D96Q:R98D,5
R5D:T7H:A29K:Q47R:D96Q,R5D:T7H:A29K:Q47R:D96Q,5
L4N:T7S:A29K:G34T:Q47C,L4N:T7S:A29K:G34T:Q47C,5
L4N:T7H:G34T:D96Q:R98D,L4N:T7H:G34T:D96Q:R98D,5
G3E:T7S:Q47C:D96Q:R98D,G3E:T7S:Q47C:D96Q:R98D,5
L4N:R5D:A29H:Q47I:D61Q,L4N:R5D:A29H:Q47I:D61Q,5
G3E:R5D:A29K:R60N:D96Q,G3E:R5D:A29K:R60N:D96Q,5
L4N:R5D:A29K:G34T:Q47I,L4N:R5D:A29K:G34T:Q47I,5
L4N:T7H:G34T:Q47R:I92C,L4N:T7H:G34T:Q47R:I92C,5
G3E:L4N:A29K:Q47R:I92C,G3E:L4N:A29K:Q47R:I92C,5
G3E:R5D:A29H:Q47C:R98D,G3E:R5D:A29H:Q47C:R98D,5
L4N:T7S:G34T:Q47V:D61Q,L4N:T7S:G34T:Q47V:D61Q,5
G3E:T7S:Q47V:D61Q:D96Q,G3E:T7S:Q47V:D61Q:D96Q,5
G3E:T7H:Q47R:D61Q:I92C,G3E:T7H:Q47R:D61Q:I92C,5
L4N:T7S:Q47R:I92C:D96Q,L4N:T7S:Q47R:I92C:D96Q,5
G3E:L4N:G34T:I92C:D96Q,G3E:L4N:G34T:I92C:D96Q,5
L4N:T7S:A29K:Q47C:I92C,L4N:T7S:A29K:Q47C:I92C,5
L4N:T7H:A29H:R60N:R98D,L4N:T7H:A29H:R60N:R98D,5
L4N:R5D:A29H:Q47I:I92C,L4N:R5D:A29H:Q47I:I92C,5
G3E:T7H:A29K:R60N:D96Q,G3E:T7H:A29K:R60N:D96Q,5
G3E:T7H:A29K:R60N:I92C,G3E:T7H:A29K:R60N:I92C,5
G3E:T7S:A29H:Q47V:D96Q,G3E:T7S:A29H:Q47V:D96Q,5
G3E:L4N:A29K:D61Q:R98D,G3E:L4N:A29K:D61Q:R98D,5
R5D:T7S:A29K:Q47C:I92C,R5D:T7S:A29K:Q47C:I92C,5
L4N:R5D:A29K:Q47R:I92C,L4N:R5D:A29K:Q47R:I92C,5
G3E:L4N:A29K:G34T:D96Q,G3E:L4N:A29K:G34T:D96Q,5
G3E:T7S:A29K:Q47V:D96Q,G3E:T7S:A29K:Q47V:D96Q,5
G3E:L4N:T7H:D61Q:V109Q,G3E:L4N:T7H:D61Q:V109Q,5
G3E:L4N:T7H:A29H:V107M,G3E:L4N:T7H:A29H:V107M,5
L4N:R5D:A29K:Q47C:D61Q,L4N:R5D:A29K:Q47C:D61Q,5
G3E:L4N:D61Q:I92C:R98D,G3E:L4N:D61Q:I92C:R98D,5
G3E:T7S:Q47C:D61Q:D96Q,G3E:T7S:Q47C:D61Q:D96Q,5
R5D:T7H:A29H:Q47C:R98D,R5D:T7H:A29H:Q47C:R98D,5
G3E:T7H:A29H:Q47R:I92C,G3E:T7H:A29H:Q47R:I92C,5
G3E:L4N:A29H:G34T:Q47V,G3E:L4N:A29H:G34T:Q47V,5
G3E:T7H:G34T:R60N:I92C,G3E:T7H:G34T:R60N:I92C,5
L4N:R5D:A29H:Q47R:D96Q,L4N:R5D:A29H:Q47R:D96Q,5
G3E:L4N:R5D:R98D:V109Q,G3E:L4N:R5D:R98D:V109Q,5
G3E:R5D:G34T:Q47R:R60N,G3E:R5D:G34T:Q47R:R60N,5
L4N:T7H:A29K:R60N:I92C,L4N:T7H:A29K:R60N:I92C,5
R5D:T7H:A29K:G34T:Q47C,R5D:T7H:A29K:G34T:Q47C,5
L4N:R5D:T7H:D61Q:V109Q,L4N:R5D:T7H:D61Q:V109Q,5
G3E:L4N:G34T:R60N:D96Q,G3E:L4N:G34T:R60N:D96Q,5
G3E:T7S:Q47R:R60N:D96Q,G3E:T7S:Q47R:R60N:D96Q,5
L4N:T7S:Q47C:D61Q:R98D,L4N:T7S:Q47C:D61Q:R98D,5
G3E:T7H:A29H:I92C:D96Q,G3E:T7H:A29H:I92C:D96Q,5
L4N:R5D:T7H:D96Q:T113E,L4N:R5D:T7H:D96Q:T113E,5
L4N:R5D:G34T:Q47C:R98D,L4N:R5D:G34T:Q47C:R98D,5
G3E:T7H:A29H:Q47R:R98D,G3E:T7H:A29H:Q47R:R98D,5
G3E:R5D:Q47C:D61Q:I92C,G3E:R5D:Q47C:D61Q:I92C,5
L4N:R5D:A29H:Q47C:D61Q,L4N:R5D:A29H:Q47C:D61Q,5
G3E:L4N:I92C:D96Q:R98D,G3E:L4N:I92C:D96Q:R98D,5
G3E:T7H:A29K:G34T:Q47I,G3E:T7H:A29K:G34T:Q47I,5
G3E:R5D:Q47C:D61Q:D96Q,G3E:R5D:Q47C:D61Q:D96Q,5
L4N:R5D:G34T:Q47I:I92C,L4N:R5D:G34T:Q47I:I92C,5
L4N:R5D:A29H:Q47I:R98D,L4N:R5D:A29H:Q47I:R98D,5
G3E:L4N:T7H:I92C:T113E,G3E:L4N:T7H:I92C:T113E,5
G3E:R5D:G34T:Q47C:I92C,G3E:R5D:G34T:Q47C:I92C,5
G3E:L4N:T7S:G34T:V109Q,G3E:L4N:T7S:G34T:V109Q,5
G3E:L4N:R5D:Q47R:T113E,G3E:L4N:R5D:Q47R:T113E,5
R5D:T7H:A29K:Q47V:I92C,R5D:T7H:A29K:Q47V:I92C,5
G3E:L4N:T7S:R98D:V109Q,G3E:L4N:T7S:R98D:V109Q,5
R5D:T7H:A29K:G34T:Q47I,R5D:T7H:A29K:G34T:Q47I,5
L4N:T7S:A29K:Q47R:R60N,L4N:T7S:A29K:Q47R:R60N,5
G3E:L4N:T7H:G34T:V107M,G3E:L4N:T7H:G34T:V107M,5
L4N:R5D:R60N:I92C:D96Q,L4N:R5D:R60N:I92C:D96Q,5
L4N:T7H:D61Q:I92C:R98D,L4N:T7H:D61Q:I92C:R98D,5
G3E:L4N:T7H:G34T:V109Q,G3E:L4N:T7H:G34T:V109Q,5
G3E:L4N:T7S:Q47V:T113E,G3E:L4N:T7S:Q47V:T113E,5
G3E:R5D:A29H:Q47I:I92C,G3E:R5D:A29H:Q47I:I92C,5
G3E:L4N:T7S:Q47I:V107M,G3E:L4N:T7S:Q47I:V107M,5
G3E:T7H:A29H:R60N:I92C,G3E:T7H:A29H:R60N:I92C,5
R5D:T7H:G34T:Q47V:D61Q,R5D:T7H:G34T:Q47V:D61Q,5
L4N:T7H:G34T:I92C:R98D,L4N:T7H:G34T:I92C:R98D,5
L4N:T7S:Q47V:D96Q:R98D,L4N:T7S:Q47V:D96Q:R98D,5
L4N:R5D:T7H:Q47R:V107M,L4N:R5D:T7H:Q47R:V107M,5
G3E:L4N:T7H:G34T:T113E,G3E:L4N:T7H:G34T:T113E,5
G3E:T7S:Q47V:I92C:D96Q,G3E:T7S:Q47V:I92C:D96Q,5
G3E:L4N:A29K:Q47R:D61Q,G3E:L4N:A29K:Q47R:D61Q,5
G3E:L4N:A29K:G34T:R98D,G3E:L4N:A29K:G34T:R98D,5
G3E:R5D:Q47I:D96Q:R98D,G3E:R5D:Q47I:D96Q:R98D,5
G3E:R5D:R60N:I92C:D96Q,G3E:R5D:R60N:I92C:D96Q,5
L4N:R5D:T7S:Q47V:V109Q,L4N:R5D:T7S:Q47V:V109Q,5
L4N:R5D:T7H:Q47R:T113E,L4N:R5D:T7H:Q47R:T113E,5
G3E:L4N:A29H:Q47R:I92C,G3E:L4N:A29H:Q47R:I92C,5
R5D:T7S:A29K:G34T:Q47C,R5D:T7S:A29K:G34T:Q47C,5
L4N:T7S:A29K:R60N:R98D,L4N:T7S:A29K:R60N:R98D,5
R5D:T7S:Q47R:R60N:I92C,R5D:T7S:Q47R:R60N:I92C,5
G3E:L4N:G34T:R60N:D61Q,G3E:L4N:G34T:R60N:D61Q,5
G3E:T7H:R60N:I92C:R98D,G3E:T7H:R60N:I92C:R98D,5
L4N:T7H:A29H:Q47R:D61Q,L4N:T7H:A29H:Q47R:D61Q,5
L4N:R5D:T7H:G34T:V109Q,L4N:R5D:T7H:G34T:V109Q,5
L4N:R5D:G34T:Q47C:D96Q,L4N:R5D:G34T:Q47C:D96Q,5
G3E:L4N:A29H:R60N:R98D,G3E:L4N:A29H:R60N:R98D,5
G3E:L4N:R60N:D96Q:R98D,G3E:L4N:R60N:D96Q:R98D,5
R5D:T7H:A29K:Q47V:D61Q,R5D:T7H:A29K:Q47V:D61Q,5
G3E:T7S:Q47C:D61Q:I92C,G3E:T7S:Q47C:D61Q:I92C,5
L4N:T7S:Q47I:I92C:R98D,L4N:T7S:Q47I:I92C:R98D,5
G3E:L4N:A29H:G34T:R60N,G3E:L4N:A29H:G34T:R60N,5
G3E:L4N:R5D:Q47V:T113E,G3E:L4N:R5D:Q47V:T113E,5
G3E:L4N:T7H:R60N:V107M,G3E:L4N:T7H:R60N:V107M,5
L4N:T7S:A29K:Q47C:R98D,L4N:T7S:A29K:Q47C:R98D,5
G3E:T7S:Q47C:I92C:D96Q,G3E:T7S:Q47C:I92C:D96Q,5
G3E:R5D:A29H:Q47C:D96Q,G3E:R5D:A29H:Q47C:D96Q,5
G3E:R5D:T7H:Q47C:V107M,G3E:R5D:T7H:Q47C:V107M,5
L4N:T7S:Q47V:D61Q:D96Q,L4N:T7S:Q47V:D61Q:D96Q,5
G3E:T7H:Q47R:D61Q:R98D,G3E:T7H:Q47R:D61Q:R98D,5
G3E:R5D:T7H:Q47V:V107M,G3E:R5D:T7H:Q47V:V107M,5
L4N:T7H:A29H:R60N:I92C,L4N:T7H:A29H:R60N:I92C,5
G3E:R5D:A29K:Q47V:I92C,G3E:R5D:A29K:Q47V:I92C,5
G3E:R5D:A29K:Q47C:I92C,G3E:R5D:A29K:Q47C:I92C,5
G3E:L4N:G34T:R60N:R98D,G3E:L4N:G34T:R60N:R98D,5
G3E:T7S:G34T:Q47C:R98D,G3E:T7S:G34T:Q47C:R98D,5
G3E:R5D:Q47I:R60N:D61Q,G3E:R5D:Q47I:R60N:D61Q,5
G3E:T7H:Q47R:I92C:R98D,G3E:T7H:Q47R:I92C:R98D,5
G3E:L4N:T7H:Q47R:T113E,G3E:L4N:T7H:Q47R:T113E,5
G3E:L4N:G34T:R60N:I92C,G3E:L4N:G34T:R60N:I92C,5
R5D:T7S:A29K:G34T:D96Q,R5D:T7S:A29K:G34T:D96Q,5
L4N:T7H:G34T:D61Q:D96Q,L4N:T7H:G34T:D61Q:D96Q,5
L4N:R5D:A29K:Q47I:D96Q,L4N:R5D:A29K:Q47I:D96Q,5
L4N:R5D:G34T:Q47R:D96Q,L4N:R5D:G34T:Q47R:D96Q,5
L4N:T7S:G34T:Q47C:I92C,L4N:T7S:G34T:Q47C:I92C,5
G3E:R5D:Q47V:D61Q:D96Q,G3E:R5D:Q47V:D61Q:D96Q,5
L4N:R5D:T7H:R98D:V109Q,L4N:R5D:T7H:R98D:V109Q,5
G3E:R5D:Q47C:R60N:D61Q,G3E:R5D:Q47C:R60N:D61Q,5
G3E:L4N:A29H:Q47R:D61Q,G3E:L4N:A29H:Q47R:D61Q,5
G3E:T7H:R60N:D61Q:D96Q,G3E:T7H:R60N:D61Q:D96Q,5
L4N:R5D:G34T:Q47V:I92C,L4N:R5D:G34T:Q47V:I92C,5
G3E:L4N:A29H:G34T:D96Q,G3E:L4N:A29H:G34T:D96Q,5
G3E:L4N:G34T:Q47C:D61Q,G3E:L4N:G34T:Q47C:D61Q,5
L4N:R5D:Q47R:D96Q:R98D,L4N:R5D:Q47R:D96Q:R98D,5
G3E:T7H:A29H:Q47C:D61Q,G3E:T7H:A29H:Q47C:D61Q,5
L4N:T7H:A29K:R60N:R98D,L4N:T7H:A29K:R60N:R98D,5
R5D:T7H:G34T:Q47I:I92C,R5D:T7H:G34T:Q47I:I92C,5
G3E:T7S:G34T:Q47C:I92C,G3E:T7S:G34T:Q47C:I92C,5
G3E:L4N:A29K:G34T:Q47V,G3E:L4N:A29K:G34T:Q47V,5
G3E:L4N:A29K:Q47I:D61Q,G3E:L4N:A29K:Q47I:D61Q,5
R5D:T7H:A29H:Q47I:I92C,R5D:T7H:A29H:Q47I:I92C,5
L4N:R5D:Q47R:I92C:D96Q,L4N:R5D:Q47R:I92C:D96Q,5
G3E:L4N:A29K:G34T:Q47I,G3E:L4N:A29K:G34T:Q47I,5
G3E:L4N:A29H:D96Q:R98D,G3E:L4N:A29H:D96Q:R98D,5
L4N:T7S:G34T:Q47V:D96Q,L4N:T7S:G34T:Q47V:D96Q,5
G3E:L4N:T7H:D96Q:T113E,G3E:L4N:T7H:D96Q:T113E,5
G3E:R5D:Q47V:I92C:R98D,G3E:R5D:Q47V:I92C:R98D,5
L4N:T7H:R60N:D61Q:I92C,L4N:T7H:R60N:D61Q:I92C,5
L4N:T7H:A29K:G34T:Q47R,L4N:T7H:A29K:G34T:Q47R,5
L4N:T7S:Q47V:I92C:D96Q,L4N:T7S:Q47V:I92C:D96Q,5
G3E:T7S:Q47R:R60N:R98D,G3E:T7S:Q47R:R60N:R98D,5
G3E:L4N:A29H:G34T:Q47I,G3E:L4N:A29H:G34T:Q47I,5
R5D:T7S:Q47I:R60N:R98D,R5D:T7S:Q47I:R60N:R98D,5
G3E:T7H:A29K:I92C:D96Q,G3E:T7H:A29K:I92C:D96Q,5
R5D:T7H:A29H:Q47R:D96Q,R5D:T7H:A29H:Q47R:D96Q,5
L4N:R5D:A29H:Q47R:D61Q,L4N:R5D:A29H:Q47R:D61Q,5
R5D:T7H:Q47R:D96Q:R98D,R5D:T7H:Q47R:D96Q:R98D,5
L4N:T7S:A29K:Q47V:D96Q,L4N:T7S:A29K:Q47V:D96Q,5
G3E:T7S:A29H:Q47I:D96Q,G3E:T7S:A29H:Q47I:D96Q,5
R5D:T7H:R60N:I92C:D96Q,R5D:T7H:R60N:I92C:D96Q,5
L4N:T7H:G34T:I92C:D96Q,L4N:T7H:G34T:I92C:D96Q,5
L4N:T7S:Q47I:D61Q:D96Q,L4N:T7S:Q47I:D61Q:D96Q,5
L4N:R5D:Q47R:D61Q:D96Q,L4N:R5D:Q47R:D61Q:D96Q,5
L4N:T7S:Q47C:I92C:R98D,L4N:T7S:Q47C:I92C:R98D,5
L4N:T7S:A29H:Q47V:D96Q,L4N:T7S:A29H:Q47V:D96Q,5
G3E:L4N:A29K:G34T:D61Q,G3E:L4N:A29K:G34T:D61Q,5
L4N:T7H:A29K:G34T:R60N,L4N:T7H:A29K:G34T:R60N,5
G3E:R5D:T7H:Q47V:T113E,G3E:R5D:T7H:Q47V:T113E,5
G3E:L4N:R60N:D61Q:R98D,G3E:L4N:R60N:D61Q:R98D,5
L4N:R5D:G34T:Q47R:R60N,L4N:R5D:G34T:Q47R:R60N,5
G3E:R5D:A29K:Q47C:D96Q,G3E:R5D:A29K:Q47C:D96Q,5
L4N:R5D:Q47V:D61Q:R98D,L4N:R5D:Q47V:D61Q:R98D,5
R5D:T7H:G34T:Q47C:R98D,R5D:T7H:G34T:Q47C:R98D,5
L4N:T7H:A29H:I92C:D96Q,L4N:T7H:A29H:I92C:D96Q,5
G3E:L4N:A29K:D96Q:R98D,G3E:L4N:A29K:D96Q:R98D,5
G3E:L4N:T7H:Q47R:V107M,G3E:L4N:T7H:Q47R:V107M,5
G3E:L4N:A29H:G34T:Q47R,G3E:L4N:A29H:G34T:Q47R,5
G3E:T7S:A29H:Q47R:R60N,G3E:T7S:A29H:Q47R:R60N,5
R5D:T7S:Q47I:R60N:I92C,R5D:T7S:Q47I:R60N:I92C,5
G3E:L4N:Q47R:I92C:R98D,G3E:L4N:Q47R:I92C:R98D,5
G3E:L4N:G34T:Q47I:D61Q,G3E:L4N:G34T:Q47I:D61Q,5
G3E:L4N:R5D:Q47C:V107M,G3E:L4N:R5D:Q47C:V107M,5
G3E:L4N:T7H:R98D:V109Q,G3E:L4N:T7H:R98D:V109Q,5
G3E:T7S:G34T:Q47C:D96Q,G3E:T7S:G34T:Q47C:D96Q,5
G3E:T7H:G34T:Q47V:D61Q,G3E:T7H:G34T:Q47V:D61Q,5
R5D:T7H:G34T:Q47I:R98D,R5D:T7H:G34T:Q47I:R98D,5
L4N:T7H:G34T:R60N:R98D,L4N:T7H:G34T:R60N:R98D,5
G3E:L4N:T7S:Q47I:T113E,G3E:L4N:T7S:Q47I:T113E,5
G3E:L4N:R60N:I92C:R98D,G3E:L4N:R60N:I92C:R98D,5
L4N:T7S:G34T:Q47C:D96Q,L4N:T7S:G34T:Q47C:D96Q,5
G3E:T7S:Q47I:D61Q:D96Q,G3E:T7S:Q47I:D61Q:D96Q,5
G3E:T7H:A29K:Q47V:I92C,G3E:T7H:A29K:Q47V:I92C,5
G3E:T7H:G34T:I92C:D96Q,G3E:T7H:G34T:I92C:D96Q,5
R5D:T7S:A29K:Q47V:R60N,R5D:T7S:A29K:Q47V:R60N,5
L4N:R5D:Q47R:R60N:D61Q,L4N:R5D:Q47R:R60N:D61Q,5
L4N:T7S:A29H:Q47C:D96Q,L4N:T7S:A29H:Q47C:D96Q,5
G3E:T7H:A29H:G34T:Q47C,G3E:T7H:A29H:G34T:Q47C,5
G3E:L4N:G34T:Q47R:I92C,G3E:L4N:G34T:Q47R:I92C,5
L4N:R5D:T7S:Q47C:V107M,L4N:R5D:T7S:Q47C:V107M,5
G3E:L4N:T7H:A29K:V109Q,G3E:L4N:T7H:A29K:V109Q,5
G3E:L4N:A29K:D61Q:I92C,G3E:L4N:A29K:D61Q:I92C,5
L4N:R5D:G34T:Q47V:D96Q,L4N:R5D:G34T:Q47V:D96Q,5
L4N:T7H:G34T:Q47R:R98D,L4N:T7H:G34T:Q47R:R98D,5
L4N:T7S:Q47C:D96Q:R98D,L4N:T7S:Q47C:D96Q:R98D,5
L4N:R5D:T7H:A29K:V109Q,L4N:R5D:T7H:A29K:V109Q,5
G3E:T7S:A29K:Q47C:D96Q,G3E:T7S:A29K:Q47C:D96Q,5
G3E:T7S:A29H:Q47C:D96Q,G3E:T7S:A29H:Q47C:D96Q,5
L4N:R5D:T7H:D96Q:V109Q,L4N:R5D:T7H:D96Q:V109Q,5
R5D:T7H:A29H:Q47I:D61Q,R5D:T7H:A29H:Q47I:D61Q,5
L4N:R5D:A29K:R60N:D96Q,L4N:R5D:A29K:R60N:D96Q,5
R5D:T7H:A29K:Q47C:D61Q,R5D:T7H:A29K:Q47C:D61Q,5
G3E:R5D:Q47C:D96Q:R98D,G3E:R5D:Q47C:D96Q:R98D,5
G3E:L4N:G34T:Q47C:R98D,G3E:L4N:G34T:Q47C:R98D,5
G3E:L4N:R5D:Q47I:V107M,G3E:L4N:R5D:Q47I:V107M,5
G3E:L4N:A29H:Q47C:D61Q,G3E:L4N:A29H:Q47C:D61Q,5
G3E:T7H:A29H:Q47I:D61Q,G3E:T7H:A29H:Q47I:D61Q,5
G3E:T7H:A29K:Q47I:D61Q,G3E:T7H:A29K:Q47I:D61Q,5
L4N:T7S:G34T:Q47I:R60N,L4N:T7S:G34T:Q47I:R60N,5
L4N:R5D:A29K:Q47V:D96Q,L4N:R5D:A29K:Q47V:D96Q,5
L4N:R5D:A29K:Q47V:I92C,L4N:R5D:A29K:Q47V:I92C,5
L4N:T7S:A29K:Q47I:I92C,L4N:T7S:A29K:Q47I:I92C,5
G3E:L4N:R60N:D61Q:D96Q,G3E:L4N:R60N:D61Q:D96Q,5
G3E:L4N:G34T:Q47R:R98D,G3E:L4N:G34T:Q47R:R98D,5
G3E:T7H:G34T:Q47I:D61Q,G3E:T7H:G34T:Q47I:D61Q,5
G3E:L4N:A29K:R60N:D96Q,G3E:L4N:A29K:R60N:D96Q,5
R5D:T7H:A29H:Q47C:D61Q,R5D:T7H:A29H:Q47C:D61Q,5
L4N:T7H:A29K:R60N:D96Q,L4N:T7H:A29K:R60N:D96Q,5
L4N:R5D:A29K:Q47V:R98D,L4N:R5D:A29K:Q47V:R98D,5
G3E:L4N:T7S:Q47V:V109Q,G3E:L4N:T7S:Q47V:V109Q,5
G3E:L4N:T7H:A29K:T113E,G3E:L4N:T7H:A29K:T113E,5
L4N:T7S:Q47C:R60N:D61Q,L4N:T7S:Q47C:R60N:D61Q,5
G3E:L4N:T7H:A29K:V107M,G3E:L4N:T7H:A29K:V107M,5
G3E:T7H:G34T:R60N:D96Q,G3E:T7H:G34T:R60N:D96Q,5
L4N:T7S:A29K:Q47V:R98D,L4N:T7S:A29K:Q47V:R98D,5
L4N:R5D:Q47C:D61Q:R98D,L4N:R5D:Q47C:D61Q:R98D,5
G3E:L4N:Q47R:D61Q:R98D,G3E:L4N:Q47R:D61Q:R98D,5
G3E:L4N:A29H:Q47R:R98D,G3E:L4N:A29H:Q47R:R98D,5
G3E:L4N:A29H:R60N:I92C,G3E:L4N:A29H:R60N:I92C,5
G3E:T7H:G34T:Q47V:I92C,G3E:T7H:G34T:Q47V:I92C,5
G3E:T7H:A29K:G34T:Q47C,G3E:T7H:A29K:G34T:Q47C,5
L4N:T7S:Q47C:D61Q:I92C,L4N:T7S:Q47C:D61Q:I92C,5
L4N:R5D:G34T:Q47I:D96Q,L4N:R5D:G34T:Q47I:D96Q,5
L4N:R5D:Q47I:D61Q:I92C,L4N:R5D:Q47I:D61Q:I92C,5
G3E:T7S:A29K:Q47I:D96Q,G3E:T7S:A29K:Q47I:D96Q,5
R5D:T7H:A29K:Q47I:D61Q,R5D:T7H:A29K:Q47I:D61Q,5
G3E:T7S:Q47C:I92C:R98D,G3E:T7S:Q47C:I92C:R98D,5
G3E:L4N:A29H:I92C:D96Q,G3E:L4N:A29H:I92C:D96Q,5
G3E:T7S:Q47V:R60N:D61Q,G3E:T7S:Q47V:R60N:D61Q,5
G3E:L4N:A29K:I92C:R98D,G3E:L4N:A29K:I92C:R98D,5
G3E:R5D:Q47C:I92C:R98D,G3E:R5D:Q47C:I92C:R98D,5
L4N:T7S:Q47R:R60N:R98D,L4N:T7S:Q47R:R60N:R98D,5
L4N:T7H:A29K:Q47V:D61Q,L4N:T7H:A29K:Q47V:D61Q,5
G3E:T7H:G34T:Q47I:I92C,G3E:T7H:G34T:Q47I:I92C,5
G3E:T7H:A29H:G34T:Q47I,G3E:T7H:A29H:G34T:Q47I,5
G3E:R5D:A29H:Q47I:D96Q,G3E:R5D:A29H:Q47I:D96Q,5
G3E:L4N:G34T:D96Q:R98D,G3E:L4N:G34T:D96Q:R98D,5
L4N:T7S:A29H:Q47C:R98D,L4N:T7S:A29H:Q47C:R98D,5
G3E:L4N:R60N:D61Q:I92C,G3E:L4N:R60N:D61Q:I92C,5
L4N:R5D:Q47C:D61Q:I92C,L4N:R5D:Q47C:D61Q:I92C,5
G3E:L4N:T7H:I92C:V109Q,G3E:L4N:T7H:I92C:V109Q,5
L4N:R5D:A29K:Q47I:R98D,L4N:R5D:A29K:Q47I:R98D,5
G3E:T7H:R60N:I92C:D96Q,G3E:T7H:R60N:I92C:D96Q,5
L4N:T7S:Q47R:R60N:D96Q,L4N:T7S:Q47R:R60N:D96Q,5
L4N:T7H:G34T:R60N:D96Q,L4N:T7H:G34T:R60N:D96Q,5
R5D:T7H:Q47R:D61Q:D96Q,R5D:T7H:Q47R:D61Q:D96Q,5
G3E:L4N:T7H:A29H:V109Q,G3E:L4N:T7H:A29H:V109Q,5
G3E:L4N:A29K:I92C:D96Q,G3E:L4N:A29K:I92C:D96Q,5
L4N:T7H:G34T:R60N:I92C,L4N:T7H:G34T:R60N:I92C,5
L4N:T7H:Q47R:D61Q:R98D,L4N:T7H:Q47R:D61Q:R98D,5
L4N:R5D:T7H:Q47V:T113E,L4N:R5D:T7H:Q47V:T113E,5
G3E:L4N:T7H:Q47R:V109Q,G3E:L4N:T7H:Q47R:V109Q,5
G3E:T7H:A29K:Q47C:D61Q,G3E:T7H:A29K:Q47C:D61Q,5
L4N:T7H:A29H:Q47R:I92C,L4N:T7H:A29H:Q47R:I92C,5
L4N:T7H:R60N:I92C:R98D,L4N:T7H:R60N:I92C:R98D,5
L4N:R5D:A29H:Q47C:I92C,L4N:R5D:A29H:Q47C:I92C,5
G3E:L4N:T7S:Q47I:V109Q,G3E:L4N:T7S:Q47I:V109Q,5
R5D:T7H:G34T:Q47R:R60N,R5D:T7H:G34T:Q47R:R60N,5
L4N:R5D:Q47I:D61Q:D96Q,L4N:R5D:Q47I:D61Q:D96Q,5
G3E:R5D:T7H:Q47C:T113E,G3E:R5D:T7H:Q47C:T113E,5
R5D:T7H:Q47V:D61Q:R98D,R5D:T7H:Q47V:D61Q:R98D,5
L4N:R5D:T7S:Q47C:V109Q,L4N:R5D:T7S:Q47C:V109Q,5
R5D:T7H:Q47C:D96Q:R98D,R5D:T7H:Q47C:D96Q:R98D,5
R5D:T7H:Q47V:D61Q:I92C,R5D:T7H:Q47V:D61Q:I92C,5
L4N:R5D:Q47C:I92C:R98D,L4N:R5D:Q47C:I92C:R98D,5
G3E:T7H:A29K:G34T:Q47V,G3E:T7H:A29K:G34T:Q47V,5
L4N:T7H:A29H:R60N:D96Q,L4N:T7H:A29H:R60N:D96Q,5
L4N:T7S:A29H:Q47I:D96Q,L4N:T7S:A29H:Q47I:D96Q,5
L4N:T7S:Q47C:D61Q:D96Q,L4N:T7S:Q47C:D61Q:D96Q,5
R5D:T7H:A29K:Q47R:R60N,R5D:T7H:A29K:Q47R:R60N,5
L4N:R5D:A29H:Q47V:I92C,L4N:R5D:A29H:Q47V:I92C,5
G3E:L4N:T7S:Q47C:V107M,G3E:L4N:T7S:Q47C:V107M,5
G3E:L4N:A29H:D61Q:D96Q,G3E:L4N:A29H:D61Q:D96Q,5
G3E:L4N:G34T:Q47R:D96Q,G3E:L4N:G34T:Q47R:D96Q,5
G3E:L4N:A29H:Q47I:D61Q,G3E:L4N:A29H:Q47I:D61Q,5
G3E:L4N:A29K:Q47V:I92C,G3E:L4N:A29K:Q47V:I92C,5
L4N:T7H:A29K:G34T:D96Q,L4N:T7H:A29K:G34T:D96Q,5
R5D:T7S:Q47I:R60N:D96Q,R5D:T7S:Q47I:R60N:D96Q,5
G3E:L4N:G34T:Q47V:D61Q,G3E:L4N:G34T:Q47V:D61Q,5
G3E:R5D:A29H:Q47I:R98D,G3E:R5D:A29H:Q47I:R98D,5
G3E:L4N:A29K:Q47C:D61Q,G3E:L4N:A29K:Q47C:D61Q,5
L4N:T7H:R60N:D61Q:D96Q,L4N:T7H:R60N:D61Q:D96Q,5
L4N:T7S:Q47I:I92C:D96Q,L4N:T7S:Q47I:I92C:D96Q,5
L4N:R5D:T7H:Q47V:V107M,L4N:R5D:T7H:Q47V:V107M,5
R5D:T7H:G34T:Q47C:D61Q,R5D:T7H:G34T:Q47C:D61Q,5
G3E:T7H:A29H:Q47V:D61Q,G3E:T7H:A29H:Q47V:D61Q,5
G3E:L4N:A29K:R60N:I92C,G3E:L4N:A29K:R60N:I92C,5
L4N:R5D:A29H:Q47C:D96Q,L4N:R5D:A29H:Q47C:D96Q,5
L4N:R5D:A29K:Q47I:I92C,L4N:R5D:A29K:Q47I:I92C,5
G3E:T7H:G34T:Q47C:D61Q,G3E:T7H:G34T:Q47C:D61Q,5
L4N:R5D:Q47I:D61Q:R98D,L4N:R5D:Q47I:D61Q:R98D,5
L4N:R5D:Q47I:R60N:D61Q,L4N:R5D:Q47I:R60N:D61Q,5
L4N:R5D:A29K:G34T:Q47C,L4N:R5D:A29K:G34T:Q47C,5
L4N:R5D:Q47I:I92C:R98D,L4N:R5D:Q47I:I92C:R98D,5
G3E:L4N:Q47R:D61Q:D96Q,G3E:L4N:Q47R:D61Q:D96Q,5
R5D:T7H:Q47R:I92C:D96Q,R5D:T7H:Q47R:I92C:D96Q,5
G3E:T7S:A29K:Q47C:I92C,G3E:T7S:A29K:Q47C:I92C,5
G3E:L4N:Q47R:D96Q:R98D,G3E:L4N:Q47R:D96Q:R98D,5
G3E:T7S:A29H:Q47I:R60N,G3E:T7S:A29H:Q47I:R60N,5
G3E:T7H:A29H:Q47V:I92C,G3E:T7H:A29H:Q47V:I92C,5
G3E:T7H:G34T:Q47C:R98D,G3E:T7H:G34T:Q47C:R98D,5
L4N:T7H:R60N:D96Q:R98D,L4N:T7H:R60N:D96Q:R98D,5
L4N:T7H:Q47R:D61Q:I92C,L4N:T7H:Q47R:D61Q:I92C,5
G3E:T7H:A29H:G34T:Q47V,G3E:T7H:A29H:G34T:Q47V,5
L4N:T7H:A29H:Q47R:R98D,L4N:T7H:A29H:Q47R:R98D,5
L4N:T7H:A29K:G34T:Q47V,L4N:T7H:A29K:G34T:Q47V,5
L4N:R5D:T7H:Q47R:V109Q,L4N:R5D:T7H:Q47R:V109Q,5
G3E:L4N:T7H:Q47C:T113E,G3E:L4N:T7H:Q47C:T113E,5
L4N:T7S:A29K:Q47C:R60N,L4N:T7S:A29K:Q47C:R60N,5
G3E:L4N:T7S:Q47C:V109Q,G3E:L4N:T7S:Q47C:V109Q,5
G3E:R5D:T7H:Q47V:V109Q,G3E:R5D:T7H:Q47V:V109Q,5
G3E:L4N:A29K:D61Q:D96Q,G3E:L4N:A29K:D61Q:D96Q,5
G3E:L4N:T7S:D96Q:V109Q,G3E:L4N:T7S:D96Q:V109Q,5
R5D:T7H:G34T:Q47V:I92C,R5D:T7H:G34T:Q47V:I92C,5
G3E:R5D:T7H:Q47I:V109Q,G3E:R5D:T7H:Q47I:V109Q,5
G3E:L4N:T7H:Q47C:V107M,G3E:L4N:T7H:Q47C:V107M,5
L4N:R5D:Q47V:R60N:D61Q,L4N:R5D:Q47V:R60N:D61Q,5
R5D:T7H:A29H:Q47C:I92C,R5D:T7H:A29H:Q47C:I92C,5
G3E:T7H:G34T:Q47R:D96Q,G3E:T7H:G34T:Q47R:D96Q,5
L4N:R5D:A29H:Q47V:R98D,L4N:R5D:A29H:Q47V:R98D,5
L4N:R5D:Q47V:D96Q:R98D,L4N:R5D:Q47V:D96Q:R98D,5
G3E:T7H:A29H:Q47C:R98D,G3E:T7H:A29H:Q47C:R98D,5
G3E:L4N:T7H:Q47V:T113E,G3E:L4N:T7H:Q47V:T113E,5
L4N:T7S:Q47V:R60N:D61Q,L4N:T7S:Q47V:R60N:D61Q,5
L4N:T7S:A29H:Q47I:R60N,L4N:T7S:A29H:Q47I:R60N,5
R5D:T7H:A29H:Q47V:R98D,R5D:T7H:A29H:Q47V:R98D,5
L4N:T7S:A29K:Q47I:D96Q,L4N:T7S:A29K:Q47I:D96Q,5
G3E:T7S:A29H:Q47C:R60N,G3E:T7S:A29H:Q47C:R60N,5
G3E:L4N:R5D:Q47V:V109Q,G3E:L4N:R5D:Q47V:V109Q,5
L4N:R5D:A29K:Q47R:D96Q,L4N:R5D:A29K:Q47R:D96Q,5
G3E:L4N:T7H:D96Q:V109Q,G3E:L4N:T7H:D96Q:V109Q,5
G3E:L4N:A29H:G34T:Q47C,G3E:L4N:A29H:G34T:Q47C,5
G3E:L4N:G34T:Q47I:R98D,G3E:L4N:G34T:Q47I:R98D,5
R5D:T7H:A29K:Q47I:D96Q,R5D:T7H:A29K:Q47I:D96Q,5
G3E:L4N:G34T:Q47C:D96Q,G3E:L4N:G34T:Q47C:D96Q,5
G3E:R5D:Q47R:I92C:D96Q,G3E:R5D:Q47R:I92C:D96Q,5
L4N:T7S:Q47C:I92C:D96Q,L4N:T7S:Q47C:I92C:D96Q,5
L4N:R5D:A29K:Q47R:R60N,L4N:R5D:A29K:Q47R:R60N,5
R5D:T7H:Q47I:D61Q:R98D,R5D:T7H:Q47I:D61Q:R98D,5
R5D:T7H:Q47C:D61Q:R98D,R5D:T7H:Q47C:D61Q:R98D,5
L4N:R5D:Q47V:D61Q:D96Q,L4N:R5D:Q47V:D61Q:D96Q,5
G3E:L4N:Q47C:D61Q:R98D,G3E:L4N:Q47C:D61Q:R98D,5
G3E:L4N:G34T:Q47V:R98D,G3E:L4N:G34T:Q47V:R98D,5
G3E:R5D:Q47I:I92C:R98D,G3E:R5D:Q47I:I92C:R98D,5
L4N:R5D:A29K:Q47C:D96Q,L4N:R5D:A29K:Q47C:D96Q,5
L4N:R5D:Q47C:D96Q:R98D,L4N:R5D:Q47C:D96Q:R98D,5
G3E:L4N:G34T:Q47V:I92C,G3E:L4N:G34T:Q47V:I92C,5
G3E:L4N:A29K:R60N:D61Q,G3E:L4N:A29K:R60N:D61Q,5
L4N:R5D:T7H:Q47C:V107M,L4N:R5D:T7H:Q47C:V107M,5
G3E:T7S:A29K:Q47V:R60N,G3E:T7S:A29K:Q47V:R60N,5
G3E:L4N:G34T:Q47R:R60N,G3E:L4N:G34T:Q47R:R60N,5
R5D:T7H:Q47V:I92C:R98D,R5D:T7H:Q47V:I92C:R98D,5
G3E:T7H:A29K:Q47I:I92C,G3E:T7H:A29K:Q47I:I92C,5
L4N:T7H:A29H:G34T:Q47C,L4N:T7H:A29H:G34T:Q47C,5
G3E:T7H:G34T:Q47V:D96Q,G3E:T7H:G34T:Q47V:D96Q,5
R5D:T7H:A29H:Q47V:I92C,R5D:T7H:A29H:Q47V:I92C,5
L4N:T7H:A29K:Q47V:I92C,L4N:T7H:A29K:Q47V:I92C,5
G3E:L4N:A29K:R60N:R98D,G3E:L4N:A29K:R60N:R98D,5
R5D:T7H:Q47C:D61Q:I92C,R5D:T7H:Q47C:D61Q:I92C,5
R5D:T7H:Q47I:D61Q:I92C,R5D:T7H:Q47I:D61Q:I92C,5
L4N:T7H:A29H:Q47V:D61Q,L4N:T7H:A29H:Q47V:D61Q,5
R5D:T7H:A29K:Q47C:R98D,R5D:T7H:A29K:Q47C:R98D,5
G3E:T7S:Q47R:R60N:I92C,G3E:T7S:Q47R:R60N:I92C,5
L4N:R5D:A29H:Q47V:D96Q,L4N:R5D:A29H:Q47V:D96Q,5
G3E:L4N:T7H:Q47V:V107M,G3E:L4N:T7H:Q47V:V107M,5
R5D:T7H:A29K:Q47I:I92C,R5D:T7H:A29K:Q47I:I92C,5
G3E:L4N:Q47V:D61Q:R98D,G3E:L4N:Q47V:D61Q:R98D,5
L4N:R5D:T7H:Q47I:V107M,L4N:R5D:T7H:Q47I:V107M,5
G3E:T7H:G34T:Q47C:I92C,G3E:T7H:G34T:Q47C:I92C,5
G3E:T7S:Q47C:R60N:D61Q,G3E:T7S:Q47C:R60N:D61Q,5
G3E:L4N:A29K:Q47V:R98D,G3E:L4N:A29K:Q47V:R98D,5
G3E:L4N:Q47I:D61Q:I92C,G3E:L4N:Q47I:D61Q:I92C,5
G3E:R5D:Q47V:I92C:D96Q,G3E:R5D:Q47V:I92C:D96Q,5
G3E:T7S:G34T:Q47V:R60N,G3E:T7S:G34T:Q47V:R60N,5
G3E:L4N:T7H:Q47I:V107M,G3E:L4N:T7H:Q47I:V107M,5
L4N:T7S:A29K:Q47I:R60N,L4N:T7S:A29K:Q47I:R60N,5
L4N:R5D:Q47C:D61Q:D96Q,L4N:R5D:Q47C:D61Q:D96Q,5
G3E:R5D:Q47I:I92C:D96Q,G3E:R5D:Q47I:I92C:D96Q,5
R5D:T7H:A29K:Q47C:I92C,R5D:T7H:A29K:Q47C:I92C,5
R5D:T7H:G34T:Q47C:I92C,R5D:T7H:G34T:Q47C:I92C,5
G3E:T7H:A29K:Q47V:D61Q,G3E:T7H:A29K:Q47V:D61Q,5
G3E:L4N:A29K:G34T:Q47C,G3E:L4N:A29K:G34T:Q47C,5
G3E:L4N:Q47V:D61Q:I92C,G3E:L4N:Q47V:D61Q:I92C,5
L4N:T7H:Q47R:I92C:R98D,L4N:T7H:Q47R:I92C:R98D,5
R5D:T7H:A29K:Q47V:R98D,R5D:T7H:A29K:Q47V:R98D,5
R5D:T7H:A29K:G34T:Q47V,R5D:T7H:A29K:G34T:Q47V,5
L4N:R5D:T7H:Q47V:V109Q,L4N:R5D:T7H:Q47V:V109Q,5
G3E:T7H:A29K:Q47C:I92C,G3E:T7H:A29K:Q47C:I92C,5
G3E:R5D:T7H:Q47C:V109Q,G3E:R5D:T7H:Q47C:V109Q,5
L4N:T7H:A29H:G34T:Q47I,L4N:T7H:A29H:G34T:Q47I,5
L4N:T7S:Q47I:R60N:D61Q,L4N:T7S:Q47I:R60N:D61Q,5
G3E:L4N:Q47V:D96Q:R98D,G3E:L4N:Q47V:D96Q:R98D,5
L4N:T7S:Q47R:R60N:I92C,L4N:T7S:Q47R:R60N:I92C,5
R5D:T7S:A29H:Q47C:R60N,R5D:T7S:A29H:Q47C:R60N,5
L4N:T7H:A29K:G34T:Q47I,L4N:T7H:A29K:G34T:Q47I,5
G3E:T7H:A29K:Q47V:R98D,G3E:T7H:A29K:Q47V:R98D,5
G3E:L4N:A29K:Q47V:D61Q,G3E:L4N:A29K:Q47V:D61Q,5
R5D:T7H:Q47R:R60N:D61Q,R5D:T7H:Q47R:R60N:D61Q,5
G3E:T7H:A29H:Q47C:I92C,G3E:T7H:A29H:Q47C:I92C,5
G3E:T7H:Q47R:D96Q:R98D,G3E:T7H:Q47R:D96Q:R98D,5
G3E:L4N:A29H:R60N:D96Q,G3E:L4N:A29H:R60N:D96Q,5
L4N:R5D:T7H:Q47C:V109Q,L4N:R5D:T7H:Q47C:V109Q,5
G3E:T7H:G34T:Q47V:R98D,G3E:T7H:G34T:Q47V:R98D,5
L4N:T7H:A29K:Q47R:D96Q,L4N:T7H:A29K:Q47R:D96Q,5
R5D:T7H:A29H:Q47I:R98D,R5D:T7H:A29H:Q47I:R98D,5
L4N:T7H:G34T:Q47V:R98D,L4N:T7H:G34T:Q47V:R98D,5
G3E:T7H:A29K:Q47R:D96Q,G3E:T7H:A29K:Q47R:D96Q,5
R5D:T7H:A29K:Q47I:R98D,R5D:T7H:A29K:Q47I:R98D,5
G3E:T7H:Q47V:D61Q:I92C,G3E:T7H:Q47V:D61Q:I92C,5
R5D:T7H:A29K:Q47I:R60N,R5D:T7H:A29K:Q47I:R60N,5
L4N:T7S:A29K:Q47C:D96Q,L4N:T7S:A29K:Q47C:D96Q,5
G3E:L4N:A29H:Q47I:I92C,G3E:L4N:A29H:Q47I:I92C,5
G3E:T7H:A29K:Q47C:R98D,G3E:T7H:A29K:Q47C:R98D,5
R5D:T7H:Q47V:D61Q:D96Q,R5D:T7H:Q47V:D61Q:D96Q,5
G3E:T7S:G34T:Q47C:R60N,G3E:T7S:G34T:Q47C:R60N,5
G3E:T7H:Q47C:D61Q:R98D,G3E:T7H:Q47C:D61Q:R98D,5
L4N:T7H:A29K:Q47I:I92C,L4N:T7H:A29K:Q47I:I92C,5
G3E:L4N:Q47C:D96Q:R98D,G3E:L4N:Q47C:D96Q:R98D,5
L4N:R5D:G34T:Q47V:R60N,L4N:R5D:G34T:Q47V:R60N,5
G3E:R5D:Q47R:R60N:I92C,G3E:R5D:Q47R:R60N:I92C,5
L4N:T7H:A29H:Q47C:I92C,L4N:T7H:A29H:Q47C:I92C,5
L4N:R5D:G34T:Q47C:I92C,L4N:R5D:G34T:Q47C:I92C,5
G3E:L4N:A29H:Q47R:D96Q,G3E:L4N:A29H:Q47R:D96Q,5
G3E:L4N:A29K:Q47I:I92C,G3E:L4N:A29K:Q47I:I92C,5
G3E:R5D:A29H:Q47I:R60N,G3E:R5D:A29H:Q47I:R60N,5
L4N:R5D:A29H:Q47I:R60N,L4N:R5D:A29H:Q47I:R60N,5
L4N:T7H:G34T:Q47I:D61Q,L4N:T7H:G34T:Q47I:D61Q,5
G3E:L4N:R60N:I92C:D96Q,G3E:L4N:R60N:I92C:D96Q,5
G3E:T7H:A29H:Q47I:I92C,G3E:T7H:A29H:Q47I:I92C,5
L4N:T7H:A29K:Q47C:R98D,L4N:T7H:A29K:Q47C:R98D,5
G3E:L4N:A29K:Q47R:R98D,G3E:L4N:A29K:Q47R:R98D,5
G3E:L4N:A29K:Q47C:I92C,G3E:L4N:A29K:Q47C:I92C,5
L4N:T7H:G34T:Q47V:I92C,L4N:T7H:G34T:Q47V:I92C,5
L4N:T7H:A29H:Q47I:I92C,L4N:T7H:A29H:Q47I:I92C,5
G3E:L4N:A29H:Q47C:R98D,G3E:L4N:A29H:Q47C:R98D,5
G3E:L4N:Q47V:I92C:R98D,G3E:L4N:Q47V:I92C:R98D,5
L4N:T7H:A29H:G34T:Q47V,L4N:T7H:A29H:G34T:Q47V,5
G3E:R5D:Q47I:R60N:R98D,G3E:R5D:Q47I:R60N:R98D,5
G3E:T7H:Q47C:D61Q:I92C,G3E:T7H:Q47C:D61Q:I92C,5
R5D:T7H:A29H:Q47V:D96Q,R5D:T7H:A29H:Q47V:D96Q,5
G3E:T7H:Q47R:D61Q:D96Q,G3E:T7H:Q47R:D61Q:D96Q,5
L4N:R5D:Q47I:D96Q:R98D,L4N:R5D:Q47I:D96Q:R98D,5
G3E:T7H:Q47R:I92C:D96Q,G3E:T7H:Q47R:I92C:D96Q,5
R5D:T7H:Q47C:I92C:R98D,R5D:T7H:Q47C:I92C:R98D,5
G3E:L4N:A29K:Q47R:R60N,G3E:L4N:A29K:Q47R:R60N,5
G3E:R5D:Q47C:I92C:D96Q,G3E:R5D:Q47C:I92C:D96Q,5
G3E:T7H:A29K:Q47V:D96Q,G3E:T7H:A29K:Q47V:D96Q,5
G3E:L4N:Q47I:D96Q:R98D,G3E:L4N:Q47I:D96Q:R98D,5
R5D:T7H:Q47V:D96Q:R98D,R5D:T7H:Q47V:D96Q:R98D,5
G3E:L4N:Q47C:D61Q:I92C,G3E:L4N:Q47C:D61Q:I92C,5
G3E:L4N:G34T:Q47V:D96Q,G3E:L4N:G34T:Q47V:D96Q,5
R5D:T7H:G34T:Q47C:D96Q,R5D:T7H:G34T:Q47C:D96Q,5
G3E:T7H:G34T:Q47I:R98D,G3E:T7H:G34T:Q47I:R98D,5
R5D:T7H:A29H:Q47C:D96Q,R5D:T7H:A29H:Q47C:D96Q,5
R5D:T7H:Q47I:I92C:R98D,R5D:T7H:Q47I:I92C:R98D,5
L4N:T7H:G34T:Q47V:D61Q,L4N:T7H:G34T:Q47V:D61Q,5
G3E:L4N:G34T:Q47C:I92C,G3E:L4N:G34T:Q47C:I92C,5
L4N:T7S:Q47I:R60N:R98D,L4N:T7S:Q47I:R60N:R98D,5
L4N:T7H:A29K:Q47V:R98D,L4N:T7H:A29K:Q47V:R98D,5
G3E:T7H:A29K:Q47C:D96Q,G3E:T7H:A29K:Q47C:D96Q,5
L4N:R5D:Q47V:I92C:R98D,L4N:R5D:Q47V:I92C:R98D,5
G3E:L4N:T7H:R60N:V109Q,G3E:L4N:T7H:R60N:V109Q,5
L4N:R5D:A29H:Q47I:D96Q,L4N:R5D:A29H:Q47I:D96Q,5
L4N:T7H:G34T:Q47C:D61Q,L4N:T7H:G34T:Q47C:D61Q,5
G3E:T7S:Q47I:R60N:D96Q,G3E:T7S:Q47I:R60N:D96Q,5
G3E:T7H:A29H:Q47V:R98D,G3E:T7H:A29H:Q47V:R98D,5
R5D:T7H:Q47I:R60N:D61Q,R5D:T7H:Q47I:R60N:D61Q,5
L4N:T7H:A29H:Q47V:I92C,L4N:T7H:A29H:Q47V:I92C,5
L4N:R5D:Q47I:I92C:D96Q,L4N:R5D:Q47I:I92C:D96Q,5
G3E:L4N:Q47R:I92C:D96Q,G3E:L4N:Q47R:I92C:D96Q,5
G3E:L4N:A29K:Q47I:R98D,G3E:L4N:A29K:Q47I:R98D,5
L4N:R5D:A29K:Q47I:R60N,L4N:R5D:A29K:Q47I:R60N,5
G3E:L4N:A29K:Q47R:D96Q,G3E:L4N:A29K:Q47R:D96Q,5
L4N:T7H:A29K:Q47C:I92C,L4N:T7H:A29K:Q47C:I92C,5
L4N:T7H:A29H:Q47R:D96Q,L4N:T7H:A29H:Q47R:D96Q,5
L4N:T7H:G34T:Q47C:R98D,L4N:T7H:G34T:Q47C:R98D,5
G3E:T7S:Q47V:R60N:R98D,G3E:T7S:Q47V:R60N:R98D,5
G3E:T7H:Q47V:I92C:R98D,G3E:T7H:Q47V:I92C:R98D,5
L4N:T7H:Q47V:D61Q:I92C,L4N:T7H:Q47V:D61Q:I92C,5
L4N:T7H:G34T:Q47R:D96Q,L4N:T7H:G34T:Q47R:D96Q,5
G3E:T7H:Q47V:D61Q:R98D,G3E:T7H:Q47V:D61Q:R98D,5
L4N:T7H:Q47R:D96Q:R98D,L4N:T7H:Q47R:D96Q:R98D,5
G3E:T7H:Q47C:I92C:R98D,G3E:T7H:Q47C:I92C:R98D,5
G3E:L4N:A29K:Q47V:D96Q,G3E:L4N:A29K:Q47V:D96Q,5
L4N:T7H:A29H:Q47C:D61Q,L4N:T7H:A29H:Q47C:D61Q,5
G3E:L4N:T7H:Q47I:T113E,G3E:L4N:T7H:Q47I:T113E,5
G3E:T7H:G34T:Q47C:D96Q,G3E:T7H:G34T:Q47C:D96Q,5
G3E:T7H:Q47I:D61Q:I92C,G3E:T7H:Q47I:D61Q:I92C,5
R5D:T7H:A29H:Q47R:R60N,R5D:T7H:A29H:Q47R:R60N,5
L4N:R5D:T7H:Q47C:T113E,L4N:R5D:T7H:Q47C:T113E,5
R5D:T7S:Q47C:R60N:R98D,R5D:T7S:Q47C:R60N:R98D,5
L4N:R5D:Q47V:I92C:D96Q,L4N:R5D:Q47V:I92C:D96Q,5
R5D:T7H:A29K:Q47V:D96Q,R5D:T7H:A29K:Q47V:D96Q,5
R5D:T7H:G34T:Q47I:R60N,R5D:T7H:G34T:Q47I:R60N,5
L4N:T7H:Q47C:I92C:R98D,L4N:T7H:Q47C:I92C:R98D,5
G3E:R5D:Q47R:R60N:R98D,G3E:R5D:Q47R:R60N:R98D,5
G3E:L4N:A29K:Q47I:D96Q,G3E:L4N:A29K:Q47I:D96Q,5
L4N:T7H:A29K:G34T:Q47C,L4N:T7H:A29K:G34T:Q47C,5
G3E:R5D:A29K:Q47C:R60N,G3E:R5D:A29K:Q47C:R60N,5
R5D:T7S:Q47V:R60N:D96Q,R5D:T7S:Q47V:R60N:D96Q,5
G3E:L4N:A29K:Q47C:R98D,G3E:L4N:A29K:Q47C:R98D,5
G3E:T7H:G34T:Q47R:R60N,G3E:T7H:G34T:Q47R:R60N,5
G3E:L4N:A29H:Q47V:D96Q,G3E:L4N:A29H:Q47V:D96Q,5
G3E:R5D:Q47R:R60N:D96Q,G3E:R5D:Q47R:R60N:D96Q,5
G3E:L4N:A29H:Q47V:R98D,G3E:L4N:A29H:Q47V:R98D,5
G3E:L4N:Q47C:I92C:R98D,G3E:L4N:Q47C:I92C:R98D,5
G3E:L4N:G34T:Q47I:R60N,G3E:L4N:G34T:Q47I:R60N,5
G3E:T7H:A29K:Q47I:R98D,G3E:T7H:A29K:Q47I:R98D,5
L4N:T7S:Q47I:R60N:I92C,L4N:T7S:Q47I:R60N:I92C,5
L4N:T7H:Q47R:D61Q:D96Q,L4N:T7H:Q47R:D61Q:D96Q,5
G3E:L4N:A29H:Q47C:I92C,G3E:L4N:A29H:Q47C:I92C,5
R5D:T7H:Q47C:D61Q:D96Q,R5D:T7H:Q47C:D61Q:D96Q,5
L4N:T7H:Q47V:I92C:R98D,L4N:T7H:Q47V:I92C:R98D,5
G3E:T7H:Q47C:D96Q:R98D,G3E:T7H:Q47C:D96Q:R98D,5
R5D:T7H:Q47I:D96Q:R98D,R5D:T7H:Q47I:D96Q:R98D,5
L4N:T7H:G34T:Q47C:I92C,L4N:T7H:G34T:Q47C:I92C,5
R5D:T7S:Q47C:R60N:D96Q,R5D:T7S:Q47C:R60N:D96Q,5
R5D:T7S:Q47V:R60N:I92C,R5D:T7S:Q47V:R60N:I92C,5
G3E:L4N:A29H:Q47I:R98D,G3E:L4N:A29H:Q47I:R98D,5
L4N:T7H:Q47R:I92C:D96Q,L4N:T7H:Q47R:I92C:D96Q,5
L4N:T7H:G34T:Q47I:I92C,L4N:T7H:G34T:Q47I:I92C,5
G3E:L4N:T7H:Q47C:V109Q,G3E:L4N:T7H:Q47C:V109Q,5
L4N:T7H:A29H:Q47C:R98D,L4N:T7H:A29H:Q47C:R98D,5
L4N:R5D:T7H:Q47I:V109Q,L4N:R5D:T7H:Q47I:V109Q,5
G3E:T7H:A29H:Q47C:D96Q,G3E:T7H:A29H:Q47C:D96Q,5
L4N:T7S:Q47V:R60N:R98D,L4N:T7S:Q47V:R60N:R98D,5
G3E:L4N:Q47I:D61Q:R98D,G3E:L4N:Q47I:D61Q:R98D,5
L4N:T7S:Q47V:R60N:I92C,L4N:T7S:Q47V:R60N:I92C,5
G3E:T7H:A29H:Q47R:D96Q,G3E:T7H:A29H:Q47R:D96Q,5
L4N:T7S:A29K:Q47V:R60N,L4N:T7S:A29K:Q47V:R60N,5
L4N:R5D:A29H:Q47V:R60N,L4N:R5D:A29H:Q47V:R60N,5
L4N:T7H:Q47C:D61Q:R98D,L4N:T7H:Q47C:D61Q:R98D,5
G3E:T7H:A29K:Q47R:R60N,G3E:T7H:A29K:Q47R:R60N,5
L4N:R5D:Q47C:I92C:D96Q,L4N:R5D:Q47C:I92C:D96Q,5
G3E:L4N:G34T:Q47I:I92C,G3E:L4N:G34T:Q47I:I92C,5
L4N:T7S:A29H:Q47V:R60N,L4N:T7S:A29H:Q47V:R60N,5
G3E:R5D:Q47I:R60N:D96Q,G3E:R5D:Q47I:R60N:D96Q,5
L4N:R5D:Q47R:R60N:I92C,L4N:R5D:Q47R:R60N:I92C,5
L4N:R5D:A29H:Q47C:R60N,L4N:R5D:A29H:Q47C:R60N,5
R5D:T7H:A29K:Q47C:D96Q,R5D:T7H:A29K:Q47C:D96Q,5
G3E:T7H:G34T:Q47I:D96Q,G3E:T7H:G34T:Q47I:D96Q,5
G3E:L4N:Q47C:D61Q:D96Q,G3E:L4N:Q47C:D61Q:D96Q,5
G3E:L4N:G34T:Q47I:D96Q,G3E:L4N:G34T:Q47I:D96Q,5
G3E:T7H:Q47C:D61Q:D96Q,G3E:T7H:Q47C:D61Q:D96Q,5
G3E:R5D:G34T:Q47C:R60N,G3E:R5D:G34T:Q47C:R60N,5
L4N:T7H:G34T:Q47I:R98D,L4N:T7H:G34T:Q47I:R98D,5
G3E:L4N:Q47R:R60N:R98D,G3E:L4N:Q47R:R60N:R98D,5
G3E:R5D:Q47I:R60N:I92C,G3E:R5D:Q47I:R60N:I92C,5
G3E:L4N:A29H:Q47R:R60N,G3E:L4N:A29H:Q47R:R60N,5
G3E:L4N:T7H:Q47V:V109Q,G3E:L4N:T7H:Q47V:V109Q,5
L4N:T7H:R60N:I92C:D96Q,L4N:T7H:R60N:I92C:D96Q,5
L4N:T7H:A29K:Q47V:D96Q,L4N:T7H:A29K:Q47V:D96Q,5
G3E:T7H:Q47R:R60N:D61Q,G3E:T7H:Q47R:R60N:D61Q,5
L4N:T7H:Q47C:D61Q:I92C,L4N:T7H:Q47C:D61Q:I92C,5
G3E:L4N:T7H:Q47I:V109Q,G3E:L4N:T7H:Q47I:V109Q,5
R5D:T7H:A29H:Q47I:D96Q,R5D:T7H:A29H:Q47I:D96Q,5
G3E:T7H:Q47V:D96Q:R98D,G3E:T7H:Q47V:D96Q:R98D,5
L4N:T7H:Q47C:D96Q:R98D,L4N:T7H:Q47C:D96Q:R98D,5
G3E:T7H:A29K:Q47I:D96Q,G3E:T7H:A29K:Q47I:D96Q,5
L4N:T7S:Q47C:R60N:D96Q,L4N:T7S:Q47C:R60N:D96Q,5
L4N:T7H:A29K:Q47I:R98D,L4N:T7H:A29K:Q47I:R98D,5
G3E:L4N:Q47I:R60N:D61Q,G3E:L4N:Q47I:R60N:D61Q,5
L4N:T7S:G34T:Q47C:R60N,L4N:T7S:G34T:Q47C:R60N,5
R5D:T7H:Q47V:I92C:D96Q,R5D:T7H:Q47V:I92C:D96Q,5
G3E:L4N:Q47V:D61Q:D96Q,G3E:L4N:Q47V:D61Q:D96Q,5
L4N:T7H:A29H:Q47V:R98D,L4N:T7H:A29H:Q47V:R98D,5
G3E:T7S:Q47I:R60N:I92C,G3E:T7S:Q47I:R60N:I92C,5
G3E:T7S:Q47V:R60N:D96Q,G3E:T7S:Q47V:R60N:D96Q,5
G3E:L4N:G34T:Q47C:R60N,G3E:L4N:G34T:Q47C:R60N,5
G3E:L4N:A29K:Q47C:D96Q,G3E:L4N:A29K:Q47C:D96Q,5
R5D:T7S:Q47C:R60N:I92C,R5D:T7S:Q47C:R60N:I92C,5
R5D:T7H:Q47I:I92C:D96Q,R5D:T7H:Q47I:I92C:D96Q,5
L4N:T7H:A29H:Q47I:D61Q,L4N:T7H:A29H:Q47I:D61Q,5
L4N:T7H:Q47I:D61Q:I92C,L4N:T7H:Q47I:D61Q:I92C,5
G3E:L4N:A29H:Q47I:R60N,G3E:L4N:A29H:Q47I:R60N,5
L4N:T7H:G34T:Q47V:D96Q,L4N:T7H:G34T:Q47V:D96Q,5
L4N:T7H:Q47C:I92C:D96Q,L4N:T7H:Q47C:I92C:D96Q,5
G3E:T7S:Q47V:R60N:I92C,G3E:T7S:Q47V:R60N:I92C,5
L4N:R5D:Q47R:R60N:R98D,L4N:R5D:Q47R:R60N:R98D,5
R5D:T7H:Q47I:D61Q:D96Q,R5D:T7H:Q47I:D61Q:D96Q,5
L4N:T7H:Q47C:R60N:D61Q,L4N:T7H:Q47C:R60N:D61Q,5
G3E:L4N:Q47I:I92C:R98D,G3E:L4N:Q47I:I92C:R98D,5
G3E:L4N:A29H:Q47C:D96Q,G3E:L4N:A29H:Q47C:D96Q,5
G3E:L4N:Q47I:D61Q:D96Q,G3E:L4N:Q47I:D61Q:D96Q,5
R5D:T7H:Q47R:R60N:I92C,R5D:T7H:Q47R:R60N:I92C,5
G3E:T7H:G34T:Q47I:R60N,G3E:T7H:G34T:Q47I:R60N,5
L4N:T7H:A29K:Q47C:D96Q,L4N:T7H:A29K:Q47C:D96Q,5
G3E:T7H:Q47I:D61Q:R98D,G3E:T7H:Q47I:D61Q:R98D,5
G3E:T7S:Q47C:R60N:I92C,G3E:T7S:Q47C:R60N:I92C,5
G3E:T7H:A29H:Q47V:D96Q,G3E:T7H:A29H:Q47V:D96Q,5
L4N:T7H:G34T:Q47I:D96Q,L4N:T7H:G34T:Q47I:D96Q,5
G3E:T7H:A29H:Q47R:R60N,G3E:T7H:A29H:Q47R:R60N,5
G3E:T7H:Q47C:I92C:D96Q,G3E:T7H:Q47C:I92C:D96Q,5
G3E:T7H:Q47V:D61Q:D96Q,G3E:T7H:Q47V:D61Q:D96Q,5
G3E:L4N:Q47C:I92C:D96Q,G3E:L4N:Q47C:I92C:D96Q,5
L4N:T7H:Q47R:R60N:D61Q,L4N:T7H:Q47R:R60N:D61Q,5
L4N:T7S:Q47I:R60N:D96Q,L4N:T7S:Q47I:R60N:D96Q,5
R5D:T7H:Q47C:I92C:D96Q,R5D:T7H:Q47C:I92C:D96Q,5
L4N:T7H:Q47V:D61Q:R98D,L4N:T7H:Q47V:D61Q:R98D,5
L4N:R5D:Q47R:R60N:D96Q,L4N:R5D:Q47R:R60N:D96Q,5
R5D:T7H:A29H:Q47I:R60N,R5D:T7H:A29H:Q47I:R60N,5
L4N:R5D:Q47I:R60N:R98D,L4N:R5D:Q47I:R60N:R98D,5
G3E:T7H:Q47I:I92C:R98D,G3E:T7H:Q47I:I92C:R98D,5
L4N:R5D:A29K:Q47V:R60N,L4N:R5D:A29K:Q47V:R60N,5
L4N:T7H:A29K:Q47R:R60N,L4N:T7H:A29K:Q47R:R60N,5
L4N:T7H:Q47C:D61Q:D96Q,L4N:T7H:Q47C:D61Q:D96Q,5
R5D:T7H:Q47V:R60N:D61Q,R5D:T7H:Q47V:R60N:D61Q,5
G3E:R5D:Q47C:R60N:D96Q,G3E:R5D:Q47C:R60N:D96Q,5
G3E:L4N:Q47C:R60N:D61Q,G3E:L4N:Q47C:R60N:D61Q,5
G3E:L4N:A29H:Q47C:R60N,G3E:L4N:A29H:Q47C:R60N,5
L4N:T7H:G34T:Q47C:D96Q,L4N:T7H:G34T:Q47C:D96Q,5
G3E:T7S:Q47C:R60N:R98D,G3E:T7S:Q47C:R60N:R98D,5
G3E:L4N:G34T:Q47V:R60N,G3E:L4N:G34T:Q47V:R60N,5
L4N:T7S:Q47C:R60N:R98D,L4N:T7S:Q47C:R60N:R98D,5
G3E:L4N:Q47V:I92C:D96Q,G3E:L4N:Q47V:I92C:D96Q,5
G3E:R5D:Q47V:R60N:I92C,G3E:R5D:Q47V:R60N:I92C,5
L4N:T7S:Q47V:R60N:D96Q,L4N:T7S:Q47V:R60N:D96Q,5
L4N:R5D:G34T:Q47C:R60N,L4N:R5D:G34T:Q47C:R60N,5
G3E:R5D:A29H:Q47C:R60N,G3E:R5D:A29H:Q47C:R60N,5
L4N:T7H:Q47V:D96Q:R98D,L4N:T7H:Q47V:D96Q:R98D,5
R5D:T7H:A29K:Q47C:R60N,R5D:T7H:A29K:Q47C:R60N,5
G3E:T7H:Q47I:D96Q:R98D,G3E:T7H:Q47I:D96Q:R98D,5
G3E:L4N:A29K:Q47C:R60N,G3E:L4N:A29K:Q47C:R60N,5
G3E:T7S:Q47C:R60N:D96Q,G3E:T7S:Q47C:R60N:D96Q,5
R5D:T7H:Q47I:R60N:I92C,R5D:T7H:Q47I:R60N:I92C,5
L4N:T7H:Q47V:D61Q:D96Q,L4N:T7H:Q47V:D61Q:D96Q,5
L4N:T7H:A29H:Q47V:D96Q,L4N:T7H:A29H:Q47V:D96Q,5
L4N:T7H:Q47I:D61Q:R98D,L4N:T7H:Q47I:D61Q:R98D,5
G3E:T7H:A29K:Q47V:R60N,G3E:T7H:A29K:Q47V:R60N,5
G3E:T7H:Q47V:I92C:D96Q,G3E:T7H:Q47V:I92C:D96Q,5
G3E:L4N:A29H:Q47I:D96Q,G3E:L4N:A29H:Q47I:D96Q,5
L4N:T7H:A29H:Q47C:D96Q,L4N:T7H:A29H:Q47C:D96Q,5
L4N:T7H:G34T:Q47R:R60N,L4N:T7H:G34T:Q47R:R60N,5
L4N:R5D:Q47V:R60N:R98D,L4N:R5D:Q47V:R60N:R98D,5
G3E:R5D:Q47V:R60N:D96Q,G3E:R5D:Q47V:R60N:D96Q,5
G3E:T7H:A29H:Q47I:R60N,G3E:T7H:A29H:Q47I:R60N,5
L4N:T7H:A29H:Q47R:R60N,L4N:T7H:A29H:Q47R:R60N,5
G3E:L4N:A29K:Q47I:R60N,G3E:L4N:A29K:Q47I:R60N,5
G3E:T7H:Q47R:R60N:I92C,G3E:T7H:Q47R:R60N:I92C,5
R5D:T7H:G34T:Q47V:R60N,R5D:T7H:G34T:Q47V:R60N,5
G3E:T7H:Q47I:D61Q:D96Q,G3E:T7H:Q47I:D61Q:D96Q,5
L4N:T7H:G34T:Q47V:R60N,L4N:T7H:G34T:Q47V:R60N,5
G3E:T7H:G34T:Q47C:R60N,G3E:T7H:G34T:Q47C:R60N,5
R5D:T7H:A29H:Q47V:R60N,R5D:T7H:A29H:Q47V:R60N,5
L4N:T7H:Q47I:R60N:D61Q,L4N:T7H:Q47I:R60N:D61Q,5
L4N:T7H:Q47V:I92C:D96Q,L4N:T7H:Q47V:I92C:D96Q,5
G3E:L4N:Q47I:I92C:D96Q,G3E:L4N:Q47I:I92C:D96Q,5
L4N:T7S:Q47C:R60N:I92C,L4N:T7S:Q47C:R60N:I92C,5
R5D:T7H:A29H:Q47C:R60N,R5D:T7H:A29H:Q47C:R60N,5
G3E:T7H:Q47I:R60N:D61Q,G3E:T7H:Q47I:R60N:D61Q,5
G3E:T7H:Q47R:R60N:R98D,G3E:T7H:Q47R:R60N:R98D,5
L4N:T7H:Q47R:R60N:R98D,L4N:T7H:Q47R:R60N:R98D,5
L4N:T7H:Q47I:I92C:R98D,L4N:T7H:Q47I:I92C:R98D,5
R5D:T7H:A29K:Q47V:R60N,R5D:T7H:A29K:Q47V:R60N,5
L4N:T7H:Q47R:R60N:I92C,L4N:T7H:Q47R:R60N:I92C,5
L4N:R5D:Q47I:R60N:D96Q,L4N:R5D:Q47I:R60N:D96Q,5
G3E:T7H:Q47I:I92C:D96Q,G3E:T7H:Q47I:I92C:D96Q,5
R5D:T7H:Q47V:R60N:I92C,R5D:T7H:Q47V:R60N:I92C,5
R5D:T7H:Q47R:R60N:D96Q,R5D:T7H:Q47R:R60N:D96Q,5
G3E:T7H:A29K:Q47I:R60N,G3E:T7H:A29K:Q47I:R60N,5
L4N:T7H:Q47V:R60N:D61Q,L4N:T7H:Q47V:R60N:D61Q,5
G3E:L4N:Q47R:R60N:I92C,G3E:L4N:Q47R:R60N:I92C,5
G3E:R5D:Q47V:R60N:R98D,G3E:R5D:Q47V:R60N:R98D,5
R5D:T7H:Q47V:R60N:R98D,R5D:T7H:Q47V:R60N:R98D,5
L4N:T7H:A29K:Q47C:R60N,L4N:T7H:A29K:Q47C:R60N,5
G3E:L4N:Q47C:R60N:R98D,G3E:L4N:Q47C:R60N:R98D,5
G3E:L4N:A29H:Q47V:R60N,G3E:L4N:A29H:Q47V:R60N,5
R5D:T7H:Q47C:R60N:D61Q,R5D:T7H:Q47C:R60N:D61Q,5
G3E:L4N:A29K:Q47V:R60N,G3E:L4N:A29K:Q47V:R60N,5
G3E:L4N:Q47V:R60N:D61Q,G3E:L4N:Q47V:R60N:D61Q,5
G3E:T7H:A29K:Q47C:R60N,G3E:T7H:A29K:Q47C:R60N,5
R5D:T7H:Q47C:R60N:R98D,R5D:T7H:Q47C:R60N:R98D,5
L4N:R5D:Q47C:R60N:I92C,L4N:R5D:Q47C:R60N:I92C,5
L4N:R5D:Q47V:R60N:D96Q,L4N:R5D:Q47V:R60N:D96Q,5
L4N:T7H:Q47I:D96Q:R98D,L4N:T7H:Q47I:D96Q:R98D,5
L4N:R5D:Q47C:R60N:R98D,L4N:R5D:Q47C:R60N:R98D,5
G3E:L4N:Q47V:R60N:R98D,G3E:L4N:Q47V:R60N:R98D,5
G3E:T7H:Q47I:R60N:I92C,G3E:T7H:Q47I:R60N:I92C,5
L4N:T7H:Q47I:I92C:D96Q,L4N:T7H:Q47I:I92C:D96Q,5
G3E:L4N:Q47I:R60N:R98D,G3E:L4N:Q47I:R60N:R98D,5
L4N:T7H:A29K:Q47I:R60N,L4N:T7H:A29K:Q47I:R60N,5
L4N:T7H:Q47I:D61Q:D96Q,L4N:T7H:Q47I:D61Q:D96Q,5
L4N:T7H:A29H:Q47V:R60N,L4N:T7H:A29H:Q47V:R60N,5
R5D:T7H:Q47I:R60N:R98D,R5D:T7H:Q47I:R60N:R98D,5
G3E:L4N:Q47V:R60N:I92C,G3E:L4N:Q47V:R60N:I92C,5
G3E:T7H:A29H:Q47V:R60N,G3E:T7H:A29H:Q47V:R60N,5
L4N:T7H:A29H:Q47C:R60N,L4N:T7H:A29H:Q47C:R60N,5
L4N:T7H:G34T:Q47C:R60N,L4N:T7H:G34T:Q47C:R60N,5
L4N:T7H:Q47C:R60N:R98D,L4N:T7H:Q47C:R60N:R98D,5
R5D:T7H:Q47C:R60N:D96Q,R5D:T7H:Q47C:R60N:D96Q,5
L4N:T7H:Q47C:R60N:I92C,L4N:T7H:Q47C:R60N:I92C,5
L4N:T7H:Q47V:R60N:R98D,L4N:T7H:Q47V:R60N:R98D,5
G3E:T7H:Q47V:R60N:R98D,G3E:T7H:Q47V:R60N:R98D,5
G3E:T7H:Q47R:R60N:D96Q,G3E:T7H:Q47R:R60N:D96Q,5
R5D:T7H:Q47C:R60N:I92C,R5D:T7H:Q47C:R60N:I92C,5
G3E:T7H:A29H:Q47C:R60N,G3E:T7H:A29H:Q47C:R60N,5
R5D:T7H:Q47I:R60N:D96Q,R5D:T7H:Q47I:R60N:D96Q,5
G3E:T7H:Q47V:R60N:I92C,G3E:T7H:Q47V:R60N:I92C,5
G3E:L4N:Q47C:R60N:I92C,G3E:L4N:Q47C:R60N:I92C,5
R5D:T7H:Q47V:R60N:D96Q,R5D:T7H:Q47V:R60N:D96Q,5
G3E:L4N:Q47C:R60N:D96Q,G3E:L4N:Q47C:R60N:D96Q,5
L4N:T7H:Q47R:R60N:D96Q,L4N:T7H:Q47R:R60N:D96Q,5
G3E:T7H:Q47I:R60N:R98D,G3E:T7H:Q47I:R60N:R98D,5
L4N:T7H:Q47V:R60N:I92C,L4N:T7H:Q47V:R60N:I92C,5
G3E:T7H:Q47C:R60N:I92C,G3E:T7H:Q47C:R60N:I92C,5
L4N:T7H:Q47I:R60N:R98D,L4N:T7H:Q47I:R60N:R98D,5
G3E:T7H:Q47V:R60N:D96Q,G3E:T7H:Q47V:R60N:D96Q,5
G3E:L4N:Q47V:R60N:D96Q,G3E:L4N:Q47V:R60N:D96Q,5
L4N:T7H:Q47I:R60N:D96Q,L4N:T7H:Q47I:R60N:D96Q,5
R5D:T7S:D61Q:R98D:V107M,R5D:T7S:D61Q:R98D:V107M,5
R5D:T7S:G34T:R60N:V107M,R5D:T7S:G34T:R60N:V107M,5
R5D:T7S:G34T:R98D:V107M,R5D:T7S:G34T:R98D:V107M,5
R5D:T7S:A29H:D96Q:V107M,R5D:T7S:A29H:D96Q:V107M,5
R5D:T7S:D61Q:I92C:V107M,R5D:T7S:D61Q:I92C:V107M,5
G3E:T7S:A29H:D61Q:V107M,G3E:T7S:A29H:D61Q:V107M,5
R5D:T7S:R60N:I92C:V107M,R5D:T7S:R60N:I92C:V107M,5
R5D:T7S:G34T:D61Q:V107M,R5D:T7S:G34T:D61Q:V107M,5
T7S:A29H:G34T:D61Q:I92C,T7S:A29H:G34T:D61Q:I92C,5
R5D:T7S:R60N:D61Q:V109Q,R5D:T7S:R60N:D61Q:V109Q,5
G3E:R5D:A29K:G34T:V107M,G3E:R5D:A29K:G34T:V107M,5
R5D:T7S:A29H:D61Q:T113E,R5D:T7S:A29H:D61Q:T113E,5
R5D:T7S:A29H:R60N:V107M,R5D:T7S:A29H:R60N:V107M,5
T7S:A29H:G34T:R60N:D61Q,T7S:A29H:G34T:R60N:D61Q,5
R5D:T7S:A29H:Q47R:T113E,R5D:T7S:A29H:Q47R:T113E,5
G3E:R5D:A29H:G34T:V107M,G3E:R5D:A29H:G34T:V107M,5
R5D:A29H:G34T:D61Q:R98D,R5D:A29H:G34T:D61Q:R98D,5
T7S:A29H:R60N:D61Q:R98D,T7S:A29H:R60N:D61Q:R98D,5
R5D:T7S:A29H:Q47V:V107M,R5D:T7S:A29H:Q47V:V107M,5
R5D:T7S:D61Q:R98D:T113E,R5D:T7S:D61Q:R98D:T113E,5
R5D:T7S:A29H:R98D:V107M,R5D:T7S:A29H:R98D:V107M,5
R5D:T7S:A29H:G34T:V107M,R5D:T7S:A29H:G34T:V107M,5
L4N:T7S:A29H:D61Q:T113E,L4N:T7S:A29H:D61Q:T113E,5
G3E:R5D:A29K:D61Q:V109Q,G3E:R5D:A29K:D61Q:V109Q,5
R5D:T7S:G34T:D61Q:T113E,R5D:T7S:G34T:D61Q:T113E,5
R5D:T7S:D96Q:R98D:V107M,R5D:T7S:D96Q:R98D:V107M,5
R5D:T7S:I92C:D96Q:V107M,R5D:T7S:I92C:D96Q:V107M,5
R5D:T7S:R60N:R98D:V107M,R5D:T7S:R60N:R98D:V107M,5
R5D:T7S:G34T:Q47R:V107M,R5D:T7S:G34T:Q47R:V107M,5
R5D:T7S:Q47R:D61Q:V107M,R5D:T7S:Q47R:D61Q:V107M,5
R5D:T7S:G34T:Q47I:V107M,R5D:T7S:G34T:Q47I:V107M,5
R5D:T7S:R60N:I92C:V109Q,R5D:T7S:R60N:I92C:V109Q,5
R5D:T7S:G34T:D96Q:V107M,R5D:T7S:G34T:D96Q:V107M,5
R5D:T7S:A29H:R98D:T113E,R5D:T7S:A29H:R98D:T113E,5
R5D:T7S:D61Q:I92C:V109Q,R5D:T7S:D61Q:I92C:V109Q,5
R5D:A29H:D61Q:I92C:R98D,R5D:A29H:D61Q:I92C:R98D,5
R5D:T7S:A29K:I92C:V109Q,R5D:T7S:A29K:I92C:V109Q,5
R5D:T7S:A29K:R98D:V107M,R5D:T7S:A29K:R98D:V107M,5
G3E:R5D:A29H:D61Q:V107M,G3E:R5D:A29H:D61Q:V107M,5
R5D:T7S:G34T:R98D:T113E,R5D:T7S:G34T:R98D:T113E,5
R5D:T7S:Q47R:D61Q:T113E,R5D:T7S:Q47R:D61Q:T113E,5
G3E:T7S:A29H:R98D:V107M,G3E:T7S:A29H:R98D:V107M,5
T7S:G34T:D61Q:I92C:R98D,T7S:G34T:D61Q:I92C:R98D,5
G3E:R5D:A29K:D61Q:T113E,G3E:R5D:A29K:D61Q:T113E,5
R5D:G34T:D61Q:I92C:R98D,R5D:G34T:D61Q:I92C:R98D,5
R5D:T7S:A29H:G34T:T113E,R5D:T7S:A29H:G34T:T113E,5
R5D:T7S:Q47I:D61Q:T113E,R5D:T7S:Q47I:D61Q:T113E,5
R5D:T7S:D61Q:D96Q:V107M,R5D:T7S:D61Q:D96Q:V107M,5
R5D:T7S:A29H:D61Q:V109Q,R5D:T7S:A29H:D61Q:V109Q,5
R5D:A29H:G34T:R60N:D61Q,R5D:A29H:G34T:R60N:D61Q,5
T7S:A29H:R60N:D61Q:D96Q,T7S:A29H:R60N:D61Q:D96Q,5
R5D:T7S:G34T:R60N:T113E,R5D:T7S:G34T:R60N:T113E,5
R5D:T7S:Q47R:D61Q:V109Q,R5D:T7S:Q47R:D61Q:V109Q,5
L4N:T7S:A29H:R98D:V107M,L4N:T7S:A29H:R98D:V107M,5
G3E:R5D:A29H:G34T:V109Q,G3E:R5D:A29H:G34T:V109Q,5
G3E:T7S:A29H:D61Q:T113E,G3E:T7S:A29H:D61Q:T113E,5
R5D:T7S:A29K:D96Q:V107M,R5D:T7S:A29K:D96Q:V107M,5
G3E:T7S:A29H:D61Q:V109Q,G3E:T7S:A29H:D61Q:V109Q,5
G3E:R5D:G34T:R98D:V107M,G3E:R5D:G34T:R98D:V107M,5
R5D:T7S:A29K:D61Q:V107M,R5D:T7S:A29K:D61Q:V107M,5
R5D:A29H:G34T:Q47C:D61Q,R5D:A29H:G34T:Q47C:D61Q,5
R5D:T7S:A29K:D61Q:T113E,R5D:T7S:A29K:D61Q:T113E,5
T7S:A29H:R60N:D61Q:I92C,T7S:A29H:R60N:D61Q:I92C,5
T7S:R60N:I92C:D96Q:R98D,T7S:R60N:I92C:D96Q:R98D,5
R5D:T7S:A29H:Q47C:T113E,R5D:T7S:A29H:Q47C:T113E,5
G3E:T7S:D61Q:R98D:V107M,G3E:T7S:D61Q:R98D:V107M,5
R5D:T7S:R60N:D61Q:V107M,R5D:T7S:R60N:D61Q:V107M,5
R5D:T7S:G34T:I92C:V107M,R5D:T7S:G34T:I92C:V107M,5
R5D:T7S:R60N:D61Q:T113E,R5D:T7S:R60N:D61Q:T113E,5
R5D:T7S:A29H:I92C:V107M,R5D:T7S:A29H:I92C:V107M,5
R5D:T7S:G34T:Q47R:T113E,R5D:T7S:G34T:Q47R:T113E,5
R5D:T7S:A29H:Q47V:T113E,R5D:T7S:A29H:Q47V:T113E,5
R5D:T7S:G34T:D61Q:V109Q,R5D:T7S:G34T:D61Q:V109Q,5
T7S:A29H:D61Q:I92C:D96Q,T7S:A29H:D61Q:I92C:D96Q,5
T7S:A29H:I92C:D96Q:R98D,T7S:A29H:I92C:D96Q:R98D,5
T7S:A29H:Q47R:D61Q:R98D,T7S:A29H:Q47R:D61Q:R98D,5
R5D:A29H:G34T:D61Q:D96Q,R5D:A29H:G34T:D61Q:D96Q,5
R5D:T7S:I92C:R98D:V107M,R5D:T7S:I92C:R98D:V107M,5
R5D:T7S:G34T:I92C:T113E,R5D:T7S:G34T:I92C:T113E,5
G3E:R5D:A29K:G34T:T113E,G3E:R5D:A29K:G34T:T113E,5
G3E:T7S:A29H:D96Q:V107M,G3E:T7S:A29H:D96Q:V107M,5
R5D:D61Q:I92C:D96Q:R98D,R5D:D61Q:I92C:D96Q:R98D,5
R5D:T7S:I92C:R98D:T113E,R5D:T7S:I92C:R98D:T113E,5
R5D:T7S:A29H:D96Q:T113E,R5D:T7S:A29H:D96Q:T113E,5
G3E:R5D:A29H:D61Q:T113E,G3E:R5D:A29H:D61Q:T113E,5
T7S:R60N:D61Q:I92C:R98D,T7S:R60N:D61Q:I92C:R98D,5
R5D:T7S:D61Q:D96Q:T113E,R5D:T7S:D61Q:D96Q:T113E,5
T7S:A29K:G34T:D61Q:R98D,T7S:A29K:G34T:D61Q:R98D,5
G3E:R5D:A29H:G34T:T113E,G3E:R5D:A29H:G34T:T113E,5
G3E:R5D:A29H:R98D:V107M,G3E:R5D:A29H:R98D:V107M,5
R5D:T7S:D61Q:I92C:T113E,R5D:T7S:D61Q:I92C:T113E,5
R5D:T7S:A29H:D61Q:V107M,R5D:T7S:A29H:D61Q:V107M,5
R5D:A29H:G34T:D61Q:I92C,R5D:A29H:G34T:D61Q:I92C,5
R5D:T7H:R60N:R98D:V107M,R5D:T7H:R60N:R98D:V107M,5
R5D:T7S:Q47R:R98D:T113E,R5D:T7S:Q47R:R98D:T113E,5
T7S:G34T:I92C:D96Q:R98D,T7S:G34T:I92C:D96Q:R98D,5
T7S:A29H:G34T:D61Q:R98D,T7S:A29H:G34T:D61Q:R98D,5
G3E:R5D:T7S:V107M:V109Q,G3E:R5D:T7S:V107M:V109Q,5
T7S:A29H:D61Q:I92C:R98D,T7S:A29H:D61Q:I92C:R98D,5
G3E:R5D:G34T:D61Q:V109Q,G3E:R5D:G34T:D61Q:V109Q,5
L4N:T7S:A29H:G34T:T113E,L4N:T7S:A29H:G34T:T113E,5
T7S:A29H:G34T:Q47R:D61Q,T7S:A29H:G34T:Q47R:D61Q,5
G3E:R5D:I92C:R98D:V107M,G3E:R5D:I92C:R98D:V107M,5
R5D:T7H:D61Q:R98D:T113E,R5D:T7H:D61Q:R98D:T113E,5
T7S:D61Q:I92C:D96Q:R98D,T7S:D61Q:I92C:D96Q:R98D,5
G3E:T7S:D61Q:I92C:V107M,G3E:T7S:D61Q:I92C:V107M,5
T7S:A29H:G34T:D96Q:R98D,T7S:A29H:G34T:D96Q:R98D,5
R5D:T7S:D61Q:D96Q:V109Q,R5D:T7S:D61Q:D96Q:V109Q,5
G3E:T7S:A29H:G34T:T113E,G3E:T7S:A29H:G34T:T113E,5
R5D:T7H:G34T:D61Q:V107M,R5D:T7H:G34T:D61Q:V107M,5
R5D:T7S:R60N:D96Q:T113E,R5D:T7S:R60N:D96Q:T113E,5
T7S:A29H:G34T:I92C:D96Q,T7S:A29H:G34T:I92C:D96Q,5
R5D:T7S:A29K:R98D:T113E,R5D:T7S:A29K:R98D:T113E,5
R5D:T7S:R60N:R98D:T113E,R5D:T7S:R60N:R98D:T113E,5
L4N:T7S:A29H:D61Q:V109Q,L4N:T7S:A29H:D61Q:V109Q,5
T7S:A29H:G34T:I92C:R98D,T7S:A29H:G34T:I92C:R98D,5
R5D:T7S:D96Q:R98D:T113E,R5D:T7S:D96Q:R98D:T113E,5
R5D:T7S:A29H:Q47I:T113E,R5D:T7S:A29H:Q47I:T113E,5
G3E:R5D:A29K:D61Q:V107M,G3E:R5D:A29K:D61Q:V107M,5
R5D:T7H:D61Q:I92C:V107M,R5D:T7H:D61Q:I92C:V107M,5
T7S:G34T:D61Q:I92C:D96Q,T7S:G34T:D61Q:I92C:D96Q,5
G3E:T7S:G34T:I92C:V107M,G3E:T7S:G34T:I92C:V107M,5
R5D:T7S:A29H:I92C:V109Q,R5D:T7S:A29H:I92C:V109Q,5
G3E:T7S:A29H:G34T:V107M,G3E:T7S:A29H:G34T:V107M,5
G3E:T7S:D61Q:R98D:T113E,G3E:T7S:D61Q:R98D:T113E,5
T7S:G34T:Q47R:D61Q:R98D,T7S:G34T:Q47R:D61Q:R98D,5
T7S:A29H:Q47R:I92C:R98D,T7S:A29H:Q47R:I92C:R98D,5
R5D:G34T:R60N:D61Q:I92C,R5D:G34T:R60N:D61Q:I92C,5
R5D:T7S:Q47R:R98D:V107M,R5D:T7S:Q47R:R98D:V107M,5
T7S:Q47R:D61Q:D96Q:R98D,T7S:Q47R:D61Q:D96Q:R98D,5
R5D:G34T:R60N:D61Q:R98D,R5D:G34T:R60N:D61Q:R98D,5
R5D:T7H:A29H:D61Q:V107M,R5D:T7H:A29H:D61Q:V107M,5
R5D:T7S:G34T:I92C:V109Q,R5D:T7S:G34T:I92C:V109Q,5
R5D:T7S:Q47V:R98D:T113E,R5D:T7S:Q47V:R98D:T113E,5
R5D:T7S:Q47R:D96Q:T113E,R5D:T7S:Q47R:D96Q:T113E,5
R5D:A29H:G34T:R60N:R98D,R5D:A29H:G34T:R60N:R98D,5
R5D:T7S:G34T:Q47V:V107M,R5D:T7S:G34T:Q47V:V107M,5
R5D:A29H:G34T:Q47V:D61Q,R5D:A29H:G34T:Q47V:D61Q,5
T7S:G34T:R60N:D96Q:R98D,T7S:G34T:R60N:D96Q:R98D,5
R5D:T7S:D61Q:R98D:V109Q,R5D:T7S:D61Q:R98D:V109Q,5
T7S:A29H:G34T:Q47R:R98D,T7S:A29H:G34T:Q47R:R98D,5
R5D:A29H:G34T:Q47R:I92C,R5D:A29H:G34T:Q47R:I92C,5
R5D:T7S:A29H:Q47R:V107M,R5D:T7S:A29H:Q47R:V107M,5
G3E:R5D:D61Q:R98D:V107M,G3E:R5D:D61Q:R98D:V107M,5
T7S:A29K:D61Q:D96Q:R98D,T7S:A29K:D61Q:D96Q:R98D,5
G3E:R5D:A29K:I92C:V107M,G3E:R5D:A29K:I92C:V107M,5
R5D:T7H:G34T:R98D:V107M,R5D:T7H:G34T:R98D:V107M,5
G3E:R5D:A29H:D61Q:V109Q,G3E:R5D:A29H:D61Q:V109Q,5
G3E:A29H:G34T:R60N:D61Q,G3E:A29H:G34T:R60N:D61Q,5
R5D:T7H:D61Q:R98D:V107M,R5D:T7H:D61Q:R98D:V107M,5
R5D:T7H:A29H:D61Q:T113E,R5D:T7H:A29H:D61Q:T113E,5
L4N:T7S:A29H:D61Q:V107M,L4N:T7S:A29H:D61Q:V107M,5
G3E:R5D:A29K:Q47R:T113E,G3E:R5D:A29K:Q47R:T113E,5
G3E:T7S:A29K:R60N:T113E,G3E:T7S:A29K:R60N:T113E,5
R5D:T7S:Q47R:D96Q:V107M,R5D:T7S:Q47R:D96Q:V107M,5
R5D:T7S:A29K:Q47R:V107M,R5D:T7S:A29K:Q47R:V107M,5
R5D:T7S:G34T:Q47R:V109Q,R5D:T7S:G34T:Q47R:V109Q,5
R5D:T7H:D61Q:D96Q:V107M,R5D:T7H:D61Q:D96Q:V107M,5
G3E:T7S:Q47R:D61Q:V107M,G3E:T7S:Q47R:D61Q:V107M,5
R5D:A29K:G34T:D61Q:R98D,R5D:A29K:G34T:D61Q:R98D,5
T7S:G34T:R60N:D61Q:D96Q,T7S:G34T:R60N:D61Q:D96Q,5
R5D:G34T:R60N:D61Q:D96Q,R5D:G34T:R60N:D61Q:D96Q,5
T7S:G34T:D61Q:D96Q:R98D,T7S:G34T:D61Q:D96Q:R98D,5
G3E:T7S:A29H:R60N:V109Q,G3E:T7S:A29H:R60N:V109Q,5
G3E:R5D:G34T:D61Q:V107M,G3E:R5D:G34T:D61Q:V107M,5
R5D:T7H:R60N:D61Q:T113E,R5D:T7H:R60N:D61Q:T113E,5
R5D:T7S:A29H:D96Q:V109Q,R5D:T7S:A29H:D96Q:V109Q,5
R5D:T7H:A29K:D61Q:V107M,R5D:T7H:A29K:D61Q:V107M,5
R5D:G34T:D61Q:I92C:D96Q,R5D:G34T:D61Q:I92C:D96Q,5
R5D:T7S:Q47V:R98D:V107M,R5D:T7S:Q47V:R98D:V107M,5
R5D:A29H:G34T:I92C:R98D,R5D:A29H:G34T:I92C:R98D,5
R5D:A29K:G34T:I92C:R98D,R5D:A29K:G34T:I92C:R98D,5
L4N:T7S:A29H:G34T:V107M,L4N:T7S:A29H:G34T:V107M,5
G3E:R5D:G34T:D61Q:T113E,G3E:R5D:G34T:D61Q:T113E,5
R5D:A29H:D61Q:D96Q:R98D,R5D:A29H:D61Q:D96Q:R98D,5
R5D:T7S:Q47I:D61Q:V109Q,R5D:T7S:Q47I:D61Q:V109Q,5
R5D:T7S:A29K:G34T:V107M,R5D:T7S:A29K:G34T:V107M,5
G3E:R5D:A29K:R60N:V109Q,G3E:R5D:A29K:R60N:V109Q,5
R5D:A29H:G34T:Q47R:D61Q,R5D:A29H:G34T:Q47R:D61Q,5
L4N:T7S:A29K:D61Q:T113E,L4N:T7S:A29K:D61Q:T113E,5
L4N:R5D:R60N:D61Q:T113E,L4N:R5D:R60N:D61Q:T113E,5
T7S:A29H:G34T:D61Q:D96Q,T7S:A29H:G34T:D61Q:D96Q,5
R5D:T7S:G34T:R60N:V109Q,R5D:T7S:G34T:R60N:V109Q,5
R5D:R60N:D61Q:D96Q:R98D,R5D:R60N:D61Q:D96Q:R98D,5
G3E:R5D:D61Q:I92C:V107M,G3E:R5D:D61Q:I92C:V107M,5
R5D:T7S:R60N:D96Q:V107M,R5D:T7S:R60N:D96Q:V107M,5
R5D:T7S:G34T:Q47V:T113E,R5D:T7S:G34T:Q47V:T113E,5
R5D:T7H:A29H:G34T:V107M,R5D:T7H:A29H:G34T:V107M,5
L4N:T7S:A29H:G34T:V109Q,L4N:T7S:A29H:G34T:V109Q,5
G3E:R5D:R60N:D61Q:V107M,G3E:R5D:R60N:D61Q:V107M,5
R5D:A29H:G34T:D96Q:R98D,R5D:A29H:G34T:D96Q:R98D,5
L4N:T7S:I92C:R98D:V107M,L4N:T7S:I92C:R98D:V107M,5
G3E:T7S:Q47R:D61Q:T113E,G3E:T7S:Q47R:D61Q:T113E,5
R5D:T7S:A29K:D61Q:V109Q,R5D:T7S:A29K:D61Q:V109Q,5
R5D:T7S:Q47V:I92C:V107M,R5D:T7S:Q47V:I92C:V107M,5
R5D:T7H:A29K:R98D:V107M,R5D:T7H:A29K:R98D:V107M,5
R5D:T7S:A29H:R60N:V109Q,R5D:T7S:A29H:R60N:V109Q,5
R5D:T7S:G34T:Q47C:V107M,R5D:T7S:G34T:Q47C:V107M,5
G3E:R5D:A29H:I92C:V107M,G3E:R5D:A29H:I92C:V107M,5
R5D:T7S:A29H:I92C:T113E,R5D:T7S:A29H:I92C:T113E,5
R5D:T7S:A29K:I92C:T113E,R5D:T7S:A29K:I92C:T113E,5
L4N:R5D:A29H:D61Q:V107M,L4N:R5D:A29H:D61Q:V107M,5
T7S:G34T:R60N:D61Q:I92C,T7S:G34T:R60N:D61Q:I92C,5
T7S:A29H:G34T:Q47R:I92C,T7S:A29H:G34T:Q47R:I92C,5
T7S:A29K:G34T:R60N:D61Q,T7S:A29K:G34T:R60N:D61Q,5
G3E:T7S:G34T:D61Q:V109Q,G3E:T7S:G34T:D61Q:V109Q,5
R5D:T7S:R60N:I92C:T113E,R5D:T7S:R60N:I92C:T113E,5
R5D:T7S:A29K:D96Q:T113E,R5D:T7S:A29K:D96Q:T113E,5
R5D:T7H:A29K:G34T:V107M,R5D:T7H:A29K:G34T:V107M,5
R5D:A29H:R60N:D61Q:I92C,R5D:A29H:R60N:D61Q:I92C,5
L4N:T7S:D61Q:I92C:V107M,L4N:T7S:D61Q:I92C:V107M,5
L4N:T7S:G34T:D61Q:V107M,L4N:T7S:G34T:D61Q:V107M,5
G3E:R5D:D61Q:R98D:T113E,G3E:R5D:D61Q:R98D:T113E,5
G3E:R5D:A29K:G34T:V109Q,G3E:R5D:A29K:G34T:V109Q,5
R5D:A29K:G34T:D61Q:D96Q,R5D:A29K:G34T:D61Q:D96Q,5
G3E:T7S:A29K:R98D:V107M,G3E:T7S:A29K:R98D:V107M,5
T7S:A29K:G34T:Q47R:I92C,T7S:A29K:G34T:Q47R:I92C,5
G3E:T7S:D96Q:R98D:V107M,G3E:T7S:D96Q:R98D:V107M,5
L4N:R5D:A29H:R60N:V109Q,L4N:R5D:A29H:R60N:V109Q,5
R5D:T7H:A29H:R98D:V107M,R5D:T7H:A29H:R98D:V107M,5
R5D:T7S:A29K:Q47R:T113E,R5D:T7S:A29K:Q47R:T113E,5
R5D:T7H:G34T:D96Q:V107M,R5D:T7H:G34T:D96Q:V107M,5
R5D:T7S:G34T:D96Q:V109Q,R5D:T7S:G34T:D96Q:V109Q,5
R5D:A29H:I92C:D96Q:R98D,R5D:A29H:I92C:D96Q:R98D,5
G3E:T7S:D61Q:I92C:T113E,G3E:T7S:D61Q:I92C:T113E,5
T7S:A29H:R60N:D96Q:R98D,T7S:A29H:R60N:D96Q:R98D,5
G3E:T7S:R60N:D61Q:T113E,G3E:T7S:R60N:D61Q:T113E,5
G3E:R5D:A29H:R98D:T113E,G3E:R5D:A29H:R98D:T113E,5
R5D:T7S:G34T:D96Q:T113E,R5D:T7S:G34T:D96Q:T113E,5
R5D:T7H:A29H:R60N:V107M,R5D:T7H:A29H:R60N:V107M,5
G3E:A29K:G34T:Q47R:D61Q,G3E:A29K:G34T:Q47R:D61Q,5
G3E:T7S:G34T:I92C:V109Q,G3E:T7S:G34T:I92C:V109Q,5
R5D:T7S:Q47R:I92C:T113E,R5D:T7S:Q47R:I92C:T113E,5
T7S:G34T:R60N:D61Q:R98D,T7S:G34T:R60N:D61Q:R98D,5
T7S:A29K:R60N:I92C:R98D,T7S:A29K:R60N:I92C:R98D,5
G3E:T7S:A29H:R98D:T113E,G3E:T7S:A29H:R98D:T113E,5
G3E:T7S:A29H:I92C:V109Q,G3E:T7S:A29H:I92C:V109Q,5
G3E:T7S:G34T:D61Q:T113E,G3E:T7S:G34T:D61Q:T113E,5
R5D:T7H:D96Q:R98D:V107M,R5D:T7H:D96Q:R98D:V107M,5
G3E:T7S:A29H:I92C:V107M,G3E:T7S:A29H:I92C:V107M,5
L4N:R5D:A29H:R98D:V107M,L4N:R5D:A29H:R98D:V107M,5
T7S:G34T:Q47R:D61Q:I92C,T7S:G34T:Q47R:D61Q:I92C,5
R5D:T7S:A29H:Q47R:V109Q,R5D:T7S:A29H:Q47R:V109Q,5
T7S:A29K:G34T:D61Q:I92C,T7S:A29K:G34T:D61Q:I92C,5
L4N:T7S:G34T:R98D:V107M,L4N:T7S:G34T:R98D:V107M,5
T7S:A29H:R60N:I92C:R98D,T7S:A29H:R60N:I92C:R98D,5
R5D:G34T:I92C:D96Q:R98D,R5D:G34T:I92C:D96Q:R98D,5
G3E:T7H:A29H:D61Q:V107M,G3E:T7H:A29H:D61Q:V107M,5
R5D:T7S:Q47I:I92C:V107M,R5D:T7S:Q47I:I92C:V107M,5
R5D:T7S:G34T:R98D:V109Q,R5D:T7S:G34T:R98D:V109Q,5
T7S:A29H:G34T:Q47I:R98D,T7S:A29H:G34T:Q47I:R98D,5
R5D:T7S:I92C:D96Q:T113E,R5D:T7S:I92C:D96Q:T113E,5
G3E:R5D:A29H:R60N:T113E,G3E:R5D:A29H:R60N:T113E,5
T7S:A29K:I92C:D96Q:R98D,T7S:A29K:I92C:D96Q:R98D,5
R5D:A29H:R60N:D61Q:R98D,R5D:A29H:R60N:D61Q:R98D,5
G3E:T7S:A29H:R60N:T113E,G3E:T7S:A29H:R60N:T113E,5
L4N:T7S:Q47R:D61Q:V107M,L4N:T7S:Q47R:D61Q:V107M,5
R5D:A29K:G34T:D61Q:I92C,R5D:A29K:G34T:D61Q:I92C,5
G3E:T7S:D61Q:D96Q:T113E,G3E:T7S:D61Q:D96Q:T113E,5
G3E:R5D:G34T:I92C:T113E,G3E:R5D:G34T:I92C:T113E,5
R5D:T7S:Q47R:I92C:V107M,R5D:T7S:Q47R:I92C:V107M,5
R5D:A29H:G34T:I92C:D96Q,R5D:A29H:G34T:I92C:D96Q,5
R5D:T7S:Q47I:D96Q:V107M,R5D:T7S:Q47I:D96Q:V107M,5
G3E:T7S:A29H:Q47R:V107M,G3E:T7S:A29H:Q47R:V107M,5
R5D:G34T:Q47R:D61Q:R98D,R5D:G34T:Q47R:D61Q:R98D,5
L4N:T7H:A29H:D61Q:V107M,L4N:T7H:A29H:D61Q:V107M,5
L4N:T7H:A29H:R98D:V107M,L4N:T7H:A29H:R98D:V107M,5
G3E:R5D:R60N:R98D:V107M,G3E:R5D:R60N:R98D:V107M,5
R5D:A29K:G34T:R60N:D61Q,R5D:A29K:G34T:R60N:D61Q,5
G3E:R5D:G34T:I92C:V107M,G3E:R5D:G34T:I92C:V107M,5
L4N:R5D:T7S:V109Q:T113E,L4N:R5D:T7S:V109Q:T113E,5
G3E:R5D:T7S:V107M:T113E,G3E:R5D:T7S:V107M:T113E,5
G3E:T7S:A29H:Q47R:T113E,G3E:T7S:A29H:Q47R:T113E,5
G3E:A29H:G34T:D61Q:I92C,G3E:A29H:G34T:D61Q:I92C,5
L4N:T7S:D61Q:R98D:V107M,L4N:T7S:D61Q:R98D:V107M,5
G3E:T7H:A29H:G34T:V109Q,G3E:T7H:A29H:G34T:V109Q,5
G3E:R5D:D61Q:I92C:V109Q,G3E:R5D:D61Q:I92C:V109Q,5
R5D:T7S:A29H:R98D:V109Q,R5D:T7S:A29H:R98D:V109Q,5
T7S:G34T:Q47C:D61Q:R98D,T7S:G34T:Q47C:D61Q:R98D,5
L4N:T7H:A29H:D61Q:T113E,L4N:T7H:A29H:D61Q:T113E,5
G3E:R5D:G34T:D96Q:T113E,G3E:R5D:G34T:D96Q:T113E,5
R5D:T7H:I92C:R98D:V107M,R5D:T7H:I92C:R98D:V107M,5
T7S:G34T:R60N:I92C:D96Q,T7S:G34T:R60N:I92C:D96Q,5
G3E:T7S:A29H:Q47R:V109Q,G3E:T7S:A29H:Q47R:V109Q,5
G3E:T7S:I92C:R98D:V107M,G3E:T7S:I92C:R98D:V107M,5
G3E:T7S:A29K:D61Q:T113E,G3E:T7S:A29K:D61Q:T113E,5
R5D:A29H:G34T:R60N:I92C,R5D:A29H:G34T:R60N:I92C,5
R5D:T7H:A29H:R98D:T113E,R5D:T7H:A29H:R98D:T113E,5
T7S:A29H:G34T:R60N:R98D,T7S:A29H:G34T:R60N:R98D,5
R5D:T7H:A29K:D61Q:T113E,R5D:T7H:A29K:D61Q:T113E,5
G3E:T7S:A29K:G34T:V107M,G3E:T7S:A29K:G34T:V107M,5
R5D:T7H:R60N:R98D:T113E,R5D:T7H:R60N:R98D:T113E,5
R5D:A29K:G34T:Q47R:D96Q,R5D:A29K:G34T:Q47R:D96Q,5
L4N:T7S:A29K:D96Q:V109Q,L4N:T7S:A29K:D96Q:V109Q,5
R5D:T7S:Q47I:R98D:V107M,R5D:T7S:Q47I:R98D:V107M,5
R5D:A29K:G34T:R60N:I92C,R5D:A29K:G34T:R60N:I92C,5
R5D:A29K:R60N:D61Q:R98D,R5D:A29K:R60N:D61Q:R98D,5
G3E:R5D:A29H:D96Q:T113E,G3E:R5D:A29H:D96Q:T113E,5
G3E:R5D:D61Q:D96Q:V107M,G3E:R5D:D61Q:D96Q:V107M,5
T7S:A29H:D61Q:D96Q:R98D,T7S:A29H:D61Q:D96Q:R98D,5
T7S:A29H:Q47V:D61Q:R98D,T7S:A29H:Q47V:D61Q:R98D,5
T7H:G34T:D61Q:I92C:R98D,T7H:G34T:D61Q:I92C:R98D,5
L4N:T7S:A29H:R60N:V107M,L4N:T7S:A29H:R60N:V107M,5
G3E:R5D:R60N:D61Q:V109Q,G3E:R5D:R60N:D61Q:V109Q,5
G3E:R5D:A29K:R98D:V109Q,G3E:R5D:A29K:R98D:V109Q,5
R5D:A29H:R60N:D61Q:D96Q,R5D:A29H:R60N:D61Q:D96Q,5
L4N:T7S:A29H:R98D:T113E,L4N:T7S:A29H:R98D:T113E,5
G3E:T7S:A29K:I92C:V107M,G3E:T7S:A29K:I92C:V107M,5
T7S:G34T:R60N:I92C:R98D,T7S:G34T:R60N:I92C:R98D,5
R5D:G34T:D61Q:D96Q:R98D,R5D:G34T:D61Q:D96Q:R98D,5
T7S:A29H:G34T:Q47C:D61Q,T7S:A29H:G34T:Q47C:D61Q,5
T7S:A29K:G34T:Q47I:D61Q,T7S:A29K:G34T:Q47I:D61Q,5
R5D:T7S:G34T:Q47C:V109Q,R5D:T7S:G34T:Q47C:V109Q,5
T7S:A29K:G34T:Q47R:R98D,T7S:A29K:G34T:Q47R:R98D,5
L4N:R5D:A29H:I92C:V107M,L4N:R5D:A29H:I92C:V107M,5
R5D:T7S:Q47C:D61Q:V107M,R5D:T7S:Q47C:D61Q:V107M,5
L4N:T7S:R60N:D61Q:V109Q,L4N:T7S:R60N:D61Q:V109Q,5
T7S:A29K:G34T:I92C:D96Q,T7S:A29K:G34T:I92C:D96Q,5
R5D:T7H:D61Q:D96Q:T113E,R5D:T7H:D61Q:D96Q:T113E,5
G3E:T7S:R60N:D61Q:V107M,G3E:T7S:R60N:D61Q:V107M,5
L4N:R5D:A29H:D61Q:T113E,L4N:R5D:A29H:D61Q:T113E,5
R5D:T7H:G34T:D61Q:T113E,R5D:T7H:G34T:D61Q:T113E,5
R5D:A29H:G34T:Q47I:R98D,R5D:A29H:G34T:Q47I:R98D,5
R5D:T7S:G34T:Q47I:T113E,R5D:T7S:G34T:Q47I:T113E,5
L4N:R5D:A29H:R60N:T113E,L4N:R5D:A29H:R60N:T113E,5
R5D:A29K:D61Q:I92C:R98D,R5D:A29K:D61Q:I92C:R98D,5
T7S:A29K:G34T:D96Q:R98D,T7S:A29K:G34T:D96Q:R98D,5
T7S:Q47R:D61Q:I92C:R98D,T7S:Q47R:D61Q:I92C:R98D,5
L4N:T7H:A29K:R98D:V107M,L4N:T7H:A29K:R98D:V107M,5
R5D:G34T:Q47R:D61Q:I92C,R5D:G34T:Q47R:D61Q:I92C,5
T7S:R60N:D61Q:D96Q:R98D,T7S:R60N:D61Q:D96Q:R98D,5
L4N:T7S:G34T:Q47R:V107M,L4N:T7S:G34T:Q47R:V107M,5
T7S:A29K:G34T:Q47R:R60N,T7S:A29K:G34T:Q47R:R60N,5
L4N:R5D:A29K:D61Q:T113E,L4N:R5D:A29K:D61Q:T113E,5
G3E:T7H:A29K:G34T:V107M,G3E:T7H:A29K:G34T:V107M,5
R5D:T7S:D96Q:R98D:V109Q,R5D:T7S:D96Q:R98D:V109Q,5
T7S:A29K:D61Q:I92C:D96Q,T7S:A29K:D61Q:I92C:D96Q,5
G3E:T7S:G34T:Q47R:V107M,G3E:T7S:G34T:Q47R:V107M,5
G3E:T7H:A29H:D61Q:V109Q,G3E:T7H:A29H:D61Q:V109Q,5
R5D:T7H:A29K:G34T:T113E,R5D:T7H:A29K:G34T:T113E,5
L4N:T7S:D61Q:R98D:T113E,L4N:T7S:D61Q:R98D:T113E,5
T7S:A29K:G34T:Q47V:D61Q,T7S:A29K:G34T:Q47V:D61Q,5
L4N:T7S:G34T:R60N:V109Q,L4N:T7S:G34T:R60N:V109Q,5
G3E:T7H:A29H:G34T:T113E,G3E:T7H:A29H:G34T:T113E,5
R5D:T7S:I92C:R98D:V109Q,R5D:T7S:I92C:R98D:V109Q,5
T7H:D61Q:I92C:D96Q:R98D,T7H:D61Q:I92C:D96Q:R98D,5
R5D:A29K:G34T:Q47R:I92C,R5D:A29K:G34T:Q47R:I92C,5
R5D:T7H:A29H:D96Q:V107M,R5D:T7H:A29H:D96Q:V107M,5
G3E:T7H:D61Q:R98D:V107M,G3E:T7H:D61Q:R98D:V107M,5
G3E:R5D:Q47R:D61Q:V107M,G3E:R5D:Q47R:D61Q:V107M,5
G3E:R5D:G34T:D96Q:V107M,G3E:R5D:G34T:D96Q:V107M,5
G3E:R5D:A29K:D96Q:T113E,G3E:R5D:A29K:D96Q:T113E,5
G3E:R5D:A29K:R98D:T113E,G3E:R5D:A29K:R98D:T113E,5
R5D:T7S:Q47R:I92C:V109Q,R5D:T7S:Q47R:I92C:V109Q,5
G3E:T7S:A29K:D96Q:V107M,G3E:T7S:A29K:D96Q:V107M,5
T7S:A29K:G34T:Q47R:D61Q,T7S:A29K:G34T:Q47R:D61Q,5
R5D:T7S:A29K:R60N:T113E,R5D:T7S:A29K:R60N:T113E,5
R5D:G34T:Q47R:I92C:R98D,R5D:G34T:Q47R:I92C:R98D,5
R5D:T7H:G34T:I92C:T113E,R5D:T7H:G34T:I92C:T113E,5
G3E:R5D:G34T:Q47V:V107M,G3E:R5D:G34T:Q47V:V107M,5
R5D:T7H:A29K:R60N:V107M,R5D:T7H:A29K:R60N:V107M,5
G3E:R5D:Q47I:D61Q:V107M,G3E:R5D:Q47I:D61Q:V107M,5
R5D:T7S:I92C:D96Q:V109Q,R5D:T7S:I92C:D96Q:V109Q,5
R5D:T7H:R60N:D61Q:V107M,R5D:T7H:R60N:D61Q:V107M,5
R5D:T7S:Q47C:R98D:V107M,R5D:T7S:Q47C:R98D:V107M,5
G3E:G34T:D61Q:I92C:R98D,G3E:G34T:D61Q:I92C:R98D,5
G3E:T7S:A29H:R60N:V107M,G3E:T7S:A29H:R60N:V107M,5
L4N:T7S:D61Q:D96Q:V107M,L4N:T7S:D61Q:D96Q:V107M,5
T7S:A29K:G34T:R60N:R98D,T7S:A29K:G34T:R60N:R98D,5
L4N:T7H:A29K:D61Q:V109Q,L4N:T7H:A29K:D61Q:V109Q,5
L4N:R5D:A29H:D61Q:V109Q,L4N:R5D:A29H:D61Q:V109Q,5
T7S:A29K:G34T:Q47I:R98D,T7S:A29K:G34T:Q47I:R98D,5
R5D:T7H:I92C:D96Q:V107M,R5D:T7H:I92C:D96Q:V107M,5
G3E:R5D:T7S:V109Q:T113E,G3E:R5D:T7S:V109Q:T113E,5
G3E:R5D:T7H:V107M:T113E,G3E:R5D:T7H:V107M:T113E,5
T7S:A29K:R60N:D61Q:R98D,T7S:A29K:R60N:D61Q:R98D,5
G3E:T7S:R60N:R98D:V107M,G3E:T7S:R60N:R98D:V107M,5
L4N:T7S:R60N:R98D:V107M,L4N:T7S:R60N:R98D:V107M,5
G3E:T7S:A29K:R60N:V107M,G3E:T7S:A29K:R60N:V107M,5
R5D:T7S:A29K:R60N:V109Q,R5D:T7S:A29K:R60N:V109Q,5
R5D:T7S:A29K:Q47I:V107M,R5D:T7S:A29K:Q47I:V107M,5
R5D:T7H:G34T:I92C:V107M,R5D:T7H:G34T:I92C:V107M,5
T7S:A29H:G34T:R60N:I92C,T7S:A29H:G34T:R60N:I92C,5
L4N:T7S:A29K:Q47R:V107M,L4N:T7S:A29K:Q47R:V107M,5
L4N:R5D:T7S:V107M:T113E,L4N:R5D:T7S:V107M:T113E,5
G3E:R5D:G34T:R98D:T113E,G3E:R5D:G34T:R98D:T113E,5
T7H:A29H:R60N:D61Q:R98D,T7H:A29H:R60N:D61Q:R98D,5
L4N:T7S:A29H:I92C:T113E,L4N:T7S:A29H:I92C:T113E,5
G3E:T7H:A29H:R98D:V107M,G3E:T7H:A29H:R98D:V107M,5
R5D:G34T:R60N:I92C:R98D,R5D:G34T:R60N:I92C:R98D,5
R5D:T7H:A29H:R98D:V109Q,R5D:T7H:A29H:R98D:V109Q,5
R5D:T7H:A29H:I92C:T113E,R5D:T7H:A29H:I92C:T113E,5
T7S:G34T:Q47V:I92C:R98D,T7S:G34T:Q47V:I92C:R98D,5
R5D:T7S:A29K:Q47V:V107M,R5D:T7S:A29K:Q47V:V107M,5
R5D:A29H:G34T:R60N:D96Q,R5D:A29H:G34T:R60N:D96Q,5
G3E:A29K:D61Q:D96Q:R98D,G3E:A29K:D61Q:D96Q:R98D,5
T7S:G34T:Q47R:D96Q:R98D,T7S:G34T:Q47R:D96Q:R98D,5
G3E:G34T:I92C:D96Q:R98D,G3E:G34T:I92C:D96Q:R98D,5
R5D:T7H:G34T:R98D:V109Q,R5D:T7H:G34T:R98D:V109Q,5
L4N:R5D:D96Q:R98D:V107M,L4N:R5D:D96Q:R98D:V107M,5
G3E:T7H:A29K:R98D:V107M,G3E:T7H:A29K:R98D:V107M,5
G3E:T7S:A29K:G34T:V109Q,G3E:T7S:A29K:G34T:V109Q,5
G3E:R5D:G34T:R60N:T113E,G3E:R5D:G34T:R60N:T113E,5
G3E:R5D:A29K:I92C:V109Q,G3E:R5D:A29K:I92C:V109Q,5
G3E:T7S:G34T:R98D:V107M,G3E:T7S:G34T:R98D:V107M,5
R5D:T7H:A29H:I92C:V107M,R5D:T7H:A29H:I92C:V107M,5
L4N:R5D:A29H:R60N:V107M,L4N:R5D:A29H:R60N:V107M,5
G3E:T7H:A29H:D61Q:T113E,G3E:T7H:A29H:D61Q:T113E,5
T7S:A29H:Q47C:D61Q:R98D,T7S:A29H:Q47C:D61Q:R98D,5
G3E:T7S:Q47I:D61Q:T113E,G3E:T7S:Q47I:D61Q:T113E,5
G3E:T7S:I92C:R98D:T113E,G3E:T7S:I92C:R98D:T113E,5
G3E:T7H:A29H:G34T:V107M,G3E:T7H:A29H:G34T:V107M,5
R5D:T7H:G34T:D61Q:V109Q,R5D:T7H:G34T:D61Q:V109Q,5
L4N:T7S:A29K:R98D:V107M,L4N:T7S:A29K:R98D:V107M,5
R5D:A29K:D61Q:D96Q:R98D,R5D:A29K:D61Q:D96Q:R98D,5
L4N:T7S:A29H:R60N:V109Q,L4N:T7S:A29H:R60N:V109Q,5
G3E:T7S:A29K:D61Q:V109Q,G3E:T7S:A29K:D61Q:V109Q,5
R5D:T7H:D96Q:R98D:T113E,R5D:T7H:D96Q:R98D:T113E,5
G3E:R5D:A29H:Q47V:V107M,G3E:R5D:A29H:Q47V:V107M,5
L4N:T7H:A29K:R98D:T113E,L4N:T7H:A29K:R98D:T113E,5
R5D:T7S:A29K:D96Q:V109Q,R5D:T7S:A29K:D96Q:V109Q,5
T7S:A29H:G34T:Q47I:D61Q,T7S:A29H:G34T:Q47I:D61Q,5
R5D:T7S:A29K:I92C:V107M,R5D:T7S:A29K:I92C:V107M,5
G3E:R5D:A29K:Q47C:T113E,G3E:R5D:A29K:Q47C:T113E,5
T7S:A29H:R60N:I92C:D96Q,T7S:A29H:R60N:I92C:D96Q,5
G3E:T7S:G34T:R98D:T113E,G3E:T7S:G34T:R98D:T113E,5
T7H:A29H:G34T:D61Q:R98D,T7H:A29H:G34T:D61Q:R98D,5
R5D:T7S:Q47V:D61Q:V107M,R5D:T7S:Q47V:D61Q:V107M,5
G3E:T7S:A29K:D61Q:V107M,G3E:T7S:A29K:D61Q:V107M,5
T7S:A29K:G34T:I92C:R98D,T7S:A29K:G34T:I92C:R98D,5
G3E:T7S:A29K:R98D:T113E,G3E:T7S:A29K:R98D:T113E,5
R5D:T7S:Q47I:R98D:T113E,R5D:T7S:Q47I:R98D:T113E,5
G3E:T7S:A29K:I92C:V109Q,G3E:T7S:A29K:I92C:V109Q,5
G3E:T7H:D61Q:I92C:V107M,G3E:T7H:D61Q:I92C:V107M,5
T7H:G34T:R60N:D61Q:R98D,T7H:G34T:R60N:D61Q:R98D,5
L4N:R5D:A29H:D96Q:V107M,L4N:R5D:A29H:D96Q:V107M,5
R5D:T7H:I92C:R98D:T113E,R5D:T7H:I92C:R98D:T113E,5
R5D:T7H:D61Q:R98D:V109Q,R5D:T7H:D61Q:R98D:V109Q,5
R5D:T7H:G34T:R98D:T113E,R5D:T7H:G34T:R98D:T113E,5
G3E:R5D:A29H:R60N:V107M,G3E:R5D:A29H:R60N:V107M,5
R5D:T7S:Q47V:D96Q:V107M,R5D:T7S:Q47V:D96Q:V107M,5
G3E:T7S:D61Q:I92C:V109Q,G3E:T7S:D61Q:I92C:V109Q,5
T7S:Q47R:I92C:D96Q:R98D,T7S:Q47R:I92C:D96Q:R98D,5
L4N:T7S:A29K:I92C:V107M,L4N:T7S:A29K:I92C:V107M,5
G3E:R5D:Q47I:D61Q:T113E,G3E:R5D:Q47I:D61Q:T113E,5
G3E:R5D:G34T:R60N:V109Q,G3E:R5D:G34T:R60N:V109Q,5
G3E:T7S:A29H:Q47C:T113E,G3E:T7S:A29H:Q47C:T113E,5
R5D:T7H:D61Q:I92C:T113E,R5D:T7H:D61Q:I92C:T113E,5
L4N:R5D:D61Q:R98D:V107M,L4N:R5D:D61Q:R98D:V107M,5
G3E:T7S:A29H:G34T:V109Q,G3E:T7S:A29H:G34T:V109Q,5
R5D:T7S:Q47V:D61Q:T113E,R5D:T7S:Q47V:D61Q:T113E,5
G3E:T7S:G34T:Q47R:T113E,G3E:T7S:G34T:Q47R:T113E,5
R5D:A29K:G34T:Q47R:D61Q,R5D:A29K:G34T:Q47R:D61Q,5
R5D:T7S:A29H:Q47I:V107M,R5D:T7S:A29H:Q47I:V107M,5
T7S:A29H:G34T:Q47R:R60N,T7S:A29H:G34T:Q47R:R60N,5
T7S:A29K:D61Q:I92C:R98D,T7S:A29K:D61Q:I92C:R98D,5
G3E:R5D:D61Q:I92C:T113E,G3E:R5D:D61Q:I92C:T113E,5
T7S:G34T:Q47V:D61Q:I92C,T7S:G34T:Q47V:D61Q:I92C,5
R5D:T7H:G34T:R60N:V107M,R5D:T7H:G34T:R60N:V107M,5
R5D:A29H:G34T:Q47I:D61Q,R5D:A29H:G34T:Q47I:D61Q,5
L4N:R5D:A29H:R98D:V109Q,L4N:R5D:A29H:R98D:V109Q,5
T7S:A29H:G34T:Q47V:D61Q,T7S:A29H:G34T:Q47V:D61Q,5
G3E:R5D:G34T:Q47R:T113E,G3E:R5D:G34T:Q47R:T113E,5
L4N:T7S:A29K:D96Q:V107M,L4N:T7S:A29K:D96Q:V107M,5
R5D:G34T:Q47R:D61Q:D96Q,R5D:G34T:Q47R:D61Q:D96Q,5
G3E:L4N:R5D:V107M:T113E,G3E:L4N:R5D:V107M:T113E,5
L4N:T7S:A29H:Q47R:V107M,L4N:T7S:A29H:Q47R:V107M,5
L4N:T7H:A29K:D61Q:T113E,L4N:T7H:A29K:D61Q:T113E,5
R5D:G34T:R60N:D96Q:R98D,R5D:G34T:R60N:D96Q:R98D,5
R5D:T7H:A29H:G34T:T113E,R5D:T7H:A29H:G34T:T113E,5
L4N:T7S:G34T:R60N:T113E,L4N:T7S:G34T:R60N:T113E,5
L4N:T7S:A29H:D96Q:T113E,L4N:T7S:A29H:D96Q:T113E,5
L4N:R5D:D61Q:I92C:V107M,L4N:R5D:D61Q:I92C:V107M,5
G3E:A29K:G34T:D61Q:R98D,G3E:A29K:G34T:D61Q:R98D,5
R5D:T7S:Q47C:D61Q:V109Q,R5D:T7S:Q47C:D61Q:V109Q,5
T7H:G34T:D61Q:I92C:D96Q,T7H:G34T:D61Q:I92C:D96Q,5
R5D:T7S:Q47C:I92C:V107M,R5D:T7S:Q47C:I92C:V107M,5
R5D:T7S:A29K:Q47R:V109Q,R5D:T7S:A29K:Q47R:V109Q,5
R5D:T7S:Q47C:R98D:T113E,R5D:T7S:Q47C:R98D:T113E,5
R5D:T7H:A29K:R98D:T113E,R5D:T7H:A29K:R98D:T113E,5
G3E:R5D:A29K:D96Q:V107M,G3E:R5D:A29K:D96Q:V107M,5
L4N:R5D:T7S:V107M:V109Q,L4N:R5D:T7S:V107M:V109Q,5
T7H:A29H:G34T:R60N:D61Q,T7H:A29H:G34T:R60N:D61Q,5
T7S:G34T:Q47I:I92C:R98D,T7S:G34T:Q47I:I92C:R98D,5
R5D:T7H:A29K:G34T:V109Q,R5D:T7H:A29K:G34T:V109Q,5
L4N:R5D:A29K:G34T:V107M,L4N:R5D:A29K:G34T:V107M,5
R5D:A29K:G34T:Q47R:R98D,R5D:A29K:G34T:Q47R:R98D,5
T7S:A29H:Q47R:D96Q:R98D,T7S:A29H:Q47R:D96Q:R98D,5
R5D:A29K:Q47R:D61Q:R98D,R5D:A29K:Q47R:D61Q:R98D,5
R5D:T7H:A29K:D96Q:V107M,R5D:T7H:A29K:D96Q:V107M,5
G3E:R5D:A29H:Q47R:V107M,G3E:R5D:A29H:Q47R:V107M,5
T7S:G34T:Q47R:I92C:R98D,T7S:G34T:Q47R:I92C:R98D,5
R5D:T7S:A29H:Q47V:V109Q,R5D:T7S:A29H:Q47V:V109Q,5
L4N:R5D:A29H:R98D:T113E,L4N:R5D:A29H:R98D:T113E,5
R5D:T7S:Q47R:R98D:V109Q,R5D:T7S:Q47R:R98D:V109Q,5
T7H:G34T:D61Q:D96Q:R98D,T7H:G34T:D61Q:D96Q:R98D,5
L4N:T7S:G34T:D61Q:V109Q,L4N:T7S:G34T:D61Q:V109Q,5
R5D:T7S:R60N:D96Q:V109Q,R5D:T7S:R60N:D96Q:V109Q,5
L4N:T7H:A29K:D61Q:V107M,L4N:T7H:A29K:D61Q:V107M,5
R5D:T7H:R60N:D61Q:V109Q,R5D:T7H:R60N:D61Q:V109Q,5
L4N:T7S:Q47R:D61Q:T113E,L4N:T7S:Q47R:D61Q:T113E,5
T7S:A29H:G34T:Q47V:I92C,T7S:A29H:G34T:Q47V:I92C,5
R5D:A29K:Q47V:D61Q:I92C,R5D:A29K:Q47V:D61Q:I92C,5
G3E:T7S:A29H:Q47V:V107M,G3E:T7S:A29H:Q47V:V107M,5
G3E:T7S:D61Q:D96Q:V109Q,G3E:T7S:D61Q:D96Q:V109Q,5
R5D:A29K:G34T:R60N:R98D,R5D:A29K:G34T:R60N:R98D,5
G3E:T7S:R60N:D61Q:V109Q,G3E:T7S:R60N:D61Q:V109Q,5
T7S:A29K:R60N:D61Q:I92C,T7S:A29K:R60N:D61Q:I92C,5
G3E:A29H:G34T:D61Q:R98D,G3E:A29H:G34T:D61Q:R98D,5
T7H:A29H:G34T:D61Q:I92C,T7H:A29H:G34T:D61Q:I92C,5
G3E:R5D:I92C:R98D:T113E,G3E:R5D:I92C:R98D:T113E,5
T7S:G34T:Q47V:D61Q:R98D,T7S:G34T:Q47V:D61Q:R98D,5
G3E:T7H:G34T:R98D:V107M,G3E:T7H:G34T:R98D:V107M,5
T7S:A29H:Q47R:D61Q:I92C,T7S:A29H:Q47R:D61Q:I92C,5
L4N:T7S:A29K:R98D:T113E,L4N:T7S:A29K:R98D:T113E,5
L4N:R5D:I92C:R98D:V107M,L4N:R5D:I92C:R98D:V107M,5
R5D:T7S:G34T:Q47V:V109Q,R5D:T7S:G34T:Q47V:V109Q,5
R5D:A29H:R60N:D96Q:R98D,R5D:A29H:R60N:D96Q:R98D,5
G3E:T7H:D61Q:R98D:T113E,G3E:T7H:D61Q:R98D:T113E,5
G3E:R5D:D96Q:R98D:V107M,G3E:R5D:D96Q:R98D:V107M,5
G3E:T7S:Q47V:R98D:V107M,G3E:T7S:Q47V:R98D:V107M,5
R5D:T7H:A29H:D96Q:T113E,R5D:T7H:A29H:D96Q:T113E,5
G3E:R5D:A29K:Q47R:V107M,G3E:R5D:A29K:Q47R:V107M,5
G3E:T7S:G34T:Q47R:V109Q,G3E:T7S:G34T:Q47R:V109Q,5
G3E:T7S:I92C:D96Q:V107M,G3E:T7S:I92C:D96Q:V107M,5
R5D:T7H:I92C:R98D:V109Q,R5D:T7H:I92C:R98D:V109Q,5
G3E:R5D:A29H:I92C:V109Q,G3E:R5D:A29H:I92C:V109Q,5
G3E:T7S:A29K:I92C:T113E,G3E:T7S:A29K:I92C:T113E,5
L4N:T7S:G34T:D61Q:T113E,L4N:T7S:G34T:D61Q:T113E,5
T7S:A29H:Q47V:D61Q:I92C,T7S:A29H:Q47V:D61Q:I92C,5
R5D:T7S:Q47V:I92C:V109Q,R5D:T7S:Q47V:I92C:V109Q,5
G3E:L4N:T7H:V107M:V109Q,G3E:L4N:T7H:V107M:V109Q,5
G3E:A29H:D61Q:D96Q:R98D,G3E:A29H:D61Q:D96Q:R98D,5
R5D:A29H:Q47C:D61Q:R98D,R5D:A29H:Q47C:D61Q:R98D,5
G3E:T7S:G34T:R60N:V109Q,G3E:T7S:G34T:R60N:V109Q,5
T7S:A29K:G34T:Q47C:D61Q,T7S:A29K:G34T:Q47C:D61Q,5
G3E:R5D:A29K:Q47R:V109Q,G3E:R5D:A29K:Q47R:V109Q,5
G3E:T7S:A29K:R98D:V109Q,G3E:T7S:A29K:R98D:V109Q,5
R5D:T7H:A29K:D61Q:V109Q,R5D:T7H:A29K:D61Q:V109Q,5
G3E:R5D:D61Q:D96Q:T113E,G3E:R5D:D61Q:D96Q:T113E,5
L4N:A29K:G34T:D61Q:I92C,L4N:A29K:G34T:D61Q:I92C,5
G3E:T7H:A29K:D61Q:V107M,G3E:T7H:A29K:D61Q:V107M,5
T7S:A29K:Q47R:D61Q:R98D,T7S:A29K:Q47R:D61Q:R98D,5
R5D:T7H:R60N:D96Q:T113E,R5D:T7H:R60N:D96Q:T113E,5
T7S:A29K:G34T:D61Q:D96Q,T7S:A29K:G34T:D61Q:D96Q,5
G3E:R5D:T7H:V109Q:T113E,G3E:R5D:T7H:V109Q:T113E,5
T7S:A29H:G34T:Q47I:D96Q,T7S:A29H:G34T:Q47I:D96Q,5
G3E:R5D:Q47V:D61Q:T113E,G3E:R5D:Q47V:D61Q:T113E,5
T7S:A29K:Q47R:D61Q:I92C,T7S:A29K:Q47R:D61Q:I92C,5
L4N:T7S:D61Q:I92C:T113E,L4N:T7S:D61Q:I92C:T113E,5
R5D:T7S:A29H:Q47C:V107M,R5D:T7S:A29H:Q47C:V107M,5
L4N:T7S:A29K:Q47R:T113E,L4N:T7S:A29K:Q47R:T113E,5
L4N:T7S:D61Q:D96Q:T113E,L4N:T7S:D61Q:D96Q:T113E,5
L4N:T7S:A29H:I92C:V109Q,L4N:T7S:A29H:I92C:V109Q,5
L4N:T7S:A29H:R98D:V109Q,L4N:T7S:A29H:R98D:V109Q,5
T7S:R60N:D61Q:I92C:D96Q,T7S:R60N:D61Q:I92C:D96Q,5
L4N:T7H:A29H:I92C:V107M,L4N:T7H:A29H:I92C:V107M,5
R5D:T7H:D61Q:I92C:V109Q,R5D:T7H:D61Q:I92C:V109Q,5
G3E:R5D:A29K:Q47V:T113E,G3E:R5D:A29K:Q47V:T113E,5
G3E:R5D:I92C:D96Q:V107M,G3E:R5D:I92C:D96Q:V107M,5
R5D:A29H:G34T:Q47R:R98D,R5D:A29H:G34T:Q47R:R98D,5
G3E:R5D:A29H:I92C:T113E,G3E:R5D:A29H:I92C:T113E,5
T7S:G34T:Q47I:D61Q:R98D,T7S:G34T:Q47I:D61Q:R98D,5
L4N:T7S:G34T:R98D:T113E,L4N:T7S:G34T:R98D:T113E,5
R5D:T7H:A29H:Q47R:V107M,R5D:T7H:A29H:Q47R:V107M,5
G3E:T7H:R60N:R98D:V107M,G3E:T7H:R60N:R98D:V107M,5
L4N:T7S:G34T:I92C:V107M,L4N:T7S:G34T:I92C:V107M,5
R5D:T7S:Q47I:D61Q:V107M,R5D:T7S:Q47I:D61Q:V107M,5
L4N:T7S:A29H:I92C:V107M,L4N:T7S:A29H:I92C:V107M,5
R5D:T7H:Q47R:I92C:V107M,R5D:T7H:Q47R:I92C:V107M,5
G3E:R5D:A29H:R60N:V109Q,G3E:R5D:A29H:R60N:V109Q,5
T7S:A29K:G34T:Q47C:R98D,T7S:A29K:G34T:Q47C:R98D,5
R5D:G34T:Q47I:D61Q:I92C,R5D:G34T:Q47I:D61Q:I92C,5
R5D:T7S:Q47C:D61Q:T113E,R5D:T7S:Q47C:D61Q:T113E,5
G3E:T7S:A29K:Q47R:V109Q,G3E:T7S:A29K:Q47R:V109Q,5
R5D:T7S:Q47R:D96Q:V109Q,R5D:T7S:Q47R:D96Q:V109Q,5
L4N:T7H:A29H:G34T:T113E,L4N:T7H:A29H:G34T:T113E,5
T7S:A29H:G34T:Q47R:D96Q,T7S:A29H:G34T:Q47R:D96Q,5
G3E:T7H:A29K:D61Q:T113E,G3E:T7H:A29K:D61Q:T113E,5
T7S:A29H:Q47I:D61Q:R98D,T7S:A29H:Q47I:D61Q:R98D,5
L4N:T7S:R60N:R98D:T113E,L4N:T7S:R60N:R98D:T113E,5
G3E:T7H:G34T:D61Q:V107M,G3E:T7H:G34T:D61Q:V107M,5
G3E:T7S:Q47R:R98D:T113E,G3E:T7S:Q47R:R98D:T113E,5
R5D:A29K:R60N:D96Q:R98D,R5D:A29K:R60N:D96Q:R98D,5
R5D:T7H:R60N:I92C:V109Q,R5D:T7H:R60N:I92C:V109Q,5
L4N:T7H:D61Q:R98D:V107M,L4N:T7H:D61Q:R98D:V107M,5
T7S:G34T:Q47I:D96Q:R98D,T7S:G34T:Q47I:D96Q:R98D,5
T7S:A29K:R60N:D96Q:R98D,T7S:A29K:R60N:D96Q:R98D,5
R5D:T7H:A29K:I92C:V109Q,R5D:T7H:A29K:I92C:V109Q,5
G3E:T7S:G34T:Q47C:V107M,G3E:T7S:G34T:Q47C:V107M,5
T7H:A29H:D61Q:I92C:R98D,T7H:A29H:D61Q:I92C:R98D,5
L4N:R5D:I92C:D96Q:V107M,L4N:R5D:I92C:D96Q:V107M,5
T7S:A29K:G34T:R60N:D96Q,T7S:A29K:G34T:R60N:D96Q,5
R5D:T7H:Q47R:D61Q:V107M,R5D:T7H:Q47R:D61Q:V107M,5
R5D:T7H:A29H:R60N:T113E,R5D:T7H:A29H:R60N:T113E,5
L4N:T7S:A29K:D61Q:V107M,L4N:T7S:A29K:D61Q:V107M,5
R5D:A29H:D61Q:I92C:D96Q,R5D:A29H:D61Q:I92C:D96Q,5
R5D:A29K:G34T:I92C:D96Q,R5D:A29K:G34T:I92C:D96Q,5
T7H:A29K:G34T:R60N:R98D,T7H:A29K:G34T:R60N:R98D,5
L4N:R5D:G34T:D61Q:T113E,L4N:R5D:G34T:D61Q:T113E,5
G3E:T7S:Q47R:R98D:V107M,G3E:T7S:Q47R:R98D:V107M,5
R5D:T7H:A29K:D96Q:T113E,R5D:T7H:A29K:D96Q:T113E,5
G3E:R5D:A29K:R98D:V107M,G3E:R5D:A29K:R98D:V107M,5
L4N:R5D:R60N:R98D:V107M,L4N:R5D:R60N:R98D:V107M,5
R5D:A29H:G34T:Q47V:R98D,R5D:A29H:G34T:Q47V:R98D,5
G3E:R5D:Q47I:R98D:V107M,G3E:R5D:Q47I:R98D:V107M,5
G3E:T7S:G34T:Q47V:T113E,G3E:T7S:G34T:Q47V:T113E,5
R5D:A29H:Q47R:D61Q:I92C,R5D:A29H:Q47R:D61Q:I92C,5
L4N:T7H:A29K:I92C:V107M,L4N:T7H:A29K:I92C:V107M,5
G3E:T7H:A29H:R98D:T113E,G3E:T7H:A29H:R98D:T113E,5
R5D:Q47V:D61Q:D96Q:R98D,R5D:Q47V:D61Q:D96Q:R98D,5
T7H:A29H:D61Q:D96Q:R98D,T7H:A29H:D61Q:D96Q:R98D,5
R5D:A29K:R60N:D61Q:I92C,R5D:A29K:R60N:D61Q:I92C,5
G3E:G34T:R60N:D61Q:R98D,G3E:G34T:R60N:D61Q:R98D,5
G3E:A29H:G34T:D61Q:D96Q,G3E:A29H:G34T:D61Q:D96Q,5
G3E:T7S:A29H:Q47C:V107M,G3E:T7S:A29H:Q47C:V107M,5
L4N:T7H:A29K:D96Q:T113E,L4N:T7H:A29K:D96Q:T113E,5
G3E:T7H:A29H:I92C:V107M,G3E:T7H:A29H:I92C:V107M,5
G3E:T7S:Q47V:D61Q:T113E,G3E:T7S:Q47V:D61Q:T113E,5
G3E:R5D:Q47C:D61Q:V109Q,G3E:R5D:Q47C:D61Q:V109Q,5
R5D:T7H:D61Q:D96Q:V109Q,R5D:T7H:D61Q:D96Q:V109Q,5
R5D:A29K:Q47R:R60N:D61Q,R5D:A29K:Q47R:R60N:D61Q,5
G3E:T7S:G34T:I92C:T113E,G3E:T7S:G34T:I92C:T113E,5
L4N:R5D:G34T:R98D:V107M,L4N:R5D:G34T:R98D:V107M,5
G3E:R5D:G34T:I92C:V109Q,G3E:R5D:G34T:I92C:V109Q,5
L4N:T7H:A29K:Q47R:V107M,L4N:T7H:A29K:Q47R:V107M,5
L4N:T7S:Q47R:R98D:V107M,L4N:T7S:Q47R:R98D:V107M,5
R5D:A29K:Q47R:D61Q:I92C,R5D:A29K:Q47R:D61Q:I92C,5
G3E:R5D:G34T:R60N:V107M,G3E:R5D:G34T:R60N:V107M,5
G3E:R5D:A29K:R60N:V107M,G3E:R5D:A29K:R60N:V107M,5
G3E:T7S:G34T:D61Q:V107M,G3E:T7S:G34T:D61Q:V107M,5
T7S:A29H:G34T:Q47V:R98D,T7S:A29H:G34T:Q47V:R98D,5
R5D:T7S:Q47V:D96Q:T113E,R5D:T7S:Q47V:D96Q:T113E,5
G3E:T7H:D96Q:R98D:V107M,G3E:T7H:D96Q:R98D:V107M,5
L4N:R5D:G34T:D61Q:V107M,L4N:R5D:G34T:D61Q:V107M,5
R5D:G34T:Q47I:D61Q:R98D,R5D:G34T:Q47I:D61Q:R98D,5
G3E:T7S:A29K:R60N:V109Q,G3E:T7S:A29K:R60N:V109Q,5
G3E:A29K:I92C:D96Q:R98D,G3E:A29K:I92C:D96Q:R98D,5
G3E:T7S:G34T:Q47I:V107M,G3E:T7S:G34T:Q47I:V107M,5
G3E:T7S:A29H:D96Q:T113E,G3E:T7S:A29H:D96Q:T113E,5
G3E:T7S:A29H:R98D:V109Q,G3E:T7S:A29H:R98D:V109Q,5
G3E:T7S:A29K:G34T:T113E,G3E:T7S:A29K:G34T:T113E,5
G3E:T7S:G34T:Q47I:T113E,G3E:T7S:G34T:Q47I:T113E,5
R5D:Q47R:D61Q:I92C:R98D,R5D:Q47R:D61Q:I92C:R98D,5
G3E:R5D:Q47R:D61Q:V109Q,G3E:R5D:Q47R:D61Q:V109Q,5
G3E:A29K:G34T:D61Q:I92C,G3E:A29K:G34T:D61Q:I92C,5
G3E:T7S:I92C:D96Q:T113E,G3E:T7S:I92C:D96Q:T113E,5
L4N:R5D:A29K:R98D:V107M,L4N:R5D:A29K:R98D:V107M,5
L4N:T7S:D96Q:R98D:T113E,L4N:T7S:D96Q:R98D:T113E,5
G3E:T7S:A29K:Q47I:V107M,G3E:T7S:A29K:Q47I:V107M,5
L4N:T7S:A29K:D61Q:V109Q,L4N:T7S:A29K:D61Q:V109Q,5
R5D:T7S:A29K:Q47V:T113E,R5D:T7S:A29K:Q47V:T113E,5
G3E:T7H:R60N:D61Q:V109Q,G3E:T7H:R60N:D61Q:V109Q,5
L4N:R5D:A29H:G34T:V109Q,L4N:R5D:A29H:G34T:V109Q,5
G3E:T7H:A29K:R60N:T113E,G3E:T7H:A29K:R60N:T113E,5
G3E:R5D:A29H:Q47R:V109Q,G3E:R5D:A29H:Q47R:V109Q,5
G3E:R5D:Q47R:D61Q:T113E,G3E:R5D:Q47R:D61Q:T113E,5
R5D:T7S:A29K:R98D:V109Q,R5D:T7S:A29K:R98D:V109Q,5
G3E:R5D:A29H:R98D:V109Q,G3E:R5D:A29H:R98D:V109Q,5
G3E:T7S:A29H:Q47V:T113E,G3E:T7S:A29H:Q47V:T113E,5
T7S:Q47V:D61Q:I92C:R98D,T7S:Q47V:D61Q:I92C:R98D,5
R5D:T7S:Q47C:I92C:T113E,R5D:T7S:Q47C:I92C:T113E,5
G3E:T7S:Q47I:D61Q:V109Q,G3E:T7S:Q47I:D61Q:V109Q,5
T7S:Q47R:D61Q:I92C:D96Q,T7S:Q47R:D61Q:I92C:D96Q,5
G3E:T7S:G34T:D96Q:V109Q,G3E:T7S:G34T:D96Q:V109Q,5
R5D:A29H:Q47I:D61Q:R98D,R5D:A29H:Q47I:D61Q:R98D,5
G3E:R5D:D61Q:D96Q:V109Q,G3E:R5D:D61Q:D96Q:V109Q,5
L4N:T7H:A29K:I92C:T113E,L4N:T7H:A29K:I92C:T113E,5
G3E:R5D:G34T:Q47I:T113E,G3E:R5D:G34T:Q47I:T113E,5
G3E:R5D:D61Q:R98D:V109Q,G3E:R5D:D61Q:R98D:V109Q,5
R5D:G34T:Q47I:D96Q:R98D,R5D:G34T:Q47I:D96Q:R98D,5
L4N:T7S:Q47R:D96Q:V107M,L4N:T7S:Q47R:D96Q:V107M,5
R5D:T7S:G34T:Q47C:T113E,R5D:T7S:G34T:Q47C:T113E,5
G3E:R5D:Q47R:I92C:V107M,G3E:R5D:Q47R:I92C:V107M,5
G3E:A29H:G34T:I92C:D96Q,G3E:A29H:G34T:I92C:D96Q,5
G3E:T7S:D61Q:R98D:V109Q,G3E:T7S:D61Q:R98D:V109Q,5
L4N:T7S:R60N:I92C:V107M,L4N:T7S:R60N:I92C:V107M,5
G3E:L4N:A29H:R98D:V107M,G3E:L4N:A29H:R98D:V107M,5
G3E:T7S:A29H:Q47I:T113E,G3E:T7S:A29H:Q47I:T113E,5
L4N:T7S:Q47I:D61Q:T113E,L4N:T7S:Q47I:D61Q:T113E,5
R5D:G34T:Q47R:D96Q:R98D,R5D:G34T:Q47R:D96Q:R98D,5
R5D:T7H:I92C:D96Q:T113E,R5D:T7H:I92C:D96Q:T113E,5
T7S:A29K:Q47I:D61Q:R98D,T7S:A29K:Q47I:D61Q:R98D,5
G3E:T7S:Q47C:D61Q:T113E,G3E:T7S:Q47C:D61Q:T113E,5
R5D:T7S:Q47I:D96Q:T113E,R5D:T7S:Q47I:D96Q:T113E,5
R5D:T7H:Q47R:R98D:V107M,R5D:T7H:Q47R:R98D:V107M,5
T7S:G34T:Q47V:D96Q:R98D,T7S:G34T:Q47V:D96Q:R98D,5
G3E:T7S:R60N:I92C:V107M,G3E:T7S:R60N:I92C:V107M,5
G3E:T7S:D96Q:R98D:T113E,G3E:T7S:D96Q:R98D:T113E,5
T7S:A29H:G34T:R60N:D96Q,T7S:A29H:G34T:R60N:D96Q,5
R5D:T7S:Q47R:R60N:T113E,R5D:T7S:Q47R:R60N:T113E,5
L4N:A29H:G34T:R60N:D61Q,L4N:A29H:G34T:R60N:D61Q,5
L4N:T7S:R60N:D61Q:V107M,L4N:T7S:R60N:D61Q:V107M,5
G3E:T7S:A29H:Q47I:V107M,G3E:T7S:A29H:Q47I:V107M,5
L4N:T7H:A29K:R98D:V109Q,L4N:T7H:A29K:R98D:V109Q,5
R5D:T7H:G34T:R60N:T113E,R5D:T7H:G34T:R60N:T113E,5
R5D:A29K:I92C:D96Q:R98D,R5D:A29K:I92C:D96Q:R98D,5
G3E:T7H:A29K:G34T:V109Q,G3E:T7H:A29K:G34T:V109Q,5
R5D:A29K:R60N:D61Q:D96Q,R5D:A29K:R60N:D61Q:D96Q,5
G3E:T7S:G34T:R60N:T113E,G3E:T7S:G34T:R60N:T113E,5
L4N:A29H:G34T:D61Q:I92C,L4N:A29H:G34T:D61Q:I92C,5
G3E:T7H:A29K:G34T:T113E,G3E:T7H:A29K:G34T:T113E,5
R5D:T7H:A29H:D61Q:V109Q,R5D:T7H:A29H:D61Q:V109Q,5
L4N:R5D:A29H:I92C:T113E,L4N:R5D:A29H:I92C:T113E,5
L4N:T7S:Q47R:I92C:V107M,L4N:T7S:Q47R:I92C:V107M,5
T7S:A29H:Q47C:D61Q:I92C,T7S:A29H:Q47C:D61Q:I92C,5
L4N:T7S:R60N:D61Q:T113E,L4N:T7S:R60N:D61Q:T113E,5
R5D:R60N:D61Q:I92C:D96Q,R5D:R60N:D61Q:I92C:D96Q,5
G3E:L4N:A29H:G34T:V107M,G3E:L4N:A29H:G34T:V107M,5
L4N:R5D:G34T:Q47R:V107M,L4N:R5D:G34T:Q47R:V107M,5
G3E:T7S:R60N:R98D:T113E,G3E:T7S:R60N:R98D:T113E,5
T7S:G34T:Q47R:I92C:D96Q,T7S:G34T:Q47R:I92C:D96Q,5
T7S:A29H:G34T:Q47I:I92C,T7S:A29H:G34T:Q47I:I92C,5
R5D:T7S:Q47V:D61Q:V109Q,R5D:T7S:Q47V:D61Q:V109Q,5
R5D:A29K:G34T:R60N:D96Q,R5D:A29K:G34T:R60N:D96Q,5
T7S:Q47V:D61Q:D96Q:R98D,T7S:Q47V:D61Q:D96Q:R98D,5
L4N:R5D:G34T:Q47R:V109Q,L4N:R5D:G34T:Q47R:V109Q,5
L4N:T7S:Q47V:R98D:V107M,L4N:T7S:Q47V:R98D:V107M,5
T7H:G34T:I92C:D96Q:R98D,T7H:G34T:I92C:D96Q:R98D,5
L4N:R5D:G34T:R60N:T113E,L4N:R5D:G34T:R60N:T113E,5
G3E:T7H:G34T:I92C:V109Q,G3E:T7H:G34T:I92C:V109Q,5
G3E:R5D:I92C:R98D:V109Q,G3E:R5D:I92C:R98D:V109Q,5
T7S:A29K:R60N:D61Q:D96Q,T7S:A29K:R60N:D61Q:D96Q,5
L4N:T7S:A29H:Q47V:T113E,L4N:T7S:A29H:Q47V:T113E,5
L4N:T7H:A29K:D96Q:V107M,L4N:T7H:A29K:D96Q:V107M,5
T7H:A29H:G34T:D96Q:R98D,T7H:A29H:G34T:D96Q:R98D,5
R5D:T7H:A29K:R60N:T113E,R5D:T7H:A29K:R60N:T113E,5
G3E:R5D:G34T:Q47R:V107M,G3E:R5D:G34T:Q47R:V107M,5
R5D:A29H:G34T:Q47R:D96Q,R5D:A29H:G34T:Q47R:D96Q,5
G3E:R5D:A29H:Q47R:T113E,G3E:R5D:A29H:Q47R:T113E,5
T7H:A29H:G34T:I92C:R98D,T7H:A29H:G34T:I92C:R98D,5
L4N:R5D:R60N:D61Q:V107M,L4N:R5D:R60N:D61Q:V107M,5
G3E:T7H:I92C:R98D:V107M,G3E:T7H:I92C:R98D:V107M,5
T7H:A29K:G34T:D61Q:D96Q,T7H:A29K:G34T:D61Q:D96Q,5
G3E:T7S:Q47I:R98D:V107M,G3E:T7S:Q47I:R98D:V107M,5
L4N:T7H:A29H:G34T:V107M,L4N:T7H:A29H:G34T:V107M,5
L4N:A29H:R60N:D61Q:R98D,L4N:A29H:R60N:D61Q:R98D,5
G3E:T7S:A29K:D96Q:T113E,G3E:T7S:A29K:D96Q:T113E,5
R5D:T7S:Q47R:R60N:V107M,R5D:T7S:Q47R:R60N:V107M,5
L4N:T7H:A29K:R60N:T113E,L4N:T7H:A29K:R60N:T113E,5
G3E:T7S:D61Q:D96Q:V107M,G3E:T7S:D61Q:D96Q:V107M,5
G3E:T7S:Q47R:D61Q:V109Q,G3E:T7S:Q47R:D61Q:V109Q,5
T7S:A29K:G34T:Q47R:D96Q,T7S:A29K:G34T:Q47R:D96Q,5
G3E:R5D:Q47R:R98D:T113E,G3E:R5D:Q47R:R98D:T113E,5
L4N:R5D:D61Q:R98D:V109Q,L4N:R5D:D61Q:R98D:V109Q,5
T7H:A29K:G34T:D61Q:I92C,T7H:A29K:G34T:D61Q:I92C,5
G3E:T7S:A29K:Q47R:V107M,G3E:T7S:A29K:Q47R:V107M,5
T7S:A29K:Q47R:R60N:D61Q,T7S:A29K:Q47R:R60N:D61Q,5
G3E:T7S:A29K:Q47R:T113E,G3E:T7S:A29K:Q47R:T113E,5
G3E:A29H:G34T:I92C:R98D,G3E:A29H:G34T:I92C:R98D,5
G3E:A29H:R60N:D61Q:R98D,G3E:A29H:R60N:D61Q:R98D,5
R5D:T7H:A29H:G34T:V109Q,R5D:T7H:A29H:G34T:V109Q,5
G3E:R5D:G34T:D96Q:V109Q,G3E:R5D:G34T:D96Q:V109Q,5
R5D:T7S:Q47I:I92C:T113E,R5D:T7S:Q47I:I92C:T113E,5
R5D:T7H:G34T:I92C:V109Q,R5D:T7H:G34T:I92C:V109Q,5
R5D:A29K:D61Q:I92C:D96Q,R5D:A29K:D61Q:I92C:D96Q,5
T7S:G34T:Q47I:D61Q:D96Q,T7S:G34T:Q47I:D61Q:D96Q,5
L4N:R5D:A29H:D96Q:T113E,L4N:R5D:A29H:D96Q:T113E,5
R5D:A29K:Q47V:D61Q:R98D,R5D:A29K:Q47V:D61Q:R98D,5
R5D:G34T:Q47V:D96Q:R98D,R5D:G34T:Q47V:D96Q:R98D,5
G3E:L4N:G34T:D61Q:V107M,G3E:L4N:G34T:D61Q:V107M,5
L4N:R5D:G34T:Q47I:T113E,L4N:R5D:G34T:Q47I:T113E,5
G3E:T7S:Q47V:R98D:T113E,G3E:T7S:Q47V:R98D:T113E,5
T7S:A29H:Q47R:D61Q:D96Q,T7S:A29H:Q47R:D61Q:D96Q,5
R5D:A29K:G34T:Q47C:D61Q,R5D:A29K:G34T:Q47C:D61Q,5
R5D:T7H:R60N:I92C:T113E,R5D:T7H:R60N:I92C:T113E,5
G3E:R5D:R60N:D96Q:V107M,G3E:R5D:R60N:D96Q:V107M,5
R5D:T7H:A29H:R60N:V109Q,R5D:T7H:A29H:R60N:V109Q,5
R5D:T7S:Q47C:D96Q:V107M,R5D:T7S:Q47C:D96Q:V107M,5
G3E:D61Q:I92C:D96Q:R98D,G3E:D61Q:I92C:D96Q:R98D,5
L4N:T7H:D61Q:I92C:V107M,L4N:T7H:D61Q:I92C:V107M,5
R5D:T7S:R60N:R98D:V109Q,R5D:T7S:R60N:R98D:V109Q,5
L4N:R5D:D61Q:D96Q:V107M,L4N:R5D:D61Q:D96Q:V107M,5
R5D:A29H:R60N:I92C:R98D,R5D:A29H:R60N:I92C:R98D,5
T7H:A29H:I92C:D96Q:R98D,T7H:A29H:I92C:D96Q:R98D,5
L4N:T7S:D61Q:I92C:V109Q,L4N:T7S:D61Q:I92C:V109Q,5
L4N:T7S:Q47R:R98D:T113E,L4N:T7S:Q47R:R98D:T113E,5
L4N:T7S:A29H:D96Q:V107M,L4N:T7S:A29H:D96Q:V107M,5
T7H:A29H:G34T:D61Q:D96Q,T7H:A29H:G34T:D61Q:D96Q,5
G3E:T7S:G34T:D96Q:V107M,G3E:T7S:G34T:D96Q:V107M,5
T7H:G34T:R60N:D96Q:R98D,T7H:G34T:R60N:D96Q:R98D,5
L4N:T7S:D96Q:R98D:V107M,L4N:T7S:D96Q:R98D:V107M,5
G3E:R5D:G34T:Q47I:V107M,G3E:R5D:G34T:Q47I:V107M,5
G3E:A29K:D61Q:I92C:R98D,G3E:A29K:D61Q:I92C:R98D,5
G3E:T7S:G34T:R60N:V107M,G3E:T7S:G34T:R60N:V107M,5
T7S:A29H:Q47R:I92C:D96Q,T7S:A29H:Q47R:I92C:D96Q,5
R5D:A29H:Q47R:D61Q:R98D,R5D:A29H:Q47R:D61Q:R98D,5
G3E:R5D:A29H:Q47V:T113E,G3E:R5D:A29H:Q47V:T113E,5
T7S:A29K:Q47V:D61Q:R98D,T7S:A29K:Q47V:D61Q:R98D,5
L4N:R5D:D61Q:D96Q:T113E,L4N:R5D:D61Q:D96Q:T113E,5
L4N:T7S:R60N:D96Q:T113E,L4N:T7S:R60N:D96Q:T113E,5
T7S:A29K:G34T:Q47V:R98D,T7S:A29K:G34T:Q47V:R98D,5
R5D:T7H:G34T:Q47R:V107M,R5D:T7H:G34T:Q47R:V107M,5
G3E:R5D:A29H:Q47I:T113E,G3E:R5D:A29H:Q47I:T113E,5
R5D:T7H:A29H:D96Q:V109Q,R5D:T7H:A29H:D96Q:V109Q,5
R5D:T7H:G34T:D96Q:V109Q,R5D:T7H:G34T:D96Q:V109Q,5
T7H:A29K:G34T:D61Q:R98D,T7H:A29K:G34T:D61Q:R98D,5
G3E:T7S:A29H:D96Q:V109Q,G3E:T7S:A29H:D96Q:V109Q,5
R5D:A29K:G34T:Q47R:R60N,R5D:A29K:G34T:Q47R:R60N,5
R5D:A29K:R60N:I92C:R98D,R5D:A29K:R60N:I92C:R98D,5
R5D:Q47R:D61Q:D96Q:R98D,R5D:Q47R:D61Q:D96Q:R98D,5
R5D:T7S:A29H:Q47C:V109Q,R5D:T7S:A29H:Q47C:V109Q,5
L4N:R5D:I92C:R98D:T113E,L4N:R5D:I92C:R98D:T113E,5
L4N:T7H:A29H:G34T:V109Q,L4N:T7H:A29H:G34T:V109Q,5
T7H:R60N:D61Q:D96Q:R98D,T7H:R60N:D61Q:D96Q:R98D,5
R5D:T7H:A29H:I92C:V109Q,R5D:T7H:A29H:I92C:V109Q,5
G3E:T7H:A29K:D61Q:V109Q,G3E:T7H:A29K:D61Q:V109Q,5
L4N:T7H:G34T:D61Q:V107M,L4N:T7H:G34T:D61Q:V107M,5
G3E:T7H:A29H:R60N:V107M,G3E:T7H:A29H:R60N:V107M,5
R5D:T7H:A29H:Q47R:T113E,R5D:T7H:A29H:Q47R:T113E,5
L4N:T7H:G34T:D61Q:T113E,L4N:T7H:G34T:D61Q:T113E,5
G3E:T7S:Q47I:R98D:T113E,G3E:T7S:Q47I:R98D:T113E,5
R5D:A29K:Q47I:D96Q:R98D,R5D:A29K:Q47I:D96Q:R98D,5
G3E:L4N:D61Q:I92C:T113E,G3E:L4N:D61Q:I92C:T113E,5
L4N:T7S:D61Q:D96Q:V109Q,L4N:T7S:D61Q:D96Q:V109Q,5
G3E:T7S:Q47I:I92C:V107M,G3E:T7S:Q47I:I92C:V107M,5
G3E:T7S:A29H:I92C:T113E,G3E:T7S:A29H:I92C:T113E,5
G3E:T7S:I92C:D96Q:V109Q,G3E:T7S:I92C:D96Q:V109Q,5
G3E:L4N:A29K:G34T:V107M,G3E:L4N:A29K:G34T:V107M,5
G3E:L4N:A29H:R60N:V107M,G3E:L4N:A29H:R60N:V107M,5
R5D:A29K:G34T:D96Q:R98D,R5D:A29K:G34T:D96Q:R98D,5
L4N:A29H:G34T:D61Q:R98D,L4N:A29H:G34T:D61Q:R98D,5
G3E:A29H:D61Q:I92C:D96Q,G3E:A29H:D61Q:I92C:D96Q,5
G3E:R5D:Q47C:D61Q:V107M,G3E:R5D:Q47C:D61Q:V107M,5
T7S:G34T:Q47C:D96Q:R98D,T7S:G34T:Q47C:D96Q:R98D,5
L4N:T7H:A29K:Q47R:V109Q,L4N:T7H:A29K:Q47R:V109Q,5
T7S:G34T:Q47I:D61Q:I92C,T7S:G34T:Q47I:D61Q:I92C,5
G3E:T7S:G34T:Q47V:V109Q,G3E:T7S:G34T:Q47V:V109Q,5
R5D:A29K:G34T:Q47I:R98D,R5D:A29K:G34T:Q47I:R98D,5
T7S:Q47C:D61Q:I92C:R98D,T7S:Q47C:D61Q:I92C:R98D,5
R5D:T7H:Q47R:D61Q:T113E,R5D:T7H:Q47R:D61Q:T113E,5
L4N:R5D:G34T:I92C:V107M,L4N:R5D:G34T:I92C:V107M,5
T7H:G34T:R60N:D61Q:D96Q,T7H:G34T:R60N:D61Q:D96Q,5
L4N:T7S:A29H:Q47C:V107M,L4N:T7S:A29H:Q47C:V107M,5
T7S:A29K:G34T:R60N:I92C,T7S:A29K:G34T:R60N:I92C,5
L4N:T7S:G34T:Q47R:T113E,L4N:T7S:G34T:Q47R:T113E,5
L4N:T7S:G34T:D96Q:V107M,L4N:T7S:G34T:D96Q:V107M,5
G3E:R5D:R60N:D96Q:T113E,G3E:R5D:R60N:D96Q:T113E,5
L4N:R5D:A29H:I92C:V109Q,L4N:R5D:A29H:I92C:V109Q,5
G3E:T7S:R60N:I92C:V109Q,G3E:T7S:R60N:I92C:V109Q,5
G3E:A29K:Q47R:D61Q:I92C,G3E:A29K:Q47R:D61Q:I92C,5
G3E:G34T:Q47R:D61Q:R98D,G3E:G34T:Q47R:D61Q:R98D,5
R5D:T7S:Q47C:R98D:V109Q,R5D:T7S:Q47C:R98D:V109Q,5
L4N:T7S:G34T:Q47I:T113E,L4N:T7S:G34T:Q47I:T113E,5
L4N:T7S:Q47R:I92C:V109Q,L4N:T7S:Q47R:I92C:V109Q,5
L4N:T7S:G34T:R98D:V109Q,L4N:T7S:G34T:R98D:V109Q,5
G3E:T7S:R60N:I92C:T113E,G3E:T7S:R60N:I92C:T113E,5
R5D:A29H:Q47V:D61Q:R98D,R5D:A29H:Q47V:D61Q:R98D,5
G3E:T7H:A29H:D96Q:V107M,G3E:T7H:A29H:D96Q:V107M,5
L4N:T7S:Q47V:I92C:V107M,L4N:T7S:Q47V:I92C:V107M,5
T7S:Q47C:I92C:D96Q:R98D,T7S:Q47C:I92C:D96Q:R98D,5
R5D:Q47R:I92C:D96Q:R98D,R5D:Q47R:I92C:D96Q:R98D,5
L4N:R5D:T7H:V107M:T113E,L4N:R5D:T7H:V107M:T113E,5
R5D:G34T:Q47C:D61Q:R98D,R5D:G34T:Q47C:D61Q:R98D,5
G3E:T7S:A29K:Q47V:T113E,G3E:T7S:A29K:Q47V:T113E,5
R5D:T7H:Q47R:D61Q:V109Q,R5D:T7H:Q47R:D61Q:V109Q,5
G3E:R5D:Q47I:D61Q:V109Q,G3E:R5D:Q47I:D61Q:V109Q,5
G3E:R5D:G34T:Q47C:V107M,G3E:R5D:G34T:Q47C:V107M,5
R5D:T7S:Q47V:I92C:T113E,R5D:T7S:Q47V:I92C:T113E,5
G3E:L4N:G34T:I92C:V107M,G3E:L4N:G34T:I92C:V107M,5
T7H:G34T:R60N:D61Q:I92C,T7H:G34T:R60N:D61Q:I92C,5
L4N:A29H:G34T:I92C:D96Q,L4N:A29H:G34T:I92C:D96Q,5
T7S:A29H:Q47V:D96Q:R98D,T7S:A29H:Q47V:D96Q:R98D,5
G3E:T7H:A29K:I92C:T113E,G3E:T7H:A29K:I92C:T113E,5
G3E:R5D:Q47C:R98D:V107M,G3E:R5D:Q47C:R98D:V107M,5
L4N:T7S:A29K:G34T:T113E,L4N:T7S:A29K:G34T:T113E,5
R5D:T7S:Q47C:D96Q:T113E,R5D:T7S:Q47C:D96Q:T113E,5
G3E:T7S:Q47V:D61Q:V107M,G3E:T7S:Q47V:D61Q:V107M,5
L4N:T7S:A29H:Q47R:T113E,L4N:T7S:A29H:Q47R:T113E,5
L4N:R5D:A29H:Q47R:T113E,L4N:R5D:A29H:Q47R:T113E,5
G3E:R5D:R60N:R98D:T113E,G3E:R5D:R60N:R98D:T113E,5
G3E:R5D:A29K:R60N:T113E,G3E:R5D:A29K:R60N:T113E,5
G3E:A29K:D61Q:I92C:D96Q,G3E:A29K:D61Q:I92C:D96Q,5
G3E:T7S:Q47R:D96Q:V107M,G3E:T7S:Q47R:D96Q:V107M,5
G3E:T7S:G34T:Q47V:V107M,G3E:T7S:G34T:Q47V:V107M,5
G3E:T7H:G34T:D61Q:T113E,G3E:T7H:G34T:D61Q:T113E,5
G3E:T7S:Q47R:I92C:T113E,G3E:T7S:Q47R:I92C:T113E,5
T7S:A29H:Q47I:D61Q:I92C,T7S:A29H:Q47I:D61Q:I92C,5
G3E:R60N:D61Q:I92C:R98D,G3E:R60N:D61Q:I92C:R98D,5
R5D:A29K:G34T:Q47I:D61Q,R5D:A29K:G34T:Q47I:D61Q,5
G3E:A29K:G34T:D61Q:D96Q,G3E:A29K:G34T:D61Q:D96Q,5
R5D:T7H:A29H:Q47R:V109Q,R5D:T7H:A29H:Q47R:V109Q,5
R5D:A29K:Q47R:D61Q:D96Q,R5D:A29K:Q47R:D61Q:D96Q,5
G3E:A29H:G34T:R60N:R98D,G3E:A29H:G34T:R60N:R98D,5
L4N:T7S:A29K:R60N:V107M,L4N:T7S:A29K:R60N:V107M,5
L4N:R5D:Q47R:I92C:V107M,L4N:R5D:Q47R:I92C:V107M,5
T7H:A29K:G34T:I92C:R98D,T7H:A29K:G34T:I92C:R98D,5
L4N:T7H:I92C:R98D:V107M,L4N:T7H:I92C:R98D:V107M,5
G3E:R5D:A29K:Q47I:V107M,G3E:R5D:A29K:Q47I:V107M,5
R5D:T7H:A29K:Q47R:T113E,R5D:T7H:A29K:Q47R:T113E,5
L4N:T7S:G34T:D96Q:T113E,L4N:T7S:G34T:D96Q:T113E,5
G3E:A29H:G34T:R60N:I92C,G3E:A29H:G34T:R60N:I92C,5
L4N:A29H:G34T:I92C:R98D,L4N:A29H:G34T:I92C:R98D,5
L4N:R5D:G34T:D96Q:V107M,L4N:R5D:G34T:D96Q:V107M,5
L4N:T7H:R60N:R98D:V107M,L4N:T7H:R60N:R98D:V107M,5
R5D:R60N:D61Q:I92C:R98D,R5D:R60N:D61Q:I92C:R98D,5
G3E:T7H:R60N:D61Q:V107M,G3E:T7H:R60N:D61Q:V107M,5
G3E:T7S:A29K:Q47V:V109Q,G3E:T7S:A29K:Q47V:V109Q,5
G3E:T7H:A29H:I92C:T113E,G3E:T7H:A29H:I92C:T113E,5
T7S:G34T:Q47R:D61Q:D96Q,T7S:G34T:Q47R:D61Q:D96Q,5
G3E:T7H:G34T:R98D:T113E,G3E:T7H:G34T:R98D:T113E,5
R5D:T7S:A29K:Q47V:V109Q,R5D:T7S:A29K:Q47V:V109Q,5
G3E:R5D:A29K:I92C:T113E,G3E:R5D:A29K:I92C:T113E,5
L4N:T7S:A29H:Q47V:V107M,L4N:T7S:A29H:Q47V:V107M,5
L4N:R5D:G34T:Q47R:T113E,L4N:R5D:G34T:Q47R:T113E,5
L4N:R5D:Q47R:D61Q:T113E,L4N:R5D:Q47R:D61Q:T113E,5
G3E:T7S:Q47I:D61Q:V107M,G3E:T7S:Q47I:D61Q:V107M,5
L4N:T7H:A29H:R98D:T113E,L4N:T7H:A29H:R98D:T113E,5
L4N:T7H:A29K:R60N:V107M,L4N:T7H:A29K:R60N:V107M,5
G3E:T7S:R60N:D96Q:T113E,G3E:T7S:R60N:D96Q:T113E,5
L4N:G34T:R60N:D61Q:R98D,L4N:G34T:R60N:D61Q:R98D,5
L4N:T7H:A29K:I92C:V109Q,L4N:T7H:A29K:I92C:V109Q,5
L4N:T7S:R60N:I92C:V109Q,L4N:T7S:R60N:I92C:V109Q,5
G3E:L4N:A29H:D61Q:V107M,G3E:L4N:A29H:D61Q:V107M,5
T7H:A29K:G34T:Q47R:R98D,T7H:A29K:G34T:Q47R:R98D,5
T7H:A29K:G34T:D96Q:R98D,T7H:A29K:G34T:D96Q:R98D,5
G3E:R5D:Q47I:I92C:V107M,G3E:R5D:Q47I:I92C:V107M,5
G3E:R5D:A29K:Q47C:V109Q,G3E:R5D:A29K:Q47C:V109Q,5
R5D:T7H:G34T:Q47I:T113E,R5D:T7H:G34T:Q47I:T113E,5
G3E:A29H:I92C:D96Q:R98D,G3E:A29H:I92C:D96Q:R98D,5
R5D:G34T:Q47I:D61Q:D96Q,R5D:G34T:Q47I:D61Q:D96Q,5
L4N:R5D:D61Q:R98D:T113E,L4N:R5D:D61Q:R98D:T113E,5
L4N:T7S:G34T:Q47R:V109Q,L4N:T7S:G34T:Q47R:V109Q,5
R5D:A29K:G34T:Q47V:D61Q,R5D:A29K:G34T:Q47V:D61Q,5
G3E:R5D:Q47V:I92C:V107M,G3E:R5D:Q47V:I92C:V107M,5
L4N:R5D:G34T:R98D:T113E,L4N:R5D:G34T:R98D:T113E,5
R5D:A29K:Q47I:D61Q:I92C,R5D:A29K:Q47I:D61Q:I92C,5
G3E:T7H:I92C:R98D:T113E,G3E:T7H:I92C:R98D:T113E,5
G3E:T7H:A29K:D96Q:T113E,G3E:T7H:A29K:D96Q:T113E,5
L4N:T7S:Q47R:D96Q:T113E,L4N:T7S:Q47R:D96Q:T113E,5
L4N:T7S:A29H:Q47C:V109Q,L4N:T7S:A29H:Q47C:V109Q,5
R5D:G34T:Q47C:D61Q:D96Q,R5D:G34T:Q47C:D61Q:D96Q,5
G3E:A29H:G34T:Q47V:D61Q,G3E:A29H:G34T:Q47V:D61Q,5
G3E:R5D:Q47V:D61Q:V109Q,G3E:R5D:Q47V:D61Q:V109Q,5
G3E:R5D:D96Q:R98D:V109Q,G3E:R5D:D96Q:R98D:V109Q,5
R5D:A29H:Q47C:D61Q:I92C,R5D:A29H:Q47C:D61Q:I92C,5
G3E:R5D:G34T:Q47C:T113E,G3E:R5D:G34T:Q47C:T113E,5
G3E:R5D:Q47V:R98D:V107M,G3E:R5D:Q47V:R98D:V107M,5
G3E:L4N:I92C:R98D:V107M,G3E:L4N:I92C:R98D:V107M,5
T7S:A29K:R60N:I92C:D96Q,T7S:A29K:R60N:I92C:D96Q,5
R5D:T7H:A29K:R60N:V109Q,R5D:T7H:A29K:R60N:V109Q,5
R5D:T7S:A29K:Q47I:T113E,R5D:T7S:A29K:Q47I:T113E,5
G3E:A29H:G34T:Q47C:D61Q,G3E:A29H:G34T:Q47C:D61Q,5
L4N:T7H:A29H:D96Q:V107M,L4N:T7H:A29H:D96Q:V107M,5
L4N:R5D:G34T:I92C:T113E,L4N:R5D:G34T:I92C:T113E,5
G3E:R5D:G34T:R98D:V109Q,G3E:R5D:G34T:R98D:V109Q,5
L4N:T7S:G34T:I92C:T113E,L4N:T7S:G34T:I92C:T113E,5
T7S:A29K:Q47R:D61Q:D96Q,T7S:A29K:Q47R:D61Q:D96Q,5
L4N:R5D:D61Q:D96Q:V109Q,L4N:R5D:D61Q:D96Q:V109Q,5
L4N:T7S:A29H:R60N:T113E,L4N:T7S:A29H:R60N:T113E,5
R5D:T7H:Q47R:I92C:T113E,R5D:T7H:Q47R:I92C:T113E,5
L4N:T7S:Q47R:D61Q:V109Q,L4N:T7S:Q47R:D61Q:V109Q,5
G3E:T7H:D61Q:R98D:V109Q,G3E:T7H:D61Q:R98D:V109Q,5
G3E:R5D:Q47R:R98D:V107M,G3E:R5D:Q47R:R98D:V107M,5
G3E:T7S:Q47R:I92C:V107M,G3E:T7S:Q47R:I92C:V107M,5
G3E:R5D:A29H:Q47I:V109Q,G3E:R5D:A29H:Q47I:V109Q,5
G3E:L4N:R60N:D61Q:V109Q,G3E:L4N:R60N:D61Q:V109Q,5
G3E:R5D:A29K:Q47V:V107M,G3E:R5D:A29K:Q47V:V107M,5
G3E:T7S:A29K:Q47I:T113E,G3E:T7S:A29K:Q47I:T113E,5
L4N:R5D:D61Q:I92C:T113E,L4N:R5D:D61Q:I92C:T113E,5
L4N:T7S:Q47C:D61Q:T113E,L4N:T7S:Q47C:D61Q:T113E,5
G3E:L4N:A29H:D61Q:V109Q,G3E:L4N:A29H:D61Q:V109Q,5
G3E:T7H:A29K:R98D:T113E,G3E:T7H:A29K:R98D:T113E,5
G3E:R5D:Q47I:D96Q:V107M,G3E:R5D:Q47I:D96Q:V107M,5
T7S:G34T:Q47V:D61Q:D96Q,T7S:G34T:Q47V:D61Q:D96Q,5
L4N:R5D:R60N:D61Q:V109Q,L4N:R5D:R60N:D61Q:V109Q,5
R5D:A29H:G34T:Q47C:R98D,R5D:A29H:G34T:Q47C:R98D,5
L4N:R5D:I92C:D96Q:V109Q,L4N:R5D:I92C:D96Q:V109Q,5
G3E:T7S:D96Q:R98D:V109Q,G3E:T7S:D96Q:R98D:V109Q,5
L4N:T7S:Q47C:R98D:V107M,L4N:T7S:Q47C:R98D:V107M,5
L4N:R5D:Q47R:D61Q:V107M,L4N:R5D:Q47R:D61Q:V107M,5
G3E:T7H:A29K:I92C:V109Q,G3E:T7H:A29K:I92C:V109Q,5
R5D:T7H:G34T:Q47R:T113E,R5D:T7H:G34T:Q47R:T113E,5
L4N:T7H:A29H:I92C:T113E,L4N:T7H:A29H:I92C:T113E,5
R5D:G34T:Q47V:D61Q:I92C,R5D:G34T:Q47V:D61Q:I92C,5
G3E:A29H:D61Q:I92C:R98D,G3E:A29H:D61Q:I92C:R98D,5
G3E:A29K:G34T:I92C:R98D,G3E:A29K:G34T:I92C:R98D,5
R5D:T7S:Q47I:R60N:V107M,R5D:T7S:Q47I:R60N:V107M,5
L4N:T7S:I92C:R98D:V109Q,L4N:T7S:I92C:R98D:V109Q,5
L4N:T7S:Q47V:D61Q:V107M,L4N:T7S:Q47V:D61Q:V107M,5
G3E:T7H:Q47R:I92C:V107M,G3E:T7H:Q47R:I92C:V107M,5
G3E:L4N:D61Q:R98D:V107M,G3E:L4N:D61Q:R98D:V107M,5
G3E:T7S:A29H:Q47I:V109Q,G3E:T7S:A29H:Q47I:V109Q,5
L4N:R5D:A29K:D61Q:V109Q,L4N:R5D:A29K:D61Q:V109Q,5
L4N:R5D:A29K:I92C:V107M,L4N:R5D:A29K:I92C:V107M,5
L4N:T7S:G34T:Q47I:V107M,L4N:T7S:G34T:Q47I:V107M,5
R5D:T7H:Q47I:D61Q:T113E,R5D:T7H:Q47I:D61Q:T113E,5
L4N:A29H:G34T:D96Q:R98D,L4N:A29H:G34T:D96Q:R98D,5
R5D:G34T:Q47C:D61Q:I92C,R5D:G34T:Q47C:D61Q:I92C,5
R5D:A29K:Q47R:I92C:R98D,R5D:A29K:Q47R:I92C:R98D,5
R5D:T7H:Q47R:I92C:V109Q,R5D:T7H:Q47R:I92C:V109Q,5
L4N:T7S:R60N:D96Q:V107M,L4N:T7S:R60N:D96Q:V107M,5
R5D:A29H:Q47C:D96Q:R98D,R5D:A29H:Q47C:D96Q:R98D,5
R5D:G34T:Q47R:R60N:R98D,R5D:G34T:Q47R:R60N:R98D,5
R5D:T7S:A29K:Q47I:V109Q,R5D:T7S:A29K:Q47I:V109Q,5
L4N:T7S:D61Q:R98D:V109Q,L4N:T7S:D61Q:R98D:V109Q,5
R5D:T7H:G34T:Q47V:T113E,R5D:T7H:G34T:Q47V:T113E,5
G3E:T7H:G34T:I92C:V107M,G3E:T7H:G34T:I92C:V107M,5
T7S:A29H:G34T:Q47C:R98D,T7S:A29H:G34T:Q47C:R98D,5
R5D:T7S:Q47R:R60N:V109Q,R5D:T7S:Q47R:R60N:V109Q,5
T7S:A29K:G34T:Q47C:D96Q,T7S:A29K:G34T:Q47C:D96Q,5
L4N:T7S:A29H:Q47I:V109Q,L4N:T7S:A29H:Q47I:V109Q,5
R5D:T7S:A29K:Q47C:V109Q,R5D:T7S:A29K:Q47C:V109Q,5
G3E:T7S:I92C:R98D:V109Q,G3E:T7S:I92C:R98D:V109Q,5
R5D:A29K:Q47V:D61Q:D96Q,R5D:A29K:Q47V:D61Q:D96Q,5
G3E:A29K:G34T:Q47V:D61Q,G3E:A29K:G34T:Q47V:D61Q,5
G3E:A29H:G34T:Q47R:R98D,G3E:A29H:G34T:Q47R:R98D,5
R5D:G34T:R60N:I92C:D96Q,R5D:G34T:R60N:I92C:D96Q,5
L4N:R5D:A29H:Q47R:V107M,L4N:R5D:A29H:Q47R:V107M,5
T7S:G34T:Q47C:D61Q:I92C,T7S:G34T:Q47C:D61Q:I92C,5
G3E:T7H:Q47R:D61Q:V107M,G3E:T7H:Q47R:D61Q:V107M,5
L4N:R5D:D61Q:I92C:V109Q,L4N:R5D:D61Q:I92C:V109Q,5
G3E:L4N:A29H:I92C:V107M,G3E:L4N:A29H:I92C:V107M,5
G3E:T7H:R60N:D61Q:T113E,G3E:T7H:R60N:D61Q:T113E,5
R5D:A29H:R60N:I92C:D96Q,R5D:A29H:R60N:I92C:D96Q,5
G3E:T7H:D61Q:D96Q:T113E,G3E:T7H:D61Q:D96Q:T113E,5
T7S:A29H:Q47I:D96Q:R98D,T7S:A29H:Q47I:D96Q:R98D,5
L4N:G34T:D61Q:I92C:R98D,L4N:G34T:D61Q:I92C:R98D,5
R5D:T7H:Q47R:R98D:T113E,R5D:T7H:Q47R:R98D:T113E,5
L4N:R5D:R60N:R98D:T113E,L4N:R5D:R60N:R98D:T113E,5
G3E:T7S:A29K:Q47C:V109Q,G3E:T7S:A29K:Q47C:V109Q,5
L4N:R5D:A29K:D96Q:V107M,L4N:R5D:A29K:D96Q:V107M,5
L4N:T7H:A29K:Q47R:T113E,L4N:T7H:A29K:Q47R:T113E,5
L4N:T7S:A29H:Q47I:V107M,L4N:T7S:A29H:Q47I:V107M,5
G3E:T7H:A29H:D96Q:T113E,G3E:T7H:A29H:D96Q:T113E,5
G3E:A29K:G34T:R60N:D61Q,G3E:A29K:G34T:R60N:D61Q,5
L4N:R5D:A29K:Q47R:T113E,L4N:R5D:A29K:Q47R:T113E,5
L4N:R5D:A29K:D61Q:V107M,L4N:R5D:A29K:D61Q:V107M,5
R5D:T7H:A29K:Q47R:V107M,R5D:T7H:A29K:Q47R:V107M,5
G3E:T7H:A29K:I92C:V107M,G3E:T7H:A29K:I92C:V107M,5
R5D:T7H:Q47V:D61Q:V107M,R5D:T7H:Q47V:D61Q:V107M,5
G3E:T7H:D61Q:D96Q:V107M,G3E:T7H:D61Q:D96Q:V107M,5
L4N:T7S:A29H:Q47R:V109Q,L4N:T7S:A29H:Q47R:V109Q,5
L4N:T7S:A29K:G34T:V109Q,L4N:T7S:A29K:G34T:V109Q,5
L4N:T7H:A29H:R60N:V107M,L4N:T7H:A29H:R60N:V107M,5
L4N:T7S:Q47R:I92C:T113E,L4N:T7S:Q47R:I92C:T113E,5
T7S:G34T:Q47R:R60N:R98D,T7S:G34T:Q47R:R60N:R98D,5
R5D:A29K:G34T:Q47C:R98D,R5D:A29K:G34T:Q47C:R98D,5
R5D:A29H:Q47R:D61Q:D96Q,R5D:A29H:Q47R:D61Q:D96Q,5
G3E:R5D:A29K:Q47V:V109Q,G3E:R5D:A29K:Q47V:V109Q,5
L4N:T7S:Q47V:D61Q:T113E,L4N:T7S:Q47V:D61Q:T113E,5
T7H:G34T:R60N:I92C:R98D,T7H:G34T:R60N:I92C:R98D,5
L4N:T7S:Q47C:I92C:V107M,L4N:T7S:Q47C:I92C:V107M,5
T7S:A29H:G34T:Q47V:D96Q,T7S:A29H:G34T:Q47V:D96Q,5
L4N:T7H:A29H:D61Q:V109Q,L4N:T7H:A29H:D61Q:V109Q,5
L4N:T7S:A29K:I92C:T113E,L4N:T7S:A29K:I92C:T113E,5
L4N:R5D:A29K:I92C:V109Q,L4N:R5D:A29K:I92C:V109Q,5
G3E:R5D:G34T:Q47V:T113E,G3E:R5D:G34T:Q47V:T113E,5
L4N:T7S:G34T:Q47V:V109Q,L4N:T7S:G34T:Q47V:V109Q,5
G3E:R5D:Q47I:I92C:T113E,G3E:R5D:Q47I:I92C:T113E,5
G3E:L4N:A29H:R98D:T113E,G3E:L4N:A29H:R98D:T113E,5
G3E:T7S:Q47R:I92C:V109Q,G3E:T7S:Q47R:I92C:V109Q,5
T7H:A29H:G34T:Q47R:D61Q,T7H:A29H:G34T:Q47R:D61Q,5
L4N:T7H:D96Q:R98D:V107M,L4N:T7H:D96Q:R98D:V107M,5
G3E:T7H:D61Q:I92C:T113E,G3E:T7H:D61Q:I92C:T113E,5
G3E:G34T:Q47R:D61Q:I92C,G3E:G34T:Q47R:D61Q:I92C,5
L4N:T7H:G34T:R98D:T113E,L4N:T7H:G34T:R98D:T113E,5
L4N:G34T:Q47R:D61Q:R98D,L4N:G34T:Q47R:D61Q:R98D,5
T7H:A29K:I92C:D96Q:R98D,T7H:A29K:I92C:D96Q:R98D,5
R5D:G34T:Q47V:D61Q:R98D,R5D:G34T:Q47V:D61Q:R98D,5
T7H:A29H:G34T:Q47R:R98D,T7H:A29H:G34T:Q47R:R98D,5
G3E:R5D:Q47R:D96Q:V107M,G3E:R5D:Q47R:D96Q:V107M,5
G3E:A29K:G34T:Q47I:D61Q,G3E:A29K:G34T:Q47I:D61Q,5
L4N:R5D:A29K:G34T:V109Q,L4N:R5D:A29K:G34T:V109Q,5
R5D:T7H:G34T:Q47R:V109Q,R5D:T7H:G34T:Q47R:V109Q,5
R5D:A29H:Q47I:D61Q:I92C,R5D:A29H:Q47I:D61Q:I92C,5
L4N:R5D:G34T:R98D:V109Q,L4N:R5D:G34T:R98D:V109Q,5
G3E:R5D:A29H:Q47I:V107M,G3E:R5D:A29H:Q47I:V107M,5
L4N:R5D:G34T:R60N:V107M,L4N:R5D:G34T:R60N:V107M,5
G3E:T7H:A29H:I92C:V109Q,G3E:T7H:A29H:I92C:V109Q,5
R5D:G34T:Q47I:I92C:R98D,R5D:G34T:Q47I:I92C:R98D,5
L4N:R5D:Q47R:D61Q:V109Q,L4N:R5D:Q47R:D61Q:V109Q,5
R5D:T7H:A29K:I92C:T113E,R5D:T7H:A29K:I92C:T113E,5
G3E:T7S:Q47V:I92C:V107M,G3E:T7S:Q47V:I92C:V107M,5
R5D:A29K:Q47C:D61Q:R98D,R5D:A29K:Q47C:D61Q:R98D,5
L4N:R5D:Q47I:D61Q:T113E,L4N:R5D:Q47I:D61Q:T113E,5
G3E:T7H:I92C:D96Q:T113E,G3E:T7H:I92C:D96Q:T113E,5
L4N:T7S:G34T:Q47V:V107M,L4N:T7S:G34T:Q47V:V107M,5
G3E:T7S:R60N:D96Q:V107M,G3E:T7S:R60N:D96Q:V107M,5
L4N:T7S:A29K:Q47C:V109Q,L4N:T7S:A29K:Q47C:V109Q,5
T7S:Q47C:D61Q:D96Q:R98D,T7S:Q47C:D61Q:D96Q:R98D,5
G3E:R5D:A29K:Q47I:T113E,G3E:R5D:A29K:Q47I:T113E,5
G3E:R5D:R60N:I92C:V107M,G3E:R5D:R60N:I92C:V107M,5
R5D:T7S:A29K:Q47C:V107M,R5D:T7S:A29K:Q47C:V107M,5
R5D:A29H:G34T:Q47V:I92C,R5D:A29H:G34T:Q47V:I92C,5
G3E:T7S:Q47V:D61Q:V109Q,G3E:T7S:Q47V:D61Q:V109Q,5
G3E:T7S:Q47I:I92C:V109Q,G3E:T7S:Q47I:I92C:V109Q,5
R5D:A29K:G34T:Q47I:I92C,R5D:A29K:G34T:Q47I:I92C,5
L4N:R5D:T7H:V107M:V109Q,L4N:R5D:T7H:V107M:V109Q,5
G3E:L4N:G34T:R98D:V107M,G3E:L4N:G34T:R98D:V107M,5
G3E:T7S:Q47C:R98D:V107M,G3E:T7S:Q47C:R98D:V107M,5
L4N:T7S:G34T:Q47C:V107M,L4N:T7S:G34T:Q47C:V107M,5
L4N:T7H:G34T:R98D:V107M,L4N:T7H:G34T:R98D:V107M,5
R5D:A29H:Q47R:I92C:R98D,R5D:A29H:Q47R:I92C:R98D,5
L4N:R5D:G34T:I92C:V109Q,L4N:R5D:G34T:I92C:V109Q,5
G3E:T7S:R60N:D96Q:V109Q,G3E:T7S:R60N:D96Q:V109Q,5
R5D:T7H:A29H:Q47I:T113E,R5D:T7H:A29H:Q47I:T113E,5
L4N:T7H:A29K:D96Q:V109Q,L4N:T7H:A29K:D96Q:V109Q,5
L4N:A29K:G34T:D61Q:R98D,L4N:A29K:G34T:D61Q:R98D,5
T7S:A29H:Q47V:D61Q:D96Q,T7S:A29H:Q47V:D61Q:D96Q,5
G3E:L4N:A29H:G34T:V109Q,G3E:L4N:A29H:G34T:V109Q,5
L4N:A29H:R60N:D61Q:I92C,L4N:A29H:R60N:D61Q:I92C,5
G3E:T7H:D96Q:R98D:T113E,G3E:T7H:D96Q:R98D:T113E,5
G3E:R5D:A29H:D96Q:V109Q,G3E:R5D:A29H:D96Q:V109Q,5
G3E:T7S:Q47R:D96Q:V109Q,G3E:T7S:Q47R:D96Q:V109Q,5
L4N:A29H:G34T:D61Q:D96Q,L4N:A29H:G34T:D61Q:D96Q,5
L4N:A29H:D61Q:I92C:D96Q,L4N:A29H:D61Q:I92C:D96Q,5
G3E:G34T:Q47R:I92C:R98D,G3E:G34T:Q47R:I92C:R98D,5
G3E:L4N:D61Q:I92C:V107M,G3E:L4N:D61Q:I92C:V107M,5
G3E:L4N:T7S:V107M:V109Q,G3E:L4N:T7S:V107M:V109Q,5
G3E:T7H:A29H:Q47R:V107M,G3E:T7H:A29H:Q47R:V107M,5
L4N:R5D:A29K:R98D:T113E,L4N:R5D:A29K:R98D:T113E,5
L4N:T7H:A29H:R60N:T113E,L4N:T7H:A29H:R60N:T113E,5
G3E:R5D:A29H:Q47C:T113E,G3E:R5D:A29H:Q47C:T113E,5
G3E:L4N:Q47R:D61Q:V107M,G3E:L4N:Q47R:D61Q:V107M,5
G3E:T7H:A29H:R60N:T113E,G3E:T7H:A29H:R60N:T113E,5
R5D:A29K:G34T:Q47V:R98D,R5D:A29K:G34T:Q47V:R98D,5
L4N:R5D:A29H:G34T:V107M,L4N:R5D:A29H:G34T:V107M,5
T7S:G34T:Q47R:R60N:D61Q,T7S:G34T:Q47R:R60N:D61Q,5
G3E:A29K:G34T:R60N:I92C,G3E:A29K:G34T:R60N:I92C,5
T7S:A29K:G34T:Q47I:I92C,T7S:A29K:G34T:Q47I:I92C,5
R5D:T7S:Q47C:I92C:V109Q,R5D:T7S:Q47C:I92C:V109Q,5
G3E:R5D:R60N:I92C:V109Q,G3E:R5D:R60N:I92C:V109Q,5
L4N:A29H:D61Q:I92C:R98D,L4N:A29H:D61Q:I92C:R98D,5
G3E:L4N:A29H:G34T:T113E,G3E:L4N:A29H:G34T:T113E,5
L4N:T7S:A29K:I92C:V109Q,L4N:T7S:A29K:I92C:V109Q,5
R5D:T7H:I92C:D96Q:V109Q,R5D:T7H:I92C:D96Q:V109Q,5
G3E:R5D:R60N:R98D:V109Q,G3E:R5D:R60N:R98D:V109Q,5
R5D:T7S:A29K:G34T:T113E,R5D:T7S:A29K:G34T:T113E,5
T7H:A29H:G34T:R60N:I92C,T7H:A29H:G34T:R60N:I92C,5
G3E:A29H:G34T:Q47R:D61Q,G3E:A29H:G34T:Q47R:D61Q,5
R5D:T7S:Q47I:I92C:V109Q,R5D:T7S:Q47I:I92C:V109Q,5
G3E:G34T:D61Q:I92C:D96Q,G3E:G34T:D61Q:I92C:D96Q,5
T7H:G34T:Q47R:D96Q:R98D,T7H:G34T:Q47R:D96Q:R98D,5
L4N:T7H:G34T:D96Q:V107M,L4N:T7H:G34T:D96Q:V107M,5
T7S:G34T:Q47I:I92C:D96Q,T7S:G34T:Q47I:I92C:D96Q,5
T7S:G34T:Q47C:I92C:R98D,T7S:G34T:Q47C:I92C:R98D,5
G3E:L4N:D61Q:R98D:T113E,G3E:L4N:D61Q:R98D:T113E,5
R5D:G34T:Q47V:I92C:R98D,R5D:G34T:Q47V:I92C:R98D,5
L4N:T7S:A29K:R60N:T113E,L4N:T7S:A29K:R60N:T113E,5
L4N:R5D:A29H:D96Q:V109Q,L4N:R5D:A29H:D96Q:V109Q,5
R5D:A29K:G34T:Q47V:D96Q,R5D:A29K:G34T:Q47V:D96Q,5
T7S:A29H:Q47R:R60N:D61Q,T7S:A29H:Q47R:R60N:D61Q,5
G3E:L4N:R60N:D61Q:V107M,G3E:L4N:R60N:D61Q:V107M,5
G3E:R5D:A29K:Q47C:V107M,G3E:R5D:A29K:Q47C:V107M,5
T7S:A29K:G34T:Q47C:R60N,T7S:A29K:G34T:Q47C:R60N,5
T7H:A29K:D61Q:I92C:R98D,T7H:A29K:D61Q:I92C:R98D,5
G3E:T7H:A29H:R98D:V109Q,G3E:T7H:A29H:R98D:V109Q,5
T7S:A29K:Q47R:D96Q:R98D,T7S:A29K:Q47R:D96Q:R98D,5
G3E:R5D:D96Q:R98D:T113E,G3E:R5D:D96Q:R98D:T113E,5
T7H:A29K:G34T:Q47R:D61Q,T7H:A29K:G34T:Q47R:D61Q,5
R5D:T7H:A29K:R98D:V109Q,R5D:T7H:A29K:R98D:V109Q,5
G3E:R5D:Q47V:D96Q:T113E,G3E:R5D:Q47V:D96Q:T113E,5
G3E:T7S:A29K:Q47I:V109Q,G3E:T7S:A29K:Q47I:V109Q,5
L4N:T7S:G34T:I92C:V109Q,L4N:T7S:G34T:I92C:V109Q,5
G3E:A29K:G34T:Q47C:R98D,G3E:A29K:G34T:Q47C:R98D,5
L4N:R5D:A29H:Q47C:V107M,L4N:R5D:A29H:Q47C:V107M,5
G3E:R5D:Q47C:R98D:T113E,G3E:R5D:Q47C:R98D:T113E,5
G3E:T7H:D61Q:D96Q:V109Q,G3E:T7H:D61Q:D96Q:V109Q,5
G3E:T7S:G34T:D96Q:T113E,G3E:T7S:G34T:D96Q:T113E,5
T7H:A29H:R60N:D61Q:I92C,T7H:A29H:R60N:D61Q:I92C,5
L4N:T7S:G34T:R60N:V107M,L4N:T7S:G34T:R60N:V107M,5
L4N:R5D:Q47C:I92C:V107M,L4N:R5D:Q47C:I92C:V107M,5
L4N:T7S:A29K:Q47V:V107M,L4N:T7S:A29K:Q47V:V107M,5
G3E:R5D:Q47V:D61Q:V107M,G3E:R5D:Q47V:D61Q:V107M,5
T7S:A29H:Q47I:D61Q:D96Q,T7S:A29H:Q47I:D61Q:D96Q,5
G3E:R5D:A29H:D96Q:V107M,G3E:R5D:A29H:D96Q:V107M,5
G3E:L4N:R60N:I92C:T113E,G3E:L4N:R60N:I92C:T113E,5
R5D:T7H:A29K:Q47R:V109Q,R5D:T7H:A29K:Q47R:V109Q,5
G3E:L4N:A29K:R98D:V107M,G3E:L4N:A29K:R98D:V107M,5
G3E:L4N:R60N:R98D:V107M,G3E:L4N:R60N:R98D:V107M,5
T7S:A29K:Q47V:D61Q:I92C,T7S:A29K:Q47V:D61Q:I92C,5
L4N:T7S:A29K:Q47V:T113E,L4N:T7S:A29K:Q47V:T113E,5
R5D:T7H:A29K:I92C:V107M,R5D:T7H:A29K:I92C:V107M,5
L4N:R5D:Q47R:R98D:V107M,L4N:R5D:Q47R:R98D:V107M,5
R5D:T7H:R60N:D96Q:V107M,R5D:T7H:R60N:D96Q:V107M,5
R5D:T7S:Q47I:R60N:V109Q,R5D:T7S:Q47I:R60N:V109Q,5
L4N:T7S:I92C:D96Q:V109Q,L4N:T7S:I92C:D96Q:V109Q,5
L4N:T7H:G34T:D61Q:V109Q,L4N:T7H:G34T:D61Q:V109Q,5
G3E:T7S:Q47I:I92C:T113E,G3E:T7S:Q47I:I92C:T113E,5
L4N:T7S:A29K:D96Q:T113E,L4N:T7S:A29K:D96Q:T113E,5
L4N:R5D:A29K:I92C:T113E,L4N:R5D:A29K:I92C:T113E,5
G3E:T7H:A29K:R98D:V109Q,G3E:T7H:A29K:R98D:V109Q,5
L4N:R5D:G34T:D96Q:T113E,L4N:R5D:G34T:D96Q:T113E,5
G3E:T7S:Q47I:D96Q:V107M,G3E:T7S:Q47I:D96Q:V107M,5
R5D:T7H:Q47R:D96Q:V107M,R5D:T7H:Q47R:D96Q:V107M,5
G3E:G34T:R60N:D61Q:I92C,G3E:G34T:R60N:D61Q:I92C,5
G3E:L4N:A29H:D61Q:T113E,G3E:L4N:A29H:D61Q:T113E,5
L4N:T7S:G34T:Q47I:V109Q,L4N:T7S:G34T:Q47I:V109Q,5
L4N:T7H:Q47R:D61Q:V107M,L4N:T7H:Q47R:D61Q:V107M,5
R5D:A29K:Q47R:D96Q:R98D,R5D:A29K:Q47R:D96Q:R98D,5
T7S:A29H:G34T:Q47I:R60N,T7S:A29H:G34T:Q47I:R60N,5
L4N:R5D:A29K:D96Q:T113E,L4N:R5D:A29K:D96Q:T113E,5
L4N:R5D:G34T:Q47V:V107M,L4N:R5D:G34T:Q47V:V107M,5
R5D:T7H:G34T:R60N:V109Q,R5D:T7H:G34T:R60N:V109Q,5
R5D:A29H:G34T:Q47R:R60N,R5D:A29H:G34T:Q47R:R60N,5
G3E:T7S:Q47V:D96Q:T113E,G3E:T7S:Q47V:D96Q:T113E,5
L4N:T7S:I92C:R98D:T113E,L4N:T7S:I92C:R98D:T113E,5
L4N:T7H:A29H:I92C:V109Q,L4N:T7H:A29H:I92C:V109Q,5
R5D:A29K:Q47I:D61Q:R98D,R5D:A29K:Q47I:D61Q:R98D,5
L4N:G34T:D61Q:I92C:D96Q,L4N:G34T:D61Q:I92C:D96Q,5
G3E:T7S:Q47C:R98D:T113E,G3E:T7S:Q47C:R98D:T113E,5
G3E:T7S:A29H:Q47V:V109Q,G3E:T7S:A29H:Q47V:V109Q,5
T7S:Q47V:D61Q:I92C:D96Q,T7S:Q47V:D61Q:I92C:D96Q,5
L4N:T7S:Q47R:D96Q:V109Q,L4N:T7S:Q47R:D96Q:V109Q,5
R5D:T7S:Q47C:R60N:T113E,R5D:T7S:Q47C:R60N:T113E,5
T7S:G34T:Q47R:R60N:D96Q,T7S:G34T:Q47R:R60N:D96Q,5
L4N:T7S:A29H:Q47I:T113E,L4N:T7S:A29H:Q47I:T113E,5
L4N:T7S:R60N:I92C:T113E,L4N:T7S:R60N:I92C:T113E,5
L4N:T7S:Q47R:R98D:V109Q,L4N:T7S:Q47R:R98D:V109Q,5
R5D:T7H:A29K:Q47V:V107M,R5D:T7H:A29K:Q47V:V107M,5
L4N:T7S:Q47I:R98D:V107M,L4N:T7S:Q47I:R98D:V107M,5
R5D:T7S:Q47I:R60N:T113E,R5D:T7S:Q47I:R60N:T113E,5
L4N:T7S:A29K:Q47I:T113E,L4N:T7S:A29K:Q47I:T113E,5
T7S:Q47I:D61Q:I92C:R98D,T7S:Q47I:D61Q:I92C:R98D,5
G3E:R5D:I92C:D96Q:T113E,G3E:R5D:I92C:D96Q:T113E,5
G3E:T7H:R60N:R98D:T113E,G3E:T7H:R60N:R98D:T113E,5
R5D:T7S:A29K:Q47C:T113E,R5D:T7S:A29K:Q47C:T113E,5
R5D:A29H:Q47V:D96Q:R98D,R5D:A29H:Q47V:D96Q:R98D,5
R5D:A29H:Q47V:D61Q:I92C,R5D:A29H:Q47V:D61Q:I92C,5
L4N:T7H:R60N:D61Q:V107M,L4N:T7H:R60N:D61Q:V107M,5
L4N:A29H:I92C:D96Q:R98D,L4N:A29H:I92C:D96Q:R98D,5
G3E:T7H:I92C:D96Q:V107M,G3E:T7H:I92C:D96Q:V107M,5
G3E:R5D:Q47R:D96Q:T113E,G3E:R5D:Q47R:D96Q:T113E,5
T7S:A29K:Q47C:D61Q:R98D,T7S:A29K:Q47C:D61Q:R98D,5
G3E:L4N:T7S:V109Q:T113E,G3E:L4N:T7S:V109Q:T113E,5
G3E:T7H:D61Q:I92C:V109Q,G3E:T7H:D61Q:I92C:V109Q,5
L4N:R5D:D96Q:R98D:T113E,L4N:R5D:D96Q:R98D:T113E,5
G3E:R5D:G34T:Q47V:V109Q,G3E:R5D:G34T:Q47V:V109Q,5
G3E:T7S:G34T:Q47C:V109Q,G3E:T7S:G34T:Q47C:V109Q,5
R5D:A29K:Q47I:D61Q:D96Q,R5D:A29K:Q47I:D61Q:D96Q,5
G3E:A29K:G34T:Q47R:R98D,G3E:A29K:G34T:Q47R:R98D,5
L4N:R5D:A29K:R60N:T113E,L4N:R5D:A29K:R60N:T113E,5
R5D:A29H:Q47I:R60N:D61Q,R5D:A29H:Q47I:R60N:D61Q,5
T7H:G34T:Q47R:I92C:R98D,T7H:G34T:Q47R:I92C:R98D,5
G3E:T7H:G34T:Q47R:T113E,G3E:T7H:G34T:Q47R:T113E,5
G3E:R5D:Q47R:I92C:V109Q,G3E:R5D:Q47R:I92C:V109Q,5
G3E:A29K:Q47R:D61Q:D96Q,G3E:A29K:Q47R:D61Q:D96Q,5
G3E:L4N:D61Q:R98D:V109Q,G3E:L4N:D61Q:R98D:V109Q,5
L4N:G34T:D61Q:D96Q:R98D,L4N:G34T:D61Q:D96Q:R98D,5
G3E:A29H:G34T:Q47V:R98D,G3E:A29H:G34T:Q47V:R98D,5
L4N:R5D:Q47R:R98D:V109Q,L4N:R5D:Q47R:R98D:V109Q,5
R5D:T7H:R60N:R98D:V109Q,R5D:T7H:R60N:R98D:V109Q,5
G3E:T7H:A29H:D96Q:V109Q,G3E:T7H:A29H:D96Q:V109Q,5
L4N:R5D:R60N:D96Q:V107M,L4N:R5D:R60N:D96Q:V107M,5
G3E:A29K:R60N:D96Q:R98D,G3E:A29K:R60N:D96Q:R98D,5
L4N:T7H:D96Q:R98D:T113E,L4N:T7H:D96Q:R98D:T113E,5
G3E:A29K:Q47R:D61Q:R98D,G3E:A29K:Q47R:D61Q:R98D,5
L4N:R5D:R60N:D96Q:T113E,L4N:R5D:R60N:D96Q:T113E,5
L4N:R5D:R60N:I92C:V107M,L4N:R5D:R60N:I92C:V107M,5
G3E:R5D:Q47C:D61Q:T113E,G3E:R5D:Q47C:D61Q:T113E,5
G3E:T7S:A29K:Q47V:V107M,G3E:T7S:A29K:Q47V:V107M,5
L4N:A29K:G34T:D61Q:D96Q,L4N:A29K:G34T:D61Q:D96Q,5
G3E:L4N:D96Q:R98D:T113E,G3E:L4N:D96Q:R98D:T113E,5
L4N:R5D:Q47R:D96Q:V107M,L4N:R5D:Q47R:D96Q:V107M,5
G3E:L4N:G34T:R98D:T113E,G3E:L4N:G34T:R98D:T113E,5
L4N:T7S:Q47V:D61Q:V109Q,L4N:T7S:Q47V:D61Q:V109Q,5
L4N:T7S:A29K:Q47C:T113E,L4N:T7S:A29K:Q47C:T113E,5
T7S:Q47C:D61Q:I92C:D96Q,T7S:Q47C:D61Q:I92C:D96Q,5
L4N:R5D:G34T:D96Q:V109Q,L4N:R5D:G34T:D96Q:V109Q,5
L4N:R60N:D61Q:D96Q:R98D,L4N:R60N:D61Q:D96Q:R98D,5
G3E:A29K:G34T:Q47R:D96Q,G3E:A29K:G34T:Q47R:D96Q,5
T7H:A29H:D61Q:I92C:D96Q,T7H:A29H:D61Q:I92C:D96Q,5
R5D:T7S:G34T:Q47I:V109Q,R5D:T7S:G34T:Q47I:V109Q,5
R5D:A29H:G34T:Q47V:D96Q,R5D:A29H:G34T:Q47V:D96Q,5
R5D:T7S:Q47V:R98D:V109Q,R5D:T7S:Q47V:R98D:V109Q,5
L4N:R5D:Q47R:R98D:T113E,L4N:R5D:Q47R:R98D:T113E,5
G3E:T7H:A29K:Q47R:V107M,G3E:T7H:A29K:Q47R:V107M,5
G3E:T7S:A29K:D96Q:V109Q,G3E:T7S:A29K:D96Q:V109Q,5
G3E:T7H:A29H:Q47R:T113E,G3E:T7H:A29H:Q47R:T113E,5
G3E:L4N:G34T:D61Q:V109Q,G3E:L4N:G34T:D61Q:V109Q,5
L4N:T7H:G34T:D96Q:T113E,L4N:T7H:G34T:D96Q:T113E,5
L4N:R5D:Q47V:D61Q:T113E,L4N:R5D:Q47V:D61Q:T113E,5
L4N:T7H:Q47R:I92C:V107M,L4N:T7H:Q47R:I92C:V107M,5
T7S:A29H:G34T:Q47C:I92C,T7S:A29H:G34T:Q47C:I92C,5
L4N:T7S:A29H:Q47C:T113E,L4N:T7S:A29H:Q47C:T113E,5
T7S:A29K:Q47I:D61Q:I92C,T7S:A29K:Q47I:D61Q:I92C,5
R5D:A29K:R60N:I92C:D96Q,R5D:A29K:R60N:I92C:D96Q,5
T7S:A29K:Q47R:I92C:R98D,T7S:A29K:Q47R:I92C:R98D,5
G3E:L4N:A29K:D61Q:V109Q,G3E:L4N:A29K:D61Q:V109Q,5
G3E:T7H:G34T:I92C:T113E,G3E:T7H:G34T:I92C:T113E,5
L4N:T7S:I92C:D96Q:T113E,L4N:T7S:I92C:D96Q:T113E,5
T7S:A29K:Q47I:D96Q:R98D,T7S:A29K:Q47I:D96Q:R98D,5
G3E:L4N:A29K:G34T:V109Q,G3E:L4N:A29K:G34T:V109Q,5
L4N:A29K:G34T:Q47R:D61Q,L4N:A29K:G34T:Q47R:D61Q,5
G3E:L4N:R60N:I92C:V107M,G3E:L4N:R60N:I92C:V107M,5
G3E:A29H:G34T:Q47I:D61Q,G3E:A29H:G34T:Q47I:D61Q,5
L4N:R5D:Q47I:R98D:V107M,L4N:R5D:Q47I:R98D:V107M,5
G3E:R5D:Q47R:R60N:T113E,G3E:R5D:Q47R:R60N:T113E,5
L4N:T7H:D61Q:R98D:T113E,L4N:T7H:D61Q:R98D:T113E,5
L4N:D61Q:I92C:D96Q:R98D,L4N:D61Q:I92C:D96Q:R98D,5
L4N:T7S:A29K:Q47V:V109Q,L4N:T7S:A29K:Q47V:V109Q,5
R5D:T7H:R60N:I92C:V107M,R5D:T7H:R60N:I92C:V107M,5
L4N:R5D:G34T:R60N:V109Q,L4N:R5D:G34T:R60N:V109Q,5
G3E:T7H:G34T:D96Q:V107M,G3E:T7H:G34T:D96Q:V107M,5
L4N:A29K:D61Q:D96Q:R98D,L4N:A29K:D61Q:D96Q:R98D,5
L4N:T7H:R60N:D61Q:T113E,L4N:T7H:R60N:D61Q:T113E,5
G3E:T7H:R60N:I92C:T113E,G3E:T7H:R60N:I92C:T113E,5
G3E:L4N:R5D:V107M:V109Q,G3E:L4N:R5D:V107M:V109Q,5
G3E:R5D:Q47V:R98D:T113E,G3E:R5D:Q47V:R98D:T113E,5
L4N:R5D:A29H:Q47R:V109Q,L4N:R5D:A29H:Q47R:V109Q,5
G3E:T7H:Q47R:R98D:V107M,G3E:T7H:Q47R:R98D:V107M,5
T7S:G34T:Q47C:D61Q:D96Q,T7S:G34T:Q47C:D61Q:D96Q,5
L4N:R5D:G34T:Q47I:V107M,L4N:R5D:G34T:Q47I:V107M,5
G3E:T7H:D96Q:R98D:V109Q,G3E:T7H:D96Q:R98D:V109Q,5
L4N:R5D:A29H:Q47I:V107M,L4N:R5D:A29H:Q47I:V107M,5
L4N:G34T:R60N:D61Q:I92C,L4N:G34T:R60N:D61Q:I92C,5
T7H:A29K:G34T:Q47R:I92C,T7H:A29K:G34T:Q47R:I92C,5
T7H:A29H:R60N:I92C:R98D,T7H:A29H:R60N:I92C:R98D,5
T7S:Q47I:D61Q:D96Q:R98D,T7S:Q47I:D61Q:D96Q:R98D,5
G3E:R5D:Q47R:I92C:T113E,G3E:R5D:Q47R:I92C:T113E,5
G3E:L4N:A29K:G34T:T113E,G3E:L4N:A29K:G34T:T113E,5
L4N:T7H:D61Q:I92C:V109Q,L4N:T7H:D61Q:I92C:V109Q,5
G3E:R5D:Q47R:R98D:V109Q,G3E:R5D:Q47R:R98D:V109Q,5
R5D:A29H:G34T:Q47C:I92C,R5D:A29H:G34T:Q47C:I92C,5
L4N:R5D:Q47R:I92C:T113E,L4N:R5D:Q47R:I92C:T113E,5
T7S:A29K:G34T:Q47V:D96Q,T7S:A29K:G34T:Q47V:D96Q,5
L4N:A29K:G34T:I92C:R98D,L4N:A29K:G34T:I92C:R98D,5
G3E:L4N:G34T:I92C:V109Q,G3E:L4N:G34T:I92C:V109Q,5
G3E:L4N:I92C:D96Q:V107M,G3E:L4N:I92C:D96Q:V107M,5
T7S:G34T:Q47V:R60N:D61Q,T7S:G34T:Q47V:R60N:D61Q,5
G3E:A29H:G34T:Q47R:I92C,G3E:A29H:G34T:Q47R:I92C,5
G3E:T7S:G34T:Q47I:V109Q,G3E:T7S:G34T:Q47I:V109Q,5
G3E:G34T:Q47V:D61Q:R98D,G3E:G34T:Q47V:D61Q:R98D,5
L4N:A29K:R60N:D61Q:I92C,L4N:A29K:R60N:D61Q:I92C,5
R5D:A29H:G34T:Q47I:D96Q,R5D:A29H:G34T:Q47I:D96Q,5
R5D:A29H:G34T:Q47I:I92C,R5D:A29H:G34T:Q47I:I92C,5
G3E:T7S:Q47C:I92C:V107M,G3E:T7S:Q47C:I92C:V107M,5
L4N:T7H:I92C:D96Q:V107M,L4N:T7H:I92C:D96Q:V107M,5
G3E:R5D:A29H:Q47V:V109Q,G3E:R5D:A29H:Q47V:V109Q,5
R5D:G34T:Q47C:D96Q:R98D,R5D:G34T:Q47C:D96Q:R98D,5
R5D:Q47I:D61Q:D96Q:R98D,R5D:Q47I:D61Q:D96Q:R98D,5
G3E:L4N:A29K:I92C:V107M,G3E:L4N:A29K:I92C:V107M,5
R5D:A29H:Q47R:R60N:D61Q,R5D:A29H:Q47R:R60N:D61Q,5
L4N:T7S:Q47I:D61Q:V109Q,L4N:T7S:Q47I:D61Q:V109Q,5
T7S:A29K:G34T:Q47C:I92C,T7S:A29K:G34T:Q47C:I92C,5
L4N:A29H:G34T:R60N:R98D,L4N:A29H:G34T:R60N:R98D,5
G3E:L4N:A29K:D96Q:V107M,G3E:L4N:A29K:D96Q:V107M,5
L4N:T7S:A29K:Q47R:V109Q,L4N:T7S:A29K:Q47R:V109Q,5
L4N:T7S:G34T:D96Q:V109Q,L4N:T7S:G34T:D96Q:V109Q,5
G3E:T7H:A29K:R60N:V107M,G3E:T7H:A29K:R60N:V107M,5
T7H:A29H:G34T:Q47R:I92C,T7H:A29H:G34T:Q47R:I92C,5
G3E:L4N:D61Q:D96Q:T113E,G3E:L4N:D61Q:D96Q:T113E,5
L4N:T7H:D61Q:R98D:V109Q,L4N:T7H:D61Q:R98D:V109Q,5
G3E:L4N:A29K:D61Q:V107M,G3E:L4N:A29K:D61Q:V107M,5
L4N:R5D:A29K:R60N:V109Q,L4N:R5D:A29K:R60N:V109Q,5
R5D:Q47C:D61Q:I92C:R98D,R5D:Q47C:D61Q:I92C:R98D,5
R5D:T7S:A29K:G34T:V109Q,R5D:T7S:A29K:G34T:V109Q,5
L4N:G34T:Q47R:I92C:R98D,L4N:G34T:Q47R:I92C:R98D,5
R5D:G34T:Q47R:I92C:D96Q,R5D:G34T:Q47R:I92C:D96Q,5
R5D:T7H:Q47R:D96Q:T113E,R5D:T7H:Q47R:D96Q:T113E,5
L4N:T7S:R60N:R98D:V109Q,L4N:T7S:R60N:R98D:V109Q,5
L4N:T7S:Q47V:D96Q:V107M,L4N:T7S:Q47V:D96Q:V107M,5
L4N:T7S:Q47V:R98D:T113E,L4N:T7S:Q47V:R98D:T113E,5
G3E:L4N:R5D:V109Q:T113E,G3E:L4N:R5D:V109Q:T113E,5
G3E:R5D:Q47C:I92C:V107M,G3E:R5D:Q47C:I92C:V107M,5
G3E:T7H:A29K:Q47R:V109Q,G3E:T7H:A29K:Q47R:V109Q,5
T7S:A29H:G34T:Q47C:D96Q,T7S:A29H:G34T:Q47C:D96Q,5
G3E:T7H:Q47R:D61Q:T113E,G3E:T7H:Q47R:D61Q:T113E,5
G3E:T7S:Q47R:R98D:V109Q,G3E:T7S:Q47R:R98D:V109Q,5
G3E:T7H:R60N:D96Q:V107M,G3E:T7H:R60N:D96Q:V107M,5
G3E:A29K:R60N:I92C:R98D,G3E:A29K:R60N:I92C:R98D,5
G3E:L4N:G34T:D61Q:T113E,G3E:L4N:G34T:D61Q:T113E,5
G3E:R5D:Q47V:I92C:T113E,G3E:R5D:Q47V:I92C:T113E,5
L4N:R5D:I92C:R98D:V109Q,L4N:R5D:I92C:R98D:V109Q,5
G3E:R5D:Q47V:I92C:V109Q,G3E:R5D:Q47V:I92C:V109Q,5
G3E:L4N:A29H:Q47R:V107M,G3E:L4N:A29H:Q47R:V107M,5
G3E:R5D:Q47I:R60N:T113E,G3E:R5D:Q47I:R60N:T113E,5
G3E:T7H:A29K:R60N:V109Q,G3E:T7H:A29K:R60N:V109Q,5
T7S:Q47R:R60N:D61Q:R98D,T7S:Q47R:R60N:D61Q:R98D,5
L4N:R5D:G34T:Q47V:T113E,L4N:R5D:G34T:Q47V:T113E,5
G3E:L4N:G34T:R60N:T113E,G3E:L4N:G34T:R60N:T113E,5
T7S:A29H:Q47V:I92C:R98D,T7S:A29H:Q47V:I92C:R98D,5
L4N:T7H:D61Q:I92C:T113E,L4N:T7H:D61Q:I92C:T113E,5
L4N:T7H:A29K:R60N:V109Q,L4N:T7H:A29K:R60N:V109Q,5
L4N:T7S:G34T:Q47V:T113E,L4N:T7S:G34T:Q47V:T113E,5
L4N:R5D:Q47C:D61Q:V109Q,L4N:R5D:Q47C:D61Q:V109Q,5
L4N:R5D:A29K:Q47I:V107M,L4N:R5D:A29K:Q47I:V107M,5
T7H:A29K:D61Q:D96Q:R98D,T7H:A29K:D61Q:D96Q:R98D,5
G3E:Q47R:D61Q:D96Q:R98D,G3E:Q47R:D61Q:D96Q:R98D,5
L4N:T7H:A29K:G34T:V109Q,L4N:T7H:A29K:G34T:V109Q,5
L4N:R60N:D61Q:I92C:R98D,L4N:R60N:D61Q:I92C:R98D,5
G3E:G34T:R60N:I92C:R98D,G3E:G34T:R60N:I92C:R98D,5
L4N:T7H:A29K:G34T:V107M,L4N:T7H:A29K:G34T:V107M,5
L4N:T7S:Q47C:D96Q:V107M,L4N:T7S:Q47C:D96Q:V107M,5
G3E:T7H:A29H:Q47C:T113E,G3E:T7H:A29H:Q47C:T113E,5
G3E:T7S:Q47V:R98D:V109Q,G3E:T7S:Q47V:R98D:V109Q,5
L4N:T7S:A29K:Q47I:V107M,L4N:T7S:A29K:Q47I:V107M,5
G3E:A29K:G34T:R60N:D96Q,G3E:A29K:G34T:R60N:D96Q,5
L4N:T7H:A29K:G34T:T113E,L4N:T7H:A29K:G34T:T113E,5
L4N:R5D:I92C:D96Q:T113E,L4N:R5D:I92C:D96Q:T113E,5
G3E:L4N:A29K:I92C:T113E,G3E:L4N:A29K:I92C:T113E,5
G3E:A29K:G34T:D96Q:R98D,G3E:A29K:G34T:D96Q:R98D,5
L4N:A29H:D61Q:D96Q:R98D,L4N:A29H:D61Q:D96Q:R98D,5
G3E:T7H:A29K:D96Q:V107M,G3E:T7H:A29K:D96Q:V107M,5
R5D:T7H:Q47I:R98D:T113E,R5D:T7H:Q47I:R98D:T113E,5
G3E:A29K:G34T:R60N:R98D,G3E:A29K:G34T:R60N:R98D,5
T7H:A29H:G34T:R60N:R98D,T7H:A29H:G34T:R60N:R98D,5
L4N:T7H:G34T:I92C:T113E,L4N:T7H:G34T:I92C:T113E,5
G3E:A29K:R60N:D61Q:R98D,G3E:A29K:R60N:D61Q:R98D,5
G3E:A29K:G34T:I92C:D96Q,G3E:A29K:G34T:I92C:D96Q,5
G3E:A29H:G34T:D96Q:R98D,G3E:A29H:G34T:D96Q:R98D,5
G3E:L4N:R60N:D96Q:T113E,G3E:L4N:R60N:D96Q:T113E,5
L4N:T7H:A29H:Q47R:V107M,L4N:T7H:A29H:Q47R:V107M,5
G3E:T7H:G34T:D96Q:T113E,G3E:T7H:G34T:D96Q:T113E,5
G3E:R5D:Q47V:D96Q:V107M,G3E:R5D:Q47V:D96Q:V107M,5
T7H:A29K:G34T:I92C:D96Q,T7H:A29K:G34T:I92C:D96Q,5
L4N:A29H:G34T:Q47R:D61Q,L4N:A29H:G34T:Q47R:D61Q,5
L4N:R5D:G34T:Q47V:V109Q,L4N:R5D:G34T:Q47V:V109Q,5
G3E:G34T:R60N:D96Q:R98D,G3E:G34T:R60N:D96Q:R98D,5
G3E:T7S:Q47R:D96Q:T113E,G3E:T7S:Q47R:D96Q:T113E,5
G3E:L4N:A29H:R60N:T113E,G3E:L4N:A29H:R60N:T113E,5
L4N:T7S:Q47R:R60N:V109Q,L4N:T7S:Q47R:R60N:V109Q,5
R5D:G34T:Q47V:D61Q:D96Q,R5D:G34T:Q47V:D61Q:D96Q,5
L4N:T7H:A29H:D96Q:T113E,L4N:T7H:A29H:D96Q:T113E,5
G3E:L4N:D96Q:R98D:V107M,G3E:L4N:D96Q:R98D:V107M,5
R5D:A29K:Q47C:I92C:R98D,R5D:A29K:Q47C:I92C:R98D,5
L4N:A29H:G34T:Q47I:D61Q,L4N:A29H:G34T:Q47I:D61Q,5
R5D:T7H:Q47I:I92C:V107M,R5D:T7H:Q47I:I92C:V107M,5
G3E:T7H:R60N:D96Q:T113E,G3E:T7H:R60N:D96Q:T113E,5
G3E:L4N:A29H:I92C:V109Q,G3E:L4N:A29H:I92C:V109Q,5
G3E:R5D:G34T:Q47I:V109Q,G3E:R5D:G34T:Q47I:V109Q,5
G3E:L4N:A29K:R60N:V107M,G3E:L4N:A29K:R60N:V107M,5
G3E:L4N:A29H:D96Q:T113E,G3E:L4N:A29H:D96Q:T113E,5
R5D:A29K:Q47V:I92C:R98D,R5D:A29K:Q47V:I92C:R98D,5
G3E:R5D:I92C:D96Q:V109Q,G3E:R5D:I92C:D96Q:V109Q,5
R5D:G34T:Q47R:R60N:D61Q,R5D:G34T:Q47R:R60N:D61Q,5
G3E:L4N:A29H:D96Q:V107M,G3E:L4N:A29H:D96Q:V107M,5
T7S:G34T:Q47V:I92C:D96Q,T7S:G34T:Q47V:I92C:D96Q,5
R5D:A29K:G34T:Q47V:I92C,R5D:A29K:G34T:Q47V:I92C,5
G3E:L4N:G34T:Q47R:V107M,G3E:L4N:G34T:Q47R:V107M,5
L4N:T7S:Q47C:D61Q:V107M,L4N:T7S:Q47C:D61Q:V107M,5
T7H:A29H:G34T:Q47C:D61Q,T7H:A29H:G34T:Q47C:D61Q,5
G3E:A29K:R60N:D61Q:D96Q,G3E:A29K:R60N:D61Q:D96Q,5
G3E:T7H:R60N:I92C:V107M,G3E:T7H:R60N:I92C:V107M,5
R5D:T7S:Q47I:R98D:V109Q,R5D:T7S:Q47I:R98D:V109Q,5
L4N:R5D:Q47I:D61Q:V107M,L4N:R5D:Q47I:D61Q:V107M,5
G3E:T7S:Q47C:D96Q:T113E,G3E:T7S:Q47C:D96Q:T113E,5
G3E:T7S:Q47V:I92C:T113E,G3E:T7S:Q47V:I92C:T113E,5
R5D:T7S:A29H:Q47I:V109Q,R5D:T7S:A29H:Q47I:V109Q,5
G3E:T7S:G34T:Q47C:T113E,G3E:T7S:G34T:Q47C:T113E,5
G3E:R5D:Q47R:D96Q:V109Q,G3E:R5D:Q47R:D96Q:V109Q,5
L4N:T7S:A29H:Q47V:V109Q,L4N:T7S:A29H:Q47V:V109Q,5
L4N:R5D:G34T:Q47I:V109Q,L4N:R5D:G34T:Q47I:V109Q,5
G3E:L4N:Q47R:I92C:V107M,G3E:L4N:Q47R:I92C:V107M,5
L4N:A29H:R60N:D61Q:D96Q,L4N:A29H:R60N:D61Q:D96Q,5
T7S:Q47V:I92C:D96Q:R98D,T7S:Q47V:I92C:D96Q:R98D,5
R5D:Q47V:D61Q:I92C:R98D,R5D:Q47V:D61Q:I92C:R98D,5
T7H:A29H:G34T:I92C:D96Q,T7H:A29H:G34T:I92C:D96Q,5
L4N:R5D:A29H:G34T:T113E,L4N:R5D:A29H:G34T:T113E,5
G3E:T7H:G34T:R60N:V107M,G3E:T7H:G34T:R60N:V107M,5
L4N:T7S:G34T:Q47C:V109Q,L4N:T7S:G34T:Q47C:V109Q,5
G3E:T7H:G34T:R60N:V109Q,G3E:T7H:G34T:R60N:V109Q,5
L4N:T7H:G34T:R60N:V107M,L4N:T7H:G34T:R60N:V107M,5
L4N:R5D:Q47V:D96Q:T113E,L4N:R5D:Q47V:D96Q:T113E,5
L4N:T7H:G34T:R60N:V109Q,L4N:T7H:G34T:R60N:V109Q,5
T7S:A29K:G34T:Q47V:I92C,T7S:A29K:G34T:Q47V:I92C,5
G3E:L4N:T7H:V109Q:T113E,G3E:L4N:T7H:V109Q:T113E,5
G3E:R5D:A29H:Q47C:V107M,G3E:R5D:A29H:Q47C:V107M,5
T7S:G34T:Q47I:R60N:D61Q,T7S:G34T:Q47I:R60N:D61Q,5
L4N:R5D:D96Q:R98D:V109Q,L4N:R5D:D96Q:R98D:V109Q,5
G3E:R60N:I92C:D96Q:R98D,G3E:R60N:I92C:D96Q:R98D,5
L4N:R5D:Q47R:I92C:V109Q,L4N:R5D:Q47R:I92C:V109Q,5
G3E:L4N:D61Q:I92C:V109Q,G3E:L4N:D61Q:I92C:V109Q,5
G3E:R5D:R60N:I92C:T113E,G3E:R5D:R60N:I92C:T113E,5
G3E:T7H:Q47R:I92C:T113E,G3E:T7H:Q47R:I92C:T113E,5
L4N:G34T:I92C:D96Q:R98D,L4N:G34T:I92C:D96Q:R98D,5
G3E:L4N:A29H:I92C:T113E,G3E:L4N:A29H:I92C:T113E,5
L4N:A29K:I92C:D96Q:R98D,L4N:A29K:I92C:D96Q:R98D,5
L4N:A29K:G34T:D96Q:R98D,L4N:A29K:G34T:D96Q:R98D,5
G3E:L4N:I92C:R98D:T113E,G3E:L4N:I92C:R98D:T113E,5
R5D:Q47V:I92C:D96Q:R98D,R5D:Q47V:I92C:D96Q:R98D,5
L4N:T7H:D61Q:D96Q:V107M,L4N:T7H:D61Q:D96Q:V107M,5
G3E:T7H:G34T:Q47V:V107M,G3E:T7H:G34T:Q47V:V107M,5
G3E:L4N:A29K:R60N:T113E,G3E:L4N:A29K:R60N:T113E,5
R5D:G34T:Q47I:I92C:D96Q,R5D:G34T:Q47I:I92C:D96Q,5
L4N:T7S:Q47C:I92C:V109Q,L4N:T7S:Q47C:I92C:V109Q,5
L4N:T7S:Q47V:D96Q:T113E,L4N:T7S:Q47V:D96Q:T113E,5
G3E:L4N:G34T:R60N:V109Q,G3E:L4N:G34T:R60N:V109Q,5
L4N:R5D:A29K:Q47V:V107M,L4N:R5D:A29K:Q47V:V107M,5
G3E:T7H:G34T:D61Q:V109Q,G3E:T7H:G34T:D61Q:V109Q,5
R5D:Q47C:D61Q:D96Q:R98D,R5D:Q47C:D61Q:D96Q:R98D,5
G3E:R5D:A29K:Q47I:V109Q,G3E:R5D:A29K:Q47I:V109Q,5
G3E:L4N:I92C:D96Q:V109Q,G3E:L4N:I92C:D96Q:V109Q,5
L4N:T7H:A29H:R98D:V109Q,L4N:T7H:A29H:R98D:V109Q,5
L4N:A29K:D61Q:I92C:R98D,L4N:A29K:D61Q:I92C:R98D,5
L4N:R5D:Q47V:R98D:T113E,L4N:R5D:Q47V:R98D:T113E,5
G3E:T7H:R60N:R98D:V109Q,G3E:T7H:R60N:R98D:V109Q,5
L4N:T7H:G34T:I92C:V109Q,L4N:T7H:G34T:I92C:V109Q,5
L4N:A29K:G34T:Q47R:I92C,L4N:A29K:G34T:Q47R:I92C,5
R5D:A29K:Q47V:D96Q:R98D,R5D:A29K:Q47V:D96Q:R98D,5
G3E:L4N:Q47I:D61Q:T113E,G3E:L4N:Q47I:D61Q:T113E,5
G3E:A29K:G34T:Q47I:R98D,G3E:A29K:G34T:Q47I:R98D,5
G3E:L4N:A29H:Q47I:V107M,G3E:L4N:A29H:Q47I:V107M,5
T7S:A29H:Q47C:I92C:R98D,T7S:A29H:Q47C:I92C:R98D,5
L4N:R5D:T7H:V109Q:T113E,L4N:R5D:T7H:V109Q:T113E,5
R5D:T7H:Q47V:D61Q:T113E,R5D:T7H:Q47V:D61Q:T113E,5
G3E:R5D:Q47I:D96Q:T113E,G3E:R5D:Q47I:D96Q:T113E,5
L4N:R5D:A29K:Q47V:T113E,L4N:R5D:A29K:Q47V:T113E,5
T7H:G34T:Q47R:D61Q:I92C,T7H:G34T:Q47R:D61Q:I92C,5
G3E:T7H:G34T:Q47I:V107M,G3E:T7H:G34T:Q47I:V107M,5
L4N:R5D:Q47V:R98D:V107M,L4N:R5D:Q47V:R98D:V107M,5
L4N:T7S:Q47R:R60N:T113E,L4N:T7S:Q47R:R60N:T113E,5
L4N:G34T:Q47R:D61Q:D96Q,L4N:G34T:Q47R:D61Q:D96Q,5
L4N:A29K:Q47R:D61Q:R98D,L4N:A29K:Q47R:D61Q:R98D,5
T7S:A29H:Q47R:R60N:R98D,T7S:A29H:Q47R:R60N:R98D,5
G3E:T7S:Q47V:I92C:V109Q,G3E:T7S:Q47V:I92C:V109Q,5
G3E:T7S:Q47V:D96Q:V107M,G3E:T7S:Q47V:D96Q:V107M,5
L4N:R5D:Q47I:D61Q:V109Q,L4N:R5D:Q47I:D61Q:V109Q,5
L4N:G34T:Q47R:D96Q:R98D,L4N:G34T:Q47R:D96Q:R98D,5
G3E:L4N:G34T:Q47R:T113E,G3E:L4N:G34T:Q47R:T113E,5
R5D:A29K:Q47R:R60N:R98D,R5D:A29K:Q47R:R60N:R98D,5
G3E:A29H:R60N:D96Q:R98D,G3E:A29H:R60N:D96Q:R98D,5
R5D:A29K:Q47R:R60N:D96Q,R5D:A29K:Q47R:R60N:D96Q,5
L4N:R5D:Q47I:I92C:V107M,L4N:R5D:Q47I:I92C:V107M,5
R5D:T7S:Q47V:D96Q:V109Q,R5D:T7S:Q47V:D96Q:V109Q,5
T7S:A29H:Q47I:I92C:R98D,T7S:A29H:Q47I:I92C:R98D,5
R5D:A29H:G34T:Q47C:D96Q,R5D:A29H:G34T:Q47C:D96Q,5
G3E:T7H:R60N:I92C:V109Q,G3E:T7H:R60N:I92C:V109Q,5
T7S:G34T:Q47R:R60N:I92C,T7S:G34T:Q47R:R60N:I92C,5
L4N:A29H:Q47R:D61Q:I92C,L4N:A29H:Q47R:D61Q:I92C,5
L4N:R5D:A29H:Q47I:T113E,L4N:R5D:A29H:Q47I:T113E,5
L4N:T7H:I92C:R98D:T113E,L4N:T7H:I92C:R98D:T113E,5
L4N:R5D:A29K:D96Q:V109Q,L4N:R5D:A29K:D96Q:V109Q,5
G3E:T7H:A29K:Q47R:T113E,G3E:T7H:A29K:Q47R:T113E,5
L4N:T7S:R60N:D96Q:V109Q,L4N:T7S:R60N:D96Q:V109Q,5
G3E:T7S:G34T:R98D:V109Q,G3E:T7S:G34T:R98D:V109Q,5
R5D:A29K:Q47C:D61Q:I92C,R5D:A29K:Q47C:D61Q:I92C,5
G3E:L4N:A29K:D61Q:T113E,G3E:L4N:A29K:D61Q:T113E,5
G3E:T7S:Q47C:D61Q:V107M,G3E:T7S:Q47C:D61Q:V107M,5
L4N:R5D:Q47C:D61Q:V107M,L4N:R5D:Q47C:D61Q:V107M,5
L4N:R5D:Q47I:R98D:T113E,L4N:R5D:Q47I:R98D:T113E,5
R5D:A29K:Q47C:D96Q:R98D,R5D:A29K:Q47C:D96Q:R98D,5
G3E:T7S:Q47R:R60N:V107M,G3E:T7S:Q47R:R60N:V107M,5
G3E:R5D:A29H:Q47C:V109Q,G3E:R5D:A29H:Q47C:V109Q,5
T7S:Q47R:R60N:D96Q:R98D,T7S:Q47R:R60N:D96Q:R98D,5
G3E:L4N:T7S:V107M:T113E,G3E:L4N:T7S:V107M:T113E,5
L4N:T7S:Q47I:R98D:T113E,L4N:T7S:Q47I:R98D:T113E,5
L4N:A29H:G34T:Q47V:D61Q,L4N:A29H:G34T:Q47V:D61Q,5
G3E:A29H:R60N:D61Q:D96Q,G3E:A29H:R60N:D61Q:D96Q,5
G3E:A29K:G34T:Q47V:D96Q,G3E:A29K:G34T:Q47V:D96Q,5
T7H:G34T:Q47R:D61Q:R98D,T7H:G34T:Q47R:D61Q:R98D,5
L4N:R5D:A29H:Q47V:V107M,L4N:R5D:A29H:Q47V:V107M,5
R5D:T7H:G34T:Q47V:V109Q,R5D:T7H:G34T:Q47V:V109Q,5
G3E:T7H:A29H:R60N:V109Q,G3E:T7H:A29H:R60N:V109Q,5
L4N:T7H:A29H:R60N:V109Q,L4N:T7H:A29H:R60N:V109Q,5
R5D:A29H:Q47C:I92C:R98D,R5D:A29H:Q47C:I92C:R98D,5
G3E:T7H:A29K:D96Q:V109Q,G3E:T7H:A29K:D96Q:V109Q,5
T7S:A29K:Q47I:D61Q:D96Q,T7S:A29K:Q47I:D61Q:D96Q,5
L4N:R5D:A29K:G34T:T113E,L4N:R5D:A29K:G34T:T113E,5
L4N:R5D:A29H:Q47V:T113E,L4N:R5D:A29H:Q47V:T113E,5
G3E:R5D:G34T:Q47C:V109Q,G3E:R5D:G34T:Q47C:V109Q,5
G3E:L4N:G34T:I92C:T113E,G3E:L4N:G34T:I92C:T113E,5
R5D:T7H:G34T:Q47V:V107M,R5D:T7H:G34T:Q47V:V107M,5
L4N:T7S:Q47V:I92C:T113E,L4N:T7S:Q47V:I92C:T113E,5
G3E:G34T:Q47I:D96Q:R98D,G3E:G34T:Q47I:D96Q:R98D,5
L4N:R5D:R60N:R98D:V109Q,L4N:R5D:R60N:R98D:V109Q,5
L4N:A29H:R60N:I92C:R98D,L4N:A29H:R60N:I92C:R98D,5
R5D:A29K:Q47C:D61Q:D96Q,R5D:A29K:Q47C:D61Q:D96Q,5
L4N:A29K:D61Q:I92C:D96Q,L4N:A29K:D61Q:I92C:D96Q,5
G3E:T7S:Q47C:I92C:T113E,G3E:T7S:Q47C:I92C:T113E,5
L4N:T7S:A29H:D96Q:V109Q,L4N:T7S:A29H:D96Q:V109Q,5
L4N:T7H:G34T:Q47R:V107M,L4N:T7H:G34T:Q47R:V107M,5
L4N:T7H:R60N:D61Q:V109Q,L4N:T7H:R60N:D61Q:V109Q,5
G3E:A29H:G34T:R60N:D96Q,G3E:A29H:G34T:R60N:D96Q,5
R5D:T7H:Q47V:R98D:T113E,R5D:T7H:Q47V:R98D:T113E,5
R5D:T7H:Q47C:R98D:T113E,R5D:T7H:Q47C:R98D:T113E,5
R5D:T7H:Q47C:R98D:V107M,R5D:T7H:Q47C:R98D:V107M,5
R5D:A29H:Q47C:D61Q:D96Q,R5D:A29H:Q47C:D61Q:D96Q,5
T7S:A29K:Q47C:D61Q:I92C,T7S:A29K:Q47C:D61Q:I92C,5
R5D:A29H:Q47V:I92C:R98D,R5D:A29H:Q47V:I92C:R98D,5
G3E:T7S:Q47C:D61Q:V109Q,G3E:T7S:Q47C:D61Q:V109Q,5
G3E:R5D:Q47I:R98D:T113E,G3E:R5D:Q47I:R98D:T113E,5
G3E:A29K:Q47V:D61Q:I92C,G3E:A29K:Q47V:D61Q:I92C,5
L4N:A29K:R60N:D61Q:R98D,L4N:A29K:R60N:D61Q:R98D,5
G3E:A29K:Q47R:D96Q:R98D,G3E:A29K:Q47R:D96Q:R98D,5
T7H:A29K:G34T:Q47R:D96Q,T7H:A29K:G34T:Q47R:D96Q,5
L4N:T7S:Q47I:I92C:T113E,L4N:T7S:Q47I:I92C:T113E,5
G3E:R5D:Q47C:I92C:V109Q,G3E:R5D:Q47C:I92C:V109Q,5
L4N:A29K:G34T:Q47C:R98D,L4N:A29K:G34T:Q47C:R98D,5
T7S:A29K:Q47C:D61Q:D96Q,T7S:A29K:Q47C:D61Q:D96Q,5
L4N:T7S:Q47I:D96Q:V107M,L4N:T7S:Q47I:D96Q:V107M,5
R5D:T7H:A29H:Q47V:T113E,R5D:T7H:A29H:Q47V:T113E,5
G3E:G34T:R60N:D61Q:D96Q,G3E:G34T:R60N:D61Q:D96Q,5
G3E:L4N:G34T:D96Q:T113E,G3E:L4N:G34T:D96Q:T113E,5
T7S:A29K:Q47C:D96Q:R98D,T7S:A29K:Q47C:D96Q:R98D,5
T7H:R60N:I92C:D96Q:R98D,T7H:R60N:I92C:D96Q:R98D,5
L4N:A29K:Q47R:D61Q:I92C,L4N:A29K:Q47R:D61Q:I92C,5
R5D:Q47C:I92C:D96Q:R98D,R5D:Q47C:I92C:D96Q:R98D,5
L4N:A29K:G34T:R60N:I92C,L4N:A29K:G34T:R60N:I92C,5
G3E:R5D:Q47C:D96Q:T113E,G3E:R5D:Q47C:D96Q:T113E,5
L4N:A29H:G34T:Q47C:D61Q,L4N:A29H:G34T:Q47C:D61Q,5
G3E:T7H:A29H:Q47V:T113E,G3E:T7H:A29H:Q47V:T113E,5
G3E:T7H:G34T:R60N:T113E,G3E:T7H:G34T:R60N:T113E,5
G3E:L4N:G34T:D96Q:V107M,G3E:L4N:G34T:D96Q:V107M,5
R5D:G34T:Q47R:R60N:I92C,R5D:G34T:Q47R:R60N:I92C,5
L4N:A29H:G34T:Q47R:I92C,L4N:A29H:G34T:Q47R:I92C,5
L4N:T7H:Q47R:D61Q:T113E,L4N:T7H:Q47R:D61Q:T113E,5
R5D:T7H:Q47I:R98D:V107M,R5D:T7H:Q47I:R98D:V107M,5
G3E:L4N:G34T:Q47C:V107M,G3E:L4N:G34T:Q47C:V107M,5
R5D:G34T:Q47C:I92C:R98D,R5D:G34T:Q47C:I92C:R98D,5
G3E:A29H:R60N:I92C:R98D,G3E:A29H:R60N:I92C:R98D,5
R5D:Q47I:D61Q:I92C:R98D,R5D:Q47I:D61Q:I92C:R98D,5
G3E:A29H:G34T:Q47R:D96Q,G3E:A29H:G34T:Q47R:D96Q,5
L4N:T7S:Q47I:I92C:V107M,L4N:T7S:Q47I:I92C:V107M,5
G3E:R5D:Q47I:I92C:V109Q,G3E:R5D:Q47I:I92C:V109Q,5
G3E:T7S:Q47I:D96Q:T113E,G3E:T7S:Q47I:D96Q:T113E,5
R5D:T7H:R60N:D96Q:V109Q,R5D:T7H:R60N:D96Q:V109Q,5
L4N:R5D:Q47V:D61Q:V107M,L4N:R5D:Q47V:D61Q:V107M,5
L4N:T7S:D96Q:R98D:V109Q,L4N:T7S:D96Q:R98D:V109Q,5
G3E:R5D:Q47C:I92C:T113E,G3E:R5D:Q47C:I92C:T113E,5
R5D:Q47R:R60N:D61Q:R98D,R5D:Q47R:R60N:D61Q:R98D,5
T7S:Q47R:R60N:D61Q:I92C,T7S:Q47R:R60N:D61Q:I92C,5
L4N:A29H:G34T:R60N:I92C,L4N:A29H:G34T:R60N:I92C,5
G3E:L4N:G34T:R60N:V107M,G3E:L4N:G34T:R60N:V107M,5
G3E:A29K:R60N:D61Q:I92C,G3E:A29K:R60N:D61Q:I92C,5
T7H:A29K:G34T:Q47R:R60N,T7H:A29K:G34T:Q47R:R60N,5
R5D:A29H:Q47R:D96Q:R98D,R5D:A29H:Q47R:D96Q:R98D,5
L4N:T7S:Q47C:R98D:T113E,L4N:T7S:Q47C:R98D:T113E,5
L4N:A29K:G34T:I92C:D96Q,L4N:A29K:G34T:I92C:D96Q,5
L4N:A29K:G34T:Q47R:R98D,L4N:A29K:G34T:Q47R:R98D,5
R5D:A29H:Q47V:D61Q:D96Q,R5D:A29H:Q47V:D61Q:D96Q,5
G3E:T7S:Q47R:R60N:T113E,G3E:T7S:Q47R:R60N:T113E,5
L4N:T7S:A29K:R98D:V109Q,L4N:T7S:A29K:R98D:V109Q,5
L4N:T7H:G34T:R60N:T113E,L4N:T7H:G34T:R60N:T113E,5
L4N:A29K:R60N:I92C:R98D,L4N:A29K:R60N:I92C:R98D,5
R5D:T7S:Q47V:R60N:V109Q,R5D:T7S:Q47V:R60N:V109Q,5
G3E:L4N:G34T:D96Q:V109Q,G3E:L4N:G34T:D96Q:V109Q,5
L4N:T7S:A29K:Q47I:V109Q,L4N:T7S:A29K:Q47I:V109Q,5
G3E:T7H:I92C:R98D:V109Q,G3E:T7H:I92C:R98D:V109Q,5
G3E:T7H:G34T:R98D:V109Q,G3E:T7H:G34T:R98D:V109Q,5
L4N:G34T:Q47R:D61Q:I92C,L4N:G34T:Q47R:D61Q:I92C,5
G3E:A29K:G34T:Q47V:R98D,G3E:A29K:G34T:Q47V:R98D,5
T7S:A29H:Q47R:R60N:D96Q,T7S:A29H:Q47R:R60N:D96Q,5
L4N:R5D:A29K:Q47R:V109Q,L4N:R5D:A29K:Q47R:V109Q,5
G3E:A29K:Q47I:D61Q:R98D,G3E:A29K:Q47I:D61Q:R98D,5
L4N:T7H:Q47R:D61Q:V109Q,L4N:T7H:Q47R:D61Q:V109Q,5
L4N:T7H:G34T:Q47R:V109Q,L4N:T7H:G34T:Q47R:V109Q,5
G3E:G34T:Q47R:D96Q:R98D,G3E:G34T:Q47R:D96Q:R98D,5
L4N:T7S:Q47I:D96Q:T113E,L4N:T7S:Q47I:D96Q:T113E,5
T7H:A29H:G34T:Q47V:D61Q,T7H:A29H:G34T:Q47V:D61Q,5
R5D:A29H:Q47I:D96Q:R98D,R5D:A29H:Q47I:D96Q:R98D,5
L4N:R5D:Q47V:I92C:V107M,L4N:R5D:Q47V:I92C:V107M,5
L4N:T7S:Q47C:D96Q:T113E,L4N:T7S:Q47C:D96Q:T113E,5
G3E:T7S:Q47C:D96Q:V107M,G3E:T7S:Q47C:D96Q:V107M,5
G3E:T7H:Q47V:R98D:V107M,G3E:T7H:Q47V:R98D:V107M,5
G3E:L4N:A29K:R60N:V109Q,G3E:L4N:A29K:R60N:V109Q,5
G3E:L4N:G34T:Q47R:V109Q,G3E:L4N:G34T:Q47R:V109Q,5
G3E:T7H:A29H:Q47R:V109Q,G3E:T7H:A29H:Q47R:V109Q,5
G3E:R5D:Q47V:D96Q:V109Q,G3E:R5D:Q47V:D96Q:V109Q,5
R5D:T7H:G34T:Q47C:V107M,R5D:T7H:G34T:Q47C:V107M,5
G3E:T7S:Q47C:I92C:V109Q,G3E:T7S:Q47C:I92C:V109Q,5
G3E:T7H:G34T:D96Q:V109Q,G3E:T7H:G34T:D96Q:V109Q,5
L4N:T7S:Q47C:I92C:T113E,L4N:T7S:Q47C:I92C:T113E,5
L4N:R5D:Q47R:D96Q:T113E,L4N:R5D:Q47R:D96Q:T113E,5
R5D:T7H:Q47I:I92C:T113E,R5D:T7H:Q47I:I92C:T113E,5
G3E:A29H:Q47R:D61Q:I92C,G3E:A29H:Q47R:D61Q:I92C,5
G3E:T7H:A29H:Q47I:V107M,G3E:T7H:A29H:Q47I:V107M,5
G3E:T7S:Q47I:R98D:V109Q,G3E:T7S:Q47I:R98D:V109Q,5
G3E:T7H:Q47R:R98D:T113E,G3E:T7H:Q47R:R98D:T113E,5
L4N:R5D:Q47I:D96Q:V107M,L4N:R5D:Q47I:D96Q:V107M,5
L4N:T7H:G34T:D96Q:V109Q,L4N:T7H:G34T:D96Q:V109Q,5
T7H:A29K:G34T:R60N:I92C,T7H:A29K:G34T:R60N:I92C,5
T7H:A29H:R60N:D96Q:R98D,T7H:A29H:R60N:D96Q:R98D,5
G3E:A29K:R60N:I92C:D96Q,G3E:A29K:R60N:I92C:D96Q,5
G3E:R5D:R60N:D96Q:V109Q,G3E:R5D:R60N:D96Q:V109Q,5
T7S:A29K:Q47V:I92C:R98D,T7S:A29K:Q47V:I92C:R98D,5
T7S:A29K:Q47I:I92C:R98D,T7S:A29K:Q47I:I92C:R98D,5
T7H:A29H:G34T:R60N:D96Q,T7H:A29H:G34T:R60N:D96Q,5
L4N:A29K:G34T:R60N:R98D,L4N:A29K:G34T:R60N:R98D,5
L4N:R5D:Q47C:D61Q:T113E,L4N:R5D:Q47C:D61Q:T113E,5
L4N:T7H:G34T:R98D:V109Q,L4N:T7H:G34T:R98D:V109Q,5
L4N:A29H:R60N:D96Q:R98D,L4N:A29H:R60N:D96Q:R98D,5
G3E:L4N:D61Q:D96Q:V107M,G3E:L4N:D61Q:D96Q:V107M,5
L4N:R5D:Q47R:D96Q:V109Q,L4N:R5D:Q47R:D96Q:V109Q,5
G3E:G34T:Q47V:I92C:R98D,G3E:G34T:Q47V:I92C:R98D,5
L4N:A29H:G34T:Q47I:I92C,L4N:A29H:G34T:Q47I:I92C,5
G3E:L4N:G34T:Q47C:V109Q,G3E:L4N:G34T:Q47C:V109Q,5
T7S:A29K:Q47R:I92C:D96Q,T7S:A29K:Q47R:I92C:D96Q,5
R5D:A29K:G34T:Q47I:R60N,R5D:A29K:G34T:Q47I:R60N,5
R5D:A29K:G34T:Q47I:D96Q,R5D:A29K:G34T:Q47I:D96Q,5
L4N:G34T:Q47V:D61Q:I92C,L4N:G34T:Q47V:D61Q:I92C,5
L4N:A29H:G34T:R60N:D96Q,L4N:A29H:G34T:R60N:D96Q,5
G3E:G34T:Q47C:D96Q:R98D,G3E:G34T:Q47C:D96Q:R98D,5
G3E:A29K:G34T:Q47I:I92C,G3E:A29K:G34T:Q47I:I92C,5
L4N:T7H:G34T:Q47R:T113E,L4N:T7H:G34T:Q47R:T113E,5
R5D:A29K:G34T:Q47C:I92C,R5D:A29K:G34T:Q47C:I92C,5
L4N:T7H:A29H:Q47R:V109Q,L4N:T7H:A29H:Q47R:V109Q,5
G3E:L4N:A29K:R98D:V109Q,G3E:L4N:A29K:R98D:V109Q,5
R5D:T7H:A29K:Q47V:V109Q,R5D:T7H:A29K:Q47V:V109Q,5
L4N:A29K:G34T:Q47I:I92C,L4N:A29K:G34T:Q47I:I92C,5
R5D:A29K:Q47I:I92C:R98D,R5D:A29K:Q47I:I92C:R98D,5
G3E:T7H:A29K:Q47I:T113E,G3E:T7H:A29K:Q47I:T113E,5
T7H:A29H:G34T:Q47I:D61Q,T7H:A29H:G34T:Q47I:D61Q,5
T7S:A29K:Q47V:D61Q:D96Q,T7S:A29K:Q47V:D61Q:D96Q,5
G3E:L4N:A29H:R98D:V109Q,G3E:L4N:A29H:R98D:V109Q,5
L4N:R5D:Q47I:D96Q:T113E,L4N:R5D:Q47I:D96Q:T113E,5
T7S:A29H:Q47C:I92C:D96Q,T7S:A29H:Q47C:I92C:D96Q,5
T7S:A29K:G34T:Q47I:D96Q,T7S:A29K:G34T:Q47I:D96Q,5
T7H:A29H:R60N:D61Q:D96Q,T7H:A29H:R60N:D61Q:D96Q,5
G3E:T7H:A29K:Q47V:T113E,G3E:T7H:A29K:Q47V:T113E,5
G3E:T7S:Q47R:R60N:V109Q,G3E:T7S:Q47R:R60N:V109Q,5
R5D:G34T:Q47I:R60N:D61Q,R5D:G34T:Q47I:R60N:D61Q,5
L4N:T7S:A29K:Q47C:V107M,L4N:T7S:A29K:Q47C:V107M,5
G3E:A29K:Q47C:D61Q:R98D,G3E:A29K:Q47C:D61Q:R98D,5
G3E:L4N:Q47R:D96Q:V107M,G3E:L4N:Q47R:D96Q:V107M,5
L4N:R5D:A29K:R98D:V109Q,L4N:R5D:A29K:R98D:V109Q,5
L4N:T7S:Q47I:D61Q:V107M,L4N:T7S:Q47I:D61Q:V107M,5
G3E:T7S:Q47I:R60N:T113E,G3E:T7S:Q47I:R60N:T113E,5
T7S:Q47I:D61Q:I92C:D96Q,T7S:Q47I:D61Q:I92C:D96Q,5
R5D:A29H:Q47I:I92C:R98D,R5D:A29H:Q47I:I92C:R98D,5
L4N:T7H:D61Q:D96Q:T113E,L4N:T7H:D61Q:D96Q:T113E,5
L4N:T7H:I92C:D96Q:T113E,L4N:T7H:I92C:D96Q:T113E,5
G3E:L4N:A29K:D96Q:T113E,G3E:L4N:A29K:D96Q:T113E,5
L4N:T7H:A29H:Q47R:T113E,L4N:T7H:A29H:Q47R:T113E,5
R5D:T7S:Q47V:R60N:T113E,R5D:T7S:Q47V:R60N:T113E,5
G3E:A29K:Q47R:I92C:R98D,G3E:A29K:Q47R:I92C:R98D,5
L4N:A29K:G34T:Q47I:R98D,L4N:A29K:G34T:Q47I:R98D,5
R5D:T7H:A29H:Q47V:V107M,R5D:T7H:A29H:Q47V:V107M,5
T7H:R60N:D61Q:I92C:R98D,T7H:R60N:D61Q:I92C:R98D,5
L4N:R5D:A29H:Q47V:V109Q,L4N:R5D:A29H:Q47V:V109Q,5
L4N:T7S:Q47I:R98D:V109Q,L4N:T7S:Q47I:R98D:V109Q,5
G3E:T7S:Q47C:R98D:V109Q,G3E:T7S:Q47C:R98D:V109Q,5
G3E:L4N:T7H:V107M:T113E,G3E:L4N:T7H:V107M:T113E,5
G3E:L4N:D61Q:D96Q:V109Q,G3E:L4N:D61Q:D96Q:V109Q,5
G3E:R60N:D61Q:D96Q:R98D,G3E:R60N:D61Q:D96Q:R98D,5
G3E:R5D:Q47V:R98D:V109Q,G3E:R5D:Q47V:R98D:V109Q,5
G3E:L4N:G34T:Q47I:T113E,G3E:L4N:G34T:Q47I:T113E,5
R5D:T7H:Q47V:R98D:V107M,R5D:T7H:Q47V:R98D:V107M,5
L4N:R5D:Q47C:R98D:T113E,L4N:R5D:Q47C:R98D:T113E,5
L4N:R5D:G34T:Q47C:V107M,L4N:R5D:G34T:Q47C:V107M,5
R5D:T7H:A29K:Q47I:T113E,R5D:T7H:A29K:Q47I:T113E,5
G3E:L4N:G34T:Q47C:T113E,G3E:L4N:G34T:Q47C:T113E,5
L4N:G34T:R60N:I92C:R98D,L4N:G34T:R60N:I92C:R98D,5
G3E:L4N:A29H:Q47R:T113E,G3E:L4N:A29H:Q47R:T113E,5
R5D:T7H:G34T:Q47I:V107M,R5D:T7H:G34T:Q47I:V107M,5
L4N:R5D:Q47R:R60N:T113E,L4N:R5D:Q47R:R60N:T113E,5
G3E:T7H:Q47R:D61Q:V109Q,G3E:T7H:Q47R:D61Q:V109Q,5
T7H:Q47R:I92C:D96Q:R98D,T7H:Q47R:I92C:D96Q:R98D,5
R5D:A29K:G34T:Q47C:D96Q,R5D:A29K:G34T:Q47C:D96Q,5
G3E:T7H:Q47R:I92C:V109Q,G3E:T7H:Q47R:I92C:V109Q,5
G3E:L4N:G34T:Q47V:V107M,G3E:L4N:G34T:Q47V:V107M,5
L4N:T7H:A29H:D96Q:V109Q,L4N:T7H:A29H:D96Q:V109Q,5
T7S:Q47R:R60N:D61Q:D96Q,T7S:Q47R:R60N:D61Q:D96Q,5
L4N:A29H:G34T:Q47R:R98D,L4N:A29H:G34T:Q47R:R98D,5
T7S:Q47I:I92C:D96Q:R98D,T7S:Q47I:I92C:D96Q:R98D,5
L4N:R5D:A29K:R60N:V107M,L4N:R5D:A29K:R60N:V107M,5
L4N:T7H:R60N:I92C:V107M,L4N:T7H:R60N:I92C:V107M,5
L4N:T7H:I92C:D96Q:V109Q,L4N:T7H:I92C:D96Q:V109Q,5
G3E:A29H:G34T:Q47C:R98D,G3E:A29H:G34T:Q47C:R98D,5
L4N:A29K:R60N:D61Q:D96Q,L4N:A29K:R60N:D61Q:D96Q,5
L4N:T7H:Q47R:R98D:T113E,L4N:T7H:Q47R:R98D:T113E,5
G3E:G34T:Q47R:D61Q:D96Q,G3E:G34T:Q47R:D61Q:D96Q,5
G3E:A29H:Q47V:D61Q:R98D,G3E:A29H:Q47V:D61Q:R98D,5
G3E:L4N:Q47R:D61Q:V109Q,G3E:L4N:Q47R:D61Q:V109Q,5
L4N:G34T:Q47R:R60N:D61Q,L4N:G34T:Q47R:R60N:D61Q,5
G3E:L4N:A29K:Q47R:V107M,G3E:L4N:A29K:Q47R:V107M,5
G3E:L4N:A29K:Q47C:V107M,G3E:L4N:A29K:Q47C:V107M,5
G3E:Q47R:I92C:D96Q:R98D,G3E:Q47R:I92C:D96Q:R98D,5
R5D:T7H:Q47V:I92C:T113E,R5D:T7H:Q47V:I92C:T113E,5
R5D:A29K:Q47I:R60N:D61Q,R5D:A29K:Q47I:R60N:D61Q,5
G3E:A29K:Q47V:D61Q:R98D,G3E:A29K:Q47V:D61Q:R98D,5
L4N:R5D:Q47V:D61Q:V109Q,L4N:R5D:Q47V:D61Q:V109Q,5
G3E:L4N:A29K:Q47I:V107M,G3E:L4N:A29K:Q47I:V107M,5
G3E:T7S:R60N:R98D:V109Q,G3E:T7S:R60N:R98D:V109Q,5
L4N:T7H:R60N:R98D:T113E,L4N:T7H:R60N:R98D:T113E,5
T7S:G34T:Q47C:R60N:D61Q,T7S:G34T:Q47C:R60N:D61Q,5
G3E:L4N:A29H:Q47C:T113E,G3E:L4N:A29H:Q47C:T113E,5
L4N:T7H:D61Q:D96Q:V109Q,L4N:T7H:D61Q:D96Q:V109Q,5
G3E:L4N:R60N:R98D:T113E,G3E:L4N:R60N:R98D:T113E,5
L4N:G34T:R60N:D96Q:R98D,L4N:G34T:R60N:D96Q:R98D,5
R5D:A29H:Q47I:D61Q:D96Q,R5D:A29H:Q47I:D61Q:D96Q,5
R5D:Q47R:D61Q:I92C:D96Q,R5D:Q47R:D61Q:I92C:D96Q,5
T7S:A29H:Q47C:D61Q:D96Q,T7S:A29H:Q47C:D61Q:D96Q,5
R5D:T7H:G34T:Q47I:V109Q,R5D:T7H:G34T:Q47I:V109Q,5
L4N:R5D:Q47I:R60N:T113E,L4N:R5D:Q47I:R60N:T113E,5
L4N:Q47R:D61Q:I92C:R98D,L4N:Q47R:D61Q:I92C:R98D,5
L4N:R5D:Q47C:I92C:T113E,L4N:R5D:Q47C:I92C:T113E,5
L4N:T7S:Q47C:D61Q:V109Q,L4N:T7S:Q47C:D61Q:V109Q,5
T7H:A29H:G34T:Q47V:I92C,T7H:A29H:G34T:Q47V:I92C,5
G3E:G34T:Q47I:D61Q:I92C,G3E:G34T:Q47I:D61Q:I92C,5
L4N:A29H:Q47R:D96Q:R98D,L4N:A29H:Q47R:D96Q:R98D,5
G3E:T7H:A29H:Q47I:T113E,G3E:T7H:A29H:Q47I:T113E,5
G3E:A29K:Q47I:D61Q:I92C,G3E:A29K:Q47I:D61Q:I92C,5
G3E:A29K:G34T:Q47V:I92C,G3E:A29K:G34T:Q47V:I92C,5
R5D:T7H:Q47V:D61Q:V109Q,R5D:T7H:Q47V:D61Q:V109Q,5
G3E:R5D:Q47C:D96Q:V107M,G3E:R5D:Q47C:D96Q:V107M,5
R5D:T7H:A29K:Q47V:T113E,R5D:T7H:A29K:Q47V:T113E,5
L4N:T7S:G34T:Q47C:T113E,L4N:T7S:G34T:Q47C:T113E,5
T7H:A29H:G34T:Q47C:R98D,T7H:A29H:G34T:Q47C:R98D,5
R5D:A29K:Q47R:I92C:D96Q,R5D:A29K:Q47R:I92C:D96Q,5
L4N:A29K:Q47V:D61Q:R98D,L4N:A29K:Q47V:D61Q:R98D,5
G3E:A29H:G34T:Q47V:I92C,G3E:A29H:G34T:Q47V:I92C,5
G3E:A29K:G34T:Q47C:D61Q,G3E:A29K:G34T:Q47C:D61Q,5
L4N:R5D:A29H:Q47C:T113E,L4N:R5D:A29H:Q47C:T113E,5
L4N:R5D:R60N:D96Q:V109Q,L4N:R5D:R60N:D96Q:V109Q,5
L4N:A29H:G34T:Q47C:R98D,L4N:A29H:G34T:Q47C:R98D,5
G3E:G34T:Q47C:D61Q:R98D,G3E:G34T:Q47C:D61Q:R98D,5
R5D:A29H:G34T:Q47I:R60N,R5D:A29H:G34T:Q47I:R60N,5
G3E:A29H:Q47R:D61Q:R98D,G3E:A29H:Q47R:D61Q:R98D,5
L4N:R5D:A29H:Q47I:V109Q,L4N:R5D:A29H:Q47I:V109Q,5
G3E:L4N:G34T:Q47I:V107M,G3E:L4N:G34T:Q47I:V107M,5
G3E:T7H:I92C:D96Q:V109Q,G3E:T7H:I92C:D96Q:V109Q,5
G3E:L4N:Q47R:I92C:T113E,G3E:L4N:Q47R:I92C:T113E,5
R5D:A29H:Q47R:I92C:D96Q,R5D:A29H:Q47R:I92C:D96Q,5
R5D:T7H:D96Q:R98D:V109Q,R5D:T7H:D96Q:R98D:V109Q,5
L4N:T7H:Q47R:D96Q:V107M,L4N:T7H:Q47R:D96Q:V107M,5
L4N:A29K:G34T:Q47I:D61Q,L4N:A29K:G34T:Q47I:D61Q,5
G3E:G34T:Q47V:D61Q:I92C,G3E:G34T:Q47V:D61Q:I92C,5
R5D:T7H:Q47I:D61Q:V109Q,R5D:T7H:Q47I:D61Q:V109Q,5
T7S:A29K:Q47C:I92C:R98D,T7S:A29K:Q47C:I92C:R98D,5
R5D:T7H:Q47I:D61Q:V107M,R5D:T7H:Q47I:D61Q:V107M,5
L4N:T7S:Q47V:R98D:V109Q,L4N:T7S:Q47V:R98D:V109Q,5
L4N:Q47R:I92C:D96Q:R98D,L4N:Q47R:I92C:D96Q:R98D,5
G3E:L4N:R60N:D96Q:V107M,G3E:L4N:R60N:D96Q:V107M,5
T7H:A29H:Q47R:D61Q:I92C,T7H:A29H:Q47R:D61Q:I92C,5
T7S:Q47C:R60N:D61Q:R98D,T7S:Q47C:R60N:D61Q:R98D,5
T7H:A29K:G34T:R60N:D96Q,T7H:A29K:G34T:R60N:D96Q,5
L4N:T7H:I92C:R98D:V109Q,L4N:T7H:I92C:R98D:V109Q,5
T7S:G34T:Q47V:R60N:R98D,T7S:G34T:Q47V:R60N:R98D,5
G3E:L4N:A29K:R98D:T113E,G3E:L4N:A29K:R98D:T113E,5
L4N:G34T:R60N:I92C:D96Q,L4N:G34T:R60N:I92C:D96Q,5
G3E:T7H:G34T:Q47V:T113E,G3E:T7H:G34T:Q47V:T113E,5
L4N:R5D:A29K:Q47V:V109Q,L4N:R5D:A29K:Q47V:V109Q,5
G3E:T7H:Q47V:I92C:T113E,G3E:T7H:Q47V:I92C:T113E,5
L4N:A29K:G34T:Q47V:D61Q,L4N:A29K:G34T:Q47V:D61Q,5
G3E:T7H:A29H:Q47V:V107M,G3E:T7H:A29H:Q47V:V107M,5
L4N:R5D:Q47C:D96Q:V109Q,L4N:R5D:Q47C:D96Q:V109Q,5
G3E:A29K:Q47R:R60N:D61Q,G3E:A29K:Q47R:R60N:D61Q,5
G3E:A29K:Q47V:D96Q:R98D,G3E:A29K:Q47V:D96Q:R98D,5
L4N:R5D:A29K:Q47C:V109Q,L4N:R5D:A29K:Q47C:V109Q,5
G3E:A29K:G34T:Q47C:I92C,G3E:A29K:G34T:Q47C:I92C,5
L4N:T7S:Q47I:R60N:T113E,L4N:T7S:Q47I:R60N:T113E,5
G3E:G34T:Q47C:D61Q:I92C,G3E:G34T:Q47C:D61Q:I92C,5
L4N:A29K:G34T:R60N:D61Q,L4N:A29K:G34T:R60N:D61Q,5
G3E:L4N:A29H:Q47V:V107M,G3E:L4N:A29H:Q47V:V107M,5
L4N:A29K:Q47R:R60N:D61Q,L4N:A29K:Q47R:R60N:D61Q,5
L4N:R5D:Q47C:R98D:V107M,L4N:R5D:Q47C:R98D:V107M,5
G3E:A29H:Q47C:D61Q:I92C,G3E:A29H:Q47C:D61Q:I92C,5
T7H:A29K:G34T:Q47I:I92C,T7H:A29K:G34T:Q47I:I92C,5
G3E:T7H:Q47I:D61Q:T113E,G3E:T7H:Q47I:D61Q:T113E,5
G3E:G34T:Q47I:I92C:R98D,G3E:G34T:Q47I:I92C:R98D,5
G3E:L4N:Q47C:R98D:V107M,G3E:L4N:Q47C:R98D:V107M,5
L4N:R60N:I92C:D96Q:R98D,L4N:R60N:I92C:D96Q:R98D,5
R5D:T7S:Q47V:R60N:V107M,R5D:T7S:Q47V:R60N:V107M,5
T7H:A29K:R60N:D61Q:I92C,T7H:A29K:R60N:D61Q:I92C,5
G3E:A29K:Q47C:D61Q:I92C,G3E:A29K:Q47C:D61Q:I92C,5
G3E:L4N:Q47V:D61Q:V107M,G3E:L4N:Q47V:D61Q:V107M,5
L4N:A29H:R60N:I92C:D96Q,L4N:A29H:R60N:I92C:D96Q,5
T7H:A29H:G34T:Q47I:I92C,T7H:A29H:G34T:Q47I:I92C,5
G3E:T7H:G34T:Q47R:V109Q,G3E:T7H:G34T:Q47R:V109Q,5
G3E:A29K:Q47C:D61Q:D96Q,G3E:A29K:Q47C:D61Q:D96Q,5
R5D:T7H:A29H:Q47C:V107M,R5D:T7H:A29H:Q47C:V107M,5
R5D:A29K:Q47V:I92C:D96Q,R5D:A29K:Q47V:I92C:D96Q,5
L4N:A29H:G34T:Q47V:R98D,L4N:A29H:G34T:Q47V:R98D,5
L4N:T7S:Q47R:R60N:V107M,L4N:T7S:Q47R:R60N:V107M,5
L4N:Q47R:D61Q:D96Q:R98D,L4N:Q47R:D61Q:D96Q:R98D,5
L4N:T7H:A29H:Q47V:V107M,L4N:T7H:A29H:Q47V:V107M,5
R5D:T7H:Q47C:D61Q:V109Q,R5D:T7H:Q47C:D61Q:V109Q,5
T7S:Q47I:R60N:D96Q:R98D,T7S:Q47I:R60N:D96Q:R98D,5
R5D:T7H:A29H:Q47C:V109Q,R5D:T7H:A29H:Q47C:V109Q,5
R5D:G34T:Q47V:R60N:D61Q,R5D:G34T:Q47V:R60N:D61Q,5
R5D:A29K:Q47V:R60N:D61Q,R5D:A29K:Q47V:R60N:D61Q,5
L4N:T7H:A29K:Q47V:T113E,L4N:T7H:A29K:Q47V:T113E,5
G3E:R5D:Q47C:R98D:V109Q,G3E:R5D:Q47C:R98D:V109Q,5
G3E:T7H:Q47R:D96Q:V107M,G3E:T7H:Q47R:D96Q:V107M,5
L4N:T7S:Q47I:I92C:V109Q,L4N:T7S:Q47I:I92C:V109Q,5
G3E:G34T:Q47V:D96Q:R98D,G3E:G34T:Q47V:D96Q:R98D,5
G3E:L4N:I92C:D96Q:T113E,G3E:L4N:I92C:D96Q:T113E,5
G3E:L4N:G34T:Q47V:T113E,G3E:L4N:G34T:Q47V:T113E,5
R5D:G34T:Q47V:I92C:D96Q,R5D:G34T:Q47V:I92C:D96Q,5
G3E:T7S:Q47V:D96Q:V109Q,G3E:T7S:Q47V:D96Q:V109Q,5
R5D:T7H:A29H:Q47C:T113E,R5D:T7H:A29H:Q47C:T113E,5
G3E:L4N:R60N:I92C:V109Q,G3E:L4N:R60N:I92C:V109Q,5
T7S:A29H:Q47V:R60N:D61Q,T7S:A29H:Q47V:R60N:D61Q,5
G3E:A29K:Q47C:I92C:R98D,G3E:A29K:Q47C:I92C:R98D,5
L4N:G34T:Q47C:D61Q:R98D,L4N:G34T:Q47C:D61Q:R98D,5
L4N:R5D:G34T:Q47C:V109Q,L4N:R5D:G34T:Q47C:V109Q,5
R5D:G34T:Q47C:I92C:D96Q,R5D:G34T:Q47C:I92C:D96Q,5
R5D:T7S:Q47C:R60N:V107M,R5D:T7S:Q47C:R60N:V107M,5
G3E:L4N:Q47C:D61Q:T113E,G3E:L4N:Q47C:D61Q:T113E,5
R5D:T7H:A29K:Q47I:V107M,R5D:T7H:A29K:Q47I:V107M,5
R5D:Q47R:R60N:D61Q:D96Q,R5D:Q47R:R60N:D61Q:D96Q,5
G3E:L4N:Q47R:R98D:V107M,G3E:L4N:Q47R:R98D:V107M,5
T7H:A29K:D61Q:I92C:D96Q,T7H:A29K:D61Q:I92C:D96Q,5
G3E:A29H:Q47C:D61Q:R98D,G3E:A29H:Q47C:D61Q:R98D,5
T7S:A29K:Q47C:I92C:D96Q,T7S:A29K:Q47C:I92C:D96Q,5
L4N:R60N:D61Q:I92C:D96Q,L4N:R60N:D61Q:I92C:D96Q,5
L4N:R5D:G34T:Q47C:T113E,L4N:R5D:G34T:Q47C:T113E,5
L4N:A29K:G34T:Q47V:R98D,L4N:A29K:G34T:Q47V:R98D,5
L4N:R5D:Q47V:D96Q:V107M,L4N:R5D:Q47V:D96Q:V107M,5
G3E:R60N:D61Q:I92C:D96Q,G3E:R60N:D61Q:I92C:D96Q,5
G3E:L4N:A29H:Q47C:V107M,G3E:L4N:A29H:Q47C:V107M,5
G3E:G34T:Q47R:I92C:D96Q,G3E:G34T:Q47R:I92C:D96Q,5
R5D:T7H:Q47V:I92C:V107M,R5D:T7H:Q47V:I92C:V107M,5
R5D:T7H:A29K:Q47C:T113E,R5D:T7H:A29K:Q47C:T113E,5
L4N:G34T:R60N:D61Q:D96Q,L4N:G34T:R60N:D61Q:D96Q,5
G3E:L4N:G34T:R98D:V109Q,G3E:L4N:G34T:R98D:V109Q,5
G3E:A29H:G34T:Q47V:D96Q,G3E:A29H:G34T:Q47V:D96Q,5
G3E:L4N:Q47V:R98D:V107M,G3E:L4N:Q47V:R98D:V107M,5
L4N:R5D:Q47V:I92C:V109Q,L4N:R5D:Q47V:I92C:V109Q,5
L4N:A29K:Q47I:D61Q:I92C,L4N:A29K:Q47I:D61Q:I92C,5
T7H:Q47R:D61Q:D96Q:R98D,T7H:Q47R:D61Q:D96Q:R98D,5
G3E:T7H:A29K:Q47C:T113E,G3E:T7H:A29K:Q47C:T113E,5
L4N:T7H:Q47R:I92C:T113E,L4N:T7H:Q47R:I92C:T113E,5
G3E:R5D:Q47R:R60N:V109Q,G3E:R5D:Q47R:R60N:V109Q,5
G3E:T7H:A29K:Q47V:V107M,G3E:T7H:A29K:Q47V:V107M,5
G3E:A29H:G34T:Q47R:R60N,G3E:A29H:G34T:Q47R:R60N,5
R5D:T7H:Q47I:I92C:V109Q,R5D:T7H:Q47I:I92C:V109Q,5
L4N:T7H:R60N:D96Q:V107M,L4N:T7H:R60N:D96Q:V107M,5
G3E:L4N:Q47V:I92C:V107M,G3E:L4N:Q47V:I92C:V107M,5
L4N:A29H:Q47R:I92C:R98D,L4N:A29H:Q47R:I92C:R98D,5
L4N:A29K:Q47C:D61Q:R98D,L4N:A29K:Q47C:D61Q:R98D,5
L4N:T7H:R60N:D96Q:T113E,L4N:T7H:R60N:D96Q:T113E,5
R5D:T7H:A29H:Q47I:V109Q,R5D:T7H:A29H:Q47I:V109Q,5
G3E:L4N:A29K:Q47C:T113E,G3E:L4N:A29K:Q47C:T113E,5
L4N:A29H:G34T:Q47C:I92C,L4N:A29H:G34T:Q47C:I92C,5
T7S:A29H:G34T:Q47V:R60N,T7S:A29H:G34T:Q47V:R60N,5
G3E:L4N:A29H:Q47I:T113E,G3E:L4N:A29H:Q47I:T113E,5
R5D:T7H:G34T:Q47C:T113E,R5D:T7H:G34T:Q47C:T113E,5
G3E:R5D:Q47I:D96Q:V109Q,G3E:R5D:Q47I:D96Q:V109Q,5
L4N:T7H:Q47R:I92C:V109Q,L4N:T7H:Q47R:I92C:V109Q,5
T7S:A29K:Q47V:I92C:D96Q,T7S:A29K:Q47V:I92C:D96Q,5
G3E:G34T:Q47C:I92C:R98D,G3E:G34T:Q47C:I92C:R98D,5
G3E:A29K:Q47C:D96Q:R98D,G3E:A29K:Q47C:D96Q:R98D,5
G3E:L4N:Q47V:I92C:T113E,G3E:L4N:Q47V:I92C:T113E,5
G3E:T7H:A29K:Q47I:V107M,G3E:T7H:A29K:Q47I:V107M,5
T7S:Q47I:R60N:D61Q:R98D,T7S:Q47I:R60N:D61Q:R98D,5
L4N:R5D:Q47I:I92C:V109Q,L4N:R5D:Q47I:I92C:V109Q,5
G3E:R5D:Q47C:D96Q:V109Q,G3E:R5D:Q47C:D96Q:V109Q,5
L4N:R5D:Q47C:D96Q:T113E,L4N:R5D:Q47C:D96Q:T113E,5
L4N:R5D:Q47C:D96Q:V107M,L4N:R5D:Q47C:D96Q:V107M,5
T7S:A29K:Q47V:R60N:D61Q,T7S:A29K:Q47V:R60N:D61Q,5
G3E:T7H:Q47V:D61Q:V107M,G3E:T7H:Q47V:D61Q:V107M,5
G3E:A29H:G34T:Q47C:D96Q,G3E:A29H:G34T:Q47C:D96Q,5
L4N:A29K:Q47R:D96Q:R98D,L4N:A29K:Q47R:D96Q:R98D,5
L4N:T7H:R60N:I92C:T113E,L4N:T7H:R60N:I92C:T113E,5
L4N:A29H:G34T:Q47R:D96Q,L4N:A29H:G34T:Q47R:D96Q,5
L4N:T7H:R60N:I92C:V109Q,L4N:T7H:R60N:I92C:V109Q,5
L4N:A29K:Q47R:I92C:R98D,L4N:A29K:Q47R:I92C:R98D,5
T7H:A29H:Q47R:D61Q:R98D,T7H:A29H:Q47R:D61Q:R98D,5
G3E:A29K:Q47I:D96Q:R98D,G3E:A29K:Q47I:D96Q:R98D,5
G3E:L4N:Q47I:I92C:T113E,G3E:L4N:Q47I:I92C:T113E,5
G3E:A29H:Q47R:D96Q:R98D,G3E:A29H:Q47R:D96Q:R98D,5
G3E:T7H:G34T:Q47I:T113E,G3E:T7H:G34T:Q47I:T113E,5
G3E:L4N:Q47R:R98D:T113E,G3E:L4N:Q47R:R98D:T113E,5
T7H:G34T:R60N:I92C:D96Q,T7H:G34T:R60N:I92C:D96Q,5
L4N:R5D:Q47R:R60N:V107M,L4N:R5D:Q47R:R60N:V107M,5
G3E:T7H:G34T:Q47C:T113E,G3E:T7H:G34T:Q47C:T113E,5
T7S:A29H:Q47C:R60N:D61Q,T7S:A29H:Q47C:R60N:D61Q,5
G3E:L4N:Q47I:D61Q:V107M,G3E:L4N:Q47I:D61Q:V107M,5
L4N:T7H:R60N:R98D:V109Q,L4N:T7H:R60N:R98D:V109Q,5
G3E:G34T:Q47R:R60N:D61Q,G3E:G34T:Q47R:R60N:D61Q,5
T7H:A29H:Q47R:I92C:R98D,T7H:A29H:Q47R:I92C:R98D,5
G3E:T7H:Q47C:D61Q:T113E,G3E:T7H:Q47C:D61Q:T113E,5
L4N:R5D:Q47C:I92C:V109Q,L4N:R5D:Q47C:I92C:V109Q,5
R5D:Q47I:I92C:D96Q:R98D,R5D:Q47I:I92C:D96Q:R98D,5
G3E:Q47C:D61Q:I92C:R98D,G3E:Q47C:D61Q:I92C:R98D,5
L4N:R5D:Q47V:I92C:T113E,L4N:R5D:Q47V:I92C:T113E,5
L4N:R5D:A29H:Q47C:V109Q,L4N:R5D:A29H:Q47C:V109Q,5
T7H:A29K:G34T:Q47I:D61Q,T7H:A29K:G34T:Q47I:D61Q,5
G3E:A29H:G34T:Q47C:I92C,G3E:A29H:G34T:Q47C:I92C,5
T7H:A29H:G34T:Q47R:D96Q,T7H:A29H:G34T:Q47R:D96Q,5
G3E:T7H:Q47I:I92C:T113E,G3E:T7H:Q47I:I92C:T113E,5
G3E:L4N:Q47C:D61Q:V107M,G3E:L4N:Q47C:D61Q:V107M,5
G3E:T7H:Q47C:R98D:T113E,G3E:T7H:Q47C:R98D:T113E,5
G3E:R5D:Q47I:R60N:V107M,G3E:R5D:Q47I:R60N:V107M,5
R5D:T7H:Q47R:R98D:V109Q,R5D:T7H:Q47R:R98D:V109Q,5
L4N:R5D:A29K:Q47I:V109Q,L4N:R5D:A29K:Q47I:V109Q,5
T7S:A29K:Q47R:R60N:R98D,T7S:A29K:Q47R:R60N:R98D,5
L4N:A29H:G34T:Q47C:D96Q,L4N:A29H:G34T:Q47C:D96Q,5
G3E:A29H:G34T:Q47I:R98D,G3E:A29H:G34T:Q47I:R98D,5
L4N:A29H:G34T:Q47I:R98D,L4N:A29H:G34T:Q47I:R98D,5
T7S:G34T:Q47C:I92C:D96Q,T7S:G34T:Q47C:I92C:D96Q,5
G3E:A29H:Q47R:I92C:R98D,G3E:A29H:Q47R:I92C:R98D,5
G3E:L4N:Q47C:D61Q:V109Q,G3E:L4N:Q47C:D61Q:V109Q,5
L4N:G34T:Q47V:D61Q:R98D,L4N:G34T:Q47V:D61Q:R98D,5
G3E:A29H:Q47C:D96Q:R98D,G3E:A29H:Q47C:D96Q:R98D,5
R5D:A29H:Q47C:R60N:D61Q,R5D:A29H:Q47C:R60N:D61Q,5
G3E:T7H:G34T:Q47V:V109Q,G3E:T7H:G34T:Q47V:V109Q,5
L4N:T7H:A29K:Q47I:V107M,L4N:T7H:A29K:Q47I:V107M,5
G3E:L4N:Q47V:D61Q:T113E,G3E:L4N:Q47V:D61Q:T113E,5
T7H:Q47R:D61Q:I92C:R98D,T7H:Q47R:D61Q:I92C:R98D,5
G3E:T7H:Q47V:D61Q:T113E,G3E:T7H:Q47V:D61Q:T113E,5
R5D:A29H:G34T:Q47V:R60N,R5D:A29H:G34T:Q47V:R60N,5
L4N:G34T:Q47I:D61Q:I92C,L4N:G34T:Q47I:D61Q:I92C,5
T7H:G34T:Q47V:I92C:R98D,T7H:G34T:Q47V:I92C:R98D,5
G3E:L4N:Q47C:I92C:T113E,G3E:L4N:Q47C:I92C:T113E,5
T7S:G34T:Q47I:R60N:R98D,T7S:G34T:Q47I:R60N:R98D,5
L4N:T7H:G34T:Q47V:V107M,L4N:T7H:G34T:Q47V:V107M,5
T7S:A29H:Q47R:R60N:I92C,T7S:A29H:Q47R:R60N:I92C,5
G3E:L4N:D96Q:R98D:V109Q,G3E:L4N:D96Q:R98D:V109Q,5
G3E:L4N:Q47R:I92C:V109Q,G3E:L4N:Q47R:I92C:V109Q,5
L4N:T7H:Q47C:R98D:V107M,L4N:T7H:Q47C:R98D:V107M,5
G3E:T7H:Q47I:R98D:V107M,G3E:T7H:Q47I:R98D:V107M,5
G3E:L4N:A29H:Q47R:V109Q,G3E:L4N:A29H:Q47R:V109Q,5
G3E:A29H:Q47V:D61Q:I92C,G3E:A29H:Q47V:D61Q:I92C,5
G3E:T7H:R60N:D96Q:V109Q,G3E:T7H:R60N:D96Q:V109Q,5
T7H:A29K:R60N:D96Q:R98D,T7H:A29K:R60N:D96Q:R98D,5
R5D:G34T:Q47C:R60N:D61Q,R5D:G34T:Q47C:R60N:D61Q,5
G3E:T7H:Q47R:D96Q:T113E,G3E:T7H:Q47R:D96Q:T113E,5
L4N:R5D:A29K:Q47C:T113E,L4N:R5D:A29K:Q47C:T113E,5
G3E:L4N:Q47R:R98D:V109Q,G3E:L4N:Q47R:R98D:V109Q,5
R5D:T7H:Q47C:D61Q:V107M,R5D:T7H:Q47C:D61Q:V107M,5
L4N:T7H:D96Q:R98D:V109Q,L4N:T7H:D96Q:R98D:V109Q,5
G3E:A29K:Q47R:I92C:D96Q,G3E:A29K:Q47R:I92C:D96Q,5
T7H:A29K:Q47R:D61Q:R98D,T7H:A29K:Q47R:D61Q:R98D,5
L4N:T7S:Q47C:R60N:T113E,L4N:T7S:Q47C:R60N:T113E,5
L4N:A29H:Q47C:D61Q:R98D,L4N:A29H:Q47C:D61Q:R98D,5
T7H:A29K:R60N:D61Q:D96Q,T7H:A29K:R60N:D61Q:D96Q,5
G3E:T7H:Q47V:I92C:V107M,G3E:T7H:Q47V:I92C:V107M,5
T7S:A29H:Q47V:I92C:D96Q,T7S:A29H:Q47V:I92C:D96Q,5
T7S:A29K:Q47I:R60N:D61Q,T7S:A29K:Q47I:R60N:D61Q,5
G3E:A29H:R60N:I92C:D96Q,G3E:A29H:R60N:I92C:D96Q,5
G3E:T7H:Q47C:I92C:T113E,G3E:T7H:Q47C:I92C:T113E,5
G3E:A29K:Q47V:I92C:R98D,G3E:A29K:Q47V:I92C:R98D,5
L4N:T7H:G34T:Q47I:V107M,L4N:T7H:G34T:Q47I:V107M,5
L4N:A29H:Q47V:D61Q:I92C,L4N:A29H:Q47V:D61Q:I92C,5
G3E:T7S:Q47I:D96Q:V109Q,G3E:T7S:Q47I:D96Q:V109Q,5
L4N:T7H:G34T:Q47V:V109Q,L4N:T7H:G34T:Q47V:V109Q,5
R5D:A29K:Q47C:R60N:D61Q,R5D:A29K:Q47C:R60N:D61Q,5
G3E:L4N:Q47R:D96Q:T113E,G3E:L4N:Q47R:D96Q:T113E,5
L4N:T7H:A29K:Q47C:T113E,L4N:T7H:A29K:Q47C:T113E,5
G3E:A29K:G34T:Q47C:D96Q,G3E:A29K:G34T:Q47C:D96Q,5
T7H:A29K:R60N:I92C:R98D,T7H:A29K:R60N:I92C:R98D,5
T7H:A29K:R60N:D61Q:R98D,T7H:A29K:R60N:D61Q:R98D,5
G3E:G34T:Q47I:I92C:D96Q,G3E:G34T:Q47I:I92C:D96Q,5
G3E:T7S:Q47I:R60N:V107M,G3E:T7S:Q47I:R60N:V107M,5
G3E:L4N:Q47R:D96Q:V109Q,G3E:L4N:Q47R:D96Q:V109Q,5
T7S:Q47R:R60N:I92C:R98D,T7S:Q47R:R60N:I92C:R98D,5
L4N:T7H:Q47V:R98D:V107M,L4N:T7H:Q47V:R98D:V107M,5
L4N:A29K:R60N:D96Q:R98D,L4N:A29K:R60N:D96Q:R98D,5
L4N:A29K:Q47V:D61Q:I92C,L4N:A29K:Q47V:D61Q:I92C,5
L4N:A29H:G34T:Q47V:I92C,L4N:A29H:G34T:Q47V:I92C,5
R5D:G34T:Q47R:R60N:D96Q,R5D:G34T:Q47R:R60N:D96Q,5
G3E:R5D:Q47R:R60N:V107M,G3E:R5D:Q47R:R60N:V107M,5
G3E:G34T:R60N:I92C:D96Q,G3E:G34T:R60N:I92C:D96Q,5
L4N:G34T:Q47V:I92C:R98D,L4N:G34T:Q47V:I92C:R98D,5
G3E:L4N:Q47C:R98D:T113E,G3E:L4N:Q47C:R98D:T113E,5
T7H:G34T:Q47C:D96Q:R98D,T7H:G34T:Q47C:D96Q:R98D,5
T7H:A29K:G34T:Q47I:R98D,T7H:A29K:G34T:Q47I:R98D,5
T7H:A29H:R60N:I92C:D96Q,T7H:A29H:R60N:I92C:D96Q,5
R5D:T7S:Q47I:D96Q:V109Q,R5D:T7S:Q47I:D96Q:V109Q,5
L4N:G34T:Q47I:D61Q:R98D,L4N:G34T:Q47I:D61Q:R98D,5
G3E:T7H:A29K:Q47C:V107M,G3E:T7H:A29K:Q47C:V107M,5
T7S:A29H:Q47I:I92C:D96Q,T7S:A29H:Q47I:I92C:D96Q,5
R5D:T7H:A29K:Q47I:V109Q,R5D:T7H:A29K:Q47I:V109Q,5
G3E:T7H:A29K:Q47V:V109Q,G3E:T7H:A29K:Q47V:V109Q,5
R5D:T7H:Q47V:I92C:V109Q,R5D:T7H:Q47V:I92C:V109Q,5
R5D:Q47C:D61Q:I92C:D96Q,R5D:Q47C:D61Q:I92C:D96Q,5
L4N:T7H:G34T:Q47I:T113E,L4N:T7H:G34T:Q47I:T113E,5
T7S:A29H:G34T:Q47C:R60N,T7S:A29H:G34T:Q47C:R60N,5
L4N:T7S:Q47C:R98D:V109Q,L4N:T7S:Q47C:R98D:V109Q,5
G3E:L4N:R60N:R98D:V109Q,G3E:L4N:R60N:R98D:V109Q,5
G3E:L4N:G34T:Q47V:V109Q,G3E:L4N:G34T:Q47V:V109Q,5
R5D:T7H:Q47C:I92C:V109Q,R5D:T7H:Q47C:I92C:V109Q,5
R5D:A29K:Q47I:I92C:D96Q,R5D:A29K:Q47I:I92C:D96Q,5
R5D:Q47R:R60N:D61Q:I92C,R5D:Q47R:R60N:D61Q:I92C,5
L4N:A29K:R60N:I92C:D96Q,L4N:A29K:R60N:I92C:D96Q,5
L4N:T7H:G34T:Q47V:T113E,L4N:T7H:G34T:Q47V:T113E,5
G3E:Q47V:D61Q:D96Q:R98D,G3E:Q47V:D61Q:D96Q:R98D,5
L4N:G34T:Q47R:I92C:D96Q,L4N:G34T:Q47R:I92C:D96Q,5
L4N:G34T:Q47V:D96Q:R98D,L4N:G34T:Q47V:D96Q:R98D,5
R5D:Q47V:D61Q:I92C:D96Q,R5D:Q47V:D61Q:I92C:D96Q,5
T7H:G34T:Q47V:D61Q:I92C,T7H:G34T:Q47V:D61Q:I92C,5
G3E:A29K:G34T:Q47R:R60N,G3E:A29K:G34T:Q47R:R60N,5
L4N:G34T:Q47C:I92C:R98D,L4N:G34T:Q47C:I92C:R98D,5
R5D:T7H:Q47C:D96Q:T113E,R5D:T7H:Q47C:D96Q:T113E,5
G3E:T7H:Q47C:D61Q:V107M,G3E:T7H:Q47C:D61Q:V107M,5
G3E:G34T:Q47C:D61Q:D96Q,G3E:G34T:Q47C:D61Q:D96Q,5
L4N:A29K:G34T:Q47V:D96Q,L4N:A29K:G34T:Q47V:D96Q,5
L4N:A29H:Q47V:D96Q:R98D,L4N:A29H:Q47V:D96Q:R98D,5
L4N:Q47C:D61Q:I92C:R98D,L4N:Q47C:D61Q:I92C:R98D,5
G3E:Q47C:D61Q:D96Q:R98D,G3E:Q47C:D61Q:D96Q:R98D,5
T7H:A29K:G34T:Q47V:I92C,T7H:A29K:G34T:Q47V:I92C,5
G3E:A29H:G34T:Q47I:D96Q,G3E:A29H:G34T:Q47I:D96Q,5
G3E:A29H:Q47I:D61Q:I92C,G3E:A29H:Q47I:D61Q:I92C,5
T7H:G34T:Q47C:D61Q:R98D,T7H:G34T:Q47C:D61Q:R98D,5
G3E:L4N:A29K:Q47I:T113E,G3E:L4N:A29K:Q47I:T113E,5
G3E:T7H:Q47V:R98D:T113E,G3E:T7H:Q47V:R98D:T113E,5
G3E:L4N:A29H:Q47C:V109Q,G3E:L4N:A29H:Q47C:V109Q,5
R5D:A29H:Q47C:I92C:D96Q,R5D:A29H:Q47C:I92C:D96Q,5
T7H:A29K:G34T:Q47V:D61Q,T7H:A29K:G34T:Q47V:D61Q,5
R5D:T7H:Q47R:R60N:T113E,R5D:T7H:Q47R:R60N:T113E,5
G3E:A29H:G34T:Q47I:R60N,G3E:A29H:G34T:Q47I:R60N,5
L4N:A29K:G34T:Q47R:D96Q,L4N:A29K:G34T:Q47R:D96Q,5
R5D:T7H:Q47I:D96Q:T113E,R5D:T7H:Q47I:D96Q:T113E,5
L4N:A29K:Q47R:D61Q:D96Q,L4N:A29K:Q47R:D61Q:D96Q,5
L4N:T7H:G34T:Q47C:V107M,L4N:T7H:G34T:Q47C:V107M,5
R5D:T7H:Q47C:D96Q:V107M,R5D:T7H:Q47C:D96Q:V107M,5
R5D:T7H:G34T:Q47C:V109Q,R5D:T7H:G34T:Q47C:V109Q,5
G3E:L4N:A29H:Q47V:T113E,G3E:L4N:A29H:Q47V:T113E,5
G3E:T7S:Q47C:R60N:T113E,G3E:T7S:Q47C:R60N:T113E,5
T7H:A29K:Q47R:D61Q:D96Q,T7H:A29K:Q47R:D61Q:D96Q,5
R5D:T7H:Q47R:D96Q:V109Q,R5D:T7H:Q47R:D96Q:V109Q,5
L4N:T7H:A29K:Q47I:T113E,L4N:T7H:A29K:Q47I:T113E,5
G3E:L4N:Q47I:R98D:V107M,G3E:L4N:Q47I:R98D:V107M,5
L4N:Q47C:D61Q:D96Q:R98D,L4N:Q47C:D61Q:D96Q:R98D,5
L4N:G34T:Q47I:D96Q:R98D,L4N:G34T:Q47I:D96Q:R98D,5
L4N:T7H:Q47R:D96Q:T113E,L4N:T7H:Q47R:D96Q:T113E,5
L4N:A29K:Q47V:D96Q:R98D,L4N:A29K:Q47V:D96Q:R98D,5
L4N:T7H:Q47V:R98D:T113E,L4N:T7H:Q47V:R98D:T113E,5
L4N:Q47C:I92C:D96Q:R98D,L4N:Q47C:I92C:D96Q:R98D,5
G3E:T7H:A29H:Q47C:V109Q,G3E:T7H:A29H:Q47C:V109Q,5
T7H:A29K:G34T:Q47V:R98D,T7H:A29K:G34T:Q47V:R98D,5
L4N:A29H:Q47C:D61Q:I92C,L4N:A29H:Q47C:D61Q:I92C,5
G3E:G34T:Q47I:D61Q:R98D,G3E:G34T:Q47I:D61Q:R98D,5
R5D:T7H:A29H:Q47V:V109Q,R5D:T7H:A29H:Q47V:V109Q,5
T7H:A29K:G34T:Q47C:R98D,T7H:A29K:G34T:Q47C:R98D,5
L4N:T7H:A29K:Q47V:V107M,L4N:T7H:A29K:Q47V:V107M,5
T7H:A29K:G34T:Q47C:I92C,T7H:A29K:G34T:Q47C:I92C,5
T7H:G34T:Q47R:D61Q:D96Q,T7H:G34T:Q47R:D61Q:D96Q,5
G3E:A29H:Q47R:I92C:D96Q,G3E:A29H:Q47R:I92C:D96Q,5
G3E:L4N:Q47V:D96Q:V107M,G3E:L4N:Q47V:D96Q:V107M,5
G3E:T7H:Q47R:R98D:V109Q,G3E:T7H:Q47R:R98D:V109Q,5
R5D:T7H:Q47C:D61Q:T113E,R5D:T7H:Q47C:D61Q:T113E,5
L4N:T7H:Q47V:D61Q:T113E,L4N:T7H:Q47V:D61Q:T113E,5
T7S:A29K:G34T:Q47V:R60N,T7S:A29K:G34T:Q47V:R60N,5
G3E:L4N:A29K:Q47R:T113E,G3E:L4N:A29K:Q47R:T113E,5
L4N:A29H:G34T:Q47R:R60N,L4N:A29H:G34T:Q47R:R60N,5
L4N:A29K:G34T:Q47I:D96Q,L4N:A29K:G34T:Q47I:D96Q,5
G3E:T7S:Q47V:R60N:V107M,G3E:T7S:Q47V:R60N:V107M,5
T7S:Q47I:R60N:D61Q:I92C,T7S:Q47I:R60N:D61Q:I92C,5
L4N:T7H:Q47V:D61Q:V107M,L4N:T7H:Q47V:D61Q:V107M,5
G3E:Q47C:I92C:D96Q:R98D,G3E:Q47C:I92C:D96Q:R98D,5
G3E:T7H:Q47C:R98D:V107M,G3E:T7H:Q47C:R98D:V107M,5
G3E:A29K:Q47I:I92C:R98D,G3E:A29K:Q47I:I92C:R98D,5
L4N:Q47V:D61Q:D96Q:R98D,L4N:Q47V:D61Q:D96Q:R98D,5
G3E:L4N:Q47I:I92C:V107M,G3E:L4N:Q47I:I92C:V107M,5
G3E:T7H:A29H:Q47C:V107M,G3E:T7H:A29H:Q47C:V107M,5
G3E:T7S:Q47I:R60N:V109Q,G3E:T7S:Q47I:R60N:V109Q,5
L4N:G34T:Q47C:D61Q:I92C,L4N:G34T:Q47C:D61Q:I92C,5
L4N:A29H:Q47C:I92C:R98D,L4N:A29H:Q47C:I92C:R98D,5
L4N:R5D:Q47C:R98D:V109Q,L4N:R5D:Q47C:R98D:V109Q,5
T7S:A29K:Q47I:I92C:D96Q,T7S:A29K:Q47I:I92C:D96Q,5
G3E:L4N:Q47I:D96Q:V107M,G3E:L4N:Q47I:D96Q:V107M,5
L4N:G34T:Q47I:I92C:R98D,L4N:G34T:Q47I:I92C:R98D,5
R5D:T7H:Q47V:D96Q:T113E,R5D:T7H:Q47V:D96Q:T113E,5
T7S:A29K:Q47R:R60N:I92C,T7S:A29K:Q47R:R60N:I92C,5
T7S:G34T:Q47I:R60N:I92C,T7S:G34T:Q47I:R60N:I92C,5
L4N:T7H:A29H:Q47C:V107M,L4N:T7H:A29H:Q47C:V107M,5
L4N:Q47V:D61Q:I92C:R98D,L4N:Q47V:D61Q:I92C:R98D,5
L4N:A29K:Q47C:D96Q:R98D,L4N:A29K:Q47C:D96Q:R98D,5
G3E:T7H:Q47I:I92C:V107M,G3E:T7H:Q47I:I92C:V107M,5
L4N:T7H:Q47C:R98D:T113E,L4N:T7H:Q47C:R98D:T113E,5
G3E:L4N:Q47I:D61Q:V109Q,G3E:L4N:Q47I:D61Q:V109Q,5
L4N:R5D:Q47V:R98D:V109Q,L4N:R5D:Q47V:R98D:V109Q,5
T7H:Q47C:I92C:D96Q:R98D,T7H:Q47C:I92C:D96Q:R98D,5
L4N:G34T:Q47C:D96Q:R98D,L4N:G34T:Q47C:D96Q:R98D,5
G3E:L4N:A29K:Q47V:T113E,G3E:L4N:A29K:Q47V:T113E,5
T7H:A29K:G34T:Q47C:D96Q,T7H:A29K:G34T:Q47C:D96Q,5
G3E:T7H:Q47C:D61Q:V109Q,G3E:T7H:Q47C:D61Q:V109Q,5
L4N:T7H:Q47I:I92C:T113E,L4N:T7H:Q47I:I92C:T113E,5
R5D:A29H:Q47R:R60N:D96Q,R5D:A29H:Q47R:R60N:D96Q,5
G3E:R5D:Q47I:R98D:V109Q,G3E:R5D:Q47I:R98D:V109Q,5
G3E:G34T:Q47I:R60N:D61Q,G3E:G34T:Q47I:R60N:D61Q,5
T7H:A29K:G34T:Q47I:D96Q,T7H:A29K:G34T:Q47I:D96Q,5
R5D:A29K:G34T:Q47V:R60N,R5D:A29K:G34T:Q47V:R60N,5
L4N:A29H:Q47C:D96Q:R98D,L4N:A29H:Q47C:D96Q:R98D,5
G3E:G34T:Q47C:I92C:D96Q,G3E:G34T:Q47C:I92C:D96Q,5
R5D:A29H:G34T:Q47C:R60N,R5D:A29H:G34T:Q47C:R60N,5
R5D:T7H:Q47C:I92C:V107M,R5D:T7H:Q47C:I92C:V107M,5
T7H:A29H:G34T:Q47C:D96Q,T7H:A29H:G34T:Q47C:D96Q,5
G3E:L4N:Q47C:I92C:V109Q,G3E:L4N:Q47C:I92C:V109Q,5
L4N:A29K:Q47C:I92C:R98D,L4N:A29K:Q47C:I92C:R98D,5
L4N:T7H:A29H:Q47V:T113E,L4N:T7H:A29H:Q47V:T113E,5
G3E:T7H:Q47V:I92C:V109Q,G3E:T7H:Q47V:I92C:V109Q,5
L4N:A29K:G34T:Q47C:D61Q,L4N:A29K:G34T:Q47C:D61Q,5
L4N:A29K:Q47C:D61Q:I92C,L4N:A29K:Q47C:D61Q:I92C,5
G3E:L4N:A29H:D96Q:V109Q,G3E:L4N:A29H:D96Q:V109Q,5
T7H:G34T:Q47V:D61Q:R98D,T7H:G34T:Q47V:D61Q:R98D,5
L4N:A29K:Q47V:I92C:R98D,L4N:A29K:Q47V:I92C:R98D,5
G3E:Q47V:D61Q:I92C:R98D,G3E:Q47V:D61Q:I92C:R98D,5
G3E:L4N:Q47C:D96Q:T113E,G3E:L4N:Q47C:D96Q:T113E,5
T7S:A29K:Q47R:R60N:D96Q,T7S:A29K:Q47R:R60N:D96Q,5
L4N:T7S:Q47V:R60N:T113E,L4N:T7S:Q47V:R60N:T113E,5
R5D:T7H:A29K:Q47C:V109Q,R5D:T7H:A29K:Q47C:V109Q,5
T7H:Q47C:D61Q:I92C:R98D,T7H:Q47C:D61Q:I92C:R98D,5
T7H:R60N:D61Q:I92C:D96Q,T7H:R60N:D61Q:I92C:D96Q,5
L4N:A29K:G34T:Q47C:D96Q,L4N:A29K:G34T:Q47C:D96Q,5
T7H:G34T:Q47R:I92C:D96Q,T7H:G34T:Q47R:I92C:D96Q,5
R5D:A29K:Q47C:I92C:D96Q,R5D:A29K:Q47C:I92C:D96Q,5
T7H:A29K:Q47R:D96Q:R98D,T7H:A29K:Q47R:D96Q:R98D,5
L4N:T7S:Q47C:R60N:V107M,L4N:T7S:Q47C:R60N:V107M,5
L4N:T7H:A29H:Q47I:V107M,L4N:T7H:A29H:Q47I:V107M,5
L4N:G34T:Q47I:D61Q:D96Q,L4N:G34T:Q47I:D61Q:D96Q,5
R5D:Q47I:D61Q:I92C:D96Q,R5D:Q47I:D61Q:I92C:D96Q,5
T7H:A29H:G34T:Q47V:R98D,T7H:A29H:G34T:Q47V:R98D,5
L4N:T7H:Q47R:R98D:V109Q,L4N:T7H:Q47R:R98D:V109Q,5
G3E:L4N:G34T:Q47I:V109Q,G3E:L4N:G34T:Q47I:V109Q,5
G3E:Q47V:I92C:D96Q:R98D,G3E:Q47V:I92C:D96Q:R98D,5
G3E:T7H:Q47C:I92C:V107M,G3E:T7H:Q47C:I92C:V107M,5
T7H:A29H:Q47C:D96Q:R98D,T7H:A29H:Q47C:D96Q:R98D,5
G3E:T7H:G34T:Q47C:V107M,G3E:T7H:G34T:Q47C:V107M,5
G3E:T7H:A29K:Q47C:V109Q,G3E:T7H:A29K:Q47C:V109Q,5
G3E:L4N:Q47C:I92C:V107M,G3E:L4N:Q47C:I92C:V107M,5
L4N:A29H:Q47V:D61Q:R98D,L4N:A29H:Q47V:D61Q:R98D,5
G3E:L4N:Q47R:R60N:V107M,G3E:L4N:Q47R:R60N:V107M,5
G3E:T7H:Q47V:D96Q:T113E,G3E:T7H:Q47V:D96Q:T113E,5
G3E:G34T:Q47V:I92C:D96Q,G3E:G34T:Q47V:I92C:D96Q,5
L4N:T7H:G34T:Q47C:V109Q,L4N:T7H:G34T:Q47C:V109Q,5
G3E:T7H:Q47C:D96Q:V107M,G3E:T7H:Q47C:D96Q:V107M,5
T7H:Q47C:D61Q:D96Q:R98D,T7H:Q47C:D61Q:D96Q:R98D,5
L4N:T7H:Q47C:D61Q:T113E,L4N:T7H:Q47C:D61Q:T113E,5
G3E:A29H:Q47R:D61Q:D96Q,G3E:A29H:Q47R:D61Q:D96Q,5
L4N:T7S:Q47C:D96Q:V109Q,L4N:T7S:Q47C:D96Q:V109Q,5
G3E:R5D:Q47I:R60N:V109Q,G3E:R5D:Q47I:R60N:V109Q,5
L4N:A29K:G34T:Q47C:I92C,L4N:A29K:G34T:Q47C:I92C,5
R5D:A29H:Q47R:R60N:R98D,R5D:A29H:Q47R:R60N:R98D,5
R5D:Q47I:R60N:D61Q:I92C,R5D:Q47I:R60N:D61Q:I92C,5
T7H:A29H:Q47V:D61Q:I92C,T7H:A29H:Q47V:D61Q:I92C,5
T7H:G34T:Q47R:R60N:D61Q,T7H:G34T:Q47R:R60N:D61Q,5
L4N:T7H:Q47I:I92C:V107M,L4N:T7H:Q47I:I92C:V107M,5
G3E:T7H:Q47R:D96Q:V109Q,G3E:T7H:Q47R:D96Q:V109Q,5
L4N:R5D:A29K:Q47C:V107M,L4N:R5D:A29K:Q47C:V107M,5
G3E:T7H:Q47R:R60N:T113E,G3E:T7H:Q47R:R60N:T113E,5
L4N:G34T:Q47C:D61Q:D96Q,L4N:G34T:Q47C:D61Q:D96Q,5
R5D:T7H:Q47C:D96Q:V109Q,R5D:T7H:Q47C:D96Q:V109Q,5
L4N:R5D:Q47R:R60N:V109Q,L4N:R5D:Q47R:R60N:V109Q,5
R5D:T7H:Q47V:D96Q:V107M,R5D:T7H:Q47V:D96Q:V107M,5
T7H:G34T:Q47I:I92C:R98D,T7H:G34T:Q47I:I92C:R98D,5
G3E:A29H:Q47V:D96Q:R98D,G3E:A29H:Q47V:D96Q:R98D,5
L4N:A29H:G34T:Q47V:D96Q,L4N:A29H:G34T:Q47V:D96Q,5
L4N:R5D:Q47V:D96Q:V109Q,L4N:R5D:Q47V:D96Q:V109Q,5
G3E:A29K:Q47V:D61Q:D96Q,G3E:A29K:Q47V:D61Q:D96Q,5
T7H:A29K:Q47C:D61Q:I92C,T7H:A29K:Q47C:D61Q:I92C,5
T7H:Q47V:D61Q:I92C:R98D,T7H:Q47V:D61Q:I92C:R98D,5
G3E:A29K:Q47C:I92C:D96Q,G3E:A29K:Q47C:I92C:D96Q,5
R5D:G34T:Q47I:R60N:R98D,R5D:G34T:Q47I:R60N:R98D,5
G3E:T7H:G34T:Q47C:V109Q,G3E:T7H:G34T:Q47C:V109Q,5
R5D:A29H:Q47I:R60N:R98D,R5D:A29H:Q47I:R60N:R98D,5
T7H:G34T:Q47C:D61Q:I92C,T7H:G34T:Q47C:D61Q:I92C,5
L4N:T7H:Q47V:I92C:T113E,L4N:T7H:Q47V:I92C:T113E,5
T7H:A29H:Q47R:D96Q:R98D,T7H:A29H:Q47R:D96Q:R98D,5
T7S:G34T:Q47I:R60N:D96Q,T7S:G34T:Q47I:R60N:D96Q,5
L4N:A29H:G34T:Q47I:D96Q,L4N:A29H:G34T:Q47I:D96Q,5
T7H:A29K:Q47C:D61Q:R98D,T7H:A29K:Q47C:D61Q:R98D,5
G3E:L4N:Q47V:D61Q:V109Q,G3E:L4N:Q47V:D61Q:V109Q,5
T7S:A29K:Q47I:R60N:R98D,T7S:A29K:Q47I:R60N:R98D,5
G3E:T7H:Q47V:D61Q:V109Q,G3E:T7H:Q47V:D61Q:V109Q,5
L4N:A29K:Q47R:I92C:D96Q,L4N:A29K:Q47R:I92C:D96Q,5
G3E:L4N:Q47V:R98D:T113E,G3E:L4N:Q47V:R98D:T113E,5
L4N:T7H:Q47R:D96Q:V109Q,L4N:T7H:Q47R:D96Q:V109Q,5
R5D:A29H:Q47V:I92C:D96Q,R5D:A29H:Q47V:I92C:D96Q,5
T7H:A29H:Q47C:D61Q:R98D,T7H:A29H:Q47C:D61Q:R98D,5
L4N:T7H:A29K:Q47V:V109Q,L4N:T7H:A29K:Q47V:V109Q,5
T7H:A29H:Q47C:D61Q:I92C,T7H:A29H:Q47C:D61Q:I92C,5
L4N:T7H:Q47C:I92C:T113E,L4N:T7H:Q47C:I92C:T113E,5
G3E:T7H:Q47I:R98D:T113E,G3E:T7H:Q47I:R98D:T113E,5
G3E:A29K:Q47V:I92C:D96Q,G3E:A29K:Q47V:I92C:D96Q,5
L4N:Q47V:I92C:D96Q:R98D,L4N:Q47V:I92C:D96Q:R98D,5
T7H:A29K:Q47V:D61Q:R98D,T7H:A29K:Q47V:D61Q:R98D,5
R5D:A29K:G34T:Q47C:R60N,R5D:A29K:G34T:Q47C:R60N,5
T7H:Q47V:I92C:D96Q:R98D,T7H:Q47V:I92C:D96Q:R98D,5
R5D:T7H:A29K:Q47C:V107M,R5D:T7H:A29K:Q47C:V107M,5
G3E:T7H:Q47I:I92C:V109Q,G3E:T7H:Q47I:I92C:V109Q,5
G3E:L4N:Q47C:R98D:V109Q,G3E:L4N:Q47C:R98D:V109Q,5
T7H:A29K:R60N:I92C:D96Q,T7H:A29K:R60N:I92C:D96Q,5
L4N:T7H:A29H:Q47I:T113E,L4N:T7H:A29H:Q47I:T113E,5
G3E:T7H:Q47C:D96Q:T113E,G3E:T7H:Q47C:D96Q:T113E,5
T7S:A29K:Q47I:R60N:D96Q,T7S:A29K:Q47I:R60N:D96Q,5
L4N:R5D:Q47V:R60N:T113E,L4N:R5D:Q47V:R60N:T113E,5
T7H:A29H:Q47C:I92C:R98D,T7H:A29H:Q47C:I92C:R98D,5
L4N:T7H:A29H:Q47V:V109Q,L4N:T7H:A29H:Q47V:V109Q,5
L4N:A29H:Q47R:D61Q:D96Q,L4N:A29H:Q47R:D61Q:D96Q,5
G3E:L4N:Q47R:R60N:T113E,G3E:L4N:Q47R:R60N:T113E,5
L4N:T7H:A29K:Q47C:V107M,L4N:T7H:A29K:Q47C:V107M,5
L4N:T7H:Q47I:D61Q:V107M,L4N:T7H:Q47I:D61Q:V107M,5
T7S:G34T:Q47V:R60N:I92C,T7S:G34T:Q47V:R60N:I92C,5
G3E:T7S:Q47C:D96Q:V109Q,G3E:T7S:Q47C:D96Q:V109Q,5
T7S:Q47I:R60N:D61Q:D96Q,T7S:Q47I:R60N:D61Q:D96Q,5
G3E:T7H:Q47C:I92C:V109Q,G3E:T7H:Q47C:I92C:V109Q,5
G3E:T7H:G34T:Q47I:V109Q,G3E:T7H:G34T:Q47I:V109Q,5
R5D:A29K:Q47R:R60N:I92C,R5D:A29K:Q47R:R60N:I92C,5
T7H:G34T:Q47C:I92C:R98D,T7H:G34T:Q47C:I92C:R98D,5
R5D:A29H:Q47R:R60N:I92C,R5D:A29H:Q47R:R60N:I92C,5
L4N:A29K:Q47I:D61Q:R98D,L4N:A29K:Q47I:D61Q:R98D,5
G3E:L4N:Q47V:D96Q:T113E,G3E:L4N:Q47V:D96Q:T113E,5
L4N:A29H:G34T:Q47I:R60N,L4N:A29H:G34T:Q47I:R60N,5
G3E:T7H:A29H:Q47V:V109Q,G3E:T7H:A29H:Q47V:V109Q,5
T7H:A29H:G34T:Q47I:R98D,T7H:A29H:G34T:Q47I:R98D,5
R5D:Q47I:R60N:D61Q:R98D,R5D:Q47I:R60N:D61Q:R98D,5
G3E:L4N:Q47R:R60N:V109Q,G3E:L4N:Q47R:R60N:V109Q,5
G3E:R5D:Q47V:R60N:V109Q,G3E:R5D:Q47V:R60N:V109Q,5
L4N:T7H:G34T:Q47C:T113E,L4N:T7H:G34T:Q47C:T113E,5
L4N:T7H:Q47V:D61Q:V109Q,L4N:T7H:Q47V:D61Q:V109Q,5
T7S:G34T:Q47C:R60N:I92C,T7S:G34T:Q47C:R60N:I92C,5
G3E:A29H:Q47V:I92C:R98D,G3E:A29H:Q47V:I92C:R98D,5
G3E:A29H:Q47I:D61Q:R98D,G3E:A29H:Q47I:D61Q:R98D,5
G3E:G34T:Q47V:R60N:D61Q,G3E:G34T:Q47V:R60N:D61Q,5
R5D:A29K:Q47I:R60N:I92C,R5D:A29K:Q47I:R60N:I92C,5
G3E:T7S:Q47C:R60N:V109Q,G3E:T7S:Q47C:R60N:V109Q,5
R5D:T7S:Q47C:R60N:V109Q,R5D:T7S:Q47C:R60N:V109Q,5
T7H:G34T:Q47I:D61Q:R98D,T7H:G34T:Q47I:D61Q:R98D,5
G3E:Q47I:D61Q:D96Q:R98D,G3E:Q47I:D61Q:D96Q:R98D,5
G3E:G34T:Q47I:D61Q:D96Q,G3E:G34T:Q47I:D61Q:D96Q,5
T7S:A29K:Q47V:R60N:R98D,T7S:A29K:Q47V:R60N:R98D,5
L4N:A29K:Q47I:D96Q:R98D,L4N:A29K:Q47I:D96Q:R98D,5
T7S:A29H:Q47I:R60N:R98D,T7S:A29H:Q47I:R60N:R98D,5
T7S:A29H:Q47I:R60N:I92C,T7S:A29H:Q47I:R60N:I92C,5
G3E:Q47R:D61Q:I92C:D96Q,G3E:Q47R:D61Q:I92C:D96Q,5
G3E:G34T:Q47V:D61Q:D96Q,G3E:G34T:Q47V:D61Q:D96Q,5
L4N:T7H:R60N:D96Q:V109Q,L4N:T7H:R60N:D96Q:V109Q,5
G3E:L4N:A29H:Q47V:V109Q,G3E:L4N:A29H:Q47V:V109Q,5
T7H:G34T:Q47V:D96Q:R98D,T7H:G34T:Q47V:D96Q:R98D,5
L4N:Q47R:D61Q:I92C:D96Q,L4N:Q47R:D61Q:I92C:D96Q,5
L4N:G34T:Q47V:D61Q:D96Q,L4N:G34T:Q47V:D61Q:D96Q,5
T7H:A29H:Q47V:D61Q:R98D,T7H:A29H:Q47V:D61Q:R98D,5
L4N:A29K:Q47C:D61Q:D96Q,L4N:A29K:Q47C:D61Q:D96Q,5
L4N:A29H:Q47R:R60N:D61Q,L4N:A29H:Q47R:R60N:D61Q,5
T7H:A29H:Q47I:D61Q:I92C,T7H:A29H:Q47I:D61Q:I92C,5
G3E:L4N:A29H:Q47I:V109Q,G3E:L4N:A29H:Q47I:V109Q,5
L4N:T7S:Q47I:D96Q:V109Q,L4N:T7S:Q47I:D96Q:V109Q,5
G3E:L4N:A29K:Q47V:V107M,G3E:L4N:A29K:Q47V:V107M,5
R5D:A29H:Q47I:I92C:D96Q,R5D:A29H:Q47I:I92C:D96Q,5
T7H:A29H:Q47V:I92C:R98D,T7H:A29H:Q47V:I92C:R98D,5
R5D:T7H:Q47R:R60N:V107M,R5D:T7H:Q47R:R60N:V107M,5
L4N:T7H:Q47C:I92C:V107M,L4N:T7H:Q47C:I92C:V107M,5
L4N:T7S:Q47I:R60N:V107M,L4N:T7S:Q47I:R60N:V107M,5
L4N:A29K:Q47I:I92C:R98D,L4N:A29K:Q47I:I92C:R98D,5
R5D:G34T:Q47I:R60N:I92C,R5D:G34T:Q47I:R60N:I92C,5
G3E:L4N:Q47C:D96Q:V107M,G3E:L4N:Q47C:D96Q:V107M,5
T7S:Q47V:R60N:D61Q:I92C,T7S:Q47V:R60N:D61Q:I92C,5
T7H:A29K:G34T:Q47V:D96Q,T7H:A29K:G34T:Q47V:D96Q,5
G3E:L4N:Q47I:R98D:T113E,G3E:L4N:Q47I:R98D:T113E,5
L4N:G34T:Q47V:I92C:D96Q,L4N:G34T:Q47V:I92C:D96Q,5
T7S:A29K:Q47C:R60N:D61Q,T7S:A29K:Q47C:R60N:D61Q,5
R5D:T7H:Q47I:R60N:T113E,R5D:T7H:Q47I:R60N:T113E,5
G3E:L4N:A29K:Q47I:V109Q,G3E:L4N:A29K:Q47I:V109Q,5
G3E:A29H:Q47C:I92C:D96Q,G3E:A29H:Q47C:I92C:D96Q,5
R5D:Q47I:R60N:D61Q:D96Q,R5D:Q47I:R60N:D61Q:D96Q,5
T7H:A29K:Q47V:I92C:R98D,T7H:A29K:Q47V:I92C:R98D,5
L4N:G34T:Q47I:R60N:D61Q,L4N:G34T:Q47I:R60N:D61Q,5
L4N:G34T:Q47C:I92C:D96Q,L4N:G34T:Q47C:I92C:D96Q,5
G3E:T7H:Q47R:R60N:V107M,G3E:T7H:Q47R:R60N:V107M,5
L4N:T7H:Q47V:I92C:V109Q,L4N:T7H:Q47V:I92C:V109Q,5
L4N:T7H:Q47C:D96Q:T113E,L4N:T7H:Q47C:D96Q:T113E,5
G3E:A29H:Q47C:D61Q:D96Q,G3E:A29H:Q47C:D61Q:D96Q,5
G3E:T7S:Q47V:R60N:V109Q,G3E:T7S:Q47V:R60N:V109Q,5
G3E:A29H:Q47R:R60N:D61Q,G3E:A29H:Q47R:R60N:D61Q,5
T7S:A29H:Q47C:R60N:R98D,T7S:A29H:Q47C:R60N:R98D,5
G3E:Q47R:R60N:D61Q:R98D,G3E:Q47R:R60N:D61Q:R98D,5
R5D:T7H:Q47C:R98D:V109Q,R5D:T7H:Q47C:R98D:V109Q,5
L4N:T7H:Q47C:I92C:V109Q,L4N:T7H:Q47C:I92C:V109Q,5
L4N:R5D:Q47I:R98D:V109Q,L4N:R5D:Q47I:R98D:V109Q,5
T7S:Q47C:R60N:D61Q:I92C,T7S:Q47C:R60N:D61Q:I92C,5
L4N:T7H:Q47V:I92C:V107M,L4N:T7H:Q47V:I92C:V107M,5
G3E:L4N:Q47V:I92C:V109Q,G3E:L4N:Q47V:I92C:V109Q,5
L4N:A29K:Q47C:I92C:D96Q,L4N:A29K:Q47C:I92C:D96Q,5
T7H:A29K:Q47V:D61Q:I92C,T7H:A29K:Q47V:D61Q:I92C,5
G3E:R5D:Q47V:R60N:V107M,G3E:R5D:Q47V:R60N:V107M,5
G3E:T7H:A29K:Q47I:V109Q,G3E:T7H:A29K:Q47I:V109Q,5
R5D:G34T:Q47V:R60N:R98D,R5D:G34T:Q47V:R60N:R98D,5
L4N:T7S:Q47I:R60N:V109Q,L4N:T7S:Q47I:R60N:V109Q,5
T7H:G34T:Q47C:D61Q:D96Q,T7H:G34T:Q47C:D61Q:D96Q,5
T7S:G34T:Q47V:R60N:D96Q,T7S:G34T:Q47V:R60N:D96Q,5
L4N:T7H:Q47C:R98D:V109Q,L4N:T7H:Q47C:R98D:V109Q,5
G3E:T7H:Q47V:D96Q:V107M,G3E:T7H:Q47V:D96Q:V107M,5
L4N:Q47R:R60N:D61Q:I92C,L4N:Q47R:R60N:D61Q:I92C,5
G3E:A29K:G34T:Q47C:R60N,G3E:A29K:G34T:Q47C:R60N,5
R5D:A29H:Q47I:R60N:I92C,R5D:A29H:Q47I:R60N:I92C,5
L4N:A29H:Q47I:D61Q:I92C,L4N:A29H:Q47I:D61Q:I92C,5
T7H:Q47V:D61Q:D96Q:R98D,T7H:Q47V:D61Q:D96Q:R98D,5
L4N:R5D:Q47I:R60N:V109Q,L4N:R5D:Q47I:R60N:V109Q,5
R5D:Q47V:R60N:D61Q:I92C,R5D:Q47V:R60N:D61Q:I92C,5
L4N:R5D:Q47I:D96Q:V109Q,L4N:R5D:Q47I:D96Q:V109Q,5
L4N:G34T:Q47I:I92C:D96Q,L4N:G34T:Q47I:I92C:D96Q,5
G3E:G34T:Q47R:R60N:R98D,G3E:G34T:Q47R:R60N:R98D,5
L4N:A29K:Q47V:D61Q:D96Q,L4N:A29K:Q47V:D61Q:D96Q,5
T7H:G34T:Q47C:I92C:D96Q,T7H:G34T:Q47C:I92C:D96Q,5
G3E:A29K:Q47R:R60N:R98D,G3E:A29K:Q47R:R60N:R98D,5
L4N:G34T:Q47C:R60N:D61Q,L4N:G34T:Q47C:R60N:D61Q,5
G3E:A29H:Q47C:I92C:R98D,G3E:A29H:Q47C:I92C:R98D,5
L4N:T7H:Q47I:D61Q:T113E,L4N:T7H:Q47I:D61Q:T113E,5
R5D:Q47I:R60N:D96Q:R98D,R5D:Q47I:R60N:D96Q:R98D,5
L4N:G34T:Q47R:R60N:R98D,L4N:G34T:Q47R:R60N:R98D,5
T7S:A29K:Q47V:R60N:I92C,T7S:A29K:Q47V:R60N:I92C,5
T7S:A29K:Q47I:R60N:I92C,T7S:A29K:Q47I:R60N:I92C,5
R5D:T7H:Q47V:R98D:V109Q,R5D:T7H:Q47V:R98D:V109Q,5
L4N:T7H:A29H:Q47C:V109Q,L4N:T7H:A29H:Q47C:V109Q,5
G3E:L4N:Q47I:I92C:V109Q,G3E:L4N:Q47I:I92C:V109Q,5
G3E:L4N:Q47I:R60N:T113E,G3E:L4N:Q47I:R60N:T113E,5
G3E:T7H:Q47I:D61Q:V109Q,G3E:T7H:Q47I:D61Q:V109Q,5
T7H:A29K:Q47I:D61Q:I92C,T7H:A29K:Q47I:D61Q:I92C,5
L4N:G34T:Q47R:R60N:I92C,L4N:G34T:Q47R:R60N:I92C,5
G3E:A29H:Q47C:R60N:D61Q,G3E:A29H:Q47C:R60N:D61Q,5
G3E:T7H:Q47C:R98D:V109Q,G3E:T7H:Q47C:R98D:V109Q,5
L4N:A29H:Q47I:R60N:D61Q,L4N:A29H:Q47I:R60N:D61Q,5
G3E:Q47I:D61Q:I92C:R98D,G3E:Q47I:D61Q:I92C:R98D,5
G3E:L4N:Q47C:D96Q:V109Q,G3E:L4N:Q47C:D96Q:V109Q,5
G3E:L4N:Q47V:D96Q:V109Q,G3E:L4N:Q47V:D96Q:V109Q,5
T7H:A29H:Q47V:D96Q:R98D,T7H:A29H:Q47V:D96Q:R98D,5
T7S:Q47V:R60N:D96Q:R98D,T7S:Q47V:R60N:D96Q:R98D,5
T7H:A29K:Q47C:D96Q:R98D,T7H:A29K:Q47C:D96Q:R98D,5
T7S:Q47C:R60N:D61Q:D96Q,T7S:Q47C:R60N:D61Q:D96Q,5
T7S:A29K:Q47V:R60N:D96Q,T7S:A29K:Q47V:R60N:D96Q,5
G3E:L4N:A29K:Q47V:V109Q,G3E:L4N:A29K:Q47V:V109Q,5
L4N:A29H:Q47C:D61Q:D96Q,L4N:A29H:Q47C:D61Q:D96Q,5
L4N:A29K:Q47I:R60N:D61Q,L4N:A29K:Q47I:R60N:D61Q,5
T7H:A29K:Q47I:D61Q:R98D,T7H:A29K:Q47I:D61Q:R98D,5
G3E:T7H:Q47I:D96Q:V107M,G3E:T7H:Q47I:D96Q:V107M,5
R5D:Q47V:R60N:D61Q:R98D,R5D:Q47V:R60N:D61Q:R98D,5
R5D:T7H:Q47R:R60N:V109Q,R5D:T7H:Q47R:R60N:V109Q,5
L4N:T7H:Q47C:D96Q:V107M,L4N:T7H:Q47C:D96Q:V107M,5
G3E:L4N:Q47I:D96Q:T113E,G3E:L4N:Q47I:D96Q:T113E,5
T7H:G34T:Q47V:I92C:D96Q,T7H:G34T:Q47V:I92C:D96Q,5
L4N:T7H:Q47R:R60N:T113E,L4N:T7H:Q47R:R60N:T113E,5
G3E:T7H:Q47R:R60N:V109Q,G3E:T7H:Q47R:R60N:V109Q,5
R5D:T7H:Q47I:R98D:V109Q,R5D:T7H:Q47I:R98D:V109Q,5
T7H:G34T:Q47I:I92C:D96Q,T7H:G34T:Q47I:I92C:D96Q,5
L4N:Q47I:D61Q:I92C:R98D,L4N:Q47I:D61Q:I92C:R98D,5
T7S:Q47R:R60N:I92C:D96Q,T7S:Q47R:R60N:I92C:D96Q,5
L4N:T7S:Q47V:R60N:V107M,L4N:T7S:Q47V:R60N:V107M,5
L4N:A29H:Q47R:I92C:D96Q,L4N:A29H:Q47R:I92C:D96Q,5
T7H:A29H:G34T:Q47V:D96Q,T7H:A29H:G34T:Q47V:D96Q,5
R5D:A29K:Q47C:R60N:R98D,R5D:A29K:Q47C:R60N:R98D,5
L4N:Q47C:D61Q:I92C:D96Q,L4N:Q47C:D61Q:I92C:D96Q,5
G3E:A29H:G34T:Q47V:R60N,G3E:A29H:G34T:Q47V:R60N,5
R5D:G34T:Q47C:R60N:I92C,R5D:G34T:Q47C:R60N:I92C,5
T7H:A29K:Q47R:R60N:D61Q,T7H:A29K:Q47R:R60N:D61Q,5
G3E:A29H:Q47V:I92C:D96Q,G3E:A29H:Q47V:I92C:D96Q,5
L4N:T7H:Q47V:D96Q:T113E,L4N:T7H:Q47V:D96Q:T113E,5
G3E:A29K:Q47I:I92C:D96Q,G3E:A29K:Q47I:I92C:D96Q,5
T7H:A29K:Q47C:I92C:R98D,T7H:A29K:Q47C:I92C:R98D,5
T7S:A29H:Q47I:R60N:D96Q,T7S:A29H:Q47I:R60N:D96Q,5
G3E:A29H:Q47I:R60N:D61Q,G3E:A29H:Q47I:R60N:D61Q,5
T7H:A29K:G34T:Q47C:R60N,T7H:A29K:G34T:Q47C:R60N,5
R5D:A29K:Q47V:R60N:R98D,R5D:A29K:Q47V:R60N:R98D,5
T7S:G34T:Q47C:R60N:R98D,T7S:G34T:Q47C:R60N:R98D,5
R5D:A29H:Q47V:R60N:R98D,R5D:A29H:Q47V:R60N:R98D,5
L4N:A29K:Q47R:R60N:I92C,L4N:A29K:Q47R:R60N:I92C,5
L4N:T7H:Q47V:D96Q:V107M,L4N:T7H:Q47V:D96Q:V107M,5
L4N:T7H:Q47I:R98D:V107M,L4N:T7H:Q47I:R98D:V107M,5
T7H:A29K:Q47R:D61Q:I92C,T7H:A29K:Q47R:D61Q:I92C,5
G3E:A29H:Q47I:D96Q:R98D,G3E:A29H:Q47I:D96Q:R98D,5
G3E:L4N:Q47V:R98D:V109Q,G3E:L4N:Q47V:R98D:V109Q,5
L4N:A29H:G34T:Q47C:R60N,L4N:A29H:G34T:Q47C:R60N,5
R5D:A29H:Q47I:R60N:D96Q,R5D:A29H:Q47I:R60N:D96Q,5
T7S:Q47I:R60N:I92C:R98D,T7S:Q47I:R60N:I92C:R98D,5
L4N:T7H:Q47C:D61Q:V107M,L4N:T7H:Q47C:D61Q:V107M,5
G3E:R5D:Q47C:R60N:V107M,G3E:R5D:Q47C:R60N:V107M,5
L4N:T7H:A29K:Q47I:V109Q,L4N:T7H:A29K:Q47I:V109Q,5
R5D:G34T:Q47V:R60N:D96Q,R5D:G34T:Q47V:R60N:D96Q,5
T7S:Q47V:R60N:D61Q:D96Q,T7S:Q47V:R60N:D61Q:D96Q,5
R5D:G34T:Q47C:R60N:R98D,R5D:G34T:Q47C:R60N:R98D,5
G3E:G34T:Q47R:R60N:D96Q,G3E:G34T:Q47R:R60N:D96Q,5
L4N:A29H:Q47I:D61Q:R98D,L4N:A29H:Q47I:D61Q:R98D,5
L4N:A29H:Q47C:I92C:D96Q,L4N:A29H:Q47C:I92C:D96Q,5
G3E:Q47V:D61Q:I92C:D96Q,G3E:Q47V:D61Q:I92C:D96Q,5
R5D:G34T:Q47V:R60N:I92C,R5D:G34T:Q47V:R60N:I92C,5
T7H:A29H:Q47R:R60N:D61Q,T7H:A29H:Q47R:R60N:D61Q,5
R5D:Q47C:R60N:D61Q:R98D,R5D:Q47C:R60N:D61Q:R98D,5
L4N:A29K:Q47V:I92C:D96Q,L4N:A29K:Q47V:I92C:D96Q,5
T7H:G34T:Q47R:R60N:R98D,T7H:G34T:Q47R:R60N:R98D,5
L4N:A29H:Q47I:I92C:R98D,L4N:A29H:Q47I:I92C:R98D,5
G3E:G34T:Q47R:R60N:I92C,G3E:G34T:Q47R:R60N:I92C,5
G3E:A29H:Q47V:R60N:D61Q,G3E:A29H:Q47V:R60N:D61Q,5
L4N:Q47V:D61Q:I92C:D96Q,L4N:Q47V:D61Q:I92C:D96Q,5
L4N:A29K:Q47R:R60N:R98D,L4N:A29K:Q47R:R60N:R98D,5
G3E:A29K:Q47I:R60N:I92C,G3E:A29K:Q47I:R60N:I92C,5
L4N:A29H:G34T:Q47V:R60N,L4N:A29H:G34T:Q47V:R60N,5
T7H:A29H:Q47C:D61Q:D96Q,T7H:A29H:Q47C:D61Q:D96Q,5
G3E:A29K:Q47R:R60N:I92C,G3E:A29K:Q47R:R60N:I92C,5
G3E:A29K:Q47V:R60N:D61Q,G3E:A29K:Q47V:R60N:D61Q,5
T7H:G34T:Q47I:R60N:D61Q,T7H:G34T:Q47I:R60N:D61Q,5
G3E:Q47I:I92C:D96Q:R98D,G3E:Q47I:I92C:D96Q:R98D,5
T7S:A29H:Q47V:R60N:I92C,T7S:A29H:Q47V:R60N:I92C,5
L4N:Q47I:D61Q:D96Q:R98D,L4N:Q47I:D61Q:D96Q:R98D,5
R5D:Q47R:R60N:I92C:R98D,R5D:Q47R:R60N:I92C:R98D,5
G3E:A29K:G34T:Q47V:R60N,G3E:A29K:G34T:Q47V:R60N,5
R5D:Q47C:R60N:D61Q:I92C,R5D:Q47C:R60N:D61Q:I92C,5
L4N:A29H:Q47V:D61Q:D96Q,L4N:A29H:Q47V:D61Q:D96Q,5
G3E:Q47R:R60N:D61Q:I92C,G3E:Q47R:R60N:D61Q:I92C,5
T7H:A29H:G34T:Q47I:D96Q,T7H:A29H:G34T:Q47I:D96Q,5
R5D:Q47R:R60N:D96Q:R98D,R5D:Q47R:R60N:D96Q:R98D,5
T7S:Q47I:R60N:I92C:D96Q,T7S:Q47I:R60N:I92C:D96Q,5
T7S:Q47C:R60N:I92C:R98D,T7S:Q47C:R60N:I92C:R98D,5
L4N:Q47R:R60N:D61Q:R98D,L4N:Q47R:R60N:D61Q:R98D,5
T7H:G34T:Q47V:D61Q:D96Q,T7H:G34T:Q47V:D61Q:D96Q,5
L4N:T7H:Q47I:I92C:V109Q,L4N:T7H:Q47I:I92C:V109Q,5
G3E:A29H:Q47V:D61Q:D96Q,G3E:A29H:Q47V:D61Q:D96Q,5
T7H:G34T:Q47I:D61Q:D96Q,T7H:G34T:Q47I:D61Q:D96Q,5
L4N:Q47I:I92C:D96Q:R98D,L4N:Q47I:I92C:D96Q:R98D,5
L4N:G34T:Q47R:R60N:D96Q,L4N:G34T:Q47R:R60N:D96Q,5
T7H:Q47R:D61Q:I92C:D96Q,T7H:Q47R:D61Q:I92C:D96Q,5
L4N:A29H:Q47V:I92C:D96Q,L4N:A29H:Q47V:I92C:D96Q,5
T7H:G34T:Q47I:D96Q:R98D,T7H:G34T:Q47I:D96Q:R98D,5
T7H:A29K:Q47I:R60N:D61Q,T7H:A29K:Q47I:R60N:D61Q,5
L4N:A29K:Q47I:I92C:D96Q,L4N:A29K:Q47I:I92C:D96Q,5
G3E:A29H:Q47I:D61Q:D96Q,G3E:A29H:Q47I:D61Q:D96Q,5
G3E:Q47R:R60N:D96Q:R98D,G3E:Q47R:R60N:D96Q:R98D,5
G3E:Q47C:D61Q:I92C:D96Q,G3E:Q47C:D61Q:I92C:D96Q,5
L4N:T7H:Q47I:D61Q:V109Q,L4N:T7H:Q47I:D61Q:V109Q,5
T7H:A29K:Q47V:D96Q:R98D,T7H:A29K:Q47V:D96Q:R98D,5
L4N:R5D:Q47C:R60N:T113E,L4N:R5D:Q47C:R60N:T113E,5
G3E:L4N:Q47I:R98D:V109Q,G3E:L4N:Q47I:R98D:V109Q,5
R5D:T7H:Q47V:D96Q:V109Q,R5D:T7H:Q47V:D96Q:V109Q,5
G3E:A29K:Q47C:R60N:D61Q,G3E:A29K:Q47C:R60N:D61Q,5
L4N:R5D:Q47V:R60N:V107M,L4N:R5D:Q47V:R60N:V107M,5
G3E:A29H:Q47I:I92C:R98D,G3E:A29H:Q47I:I92C:R98D,5
G3E:L4N:Q47I:R60N:V107M,G3E:L4N:Q47I:R60N:V107M,5
T7S:A29K:Q47C:R60N:D96Q,T7S:A29K:Q47C:R60N:D96Q,5
T7S:A29K:Q47C:R60N:R98D,T7S:A29K:Q47C:R60N:R98D,5
G3E:T7H:Q47I:D96Q:T113E,G3E:T7H:Q47I:D96Q:T113E,5
L4N:A29H:Q47R:R60N:I92C,L4N:A29H:Q47R:R60N:I92C,5
L4N:T7S:Q47C:R60N:V109Q,L4N:T7S:Q47C:R60N:V109Q,5
L4N:T7H:Q47R:R60N:V107M,L4N:T7H:Q47R:R60N:V107M,5
L4N:A29H:Q47R:R60N:R98D,L4N:A29H:Q47R:R60N:R98D,5
T7H:A29K:Q47C:D61Q:D96Q,T7H:A29K:Q47C:D61Q:D96Q,5
L4N:A29K:Q47V:R60N:D61Q,L4N:A29K:Q47V:R60N:D61Q,5
L4N:A29K:G34T:Q47I:R60N,L4N:A29K:G34T:Q47I:R60N,5
L4N:Q47R:R60N:I92C:R98D,L4N:Q47R:R60N:I92C:R98D,5
G3E:T7H:Q47C:R60N:T113E,G3E:T7H:Q47C:R60N:T113E,5
T7H:A29K:Q47I:I92C:R98D,T7H:A29K:Q47I:I92C:R98D,5
R5D:T7H:Q47V:R60N:T113E,R5D:T7H:Q47V:R60N:T113E,5
T7H:A29K:Q47I:D96Q:R98D,T7H:A29K:Q47I:D96Q:R98D,5
G3E:L4N:Q47V:R60N:T113E,G3E:L4N:Q47V:R60N:T113E,5
L4N:R5D:Q47I:R60N:V107M,L4N:R5D:Q47I:R60N:V107M,5
L4N:T7H:A29H:Q47I:V109Q,L4N:T7H:A29H:Q47I:V109Q,5
G3E:G34T:Q47C:R60N:R98D,G3E:G34T:Q47C:R60N:R98D,5
T7S:Q47V:R60N:I92C:R98D,T7S:Q47V:R60N:I92C:R98D,5
G3E:R5D:Q47C:R60N:T113E,G3E:R5D:Q47C:R60N:T113E,5
T7H:G34T:Q47R:R60N:I92C,T7H:G34T:Q47R:R60N:I92C,5
G3E:T7H:Q47I:R60N:T113E,G3E:T7H:Q47I:R60N:T113E,5
L4N:A29H:Q47C:R60N:D61Q,L4N:A29H:Q47C:R60N:D61Q,5
T7H:Q47R:R60N:D61Q:R98D,T7H:Q47R:R60N:D61Q:R98D,5
L4N:G34T:Q47V:R60N:I92C,L4N:G34T:Q47V:R60N:I92C,5
T7H:G34T:Q47V:R60N:D61Q,T7H:G34T:Q47V:R60N:D61Q,5
T7H:A29H:Q47C:I92C:D96Q,T7H:A29H:Q47C:I92C:D96Q,5
L4N:A29K:G34T:Q47V:R60N,L4N:A29K:G34T:Q47V:R60N,5
R5D:A29K:Q47V:R60N:D96Q,R5D:A29K:Q47V:R60N:D96Q,5
L4N:A29K:Q47I:D61Q:D96Q,L4N:A29K:Q47I:D61Q:D96Q,5
G3E:G34T:Q47I:R60N:I92C,G3E:G34T:Q47I:R60N:I92C,5
T7S:A29K:Q47C:R60N:I92C,T7S:A29K:Q47C:R60N:I92C,5
T7S:A29H:Q47C:R60N:D96Q,T7S:A29H:Q47C:R60N:D96Q,5
G3E:T7H:A29H:Q47I:V109Q,G3E:T7H:A29H:Q47I:V109Q,5
R5D:A29K:Q47V:R60N:I92C,R5D:A29K:Q47V:R60N:I92C,5
G3E:L4N:Q47C:R60N:T113E,G3E:L4N:Q47C:R60N:T113E,5
T7H:A29H:Q47R:R60N:R98D,T7H:A29H:Q47R:R60N:R98D,5
L4N:A29K:Q47I:R60N:I92C,L4N:A29K:Q47I:R60N:I92C,5
T7H:A29H:G34T:Q47C:R60N,T7H:A29H:G34T:Q47C:R60N,5
T7H:Q47I:D61Q:D96Q:R98D,T7H:Q47I:D61Q:D96Q:R98D,5
G3E:A29K:Q47I:R60N:R98D,G3E:A29K:Q47I:R60N:R98D,5
L4N:A29H:Q47V:R60N:D61Q,L4N:A29H:Q47V:R60N:D61Q,5
L4N:A29H:Q47I:D96Q:R98D,L4N:A29H:Q47I:D96Q:R98D,5
T7H:Q47I:I92C:D96Q:R98D,T7H:Q47I:I92C:D96Q:R98D,5
T7H:A29K:Q47V:D61Q:D96Q,T7H:A29K:Q47V:D61Q:D96Q,5
T7H:Q47I:D61Q:I92C:R98D,T7H:Q47I:D61Q:I92C:R98D,5
G3E:A29H:Q47R:R60N:I92C,G3E:A29H:Q47R:R60N:I92C,5
L4N:G34T:Q47V:R60N:D61Q,L4N:G34T:Q47V:R60N:D61Q,5
T7S:A29H:Q47C:R60N:I92C,T7S:A29H:Q47C:R60N:I92C,5
G3E:A29H:Q47R:R60N:R98D,G3E:A29H:Q47R:R60N:R98D,5
R5D:Q47V:R60N:D61Q:D96Q,R5D:Q47V:R60N:D61Q:D96Q,5
L4N:A29H:Q47R:R60N:D96Q,L4N:A29H:Q47R:R60N:D96Q,5
T7H:Q47V:D61Q:I92C:D96Q,T7H:Q47V:D61Q:I92C:D96Q,5
T7H:A29H:Q47V:D61Q:D96Q,T7H:A29H:Q47V:D61Q:D96Q,5
L4N:Q47R:R60N:D96Q:R98D,L4N:Q47R:R60N:D96Q:R98D,5
L4N:A29K:Q47R:R60N:D96Q,L4N:A29K:Q47R:R60N:D96Q,5
T7H:Q47C:D61Q:I92C:D96Q,T7H:Q47C:D61Q:I92C:D96Q,5
L4N:T7H:Q47I:R60N:V107M,L4N:T7H:Q47I:R60N:V107M,5
L4N:G34T:Q47I:R60N:R98D,L4N:G34T:Q47I:R60N:R98D,5
R5D:Q47R:R60N:I92C:D96Q,R5D:Q47R:R60N:I92C:D96Q,5
G3E:Q47V:R60N:D61Q:I92C,G3E:Q47V:R60N:D61Q:I92C,5
T7H:A29K:Q47R:R60N:R98D,T7H:A29K:Q47R:R60N:R98D,5
T7H:A29H:Q47I:D61Q:R98D,T7H:A29H:Q47I:D61Q:R98D,5
G3E:Q47I:D61Q:I92C:D96Q,G3E:Q47I:D61Q:I92C:D96Q,5
G3E:L4N:Q47V:R60N:V109Q,G3E:L4N:Q47V:R60N:V109Q,5
T7H:A29K:Q47V:I92C:D96Q,T7H:A29K:Q47V:I92C:D96Q,5
L4N:A29K:G34T:Q47C:R60N,L4N:A29K:G34T:Q47C:R60N,5
G3E:T7H:Q47I:R60N:V107M,G3E:T7H:Q47I:R60N:V107M,5
G3E:L4N:Q47I:D96Q:V109Q,G3E:L4N:Q47I:D96Q:V109Q,5
L4N:T7H:Q47V:R98D:V109Q,L4N:T7H:Q47V:R98D:V109Q,5
R5D:A29H:Q47V:R60N:D96Q,R5D:A29H:Q47V:R60N:D96Q,5
T7H:A29H:G34T:Q47V:R60N,T7H:A29H:G34T:Q47V:R60N,5
T7H:G34T:Q47I:R60N:I92C,T7H:G34T:Q47I:R60N:I92C,5
G3E:T7H:Q47V:R60N:V107M,G3E:T7H:Q47V:R60N:V107M,5
T7H:A29H:G34T:Q47I:R60N,T7H:A29H:G34T:Q47I:R60N,5
T7H:Q47R:R60N:D96Q:R98D,T7H:Q47R:R60N:D96Q:R98D,5
L4N:Q47C:R60N:D61Q:R98D,L4N:Q47C:R60N:D61Q:R98D,5
G3E:Q47C:R60N:D61Q:I92C,G3E:Q47C:R60N:D61Q:I92C,5
R5D:A29H:Q47C:R60N:R98D,R5D:A29H:Q47C:R60N:R98D,5
L4N:G34T:Q47I:R60N:D96Q,L4N:G34T:Q47I:R60N:D96Q,5
G3E:Q47R:R60N:I92C:R98D,G3E:Q47R:R60N:I92C:R98D,5
R5D:Q47C:R60N:D96Q:R98D,R5D:Q47C:R60N:D96Q:R98D,5
G3E:A29H:Q47C:R60N:R98D,G3E:A29H:Q47C:R60N:R98D,5
T7H:G34T:Q47C:R60N:D61Q,T7H:G34T:Q47C:R60N:D61Q,5
T7H:A29H:Q47C:R60N:D61Q,T7H:A29H:Q47C:R60N:D61Q,5
T7H:A29K:Q47C:I92C:D96Q,T7H:A29K:Q47C:I92C:D96Q,5
G3E:G34T:Q47I:R60N:R98D,G3E:G34T:Q47I:R60N:R98D,5
R5D:Q47C:R60N:I92C:R98D,R5D:Q47C:R60N:I92C:R98D,5
R5D:T7H:Q47V:R60N:V107M,R5D:T7H:Q47V:R60N:V107M,5
T7S:A29H:Q47V:R60N:D96Q,T7S:A29H:Q47V:R60N:D96Q,5
R5D:A29K:Q47C:R60N:I92C,R5D:A29K:Q47C:R60N:I92C,5
R5D:T7H:Q47I:R60N:V109Q,R5D:T7H:Q47I:R60N:V109Q,5
G3E:T7H:Q47V:D96Q:V109Q,G3E:T7H:Q47V:D96Q:V109Q,5
G3E:L4N:Q47C:R60N:V107M,G3E:L4N:Q47C:R60N:V107M,5
R5D:T7H:Q47I:D96Q:V109Q,R5D:T7H:Q47I:D96Q:V109Q,5
L4N:Q47I:R60N:D61Q:R98D,L4N:Q47I:R60N:D61Q:R98D,5
T7S:Q47V:R60N:I92C:D96Q,T7S:Q47V:R60N:I92C:D96Q,5
L4N:Q47C:R60N:D61Q:I92C,L4N:Q47C:R60N:D61Q:I92C,5
T7H:A29K:Q47V:R60N:D61Q,T7H:A29K:Q47V:R60N:D61Q,5
G3E:Q47R:R60N:D61Q:D96Q,G3E:Q47R:R60N:D61Q:D96Q,5
R5D:A29H:Q47V:R60N:I92C,R5D:A29H:Q47V:R60N:I92C,5
L4N:G34T:Q47V:R60N:R98D,L4N:G34T:Q47V:R60N:R98D,5
R5D:T7H:Q47C:R60N:V107M,R5D:T7H:Q47C:R60N:V107M,5
T7H:A29K:Q47I:D61Q:D96Q,T7H:A29K:Q47I:D61Q:D96Q,5
G3E:G34T:Q47V:R60N:I92C,G3E:G34T:Q47V:R60N:I92C,5
G3E:T7H:Q47V:R60N:T113E,G3E:T7H:Q47V:R60N:T113E,5
T7S:Q47C:R60N:I92C:D96Q,T7S:Q47C:R60N:I92C:D96Q,5
L4N:T7H:Q47I:D96Q:T113E,L4N:T7H:Q47I:D96Q:T113E,5
L4N:A29H:Q47I:D61Q:D96Q,L4N:A29H:Q47I:D61Q:D96Q,5
L4N:T7H:Q47V:D96Q:V109Q,L4N:T7H:Q47V:D96Q:V109Q,5
L4N:Q47I:R60N:D61Q:I92C,L4N:Q47I:R60N:D61Q:I92C,5
G3E:Q47V:R60N:D96Q:R98D,G3E:Q47V:R60N:D96Q:R98D,5
T7H:A29K:Q47I:I92C:D96Q,T7H:A29K:Q47I:I92C:D96Q,5
G3E:T7H:Q47I:R98D:V109Q,G3E:T7H:Q47I:R98D:V109Q,5
L4N:T7H:Q47C:R60N:T113E,L4N:T7H:Q47C:R60N:T113E,5
T7H:A29H:Q47R:R60N:I92C,T7H:A29H:Q47R:R60N:I92C,5
R5D:Q47V:R60N:I92C:R98D,R5D:Q47V:R60N:I92C:R98D,5
T7H:A29K:Q47R:R60N:I92C,T7H:A29K:Q47R:R60N:I92C,5
R5D:A29K:Q47C:R60N:D96Q,R5D:A29K:Q47C:R60N:D96Q,5
L4N:Q47V:R60N:D61Q:I92C,L4N:Q47V:R60N:D61Q:I92C,5
T7H:A29K:G34T:Q47V:R60N,T7H:A29K:G34T:Q47V:R60N,5
T7H:Q47V:R60N:D61Q:R98D,T7H:Q47V:R60N:D61Q:R98D,5
G3E:A29K:Q47V:R60N:R98D,G3E:A29K:Q47V:R60N:R98D,5
T7H:G34T:Q47C:R60N:R98D,T7H:G34T:Q47C:R60N:R98D,5
L4N:G34T:Q47V:R60N:D96Q,L4N:G34T:Q47V:R60N:D96Q,5
G3E:L4N:Q47C:R60N:V109Q,G3E:L4N:Q47C:R60N:V109Q,5
L4N:Q47C:R60N:D96Q:R98D,L4N:Q47C:R60N:D96Q:R98D,5
L4N:Q47V:R60N:D61Q:R98D,L4N:Q47V:R60N:D61Q:R98D,5
L4N:A29H:Q47C:R60N:I92C,L4N:A29H:Q47C:R60N:I92C,5
L4N:Q47C:R60N:D61Q:D96Q,L4N:Q47C:R60N:D61Q:D96Q,5
T7H:A29K:Q47V:R60N:R98D,T7H:A29K:Q47V:R60N:R98D,5
L4N:A29K:Q47V:R60N:R98D,L4N:A29K:Q47V:R60N:R98D,5
G3E:A29H:Q47I:I92C:D96Q,G3E:A29H:Q47I:I92C:D96Q,5
L4N:G34T:Q47C:R60N:R98D,L4N:G34T:Q47C:R60N:R98D,5
R5D:Q47I:R60N:I92C:D96Q,R5D:Q47I:R60N:I92C:D96Q,5
G3E:T7H:Q47C:R60N:V107M,G3E:T7H:Q47C:R60N:V107M,5
T7H:G34T:Q47I:R60N:R98D,T7H:G34T:Q47I:R60N:R98D,5
L4N:A29K:Q47I:R60N:D96Q,L4N:A29K:Q47I:R60N:D96Q,5
T7H:A29H:Q47I:I92C:D96Q,T7H:A29H:Q47I:I92C:D96Q,5
G3E:G34T:Q47C:R60N:I92C,G3E:G34T:Q47C:R60N:I92C,5
T7H:Q47I:R60N:D61Q:I92C,T7H:Q47I:R60N:D61Q:I92C,5
L4N:Q47R:R60N:I92C:D96Q,L4N:Q47R:R60N:I92C:D96Q,5
L4N:T7H:Q47C:R60N:V107M,L4N:T7H:Q47C:R60N:V107M,5
T7H:A29H:Q47I:R60N:D61Q,T7H:A29H:Q47I:R60N:D61Q,5
T7H:Q47R:R60N:I92C:R98D,T7H:Q47R:R60N:I92C:R98D,5
T7H:G34T:Q47C:R60N:I92C,T7H:G34T:Q47C:R60N:I92C,5
T7H:G34T:Q47R:R60N:D96Q,T7H:G34T:Q47R:R60N:D96Q,5
T7H:A29H:Q47V:R60N:D61Q,T7H:A29H:Q47V:R60N:D61Q,5
L4N:Q47V:R60N:D96Q:R98D,L4N:Q47V:R60N:D96Q:R98D,5
L4N:Q47R:R60N:D61Q:D96Q,L4N:Q47R:R60N:D61Q:D96Q,5
L4N:A29H:Q47C:R60N:R98D,L4N:A29H:Q47C:R60N:R98D,5
T7H:Q47V:R60N:D61Q:I92C,T7H:Q47V:R60N:D61Q:I92C,5
L4N:G34T:Q47C:R60N:I92C,L4N:G34T:Q47C:R60N:I92C,5
L4N:Q47V:R60N:I92C:R98D,L4N:Q47V:R60N:I92C:R98D,5
T7H:A29K:Q47I:R60N:I92C,T7H:A29K:Q47I:R60N:I92C,5
T7H:Q47I:D61Q:I92C:D96Q,T7H:Q47I:D61Q:I92C:D96Q,5
T7H:A29K:Q47I:R60N:R98D,T7H:A29K:Q47I:R60N:R98D,5
L4N:T7H:Q47V:R60N:T113E,L4N:T7H:Q47V:R60N:T113E,5
L4N:Q47V:R60N:D61Q:D96Q,L4N:Q47V:R60N:D61Q:D96Q,5
L4N:A29K:Q47V:R60N:I92C,L4N:A29K:Q47V:R60N:I92C,5
R5D:A29H:Q47C:R60N:D96Q,R5D:A29H:Q47C:R60N:D96Q,5
G3E:Q47I:R60N:I92C:R98D,G3E:Q47I:R60N:I92C:R98D,5
T7H:A29H:Q47V:R60N:R98D,T7H:A29H:Q47V:R60N:R98D,5
L4N:G34T:Q47C:R60N:D96Q,L4N:G34T:Q47C:R60N:D96Q,5
G3E:Q47C:R60N:D96Q:R98D,G3E:Q47C:R60N:D96Q:R98D,5
G3E:A29K:Q47C:R60N:I92C,G3E:A29K:Q47C:R60N:I92C,5
T7H:A29H:Q47C:R60N:R98D,T7H:A29H:Q47C:R60N:R98D,5
L4N:Q47I:R60N:D61Q:D96Q,L4N:Q47I:R60N:D61Q:D96Q,5
G3E:A29H:Q47C:R60N:I92C,G3E:A29H:Q47C:R60N:I92C,5
L4N:Q47I:R60N:I92C:R98D,L4N:Q47I:R60N:I92C:R98D,5
T7H:Q47V:R60N:D96Q:R98D,T7H:Q47V:R60N:D96Q:R98D,5
L4N:A29H:Q47I:R60N:D96Q,L4N:A29H:Q47I:R60N:D96Q,5
L4N:A29K:Q47C:R60N:R98D,L4N:A29K:Q47C:R60N:R98D,5
T7H:A29H:Q47I:D61Q:D96Q,T7H:A29H:Q47I:D61Q:D96Q,5
L4N:A29H:Q47I:R60N:I92C,L4N:A29H:Q47I:R60N:I92C,5
R5D:T7H:Q47C:R60N:V109Q,R5D:T7H:Q47C:R60N:V109Q,5
G3E:A29K:Q47C:R60N:R98D,G3E:A29K:Q47C:R60N:R98D,5
G3E:A29K:Q47C:R60N:D96Q,G3E:A29K:Q47C:R60N:D96Q,5
G3E:A29K:Q47I:R60N:D96Q,G3E:A29K:Q47I:R60N:D96Q,5
G3E:G34T:Q47V:R60N:D96Q,G3E:G34T:Q47V:R60N:D96Q,5
G3E:G34T:Q47I:R60N:D96Q,G3E:G34T:Q47I:R60N:D96Q,5
G3E:A29H:Q47I:R60N:R98D,G3E:A29H:Q47I:R60N:R98D,5
T7H:A29H:Q47I:R60N:I92C,T7H:A29H:Q47I:R60N:I92C,5
G3E:A29K:Q47V:R60N:I92C,G3E:A29K:Q47V:R60N:I92C,5
G3E:T7H:Q47I:D96Q:V109Q,G3E:T7H:Q47I:D96Q:V109Q,5
G3E:Q47I:R60N:D61Q:D96Q,G3E:Q47I:R60N:D61Q:D96Q,5
T7H:G34T:Q47I:R60N:D96Q,T7H:G34T:Q47I:R60N:D96Q,5
G3E:Q47R:R60N:I92C:D96Q,G3E:Q47R:R60N:I92C:D96Q,5
L4N:A29H:Q47I:R60N:R98D,L4N:A29H:Q47I:R60N:R98D,5
T7H:A29H:Q47I:R60N:R98D,T7H:A29H:Q47I:R60N:R98D,5
G3E:T7H:Q47V:R60N:V109Q,G3E:T7H:Q47V:R60N:V109Q,5
L4N:T7H:Q47C:R60N:V109Q,L4N:T7H:Q47C:R60N:V109Q,5
T7H:Q47I:R60N:I92C:R98D,T7H:Q47I:R60N:I92C:R98D,5
L4N:T7H:Q47V:R60N:V109Q,L4N:T7H:Q47V:R60N:V109Q,5
G3E:Q47I:R60N:I92C:D96Q,G3E:Q47I:R60N:I92C:D96Q,5
T7H:A29H:Q47R:R60N:D96Q,T7H:A29H:Q47R:R60N:D96Q,5
G3E:Q47C:R60N:I92C:R98D,G3E:Q47C:R60N:I92C:R98D,5
G3E:A29H:Q47V:R60N:I92C,G3E:A29H:Q47V:R60N:I92C,5
G3E:Q47V:R60N:I92C:R98D,G3E:Q47V:R60N:I92C:R98D,5
T7H:A29K:Q47I:R60N:D96Q,T7H:A29K:Q47I:R60N:D96Q,5
L4N:A29H:Q47V:R60N:D96Q,L4N:A29H:Q47V:R60N:D96Q,5
T7H:Q47I:R60N:D61Q:D96Q,T7H:Q47I:R60N:D61Q:D96Q,5
T7H:G34T:Q47V:R60N:D96Q,T7H:G34T:Q47V:R60N:D96Q,5
T7H:A29H:Q47V:R60N:I92C,T7H:A29H:Q47V:R60N:I92C,5
G3E:Q47V:R60N:I92C:D96Q,G3E:Q47V:R60N:I92C:D96Q,5
L4N:Q47V:R60N:I92C:D96Q,L4N:Q47V:R60N:I92C:D96Q,5
L4N:Q47I:R60N:I92C:D96Q,L4N:Q47I:R60N:I92C:D96Q,5
T7H:A29H:Q47V:R60N:D96Q,T7H:A29H:Q47V:R60N:D96Q,5
T7H:Q47V:R60N:D61Q:D96Q,T7H:Q47V:R60N:D61Q:D96Q,5
T7H:Q47V:R60N:I92C:R98D,T7H:Q47V:R60N:I92C:R98D,5
G3E:A29H:Q47V:R60N:D96Q,G3E:A29H:Q47V:R60N:D96Q,5
G3E:A29H:Q47I:R60N:D96Q,G3E:A29H:Q47I:R60N:D96Q,5
L4N:T7H:Q47I:R60N:V109Q,L4N:T7H:Q47I:R60N:V109Q,5
T7H:A29K:Q47C:R60N:D96Q,T7H:A29K:Q47C:R60N:D96Q,5
T7H:Q47C:R60N:D61Q:D96Q,T7H:Q47C:R60N:D61Q:D96Q,5
T7H:Q47V:R60N:I92C:D96Q,T7H:Q47V:R60N:I92C:D96Q,5
L4N:Q47C:R60N:I92C:D96Q,L4N:Q47C:R60N:I92C:D96Q,5
T7H:A29H:Q47I:R60N:D96Q,T7H:A29H:Q47I:R60N:D96Q,5
T7H:Q47I:R60N:I92C:D96Q,T7H:Q47I:R60N:I92C:D96Q,5
T7H:Q47C:R60N:I92C:D96Q,T7H:Q47C:R60N:I92C:D96Q,5
R5D:T7S:D61Q:V109Q:T113E,R5D:T7S:D61Q:V109Q:T113E,5
T7S:A29H:G34T:R60N:V109Q,T7S:A29H:G34T:R60N:V109Q,5
T7S:G34T:R60N:D61Q:T113E,T7S:G34T:R60N:D61Q:T113E,5
R5D:T7S:G34T:V107M:T113E,R5D:T7S:G34T:V107M:T113E,5
T7S:G34T:D61Q:R98D:V107M,T7S:G34T:D61Q:R98D:V107M,5
T7S:A29K:G34T:R98D:V107M,T7S:A29K:G34T:R98D:V107M,5
T7S:A29H:G34T:D61Q:V107M,T7S:A29H:G34T:D61Q:V107M,5
T7S:A29H:I92C:R98D:V107M,T7S:A29H:I92C:R98D:V107M,5
R5D:A29H:D61Q:R98D:V107M,R5D:A29H:D61Q:R98D:V107M,5
T7S:A29H:D61Q:R98D:V107M,T7S:A29H:D61Q:R98D:V107M,5
T7S:R60N:D61Q:R98D:T113E,T7S:R60N:D61Q:R98D:T113E,5
T7S:A29H:D96Q:R98D:V107M,T7S:A29H:D96Q:R98D:V107M,5
R5D:D61Q:D96Q:R98D:V107M,R5D:D61Q:D96Q:R98D:V107M,5
R5D:T7S:G34T:V107M:V109Q,R5D:T7S:G34T:V107M:V109Q,5
G3E:R5D:A29H:V107M:T113E,G3E:R5D:A29H:V107M:T113E,5
R5D:A29H:D61Q:D96Q:V107M,R5D:A29H:D61Q:D96Q:V107M,5
R5D:T7S:R98D:V107M:T113E,R5D:T7S:R98D:V107M:T113E,5
R5D:D61Q:I92C:R98D:V107M,R5D:D61Q:I92C:R98D:V107M,5
R5D:G34T:D61Q:R98D:V107M,R5D:G34T:D61Q:R98D:V107M,5
T7S:A29H:G34T:I92C:V107M,T7S:A29H:G34T:I92C:V107M,5
T7S:A29H:G34T:R98D:V107M,T7S:A29H:G34T:R98D:V107M,5
T7S:G34T:Q47R:R98D:V107M,T7S:G34T:Q47R:R98D:V107M,5
R5D:R60N:D61Q:R98D:V107M,R5D:R60N:D61Q:R98D:V107M,5
R5D:I92C:D96Q:R98D:V107M,R5D:I92C:D96Q:R98D:V107M,5
R5D:A29H:D61Q:R98D:T113E,R5D:A29H:D61Q:R98D:T113E,5
R5D:G34T:D96Q:R98D:V107M,R5D:G34T:D96Q:R98D:V107M,5
R5D:G34T:D61Q:R98D:T113E,R5D:G34T:D61Q:R98D:T113E,5
T7S:G34T:Q47R:D61Q:V107M,T7S:G34T:Q47R:D61Q:V107M,5
T7S:A29K:G34T:Q47R:T113E,T7S:A29K:G34T:Q47R:T113E,5
T7S:A29H:D61Q:I92C:V107M,T7S:A29H:D61Q:I92C:V107M,5
R5D:T7S:A29H:V107M:V109Q,R5D:T7S:A29H:V107M:V109Q,5
R5D:A29H:G34T:D61Q:T113E,R5D:A29H:G34T:D61Q:T113E,5
T7S:G34T:D61Q:I92C:T113E,T7S:G34T:D61Q:I92C:T113E,5
R5D:T7S:D61Q:V107M:V109Q,R5D:T7S:D61Q:V107M:V109Q,5
T7S:A29H:R60N:R98D:T113E,T7S:A29H:R60N:R98D:T113E,5
R5D:G34T:I92C:R98D:V107M,R5D:G34T:I92C:R98D:V107M,5
R5D:T7S:Q47R:V109Q:T113E,R5D:T7S:Q47R:V109Q:T113E,5
R5D:T7S:I92C:V107M:T113E,R5D:T7S:I92C:V107M:T113E,5
R5D:A29H:D96Q:R98D:V107M,R5D:A29H:D96Q:R98D:V107M,5
R5D:T7S:D61Q:V107M:T113E,R5D:T7S:D61Q:V107M:T113E,5
R5D:A29H:G34T:D61Q:V107M,R5D:A29H:G34T:D61Q:V107M,5
T7S:G34T:D61Q:D96Q:T113E,T7S:G34T:D61Q:D96Q:T113E,5
R5D:T7S:A29H:V107M:T113E,R5D:T7S:A29H:V107M:T113E,5
T7S:A29K:D61Q:I92C:V107M,T7S:A29K:D61Q:I92C:V107M,5
R5D:A29H:G34T:R98D:V107M,R5D:A29H:G34T:R98D:V107M,5
T7S:A29H:R60N:D61Q:V107M,T7S:A29H:R60N:D61Q:V107M,5
T7S:A29H:Q47R:R98D:T113E,T7S:A29H:Q47R:R98D:T113E,5
T7S:A29H:G34T:D61Q:T113E,T7S:A29H:G34T:D61Q:T113E,5
T7S:G34T:D61Q:R98D:T113E,T7S:G34T:D61Q:R98D:T113E,5
R5D:R60N:D61Q:R98D:T113E,R5D:R60N:D61Q:R98D:T113E,5
T7S:A29K:G34T:D61Q:V109Q,T7S:A29K:G34T:D61Q:V109Q,5
T7S:A29K:I92C:R98D:V107M,T7S:A29K:I92C:R98D:V107M,5
T7S:D61Q:I92C:R98D:V107M,T7S:D61Q:I92C:R98D:V107M,5
R5D:T7S:Q47R:V107M:T113E,R5D:T7S:Q47R:V107M:T113E,5
R5D:A29H:R60N:D61Q:T113E,R5D:A29H:R60N:D61Q:T113E,5
R5D:A29H:I92C:R98D:V107M,R5D:A29H:I92C:R98D:V107M,5
R5D:A29K:G34T:I92C:V107M,R5D:A29K:G34T:I92C:V107M,5
T7S:Q47R:D61Q:R98D:V107M,T7S:Q47R:D61Q:R98D:V107M,5
T7S:A29K:G34T:D61Q:V107M,T7S:A29K:G34T:D61Q:V107M,5
T7S:G34T:I92C:D96Q:V107M,T7S:G34T:I92C:D96Q:V107M,5
T7S:A29H:D61Q:D96Q:T113E,T7S:A29H:D61Q:D96Q:T113E,5
T7S:Q47R:D61Q:D96Q:V107M,T7S:Q47R:D61Q:D96Q:V107M,5
T7S:A29K:D61Q:R98D:V107M,T7S:A29K:D61Q:R98D:V107M,5
R5D:G34T:D61Q:D96Q:V107M,R5D:G34T:D61Q:D96Q:V107M,5
T7S:A29H:R60N:D61Q:T113E,T7S:A29H:R60N:D61Q:T113E,5
T7S:G34T:D61Q:I92C:V109Q,T7S:G34T:D61Q:I92C:V109Q,5
R5D:A29K:G34T:D61Q:V109Q,R5D:A29K:G34T:D61Q:V109Q,5
R5D:D61Q:D96Q:R98D:T113E,R5D:D61Q:D96Q:R98D:T113E,5
T7S:D61Q:D96Q:R98D:V107M,T7S:D61Q:D96Q:R98D:V107M,5
R5D:G34T:D61Q:I92C:V107M,R5D:G34T:D61Q:I92C:V107M,5
T7S:A29H:Q47R:I92C:V107M,T7S:A29H:Q47R:I92C:V107M,5
R5D:A29H:D61Q:I92C:V107M,R5D:A29H:D61Q:I92C:V107M,5
R5D:A29K:G34T:Q47R:T113E,R5D:A29K:G34T:Q47R:T113E,5
T7S:A29H:G34T:R98D:T113E,T7S:A29H:G34T:R98D:T113E,5
R5D:T7S:A29K:V107M:T113E,R5D:T7S:A29K:V107M:T113E,5
T7S:I92C:D96Q:R98D:V107M,T7S:I92C:D96Q:R98D:V107M,5
T7S:R60N:I92C:R98D:V107M,T7S:R60N:I92C:R98D:V107M,5
T7S:D61Q:D96Q:R98D:T113E,T7S:D61Q:D96Q:R98D:T113E,5
T7S:A29K:R60N:D61Q:V107M,T7S:A29K:R60N:D61Q:V107M,5
T7S:D61Q:I92C:D96Q:V107M,T7S:D61Q:I92C:D96Q:V107M,5
T7S:A29H:D61Q:R98D:T113E,T7S:A29H:D61Q:R98D:T113E,5
T7S:A29H:G34T:I92C:T113E,T7S:A29H:G34T:I92C:T113E,5
R5D:A29H:G34T:D96Q:V107M,R5D:A29H:G34T:D96Q:V107M,5
T7S:G34T:D61Q:I92C:V107M,T7S:G34T:D61Q:I92C:V107M,5
G3E:T7S:D61Q:V107M:V109Q,G3E:T7S:D61Q:V107M:V109Q,5
R5D:A29K:Q47R:D61Q:T113E,R5D:A29K:Q47R:D61Q:T113E,5
R5D:A29K:D61Q:R98D:V107M,R5D:A29K:D61Q:R98D:V107M,5
R5D:G34T:Q47R:R98D:V107M,R5D:G34T:Q47R:R98D:V107M,5
T7S:A29H:G34T:I92C:V109Q,T7S:A29H:G34T:I92C:V109Q,5
R5D:A29H:G34T:I92C:V107M,R5D:A29H:G34T:I92C:V107M,5
T7S:G34T:D96Q:R98D:T113E,T7S:G34T:D96Q:R98D:T113E,5
T7S:Q47R:D61Q:R98D:T113E,T7S:Q47R:D61Q:R98D:T113E,5
G34T:D61Q:I92C:D96Q:R98D,G34T:D61Q:I92C:D96Q:R98D,5
R5D:G34T:D61Q:R98D:V109Q,R5D:G34T:D61Q:R98D:V109Q,5
R5D:A29H:G34T:R60N:V109Q,R5D:A29H:G34T:R60N:V109Q,5
R5D:G34T:R60N:D61Q:V107M,R5D:G34T:R60N:D61Q:V107M,5
R5D:T7H:G34T:V107M:V109Q,R5D:T7H:G34T:V107M:V109Q,5
R5D:A29K:G34T:D61Q:V107M,R5D:A29K:G34T:D61Q:V107M,5
R5D:T7S:R98D:V107M:V109Q,R5D:T7S:R98D:V107M:V109Q,5
R5D:A29H:G34T:D96Q:T113E,R5D:A29H:G34T:D96Q:T113E,5
T7S:A29H:Q47R:D61Q:V107M,T7S:A29H:Q47R:D61Q:V107M,5
T7S:A29H:G34T:D96Q:V107M,T7S:A29H:G34T:D96Q:V107M,5
G3E:R5D:G34T:V107M:V109Q,G3E:R5D:G34T:V107M:V109Q,5
T7S:A29K:G34T:D61Q:T113E,T7S:A29K:G34T:D61Q:T113E,5
T7S:R60N:D61Q:R98D:V107M,T7S:R60N:D61Q:R98D:V107M,5
T7S:A29H:G34T:D61Q:V109Q,T7S:A29H:G34T:D61Q:V109Q,5
T7S:R60N:D96Q:R98D:T113E,T7S:R60N:D96Q:R98D:T113E,5
R5D:R60N:D61Q:D96Q:T113E,R5D:R60N:D61Q:D96Q:T113E,5
R5D:G34T:I92C:D96Q:V109Q,R5D:G34T:I92C:D96Q:V109Q,5
T7S:A29K:G34T:R60N:T113E,T7S:A29K:G34T:R60N:T113E,5
T7S:R60N:D61Q:D96Q:V107M,T7S:R60N:D61Q:D96Q:V107M,5
R5D:A29K:G34T:R98D:V107M,R5D:A29K:G34T:R98D:V107M,5
R5D:R60N:D61Q:D96Q:V107M,R5D:R60N:D61Q:D96Q:V107M,5
T7S:A29H:G34T:Q47R:V107M,T7S:A29H:G34T:Q47R:V107M,5
T7S:G34T:R60N:R98D:V107M,T7S:G34T:R60N:R98D:V107M,5
T7H:G34T:D61Q:R98D:V107M,T7H:G34T:D61Q:R98D:V107M,5
T7S:A29K:D61Q:D96Q:V107M,T7S:A29K:D61Q:D96Q:V107M,5
T7S:A29H:R60N:R98D:V107M,T7S:A29H:R60N:R98D:V107M,5
R5D:G34T:D96Q:R98D:T113E,R5D:G34T:D96Q:R98D:T113E,5
R5D:T7S:Q47R:V107M:V109Q,R5D:T7S:Q47R:V107M:V109Q,5
R5D:R60N:D61Q:I92C:T113E,R5D:R60N:D61Q:I92C:T113E,5
T7S:Q47R:D96Q:R98D:V107M,T7S:Q47R:D96Q:R98D:V107M,5
T7S:A29H:I92C:D96Q:T113E,T7S:A29H:I92C:D96Q:T113E,5
T7S:Q47R:I92C:R98D:V107M,T7S:Q47R:I92C:R98D:V107M,5
R5D:A29H:G34T:R60N:T113E,R5D:A29H:G34T:R60N:T113E,5
T7S:Q47V:D61Q:R98D:V107M,T7S:Q47V:D61Q:R98D:V107M,5
T7S:A29H:G34T:D96Q:T113E,T7S:A29H:G34T:D96Q:T113E,5
T7S:Q47R:D61Q:I92C:V107M,T7S:Q47R:D61Q:I92C:V107M,5
R5D:A29H:R60N:D61Q:V107M,R5D:A29H:R60N:D61Q:V107M,5
T7H:A29H:D61Q:I92C:V107M,T7H:A29H:D61Q:I92C:V107M,5
T7S:A29H:D96Q:R98D:T113E,T7S:A29H:D96Q:R98D:T113E,5
T7S:A29H:I92C:D96Q:V107M,T7S:A29H:I92C:D96Q:V107M,5
R5D:G34T:D61Q:D96Q:T113E,R5D:G34T:D61Q:D96Q:T113E,5
R5D:G34T:D61Q:I92C:V109Q,R5D:G34T:D61Q:I92C:V109Q,5
T7H:G34T:D61Q:D96Q:V107M,T7H:G34T:D61Q:D96Q:V107M,5
R5D:A29H:G34T:D61Q:V109Q,R5D:A29H:G34T:D61Q:V109Q,5
T7S:G34T:Q47R:D61Q:T113E,T7S:G34T:Q47R:D61Q:T113E,5
T7S:A29H:Q47R:R98D:V107M,T7S:A29H:Q47R:R98D:V107M,5
R5D:T7S:A29K:V107M:V109Q,R5D:T7S:A29K:V107M:V109Q,5
R5D:D61Q:I92C:D96Q:V107M,R5D:D61Q:I92C:D96Q:V107M,5
T7S:A29K:R60N:R98D:T113E,T7S:A29K:R60N:R98D:T113E,5
G3E:T7S:D61Q:V107M:T113E,G3E:T7S:D61Q:V107M:T113E,5
T7S:G34T:I92C:R98D:V107M,T7S:G34T:I92C:R98D:V107M,5
T7H:D61Q:D96Q:R98D:V107M,T7H:D61Q:D96Q:R98D:V107M,5
T7S:R60N:D96Q:R98D:V107M,T7S:R60N:D96Q:R98D:V107M,5
T7S:A29K:R60N:I92C:T113E,T7S:A29K:R60N:I92C:T113E,5
G3E:R5D:R98D:V107M:T113E,G3E:R5D:R98D:V107M:T113E,5
R5D:Q47R:D61Q:R98D:V107M,R5D:Q47R:D61Q:R98D:V107M,5
T7S:D61Q:I92C:R98D:T113E,T7S:D61Q:I92C:R98D:T113E,5
T7S:G34T:Q47I:D61Q:V107M,T7S:G34T:Q47I:D61Q:V107M,5
R5D:G34T:Q47R:I92C:V109Q,R5D:G34T:Q47R:I92C:V109Q,5
T7S:A29H:G34T:Q47R:T113E,T7S:A29H:G34T:Q47R:T113E,5
R5D:A29H:D61Q:D96Q:T113E,R5D:A29H:D61Q:D96Q:T113E,5
R5D:G34T:I92C:R98D:T113E,R5D:G34T:I92C:R98D:T113E,5
R5D:R60N:D96Q:R98D:V107M,R5D:R60N:D96Q:R98D:V107M,5
R5D:R60N:I92C:R98D:T113E,R5D:R60N:I92C:R98D:T113E,5
T7S:A29H:Q47R:D96Q:V107M,T7S:A29H:Q47R:D96Q:V107M,5
T7S:A29K:G34T:I92C:V107M,T7S:A29K:G34T:I92C:V107M,5
R5D:D61Q:I92C:R98D:T113E,R5D:D61Q:I92C:R98D:T113E,5
R5D:G34T:Q47R:I92C:V107M,R5D:G34T:Q47R:I92C:V107M,5
T7S:A29H:Q47C:R98D:V107M,T7S:A29H:Q47C:R98D:V107M,5
T7S:A29H:I92C:R98D:T113E,T7S:A29H:I92C:R98D:T113E,5
T7S:A29K:Q47R:R98D:V107M,T7S:A29K:Q47R:R98D:V107M,5
T7S:A29H:D61Q:D96Q:V107M,T7S:A29H:D61Q:D96Q:V107M,5
T7S:A29H:G34T:R60N:V107M,T7S:A29H:G34T:R60N:V107M,5
T7S:A29K:G34T:R60N:V107M,T7S:A29K:G34T:R60N:V107M,5
T7H:A29H:G34T:Q47R:V107M,T7H:A29H:G34T:Q47R:V107M,5
R5D:A29H:G34T:R98D:T113E,R5D:A29H:G34T:R98D:T113E,5
R5D:A29H:G34T:R60N:V107M,R5D:A29H:G34T:R60N:V107M,5
R5D:A29H:D61Q:I92C:V109Q,R5D:A29H:D61Q:I92C:V109Q,5
G3E:R5D:G34T:V107M:T113E,G3E:R5D:G34T:V107M:T113E,5
T7S:A29H:R60N:I92C:T113E,T7S:A29H:R60N:I92C:T113E,5
R5D:A29H:G34T:R98D:V109Q,R5D:A29H:G34T:R98D:V109Q,5
T7S:A29K:I92C:R98D:T113E,T7S:A29K:I92C:R98D:T113E,5
G3E:A29H:D61Q:R98D:V107M,G3E:A29H:D61Q:R98D:V107M,5
T7S:G34T:R60N:D61Q:V107M,T7S:G34T:R60N:D61Q:V107M,5
R5D:G34T:D61Q:D96Q:V109Q,R5D:G34T:D61Q:D96Q:V109Q,5
T7S:G34T:Q47R:D61Q:V109Q,T7S:G34T:Q47R:D61Q:V109Q,5
T7S:G34T:D61Q:D96Q:V107M,T7S:G34T:D61Q:D96Q:V107M,5
T7S:G34T:Q47R:I92C:V107M,T7S:G34T:Q47R:I92C:V107M,5
R5D:T7S:R60N:V107M:V109Q,R5D:T7S:R60N:V107M:V109Q,5
T7S:A29K:G34T:Q47R:V107M,T7S:A29K:G34T:Q47R:V107M,5
T7H:R60N:D61Q:R98D:V107M,T7H:R60N:D61Q:R98D:V107M,5
R5D:A29H:D61Q:D96Q:V109Q,R5D:A29H:D61Q:D96Q:V109Q,5
T7S:I92C:D96Q:R98D:V109Q,T7S:I92C:D96Q:R98D:V109Q,5
T7H:G34T:D96Q:R98D:V107M,T7H:G34T:D96Q:R98D:V107M,5
T7S:A29H:D61Q:R98D:V109Q,T7S:A29H:D61Q:R98D:V109Q,5
R5D:G34T:R60N:D61Q:V109Q,R5D:G34T:R60N:D61Q:V109Q,5
G3E:R5D:A29H:V109Q:T113E,G3E:R5D:A29H:V109Q:T113E,5
R5D:T7H:A29H:V107M:T113E,R5D:T7H:A29H:V107M:T113E,5
T7S:A29H:D61Q:I92C:T113E,T7S:A29H:D61Q:I92C:T113E,5
R5D:T7H:R98D:V107M:T113E,R5D:T7H:R98D:V107M:T113E,5
G3E:T7S:A29H:V109Q:T113E,G3E:T7S:A29H:V109Q:T113E,5
G3E:T7S:R60N:V107M:T113E,G3E:T7S:R60N:V107M:T113E,5
G3E:T7S:R98D:V107M:T113E,G3E:T7S:R98D:V107M:T113E,5
T7S:G34T:Q47V:D61Q:T113E,T7S:G34T:Q47V:D61Q:T113E,5
R5D:Q47R:I92C:R98D:V107M,R5D:Q47R:I92C:R98D:V107M,5
R5D:T7S:D96Q:V107M:V109Q,R5D:T7S:D96Q:V107M:V109Q,5
T7S:A29K:G34T:D96Q:T113E,T7S:A29K:G34T:D96Q:T113E,5
R5D:G34T:Q47R:D61Q:V107M,R5D:G34T:Q47R:D61Q:V107M,5
T7S:G34T:R60N:D96Q:T113E,T7S:G34T:R60N:D96Q:T113E,5
G3E:T7S:A29H:V107M:V109Q,G3E:T7S:A29H:V107M:V109Q,5
R5D:A29H:G34T:I92C:T113E,R5D:A29H:G34T:I92C:T113E,5
R5D:T7H:A29H:V109Q:T113E,R5D:T7H:A29H:V109Q:T113E,5
T7S:G34T:I92C:R98D:V109Q,T7S:G34T:I92C:R98D:V109Q,5
R5D:A29H:D61Q:I92C:T113E,R5D:A29H:D61Q:I92C:T113E,5
T7S:G34T:I92C:R98D:T113E,T7S:G34T:I92C:R98D:T113E,5
T7S:G34T:I92C:D96Q:T113E,T7S:G34T:I92C:D96Q:T113E,5
T7S:R60N:D61Q:I92C:V107M,T7S:R60N:D61Q:I92C:V107M,5
R5D:T7H:D61Q:V107M:V109Q,R5D:T7H:D61Q:V107M:V109Q,5
R5D:A29K:D61Q:I92C:V107M,R5D:A29K:D61Q:I92C:V107M,5
R5D:A29H:G34T:Q47R:V107M,R5D:A29H:G34T:Q47R:V107M,5
T7S:A29K:R60N:D96Q:V107M,T7S:A29K:R60N:D96Q:V107M,5
T7S:A29K:R60N:D61Q:T113E,T7S:A29K:R60N:D61Q:T113E,5
T7S:G34T:R60N:I92C:V109Q,T7S:G34T:R60N:I92C:V109Q,5
L4N:T7S:A29H:V107M:V109Q,L4N:T7S:A29H:V107M:V109Q,5
G3E:A29K:D61Q:I92C:V107M,G3E:A29K:D61Q:I92C:V107M,5
R5D:T7S:D96Q:V107M:T113E,R5D:T7S:D96Q:V107M:T113E,5
R5D:A29H:I92C:D96Q:V107M,R5D:A29H:I92C:D96Q:V107M,5
R5D:G34T:Q47R:D96Q:V107M,R5D:G34T:Q47R:D96Q:V107M,5
T7S:A29K:D61Q:I92C:V109Q,T7S:A29K:D61Q:I92C:V109Q,5
R5D:T7S:I92C:V107M:V109Q,R5D:T7S:I92C:V107M:V109Q,5
T7S:A29K:G34T:Q47C:T113E,T7S:A29K:G34T:Q47C:T113E,5
R5D:T7H:A29K:V107M:T113E,R5D:T7H:A29K:V107M:T113E,5
R5D:T7S:Q47V:V107M:V109Q,R5D:T7S:Q47V:V107M:V109Q,5
R5D:A29K:G34T:Q47R:V107M,R5D:A29K:G34T:Q47R:V107M,5
R5D:A29K:D96Q:R98D:V107M,R5D:A29K:D96Q:R98D:V107M,5
R5D:T7H:R60N:V107M:T113E,R5D:T7H:R60N:V107M:T113E,5
T7S:A29K:D61Q:R98D:T113E,T7S:A29K:D61Q:R98D:T113E,5
T7S:A29H:R60N:D96Q:T113E,T7S:A29H:R60N:D96Q:T113E,5
R5D:G34T:R60N:D61Q:T113E,R5D:G34T:R60N:D61Q:T113E,5
G3E:R5D:D61Q:V107M:T113E,G3E:R5D:D61Q:V107M:T113E,5
T7H:A29H:G34T:D61Q:V107M,T7H:A29H:G34T:D61Q:V107M,5
L4N:T7S:G34T:V107M:V109Q,L4N:T7S:G34T:V107M:V109Q,5
T7S:A29H:D61Q:I92C:V109Q,T7S:A29H:D61Q:I92C:V109Q,5
R5D:T7S:A29K:V109Q:T113E,R5D:T7S:A29K:V109Q:T113E,5
R5D:T7S:I92C:V109Q:T113E,R5D:T7S:I92C:V109Q:T113E,5
T7S:A29K:G34T:R98D:T113E,T7S:A29K:G34T:R98D:T113E,5
T7H:D61Q:I92C:R98D:V107M,T7H:D61Q:I92C:R98D:V107M,5
R5D:G34T:R60N:I92C:V107M,R5D:G34T:R60N:I92C:V107M,5
T7S:A29H:R60N:I92C:V107M,T7S:A29H:R60N:I92C:V107M,5
T7S:G34T:Q47C:D61Q:V107M,T7S:G34T:Q47C:D61Q:V107M,5
R5D:G34T:Q47I:R98D:V107M,R5D:G34T:Q47I:R98D:V107M,5
T7S:A29K:Q47R:D61Q:V107M,T7S:A29K:Q47R:D61Q:V107M,5
R5D:A29H:D61Q:R98D:V109Q,R5D:A29H:D61Q:R98D:V109Q,5
A29K:D61Q:I92C:D96Q:R98D,A29K:D61Q:I92C:D96Q:R98D,5
T7H:A29H:G34T:D61Q:T113E,T7H:A29H:G34T:D61Q:T113E,5
T7H:G34T:R60N:D61Q:V107M,T7H:G34T:R60N:D61Q:V107M,5
T7S:A29H:R60N:I92C:V109Q,T7S:A29H:R60N:I92C:V109Q,5
T7S:G34T:Q47R:D96Q:V107M,T7S:G34T:Q47R:D96Q:V107M,5
T7S:A29K:R60N:R98D:V107M,T7S:A29K:R60N:R98D:V107M,5
R5D:R60N:I92C:R98D:V107M,R5D:R60N:I92C:R98D:V107M,5
T7S:A29H:G34T:R60N:T113E,T7S:A29H:G34T:R60N:T113E,5
T7S:A29H:R60N:D61Q:V109Q,T7S:A29H:R60N:D61Q:V109Q,5
T7S:A29H:G34T:Q47I:T113E,T7S:A29H:G34T:Q47I:T113E,5
T7S:Q47C:D61Q:R98D:V107M,T7S:Q47C:D61Q:R98D:V107M,5
T7S:A29K:G34T:I92C:V109Q,T7S:A29K:G34T:I92C:V109Q,5
R5D:T7S:R98D:V109Q:T113E,R5D:T7S:R98D:V109Q:T113E,5
T7S:A29H:Q47R:D61Q:V109Q,T7S:A29H:Q47R:D61Q:V109Q,5
T7S:A29H:Q47V:R98D:V107M,T7S:A29H:Q47V:R98D:V107M,5
G3E:R5D:A29K:V107M:T113E,G3E:R5D:A29K:V107M:T113E,5
T7S:G34T:Q47V:R98D:V107M,T7S:G34T:Q47V:R98D:V107M,5
T7H:G34T:D61Q:I92C:V107M,T7H:G34T:D61Q:I92C:V107M,5
R5D:G34T:I92C:R98D:V109Q,R5D:G34T:I92C:R98D:V109Q,5
T7S:A29K:I92C:D96Q:T113E,T7S:A29K:I92C:D96Q:T113E,5
R5D:A29H:R60N:D61Q:V109Q,R5D:A29H:R60N:D61Q:V109Q,5
R5D:A29H:G34T:I92C:V109Q,R5D:A29H:G34T:I92C:V109Q,5
T7S:A29K:G34T:D96Q:V109Q,T7S:A29K:G34T:D96Q:V109Q,5
G3E:A29K:G34T:D61Q:V107M,G3E:A29K:G34T:D61Q:V107M,5
R5D:G34T:Q47R:D61Q:V109Q,R5D:G34T:Q47R:D61Q:V109Q,5
R5D:T7S:G34T:V109Q:T113E,R5D:T7S:G34T:V109Q:T113E,5
R5D:G34T:Q47R:I92C:T113E,R5D:G34T:Q47R:I92C:T113E,5
G3E:T7S:A29H:V107M:T113E,G3E:T7S:A29H:V107M:T113E,5
R5D:G34T:I92C:D96Q:V107M,R5D:G34T:I92C:D96Q:V107M,5
T7S:A29K:D61Q:D96Q:T113E,T7S:A29K:D61Q:D96Q:T113E,5
T7S:A29H:I92C:R98D:V109Q,T7S:A29H:I92C:R98D:V109Q,5
G3E:T7S:A29K:V107M:T113E,G3E:T7S:A29K:V107M:T113E,5
L4N:T7H:A29K:V107M:T113E,L4N:T7H:A29K:V107M:T113E,5
G3E:R5D:A29H:V107M:V109Q,G3E:R5D:A29H:V107M:V109Q,5
R5D:T7H:R60N:V107M:V109Q,R5D:T7H:R60N:V107M:V109Q,5
T7H:A29H:G34T:D61Q:V109Q,T7H:A29H:G34T:D61Q:V109Q,5
T7S:A29K:R60N:I92C:V107M,T7S:A29K:R60N:I92C:V107M,5
R5D:I92C:D96Q:R98D:T113E,R5D:I92C:D96Q:R98D:T113E,5
G3E:A29H:G34T:D61Q:V107M,G3E:A29H:G34T:D61Q:V107M,5
R5D:T7S:R60N:V107M:T113E,R5D:T7S:R60N:V107M:T113E,5
T7H:A29K:G34T:R98D:V107M,T7H:A29K:G34T:R98D:V107M,5
T7S:A29K:G34T:D96Q:V107M,T7S:A29K:G34T:D96Q:V107M,5
G34T:R60N:D61Q:I92C:R98D,G34T:R60N:D61Q:I92C:R98D,5
R5D:A29H:Q47R:D61Q:V107M,R5D:A29H:Q47R:D61Q:V107M,5
R5D:G34T:D61Q:I92C:T113E,R5D:G34T:D61Q:I92C:T113E,5
L4N:T7S:D61Q:V107M:V109Q,L4N:T7S:D61Q:V107M:V109Q,5
T7S:D61Q:I92C:R98D:V109Q,T7S:D61Q:I92C:R98D:V109Q,5
T7S:A29H:D61Q:D96Q:V109Q,T7S:A29H:D61Q:D96Q:V109Q,5
T7S:G34T:Q47I:D61Q:T113E,T7S:G34T:Q47I:D61Q:T113E,5
R5D:A29K:G34T:R98D:T113E,R5D:A29K:G34T:R98D:T113E,5
T7S:A29H:G34T:Q47C:T113E,T7S:A29H:G34T:Q47C:T113E,5
T7S:A29H:R60N:D96Q:V107M,T7S:A29H:R60N:D96Q:V107M,5
T7S:A29K:R60N:D96Q:T113E,T7S:A29K:R60N:D96Q:T113E,5
G3E:T7S:R98D:V107M:V109Q,G3E:T7S:R98D:V107M:V109Q,5
T7H:G34T:R60N:D61Q:T113E,T7H:G34T:R60N:D61Q:T113E,5
R5D:T7S:A29H:V109Q:T113E,R5D:T7S:A29H:V109Q:T113E,5
L4N:G34T:D61Q:I92C:V107M,L4N:G34T:D61Q:I92C:V107M,5
R5D:A29K:G34T:D96Q:T113E,R5D:A29K:G34T:D96Q:T113E,5
R5D:Q47R:D61Q:I92C:V107M,R5D:Q47R:D61Q:I92C:V107M,5
T7S:R60N:I92C:R98D:T113E,T7S:R60N:I92C:R98D:T113E,5
L4N:T7S:A29K:V107M:V109Q,L4N:T7S:A29K:V107M:V109Q,5
R5D:T7S:D96Q:V109Q:T113E,R5D:T7S:D96Q:V109Q:T113E,5
R5D:A29H:I92C:R98D:T113E,R5D:A29H:I92C:R98D:T113E,5
T7H:G34T:I92C:R98D:V107M,T7H:G34T:I92C:R98D:V107M,5
R5D:D61Q:I92C:D96Q:T113E,R5D:D61Q:I92C:D96Q:T113E,5
R5D:D61Q:D96Q:R98D:V109Q,R5D:D61Q:D96Q:R98D:V109Q,5
R5D:T7H:D61Q:V107M:T113E,R5D:T7H:D61Q:V107M:T113E,5
T7H:A29H:D61Q:D96Q:V107M,T7H:A29H:D61Q:D96Q:V107M,5
R5D:A29H:Q47R:D61Q:T113E,R5D:A29H:Q47R:D61Q:T113E,5
T7S:I92C:D96Q:R98D:T113E,T7S:I92C:D96Q:R98D:T113E,5
G3E:T7S:I92C:V107M:T113E,G3E:T7S:I92C:V107M:T113E,5
T7S:D61Q:I92C:D96Q:T113E,T7S:D61Q:I92C:D96Q:T113E,5
R5D:A29H:R60N:R98D:T113E,R5D:A29H:R60N:R98D:T113E,5
R5D:A29H:G34T:Q47I:V107M,R5D:A29H:G34T:Q47I:V107M,5
R5D:G34T:Q47R:R98D:T113E,R5D:G34T:Q47R:R98D:T113E,5
R5D:A29K:G34T:R60N:V107M,R5D:A29K:G34T:R60N:V107M,5
R5D:T7H:D96Q:V107M:V109Q,R5D:T7H:D96Q:V107M:V109Q,5
T7S:A29K:D61Q:I92C:T113E,T7S:A29K:D61Q:I92C:T113E,5
A29H:R60N:D61Q:D96Q:R98D,A29H:R60N:D61Q:D96Q:R98D,5
R5D:G34T:Q47R:D61Q:T113E,R5D:G34T:Q47R:D61Q:T113E,5
R5D:A29K:G34T:R60N:T113E,R5D:A29K:G34T:R60N:T113E,5
R5D:A29K:I92C:R98D:V107M,R5D:A29K:I92C:R98D:V107M,5
R5D:I92C:D96Q:R98D:V109Q,R5D:I92C:D96Q:R98D:V109Q,5
R5D:A29K:D96Q:R98D:V109Q,R5D:A29K:D96Q:R98D:V109Q,5
T7S:A29K:R60N:D61Q:V109Q,T7S:A29K:R60N:D61Q:V109Q,5
R5D:A29K:Q47R:D61Q:V109Q,R5D:A29K:Q47R:D61Q:V109Q,5
L4N:T7S:A29H:V107M:T113E,L4N:T7S:A29H:V107M:T113E,5
G34T:R60N:D61Q:D96Q:R98D,G34T:R60N:D61Q:D96Q:R98D,5
T7S:A29H:Q47R:D61Q:T113E,T7S:A29H:Q47R:D61Q:T113E,5
T7S:G34T:R60N:D61Q:V109Q,T7S:G34T:R60N:D61Q:V109Q,5
R5D:A29H:D96Q:R98D:V109Q,R5D:A29H:D96Q:R98D:V109Q,5
T7S:G34T:I92C:D96Q:V109Q,T7S:G34T:I92C:D96Q:V109Q,5
G3E:R5D:G34T:V109Q:T113E,G3E:R5D:G34T:V109Q:T113E,5
R5D:G34T:R60N:R98D:V107M,R5D:G34T:R60N:R98D:V107M,5
R5D:T7S:Q47V:V107M:T113E,R5D:T7S:Q47V:V107M:T113E,5
R5D:A29H:I92C:D96Q:T113E,R5D:A29H:I92C:D96Q:T113E,5
R5D:A29K:R60N:R98D:V107M,R5D:A29K:R60N:R98D:V107M,5
T7S:R60N:D61Q:D96Q:T113E,T7S:R60N:D61Q:D96Q:T113E,5
L4N:A29H:D61Q:R98D:V107M,L4N:A29H:D61Q:R98D:V107M,5
R5D:Q47V:D61Q:R98D:V107M,R5D:Q47V:D61Q:R98D:V107M,5
T7H:G34T:D96Q:R98D:T113E,T7H:G34T:D96Q:R98D:T113E,5
T7S:Q47V:D61Q:R98D:T113E,T7S:Q47V:D61Q:R98D:T113E,5
R5D:A29H:D96Q:R98D:T113E,R5D:A29H:D96Q:R98D:T113E,5
T7H:R60N:D96Q:R98D:V107M,T7H:R60N:D96Q:R98D:V107M,5
L4N:D61Q:I92C:R98D:V107M,L4N:D61Q:I92C:R98D:V107M,5
T7S:G34T:Q47V:D61Q:V107M,T7S:G34T:Q47V:D61Q:V107M,5
R5D:D61Q:I92C:R98D:V109Q,R5D:D61Q:I92C:R98D:V109Q,5
G3E:A29H:G34T:R98D:V107M,G3E:A29H:G34T:R98D:V107M,5
T7S:D61Q:D96Q:R98D:V109Q,T7S:D61Q:D96Q:R98D:V109Q,5
T7H:A29K:G34T:D61Q:T113E,T7H:A29K:G34T:D61Q:T113E,5
G3E:A29H:D61Q:D96Q:V107M,G3E:A29H:D61Q:D96Q:V107M,5
R5D:G34T:I92C:D96Q:T113E,R5D:G34T:I92C:D96Q:T113E,5
A29H:G34T:D61Q:I92C:R98D,A29H:G34T:D61Q:I92C:R98D,5
T7S:A29H:Q47R:I92C:T113E,T7S:A29H:Q47R:I92C:T113E,5
L4N:T7S:R98D:V107M:T113E,L4N:T7S:R98D:V107M:T113E,5
R5D:A29H:R60N:R98D:V107M,R5D:A29H:R60N:R98D:V107M,5
R5D:T7H:A29H:V107M:V109Q,R5D:T7H:A29H:V107M:V109Q,5
T7S:G34T:Q47V:I92C:V107M,T7S:G34T:Q47V:I92C:V107M,5
T7S:R60N:D61Q:I92C:T113E,T7S:R60N:D61Q:I92C:T113E,5
R5D:A29K:D61Q:R98D:V109Q,R5D:A29K:D61Q:R98D:V109Q,5
T7S:G34T:Q47I:R98D:V107M,T7S:G34T:Q47I:R98D:V107M,5
R5D:T7H:A29K:V107M:V109Q,R5D:T7H:A29K:V107M:V109Q,5
T7S:A29K:I92C:D96Q:V107M,T7S:A29K:I92C:D96Q:V107M,5
T7S:A29K:G34T:Q47I:T113E,T7S:A29K:G34T:Q47I:T113E,5
T7S:G34T:D61Q:R98D:V109Q,T7S:G34T:D61Q:R98D:V109Q,5
T7H:I92C:D96Q:R98D:V107M,T7H:I92C:D96Q:R98D:V107M,5
R5D:A29K:D61Q:R98D:T113E,R5D:A29K:D61Q:R98D:T113E,5
G3E:G34T:R60N:D61Q:T113E,G3E:G34T:R60N:D61Q:T113E,5
T7S:R60N:D61Q:I92C:V109Q,T7S:R60N:D61Q:I92C:V109Q,5
R5D:Q47I:D61Q:R98D:V107M,R5D:Q47I:D61Q:R98D:V107M,5
T7S:G34T:Q47R:I92C:T113E,T7S:G34T:Q47R:I92C:T113E,5
T7S:A29K:D61Q:D96Q:V109Q,T7S:A29K:D61Q:D96Q:V109Q,5
T7S:Q47C:D61Q:R98D:T113E,T7S:Q47C:D61Q:R98D:T113E,5
R5D:A29K:Q47R:R98D:V107M,R5D:A29K:Q47R:R98D:V107M,5
T7H:G34T:I92C:R98D:T113E,T7H:G34T:I92C:R98D:T113E,5
T7H:A29K:G34T:I92C:V107M,T7H:A29K:G34T:I92C:V107M,5
G3E:T7S:G34T:V107M:V109Q,G3E:T7S:G34T:V107M:V109Q,5
R5D:G34T:R60N:R98D:T113E,R5D:G34T:R60N:R98D:T113E,5
G3E:T7S:A29K:V109Q:T113E,G3E:T7S:A29K:V109Q:T113E,5
T7H:A29H:G34T:R98D:V107M,T7H:A29H:G34T:R98D:V107M,5
R5D:T7H:D96Q:V107M:T113E,R5D:T7H:D96Q:V107M:T113E,5
R5D:R60N:D61Q:R98D:V109Q,R5D:R60N:D61Q:R98D:V109Q,5
R5D:A29H:Q47R:R98D:V107M,R5D:A29H:Q47R:R98D:V107M,5
T7S:Q47R:I92C:R98D:V109Q,T7S:Q47R:I92C:R98D:V109Q,5
T7S:A29K:D61Q:R98D:V109Q,T7S:A29K:D61Q:R98D:V109Q,5
R5D:R60N:D61Q:I92C:V107M,R5D:R60N:D61Q:I92C:V107M,5
T7S:A29H:G34T:Q47R:V109Q,T7S:A29H:G34T:Q47R:V109Q,5
G3E:T7S:I92C:V107M:V109Q,G3E:T7S:I92C:V107M:V109Q,5
R5D:A29K:G34T:D96Q:V109Q,R5D:A29K:G34T:D96Q:V109Q,5
G3E:A29H:G34T:D61Q:T113E,G3E:A29H:G34T:D61Q:T113E,5
T7S:R60N:D61Q:D96Q:V109Q,T7S:R60N:D61Q:D96Q:V109Q,5
G3E:T7H:R98D:V107M:T113E,G3E:T7H:R98D:V107M:T113E,5
G3E:T7S:A29K:V107M:V109Q,G3E:T7S:A29K:V107M:V109Q,5
T7S:G34T:D96Q:R98D:V109Q,T7S:G34T:D96Q:R98D:V109Q,5
T7S:Q47R:D61Q:I92C:T113E,T7S:Q47R:D61Q:I92C:T113E,5
G3E:T7S:D96Q:V107M:T113E,G3E:T7S:D96Q:V107M:T113E,5
R5D:T7S:R60N:V109Q:T113E,R5D:T7S:R60N:V109Q:T113E,5
T7S:G34T:Q47R:R98D:T113E,T7S:G34T:Q47R:R98D:T113E,5
T7S:A29K:R60N:I92C:V109Q,T7S:A29K:R60N:I92C:V109Q,5
T7S:A29H:G34T:Q47V:T113E,T7S:A29H:G34T:Q47V:T113E,5
T7S:G34T:R60N:D96Q:V107M,T7S:G34T:R60N:D96Q:V107M,5
R5D:G34T:Q47V:R98D:T113E,R5D:G34T:Q47V:R98D:T113E,5
L4N:T7S:D61Q:V107M:T113E,L4N:T7S:D61Q:V107M:T113E,5
T7S:Q47I:D61Q:R98D:T113E,T7S:Q47I:D61Q:R98D:T113E,5
R5D:T7S:Q47V:V109Q:T113E,R5D:T7S:Q47V:V109Q:T113E,5
R5D:Q47R:D61Q:D96Q:V107M,R5D:Q47R:D61Q:D96Q:V107M,5
R5D:T7H:D61Q:V109Q:T113E,R5D:T7H:D61Q:V109Q:T113E,5
L4N:T7S:A29K:V109Q:T113E,L4N:T7S:A29K:V109Q:T113E,5
T7H:G34T:D61Q:R98D:T113E,T7H:G34T:D61Q:R98D:T113E,5
R5D:T7S:Q47I:V107M:T113E,R5D:T7S:Q47I:V107M:T113E,5
R5D:T7H:G34T:V109Q:T113E,R5D:T7H:G34T:V109Q:T113E,5
R5D:A29H:G34T:Q47R:T113E,R5D:A29H:G34T:Q47R:T113E,5
G3E:A29K:G34T:Q47R:V107M,G3E:A29K:G34T:Q47R:V107M,5
T7S:Q47V:D96Q:R98D:V107M,T7S:Q47V:D96Q:R98D:V107M,5
T7S:A29H:Q47R:D96Q:T113E,T7S:A29H:Q47R:D96Q:T113E,5
R5D:G34T:D96Q:R98D:V109Q,R5D:G34T:D96Q:R98D:V109Q,5
G3E:T7S:D61Q:V109Q:T113E,G3E:T7S:D61Q:V109Q:T113E,5
T7H:A29H:D96Q:R98D:V107M,T7H:A29H:D96Q:R98D:V107M,5
G3E:R5D:A29K:V107M:V109Q,G3E:R5D:A29K:V107M:V109Q,5
R5D:A29K:G34T:Q47R:V109Q,R5D:A29K:G34T:Q47R:V109Q,5
T7H:D61Q:I92C:R98D:T113E,T7H:D61Q:I92C:R98D:T113E,5
R5D:A29H:I92C:D96Q:V109Q,R5D:A29H:I92C:D96Q:V109Q,5
R5D:A29H:R60N:D96Q:V107M,R5D:A29H:R60N:D96Q:V107M,5
T7H:G34T:Q47R:D61Q:V107M,T7H:G34T:Q47R:D61Q:V107M,5
R5D:Q47I:R60N:D61Q:T113E,R5D:Q47I:R60N:D61Q:T113E,5
L4N:R5D:R60N:V109Q:T113E,L4N:R5D:R60N:V109Q:T113E,5
T7S:G34T:Q47C:D61Q:T113E,T7S:G34T:Q47C:D61Q:T113E,5
T7H:D61Q:D96Q:R98D:T113E,T7H:D61Q:D96Q:R98D:T113E,5
A29H:G34T:D61Q:D96Q:R98D,A29H:G34T:D61Q:D96Q:R98D,5
T7H:A29H:G34T:R98D:T113E,T7H:A29H:G34T:R98D:T113E,5
R5D:A29K:G34T:D61Q:T113E,R5D:A29K:G34T:D61Q:T113E,5
G3E:R5D:D61Q:V109Q:T113E,G3E:R5D:D61Q:V109Q:T113E,5
R5D:Q47R:D61Q:I92C:T113E,R5D:Q47R:D61Q:I92C:T113E,5
G3E:T7S:G34T:V109Q:T113E,G3E:T7S:G34T:V109Q:T113E,5
A29H:G34T:R60N:D61Q:R98D,A29H:G34T:R60N:D61Q:R98D,5
T7S:A29H:Q47V:D61Q:T113E,T7S:A29H:Q47V:D61Q:T113E,5
G3E:R5D:D61Q:V107M:V109Q,G3E:R5D:D61Q:V107M:V109Q,5
R60N:D61Q:I92C:D96Q:R98D,R60N:D61Q:I92C:D96Q:R98D,5
L4N:T7S:I92C:V107M:T113E,L4N:T7S:I92C:V107M:T113E,5
R5D:A29K:Q47R:I92C:V107M,R5D:A29K:Q47R:I92C:V107M,5
T7S:G34T:Q47V:D61Q:V109Q,T7S:G34T:Q47V:D61Q:V109Q,5
T7S:A29H:D96Q:R98D:V109Q,T7S:A29H:D96Q:R98D:V109Q,5
R5D:A29K:D61Q:D96Q:V107M,R5D:A29K:D61Q:D96Q:V107M,5
L4N:R5D:A29H:V107M:T113E,L4N:R5D:A29H:V107M:T113E,5
L4N:I92C:D96Q:R98D:V107M,L4N:I92C:D96Q:R98D:V107M,5
R5D:R60N:D61Q:I92C:V109Q,R5D:R60N:D61Q:I92C:V109Q,5
R5D:A29H:Q47R:D61Q:V109Q,R5D:A29H:Q47R:D61Q:V109Q,5
T7H:G34T:I92C:D96Q:V107M,T7H:G34T:I92C:D96Q:V107M,5
G3E:G34T:I92C:R98D:V107M,G3E:G34T:I92C:R98D:V107M,5
R5D:A29K:G34T:I92C:V109Q,R5D:A29K:G34T:I92C:V109Q,5
T7S:Q47R:D96Q:R98D:T113E,T7S:Q47R:D96Q:R98D:T113E,5
R5D:Q47R:D96Q:R98D:V107M,R5D:Q47R:D96Q:R98D:V107M,5
T7S:Q47I:D61Q:I92C:T113E,T7S:Q47I:D61Q:I92C:T113E,5
T7S:Q47R:D61Q:I92C:V109Q,T7S:Q47R:D61Q:I92C:V109Q,5
R5D:A29H:G34T:Q47V:T113E,R5D:A29H:G34T:Q47V:T113E,5
R5D:A29K:D96Q:R98D:T113E,R5D:A29K:D96Q:R98D:T113E,5
R5D:G34T:Q47R:D96Q:T113E,R5D:G34T:Q47R:D96Q:T113E,5
R5D:A29H:Q47R:I92C:V107M,R5D:A29H:Q47R:I92C:V107M,5
G3E:T7H:D96Q:V107M:T113E,G3E:T7H:D96Q:V107M:T113E,5
T7S:G34T:R60N:R98D:T113E,T7S:G34T:R60N:R98D:T113E,5
T7H:D61Q:I92C:D96Q:V107M,T7H:D61Q:I92C:D96Q:V107M,5
R5D:R60N:D96Q:R98D:T113E,R5D:R60N:D96Q:R98D:T113E,5
R5D:R60N:D61Q:D96Q:V109Q,R5D:R60N:D61Q:D96Q:V109Q,5
G3E:A29H:I92C:R98D:V107M,G3E:A29H:I92C:R98D:V107M,5
T7S:Q47R:I92C:D96Q:V107M,T7S:Q47R:I92C:D96Q:V107M,5
R5D:T7S:Q47I:V109Q:T113E,R5D:T7S:Q47I:V109Q:T113E,5
T7S:R60N:I92C:D96Q:T113E,T7S:R60N:I92C:D96Q:T113E,5
L4N:T7S:G34T:V107M:T113E,L4N:T7S:G34T:V107M:T113E,5
R5D:A29K:Q47R:D96Q:V107M,R5D:A29K:Q47R:D96Q:V107M,5
T7H:Q47R:D61Q:R98D:V107M,T7H:Q47R:D61Q:R98D:V107M,5
T7S:G34T:D61Q:D96Q:V109Q,T7S:G34T:D61Q:D96Q:V109Q,5
R5D:T7H:R60N:V109Q:T113E,R5D:T7H:R60N:V109Q:T113E,5
G3E:A29K:D61Q:R98D:V107M,G3E:A29K:D61Q:R98D:V107M,5
R5D:T7H:I92C:V107M:V109Q,R5D:T7H:I92C:V107M:V109Q,5
T7S:A29K:G34T:R60N:V109Q,T7S:A29K:G34T:R60N:V109Q,5
G3E:T7S:Q47V:V107M:T113E,G3E:T7S:Q47V:V107M:T113E,5
R5D:G34T:R60N:D96Q:V107M,R5D:G34T:R60N:D96Q:V107M,5
L4N:A29H:D61Q:I92C:V107M,L4N:A29H:D61Q:I92C:V107M,5
T7H:A29H:R60N:D61Q:T113E,T7H:A29H:R60N:D61Q:T113E,5
R5D:A29K:G34T:D96Q:V107M,R5D:A29K:G34T:D96Q:V107M,5
T7S:Q47R:I92C:R98D:T113E,T7S:Q47R:I92C:R98D:T113E,5
T7H:G34T:D61Q:R98D:V109Q,T7H:G34T:D61Q:R98D:V109Q,5
G3E:A29K:D96Q:R98D:V107M,G3E:A29K:D96Q:R98D:V107M,5
R5D:A29K:I92C:D96Q:V107M,R5D:A29K:I92C:D96Q:V107M,5
T7H:A29K:G34T:D61Q:V109Q,T7H:A29K:G34T:D61Q:V109Q,5
T7S:G34T:Q47C:R98D:T113E,T7S:G34T:Q47C:R98D:T113E,5
R5D:A29K:Q47R:R98D:T113E,R5D:A29K:Q47R:R98D:T113E,5
T7S:A29H:G34T:Q47V:V107M,T7S:A29H:G34T:Q47V:V107M,5
G3E:A29K:I92C:R98D:V107M,G3E:A29K:I92C:R98D:V107M,5
T7S:G34T:R60N:I92C:V107M,T7S:G34T:R60N:I92C:V107M,5
T7S:Q47I:D61Q:I92C:V107M,T7S:Q47I:D61Q:I92C:V107M,5
L4N:T7S:I92C:V107M:V109Q,L4N:T7S:I92C:V107M:V109Q,5
T7S:G34T:D96Q:R98D:V107M,T7S:G34T:D96Q:R98D:V107M,5
R5D:A29K:D61Q:I92C:V109Q,R5D:A29K:D61Q:I92C:V109Q,5
R5D:A29K:R60N:D61Q:V109Q,R5D:A29K:R60N:D61Q:V109Q,5
T7S:A29H:Q47R:R98D:V109Q,T7S:A29H:Q47R:R98D:V109Q,5
G34T:Q47R:D61Q:D96Q:R98D,G34T:Q47R:D61Q:D96Q:R98D,5
G3E:T7H:A29H:V107M:V109Q,G3E:T7H:A29H:V107M:V109Q,5
L4N:T7S:R98D:V107M:V109Q,L4N:T7S:R98D:V107M:V109Q,5
T7H:A29H:I92C:R98D:V107M,T7H:A29H:I92C:R98D:V107M,5
G3E:A29K:G34T:D61Q:T113E,G3E:A29K:G34T:D61Q:T113E,5
L4N:A29H:G34T:I92C:V107M,L4N:A29H:G34T:I92C:V107M,5
T7S:A29K:Q47R:I92C:T113E,T7S:A29K:Q47R:I92C:T113E,5
T7S:Q47R:D61Q:D96Q:T113E,T7S:Q47R:D61Q:D96Q:T113E,5
G3E:T7H:A29H:V107M:T113E,G3E:T7H:A29H:V107M:T113E,5
T7S:A29H:I92C:D96Q:V109Q,T7S:A29H:I92C:D96Q:V109Q,5
L4N:R5D:R98D:V107M:T113E,L4N:R5D:R98D:V107M:T113E,5
G3E:A29H:D61Q:R98D:T113E,G3E:A29H:D61Q:R98D:T113E,5
R5D:Q47R:D61Q:R98D:T113E,R5D:Q47R:D61Q:R98D:T113E,5
G3E:T7S:Q47R:V107M:V109Q,G3E:T7S:Q47R:V107M:V109Q,5
L4N:A29H:G34T:D61Q:V107M,L4N:A29H:G34T:D61Q:V107M,5
T7S:A29K:Q47R:D61Q:T113E,T7S:A29K:Q47R:D61Q:T113E,5
T7S:G34T:R60N:I92C:T113E,T7S:G34T:R60N:I92C:T113E,5
G3E:D61Q:D96Q:R98D:V107M,G3E:D61Q:D96Q:R98D:V107M,5
R5D:A29K:R60N:D61Q:T113E,R5D:A29K:R60N:D61Q:T113E,5
R5D:G34T:Q47V:R98D:V107M,R5D:G34T:Q47V:R98D:V107M,5
A29H:G34T:D61Q:I92C:D96Q,A29H:G34T:D61Q:I92C:D96Q,5
R5D:A29K:I92C:R98D:V109Q,R5D:A29K:I92C:R98D:V109Q,5
G3E:T7S:D96Q:V109Q:T113E,G3E:T7S:D96Q:V109Q:T113E,5
G3E:A29H:D61Q:I92C:V107M,G3E:A29H:D61Q:I92C:V107M,5
L4N:A29H:R60N:D61Q:V109Q,L4N:A29H:R60N:D61Q:V109Q,5
R5D:G34T:R60N:D96Q:T113E,R5D:G34T:R60N:D96Q:T113E,5
T7S:Q47I:D61Q:R98D:V107M,T7S:Q47I:D61Q:R98D:V107M,5
R5D:T7S:Q47C:V109Q:T113E,R5D:T7S:Q47C:V109Q:T113E,5
G3E:R60N:D61Q:R98D:T113E,G3E:R60N:D61Q:R98D:T113E,5
A29K:G34T:R60N:D61Q:R98D,A29K:G34T:R60N:D61Q:R98D,5
T7S:A29K:Q47R:D61Q:V109Q,T7S:A29K:Q47R:D61Q:V109Q,5
L4N:A29H:D61Q:D96Q:V107M,L4N:A29H:D61Q:D96Q:V107M,5
A29H:G34T:I92C:D96Q:R98D,A29H:G34T:I92C:D96Q:R98D,5
T7H:A29H:R60N:R98D:V107M,T7H:A29H:R60N:R98D:V107M,5
G3E:A29H:G34T:I92C:T113E,G3E:A29H:G34T:I92C:T113E,5
R5D:T7H:R98D:V109Q:T113E,R5D:T7H:R98D:V109Q:T113E,5
R5D:A29K:G34T:I92C:T113E,R5D:A29K:G34T:I92C:T113E,5
G3E:R5D:I92C:V107M:T113E,G3E:R5D:I92C:V107M:T113E,5
L4N:D61Q:D96Q:R98D:V107M,L4N:D61Q:D96Q:R98D:V107M,5
T7S:A29H:R60N:R98D:V109Q,T7S:A29H:R60N:R98D:V109Q,5
G3E:R5D:R98D:V107M:V109Q,G3E:R5D:R98D:V107M:V109Q,5
T7S:G34T:Q47V:R98D:T113E,T7S:G34T:Q47V:R98D:T113E,5
L4N:T7S:G34T:V109Q:T113E,L4N:T7S:G34T:V109Q:T113E,5
T7H:I92C:D96Q:R98D:T113E,T7H:I92C:D96Q:R98D:T113E,5
L4N:A29H:G34T:R98D:V107M,L4N:A29H:G34T:R98D:V107M,5
T7S:A29K:G34T:Q47I:V107M,T7S:A29K:G34T:Q47I:V107M,5
T7S:G34T:Q47C:R98D:V107M,T7S:G34T:Q47C:R98D:V107M,5
A29H:D61Q:I92C:D96Q:R98D,A29H:D61Q:I92C:D96Q:R98D,5
R5D:A29H:R60N:D96Q:T113E,R5D:A29H:R60N:D96Q:T113E,5
R5D:T7H:I92C:V107M:T113E,R5D:T7H:I92C:V107M:T113E,5
R5D:A29H:Q47V:R98D:V107M,R5D:A29H:Q47V:R98D:V107M,5
R5D:A29K:Q47I:D61Q:V107M,R5D:A29K:Q47I:D61Q:V107M,5
R5D:A29H:Q47I:D61Q:T113E,R5D:A29H:Q47I:D61Q:T113E,5
R5D:A29H:R60N:I92C:T113E,R5D:A29H:R60N:I92C:T113E,5
T7S:Q47V:I92C:R98D:V107M,T7S:Q47V:I92C:R98D:V107M,5
T7S:G34T:Q47V:I92C:T113E,T7S:G34T:Q47V:I92C:T113E,5
T7S:R60N:I92C:D96Q:V107M,T7S:R60N:I92C:D96Q:V107M,5
G3E:T7H:A29H:V109Q:T113E,G3E:T7H:A29H:V109Q:T113E,5
R5D:Q47V:D61Q:R98D:T113E,R5D:Q47V:D61Q:R98D:T113E,5
T7S:G34T:Q47R:D96Q:T113E,T7S:G34T:Q47R:D96Q:T113E,5
R5D:A29K:D61Q:I92C:T113E,R5D:A29K:D61Q:I92C:T113E,5
L4N:T7S:D96Q:V107M:T113E,L4N:T7S:D96Q:V107M:T113E,5
G3E:R5D:I92C:V107M:V109Q,G3E:R5D:I92C:V107M:V109Q,5
T7H:G34T:D61Q:D96Q:T113E,T7H:G34T:D61Q:D96Q:T113E,5
G3E:A29H:R60N:D61Q:V109Q,G3E:A29H:R60N:D61Q:V109Q,5
R5D:A29K:D61Q:D96Q:T113E,R5D:A29K:D61Q:D96Q:T113E,5
A29H:G34T:R60N:D61Q:I92C,A29H:G34T:R60N:D61Q:I92C,5
R5D:A29H:G34T:Q47V:V109Q,R5D:A29H:G34T:Q47V:V109Q,5
T7S:G34T:Q47I:R98D:T113E,T7S:G34T:Q47I:R98D:T113E,5
G3E:G34T:D61Q:R98D:V107M,G3E:G34T:D61Q:R98D:V107M,5
T7S:G34T:Q47I:I92C:T113E,T7S:G34T:Q47I:I92C:T113E,5
A29K:G34T:D61Q:D96Q:R98D,A29K:G34T:D61Q:D96Q:R98D,5
T7S:Q47R:R60N:D61Q:T113E,T7S:Q47R:R60N:D61Q:T113E,5
G3E:T7S:R60N:V109Q:T113E,G3E:T7S:R60N:V109Q:T113E,5
G3E:R5D:R98D:V109Q:T113E,G3E:R5D:R98D:V109Q:T113E,5
T7S:A29K:G34T:Q47I:V109Q,T7S:A29K:G34T:Q47I:V109Q,5
G3E:T7S:Q47R:V109Q:T113E,G3E:T7S:Q47R:V109Q:T113E,5
G3E:R5D:A29K:V109Q:T113E,G3E:R5D:A29K:V109Q:T113E,5
R5D:Q47R:D61Q:D96Q:T113E,R5D:Q47R:D61Q:D96Q:T113E,5
T7S:A29H:Q47V:D61Q:V107M,T7S:A29H:Q47V:D61Q:V107M,5
R5D:G34T:Q47I:D96Q:T113E,R5D:G34T:Q47I:D96Q:T113E,5
R5D:A29K:Q47R:I92C:V109Q,R5D:A29K:Q47R:I92C:V109Q,5
T7S:A29K:D96Q:R98D:V109Q,T7S:A29K:D96Q:R98D:V109Q,5
R5D:A29H:Q47R:R98D:T113E,R5D:A29H:Q47R:R98D:T113E,5
T7S:A29K:Q47V:D61Q:V107M,T7S:A29K:Q47V:D61Q:V107M,5
T7S:G34T:Q47I:D61Q:V109Q,T7S:G34T:Q47I:D61Q:V109Q,5
G3E:D61Q:I92C:R98D:V107M,G3E:D61Q:I92C:R98D:V107M,5
L4N:T7S:R60N:V107M:V109Q,L4N:T7S:R60N:V107M:V109Q,5
T7S:A29H:Q47R:I92C:V109Q,T7S:A29H:Q47R:I92C:V109Q,5
L4N:T7H:A29H:V107M:T113E,L4N:T7H:A29H:V107M:T113E,5
G3E:A29K:G34T:I92C:V107M,G3E:A29K:G34T:I92C:V107M,5
G3E:A29K:Q47R:R98D:V107M,G3E:A29K:Q47R:R98D:V107M,5
T7S:Q47R:D61Q:R98D:V109Q,T7S:Q47R:D61Q:R98D:V109Q,5
R5D:A29K:Q47R:D61Q:V107M,R5D:A29K:Q47R:D61Q:V107M,5
R5D:A29H:G34T:D96Q:V109Q,R5D:A29H:G34T:D96Q:V109Q,5
T7H:A29H:D96Q:R98D:T113E,T7H:A29H:D96Q:R98D:T113E,5
T7S:A29K:G34T:Q47V:T113E,T7S:A29K:G34T:Q47V:T113E,5
T7S:A29K:Q47I:D61Q:V107M,T7S:A29K:Q47I:D61Q:V107M,5
T7S:G34T:Q47I:I92C:V109Q,T7S:G34T:Q47I:I92C:V109Q,5
R5D:A29K:I92C:R98D:T113E,R5D:A29K:I92C:R98D:T113E,5
L4N:R5D:G34T:V107M:V109Q,L4N:R5D:G34T:V107M:V109Q,5
G3E:A29K:D96Q:R98D:T113E,G3E:A29K:D96Q:R98D:T113E,5
T7S:G34T:Q47I:D96Q:V107M,T7S:G34T:Q47I:D96Q:V107M,5
T7H:A29K:G34T:D61Q:V107M,T7H:A29K:G34T:D61Q:V107M,5
T7H:A29H:D61Q:D96Q:T113E,T7H:A29H:D61Q:D96Q:T113E,5
G3E:A29K:G34T:R60N:T113E,G3E:A29K:G34T:R60N:T113E,5
T7H:A29H:D61Q:R98D:T113E,T7H:A29H:D61Q:R98D:T113E,5
T7S:A29H:G34T:Q47I:V109Q,T7S:A29H:G34T:Q47I:V109Q,5
T7H:A29K:G34T:D96Q:V107M,T7H:A29K:G34T:D96Q:V107M,5
T7S:A29K:G34T:Q47C:V107M,T7S:A29K:G34T:Q47C:V107M,5
G3E:A29H:G34T:D61Q:V109Q,G3E:A29H:G34T:D61Q:V109Q,5
L4N:G34T:I92C:D96Q:V107M,L4N:G34T:I92C:D96Q:V107M,5
T7H:G34T:R60N:R98D:V107M,T7H:G34T:R60N:R98D:V107M,5
R5D:G34T:Q47C:R98D:V107M,R5D:G34T:Q47C:R98D:V107M,5
T7S:R60N:D61Q:R98D:V109Q,T7S:R60N:D61Q:R98D:V109Q,5
T7S:A29H:Q47I:D61Q:V107M,T7S:A29H:Q47I:D61Q:V107M,5
R5D:A29H:R60N:I92C:V107M,R5D:A29H:R60N:I92C:V107M,5
T7S:G34T:R60N:R98D:V109Q,T7S:G34T:R60N:R98D:V109Q,5
R5D:A29H:G34T:Q47V:V107M,R5D:A29H:G34T:Q47V:V107M,5
L4N:T7S:A29H:V109Q:T113E,L4N:T7S:A29H:V109Q:T113E,5
T7S:A29H:Q47R:D96Q:V109Q,T7S:A29H:Q47R:D96Q:V109Q,5
L4N:T7S:R60N:V107M:T113E,L4N:T7S:R60N:V107M:T113E,5
R5D:G34T:Q47V:D61Q:V109Q,R5D:G34T:Q47V:D61Q:V109Q,5
T7S:Q47V:D61Q:I92C:V107M,T7S:Q47V:D61Q:I92C:V107M,5
L4N:G34T:D96Q:R98D:V107M,L4N:G34T:D96Q:R98D:V107M,5
T7H:R60N:D61Q:R98D:T113E,T7H:R60N:D61Q:R98D:T113E,5
L4N:A29H:G34T:D61Q:V109Q,L4N:A29H:G34T:D61Q:V109Q,5
R5D:A29K:G34T:Q47C:V107M,R5D:A29K:G34T:Q47C:V107M,5
T7H:G34T:Q47R:R98D:V107M,T7H:G34T:Q47R:R98D:V107M,5
T7H:A29H:G34T:I92C:V107M,T7H:A29H:G34T:I92C:V107M,5
T7S:A29H:G34T:Q47I:V107M,T7S:A29H:G34T:Q47I:V107M,5
G3E:G34T:D96Q:R98D:V107M,G3E:G34T:D96Q:R98D:V107M,5
T7S:G34T:Q47V:D96Q:V107M,T7S:G34T:Q47V:D96Q:V107M,5
L4N:T7S:Q47R:V107M:V109Q,L4N:T7S:Q47R:V107M:V109Q,5
L4N:R5D:A29H:V109Q:T113E,L4N:R5D:A29H:V109Q:T113E,5
L4N:G34T:I92C:R98D:V107M,L4N:G34T:I92C:R98D:V107M,5
R5D:D61Q:I92C:D96Q:V109Q,R5D:D61Q:I92C:D96Q:V109Q,5
G3E:D61Q:D96Q:R98D:T113E,G3E:D61Q:D96Q:R98D:T113E,5
T7S:R60N:I92C:R98D:V109Q,T7S:R60N:I92C:R98D:V109Q,5
R5D:A29H:R60N:I92C:V109Q,R5D:A29H:R60N:I92C:V109Q,5
T7H:A29H:G34T:D96Q:V107M,T7H:A29H:G34T:D96Q:V107M,5
R5D:T7H:I92C:V109Q:T113E,R5D:T7H:I92C:V109Q:T113E,5
G3E:T7H:I92C:V107M:T113E,G3E:T7H:I92C:V107M:T113E,5
L4N:G34T:D61Q:R98D:T113E,L4N:G34T:D61Q:R98D:T113E,5
A29H:G34T:Q47R:D96Q:R98D,A29H:G34T:Q47R:D96Q:R98D,5
R5D:T7S:Q47C:V107M:V109Q,R5D:T7S:Q47C:V107M:V109Q,5
A29H:G34T:Q47R:D61Q:R98D,A29H:G34T:Q47R:D61Q:R98D,5
T7S:A29H:Q47V:R98D:T113E,T7S:A29H:Q47V:R98D:T113E,5
T7S:A29H:Q47C:D61Q:T113E,T7S:A29H:Q47C:D61Q:T113E,5
R5D:G34T:Q47I:I92C:T113E,R5D:G34T:Q47I:I92C:T113E,5
T7H:Q47R:I92C:R98D:V107M,T7H:Q47R:I92C:R98D:V107M,5
R5D:A29K:R60N:I92C:V107M,R5D:A29K:R60N:I92C:V107M,5
L4N:G34T:Q47R:D61Q:V107M,L4N:G34T:Q47R:D61Q:V107M,5
T7S:G34T:Q47I:D96Q:T113E,T7S:G34T:Q47I:D96Q:T113E,5
T7S:G34T:Q47C:D96Q:V107M,T7S:G34T:Q47C:D96Q:V107M,5
T7S:G34T:Q47C:D96Q:T113E,T7S:G34T:Q47C:D96Q:T113E,5
T7S:G34T:Q47R:R98D:V109Q,T7S:G34T:Q47R:R98D:V109Q,5
R5D:Q47R:D96Q:R98D:T113E,R5D:Q47R:D96Q:R98D:T113E,5
T7S:A29K:G34T:I92C:T113E,T7S:A29K:G34T:I92C:T113E,5
G3E:A29H:G34T:D96Q:T113E,G3E:A29H:G34T:D96Q:T113E,5
L4N:T7S:D61Q:V109Q:T113E,L4N:T7S:D61Q:V109Q:T113E,5
R5D:T7H:G34T:V107M:T113E,R5D:T7H:G34T:V107M:T113E,5
L4N:A29H:G34T:R98D:T113E,L4N:A29H:G34T:R98D:T113E,5
G3E:T7S:Q47I:V109Q:T113E,G3E:T7S:Q47I:V109Q:T113E,5
L4N:A29H:D96Q:R98D:V107M,L4N:A29H:D96Q:R98D:V107M,5
T7H:G34T:D61Q:I92C:T113E,T7H:G34T:D61Q:I92C:T113E,5
L4N:R5D:I92C:V107M:T113E,L4N:R5D:I92C:V107M:T113E,5
T7H:G34T:Q47R:I92C:V107M,T7H:G34T:Q47R:I92C:V107M,5
T7H:A29H:G34T:I92C:T113E,T7H:A29H:G34T:I92C:T113E,5
T7S:G34T:Q47R:I92C:V109Q,T7S:G34T:Q47R:I92C:V109Q,5
R5D:A29K:Q47V:D61Q:T113E,R5D:A29K:Q47V:D61Q:T113E,5
L4N:G34T:D61Q:I92C:V109Q,L4N:G34T:D61Q:I92C:V109Q,5
T7S:A29H:Q47C:D61Q:V107M,T7S:A29H:Q47C:D61Q:V107M,5
G3E:A29K:D61Q:I92C:T113E,G3E:A29K:D61Q:I92C:T113E,5
G3E:A29H:G34T:R60N:T113E,G3E:A29H:G34T:R60N:T113E,5
G3E:G34T:D61Q:I92C:V107M,G3E:G34T:D61Q:I92C:V107M,5
R5D:A29K:R60N:I92C:T113E,R5D:A29K:R60N:I92C:T113E,5
L4N:T7S:Q47R:V109Q:T113E,L4N:T7S:Q47R:V109Q:T113E,5
T7S:A29H:Q47V:I92C:V107M,T7S:A29H:Q47V:I92C:V107M,5
R5D:A29H:Q47R:D96Q:V107M,R5D:A29H:Q47R:D96Q:V107M,5
T7S:D61Q:I92C:D96Q:V109Q,T7S:D61Q:I92C:D96Q:V109Q,5
T7S:G34T:Q47I:R98D:V109Q,T7S:G34T:Q47I:R98D:V109Q,5
G3E:T7S:R98D:V109Q:T113E,G3E:T7S:R98D:V109Q:T113E,5
T7S:A29H:Q47V:D61Q:V109Q,T7S:A29H:Q47V:D61Q:V109Q,5
R5D:A29H:Q47V:D61Q:T113E,R5D:A29H:Q47V:D61Q:T113E,5
G3E:R60N:D61Q:R98D:V107M,G3E:R60N:D61Q:R98D:V107M,5
R5D:A29K:Q47V:D61Q:V107M,R5D:A29K:Q47V:D61Q:V107M,5
G3E:A29H:D61Q:I92C:T113E,G3E:A29H:D61Q:I92C:T113E,5
R5D:A29K:G34T:R98D:V109Q,R5D:A29K:G34T:R98D:V109Q,5
T7H:A29H:I92C:D96Q:V107M,T7H:A29H:I92C:D96Q:V107M,5
T7S:Q47I:D96Q:R98D:V107M,T7S:Q47I:D96Q:R98D:V107M,5
T7S:A29K:Q47C:D61Q:T113E,T7S:A29K:Q47C:D61Q:T113E,5
R5D:Q47V:D61Q:D96Q:V107M,R5D:Q47V:D61Q:D96Q:V107M,5
T7H:A29H:G34T:R60N:V107M,T7H:A29H:G34T:R60N:V107M,5
G3E:A29K:R60N:R98D:V107M,G3E:A29K:R60N:R98D:V107M,5
L4N:G34T:D61Q:D96Q:V107M,L4N:G34T:D61Q:D96Q:V107M,5
L4N:R5D:A29K:V107M:T113E,L4N:R5D:A29K:V107M:T113E,5
G3E:A29K:G34T:Q47R:T113E,G3E:A29K:G34T:Q47R:T113E,5
L4N:G34T:D61Q:R98D:V107M,L4N:G34T:D61Q:R98D:V107M,5
T7S:A29K:Q47R:R60N:T113E,T7S:A29K:Q47R:R60N:T113E,5
G3E:R60N:D61Q:I92C:T113E,G3E:R60N:D61Q:I92C:T113E,5
G3E:A29K:D61Q:D96Q:V109Q,G3E:A29K:D61Q:D96Q:V109Q,5
L4N:R5D:D61Q:V109Q:T113E,L4N:R5D:D61Q:V109Q:T113E,5
G3E:A29H:D61Q:D96Q:T113E,G3E:A29H:D61Q:D96Q:T113E,5
R5D:A29K:D61Q:D96Q:V109Q,R5D:A29K:D61Q:D96Q:V109Q,5
T7H:G34T:D61Q:I92C:V109Q,T7H:G34T:D61Q:I92C:V109Q,5
R5D:T7H:D96Q:V109Q:T113E,R5D:T7H:D96Q:V109Q:T113E,5
T7S:G34T:Q47I:I92C:V107M,T7S:G34T:Q47I:I92C:V107M,5
G3E:A29H:G34T:R60N:V109Q,G3E:A29H:G34T:R60N:V109Q,5
R5D:A29H:Q47V:D61Q:V107M,R5D:A29H:Q47V:D61Q:V107M,5
G3E:D61Q:I92C:R98D:T113E,G3E:D61Q:I92C:R98D:T113E,5
R5D:A29K:R60N:I92C:V109Q,R5D:A29K:R60N:I92C:V109Q,5
L4N:T7S:R60N:V109Q:T113E,L4N:T7S:R60N:V109Q:T113E,5
T7H:G34T:R60N:D61Q:V109Q,T7H:G34T:R60N:D61Q:V109Q,5
R5D:A29K:R60N:D61Q:V107M,R5D:A29K:R60N:D61Q:V107M,5
R5D:T7H:R98D:V107M:V109Q,R5D:T7H:R98D:V107M:V109Q,5
R5D:G34T:Q47I:D61Q:V107M,R5D:G34T:Q47I:D61Q:V107M,5
T7S:R60N:D96Q:R98D:V109Q,T7S:R60N:D96Q:R98D:V109Q,5
G3E:R5D:Q47R:V107M:V109Q,G3E:R5D:Q47R:V107M:V109Q,5
G3E:G34T:R60N:R98D:T113E,G3E:G34T:R60N:R98D:T113E,5
R5D:T7S:Q47I:V107M:V109Q,R5D:T7S:Q47I:V107M:V109Q,5
G3E:R5D:Q47C:V107M:T113E,G3E:R5D:Q47C:V107M:T113E,5
R5D:A29K:Q47C:D61Q:V109Q,R5D:A29K:Q47C:D61Q:V109Q,5
R5D:G34T:Q47I:I92C:V107M,R5D:G34T:Q47I:I92C:V107M,5
T7S:A29H:Q47V:D96Q:T113E,T7S:A29H:Q47V:D96Q:T113E,5
R5D:G34T:Q47I:D61Q:T113E,R5D:G34T:Q47I:D61Q:T113E,5
R5D:T7H:A29K:V109Q:T113E,R5D:T7H:A29K:V109Q:T113E,5
T7S:A29K:D96Q:R98D:V107M,T7S:A29K:D96Q:R98D:V107M,5
T7S:A29H:Q47I:R98D:V107M,T7S:A29H:Q47I:R98D:V107M,5
T7S:A29K:I92C:R98D:V109Q,T7S:A29K:I92C:R98D:V109Q,5
R5D:A29K:R60N:R98D:T113E,R5D:A29K:R60N:R98D:T113E,5
L4N:A29K:D61Q:R98D:V107M,L4N:A29K:D61Q:R98D:V107M,5
T7H:A29K:R60N:D61Q:V107M,T7H:A29K:R60N:D61Q:V107M,5
R5D:A29H:G34T:Q47R:V109Q,R5D:A29H:G34T:Q47R:V109Q,5
L4N:T7H:A29K:V107M:V109Q,L4N:T7H:A29K:V107M:V109Q,5
L4N:R5D:R98D:V107M:V109Q,L4N:R5D:R98D:V107M:V109Q,5
T7S:G34T:Q47C:D61Q:V109Q,T7S:G34T:Q47C:D61Q:V109Q,5
T7H:A29H:G34T:R98D:V109Q,T7H:A29H:G34T:R98D:V109Q,5
G3E:A29H:G34T:R98D:T113E,G3E:A29H:G34T:R98D:T113E,5
T7H:D61Q:D96Q:R98D:V109Q,T7H:D61Q:D96Q:R98D:V109Q,5
G3E:A29K:G34T:R60N:V107M,G3E:A29K:G34T:R60N:V107M,5
R5D:T7H:Q47R:V107M:T113E,R5D:T7H:Q47R:V107M:T113E,5
G3E:A29H:D61Q:R98D:V109Q,G3E:A29H:D61Q:R98D:V109Q,5
G3E:D61Q:I92C:D96Q:V107M,G3E:D61Q:I92C:D96Q:V107M,5
T7S:Q47V:D61Q:I92C:T113E,T7S:Q47V:D61Q:I92C:T113E,5
T7S:A29H:G34T:R98D:V109Q,T7S:A29H:G34T:R98D:V109Q,5
A29K:G34T:I92C:D96Q:R98D,A29K:G34T:I92C:D96Q:R98D,5
T7H:A29H:R60N:D61Q:V107M,T7H:A29H:R60N:D61Q:V107M,5
T7H:A29H:D61Q:I92C:T113E,T7H:A29H:D61Q:I92C:T113E,5
R5D:G34T:Q47V:D61Q:V107M,R5D:G34T:Q47V:D61Q:V107M,5
R5D:Q47R:D61Q:R98D:V109Q,R5D:Q47R:D61Q:R98D:V109Q,5
T7S:A29K:G34T:Q47V:V107M,T7S:A29K:G34T:Q47V:V107M,5
G3E:T7H:G34T:V109Q:T113E,G3E:T7H:G34T:V109Q:T113E,5
L4N:R5D:D61Q:V107M:V109Q,L4N:R5D:D61Q:V107M:V109Q,5
R5D:A29H:I92C:R98D:V109Q,R5D:A29H:I92C:R98D:V109Q,5
L4N:A29H:G34T:Q47R:V107M,L4N:A29H:G34T:Q47R:V107M,5
R5D:G34T:R60N:I92C:V109Q,R5D:G34T:R60N:I92C:V109Q,5
G3E:A29K:D61Q:D96Q:V107M,G3E:A29K:D61Q:D96Q:V107M,5
G3E:G34T:R60N:D61Q:V107M,G3E:G34T:R60N:D61Q:V107M,5
A29K:R60N:D61Q:D96Q:R98D,A29K:R60N:D61Q:D96Q:R98D,5
R5D:G34T:Q47R:R98D:V109Q,R5D:G34T:Q47R:R98D:V109Q,5
G3E:A29H:G34T:I92C:V107M,G3E:A29H:G34T:I92C:V107M,5
R5D:T7H:Q47R:V107M:V109Q,R5D:T7H:Q47R:V107M:V109Q,5
G3E:R60N:D61Q:D96Q:V107M,G3E:R60N:D61Q:D96Q:V107M,5
G3E:A29K:D61Q:R98D:T113E,G3E:A29K:D61Q:R98D:T113E,5
T7H:G34T:I92C:R98D:V109Q,T7H:G34T:I92C:R98D:V109Q,5
T7S:Q47C:D96Q:R98D:T113E,T7S:Q47C:D96Q:R98D:T113E,5
G3E:G34T:Q47R:I92C:V107M,G3E:G34T:Q47R:I92C:V107M,5
R5D:Q47R:D61Q:I92C:V109Q,R5D:Q47R:D61Q:I92C:V109Q,5
L4N:G34T:Q47R:R98D:V107M,L4N:G34T:Q47R:R98D:V107M,5
G3E:R60N:I92C:R98D:V107M,G3E:R60N:I92C:R98D:V107M,5
T7S:Q47R:R60N:R98D:T113E,T7S:Q47R:R60N:R98D:T113E,5
R5D:A29H:Q47I:D61Q:V107M,R5D:A29H:Q47I:D61Q:V107M,5
T7S:A29H:Q47I:I92C:V107M,T7S:A29H:Q47I:I92C:V107M,5
T7S:A29H:G34T:D96Q:V109Q,T7S:A29H:G34T:D96Q:V109Q,5
R5D:A29H:G34T:Q47I:V109Q,R5D:A29H:G34T:Q47I:V109Q,5
L4N:T7S:Q47I:V109Q:T113E,L4N:T7S:Q47I:V109Q:T113E,5
G3E:A29H:D61Q:D96Q:V109Q,G3E:A29H:D61Q:D96Q:V109Q,5
T7S:Q47C:D61Q:I92C:V107M,T7S:Q47C:D61Q:I92C:V107M,5
G3E:T7S:R60N:V107M:V109Q,G3E:T7S:R60N:V107M:V109Q,5
T7S:Q47R:I92C:D96Q:T113E,T7S:Q47R:I92C:D96Q:T113E,5
T7S:Q47V:D96Q:R98D:T113E,T7S:Q47V:D96Q:R98D:T113E,5
G3E:L4N:D61Q:V107M:V109Q,G3E:L4N:D61Q:V107M:V109Q,5
T7S:A29H:Q47I:R98D:T113E,T7S:A29H:Q47I:R98D:T113E,5
T7H:A29K:G34T:Q47R:T113E,T7H:A29K:G34T:Q47R:T113E,5
T7S:Q47V:D61Q:R98D:V109Q,T7S:Q47V:D61Q:R98D:V109Q,5
L4N:A29K:G34T:I92C:V107M,L4N:A29K:G34T:I92C:V107M,5
T7S:A29K:G34T:Q47R:V109Q,T7S:A29K:G34T:Q47R:V109Q,5
T7S:A29H:Q47C:R98D:T113E,T7S:A29H:Q47C:R98D:T113E,5
L4N:A29K:I92C:R98D:V107M,L4N:A29K:I92C:R98D:V107M,5
R5D:A29K:Q47I:R98D:T113E,R5D:A29K:Q47I:R98D:T113E,5
T7H:A29K:G34T:Q47R:V107M,T7H:A29K:G34T:Q47R:V107M,5
T7S:A29K:D96Q:R98D:T113E,T7S:A29K:D96Q:R98D:T113E,5
L4N:A29H:I92C:R98D:V107M,L4N:A29H:I92C:R98D:V107M,5
G3E:G34T:Q47R:D61Q:V109Q,G3E:G34T:Q47R:D61Q:V109Q,5
G3E:R5D:R60N:V109Q:T113E,G3E:R5D:R60N:V109Q:T113E,5
R5D:A29H:Q47R:I92C:T113E,R5D:A29H:Q47R:I92C:T113E,5
T7S:Q47V:D61Q:D96Q:T113E,T7S:Q47V:D61Q:D96Q:T113E,5
T7H:R60N:I92C:R98D:V107M,T7H:R60N:I92C:R98D:V107M,5
G3E:A29K:G34T:D96Q:V107M,G3E:A29K:G34T:D96Q:V107M,5
G3E:A29H:G34T:D96Q:V109Q,G3E:A29H:G34T:D96Q:V109Q,5
G3E:G34T:D61Q:D96Q:V107M,G3E:G34T:D61Q:D96Q:V107M,5
L4N:T7S:D96Q:V107M:V109Q,L4N:T7S:D96Q:V107M:V109Q,5
L4N:A29K:G34T:D61Q:V109Q,L4N:A29K:G34T:D61Q:V109Q,5
G3E:T7S:I92C:V109Q:T113E,G3E:T7S:I92C:V109Q:T113E,5
R5D:A29K:R60N:D96Q:V107M,R5D:A29K:R60N:D96Q:V107M,5
R5D:R60N:I92C:R98D:V109Q,R5D:R60N:I92C:R98D:V109Q,5
T7H:R60N:I92C:R98D:T113E,T7H:R60N:I92C:R98D:T113E,5
G3E:A29K:G34T:R98D:V107M,G3E:A29K:G34T:R98D:V107M,5
R5D:T7S:Q47C:V107M:T113E,R5D:T7S:Q47C:V107M:T113E,5
G3E:A29H:D96Q:R98D:T113E,G3E:A29H:D96Q:R98D:T113E,5
L4N:A29H:G34T:D96Q:V107M,L4N:A29H:G34T:D96Q:V107M,5
G3E:T7H:D61Q:V107M:T113E,G3E:T7H:D61Q:V107M:T113E,5
T7S:A29K:Q47I:D61Q:T113E,T7S:A29K:Q47I:D61Q:T113E,5
T7S:A29K:Q47R:R98D:T113E,T7S:A29K:Q47R:R98D:T113E,5
R5D:A29H:Q47V:R98D:T113E,R5D:A29H:Q47V:R98D:T113E,5
T7H:G34T:I92C:D96Q:T113E,T7H:G34T:I92C:D96Q:T113E,5
R5D:A29H:Q47C:D61Q:V109Q,R5D:A29H:Q47C:D61Q:V109Q,5
R5D:G34T:Q47I:R98D:T113E,R5D:G34T:Q47I:R98D:T113E,5
L4N:T7H:D61Q:V107M:V109Q,L4N:T7H:D61Q:V107M:V109Q,5
R5D:A29K:G34T:Q47I:T113E,R5D:A29K:G34T:Q47I:T113E,5
L4N:R60N:D61Q:R98D:V107M,L4N:R60N:D61Q:R98D:V107M,5
G3E:A29H:G34T:D96Q:V107M,G3E:A29H:G34T:D96Q:V107M,5
G3E:R5D:Q47R:V107M:T113E,G3E:R5D:Q47R:V107M:T113E,5
T7H:A29H:G34T:Q47R:T113E,T7H:A29H:G34T:Q47R:T113E,5
G3E:G34T:Q47R:D61Q:T113E,G3E:G34T:Q47R:D61Q:T113E,5
T7H:A29K:G34T:R60N:T113E,T7H:A29K:G34T:R60N:T113E,5
L4N:A29K:D61Q:I92C:V107M,L4N:A29K:D61Q:I92C:V107M,5
R5D:A29H:Q47V:I92C:V107M,R5D:A29H:Q47V:I92C:V107M,5
T7H:A29H:I92C:R98D:T113E,T7H:A29H:I92C:R98D:T113E,5
L4N:R5D:G34T:V109Q:T113E,L4N:R5D:G34T:V109Q:T113E,5
R5D:G34T:Q47R:R60N:T113E,R5D:G34T:Q47R:R60N:T113E,5
T7S:Q47V:D61Q:D96Q:V107M,T7S:Q47V:D61Q:D96Q:V107M,5
G3E:T7S:G34T:V107M:T113E,G3E:T7S:G34T:V107M:T113E,5
R5D:A29H:Q47R:D96Q:T113E,R5D:A29H:Q47R:D96Q:T113E,5
G3E:R5D:Q47R:V109Q:T113E,G3E:R5D:Q47R:V109Q:T113E,5
T7H:G34T:D96Q:R98D:V109Q,T7H:G34T:D96Q:R98D:V109Q,5
R5D:A29K:G34T:Q47C:T113E,R5D:A29K:G34T:Q47C:T113E,5
R5D:A29H:G34T:Q47C:T113E,R5D:A29H:G34T:Q47C:T113E,5
G3E:A29K:G34T:Q47R:V109Q,G3E:A29K:G34T:Q47R:V109Q,5
G3E:T7H:A29K:V107M:V109Q,G3E:T7H:A29K:V107M:V109Q,5
L4N:R5D:D61Q:V107M:T113E,L4N:R5D:D61Q:V107M:T113E,5
L4N:T7S:R98D:V109Q:T113E,L4N:T7S:R98D:V109Q:T113E,5
T7H:A29H:R60N:R98D:T113E,T7H:A29H:R60N:R98D:T113E,5
R5D:A29K:Q47I:I92C:T113E,R5D:A29K:Q47I:I92C:T113E,5
G3E:G34T:I92C:R98D:T113E,G3E:G34T:I92C:R98D:T113E,5
T7S:Q47C:I92C:R98D:T113E,T7S:Q47C:I92C:R98D:T113E,5
R5D:A29H:Q47I:I92C:V107M,R5D:A29H:Q47I:I92C:V107M,5
T7S:A29H:G34T:Q47V:V109Q,T7S:A29H:G34T:Q47V:V109Q,5
T7S:Q47V:I92C:R98D:T113E,T7S:Q47V:I92C:R98D:T113E,5
T7H:A29H:G34T:I92C:V109Q,T7H:A29H:G34T:I92C:V109Q,5
G3E:A29K:G34T:D96Q:T113E,G3E:A29K:G34T:D96Q:T113E,5
T7H:A29K:D61Q:R98D:V107M,T7H:A29K:D61Q:R98D:V107M,5
T7S:A29H:Q47I:I92C:T113E,T7S:A29H:Q47I:I92C:T113E,5
A29K:G34T:R60N:D61Q:I92C,A29K:G34T:R60N:D61Q:I92C,5
G3E:A29H:D61Q:I92C:V109Q,G3E:A29H:D61Q:I92C:V109Q,5
G3E:A29H:D96Q:R98D:V107M,G3E:A29H:D96Q:R98D:V107M,5
L4N:A29H:R60N:R98D:V107M,L4N:A29H:R60N:R98D:V107M,5
R5D:A29K:Q47R:D96Q:T113E,R5D:A29K:Q47R:D96Q:T113E,5
G3E:A29H:Q47R:R98D:V107M,G3E:A29H:Q47R:R98D:V107M,5
G3E:G34T:D61Q:R98D:T113E,G3E:G34T:D61Q:R98D:T113E,5
G3E:G34T:D61Q:I92C:V109Q,G3E:G34T:D61Q:I92C:V109Q,5
G3E:A29K:Q47R:D61Q:T113E,G3E:A29K:Q47R:D61Q:T113E,5
G3E:A29H:Q47R:D61Q:T113E,G3E:A29H:Q47R:D61Q:T113E,5
T7S:A29K:Q47I:I92C:V107M,T7S:A29K:Q47I:I92C:V107M,5
L4N:A29H:G34T:D96Q:T113E,L4N:A29H:G34T:D96Q:T113E,5
A29H:R60N:D61Q:I92C:R98D,A29H:R60N:D61Q:I92C:R98D,5
G3E:G34T:D96Q:R98D:T113E,G3E:G34T:D96Q:R98D:T113E,5
G3E:G34T:D61Q:I92C:T113E,G3E:G34T:D61Q:I92C:T113E,5
G3E:A29K:I92C:D96Q:V107M,G3E:A29K:I92C:D96Q:V107M,5
T7S:A29H:Q47R:R60N:T113E,T7S:A29H:Q47R:R60N:T113E,5
L4N:R5D:Q47R:V109Q:T113E,L4N:R5D:Q47R:V109Q:T113E,5
T7H:R60N:D61Q:D96Q:T113E,T7H:R60N:D61Q:D96Q:T113E,5
T7H:A29K:G34T:R98D:T113E,T7H:A29K:G34T:R98D:T113E,5
R5D:A29K:Q47R:I92C:T113E,R5D:A29K:Q47R:I92C:T113E,5
R5D:A29K:I92C:D96Q:T113E,R5D:A29K:I92C:D96Q:T113E,5
G3E:T7H:D61Q:V107M:V109Q,G3E:T7H:D61Q:V107M:V109Q,5
G3E:G34T:Q47I:R98D:V107M,G3E:G34T:Q47I:R98D:V107M,5
G3E:R5D:I92C:V109Q:T113E,G3E:R5D:I92C:V109Q:T113E,5
G3E:T7H:A29K:V107M:T113E,G3E:T7H:A29K:V107M:T113E,5
T7S:A29H:Q47I:D96Q:T113E,T7S:A29H:Q47I:D96Q:T113E,5
R5D:Q47C:D61Q:R98D:V107M,R5D:Q47C:D61Q:R98D:V107M,5
G34T:R60N:I92C:D96Q:R98D,G34T:R60N:I92C:D96Q:R98D,5
L4N:T7H:I92C:V107M:T113E,L4N:T7H:I92C:V107M:T113E,5
G3E:T7H:I92C:V107M:V109Q,G3E:T7H:I92C:V107M:V109Q,5
G3E:A29H:G34T:Q47V:T113E,G3E:A29H:G34T:Q47V:T113E,5
L4N:R60N:D61Q:D96Q:V109Q,L4N:R60N:D61Q:D96Q:V109Q,5
G3E:T7H:G34T:V107M:T113E,G3E:T7H:G34T:V107M:T113E,5
L4N:A29K:G34T:R98D:V107M,L4N:A29K:G34T:R98D:V107M,5
T7S:A29K:G34T:R98D:V109Q,T7S:A29K:G34T:R98D:V109Q,5
T7S:A29H:Q47I:D61Q:T113E,T7S:A29H:Q47I:D61Q:T113E,5
G3E:T7S:Q47I:V107M:T113E,G3E:T7S:Q47I:V107M:T113E,5
T7S:Q47I:I92C:R98D:V107M,T7S:Q47I:I92C:R98D:V107M,5
A29K:G34T:D61Q:I92C:D96Q,A29K:G34T:D61Q:I92C:D96Q,5
L4N:A29K:G34T:D61Q:V107M,L4N:A29K:G34T:D61Q:V107M,5
T7H:A29H:D61Q:I92C:V109Q,T7H:A29H:D61Q:I92C:V109Q,5
R5D:G34T:Q47I:D61Q:V109Q,R5D:G34T:Q47I:D61Q:V109Q,5
L4N:A29K:Q47R:D61Q:V107M,L4N:A29K:Q47R:D61Q:V107M,5
G3E:A29H:G34T:Q47R:T113E,G3E:A29H:G34T:Q47R:T113E,5
L4N:T7S:D96Q:V109Q:T113E,L4N:T7S:D96Q:V109Q:T113E,5
L4N:A29K:Q47R:R98D:V107M,L4N:A29K:Q47R:R98D:V107M,5
T7S:A29K:Q47C:R98D:T113E,T7S:A29K:Q47C:R98D:T113E,5
R5D:G34T:Q47I:D96Q:V107M,R5D:G34T:Q47I:D96Q:V107M,5
T7H:G34T:Q47R:I92C:T113E,T7H:G34T:Q47R:I92C:T113E,5
T7H:A29K:I92C:R98D:V107M,T7H:A29K:I92C:R98D:V107M,5
G3E:I92C:D96Q:R98D:V107M,G3E:I92C:D96Q:R98D:V107M,5
T7H:A29H:R60N:I92C:V107M,T7H:A29H:R60N:I92C:V107M,5
L4N:R5D:I92C:V109Q:T113E,L4N:R5D:I92C:V109Q:T113E,5
L4N:T7S:Q47R:V107M:T113E,L4N:T7S:Q47R:V107M:T113E,5
G3E:G34T:Q47R:D61Q:V107M,G3E:G34T:Q47R:D61Q:V107M,5
R5D:A29H:Q47C:D61Q:T113E,R5D:A29H:Q47C:D61Q:T113E,5
G3E:G34T:Q47R:D96Q:V107M,G3E:G34T:Q47R:D96Q:V107M,5
L4N:T7S:I92C:V109Q:T113E,L4N:T7S:I92C:V109Q:T113E,5
R5D:A29H:G34T:Q47I:T113E,R5D:A29H:G34T:Q47I:T113E,5
G3E:T7H:R98D:V109Q:T113E,G3E:T7H:R98D:V109Q:T113E,5
T7S:G34T:Q47V:I92C:V109Q,T7S:G34T:Q47V:I92C:V109Q,5
G3E:A29K:R60N:R98D:T113E,G3E:A29K:R60N:R98D:T113E,5
L4N:G34T:R60N:D61Q:V107M,L4N:G34T:R60N:D61Q:V107M,5
G3E:A29H:G34T:I92C:V109Q,G3E:A29H:G34T:I92C:V109Q,5
R5D:A29K:R60N:D96Q:T113E,R5D:A29K:R60N:D96Q:T113E,5
T7S:G34T:Q47C:I92C:V107M,T7S:G34T:Q47C:I92C:V107M,5
R5D:A29K:I92C:D96Q:V109Q,R5D:A29K:I92C:D96Q:V109Q,5
L4N:T7S:A29K:V107M:T113E,L4N:T7S:A29K:V107M:T113E,5
R5D:A29K:G34T:Q47V:T113E,R5D:A29K:G34T:Q47V:T113E,5
T7H:A29H:G34T:R60N:T113E,T7H:A29H:G34T:R60N:T113E,5
T7S:G34T:Q47R:R60N:T113E,T7S:G34T:Q47R:R60N:T113E,5
R5D:G34T:R60N:R98D:V109Q,R5D:G34T:R60N:R98D:V109Q,5
T7S:A29K:Q47V:R98D:T113E,T7S:A29K:Q47V:R98D:T113E,5
G3E:A29K:G34T:D61Q:V109Q,G3E:A29K:G34T:D61Q:V109Q,5
R5D:A29K:Q47I:D61Q:T113E,R5D:A29K:Q47I:D61Q:T113E,5
T7S:A29H:Q47V:I92C:T113E,T7S:A29H:Q47V:I92C:T113E,5
A29K:G34T:R60N:D61Q:D96Q,A29K:G34T:R60N:D61Q:D96Q,5
R5D:G34T:Q47V:I92C:T113E,R5D:G34T:Q47V:I92C:T113E,5
G3E:A29K:G34T:R98D:T113E,G3E:A29K:G34T:R98D:T113E,5
L4N:R60N:I92C:R98D:V107M,L4N:R60N:I92C:R98D:V107M,5
L4N:Q47R:D61Q:R98D:V107M,L4N:Q47R:D61Q:R98D:V107M,5
R5D:G34T:R60N:I92C:T113E,R5D:G34T:R60N:I92C:T113E,5
R5D:R60N:I92C:D96Q:T113E,R5D:R60N:I92C:D96Q:T113E,5
L4N:R5D:R60N:V107M:T113E,L4N:R5D:R60N:V107M:T113E,5
R5D:Q47V:D96Q:R98D:V107M,R5D:Q47V:D96Q:R98D:V107M,5
T7S:Q47C:I92C:R98D:V107M,T7S:Q47C:I92C:R98D:V107M,5
L4N:G34T:Q47R:D61Q:T113E,L4N:G34T:Q47R:D61Q:T113E,5
R5D:A29K:Q47V:R98D:T113E,R5D:A29K:Q47V:R98D:T113E,5
G3E:A29K:R60N:I92C:V109Q,G3E:A29K:R60N:I92C:V109Q,5
T7S:Q47V:D96Q:R98D:V109Q,T7S:Q47V:D96Q:R98D:V109Q,5
R5D:A29K:Q47V:R98D:V107M,R5D:A29K:Q47V:R98D:V107M,5
G3E:R5D:R60N:V107M:V109Q,G3E:R5D:R60N:V107M:V109Q,5
R5D:Q47I:D96Q:R98D:V107M,R5D:Q47I:D96Q:R98D:V107M,5
T7S:A29H:R60N:D96Q:V109Q,T7S:A29H:R60N:D96Q:V109Q,5
L4N:Q47R:D61Q:I92C:V107M,L4N:Q47R:D61Q:I92C:V107M,5
L4N:A29H:G34T:R60N:V107M,L4N:A29H:G34T:R60N:V107M,5
R5D:G34T:Q47C:D61Q:V109Q,R5D:G34T:Q47C:D61Q:V109Q,5
R5D:Q47R:I92C:D96Q:V107M,R5D:Q47R:I92C:D96Q:V107M,5
R5D:A29H:Q47I:I92C:T113E,R5D:A29H:Q47I:I92C:T113E,5
A29H:G34T:R60N:I92C:R98D,A29H:G34T:R60N:I92C:R98D,5
T7S:Q47V:I92C:D96Q:T113E,T7S:Q47V:I92C:D96Q:T113E,5
G3E:T7H:A29K:V109Q:T113E,G3E:T7H:A29K:V109Q:T113E,5
R5D:G34T:Q47V:D61Q:T113E,R5D:G34T:Q47V:D61Q:T113E,5
G3E:T7H:R60N:V109Q:T113E,G3E:T7H:R60N:V109Q:T113E,5
T7H:G34T:D61Q:D96Q:V109Q,T7H:G34T:D61Q:D96Q:V109Q,5
A29K:G34T:Q47R:D61Q:I92C,A29K:G34T:Q47R:D61Q:I92C,5
T7H:A29K:D61Q:I92C:V107M,T7H:A29K:D61Q:I92C:V107M,5
L4N:R5D:D96Q:V107M:T113E,L4N:R5D:D96Q:V107M:T113E,5
L4N:A29H:G34T:Q47R:T113E,L4N:A29H:G34T:Q47R:T113E,5
G3E:G34T:R60N:I92C:V107M,G3E:G34T:R60N:I92C:V107M,5
G3E:Q47R:D61Q:R98D:V107M,G3E:Q47R:D61Q:R98D:V107M,5
G3E:A29K:D61Q:I92C:V109Q,G3E:A29K:D61Q:I92C:V109Q,5
T7H:A29H:G34T:D96Q:T113E,T7H:A29H:G34T:D96Q:T113E,5
R5D:G34T:Q47R:D96Q:V109Q,R5D:G34T:Q47R:D96Q:V109Q,5
R5D:Q47C:D96Q:R98D:V107M,R5D:Q47C:D96Q:R98D:V107M,5
A29K:G34T:D61Q:I92C:R98D,A29K:G34T:D61Q:I92C:R98D,5
L4N:R5D:R98D:V109Q:T113E,L4N:R5D:R98D:V109Q:T113E,5
R5D:G34T:Q47C:D96Q:V107M,R5D:G34T:Q47C:D96Q:V107M,5
T7S:A29K:Q47R:I92C:V109Q,T7S:A29K:Q47R:I92C:V109Q,5
G3E:A29K:D61Q:D96Q:T113E,G3E:A29K:D61Q:D96Q:T113E,5
L4N:G34T:Q47R:I92C:V107M,L4N:G34T:Q47R:I92C:V107M,5
R5D:A29H:Q47C:R98D:T113E,R5D:A29H:Q47C:R98D:T113E,5
L4N:T7H:A29H:V109Q:T113E,L4N:T7H:A29H:V109Q:T113E,5
L4N:A29H:G34T:R98D:V109Q,L4N:A29H:G34T:R98D:V109Q,5
R5D:G34T:Q47V:D96Q:T113E,R5D:G34T:Q47V:D96Q:T113E,5
R5D:G34T:Q47C:D96Q:T113E,R5D:G34T:Q47C:D96Q:T113E,5
T7S:A29K:Q47R:R98D:V109Q,T7S:A29K:Q47R:R98D:V109Q,5
R5D:G34T:Q47C:R98D:T113E,R5D:G34T:Q47C:R98D:T113E,5
T7H:Q47R:D61Q:R98D:T113E,T7H:Q47R:D61Q:R98D:T113E,5
L4N:A29H:I92C:R98D:T113E,L4N:A29H:I92C:R98D:T113E,5
T7S:Q47C:D96Q:R98D:V107M,T7S:Q47C:D96Q:R98D:V107M,5
G3E:T7S:Q47V:V107M:V109Q,G3E:T7S:Q47V:V107M:V109Q,5
G3E:A29K:I92C:R98D:V109Q,G3E:A29K:I92C:R98D:V109Q,5
T7H:D61Q:I92C:D96Q:T113E,T7H:D61Q:I92C:D96Q:T113E,5
L4N:D61Q:I92C:R98D:T113E,L4N:D61Q:I92C:R98D:T113E,5
L4N:R5D:R60N:V107M:V109Q,L4N:R5D:R60N:V107M:V109Q,5
T7S:R60N:I92C:D96Q:V109Q,T7S:R60N:I92C:D96Q:V109Q,5
G3E:T7H:D61Q:V109Q:T113E,G3E:T7H:D61Q:V109Q:T113E,5
R5D:Q47C:I92C:R98D:V107M,R5D:Q47C:I92C:R98D:V107M,5
L4N:D61Q:I92C:D96Q:V107M,L4N:D61Q:I92C:D96Q:V107M,5
T7S:G34T:Q47R:D96Q:V109Q,T7S:G34T:Q47R:D96Q:V109Q,5
G3E:D61Q:I92C:R98D:V109Q,G3E:D61Q:I92C:R98D:V109Q,5
G3E:T7H:R60N:V107M:T113E,G3E:T7H:R60N:V107M:T113E,5
R5D:A29K:Q47C:D61Q:T113E,R5D:A29K:Q47C:D61Q:T113E,5
T7H:G34T:Q47R:R98D:T113E,T7H:G34T:Q47R:R98D:T113E,5
T7S:Q47V:D61Q:I92C:V109Q,T7S:Q47V:D61Q:I92C:V109Q,5
G34T:R60N:D61Q:I92C:D96Q,G34T:R60N:D61Q:I92C:D96Q,5
G3E:R60N:D61Q:I92C:V107M,G3E:R60N:D61Q:I92C:V107M,5
T7H:A29K:D61Q:D96Q:T113E,T7H:A29K:D61Q:D96Q:T113E,5
T7S:A29K:Q47V:D61Q:T113E,T7S:A29K:Q47V:D61Q:T113E,5
G3E:A29K:D61Q:R98D:V109Q,G3E:A29K:D61Q:R98D:V109Q,5
L4N:A29H:D61Q:I92C:T113E,L4N:A29H:D61Q:I92C:T113E,5
G3E:R5D:Q47C:V109Q:T113E,G3E:R5D:Q47C:V109Q:T113E,5
G3E:G34T:R60N:R98D:V107M,G3E:G34T:R60N:R98D:V107M,5
L4N:A29K:G34T:D61Q:T113E,L4N:A29K:G34T:D61Q:T113E,5
T7S:A29K:Q47V:R98D:V107M,T7S:A29K:Q47V:R98D:V107M,5
R5D:Q47I:D61Q:I92C:T113E,R5D:Q47I:D61Q:I92C:T113E,5
R5D:A29K:R60N:R98D:V109Q,R5D:A29K:R60N:R98D:V109Q,5
T7H:A29K:G34T:R60N:V109Q,T7H:A29K:G34T:R60N:V109Q,5
L4N:T7H:D61Q:V107M:T113E,L4N:T7H:D61Q:V107M:T113E,5
R5D:A29H:Q47I:R98D:V107M,R5D:A29H:Q47I:R98D:V107M,5
R5D:Q47I:D61Q:R98D:T113E,R5D:Q47I:D61Q:R98D:T113E,5
G3E:A29H:G34T:R60N:V107M,G3E:A29H:G34T:R60N:V107M,5
T7H:A29K:G34T:I92C:T113E,T7H:A29K:G34T:I92C:T113E,5
R5D:R60N:I92C:D96Q:V107M,R5D:R60N:I92C:D96Q:V107M,5
L4N:G34T:Q47R:R98D:T113E,L4N:G34T:Q47R:R98D:T113E,5
G3E:A29K:Q47R:D61Q:V107M,G3E:A29K:Q47R:D61Q:V107M,5
A29H:G34T:Q47R:I92C:R98D,A29H:G34T:Q47R:I92C:R98D,5
R5D:A29K:Q47I:D61Q:V109Q,R5D:A29K:Q47I:D61Q:V109Q,5
G3E:T7H:R98D:V107M:V109Q,G3E:T7H:R98D:V107M:V109Q,5
T7H:A29H:G34T:R60N:V109Q,T7H:A29H:G34T:R60N:V109Q,5
G3E:A29H:R60N:D61Q:T113E,G3E:A29H:R60N:D61Q:T113E,5
G3E:G34T:D61Q:R98D:V109Q,G3E:G34T:D61Q:R98D:V109Q,5
G3E:A29H:Q47R:I92C:V107M,G3E:A29H:Q47R:I92C:V107M,5
R5D:Q47R:I92C:R98D:T113E,R5D:Q47R:I92C:R98D:T113E,5
L4N:R5D:G34T:V107M:T113E,L4N:R5D:G34T:V107M:T113E,5
L4N:R5D:I92C:V107M:V109Q,L4N:R5D:I92C:V107M:V109Q,5
T7S:A29K:G34T:Q47V:V109Q,T7S:A29K:G34T:Q47V:V109Q,5
T7S:G34T:Q47V:R98D:V109Q,T7S:G34T:Q47V:R98D:V109Q,5
G3E:A29K:Q47R:R98D:T113E,G3E:A29K:Q47R:R98D:T113E,5
T7S:G34T:Q47V:D96Q:T113E,T7S:G34T:Q47V:D96Q:T113E,5
T7S:Q47C:D61Q:I92C:V109Q,T7S:Q47C:D61Q:I92C:V109Q,5
G3E:R5D:Q47V:V109Q:T113E,G3E:R5D:Q47V:V109Q:T113E,5
T7S:Q47I:D61Q:D96Q:T113E,T7S:Q47I:D61Q:D96Q:T113E,5
G3E:Q47C:D61Q:R98D:V107M,G3E:Q47C:D61Q:R98D:V107M,5
T7H:A29K:G34T:Q47R:V109Q,T7H:A29K:G34T:Q47R:V109Q,5
T7S:A29K:R60N:R98D:V109Q,T7S:A29K:R60N:R98D:V109Q,5
R5D:G34T:Q47C:D61Q:T113E,R5D:G34T:Q47C:D61Q:T113E,5
T7S:Q47I:I92C:D96Q:V107M,T7S:Q47I:I92C:D96Q:V107M,5
T7H:R60N:D61Q:R98D:V109Q,T7H:R60N:D61Q:R98D:V109Q,5
R5D:A29K:G34T:R60N:V109Q,R5D:A29K:G34T:R60N:V109Q,5
T7H:G34T:R60N:R98D:T113E,T7H:G34T:R60N:R98D:T113E,5
G3E:L4N:A29K:V107M:T113E,G3E:L4N:A29K:V107M:T113E,5
R5D:G34T:R60N:D96Q:V109Q,R5D:G34T:R60N:D96Q:V109Q,5
G3E:L4N:R98D:V107M:T113E,G3E:L4N:R98D:V107M:T113E,5
R5D:Q47I:D61Q:I92C:V107M,R5D:Q47I:D61Q:I92C:V107M,5
G3E:G34T:D61Q:D96Q:T113E,G3E:G34T:D61Q:D96Q:T113E,5
G3E:A29K:Q47V:D61Q:T113E,G3E:A29K:Q47V:D61Q:T113E,5
T7H:A29K:D61Q:R98D:T113E,T7H:A29K:D61Q:R98D:T113E,5
L4N:T7H:R98D:V107M:T113E,L4N:T7H:R98D:V107M:T113E,5
L4N:A29H:D61Q:I92C:V109Q,L4N:A29H:D61Q:I92C:V109Q,5
G3E:A29K:R60N:D61Q:V107M,G3E:A29K:R60N:D61Q:V107M,5
T7S:A29H:Q47C:D61Q:V109Q,T7S:A29H:Q47C:D61Q:V109Q,5
T7H:R60N:D96Q:R98D:T113E,T7H:R60N:D96Q:R98D:T113E,5
L4N:G34T:D61Q:D96Q:T113E,L4N:G34T:D61Q:D96Q:T113E,5
L4N:R5D:D96Q:V107M:V109Q,L4N:R5D:D96Q:V107M:V109Q,5
R5D:A29H:Q47I:D96Q:T113E,R5D:A29H:Q47I:D96Q:T113E,5
R5D:A29H:G34T:Q47C:V107M,R5D:A29H:G34T:Q47C:V107M,5
R5D:G34T:Q47V:D96Q:V107M,R5D:G34T:Q47V:D96Q:V107M,5
T7S:Q47I:D61Q:R98D:V109Q,T7S:Q47I:D61Q:R98D:V109Q,5
R5D:A29K:Q47I:R60N:T113E,R5D:A29K:Q47I:R60N:T113E,5
T7H:A29H:R60N:D61Q:V109Q,T7H:A29H:R60N:D61Q:V109Q,5
G3E:R5D:Q47V:V107M:T113E,G3E:R5D:Q47V:V107M:T113E,5
L4N:A29K:Q47R:D61Q:T113E,L4N:A29K:Q47R:D61Q:T113E,5
L4N:G34T:D61Q:I92C:T113E,L4N:G34T:D61Q:I92C:T113E,5
R5D:A29K:Q47V:D61Q:V109Q,R5D:A29K:Q47V:D61Q:V109Q,5
G3E:A29K:I92C:R98D:T113E,G3E:A29K:I92C:R98D:T113E,5
L4N:T7H:A29K:V109Q:T113E,L4N:T7H:A29K:V109Q:T113E,5
G3E:A29H:I92C:D96Q:V107M,G3E:A29H:I92C:D96Q:V107M,5
T7S:A29H:Q47C:I92C:V107M,T7S:A29H:Q47C:I92C:V107M,5
L4N:A29H:R60N:D61Q:T113E,L4N:A29H:R60N:D61Q:T113E,5
T7S:Q47C:D61Q:D96Q:V107M,T7S:Q47C:D61Q:D96Q:V107M,5
G3E:A29H:R60N:R98D:V107M,G3E:A29H:R60N:R98D:V107M,5
R5D:A29K:Q47C:D96Q:T113E,R5D:A29K:Q47C:D96Q:T113E,5
G3E:G34T:I92C:D96Q:V109Q,G3E:G34T:I92C:D96Q:V109Q,5
T7H:A29K:I92C:D96Q:V107M,T7H:A29K:I92C:D96Q:V107M,5
R5D:Q47I:I92C:R98D:V107M,R5D:Q47I:I92C:R98D:V107M,5
T7S:A29K:Q47V:D61Q:V109Q,T7S:A29K:Q47V:D61Q:V109Q,5
L4N:A29H:G34T:R60N:T113E,L4N:A29H:G34T:R60N:T113E,5
L4N:A29K:D61Q:I92C:T113E,L4N:A29K:D61Q:I92C:T113E,5
T7S:Q47C:D61Q:I92C:T113E,T7S:Q47C:D61Q:I92C:T113E,5
G3E:G34T:I92C:D96Q:V107M,G3E:G34T:I92C:D96Q:V107M,5
G3E:A29K:G34T:Q47I:V107M,G3E:A29K:G34T:Q47I:V107M,5
L4N:A29H:G34T:I92C:V109Q,L4N:A29H:G34T:I92C:V109Q,5
A29K:G34T:Q47R:D61Q:R98D,A29K:G34T:Q47R:D61Q:R98D,5
A29H:G34T:Q47V:D61Q:R98D,A29H:G34T:Q47V:D61Q:R98D,5
T7S:A29K:Q47R:D96Q:V107M,T7S:A29K:Q47R:D96Q:V107M,5
R5D:A29H:Q47I:R98D:T113E,R5D:A29H:Q47I:R98D:T113E,5
G3E:T7S:Q47V:V109Q:T113E,G3E:T7S:Q47V:V109Q:T113E,5
G3E:L4N:D61Q:V107M:T113E,G3E:L4N:D61Q:V107M:T113E,5
L4N:A29H:D61Q:R98D:T113E,L4N:A29H:D61Q:R98D:T113E,5
R5D:A29H:Q47V:D96Q:T113E,R5D:A29H:Q47V:D96Q:T113E,5
R5D:A29K:Q47I:I92C:V107M,R5D:A29K:Q47I:I92C:V107M,5
T7S:A29H:Q47R:R60N:V107M,T7S:A29H:Q47R:R60N:V107M,5
L4N:A29H:G34T:D61Q:T113E,L4N:A29H:G34T:D61Q:T113E,5
L4N:T7H:G34T:V107M:V109Q,L4N:T7H:G34T:V107M:V109Q,5
A29H:G34T:R60N:D61Q:D96Q,A29H:G34T:R60N:D61Q:D96Q,5
R5D:Q47V:D61Q:I92C:T113E,R5D:Q47V:D61Q:I92C:T113E,5
T7H:A29H:Q47R:D61Q:T113E,T7H:A29H:Q47R:D61Q:T113E,5
R5D:Q47V:I92C:R98D:V107M,R5D:Q47V:I92C:R98D:V107M,5
G3E:L4N:A29H:V107M:T113E,G3E:L4N:A29H:V107M:T113E,5
T7S:A29K:Q47R:D96Q:T113E,T7S:A29K:Q47R:D96Q:T113E,5
G3E:A29K:Q47I:D61Q:T113E,G3E:A29K:Q47I:D61Q:T113E,5
L4N:A29K:R60N:R98D:T113E,L4N:A29K:R60N:R98D:T113E,5
R5D:A29H:Q47R:I92C:V109Q,R5D:A29H:Q47R:I92C:V109Q,5
T7H:Q47R:D96Q:R98D:V107M,T7H:Q47R:D96Q:R98D:V107M,5
T7S:A29K:Q47I:D96Q:V107M,T7S:A29K:Q47I:D96Q:V107M,5
T7S:A29K:Q47C:R98D:V107M,T7S:A29K:Q47C:R98D:V107M,5
L4N:A29H:D61Q:R98D:V109Q,L4N:A29H:D61Q:R98D:V109Q,5
T7H:D61Q:I92C:R98D:V109Q,T7H:D61Q:I92C:R98D:V109Q,5
G3E:L4N:D61Q:V109Q:T113E,G3E:L4N:D61Q:V109Q:T113E,5
G3E:A29H:I92C:R98D:V109Q,G3E:A29H:I92C:R98D:V109Q,5
L4N:R5D:Q47R:V107M:T113E,L4N:R5D:Q47R:V107M:T113E,5
R5D:A29K:Q47C:R98D:T113E,R5D:A29K:Q47C:R98D:T113E,5
L4N:A29H:R60N:D96Q:T113E,L4N:A29H:R60N:D96Q:T113E,5
T7S:A29K:Q47V:I92C:V107M,T7S:A29K:Q47V:I92C:V107M,5
T7S:A29H:Q47V:D96Q:V107M,T7S:A29H:Q47V:D96Q:V107M,5
G3E:T7H:I92C:V109Q:T113E,G3E:T7H:I92C:V109Q:T113E,5
R5D:Q47V:D61Q:D96Q:T113E,R5D:Q47V:D61Q:D96Q:T113E,5
G3E:G34T:Q47V:D61Q:T113E,G3E:G34T:Q47V:D61Q:T113E,5
A29K:G34T:R60N:I92C:D96Q,A29K:G34T:R60N:I92C:D96Q,5
T7S:A29H:Q47I:D61Q:V109Q,T7S:A29H:Q47I:D61Q:V109Q,5
L4N:A29K:I92C:D96Q:V107M,L4N:A29K:I92C:D96Q:V107M,5
G3E:G34T:Q47V:D61Q:V107M,G3E:G34T:Q47V:D61Q:V107M,5
G3E:D61Q:I92C:D96Q:T113E,G3E:D61Q:I92C:D96Q:T113E,5
L4N:T7H:A29H:V107M:V109Q,L4N:T7H:A29H:V107M:V109Q,5
A29H:G34T:Q47R:D61Q:I92C,A29H:G34T:Q47R:D61Q:I92C,5
T7S:Q47I:D61Q:D96Q:V107M,T7S:Q47I:D61Q:D96Q:V107M,5
R5D:A29H:R60N:R98D:V109Q,R5D:A29H:R60N:R98D:V109Q,5
L4N:A29K:G34T:D96Q:V107M,L4N:A29K:G34T:D96Q:V107M,5
G3E:A29K:R60N:I92C:T113E,G3E:A29K:R60N:I92C:T113E,5
L4N:G34T:Q47R:D96Q:V107M,L4N:G34T:Q47R:D96Q:V107M,5
G3E:A29K:Q47R:I92C:T113E,G3E:A29K:Q47R:I92C:T113E,5
R5D:Q47R:R60N:D61Q:T113E,R5D:Q47R:R60N:D61Q:T113E,5
G3E:T7S:Q47R:V107M:T113E,G3E:T7S:Q47R:V107M:T113E,5
G34T:Q47R:I92C:D96Q:R98D,G34T:Q47R:I92C:D96Q:R98D,5
L4N:A29K:R60N:I92C:V109Q,L4N:A29K:R60N:I92C:V109Q,5
G3E:A29K:Q47R:I92C:V107M,G3E:A29K:Q47R:I92C:V107M,5
T7H:A29K:G34T:I92C:V109Q,T7H:A29K:G34T:I92C:V109Q,5
G3E:T7H:R60N:V107M:V109Q,G3E:T7H:R60N:V107M:V109Q,5
G3E:A29H:G34T:R98D:V109Q,G3E:A29H:G34T:R98D:V109Q,5
T7H:R60N:D61Q:I92C:V107M,T7H:R60N:D61Q:I92C:V107M,5
L4N:R5D:A29H:V107M:V109Q,L4N:R5D:A29H:V107M:V109Q,5
G3E:A29K:Q47R:D61Q:V109Q,G3E:A29K:Q47R:D61Q:V109Q,5
G3E:R60N:D96Q:R98D:V107M,G3E:R60N:D96Q:R98D:V107M,5
G3E:T7S:Q47I:V107M:V109Q,G3E:T7S:Q47I:V107M:V109Q,5
A29K:G34T:R60N:I92C:R98D,A29K:G34T:R60N:I92C:R98D,5
T7S:Q47I:D96Q:R98D:T113E,T7S:Q47I:D96Q:R98D:T113E,5
L4N:A29H:I92C:R98D:V109Q,L4N:A29H:I92C:R98D:V109Q,5
L4N:G34T:D61Q:R98D:V109Q,L4N:G34T:D61Q:R98D:V109Q,5
L4N:T7H:D61Q:V109Q:T113E,L4N:T7H:D61Q:V109Q:T113E,5
G3E:T7H:Q47R:V107M:T113E,G3E:T7H:Q47R:V107M:T113E,5
G3E:G34T:Q47R:R98D:T113E,G3E:G34T:Q47R:R98D:T113E,5
T7S:A29K:Q47I:R98D:V107M,T7S:A29K:Q47I:R98D:V107M,5
A29K:R60N:D61Q:I92C:R98D,A29K:R60N:D61Q:I92C:R98D,5
L4N:D61Q:D96Q:R98D:T113E,L4N:D61Q:D96Q:R98D:T113E,5
R5D:A29H:Q47C:I92C:V107M,R5D:A29H:Q47C:I92C:V107M,5
G3E:A29K:R60N:D61Q:V109Q,G3E:A29K:R60N:D61Q:V109Q,5
L4N:T7S:Q47V:V109Q:T113E,L4N:T7S:Q47V:V109Q:T113E,5
L4N:A29K:D61Q:I92C:V109Q,L4N:A29K:D61Q:I92C:V109Q,5
G3E:R5D:D96Q:V107M:V109Q,G3E:R5D:D96Q:V107M:V109Q,5
L4N:A29H:Q47R:I92C:V107M,L4N:A29H:Q47R:I92C:V107M,5
R5D:A29K:G34T:Q47V:V107M,R5D:A29K:G34T:Q47V:V107M,5
T7H:G34T:Q47R:D61Q:T113E,T7H:G34T:Q47R:D61Q:T113E,5
L4N:A29K:G34T:I92C:T113E,L4N:A29K:G34T:I92C:T113E,5
T7S:A29K:R60N:D96Q:V109Q,T7S:A29K:R60N:D96Q:V109Q,5
R5D:A29K:Q47V:D96Q:T113E,R5D:A29K:Q47V:D96Q:T113E,5
L4N:A29H:G34T:D96Q:V109Q,L4N:A29H:G34T:D96Q:V109Q,5
A29K:G34T:R60N:D96Q:R98D,A29K:G34T:R60N:D96Q:R98D,5
R5D:Q47I:D61Q:D96Q:T113E,R5D:Q47I:D61Q:D96Q:T113E,5
T7H:A29K:D61Q:D96Q:V107M,T7H:A29K:D61Q:D96Q:V107M,5
R5D:Q47C:D96Q:R98D:T113E,R5D:Q47C:D96Q:R98D:T113E,5
G3E:T7S:Q47C:V109Q:T113E,G3E:T7S:Q47C:V109Q:T113E,5
L4N:R5D:A29K:V109Q:T113E,L4N:R5D:A29K:V109Q:T113E,5
L4N:A29K:G34T:Q47R:T113E,L4N:A29K:G34T:Q47R:T113E,5
G3E:A29H:I92C:R98D:T113E,G3E:A29H:I92C:R98D:T113E,5
G3E:G34T:R60N:D96Q:V107M,G3E:G34T:R60N:D96Q:V107M,5
L4N:R5D:A29K:V107M:V109Q,L4N:R5D:A29K:V107M:V109Q,5
T7H:G34T:R60N:I92C:V107M,T7H:G34T:R60N:I92C:V107M,5
R5D:Q47C:D61Q:D96Q:V107M,R5D:Q47C:D61Q:D96Q:V107M,5
T7H:A29H:D61Q:D96Q:V109Q,T7H:A29H:D61Q:D96Q:V109Q,5
T7H:G34T:Q47R:D96Q:V107M,T7H:G34T:Q47R:D96Q:V107M,5
T7H:A29K:G34T:D96Q:T113E,T7H:A29K:G34T:D96Q:T113E,5
G3E:A29K:G34T:Q47V:V107M,G3E:A29K:G34T:Q47V:V107M,5
L4N:Q47R:D61Q:R98D:T113E,L4N:Q47R:D61Q:R98D:T113E,5
T7H:A29K:D96Q:R98D:T113E,T7H:A29K:D96Q:R98D:T113E,5
T7H:G34T:R60N:I92C:T113E,T7H:G34T:R60N:I92C:T113E,5
T7H:A29H:Q47R:I92C:T113E,T7H:A29H:Q47R:I92C:T113E,5
T7H:G34T:Q47R:D61Q:V109Q,T7H:G34T:Q47R:D61Q:V109Q,5
G3E:I92C:D96Q:R98D:T113E,G3E:I92C:D96Q:R98D:T113E,5
T7H:G34T:R60N:D96Q:V107M,T7H:G34T:R60N:D96Q:V107M,5
R5D:G34T:Q47C:D61Q:V107M,R5D:G34T:Q47C:D61Q:V107M,5
L4N:R60N:D61Q:R98D:V109Q,L4N:R60N:D61Q:R98D:V109Q,5
R5D:Q47C:I92C:R98D:T113E,R5D:Q47C:I92C:R98D:T113E,5
G3E:R5D:Q47I:V109Q:T113E,G3E:R5D:Q47I:V109Q:T113E,5
L4N:G34T:R60N:R98D:V107M,L4N:G34T:R60N:R98D:V107M,5
L4N:Q47R:I92C:R98D:V107M,L4N:Q47R:I92C:R98D:V107M,5
L4N:R60N:D61Q:R98D:T113E,L4N:R60N:D61Q:R98D:T113E,5
G3E:G34T:D61Q:D96Q:V109Q,G3E:G34T:D61Q:D96Q:V109Q,5
L4N:T7H:R60N:V107M:T113E,L4N:T7H:R60N:V107M:T113E,5
L4N:A29H:R60N:R98D:T113E,L4N:A29H:R60N:R98D:T113E,5
T7S:Q47R:R60N:D61Q:V109Q,T7S:Q47R:R60N:D61Q:V109Q,5
R5D:A29H:R60N:D96Q:V109Q,R5D:A29H:R60N:D96Q:V109Q,5
L4N:R60N:D61Q:D96Q:V107M,L4N:R60N:D61Q:D96Q:V107M,5
L4N:A29H:G34T:Q47C:V107M,L4N:A29H:G34T:Q47C:V107M,5
G3E:R60N:D61Q:R98D:V109Q,G3E:R60N:D61Q:R98D:V109Q,5
R5D:A29H:Q47C:D96Q:T113E,R5D:A29H:Q47C:D96Q:T113E,5
L4N:G34T:R60N:D61Q:T113E,L4N:G34T:R60N:D61Q:T113E,5
G3E:G34T:Q47I:I92C:V107M,G3E:G34T:Q47I:I92C:V107M,5
G3E:A29H:Q47I:D61Q:T113E,G3E:A29H:Q47I:D61Q:T113E,5
R5D:A29K:Q47I:R98D:V107M,R5D:A29K:Q47I:R98D:V107M,5
T7H:A29K:R60N:R98D:V107M,T7H:A29K:R60N:R98D:V107M,5
R5D:A29K:G34T:Q47V:V109Q,R5D:A29K:G34T:Q47V:V109Q,5
T7H:A29H:G34T:Q47I:T113E,T7H:A29H:G34T:Q47I:T113E,5
T7H:Q47R:D61Q:I92C:V107M,T7H:Q47R:D61Q:I92C:V107M,5
L4N:A29H:D96Q:R98D:T113E,L4N:A29H:D96Q:R98D:T113E,5
L4N:A29H:D61Q:D96Q:T113E,L4N:A29H:D61Q:D96Q:T113E,5
L4N:A29H:Q47R:R98D:V107M,L4N:A29H:Q47R:R98D:V107M,5
L4N:A29K:R60N:D61Q:V109Q,L4N:A29K:R60N:D61Q:V109Q,5
T7S:G34T:Q47I:R60N:T113E,T7S:G34T:Q47I:R60N:T113E,5
L4N:A29K:R60N:I92C:V107M,L4N:A29K:R60N:I92C:V107M,5
T7H:A29H:D61Q:R98D:V109Q,T7H:A29H:D61Q:R98D:V109Q,5
R5D:A29H:Q47V:I92C:T113E,R5D:A29H:Q47V:I92C:T113E,5
R5D:Q47I:D61Q:D96Q:V107M,R5D:Q47I:D61Q:D96Q:V107M,5
A29H:R60N:I92C:D96Q:R98D,A29H:R60N:I92C:D96Q:R98D,5
T7H:R60N:D61Q:I92C:T113E,T7H:R60N:D61Q:I92C:T113E,5
R5D:A29K:Q47C:D61Q:V107M,R5D:A29K:Q47C:D61Q:V107M,5
R5D:A29H:Q47C:R98D:V107M,R5D:A29H:Q47C:R98D:V107M,5
T7H:I92C:D96Q:R98D:V109Q,T7H:I92C:D96Q:R98D:V109Q,5
A29H:G34T:R60N:D96Q:R98D,A29H:G34T:R60N:D96Q:R98D,5
L4N:T7S:Q47C:V109Q:T113E,L4N:T7S:Q47C:V109Q:T113E,5
L4N:R5D:Q47I:V109Q:T113E,L4N:R5D:Q47I:V109Q:T113E,5
L4N:R5D:Q47R:V107M:V109Q,L4N:R5D:Q47R:V107M:V109Q,5
R5D:A29K:Q47C:R98D:V107M,R5D:A29K:Q47C:R98D:V107M,5
G3E:L4N:G34T:V107M:V109Q,G3E:L4N:G34T:V107M:V109Q,5
G3E:A29K:R60N:I92C:V107M,G3E:A29K:R60N:I92C:V107M,5
G3E:A29K:I92C:D96Q:T113E,G3E:A29K:I92C:D96Q:T113E,5
A29K:G34T:Q47V:D61Q:I92C,A29K:G34T:Q47V:D61Q:I92C,5
A29K:G34T:Q47R:I92C:R98D,A29K:G34T:Q47R:I92C:R98D,5
R5D:G34T:Q47I:I92C:V109Q,R5D:G34T:Q47I:I92C:V109Q,5
T7S:G34T:Q47C:I92C:V109Q,T7S:G34T:Q47C:I92C:V109Q,5
R5D:G34T:Q47V:R98D:V109Q,R5D:G34T:Q47V:R98D:V109Q,5
R5D:A29K:G34T:Q47I:V107M,R5D:A29K:G34T:Q47I:V107M,5
R5D:A29K:Q47C:D96Q:V107M,R5D:A29K:Q47C:D96Q:V107M,5
R5D:A29H:Q47V:D96Q:V107M,R5D:A29H:Q47V:D96Q:V107M,5
R5D:G34T:Q47V:I92C:V107M,R5D:G34T:Q47V:I92C:V107M,5
R5D:Q47C:D61Q:R98D:T113E,R5D:Q47C:D61Q:R98D:T113E,5
G3E:G34T:Q47R:R98D:V107M,G3E:G34T:Q47R:R98D:V107M,5
G3E:A29H:Q47C:D61Q:T113E,G3E:A29H:Q47C:D61Q:T113E,5
G3E:Q47R:D61Q:I92C:V107M,G3E:Q47R:D61Q:I92C:V107M,5
L4N:A29K:D96Q:R98D:T113E,L4N:A29K:D96Q:R98D:T113E,5
L4N:A29H:G34T:I92C:T113E,L4N:A29H:G34T:I92C:T113E,5
G3E:A29H:R60N:D61Q:V107M,G3E:A29H:R60N:D61Q:V107M,5
G3E:G34T:Q47I:D61Q:T113E,G3E:G34T:Q47I:D61Q:T113E,5
T7S:A29K:Q47C:I92C:V109Q,T7S:A29K:Q47C:I92C:V109Q,5
G3E:G34T:Q47V:D61Q:V109Q,G3E:G34T:Q47V:D61Q:V109Q,5
R5D:Q47I:D61Q:I92C:V109Q,R5D:Q47I:D61Q:I92C:V109Q,5
T7S:G34T:Q47C:I92C:T113E,T7S:G34T:Q47C:I92C:T113E,5
R5D:G34T:Q47C:I92C:V107M,R5D:G34T:Q47C:I92C:V107M,5
R5D:A29K:Q47I:R98D:V109Q,R5D:A29K:Q47I:R98D:V109Q,5
G3E:A29H:D96Q:R98D:V109Q,G3E:A29H:D96Q:R98D:V109Q,5
T7H:A29H:I92C:D96Q:T113E,T7H:A29H:I92C:D96Q:T113E,5
T7H:A29H:Q47R:D61Q:V107M,T7H:A29H:Q47R:D61Q:V107M,5
G3E:Q47R:D61Q:D96Q:V107M,G3E:Q47R:D61Q:D96Q:V107M,5
T7S:Q47C:D61Q:D96Q:T113E,T7S:Q47C:D61Q:D96Q:T113E,5
T7S:A29K:Q47V:D96Q:V107M,T7S:A29K:Q47V:D96Q:V107M,5
R5D:A29H:Q47C:D61Q:V107M,R5D:A29H:Q47C:D61Q:V107M,5
G3E:A29K:G34T:Q47V:V109Q,G3E:A29K:G34T:Q47V:V109Q,5
L4N:G34T:Q47R:I92C:T113E,L4N:G34T:Q47R:I92C:T113E,5
L4N:G34T:Q47R:I92C:V109Q,L4N:G34T:Q47R:I92C:V109Q,5
R5D:Q47I:D96Q:R98D:T113E,R5D:Q47I:D96Q:R98D:T113E,5
G3E:R5D:Q47I:V107M:T113E,G3E:R5D:Q47I:V107M:T113E,5
L4N:D61Q:I92C:R98D:V109Q,L4N:D61Q:I92C:R98D:V109Q,5
L4N:R60N:D61Q:D96Q:T113E,L4N:R60N:D61Q:D96Q:T113E,5
L4N:I92C:D96Q:R98D:V109Q,L4N:I92C:D96Q:R98D:V109Q,5
R5D:Q47V:D96Q:R98D:T113E,R5D:Q47V:D96Q:R98D:T113E,5
L4N:A29H:Q47R:D61Q:V107M,L4N:A29H:Q47R:D61Q:V107M,5
L4N:T7S:Q47V:V107M:T113E,L4N:T7S:Q47V:V107M:T113E,5
L4N:A29K:D96Q:R98D:V107M,L4N:A29K:D96Q:R98D:V107M,5
G3E:A29H:I92C:D96Q:V109Q,G3E:A29H:I92C:D96Q:V109Q,5
T7H:A29H:Q47R:I92C:V107M,T7H:A29H:Q47R:I92C:V107M,5
G3E:A29K:G34T:I92C:T113E,G3E:A29K:G34T:I92C:T113E,5
T7S:A29H:Q47V:I92C:V109Q,T7S:A29H:Q47V:I92C:V109Q,5
G3E:G34T:R60N:I92C:T113E,G3E:G34T:R60N:I92C:T113E,5
G3E:A29K:R60N:D61Q:T113E,G3E:A29K:R60N:D61Q:T113E,5
L4N:T7H:G34T:V109Q:T113E,L4N:T7H:G34T:V109Q:T113E,5
G3E:A29K:G34T:I92C:V109Q,G3E:A29K:G34T:I92C:V109Q,5
R5D:T7H:Q47R:V109Q:T113E,R5D:T7H:Q47R:V109Q:T113E,5
L4N:A29K:D61Q:D96Q:V107M,L4N:A29K:D61Q:D96Q:V107M,5
R5D:T7H:Q47I:V107M:T113E,R5D:T7H:Q47I:V107M:T113E,5
A29K:G34T:Q47C:D61Q:R98D,A29K:G34T:Q47C:D61Q:R98D,5
T7S:Q47R:D96Q:R98D:V109Q,T7S:Q47R:D96Q:R98D:V109Q,5
T7H:A29K:D96Q:R98D:V109Q,T7H:A29K:D96Q:R98D:V109Q,5
L4N:A29K:G34T:I92C:V109Q,L4N:A29K:G34T:I92C:V109Q,5
T7S:A29H:Q47R:R60N:V109Q,T7S:A29H:Q47R:R60N:V109Q,5
G3E:A29H:R60N:I92C:V107M,G3E:A29H:R60N:I92C:V107M,5
T7S:A29H:Q47C:D96Q:T113E,T7S:A29H:Q47C:D96Q:T113E,5
G3E:A29K:R60N:D96Q:T113E,G3E:A29K:R60N:D96Q:T113E,5
L4N:A29K:G34T:R98D:T113E,L4N:A29K:G34T:R98D:T113E,5
G3E:R5D:Q47I:V107M:V109Q,G3E:R5D:Q47I:V107M:V109Q,5
G3E:G34T:Q47V:R98D:T113E,G3E:G34T:Q47V:R98D:T113E,5
G34T:Q47R:D61Q:I92C:R98D,G34T:Q47R:D61Q:I92C:R98D,5
G3E:A29H:G34T:Q47R:V109Q,G3E:A29H:G34T:Q47R:V109Q,5
T7S:Q47R:R60N:R98D:V107M,T7S:Q47R:R60N:R98D:V107M,5
R5D:A29H:Q47C:I92C:T113E,R5D:A29H:Q47C:I92C:T113E,5
G3E:G34T:R60N:D61Q:V109Q,G3E:G34T:R60N:D61Q:V109Q,5
T7S:A29H:Q47V:R98D:V109Q,T7S:A29H:Q47V:R98D:V109Q,5
T7H:A29H:G34T:Q47C:V107M,T7H:A29H:G34T:Q47C:V107M,5
L4N:G34T:D96Q:R98D:T113E,L4N:G34T:D96Q:R98D:T113E,5
R5D:A29K:Q47V:I92C:V107M,R5D:A29K:Q47V:I92C:V107M,5
R5D:A29K:Q47V:D96Q:V107M,R5D:A29K:Q47V:D96Q:V107M,5
G34T:Q47V:D61Q:D96Q:R98D,G34T:Q47V:D61Q:D96Q:R98D,5
L4N:A29K:D61Q:D96Q:T113E,L4N:A29K:D61Q:D96Q:T113E,5
G3E:L4N:G34T:V109Q:T113E,G3E:L4N:G34T:V109Q:T113E,5
A29K:R60N:I92C:D96Q:R98D,A29K:R60N:I92C:D96Q:R98D,5
T7S:A29K:Q47V:I92C:T113E,T7S:A29K:Q47V:I92C:T113E,5
L4N:A29H:Q47R:D61Q:T113E,L4N:A29H:Q47R:D61Q:T113E,5
G3E:Q47R:D61Q:R98D:T113E,G3E:Q47R:D61Q:R98D:T113E,5
L4N:A29K:R60N:R98D:V107M,L4N:A29K:R60N:R98D:V107M,5
L4N:A29H:G34T:Q47V:V107M,L4N:A29H:G34T:Q47V:V107M,5
R5D:A29H:G34T:Q47C:V109Q,R5D:A29H:G34T:Q47C:V109Q,5
T7S:Q47I:I92C:R98D:T113E,T7S:Q47I:I92C:R98D:T113E,5
G3E:L4N:R98D:V109Q:T113E,G3E:L4N:R98D:V109Q:T113E,5
G3E:G34T:Q47V:R98D:V107M,G3E:G34T:Q47V:R98D:V107M,5
L4N:D61Q:D96Q:R98D:V109Q,L4N:D61Q:D96Q:R98D:V109Q,5
G3E:G34T:Q47R:I92C:T113E,G3E:G34T:Q47R:I92C:T113E,5
L4N:R5D:D96Q:V109Q:T113E,L4N:R5D:D96Q:V109Q:T113E,5
T7H:A29H:I92C:R98D:V109Q,T7H:A29H:I92C:R98D:V109Q,5
T7H:D61Q:I92C:D96Q:V109Q,T7H:D61Q:I92C:D96Q:V109Q,5
L4N:A29H:R60N:D61Q:V107M,L4N:A29H:R60N:D61Q:V107M,5
A29H:G34T:Q47I:D61Q:R98D,A29H:G34T:Q47I:D61Q:R98D,5
L4N:A29K:I92C:R98D:V109Q,L4N:A29K:I92C:R98D:V109Q,5
R5D:R60N:I92C:D96Q:V109Q,R5D:R60N:I92C:D96Q:V109Q,5
G3E:T7S:D96Q:V107M:V109Q,G3E:T7S:D96Q:V107M:V109Q,5
R5D:Q47V:D61Q:I92C:V107M,R5D:Q47V:D61Q:I92C:V107M,5
L4N:A29K:G34T:D96Q:V109Q,L4N:A29K:G34T:D96Q:V109Q,5
R5D:A29H:Q47I:D61Q:V109Q,R5D:A29H:Q47I:D61Q:V109Q,5
G3E:A29H:Q47R:R98D:T113E,G3E:A29H:Q47R:R98D:T113E,5
R5D:Q47C:D61Q:I92C:V107M,R5D:Q47C:D61Q:I92C:V107M,5
A29K:G34T:Q47I:D61Q:I92C,A29K:G34T:Q47I:D61Q:I92C,5
G3E:R60N:D61Q:D96Q:T113E,G3E:R60N:D61Q:D96Q:T113E,5
R5D:A29H:Q47V:I92C:V109Q,R5D:A29H:Q47V:I92C:V109Q,5
G3E:A29H:R60N:R98D:T113E,G3E:A29H:R60N:R98D:T113E,5
T7H:G34T:R60N:D96Q:T113E,T7H:G34T:R60N:D96Q:T113E,5
T7H:A29K:D96Q:R98D:V107M,T7H:A29K:D96Q:R98D:V107M,5
R5D:A29H:Q47I:R60N:T113E,R5D:A29H:Q47I:R60N:T113E,5
A29K:G34T:Q47I:D61Q:R98D,A29K:G34T:Q47I:D61Q:R98D,5
L4N:A29K:G34T:R60N:T113E,L4N:A29K:G34T:R60N:T113E,5
L4N:R60N:D96Q:R98D:V107M,L4N:R60N:D96Q:R98D:V107M,5
T7S:A29H:Q47C:D96Q:V109Q,T7S:A29H:Q47C:D96Q:V109Q,5
G3E:R5D:Q47C:V107M:V109Q,G3E:R5D:Q47C:V107M:V109Q,5
G3E:T7H:D96Q:V107M:V109Q,G3E:T7H:D96Q:V107M:V109Q,5
L4N:T7H:G34T:V107M:T113E,L4N:T7H:G34T:V107M:T113E,5
G3E:Q47V:D96Q:R98D:V107M,G3E:Q47V:D96Q:R98D:V107M,5
T7S:Q47C:I92C:R98D:V109Q,T7S:Q47C:I92C:R98D:V109Q,5
G3E:Q47V:D61Q:I92C:V107M,G3E:Q47V:D61Q:I92C:V107M,5
T7S:Q47I:D61Q:I92C:V109Q,T7S:Q47I:D61Q:I92C:V109Q,5
R5D:Q47R:D96Q:R98D:V109Q,R5D:Q47R:D96Q:R98D:V109Q,5
L4N:I92C:D96Q:R98D:T113E,L4N:I92C:D96Q:R98D:T113E,5
G3E:A29K:Q47R:I92C:V109Q,G3E:A29K:Q47R:I92C:V109Q,5
T7S:A29H:Q47I:D96Q:V107M,T7S:A29H:Q47I:D96Q:V107M,5
T7H:A29H:R60N:D96Q:T113E,T7H:A29H:R60N:D96Q:T113E,5
L4N:D61Q:I92C:D96Q:T113E,L4N:D61Q:I92C:D96Q:T113E,5
G3E:A29K:G34T:Q47V:T113E,G3E:A29K:G34T:Q47V:T113E,5
R5D:Q47C:D61Q:I92C:T113E,R5D:Q47C:D61Q:I92C:T113E,5
T7S:Q47C:I92C:D96Q:V107M,T7S:Q47C:I92C:D96Q:V107M,5
G3E:D61Q:I92C:D96Q:V109Q,G3E:D61Q:I92C:D96Q:V109Q,5
L4N:G34T:I92C:D96Q:V109Q,L4N:G34T:I92C:D96Q:V109Q,5
R5D:Q47R:R60N:D61Q:V109Q,R5D:Q47R:R60N:D61Q:V109Q,5
L4N:T7H:R98D:V107M:V109Q,L4N:T7H:R98D:V107M:V109Q,5
R5D:Q47V:I92C:R98D:T113E,R5D:Q47V:I92C:R98D:T113E,5
G3E:A29H:Q47V:I92C:V107M,G3E:A29H:Q47V:I92C:V107M,5
L4N:G34T:I92C:R98D:T113E,L4N:G34T:I92C:R98D:T113E,5
A29K:G34T:Q47I:D96Q:R98D,A29K:G34T:Q47I:D96Q:R98D,5
T7S:Q47C:I92C:D96Q:T113E,T7S:Q47C:I92C:D96Q:T113E,5
T7H:A29H:G34T:D96Q:V109Q,T7H:A29H:G34T:D96Q:V109Q,5
T7H:Q47R:D61Q:I92C:T113E,T7H:Q47R:D61Q:I92C:T113E,5
L4N:A29K:I92C:R98D:T113E,L4N:A29K:I92C:R98D:T113E,5
G3E:T7H:Q47R:V109Q:T113E,G3E:T7H:Q47R:V109Q:T113E,5
R5D:A29H:Q47V:D61Q:V109Q,R5D:A29H:Q47V:D61Q:V109Q,5
T7H:A29K:R60N:D61Q:T113E,T7H:A29K:R60N:D61Q:T113E,5
G3E:A29H:R60N:I92C:T113E,G3E:A29H:R60N:I92C:T113E,5
R5D:Q47C:D61Q:D96Q:T113E,R5D:Q47C:D61Q:D96Q:T113E,5
R5D:G34T:Q47I:R60N:V109Q,R5D:G34T:Q47I:R60N:V109Q,5
L4N:A29K:D61Q:R98D:T113E,L4N:A29K:D61Q:R98D:T113E,5
L4N:A29H:I92C:D96Q:V107M,L4N:A29H:I92C:D96Q:V107M,5
T7S:G34T:Q47R:R60N:V109Q,T7S:G34T:Q47R:R60N:V109Q,5
T7H:A29H:G34T:Q47V:V107M,T7H:A29H:G34T:Q47V:V107M,5
G3E:A29H:I92C:D96Q:T113E,G3E:A29H:I92C:D96Q:T113E,5
L4N:A29K:Q47R:I92C:V107M,L4N:A29K:Q47R:I92C:V107M,5
G3E:A29K:Q47C:R98D:V107M,G3E:A29K:Q47C:R98D:V107M,5
T7S:Q47R:R60N:R98D:V109Q,T7S:Q47R:R60N:R98D:V109Q,5
T7S:Q47C:D61Q:D96Q:V109Q,T7S:Q47C:D61Q:D96Q:V109Q,5
A29K:G34T:Q47R:D96Q:R98D,A29K:G34T:Q47R:D96Q:R98D,5
A29H:Q47R:D61Q:D96Q:R98D,A29H:Q47R:D61Q:D96Q:R98D,5
T7H:Q47C:D61Q:R98D:V107M,T7H:Q47C:D61Q:R98D:V107M,5
G3E:A29H:R60N:I92C:V109Q,G3E:A29H:R60N:I92C:V109Q,5
T7S:A29H:Q47C:I92C:T113E,T7S:A29H:Q47C:I92C:T113E,5
G3E:A29K:Q47V:D61Q:V107M,G3E:A29K:Q47V:D61Q:V107M,5
G3E:Q47R:I92C:R98D:V107M,G3E:Q47R:I92C:R98D:V107M,5
R5D:Q47R:I92C:D96Q:T113E,R5D:Q47R:I92C:D96Q:T113E,5
G3E:G34T:Q47I:I92C:T113E,G3E:G34T:Q47I:I92C:T113E,5
L4N:T7H:I92C:V107M:V109Q,L4N:T7H:I92C:V107M:V109Q,5
G3E:L4N:I92C:V109Q:T113E,G3E:L4N:I92C:V109Q:T113E,5
G3E:L4N:A29H:V109Q:T113E,G3E:L4N:A29H:V109Q:T113E,5
L4N:G34T:Q47R:D96Q:T113E,L4N:G34T:Q47R:D96Q:T113E,5
R5D:Q47R:D61Q:D96Q:V109Q,R5D:Q47R:D61Q:D96Q:V109Q,5
L4N:T7S:Q47I:V107M:T113E,L4N:T7S:Q47I:V107M:T113E,5
G3E:T7H:G34T:V107M:V109Q,G3E:T7H:G34T:V107M:V109Q,5
T7S:A29K:Q47V:D96Q:T113E,T7S:A29K:Q47V:D96Q:T113E,5
R5D:G34T:Q47C:I92C:T113E,R5D:G34T:Q47C:I92C:T113E,5
T7H:G34T:Q47R:D96Q:T113E,T7H:G34T:Q47R:D96Q:T113E,5
G3E:Q47V:D61Q:R98D:V107M,G3E:Q47V:D61Q:R98D:V107M,5
G3E:G34T:Q47C:D61Q:V107M,G3E:G34T:Q47C:D61Q:V107M,5
G3E:L4N:I92C:V107M:T113E,G3E:L4N:I92C:V107M:T113E,5
G3E:G34T:I92C:D96Q:T113E,G3E:G34T:I92C:D96Q:T113E,5
R5D:Q47V:D61Q:I92C:V109Q,R5D:Q47V:D61Q:I92C:V109Q,5
L4N:A29H:I92C:D96Q:V109Q,L4N:A29H:I92C:D96Q:V109Q,5
R5D:A29K:Q47C:I92C:T113E,R5D:A29K:Q47C:I92C:T113E,5
R5D:A29K:G34T:Q47I:V109Q,R5D:A29K:G34T:Q47I:V109Q,5
R5D:G34T:Q47R:R60N:V109Q,R5D:G34T:Q47R:R60N:V109Q,5
G3E:A29K:G34T:Q47C:V107M,G3E:A29K:G34T:Q47C:V107M,5
G3E:G34T:Q47R:I92C:V109Q,G3E:G34T:Q47R:I92C:V109Q,5
R5D:A29K:Q47I:D96Q:T113E,R5D:A29K:Q47I:D96Q:T113E,5
T7S:A29K:Q47I:I92C:T113E,T7S:A29K:Q47I:I92C:T113E,5
G3E:R5D:D96Q:V109Q:T113E,G3E:R5D:D96Q:V109Q:T113E,5
L4N:A29H:G34T:Q47I:V107M,L4N:A29H:G34T:Q47I:V107M,5
T7S:Q47V:I92C:D96Q:V107M,T7S:Q47V:I92C:D96Q:V107M,5
R5D:G34T:Q47V:I92C:V109Q,R5D:G34T:Q47V:I92C:V109Q,5
L4N:A29H:Q47C:D61Q:V107M,L4N:A29H:Q47C:D61Q:V107M,5
R5D:G34T:Q47C:I92C:V109Q,R5D:G34T:Q47C:I92C:V109Q,5
L4N:A29K:G34T:Q47I:T113E,L4N:A29K:G34T:Q47I:T113E,5
L4N:Q47R:I92C:R98D:T113E,L4N:Q47R:I92C:R98D:T113E,5
L4N:R5D:Q47C:V107M:T113E,L4N:R5D:Q47C:V107M:T113E,5
T7S:A29H:Q47C:D96Q:V107M,T7S:A29H:Q47C:D96Q:V107M,5
L4N:A29K:Q47R:D61Q:V109Q,L4N:A29K:Q47R:D61Q:V109Q,5
G3E:A29K:I92C:D96Q:V109Q,G3E:A29K:I92C:D96Q:V109Q,5
G3E:G34T:Q47I:D61Q:V107M,G3E:G34T:Q47I:D61Q:V107M,5
L4N:T7H:R98D:V109Q:T113E,L4N:T7H:R98D:V109Q:T113E,5
G3E:A29H:Q47C:R98D:V107M,G3E:A29H:Q47C:R98D:V107M,5
L4N:G34T:Q47I:D61Q:T113E,L4N:G34T:Q47I:D61Q:T113E,5
R5D:G34T:Q47I:R60N:V107M,R5D:G34T:Q47I:R60N:V107M,5
L4N:A29K:Q47R:R98D:T113E,L4N:A29K:Q47R:R98D:T113E,5
R5D:G34T:Q47C:R98D:V109Q,R5D:G34T:Q47C:R98D:V109Q,5
G3E:G34T:Q47R:R98D:V109Q,G3E:G34T:Q47R:R98D:V109Q,5
G3E:A29K:Q47V:R98D:V107M,G3E:A29K:Q47V:R98D:V107M,5
T7S:A29K:Q47I:R60N:T113E,T7S:A29K:Q47I:R60N:T113E,5
R5D:A29K:R60N:D96Q:V109Q,R5D:A29K:R60N:D96Q:V109Q,5
L4N:A29K:I92C:D96Q:T113E,L4N:A29K:I92C:D96Q:T113E,5
T7S:A29H:Q47C:I92C:V109Q,T7S:A29H:Q47C:I92C:V109Q,5
L4N:G34T:I92C:R98D:V109Q,L4N:G34T:I92C:R98D:V109Q,5
L4N:G34T:Q47V:D61Q:T113E,L4N:G34T:Q47V:D61Q:T113E,5
G3E:A29K:Q47V:I92C:V107M,G3E:A29K:Q47V:I92C:V107M,5
T7S:A29K:Q47C:D61Q:V107M,T7S:A29K:Q47C:D61Q:V107M,5
T7H:A29H:G34T:Q47R:V109Q,T7H:A29H:G34T:Q47R:V109Q,5
G3E:A29H:G34T:Q47I:T113E,G3E:A29H:G34T:Q47I:T113E,5
T7H:G34T:Q47R:I92C:V109Q,T7H:G34T:Q47R:I92C:V109Q,5
A29H:G34T:Q47C:D61Q:R98D,A29H:G34T:Q47C:D61Q:R98D,5
T7S:A29K:Q47V:R98D:V109Q,T7S:A29K:Q47V:R98D:V109Q,5
R5D:Q47C:D61Q:I92C:V109Q,R5D:Q47C:D61Q:I92C:V109Q,5
A29H:G34T:Q47V:D96Q:R98D,A29H:G34T:Q47V:D96Q:R98D,5
G3E:G34T:Q47V:D96Q:T113E,G3E:G34T:Q47V:D96Q:T113E,5
G3E:G34T:Q47I:R98D:T113E,G3E:G34T:Q47I:R98D:T113E,5
G3E:A29K:Q47I:R98D:T113E,G3E:A29K:Q47I:R98D:T113E,5
G3E:R5D:Q47V:V107M:V109Q,G3E:R5D:Q47V:V107M:V109Q,5
G3E:A29K:G34T:D96Q:V109Q,G3E:A29K:G34T:D96Q:V109Q,5
A29K:G34T:Q47R:R60N:D61Q,A29K:G34T:Q47R:R60N:D61Q,5
T7S:Q47R:R60N:D61Q:V107M,T7S:Q47R:R60N:D61Q:V107M,5
T7H:A29H:R60N:R98D:V109Q,T7H:A29H:R60N:R98D:V109Q,5
L4N:A29H:Q47R:R98D:T113E,L4N:A29H:Q47R:R98D:T113E,5
G3E:L4N:R98D:V107M:V109Q,G3E:L4N:R98D:V107M:V109Q,5
L4N:G34T:R60N:R98D:T113E,L4N:G34T:R60N:R98D:T113E,5
L4N:R5D:Q47C:V107M:V109Q,L4N:R5D:Q47C:V107M:V109Q,5
R5D:A29K:Q47V:I92C:T113E,R5D:A29K:Q47V:I92C:T113E,5
A29H:G34T:Q47V:D61Q:I92C,A29H:G34T:Q47V:D61Q:I92C,5
L4N:A29H:G34T:Q47R:V109Q,L4N:A29H:G34T:Q47R:V109Q,5
L4N:A29H:Q47V:D61Q:T113E,L4N:A29H:Q47V:D61Q:T113E,5
T7H:Q47R:I92C:R98D:T113E,T7H:Q47R:I92C:R98D:T113E,5
L4N:R60N:D61Q:I92C:V109Q,L4N:R60N:D61Q:I92C:V109Q,5
L4N:T7H:I92C:V109Q:T113E,L4N:T7H:I92C:V109Q:T113E,5
G3E:Q47R:D96Q:R98D:V107M,G3E:Q47R:D96Q:R98D:V107M,5
G3E:A29K:G34T:Q47I:T113E,G3E:A29K:G34T:Q47I:T113E,5
L4N:A29K:R60N:D61Q:T113E,L4N:A29K:R60N:D61Q:T113E,5
L4N:A29K:R60N:I92C:T113E,L4N:A29K:R60N:I92C:T113E,5
L4N:A29K:G34T:D96Q:T113E,L4N:A29K:G34T:D96Q:T113E,5
R5D:A29K:Q47V:I92C:V109Q,R5D:A29K:Q47V:I92C:V109Q,5
L4N:G34T:Q47R:D61Q:V109Q,L4N:G34T:Q47R:D61Q:V109Q,5
R5D:Q47C:I92C:D96Q:T113E,R5D:Q47C:I92C:D96Q:T113E,5
A29K:G34T:Q47I:I92C:R98D,A29K:G34T:Q47I:I92C:R98D,5
R5D:A29K:Q47V:R60N:T113E,R5D:A29K:Q47V:R60N:T113E,5
L4N:D61Q:I92C:D96Q:V109Q,L4N:D61Q:I92C:D96Q:V109Q,5
T7H:A29K:D61Q:I92C:T113E,T7H:A29K:D61Q:I92C:T113E,5
T7H:A29H:R60N:I92C:T113E,T7H:A29H:R60N:I92C:T113E,5
G3E:A29K:Q47C:D61Q:V107M,G3E:A29K:Q47C:D61Q:V107M,5
L4N:T7S:Q47C:V107M:T113E,L4N:T7S:Q47C:V107M:T113E,5
L4N:A29H:R60N:I92C:T113E,L4N:A29H:R60N:I92C:T113E,5
L4N:A29K:R60N:D96Q:T113E,L4N:A29K:R60N:D96Q:T113E,5
T7H:A29K:I92C:R98D:V109Q,T7H:A29K:I92C:R98D:V109Q,5
T7H:A29K:I92C:R98D:T113E,T7H:A29K:I92C:R98D:T113E,5
R5D:A29H:Q47R:R98D:V109Q,R5D:A29H:Q47R:R98D:V109Q,5
L4N:A29K:G34T:Q47V:V107M,L4N:A29K:G34T:Q47V:V107M,5
G3E:L4N:R60N:V107M:V109Q,G3E:L4N:R60N:V107M:V109Q,5
G3E:A29H:Q47V:D61Q:T113E,G3E:A29H:Q47V:D61Q:T113E,5
L4N:A29K:G34T:R60N:V109Q,L4N:A29K:G34T:R60N:V109Q,5
G3E:A29H:Q47R:D61Q:V109Q,G3E:A29H:Q47R:D61Q:V109Q,5
L4N:R60N:D61Q:I92C:V107M,L4N:R60N:D61Q:I92C:V107M,5
L4N:R60N:I92C:R98D:T113E,L4N:R60N:I92C:R98D:T113E,5
G3E:T7S:Q47C:V107M:V109Q,G3E:T7S:Q47C:V107M:V109Q,5
T7S:Q47R:R60N:D96Q:T113E,T7S:Q47R:R60N:D96Q:T113E,5
G3E:A29K:Q47I:D61Q:V107M,G3E:A29K:Q47I:D61Q:V107M,5
T7H:A29K:G34T:R60N:V107M,T7H:A29K:G34T:R60N:V107M,5
T7S:G34T:Q47I:D96Q:V109Q,T7S:G34T:Q47I:D96Q:V109Q,5
L4N:A29H:I92C:D96Q:T113E,L4N:A29H:I92C:D96Q:T113E,5
L4N:G34T:R60N:I92C:T113E,L4N:G34T:R60N:I92C:T113E,5
T7S:A29K:Q47R:D96Q:V109Q,T7S:A29K:Q47R:D96Q:V109Q,5
L4N:T7H:R60N:V109Q:T113E,L4N:T7H:R60N:V109Q:T113E,5
G3E:L4N:Q47R:V107M:T113E,G3E:L4N:Q47R:V107M:T113E,5
A29H:G34T:Q47C:D61Q:I92C,A29H:G34T:Q47C:D61Q:I92C,5
L4N:T7H:R60N:V107M:V109Q,L4N:T7H:R60N:V107M:V109Q,5
L4N:Q47R:D61Q:D96Q:V107M,L4N:Q47R:D61Q:D96Q:V107M,5
A29K:Q47R:I92C:D96Q:R98D,A29K:Q47R:I92C:D96Q:R98D,5
L4N:A29H:G34T:Q47C:T113E,L4N:A29H:G34T:Q47C:T113E,5
R5D:T7H:Q47V:V107M:T113E,R5D:T7H:Q47V:V107M:T113E,5
G3E:Q47R:D96Q:R98D:T113E,G3E:Q47R:D96Q:R98D:T113E,5
A29K:R60N:D61Q:I92C:D96Q,A29K:R60N:D61Q:I92C:D96Q,5
L4N:R5D:Q47I:V107M:T113E,L4N:R5D:Q47I:V107M:T113E,5
G3E:G34T:Q47V:I92C:V107M,G3E:G34T:Q47V:I92C:V107M,5
G3E:A29H:Q47R:I92C:T113E,G3E:A29H:Q47R:I92C:T113E,5
T7H:Q47R:D61Q:D96Q:V107M,T7H:Q47R:D61Q:D96Q:V107M,5
L4N:G34T:Q47I:I92C:V107M,L4N:G34T:Q47I:I92C:V107M,5
R5D:A29K:G34T:Q47C:V109Q,R5D:A29K:G34T:Q47C:V109Q,5
L4N:A29K:G34T:Q47R:V107M,L4N:A29K:G34T:Q47R:V107M,5
L4N:G34T:Q47C:R98D:V107M,L4N:G34T:Q47C:R98D:V107M,5
T7H:A29H:I92C:D96Q:V109Q,T7H:A29H:I92C:D96Q:V109Q,5
T7S:Q47R:R60N:D96Q:V107M,T7S:Q47R:R60N:D96Q:V107M,5
L4N:T7S:Q47V:V107M:V109Q,L4N:T7S:Q47V:V107M:V109Q,5
T7S:A29K:Q47C:I92C:T113E,T7S:A29K:Q47C:I92C:T113E,5
G3E:A29K:G34T:R98D:V109Q,G3E:A29K:G34T:R98D:V109Q,5
T7H:A29H:D96Q:R98D:V109Q,T7H:A29H:D96Q:R98D:V109Q,5
L4N:G34T:Q47I:R98D:T113E,L4N:G34T:Q47I:R98D:T113E,5
G3E:G34T:Q47C:R98D:V107M,G3E:G34T:Q47C:R98D:V107M,5
R5D:Q47R:I92C:R98D:V109Q,R5D:Q47R:I92C:R98D:V109Q,5
T7S:A29H:Q47I:I92C:V109Q,T7S:A29H:Q47I:I92C:V109Q,5
T7H:G34T:R60N:R98D:V109Q,T7H:G34T:R60N:R98D:V109Q,5
R5D:Q47C:I92C:D96Q:V107M,R5D:Q47C:I92C:D96Q:V107M,5
G3E:I92C:D96Q:R98D:V109Q,G3E:I92C:D96Q:R98D:V109Q,5
T7H:G34T:I92C:D96Q:V109Q,T7H:G34T:I92C:D96Q:V109Q,5
T7H:Q47R:D96Q:R98D:T113E,T7H:Q47R:D96Q:R98D:T113E,5
R5D:A29K:Q47I:D96Q:V107M,R5D:A29K:Q47I:D96Q:V107M,5
R5D:A29K:Q47R:D96Q:V109Q,R5D:A29K:Q47R:D96Q:V109Q,5
L4N:A29K:G34T:R98D:V109Q,L4N:A29K:G34T:R98D:V109Q,5
L4N:A29H:G34T:Q47C:V109Q,L4N:A29H:G34T:Q47C:V109Q,5
G3E:L4N:I92C:V107M:V109Q,G3E:L4N:I92C:V107M:V109Q,5
L4N:A29H:G34T:Q47V:T113E,L4N:A29H:G34T:Q47V:T113E,5
L4N:A29K:Q47V:D61Q:V107M,L4N:A29K:Q47V:D61Q:V107M,5
T7S:A29K:Q47R:R60N:V107M,T7S:A29K:Q47R:R60N:V107M,5
G3E:A29H:G34T:Q47I:V107M,G3E:A29H:G34T:Q47I:V107M,5
G3E:A29K:Q47I:I92C:T113E,G3E:A29K:Q47I:I92C:T113E,5
G3E:L4N:R60N:V109Q:T113E,G3E:L4N:R60N:V109Q:T113E,5
G3E:G34T:Q47I:D61Q:V109Q,G3E:G34T:Q47I:D61Q:V109Q,5
T7H:A29K:G34T:R98D:V109Q,T7H:A29K:G34T:R98D:V109Q,5
A29K:G34T:Q47V:D96Q:R98D,A29K:G34T:Q47V:D96Q:R98D,5
A29K:G34T:Q47C:D96Q:R98D,A29K:G34T:Q47C:D96Q:R98D,5
G3E:A29K:Q47I:R98D:V107M,G3E:A29K:Q47I:R98D:V107M,5
L4N:G34T:R60N:D96Q:V107M,L4N:G34T:R60N:D96Q:V107M,5
G3E:A29K:Q47V:I92C:T113E,G3E:A29K:Q47V:I92C:T113E,5
L4N:Q47R:D96Q:R98D:V107M,L4N:Q47R:D96Q:R98D:V107M,5
T7S:Q47C:D61Q:R98D:V109Q,T7S:Q47C:D61Q:R98D:V109Q,5
T7H:A29K:D61Q:R98D:V109Q,T7H:A29K:D61Q:R98D:V109Q,5
L4N:A29K:G34T:Q47I:V107M,L4N:A29K:G34T:Q47I:V107M,5
L4N:G34T:R60N:D96Q:T113E,L4N:G34T:R60N:D96Q:T113E,5
T7H:A29H:Q47R:D61Q:V109Q,T7H:A29H:Q47R:D61Q:V109Q,5
T7S:A29H:Q47I:R98D:V109Q,T7S:A29H:Q47I:R98D:V109Q,5
R5D:A29H:Q47R:R60N:T113E,R5D:A29H:Q47R:R60N:T113E,5
G3E:A29K:G34T:Q47C:T113E,G3E:A29K:G34T:Q47C:T113E,5
L4N:G34T:Q47C:D61Q:V107M,L4N:G34T:Q47C:D61Q:V107M,5
T7S:G34T:Q47I:R60N:V107M,T7S:G34T:Q47I:R60N:V107M,5
L4N:A29H:Q47C:D96Q:V107M,L4N:A29H:Q47C:D96Q:V107M,5
L4N:A29H:R60N:D96Q:V107M,L4N:A29H:R60N:D96Q:V107M,5
L4N:A29K:D61Q:R98D:V109Q,L4N:A29K:D61Q:R98D:V109Q,5
L4N:A29K:Q47V:I92C:V107M,L4N:A29K:Q47V:I92C:V107M,5
R5D:A29K:Q47V:R98D:V109Q,R5D:A29K:Q47V:R98D:V109Q,5
L4N:R5D:Q47V:V109Q:T113E,L4N:R5D:Q47V:V109Q:T113E,5
G3E:A29H:G34T:Q47V:V107M,G3E:A29H:G34T:Q47V:V107M,5
T7H:A29H:Q47C:R98D:V107M,T7H:A29H:Q47C:R98D:V107M,5
R5D:T7H:Q47V:V107M:V109Q,R5D:T7H:Q47V:V107M:V109Q,5
G3E:A29K:Q47I:I92C:V107M,G3E:A29K:Q47I:I92C:V107M,5
L4N:R5D:Q47V:V107M:T113E,L4N:R5D:Q47V:V107M:T113E,5
L4N:G34T:R60N:D96Q:V109Q,L4N:G34T:R60N:D96Q:V109Q,5
L4N:T7S:Q47C:V107M:V109Q,L4N:T7S:Q47C:V107M:V109Q,5
T7H:A29K:D61Q:I92C:V109Q,T7H:A29K:D61Q:I92C:V109Q,5
L4N:A29H:R60N:I92C:V107M,L4N:A29H:R60N:I92C:V107M,5
G3E:L4N:Q47I:V107M:T113E,G3E:L4N:Q47I:V107M:T113E,5
L4N:Q47R:D96Q:R98D:T113E,L4N:Q47R:D96Q:R98D:T113E,5
R5D:G34T:Q47I:R60N:T113E,R5D:G34T:Q47I:R60N:T113E,5
L4N:G34T:Q47V:R98D:V107M,L4N:G34T:Q47V:R98D:V107M,5
G3E:Q47R:D61Q:I92C:T113E,G3E:Q47R:D61Q:I92C:T113E,5
L4N:Q47C:D96Q:R98D:V107M,L4N:Q47C:D96Q:R98D:V107M,5
R5D:A29H:Q47C:D96Q:V107M,R5D:A29H:Q47C:D96Q:V107M,5
R5D:A29K:Q47R:R60N:V109Q,R5D:A29K:Q47R:R60N:V109Q,5
G3E:A29H:Q47R:D61Q:V107M,G3E:A29H:Q47R:D61Q:V107M,5
T7S:A29K:Q47C:D96Q:T113E,T7S:A29K:Q47C:D96Q:T113E,5
T7S:G34T:Q47C:R98D:V109Q,T7S:G34T:Q47C:R98D:V109Q,5
L4N:Q47R:D61Q:I92C:T113E,L4N:Q47R:D61Q:I92C:T113E,5
G3E:A29H:R60N:D96Q:V107M,G3E:A29H:R60N:D96Q:V107M,5
R5D:Q47V:D61Q:R98D:V109Q,R5D:Q47V:D61Q:R98D:V109Q,5
G3E:Q47V:I92C:R98D:V107M,G3E:Q47V:I92C:R98D:V107M,5
R5D:Q47I:I92C:R98D:T113E,R5D:Q47I:I92C:R98D:T113E,5
G3E:A29H:R60N:D96Q:T113E,G3E:A29H:R60N:D96Q:T113E,5
T7H:G34T:Q47V:D61Q:T113E,T7H:G34T:Q47V:D61Q:T113E,5
G3E:L4N:D96Q:V107M:V109Q,G3E:L4N:D96Q:V107M:V109Q,5
T7H:Q47C:I92C:R98D:V107M,T7H:Q47C:I92C:R98D:V107M,5
A29H:G34T:Q47C:D96Q:R98D,A29H:G34T:Q47C:D96Q:R98D,5
L4N:T7H:Q47R:V107M:T113E,L4N:T7H:Q47R:V107M:T113E,5
L4N:A29K:Q47R:D96Q:T113E,L4N:A29K:Q47R:D96Q:T113E,5
A29K:Q47R:D61Q:I92C:R98D,A29K:Q47R:D61Q:I92C:R98D,5
L4N:T7H:Q47C:V107M:T113E,L4N:T7H:Q47C:V107M:T113E,5
L4N:Q47V:D61Q:R98D:V107M,L4N:Q47V:D61Q:R98D:V107M,5
T7H:G34T:Q47V:R98D:V107M,T7H:G34T:Q47V:R98D:V107M,5
L4N:T7S:Q47I:V107M:V109Q,L4N:T7S:Q47I:V107M:V109Q,5
T7H:A29H:G34T:Q47I:V107M,T7H:A29H:G34T:Q47I:V107M,5
G3E:T7H:D96Q:V109Q:T113E,G3E:T7H:D96Q:V109Q:T113E,5
L4N:G34T:D96Q:R98D:V109Q,L4N:G34T:D96Q:R98D:V109Q,5
T7H:A29H:G34T:Q47V:T113E,T7H:A29H:G34T:Q47V:T113E,5
G3E:A29K:Q47R:R60N:T113E,G3E:A29K:Q47R:R60N:T113E,5
G3E:A29K:Q47V:D96Q:V107M,G3E:A29K:Q47V:D96Q:V107M,5
T7S:Q47R:I92C:D96Q:V109Q,T7S:Q47R:I92C:D96Q:V109Q,5
L4N:G34T:R60N:I92C:V109Q,L4N:G34T:R60N:I92C:V109Q,5
L4N:R60N:D61Q:I92C:T113E,L4N:R60N:D61Q:I92C:T113E,5
T7H:A29H:Q47R:R98D:T113E,T7H:A29H:Q47R:R98D:T113E,5
L4N:G34T:Q47V:I92C:V107M,L4N:G34T:Q47V:I92C:V107M,5
G3E:R60N:D96Q:R98D:T113E,G3E:R60N:D96Q:R98D:T113E,5
R5D:A29K:Q47R:R60N:T113E,R5D:A29K:Q47R:R60N:T113E,5
R5D:Q47R:R60N:D61Q:V107M,R5D:Q47R:R60N:D61Q:V107M,5
L4N:A29H:Q47C:R98D:V107M,L4N:A29H:Q47C:R98D:V107M,5
A29K:G34T:Q47V:D61Q:R98D,A29K:G34T:Q47V:D61Q:R98D,5
L4N:R60N:D96Q:R98D:T113E,L4N:R60N:D96Q:R98D:T113E,5
T7S:Q47V:R60N:D61Q:T113E,T7S:Q47V:R60N:D61Q:T113E,5
L4N:A29K:Q47V:R98D:T113E,L4N:A29K:Q47V:R98D:T113E,5
A29H:R60N:D61Q:I92C:D96Q,A29H:R60N:D61Q:I92C:D96Q,5
R5D:T7H:Q47I:V109Q:T113E,R5D:T7H:Q47I:V109Q:T113E,5
G3E:A29K:Q47R:D96Q:T113E,G3E:A29K:Q47R:D96Q:T113E,5
G3E:R60N:I92C:R98D:T113E,G3E:R60N:I92C:R98D:T113E,5
T7H:A29K:G34T:Q47I:T113E,T7H:A29K:G34T:Q47I:T113E,5
G3E:L4N:D96Q:V107M:T113E,G3E:L4N:D96Q:V107M:T113E,5
T7S:G34T:Q47R:R60N:V107M,T7S:G34T:Q47R:R60N:V107M,5
L4N:G34T:Q47I:D61Q:V107M,L4N:G34T:Q47I:D61Q:V107M,5
R5D:A29K:Q47C:R98D:V109Q,R5D:A29K:Q47C:R98D:V109Q,5
T7S:G34T:Q47V:R60N:T113E,T7S:G34T:Q47V:R60N:T113E,5
L4N:A29K:Q47V:R98D:V107M,L4N:A29K:Q47V:R98D:V107M,5
G3E:G34T:Q47R:R60N:T113E,G3E:G34T:Q47R:R60N:T113E,5
G3E:G34T:I92C:R98D:V109Q,G3E:G34T:I92C:R98D:V109Q,5
G3E:T7S:Q47C:V107M:T113E,G3E:T7S:Q47C:V107M:T113E,5
G3E:L4N:G34T:V107M:T113E,G3E:L4N:G34T:V107M:T113E,5
T7S:Q47I:I92C:D96Q:T113E,T7S:Q47I:I92C:D96Q:T113E,5
L4N:A29H:Q47I:R98D:V107M,L4N:A29H:Q47I:R98D:V107M,5
G3E:G34T:Q47R:D96Q:T113E,G3E:G34T:Q47R:D96Q:T113E,5
A29K:G34T:Q47C:D61Q:I92C,A29K:G34T:Q47C:D61Q:I92C,5
R5D:A29K:Q47C:I92C:V107M,R5D:A29K:Q47C:I92C:V107M,5
T7H:R60N:D61Q:D96Q:V109Q,T7H:R60N:D61Q:D96Q:V109Q,5
L4N:A29K:R60N:D61Q:V107M,L4N:A29K:R60N:D61Q:V107M,5
T7H:A29K:Q47R:D61Q:T113E,T7H:A29K:Q47R:D61Q:T113E,5
T7H:A29K:R60N:D61Q:V109Q,T7H:A29K:R60N:D61Q:V109Q,5
L4N:R5D:Q47C:V109Q:T113E,L4N:R5D:Q47C:V109Q:T113E,5
G3E:G34T:Q47C:D61Q:V109Q,G3E:G34T:Q47C:D61Q:V109Q,5
L4N:A29K:Q47V:D61Q:T113E,L4N:A29K:Q47V:D61Q:T113E,5
R5D:G34T:Q47I:D96Q:V109Q,R5D:G34T:Q47I:D96Q:V109Q,5
G3E:L4N:D96Q:V109Q:T113E,G3E:L4N:D96Q:V109Q:T113E,5
G34T:Q47C:D61Q:I92C:R98D,G34T:Q47C:D61Q:I92C:R98D,5
G3E:A29H:G34T:Q47C:T113E,G3E:A29H:G34T:Q47C:T113E,5
G3E:L4N:A29K:V109Q:T113E,G3E:L4N:A29K:V109Q:T113E,5
A29H:G34T:Q47I:D61Q:I92C,A29H:G34T:Q47I:D61Q:I92C,5
G3E:Q47C:D96Q:R98D:V107M,G3E:Q47C:D96Q:R98D:V107M,5
R5D:G34T:Q47V:D96Q:V109Q,R5D:G34T:Q47V:D96Q:V109Q,5
G3E:A29H:Q47R:D96Q:V107M,G3E:A29H:Q47R:D96Q:V107M,5
G3E:A29K:Q47R:D96Q:V107M,G3E:A29K:Q47R:D96Q:V107M,5
T7S:A29K:Q47C:I92C:V107M,T7S:A29K:Q47C:I92C:V107M,5
G3E:R60N:D61Q:I92C:V109Q,G3E:R60N:D61Q:I92C:V109Q,5
L4N:A29K:G34T:Q47C:V107M,L4N:A29K:G34T:Q47C:V107M,5
T7S:Q47R:R60N:I92C:V107M,T7S:Q47R:R60N:I92C:V107M,5
G3E:T7H:Q47R:V107M:V109Q,G3E:T7H:Q47R:V107M:V109Q,5
L4N:A29H:D96Q:R98D:V109Q,L4N:A29H:D96Q:R98D:V109Q,5
R5D:A29H:Q47C:R98D:V109Q,R5D:A29H:Q47C:R98D:V109Q,5
L4N:A29H:D61Q:D96Q:V109Q,L4N:A29H:D61Q:D96Q:V109Q,5
T7H:A29H:R60N:I92C:V109Q,T7H:A29H:R60N:I92C:V109Q,5
T7S:Q47R:R60N:I92C:T113E,T7S:Q47R:R60N:I92C:T113E,5
R5D:T7H:Q47V:V109Q:T113E,R5D:T7H:Q47V:V109Q:T113E,5
G3E:A29H:R60N:R98D:V109Q,G3E:A29H:R60N:R98D:V109Q,5
G3E:A29K:Q47C:D61Q:T113E,G3E:A29K:Q47C:D61Q:T113E,5
G3E:Q47V:D96Q:R98D:T113E,G3E:Q47V:D96Q:R98D:T113E,5
L4N:G34T:I92C:D96Q:T113E,L4N:G34T:I92C:D96Q:T113E,5
G3E:Q47R:R60N:D61Q:T113E,G3E:Q47R:R60N:D61Q:T113E,5
L4N:A29H:Q47R:D96Q:V107M,L4N:A29H:Q47R:D96Q:V107M,5
L4N:G34T:Q47I:I92C:T113E,L4N:G34T:Q47I:I92C:T113E,5
L4N:G34T:Q47I:R98D:V107M,L4N:G34T:Q47I:R98D:V107M,5
G3E:A29H:Q47V:R98D:V107M,G3E:A29H:Q47V:R98D:V107M,5
T7H:G34T:Q47I:D61Q:T113E,T7H:G34T:Q47I:D61Q:T113E,5
R5D:Q47I:R60N:R98D:T113E,R5D:Q47I:R60N:R98D:T113E,5
G3E:G34T:R60N:I92C:V109Q,G3E:G34T:R60N:I92C:V109Q,5
G3E:Q47R:I92C:R98D:T113E,G3E:Q47R:I92C:R98D:T113E,5
L4N:G34T:R60N:I92C:V107M,L4N:G34T:R60N:I92C:V107M,5
T7H:A29H:Q47V:R98D:V107M,T7H:A29H:Q47V:R98D:V107M,5
R5D:T7H:Q47C:V107M:V109Q,R5D:T7H:Q47C:V107M:V109Q,5
G3E:A29H:Q47V:D61Q:V107M,G3E:A29H:Q47V:D61Q:V107M,5
R5D:Q47C:D61Q:R98D:V109Q,R5D:Q47C:D61Q:R98D:V109Q,5
A29K:Q47R:D61Q:D96Q:R98D,A29K:Q47R:D61Q:D96Q:R98D,5
G3E:A29K:Q47I:D96Q:V107M,G3E:A29K:Q47I:D96Q:V107M,5
A29H:G34T:Q47R:R60N:D61Q,A29H:G34T:Q47R:R60N:D61Q,5
R5D:A29K:Q47I:I92C:V109Q,R5D:A29K:Q47I:I92C:V109Q,5
G3E:G34T:Q47V:I92C:T113E,G3E:G34T:Q47V:I92C:T113E,5
L4N:A29H:G34T:Q47V:V109Q,L4N:A29H:G34T:Q47V:V109Q,5
R5D:Q47V:I92C:D96Q:V107M,R5D:Q47V:I92C:D96Q:V107M,5
T7H:G34T:R60N:D96Q:V109Q,T7H:G34T:R60N:D96Q:V109Q,5
G3E:A29H:R60N:D96Q:V109Q,G3E:A29H:R60N:D96Q:V109Q,5
L4N:Q47V:D61Q:R98D:T113E,L4N:Q47V:D61Q:R98D:T113E,5
G3E:L4N:A29K:V107M:V109Q,G3E:L4N:A29K:V107M:V109Q,5
T7H:A29K:Q47R:R98D:T113E,T7H:A29K:Q47R:R98D:T113E,5
L4N:Q47R:I92C:D96Q:V107M,L4N:Q47R:I92C:D96Q:V107M,5
R5D:G34T:Q47I:R98D:V109Q,R5D:G34T:Q47I:R98D:V109Q,5
L4N:A29H:G34T:Q47I:V109Q,L4N:A29H:G34T:Q47I:V109Q,5
T7H:A29H:Q47V:D61Q:V107M,T7H:A29H:Q47V:D61Q:V107M,5
G3E:A29K:Q47V:D96Q:T113E,G3E:A29K:Q47V:D96Q:T113E,5
G3E:G34T:Q47C:I92C:V109Q,G3E:G34T:Q47C:I92C:V109Q,5
G34T:Q47V:I92C:D96Q:R98D,G34T:Q47V:I92C:D96Q:R98D,5
L4N:A29H:Q47V:I92C:V107M,L4N:A29H:Q47V:I92C:V107M,5
G3E:Q47R:I92C:D96Q:V107M,G3E:Q47R:I92C:D96Q:V107M,5
G3E:A29H:Q47V:I92C:T113E,G3E:A29H:Q47V:I92C:T113E,5
G3E:G34T:R60N:D96Q:V109Q,G3E:G34T:R60N:D96Q:V109Q,5
G3E:A29H:G34T:Q47C:V109Q,G3E:A29H:G34T:Q47C:V109Q,5
L4N:G34T:Q47V:D61Q:V109Q,L4N:G34T:Q47V:D61Q:V109Q,5
G3E:A29K:R60N:D96Q:V109Q,G3E:A29K:R60N:D96Q:V109Q,5
R5D:Q47I:I92C:D96Q:V107M,R5D:Q47I:I92C:D96Q:V107M,5
T7S:A29H:Q47C:R60N:T113E,T7S:A29H:Q47C:R60N:T113E,5
R5D:G34T:Q47R:R60N:V107M,R5D:G34T:Q47R:R60N:V107M,5
L4N:A29H:Q47V:R98D:V107M,L4N:A29H:Q47V:R98D:V107M,5
L4N:T7H:D96Q:V107M:V109Q,L4N:T7H:D96Q:V107M:V109Q,5
G3E:Q47I:D61Q:R98D:V107M,G3E:Q47I:D61Q:R98D:V107M,5
R5D:R60N:D96Q:R98D:V109Q,R5D:R60N:D96Q:R98D:V109Q,5
L4N:G34T:Q47C:D96Q:T113E,L4N:G34T:Q47C:D96Q:T113E,5
G3E:A29H:Q47R:D96Q:T113E,G3E:A29H:Q47R:D96Q:T113E,5
T7H:A29K:I92C:D96Q:T113E,T7H:A29K:I92C:D96Q:T113E,5
G3E:L4N:A29H:V107M:V109Q,G3E:L4N:A29H:V107M:V109Q,5
L4N:R5D:Q47V:V107M:V109Q,L4N:R5D:Q47V:V107M:V109Q,5
L4N:A29K:G34T:Q47R:V109Q,L4N:A29K:G34T:Q47R:V109Q,5
G3E:Q47R:D61Q:D96Q:T113E,G3E:Q47R:D61Q:D96Q:T113E,5
R5D:T7H:Q47C:V107M:T113E,R5D:T7H:Q47C:V107M:T113E,5
L4N:A29H:Q47I:I92C:V107M,L4N:A29H:Q47I:I92C:V107M,5
A29H:G34T:Q47C:I92C:R98D,A29H:G34T:Q47C:I92C:R98D,5
G3E:A29K:Q47C:R98D:T113E,G3E:A29K:Q47C:R98D:T113E,5
T7H:A29H:Q47R:D96Q:V107M,T7H:A29H:Q47R:D96Q:V107M,5
R5D:A29K:Q47I:R60N:V109Q,R5D:A29K:Q47I:R60N:V109Q,5
T7S:A29H:Q47V:D96Q:V109Q,T7S:A29H:Q47V:D96Q:V109Q,5
T7S:Q47V:D61Q:D96Q:V109Q,T7S:Q47V:D61Q:D96Q:V109Q,5
T7S:A29K:Q47C:D96Q:V107M,T7S:A29K:Q47C:D96Q:V107M,5
L4N:T7H:D96Q:V109Q:T113E,L4N:T7H:D96Q:V109Q:T113E,5
T7H:A29K:Q47R:I92C:T113E,T7H:A29K:Q47R:I92C:T113E,5
G34T:Q47C:D61Q:D96Q:R98D,G34T:Q47C:D61Q:D96Q:R98D,5
T7H:Q47C:D96Q:R98D:V107M,T7H:Q47C:D96Q:R98D:V107M,5
L4N:A29K:Q47R:I92C:V109Q,L4N:A29K:Q47R:I92C:V109Q,5
T7S:G34T:Q47C:R60N:T113E,T7S:G34T:Q47C:R60N:T113E,5
G3E:Q47C:D96Q:R98D:T113E,G3E:Q47C:D96Q:R98D:T113E,5
G3E:G34T:Q47C:D61Q:T113E,G3E:G34T:Q47C:D61Q:T113E,5
L4N:T7H:Q47R:V107M:V109Q,L4N:T7H:Q47R:V107M:V109Q,5
L4N:G34T:Q47R:R98D:V109Q,L4N:G34T:Q47R:R98D:V109Q,5
G34T:Q47V:D61Q:I92C:R98D,G34T:Q47V:D61Q:I92C:R98D,5
L4N:G34T:Q47V:R98D:T113E,L4N:G34T:Q47V:R98D:T113E,5
L4N:G34T:Q47C:D61Q:T113E,L4N:G34T:Q47C:D61Q:T113E,5
G3E:A29H:Q47C:I92C:T113E,G3E:A29H:Q47C:I92C:T113E,5
T7H:A29K:Q47R:I92C:V107M,T7H:A29K:Q47R:I92C:V107M,5
G3E:A29H:Q47I:I92C:T113E,G3E:A29H:Q47I:I92C:T113E,5
T7S:Q47I:D96Q:R98D:V109Q,T7S:Q47I:D96Q:R98D:V109Q,5
G3E:A29K:R60N:D96Q:V107M,G3E:A29K:R60N:D96Q:V107M,5
L4N:A29K:D61Q:D96Q:V109Q,L4N:A29K:D61Q:D96Q:V109Q,5
L4N:G34T:Q47V:D61Q:V107M,L4N:G34T:Q47V:D61Q:V107M,5
L4N:A29H:Q47V:D61Q:V107M,L4N:A29H:Q47V:D61Q:V107M,5
G3E:A29K:G34T:Q47C:V109Q,G3E:A29K:G34T:Q47C:V109Q,5
G3E:A29K:Q47C:I92C:T113E,G3E:A29K:Q47C:I92C:T113E,5
T7H:A29H:G34T:Q47C:T113E,T7H:A29H:G34T:Q47C:T113E,5
T7S:Q47C:R60N:D61Q:T113E,T7S:Q47C:R60N:D61Q:T113E,5
G3E:G34T:Q47V:D96Q:V107M,G3E:G34T:Q47V:D96Q:V107M,5
L4N:A29K:R60N:D96Q:V107M,L4N:A29K:R60N:D96Q:V107M,5
L4N:A29K:Q47C:R98D:V107M,L4N:A29K:Q47C:R98D:V107M,5
T7H:G34T:Q47I:D61Q:V107M,T7H:G34T:Q47I:D61Q:V107M,5
R5D:Q47C:I92C:R98D:V109Q,R5D:Q47C:I92C:R98D:V109Q,5
T7S:Q47V:I92C:R98D:V109Q,T7S:Q47V:I92C:R98D:V109Q,5
T7S:Q47I:R60N:D61Q:V109Q,T7S:Q47I:R60N:D61Q:V109Q,5
T7H:A29K:R60N:I92C:V107M,T7H:A29K:R60N:I92C:V107M,5
L4N:A29K:Q47C:R98D:T113E,L4N:A29K:Q47C:R98D:T113E,5
T7H:G34T:Q47I:R98D:V107M,T7H:G34T:Q47I:R98D:V107M,5
A29K:G34T:Q47V:I92C:R98D,A29K:G34T:Q47V:I92C:R98D,5
T7H:A29H:Q47C:R98D:T113E,T7H:A29H:Q47C:R98D:T113E,5
G3E:T7H:Q47V:V107M:T113E,G3E:T7H:Q47V:V107M:T113E,5
G3E:L4N:Q47C:V107M:T113E,G3E:L4N:Q47C:V107M:T113E,5
T7H:G34T:Q47V:D61Q:V107M,T7H:G34T:Q47V:D61Q:V107M,5
T7S:A29K:Q47R:R60N:V109Q,T7S:A29K:Q47R:R60N:V109Q,5
T7H:A29K:D61Q:D96Q:V109Q,T7H:A29K:D61Q:D96Q:V109Q,5
L4N:A29K:Q47R:I92C:T113E,L4N:A29K:Q47R:I92C:T113E,5
T7H:G34T:Q47C:R98D:V107M,T7H:G34T:Q47C:R98D:V107M,5
T7S:Q47I:R60N:R98D:V107M,T7S:Q47I:R60N:R98D:V107M,5
L4N:A29K:Q47V:D61Q:V109Q,L4N:A29K:Q47V:D61Q:V109Q,5
T7H:A29K:G34T:Q47C:T113E,T7H:A29K:G34T:Q47C:T113E,5
L4N:G34T:R60N:R98D:V109Q,L4N:G34T:R60N:R98D:V109Q,5
T7H:Q47V:I92C:R98D:V107M,T7H:Q47V:I92C:R98D:V107M,5
L4N:Q47C:I92C:R98D:V107M,L4N:Q47C:I92C:R98D:V107M,5
G3E:G34T:Q47V:I92C:V109Q,G3E:G34T:Q47V:I92C:V109Q,5
L4N:A29K:Q47R:D96Q:V109Q,L4N:A29K:Q47R:D96Q:V109Q,5
L4N:A29H:R60N:I92C:V109Q,L4N:A29H:R60N:I92C:V109Q,5
G3E:Q47I:D61Q:I92C:V107M,G3E:Q47I:D61Q:I92C:V107M,5
L4N:G34T:Q47V:I92C:T113E,L4N:G34T:Q47V:I92C:T113E,5
G3E:A29H:G34T:Q47C:V107M,G3E:A29H:G34T:Q47C:V107M,5
T7H:A29K:R60N:R98D:T113E,T7H:A29K:R60N:R98D:T113E,5
G3E:Q47V:D61Q:R98D:T113E,G3E:Q47V:D61Q:R98D:T113E,5
L4N:A29K:Q47R:R98D:V109Q,L4N:A29K:Q47R:R98D:V109Q,5
L4N:A29H:Q47I:D61Q:T113E,L4N:A29H:Q47I:D61Q:T113E,5
G3E:G34T:R60N:R98D:V109Q,G3E:G34T:R60N:R98D:V109Q,5
G3E:G34T:Q47I:D96Q:T113E,G3E:G34T:Q47I:D96Q:T113E,5
R5D:A29K:Q47I:D96Q:V109Q,R5D:A29K:Q47I:D96Q:V109Q,5
T7H:G34T:Q47V:R98D:T113E,T7H:G34T:Q47V:R98D:T113E,5
T7H:A29K:G34T:Q47I:V107M,T7H:A29K:G34T:Q47I:V107M,5
L4N:A29H:G34T:Q47I:T113E,L4N:A29H:G34T:Q47I:T113E,5
T7S:A29H:Q47I:R60N:V107M,T7S:A29H:Q47I:R60N:V107M,5
R5D:A29H:Q47I:D96Q:V107M,R5D:A29H:Q47I:D96Q:V107M,5
G34T:Q47I:I92C:D96Q:R98D,G34T:Q47I:I92C:D96Q:R98D,5
L4N:A29H:Q47R:I92C:T113E,L4N:A29H:Q47R:I92C:T113E,5
G3E:Q47C:I92C:R98D:V107M,G3E:Q47C:I92C:R98D:V107M,5
L4N:A29K:Q47C:I92C:V107M,L4N:A29K:Q47C:I92C:V107M,5
A29K:G34T:Q47R:D61Q:D96Q,A29K:G34T:Q47R:D61Q:D96Q,5
L4N:Q47C:D61Q:R98D:V107M,L4N:Q47C:D61Q:R98D:V107M,5
L4N:T7H:D96Q:V107M:T113E,L4N:T7H:D96Q:V107M:T113E,5
T7H:A29H:G34T:Q47C:V109Q,T7H:A29H:G34T:Q47C:V109Q,5
T7H:A29K:Q47R:D61Q:V109Q,T7H:A29K:Q47R:D61Q:V109Q,5
G3E:Q47C:D61Q:R98D:T113E,G3E:Q47C:D61Q:R98D:T113E,5
L4N:A29K:G34T:Q47V:V109Q,L4N:A29K:G34T:Q47V:V109Q,5
L4N:Q47V:D61Q:I92C:T113E,L4N:Q47V:D61Q:I92C:T113E,5
R5D:Q47R:R60N:D96Q:T113E,R5D:Q47R:R60N:D96Q:T113E,5
R5D:G34T:Q47C:D96Q:V109Q,R5D:G34T:Q47C:D96Q:V109Q,5
R5D:Q47V:I92C:D96Q:T113E,R5D:Q47V:I92C:D96Q:T113E,5
G3E:A29K:Q47V:I92C:V109Q,G3E:A29K:Q47V:I92C:V109Q,5
L4N:A29K:Q47I:D61Q:T113E,L4N:A29K:Q47I:D61Q:T113E,5
T7S:A29H:Q47I:R60N:T113E,T7S:A29H:Q47I:R60N:T113E,5
L4N:R5D:Q47I:V107M:V109Q,L4N:R5D:Q47I:V107M:V109Q,5
G3E:A29H:G34T:Q47I:V109Q,G3E:A29H:G34T:Q47I:V109Q,5
G3E:G34T:R60N:D96Q:T113E,G3E:G34T:R60N:D96Q:T113E,5
L4N:Q47V:I92C:R98D:V107M,L4N:Q47V:I92C:R98D:V107M,5
G3E:A29K:Q47R:R98D:V109Q,G3E:A29K:Q47R:R98D:V109Q,5
T7H:A29H:Q47V:D61Q:T113E,T7H:A29H:Q47V:D61Q:T113E,5
G3E:Q47I:D61Q:D96Q:V107M,G3E:Q47I:D61Q:D96Q:V107M,5
L4N:A29H:Q47V:R98D:T113E,L4N:A29H:Q47V:R98D:T113E,5
L4N:Q47R:D61Q:I92C:V109Q,L4N:Q47R:D61Q:I92C:V109Q,5
L4N:A29K:I92C:D96Q:V109Q,L4N:A29K:I92C:D96Q:V109Q,5
T7H:G34T:Q47I:I92C:T113E,T7H:G34T:Q47I:I92C:T113E,5
A29K:G34T:Q47R:I92C:D96Q,A29K:G34T:Q47R:I92C:D96Q,5
L4N:A29K:D96Q:R98D:V109Q,L4N:A29K:D96Q:R98D:V109Q,5
G3E:Q47R:I92C:D96Q:T113E,G3E:Q47R:I92C:D96Q:T113E,5
L4N:A29K:G34T:Q47C:V109Q,L4N:A29K:G34T:Q47C:V109Q,5
G34T:Q47C:I92C:D96Q:R98D,G34T:Q47C:I92C:D96Q:R98D,5
L4N:A29K:R60N:R98D:V109Q,L4N:A29K:R60N:R98D:V109Q,5
R5D:A29H:Q47R:D96Q:V109Q,R5D:A29H:Q47R:D96Q:V109Q,5
G3E:Q47R:D61Q:I92C:V109Q,G3E:Q47R:D61Q:I92C:V109Q,5
L4N:A29K:G34T:Q47V:T113E,L4N:A29K:G34T:Q47V:T113E,5
T7S:A29K:Q47V:I92C:V109Q,T7S:A29K:Q47V:I92C:V109Q,5
G3E:G34T:Q47C:D96Q:T113E,G3E:G34T:Q47C:D96Q:T113E,5
T7S:Q47I:R60N:D61Q:V107M,T7S:Q47I:R60N:D61Q:V107M,5
T7H:G34T:Q47C:D61Q:V109Q,T7H:G34T:Q47C:D61Q:V109Q,5
L4N:A29H:Q47C:I92C:V107M,L4N:A29H:Q47C:I92C:V107M,5
L4N:A29H:Q47C:I92C:T113E,L4N:A29H:Q47C:I92C:T113E,5
T7S:A29K:Q47C:R98D:V109Q,T7S:A29K:Q47C:R98D:V109Q,5
R5D:A29K:Q47C:I92C:V109Q,R5D:A29K:Q47C:I92C:V109Q,5
T7H:Q47R:D61Q:I92C:V109Q,T7H:Q47R:D61Q:I92C:V109Q,5
T7H:Q47V:D61Q:I92C:T113E,T7H:Q47V:D61Q:I92C:T113E,5
L4N:A29K:Q47R:R60N:T113E,L4N:A29K:Q47R:R60N:T113E,5
L4N:G34T:Q47C:D96Q:V107M,L4N:G34T:Q47C:D96Q:V107M,5
R5D:Q47V:D61Q:D96Q:V109Q,R5D:Q47V:D61Q:D96Q:V109Q,5
L4N:R60N:I92C:D96Q:V107M,L4N:R60N:I92C:D96Q:V107M,5
R5D:Q47C:D61Q:D96Q:V109Q,R5D:Q47C:D61Q:D96Q:V109Q,5
A29H:G34T:R60N:I92C:D96Q,A29H:G34T:R60N:I92C:D96Q,5
T7S:A29K:Q47I:D96Q:T113E,T7S:A29K:Q47I:D96Q:T113E,5
R5D:Q47R:I92C:D96Q:V109Q,R5D:Q47R:I92C:D96Q:V109Q,5
G3E:R60N:I92C:R98D:V109Q,G3E:R60N:I92C:R98D:V109Q,5
L4N:Q47I:D61Q:R98D:V107M,L4N:Q47I:D61Q:R98D:V107M,5
L4N:A29H:Q47C:D96Q:T113E,L4N:A29H:Q47C:D96Q:T113E,5
A29H:Q47R:I92C:D96Q:R98D,A29H:Q47R:I92C:D96Q:R98D,5
T7H:G34T:Q47C:R98D:T113E,T7H:G34T:Q47C:R98D:T113E,5
A29H:Q47R:D61Q:I92C:R98D,A29H:Q47R:D61Q:I92C:R98D,5
R5D:T7H:Q47C:V109Q:T113E,R5D:T7H:Q47C:V109Q:T113E,5
L4N:A29K:G34T:R60N:V107M,L4N:A29K:G34T:R60N:V107M,5
T7S:A29K:Q47C:D61Q:V109Q,T7S:A29K:Q47C:D61Q:V109Q,5
L4N:G34T:Q47R:R60N:V107M,L4N:G34T:Q47R:R60N:V107M,5
T7H:A29K:G34T:Q47V:T113E,T7H:A29K:G34T:Q47V:T113E,5
T7H:R60N:I92C:D96Q:V107M,T7H:R60N:I92C:D96Q:V107M,5
R5D:Q47C:D96Q:R98D:V109Q,R5D:Q47C:D96Q:R98D:V109Q,5
L4N:A29K:R60N:D96Q:V109Q,L4N:A29K:R60N:D96Q:V109Q,5
G3E:A29H:Q47V:R98D:T113E,G3E:A29H:Q47V:R98D:T113E,5
R5D:T7H:Q47I:V107M:V109Q,R5D:T7H:Q47I:V107M:V109Q,5
T7H:G34T:Q47I:I92C:V107M,T7H:G34T:Q47I:I92C:V107M,5
T7H:Q47R:I92C:D96Q:V107M,T7H:Q47R:I92C:D96Q:V107M,5
T7H:A29H:Q47R:I92C:V109Q,T7H:A29H:Q47R:I92C:V109Q,5
L4N:Q47C:D96Q:R98D:T113E,L4N:Q47C:D96Q:R98D:T113E,5
G3E:Q47V:D61Q:D96Q:T113E,G3E:Q47V:D61Q:D96Q:T113E,5
T7H:G34T:Q47V:I92C:V107M,T7H:G34T:Q47V:I92C:V107M,5
L4N:A29K:Q47C:D61Q:V107M,L4N:A29K:Q47C:D61Q:V107M,5
L4N:A29H:Q47C:D61Q:T113E,L4N:A29H:Q47C:D61Q:T113E,5
L4N:A29H:R60N:R98D:V109Q,L4N:A29H:R60N:R98D:V109Q,5
R5D:A29H:Q47C:D96Q:V109Q,R5D:A29H:Q47C:D96Q:V109Q,5
L4N:Q47C:D61Q:R98D:T113E,L4N:Q47C:D61Q:R98D:T113E,5
G3E:Q47V:D61Q:I92C:T113E,G3E:Q47V:D61Q:I92C:T113E,5
A29K:G34T:Q47I:D61Q:D96Q,A29K:G34T:Q47I:D61Q:D96Q,5
T7S:A29H:Q47C:R98D:V109Q,T7S:A29H:Q47C:R98D:V109Q,5
T7H:A29H:R60N:D96Q:V107M,T7H:A29H:R60N:D96Q:V107M,5
G3E:A29H:Q47I:D61Q:V107M,G3E:A29H:Q47I:D61Q:V107M,5
G3E:G34T:Q47C:R98D:T113E,G3E:G34T:Q47C:R98D:T113E,5
T7S:G34T:Q47V:D96Q:V109Q,T7S:G34T:Q47V:D96Q:V109Q,5
T7H:A29H:G34T:Q47V:V109Q,T7H:A29H:G34T:Q47V:V109Q,5
T7H:A29K:I92C:D96Q:V109Q,T7H:A29K:I92C:D96Q:V109Q,5
T7S:Q47V:R60N:R98D:V107M,T7S:Q47V:R60N:R98D:V107M,5
A29H:G34T:Q47R:D61Q:D96Q,A29H:G34T:Q47R:D61Q:D96Q,5
T7S:Q47C:D96Q:R98D:V109Q,T7S:Q47C:D96Q:R98D:V109Q,5
Q47R:D61Q:I92C:D96Q:R98D,Q47R:D61Q:I92C:D96Q:R98D,5
G3E:A29H:Q47R:I92C:V109Q,G3E:A29H:Q47R:I92C:V109Q,5
G3E:A29H:Q47V:D96Q:V107M,G3E:A29H:Q47V:D96Q:V107M,5
A29H:G34T:Q47V:I92C:R98D,A29H:G34T:Q47V:I92C:R98D,5
T7H:A29H:Q47I:I92C:V107M,T7H:A29H:Q47I:I92C:V107M,5
T7H:Q47I:D61Q:R98D:V107M,T7H:Q47I:D61Q:R98D:V107M,5
T7S:Q47V:R60N:D61Q:V107M,T7S:Q47V:R60N:D61Q:V107M,5
G3E:G34T:Q47C:I92C:V107M,G3E:G34T:Q47C:I92C:V107M,5
T7H:Q47V:D61Q:R98D:V107M,T7H:Q47V:D61Q:R98D:V107M,5
G3E:Q47R:D61Q:R98D:V109Q,G3E:Q47R:D61Q:R98D:V109Q,5
G3E:Q47I:D61Q:D96Q:T113E,G3E:Q47I:D61Q:D96Q:T113E,5
T7S:Q47I:D61Q:D96Q:V109Q,T7S:Q47I:D61Q:D96Q:V109Q,5
L4N:R60N:D96Q:R98D:V109Q,L4N:R60N:D96Q:R98D:V109Q,5
R5D:A29K:Q47R:R60N:V107M,R5D:A29K:Q47R:R60N:V107M,5
T7H:G34T:Q47C:I92C:V107M,T7H:G34T:Q47C:I92C:V107M,5
L4N:G34T:Q47R:D96Q:V109Q,L4N:G34T:Q47R:D96Q:V109Q,5
L4N:A29H:Q47R:D61Q:V109Q,L4N:A29H:Q47R:D61Q:V109Q,5
G34T:Q47I:D61Q:I92C:R98D,G34T:Q47I:D61Q:I92C:R98D,5
G3E:G34T:Q47I:D96Q:V107M,G3E:G34T:Q47I:D96Q:V107M,5
R5D:Q47V:I92C:R98D:V109Q,R5D:Q47V:I92C:R98D:V109Q,5
T7S:Q47V:I92C:D96Q:V109Q,T7S:Q47V:I92C:D96Q:V109Q,5
G3E:L4N:Q47V:V107M:V109Q,G3E:L4N:Q47V:V107M:V109Q,5
L4N:G34T:Q47I:D96Q:T113E,L4N:G34T:Q47I:D96Q:T113E,5
A29K:Q47C:D61Q:D96Q:R98D,A29K:Q47C:D61Q:D96Q:R98D,5
G3E:A29K:Q47I:I92C:V109Q,G3E:A29K:Q47I:I92C:V109Q,5
G3E:R60N:I92C:D96Q:V107M,G3E:R60N:I92C:D96Q:V107M,5
L4N:G34T:Q47V:D96Q:V107M,L4N:G34T:Q47V:D96Q:V107M,5
L4N:Q47V:D61Q:I92C:V107M,L4N:Q47V:D61Q:I92C:V107M,5
G3E:G34T:Q47R:R60N:V107M,G3E:G34T:Q47R:R60N:V107M,5
L4N:A29K:G34T:Q47C:T113E,L4N:A29K:G34T:Q47C:T113E,5
G3E:A29K:Q47C:D61Q:V109Q,G3E:A29K:Q47C:D61Q:V109Q,5
T7H:Q47C:D61Q:R98D:T113E,T7H:Q47C:D61Q:R98D:T113E,5
G3E:G34T:Q47R:D96Q:V109Q,G3E:G34T:Q47R:D96Q:V109Q,5
R5D:A29H:Q47V:D96Q:V109Q,R5D:A29H:Q47V:D96Q:V109Q,5
L4N:A29K:Q47I:R98D:V107M,L4N:A29K:Q47I:R98D:V107M,5
G3E:A29H:Q47C:D61Q:V107M,G3E:A29H:Q47C:D61Q:V107M,5
G3E:A29H:Q47C:R98D:T113E,G3E:A29H:Q47C:R98D:T113E,5
T7H:G34T:Q47C:D61Q:V107M,T7H:G34T:Q47C:D61Q:V107M,5
L4N:G34T:Q47I:D61Q:V109Q,L4N:G34T:Q47I:D61Q:V109Q,5
T7H:Q47R:R60N:D61Q:T113E,T7H:Q47R:R60N:D61Q:T113E,5
G3E:Q47I:D61Q:I92C:T113E,G3E:Q47I:D61Q:I92C:T113E,5
L4N:T7H:Q47R:V109Q:T113E,L4N:T7H:Q47R:V109Q:T113E,5
G34T:Q47I:D61Q:D96Q:R98D,G34T:Q47I:D61Q:D96Q:R98D,5
G3E:A29H:Q47C:I92C:V107M,G3E:A29H:Q47C:I92C:V107M,5
A29K:G34T:Q47C:I92C:R98D,A29K:G34T:Q47C:I92C:R98D,5
R5D:Q47V:R60N:D61Q:T113E,R5D:Q47V:R60N:D61Q:T113E,5
L4N:A29K:Q47I:D61Q:V107M,L4N:A29K:Q47I:D61Q:V107M,5
T7S:A29H:Q47V:R60N:T113E,T7S:A29H:Q47V:R60N:T113E,5
G3E:Q47C:I92C:R98D:T113E,G3E:Q47C:I92C:R98D:T113E,5
T7H:A29H:Q47V:I92C:T113E,T7H:A29H:Q47V:I92C:T113E,5
R5D:Q47C:I92C:D96Q:V109Q,R5D:Q47C:I92C:D96Q:V109Q,5
G3E:G34T:Q47C:I92C:T113E,G3E:G34T:Q47C:I92C:T113E,5
T7S:A29K:Q47C:D96Q:V109Q,T7S:A29K:Q47C:D96Q:V109Q,5
T7S:Q47C:I92C:D96Q:V109Q,T7S:Q47C:I92C:D96Q:V109Q,5
L4N:G34T:Q47R:R60N:V109Q,L4N:G34T:Q47R:R60N:V109Q,5
G3E:Q47V:D61Q:D96Q:V107M,G3E:Q47V:D61Q:D96Q:V107M,5
G3E:Q47V:D61Q:I92C:V109Q,G3E:Q47V:D61Q:I92C:V109Q,5
L4N:Q47I:D61Q:I92C:T113E,L4N:Q47I:D61Q:I92C:T113E,5
T7H:R60N:D96Q:R98D:V109Q,T7H:R60N:D96Q:R98D:V109Q,5
G3E:G34T:Q47V:R98D:V109Q,G3E:G34T:Q47V:R98D:V109Q,5
T7H:R60N:I92C:R98D:V109Q,T7H:R60N:I92C:R98D:V109Q,5
L4N:A29K:Q47V:I92C:T113E,L4N:A29K:Q47V:I92C:T113E,5
R5D:Q47R:R60N:R98D:T113E,R5D:Q47R:R60N:R98D:T113E,5
L4N:Q47V:D96Q:R98D:V107M,L4N:Q47V:D96Q:R98D:V107M,5
T7S:Q47I:R60N:I92C:T113E,T7S:Q47I:R60N:I92C:T113E,5
L4N:G34T:Q47C:R98D:T113E,L4N:G34T:Q47C:R98D:T113E,5
G3E:L4N:Q47C:V109Q:T113E,G3E:L4N:Q47C:V109Q:T113E,5
L4N:A29K:Q47V:I92C:V109Q,L4N:A29K:Q47V:I92C:V109Q,5
L4N:A29H:Q47C:R98D:T113E,L4N:A29H:Q47C:R98D:T113E,5
L4N:Q47V:I92C:R98D:T113E,L4N:Q47V:I92C:R98D:T113E,5
G3E:A29K:Q47C:I92C:V107M,G3E:A29K:Q47C:I92C:V107M,5
T7H:Q47C:D61Q:D96Q:V107M,T7H:Q47C:D61Q:D96Q:V107M,5
T7S:Q47I:R60N:D96Q:T113E,T7S:Q47I:R60N:D96Q:T113E,5
G3E:T7H:Q47I:V107M:T113E,G3E:T7H:Q47I:V107M:T113E,5
T7H:Q47V:D96Q:R98D:V107M,T7H:Q47V:D96Q:R98D:V107M,5
R5D:A29K:Q47R:R98D:V109Q,R5D:A29K:Q47R:R98D:V109Q,5
T7H:A29K:Q47I:D61Q:V107M,T7H:A29K:Q47I:D61Q:V107M,5
L4N:A29K:Q47I:I92C:V107M,L4N:A29K:Q47I:I92C:V107M,5
A29K:G34T:Q47I:I92C:D96Q,A29K:G34T:Q47I:I92C:D96Q,5
T7H:A29H:Q47V:I92C:V107M,T7H:A29H:Q47V:I92C:V107M,5
G34T:Q47R:R60N:D61Q:R98D,G34T:Q47R:R60N:D61Q:R98D,5
T7H:A29H:Q47I:I92C:T113E,T7H:A29H:Q47I:I92C:T113E,5
G3E:A29H:Q47R:R98D:V109Q,G3E:A29H:Q47R:R98D:V109Q,5
G3E:Q47I:I92C:R98D:V107M,G3E:Q47I:I92C:R98D:V107M,5
G3E:L4N:Q47R:V109Q:T113E,G3E:L4N:Q47R:V109Q:T113E,5
T7H:A29K:Q47V:D61Q:T113E,T7H:A29K:Q47V:D61Q:T113E,5
T7H:A29H:R60N:D96Q:V109Q,T7H:A29H:R60N:D96Q:V109Q,5
T7H:A29K:G34T:Q47I:V109Q,T7H:A29K:G34T:Q47I:V109Q,5
G3E:A29H:Q47I:D61Q:V109Q,G3E:A29H:Q47I:D61Q:V109Q,5
T7H:A29K:R60N:R98D:V109Q,T7H:A29K:R60N:R98D:V109Q,5
G3E:A29H:Q47C:D96Q:T113E,G3E:A29H:Q47C:D96Q:T113E,5
L4N:G34T:Q47V:D96Q:T113E,L4N:G34T:Q47V:D96Q:T113E,5
L4N:A29K:Q47I:I92C:T113E,L4N:A29K:Q47I:I92C:T113E,5
T7H:Q47V:D61Q:I92C:V107M,T7H:Q47V:D61Q:I92C:V107M,5
G3E:Q47C:D61Q:I92C:V107M,G3E:Q47C:D61Q:I92C:V107M,5
T7H:A29K:Q47V:R98D:T113E,T7H:A29K:Q47V:R98D:T113E,5
L4N:Q47R:D61Q:D96Q:T113E,L4N:Q47R:D61Q:D96Q:T113E,5
T7H:A29K:R60N:D96Q:T113E,T7H:A29K:R60N:D96Q:T113E,5
T7H:G34T:Q47V:I92C:T113E,T7H:G34T:Q47V:I92C:T113E,5
G3E:G34T:Q47I:I92C:V109Q,G3E:G34T:Q47I:I92C:V109Q,5
G3E:L4N:Q47V:V107M:T113E,G3E:L4N:Q47V:V107M:T113E,5
L4N:A29K:Q47C:D61Q:T113E,L4N:A29K:Q47C:D61Q:T113E,5
L4N:G34T:Q47C:I92C:V109Q,L4N:G34T:Q47C:I92C:V109Q,5
T7H:A29H:Q47R:D96Q:T113E,T7H:A29H:Q47R:D96Q:T113E,5
G3E:Q47V:I92C:R98D:T113E,G3E:Q47V:I92C:R98D:T113E,5
T7H:A29H:Q47R:R98D:V109Q,T7H:A29H:Q47R:R98D:V109Q,5
G3E:R60N:I92C:D96Q:T113E,G3E:R60N:I92C:D96Q:T113E,5
L4N:A29H:Q47V:I92C:T113E,L4N:A29H:Q47V:I92C:T113E,5
L4N:A29H:Q47R:I92C:V109Q,L4N:A29H:Q47R:I92C:V109Q,5
L4N:A29K:Q47I:R98D:T113E,L4N:A29K:Q47I:R98D:T113E,5
R5D:Q47I:I92C:D96Q:T113E,R5D:Q47I:I92C:D96Q:T113E,5
L4N:A29H:Q47V:D96Q:V107M,L4N:A29H:Q47V:D96Q:V107M,5
L4N:T7H:Q47V:V107M:T113E,L4N:T7H:Q47V:V107M:T113E,5
R5D:A29K:Q47V:D96Q:V109Q,R5D:A29K:Q47V:D96Q:V109Q,5
G3E:Q47C:D61Q:I92C:T113E,G3E:Q47C:D61Q:I92C:T113E,5
A29H:G34T:Q47I:D96Q:R98D,A29H:G34T:Q47I:D96Q:R98D,5
G3E:T7H:Q47V:V109Q:T113E,G3E:T7H:Q47V:V109Q:T113E,5
L4N:R60N:I92C:D96Q:T113E,L4N:R60N:I92C:D96Q:T113E,5
L4N:G34T:Q47C:I92C:V107M,L4N:G34T:Q47C:I92C:V107M,5
G34T:Q47R:D61Q:I92C:D96Q,G34T:Q47R:D61Q:I92C:D96Q,5
R5D:Q47I:R60N:R98D:V107M,R5D:Q47I:R60N:R98D:V107M,5
A29H:Q47C:D61Q:D96Q:R98D,A29H:Q47C:D61Q:D96Q:R98D,5
L4N:A29K:Q47C:R98D:V109Q,L4N:A29K:Q47C:R98D:V109Q,5
L4N:G34T:Q47V:I92C:V109Q,L4N:G34T:Q47V:I92C:V109Q,5
L4N:G34T:Q47C:I92C:T113E,L4N:G34T:Q47C:I92C:T113E,5
R5D:Q47I:D61Q:R98D:V109Q,R5D:Q47I:D61Q:R98D:V109Q,5
G3E:A29K:Q47C:I92C:V109Q,G3E:A29K:Q47C:I92C:V109Q,5
T7H:G34T:Q47C:D61Q:T113E,T7H:G34T:Q47C:D61Q:T113E,5
A29H:G34T:Q47R:I92C:D96Q,A29H:G34T:Q47R:I92C:D96Q,5
R5D:Q47I:D96Q:R98D:V109Q,R5D:Q47I:D96Q:R98D:V109Q,5
T7H:A29H:Q47I:D61Q:T113E,T7H:A29H:Q47I:D61Q:T113E,5
L4N:Q47I:D96Q:R98D:V107M,L4N:Q47I:D96Q:R98D:V107M,5
T7S:Q47V:R60N:R98D:T113E,T7S:Q47V:R60N:R98D:T113E,5
L4N:A29H:Q47I:I92C:T113E,L4N:A29H:Q47I:I92C:T113E,5
R5D:A29H:Q47V:R98D:V109Q,R5D:A29H:Q47V:R98D:V109Q,5
L4N:A29K:Q47C:D96Q:T113E,L4N:A29K:Q47C:D96Q:T113E,5
L4N:Q47I:D61Q:I92C:V107M,L4N:Q47I:D61Q:I92C:V107M,5
Q47C:D61Q:I92C:D96Q:R98D,Q47C:D61Q:I92C:D96Q:R98D,5
L4N:R60N:I92C:R98D:V109Q,L4N:R60N:I92C:R98D:V109Q,5
L4N:Q47R:D61Q:R98D:V109Q,L4N:Q47R:D61Q:R98D:V109Q,5
L4N:Q47R:I92C:D96Q:T113E,L4N:Q47R:I92C:D96Q:T113E,5
G3E:R60N:D61Q:D96Q:V109Q,G3E:R60N:D61Q:D96Q:V109Q,5
L4N:A29K:Q47C:I92C:T113E,L4N:A29K:Q47C:I92C:T113E,5
T7H:Q47R:D61Q:D96Q:T113E,T7H:Q47R:D61Q:D96Q:T113E,5
G3E:Q47I:D96Q:R98D:V107M,G3E:Q47I:D96Q:R98D:V107M,5
L4N:T7H:Q47C:V107M:V109Q,L4N:T7H:Q47C:V107M:V109Q,5
T7H:A29H:Q47C:D61Q:V107M,T7H:A29H:Q47C:D61Q:V107M,5
T7H:Q47V:D61Q:R98D:T113E,T7H:Q47V:D61Q:R98D:T113E,5
L4N:A29H:Q47R:R60N:T113E,L4N:A29H:Q47R:R60N:T113E,5
R5D:Q47I:D61Q:D96Q:V109Q,R5D:Q47I:D61Q:D96Q:V109Q,5
G3E:L4N:Q47C:V107M:V109Q,G3E:L4N:Q47C:V107M:V109Q,5
T7H:A29H:Q47C:I92C:V107M,T7H:A29H:Q47C:I92C:V107M,5
T7H:Q47C:D61Q:I92C:V107M,T7H:Q47C:D61Q:I92C:V107M,5
L4N:Q47R:R60N:D61Q:T113E,L4N:Q47R:R60N:D61Q:T113E,5
T7S:A29H:Q47I:R60N:V109Q,T7S:A29H:Q47I:R60N:V109Q,5
G3E:A29K:Q47V:R98D:V109Q,G3E:A29K:Q47V:R98D:V109Q,5
G3E:T7H:Q47C:V107M:T113E,G3E:T7H:Q47C:V107M:T113E,5
T7H:A29K:R60N:I92C:T113E,T7H:A29K:R60N:I92C:T113E,5
R5D:Q47R:R60N:I92C:T113E,R5D:Q47R:R60N:I92C:T113E,5
G3E:A29H:Q47V:D61Q:V109Q,G3E:A29H:Q47V:D61Q:V109Q,5
T7H:Q47I:D61Q:I92C:V107M,T7H:Q47I:D61Q:I92C:V107M,5
L4N:A29H:Q47R:D96Q:T113E,L4N:A29H:Q47R:D96Q:T113E,5
G3E:A29K:Q47V:D61Q:V109Q,G3E:A29K:Q47V:D61Q:V109Q,5
G3E:T7H:Q47C:V107M:V109Q,G3E:T7H:Q47C:V107M:V109Q,5
T7H:A29K:G34T:Q47C:V109Q,T7H:A29K:G34T:Q47C:V109Q,5
T7H:Q47C:I92C:R98D:T113E,T7H:Q47C:I92C:R98D:T113E,5
L4N:A29K:Q47C:I92C:V109Q,L4N:A29K:Q47C:I92C:V109Q,5
A29K:Q47C:D61Q:I92C:R98D,A29K:Q47C:D61Q:I92C:R98D,5
G3E:L4N:Q47I:V107M:V109Q,G3E:L4N:Q47I:V107M:V109Q,5
R5D:Q47V:D96Q:R98D:V109Q,R5D:Q47V:D96Q:R98D:V109Q,5
T7S:Q47C:R60N:D61Q:V109Q,T7S:Q47C:R60N:D61Q:V109Q,5
T7H:G34T:Q47I:I92C:V109Q,T7H:G34T:Q47I:I92C:V109Q,5
T7H:A29K:R60N:I92C:V109Q,T7H:A29K:R60N:I92C:V109Q,5
T7H:A29K:G34T:Q47C:V107M,T7H:A29K:G34T:Q47C:V107M,5
R5D:Q47R:R60N:R98D:V107M,R5D:Q47R:R60N:R98D:V107M,5
G3E:A29K:Q47R:D96Q:V109Q,G3E:A29K:Q47R:D96Q:V109Q,5
G3E:Q47C:I92C:D96Q:V107M,G3E:Q47C:I92C:D96Q:V107M,5
R5D:A29H:Q47V:R60N:T113E,R5D:A29H:Q47V:R60N:T113E,5
T7S:A29K:Q47C:R60N:T113E,T7S:A29K:Q47C:R60N:T113E,5
L4N:A29H:Q47R:R60N:V107M,L4N:A29H:Q47R:R60N:V107M,5
G3E:A29K:Q47C:D96Q:V109Q,G3E:A29K:Q47C:D96Q:V109Q,5
T7H:A29K:Q47R:I92C:V109Q,T7H:A29K:Q47R:I92C:V109Q,5
R5D:A29K:Q47C:D96Q:V109Q,R5D:A29K:Q47C:D96Q:V109Q,5
G3E:A29H:Q47C:I92C:V109Q,G3E:A29H:Q47C:I92C:V109Q,5
L4N:G34T:Q47I:I92C:V109Q,L4N:G34T:Q47I:I92C:V109Q,5
T7S:Q47I:R60N:R98D:T113E,T7S:Q47I:R60N:R98D:T113E,5
L4N:A29K:Q47V:D96Q:V107M,L4N:A29K:Q47V:D96Q:V107M,5
A29H:Q47C:I92C:D96Q:R98D,A29H:Q47C:I92C:D96Q:R98D,5
G3E:G34T:Q47I:R60N:T113E,G3E:G34T:Q47I:R60N:T113E,5
L4N:Q47I:D61Q:R98D:T113E,L4N:Q47I:D61Q:R98D:T113E,5
L4N:A29K:Q47V:D96Q:T113E,L4N:A29K:Q47V:D96Q:T113E,5
A29H:G34T:Q47I:I92C:R98D,A29H:G34T:Q47I:I92C:R98D,5
L4N:A29H:Q47C:D61Q:V109Q,L4N:A29H:Q47C:D61Q:V109Q,5
T7H:A29K:Q47C:R98D:V107M,T7H:A29K:Q47C:R98D:V107M,5
T7H:A29H:Q47V:R98D:T113E,T7H:A29H:Q47V:R98D:T113E,5
L4N:G34T:Q47I:D96Q:V107M,L4N:G34T:Q47I:D96Q:V107M,5
T7H:Q47R:I92C:R98D:V109Q,T7H:Q47R:I92C:R98D:V109Q,5
L4N:Q47V:D61Q:D96Q:V107M,L4N:Q47V:D61Q:D96Q:V107M,5
A29K:Q47C:I92C:D96Q:R98D,A29K:Q47C:I92C:D96Q:R98D,5
L4N:Q47C:D61Q:D96Q:T113E,L4N:Q47C:D61Q:D96Q:T113E,5
T7H:G34T:Q47I:D61Q:V109Q,T7H:G34T:Q47I:D61Q:V109Q,5
T7H:G34T:Q47C:I92C:T113E,T7H:G34T:Q47C:I92C:T113E,5
T7S:G34T:Q47I:R60N:V109Q,T7S:G34T:Q47I:R60N:V109Q,5
T7H:G34T:Q47R:D96Q:V109Q,T7H:G34T:Q47R:D96Q:V109Q,5
A29K:G34T:Q47R:R60N:R98D,A29K:G34T:Q47R:R60N:R98D,5
T7S:A29H:Q47V:R60N:V107M,T7S:A29H:Q47V:R60N:V107M,5
G3E:Q47I:D61Q:R98D:T113E,G3E:Q47I:D61Q:R98D:T113E,5
L4N:A29K:Q47C:D61Q:V109Q,L4N:A29K:Q47C:D61Q:V109Q,5
T7H:R60N:I92C:D96Q:V109Q,T7H:R60N:I92C:D96Q:V109Q,5
L4N:Q47R:D96Q:R98D:V109Q,L4N:Q47R:D96Q:R98D:V109Q,5
L4N:G34T:Q47R:R60N:T113E,L4N:G34T:Q47R:R60N:T113E,5
L4N:Q47C:I92C:R98D:T113E,L4N:Q47C:I92C:R98D:T113E,5
R5D:Q47I:R60N:D61Q:V107M,R5D:Q47I:R60N:D61Q:V107M,5
G3E:Q47C:D61Q:D96Q:T113E,G3E:Q47C:D61Q:D96Q:T113E,5
T7H:A29K:Q47V:D61Q:V109Q,T7H:A29K:Q47V:D61Q:V109Q,5
L4N:Q47C:I92C:D96Q:V107M,L4N:Q47C:I92C:D96Q:V107M,5
R5D:A29K:Q47C:R60N:T113E,R5D:A29K:Q47C:R60N:T113E,5
G3E:Q47C:I92C:D96Q:T113E,G3E:Q47C:I92C:D96Q:T113E,5
T7H:G34T:Q47C:I92C:V109Q,T7H:G34T:Q47C:I92C:V109Q,5
L4N:A29H:Q47V:I92C:V109Q,L4N:A29H:Q47V:I92C:V109Q,5
G3E:Q47I:D96Q:R98D:T113E,G3E:Q47I:D96Q:R98D:T113E,5
G3E:A29H:Q47I:I92C:V107M,G3E:A29H:Q47I:I92C:V107M,5
T7H:Q47R:I92C:D96Q:T113E,T7H:Q47R:I92C:D96Q:T113E,5
A29H:G34T:Q47R:R60N:R98D,A29H:G34T:Q47R:R60N:R98D,5
T7H:A29H:Q47C:D61Q:T113E,T7H:A29H:Q47C:D61Q:T113E,5
A29K:Q47V:D61Q:I92C:R98D,A29K:Q47V:D61Q:I92C:R98D,5
G3E:Q47C:D61Q:I92C:V109Q,G3E:Q47C:D61Q:I92C:V109Q,5
G3E:A29H:Q47I:R98D:V107M,G3E:A29H:Q47I:R98D:V107M,5
T7H:R60N:I92C:D96Q:T113E,T7H:R60N:I92C:D96Q:T113E,5
G3E:G34T:Q47I:D96Q:V109Q,G3E:G34T:Q47I:D96Q:V109Q,5
L4N:Q47V:D96Q:R98D:T113E,L4N:Q47V:D96Q:R98D:T113E,5
T7H:A29H:Q47I:D61Q:V107M,T7H:A29H:Q47I:D61Q:V107M,5
G3E:A29K:Q47I:D96Q:T113E,G3E:A29K:Q47I:D96Q:T113E,5
T7S:A29K:Q47V:D96Q:V109Q,T7S:A29K:Q47V:D96Q:V109Q,5
T7H:Q47C:D96Q:R98D:T113E,T7H:Q47C:D96Q:R98D:T113E,5
L4N:G34T:Q47C:D61Q:V109Q,L4N:G34T:Q47C:D61Q:V109Q,5
A29H:Q47C:D61Q:I92C:R98D,A29H:Q47C:D61Q:I92C:R98D,5
R5D:A29H:Q47R:R60N:V107M,R5D:A29H:Q47R:R60N:V107M,5
G3E:G34T:Q47V:D96Q:V109Q,G3E:G34T:Q47V:D96Q:V109Q,5
L4N:Q47R:I92C:R98D:V109Q,L4N:Q47R:I92C:R98D:V109Q,5
T7H:G34T:Q47I:R98D:T113E,T7H:G34T:Q47I:R98D:T113E,5
T7S:G34T:Q47V:R60N:V109Q,T7S:G34T:Q47V:R60N:V109Q,5
A29H:G34T:Q47V:D61Q:D96Q,A29H:G34T:Q47V:D61Q:D96Q,5
T7H:A29H:Q47I:R98D:V107M,T7H:A29H:Q47I:R98D:V107M,5
L4N:R60N:I92C:D96Q:V109Q,L4N:R60N:I92C:D96Q:V109Q,5
T7H:G34T:Q47C:D96Q:T113E,T7H:G34T:Q47C:D96Q:T113E,5
T7H:A29H:Q47C:I92C:T113E,T7H:A29H:Q47C:I92C:T113E,5
R5D:Q47I:I92C:R98D:V109Q,R5D:Q47I:I92C:R98D:V109Q,5
A29K:G34T:Q47C:D61Q:D96Q,A29K:G34T:Q47C:D61Q:D96Q,5
T7H:G34T:Q47V:D96Q:T113E,T7H:G34T:Q47V:D96Q:T113E,5
L4N:Q47C:D61Q:I92C:T113E,L4N:Q47C:D61Q:I92C:T113E,5
R5D:A29H:Q47I:R98D:V109Q,R5D:A29H:Q47I:R98D:V109Q,5
L4N:T7H:Q47C:V109Q:T113E,L4N:T7H:Q47C:V109Q:T113E,5
L4N:G34T:Q47V:R98D:V109Q,L4N:G34T:Q47V:R98D:V109Q,5
L4N:A29H:R60N:D96Q:V109Q,L4N:A29H:R60N:D96Q:V109Q,5
G3E:T7H:Q47I:V109Q:T113E,G3E:T7H:Q47I:V109Q:T113E,5
L4N:A29H:Q47V:D61Q:V109Q,L4N:A29H:Q47V:D61Q:V109Q,5
G3E:L4N:Q47I:V109Q:T113E,G3E:L4N:Q47I:V109Q:T113E,5
L4N:A29H:Q47C:I92C:V109Q,L4N:A29H:Q47C:I92C:V109Q,5
G3E:L4N:Q47V:V109Q:T113E,G3E:L4N:Q47V:V109Q:T113E,5
A29K:G34T:Q47I:R60N:D61Q,A29K:G34T:Q47I:R60N:D61Q,5
G3E:Q47R:D61Q:D96Q:V109Q,G3E:Q47R:D61Q:D96Q:V109Q,5
G3E:Q47R:D96Q:R98D:V109Q,G3E:Q47R:D96Q:R98D:V109Q,5
T7S:A29K:Q47V:R60N:V107M,T7S:A29K:Q47V:R60N:V107M,5
A29K:G34T:Q47V:I92C:D96Q,A29K:G34T:Q47V:I92C:D96Q,5
T7H:A29K:Q47C:D61Q:V109Q,T7H:A29K:Q47C:D61Q:V109Q,5
R5D:Q47V:R60N:D61Q:V107M,R5D:Q47V:R60N:D61Q:V107M,5
L4N:Q47I:I92C:R98D:V107M,L4N:Q47I:I92C:R98D:V107M,5
A29H:Q47V:D61Q:D96Q:R98D,A29H:Q47V:D61Q:D96Q:R98D,5
R5D:Q47C:R60N:D61Q:V109Q,R5D:Q47C:R60N:D61Q:V109Q,5
T7H:A29K:G34T:Q47V:V107M,T7H:A29K:G34T:Q47V:V107M,5
T7H:A29K:R60N:D96Q:V107M,T7H:A29K:R60N:D96Q:V107M,5
T7H:A29K:Q47R:D96Q:V107M,T7H:A29K:Q47R:D96Q:V107M,5
G34T:Q47C:D61Q:I92C:D96Q,G34T:Q47C:D61Q:I92C:D96Q,5
T7H:G34T:Q47C:D96Q:V107M,T7H:G34T:Q47C:D96Q:V107M,5
L4N:A29K:Q47I:I92C:V109Q,L4N:A29K:Q47I:I92C:V109Q,5
L4N:A29K:Q47C:R60N:T113E,L4N:A29K:Q47C:R60N:T113E,5
T7H:A29H:Q47C:D61Q:V109Q,T7H:A29H:Q47C:D61Q:V109Q,5
G3E:T7H:Q47C:V109Q:T113E,G3E:T7H:Q47C:V109Q:T113E,5
L4N:A29H:Q47C:D96Q:V109Q,L4N:A29H:Q47C:D96Q:V109Q,5
A29H:G34T:Q47I:D61Q:D96Q,A29H:G34T:Q47I:D61Q:D96Q,5
G3E:A29H:Q47V:I92C:V109Q,G3E:A29H:Q47V:I92C:V109Q,5
A29K:G34T:Q47C:R60N:D61Q,A29K:G34T:Q47C:R60N:D61Q,5
T7H:G34T:Q47V:D96Q:V107M,T7H:G34T:Q47V:D96Q:V107M,5
L4N:A29H:Q47C:R98D:V109Q,L4N:A29H:Q47C:R98D:V109Q,5
L4N:G34T:Q47C:R98D:V109Q,L4N:G34T:Q47C:R98D:V109Q,5
T7H:Q47R:D61Q:R98D:V109Q,T7H:Q47R:D61Q:R98D:V109Q,5
G3E:G34T:Q47C:D96Q:V107M,G3E:G34T:Q47C:D96Q:V107M,5
L4N:T7H:Q47V:V109Q:T113E,L4N:T7H:Q47V:V109Q:T113E,5
T7S:A29K:Q47I:D96Q:V109Q,T7S:A29K:Q47I:D96Q:V109Q,5
T7S:Q47V:R60N:D96Q:T113E,T7S:Q47V:R60N:D96Q:T113E,5
T7H:Q47I:I92C:R98D:V107M,T7H:Q47I:I92C:R98D:V107M,5
G3E:R60N:D96Q:R98D:V109Q,G3E:R60N:D96Q:R98D:V109Q,5
G3E:Q47V:I92C:D96Q:V107M,G3E:Q47V:I92C:D96Q:V107M,5
G3E:A29H:Q47R:D96Q:V109Q,G3E:A29H:Q47R:D96Q:V109Q,5
R5D:Q47I:R60N:D96Q:V107M,R5D:Q47I:R60N:D96Q:V107M,5
A29K:Q47R:D61Q:I92C:D96Q,A29K:Q47R:D61Q:I92C:D96Q,5
T7H:Q47I:D61Q:I92C:T113E,T7H:Q47I:D61Q:I92C:T113E,5
A29H:G34T:Q47C:D61Q:D96Q,A29H:G34T:Q47C:D61Q:D96Q,5
L4N:Q47C:D61Q:D96Q:V107M,L4N:Q47C:D61Q:D96Q:V107M,5
T7H:Q47C:D61Q:I92C:T113E,T7H:Q47C:D61Q:I92C:T113E,5
L4N:Q47R:R60N:D61Q:V107M,L4N:Q47R:R60N:D61Q:V107M,5
G3E:A29K:Q47V:D96Q:V109Q,G3E:A29K:Q47V:D96Q:V109Q,5
T7S:A29K:Q47I:R98D:V109Q,T7S:A29K:Q47I:R98D:V109Q,5
G3E:A29K:Q47C:D96Q:T113E,G3E:A29K:Q47C:D96Q:T113E,5
G3E:A29H:Q47I:D96Q:V107M,G3E:A29H:Q47I:D96Q:V107M,5
L4N:A29H:Q47R:D96Q:V109Q,L4N:A29H:Q47R:D96Q:V109Q,5
R5D:Q47R:R60N:I92C:V107M,R5D:Q47R:R60N:I92C:V107M,5
G3E:G34T:Q47C:R98D:V109Q,G3E:G34T:Q47C:R98D:V109Q,5
T7H:A29K:Q47C:D61Q:T113E,T7H:A29K:Q47C:D61Q:T113E,5
R5D:Q47I:R60N:D61Q:V109Q,R5D:Q47I:R60N:D61Q:V109Q,5
L4N:Q47R:I92C:D96Q:V109Q,L4N:Q47R:I92C:D96Q:V109Q,5
G34T:Q47R:R60N:D61Q:I92C,G34T:Q47R:R60N:D61Q:I92C,5
T7H:A29K:G34T:Q47V:V109Q,T7H:A29K:G34T:Q47V:V109Q,5
L4N:T7H:Q47I:V107M:T113E,L4N:T7H:Q47I:V107M:T113E,5
L4N:Q47I:D96Q:R98D:T113E,L4N:Q47I:D96Q:R98D:T113E,5
L4N:A29K:Q47I:D96Q:V107M,L4N:A29K:Q47I:D96Q:V107M,5
R5D:Q47C:R60N:D61Q:V107M,R5D:Q47C:R60N:D61Q:V107M,5
T7H:G34T:Q47R:R60N:V107M,T7H:G34T:Q47R:R60N:V107M,5
G3E:A29H:Q47I:R98D:T113E,G3E:A29H:Q47I:R98D:T113E,5
G3E:Q47C:D61Q:R98D:V109Q,G3E:Q47C:D61Q:R98D:V109Q,5
T7S:A29K:Q47I:R60N:V109Q,T7S:A29K:Q47I:R60N:V109Q,5
T7H:Q47V:I92C:R98D:T113E,T7H:Q47V:I92C:R98D:T113E,5
T7H:A29K:Q47R:R98D:V109Q,T7H:A29K:Q47R:R98D:V109Q,5
T7H:Q47R:R60N:D61Q:V107M,T7H:Q47R:R60N:D61Q:V107M,5
T7H:A29H:G34T:Q47I:V109Q,T7H:A29H:G34T:Q47I:V109Q,5
R5D:A29H:Q47C:R60N:T113E,R5D:A29H:Q47C:R60N:T113E,5
T7H:A29H:Q47V:D96Q:V107M,T7H:A29H:Q47V:D96Q:V107M,5
L4N:A29H:Q47I:D61Q:V109Q,L4N:A29H:Q47I:D61Q:V109Q,5
T7H:A29H:Q47R:D96Q:V109Q,T7H:A29H:Q47R:D96Q:V109Q,5
L4N:A29K:Q47C:D96Q:V107M,L4N:A29K:Q47C:D96Q:V107M,5
T7H:G34T:Q47I:D96Q:V107M,T7H:G34T:Q47I:D96Q:V107M,5
T7H:G34T:Q47R:R60N:T113E,T7H:G34T:Q47R:R60N:T113E,5
A29K:G34T:Q47C:I92C:D96Q,A29K:G34T:Q47C:I92C:D96Q,5
G3E:A29H:Q47I:D96Q:T113E,G3E:A29H:Q47I:D96Q:T113E,5
Q47V:D61Q:I92C:D96Q:R98D,Q47V:D61Q:I92C:D96Q:R98D,5
G3E:G34T:Q47R:R60N:V109Q,G3E:G34T:Q47R:R60N:V109Q,5
A29H:Q47R:D61Q:I92C:D96Q,A29H:Q47R:D61Q:I92C:D96Q,5
R5D:Q47C:R60N:R98D:V107M,R5D:Q47C:R60N:R98D:V107M,5
L4N:Q47V:D61Q:D96Q:T113E,L4N:Q47V:D61Q:D96Q:T113E,5
T7S:Q47V:R60N:D61Q:V109Q,T7S:Q47V:R60N:D61Q:V109Q,5
A29K:Q47I:D61Q:D96Q:R98D,A29K:Q47I:D61Q:D96Q:R98D,5
T7H:A29H:Q47C:D96Q:T113E,T7H:A29H:Q47C:D96Q:T113E,5
G3E:A29K:Q47R:R60N:V109Q,G3E:A29K:Q47R:R60N:V109Q,5
T7H:A29H:Q47C:D96Q:V107M,T7H:A29H:Q47C:D96Q:V107M,5
A29K:Q47V:D61Q:D96Q:R98D,A29K:Q47V:D61Q:D96Q:R98D,5
G3E:A29K:Q47C:R98D:V109Q,G3E:A29K:Q47C:R98D:V109Q,5
T7S:Q47I:I92C:R98D:V109Q,T7S:Q47I:I92C:R98D:V109Q,5
T7H:G34T:Q47V:I92C:V109Q,T7H:G34T:Q47V:I92C:V109Q,5
A29K:G34T:Q47R:R60N:I92C,A29K:G34T:Q47R:R60N:I92C,5
L4N:Q47V:D61Q:I92C:V109Q,L4N:Q47V:D61Q:I92C:V109Q,5
R5D:A29H:Q47V:R60N:V109Q,R5D:A29H:Q47V:R60N:V109Q,5
A29H:G34T:Q47I:R60N:D61Q,A29H:G34T:Q47I:R60N:D61Q,5
G3E:A29K:Q47R:R60N:V107M,G3E:A29K:Q47R:R60N:V107M,5
R5D:Q47C:R60N:D61Q:T113E,R5D:Q47C:R60N:D61Q:T113E,5
L4N:A29K:Q47V:R60N:T113E,L4N:A29K:Q47V:R60N:T113E,5
T7H:Q47V:D96Q:R98D:T113E,T7H:Q47V:D96Q:R98D:T113E,5
L4N:Q47C:D61Q:I92C:V109Q,L4N:Q47C:D61Q:I92C:V109Q,5
T7H:Q47V:D61Q:D96Q:V107M,T7H:Q47V:D61Q:D96Q:V107M,5
R5D:G34T:Q47C:R60N:T113E,R5D:G34T:Q47C:R60N:T113E,5
G3E:Q47V:R60N:D61Q:T113E,G3E:Q47V:R60N:D61Q:T113E,5
T7H:Q47C:I92C:D96Q:V107M,T7H:Q47C:I92C:D96Q:V107M,5
L4N:A29K:Q47V:R98D:V109Q,L4N:A29K:Q47V:R98D:V109Q,5
G3E:Q47C:D96Q:R98D:V109Q,G3E:Q47C:D96Q:R98D:V109Q,5
R5D:A29K:Q47V:R60N:V109Q,R5D:A29K:Q47V:R60N:V109Q,5
T7H:A29K:Q47I:D61Q:T113E,T7H:A29K:Q47I:D61Q:T113E,5
A29H:G34T:Q47V:I92C:D96Q,A29H:G34T:Q47V:I92C:D96Q,5
G3E:Q47V:I92C:R98D:V109Q,G3E:Q47V:I92C:R98D:V109Q,5
G3E:A29H:Q47C:D96Q:V109Q,G3E:A29H:Q47C:D96Q:V109Q,5
G3E:G34T:Q47V:R60N:T113E,G3E:G34T:Q47V:R60N:T113E,5
L4N:A29H:Q47I:R98D:T113E,L4N:A29H:Q47I:R98D:T113E,5
L4N:A29K:Q47C:D96Q:V109Q,L4N:A29K:Q47C:D96Q:V109Q,5
G3E:T7H:Q47V:V107M:V109Q,G3E:T7H:Q47V:V107M:V109Q,5
T7H:Q47C:D61Q:I92C:V109Q,T7H:Q47C:D61Q:I92C:V109Q,5
R5D:Q47V:I92C:D96Q:V109Q,R5D:Q47V:I92C:D96Q:V109Q,5
G3E:Q47I:I92C:D96Q:V107M,G3E:Q47I:I92C:D96Q:V107M,5
G3E:T7H:Q47I:V107M:V109Q,G3E:T7H:Q47I:V107M:V109Q,5
A29K:Q47V:I92C:D96Q:R98D,A29K:Q47V:I92C:D96Q:R98D,5
T7S:Q47I:R60N:D96Q:V107M,T7S:Q47I:R60N:D96Q:V107M,5
R5D:Q47V:R60N:R98D:V107M,R5D:Q47V:R60N:R98D:V107M,5
G3E:Q47R:R60N:R98D:T113E,G3E:Q47R:R60N:R98D:T113E,5
T7H:Q47V:D61Q:I92C:V109Q,T7H:Q47V:D61Q:I92C:V109Q,5
T7S:Q47V:R60N:I92C:T113E,T7S:Q47V:R60N:I92C:T113E,5
R5D:G34T:Q47C:R60N:V107M,R5D:G34T:Q47C:R60N:V107M,5
T7H:A29K:Q47V:D61Q:V107M,T7H:A29K:Q47V:D61Q:V107M,5
R5D:Q47I:R60N:I92C:T113E,R5D:Q47I:R60N:I92C:T113E,5
T7S:Q47R:R60N:I92C:V109Q,T7S:Q47R:R60N:I92C:V109Q,5
L4N:A29H:Q47I:D61Q:V107M,L4N:A29H:Q47I:D61Q:V107M,5
G3E:Q47I:R60N:D61Q:T113E,G3E:Q47I:R60N:D61Q:T113E,5
L4N:A29K:Q47I:D96Q:T113E,L4N:A29K:Q47I:D96Q:T113E,5
G3E:Q47R:I92C:R98D:V109Q,G3E:Q47R:I92C:R98D:V109Q,5
T7H:A29K:Q47R:R60N:T113E,T7H:A29K:Q47R:R60N:T113E,5
L4N:A29K:Q47I:D61Q:V109Q,L4N:A29K:Q47I:D61Q:V109Q,5
T7S:Q47C:R60N:R98D:V107M,T7S:Q47C:R60N:R98D:V107M,5
L4N:Q47R:D61Q:D96Q:V109Q,L4N:Q47R:D61Q:D96Q:V109Q,5
T7H:A29K:Q47I:R98D:V107M,T7H:A29K:Q47I:R98D:V107M,5
T7H:A29K:Q47V:I92C:T113E,T7H:A29K:Q47V:I92C:T113E,5
L4N:Q47V:I92C:D96Q:V107M,L4N:Q47V:I92C:D96Q:V107M,5
T7H:Q47V:I92C:D96Q:V107M,T7H:Q47V:I92C:D96Q:V107M,5
G3E:A29H:Q47R:R60N:T113E,G3E:A29H:Q47R:R60N:T113E,5
T7H:Q47R:D96Q:R98D:V109Q,T7H:Q47R:D96Q:R98D:V109Q,5
G34T:Q47C:R60N:D61Q:R98D,G34T:Q47C:R60N:D61Q:R98D,5
L4N:Q47R:R60N:R98D:V107M,L4N:Q47R:R60N:R98D:V107M,5
L4N:G34T:Q47C:D96Q:V109Q,L4N:G34T:Q47C:D96Q:V109Q,5
G3E:Q47C:I92C:R98D:V109Q,G3E:Q47C:I92C:R98D:V109Q,5
L4N:Q47I:I92C:R98D:T113E,L4N:Q47I:I92C:R98D:T113E,5
T7H:A29K:Q47C:I92C:V107M,T7H:A29K:Q47C:I92C:V107M,5
T7S:Q47R:R60N:D96Q:V109Q,T7S:Q47R:R60N:D96Q:V109Q,5
R5D:Q47I:I92C:D96Q:V109Q,R5D:Q47I:I92C:D96Q:V109Q,5
T7H:Q47I:D96Q:R98D:V107M,T7H:Q47I:D96Q:R98D:V107M,5
G3E:Q47R:I92C:D96Q:V109Q,G3E:Q47R:I92C:D96Q:V109Q,5
G3E:Q47V:D61Q:R98D:V109Q,G3E:Q47V:D61Q:R98D:V109Q,5
A29K:Q47R:R60N:D61Q:R98D,A29K:Q47R:R60N:D61Q:R98D,5
T7H:G34T:Q47C:R98D:V109Q,T7H:G34T:Q47C:R98D:V109Q,5
R5D:G34T:Q47V:R60N:V109Q,R5D:G34T:Q47V:R60N:V109Q,5
R5D:Q47V:R60N:R98D:T113E,R5D:Q47V:R60N:R98D:T113E,5
G3E:A29H:Q47C:R98D:V109Q,G3E:A29H:Q47C:R98D:V109Q,5
T7S:Q47C:R60N:R98D:T113E,T7S:Q47C:R60N:R98D:T113E,5
R5D:A29H:Q47V:R60N:V107M,R5D:A29H:Q47V:R60N:V107M,5
T7H:A29K:Q47I:R98D:T113E,T7H:A29K:Q47I:R98D:T113E,5
L4N:Q47V:I92C:D96Q:T113E,L4N:Q47V:I92C:D96Q:T113E,5
L4N:A29H:Q47I:D96Q:V107M,L4N:A29H:Q47I:D96Q:V107M,5
G3E:A29K:Q47I:R98D:V109Q,G3E:A29K:Q47I:R98D:V109Q,5
L4N:T7H:Q47V:V107M:V109Q,L4N:T7H:Q47V:V107M:V109Q,5
L4N:Q47C:D61Q:R98D:V109Q,L4N:Q47C:D61Q:R98D:V109Q,5
R5D:G34T:Q47V:R60N:V107M,R5D:G34T:Q47V:R60N:V107M,5
T7H:A29H:Q47C:I92C:V109Q,T7H:A29H:Q47C:I92C:V109Q,5
A29H:Q47V:D61Q:I92C:R98D,A29H:Q47V:D61Q:I92C:R98D,5
L4N:Q47R:R60N:R98D:T113E,L4N:Q47R:R60N:R98D:T113E,5
L4N:Q47C:I92C:R98D:V109Q,L4N:Q47C:I92C:R98D:V109Q,5
L4N:A29K:Q47R:R60N:V107M,L4N:A29K:Q47R:R60N:V107M,5
T7H:Q47C:D61Q:R98D:V109Q,T7H:Q47C:D61Q:R98D:V109Q,5
T7H:A29H:Q47V:I92C:V109Q,T7H:A29H:Q47V:I92C:V109Q,5
A29H:G34T:Q47R:R60N:I92C,A29H:G34T:Q47R:R60N:I92C,5
G3E:A29K:Q47C:R60N:V109Q,G3E:A29K:Q47C:R60N:V109Q,5
T7H:A29K:Q47R:D96Q:T113E,T7H:A29K:Q47R:D96Q:T113E,5
A29K:Q47I:D61Q:I92C:R98D,A29K:Q47I:D61Q:I92C:R98D,5
T7H:Q47I:D61Q:R98D:T113E,T7H:Q47I:D61Q:R98D:T113E,5
T7H:Q47R:R60N:I92C:T113E,T7H:Q47R:R60N:I92C:T113E,5
R5D:A29H:Q47I:R60N:V107M,R5D:A29H:Q47I:R60N:V107M,5
T7H:A29H:Q47R:R60N:V107M,T7H:A29H:Q47R:R60N:V107M,5
T7S:Q47I:R60N:I92C:V107M,T7S:Q47I:R60N:I92C:V107M,5
G3E:Q47R:R60N:D61Q:V107M,G3E:Q47R:R60N:D61Q:V107M,5
T7H:Q47C:D61Q:D96Q:T113E,T7H:Q47C:D61Q:D96Q:T113E,5
G3E:Q47V:D61Q:D96Q:V109Q,G3E:Q47V:D61Q:D96Q:V109Q,5
G3E:Q47I:I92C:R98D:T113E,G3E:Q47I:I92C:R98D:T113E,5
R5D:Q47C:R60N:R98D:T113E,R5D:Q47C:R60N:R98D:T113E,5
L4N:Q47I:D61Q:D96Q:T113E,L4N:Q47I:D61Q:D96Q:T113E,5
L4N:Q47C:D96Q:R98D:V109Q,L4N:Q47C:D96Q:R98D:V109Q,5
A29H:G34T:Q47I:I92C:D96Q,A29H:G34T:Q47I:I92C:D96Q,5
R5D:Q47V:R60N:D61Q:V109Q,R5D:Q47V:R60N:D61Q:V109Q,5
L4N:Q47C:I92C:D96Q:V109Q,L4N:Q47C:I92C:D96Q:V109Q,5
L4N:Q47V:D61Q:R98D:V109Q,L4N:Q47V:D61Q:R98D:V109Q,5
L4N:Q47V:I92C:R98D:V109Q,L4N:Q47V:I92C:R98D:V109Q,5
T7H:G34T:Q47I:D96Q:T113E,T7H:G34T:Q47I:D96Q:T113E,5
L4N:Q47C:D61Q:D96Q:V109Q,L4N:Q47C:D61Q:D96Q:V109Q,5
L4N:Q47I:D61Q:D96Q:V107M,L4N:Q47I:D61Q:D96Q:V107M,5
T7S:A29H:Q47V:R60N:V109Q,T7S:A29H:Q47V:R60N:V109Q,5
R5D:A29H:Q47I:R60N:V109Q,R5D:A29H:Q47I:R60N:V109Q,5
G3E:A29H:Q47I:I92C:V109Q,G3E:A29H:Q47I:I92C:V109Q,5
T7S:Q47I:I92C:D96Q:V109Q,T7S:Q47I:I92C:D96Q:V109Q,5
T7H:A29K:Q47C:I92C:T113E,T7H:A29K:Q47C:I92C:T113E,5
L4N:Q47I:I92C:D96Q:V107M,L4N:Q47I:I92C:D96Q:V107M,5
T7H:Q47C:I92C:D96Q:T113E,T7H:Q47C:I92C:D96Q:T113E,5
L4N:G34T:Q47I:R98D:V109Q,L4N:G34T:Q47I:R98D:V109Q,5
G3E:A29H:Q47V:D96Q:V109Q,G3E:A29H:Q47V:D96Q:V109Q,5
G3E:Q47V:I92C:D96Q:T113E,G3E:Q47V:I92C:D96Q:T113E,5
L4N:Q47V:D96Q:R98D:V109Q,L4N:Q47V:D96Q:R98D:V109Q,5
G34T:Q47I:R60N:D61Q:R98D,G34T:Q47I:R60N:D61Q:R98D,5
L4N:Q47I:R60N:D61Q:T113E,L4N:Q47I:R60N:D61Q:T113E,5
R5D:Q47R:R60N:R98D:V109Q,R5D:Q47R:R60N:R98D:V109Q,5
T7H:A29K:Q47V:I92C:V109Q,T7H:A29K:Q47V:I92C:V109Q,5
G3E:Q47C:D61Q:D96Q:V109Q,G3E:Q47C:D61Q:D96Q:V109Q,5
L4N:Q47R:R60N:D61Q:V109Q,L4N:Q47R:R60N:D61Q:V109Q,5
G3E:Q47C:I92C:D96Q:V109Q,G3E:Q47C:I92C:D96Q:V109Q,5
G3E:A29H:Q47I:R60N:T113E,G3E:A29H:Q47I:R60N:T113E,5
L4N:G34T:Q47V:D96Q:V109Q,L4N:G34T:Q47V:D96Q:V109Q,5
A29H:Q47V:I92C:D96Q:R98D,A29H:Q47V:I92C:D96Q:R98D,5
L4N:G34T:Q47V:R60N:T113E,L4N:G34T:Q47V:R60N:T113E,5
A29K:G34T:Q47I:R60N:R98D,A29K:G34T:Q47I:R60N:R98D,5
L4N:G34T:Q47I:D96Q:V109Q,L4N:G34T:Q47I:D96Q:V109Q,5
T7H:Q47V:I92C:D96Q:T113E,T7H:Q47V:I92C:D96Q:T113E,5
T7H:A29H:Q47V:D96Q:T113E,T7H:A29H:Q47V:D96Q:T113E,5
T7H:G34T:Q47C:D96Q:V109Q,T7H:G34T:Q47C:D96Q:V109Q,5
L4N:Q47R:R60N:D96Q:V107M,L4N:Q47R:R60N:D96Q:V107M,5
T7H:Q47R:R60N:R98D:T113E,T7H:Q47R:R60N:R98D:T113E,5
G3E:A29H:Q47R:R60N:V107M,G3E:A29H:Q47R:R60N:V107M,5
L4N:A29H:Q47I:I92C:V109Q,L4N:A29H:Q47I:I92C:V109Q,5
L4N:A29K:Q47I:R60N:V109Q,L4N:A29K:Q47I:R60N:V109Q,5
A29K:Q47I:I92C:D96Q:R98D,A29K:Q47I:I92C:D96Q:R98D,5
T7H:Q47C:I92C:R98D:V109Q,T7H:Q47C:I92C:R98D:V109Q,5
L4N:Q47R:R60N:I92C:T113E,L4N:Q47R:R60N:I92C:T113E,5
L4N:A29K:Q47I:R60N:T113E,L4N:A29K:Q47I:R60N:T113E,5
T7S:A29K:Q47C:R60N:V109Q,T7S:A29K:Q47C:R60N:V109Q,5
L4N:Q47V:R60N:D61Q:T113E,L4N:Q47V:R60N:D61Q:T113E,5
L4N:A29H:Q47V:R98D:V109Q,L4N:A29H:Q47V:R98D:V109Q,5
T7H:A29K:Q47I:I92C:T113E,T7H:A29K:Q47I:I92C:T113E,5
G3E:Q47R:R60N:I92C:V107M,G3E:Q47R:R60N:I92C:V107M,5
L4N:A29H:Q47V:D96Q:V109Q,L4N:A29H:Q47V:D96Q:V109Q,5
T7H:Q47V:D61Q:D96Q:T113E,T7H:Q47V:D61Q:D96Q:T113E,5
R5D:Q47R:R60N:D96Q:V107M,R5D:Q47R:R60N:D96Q:V107M,5
L4N:Q47I:D61Q:I92C:V109Q,L4N:Q47I:D61Q:I92C:V109Q,5
L4N:Q47R:R60N:D96Q:T113E,L4N:Q47R:R60N:D96Q:T113E,5
L4N:T7H:Q47I:V109Q:T113E,L4N:T7H:Q47I:V109Q:T113E,5
T7H:A29K:Q47V:R98D:V107M,T7H:A29K:Q47V:R98D:V107M,5
L4N:Q47R:R60N:I92C:V107M,L4N:Q47R:R60N:I92C:V107M,5
G3E:A29H:Q47R:R60N:V109Q,G3E:A29H:Q47R:R60N:V109Q,5
G3E:Q47I:R60N:D61Q:V107M,G3E:Q47I:R60N:D61Q:V107M,5
A29H:Q47I:D61Q:D96Q:R98D,A29H:Q47I:D61Q:D96Q:R98D,5
G3E:G34T:Q47C:D96Q:V109Q,G3E:G34T:Q47C:D96Q:V109Q,5
T7S:Q47I:R60N:I92C:V109Q,T7S:Q47I:R60N:I92C:V109Q,5
G34T:Q47R:R60N:D96Q:R98D,G34T:Q47R:R60N:D96Q:R98D,5
G34T:Q47V:D61Q:I92C:D96Q,G34T:Q47V:D61Q:I92C:D96Q,5
R5D:Q47V:R60N:I92C:T113E,R5D:Q47V:R60N:I92C:T113E,5
G34T:Q47I:R60N:D61Q:I92C,G34T:Q47I:R60N:D61Q:I92C,5
G3E:Q47V:D96Q:R98D:V109Q,G3E:Q47V:D96Q:R98D:V109Q,5
T7H:Q47R:R60N:D61Q:V109Q,T7H:Q47R:R60N:D61Q:V109Q,5
T7S:Q47V:R60N:D96Q:V107M,T7S:Q47V:R60N:D96Q:V107M,5
A29H:G34T:Q47C:I92C:D96Q,A29H:G34T:Q47C:I92C:D96Q,5
G3E:A29K:Q47V:R60N:T113E,G3E:A29K:Q47V:R60N:T113E,5
R5D:Q47R:R60N:D96Q:V109Q,R5D:Q47R:R60N:D96Q:V109Q,5
L4N:A29K:Q47V:D96Q:V109Q,L4N:A29K:Q47V:D96Q:V109Q,5
G3E:Q47I:I92C:D96Q:T113E,G3E:Q47I:I92C:D96Q:T113E,5
R5D:Q47R:R60N:I92C:V109Q,R5D:Q47R:R60N:I92C:V109Q,5
T7H:Q47I:D61Q:I92C:V109Q,T7H:Q47I:D61Q:I92C:V109Q,5
T7H:G34T:Q47V:R98D:V109Q,T7H:G34T:Q47V:R98D:V109Q,5
A29K:G34T:Q47V:R60N:D61Q,A29K:G34T:Q47V:R60N:D61Q,5
R5D:Q47C:R60N:I92C:T113E,R5D:Q47C:R60N:I92C:T113E,5
A29K:Q47V:R60N:D61Q:R98D,A29K:Q47V:R60N:D61Q:R98D,5
G3E:A29H:Q47I:R60N:V107M,G3E:A29H:Q47I:R60N:V107M,5
T7H:A29H:Q47I:D61Q:V109Q,T7H:A29H:Q47I:D61Q:V109Q,5
T7H:Q47R:I92C:D96Q:V109Q,T7H:Q47R:I92C:D96Q:V109Q,5
L4N:A29H:Q47I:D96Q:T113E,L4N:A29H:Q47I:D96Q:T113E,5
T7H:Q47C:D61Q:D96Q:V109Q,T7H:Q47C:D61Q:D96Q:V109Q,5
G34T:Q47I:D61Q:I92C:D96Q,G34T:Q47I:D61Q:I92C:D96Q,5
T7H:Q47I:I92C:R98D:T113E,T7H:Q47I:I92C:R98D:T113E,5
T7H:G34T:Q47V:R60N:T113E,T7H:G34T:Q47V:R60N:T113E,5
L4N:T7H:Q47I:V107M:V109Q,L4N:T7H:Q47I:V107M:V109Q,5
T7H:A29K:R60N:D96Q:V109Q,T7H:A29K:R60N:D96Q:V109Q,5
Q47I:D61Q:I92C:D96Q:R98D,Q47I:D61Q:I92C:D96Q:R98D,5
T7H:Q47I:R60N:D61Q:T113E,T7H:Q47I:R60N:D61Q:T113E,5
L4N:Q47I:R60N:R98D:V107M,L4N:Q47I:R60N:R98D:V107M,5
A29K:Q47C:D61Q:I92C:D96Q,A29K:Q47C:D61Q:I92C:D96Q,5
G3E:A29H:Q47C:R60N:T113E,G3E:A29H:Q47C:R60N:T113E,5
L4N:Q47C:R60N:D61Q:T113E,L4N:Q47C:R60N:D61Q:T113E,5
L4N:A29H:Q47I:R60N:T113E,L4N:A29H:Q47I:R60N:T113E,5
A29K:Q47R:R60N:D61Q:I92C,A29K:Q47R:R60N:D61Q:I92C,5
R5D:G34T:Q47C:R60N:V109Q,R5D:G34T:Q47C:R60N:V109Q,5
A29H:Q47I:I92C:D96Q:R98D,A29H:Q47I:I92C:D96Q:R98D,5
G3E:Q47V:R60N:D61Q:V107M,G3E:Q47V:R60N:D61Q:V107M,5
R5D:Q47C:R60N:D96Q:T113E,R5D:Q47C:R60N:D96Q:T113E,5
T7H:A29H:Q47R:R60N:T113E,T7H:A29H:Q47R:R60N:T113E,5
G34T:Q47V:R60N:D61Q:R98D,G34T:Q47V:R60N:D61Q:R98D,5
T7H:A29K:Q47I:D96Q:V107M,T7H:A29K:Q47I:D96Q:V107M,5
T7H:A29K:Q47C:R98D:V109Q,T7H:A29K:Q47C:R98D:V109Q,5
A29K:Q47V:D61Q:I92C:D96Q,A29K:Q47V:D61Q:I92C:D96Q,5
T7H:G34T:Q47R:R60N:V109Q,T7H:G34T:Q47R:R60N:V109Q,5
T7H:Q47V:R60N:D61Q:V107M,T7H:Q47V:R60N:D61Q:V107M,5
L4N:A29K:Q47C:R60N:V107M,L4N:A29K:Q47C:R60N:V107M,5
A29H:Q47C:D61Q:I92C:D96Q,A29H:Q47C:D61Q:I92C:D96Q,5
T7H:Q47I:D61Q:D96Q:V107M,T7H:Q47I:D61Q:D96Q:V107M,5
T7H:A29K:Q47V:D96Q:T113E,T7H:A29K:Q47V:D96Q:T113E,5
L4N:A29H:Q47V:R60N:V107M,L4N:A29H:Q47V:R60N:V107M,5
T7S:Q47C:R60N:I92C:T113E,T7S:Q47C:R60N:I92C:T113E,5
G3E:A29K:Q47C:R60N:T113E,G3E:A29K:Q47C:R60N:T113E,5
T7H:A29H:Q47C:R98D:V109Q,T7H:A29H:Q47C:R98D:V109Q,5
T7H:G34T:Q47I:R60N:T113E,T7H:G34T:Q47I:R60N:T113E,5
T7S:Q47V:R60N:I92C:V109Q,T7S:Q47V:R60N:I92C:V109Q,5
G3E:A29H:Q47V:R60N:T113E,G3E:A29H:Q47V:R60N:T113E,5
G3E:Q47I:D61Q:R98D:V109Q,G3E:Q47I:D61Q:R98D:V109Q,5
T7H:Q47I:D61Q:D96Q:T113E,T7H:Q47I:D61Q:D96Q:T113E,5
T7H:G34T:Q47I:R60N:V107M,T7H:G34T:Q47I:R60N:V107M,5
T7H:Q47C:D96Q:R98D:V109Q,T7H:Q47C:D96Q:R98D:V109Q,5
G34T:Q47R:R60N:I92C:R98D,G34T:Q47R:R60N:I92C:R98D,5
L4N:Q47R:R60N:I92C:V109Q,L4N:Q47R:R60N:I92C:V109Q,5
T7H:A29H:Q47I:I92C:V109Q,T7H:A29H:Q47I:I92C:V109Q,5
L4N:Q47I:R60N:D61Q:V109Q,L4N:Q47I:R60N:D61Q:V109Q,5
G3E:Q47R:R60N:D96Q:V107M,G3E:Q47R:R60N:D96Q:V107M,5
T7H:Q47I:I92C:D96Q:V107M,T7H:Q47I:I92C:D96Q:V107M,5
G3E:Q47R:R60N:I92C:T113E,G3E:Q47R:R60N:I92C:T113E,5
T7S:Q47I:R60N:R98D:V109Q,T7S:Q47I:R60N:R98D:V109Q,5
T7H:A29H:Q47I:R60N:T113E,T7H:A29H:Q47I:R60N:T113E,5
L4N:Q47I:I92C:R98D:V109Q,L4N:Q47I:I92C:R98D:V109Q,5
T7H:A29K:Q47C:I92C:V109Q,T7H:A29K:Q47C:I92C:V109Q,5
G34T:Q47R:R60N:D61Q:D96Q,G34T:Q47R:R60N:D61Q:D96Q,5
T7H:Q47I:D96Q:R98D:T113E,T7H:Q47I:D96Q:R98D:T113E,5
A29K:G34T:Q47I:R60N:I92C,A29K:G34T:Q47I:R60N:I92C,5
Q47R:R60N:D61Q:D96Q:R98D,Q47R:R60N:D61Q:D96Q:R98D,5
R5D:Q47I:R60N:I92C:V107M,R5D:Q47I:R60N:I92C:V107M,5
L4N:Q47V:D61Q:D96Q:V109Q,L4N:Q47V:D61Q:D96Q:V109Q,5
T7H:A29K:Q47I:R98D:V109Q,T7H:A29K:Q47I:R98D:V109Q,5
G3E:Q47V:I92C:D96Q:V109Q,G3E:Q47V:I92C:D96Q:V109Q,5
A29K:Q47R:R60N:I92C:R98D,A29K:Q47R:R60N:I92C:R98D,5
T7H:Q47R:R60N:R98D:V107M,T7H:Q47R:R60N:R98D:V107M,5
G3E:Q47V:R60N:R98D:V107M,G3E:Q47V:R60N:R98D:V107M,5
T7H:Q47V:I92C:R98D:V109Q,T7H:Q47V:I92C:R98D:V109Q,5
T7H:A29K:Q47R:R60N:V109Q,T7H:A29K:Q47R:R60N:V109Q,5
G3E:Q47R:R60N:D61Q:V109Q,G3E:Q47R:R60N:D61Q:V109Q,5
L4N:Q47C:R60N:D61Q:V109Q,L4N:Q47C:R60N:D61Q:V109Q,5
G3E:A29K:Q47I:D96Q:V109Q,G3E:A29K:Q47I:D96Q:V109Q,5
G3E:Q47C:R60N:D61Q:T113E,G3E:Q47C:R60N:D61Q:T113E,5
T7H:A29K:Q47C:D96Q:T113E,T7H:A29K:Q47C:D96Q:T113E,5
A29H:G34T:Q47I:R60N:R98D,A29H:G34T:Q47I:R60N:R98D,5
L4N:G34T:Q47C:R60N:T113E,L4N:G34T:Q47C:R60N:T113E,5
L4N:A29H:Q47I:R60N:V107M,L4N:A29H:Q47I:R60N:V107M,5
G3E:Q47I:R60N:R98D:T113E,G3E:Q47I:R60N:R98D:T113E,5
T7H:A29H:Q47I:R98D:T113E,T7H:A29H:Q47I:R98D:T113E,5
A29K:Q47R:R60N:D61Q:D96Q,A29K:Q47R:R60N:D61Q:D96Q,5
A29K:Q47R:R60N:D96Q:R98D,A29K:Q47R:R60N:D96Q:R98D,5
R5D:Q47V:R60N:D96Q:T113E,R5D:Q47V:R60N:D96Q:T113E,5
L4N:Q47V:I92C:D96Q:V109Q,L4N:Q47V:I92C:D96Q:V109Q,5
T7H:G34T:Q47I:D96Q:V109Q,T7H:G34T:Q47I:D96Q:V109Q,5
T7H:Q47V:R60N:D61Q:T113E,T7H:Q47V:R60N:D61Q:T113E,5
T7H:A29K:Q47I:I92C:V109Q,T7H:A29K:Q47I:I92C:V109Q,5
A29K:G34T:Q47V:R60N:R98D,A29K:G34T:Q47V:R60N:R98D,5
G3E:A29H:Q47I:R98D:V109Q,G3E:A29H:Q47I:R98D:V109Q,5
T7H:G34T:Q47C:R60N:V107M,T7H:G34T:Q47C:R60N:V107M,5
R5D:Q47V:R60N:I92C:V109Q,R5D:Q47V:R60N:I92C:V109Q,5
G3E:Q47I:R60N:R98D:V107M,G3E:Q47I:R60N:R98D:V107M,5
A29H:Q47V:D61Q:I92C:D96Q,A29H:Q47V:D61Q:I92C:D96Q,5
G3E:Q47V:R60N:R98D:T113E,G3E:Q47V:R60N:R98D:T113E,5
L4N:Q47R:R60N:R98D:V109Q,L4N:Q47R:R60N:R98D:V109Q,5
L4N:Q47C:R60N:R98D:V107M,L4N:Q47C:R60N:R98D:V107M,5
T7H:A29H:Q47V:R98D:V109Q,T7H:A29H:Q47V:R98D:V109Q,5
L4N:A29H:Q47R:R60N:V109Q,L4N:A29H:Q47R:R60N:V109Q,5
T7H:A29K:Q47R:D96Q:V109Q,T7H:A29K:Q47R:D96Q:V109Q,5
A29K:Q47I:D61Q:I92C:D96Q,A29K:Q47I:D61Q:I92C:D96Q,5
G3E:Q47R:R60N:I92C:V109Q,G3E:Q47R:R60N:I92C:V109Q,5
T7H:G34T:Q47V:R60N:V109Q,T7H:G34T:Q47V:R60N:V109Q,5
R5D:Q47V:R60N:D96Q:V107M,R5D:Q47V:R60N:D96Q:V107M,5
L4N:Q47C:R60N:R98D:T113E,L4N:Q47C:R60N:R98D:T113E,5
L4N:Q47I:R60N:R98D:T113E,L4N:Q47I:R60N:R98D:T113E,5
G3E:Q47R:R60N:D96Q:T113E,G3E:Q47R:R60N:D96Q:T113E,5
L4N:Q47I:D96Q:R98D:V109Q,L4N:Q47I:D96Q:R98D:V109Q,5
T7S:Q47V:R60N:I92C:V107M,T7S:Q47V:R60N:I92C:V107M,5
G3E:Q47I:D61Q:D96Q:V109Q,G3E:Q47I:D61Q:D96Q:V109Q,5
T7H:Q47I:R60N:D61Q:V107M,T7H:Q47I:R60N:D61Q:V107M,5
L4N:Q47V:R60N:R98D:V107M,L4N:Q47V:R60N:R98D:V107M,5
T7H:A29K:Q47C:R60N:V107M,T7H:A29K:Q47C:R60N:V107M,5
L4N:Q47I:I92C:D96Q:T113E,L4N:Q47I:I92C:D96Q:T113E,5
R5D:Q47I:R60N:I92C:V109Q,R5D:Q47I:R60N:I92C:V109Q,5
G34T:Q47I:R60N:D96Q:R98D,G34T:Q47I:R60N:D96Q:R98D,5
G34T:Q47C:R60N:D61Q:I92C,G34T:Q47C:R60N:D61Q:I92C,5
G3E:G34T:Q47V:R60N:V109Q,G3E:G34T:Q47V:R60N:V109Q,5
T7H:Q47V:D61Q:D96Q:V109Q,T7H:Q47V:D61Q:D96Q:V109Q,5
L4N:A29K:Q47I:R98D:V109Q,L4N:A29K:Q47I:R98D:V109Q,5
A29H:G34T:Q47V:R60N:R98D,A29H:G34T:Q47V:R60N:R98D,5
A29H:Q47R:R60N:D96Q:R98D,A29H:Q47R:R60N:D96Q:R98D,5
A29K:G34T:Q47I:R60N:D96Q,A29K:G34T:Q47I:R60N:D96Q,5
T7H:A29H:Q47I:D96Q:T113E,T7H:A29H:Q47I:D96Q:T113E,5
A29H:Q47I:R60N:D61Q:R98D,A29H:Q47I:R60N:D61Q:R98D,5
G3E:Q47I:R60N:D61Q:V109Q,G3E:Q47I:R60N:D61Q:V109Q,5
T7S:Q47C:R60N:I92C:V107M,T7S:Q47C:R60N:I92C:V107M,5
R5D:Q47I:R60N:R98D:V109Q,R5D:Q47I:R60N:R98D:V109Q,5
G3E:A29K:Q47V:R60N:V107M,G3E:A29K:Q47V:R60N:V107M,5
A29H:Q47C:R60N:D61Q:R98D,A29H:Q47C:R60N:D61Q:R98D,5
T7H:G34T:Q47I:R98D:V109Q,T7H:G34T:Q47I:R98D:V109Q,5
A29K:G34T:Q47C:R60N:I92C,A29K:G34T:Q47C:R60N:I92C,5
T7H:Q47V:D96Q:R98D:V109Q,T7H:Q47V:D96Q:R98D:V109Q,5
T7H:A29K:Q47I:R60N:T113E,T7H:A29K:Q47I:R60N:T113E,5
G34T:Q47V:R60N:D61Q:D96Q,G34T:Q47V:R60N:D61Q:D96Q,5
G3E:Q47I:D96Q:R98D:V109Q,G3E:Q47I:D96Q:R98D:V109Q,5
G3E:A29H:Q47V:R60N:V107M,G3E:A29H:Q47V:R60N:V107M,5
T7H:A29K:Q47I:D96Q:V109Q,T7H:A29K:Q47I:D96Q:V109Q,5
T7S:Q47C:R60N:R98D:V109Q,T7S:Q47C:R60N:R98D:V109Q,5
T7H:A29K:Q47V:D96Q:V109Q,T7H:A29K:Q47V:D96Q:V109Q,5
T7H:Q47C:R60N:D61Q:T113E,T7H:Q47C:R60N:D61Q:T113E,5
L4N:A29H:Q47C:R60N:V109Q,L4N:A29H:Q47C:R60N:V109Q,5
T7H:A29H:Q47C:D96Q:V109Q,T7H:A29H:Q47C:D96Q:V109Q,5
L4N:Q47V:R60N:I92C:T113E,L4N:Q47V:R60N:I92C:T113E,5
L4N:G34T:Q47V:R60N:V109Q,L4N:G34T:Q47V:R60N:V109Q,5
L4N:A29K:Q47C:R60N:V109Q,L4N:A29K:Q47C:R60N:V109Q,5
G34T:Q47V:R60N:D61Q:I92C,G34T:Q47V:R60N:D61Q:I92C,5
T7H:Q47R:R60N:D96Q:V107M,T7H:Q47R:R60N:D96Q:V107M,5
L4N:Q47C:R60N:D61Q:V107M,L4N:Q47C:R60N:D61Q:V107M,5
T7H:A29K:Q47I:D61Q:V109Q,T7H:A29K:Q47I:D61Q:V109Q,5
A29H:G34T:Q47C:R60N:I92C,A29H:G34T:Q47C:R60N:I92C,5
L4N:Q47I:D61Q:R98D:V109Q,L4N:Q47I:D61Q:R98D:V109Q,5
T7H:Q47R:R60N:I92C:V107M,T7H:Q47R:R60N:I92C:V107M,5
T7H:Q47C:I92C:D96Q:V109Q,T7H:Q47C:I92C:D96Q:V109Q,5
A29K:G34T:Q47V:R60N:I92C,A29K:G34T:Q47V:R60N:I92C,5
Q47R:R60N:D61Q:I92C:R98D,Q47R:R60N:D61Q:I92C:R98D,5
L4N:Q47V:R60N:R98D:T113E,L4N:Q47V:R60N:R98D:T113E,5
A29K:Q47C:R60N:D61Q:R98D,A29K:Q47C:R60N:D61Q:R98D,5
R5D:Q47C:R60N:R98D:V109Q,R5D:Q47C:R60N:R98D:V109Q,5
G3E:A29K:Q47V:R60N:V109Q,G3E:A29K:Q47V:R60N:V109Q,5
L4N:A29H:Q47V:R60N:V109Q,L4N:A29H:Q47V:R60N:V109Q,5
G3E:G34T:Q47V:R60N:V107M,G3E:G34T:Q47V:R60N:V107M,5
A29K:Q47V:R60N:D61Q:I92C,A29K:Q47V:R60N:D61Q:I92C,5
A29H:Q47I:D61Q:I92C:D96Q,A29H:Q47I:D61Q:I92C:D96Q,5
R5D:Q47V:R60N:I92C:V107M,R5D:Q47V:R60N:I92C:V107M,5
T7H:Q47I:I92C:D96Q:T113E,T7H:Q47I:I92C:D96Q:T113E,5
G3E:Q47V:R60N:I92C:T113E,G3E:Q47V:R60N:I92C:T113E,5
T7H:Q47R:R60N:I92C:V109Q,T7H:Q47R:R60N:I92C:V109Q,5
Q47I:R60N:D61Q:D96Q:R98D,Q47I:R60N:D61Q:D96Q:R98D,5
L4N:Q47I:D61Q:D96Q:V109Q,L4N:Q47I:D61Q:D96Q:V109Q,5
L4N:G34T:Q47C:R60N:V109Q,L4N:G34T:Q47C:R60N:V109Q,5
T7H:Q47I:R60N:R98D:V107M,T7H:Q47I:R60N:R98D:V107M,5
L4N:Q47R:R60N:D96Q:V109Q,L4N:Q47R:R60N:D96Q:V109Q,5
T7H:Q47I:R60N:R98D:T113E,T7H:Q47I:R60N:R98D:T113E,5
G3E:Q47C:R60N:R98D:T113E,G3E:Q47C:R60N:R98D:T113E,5
T7H:Q47V:D61Q:R98D:V109Q,T7H:Q47V:D61Q:R98D:V109Q,5
G3E:Q47I:I92C:D96Q:V109Q,G3E:Q47I:I92C:D96Q:V109Q,5
A29H:Q47R:R60N:I92C:R98D,A29H:Q47R:R60N:I92C:R98D,5
G34T:Q47V:R60N:D96Q:R98D,G34T:Q47V:R60N:D96Q:R98D,5
Q47R:R60N:I92C:D96Q:R98D,Q47R:R60N:I92C:D96Q:R98D,5
G3E:Q47I:R60N:D96Q:T113E,G3E:Q47I:R60N:D96Q:T113E,5
T7H:Q47V:I92C:D96Q:V109Q,T7H:Q47V:I92C:D96Q:V109Q,5
T7H:A29K:Q47C:D96Q:V107M,T7H:A29K:Q47C:D96Q:V107M,5
T7H:Q47V:R60N:R98D:T113E,T7H:Q47V:R60N:R98D:T113E,5
T7H:Q47C:R60N:R98D:T113E,T7H:Q47C:R60N:R98D:T113E,5
T7H:Q47R:R60N:D96Q:T113E,T7H:Q47R:R60N:D96Q:T113E,5
T7H:A29H:Q47V:D96Q:V109Q,T7H:A29H:Q47V:D96Q:V109Q,5
G34T:Q47V:R60N:I92C:R98D,G34T:Q47V:R60N:I92C:R98D,5
A29H:Q47V:R60N:D61Q:I92C,A29H:Q47V:R60N:D61Q:I92C,5
T7S:A29H:Q47C:R60N:V109Q,T7S:A29H:Q47C:R60N:V109Q,5
A29K:Q47I:R60N:D61Q:I92C,A29K:Q47I:R60N:D61Q:I92C,5
L4N:Q47I:R60N:I92C:T113E,L4N:Q47I:R60N:I92C:T113E,5
A29H:G34T:Q47C:R60N:R98D,A29H:G34T:Q47C:R60N:R98D,5
Q47V:R60N:D61Q:D96Q:R98D,Q47V:R60N:D61Q:D96Q:R98D,5
T7H:A29H:Q47C:R60N:V107M,T7H:A29H:Q47C:R60N:V107M,5
L4N:Q47I:I92C:D96Q:V109Q,L4N:Q47I:I92C:D96Q:V109Q,5
L4N:Q47I:R60N:D96Q:T113E,L4N:Q47I:R60N:D96Q:T113E,5
T7S:Q47V:R60N:D96Q:V109Q,T7S:Q47V:R60N:D96Q:V109Q,5
T7H:Q47C:R60N:R98D:V107M,T7H:Q47C:R60N:R98D:V107M,5
A29H:Q47R:R60N:D61Q:D96Q,A29H:Q47R:R60N:D61Q:D96Q,5
G3E:A29H:Q47I:D96Q:V109Q,G3E:A29H:Q47I:D96Q:V109Q,5
T7H:Q47I:D61Q:R98D:V109Q,T7H:Q47I:D61Q:R98D:V109Q,5
G34T:Q47I:R60N:D61Q:D96Q,G34T:Q47I:R60N:D61Q:D96Q,5
L4N:Q47V:R60N:D96Q:T113E,L4N:Q47V:R60N:D96Q:T113E,5
T7H:Q47I:R60N:I92C:T113E,T7H:Q47I:R60N:I92C:T113E,5
T7S:Q47C:R60N:I92C:V109Q,T7S:Q47C:R60N:I92C:V109Q,5
R5D:Q47C:R60N:D96Q:V107M,R5D:Q47C:R60N:D96Q:V107M,5
Q47C:R60N:D61Q:I92C:R98D,Q47C:R60N:D61Q:I92C:R98D,5
A29K:Q47V:R60N:D96Q:R98D,A29K:Q47V:R60N:D96Q:R98D,5
L4N:Q47I:R60N:D96Q:V107M,L4N:Q47I:R60N:D96Q:V107M,5
T7H:Q47V:R60N:R98D:V107M,T7H:Q47V:R60N:R98D:V107M,5
G3E:Q47C:R60N:D96Q:V107M,G3E:Q47C:R60N:D96Q:V107M,5
R5D:Q47I:R60N:D96Q:V109Q,R5D:Q47I:R60N:D96Q:V109Q,5
T7H:A29K:Q47I:R60N:V107M,T7H:A29K:Q47I:R60N:V107M,5
G34T:Q47I:R60N:I92C:R98D,G34T:Q47I:R60N:I92C:R98D,5
A29K:Q47I:R60N:D61Q:D96Q,A29K:Q47I:R60N:D61Q:D96Q,5
G34T:Q47C:R60N:D96Q:R98D,G34T:Q47C:R60N:D96Q:R98D,5
T7H:A29K:Q47C:R60N:V109Q,T7H:A29K:Q47C:R60N:V109Q,5
L4N:A29H:Q47I:R98D:V109Q,L4N:A29H:Q47I:R98D:V109Q,5
A29K:G34T:Q47V:R60N:D96Q,A29K:G34T:Q47V:R60N:D96Q,5
T7H:A29H:Q47V:R60N:V107M,T7H:A29H:Q47V:R60N:V107M,5
L4N:Q47C:R60N:I92C:T113E,L4N:Q47C:R60N:I92C:T113E,5
T7H:Q47R:R60N:R98D:V109Q,T7H:Q47R:R60N:R98D:V109Q,5
G3E:G34T:Q47C:R60N:V107M,G3E:G34T:Q47C:R60N:V107M,5
A29H:Q47C:R60N:D61Q:I92C,A29H:Q47C:R60N:D61Q:I92C,5
A29H:Q47I:R60N:D61Q:D96Q,A29H:Q47I:R60N:D61Q:D96Q,5
R5D:Q47V:R60N:D96Q:V109Q,R5D:Q47V:R60N:D96Q:V109Q,5
T7H:A29H:Q47C:R60N:V109Q,T7H:A29H:Q47C:R60N:V109Q,5
G34T:Q47C:R60N:D61Q:D96Q,G34T:Q47C:R60N:D61Q:D96Q,5
T7S:Q47C:R60N:D96Q:V109Q,T7S:Q47C:R60N:D96Q:V109Q,5
G3E:Q47I:I92C:R98D:V109Q,G3E:Q47I:I92C:R98D:V109Q,5
T7H:Q47V:R60N:I92C:T113E,T7H:Q47V:R60N:I92C:T113E,5
T7H:G34T:Q47V:R60N:V107M,T7H:G34T:Q47V:R60N:V107M,5
T7H:Q47I:I92C:R98D:V109Q,T7H:Q47I:I92C:R98D:V109Q,5
G3E:Q47C:R60N:I92C:V109Q,G3E:Q47C:R60N:I92C:V109Q,5
A29K:Q47R:R60N:I92C:D96Q,A29K:Q47R:R60N:I92C:D96Q,5
Q47I:R60N:I92C:D96Q:R98D,Q47I:R60N:I92C:D96Q:R98D,5
Q47V:R60N:D61Q:I92C:R98D,Q47V:R60N:D61Q:I92C:R98D,5
G3E:Q47R:R60N:R98D:V109Q,G3E:Q47R:R60N:R98D:V109Q,5
T7H:A29H:Q47V:R60N:T113E,T7H:A29H:Q47V:R60N:T113E,5
G34T:Q47I:R60N:I92C:D96Q,G34T:Q47I:R60N:I92C:D96Q,5
G3E:Q47I:R60N:I92C:V109Q,G3E:Q47I:R60N:I92C:V109Q,5
L4N:Q47I:R60N:I92C:V107M,L4N:Q47I:R60N:I92C:V107M,5
L4N:Q47C:R60N:D96Q:T113E,L4N:Q47C:R60N:D96Q:T113E,5
A29K:Q47C:R60N:D96Q:R98D,A29K:Q47C:R60N:D96Q:R98D,5
T7H:A29H:Q47I:R98D:V109Q,T7H:A29H:Q47I:R98D:V109Q,5
G3E:Q47V:R60N:I92C:V109Q,G3E:Q47V:R60N:I92C:V109Q,5
A29H:G34T:Q47V:R60N:I92C,A29H:G34T:Q47V:R60N:I92C,5
G3E:Q47V:R60N:D96Q:T113E,G3E:Q47V:R60N:D96Q:T113E,5
T7H:A29K:Q47V:R60N:V109Q,T7H:A29K:Q47V:R60N:V109Q,5
A29H:Q47I:R60N:I92C:R98D,A29H:Q47I:R60N:I92C:R98D,5
T7H:Q47I:D61Q:D96Q:V109Q,T7H:Q47I:D61Q:D96Q:V109Q,5
T7H:Q47I:I92C:D96Q:V109Q,T7H:Q47I:I92C:D96Q:V109Q,5
L4N:Q47C:R60N:I92C:V107M,L4N:Q47C:R60N:I92C:V107M,5
G3E:Q47I:R60N:I92C:V107M,G3E:Q47I:R60N:I92C:V107M,5
T7H:Q47I:D96Q:R98D:V109Q,T7H:Q47I:D96Q:R98D:V109Q,5
A29K:Q47I:R60N:I92C:R98D,A29K:Q47I:R60N:I92C:R98D,5
T7H:Q47C:R60N:I92C:T113E,T7H:Q47C:R60N:I92C:T113E,5
L4N:Q47V:R60N:D96Q:V109Q,L4N:Q47V:R60N:D96Q:V109Q,5
T7H:A29H:Q47V:R60N:V109Q,T7H:A29H:Q47V:R60N:V109Q,5
T7H:A29H:Q47I:D96Q:V109Q,T7H:A29H:Q47I:D96Q:V109Q,5
T7H:Q47I:R60N:D96Q:T113E,T7H:Q47I:R60N:D96Q:T113E,5
G34T:Q47C:R60N:I92C:R98D,G34T:Q47C:R60N:I92C:R98D,5
R5D:Q47C:R60N:D96Q:V109Q,R5D:Q47C:R60N:D96Q:V109Q,5
A29H:Q47V:R60N:I92C:R98D,A29H:Q47V:R60N:I92C:R98D,5
Q47C:R60N:I92C:D96Q:R98D,Q47C:R60N:I92C:D96Q:R98D,5
T7H:Q47I:R60N:I92C:V107M,T7H:Q47I:R60N:I92C:V107M,5
T7H:Q47V:R60N:I92C:V109Q,T7H:Q47V:R60N:I92C:V109Q,5
G3E:Q47V:R60N:R98D:V109Q,G3E:Q47V:R60N:R98D:V109Q,5
T7H:Q47V:R60N:D96Q:V107M,T7H:Q47V:R60N:D96Q:V107M,5
A29H:Q47C:R60N:I92C:R98D,A29H:Q47C:R60N:I92C:R98D,5
A29H:Q47I:R60N:D96Q:R98D,A29H:Q47I:R60N:D96Q:R98D,5
A29H:Q47I:R60N:I92C:D96Q,A29H:Q47I:R60N:I92C:D96Q,5
L4N:Q47C:R60N:R98D:V109Q,L4N:Q47C:R60N:R98D:V109Q,5
T7H:Q47I:R60N:I92C:V109Q,T7H:Q47I:R60N:I92C:V109Q,5
G3E:Q47V:R60N:I92C:V107M,G3E:Q47V:R60N:I92C:V107M,5
L4N:Q47V:R60N:R98D:V109Q,L4N:Q47V:R60N:R98D:V109Q,5
A29H:Q47V:R60N:D61Q:D96Q,A29H:Q47V:R60N:D61Q:D96Q,5
A29H:G34T:Q47V:R60N:D96Q,A29H:G34T:Q47V:R60N:D96Q,5
T7H:Q47R:R60N:D96Q:V109Q,T7H:Q47R:R60N:D96Q:V109Q,5
T7H:Q47C:R60N:I92C:V109Q,T7H:Q47C:R60N:I92C:V109Q,5
G3E:Q47I:R60N:R98D:V109Q,G3E:Q47I:R60N:R98D:V109Q,5
T7H:Q47V:R60N:I92C:V107M,T7H:Q47V:R60N:I92C:V107M,5
T7H:Q47C:R60N:I92C:V107M,T7H:Q47C:R60N:I92C:V107M,5
L4N:Q47C:R60N:D96Q:V109Q,L4N:Q47C:R60N:D96Q:V109Q,5
G34T:Q47V:R60N:I92C:D96Q,G34T:Q47V:R60N:I92C:D96Q,5
L4N:Q47I:R60N:R98D:V109Q,L4N:Q47I:R60N:R98D:V109Q,5
T7H:Q47I:R60N:R98D:V109Q,T7H:Q47I:R60N:R98D:V109Q,5
G3E:Q47I:R60N:D96Q:V109Q,G3E:Q47I:R60N:D96Q:V109Q,5
G3E:Q47V:R60N:D96Q:V109Q,G3E:Q47V:R60N:D96Q:V109Q,5
Q47I:R60N:D61Q:I92C:D96Q,Q47I:R60N:D61Q:I92C:D96Q,5
L4N:Q47I:R60N:D96Q:V109Q,L4N:Q47I:R60N:D96Q:V109Q,5
T7H:Q47C:R60N:D96Q:T113E,T7H:Q47C:R60N:D96Q:T113E,5
A29K:Q47V:R60N:I92C:D96Q,A29K:Q47V:R60N:I92C:D96Q,5
Q47V:R60N:D61Q:I92C:D96Q,Q47V:R60N:D61Q:I92C:D96Q,5
A29H:Q47C:R60N:I92C:D96Q,A29H:Q47C:R60N:I92C:D96Q,5
T7H:Q47C:R60N:D96Q:V109Q,T7H:Q47C:R60N:D96Q:V109Q,5
A29H:Q47V:R60N:I92C:D96Q,A29H:Q47V:R60N:I92C:D96Q,5
T7S:D61Q:R98D:V107M:T113E,T7S:D61Q:R98D:V107M:T113E,5
T7S:A29H:R98D:V107M:T113E,T7S:A29H:R98D:V107M:T113E,5
T7S:G34T:D61Q:V107M:V109Q,T7S:G34T:D61Q:V107M:V109Q,5
T7S:A29H:G34T:V107M:V109Q,T7S:A29H:G34T:V107M:V109Q,5
T7S:R60N:D61Q:V109Q:T113E,T7S:R60N:D61Q:V109Q:T113E,5
T7S:I92C:R98D:V107M:T113E,T7S:I92C:R98D:V107M:T113E,5
T7S:G34T:D61Q:V107M:T113E,T7S:G34T:D61Q:V107M:T113E,5
T7S:D61Q:D96Q:V107M:T113E,T7S:D61Q:D96Q:V107M:T113E,5
T7S:A29H:D61Q:V107M:V109Q,T7S:A29H:D61Q:V107M:V109Q,5
T7S:A29K:R98D:V107M:T113E,T7S:A29K:R98D:V107M:T113E,5
T7S:A29H:D61Q:V109Q:T113E,T7S:A29H:D61Q:V109Q:T113E,5
T7S:A29K:R60N:V107M:V109Q,T7S:A29K:R60N:V107M:V109Q,5
T7S:A29H:D61Q:V107M:T113E,T7S:A29H:D61Q:V107M:T113E,5
R5D:D61Q:R98D:V107M:V109Q,R5D:D61Q:R98D:V107M:V109Q,5
T7S:G34T:I92C:V107M:T113E,T7S:G34T:I92C:V107M:T113E,5
T7S:G34T:R98D:V107M:T113E,T7S:G34T:R98D:V107M:T113E,5
R5D:G34T:D61Q:V107M:V109Q,R5D:G34T:D61Q:V107M:V109Q,5
T7S:A29H:D96Q:V107M:T113E,T7S:A29H:D96Q:V107M:T113E,5
T7S:A29H:R60N:V107M:V109Q,T7S:A29H:R60N:V107M:V109Q,5
R5D:D61Q:I92C:V107M:T113E,R5D:D61Q:I92C:V107M:T113E,5
T7S:D61Q:I92C:V107M:V109Q,T7S:D61Q:I92C:V107M:V109Q,5
R5D:I92C:R98D:V107M:T113E,R5D:I92C:R98D:V107M:T113E,5
R5D:G34T:R98D:V107M:T113E,R5D:G34T:R98D:V107M:T113E,5
R5D:D61Q:R98D:V107M:T113E,R5D:D61Q:R98D:V107M:T113E,5
G34T:D61Q:I92C:R98D:V107M,G34T:D61Q:I92C:R98D:V107M,5
R5D:G34T:I92C:V107M:T113E,R5D:G34T:I92C:V107M:T113E,5
R5D:I92C:R98D:V107M:V109Q,R5D:I92C:R98D:V107M:V109Q,5
T7S:A29H:I92C:V107M:V109Q,T7S:A29H:I92C:V107M:V109Q,5
T7S:Q47R:D61Q:V107M:T113E,T7S:Q47R:D61Q:V107M:T113E,5
R5D:R60N:D61Q:V107M:T113E,R5D:R60N:D61Q:V107M:T113E,5
T7S:I92C:R98D:V107M:V109Q,T7S:I92C:R98D:V107M:V109Q,5
T7S:D61Q:R98D:V107M:V109Q,T7S:D61Q:R98D:V107M:V109Q,5
T7S:A29K:G34T:V107M:T113E,T7S:A29K:G34T:V107M:T113E,5
T7S:A29K:I92C:V107M:V109Q,T7S:A29K:I92C:V107M:V109Q,5
T7S:D61Q:D96Q:V109Q:T113E,T7S:D61Q:D96Q:V109Q:T113E,5
A29H:G34T:R60N:D61Q:V109Q,A29H:G34T:R60N:D61Q:V109Q,5
R5D:T7S:V107M:V109Q:T113E,R5D:T7S:V107M:V109Q:T113E,5
T7S:G34T:R98D:V109Q:T113E,T7S:G34T:R98D:V109Q:T113E,5
R5D:Q47R:R98D:V107M:T113E,R5D:Q47R:R98D:V107M:T113E,5
T7S:G34T:R98D:V107M:V109Q,T7S:G34T:R98D:V107M:V109Q,5
T7H:D61Q:R98D:V107M:T113E,T7H:D61Q:R98D:V107M:T113E,5
R5D:G34T:R98D:V109Q:T113E,R5D:G34T:R98D:V109Q:T113E,5
T7S:G34T:I92C:V107M:V109Q,T7S:G34T:I92C:V107M:V109Q,5
T7S:A29H:R98D:V107M:V109Q,T7S:A29H:R98D:V107M:V109Q,5
T7S:A29H:D96Q:V107M:V109Q,T7S:A29H:D96Q:V107M:V109Q,5
T7S:A29H:Q47R:V107M:V109Q,T7S:A29H:Q47R:V107M:V109Q,5
R5D:G34T:Q47R:V107M:V109Q,R5D:G34T:Q47R:V107M:V109Q,5
T7H:D61Q:D96Q:V107M:T113E,T7H:D61Q:D96Q:V107M:T113E,5
T7S:D96Q:R98D:V107M:T113E,T7S:D96Q:R98D:V107M:T113E,5
A29H:D61Q:D96Q:R98D:V109Q,A29H:D61Q:D96Q:R98D:V109Q,5
T7S:Q47R:R98D:V107M:T113E,T7S:Q47R:R98D:V107M:T113E,5
R5D:A29H:G34T:V107M:T113E,R5D:A29H:G34T:V107M:T113E,5
T7S:D61Q:I92C:V107M:T113E,T7S:D61Q:I92C:V107M:T113E,5
R5D:R60N:D61Q:V109Q:T113E,R5D:R60N:D61Q:V109Q:T113E,5
R5D:D61Q:I92C:V109Q:T113E,R5D:D61Q:I92C:V109Q:T113E,5
R5D:D61Q:D96Q:V107M:T113E,R5D:D61Q:D96Q:V107M:T113E,5
T7S:G34T:Q47R:V107M:T113E,T7S:G34T:Q47R:V107M:T113E,5
R5D:A29H:D96Q:V107M:T113E,R5D:A29H:D96Q:V107M:T113E,5
G34T:I92C:D96Q:R98D:V107M,G34T:I92C:D96Q:R98D:V107M,5
A29H:G34T:D61Q:I92C:V107M,A29H:G34T:D61Q:I92C:V107M,5
A29H:G34T:D61Q:R98D:V107M,A29H:G34T:D61Q:R98D:V107M,5
T7S:A29K:G34T:V107M:V109Q,T7S:A29K:G34T:V107M:V109Q,5
T7S:Q47R:D96Q:V107M:T113E,T7S:Q47R:D96Q:V107M:T113E,5
A29H:D61Q:I92C:R98D:V107M,A29H:D61Q:I92C:R98D:V107M,5
R5D:D61Q:R98D:V109Q:T113E,R5D:D61Q:R98D:V109Q:T113E,5
R5D:R60N:D61Q:V107M:V109Q,R5D:R60N:D61Q:V107M:V109Q,5
R5D:G34T:D61Q:V109Q:T113E,R5D:G34T:D61Q:V109Q:T113E,5
T7S:D61Q:D96Q:V107M:V109Q,T7S:D61Q:D96Q:V107M:V109Q,5
R5D:A29H:R98D:V107M:V109Q,R5D:A29H:R98D:V107M:V109Q,5
R5D:G34T:R98D:V107M:V109Q,R5D:G34T:R98D:V107M:V109Q,5
R5D:A29H:I92C:V107M:V109Q,R5D:A29H:I92C:V107M:V109Q,5
R5D:A29K:G34T:V107M:T113E,R5D:A29K:G34T:V107M:T113E,5
T7S:Q47R:D61Q:V107M:V109Q,T7S:Q47R:D61Q:V107M:V109Q,5
T7S:A29H:D96Q:V109Q:T113E,T7S:A29H:D96Q:V109Q:T113E,5
R5D:D96Q:R98D:V107M:V109Q,R5D:D96Q:R98D:V107M:V109Q,5
T7H:I92C:R98D:V107M:T113E,T7H:I92C:R98D:V107M:T113E,5
T7H:A29H:D61Q:V107M:T113E,T7H:A29H:D61Q:V107M:T113E,5
D61Q:I92C:D96Q:R98D:V107M,D61Q:I92C:D96Q:R98D:V107M,5
T7S:A29H:G34T:V109Q:T113E,T7S:A29H:G34T:V109Q:T113E,5
T7S:A29H:G34T:V107M:T113E,T7S:A29H:G34T:V107M:T113E,5
T7S:A29K:D61Q:V107M:T113E,T7S:A29K:D61Q:V107M:T113E,5
T7S:D61Q:R98D:V109Q:T113E,T7S:D61Q:R98D:V109Q:T113E,5
R5D:A29H:D61Q:V107M:T113E,R5D:A29H:D61Q:V107M:T113E,5
T7S:A29H:R60N:V109Q:T113E,T7S:A29H:R60N:V109Q:T113E,5
T7H:G34T:R98D:V107M:T113E,T7H:G34T:R98D:V107M:T113E,5
G34T:D61Q:D96Q:R98D:T113E,G34T:D61Q:D96Q:R98D:T113E,5
T7S:G34T:D61Q:V109Q:T113E,T7S:G34T:D61Q:V109Q:T113E,5
T7S:A29K:I92C:V107M:T113E,T7S:A29K:I92C:V107M:T113E,5
R5D:G34T:I92C:V107M:V109Q,R5D:G34T:I92C:V107M:V109Q,5
T7H:G34T:D61Q:V107M:V109Q,T7H:G34T:D61Q:V107M:V109Q,5
T7S:A29K:Q47R:V107M:V109Q,T7S:A29K:Q47R:V107M:V109Q,5
R5D:G34T:R60N:V107M:T113E,R5D:G34T:R60N:V107M:T113E,5
G3E:D61Q:R98D:V107M:T113E,G3E:D61Q:R98D:V107M:T113E,5
R5D:G34T:D96Q:V107M:T113E,R5D:G34T:D96Q:V107M:T113E,5
R5D:G34T:R60N:V107M:V109Q,R5D:G34T:R60N:V107M:V109Q,5
T7S:A29K:R60N:V107M:T113E,T7S:A29K:R60N:V107M:T113E,5
R5D:A29H:G34T:V107M:V109Q,R5D:A29H:G34T:V107M:V109Q,5
T7S:G34T:D96Q:V107M:T113E,T7S:G34T:D96Q:V107M:T113E,5
R5D:A29H:D61Q:V109Q:T113E,R5D:A29H:D61Q:V109Q:T113E,5
A29H:G34T:D61Q:R98D:T113E,A29H:G34T:D61Q:R98D:T113E,5
R5D:A29K:R60N:V107M:T113E,R5D:A29K:R60N:V107M:T113E,5
T7S:A29K:D61Q:V107M:V109Q,T7S:A29K:D61Q:V107M:V109Q,5
T7S:D61Q:I92C:V109Q:T113E,T7S:D61Q:I92C:V109Q:T113E,5
T7H:G34T:D61Q:V107M:T113E,T7H:G34T:D61Q:V107M:T113E,5
T7S:Q47R:D61Q:V109Q:T113E,T7S:Q47R:D61Q:V109Q:T113E,5
R5D:D96Q:R98D:V107M:T113E,R5D:D96Q:R98D:V107M:T113E,5
T7S:Q47R:I92C:V107M:T113E,T7S:Q47R:I92C:V107M:T113E,5
A29K:G34T:D61Q:R98D:T113E,A29K:G34T:D61Q:R98D:T113E,5
T7S:A29H:I92C:V107M:T113E,T7S:A29H:I92C:V107M:T113E,5
A29H:D61Q:D96Q:R98D:V107M,A29H:D61Q:D96Q:R98D:V107M,5
T7S:G34T:R60N:V109Q:T113E,T7S:G34T:R60N:V109Q:T113E,5
T7S:R60N:D96Q:V109Q:T113E,T7S:R60N:D96Q:V109Q:T113E,5
T7S:A29K:D61Q:V109Q:T113E,T7S:A29K:D61Q:V109Q:T113E,5
T7S:R60N:D61Q:V107M:T113E,T7S:R60N:D61Q:V107M:T113E,5
R5D:A29K:I92C:V107M:T113E,R5D:A29K:I92C:V107M:T113E,5
A29K:G34T:I92C:R98D:V107M,A29K:G34T:I92C:R98D:V107M,5
A29H:G34T:D61Q:I92C:T113E,A29H:G34T:D61Q:I92C:T113E,5
A29K:G34T:D61Q:R98D:V107M,A29K:G34T:D61Q:R98D:V107M,5
A29H:G34T:I92C:R98D:V107M,A29H:G34T:I92C:R98D:V107M,5
G3E:A29K:R98D:V107M:T113E,G3E:A29K:R98D:V107M:T113E,5
R5D:A29K:R98D:V107M:T113E,R5D:A29K:R98D:V107M:T113E,5
G34T:D61Q:D96Q:R98D:V107M,G34T:D61Q:D96Q:R98D:V107M,5
T7S:A29H:R60N:V107M:T113E,T7S:A29H:R60N:V107M:T113E,5
A29H:G34T:R60N:D61Q:T113E,A29H:G34T:R60N:D61Q:T113E,5
T7S:G34T:I92C:V109Q:T113E,T7S:G34T:I92C:V109Q:T113E,5
A29H:D61Q:I92C:R98D:T113E,A29H:D61Q:I92C:R98D:T113E,5
T7S:D96Q:R98D:V107M:V109Q,T7S:D96Q:R98D:V107M:V109Q,5
A29H:G34T:D96Q:R98D:V107M,A29H:G34T:D96Q:R98D:V107M,5
T7H:D61Q:R98D:V107M:V109Q,T7H:D61Q:R98D:V107M:V109Q,5
R5D:G34T:Q47R:V107M:T113E,R5D:G34T:Q47R:V107M:T113E,5
T7S:G34T:Q47I:V109Q:T113E,T7S:G34T:Q47I:V109Q:T113E,5
T7S:A29K:D96Q:V107M:T113E,T7S:A29K:D96Q:V107M:T113E,5
R5D:D61Q:I92C:V107M:V109Q,R5D:D61Q:I92C:V107M:V109Q,5
R5D:I92C:D96Q:V107M:T113E,R5D:I92C:D96Q:V107M:T113E,5
R5D:A29K:D61Q:V107M:V109Q,R5D:A29K:D61Q:V107M:V109Q,5
T7S:I92C:D96Q:V107M:T113E,T7S:I92C:D96Q:V107M:T113E,5
T7H:A29H:R98D:V107M:T113E,T7H:A29H:R98D:V107M:T113E,5
R5D:Q47R:D61Q:V109Q:T113E,R5D:Q47R:D61Q:V109Q:T113E,5
T7S:R60N:R98D:V107M:T113E,T7S:R60N:R98D:V107M:T113E,5
A29H:G34T:R60N:D61Q:V107M,A29H:G34T:R60N:D61Q:V107M,5
A29H:I92C:D96Q:R98D:V107M,A29H:I92C:D96Q:R98D:V107M,5
T7S:A29H:R98D:V109Q:T113E,T7S:A29H:R98D:V109Q:T113E,5
R5D:A29H:I92C:V107M:T113E,R5D:A29H:I92C:V107M:T113E,5
T7S:A29H:I92C:V109Q:T113E,T7S:A29H:I92C:V109Q:T113E,5
R5D:A29H:D61Q:V107M:V109Q,R5D:A29H:D61Q:V107M:V109Q,5
A29K:G34T:R60N:D61Q:T113E,A29K:G34T:R60N:D61Q:T113E,5
G34T:D61Q:I92C:D96Q:V107M,G34T:D61Q:I92C:D96Q:V107M,5
R5D:R60N:R98D:V107M:V109Q,R5D:R60N:R98D:V107M:V109Q,5
T7S:I92C:R98D:V109Q:T113E,T7S:I92C:R98D:V109Q:T113E,5
G3E:G34T:D61Q:V107M:V109Q,G3E:G34T:D61Q:V107M:V109Q,5
R5D:T7H:V107M:V109Q:T113E,R5D:T7H:V107M:V109Q:T113E,5
R5D:G34T:D96Q:V107M:V109Q,R5D:G34T:D96Q:V107M:V109Q,5
G3E:A29K:D61Q:V107M:T113E,G3E:A29K:D61Q:V107M:T113E,5
R5D:A29H:R60N:V107M:T113E,R5D:A29H:R60N:V107M:T113E,5
T7S:A29H:Q47R:V107M:T113E,T7S:A29H:Q47R:V107M:T113E,5
T7S:R60N:D61Q:V107M:V109Q,T7S:R60N:D61Q:V107M:V109Q,5
T7S:R60N:I92C:V107M:T113E,T7S:R60N:I92C:V107M:T113E,5
A29K:G34T:D96Q:R98D:V107M,A29K:G34T:D96Q:R98D:V107M,5
T7S:A29K:R60N:V109Q:T113E,T7S:A29K:R60N:V109Q:T113E,5
A29K:G34T:I92C:R98D:V109Q,A29K:G34T:I92C:R98D:V109Q,5
T7S:R60N:I92C:V107M:V109Q,T7S:R60N:I92C:V107M:V109Q,5
A29H:G34T:I92C:D96Q:V107M,A29H:G34T:I92C:D96Q:V107M,5
R5D:G34T:Q47I:V109Q:T113E,R5D:G34T:Q47I:V109Q:T113E,5
G3E:T7S:V107M:V109Q:T113E,G3E:T7S:V107M:V109Q:T113E,5
R5D:A29K:I92C:V107M:V109Q,R5D:A29K:I92C:V107M:V109Q,5
A29H:G34T:D61Q:D96Q:T113E,A29H:G34T:D61Q:D96Q:T113E,5
A29K:G34T:R60N:I92C:V107M,A29K:G34T:R60N:I92C:V107M,5
A29K:I92C:D96Q:R98D:V107M,A29K:I92C:D96Q:R98D:V107M,5
G34T:D61Q:I92C:R98D:T113E,G34T:D61Q:I92C:R98D:T113E,5
T7S:R60N:I92C:V109Q:T113E,T7S:R60N:I92C:V109Q:T113E,5
R5D:I92C:R98D:V109Q:T113E,R5D:I92C:R98D:V109Q:T113E,5
T7S:Q47V:D96Q:V107M:T113E,T7S:Q47V:D96Q:V107M:T113E,5
G34T:R60N:D61Q:R98D:V107M,G34T:R60N:D61Q:R98D:V107M,5
R5D:A29K:R60N:V109Q:T113E,R5D:A29K:R60N:V109Q:T113E,5
G34T:Q47R:D61Q:D96Q:V107M,G34T:Q47R:D61Q:D96Q:V107M,5
T7S:A29K:R98D:V107M:V109Q,T7S:A29K:R98D:V107M:V109Q,5
A29H:G34T:I92C:D96Q:T113E,A29H:G34T:I92C:D96Q:T113E,5
T7S:G34T:R60N:V107M:T113E,T7S:G34T:R60N:V107M:T113E,5
A29H:D61Q:I92C:D96Q:V107M,A29H:D61Q:I92C:D96Q:V107M,5
A29H:G34T:R60N:R98D:V107M,A29H:G34T:R60N:R98D:V107M,5
T7S:D96Q:R98D:V109Q:T113E,T7S:D96Q:R98D:V109Q:T113E,5
T7H:G34T:D61Q:V109Q:T113E,T7H:G34T:D61Q:V109Q:T113E,5
G3E:A29H:R98D:V107M:T113E,G3E:A29H:R98D:V107M:T113E,5
R5D:A29K:D61Q:V107M:T113E,R5D:A29K:D61Q:V107M:T113E,5
A29K:G34T:D96Q:R98D:T113E,A29K:G34T:D96Q:R98D:T113E,5
G3E:R60N:D61Q:V107M:V109Q,G3E:R60N:D61Q:V107M:V109Q,5
T7S:Q47R:I92C:V107M:V109Q,T7S:Q47R:I92C:V107M:V109Q,5
T7S:G34T:Q47R:V109Q:T113E,T7S:G34T:Q47R:V109Q:T113E,5
A29H:G34T:D61Q:D96Q:V107M,A29H:G34T:D61Q:D96Q:V107M,5
T7S:Q47R:R98D:V107M:V109Q,T7S:Q47R:R98D:V107M:V109Q,5
T7S:G34T:D96Q:V107M:V109Q,T7S:G34T:D96Q:V107M:V109Q,5
R5D:A29H:R98D:V107M:T113E,R5D:A29H:R98D:V107M:T113E,5
T7S:Q47R:R98D:V109Q:T113E,T7S:Q47R:R98D:V109Q:T113E,5
T7H:G34T:D96Q:V107M:T113E,T7H:G34T:D96Q:V107M:T113E,5
T7H:D96Q:R98D:V107M:T113E,T7H:D96Q:R98D:V107M:T113E,5
A29H:I92C:D96Q:R98D:T113E,A29H:I92C:D96Q:R98D:T113E,5
R5D:A29K:D96Q:V107M:V109Q,R5D:A29K:D96Q:V107M:V109Q,5
T7S:G34T:Q47V:V107M:T113E,T7S:G34T:Q47V:V107M:T113E,5
A29K:D61Q:D96Q:R98D:V107M,A29K:D61Q:D96Q:R98D:V107M,5
A29K:G34T:R60N:D61Q:V109Q,A29K:G34T:R60N:D61Q:V109Q,5
R5D:A29H:I92C:V109Q:T113E,R5D:A29H:I92C:V109Q:T113E,5
G34T:Q47R:D61Q:R98D:V107M,G34T:Q47R:D61Q:R98D:V107M,5
R5D:R60N:D96Q:V109Q:T113E,R5D:R60N:D96Q:V109Q:T113E,5
T7H:D61Q:I92C:V107M:T113E,T7H:D61Q:I92C:V107M:T113E,5
R60N:D61Q:I92C:R98D:V107M,R60N:D61Q:I92C:R98D:V107M,5
T7S:R60N:D96Q:V107M:T113E,T7S:R60N:D96Q:V107M:T113E,5
G34T:Q47R:D61Q:I92C:V107M,G34T:Q47R:D61Q:I92C:V107M,5
T7S:G34T:Q47V:V107M:V109Q,T7S:G34T:Q47V:V107M:V109Q,5
R5D:Q47R:I92C:V107M:T113E,R5D:Q47R:I92C:V107M:T113E,5
T7S:R60N:R98D:V107M:V109Q,T7S:R60N:R98D:V107M:V109Q,5
T7S:A29H:Q47V:V107M:T113E,T7S:A29H:Q47V:V107M:T113E,5
A29H:D61Q:D96Q:R98D:T113E,A29H:D61Q:D96Q:R98D:T113E,5
A29K:G34T:D61Q:I92C:V107M,A29K:G34T:D61Q:I92C:V107M,5
T7H:A29H:D96Q:V107M:T113E,T7H:A29H:D96Q:V107M:T113E,5
A29H:R60N:D61Q:R98D:T113E,A29H:R60N:D61Q:R98D:T113E,5
R5D:D96Q:R98D:V109Q:T113E,R5D:D96Q:R98D:V109Q:T113E,5
R5D:G34T:I92C:V109Q:T113E,R5D:G34T:I92C:V109Q:T113E,5
T7S:Q47R:I92C:V109Q:T113E,T7S:Q47R:I92C:V109Q:T113E,5
R5D:Q47R:D96Q:V107M:T113E,R5D:Q47R:D96Q:V107M:T113E,5
T7H:A29H:G34T:V107M:V109Q,T7H:A29H:G34T:V107M:V109Q,5
R5D:G34T:D61Q:V107M:T113E,R5D:G34T:D61Q:V107M:T113E,5
T7S:A29H:Q47R:V109Q:T113E,T7S:A29H:Q47R:V109Q:T113E,5
A29H:G34T:I92C:R98D:T113E,A29H:G34T:I92C:R98D:T113E,5
G3E:D96Q:R98D:V107M:T113E,G3E:D96Q:R98D:V107M:T113E,5
R5D:G34T:R60N:V109Q:T113E,R5D:G34T:R60N:V109Q:T113E,5
R5D:R60N:I92C:V107M:T113E,R5D:R60N:I92C:V107M:T113E,5
R5D:R60N:R98D:V107M:T113E,R5D:R60N:R98D:V107M:T113E,5
R5D:A29K:D61Q:V109Q:T113E,R5D:A29K:D61Q:V109Q:T113E,5
T7H:A29H:R98D:V107M:V109Q,T7H:A29H:R98D:V107M:V109Q,5
G34T:R60N:D61Q:R98D:V109Q,G34T:R60N:D61Q:R98D:V109Q,5
A29H:G34T:R60N:I92C:T113E,A29H:G34T:R60N:I92C:T113E,5
R5D:D61Q:D96Q:V107M:V109Q,R5D:D61Q:D96Q:V107M:V109Q,5
R5D:D61Q:D96Q:V109Q:T113E,R5D:D61Q:D96Q:V109Q:T113E,5
A29H:G34T:D96Q:R98D:T113E,A29H:G34T:D96Q:R98D:T113E,5
G3E:A29H:D61Q:V107M:T113E,G3E:A29H:D61Q:V107M:T113E,5
A29K:D61Q:I92C:R98D:V107M,A29K:D61Q:I92C:R98D:V107M,5
A29K:D61Q:I92C:D96Q:V107M,A29K:D61Q:I92C:D96Q:V107M,5
D61Q:I92C:D96Q:R98D:T113E,D61Q:I92C:D96Q:R98D:T113E,5
R5D:A29H:R60N:V107M:V109Q,R5D:A29H:R60N:V107M:V109Q,5
R5D:G34T:Q47R:V109Q:T113E,R5D:G34T:Q47R:V109Q:T113E,5
R5D:Q47R:I92C:V107M:V109Q,R5D:Q47R:I92C:V107M:V109Q,5
A29H:D61Q:I92C:R98D:V109Q,A29H:D61Q:I92C:R98D:V109Q,5
R5D:A29H:Q47R:V109Q:T113E,R5D:A29H:Q47R:V109Q:T113E,5
G3E:A29H:G34T:V107M:V109Q,G3E:A29H:G34T:V107M:V109Q,5
T7H:A29K:G34T:V107M:V109Q,T7H:A29K:G34T:V107M:V109Q,5
R5D:A29K:R98D:V109Q:T113E,R5D:A29K:R98D:V109Q:T113E,5
A29H:D61Q:I92C:D96Q:T113E,A29H:D61Q:I92C:D96Q:T113E,5
R5D:A29H:R98D:V109Q:T113E,R5D:A29H:R98D:V109Q:T113E,5
G3E:D61Q:I92C:V107M:T113E,G3E:D61Q:I92C:V107M:T113E,5
G34T:R60N:D61Q:R98D:T113E,G34T:R60N:D61Q:R98D:T113E,5
L4N:T7S:V107M:V109Q:T113E,L4N:T7S:V107M:V109Q:T113E,5
R5D:A29H:Q47I:V107M:T113E,R5D:A29H:Q47I:V107M:T113E,5
G3E:A29H:D61Q:V107M:V109Q,G3E:A29H:D61Q:V107M:V109Q,5
R5D:A29H:Q47R:V107M:T113E,R5D:A29H:Q47R:V107M:T113E,5
R5D:R60N:D96Q:V107M:T113E,R5D:R60N:D96Q:V107M:T113E,5
T7H:R60N:D61Q:V109Q:T113E,T7H:R60N:D61Q:V109Q:T113E,5
A29H:G34T:Q47R:D61Q:T113E,A29H:G34T:Q47R:D61Q:T113E,5
T7S:Q47V:D61Q:V107M:T113E,T7S:Q47V:D61Q:V107M:T113E,5
A29K:G34T:I92C:D96Q:V107M,A29K:G34T:I92C:D96Q:V107M,5
A29H:R60N:D61Q:D96Q:V107M,A29H:R60N:D61Q:D96Q:V107M,5
T7S:R60N:R98D:V109Q:T113E,T7S:R60N:R98D:V109Q:T113E,5
T7S:G34T:R60N:V107M:V109Q,T7S:G34T:R60N:V107M:V109Q,5
G34T:R60N:D61Q:I92C:V107M,G34T:R60N:D61Q:I92C:V107M,5
T7S:A29K:Q47R:V107M:T113E,T7S:A29K:Q47R:V107M:T113E,5
R60N:D61Q:D96Q:R98D:V107M,R60N:D61Q:D96Q:R98D:V107M,5
G3E:A29H:D61Q:V109Q:T113E,G3E:A29H:D61Q:V109Q:T113E,5
T7H:G34T:I92C:V107M:V109Q,T7H:G34T:I92C:V107M:V109Q,5
R5D:A29K:D96Q:V107M:T113E,R5D:A29K:D96Q:V107M:T113E,5
T7H:A29K:G34T:V107M:T113E,T7H:A29K:G34T:V107M:T113E,5
G3E:G34T:R98D:V107M:T113E,G3E:G34T:R98D:V107M:T113E,5
G3E:A29K:D61Q:V109Q:T113E,G3E:A29K:D61Q:V109Q:T113E,5
G34T:R60N:I92C:R98D:V107M,G34T:R60N:I92C:R98D:V107M,5
A29K:G34T:I92C:R98D:T113E,A29K:G34T:I92C:R98D:T113E,5
L4N:A29H:D61Q:V107M:T113E,L4N:A29H:D61Q:V107M:T113E,5
A29K:G34T:D61Q:R98D:V109Q,A29K:G34T:D61Q:R98D:V109Q,5
T7H:G34T:D96Q:V107M:V109Q,T7H:G34T:D96Q:V107M:V109Q,5
R5D:Q47R:D61Q:V107M:T113E,R5D:Q47R:D61Q:V107M:T113E,5
A29K:G34T:D61Q:D96Q:V107M,A29K:G34T:D61Q:D96Q:V107M,5
G34T:R60N:D96Q:R98D:T113E,G34T:R60N:D96Q:R98D:T113E,5
G34T:I92C:D96Q:R98D:V109Q,G34T:I92C:D96Q:R98D:V109Q,5
A29H:G34T:Q47R:R98D:V107M,A29H:G34T:Q47R:R98D:V107M,5
T7H:A29H:I92C:V107M:T113E,T7H:A29H:I92C:V107M:T113E,5
T7S:G34T:Q47V:V109Q:T113E,T7S:G34T:Q47V:V109Q:T113E,5
T7S:Q47I:D61Q:V109Q:T113E,T7S:Q47I:D61Q:V109Q:T113E,5
R5D:A29H:Q47R:V107M:V109Q,R5D:A29H:Q47R:V107M:V109Q,5
A29K:G34T:D61Q:I92C:T113E,A29K:G34T:D61Q:I92C:T113E,5
A29H:G34T:Q47R:D61Q:V107M,A29H:G34T:Q47R:D61Q:V107M,5
L4N:A29H:R98D:V107M:V109Q,L4N:A29H:R98D:V107M:V109Q,5
G34T:Q47R:I92C:R98D:V107M,G34T:Q47R:I92C:R98D:V107M,5
A29H:R60N:D61Q:I92C:V107M,A29H:R60N:D61Q:I92C:V107M,5
T7H:G34T:I92C:V107M:T113E,T7H:G34T:I92C:V107M:T113E,5
A29H:R60N:D61Q:R98D:V107M,A29H:R60N:D61Q:R98D:V107M,5
R5D:Q47R:D61Q:V107M:V109Q,R5D:Q47R:D61Q:V107M:V109Q,5
L4N:D61Q:I92C:V107M:V109Q,L4N:D61Q:I92C:V107M:V109Q,5
A29K:G34T:D61Q:D96Q:T113E,A29K:G34T:D61Q:D96Q:T113E,5
A29H:G34T:I92C:R98D:V109Q,A29H:G34T:I92C:R98D:V109Q,5
A29K:G34T:Q47R:R98D:T113E,A29K:G34T:Q47R:R98D:T113E,5
T7S:G34T:Q47I:V107M:V109Q,T7S:G34T:Q47I:V107M:V109Q,5
R5D:Q47I:R98D:V107M:T113E,R5D:Q47I:R98D:V107M:T113E,5
T7H:G34T:R60N:V107M:V109Q,T7H:G34T:R60N:V107M:V109Q,5
T7S:G34T:Q47R:V107M:V109Q,T7S:G34T:Q47R:V107M:V109Q,5
A29H:G34T:D61Q:R98D:V109Q,A29H:G34T:D61Q:R98D:V109Q,5
R5D:Q47I:D61Q:V107M:T113E,R5D:Q47I:D61Q:V107M:T113E,5
G34T:I92C:D96Q:R98D:T113E,G34T:I92C:D96Q:R98D:T113E,5
T7S:I92C:D96Q:V107M:V109Q,T7S:I92C:D96Q:V107M:V109Q,5
G34T:Q47R:D96Q:R98D:V107M,G34T:Q47R:D96Q:R98D:V107M,5
G3E:I92C:R98D:V107M:T113E,G3E:I92C:R98D:V107M:T113E,5
G3E:A29H:G34T:V107M:T113E,G3E:A29H:G34T:V107M:T113E,5
A29H:G34T:D61Q:I92C:V109Q,A29H:G34T:D61Q:I92C:V109Q,5
T7H:D61Q:R98D:V109Q:T113E,T7H:D61Q:R98D:V109Q:T113E,5
T7H:A29H:D61Q:V107M:V109Q,T7H:A29H:D61Q:V107M:V109Q,5
G3E:T7H:V107M:V109Q:T113E,G3E:T7H:V107M:V109Q:T113E,5
G3E:A29H:R98D:V107M:V109Q,G3E:A29H:R98D:V107M:V109Q,5
R5D:A29H:R60N:V109Q:T113E,R5D:A29H:R60N:V109Q:T113E,5
R5D:I92C:D96Q:V107M:V109Q,R5D:I92C:D96Q:V107M:V109Q,5
L4N:A29H:R98D:V107M:T113E,L4N:A29H:R98D:V107M:T113E,5
A29K:G34T:R60N:D61Q:V107M,A29K:G34T:R60N:D61Q:V107M,5
T7H:D61Q:I92C:V109Q:T113E,T7H:D61Q:I92C:V109Q:T113E,5
T7S:Q47C:D61Q:V107M:V109Q,T7S:Q47C:D61Q:V107M:V109Q,5
G34T:R60N:D61Q:I92C:T113E,G34T:R60N:D61Q:I92C:T113E,5
T7H:R60N:D61Q:V107M:T113E,T7H:R60N:D61Q:V107M:T113E,5
R60N:D61Q:D96Q:R98D:T113E,R60N:D61Q:D96Q:R98D:T113E,5
R5D:A29K:Q47V:V107M:V109Q,R5D:A29K:Q47V:V107M:V109Q,5
A29K:G34T:D61Q:I92C:V109Q,A29K:G34T:D61Q:I92C:V109Q,5
T7H:D61Q:I92C:V107M:V109Q,T7H:D61Q:I92C:V107M:V109Q,5
R5D:A29K:Q47I:V109Q:T113E,R5D:A29K:Q47I:V109Q:T113E,5
A29K:G34T:R60N:I92C:T113E,A29K:G34T:R60N:I92C:T113E,5
T7S:I92C:D96Q:V109Q:T113E,T7S:I92C:D96Q:V109Q:T113E,5
G3E:A29K:Q47R:V107M:V109Q,G3E:A29K:Q47R:V107M:V109Q,5
A29K:D61Q:I92C:R98D:T113E,A29K:D61Q:I92C:R98D:T113E,5
T7H:A29H:G34T:V107M:T113E,T7H:A29H:G34T:V107M:T113E,5
T7S:Q47C:D61Q:V109Q:T113E,T7S:Q47C:D61Q:V109Q:T113E,5
G34T:D61Q:I92C:R98D:V109Q,G34T:D61Q:I92C:R98D:V109Q,5
A29K:G34T:R60N:R98D:T113E,A29K:G34T:R60N:R98D:T113E,5
A29H:Q47R:I92C:R98D:V107M,A29H:Q47R:I92C:R98D:V107M,5
T7S:A29K:I92C:V109Q:T113E,T7S:A29K:I92C:V109Q:T113E,5
A29K:Q47R:I92C:R98D:V107M,A29K:Q47R:I92C:R98D:V107M,5
A29K:G34T:R60N:R98D:V107M,A29K:G34T:R60N:R98D:V107M,5
G34T:R60N:D61Q:D96Q:T113E,G34T:R60N:D61Q:D96Q:T113E,5
T7H:G34T:R98D:V109Q:T113E,T7H:G34T:R98D:V109Q:T113E,5
T7S:Q47I:D61Q:V107M:T113E,T7S:Q47I:D61Q:V107M:T113E,5
T7H:A29K:D61Q:V107M:T113E,T7H:A29K:D61Q:V107M:T113E,5
G3E:A29H:R60N:V109Q:T113E,G3E:A29H:R60N:V109Q:T113E,5
L4N:D61Q:R98D:V107M:T113E,L4N:D61Q:R98D:V107M:T113E,5
R5D:A29H:D96Q:V109Q:T113E,R5D:A29H:D96Q:V109Q:T113E,5
R5D:A29K:Q47R:V107M:V109Q,R5D:A29K:Q47R:V107M:V109Q,5
G3E:R5D:V107M:V109Q:T113E,G3E:R5D:V107M:V109Q:T113E,5
G34T:R60N:D61Q:D96Q:V107M,G34T:R60N:D61Q:D96Q:V107M,5
T7S:A29H:Q47V:V107M:V109Q,T7S:A29H:Q47V:V107M:V109Q,5
A29K:D61Q:D96Q:R98D:T113E,A29K:D61Q:D96Q:R98D:T113E,5
R60N:I92C:D96Q:R98D:V107M,R60N:I92C:D96Q:R98D:V107M,5
R5D:G34T:D96Q:V109Q:T113E,R5D:G34T:D96Q:V109Q:T113E,5
R5D:R60N:D96Q:V107M:V109Q,R5D:R60N:D96Q:V107M:V109Q,5
T7S:Q47C:D61Q:V107M:T113E,T7S:Q47C:D61Q:V107M:T113E,5
G34T:D61Q:D96Q:R98D:V109Q,G34T:D61Q:D96Q:R98D:V109Q,5
A29H:I92C:D96Q:R98D:V109Q,A29H:I92C:D96Q:R98D:V109Q,5
T7S:Q47R:D96Q:V109Q:T113E,T7S:Q47R:D96Q:V109Q:T113E,5
G34T:Q47R:D61Q:I92C:T113E,G34T:Q47R:D61Q:I92C:T113E,5
G3E:A29K:I92C:V109Q:T113E,G3E:A29K:I92C:V109Q:T113E,5
R5D:A29K:D96Q:V109Q:T113E,R5D:A29K:D96Q:V109Q:T113E,5
A29K:G34T:Q47R:D61Q:T113E,A29K:G34T:Q47R:D61Q:T113E,5
R5D:I92C:D96Q:V109Q:T113E,R5D:I92C:D96Q:V109Q:T113E,5
T7H:R60N:R98D:V107M:T113E,T7H:R60N:R98D:V107M:T113E,5
G3E:A29K:R98D:V109Q:T113E,G3E:A29K:R98D:V109Q:T113E,5
R5D:Q47V:R98D:V107M:T113E,R5D:Q47V:R98D:V107M:T113E,5
T7S:Q47C:R98D:V107M:T113E,T7S:Q47C:R98D:V107M:T113E,5
R5D:R60N:I92C:V107M:V109Q,R5D:R60N:I92C:V107M:V109Q,5
T7S:A29K:D96Q:V107M:V109Q,T7S:A29K:D96Q:V107M:V109Q,5
G3E:A29H:I92C:V107M:T113E,G3E:A29H:I92C:V107M:T113E,5
A29K:G34T:Q47R:R98D:V107M,A29K:G34T:Q47R:R98D:V107M,5
A29K:Q47R:D61Q:R98D:V107M,A29K:Q47R:D61Q:R98D:V107M,5
R5D:A29H:Q47V:V107M:T113E,R5D:A29H:Q47V:V107M:T113E,5
Q47R:D61Q:D96Q:R98D:V107M,Q47R:D61Q:D96Q:R98D:V107M,5
T7H:Q47R:R98D:V107M:T113E,T7H:Q47R:R98D:V107M:T113E,5
T7S:Q47V:R98D:V107M:T113E,T7S:Q47V:R98D:V107M:T113E,5
G3E:G34T:I92C:V107M:T113E,G3E:G34T:I92C:V107M:T113E,5
T7S:Q47I:I92C:V107M:T113E,T7S:Q47I:I92C:V107M:T113E,5
T7H:A29H:I92C:V107M:V109Q,T7H:A29H:I92C:V107M:V109Q,5
R5D:Q47C:R98D:V107M:T113E,R5D:Q47C:R98D:V107M:T113E,5
D61Q:I92C:D96Q:R98D:V109Q,D61Q:I92C:D96Q:R98D:V109Q,5
R5D:R60N:R98D:V109Q:T113E,R5D:R60N:R98D:V109Q:T113E,5
G34T:R60N:D96Q:R98D:V107M,G34T:R60N:D96Q:R98D:V107M,5
A29H:G34T:R60N:R98D:V109Q,A29H:G34T:R60N:R98D:V109Q,5
T7H:I92C:R98D:V109Q:T113E,T7H:I92C:R98D:V109Q:T113E,5
L4N:G34T:R98D:V107M:T113E,L4N:G34T:R98D:V107M:T113E,5
A29H:Q47R:D61Q:R98D:V107M,A29H:Q47R:D61Q:R98D:V107M,5
T7H:G34T:I92C:V109Q:T113E,T7H:G34T:I92C:V109Q:T113E,5
T7H:A29H:G34T:V109Q:T113E,T7H:A29H:G34T:V109Q:T113E,5
L4N:A29H:I92C:V107M:T113E,L4N:A29H:I92C:V107M:T113E,5
T7S:Q47V:R98D:V109Q:T113E,T7S:Q47V:R98D:V109Q:T113E,5
R5D:A29K:G34T:V107M:V109Q,R5D:A29K:G34T:V107M:V109Q,5
G3E:A29K:D61Q:V107M:V109Q,G3E:A29K:D61Q:V107M:V109Q,5
R5D:A29K:I92C:V109Q:T113E,R5D:A29K:I92C:V109Q:T113E,5
G3E:A29K:G34T:V107M:T113E,G3E:A29K:G34T:V107M:T113E,5
G34T:Q47R:D61Q:R98D:T113E,G34T:Q47R:D61Q:R98D:T113E,5
T7S:A29H:Q47I:V109Q:T113E,T7S:A29H:Q47I:V109Q:T113E,5
L4N:A29H:D61Q:V109Q:T113E,L4N:A29H:D61Q:V109Q:T113E,5
A29K:G34T:Q47I:R98D:V107M,A29K:G34T:Q47I:R98D:V107M,5
R5D:R60N:I92C:V109Q:T113E,R5D:R60N:I92C:V109Q:T113E,5
G34T:D61Q:I92C:D96Q:T113E,G34T:D61Q:I92C:D96Q:T113E,5
L4N:R5D:V107M:V109Q:T113E,L4N:R5D:V107M:V109Q:T113E,5
A29K:G34T:Q47R:D61Q:V107M,A29K:G34T:Q47R:D61Q:V107M,5
T7H:I92C:R98D:V107M:V109Q,T7H:I92C:R98D:V107M:V109Q,5
T7S:Q47I:R98D:V107M:T113E,T7S:Q47I:R98D:V107M:T113E,5
A29H:G34T:Q47R:I92C:V107M,A29H:G34T:Q47R:I92C:V107M,5
R5D:Q47V:D61Q:V109Q:T113E,R5D:Q47V:D61Q:V109Q:T113E,5
T7S:Q47V:D61Q:V107M:V109Q,T7S:Q47V:D61Q:V107M:V109Q,5
T7H:D96Q:R98D:V107M:V109Q,T7H:D96Q:R98D:V107M:V109Q,5
G3E:A29K:R60N:V107M:V109Q,G3E:A29K:R60N:V107M:V109Q,5
G3E:A29K:D96Q:V107M:T113E,G3E:A29K:D96Q:V107M:T113E,5
A29H:R60N:D96Q:R98D:V107M,A29H:R60N:D96Q:R98D:V107M,5
A29H:G34T:D61Q:D96Q:V109Q,A29H:G34T:D61Q:D96Q:V109Q,5
A29K:G34T:I92C:D96Q:T113E,A29K:G34T:I92C:D96Q:T113E,5
T7H:R60N:D61Q:V107M:V109Q,T7H:R60N:D61Q:V107M:V109Q,5
A29K:D61Q:I92C:D96Q:T113E,A29K:D61Q:I92C:D96Q:T113E,5
R5D:Q47I:D96Q:V107M:T113E,R5D:Q47I:D96Q:V107M:T113E,5
T7H:A29K:R98D:V107M:V109Q,T7H:A29K:R98D:V107M:V109Q,5
T7H:A29H:D61Q:V109Q:T113E,T7H:A29H:D61Q:V109Q:T113E,5
T7H:G34T:Q47R:V107M:T113E,T7H:G34T:Q47R:V107M:T113E,5
T7S:Q47I:D61Q:V107M:V109Q,T7S:Q47I:D61Q:V107M:V109Q,5
G3E:D61Q:R98D:V107M:V109Q,G3E:D61Q:R98D:V107M:V109Q,5
G3E:D96Q:R98D:V107M:V109Q,G3E:D96Q:R98D:V107M:V109Q,5
R5D:A29H:Q47I:V107M:V109Q,R5D:A29H:Q47I:V107M:V109Q,5
G3E:G34T:Q47R:V107M:T113E,G3E:G34T:Q47R:V107M:T113E,5
A29K:R60N:D61Q:R98D:T113E,A29K:R60N:D61Q:R98D:T113E,5
G3E:D61Q:I92C:V109Q:T113E,G3E:D61Q:I92C:V109Q:T113E,5
R5D:A29K:R98D:V107M:V109Q,R5D:A29K:R98D:V107M:V109Q,5
L4N:D61Q:D96Q:V107M:T113E,L4N:D61Q:D96Q:V107M:T113E,5
L4N:G34T:D61Q:V107M:V109Q,L4N:G34T:D61Q:V107M:V109Q,5
G34T:R60N:D61Q:I92C:V109Q,G34T:R60N:D61Q:I92C:V109Q,5
T7H:D61Q:D96Q:V109Q:T113E,T7H:D61Q:D96Q:V109Q:T113E,5
L4N:A29K:D61Q:V107M:T113E,L4N:A29K:D61Q:V107M:T113E,5
R5D:Q47V:I92C:V107M:T113E,R5D:Q47V:I92C:V107M:T113E,5
L4N:A29K:G34T:V107M:V109Q,L4N:A29K:G34T:V107M:V109Q,5
L4N:G34T:Q47R:V107M:T113E,L4N:G34T:Q47R:V107M:T113E,5
G3E:A29K:I92C:V107M:T113E,G3E:A29K:I92C:V107M:T113E,5
R5D:A29K:Q47R:V109Q:T113E,R5D:A29K:Q47R:V109Q:T113E,5
L4N:G34T:D61Q:V107M:T113E,L4N:G34T:D61Q:V107M:T113E,5
R5D:A29H:Q47V:V109Q:T113E,R5D:A29H:Q47V:V109Q:T113E,5
R5D:Q47I:D61Q:V109Q:T113E,R5D:Q47I:D61Q:V109Q:T113E,5
Q47R:D61Q:D96Q:R98D:T113E,Q47R:D61Q:D96Q:R98D:T113E,5
A29H:G34T:Q47R:R98D:T113E,A29H:G34T:Q47R:R98D:T113E,5
L4N:A29H:G34T:V107M:V109Q,L4N:A29H:G34T:V107M:V109Q,5
T7H:G34T:R60N:V107M:T113E,T7H:G34T:R60N:V107M:T113E,5
A29H:Q47R:D96Q:R98D:V107M,A29H:Q47R:D96Q:R98D:V107M,5
G34T:Q47V:I92C:R98D:V107M,G34T:Q47V:I92C:R98D:V107M,5
T7S:Q47I:D96Q:V107M:T113E,T7S:Q47I:D96Q:V107M:T113E,5
R5D:G34T:Q47I:V107M:V109Q,R5D:G34T:Q47I:V107M:V109Q,5
T7S:Q47V:D61Q:V109Q:T113E,T7S:Q47V:D61Q:V109Q:T113E,5
T7S:G34T:Q47I:V107M:T113E,T7S:G34T:Q47I:V107M:T113E,5
T7H:A29H:I92C:V109Q:T113E,T7H:A29H:I92C:V109Q:T113E,5
T7S:A29H:Q47C:V107M:T113E,T7S:A29H:Q47C:V107M:T113E,5
G3E:A29K:R60N:V107M:T113E,G3E:A29K:R60N:V107M:T113E,5
L4N:D61Q:D96Q:V107M:V109Q,L4N:D61Q:D96Q:V107M:V109Q,5
G3E:G34T:D61Q:V109Q:T113E,G3E:G34T:D61Q:V109Q:T113E,5
G3E:A29H:I92C:V109Q:T113E,G3E:A29H:I92C:V109Q:T113E,5
T7S:G34T:Q47C:V109Q:T113E,T7S:G34T:Q47C:V109Q:T113E,5
T7S:A29H:Q47I:V107M:T113E,T7S:A29H:Q47I:V107M:T113E,5
L4N:A29H:G34T:V107M:T113E,L4N:A29H:G34T:V107M:T113E,5
A29H:R60N:D61Q:I92C:V109Q,A29H:R60N:D61Q:I92C:V109Q,5
A29K:I92C:D96Q:R98D:T113E,A29K:I92C:D96Q:R98D:T113E,5
G34T:R60N:I92C:R98D:T113E,G34T:R60N:I92C:R98D:T113E,5
A29H:R60N:D61Q:D96Q:T113E,A29H:R60N:D61Q:D96Q:T113E,5
T7S:G34T:Q47C:V107M:T113E,T7S:G34T:Q47C:V107M:T113E,5
G3E:R60N:R98D:V107M:T113E,G3E:R60N:R98D:V107M:T113E,5
G3E:A29K:D96Q:V109Q:T113E,G3E:A29K:D96Q:V109Q:T113E,5
A29H:G34T:I92C:D96Q:V109Q,A29H:G34T:I92C:D96Q:V109Q,5
L4N:G34T:I92C:V107M:V109Q,L4N:G34T:I92C:V107M:V109Q,5
T7S:Q47R:D96Q:V107M:V109Q,T7S:Q47R:D96Q:V107M:V109Q,5
T7H:G34T:R60N:V109Q:T113E,T7H:G34T:R60N:V109Q:T113E,5
T7H:G34T:R98D:V107M:V109Q,T7H:G34T:R98D:V107M:V109Q,5
T7H:A29K:D61Q:V107M:V109Q,T7H:A29K:D61Q:V107M:V109Q,5
R5D:Q47V:R98D:V107M:V109Q,R5D:Q47V:R98D:V107M:V109Q,5
R60N:D61Q:I92C:R98D:T113E,R60N:D61Q:I92C:R98D:T113E,5
T7H:A29H:R60N:V107M:T113E,T7H:A29H:R60N:V107M:T113E,5
A29K:Q47R:D96Q:R98D:V107M,A29K:Q47R:D96Q:R98D:V107M,5
G3E:A29K:G34T:V107M:V109Q,G3E:A29K:G34T:V107M:V109Q,5
G34T:Q47C:D61Q:R98D:T113E,G34T:Q47C:D61Q:R98D:T113E,5
G3E:D61Q:D96Q:V107M:T113E,G3E:D61Q:D96Q:V107M:T113E,5
G3E:A29K:D96Q:V107M:V109Q,G3E:A29K:D96Q:V107M:V109Q,5
G3E:D61Q:I92C:V107M:V109Q,G3E:D61Q:I92C:V107M:V109Q,5
T7H:D61Q:D96Q:V107M:V109Q,T7H:D61Q:D96Q:V107M:V109Q,5
R5D:Q47R:R98D:V109Q:T113E,R5D:Q47R:R98D:V109Q:T113E,5
L4N:D96Q:R98D:V107M:T113E,L4N:D96Q:R98D:V107M:T113E,5
A29K:G34T:R60N:D96Q:T113E,A29K:G34T:R60N:D96Q:T113E,5
R5D:Q47V:D61Q:V107M:T113E,R5D:Q47V:D61Q:V107M:T113E,5
R5D:Q47I:I92C:V107M:T113E,R5D:Q47I:I92C:V107M:T113E,5
A29K:G34T:Q47R:I92C:V107M,A29K:G34T:Q47R:I92C:V107M,5
T7H:I92C:D96Q:V107M:T113E,T7H:I92C:D96Q:V107M:T113E,5
G3E:I92C:R98D:V107M:V109Q,G3E:I92C:R98D:V107M:V109Q,5
L4N:R60N:D61Q:V107M:V109Q,L4N:R60N:D61Q:V107M:V109Q,5
R5D:A29K:R60N:V107M:V109Q,R5D:A29K:R60N:V107M:V109Q,5
G3E:A29K:Q47R:V107M:T113E,G3E:A29K:Q47R:V107M:T113E,5
L4N:A29K:D61Q:V107M:V109Q,L4N:A29K:D61Q:V107M:V109Q,5
A29K:R60N:D61Q:R98D:V107M,A29K:R60N:D61Q:R98D:V107M,5
T7S:Q47V:I92C:V107M:T113E,T7S:Q47V:I92C:V107M:T113E,5
R5D:Q47R:I92C:V109Q:T113E,R5D:Q47R:I92C:V109Q:T113E,5
R5D:G34T:Q47V:V107M:T113E,R5D:G34T:Q47V:V107M:T113E,5
A29K:R60N:D61Q:D96Q:V107M,A29K:R60N:D61Q:D96Q:V107M,5
A29H:D61Q:I92C:D96Q:V109Q,A29H:D61Q:I92C:D96Q:V109Q,5
R60N:D61Q:D96Q:R98D:V109Q,R60N:D61Q:D96Q:R98D:V109Q,5
G3E:R60N:D61Q:V107M:T113E,G3E:R60N:D61Q:V107M:T113E,5
G3E:G34T:R60N:V107M:T113E,G3E:G34T:R60N:V107M:T113E,5
A29K:G34T:Q47R:I92C:V109Q,A29K:G34T:Q47R:I92C:V109Q,5
A29K:R60N:D96Q:R98D:V107M,A29K:R60N:D96Q:R98D:V107M,5
A29H:Q47R:D96Q:R98D:T113E,A29H:Q47R:D96Q:R98D:T113E,5
T7S:A29H:Q47C:V107M:V109Q,T7S:A29H:Q47C:V107M:V109Q,5
R5D:A29K:G34T:V109Q:T113E,R5D:A29K:G34T:V109Q:T113E,5
G3E:A29K:R98D:V107M:V109Q,G3E:A29K:R98D:V107M:V109Q,5
G3E:A29H:D96Q:V107M:T113E,G3E:A29H:D96Q:V107M:T113E,5
A29H:G34T:Q47V:R98D:V107M,A29H:G34T:Q47V:R98D:V107M,5
A29K:G34T:R60N:D96Q:V107M,A29K:G34T:R60N:D96Q:V107M,5
G3E:G34T:D96Q:V107M:T113E,G3E:G34T:D96Q:V107M:T113E,5
G3E:G34T:D61Q:V107M:T113E,G3E:G34T:D61Q:V107M:T113E,5
T7S:Q47V:R98D:V107M:V109Q,T7S:Q47V:R98D:V107M:V109Q,5
A29H:Q47R:D61Q:I92C:V107M,A29H:Q47R:D61Q:I92C:V107M,5
L4N:G34T:D61Q:V109Q:T113E,L4N:G34T:D61Q:V109Q:T113E,5
L4N:A29K:R98D:V107M:T113E,L4N:A29K:R98D:V107M:T113E,5
L4N:A29H:G34T:V109Q:T113E,L4N:A29H:G34T:V109Q:T113E,5
A29H:G34T:Q47R:D96Q:T113E,A29H:G34T:Q47R:D96Q:T113E,5
T7H:G34T:Q47R:V107M:V109Q,T7H:G34T:Q47R:V107M:V109Q,5
G34T:Q47V:D61Q:R98D:T113E,G34T:Q47V:D61Q:R98D:T113E,5
Q47R:D61Q:I92C:R98D:V107M,Q47R:D61Q:I92C:R98D:V107M,5
T7S:A29K:Q47R:V109Q:T113E,T7S:A29K:Q47R:V109Q:T113E,5
R5D:Q47C:D61Q:V107M:V109Q,R5D:Q47C:D61Q:V107M:V109Q,5
L4N:A29K:Q47R:V107M:T113E,L4N:A29K:Q47R:V107M:T113E,5
L4N:G34T:D96Q:V107M:T113E,L4N:G34T:D96Q:V107M:T113E,5
A29H:G34T:R60N:R98D:T113E,A29H:G34T:R60N:R98D:T113E,5
A29K:G34T:Q47I:D61Q:T113E,A29K:G34T:Q47I:D61Q:T113E,5
R5D:G34T:Q47C:V109Q:T113E,R5D:G34T:Q47C:V109Q:T113E,5
R5D:G34T:Q47V:V109Q:T113E,R5D:G34T:Q47V:V109Q:T113E,5
R5D:A29H:Q47V:V107M:V109Q,R5D:A29H:Q47V:V107M:V109Q,5
T7S:A29K:Q47C:V109Q:T113E,T7S:A29K:Q47C:V109Q:T113E,5
R5D:Q47V:D96Q:V107M:T113E,R5D:Q47V:D96Q:V107M:T113E,5
L4N:A29K:D96Q:V107M:T113E,L4N:A29K:D96Q:V107M:T113E,5
G3E:A29K:I92C:V107M:V109Q,G3E:A29K:I92C:V107M:V109Q,5
R5D:A29K:Q47I:V107M:T113E,R5D:A29K:Q47I:V107M:T113E,5
A29H:G34T:Q47R:I92C:T113E,A29H:G34T:Q47R:I92C:T113E,5
A29H:G34T:Q47I:R98D:V107M,A29H:G34T:Q47I:R98D:V107M,5
R5D:A29H:Q47C:V107M:T113E,R5D:A29H:Q47C:V107M:T113E,5
G3E:A29H:Q47R:V107M:T113E,G3E:A29H:Q47R:V107M:T113E,5
A29K:G34T:D61Q:D96Q:V109Q,A29K:G34T:D61Q:D96Q:V109Q,5
A29H:G34T:D96Q:R98D:V109Q,A29H:G34T:D96Q:R98D:V109Q,5
L4N:A29K:D61Q:V109Q:T113E,L4N:A29K:D61Q:V109Q:T113E,5
G3E:A29K:R60N:V109Q:T113E,G3E:A29K:R60N:V109Q:T113E,5
L4N:A29K:G34T:V109Q:T113E,L4N:A29K:G34T:V109Q:T113E,5
G34T:Q47R:I92C:R98D:T113E,G34T:Q47R:I92C:R98D:T113E,5
G3E:A29K:Q47R:V109Q:T113E,G3E:A29K:Q47R:V109Q:T113E,5
T7H:A29H:Q47R:V107M:T113E,T7H:A29H:Q47R:V107M:T113E,5
G3E:I92C:R98D:V109Q:T113E,G3E:I92C:R98D:V109Q:T113E,5
T7S:Q47V:I92C:V109Q:T113E,T7S:Q47V:I92C:V109Q:T113E,5
A29K:G34T:R60N:I92C:V109Q,A29K:G34T:R60N:I92C:V109Q,5
T7H:A29H:R98D:V109Q:T113E,T7H:A29H:R98D:V109Q:T113E,5
L4N:A29H:I92C:V109Q:T113E,L4N:A29H:I92C:V109Q:T113E,5
G34T:Q47R:D96Q:R98D:T113E,G34T:Q47R:D96Q:R98D:T113E,5
G3E:D61Q:D96Q:V107M:V109Q,G3E:D61Q:D96Q:V107M:V109Q,5
G3E:A29H:R60N:V107M:T113E,G3E:A29H:R60N:V107M:T113E,5
A29H:R60N:D61Q:I92C:T113E,A29H:R60N:D61Q:I92C:T113E,5
A29H:R60N:I92C:R98D:V107M,A29H:R60N:I92C:R98D:V107M,5
T7H:A29H:D96Q:V109Q:T113E,T7H:A29H:D96Q:V109Q:T113E,5
R5D:Q47I:D61Q:V107M:V109Q,R5D:Q47I:D61Q:V107M:V109Q,5
T7S:A29H:Q47V:V109Q:T113E,T7S:A29H:Q47V:V109Q:T113E,5
G3E:A29H:G34T:V109Q:T113E,G3E:A29H:G34T:V109Q:T113E,5
A29H:G34T:R60N:I92C:V109Q,A29H:G34T:R60N:I92C:V109Q,5
G34T:R60N:D96Q:R98D:V109Q,G34T:R60N:D96Q:R98D:V109Q,5
G3E:G34T:R98D:V107M:V109Q,G3E:G34T:R98D:V107M:V109Q,5
G34T:Q47I:D61Q:R98D:T113E,G34T:Q47I:D61Q:R98D:T113E,5
R5D:G34T:Q47I:V107M:T113E,R5D:G34T:Q47I:V107M:T113E,5
L4N:D61Q:R98D:V107M:V109Q,L4N:D61Q:R98D:V107M:V109Q,5
L4N:G34T:Q47R:V107M:V109Q,L4N:G34T:Q47R:V107M:V109Q,5
R60N:D61Q:I92C:D96Q:V107M,R60N:D61Q:I92C:D96Q:V107M,5
T7H:G34T:D96Q:V109Q:T113E,T7H:G34T:D96Q:V109Q:T113E,5
L4N:A29K:R60N:V109Q:T113E,L4N:A29K:R60N:V109Q:T113E,5
G3E:R60N:D61Q:V109Q:T113E,G3E:R60N:D61Q:V109Q:T113E,5
G3E:G34T:I92C:V109Q:T113E,G3E:G34T:I92C:V109Q:T113E,5
L4N:I92C:R98D:V107M:T113E,L4N:I92C:R98D:V107M:T113E,5
A29K:R60N:D61Q:D96Q:T113E,A29K:R60N:D61Q:D96Q:T113E,5
G3E:D61Q:R98D:V109Q:T113E,G3E:D61Q:R98D:V109Q:T113E,5
G34T:Q47R:D61Q:D96Q:T113E,G34T:Q47R:D61Q:D96Q:T113E,5
R60N:D61Q:I92C:D96Q:T113E,R60N:D61Q:I92C:D96Q:T113E,5
A29H:G34T:Q47I:D61Q:T113E,A29H:G34T:Q47I:D61Q:T113E,5
T7S:Q47I:I92C:V107M:V109Q,T7S:Q47I:I92C:V107M:V109Q,5
L4N:A29H:D61Q:V107M:V109Q,L4N:A29H:D61Q:V107M:V109Q,5
L4N:A29K:R60N:V107M:T113E,L4N:A29K:R60N:V107M:T113E,5
A29K:G34T:Q47I:D61Q:V107M,A29K:G34T:Q47I:D61Q:V107M,5
T7H:A29H:R60N:V109Q:T113E,T7H:A29H:R60N:V109Q:T113E,5
R5D:G34T:Q47C:V107M:T113E,R5D:G34T:Q47C:V107M:T113E,5
L4N:A29H:R98D:V109Q:T113E,L4N:A29H:R98D:V109Q:T113E,5
L4N:G34T:R98D:V107M:V109Q,L4N:G34T:R98D:V107M:V109Q,5
A29H:G34T:R60N:I92C:V107M,A29H:G34T:R60N:I92C:V107M,5
A29K:I92C:D96Q:R98D:V109Q,A29K:I92C:D96Q:R98D:V109Q,5
R5D:Q47V:D61Q:V107M:V109Q,R5D:Q47V:D61Q:V107M:V109Q,5
T7H:A29K:R98D:V107M:T113E,T7H:A29K:R98D:V107M:T113E,5
L4N:R60N:D61Q:V109Q:T113E,L4N:R60N:D61Q:V109Q:T113E,5
Q47R:I92C:D96Q:R98D:V107M,Q47R:I92C:D96Q:R98D:V107M,5
T7S:Q47C:D96Q:V107M:T113E,T7S:Q47C:D96Q:V107M:T113E,5
L4N:G34T:Q47R:V109Q:T113E,L4N:G34T:Q47R:V109Q:T113E,5
G3E:A29H:D96Q:V109Q:T113E,G3E:A29H:D96Q:V109Q:T113E,5
R60N:D61Q:I92C:R98D:V109Q,R60N:D61Q:I92C:R98D:V109Q,5
L4N:D61Q:R98D:V109Q:T113E,L4N:D61Q:R98D:V109Q:T113E,5
G3E:A29K:G34T:V109Q:T113E,G3E:A29K:G34T:V109Q:T113E,5
G3E:Q47R:R98D:V107M:T113E,G3E:Q47R:R98D:V107M:T113E,5
L4N:I92C:R98D:V107M:V109Q,L4N:I92C:R98D:V107M:V109Q,5
L4N:Q47R:D61Q:V107M:T113E,L4N:Q47R:D61Q:V107M:T113E,5
A29K:G34T:Q47V:R98D:V107M,A29K:G34T:Q47V:R98D:V107M,5
R5D:A29H:Q47I:V109Q:T113E,R5D:A29H:Q47I:V109Q:T113E,5
R5D:Q47C:R98D:V107M:V109Q,R5D:Q47C:R98D:V107M:V109Q,5
R5D:G34T:Q47V:V107M:V109Q,R5D:G34T:Q47V:V107M:V109Q,5
T7H:A29K:I92C:V107M:T113E,T7H:A29K:I92C:V107M:T113E,5
A29H:G34T:Q47C:R98D:V107M,A29H:G34T:Q47C:R98D:V107M,5
G34T:Q47R:D61Q:I92C:V109Q,G34T:Q47R:D61Q:I92C:V109Q,5
L4N:G34T:D96Q:V107M:V109Q,L4N:G34T:D96Q:V107M:V109Q,5
R60N:I92C:D96Q:R98D:T113E,R60N:I92C:D96Q:R98D:T113E,5
L4N:D61Q:I92C:V107M:T113E,L4N:D61Q:I92C:V107M:T113E,5
G34T:Q47R:R60N:D61Q:T113E,G34T:Q47R:R60N:D61Q:T113E,5
A29K:G34T:Q47R:D96Q:T113E,A29K:G34T:Q47R:D96Q:T113E,5
R5D:A29H:Q47C:V109Q:T113E,R5D:A29H:Q47C:V109Q:T113E,5
L4N:D61Q:I92C:V109Q:T113E,L4N:D61Q:I92C:V109Q:T113E,5
T7S:A29K:Q47V:V107M:T113E,T7S:A29K:Q47V:V107M:T113E,5
T7H:A29K:G34T:V109Q:T113E,T7H:A29K:G34T:V109Q:T113E,5
G3E:A29H:R98D:V109Q:T113E,G3E:A29H:R98D:V109Q:T113E,5
R5D:Q47C:D96Q:V107M:T113E,R5D:Q47C:D96Q:V107M:T113E,5
G34T:Q47I:D61Q:R98D:V107M,G34T:Q47I:D61Q:R98D:V107M,5
L4N:Q47R:R98D:V107M:T113E,L4N:Q47R:R98D:V107M:T113E,5
L4N:A29K:G34T:V107M:T113E,L4N:A29K:G34T:V107M:T113E,5
R5D:Q47I:I92C:V107M:V109Q,R5D:Q47I:I92C:V107M:V109Q,5
G34T:Q47R:I92C:D96Q:V107M,G34T:Q47R:I92C:D96Q:V107M,5
A29K:G34T:Q47R:D96Q:V107M,A29K:G34T:Q47R:D96Q:V107M,5
A29H:G34T:Q47C:D61Q:V107M,A29H:G34T:Q47C:D61Q:V107M,5
T7S:Q47I:I92C:V109Q:T113E,T7S:Q47I:I92C:V109Q:T113E,5
G34T:R60N:I92C:D96Q:V107M,G34T:R60N:I92C:D96Q:V107M,5
L4N:T7H:V107M:V109Q:T113E,L4N:T7H:V107M:V109Q:T113E,5
L4N:G34T:R60N:V109Q:T113E,L4N:G34T:R60N:V109Q:T113E,5
G34T:Q47R:D96Q:R98D:V109Q,G34T:Q47R:D96Q:R98D:V109Q,5
T7H:R60N:I92C:V107M:V109Q,T7H:R60N:I92C:V107M:V109Q,5
A29K:G34T:D96Q:R98D:V109Q,A29K:G34T:D96Q:R98D:V109Q,5
Q47R:I92C:D96Q:R98D:T113E,Q47R:I92C:D96Q:R98D:T113E,5
A29H:Q47R:D61Q:R98D:T113E,A29H:Q47R:D61Q:R98D:T113E,5
A29H:G34T:Q47R:D61Q:V109Q,A29H:G34T:Q47R:D61Q:V109Q,5
A29K:R60N:D61Q:I92C:V107M,A29K:R60N:D61Q:I92C:V107M,5
T7H:A29H:D96Q:V107M:V109Q,T7H:A29H:D96Q:V107M:V109Q,5
T7S:Q47I:R98D:V107M:V109Q,T7S:Q47I:R98D:V107M:V109Q,5
L4N:Q47I:R98D:V107M:T113E,L4N:Q47I:R98D:V107M:T113E,5
T7H:Q47R:D61Q:V107M:T113E,T7H:Q47R:D61Q:V107M:T113E,5
A29K:G34T:Q47R:I92C:T113E,A29K:G34T:Q47R:I92C:T113E,5
L4N:G34T:R60N:V107M:V109Q,L4N:G34T:R60N:V107M:V109Q,5
T7S:A29H:Q47C:V109Q:T113E,T7S:A29H:Q47C:V109Q:T113E,5
A29H:G34T:Q47V:D61Q:T113E,A29H:G34T:Q47V:D61Q:T113E,5
G3E:G34T:D96Q:V109Q:T113E,G3E:G34T:D96Q:V109Q:T113E,5
A29K:G34T:Q47R:D61Q:V109Q,A29K:G34T:Q47R:D61Q:V109Q,5
R5D:A29K:Q47V:V107M:T113E,R5D:A29K:Q47V:V107M:T113E,5
L4N:A29H:I92C:V107M:V109Q,L4N:A29H:I92C:V107M:V109Q,5
L4N:A29H:D96Q:V107M:T113E,L4N:A29H:D96Q:V107M:T113E,5
A29H:R60N:D96Q:R98D:T113E,A29H:R60N:D96Q:R98D:T113E,5
L4N:A29K:I92C:V107M:T113E,L4N:A29K:I92C:V107M:T113E,5
G3E:D61Q:D96Q:V109Q:T113E,G3E:D61Q:D96Q:V109Q:T113E,5
R5D:A29K:Q47V:V109Q:T113E,R5D:A29K:Q47V:V109Q:T113E,5
A29K:G34T:Q47C:R98D:T113E,A29K:G34T:Q47C:R98D:T113E,5
A29H:G34T:Q47V:R98D:T113E,A29H:G34T:Q47V:R98D:T113E,5
A29K:Q47R:D61Q:I92C:V107M,A29K:Q47R:D61Q:I92C:V107M,5
G3E:G34T:Q47R:V109Q:T113E,G3E:G34T:Q47R:V109Q:T113E,5
L4N:A29H:D96Q:V107M:V109Q,L4N:A29H:D96Q:V107M:V109Q,5
G3E:Q47R:D61Q:V107M:T113E,G3E:Q47R:D61Q:V107M:T113E,5
A29K:G34T:Q47V:D61Q:V109Q,A29K:G34T:Q47V:D61Q:V109Q,5
A29K:D61Q:D96Q:R98D:V109Q,A29K:D61Q:D96Q:R98D:V109Q,5
G34T:Q47R:D61Q:R98D:V109Q,G34T:Q47R:D61Q:R98D:V109Q,5
G3E:G34T:Q47R:V107M:V109Q,G3E:G34T:Q47R:V107M:V109Q,5
T7S:Q47C:I92C:V107M:T113E,T7S:Q47C:I92C:V107M:T113E,5
A29H:G34T:Q47R:D96Q:V107M,A29H:G34T:Q47R:D96Q:V107M,5
A29H:G34T:R60N:D96Q:T113E,A29H:G34T:R60N:D96Q:T113E,5
A29H:R60N:D61Q:D96Q:V109Q,A29H:R60N:D61Q:D96Q:V109Q,5
G34T:D61Q:I92C:D96Q:V109Q,G34T:D61Q:I92C:D96Q:V109Q,5
A29K:G34T:Q47I:I92C:V107M,A29K:G34T:Q47I:I92C:V107M,5
L4N:G34T:I92C:V109Q:T113E,L4N:G34T:I92C:V109Q:T113E,5
T7H:Q47R:D61Q:V109Q:T113E,T7H:Q47R:D61Q:V109Q:T113E,5
T7H:A29K:I92C:V107M:V109Q,T7H:A29K:I92C:V107M:V109Q,5
T7H:A29K:R98D:V109Q:T113E,T7H:A29K:R98D:V109Q:T113E,5
A29H:G34T:R60N:D96Q:V107M,A29H:G34T:R60N:D96Q:V107M,5
G34T:Q47I:D96Q:R98D:V107M,G34T:Q47I:D96Q:R98D:V107M,5
G34T:Q47R:R60N:D61Q:V107M,G34T:Q47R:R60N:D61Q:V107M,5
T7S:Q47R:R60N:V107M:T113E,T7S:Q47R:R60N:V107M:T113E,5
T7S:G34T:Q47C:V107M:V109Q,T7S:G34T:Q47C:V107M:V109Q,5
L4N:R60N:R98D:V107M:T113E,L4N:R60N:R98D:V107M:T113E,5
T7H:A29K:D96Q:V107M:T113E,T7H:A29K:D96Q:V107M:T113E,5
G34T:Q47V:D61Q:R98D:V107M,G34T:Q47V:D61Q:R98D:V107M,5
T7H:A29K:R60N:V107M:T113E,T7H:A29K:R60N:V107M:T113E,5
R5D:Q47R:R98D:V107M:V109Q,R5D:Q47R:R98D:V107M:V109Q,5
R5D:Q47R:D96Q:V107M:V109Q,R5D:Q47R:D96Q:V107M:V109Q,5
A29H:R60N:I92C:R98D:T113E,A29H:R60N:I92C:R98D:T113E,5
A29K:R60N:D96Q:R98D:T113E,A29K:R60N:D96Q:R98D:T113E,5
R5D:A29H:Q47C:V107M:V109Q,R5D:A29H:Q47C:V107M:V109Q,5
A29K:G34T:Q47V:R98D:T113E,A29K:G34T:Q47V:R98D:T113E,5
Q47R:D61Q:I92C:R98D:T113E,Q47R:D61Q:I92C:R98D:T113E,5
L4N:I92C:D96Q:V107M:V109Q,L4N:I92C:D96Q:V107M:V109Q,5
A29H:G34T:Q47V:D61Q:V109Q,A29H:G34T:Q47V:D61Q:V109Q,5
A29H:G34T:Q47R:I92C:V109Q,A29H:G34T:Q47R:I92C:V109Q,5
T7S:Q47V:D96Q:V109Q:T113E,T7S:Q47V:D96Q:V109Q:T113E,5
L4N:G34T:R98D:V109Q:T113E,L4N:G34T:R98D:V109Q:T113E,5
G3E:A29H:Q47R:V109Q:T113E,G3E:A29H:Q47R:V109Q:T113E,5
A29K:R60N:D61Q:R98D:V109Q,A29K:R60N:D61Q:R98D:V109Q,5
T7H:G34T:Q47R:V109Q:T113E,T7H:G34T:Q47R:V109Q:T113E,5
T7H:R60N:R98D:V109Q:T113E,T7H:R60N:R98D:V109Q:T113E,5
L4N:R60N:D61Q:V107M:T113E,L4N:R60N:D61Q:V107M:T113E,5
G34T:R60N:I92C:R98D:V109Q,G34T:R60N:I92C:R98D:V109Q,5
A29H:G34T:Q47I:R98D:T113E,A29H:G34T:Q47I:R98D:T113E,5
T7S:Q47C:D96Q:V107M:V109Q,T7S:Q47C:D96Q:V107M:V109Q,5
G3E:R60N:I92C:V107M:V109Q,G3E:R60N:I92C:V107M:V109Q,5
R5D:Q47C:R98D:V109Q:T113E,R5D:Q47C:R98D:V109Q:T113E,5
L4N:Q47R:R98D:V109Q:T113E,L4N:Q47R:R98D:V109Q:T113E,5
R5D:Q47C:I92C:V107M:T113E,R5D:Q47C:I92C:V107M:T113E,5
R5D:A29K:Q47C:V109Q:T113E,R5D:A29K:Q47C:V109Q:T113E,5
L4N:G34T:R60N:V107M:T113E,L4N:G34T:R60N:V107M:T113E,5
G3E:A29H:R60N:V107M:V109Q,G3E:A29H:R60N:V107M:V109Q,5
T7H:Q47R:D96Q:V107M:T113E,T7H:Q47R:D96Q:V107M:T113E,5
A29K:R60N:I92C:R98D:V107M,A29K:R60N:I92C:R98D:V107M,5
G3E:G34T:I92C:V107M:V109Q,G3E:G34T:I92C:V107M:V109Q,5
Q47V:D61Q:D96Q:R98D:V107M,Q47V:D61Q:D96Q:R98D:V107M,5
A29H:G34T:Q47I:D61Q:V107M,A29H:G34T:Q47I:D61Q:V107M,5
T7S:Q47I:R98D:V109Q:T113E,T7S:Q47I:R98D:V109Q:T113E,5
T7S:A29K:Q47V:V107M:V109Q,T7S:A29K:Q47V:V107M:V109Q,5
R5D:Q47C:D61Q:V107M:T113E,R5D:Q47C:D61Q:V107M:T113E,5
L4N:A29K:I92C:V107M:V109Q,L4N:A29K:I92C:V107M:V109Q,5
A29K:Q47R:D61Q:R98D:T113E,A29K:Q47R:D61Q:R98D:T113E,5
Q47C:I92C:D96Q:R98D:V107M,Q47C:I92C:D96Q:R98D:V107M,5
T7H:A29H:Q47R:V109Q:T113E,T7H:A29H:Q47R:V109Q:T113E,5
A29K:G34T:Q47C:D61Q:V109Q,A29K:G34T:Q47C:D61Q:V109Q,5
A29H:Q47R:D61Q:D96Q:V107M,A29H:Q47R:D61Q:D96Q:V107M,5
G34T:Q47I:I92C:R98D:V107M,G34T:Q47I:I92C:R98D:V107M,5
A29K:G34T:Q47V:D61Q:T113E,A29K:G34T:Q47V:D61Q:T113E,5
L4N:A29K:D96Q:V109Q:T113E,L4N:A29K:D96Q:V109Q:T113E,5
T7H:Q47R:I92C:V109Q:T113E,T7H:Q47R:I92C:V109Q:T113E,5
T7S:A29H:Q47I:V107M:V109Q,T7S:A29H:Q47I:V107M:V109Q,5
T7S:A29K:Q47I:V109Q:T113E,T7S:A29K:Q47I:V109Q:T113E,5
A29K:D61Q:I92C:R98D:V109Q,A29K:D61Q:I92C:R98D:V109Q,5
A29K:G34T:Q47V:D61Q:V107M,A29K:G34T:Q47V:D61Q:V107M,5
T7S:A29K:Q47C:V107M:T113E,T7S:A29K:Q47C:V107M:T113E,5
G3E:G34T:Q47I:V107M:T113E,G3E:G34T:Q47I:V107M:T113E,5
T7H:Q47R:I92C:V107M:T113E,T7H:Q47R:I92C:V107M:T113E,5
T7H:I92C:D96Q:V107M:V109Q,T7H:I92C:D96Q:V107M:V109Q,5
A29K:G34T:Q47C:R98D:V107M,A29K:G34T:Q47C:R98D:V107M,5
L4N:A29H:R60N:V109Q:T113E,L4N:A29H:R60N:V109Q:T113E,5
R5D:G34T:Q47C:V107M:V109Q,R5D:G34T:Q47C:V107M:V109Q,5
R5D:A29K:Q47I:V107M:V109Q,R5D:A29K:Q47I:V107M:V109Q,5
A29K:G34T:Q47I:D61Q:V109Q,A29K:G34T:Q47I:D61Q:V109Q,5
G34T:Q47V:D96Q:R98D:V107M,G34T:Q47V:D96Q:R98D:V107M,5
T7S:Q47C:R98D:V107M:V109Q,T7S:Q47C:R98D:V107M:V109Q,5
G3E:Q47R:D61Q:V109Q:T113E,G3E:Q47R:D61Q:V109Q:T113E,5
L4N:A29K:D96Q:V107M:V109Q,L4N:A29K:D96Q:V107M:V109Q,5
G3E:G34T:D96Q:V107M:V109Q,G3E:G34T:D96Q:V107M:V109Q,5
G34T:R60N:I92C:D96Q:T113E,G34T:R60N:I92C:D96Q:T113E,5
T7H:A29K:D61Q:V109Q:T113E,T7H:A29K:D61Q:V109Q:T113E,5
A29K:G34T:Q47C:D61Q:T113E,A29K:G34T:Q47C:D61Q:T113E,5
L4N:R60N:R98D:V107M:V109Q,L4N:R60N:R98D:V107M:V109Q,5
A29H:G34T:Q47I:I92C:V107M,A29H:G34T:Q47I:I92C:V107M,5
A29H:G34T:Q47C:R98D:T113E,A29H:G34T:Q47C:R98D:T113E,5
T7H:I92C:D96Q:V109Q:T113E,T7H:I92C:D96Q:V109Q:T113E,5
T7H:R60N:R98D:V107M:V109Q,T7H:R60N:R98D:V107M:V109Q,5
A29K:G34T:Q47I:I92C:T113E,A29K:G34T:Q47I:I92C:T113E,5
A29K:D61Q:I92C:D96Q:V109Q,A29K:D61Q:I92C:D96Q:V109Q,5
G3E:G34T:R60N:V109Q:T113E,G3E:G34T:R60N:V109Q:T113E,5
G3E:Q47V:I92C:V107M:T113E,G3E:Q47V:I92C:V107M:T113E,5
L4N:Q47R:I92C:V107M:T113E,L4N:Q47R:I92C:V107M:T113E,5
G3E:Q47R:I92C:V107M:T113E,G3E:Q47R:I92C:V107M:T113E,5
G34T:Q47C:I92C:R98D:V107M,G34T:Q47C:I92C:R98D:V107M,5
L4N:I92C:D96Q:V107M:T113E,L4N:I92C:D96Q:V107M:T113E,5
R5D:Q47V:I92C:V109Q:T113E,R5D:Q47V:I92C:V109Q:T113E,5
G3E:A29H:Q47R:V107M:V109Q,G3E:A29H:Q47R:V107M:V109Q,5
T7S:A29K:Q47V:V109Q:T113E,T7S:A29K:Q47V:V109Q:T113E,5
L4N:D61Q:D96Q:V109Q:T113E,L4N:D61Q:D96Q:V109Q:T113E,5
T7S:Q47C:R98D:V109Q:T113E,T7S:Q47C:R98D:V109Q:T113E,5
A29K:G34T:Q47R:R98D:V109Q,A29K:G34T:Q47R:R98D:V109Q,5
T7H:Q47R:I92C:V107M:V109Q,T7H:Q47R:I92C:V107M:V109Q,5
G3E:Q47C:R98D:V107M:T113E,G3E:Q47C:R98D:V107M:T113E,5
L4N:D96Q:R98D:V107M:V109Q,L4N:D96Q:R98D:V107M:V109Q,5
G34T:Q47I:D61Q:I92C:T113E,G34T:Q47I:D61Q:I92C:T113E,5
A29H:Q47V:D61Q:R98D:V107M,A29H:Q47V:D61Q:R98D:V107M,5
L4N:Q47C:D61Q:V109Q:T113E,L4N:Q47C:D61Q:V109Q:T113E,5
L4N:A29K:R98D:V107M:V109Q,L4N:A29K:R98D:V107M:V109Q,5
A29H:G34T:Q47I:D61Q:V109Q,A29H:G34T:Q47I:D61Q:V109Q,5
A29K:G34T:R60N:R98D:V109Q,A29K:G34T:R60N:R98D:V109Q,5
A29H:G34T:Q47C:D96Q:V107M,A29H:G34T:Q47C:D96Q:V107M,5
T7S:Q47C:I92C:V109Q:T113E,T7S:Q47C:I92C:V109Q:T113E,5
R5D:Q47I:I92C:V109Q:T113E,R5D:Q47I:I92C:V109Q:T113E,5
G3E:L4N:V107M:V109Q:T113E,G3E:L4N:V107M:V109Q:T113E,5
G3E:A29K:Q47V:V107M:V109Q,G3E:A29K:Q47V:V107M:V109Q,5
R5D:A29K:Q47C:V107M:V109Q,R5D:A29K:Q47C:V107M:V109Q,5
T7S:Q47V:D96Q:V107M:V109Q,T7S:Q47V:D96Q:V107M:V109Q,5
T7H:Q47R:D61Q:V107M:V109Q,T7H:Q47R:D61Q:V107M:V109Q,5
T7H:A29H:Q47R:V107M:V109Q,T7H:A29H:Q47R:V107M:V109Q,5
R5D:Q47V:I92C:V107M:V109Q,R5D:Q47V:I92C:V107M:V109Q,5
T7H:R60N:I92C:V109Q:T113E,T7H:R60N:I92C:V109Q:T113E,5
G3E:R60N:D96Q:V109Q:T113E,G3E:R60N:D96Q:V109Q:T113E,5
A29K:G34T:I92C:D96Q:V109Q,A29K:G34T:I92C:D96Q:V109Q,5
L4N:Q47R:D61Q:V107M:V109Q,L4N:Q47R:D61Q:V107M:V109Q,5
G3E:G34T:R98D:V109Q:T113E,G3E:G34T:R98D:V109Q:T113E,5
L4N:A29H:R60N:V107M:V109Q,L4N:A29H:R60N:V107M:V109Q,5
A29H:G34T:Q47R:R98D:V109Q,A29H:G34T:Q47R:R98D:V109Q,5
L4N:A29H:R60N:V107M:T113E,L4N:A29H:R60N:V107M:T113E,5
T7H:R60N:D96Q:V107M:T113E,T7H:R60N:D96Q:V107M:T113E,5
G3E:G34T:Q47V:V109Q:T113E,G3E:G34T:Q47V:V109Q:T113E,5
G34T:Q47I:D61Q:D96Q:V107M,G34T:Q47I:D61Q:D96Q:V107M,5
T7H:A29K:R60N:V109Q:T113E,T7H:A29K:R60N:V109Q:T113E,5
T7H:D96Q:R98D:V109Q:T113E,T7H:D96Q:R98D:V109Q:T113E,5
T7H:A29K:I92C:V109Q:T113E,T7H:A29K:I92C:V109Q:T113E,5
T7H:A29H:R60N:V107M:V109Q,T7H:A29H:R60N:V107M:V109Q,5
T7H:R60N:I92C:V107M:T113E,T7H:R60N:I92C:V107M:T113E,5
R5D:Q47I:R98D:V109Q:T113E,R5D:Q47I:R98D:V109Q:T113E,5
A29K:R60N:D61Q:I92C:T113E,A29K:R60N:D61Q:I92C:T113E,5
G3E:A29K:Q47V:V107M:T113E,G3E:A29K:Q47V:V107M:T113E,5
R5D:Q47C:D61Q:V109Q:T113E,R5D:Q47C:D61Q:V109Q:T113E,5
A29H:Q47C:D96Q:R98D:V107M,A29H:Q47C:D96Q:R98D:V107M,5
G3E:R60N:R98D:V107M:V109Q,G3E:R60N:R98D:V107M:V109Q,5
G3E:A29H:I92C:V107M:V109Q,G3E:A29H:I92C:V107M:V109Q,5
G3E:I92C:D96Q:V107M:T113E,G3E:I92C:D96Q:V107M:T113E,5
R5D:Q47C:I92C:V109Q:T113E,R5D:Q47C:I92C:V109Q:T113E,5
R5D:Q47C:D96Q:V109Q:T113E,R5D:Q47C:D96Q:V109Q:T113E,5
Q47V:D61Q:I92C:R98D:V107M,Q47V:D61Q:I92C:R98D:V107M,5
L4N:G34T:D96Q:V109Q:T113E,L4N:G34T:D96Q:V109Q:T113E,5
G3E:R60N:I92C:V109Q:T113E,G3E:R60N:I92C:V109Q:T113E,5
G3E:D96Q:R98D:V109Q:T113E,G3E:D96Q:R98D:V109Q:T113E,5
G3E:R60N:D96Q:V107M:T113E,G3E:R60N:D96Q:V107M:T113E,5
G34T:Q47V:D61Q:I92C:T113E,G34T:Q47V:D61Q:I92C:T113E,5
G3E:G34T:Q47I:V107M:V109Q,G3E:G34T:Q47I:V107M:V109Q,5
L4N:Q47R:I92C:V107M:V109Q,L4N:Q47R:I92C:V107M:V109Q,5
Q47I:D61Q:D96Q:R98D:V107M,Q47I:D61Q:D96Q:R98D:V107M,5
L4N:A29K:R98D:V109Q:T113E,L4N:A29K:R98D:V109Q:T113E,5
A29K:R60N:I92C:R98D:T113E,A29K:R60N:I92C:R98D:T113E,5
A29K:Q47R:I92C:R98D:T113E,A29K:Q47R:I92C:R98D:T113E,5
R5D:Q47R:R60N:V109Q:T113E,R5D:Q47R:R60N:V109Q:T113E,5
G3E:Q47V:D61Q:V107M:T113E,G3E:Q47V:D61Q:V107M:T113E,5
R60N:D61Q:I92C:D96Q:V109Q,R60N:D61Q:I92C:D96Q:V109Q,5
G34T:Q47V:I92C:R98D:T113E,G34T:Q47V:I92C:R98D:T113E,5
G3E:A29H:D96Q:V107M:V109Q,G3E:A29H:D96Q:V107M:V109Q,5
T7H:R60N:D96Q:V107M:V109Q,T7H:R60N:D96Q:V107M:V109Q,5
R5D:Q47C:I92C:V107M:V109Q,R5D:Q47C:I92C:V107M:V109Q,5
L4N:G34T:Q47V:V109Q:T113E,L4N:G34T:Q47V:V109Q:T113E,5
G34T:Q47C:D61Q:R98D:V107M,G34T:Q47C:D61Q:R98D:V107M,5
G3E:Q47R:I92C:V107M:V109Q,G3E:Q47R:I92C:V107M:V109Q,5
A29K:G34T:R60N:D96Q:V109Q,A29K:G34T:R60N:D96Q:V109Q,5
T7S:Q47V:I92C:V107M:V109Q,T7S:Q47V:I92C:V107M:V109Q,5
A29H:Q47R:D61Q:I92C:T113E,A29H:Q47R:D61Q:I92C:T113E,5
A29H:G34T:Q47I:I92C:T113E,A29H:G34T:Q47I:I92C:T113E,5
L4N:R60N:I92C:V107M:T113E,L4N:R60N:I92C:V107M:T113E,5
T7H:A29K:D96Q:V107M:V109Q,T7H:A29K:D96Q:V107M:V109Q,5
A29H:G34T:Q47C:I92C:V107M,A29H:G34T:Q47C:I92C:V107M,5
A29H:G34T:Q47V:D61Q:V107M,A29H:G34T:Q47V:D61Q:V107M,5
L4N:Q47R:D96Q:V107M:T113E,L4N:Q47R:D96Q:V107M:T113E,5
G3E:A29H:Q47C:V109Q:T113E,G3E:A29H:Q47C:V109Q:T113E,5
A29K:G34T:Q47I:D96Q:V107M,A29K:G34T:Q47I:D96Q:V107M,5
L4N:R60N:D96Q:V107M:T113E,L4N:R60N:D96Q:V107M:T113E,5
T7S:Q47C:I92C:V107M:V109Q,T7S:Q47C:I92C:V107M:V109Q,5
T7S:Q47I:R60N:V107M:T113E,T7S:Q47I:R60N:V107M:T113E,5
G3E:Q47R:I92C:V109Q:T113E,G3E:Q47R:I92C:V109Q:T113E,5
A29H:G34T:Q47V:I92C:T113E,A29H:G34T:Q47V:I92C:T113E,5
T7S:A29K:Q47C:V107M:V109Q,T7S:A29K:Q47C:V107M:V109Q,5
A29K:Q47C:I92C:R98D:V107M,A29K:Q47C:I92C:R98D:V107M,5
A29H:Q47V:D96Q:R98D:V107M,A29H:Q47V:D96Q:R98D:V107M,5
T7S:A29K:Q47I:V107M:T113E,T7S:A29K:Q47I:V107M:T113E,5
G3E:A29K:Q47V:V109Q:T113E,G3E:A29K:Q47V:V109Q:T113E,5
A29K:Q47C:D61Q:R98D:V107M,A29K:Q47C:D61Q:R98D:V107M,5
A29K:R60N:I92C:D96Q:V107M,A29K:R60N:I92C:D96Q:V107M,5
T7S:Q47C:D96Q:V109Q:T113E,T7S:Q47C:D96Q:V109Q:T113E,5
A29H:Q47C:I92C:R98D:V107M,A29H:Q47C:I92C:R98D:V107M,5
G3E:Q47V:R98D:V107M:T113E,G3E:Q47V:R98D:V107M:T113E,5
G3E:Q47R:D61Q:V107M:V109Q,G3E:Q47R:D61Q:V107M:V109Q,5
G34T:Q47V:D96Q:R98D:T113E,G34T:Q47V:D96Q:R98D:T113E,5
G34T:Q47C:D61Q:I92C:V107M,G34T:Q47C:D61Q:I92C:V107M,5
G3E:Q47R:R98D:V107M:V109Q,G3E:Q47R:R98D:V107M:V109Q,5
T7H:A29K:R60N:V107M:V109Q,T7H:A29K:R60N:V107M:V109Q,5
G3E:G34T:R60N:V107M:V109Q,G3E:G34T:R60N:V107M:V109Q,5
R5D:Q47R:D96Q:V109Q:T113E,R5D:Q47R:D96Q:V109Q:T113E,5
G3E:R60N:I92C:V107M:T113E,G3E:R60N:I92C:V107M:T113E,5
A29H:G34T:Q47V:I92C:V107M,A29H:G34T:Q47V:I92C:V107M,5
G3E:Q47R:D96Q:V107M:T113E,G3E:Q47R:D96Q:V107M:T113E,5
A29K:G34T:Q47I:I92C:V109Q,A29K:G34T:Q47I:I92C:V109Q,5
A29H:Q47C:D96Q:R98D:T113E,A29H:Q47C:D96Q:R98D:T113E,5
A29H:G34T:Q47I:I92C:V109Q,A29H:G34T:Q47I:I92C:V109Q,5
G3E:G34T:Q47V:V107M:T113E,G3E:G34T:Q47V:V107M:T113E,5
G3E:A29K:Q47I:V109Q:T113E,G3E:A29K:Q47I:V109Q:T113E,5
A29H:G34T:Q47V:D96Q:T113E,A29H:G34T:Q47V:D96Q:T113E,5
G34T:Q47C:D96Q:R98D:V107M,G34T:Q47C:D96Q:R98D:V107M,5
L4N:R60N:I92C:V107M:V109Q,L4N:R60N:I92C:V107M:V109Q,5
G34T:Q47I:D61Q:I92C:V107M,G34T:Q47I:D61Q:I92C:V107M,5
A29K:R60N:I92C:R98D:V109Q,A29K:R60N:I92C:R98D:V109Q,5
A29H:Q47R:D61Q:D96Q:T113E,A29H:Q47R:D61Q:D96Q:T113E,5
L4N:I92C:R98D:V109Q:T113E,L4N:I92C:R98D:V109Q:T113E,5
G34T:Q47R:I92C:D96Q:T113E,G34T:Q47R:I92C:D96Q:T113E,5
L4N:A29K:Q47I:V107M:T113E,L4N:A29K:Q47I:V107M:T113E,5
Q47C:D61Q:I92C:R98D:V107M,Q47C:D61Q:I92C:R98D:V107M,5
G34T:Q47V:D61Q:I92C:V109Q,G34T:Q47V:D61Q:I92C:V109Q,5
A29H:Q47I:D61Q:R98D:V107M,A29H:Q47I:D61Q:R98D:V107M,5
L4N:A29H:Q47R:V107M:T113E,L4N:A29H:Q47R:V107M:T113E,5
A29K:G34T:Q47V:I92C:V109Q,A29K:G34T:Q47V:I92C:V109Q,5
Q47R:D61Q:I92C:D96Q:V107M,Q47R:D61Q:I92C:D96Q:V107M,5
T7H:G34T:Q47C:V107M:T113E,T7H:G34T:Q47C:V107M:T113E,5
L4N:A29H:Q47C:V107M:T113E,L4N:A29H:Q47C:V107M:T113E,5
T7H:G34T:Q47I:V107M:T113E,T7H:G34T:Q47I:V107M:T113E,5
L4N:A29K:Q47V:V109Q:T113E,L4N:A29K:Q47V:V109Q:T113E,5
A29H:R60N:I92C:D96Q:T113E,A29H:R60N:I92C:D96Q:T113E,5
L4N:Q47R:D61Q:V109Q:T113E,L4N:Q47R:D61Q:V109Q:T113E,5
L4N:A29H:D96Q:V109Q:T113E,L4N:A29H:D96Q:V109Q:T113E,5
G34T:Q47V:D61Q:I92C:V107M,G34T:Q47V:D61Q:I92C:V107M,5
R5D:A29K:Q47C:V107M:T113E,R5D:A29K:Q47C:V107M:T113E,5
L4N:R60N:D96Q:V107M:V109Q,L4N:R60N:D96Q:V107M:V109Q,5
A29K:G34T:Q47C:D61Q:V107M,A29K:G34T:Q47C:D61Q:V107M,5
G34T:Q47I:I92C:R98D:T113E,G34T:Q47I:I92C:R98D:T113E,5
T7H:R60N:D96Q:V109Q:T113E,T7H:R60N:D96Q:V109Q:T113E,5
G34T:Q47C:D96Q:R98D:T113E,G34T:Q47C:D96Q:R98D:T113E,5
A29K:G34T:Q47R:R60N:T113E,A29K:G34T:Q47R:R60N:T113E,5
R5D:Q47V:R98D:V109Q:T113E,R5D:Q47V:R98D:V109Q:T113E,5
A29H:Q47V:D61Q:R98D:T113E,A29H:Q47V:D61Q:R98D:T113E,5
L4N:Q47C:D61Q:V107M:T113E,L4N:Q47C:D61Q:V107M:T113E,5
A29H:G34T:Q47R:R60N:T113E,A29H:G34T:Q47R:R60N:T113E,5
Q47V:I92C:D96Q:R98D:V107M,Q47V:I92C:D96Q:R98D:V107M,5
L4N:Q47R:I92C:V109Q:T113E,L4N:Q47R:I92C:V109Q:T113E,5
G34T:Q47I:D96Q:R98D:T113E,G34T:Q47I:D96Q:R98D:T113E,5
A29H:R60N:I92C:D96Q:V107M,A29H:R60N:I92C:D96Q:V107M,5
A29H:Q47C:D61Q:R98D:V107M,A29H:Q47C:D61Q:R98D:V107M,5
A29K:Q47R:D61Q:D96Q:T113E,A29K:Q47R:D61Q:D96Q:T113E,5
A29K:R60N:D61Q:I92C:V109Q,A29K:R60N:D61Q:I92C:V109Q,5
L4N:A29K:Q47R:V109Q:T113E,L4N:A29K:Q47R:V109Q:T113E,5
T7S:Q47I:D96Q:V107M:V109Q,T7S:Q47I:D96Q:V107M:V109Q,5
G3E:Q47V:D61Q:V109Q:T113E,G3E:Q47V:D61Q:V109Q:T113E,5
G3E:A29H:Q47V:V109Q:T113E,G3E:A29H:Q47V:V109Q:T113E,5
G3E:A29H:Q47V:V107M:T113E,G3E:A29H:Q47V:V107M:T113E,5
A29K:G34T:Q47C:D96Q:T113E,A29K:G34T:Q47C:D96Q:T113E,5
A29K:G34T:Q47I:R98D:T113E,A29K:G34T:Q47I:R98D:T113E,5
L4N:A29H:Q47R:V109Q:T113E,L4N:A29H:Q47R:V109Q:T113E,5
L4N:Q47V:R98D:V107M:T113E,L4N:Q47V:R98D:V107M:T113E,5
T7H:Q47R:R98D:V107M:V109Q,T7H:Q47R:R98D:V107M:V109Q,5
L4N:Q47C:D61Q:V107M:V109Q,L4N:Q47C:D61Q:V107M:V109Q,5
L4N:I92C:D96Q:V109Q:T113E,L4N:I92C:D96Q:V109Q:T113E,5
G3E:A29H:Q47I:V107M:T113E,G3E:A29H:Q47I:V107M:T113E,5
G34T:Q47V:D61Q:D96Q:V107M,G34T:Q47V:D61Q:D96Q:V107M,5
G34T:Q47V:D61Q:D96Q:T113E,G34T:Q47V:D61Q:D96Q:T113E,5
L4N:Q47R:R98D:V107M:V109Q,L4N:Q47R:R98D:V107M:V109Q,5
R60N:I92C:D96Q:R98D:V109Q,R60N:I92C:D96Q:R98D:V109Q,5
L4N:A29H:Q47R:V107M:V109Q,L4N:A29H:Q47R:V107M:V109Q,5
A29H:Q47R:I92C:R98D:T113E,A29H:Q47R:I92C:R98D:T113E,5
G3E:I92C:D96Q:V107M:V109Q,G3E:I92C:D96Q:V107M:V109Q,5
A29H:G34T:Q47V:D96Q:V107M,A29H:G34T:Q47V:D96Q:V107M,5
Q47R:D61Q:D96Q:R98D:V109Q,Q47R:D61Q:D96Q:R98D:V109Q,5
L4N:A29K:I92C:V109Q:T113E,L4N:A29K:I92C:V109Q:T113E,5
G3E:Q47V:D96Q:V107M:T113E,G3E:Q47V:D96Q:V107M:T113E,5
T7H:A29H:Q47V:V107M:T113E,T7H:A29H:Q47V:V107M:T113E,5
A29H:R60N:D96Q:R98D:V109Q,A29H:R60N:D96Q:R98D:V109Q,5
R5D:Q47R:R60N:V107M:T113E,R5D:Q47R:R60N:V107M:T113E,5
L4N:G34T:Q47C:V109Q:T113E,L4N:G34T:Q47C:V109Q:T113E,5
T7H:A29K:Q47R:V109Q:T113E,T7H:A29K:Q47R:V109Q:T113E,5
T7S:Q47R:R60N:V107M:V109Q,T7S:Q47R:R60N:V107M:V109Q,5
A29K:Q47R:D61Q:I92C:T113E,A29K:Q47R:D61Q:I92C:T113E,5
A29K:G34T:Q47C:I92C:V107M,A29K:G34T:Q47C:I92C:V107M,5
A29H:Q47V:D61Q:I92C:V107M,A29H:Q47V:D61Q:I92C:V107M,5
T7S:A29K:Q47I:V107M:V109Q,T7S:A29K:Q47I:V107M:V109Q,5
A29K:Q47V:D96Q:R98D:V107M,A29K:Q47V:D96Q:R98D:V107M,5
L4N:Q47R:D96Q:V107M:V109Q,L4N:Q47R:D96Q:V107M:V109Q,5
G3E:G34T:Q47C:V107M:T113E,G3E:G34T:Q47C:V107M:T113E,5
L4N:R60N:I92C:V109Q:T113E,L4N:R60N:I92C:V109Q:T113E,5
G3E:Q47C:D61Q:V107M:T113E,G3E:Q47C:D61Q:V107M:T113E,5
R5D:Q47V:D96Q:V109Q:T113E,R5D:Q47V:D96Q:V109Q:T113E,5
L4N:A29H:Q47C:V109Q:T113E,L4N:A29H:Q47C:V109Q:T113E,5
L4N:A29K:Q47C:V107M:V109Q,L4N:A29K:Q47C:V107M:V109Q,5
G3E:G34T:Q47I:V109Q:T113E,G3E:G34T:Q47I:V109Q:T113E,5
A29H:Q47R:D61Q:I92C:V109Q,A29H:Q47R:D61Q:I92C:V109Q,5
T7H:A29K:D96Q:V109Q:T113E,T7H:A29K:D96Q:V109Q:T113E,5
G3E:A29K:Q47C:V107M:T113E,G3E:A29K:Q47C:V107M:T113E,5
A29H:G34T:Q47V:I92C:V109Q,A29H:G34T:Q47V:I92C:V109Q,5
A29H:G34T:Q47C:I92C:T113E,A29H:G34T:Q47C:I92C:T113E,5
G3E:Q47C:I92C:V107M:T113E,G3E:Q47C:I92C:V107M:T113E,5
G3E:A29H:Q47C:V107M:T113E,G3E:A29H:Q47C:V107M:T113E,5
G3E:R60N:D96Q:V107M:V109Q,G3E:R60N:D96Q:V107M:V109Q,5
A29H:Q47C:D61Q:I92C:V107M,A29H:Q47C:D61Q:I92C:V107M,5
G34T:Q47I:I92C:D96Q:V107M,G34T:Q47I:I92C:D96Q:V107M,5
T7H:G34T:Q47V:V107M:T113E,T7H:G34T:Q47V:V107M:T113E,5
G34T:Q47I:D61Q:I92C:V109Q,G34T:Q47I:D61Q:I92C:V109Q,5
A29K:G34T:Q47I:D96Q:T113E,A29K:G34T:Q47I:D96Q:T113E,5
A29K:Q47R:I92C:D96Q:V107M,A29K:Q47R:I92C:D96Q:V107M,5
A29H:Q47C:D61Q:R98D:T113E,A29H:Q47C:D61Q:R98D:T113E,5
G34T:Q47C:D61Q:I92C:T113E,G34T:Q47C:D61Q:I92C:T113E,5
A29K:Q47R:I92C:R98D:V109Q,A29K:Q47R:I92C:R98D:V109Q,5
L4N:A29K:Q47V:V107M:T113E,L4N:A29K:Q47V:V107M:T113E,5
A29K:R60N:D96Q:R98D:V109Q,A29K:R60N:D96Q:R98D:V109Q,5
A29K:Q47R:R60N:D61Q:T113E,A29K:Q47R:R60N:D61Q:T113E,5
G3E:I92C:D96Q:V109Q:T113E,G3E:I92C:D96Q:V109Q:T113E,5
G34T:Q47R:I92C:R98D:V109Q,G34T:Q47R:I92C:R98D:V109Q,5
G3E:G34T:Q47V:V107M:V109Q,G3E:G34T:Q47V:V107M:V109Q,5
L4N:A29K:Q47I:V109Q:T113E,L4N:A29K:Q47I:V109Q:T113E,5
A29K:Q47I:D61Q:I92C:V107M,A29K:Q47I:D61Q:I92C:V107M,5
A29K:G34T:Q47V:I92C:T113E,A29K:G34T:Q47V:I92C:T113E,5
A29H:G34T:Q47C:R98D:V109Q,A29H:G34T:Q47C:R98D:V109Q,5
L4N:A29K:Q47C:V107M:T113E,L4N:A29K:Q47C:V107M:T113E,5
R5D:Q47V:D96Q:V107M:V109Q,R5D:Q47V:D96Q:V107M:V109Q,5
Q47C:D61Q:D96Q:R98D:T113E,Q47C:D61Q:D96Q:R98D:T113E,5
A29H:Q47I:D96Q:R98D:V107M,A29H:Q47I:D96Q:R98D:V107M,5
R5D:Q47C:D96Q:V107M:V109Q,R5D:Q47C:D96Q:V107M:V109Q,5
G34T:Q47C:D61Q:D96Q:V107M,G34T:Q47C:D61Q:D96Q:V107M,5
A29H:G34T:Q47C:D96Q:T113E,A29H:G34T:Q47C:D96Q:T113E,5
L4N:R60N:R98D:V109Q:T113E,L4N:R60N:R98D:V109Q:T113E,5
G3E:Q47I:I92C:V107M:T113E,G3E:Q47I:I92C:V107M:T113E,5
L4N:A29H:Q47V:V107M:T113E,L4N:A29H:Q47V:V107M:T113E,5
L4N:A29H:Q47I:V107M:T113E,L4N:A29H:Q47I:V107M:T113E,5
A29H:R60N:I92C:R98D:V109Q,A29H:R60N:I92C:R98D:V109Q,5
T7S:Q47I:D96Q:V109Q:T113E,T7S:Q47I:D96Q:V109Q:T113E,5
A29H:Q47I:D61Q:I92C:V107M,A29H:Q47I:D61Q:I92C:V107M,5
T7H:Q47V:D61Q:V107M:T113E,T7H:Q47V:D61Q:V107M:T113E,5
A29H:Q47I:D61Q:R98D:T113E,A29H:Q47I:D61Q:R98D:T113E,5
A29K:Q47V:D61Q:R98D:T113E,A29K:Q47V:D61Q:R98D:T113E,5
A29K:Q47I:D61Q:I92C:T113E,A29K:Q47I:D61Q:I92C:T113E,5
G34T:R60N:I92C:D96Q:V109Q,G34T:R60N:I92C:D96Q:V109Q,5
G34T:Q47I:D61Q:D96Q:T113E,G34T:Q47I:D61Q:D96Q:T113E,5
G3E:Q47I:D61Q:V107M:T113E,G3E:Q47I:D61Q:V107M:T113E,5
G34T:Q47V:I92C:D96Q:V107M,G34T:Q47V:I92C:D96Q:V107M,5
T7H:Q47C:R98D:V107M:T113E,T7H:Q47C:R98D:V107M:T113E,5
A29H:Q47R:R60N:D61Q:T113E,A29H:Q47R:R60N:D61Q:T113E,5
T7S:Q47I:R60N:V107M:V109Q,T7S:Q47I:R60N:V107M:V109Q,5
G3E:A29H:Q47I:V109Q:T113E,G3E:A29H:Q47I:V109Q:T113E,5
G3E:Q47I:R98D:V107M:T113E,G3E:Q47I:R98D:V107M:T113E,5
A29H:Q47V:I92C:R98D:V107M,A29H:Q47V:I92C:R98D:V107M,5
T7S:Q47I:R60N:V109Q:T113E,T7S:Q47I:R60N:V109Q:T113E,5
G3E:Q47V:I92C:V109Q:T113E,G3E:Q47V:I92C:V109Q:T113E,5
T7H:A29H:Q47C:V107M:T113E,T7H:A29H:Q47C:V107M:T113E,5
L4N:G34T:Q47C:V107M:T113E,L4N:G34T:Q47C:V107M:T113E,5
G3E:A29H:Q47V:V107M:V109Q,G3E:A29H:Q47V:V107M:V109Q,5
L4N:G34T:Q47V:V107M:T113E,L4N:G34T:Q47V:V107M:T113E,5
A29K:Q47V:I92C:R98D:V107M,A29K:Q47V:I92C:R98D:V107M,5
L4N:A29H:Q47V:V109Q:T113E,L4N:A29H:Q47V:V109Q:T113E,5
L4N:Q47C:R98D:V107M:T113E,L4N:Q47C:R98D:V107M:T113E,5
A29H:Q47C:I92C:R98D:T113E,A29H:Q47C:I92C:R98D:T113E,5
L4N:Q47I:D61Q:V107M:T113E,L4N:Q47I:D61Q:V107M:T113E,5
Q47V:I92C:D96Q:R98D:T113E,Q47V:I92C:D96Q:R98D:T113E,5
A29K:Q47I:D61Q:R98D:T113E,A29K:Q47I:D61Q:R98D:T113E,5
A29K:Q47R:D61Q:I92C:V109Q,A29K:Q47R:D61Q:I92C:V109Q,5
A29K:R60N:I92C:D96Q:T113E,A29K:R60N:I92C:D96Q:T113E,5
T7H:G34T:Q47C:V109Q:T113E,T7H:G34T:Q47C:V109Q:T113E,5
A29H:Q47V:D61Q:I92C:T113E,A29H:Q47V:D61Q:I92C:T113E,5
L4N:G34T:Q47I:V109Q:T113E,L4N:G34T:Q47I:V109Q:T113E,5
G34T:Q47C:I92C:R98D:T113E,G34T:Q47C:I92C:R98D:T113E,5
A29K:Q47R:I92C:D96Q:T113E,A29K:Q47R:I92C:D96Q:T113E,5
T7H:Q47V:I92C:V107M:T113E,T7H:Q47V:I92C:V107M:T113E,5
G3E:R60N:R98D:V109Q:T113E,G3E:R60N:R98D:V109Q:T113E,5
G3E:G34T:Q47C:V107M:V109Q,G3E:G34T:Q47C:V107M:V109Q,5
A29K:G34T:Q47V:D96Q:T113E,A29K:G34T:Q47V:D96Q:T113E,5
A29K:G34T:Q47C:I92C:T113E,A29K:G34T:Q47C:I92C:T113E,5
T7H:A29H:Q47I:V107M:T113E,T7H:A29H:Q47I:V107M:T113E,5
Q47V:D61Q:D96Q:R98D:T113E,Q47V:D61Q:D96Q:R98D:T113E,5
G3E:Q47C:D61Q:V109Q:T113E,G3E:Q47C:D61Q:V109Q:T113E,5
Q47C:I92C:D96Q:R98D:T113E,Q47C:I92C:D96Q:R98D:T113E,5
A29H:G34T:Q47C:I92C:V109Q,A29H:G34T:Q47C:I92C:V109Q,5
A29K:G34T:Q47V:D96Q:V107M,A29K:G34T:Q47V:D96Q:V107M,5
T7H:Q47V:R98D:V107M:T113E,T7H:Q47V:R98D:V107M:T113E,5
L4N:G34T:Q47I:V107M:V109Q,L4N:G34T:Q47I:V107M:V109Q,5
A29H:Q47C:D61Q:I92C:T113E,A29H:Q47C:D61Q:I92C:T113E,5
A29K:G34T:Q47V:I92C:V107M,A29K:G34T:Q47V:I92C:V107M,5
T7H:G34T:Q47V:V109Q:T113E,T7H:G34T:Q47V:V109Q:T113E,5
A29K:G34T:Q47I:R60N:T113E,A29K:G34T:Q47I:R60N:T113E,5
G34T:Q47C:I92C:D96Q:V107M,G34T:Q47C:I92C:D96Q:V107M,5
A29K:Q47R:D61Q:D96Q:V109Q,A29K:Q47R:D61Q:D96Q:V109Q,5
T7H:A29K:Q47R:V107M:V109Q,T7H:A29K:Q47R:V107M:V109Q,5
A29K:G34T:Q47C:D96Q:V107M,A29K:G34T:Q47C:D96Q:V107M,5
T7H:Q47R:R98D:V109Q:T113E,T7H:Q47R:R98D:V109Q:T113E,5
R5D:Q47I:R60N:V107M:T113E,R5D:Q47I:R60N:V107M:T113E,5
A29H:G34T:Q47R:R60N:V107M,A29H:G34T:Q47R:R60N:V107M,5
G3E:Q47C:R98D:V109Q:T113E,G3E:Q47C:R98D:V109Q:T113E,5
L4N:Q47R:D96Q:V109Q:T113E,L4N:Q47R:D96Q:V109Q:T113E,5
T7H:G34T:Q47V:V107M:V109Q,T7H:G34T:Q47V:V107M:V109Q,5
L4N:Q47V:I92C:V107M:T113E,L4N:Q47V:I92C:V107M:T113E,5
G3E:Q47C:D96Q:V107M:T113E,G3E:Q47C:D96Q:V107M:T113E,5
R5D:Q47I:R98D:V107M:V109Q,R5D:Q47I:R98D:V107M:V109Q,5
L4N:G34T:Q47I:V107M:T113E,L4N:G34T:Q47I:V107M:T113E,5
G3E:G34T:Q47C:V109Q:T113E,G3E:G34T:Q47C:V109Q:T113E,5
G34T:Q47C:D61Q:D96Q:T113E,G34T:Q47C:D61Q:D96Q:T113E,5
L4N:Q47C:I92C:V107M:T113E,L4N:Q47C:I92C:V107M:T113E,5
A29H:Q47C:D61Q:D96Q:V107M,A29H:Q47C:D61Q:D96Q:V107M,5
T7H:A29H:Q47C:V109Q:T113E,T7H:A29H:Q47C:V109Q:T113E,5
L4N:G34T:Q47C:V107M:V109Q,L4N:G34T:Q47C:V107M:V109Q,5
A29K:G34T:Q47R:D96Q:V109Q,A29K:G34T:Q47R:D96Q:V109Q,5
G34T:Q47I:R60N:D61Q:T113E,G34T:Q47I:R60N:D61Q:T113E,5
A29H:Q47I:D61Q:I92C:T113E,A29H:Q47I:D61Q:I92C:T113E,5
A29H:G34T:Q47V:R98D:V109Q,A29H:G34T:Q47V:R98D:V109Q,5
L4N:D96Q:R98D:V109Q:T113E,L4N:D96Q:R98D:V109Q:T113E,5
L4N:A29K:Q47C:V109Q:T113E,L4N:A29K:Q47C:V109Q:T113E,5
L4N:R60N:D96Q:V109Q:T113E,L4N:R60N:D96Q:V109Q:T113E,5
A29K:G34T:Q47R:R60N:V109Q,A29K:G34T:Q47R:R60N:V109Q,5
T7H:Q47C:I92C:V107M:T113E,T7H:Q47C:I92C:V107M:T113E,5
L4N:Q47I:I92C:V107M:T113E,L4N:Q47I:I92C:V107M:T113E,5
L4N:Q47C:R98D:V109Q:T113E,L4N:Q47C:R98D:V109Q:T113E,5
G3E:Q47C:R98D:V107M:V109Q,G3E:Q47C:R98D:V107M:V109Q,5
A29H:Q47R:I92C:D96Q:V107M,A29H:Q47R:I92C:D96Q:V107M,5
G34T:Q47R:R60N:R98D:T113E,G34T:Q47R:R60N:R98D:T113E,5
G34T:Q47V:D61Q:R98D:V109Q,G34T:Q47V:D61Q:R98D:V109Q,5
T7H:Q47C:D61Q:V107M:V109Q,T7H:Q47C:D61Q:V107M:V109Q,5
A29H:Q47V:D61Q:D96Q:V107M,A29H:Q47V:D61Q:D96Q:V107M,5
A29H:Q47R:I92C:D96Q:T113E,A29H:Q47R:I92C:D96Q:T113E,5
Q47C:D61Q:I92C:R98D:T113E,Q47C:D61Q:I92C:R98D:T113E,5
A29K:Q47C:D61Q:R98D:T113E,A29K:Q47C:D61Q:R98D:T113E,5
L4N:A29H:Q47C:V107M:V109Q,L4N:A29H:Q47C:V107M:V109Q,5
A29K:Q47R:D61Q:R98D:V109Q,A29K:Q47R:D61Q:R98D:V109Q,5
A29K:R60N:I92C:D96Q:V109Q,A29K:R60N:I92C:D96Q:V109Q,5
L4N:G34T:Q47V:V107M:V109Q,L4N:G34T:Q47V:V107M:V109Q,5
A29H:G34T:Q47I:R60N:T113E,A29H:G34T:Q47I:R60N:T113E,5
G3E:A29K:Q47I:V107M:T113E,G3E:A29K:Q47I:V107M:T113E,5
A29H:G34T:R60N:D96Q:V109Q,A29H:G34T:R60N:D96Q:V109Q,5
G34T:Q47C:D61Q:R98D:V109Q,G34T:Q47C:D61Q:R98D:V109Q,5
G34T:Q47R:D61Q:D96Q:V109Q,G34T:Q47R:D61Q:D96Q:V109Q,5
R5D:Q47I:D96Q:V109Q:T113E,R5D:Q47I:D96Q:V109Q:T113E,5
G3E:Q47V:D61Q:V107M:V109Q,G3E:Q47V:D61Q:V107M:V109Q,5
T7H:Q47C:D61Q:V109Q:T113E,T7H:Q47C:D61Q:V109Q:T113E,5
A29K:Q47C:D61Q:D96Q:V107M,A29K:Q47C:D61Q:D96Q:V107M,5
L4N:Q47V:D61Q:V107M:T113E,L4N:Q47V:D61Q:V107M:T113E,5
L4N:Q47V:D61Q:V109Q:T113E,L4N:Q47V:D61Q:V109Q:T113E,5
A29K:Q47V:D61Q:I92C:T113E,A29K:Q47V:D61Q:I92C:T113E,5
A29K:G34T:Q47C:I92C:V109Q,A29K:G34T:Q47C:I92C:V109Q,5
A29K:G34T:Q47V:R98D:V109Q,A29K:G34T:Q47V:R98D:V109Q,5
Q47R:R60N:D61Q:R98D:V107M,Q47R:R60N:D61Q:R98D:V107M,5
L4N:Q47V:D61Q:V107M:V109Q,L4N:Q47V:D61Q:V107M:V109Q,5
A29K:Q47V:D61Q:I92C:V107M,A29K:Q47V:D61Q:I92C:V107M,5
Q47R:I92C:D96Q:R98D:V109Q,Q47R:I92C:D96Q:R98D:V109Q,5
T7H:Q47I:D61Q:V107M:T113E,T7H:Q47I:D61Q:V107M:T113E,5
G3E:Q47V:I92C:V107M:V109Q,G3E:Q47V:I92C:V107M:V109Q,5
Q47C:D61Q:D96Q:R98D:V107M,Q47C:D61Q:D96Q:R98D:V107M,5
G34T:Q47C:I92C:D96Q:T113E,G34T:Q47C:I92C:D96Q:T113E,5
A29H:Q47R:D96Q:R98D:V109Q,A29H:Q47R:D96Q:R98D:V109Q,5
G34T:Q47C:D96Q:R98D:V109Q,G34T:Q47C:D96Q:R98D:V109Q,5
G3E:Q47V:R98D:V107M:V109Q,G3E:Q47V:R98D:V107M:V109Q,5
G3E:A29K:Q47C:V109Q:T113E,G3E:A29K:Q47C:V109Q:T113E,5
L4N:Q47C:D96Q:V107M:T113E,L4N:Q47C:D96Q:V107M:T113E,5
G3E:Q47R:R60N:V109Q:T113E,G3E:Q47R:R60N:V109Q:T113E,5
G3E:Q47C:D61Q:V107M:V109Q,G3E:Q47C:D61Q:V107M:V109Q,5
A29H:Q47V:D61Q:I92C:V109Q,A29H:Q47V:D61Q:I92C:V109Q,5
T7H:Q47C:D96Q:V107M:T113E,T7H:Q47C:D96Q:V107M:T113E,5
T7H:A29H:Q47V:V109Q:T113E,T7H:A29H:Q47V:V109Q:T113E,5
A29H:G34T:Q47I:D96Q:V107M,A29H:G34T:Q47I:D96Q:V107M,5
A29H:G34T:Q47C:D61Q:V109Q,A29H:G34T:Q47C:D61Q:V109Q,5
T7H:A29K:Q47R:V107M:T113E,T7H:A29K:Q47R:V107M:T113E,5
T7H:G34T:Q47C:V107M:V109Q,T7H:G34T:Q47C:V107M:V109Q,5
Q47I:D61Q:D96Q:R98D:T113E,Q47I:D61Q:D96Q:R98D:T113E,5
T7H:Q47R:D96Q:V109Q:T113E,T7H:Q47R:D96Q:V109Q:T113E,5
A29H:G34T:Q47I:D96Q:T113E,A29H:G34T:Q47I:D96Q:T113E,5
G3E:Q47I:D96Q:V107M:T113E,G3E:Q47I:D96Q:V107M:T113E,5
Q47V:D61Q:I92C:R98D:T113E,Q47V:D61Q:I92C:R98D:T113E,5
G3E:Q47C:I92C:V109Q:T113E,G3E:Q47C:I92C:V109Q:T113E,5
T7H:Q47C:D61Q:V107M:T113E,T7H:Q47C:D61Q:V107M:T113E,5
A29H:Q47C:I92C:D96Q:T113E,A29H:Q47C:I92C:D96Q:T113E,5
L4N:A29H:Q47I:V107M:V109Q,L4N:A29H:Q47I:V107M:V109Q,5
A29K:Q47C:D96Q:R98D:V107M,A29K:Q47C:D96Q:R98D:V107M,5
A29K:Q47V:I92C:R98D:T113E,A29K:Q47V:I92C:R98D:T113E,5
A29K:G34T:Q47R:R60N:V107M,A29K:G34T:Q47R:R60N:V107M,5
G3E:Q47R:R98D:V109Q:T113E,G3E:Q47R:R98D:V109Q:T113E,5
G34T:Q47C:D61Q:I92C:V109Q,G34T:Q47C:D61Q:I92C:V109Q,5
T7H:Q47C:I92C:V109Q:T113E,T7H:Q47C:I92C:V109Q:T113E,5
T7H:Q47I:R98D:V107M:T113E,T7H:Q47I:R98D:V107M:T113E,5
T7H:A29H:Q47C:V107M:V109Q,T7H:A29H:Q47C:V107M:V109Q,5
G34T:Q47V:I92C:R98D:V109Q,G34T:Q47V:I92C:R98D:V109Q,5
A29H:Q47V:D96Q:R98D:T113E,A29H:Q47V:D96Q:R98D:T113E,5
A29H:Q47V:I92C:R98D:T113E,A29H:Q47V:I92C:R98D:T113E,5
A29K:Q47V:D96Q:R98D:T113E,A29K:Q47V:D96Q:R98D:T113E,5
G3E:Q47R:D96Q:V109Q:T113E,G3E:Q47R:D96Q:V109Q:T113E,5
G34T:Q47V:I92C:D96Q:T113E,G34T:Q47V:I92C:D96Q:T113E,5
A29H:Q47C:D61Q:I92C:V109Q,A29H:Q47C:D61Q:I92C:V109Q,5
A29H:Q47R:I92C:R98D:V109Q,A29H:Q47R:I92C:R98D:V109Q,5
T7H:Q47V:I92C:V109Q:T113E,T7H:Q47V:I92C:V109Q:T113E,5
G34T:Q47R:R60N:R98D:V107M,G34T:Q47R:R60N:R98D:V107M,5
T7H:Q47C:R98D:V109Q:T113E,T7H:Q47C:R98D:V109Q:T113E,5
R5D:Q47I:D96Q:V107M:V109Q,R5D:Q47I:D96Q:V107M:V109Q,5
T7H:Q47I:I92C:V107M:T113E,T7H:Q47I:I92C:V107M:T113E,5
T7H:Q47V:D61Q:V109Q:T113E,T7H:Q47V:D61Q:V109Q:T113E,5
A29K:Q47I:D61Q:I92C:V109Q,A29K:Q47I:D61Q:I92C:V109Q,5
L4N:A29H:Q47V:V107M:V109Q,L4N:A29H:Q47V:V107M:V109Q,5
A29H:R60N:I92C:D96Q:V109Q,A29H:R60N:I92C:D96Q:V109Q,5
G3E:Q47I:I92C:V109Q:T113E,G3E:Q47I:I92C:V109Q:T113E,5
T7S:Q47V:R60N:V107M:T113E,T7S:Q47V:R60N:V107M:T113E,5
G3E:Q47V:R98D:V109Q:T113E,G3E:Q47V:R98D:V109Q:T113E,5
T7H:A29H:Q47V:V107M:V109Q,T7H:A29H:Q47V:V107M:V109Q,5
A29K:G34T:Q47C:R98D:V109Q,A29K:G34T:Q47C:R98D:V109Q,5
L4N:A29K:Q47I:V107M:V109Q,L4N:A29K:Q47I:V107M:V109Q,5
A29K:Q47I:D96Q:R98D:T113E,A29K:Q47I:D96Q:R98D:T113E,5
L4N:Q47V:I92C:V107M:V109Q,L4N:Q47V:I92C:V107M:V109Q,5
R5D:Q47I:R60N:V109Q:T113E,R5D:Q47I:R60N:V109Q:T113E,5
Q47R:R60N:D96Q:R98D:V107M,Q47R:R60N:D96Q:R98D:V107M,5
L4N:Q47I:D96Q:V107M:T113E,L4N:Q47I:D96Q:V107M:T113E,5
L4N:Q47C:R98D:V107M:V109Q,L4N:Q47C:R98D:V107M:V109Q,5
L4N:Q47I:D61Q:V107M:V109Q,L4N:Q47I:D61Q:V107M:V109Q,5
A29K:Q47C:D61Q:I92C:V109Q,A29K:Q47C:D61Q:I92C:V109Q,5
A29K:Q47I:D61Q:D96Q:V107M,A29K:Q47I:D61Q:D96Q:V107M,5
Q47R:D61Q:I92C:R98D:V109Q,Q47R:D61Q:I92C:R98D:V109Q,5
T7S:Q47V:R60N:V109Q:T113E,T7S:Q47V:R60N:V109Q:T113E,5
A29H:Q47V:D61Q:D96Q:T113E,A29H:Q47V:D61Q:D96Q:T113E,5
G3E:Q47C:I92C:V107M:V109Q,G3E:Q47C:I92C:V107M:V109Q,5
A29K:Q47I:I92C:R98D:V107M,A29K:Q47I:I92C:R98D:V107M,5
G3E:Q47R:D96Q:V107M:V109Q,G3E:Q47R:D96Q:V107M:V109Q,5
Q47R:D61Q:I92C:D96Q:T113E,Q47R:D61Q:I92C:D96Q:T113E,5
Q47I:I92C:D96Q:R98D:V107M,Q47I:I92C:D96Q:R98D:V107M,5
A29K:Q47C:I92C:R98D:T113E,A29K:Q47C:I92C:R98D:T113E,5
T7S:Q47V:R60N:V107M:V109Q,T7S:Q47V:R60N:V107M:V109Q,5
L4N:Q47C:I92C:V109Q:T113E,L4N:Q47C:I92C:V109Q:T113E,5
A29H:Q47C:I92C:D96Q:V107M,A29H:Q47C:I92C:D96Q:V107M,5
G3E:Q47I:D61Q:V107M:V109Q,G3E:Q47I:D61Q:V107M:V109Q,5
G3E:A29H:Q47I:V107M:V109Q,G3E:A29H:Q47I:V107M:V109Q,5
G3E:Q47V:D96Q:V109Q:T113E,G3E:Q47V:D96Q:V109Q:T113E,5
T7H:Q47R:R60N:V107M:T113E,T7H:Q47R:R60N:V107M:T113E,5
T7H:Q47V:D96Q:V107M:T113E,T7H:Q47V:D96Q:V107M:T113E,5
A29K:Q47C:D96Q:R98D:T113E,A29K:Q47C:D96Q:R98D:T113E,5
T7H:Q47R:D96Q:V107M:V109Q,T7H:Q47R:D96Q:V107M:V109Q,5
L4N:Q47V:I92C:V109Q:T113E,L4N:Q47V:I92C:V109Q:T113E,5
G34T:Q47C:I92C:R98D:V109Q,G34T:Q47C:I92C:R98D:V109Q,5
G34T:Q47R:R60N:D61Q:V109Q,G34T:Q47R:R60N:D61Q:V109Q,5
T7H:A29K:Q47C:V107M:T113E,T7H:A29K:Q47C:V107M:T113E,5
Q47I:D61Q:I92C:R98D:V107M,Q47I:D61Q:I92C:R98D:V107M,5
Q47C:D61Q:D96Q:R98D:V109Q,Q47C:D61Q:D96Q:R98D:V109Q,5
T7H:A29K:Q47V:V109Q:T113E,T7H:A29K:Q47V:V109Q:T113E,5
A29H:Q47I:D96Q:R98D:T113E,A29H:Q47I:D96Q:R98D:T113E,5
A29H:G34T:Q47V:R60N:T113E,A29H:G34T:Q47V:R60N:T113E,5
T7H:Q47I:I92C:V109Q:T113E,T7H:Q47I:I92C:V109Q:T113E,5
G3E:Q47C:D96Q:V107M:V109Q,G3E:Q47C:D96Q:V107M:V109Q,5
L4N:Q47R:R60N:V109Q:T113E,L4N:Q47R:R60N:V109Q:T113E,5
Q47I:I92C:D96Q:R98D:T113E,Q47I:I92C:D96Q:R98D:T113E,5
L4N:Q47I:I92C:V109Q:T113E,L4N:Q47I:I92C:V109Q:T113E,5
G34T:Q47R:I92C:D96Q:V109Q,G34T:Q47R:I92C:D96Q:V109Q,5
A29K:Q47V:D61Q:I92C:V109Q,A29K:Q47V:D61Q:I92C:V109Q,5
T7H:G34T:Q47I:V109Q:T113E,T7H:G34T:Q47I:V109Q:T113E,5
A29K:Q47R:R60N:D61Q:V107M,A29K:Q47R:R60N:D61Q:V107M,5
T7H:Q47C:I92C:V107M:V109Q,T7H:Q47C:I92C:V107M:V109Q,5
G34T:Q47C:D61Q:D96Q:V109Q,G34T:Q47C:D61Q:D96Q:V109Q,5
Q47C:D61Q:I92C:D96Q:V107M,Q47C:D61Q:I92C:D96Q:V107M,5
A29K:Q47R:I92C:D96Q:V109Q,A29K:Q47R:I92C:D96Q:V109Q,5
A29K:Q47I:R60N:D61Q:T113E,A29K:Q47I:R60N:D61Q:T113E,5
G34T:Q47R:R60N:I92C:T113E,G34T:Q47R:R60N:I92C:T113E,5
T7H:A29K:Q47V:V107M:T113E,T7H:A29K:Q47V:V107M:T113E,5
A29K:G34T:Q47I:D96Q:V109Q,A29K:G34T:Q47I:D96Q:V109Q,5
Q47R:R60N:D61Q:R98D:T113E,Q47R:R60N:D61Q:R98D:T113E,5
A29H:Q47V:R60N:D61Q:T113E,A29H:Q47V:R60N:D61Q:T113E,5
A29H:G34T:Q47C:R60N:T113E,A29H:G34T:Q47C:R60N:T113E,5
A29H:Q47C:D61Q:D96Q:T113E,A29H:Q47C:D61Q:D96Q:T113E,5
A29K:Q47V:D61Q:D96Q:T113E,A29K:Q47V:D61Q:D96Q:T113E,5
A29K:Q47I:I92C:D96Q:V107M,A29K:Q47I:I92C:D96Q:V107M,5
T7H:Q47V:I92C:V107M:V109Q,T7H:Q47V:I92C:V107M:V109Q,5
A29K:Q47C:D61Q:I92C:T113E,A29K:Q47C:D61Q:I92C:T113E,5
L4N:Q47C:I92C:V107M:V109Q,L4N:Q47C:I92C:V107M:V109Q,5
T7H:Q47R:R60N:V109Q:T113E,T7H:Q47R:R60N:V109Q:T113E,5
G3E:Q47C:D96Q:V109Q:T113E,G3E:Q47C:D96Q:V109Q:T113E,5
A29K:G34T:Q47C:R60N:T113E,A29K:G34T:Q47C:R60N:T113E,5
A29H:Q47I:I92C:R98D:V107M,A29H:Q47I:I92C:R98D:V107M,5
L4N:Q47V:D96Q:V107M:T113E,L4N:Q47V:D96Q:V107M:T113E,5
A29H:Q47R:D61Q:D96Q:V109Q,A29H:Q47R:D61Q:D96Q:V109Q,5
A29K:Q47V:I92C:D96Q:V107M,A29K:Q47V:I92C:D96Q:V107M,5
T7H:A29K:Q47V:V107M:V109Q,T7H:A29K:Q47V:V107M:V109Q,5
Q47R:R60N:D61Q:I92C:T113E,Q47R:R60N:D61Q:I92C:T113E,5
A29K:Q47C:D61Q:R98D:V109Q,A29K:Q47C:D61Q:R98D:V109Q,5
A29H:Q47V:I92C:D96Q:T113E,A29H:Q47V:I92C:D96Q:T113E,5
G3E:Q47V:D96Q:V107M:V109Q,G3E:Q47V:D96Q:V107M:V109Q,5
G34T:Q47R:R60N:I92C:V107M,G34T:Q47R:R60N:I92C:V107M,5
L4N:Q47V:R98D:V107M:V109Q,L4N:Q47V:R98D:V107M:V109Q,5
A29K:Q47I:D61Q:D96Q:T113E,A29K:Q47I:D61Q:D96Q:T113E,5
A29H:G34T:Q47I:R98D:V109Q,A29H:G34T:Q47I:R98D:V109Q,5
A29H:G34T:Q47V:D96Q:V109Q,A29H:G34T:Q47V:D96Q:V109Q,5
A29H:Q47V:I92C:D96Q:V107M,A29H:Q47V:I92C:D96Q:V107M,5
L4N:Q47C:D96Q:V107M:V109Q,L4N:Q47C:D96Q:V107M:V109Q,5
A29K:Q47C:D61Q:D96Q:T113E,A29K:Q47C:D61Q:D96Q:T113E,5
G34T:Q47I:I92C:D96Q:T113E,G34T:Q47I:I92C:D96Q:T113E,5
T7H:A29K:Q47I:V107M:T113E,T7H:A29K:Q47I:V107M:T113E,5
G3E:Q47I:R60N:V107M:T113E,G3E:Q47I:R60N:V107M:T113E,5
A29K:Q47C:D61Q:I92C:V107M,A29K:Q47C:D61Q:I92C:V107M,5
A29H:Q47I:R60N:R98D:V107M,A29H:Q47I:R60N:R98D:V107M,5
T7H:A29K:Q47C:V107M:V109Q,T7H:A29K:Q47C:V107M:V109Q,5
Q47C:D61Q:I92C:R98D:V109Q,Q47C:D61Q:I92C:R98D:V109Q,5
A29K:G34T:Q47I:R98D:V109Q,A29K:G34T:Q47I:R98D:V109Q,5
A29K:Q47R:R60N:R98D:V107M,A29K:Q47R:R60N:R98D:V107M,5
A29H:Q47R:R60N:D61Q:V107M,A29H:Q47R:R60N:D61Q:V107M,5
A29K:Q47C:I92C:D96Q:V107M,A29K:Q47C:I92C:D96Q:V107M,5
L4N:Q47C:D96Q:V109Q:T113E,L4N:Q47C:D96Q:V109Q:T113E,5
A29H:G34T:Q47R:R60N:V109Q,A29H:G34T:Q47R:R60N:V109Q,5
A29H:Q47R:I92C:D96Q:V109Q,A29H:Q47R:I92C:D96Q:V109Q,5
T7H:A29H:Q47I:V109Q:T113E,T7H:A29H:Q47I:V109Q:T113E,5
Q47C:I92C:D96Q:R98D:V109Q,Q47C:I92C:D96Q:R98D:V109Q,5
T7H:Q47C:R98D:V107M:V109Q,T7H:Q47C:R98D:V107M:V109Q,5
L4N:Q47R:R60N:V107M:T113E,L4N:Q47R:R60N:V107M:T113E,5
L4N:A29H:Q47I:V109Q:T113E,L4N:A29H:Q47I:V109Q:T113E,5
A29K:Q47V:D61Q:D96Q:V107M,A29K:Q47V:D61Q:D96Q:V107M,5
G34T:Q47V:R60N:D61Q:T113E,G34T:Q47V:R60N:D61Q:T113E,5
A29H:Q47C:D61Q:R98D:V109Q,A29H:Q47C:D61Q:R98D:V109Q,5
A29K:G34T:Q47V:R60N:T113E,A29K:G34T:Q47V:R60N:T113E,5
A29K:Q47C:R60N:D61Q:T113E,A29K:Q47C:R60N:D61Q:T113E,5
G34T:Q47R:R60N:R98D:V109Q,G34T:Q47R:R60N:R98D:V109Q,5
A29K:Q47V:R60N:D61Q:T113E,A29K:Q47V:R60N:D61Q:T113E,5
G34T:Q47V:D96Q:R98D:V109Q,G34T:Q47V:D96Q:R98D:V109Q,5
A29K:Q47R:R60N:R98D:T113E,A29K:Q47R:R60N:R98D:T113E,5
T7H:Q47I:D61Q:V107M:V109Q,T7H:Q47I:D61Q:V107M:V109Q,5
A29K:G34T:Q47V:D96Q:V109Q,A29K:G34T:Q47V:D96Q:V109Q,5
T7H:Q47V:D61Q:V107M:V109Q,T7H:Q47V:D61Q:V107M:V109Q,5
R5D:Q47V:R60N:V107M:T113E,R5D:Q47V:R60N:V107M:T113E,5
A29K:G34T:Q47C:D96Q:V109Q,A29K:G34T:Q47C:D96Q:V109Q,5
Q47V:D61Q:I92C:D96Q:V107M,Q47V:D61Q:I92C:D96Q:V107M,5
R5D:Q47C:R60N:V107M:T113E,R5D:Q47C:R60N:V107M:T113E,5
A29K:Q47V:I92C:D96Q:T113E,A29K:Q47V:I92C:D96Q:T113E,5
T7H:A29K:Q47I:V107M:V109Q,T7H:A29K:Q47I:V107M:V109Q,5
G34T:Q47C:R60N:D61Q:T113E,G34T:Q47C:R60N:D61Q:T113E,5
A29H:Q47R:R60N:R98D:T113E,A29H:Q47R:R60N:R98D:T113E,5
A29K:Q47R:R60N:D61Q:V109Q,A29K:Q47R:R60N:D61Q:V109Q,5
A29K:Q47I:D96Q:R98D:V107M,A29K:Q47I:D96Q:R98D:V107M,5
L4N:Q47V:R98D:V109Q:T113E,L4N:Q47V:R98D:V109Q:T113E,5
G34T:Q47R:R60N:D96Q:V107M,G34T:Q47R:R60N:D96Q:V107M,5
G34T:Q47C:I92C:D96Q:V109Q,G34T:Q47C:I92C:D96Q:V109Q,5
L4N:Q47V:D96Q:V107M:V109Q,L4N:Q47V:D96Q:V107M:V109Q,5
A29H:Q47V:D61Q:R98D:V109Q,A29H:Q47V:D61Q:R98D:V109Q,5
G34T:Q47R:R60N:D96Q:T113E,G34T:Q47R:R60N:D96Q:T113E,5
A29H:Q47I:D61Q:I92C:V109Q,A29H:Q47I:D61Q:I92C:V109Q,5
T7H:A29K:Q47C:V109Q:T113E,T7H:A29K:Q47C:V109Q:T113E,5
G34T:Q47V:R60N:D61Q:V107M,G34T:Q47V:R60N:D61Q:V107M,5
G34T:Q47V:R60N:R98D:T113E,G34T:Q47V:R60N:R98D:T113E,5
A29K:Q47I:I92C:R98D:T113E,A29K:Q47I:I92C:R98D:T113E,5
T7H:Q47C:D96Q:V109Q:T113E,T7H:Q47C:D96Q:V109Q:T113E,5
A29H:Q47I:I92C:R98D:T113E,A29H:Q47I:I92C:R98D:T113E,5
G34T:Q47I:R60N:R98D:V107M,G34T:Q47I:R60N:R98D:V107M,5
T7H:Q47I:D61Q:V109Q:T113E,T7H:Q47I:D61Q:V109Q:T113E,5
A29K:Q47C:I92C:D96Q:T113E,A29K:Q47C:I92C:D96Q:T113E,5
G3E:Q47C:R60N:V109Q:T113E,G3E:Q47C:R60N:V109Q:T113E,5
A29H:Q47C:D61Q:D96Q:V109Q,A29H:Q47C:D61Q:D96Q:V109Q,5
A29K:Q47C:D61Q:D96Q:V109Q,A29K:Q47C:D61Q:D96Q:V109Q,5
Q47I:D61Q:I92C:R98D:T113E,Q47I:D61Q:I92C:R98D:T113E,5
G34T:Q47I:R60N:D61Q:V107M,G34T:Q47I:R60N:D61Q:V107M,5
L4N:Q47C:R60N:V109Q:T113E,L4N:Q47C:R60N:V109Q:T113E,5
Q47V:D61Q:I92C:D96Q:T113E,Q47V:D61Q:I92C:D96Q:T113E,5
T7H:Q47I:D96Q:V107M:T113E,T7H:Q47I:D96Q:V107M:T113E,5
A29H:Q47C:D96Q:R98D:V109Q,A29H:Q47C:D96Q:R98D:V109Q,5
A29H:Q47I:D61Q:D96Q:V107M,A29H:Q47I:D61Q:D96Q:V107M,5
Q47C:D61Q:I92C:D96Q:T113E,Q47C:D61Q:I92C:D96Q:T113E,5
A29K:Q47C:I92C:R98D:V109Q,A29K:Q47C:I92C:R98D:V109Q,5
L4N:Q47I:R60N:V107M:T113E,L4N:Q47I:R60N:V107M:T113E,5
A29H:G34T:Q47I:D96Q:V109Q,A29H:G34T:Q47I:D96Q:V109Q,5
G34T:Q47V:I92C:D96Q:V109Q,G34T:Q47V:I92C:D96Q:V109Q,5
A29H:G34T:Q47V:R60N:V109Q,A29H:G34T:Q47V:R60N:V109Q,5
A29K:Q47V:D61Q:D96Q:V109Q,A29K:Q47V:D61Q:D96Q:V109Q,5
L4N:Q47I:R98D:V107M:V109Q,L4N:Q47I:R98D:V107M:V109Q,5
Q47R:R60N:D61Q:D96Q:V107M,Q47R:R60N:D61Q:D96Q:V107M,5
A29K:Q47C:D96Q:R98D:V109Q,A29K:Q47C:D96Q:R98D:V109Q,5
Q47V:R60N:D61Q:R98D:V107M,Q47V:R60N:D61Q:R98D:V107M,5
G34T:Q47R:R60N:I92C:V109Q,G34T:Q47R:R60N:I92C:V109Q,5
A29H:Q47R:R60N:D61Q:V109Q,A29H:Q47R:R60N:D61Q:V109Q,5
A29H:Q47R:R60N:I92C:T113E,A29H:Q47R:R60N:I92C:T113E,5
A29K:Q47I:D61Q:R98D:V109Q,A29K:Q47I:D61Q:R98D:V109Q,5
Q47V:I92C:D96Q:R98D:V109Q,Q47V:I92C:D96Q:R98D:V109Q,5
R5D:Q47V:R60N:V109Q:T113E,R5D:Q47V:R60N:V109Q:T113E,5
A29K:Q47V:D61Q:R98D:V109Q,A29K:Q47V:D61Q:R98D:V109Q,5
G3E:Q47I:R98D:V109Q:T113E,G3E:Q47I:R98D:V109Q:T113E,5
L4N:Q47I:I92C:V107M:V109Q,L4N:Q47I:I92C:V107M:V109Q,5
Q47V:R60N:D61Q:R98D:T113E,Q47V:R60N:D61Q:R98D:T113E,5
L4N:Q47I:R98D:V109Q:T113E,L4N:Q47I:R98D:V109Q:T113E,5
G34T:Q47C:R60N:R98D:V107M,G34T:Q47C:R60N:R98D:V107M,5
Q47R:R60N:D61Q:I92C:V107M,Q47R:R60N:D61Q:I92C:V107M,5
G34T:Q47I:R60N:R98D:T113E,G34T:Q47I:R60N:R98D:T113E,5
G34T:Q47I:D61Q:D96Q:V109Q,G34T:Q47I:D61Q:D96Q:V109Q,5
G34T:Q47I:R60N:D61Q:V109Q,G34T:Q47I:R60N:D61Q:V109Q,5
T7S:Q47C:R60N:V107M:V109Q,T7S:Q47C:R60N:V107M:V109Q,5
T7H:Q47V:R98D:V109Q:T113E,T7H:Q47V:R98D:V109Q:T113E,5
Q47R:D61Q:I92C:D96Q:V109Q,Q47R:D61Q:I92C:D96Q:V109Q,5
A29H:Q47I:D61Q:D96Q:T113E,A29H:Q47I:D61Q:D96Q:T113E,5
G3E:Q47C:R60N:V107M:T113E,G3E:Q47C:R60N:V107M:T113E,5
Q47I:R60N:D61Q:R98D:V107M,Q47I:R60N:D61Q:R98D:V107M,5
A29K:G34T:Q47I:R60N:V109Q,A29K:G34T:Q47I:R60N:V109Q,5
Q47C:R60N:D61Q:R98D:V107M,Q47C:R60N:D61Q:R98D:V107M,5
Q47V:D61Q:D96Q:R98D:V109Q,Q47V:D61Q:D96Q:R98D:V109Q,5
A29H:G34T:Q47I:R60N:V107M,A29H:G34T:Q47I:R60N:V107M,5
G34T:Q47V:D61Q:D96Q:V109Q,G34T:Q47V:D61Q:D96Q:V109Q,5
L4N:Q47R:R60N:V107M:V109Q,L4N:Q47R:R60N:V107M:V109Q,5
Q47V:D61Q:I92C:R98D:V109Q,Q47V:D61Q:I92C:R98D:V109Q,5
G34T:Q47I:R60N:I92C:T113E,G34T:Q47I:R60N:I92C:T113E,5
A29H:Q47I:R60N:D61Q:V107M,A29H:Q47I:R60N:D61Q:V107M,5
Q47C:R60N:D61Q:R98D:T113E,Q47C:R60N:D61Q:R98D:T113E,5
A29H:Q47V:I92C:R98D:V109Q,A29H:Q47V:I92C:R98D:V109Q,5
G34T:Q47V:R60N:R98D:V107M,G34T:Q47V:R60N:R98D:V107M,5
A29K:Q47V:R60N:D61Q:V107M,A29K:Q47V:R60N:D61Q:V107M,5
A29K:Q47V:D96Q:R98D:V109Q,A29K:Q47V:D96Q:R98D:V109Q,5
Q47C:D61Q:I92C:D96Q:V109Q,Q47C:D61Q:I92C:D96Q:V109Q,5
G34T:Q47I:D61Q:R98D:V109Q,G34T:Q47I:D61Q:R98D:V109Q,5
G3E:Q47I:D96Q:V107M:V109Q,G3E:Q47I:D96Q:V107M:V109Q,5
Q47C:R60N:D61Q:I92C:T113E,Q47C:R60N:D61Q:I92C:T113E,5
Q47C:R60N:D61Q:D96Q:V107M,Q47C:R60N:D61Q:D96Q:V107M,5
A29H:Q47V:R60N:D61Q:V109Q,A29H:Q47V:R60N:D61Q:V109Q,5
A29H:Q47R:R60N:R98D:V107M,A29H:Q47R:R60N:R98D:V107M,5
T7H:Q47V:D96Q:V109Q:T113E,T7H:Q47V:D96Q:V109Q:T113E,5
Q47I:D61Q:I92C:D96Q:V107M,Q47I:D61Q:I92C:D96Q:V107M,5
T7H:Q47V:R98D:V107M:V109Q,T7H:Q47V:R98D:V107M:V109Q,5
Q47R:R60N:D96Q:R98D:T113E,Q47R:R60N:D96Q:R98D:T113E,5
G3E:Q47I:R98D:V107M:V109Q,G3E:Q47I:R98D:V107M:V109Q,5
L4N:Q47C:R60N:V107M:T113E,L4N:Q47C:R60N:V107M:T113E,5
Q47I:R60N:D61Q:R98D:T113E,Q47I:R60N:D61Q:R98D:T113E,5
A29H:Q47V:D96Q:R98D:V109Q,A29H:Q47V:D96Q:R98D:V109Q,5
A29H:Q47C:R60N:D61Q:T113E,A29H:Q47C:R60N:D61Q:T113E,5
A29H:Q47R:R60N:I92C:V107M,A29H:Q47R:R60N:I92C:V107M,5
Q47R:R60N:D61Q:D96Q:T113E,Q47R:R60N:D61Q:D96Q:T113E,5
G34T:Q47I:R60N:D96Q:V107M,G34T:Q47I:R60N:D96Q:V107M,5
A29K:Q47R:R60N:D96Q:T113E,A29K:Q47R:R60N:D96Q:T113E,5
T7H:Q47C:D96Q:V107M:V109Q,T7H:Q47C:D96Q:V107M:V109Q,5
L4N:Q47V:D96Q:V109Q:T113E,L4N:Q47V:D96Q:V109Q:T113E,5
Q47I:D61Q:I92C:D96Q:T113E,Q47I:D61Q:I92C:D96Q:T113E,5
G3E:Q47V:R60N:V107M:T113E,G3E:Q47V:R60N:V107M:T113E,5
Q47R:R60N:I92C:R98D:V107M,Q47R:R60N:I92C:R98D:V107M,5
T7H:Q47R:R60N:V107M:V109Q,T7H:Q47R:R60N:V107M:V109Q,5
G3E:Q47I:R60N:V109Q:T113E,G3E:Q47I:R60N:V109Q:T113E,5
T7H:Q47I:I92C:V107M:V109Q,T7H:Q47I:I92C:V107M:V109Q,5
A29K:Q47R:R60N:D96Q:V107M,A29K:Q47R:R60N:D96Q:V107M,5
A29K:Q47I:I92C:R98D:V109Q,A29K:Q47I:I92C:R98D:V109Q,5
A29K:Q47I:I92C:D96Q:T113E,A29K:Q47I:I92C:D96Q:T113E,5
A29H:Q47V:D61Q:D96Q:V109Q,A29H:Q47V:D61Q:D96Q:V109Q,5
G34T:Q47C:R60N:D61Q:V109Q,G34T:Q47C:R60N:D61Q:V109Q,5
A29H:Q47R:R60N:D96Q:V107M,A29H:Q47R:R60N:D96Q:V107M,5
A29H:Q47I:I92C:D96Q:T113E,A29H:Q47I:I92C:D96Q:T113E,5
A29K:Q47C:I92C:D96Q:V109Q,A29K:Q47C:I92C:D96Q:V109Q,5
Q47I:R60N:D61Q:I92C:T113E,Q47I:R60N:D61Q:I92C:T113E,5
T7H:Q47I:R60N:V107M:T113E,T7H:Q47I:R60N:V107M:T113E,5
A29K:Q47I:R60N:D61Q:V109Q,A29K:Q47I:R60N:D61Q:V109Q,5
A29K:Q47I:D61Q:D96Q:V109Q,A29K:Q47I:D61Q:D96Q:V109Q,5
T7H:Q47V:D96Q:V107M:V109Q,T7H:Q47V:D96Q:V107M:V109Q,5
R5D:Q47I:R60N:V107M:V109Q,R5D:Q47I:R60N:V107M:V109Q,5
Q47R:R60N:I92C:R98D:T113E,Q47R:R60N:I92C:R98D:T113E,5
A29H:Q47I:R60N:I92C:T113E,A29H:Q47I:R60N:I92C:T113E,5
L4N:Q47I:D96Q:V107M:V109Q,L4N:Q47I:D96Q:V107M:V109Q,5
A29H:Q47R:R60N:D96Q:T113E,A29H:Q47R:R60N:D96Q:T113E,5
A29K:Q47I:R60N:R98D:V107M,A29K:Q47I:R60N:R98D:V107M,5
A29K:Q47I:R60N:R98D:T113E,A29K:Q47I:R60N:R98D:T113E,5
G34T:Q47C:R60N:R98D:T113E,G34T:Q47C:R60N:R98D:T113E,5
G34T:Q47I:I92C:D96Q:V109Q,G34T:Q47I:I92C:D96Q:V109Q,5
Q47V:D61Q:I92C:D96Q:V109Q,Q47V:D61Q:I92C:D96Q:V109Q,5
Q47R:R60N:D61Q:R98D:V109Q,Q47R:R60N:D61Q:R98D:V109Q,5
Q47R:R60N:D61Q:I92C:V109Q,Q47R:R60N:D61Q:I92C:V109Q,5
L4N:Q47V:R60N:V107M:T113E,L4N:Q47V:R60N:V107M:T113E,5
Q47V:R60N:D96Q:R98D:V107M,Q47V:R60N:D96Q:R98D:V107M,5
A29H:Q47I:R60N:R98D:T113E,A29H:Q47I:R60N:R98D:T113E,5
T7H:Q47I:R60N:V109Q:T113E,T7H:Q47I:R60N:V109Q:T113E,5
A29K:G34T:Q47V:R60N:V107M,A29K:G34T:Q47V:R60N:V107M,5
L4N:Q47I:D96Q:V109Q:T113E,L4N:Q47I:D96Q:V109Q:T113E,5
L4N:Q47V:R60N:V109Q:T113E,L4N:Q47V:R60N:V109Q:T113E,5
A29H:Q47C:I92C:D96Q:V109Q,A29H:Q47C:I92C:D96Q:V109Q,5
A29H:Q47I:D61Q:R98D:V109Q,A29H:Q47I:D61Q:R98D:V109Q,5
Q47V:R60N:D61Q:I92C:V107M,Q47V:R60N:D61Q:I92C:V107M,5
Q47I:R60N:D96Q:R98D:V107M,Q47I:R60N:D96Q:R98D:V107M,5
G34T:Q47R:R60N:D96Q:V109Q,G34T:Q47R:R60N:D96Q:V109Q,5
A29K:Q47R:R60N:I92C:V107M,A29K:Q47R:R60N:I92C:V107M,5
G34T:Q47V:R60N:I92C:T113E,G34T:Q47V:R60N:I92C:T113E,5
Q47V:R60N:D61Q:D96Q:V107M,Q47V:R60N:D61Q:D96Q:V107M,5
G34T:Q47V:R60N:D96Q:V107M,G34T:Q47V:R60N:D96Q:V107M,5
T7H:Q47C:R60N:V107M:T113E,T7H:Q47C:R60N:V107M:T113E,5
L4N:Q47I:R60N:V109Q:T113E,L4N:Q47I:R60N:V109Q:T113E,5
Q47I:D61Q:D96Q:R98D:V109Q,Q47I:D61Q:D96Q:R98D:V109Q,5
A29K:Q47I:D96Q:R98D:V109Q,A29K:Q47I:D96Q:R98D:V109Q,5
A29H:Q47R:R60N:R98D:V109Q,A29H:Q47R:R60N:R98D:V109Q,5
A29H:Q47I:R60N:D61Q:V109Q,A29H:Q47I:R60N:D61Q:V109Q,5
A29H:Q47V:I92C:D96Q:V109Q,A29H:Q47V:I92C:D96Q:V109Q,5
Q47I:D61Q:I92C:D96Q:V109Q,Q47I:D61Q:I92C:D96Q:V109Q,5
Q47C:R60N:D61Q:D96Q:T113E,Q47C:R60N:D61Q:D96Q:T113E,5
A29K:Q47V:R60N:R98D:V107M,A29K:Q47V:R60N:R98D:V107M,5
A29K:Q47C:R60N:D61Q:V109Q,A29K:Q47C:R60N:D61Q:V109Q,5
Q47I:D61Q:I92C:R98D:V109Q,Q47I:D61Q:I92C:R98D:V109Q,5
Q47I:R60N:D61Q:D96Q:T113E,Q47I:R60N:D61Q:D96Q:T113E,5
A29H:Q47C:R60N:R98D:T113E,A29H:Q47C:R60N:R98D:T113E,5
A29H:Q47C:R60N:D61Q:V109Q,A29H:Q47C:R60N:D61Q:V109Q,5
A29H:Q47V:R60N:R98D:T113E,A29H:Q47V:R60N:R98D:T113E,5
G34T:Q47V:R60N:I92C:V109Q,G34T:Q47V:R60N:I92C:V109Q,5
G3E:Q47I:D96Q:V109Q:T113E,G3E:Q47I:D96Q:V109Q:T113E,5
G34T:Q47V:R60N:D96Q:T113E,G34T:Q47V:R60N:D96Q:T113E,5
A29K:Q47R:R60N:D96Q:V109Q,A29K:Q47R:R60N:D96Q:V109Q,5
A29K:Q47I:R60N:D96Q:V107M,A29K:Q47I:R60N:D96Q:V107M,5
Q47I:R60N:D96Q:R98D:T113E,Q47I:R60N:D96Q:R98D:T113E,5
A29H:Q47C:R60N:D61Q:V107M,A29H:Q47C:R60N:D61Q:V107M,5
Q47R:R60N:I92C:D96Q:T113E,Q47R:R60N:I92C:D96Q:T113E,5
G34T:Q47I:R60N:D96Q:T113E,G34T:Q47I:R60N:D96Q:T113E,5
G3E:Q47V:R60N:V109Q:T113E,G3E:Q47V:R60N:V109Q:T113E,5
Q47I:R60N:D61Q:I92C:V109Q,Q47I:R60N:D61Q:I92C:V109Q,5
A29K:Q47R:R60N:R98D:V109Q,A29K:Q47R:R60N:R98D:V109Q,5
G34T:Q47C:R60N:I92C:T113E,G34T:Q47C:R60N:I92C:T113E,5
Q47V:R60N:D61Q:I92C:T113E,Q47V:R60N:D61Q:I92C:T113E,5
T7H:Q47I:R98D:V107M:V109Q,T7H:Q47I:R98D:V107M:V109Q,5
G34T:Q47I:R60N:I92C:V109Q,G34T:Q47I:R60N:I92C:V109Q,5
A29K:Q47I:I92C:D96Q:V109Q,A29K:Q47I:I92C:D96Q:V109Q,5
L4N:Q47I:R60N:V107M:V109Q,L4N:Q47I:R60N:V107M:V109Q,5
A29K:Q47V:R60N:D96Q:T113E,A29K:Q47V:R60N:D96Q:T113E,5
Q47C:R60N:D61Q:I92C:V109Q,Q47C:R60N:D61Q:I92C:V109Q,5
A29H:Q47V:R60N:D96Q:V107M,A29H:Q47V:R60N:D96Q:V107M,5
G34T:Q47C:R60N:D96Q:T113E,G34T:Q47C:R60N:D96Q:T113E,5
Q47I:R60N:D61Q:D96Q:V107M,Q47I:R60N:D61Q:D96Q:V107M,5
A29H:Q47C:R60N:I92C:T113E,A29H:Q47C:R60N:I92C:T113E,5
G34T:Q47C:R60N:D96Q:V107M,G34T:Q47C:R60N:D96Q:V107M,5
T7H:Q47V:R60N:V107M:T113E,T7H:Q47V:R60N:V107M:T113E,5
A29K:Q47R:R60N:I92C:V109Q,A29K:Q47R:R60N:I92C:V109Q,5
Q47V:R60N:D96Q:R98D:T113E,Q47V:R60N:D96Q:R98D:T113E,5
A29H:Q47R:R60N:I92C:V109Q,A29H:Q47R:R60N:I92C:V109Q,5
Q47I:R60N:I92C:R98D:V107M,Q47I:R60N:I92C:R98D:V107M,5
T7H:Q47C:R60N:V109Q:T113E,T7H:Q47C:R60N:V109Q:T113E,5
A29K:Q47C:R60N:D96Q:T113E,A29K:Q47C:R60N:D96Q:T113E,5
G34T:Q47V:R60N:R98D:V109Q,G34T:Q47V:R60N:R98D:V109Q,5
Q47V:R60N:I92C:R98D:T113E,Q47V:R60N:I92C:R98D:T113E,5
G34T:Q47C:R60N:I92C:V107M,G34T:Q47C:R60N:I92C:V107M,5
A29H:Q47I:R60N:I92C:V109Q,A29H:Q47I:R60N:I92C:V109Q,5
Q47I:R60N:D61Q:I92C:V107M,Q47I:R60N:D61Q:I92C:V107M,5
A29K:Q47C:R60N:D96Q:V109Q,A29K:Q47C:R60N:D96Q:V109Q,5
G34T:Q47C:R60N:R98D:V109Q,G34T:Q47C:R60N:R98D:V109Q,5
A29H:Q47I:I92C:D96Q:V109Q,A29H:Q47I:I92C:D96Q:V109Q,5
A29K:Q47I:R60N:D96Q:T113E,A29K:Q47I:R60N:D96Q:T113E,5
Q47V:R60N:D61Q:I92C:V109Q,Q47V:R60N:D61Q:I92C:V109Q,5
A29K:Q47V:R60N:I92C:T113E,A29K:Q47V:R60N:I92C:T113E,5
A29K:Q47C:R60N:I92C:T113E,A29K:Q47C:R60N:I92C:T113E,5
Q47C:R60N:I92C:R98D:V107M,Q47C:R60N:I92C:R98D:V107M,5
G34T:Q47V:R60N:D96Q:V109Q,G34T:Q47V:R60N:D96Q:V109Q,5
T7H:Q47I:D96Q:V107M:V109Q,T7H:Q47I:D96Q:V107M:V109Q,5
Q47C:R60N:D61Q:D96Q:V109Q,Q47C:R60N:D61Q:D96Q:V109Q,5
A29H:Q47R:R60N:D96Q:V109Q,A29H:Q47R:R60N:D96Q:V109Q,5
L4N:Q47V:R60N:V107M:V109Q,L4N:Q47V:R60N:V107M:V109Q,5
Q47V:R60N:I92C:R98D:V107M,Q47V:R60N:I92C:R98D:V107M,5
A29H:Q47V:R60N:I92C:T113E,A29H:Q47V:R60N:I92C:T113E,5
G34T:Q47I:R60N:R98D:V109Q,G34T:Q47I:R60N:R98D:V109Q,5
A29K:Q47C:R60N:D96Q:V107M,A29K:Q47C:R60N:D96Q:V107M,5
Q47R:R60N:I92C:D96Q:V107M,Q47R:R60N:I92C:D96Q:V107M,5
Q47C:R60N:I92C:R98D:T113E,Q47C:R60N:I92C:R98D:T113E,5
Q47V:R60N:D61Q:R98D:V109Q,Q47V:R60N:D61Q:R98D:V109Q,5
T7H:Q47I:R98D:V109Q:T113E,T7H:Q47I:R98D:V109Q:T113E,5
A29K:Q47V:R60N:I92C:V109Q,A29K:Q47V:R60N:I92C:V109Q,5
A29H:Q47I:R60N:D96Q:V107M,A29H:Q47I:R60N:D96Q:V107M,5
G34T:Q47C:R60N:I92C:V109Q,G34T:Q47C:R60N:I92C:V109Q,5
T7H:Q47I:D96Q:V109Q:T113E,T7H:Q47I:D96Q:V109Q:T113E,5
A29K:Q47C:R60N:I92C:V109Q,A29K:Q47C:R60N:I92C:V109Q,5
T7H:Q47C:R60N:V107M:V109Q,T7H:Q47C:R60N:V107M:V109Q,5
Q47V:R60N:D61Q:D96Q:T113E,Q47V:R60N:D61Q:D96Q:T113E,5
Q47I:R60N:I92C:R98D:T113E,Q47I:R60N:I92C:R98D:T113E,5
A29H:Q47C:R60N:D96Q:T113E,A29H:Q47C:R60N:D96Q:T113E,5
T7H:Q47V:R60N:V109Q:T113E,T7H:Q47V:R60N:V109Q:T113E,5
A29H:Q47C:R60N:I92C:V109Q,A29H:Q47C:R60N:I92C:V109Q,5
Q47C:R60N:D61Q:I92C:V107M,Q47C:R60N:D61Q:I92C:V107M,5
A29H:Q47I:R60N:I92C:V107M,A29H:Q47I:R60N:I92C:V107M,5
Q47I:R60N:I92C:D96Q:T113E,Q47I:R60N:I92C:D96Q:T113E,5
Q47C:R60N:I92C:D96Q:V109Q,Q47C:R60N:I92C:D96Q:V109Q,5
A29K:Q47C:R60N:R98D:V109Q,A29K:Q47C:R60N:R98D:V109Q,5
G34T:Q47I:R60N:D96Q:V109Q,G34T:Q47I:R60N:D96Q:V109Q,5
Q47I:R60N:D61Q:R98D:V109Q,Q47I:R60N:D61Q:R98D:V109Q,5
Q47V:R60N:D61Q:D96Q:V109Q,Q47V:R60N:D61Q:D96Q:V109Q,5
T7H:Q47I:R60N:V107M:V109Q,T7H:Q47I:R60N:V107M:V109Q,5
Q47I:R60N:D61Q:D96Q:V109Q,Q47I:R60N:D61Q:D96Q:V109Q,5
Q47I:R60N:I92C:D96Q:V107M,Q47I:R60N:I92C:D96Q:V107M,5
Q47C:R60N:D96Q:R98D:V109Q,Q47C:R60N:D96Q:R98D:V109Q,5
G3E:Q47C:R60N:V107M:V109Q,G3E:Q47C:R60N:V107M:V109Q,5
Q47V:R60N:D96Q:R98D:V109Q,Q47V:R60N:D96Q:R98D:V109Q,5
A29H:Q47I:R60N:R98D:V109Q,A29H:Q47I:R60N:R98D:V109Q,5
Q47C:R60N:I92C:D96Q:V107M,Q47C:R60N:I92C:D96Q:V107M,5
Q47V:R60N:I92C:D96Q:V107M,Q47V:R60N:I92C:D96Q:V107M,5
Q47I:R60N:D96Q:R98D:V109Q,Q47I:R60N:D96Q:R98D:V109Q,5
Q47V:R60N:I92C:D96Q:T113E,Q47V:R60N:I92C:D96Q:T113E,5
Q47C:R60N:I92C:D96Q:T113E,Q47C:R60N:I92C:D96Q:T113E,5
A29K:Q47I:R60N:R98D:V109Q,A29K:Q47I:R60N:R98D:V109Q,5
A29H:Q47C:R60N:D96Q:V109Q,A29H:Q47C:R60N:D96Q:V109Q,5
Q47V:R60N:I92C:R98D:V109Q,Q47V:R60N:I92C:R98D:V109Q,5
Q47I:R60N:I92C:D96Q:V109Q,Q47I:R60N:I92C:D96Q:V109Q,5
T7S:A29H:V107M:V109Q:T113E,T7S:A29H:V107M:V109Q:T113E,5
T7S:D61Q:V107M:V109Q:T113E,T7S:D61Q:V107M:V109Q:T113E,5
R5D:D61Q:V107M:V109Q:T113E,R5D:D61Q:V107M:V109Q:T113E,5
R5D:A29H:V107M:V109Q:T113E,R5D:A29H:V107M:V109Q:T113E,5
T7S:R98D:V107M:V109Q:T113E,T7S:R98D:V107M:V109Q:T113E,5
R5D:D96Q:V107M:V109Q:T113E,R5D:D96Q:V107M:V109Q:T113E,5
G34T:D61Q:R98D:V107M:T113E,G34T:D61Q:R98D:V107M:T113E,5
T7S:A29K:V107M:V109Q:T113E,T7S:A29K:V107M:V109Q:T113E,5
D61Q:D96Q:R98D:V107M:T113E,D61Q:D96Q:R98D:V107M:T113E,5
A29H:D61Q:R98D:V107M:T113E,A29H:D61Q:R98D:V107M:T113E,5
R5D:G34T:V107M:V109Q:T113E,R5D:G34T:V107M:V109Q:T113E,5
T7S:Q47R:V107M:V109Q:T113E,T7S:Q47R:V107M:V109Q:T113E,5
R5D:R98D:V107M:V109Q:T113E,R5D:R98D:V107M:V109Q:T113E,5
A29H:G34T:R98D:V107M:T113E,A29H:G34T:R98D:V107M:T113E,5
A29K:G34T:R98D:V107M:T113E,A29K:G34T:R98D:V107M:T113E,5
A29H:D61Q:D96Q:V107M:T113E,A29H:D61Q:D96Q:V107M:T113E,5
D61Q:I92C:R98D:V107M:T113E,D61Q:I92C:R98D:V107M:T113E,5
A29K:G34T:D61Q:V107M:V109Q,A29K:G34T:D61Q:V107M:V109Q,5
A29K:I92C:R98D:V107M:T113E,A29K:I92C:R98D:V107M:T113E,5
G34T:D61Q:R98D:V107M:V109Q,G34T:D61Q:R98D:V107M:V109Q,5
R5D:Q47I:V107M:V109Q:T113E,R5D:Q47I:V107M:V109Q:T113E,5
G34T:I92C:R98D:V107M:T113E,G34T:I92C:R98D:V107M:T113E,5
G34T:D61Q:I92C:V107M:V109Q,G34T:D61Q:I92C:V107M:V109Q,5
G34T:D96Q:R98D:V107M:T113E,G34T:D96Q:R98D:V107M:T113E,5
A29H:D61Q:I92C:V107M:V109Q,A29H:D61Q:I92C:V107M:V109Q,5
T7S:I92C:V107M:V109Q:T113E,T7S:I92C:V107M:V109Q:T113E,5
A29K:D61Q:I92C:V107M:T113E,A29K:D61Q:I92C:V107M:T113E,5
A29H:I92C:R98D:V107M:T113E,A29H:I92C:R98D:V107M:T113E,5
A29K:G34T:D61Q:V107M:T113E,A29K:G34T:D61Q:V107M:T113E,5
A29H:D61Q:I92C:V107M:T113E,A29H:D61Q:I92C:V107M:T113E,5
I92C:D96Q:R98D:V107M:T113E,I92C:D96Q:R98D:V107M:T113E,5
A29H:G34T:D61Q:V109Q:T113E,A29H:G34T:D61Q:V109Q:T113E,5
G34T:D61Q:D96Q:V107M:T113E,G34T:D61Q:D96Q:V107M:T113E,5
G34T:D61Q:I92C:V107M:T113E,G34T:D61Q:I92C:V107M:T113E,5
G34T:D61Q:D96Q:V107M:V109Q,G34T:D61Q:D96Q:V107M:V109Q,5
D61Q:D96Q:R98D:V107M:V109Q,D61Q:D96Q:R98D:V107M:V109Q,5
R5D:I92C:V107M:V109Q:T113E,R5D:I92C:V107M:V109Q:T113E,5
T7S:G34T:V107M:V109Q:T113E,T7S:G34T:V107M:V109Q:T113E,5
G34T:I92C:D96Q:V107M:V109Q,G34T:I92C:D96Q:V107M:V109Q,5
T7H:D61Q:V107M:V109Q:T113E,T7H:D61Q:V107M:V109Q:T113E,5
A29H:G34T:I92C:V107M:T113E,A29H:G34T:I92C:V107M:T113E,5
A29H:G34T:D61Q:V107M:V109Q,A29H:G34T:D61Q:V107M:V109Q,5
A29H:G34T:D96Q:V107M:T113E,A29H:G34T:D96Q:V107M:T113E,5
A29H:G34T:R98D:V107M:V109Q,A29H:G34T:R98D:V107M:V109Q,5
A29K:G34T:I92C:V107M:V109Q,A29K:G34T:I92C:V107M:V109Q,5
R5D:R60N:V107M:V109Q:T113E,R5D:R60N:V107M:V109Q:T113E,5
A29H:G34T:D61Q:V107M:T113E,A29H:G34T:D61Q:V107M:T113E,5
T7S:D96Q:V107M:V109Q:T113E,T7S:D96Q:V107M:V109Q:T113E,5
A29H:D96Q:R98D:V107M:T113E,A29H:D96Q:R98D:V107M:T113E,5
A29H:D96Q:R98D:V107M:V109Q,A29H:D96Q:R98D:V107M:V109Q,5
G34T:R60N:R98D:V107M:T113E,G34T:R60N:R98D:V107M:T113E,5
A29K:G34T:D61Q:V109Q:T113E,A29K:G34T:D61Q:V109Q:T113E,5
R5D:A29K:V107M:V109Q:T113E,R5D:A29K:V107M:V109Q:T113E,5
R60N:D61Q:R98D:V107M:T113E,R60N:D61Q:R98D:V107M:T113E,5
G34T:R60N:D61Q:V107M:T113E,G34T:R60N:D61Q:V107M:T113E,5
G34T:D61Q:I92C:V109Q:T113E,G34T:D61Q:I92C:V109Q:T113E,5
R5D:Q47R:V107M:V109Q:T113E,R5D:Q47R:V107M:V109Q:T113E,5
A29K:Q47R:R98D:V107M:T113E,A29K:Q47R:R98D:V107M:T113E,5
G34T:D96Q:R98D:V107M:V109Q,G34T:D96Q:R98D:V107M:V109Q,5
L4N:D61Q:V107M:V109Q:T113E,L4N:D61Q:V107M:V109Q:T113E,5
A29K:D61Q:R98D:V107M:T113E,A29K:D61Q:R98D:V107M:T113E,5
G34T:Q47R:D61Q:V107M:T113E,G34T:Q47R:D61Q:V107M:T113E,5
A29K:D96Q:R98D:V107M:T113E,A29K:D96Q:R98D:V107M:T113E,5
A29H:D61Q:R98D:V107M:V109Q,A29H:D61Q:R98D:V107M:V109Q,5
A29K:G34T:R60N:V109Q:T113E,A29K:G34T:R60N:V109Q:T113E,5
A29H:D61Q:R98D:V109Q:T113E,A29H:D61Q:R98D:V109Q:T113E,5
A29H:R60N:D61Q:V107M:V109Q,A29H:R60N:D61Q:V107M:V109Q,5
T7H:R98D:V107M:V109Q:T113E,T7H:R98D:V107M:V109Q:T113E,5
A29H:R60N:D61Q:V109Q:T113E,A29H:R60N:D61Q:V109Q:T113E,5
G3E:A29K:V107M:V109Q:T113E,G3E:A29K:V107M:V109Q:T113E,5
T7H:A29H:V107M:V109Q:T113E,T7H:A29H:V107M:V109Q:T113E,5
A29K:G34T:R98D:V109Q:T113E,A29K:G34T:R98D:V109Q:T113E,5
Q47R:D61Q:I92C:V107M:T113E,Q47R:D61Q:I92C:V107M:T113E,5
A29K:G34T:I92C:V107M:T113E,A29K:G34T:I92C:V107M:T113E,5
A29H:R60N:D61Q:V107M:T113E,A29H:R60N:D61Q:V107M:T113E,5
Q47R:D96Q:R98D:V107M:T113E,Q47R:D96Q:R98D:V107M:T113E,5
A29H:G34T:R60N:V107M:T113E,A29H:G34T:R60N:V107M:T113E,5
R60N:D61Q:I92C:V107M:T113E,R60N:D61Q:I92C:V107M:T113E,5
A29K:D61Q:I92C:V109Q:T113E,A29K:D61Q:I92C:V109Q:T113E,5
A29K:R60N:D61Q:V109Q:T113E,A29K:R60N:D61Q:V109Q:T113E,5
G34T:I92C:D96Q:V107M:T113E,G34T:I92C:D96Q:V107M:T113E,5
A29K:G34T:R60N:V107M:T113E,A29K:G34T:R60N:V107M:T113E,5
A29H:G34T:R60N:V109Q:T113E,A29H:G34T:R60N:V109Q:T113E,5
A29H:I92C:D96Q:V107M:T113E,A29H:I92C:D96Q:V107M:T113E,5
A29H:D61Q:D96Q:V107M:V109Q,A29H:D61Q:D96Q:V107M:V109Q,5
G34T:D61Q:R98D:V109Q:T113E,G34T:D61Q:R98D:V109Q:T113E,5
A29H:I92C:R98D:V107M:V109Q,A29H:I92C:R98D:V107M:V109Q,5
G34T:I92C:R98D:V107M:V109Q,G34T:I92C:R98D:V107M:V109Q,5
D61Q:I92C:D96Q:V107M:T113E,D61Q:I92C:D96Q:V107M:T113E,5
I92C:D96Q:R98D:V107M:V109Q,I92C:D96Q:R98D:V107M:V109Q,5
D61Q:I92C:R98D:V107M:V109Q,D61Q:I92C:R98D:V107M:V109Q,5
A29H:G34T:R98D:V109Q:T113E,A29H:G34T:R98D:V109Q:T113E,5
Q47R:D61Q:R98D:V107M:T113E,Q47R:D61Q:R98D:V107M:T113E,5
G34T:R60N:R98D:V109Q:T113E,G34T:R60N:R98D:V109Q:T113E,5
T7H:G34T:V107M:V109Q:T113E,T7H:G34T:V107M:V109Q:T113E,5
A29K:G34T:D96Q:V107M:T113E,A29K:G34T:D96Q:V107M:T113E,5
A29H:Q47R:R98D:V107M:T113E,A29H:Q47R:R98D:V107M:T113E,5
R60N:D61Q:R98D:V109Q:T113E,R60N:D61Q:R98D:V109Q:T113E,5
R60N:I92C:R98D:V107M:T113E,R60N:I92C:R98D:V107M:T113E,5
R60N:D61Q:D96Q:V107M:T113E,R60N:D61Q:D96Q:V107M:T113E,5
A29K:G34T:D96Q:V107M:V109Q,A29K:G34T:D96Q:V107M:V109Q,5
G34T:Q47R:R98D:V107M:T113E,G34T:Q47R:R98D:V107M:T113E,5
G34T:R60N:D61Q:V109Q:T113E,G34T:R60N:D61Q:V109Q:T113E,5
I92C:D96Q:R98D:V109Q:T113E,I92C:D96Q:R98D:V109Q:T113E,5
G34T:D61Q:D96Q:V109Q:T113E,G34T:D61Q:D96Q:V109Q:T113E,5
R60N:D96Q:R98D:V107M:T113E,R60N:D96Q:R98D:V107M:T113E,5
G34T:R60N:D61Q:V107M:V109Q,G34T:R60N:D61Q:V107M:V109Q,5
A29K:D61Q:I92C:V107M:V109Q,A29K:D61Q:I92C:V107M:V109Q,5
A29H:G34T:D96Q:V109Q:T113E,A29H:G34T:D96Q:V109Q:T113E,5
A29K:D61Q:R98D:V109Q:T113E,A29K:D61Q:R98D:V109Q:T113E,5
A29K:I92C:D96Q:V107M:T113E,A29K:I92C:D96Q:V107M:T113E,5
A29K:G34T:Q47R:V107M:T113E,A29K:G34T:Q47R:V107M:T113E,5
A29H:D61Q:D96Q:V109Q:T113E,A29H:D61Q:D96Q:V109Q:T113E,5
A29H:G34T:I92C:V109Q:T113E,A29H:G34T:I92C:V109Q:T113E,5
A29K:G34T:I92C:V109Q:T113E,A29K:G34T:I92C:V109Q:T113E,5
G3E:G34T:V107M:V109Q:T113E,G3E:G34T:V107M:V109Q:T113E,5
D61Q:I92C:R98D:V109Q:T113E,D61Q:I92C:R98D:V109Q:T113E,5
A29H:I92C:R98D:V109Q:T113E,A29H:I92C:R98D:V109Q:T113E,5
A29K:R60N:D61Q:V107M:V109Q,A29K:R60N:D61Q:V107M:V109Q,5
A29K:G34T:R98D:V107M:V109Q,A29K:G34T:R98D:V107M:V109Q,5
A29H:G34T:I92C:V107M:V109Q,A29H:G34T:I92C:V107M:V109Q,5
A29H:D61Q:I92C:V109Q:T113E,A29H:D61Q:I92C:V109Q:T113E,5
A29K:R60N:D61Q:V107M:T113E,A29K:R60N:D61Q:V107M:T113E,5
G3E:A29H:V107M:V109Q:T113E,G3E:A29H:V107M:V109Q:T113E,5
T7S:Q47C:V107M:V109Q:T113E,T7S:Q47C:V107M:V109Q:T113E,5
A29K:D61Q:D96Q:V107M:T113E,A29K:D61Q:D96Q:V107M:T113E,5
G3E:D61Q:V107M:V109Q:T113E,G3E:D61Q:V107M:V109Q:T113E,5
G34T:I92C:R98D:V109Q:T113E,G34T:I92C:R98D:V109Q:T113E,5
R60N:D96Q:R98D:V109Q:T113E,R60N:D96Q:R98D:V109Q:T113E,5
A29H:G34T:Q47R:V109Q:T113E,A29H:G34T:Q47R:V109Q:T113E,5
G34T:Q47R:R98D:V107M:V109Q,G34T:Q47R:R98D:V107M:V109Q,5
A29H:Q47R:I92C:V107M:T113E,A29H:Q47R:I92C:V107M:T113E,5
T7H:I92C:V107M:V109Q:T113E,T7H:I92C:V107M:V109Q:T113E,5
A29H:G34T:D96Q:V107M:V109Q,A29H:G34T:D96Q:V107M:V109Q,5
G34T:Q47R:D61Q:V107M:V109Q,G34T:Q47R:D61Q:V107M:V109Q,5
Q47R:D61Q:R98D:V107M:V109Q,Q47R:D61Q:R98D:V107M:V109Q,5
D61Q:I92C:D96Q:V107M:V109Q,D61Q:I92C:D96Q:V107M:V109Q,5
A29H:G34T:Q47R:V107M:V109Q,A29H:G34T:Q47R:V107M:V109Q,5
Q47R:I92C:R98D:V107M:T113E,Q47R:I92C:R98D:V107M:T113E,5
R60N:D61Q:R98D:V107M:V109Q,R60N:D61Q:R98D:V107M:V109Q,5
L4N:I92C:V107M:V109Q:T113E,L4N:I92C:V107M:V109Q:T113E,5
G34T:Q47R:I92C:V107M:V109Q,G34T:Q47R:I92C:V107M:V109Q,5
Q47R:D61Q:D96Q:V107M:T113E,Q47R:D61Q:D96Q:V107M:T113E,5
A29K:I92C:R98D:V107M:V109Q,A29K:I92C:R98D:V107M:V109Q,5
T7H:D96Q:V107M:V109Q:T113E,T7H:D96Q:V107M:V109Q:T113E,5
A29K:G34T:R60N:V107M:V109Q,A29K:G34T:R60N:V107M:V109Q,5
A29H:I92C:D96Q:V107M:V109Q,A29H:I92C:D96Q:V107M:V109Q,5
L4N:G34T:V107M:V109Q:T113E,L4N:G34T:V107M:V109Q:T113E,5
A29K:G34T:D96Q:V109Q:T113E,A29K:G34T:D96Q:V109Q:T113E,5
G34T:R60N:R98D:V107M:V109Q,G34T:R60N:R98D:V107M:V109Q,5
T7S:Q47V:V107M:V109Q:T113E,T7S:Q47V:V107M:V109Q:T113E,5
A29K:R60N:R98D:V107M:T113E,A29K:R60N:R98D:V107M:T113E,5
A29H:R60N:R98D:V107M:T113E,A29H:R60N:R98D:V107M:T113E,5
T7S:Q47I:V107M:V109Q:T113E,T7S:Q47I:V107M:V109Q:T113E,5
D61Q:D96Q:R98D:V109Q:T113E,D61Q:D96Q:R98D:V109Q:T113E,5
G34T:Q47R:I92C:V107M:T113E,G34T:Q47R:I92C:V107M:T113E,5
G34T:R60N:I92C:V109Q:T113E,G34T:R60N:I92C:V109Q:T113E,5
L4N:R98D:V107M:V109Q:T113E,L4N:R98D:V107M:V109Q:T113E,5
L4N:A29H:V107M:V109Q:T113E,L4N:A29H:V107M:V109Q:T113E,5
A29K:R60N:R98D:V107M:V109Q,A29K:R60N:R98D:V107M:V109Q,5
A29H:Q47R:D61Q:V107M:T113E,A29H:Q47R:D61Q:V107M:T113E,5
A29K:G34T:Q47R:V107M:V109Q,A29K:G34T:Q47R:V107M:V109Q,5
G3E:I92C:V107M:V109Q:T113E,G3E:I92C:V107M:V109Q:T113E,5
G34T:Q47R:D96Q:V107M:T113E,G34T:Q47R:D96Q:V107M:T113E,5
G3E:D96Q:V107M:V109Q:T113E,G3E:D96Q:V107M:V109Q:T113E,5
T7S:R60N:V107M:V109Q:T113E,T7S:R60N:V107M:V109Q:T113E,5
A29H:D96Q:R98D:V109Q:T113E,A29H:D96Q:R98D:V109Q:T113E,5
G34T:Q47R:R98D:V109Q:T113E,G34T:Q47R:R98D:V109Q:T113E,5
G34T:R60N:I92C:V107M:T113E,G34T:R60N:I92C:V107M:T113E,5
G34T:R60N:I92C:V107M:V109Q,G34T:R60N:I92C:V107M:V109Q,5
A29H:Q47R:R98D:V107M:V109Q,A29H:Q47R:R98D:V107M:V109Q,5
G34T:D96Q:R98D:V109Q:T113E,G34T:D96Q:R98D:V109Q:T113E,5
A29K:Q47R:I92C:V107M:T113E,A29K:Q47R:I92C:V107M:T113E,5
T7H:R60N:V107M:V109Q:T113E,T7H:R60N:V107M:V109Q:T113E,5
R60N:D61Q:I92C:V109Q:T113E,R60N:D61Q:I92C:V109Q:T113E,5
A29K:D96Q:R98D:V107M:V109Q,A29K:D96Q:R98D:V107M:V109Q,5
G34T:R60N:D96Q:V107M:T113E,G34T:R60N:D96Q:V107M:T113E,5
A29H:R60N:R98D:V107M:V109Q,A29H:R60N:R98D:V107M:V109Q,5
A29K:Q47R:D61Q:V109Q:T113E,A29K:Q47R:D61Q:V109Q:T113E,5
L4N:D96Q:V107M:V109Q:T113E,L4N:D96Q:V107M:V109Q:T113E,5
G34T:Q47R:I92C:V109Q:T113E,G34T:Q47R:I92C:V109Q:T113E,5
A29H:I92C:D96Q:V109Q:T113E,A29H:I92C:D96Q:V109Q:T113E,5
A29K:D61Q:D96Q:V109Q:T113E,A29K:D61Q:D96Q:V109Q:T113E,5
A29H:Q47R:D96Q:V107M:T113E,A29H:Q47R:D96Q:V107M:T113E,5
A29K:G34T:Q47V:V107M:T113E,A29K:G34T:Q47V:V107M:T113E,5
A29K:D61Q:R98D:V107M:V109Q,A29K:D61Q:R98D:V107M:V109Q,5
R60N:D61Q:D96Q:V109Q:T113E,R60N:D61Q:D96Q:V109Q:T113E,5
A29K:Q47R:D61Q:V107M:T113E,A29K:Q47R:D61Q:V107M:T113E,5
D61Q:I92C:D96Q:V109Q:T113E,D61Q:I92C:D96Q:V109Q:T113E,5
L4N:R60N:V107M:V109Q:T113E,L4N:R60N:V107M:V109Q:T113E,5
A29H:Q47R:D61Q:V109Q:T113E,A29H:Q47R:D61Q:V109Q:T113E,5
A29H:G34T:Q47R:V107M:T113E,A29H:G34T:Q47R:V107M:T113E,5
R5D:Q47V:V107M:V109Q:T113E,R5D:Q47V:V107M:V109Q:T113E,5
L4N:A29K:V107M:V109Q:T113E,L4N:A29K:V107M:V109Q:T113E,5
A29H:G34T:Q47I:V107M:T113E,A29H:G34T:Q47I:V107M:T113E,5
R60N:I92C:R98D:V107M:V109Q,R60N:I92C:R98D:V107M:V109Q,5
A29K:Q47R:D61Q:V107M:V109Q,A29K:Q47R:D61Q:V107M:V109Q,5
A29K:I92C:R98D:V109Q:T113E,A29K:I92C:R98D:V109Q:T113E,5
A29H:Q47R:D61Q:V107M:V109Q,A29H:Q47R:D61Q:V107M:V109Q,5
G34T:Q47V:R98D:V107M:T113E,G34T:Q47V:R98D:V107M:T113E,5
G34T:I92C:D96Q:V109Q:T113E,G34T:I92C:D96Q:V109Q:T113E,5
A29K:G34T:Q47I:V109Q:T113E,A29K:G34T:Q47I:V109Q:T113E,5
R60N:D61Q:D96Q:V107M:V109Q,R60N:D61Q:D96Q:V107M:V109Q,5
G34T:Q47V:D61Q:V109Q:T113E,G34T:Q47V:D61Q:V109Q:T113E,5
Q47R:D61Q:I92C:V109Q:T113E,Q47R:D61Q:I92C:V109Q:T113E,5
A29H:R60N:I92C:V107M:T113E,A29H:R60N:I92C:V107M:T113E,5
G34T:R60N:D96Q:V109Q:T113E,G34T:R60N:D96Q:V109Q:T113E,5
R60N:D96Q:R98D:V107M:V109Q,R60N:D96Q:R98D:V107M:V109Q,5
Q47V:D61Q:R98D:V107M:T113E,Q47V:D61Q:R98D:V107M:T113E,5
A29K:D96Q:R98D:V109Q:T113E,A29K:D96Q:R98D:V109Q:T113E,5
A29K:R60N:D96Q:V107M:T113E,A29K:R60N:D96Q:V107M:T113E,5
Q47R:D96Q:R98D:V107M:V109Q,Q47R:D96Q:R98D:V107M:V109Q,5
A29H:Q47R:R98D:V109Q:T113E,A29H:Q47R:R98D:V109Q:T113E,5
A29H:R60N:R98D:V109Q:T113E,A29H:R60N:R98D:V109Q:T113E,5
R5D:Q47C:V107M:V109Q:T113E,R5D:Q47C:V107M:V109Q:T113E,5
G34T:Q47I:R98D:V107M:T113E,G34T:Q47I:R98D:V107M:T113E,5
Q47C:D96Q:R98D:V107M:T113E,Q47C:D96Q:R98D:V107M:T113E,5
A29H:R60N:D96Q:V107M:V109Q,A29H:R60N:D96Q:V107M:V109Q,5
A29H:G34T:Q47V:V107M:V109Q,A29H:G34T:Q47V:V107M:V109Q,5
G34T:Q47V:D61Q:V107M:T113E,G34T:Q47V:D61Q:V107M:T113E,5
G34T:R60N:D96Q:V107M:V109Q,G34T:R60N:D96Q:V107M:V109Q,5
A29K:I92C:D96Q:V109Q:T113E,A29K:I92C:D96Q:V109Q:T113E,5
A29H:G34T:Q47V:V109Q:T113E,A29H:G34T:Q47V:V109Q:T113E,5
A29K:D61Q:D96Q:V107M:V109Q,A29K:D61Q:D96Q:V107M:V109Q,5
A29K:G34T:Q47V:V107M:V109Q,A29K:G34T:Q47V:V107M:V109Q,5
A29K:Q47R:D96Q:V107M:T113E,A29K:Q47R:D96Q:V107M:T113E,5
A29K:R60N:I92C:V107M:T113E,A29K:R60N:I92C:V107M:T113E,5
A29K:G34T:Q47V:V109Q:T113E,A29K:G34T:Q47V:V109Q:T113E,5
Q47I:D61Q:R98D:V107M:T113E,Q47I:D61Q:R98D:V107M:T113E,5
A29H:Q47R:I92C:V109Q:T113E,A29H:Q47R:I92C:V109Q:T113E,5
Q47C:I92C:R98D:V107M:T113E,Q47C:I92C:R98D:V107M:T113E,5
Q47R:I92C:D96Q:V107M:T113E,Q47R:I92C:D96Q:V107M:T113E,5
A29H:R60N:D96Q:V107M:T113E,A29H:R60N:D96Q:V107M:T113E,5
G3E:R60N:V107M:V109Q:T113E,G3E:R60N:V107M:V109Q:T113E,5
A29K:G34T:Q47I:V107M:V109Q,A29K:G34T:Q47I:V107M:V109Q,5
A29H:Q47I:R98D:V107M:T113E,A29H:Q47I:R98D:V107M:T113E,5
G3E:Q47R:V107M:V109Q:T113E,G3E:Q47R:V107M:V109Q:T113E,5
R60N:D61Q:I92C:V107M:V109Q,R60N:D61Q:I92C:V107M:V109Q,5
G3E:R98D:V107M:V109Q:T113E,G3E:R98D:V107M:V109Q:T113E,5
L4N:Q47R:V107M:V109Q:T113E,L4N:Q47R:V107M:V109Q:T113E,5
A29H:Q47V:R98D:V107M:T113E,A29H:Q47V:R98D:V107M:T113E,5
A29H:R60N:I92C:V109Q:T113E,A29H:R60N:I92C:V109Q:T113E,5
G34T:Q47C:R98D:V107M:T113E,G34T:Q47C:R98D:V107M:T113E,5
G34T:Q47R:D96Q:V107M:V109Q,G34T:Q47R:D96Q:V107M:V109Q,5
R60N:I92C:R98D:V109Q:T113E,R60N:I92C:R98D:V109Q:T113E,5
Q47R:D96Q:R98D:V109Q:T113E,Q47R:D96Q:R98D:V109Q:T113E,5
A29K:Q47R:I92C:V107M:V109Q,A29K:Q47R:I92C:V107M:V109Q,5
A29K:Q47R:R98D:V107M:V109Q,A29K:Q47R:R98D:V107M:V109Q,5
A29K:Q47I:D61Q:V107M:T113E,A29K:Q47I:D61Q:V107M:T113E,5
Q47C:D61Q:R98D:V107M:T113E,Q47C:D61Q:R98D:V107M:T113E,5
G34T:Q47I:D61Q:V109Q:T113E,G34T:Q47I:D61Q:V109Q:T113E,5
G34T:Q47R:D96Q:V109Q:T113E,G34T:Q47R:D96Q:V109Q:T113E,5
A29K:Q47C:R98D:V107M:T113E,A29K:Q47C:R98D:V107M:T113E,5
G34T:Q47I:I92C:V107M:T113E,G34T:Q47I:I92C:V107M:T113E,5
A29H:R60N:D96Q:V109Q:T113E,A29H:R60N:D96Q:V109Q:T113E,5
Q47V:D61Q:I92C:V107M:T113E,Q47V:D61Q:I92C:V107M:T113E,5
A29H:G34T:Q47V:V107M:T113E,A29H:G34T:Q47V:V107M:T113E,5
A29H:Q47V:D61Q:V107M:V109Q,A29H:Q47V:D61Q:V107M:V109Q,5
T7H:Q47R:V107M:V109Q:T113E,T7H:Q47R:V107M:V109Q:T113E,5
A29K:G34T:Q47C:V109Q:T113E,A29K:G34T:Q47C:V109Q:T113E,5
Q47V:I92C:R98D:V107M:T113E,Q47V:I92C:R98D:V107M:T113E,5
G34T:Q47I:I92C:V109Q:T113E,G34T:Q47I:I92C:V109Q:T113E,5
A29H:Q47V:D61Q:V107M:T113E,A29H:Q47V:D61Q:V107M:T113E,5
A29H:G34T:Q47I:V107M:V109Q,A29H:G34T:Q47I:V107M:V109Q,5
G34T:Q47I:D61Q:V107M:V109Q,G34T:Q47I:D61Q:V107M:V109Q,5
G34T:Q47C:R98D:V107M:V109Q,G34T:Q47C:R98D:V107M:V109Q,5
A29K:Q47V:D61Q:V109Q:T113E,A29K:Q47V:D61Q:V109Q:T113E,5
A29H:Q47C:R98D:V107M:T113E,A29H:Q47C:R98D:V107M:T113E,5
G34T:Q47I:D61Q:V107M:T113E,G34T:Q47I:D61Q:V107M:T113E,5
Q47I:D61Q:I92C:V107M:T113E,Q47I:D61Q:I92C:V107M:T113E,5
Q47R:D61Q:I92C:V107M:V109Q,Q47R:D61Q:I92C:V107M:V109Q,5
A29H:Q47V:I92C:V107M:T113E,A29H:Q47V:I92C:V107M:T113E,5
A29H:G34T:Q47C:V107M:V109Q,A29H:G34T:Q47C:V107M:V109Q,5
A29K:R60N:D96Q:V107M:V109Q,A29K:R60N:D96Q:V107M:V109Q,5
G34T:Q47C:D61Q:V107M:T113E,G34T:Q47C:D61Q:V107M:T113E,5
A29K:Q47R:I92C:V109Q:T113E,A29K:Q47R:I92C:V109Q:T113E,5
A29H:G34T:Q47C:V107M:T113E,A29H:G34T:Q47C:V107M:T113E,5
A29H:Q47C:I92C:V107M:T113E,A29H:Q47C:I92C:V107M:T113E,5
G34T:Q47R:R60N:V107M:T113E,G34T:Q47R:R60N:V107M:T113E,5
G34T:Q47R:R60N:V109Q:T113E,G34T:Q47R:R60N:V109Q:T113E,5
G34T:Q47I:D96Q:V107M:T113E,G34T:Q47I:D96Q:V107M:T113E,5
Q47V:D96Q:R98D:V107M:T113E,Q47V:D96Q:R98D:V107M:T113E,5
G34T:Q47V:I92C:V107M:V109Q,G34T:Q47V:I92C:V107M:V109Q,5
G34T:Q47C:D61Q:V109Q:T113E,G34T:Q47C:D61Q:V109Q:T113E,5
Q47I:D96Q:R98D:V107M:T113E,Q47I:D96Q:R98D:V107M:T113E,5
Q47R:D61Q:R98D:V109Q:T113E,Q47R:D61Q:R98D:V109Q:T113E,5
A29K:R60N:I92C:V109Q:T113E,A29K:R60N:I92C:V109Q:T113E,5
G34T:Q47V:D96Q:V107M:T113E,G34T:Q47V:D96Q:V107M:T113E,5
G34T:Q47V:I92C:V107M:T113E,G34T:Q47V:I92C:V107M:T113E,5
A29K:G34T:Q47C:V107M:T113E,A29K:G34T:Q47C:V107M:T113E,5
G34T:Q47C:R98D:V109Q:T113E,G34T:Q47C:R98D:V109Q:T113E,5
A29K:G34T:Q47I:V107M:T113E,A29K:G34T:Q47I:V107M:T113E,5
A29K:R60N:I92C:V107M:V109Q,A29K:R60N:I92C:V107M:V109Q,5
A29H:Q47V:I92C:V109Q:T113E,A29H:Q47V:I92C:V109Q:T113E,5
A29H:G34T:Q47C:V109Q:T113E,A29H:G34T:Q47C:V109Q:T113E,5
A29K:R60N:R98D:V109Q:T113E,A29K:R60N:R98D:V109Q:T113E,5
G34T:Q47V:D61Q:V107M:V109Q,G34T:Q47V:D61Q:V107M:V109Q,5
A29H:Q47C:D61Q:V107M:T113E,A29H:Q47C:D61Q:V107M:T113E,5
A29H:Q47C:D61Q:V109Q:T113E,A29H:Q47C:D61Q:V109Q:T113E,5
A29K:R60N:D96Q:V109Q:T113E,A29K:R60N:D96Q:V109Q:T113E,5
A29H:Q47V:D61Q:V109Q:T113E,A29H:Q47V:D61Q:V109Q:T113E,5
G34T:Q47C:I92C:V107M:T113E,G34T:Q47C:I92C:V107M:T113E,5
A29H:G34T:Q47I:V109Q:T113E,A29H:G34T:Q47I:V109Q:T113E,5
A29K:Q47V:R98D:V107M:T113E,A29K:Q47V:R98D:V107M:T113E,5
G34T:Q47V:R98D:V109Q:T113E,G34T:Q47V:R98D:V109Q:T113E,5
A29H:R60N:I92C:V107M:V109Q,A29H:R60N:I92C:V107M:V109Q,5
A29H:Q47R:I92C:V107M:V109Q,A29H:Q47R:I92C:V107M:V109Q,5
A29K:Q47R:R98D:V109Q:T113E,A29K:Q47R:R98D:V109Q:T113E,5
G34T:Q47C:D96Q:V107M:T113E,G34T:Q47C:D96Q:V107M:T113E,5
G34T:Q47V:I92C:V109Q:T113E,G34T:Q47V:I92C:V109Q:T113E,5
Q47C:D61Q:D96Q:V107M:T113E,Q47C:D61Q:D96Q:V107M:T113E,5
A29K:Q47I:D61Q:V109Q:T113E,A29K:Q47I:D61Q:V109Q:T113E,5
R60N:I92C:D96Q:V107M:V109Q,R60N:I92C:D96Q:V107M:V109Q,5
A29K:Q47C:D61Q:V107M:T113E,A29K:Q47C:D61Q:V107M:T113E,5
A29H:Q47C:R98D:V109Q:T113E,A29H:Q47C:R98D:V109Q:T113E,5
G34T:Q47V:R98D:V107M:V109Q,G34T:Q47V:R98D:V107M:V109Q,5
A29H:Q47I:D61Q:V107M:T113E,A29H:Q47I:D61Q:V107M:T113E,5
Q47R:I92C:R98D:V109Q:T113E,Q47R:I92C:R98D:V109Q:T113E,5
A29H:Q47I:D61Q:V109Q:T113E,A29H:Q47I:D61Q:V109Q:T113E,5
Q47R:I92C:R98D:V107M:V109Q,Q47R:I92C:R98D:V107M:V109Q,5
R60N:I92C:D96Q:V107M:T113E,R60N:I92C:D96Q:V107M:T113E,5
G3E:Q47V:V107M:V109Q:T113E,G3E:Q47V:V107M:V109Q:T113E,5
A29K:Q47I:D96Q:V107M:T113E,A29K:Q47I:D96Q:V107M:T113E,5
G34T:Q47I:I92C:V107M:V109Q,G34T:Q47I:I92C:V107M:V109Q,5
Q47C:D61Q:I92C:V109Q:T113E,Q47C:D61Q:I92C:V109Q:T113E,5
A29H:Q47C:R98D:V107M:V109Q,A29H:Q47C:R98D:V107M:V109Q,5
A29H:Q47C:D96Q:V107M:T113E,A29H:Q47C:D96Q:V107M:T113E,5
A29K:Q47C:I92C:V107M:T113E,A29K:Q47C:I92C:V107M:T113E,5
Q47C:I92C:R98D:V109Q:T113E,Q47C:I92C:R98D:V109Q:T113E,5
A29K:Q47C:R98D:V107M:V109Q,A29K:Q47C:R98D:V107M:V109Q,5
Q47R:D61Q:D96Q:V109Q:T113E,Q47R:D61Q:D96Q:V109Q:T113E,5
A29K:Q47V:D61Q:V107M:T113E,A29K:Q47V:D61Q:V107M:T113E,5
G3E:Q47I:V107M:V109Q:T113E,G3E:Q47I:V107M:V109Q:T113E,5
Q47C:D96Q:R98D:V109Q:T113E,Q47C:D96Q:R98D:V109Q:T113E,5
A29H:Q47C:I92C:V107M:V109Q,A29H:Q47C:I92C:V107M:V109Q,5
Q47C:I92C:R98D:V107M:V109Q,Q47C:I92C:R98D:V107M:V109Q,5
L4N:Q47V:V107M:V109Q:T113E,L4N:Q47V:V107M:V109Q:T113E,5
A29K:Q47R:D96Q:V109Q:T113E,A29K:Q47R:D96Q:V109Q:T113E,5
A29K:Q47I:R98D:V107M:T113E,A29K:Q47I:R98D:V107M:T113E,5
A29H:Q47R:D96Q:V107M:V109Q,A29H:Q47R:D96Q:V107M:V109Q,5
A29H:Q47V:D96Q:V107M:T113E,A29H:Q47V:D96Q:V107M:T113E,5
A29H:Q47V:I92C:V107M:V109Q,A29H:Q47V:I92C:V107M:V109Q,5
G34T:Q47C:D61Q:V107M:V109Q,G34T:Q47C:D61Q:V107M:V109Q,5
Q47C:D61Q:I92C:V107M:T113E,Q47C:D61Q:I92C:V107M:T113E,5
A29H:Q47R:D96Q:V109Q:T113E,A29H:Q47R:D96Q:V109Q:T113E,5
G34T:Q47C:I92C:V109Q:T113E,G34T:Q47C:I92C:V109Q:T113E,5
T7H:Q47C:V107M:V109Q:T113E,T7H:Q47C:V107M:V109Q:T113E,5
Q47V:D61Q:D96Q:V107M:T113E,Q47V:D61Q:D96Q:V107M:T113E,5
A29H:Q47C:I92C:V109Q:T113E,A29H:Q47C:I92C:V109Q:T113E,5
A29H:Q47I:D96Q:V107M:T113E,A29H:Q47I:D96Q:V107M:T113E,5
R60N:I92C:D96Q:V109Q:T113E,R60N:I92C:D96Q:V109Q:T113E,5
A29K:Q47C:D61Q:V109Q:T113E,A29K:Q47C:D61Q:V109Q:T113E,5
A29K:Q47R:D96Q:V107M:V109Q,A29K:Q47R:D96Q:V107M:V109Q,5
L4N:Q47C:V107M:V109Q:T113E,L4N:Q47C:V107M:V109Q:T113E,5
A29H:Q47C:D61Q:V107M:V109Q,A29H:Q47C:D61Q:V107M:V109Q,5
A29K:Q47I:D61Q:V107M:V109Q,A29K:Q47I:D61Q:V107M:V109Q,5
Q47V:D61Q:I92C:V107M:V109Q,Q47V:D61Q:I92C:V107M:V109Q,5
A29K:Q47I:I92C:V107M:T113E,A29K:Q47I:I92C:V107M:T113E,5
A29H:Q47I:I92C:V107M:T113E,A29H:Q47I:I92C:V107M:T113E,5
G34T:Q47C:D96Q:V107M:V109Q,G34T:Q47C:D96Q:V107M:V109Q,5
L4N:Q47I:V107M:V109Q:T113E,L4N:Q47I:V107M:V109Q:T113E,5
Q47V:D96Q:R98D:V107M:V109Q,Q47V:D96Q:R98D:V107M:V109Q,5
A29K:Q47R:R60N:V107M:T113E,A29K:Q47R:R60N:V107M:T113E,5
Q47C:D61Q:R98D:V107M:V109Q,Q47C:D61Q:R98D:V107M:V109Q,5
G34T:Q47V:D96Q:V107M:V109Q,G34T:Q47V:D96Q:V107M:V109Q,5
A29K:Q47V:I92C:V109Q:T113E,A29K:Q47V:I92C:V109Q:T113E,5
G34T:Q47C:I92C:V107M:V109Q,G34T:Q47C:I92C:V107M:V109Q,5
Q47R:R60N:D61Q:V107M:T113E,Q47R:R60N:D61Q:V107M:T113E,5
Q47I:I92C:R98D:V107M:T113E,Q47I:I92C:R98D:V107M:T113E,5
A29K:Q47C:R98D:V109Q:T113E,A29K:Q47C:R98D:V109Q:T113E,5
G34T:Q47C:D96Q:V109Q:T113E,G34T:Q47C:D96Q:V109Q:T113E,5
T7H:Q47V:V107M:V109Q:T113E,T7H:Q47V:V107M:V109Q:T113E,5
Q47R:R60N:D61Q:V109Q:T113E,Q47R:R60N:D61Q:V109Q:T113E,5
Q47V:D61Q:I92C:V109Q:T113E,Q47V:D61Q:I92C:V109Q:T113E,5
A29K:Q47C:I92C:V109Q:T113E,A29K:Q47C:I92C:V109Q:T113E,5
G34T:Q47I:R98D:V107M:V109Q,G34T:Q47I:R98D:V107M:V109Q,5
Q47R:D61Q:D96Q:V107M:V109Q,Q47R:D61Q:D96Q:V107M:V109Q,5
Q47C:D61Q:R98D:V109Q:T113E,Q47C:D61Q:R98D:V109Q:T113E,5
Q47V:I92C:D96Q:V107M:T113E,Q47V:I92C:D96Q:V107M:T113E,5
Q47V:D61Q:R98D:V107M:V109Q,Q47V:D61Q:R98D:V107M:V109Q,5
A29H:Q47C:D96Q:V109Q:T113E,A29H:Q47C:D96Q:V109Q:T113E,5
Q47V:D96Q:R98D:V109Q:T113E,Q47V:D96Q:R98D:V109Q:T113E,5
G34T:Q47R:R60N:V107M:V109Q,G34T:Q47R:R60N:V107M:V109Q,5
A29H:Q47V:R98D:V109Q:T113E,A29H:Q47V:R98D:V109Q:T113E,5
A29K:Q47C:D96Q:V107M:T113E,A29K:Q47C:D96Q:V107M:T113E,5
G34T:Q47I:R98D:V109Q:T113E,G34T:Q47I:R98D:V109Q:T113E,5
Q47R:I92C:D96Q:V109Q:T113E,Q47R:I92C:D96Q:V109Q:T113E,5
G3E:Q47C:V107M:V109Q:T113E,G3E:Q47C:V107M:V109Q:T113E,5
A29K:Q47C:D61Q:V107M:V109Q,A29K:Q47C:D61Q:V107M:V109Q,5
Q47I:D61Q:I92C:V109Q:T113E,Q47I:D61Q:I92C:V109Q:T113E,5
A29K:Q47V:I92C:V107M:T113E,A29K:Q47V:I92C:V107M:T113E,5
Q47C:D96Q:R98D:V107M:V109Q,Q47C:D96Q:R98D:V107M:V109Q,5
A29H:Q47I:D61Q:V107M:V109Q,A29H:Q47I:D61Q:V107M:V109Q,5
G34T:Q47I:D96Q:V107M:V109Q,G34T:Q47I:D96Q:V107M:V109Q,5
Q47C:I92C:D96Q:V107M:T113E,Q47C:I92C:D96Q:V107M:T113E,5
A29H:Q47I:I92C:V109Q:T113E,A29H:Q47I:I92C:V109Q:T113E,5
Q47V:D61Q:R98D:V109Q:T113E,Q47V:D61Q:R98D:V109Q:T113E,5
A29K:Q47C:D96Q:V109Q:T113E,A29K:Q47C:D96Q:V109Q:T113E,5
Q47R:I92C:D96Q:V107M:V109Q,Q47R:I92C:D96Q:V107M:V109Q,5
Q47I:D61Q:D96Q:V107M:T113E,Q47I:D61Q:D96Q:V107M:T113E,5
A29K:Q47V:D61Q:V107M:V109Q,A29K:Q47V:D61Q:V107M:V109Q,5
A29H:Q47R:R60N:V109Q:T113E,A29H:Q47R:R60N:V109Q:T113E,5
A29K:Q47R:R60N:V109Q:T113E,A29K:Q47R:R60N:V109Q:T113E,5
A29H:Q47V:R98D:V107M:V109Q,A29H:Q47V:R98D:V107M:V109Q,5
A29K:Q47V:D96Q:V107M:T113E,A29K:Q47V:D96Q:V107M:T113E,5
A29H:Q47V:D96Q:V109Q:T113E,A29H:Q47V:D96Q:V109Q:T113E,5
Q47V:I92C:R98D:V109Q:T113E,Q47V:I92C:R98D:V109Q:T113E,5
Q47V:I92C:R98D:V107M:V109Q,Q47V:I92C:R98D:V107M:V109Q,5
Q47C:D61Q:D96Q:V109Q:T113E,Q47C:D61Q:D96Q:V109Q:T113E,5
A29K:Q47C:I92C:V107M:V109Q,A29K:Q47C:I92C:V107M:V109Q,5
A29K:Q47I:D96Q:V107M:V109Q,A29K:Q47I:D96Q:V107M:V109Q,5
A29K:Q47I:I92C:V109Q:T113E,A29K:Q47I:I92C:V109Q:T113E,5
A29H:Q47I:R98D:V109Q:T113E,A29H:Q47I:R98D:V109Q:T113E,5
Q47C:I92C:D96Q:V109Q:T113E,Q47C:I92C:D96Q:V109Q:T113E,5
Q47V:D61Q:D96Q:V109Q:T113E,Q47V:D61Q:D96Q:V109Q:T113E,5
A29H:Q47I:I92C:V107M:V109Q,A29H:Q47I:I92C:V107M:V109Q,5
A29H:Q47C:D96Q:V107M:V109Q,A29H:Q47C:D96Q:V107M:V109Q,5
Q47C:D61Q:D96Q:V107M:V109Q,Q47C:D61Q:D96Q:V107M:V109Q,5
A29K:Q47V:R98D:V109Q:T113E,A29K:Q47V:R98D:V109Q:T113E,5
Q47I:I92C:D96Q:V107M:T113E,Q47I:I92C:D96Q:V107M:T113E,5
Q47I:D61Q:I92C:V107M:V109Q,Q47I:D61Q:I92C:V107M:V109Q,5
Q47R:R60N:R98D:V107M:T113E,Q47R:R60N:R98D:V107M:T113E,5
A29K:Q47I:R98D:V109Q:T113E,A29K:Q47I:R98D:V109Q:T113E,5
Q47V:R60N:D61Q:V109Q:T113E,Q47V:R60N:D61Q:V109Q:T113E,5
A29K:Q47V:R98D:V107M:V109Q,A29K:Q47V:R98D:V107M:V109Q,5
A29H:Q47R:R60N:V107M:T113E,A29H:Q47R:R60N:V107M:T113E,5
G34T:Q47I:R60N:V109Q:T113E,G34T:Q47I:R60N:V109Q:T113E,5
Q47I:D61Q:R98D:V109Q:T113E,Q47I:D61Q:R98D:V109Q:T113E,5
A29K:Q47V:D96Q:V109Q:T113E,A29K:Q47V:D96Q:V109Q:T113E,5
A29H:Q47R:R60N:V107M:V109Q,A29H:Q47R:R60N:V107M:V109Q,5
Q47C:I92C:D96Q:V107M:V109Q,Q47C:I92C:D96Q:V107M:V109Q,5
G34T:Q47I:R60N:V107M:T113E,G34T:Q47I:R60N:V107M:T113E,5
Q47R:R60N:D96Q:V107M:T113E,Q47R:R60N:D96Q:V107M:T113E,5
A29H:Q47V:D96Q:V107M:V109Q,A29H:Q47V:D96Q:V107M:V109Q,5
Q47I:R60N:D61Q:V107M:T113E,Q47I:R60N:D61Q:V107M:T113E,5
G34T:Q47I:D96Q:V109Q:T113E,G34T:Q47I:D96Q:V109Q:T113E,5
Q47V:D61Q:D96Q:V107M:V109Q,Q47V:D61Q:D96Q:V107M:V109Q,5
Q47I:R60N:R98D:V107M:T113E,Q47I:R60N:R98D:V107M:T113E,5
A29H:Q47C:R60N:V109Q:T113E,A29H:Q47C:R60N:V109Q:T113E,5
A29K:Q47I:R98D:V107M:V109Q,A29K:Q47I:R98D:V107M:V109Q,5
Q47R:R60N:D61Q:V107M:V109Q,Q47R:R60N:D61Q:V107M:V109Q,5
T7H:Q47I:V107M:V109Q:T113E,T7H:Q47I:V107M:V109Q:T113E,5
A29K:Q47I:D96Q:V109Q:T113E,A29K:Q47I:D96Q:V109Q:T113E,5
Q47R:R60N:I92C:V107M:T113E,Q47R:R60N:I92C:V107M:T113E,5
A29K:Q47I:R60N:V109Q:T113E,A29K:Q47I:R60N:V109Q:T113E,5
A29K:Q47V:R60N:V107M:T113E,A29K:Q47V:R60N:V107M:T113E,5
Q47I:R60N:D61Q:V107M:V109Q,Q47I:R60N:D61Q:V107M:V109Q,5
Q47V:I92C:D96Q:V107M:V109Q,Q47V:I92C:D96Q:V107M:V109Q,5
Q47I:I92C:R98D:V109Q:T113E,Q47I:I92C:R98D:V109Q:T113E,5
A29K:Q47R:R60N:V107M:V109Q,A29K:Q47R:R60N:V107M:V109Q,5
A29K:Q47C:R60N:V109Q:T113E,A29K:Q47C:R60N:V109Q:T113E,5
Q47I:D61Q:D96Q:V107M:V109Q,Q47I:D61Q:D96Q:V107M:V109Q,5
Q47I:D61Q:D96Q:V109Q:T113E,Q47I:D61Q:D96Q:V109Q:T113E,5
A29K:Q47V:R60N:V109Q:T113E,A29K:Q47V:R60N:V109Q:T113E,5
Q47V:I92C:D96Q:V109Q:T113E,Q47V:I92C:D96Q:V109Q:T113E,5
Q47V:R60N:R98D:V107M:T113E,Q47V:R60N:R98D:V107M:T113E,5
A29H:Q47I:R60N:V107M:V109Q,A29H:Q47I:R60N:V107M:V109Q,5
Q47R:R60N:I92C:V109Q:T113E,Q47R:R60N:I92C:V109Q:T113E,5
Q47C:R60N:R98D:V107M:T113E,Q47C:R60N:R98D:V107M:T113E,5
Q47V:R60N:D61Q:V107M:T113E,Q47V:R60N:D61Q:V107M:T113E,5
A29H:Q47V:R60N:V107M:T113E,A29H:Q47V:R60N:V107M:T113E,5
A29H:Q47I:R60N:V107M:T113E,A29H:Q47I:R60N:V107M:T113E,5
A29H:Q47I:R98D:V107M:V109Q,A29H:Q47I:R98D:V107M:V109Q,5
G34T:Q47V:R60N:V109Q:T113E,G34T:Q47V:R60N:V109Q:T113E,5
A29H:Q47I:D96Q:V109Q:T113E,A29H:Q47I:D96Q:V109Q:T113E,5
Q47I:I92C:R98D:V107M:V109Q,Q47I:I92C:R98D:V107M:V109Q,5
A29K:Q47I:R60N:V107M:V109Q,A29K:Q47I:R60N:V107M:V109Q,5
A29H:Q47I:R60N:V109Q:T113E,A29H:Q47I:R60N:V109Q:T113E,5
Q47R:R60N:R98D:V109Q:T113E,Q47R:R60N:R98D:V109Q:T113E,5
A29K:Q47I:R60N:V107M:T113E,A29K:Q47I:R60N:V107M:T113E,5
A29H:Q47I:D96Q:V107M:V109Q,A29H:Q47I:D96Q:V107M:V109Q,5
Q47R:R60N:D96Q:V109Q:T113E,Q47R:R60N:D96Q:V109Q:T113E,5
Q47R:R60N:I92C:V107M:V109Q,Q47R:R60N:I92C:V107M:V109Q,5
G34T:Q47C:R60N:V107M:T113E,G34T:Q47C:R60N:V107M:T113E,5
A29H:Q47C:R60N:V107M:V109Q,A29H:Q47C:R60N:V107M:V109Q,5
Q47I:I92C:D96Q:V107M:V109Q,Q47I:I92C:D96Q:V107M:V109Q,5
Q47R:R60N:R98D:V107M:V109Q,Q47R:R60N:R98D:V107M:V109Q,5
Q47V:R60N:D61Q:V107M:V109Q,Q47V:R60N:D61Q:V107M:V109Q,5
Q47I:I92C:D96Q:V109Q:T113E,Q47I:I92C:D96Q:V109Q:T113E,5
A29K:Q47V:R60N:V107M:V109Q,A29K:Q47V:R60N:V107M:V109Q,5
Q47V:R60N:D96Q:V107M:T113E,Q47V:R60N:D96Q:V107M:T113E,5
Q47I:R60N:D96Q:V107M:T113E,Q47I:R60N:D96Q:V107M:T113E,5
A29H:Q47V:R60N:V109Q:T113E,A29H:Q47V:R60N:V109Q:T113E,5
G34T:Q47I:R60N:V107M:V109Q,G34T:Q47I:R60N:V107M:V109Q,5
Q47C:R60N:D96Q:V109Q:T113E,Q47C:R60N:D96Q:V109Q:T113E,5
Q47I:R60N:I92C:V109Q:T113E,Q47I:R60N:I92C:V109Q:T113E,5
Q47I:R60N:R98D:V109Q:T113E,Q47I:R60N:R98D:V109Q:T113E,5
Q47I:R60N:I92C:V107M:T113E,Q47I:R60N:I92C:V107M:T113E,5
Q47V:R60N:D96Q:V107M:V109Q,Q47V:R60N:D96Q:V107M:V109Q,5
Q47V:R60N:D96Q:V109Q:T113E,Q47V:R60N:D96Q:V109Q:T113E,5
Q47I:R60N:R98D:V107M:V109Q,Q47I:R60N:R98D:V107M:V109Q,5
Q47C:R60N:I92C:V107M:T113E,Q47C:R60N:I92C:V107M:T113E,5
Q47V:R60N:R98D:V109Q:T113E,Q47V:R60N:R98D:V109Q:T113E,5
Q47C:R60N:R98D:V109Q:T113E,Q47C:R60N:R98D:V109Q:T113E,5
Q47I:R60N:D96Q:V109Q:T113E,Q47I:R60N:D96Q:V109Q:T113E,5
Q47C:R60N:D96Q:V107M:V109Q,Q47C:R60N:D96Q:V107M:V109Q,5
A29K:G34T:V107M:V109Q:T113E,A29K:G34T:V107M:V109Q:T113E,5
D61Q:R98D:V107M:V109Q:T113E,D61Q:R98D:V107M:V109Q:T113E,5
G34T:D61Q:V107M:V109Q:T113E,G34T:D61Q:V107M:V109Q:T113E,5
A29H:I92C:V107M:V109Q:T113E,A29H:I92C:V107M:V109Q:T113E,5
D61Q:D96Q:V107M:V109Q:T113E,D61Q:D96Q:V107M:V109Q:T113E,5
G34T:D96Q:V107M:V109Q:T113E,G34T:D96Q:V107M:V109Q:T113E,5
D96Q:R98D:V107M:V109Q:T113E,D96Q:R98D:V107M:V109Q:T113E,5
A29H:R98D:V107M:V109Q:T113E,A29H:R98D:V107M:V109Q:T113E,5
A29H:D61Q:V107M:V109Q:T113E,A29H:D61Q:V107M:V109Q:T113E,5
G34T:R98D:V107M:V109Q:T113E,G34T:R98D:V107M:V109Q:T113E,5
D61Q:I92C:V107M:V109Q:T113E,D61Q:I92C:V107M:V109Q:T113E,5
I92C:R98D:V107M:V109Q:T113E,I92C:R98D:V107M:V109Q:T113E,5
A29K:D61Q:V107M:V109Q:T113E,A29K:D61Q:V107M:V109Q:T113E,5
A29H:G34T:V107M:V109Q:T113E,A29H:G34T:V107M:V109Q:T113E,5
G34T:I92C:V107M:V109Q:T113E,G34T:I92C:V107M:V109Q:T113E,5
R60N:D61Q:V107M:V109Q:T113E,R60N:D61Q:V107M:V109Q:T113E,5
A29H:D96Q:V107M:V109Q:T113E,A29H:D96Q:V107M:V109Q:T113E,5
G34T:Q47R:V107M:V109Q:T113E,G34T:Q47R:V107M:V109Q:T113E,5
A29K:I92C:V107M:V109Q:T113E,A29K:I92C:V107M:V109Q:T113E,5
A29K:Q47R:V107M:V109Q:T113E,A29K:Q47R:V107M:V109Q:T113E,5
Q47R:D61Q:V107M:V109Q:T113E,Q47R:D61Q:V107M:V109Q:T113E,5
I92C:D96Q:V107M:V109Q:T113E,I92C:D96Q:V107M:V109Q:T113E,5
Q47R:R98D:V107M:V109Q:T113E,Q47R:R98D:V107M:V109Q:T113E,5
A29K:D96Q:V107M:V109Q:T113E,A29K:D96Q:V107M:V109Q:T113E,5
Q47R:I92C:V107M:V109Q:T113E,Q47R:I92C:V107M:V109Q:T113E,5
A29K:R98D:V107M:V109Q:T113E,A29K:R98D:V107M:V109Q:T113E,5
A29H:Q47R:V107M:V109Q:T113E,A29H:Q47R:V107M:V109Q:T113E,5
R60N:R98D:V107M:V109Q:T113E,R60N:R98D:V107M:V109Q:T113E,5
R60N:D96Q:V107M:V109Q:T113E,R60N:D96Q:V107M:V109Q:T113E,5
G34T:R60N:V107M:V109Q:T113E,G34T:R60N:V107M:V109Q:T113E,5
A29K:R60N:V107M:V109Q:T113E,A29K:R60N:V107M:V109Q:T113E,5
R60N:I92C:V107M:V109Q:T113E,R60N:I92C:V107M:V109Q:T113E,5
A29H:Q47C:V107M:V109Q:T113E,A29H:Q47C:V107M:V109Q:T113E,5
Q47R:D96Q:V107M:V109Q:T113E,Q47R:D96Q:V107M:V109Q:T113E,5
Q47V:R98D:V107M:V109Q:T113E,Q47V:R98D:V107M:V109Q:T113E,5
Q47V:D61Q:V107M:V109Q:T113E,Q47V:D61Q:V107M:V109Q:T113E,5
Q47C:R98D:V107M:V109Q:T113E,Q47C:R98D:V107M:V109Q:T113E,5
A29H:Q47V:V107M:V109Q:T113E,A29H:Q47V:V107M:V109Q:T113E,5
G34T:Q47V:V107M:V109Q:T113E,G34T:Q47V:V107M:V109Q:T113E,5
G34T:Q47I:V107M:V109Q:T113E,G34T:Q47I:V107M:V109Q:T113E,5
Q47V:I92C:V107M:V109Q:T113E,Q47V:I92C:V107M:V109Q:T113E,5
Q47C:D61Q:V107M:V109Q:T113E,Q47C:D61Q:V107M:V109Q:T113E,5
A29K:Q47C:V107M:V109Q:T113E,A29K:Q47C:V107M:V109Q:T113E,5
A29H:Q47I:V107M:V109Q:T113E,A29H:Q47I:V107M:V109Q:T113E,5
Q47I:D61Q:V107M:V109Q:T113E,Q47I:D61Q:V107M:V109Q:T113E,5
Q47I:I92C:V107M:V109Q:T113E,Q47I:I92C:V107M:V109Q:T113E,5
Q47C:D96Q:V107M:V109Q:T113E,Q47C:D96Q:V107M:V109Q:T113E,5
A29K:Q47V:V107M:V109Q:T113E,A29K:Q47V:V107M:V109Q:T113E,5
Q47C:I92C:V107M:V109Q:T113E,Q47C:I92C:V107M:V109Q:T113E,5
Q47V:D96Q:V107M:V109Q:T113E,Q47V:D96Q:V107M:V109Q:T113E,5
Q47R:R60N:V107M:V109Q:T113E,Q47R:R60N:V107M:V109Q:T113E,5
Q47I:D96Q:V107M:V109Q:T113E,Q47I:D96Q:V107M:V109Q:T113E,5
Q47V:R60N:V107M:V109Q:T113E,Q47V:R60N:V107M:V109Q:T113E,5
Q47C:R60N:V107M:V109Q:T113E,Q47C:R60N:V107M:V109Q:T113E,5
