candidate_id,mutant,mutation_count,A05_B3,A05_B5,A05_V83,A10_B3,A10_B5,A10_V83,A20_B3,A20_B5,A20_V83,A40_B3,A40_B5,A40_V83
S1W:F2A:Q3N,S1W:F2A:Q3N,3,-6.462976604157432,-6.462976604157432,-6.462976604157432,-6.88727778356899,-6.88727778356899,-6.88727778356899,-7.298894345777313,-7.298894345777313,-7.298894345777313,-7.229676096312998,-7.229676096312998,-7.229676096312998
S1W:F2Q:Q3N,S1W:F2Q:Q3N,3,-4.017214517789461,-4.017214517789461,-4.017214517789461,-4.53416766368344,-4.53416766368344,-4.53416766368344,-5.2314399272486085,-5.2314399272486085,-5.2314399272486085,-8.023818825897026,-8.023818825897026,-8.023818825897026
S1W:F2Q:Q3G,S1W:F2Q:Q3G,3,-2.5551163555842757,-2.5551163555842757,-2.5551163555842757,-3.8166705395294667,-3.8166705395294667,-3.8166705395294667,-3.93485805116303,-3.93485805116303,-3.93485805116303,-7.26393081423582,-7.26393081423582,-7.26393081423582
S1W:F2W:Q3N,S1W:F2W:Q3N,3,-4.695261749585579,-4.695261749585579,-4.695261749585579,-5.233665382173093,-5.233665382173093,-5.233665382173093,-5.462694668450841,-5.462694668450841,-5.462694668450841,-5.12125015263738,-5.12125015263738,-5.12125015263738
S1W:F2W:Q3G,S1W:F2W:Q3G,3,-3.5130098480207663,-3.5130098480207663,-3.5130098480207663,-3.8695561352057295,-3.8695561352057295,-3.8695561352057295,-3.9676906610183718,-3.9676906610183718,-3.9676906610183718,-4.291079505463605,-4.291079505463605,-4.291079505463605
S1W:F2A:R4P,S1W:F2A:R4P,3,-5.349575398514942,-5.349575398514942,-5.349575398514942,-5.693851972009825,-5.693851972009825,-5.693851972009825,-6.562580339012526,-6.562580339012526,-6.562580339012526,-7.479555598452525,-7.479555598452525,-7.479555598452525
S1W:F2Q:R4T,S1W:F2Q:R4T,3,-4.094641711309155,-4.094641711309155,-4.094641711309155,-4.781322541672469,-4.781322541672469,-4.781322541672469,-4.602969730568869,-4.602969730568869,-4.602969730568869,-7.675287436186555,-7.675287436186555,-7.675287436186555
S1W:F2Q:R4H,S1W:F2Q:R4H,3,-2.777256873210025,-2.777256873210025,-2.777256873210025,-4.703539187527442,-4.703539187527442,-4.703539187527442,-4.843264282540195,-4.843264282540195,-4.843264282540195,-7.722677012554085,-7.722677012554085,-7.722677012554085
S1W:F2W:R4T,S1W:F2W:R4T,3,-5.311878106585789,-5.311878106585789,-5.311878106585789,-5.144633435272549,-5.144633435272549,-5.144633435272549,-5.1669088175574265,-5.1669088175574265,-5.1669088175574265,-4.993088019401338,-4.993088019401338,-4.993088019401338
S1W:F2W:R4A,S1W:F2W:R4A,3,-4.13636362855285,-4.13636362855285,-4.13636362855285,-3.8325574241236,-3.8325574241236,-3.8325574241236,-3.815430154839364,-3.815430154839364,-3.815430154839364,-4.893578155904999,-4.893578155904999,-4.893578155904999
S1W:F2A:A5I,S1W:F2A:A5I,3,-6.048557725984191,-6.048557725984191,-6.048557725984191,-6.326992107351646,-6.326992107351646,-6.326992107351646,-6.51861685300117,-6.51861685300117,-6.51861685300117,-8.74687401430199,-8.74687401430199,-8.74687401430199
S1W:F2Q:A5M,S1W:F2Q:A5M,3,-5.372873418920772,-5.372873418920772,-5.372873418920772,-5.969836225084705,-5.969836225084705,-5.969836225084705,-6.08762795593266,-6.08762795593266,-6.08762795593266,-8.208004239395365,-8.208004239395365,-8.208004239395365
S1W:F2W:A5M,S1W:F2W:A5M,3,-6.324832932075065,-6.324832932075065,-6.324832932075065,-6.3803675412821965,-6.3803675412821965,-6.3803675412821965,-6.286732554522599,-6.286732554522599,-6.286732554522599,-6.917152159378086,-6.917152159378086,-6.917152159378086
S1W:F2A:L7I,S1W:F2A:L7I,3,-4.8223360519386365,-4.8223360519386365,-4.8223360519386365,-5.352917993312049,-5.352917993312049,-5.352917993312049,-5.813841300059138,-5.813841300059138,-5.813841300059138,-7.502332251844207,-7.502332251844207,-7.502332251844207
S1W:F2Q:L7I,S1W:F2Q:L7I,3,-3.6614927237615458,-3.6614927237615458,-3.6614927237615458,-4.23529693276865,-4.23529693276865,-4.23529693276865,-4.8674430221470155,-4.8674430221470155,-4.8674430221470155,-8.251851935429345,-8.251851935429345,-8.251851935429345
S1W:F2Q:L7Q,S1W:F2Q:L7Q,3,-2.768631894074376,-2.768631894074376,-2.768631894074376,-3.3197416530606465,-3.3197416530606465,-3.3197416530606465,-3.703511246581893,-3.703511246581893,-3.703511246581893,-7.869495076138565,-7.869495076138565,-7.869495076138565
S1W:F2W:L7I,S1W:F2W:L7I,3,-4.411647613365829,-4.411647613365829,-4.411647613365829,-4.420625720792825,-4.420625720792825,-4.420625720792825,-4.460156342115792,-4.460156342115792,-4.460156342115792,-4.697189626378198,-4.697189626378198,-4.697189626378198
S1W:F2W:L7Q,S1W:F2W:L7Q,3,-6.385810182053735,-6.385810182053735,-6.385810182053735,-6.6545162077903655,-6.6545162077903655,-6.6545162077903655,-7.065859982422437,-7.065859982422437,-7.065859982422437,-7.979295667612857,-7.979295667612857,-7.979295667612857
S1W:F2A:S8C,S1W:F2A:S8C,3,-4.7044849701143505,-4.7044849701143505,-4.7044849701143505,-5.187350450642863,-5.187350450642863,-5.187350450642863,-5.465538394771498,-5.465538394771498,-5.465538394771498,-6.439420252917849,-6.439420252917849,-6.439420252917849
S1W:F2Q:S8K,S1W:F2Q:S8K,3,-3.2006275907155066,-3.2006275907155066,-3.2006275907155066,-4.269844021328677,-4.269844021328677,-4.269844021328677,-4.635752777817181,-4.635752777817181,-4.635752777817181,-7.404992485191835,-7.404992485191835,-7.404992485191835
S1W:F2Q:S8L,S1W:F2Q:S8L,3,-1.934947165473568,-1.934947165473568,-1.934947165473568,-3.3674706799687573,-3.3674706799687573,-3.3674706799687573,-3.5251392199990903,-3.5251392199990903,-3.5251392199990903,-5.85207205455249,-5.85207205455249,-5.85207205455249
S1W:F2Q:S8C,S1W:F2Q:S8C,3,-3.0765601362649075,-3.0765601362649075,-3.0765601362649075,-3.992407619343768,-3.992407619343768,-3.992407619343768,-4.165580957083986,-4.165580957083986,-4.165580957083986,-7.386064403868507,-7.386064403868507,-7.386064403868507
S1W:F2W:S8K,S1W:F2W:S8K,3,-3.619967267611811,-3.619967267611811,-3.619967267611811,-5.126800863431362,-5.126800863431362,-5.126800863431362,-5.623936418624796,-5.623936418624796,-5.623936418624796,-5.572274825403449,-5.572274825403449,-5.572274825403449
S1W:F2W:S8C,S1W:F2W:S8C,3,-4.293796531541542,-4.293796531541542,-4.293796531541542,-4.25505817812364,-4.25505817812364,-4.25505817812364,-4.347364181652058,-4.347364181652058,-4.347364181652058,-5.0706278711773205,-5.0706278711773205,-5.0706278711773205
S1W:F2A:A11S,S1W:F2A:A11S,3,-5.166560296847195,-5.166560296847195,-5.166560296847195,-5.617834130892617,-5.617834130892617,-5.617834130892617,-6.173892593077032,-6.173892593077032,-6.173892593077032,-5.569723566433823,-5.569723566433823,-5.569723566433823
S1W:F2Q:A11S,S1W:F2Q:A11S,3,-3.2435776014135898,-3.2435776014135898,-3.2435776014135898,-4.213036637335674,-4.213036637335674,-4.213036637335674,-4.328720962611564,-4.328720962611564,-4.328720962611564,-7.0203869504488985,-7.0203869504488985,-7.0203869504488985
S1W:Q3N:R4A,S1W:Q3N:R4A,3,-4.631954193715364,-4.631954193715364,-4.631954193715364,-4.481556545973021,-4.481556545973021,-4.481556545973021,-4.392221882094568,-4.392221882094568,-4.392221882094568,-5.755283313492334,-5.755283313492334,-5.755283313492334
S1W:Q3N:R4C,S1W:Q3N:R4C,3,-4.736732185406639,-4.736732185406639,-4.736732185406639,-5.04591276480667,-5.04591276480667,-5.04591276480667,-5.433808396941831,-5.433808396941831,-5.433808396941831,-4.6610700521641135,-4.6610700521641135,-4.6610700521641135
S1W:Q3G:R4L,S1W:Q3G:R4L,3,-2.745944532574218,-2.745944532574218,-2.745944532574218,-2.848774871766274,-2.848774871766274,-2.848774871766274,-3.4584548087018483,-3.4584548087018483,-3.4584548087018483,-4.080499195331913,-4.080499195331913,-4.080499195331913
S1W:Q3G:R4C,S1W:Q3G:R4C,3,-3.12969456964037,-3.12969456964037,-3.12969456964037,-3.9448580842117282,-3.9448580842117282,-3.9448580842117282,-3.97067682382252,-3.97067682382252,-3.97067682382252,-3.980697765423549,-3.980697765423549,-3.980697765423549
S1W:Q3G:R4P,S1W:Q3G:R4P,3,-3.454328905159504,-3.454328905159504,-3.454328905159504,-4.204183509617651,-4.204183509617651,-4.204183509617651,-4.427333222902411,-4.427333222902411,-4.427333222902411,-5.757533849174311,-5.757533849174311,-5.757533849174311
S1W:Q3N:A5I,S1W:Q3N:A5I,3,-5.030118166269388,-5.030118166269388,-5.030118166269388,-4.646066781667301,-4.646066781667301,-4.646066781667301,-4.739133106847255,-4.739133106847255,-4.739133106847255,-7.215105035098864,-7.215105035098864,-7.215105035098864
S1W:Q3N:L7V,S1W:Q3N:L7V,3,-3.7289751546507803,-3.7289751546507803,-3.7289751546507803,-3.7612849719599475,-3.7612849719599475,-3.7612849719599475,-3.9923916970614135,-3.9923916970614135,-3.9923916970614135,-5.462236510445242,-5.462236510445242,-5.462236510445242
S1W:Q3G:L7I,S1W:Q3G:L7I,3,-3.038358932076804,-3.038358932076804,-3.038358932076804,-3.4673609667200287,-3.4673609667200287,-3.4673609667200287,-3.7082553729703553,-3.7082553729703553,-3.7082553729703553,-4.552257415190411,-4.552257415190411,-4.552257415190411
S1W:Q3G:L7V,S1W:Q3G:L7V,3,-2.32407326779845,-2.32407326779845,-2.32407326779845,-3.008514794767392,-3.008514794767392,-3.008514794767392,-2.9643688034732154,-2.9643688034732154,-2.9643688034732154,-4.636238191232054,-4.636238191232054,-4.636238191232054
S1W:Q3N:S8C,S1W:Q3N:S8C,3,-4.789387096704056,-4.789387096704056,-4.789387096704056,-4.90405729997306,-4.90405729997306,-4.90405729997306,-4.762752713966376,-4.762752713966376,-4.762752713966376,-5.375472119281001,-5.375472119281001,-5.375472119281001
S1W:Q3G:S8K,S1W:Q3G:S8K,3,-3.034641677658543,-3.034641677658543,-3.034641677658543,-3.268024789327735,-3.268024789327735,-3.268024789327735,-3.638789136643527,-3.638789136643527,-3.638789136643527,-4.3288829919861405,-4.3288829919861405,-4.3288829919861405
S1W:Q3N:Q9K,S1W:Q3N:Q9K,3,-5.030991519462251,-5.030991519462251,-5.030991519462251,-4.842845874620554,-4.842845874620554,-4.842845874620554,-4.852837162695223,-4.852837162695223,-4.852837162695223,-4.553624305112927,-4.553624305112927,-4.553624305112927
S1W:Q3N:Q9A,S1W:Q3N:Q9A,3,-4.186643935254832,-4.186643935254832,-4.186643935254832,-4.546499957654342,-4.546499957654342,-4.546499957654342,-4.776137779940305,-4.776137779940305,-4.776137779940305,-5.041501947737034,-5.041501947737034,-5.041501947737034
S1W:R4L:A5I,S1W:R4L:A5I,3,-3.767462285660327,-3.767462285660327,-3.767462285660327,-3.0994464347013286,-3.0994464347013286,-3.0994464347013286,-2.796834969463977,-2.796834969463977,-2.796834969463977,-4.949801664301255,-4.949801664301255,-4.949801664301255
S1W:R4P:A5M,S1W:R4P:A5M,3,-6.531428871336145,-6.531428871336145,-6.531428871336145,-6.574395610208995,-6.574395610208995,-6.574395610208995,-6.011874516866144,-6.011874516866144,-6.011874516866144,-6.865940185809917,-6.865940185809917,-6.865940185809917
S1W:R4Q:L7I,S1W:R4Q:L7I,3,-4.16110066172094,-4.16110066172094,-4.16110066172094,-3.876090441489373,-3.876090441489373,-3.876090441489373,-3.896287540065045,-3.896287540065045,-3.896287540065045,-5.522003007049026,-5.522003007049026,-5.522003007049026
S1W:R4Q:L7V,S1W:R4Q:L7V,3,-3.381620087791704,-3.381620087791704,-3.381620087791704,-3.0381212885490485,-3.0381212885490485,-3.0381212885490485,-3.0682363650830724,-3.0682363650830724,-3.0682363650830724,-5.495971183376808,-5.495971183376808,-5.495971183376808
S1W:R4L:L7V,S1W:R4L:L7V,3,-2.5817586230078713,-2.5817586230078713,-2.5817586230078713,-2.381694838952491,-2.381694838952491,-2.381694838952491,-2.524461888125021,-2.524461888125021,-2.524461888125021,-4.070238585257512,-4.070238585257512,-4.070238585257512
S1W:R4A:L7Q,S1W:R4A:L7Q,3,-3.5077686953736102,-3.5077686953736102,-3.5077686953736102,-3.368767148390251,-3.368767148390251,-3.368767148390251,-3.173803632327731,-3.173803632327731,-3.173803632327731,-5.434179925578943,-5.434179925578943,-5.434179925578943
S1W:R4H:L7I,S1W:R4H:L7I,3,-2.844119083494027,-2.844119083494027,-2.844119083494027,-3.588177777813972,-3.588177777813972,-3.588177777813972,-3.7328986947116083,-3.7328986947116083,-3.7328986947116083,-4.532809157517225,-4.532809157517225,-4.532809157517225
S1W:R4H:L7V,S1W:R4H:L7V,3,-2.0171289493119837,-2.0171289493119837,-2.0171289493119837,-2.7398782875994554,-2.7398782875994554,-2.7398782875994554,-2.8800511707283136,-2.8800511707283136,-2.8800511707283136,-4.31874672610471,-4.31874672610471,-4.31874672610471
S1W:R4C:L7Q,S1W:R4C:L7Q,3,-3.612546687064886,-3.612546687064886,-3.612546687064886,-3.6203968162987494,-3.6203968162987494,-3.6203968162987494,-4.054526742988568,-4.054526742988568,-4.054526742988568,-4.144121055526297,-4.144121055526297,-4.144121055526297
S1W:R4C:L7V,S1W:R4C:L7V,3,-3.0522050400218084,-3.0522050400218084,-3.0522050400218084,-3.1367147280696788,-3.1367147280696788,-3.1367147280696788,-3.3328887128272764,-3.3328887128272764,-3.3328887128272764,-4.137969144703087,-4.137969144703087,-4.137969144703087
S1W:R4P:L7V,S1W:R4P:L7V,3,-3.7499503797198166,-3.7499503797198166,-3.7499503797198166,-3.5947988364473766,-3.5947988364473766,-3.5947988364473766,-3.1174888734706605,-3.1174888734706605,-3.1174888734706605,-5.394445014616921,-5.394445014616921,-5.394445014616921
S1W:R4T:S8L,S1W:R4T:S8L,3,-3.466493764532597,-3.466493764532597,-3.466493764532597,-3.418133298628194,-3.418133298628194,-3.418133298628194,-3.4478476894628396,-3.4478476894628396,-3.4478476894628396,-3.146751386023799,-3.146751386023799,-3.146751386023799
S1W:R4T:S8T,S1W:R4T:S8T,3,-4.9422907603585235,-4.9422907603585235,-4.9422907603585235,-5.150037299374874,-5.150037299374874,-5.150037299374874,-5.484490866920959,-5.484490866920959,-5.484490866920959,-5.507104570566431,-5.507104570566431,-5.507104570566431
S1W:R4Q:S8R,S1W:R4Q:S8R,3,-3.485021967082428,-3.485021967082428,-3.485021967082428,-3.4103124556890183,-3.4103124556890183,-3.4103124556890183,-3.507891610184974,-3.507891610184974,-3.507891610184974,-6.219926826262705,-6.219926826262705,-6.219926826262705
S1W:R4L:S8R,S1W:R4L:S8R,3,-3.480346566571605,-3.480346566571605,-3.480346566571605,-3.3392554996967263,-3.3392554996967263,-3.3392554996967263,-3.2097341160360644,-3.2097341160360644,-3.2097341160360644,-4.837640918121951,-4.837640918121951,-4.837640918121951
S1W:R4L:S8T,S1W:R4L:S8T,3,-4.309572475374203,-4.309572475374203,-4.309572475374203,-4.322280040808604,-4.322280040808604,-4.322280040808604,-4.362691412698288,-4.362691412698288,-4.362691412698288,-4.435616393532539,-4.435616393532539,-4.435616393532539
S1W:R4A:S8C,S1W:R4A:S8C,3,-3.173117391302397,-3.173117391302397,-3.173117391302397,-3.022250942242255,-3.022250942242255,-3.022250942242255,-3.4718108247450283,-3.4718108247450283,-3.4718108247450283,-5.31737404193044,-5.31737404193044,-5.31737404193044
S1W:R4H:S8L,S1W:R4H:S8L,3,-1.5846550308784009,-1.5846550308784009,-1.5846550308784009,-2.1548845284672065,-2.1548845284672065,-2.1548845284672065,-2.265254755796067,-2.265254755796067,-2.265254755796067,-2.4959016251946657,-2.4959016251946657,-2.4959016251946657
S1W:R4P:S8R,S1W:R4P:S8R,3,-4.188730939156891,-4.188730939156891,-4.188730939156891,-4.029459000291712,-4.029459000291712,-4.029459000291712,-4.151471036649209,-4.151471036649209,-4.151471036649209,-6.439368413983619,-6.439368413983619,-6.439368413983619
S1W:R4P:S8L,S1W:R4P:S8L,3,-3.09350261788894,-3.09350261788894,-3.09350261788894,-3.0337721287800115,-3.0337721287800115,-3.0337721287800115,-2.7887512991969636,-2.7887512991969636,-2.7887512991969636,-3.4353618298890987,-3.4353618298890987,-3.4353618298890987
S1W:R4P:S8C,S1W:R4P:S8C,3,-4.23511558868028,-4.23511558868028,-4.23511558868028,-3.8172940270849876,-3.8172940270849876,-3.8172940270849876,-3.994880828429903,-3.994880828429903,-3.994880828429903,-5.388866881888449,-5.388866881888449,-5.388866881888449
S1W:R4T:Q9K,S1W:R4T:Q9K,3,-4.522652960896557,-4.522652960896557,-4.522652960896557,-4.382774922259946,-4.382774922259946,-4.382774922259946,-4.860969650687693,-4.860969650687693,-4.860969650687693,-4.596365944759389,-4.596365944759389,-4.596365944759389
S1W:R4C:Q9K,S1W:R4C:Q9K,3,-3.713244988475265,-3.713244988475265,-3.713244988475265,-4.667026081943896,-4.667026081943896,-4.667026081943896,-4.734340087126008,-4.734340087126008,-4.734340087126008,-3.8697226342768034,-3.8697226342768034,-3.8697226342768034
S1W:R4Q:H10Y,S1W:R4Q:H10Y,3,-3.8896399810915887,-3.8896399810915887,-3.8896399810915887,-4.235313018599703,-4.235313018599703,-4.235313018599703,-4.069283416648318,-4.069283416648318,-4.069283416648318,-3.9389140854783813,-3.9389140854783813,-3.9389140854783813
S1W:R4L:H10Y,S1W:R4L:H10Y,3,-3.3497680653327033,-3.3497680653327033,-3.3497680653327033,-3.5714362477692454,-3.5714362477692454,-3.5714362477692454,-4.292719508117621,-4.292719508117621,-4.292719508117621,-3.0272571181504024,-3.0272571181504024,-3.0272571181504024
S1W:R4A:H10F,S1W:R4A:H10F,3,-3.9746176498731653,-3.9746176498731653,-3.9746176498731653,-3.8202500675074753,-3.8202500675074753,-3.8202500675074753,-3.599116177536318,-3.599116177536318,-3.599116177536318,-4.847983908380067,-4.847983908380067,-4.847983908380067
S1W:R4H:H10F,S1W:R4H:H10F,3,-3.2682933942519097,-3.2682933942519097,-3.2682933942519097,-3.7886958523476832,-3.7886958523476832,-3.7886958523476832,-3.959084018901764,-3.959084018901764,-3.959084018901764,-4.041803255382282,-4.041803255382282,-4.041803255382282
S1W:A5M:Q6R,S1W:A5M:Q6R,3,-6.093524658441054,-6.093524658441054,-6.093524658441054,-6.536129233423539,-6.536129233423539,-6.536129233423539,-6.990540277313572,-6.990540277313572,-6.990540277313572,-7.522246054928735,-7.522246054928735,-7.522246054928735
S1W:A5I:S8C,S1W:A5I:S8C,3,-3.8307562298450213,-3.8307562298450213,-3.8307562298450213,-3.8799719872620235,-3.8799719872620235,-3.8799719872620235,-3.353159661667031,-3.353159661667031,-3.353159661667031,-6.285815647005605,-6.285815647005605,-6.285815647005605
S1W:A5I:Q9K,S1W:A5I:Q9K,3,-4.0066309693380155,-4.0066309693380155,-4.0066309693380155,-4.853889127248238,-4.853889127248238,-4.853889127248238,-4.750432571424103,-4.750432571424103,-4.750432571424103,-7.17398116421735,-7.17398116421735,-7.17398116421735
S1W:A5I:H10F,S1W:A5I:H10F,3,-4.372781622427191,-4.372781622427191,-4.372781622427191,-4.135375927982935,-4.135375927982935,-4.135375927982935,-3.9393174513005267,-3.9393174513005267,-3.9393174513005267,-6.375663501852331,-6.375663501852331,-6.375663501852331
S1W:A5I:A11S,S1W:A5I:A11S,3,-4.292831556577867,-4.292831556577867,-4.292831556577867,-4.095751685262828,-4.095751685262828,-4.095751685262828,-4.784994275760748,-4.784994275760748,-4.784994275760748,-7.530738453447879,-7.530738453447879,-7.530738453447879
S1W:Q6R:L7I,S1W:Q6R:L7I,3,-4.051009420566956,-4.051009420566956,-4.051009420566956,-4.256010373623451,-4.256010373623451,-4.256010373623451,-4.629011617353349,-4.629011617353349,-4.629011617353349,-5.771160149612852,-5.771160149612852,-5.771160149612852
S1W:Q6R:S8K,S1W:Q6R:S8K,3,-3.9898942742577237,-3.9898942742577237,-3.9898942742577237,-4.3335892836529375,-4.3335892836529375,-4.3335892836529375,-4.273523358787483,-4.273523358787483,-4.273523358787483,-5.921053994696334,-5.921053994696334,-5.921053994696334
S1W:Q6R:Q9K,S1W:Q6R:Q9K,3,-4.718330742560241,-4.718330742560241,-4.718330742560241,-4.8670096567816925,-4.8670096567816925,-4.8670096567816925,-5.108344983987852,-5.108344983987852,-5.108344983987852,-5.735702048487987,-5.735702048487987,-5.735702048487987
S1W:Q6R:Q9R,S1W:Q6R:Q9R,3,-3.6196952485782967,-3.6196952485782967,-3.6196952485782967,-3.9581839565149624,-3.9581839565149624,-3.9581839565149624,-4.271296030702938,-4.271296030702938,-4.271296030702938,-4.809511364086873,-4.809511364086873,-4.809511364086873
S1W:Q6R:Q9A,S1W:Q6R:Q9A,3,-3.33423790201601,-3.33423790201601,-3.33423790201601,-3.554839870815128,-3.554839870815128,-3.554839870815128,-3.7695288454955453,-3.7695288454955453,-3.7695288454955453,-4.832111438934643,-4.832111438934643,-4.832111438934643
S1W:L7I:S8K,S1W:L7I:S8K,3,-4.449733432962165,-4.449733432962165,-4.449733432962165,-4.601059470270168,-4.601059470270168,-4.601059470270168,-4.833386517690006,-4.833386517690006,-4.833386517690006,-5.252918714466708,-5.252918714466708,-5.252918714466708
S1W:L7I:S8T,S1W:L7I:S8T,3,-4.287612570284732,-4.287612570284732,-4.287612570284732,-4.420324025110621,-4.420324025110621,-4.420324025110621,-4.627310310424643,-4.627310310424643,-4.627310310424643,-5.40423305977675,-5.40423305977675,-5.40423305977675
S1W:L7Q:S8L,S1W:L7Q:S8L,3,-1.8084836874872714,-1.8084836874872714,-1.8084836874872714,-2.324073149928193,-2.324073149928193,-2.324073149928193,-2.9840314821927945,-2.9840314821927945,-2.9840314821927945,-4.063564029820412,-4.063564029820412,-4.063564029820412
S1W:L7V:S8K,S1W:L7V:S8K,3,-3.4387962049644893,-3.4387962049644893,-3.4387962049644893,-3.2504082972962074,-3.2504082972962074,-3.2504082972962074,-3.4431835183835124,-3.4431835183835124,-3.4431835183835124,-5.046040342508471,-5.046040342508471,-5.046040342508471
S1W:L7V:S8R,S1W:L7V:S8R,3,-4.076584249279435,-4.076584249279435,-4.076584249279435,-3.8336276382777816,-3.8336276382777816,-3.8336276382777816,-3.6347226045314147,-3.6347226045314147,-3.6347226045314147,-6.012588565325283,-6.012588565325283,-6.012588565325283
S1W:L7Q:Q9K,S1W:L7Q:Q9K,3,-3.841076337855297,-3.841076337855297,-3.841076337855297,-3.695462441598554,-3.695462441598554,-3.695462441598554,-4.966409168551683,-4.966409168551683,-4.966409168551683,-5.718060883404748,-5.718060883404748,-5.718060883404748
S1W:L7Q:Q9A,S1W:L7Q:Q9A,3,-3.0624584369130785,-3.0624584369130785,-3.0624584369130785,-3.3251736190977947,-3.3251736190977947,-3.3251736190977947,-3.7315505765774013,-3.7315505765774013,-3.7315505765774013,-4.939553767067406,-4.939553767067406,-4.939553767067406
S1W:L7V:Q9K,S1W:L7V:Q9K,3,-3.5306910416394106,-3.5306910416394106,-3.5306910416394106,-3.422582308552972,-3.422582308552972,-3.422582308552972,-3.466102351479526,-3.466102351479526,-3.466102351479526,-4.593405375559358,-4.593405375559358,-4.593405375559358
S1W:L7V:Q9A,S1W:L7V:Q9A,3,-2.2977165300447933,-2.2977165300447933,-2.2977165300447933,-2.4263280725147816,-2.4263280725147816,-2.4263280725147816,-2.7678891582147744,-2.7678891582147744,-2.7678891582147744,-4.657453753094575,-4.657453753094575,-4.657453753094575
S1W:L7V:H10F,S1W:L7V:H10F,3,-3.946193392015231,-3.946193392015231,-3.946193392015231,-3.93240307438723,-3.93240307438723,-3.93240307438723,-4.149139024068826,-4.149139024068826,-4.149139024068826,-5.0055011406289545,-5.0055011406289545,-5.0055011406289545
S1W:L7V:H10Y,S1W:L7V:H10Y,3,-3.582556027901578,-3.582556027901578,-3.582556027901578,-3.678392297189399,-3.678392297189399,-3.678392297189399,-3.8738738737005507,-3.8738738737005507,-3.8738738737005507,-4.034506953741701,-4.034506953741701,-4.034506953741701
S1W:L7Q:A11S,S1W:L7Q:A11S,3,-4.127276925095148,-4.127276925095148,-4.127276925095148,-4.221751582640045,-4.221751582640045,-4.221751582640045,-4.239934610410932,-4.239934610410932,-4.239934610410932,-5.696882039231672,-5.696882039231672,-5.696882039231672
S1W:L7V:A11S,S1W:L7V:A11S,3,-4.100820505398988,-4.100820505398988,-4.100820505398988,-3.834701802615252,-3.834701802615252,-3.834701802615252,-4.084346420567338,-4.084346420567338,-4.084346420567338,-5.775952600171138,-5.775952600171138,-5.775952600171138
S1W:S8K:Q9K,S1W:S8K:Q9K,3,-3.5876642206258516,-3.5876642206258516,-3.5876642206258516,-3.7121468543508507,-3.7121468543508507,-3.7121468543508507,-4.479905199315028,-4.479905199315028,-4.479905199315028,-4.6580155165200745,-4.6580155165200745,-4.6580155165200745
S1W:S8T:Q9R,S1W:S8T:Q9R,3,-4.075577707361918,-4.075577707361918,-4.075577707361918,-4.635044645835306,-4.635044645835306,-4.635044645835306,-4.954422882127032,-4.954422882127032,-4.954422882127032,-4.875067104701574,-4.875067104701574,-4.875067104701574
S1W:S8R:H10F,S1W:S8R:H10F,3,-4.0856659033384695,-4.0856659033384695,-4.0856659033384695,-3.9930654018946106,-3.9930654018946106,-3.9930654018946106,-4.649162474747125,-4.649162474747125,-4.649162474747125,-5.956565363877126,-5.956565363877126,-5.956565363877126
S1W:S8L:H10F,S1W:S8L:H10F,3,-3.5811032961314764,-3.5811032961314764,-3.5811032961314764,-3.637885133311423,-3.637885133311423,-3.637885133311423,-3.794367604122338,-3.794367604122338,-3.794367604122338,-3.163160601168508,-3.163160601168508,-3.163160601168508
S1W:S8L:H10Y,S1W:S8L:H10Y,3,-2.347864621589329,-2.347864621589329,-2.347864621589329,-2.535133290029828,-2.535133290029828,-2.535133290029828,-3.4935979147988427,-3.4935979147988427,-3.4935979147988427,-2.2121667946313437,-2.2121667946313437,-2.2121667946313437
S1W:S8C:H10F,S1W:S8C:H10F,3,-3.7246824725088414,-3.7246824725088414,-3.7246824725088414,-3.790368827109215,-3.790368827109215,-3.790368827109215,-4.019313930810599,-4.019313930810599,-4.019313930810599,-4.4485620904616985,-4.4485620904616985,-4.4485620904616985
S1W:S8L:A11S,S1W:S8L:A11S,3,-2.6253722514916173,-2.6253722514916173,-2.6253722514916173,-2.541088373843469,-2.541088373843469,-2.541088373843469,-2.3621262786278807,-2.3621262786278807,-2.3621262786278807,-2.8130981111568722,-2.8130981111568722,-2.8130981111568722
S1W:S8T:A11S,S1W:S8T:A11S,3,-3.952781253403558,-3.952781253403558,-3.952781253403558,-4.907972612664948,-4.907972612664948,-4.907972612664948,-4.9238766093360615,-4.9238766093360615,-4.9238766093360615,-5.248948457226796,-5.248948457226796,-5.248948457226796
S1W:Q9K:H10Y,S1W:Q9K:H10Y,3,-4.162246097514018,-4.162246097514018,-4.162246097514018,-4.448190151686375,-4.448190151686375,-4.448190151686375,-5.372511583468467,-5.372511583468467,-5.372511583468467,-3.5808026178237644,-3.5808026178237644,-3.5808026178237644
S1W:Q9A:H10Y,S1W:Q9A:H10Y,3,-3.5889030800443678,-3.5889030800443678,-3.5889030800443678,-4.07499625915678,-4.07499625915678,-4.07499625915678,-4.150270803778133,-4.150270803778133,-4.150270803778133,-3.5194331918598496,-3.5194331918598496,-3.5194331918598496
S1W:Q9K:A11S,S1W:Q9K:A11S,3,-4.227975226505527,-4.227975226505527,-4.227975226505527,-4.401156757558094,-4.401156757558094,-4.401156757558094,-5.238845593141238,-5.238845593141238,-5.238845593141238,-5.307068594187,-5.307068594187,-5.307068594187
S1W:Q9R:A11S,S1W:Q9R:A11S,3,-4.373278315408518,-4.373278315408518,-4.373278315408518,-4.618047288610689,-4.618047288610689,-4.618047288610689,-4.832204888385774,-4.832204888385774,-4.832204888385774,-5.13256094813721,-5.13256094813721,-5.13256094813721
S1W:H10Y:A11S,S1W:H10Y:A11S,3,-3.9515529191135133,-3.9515529191135133,-3.9515529191135133,-4.210989261404186,-4.210989261404186,-4.210989261404186,-5.098468963591895,-5.098468963591895,-5.098468963591895,-4.129570454236215,-4.129570454236215,-4.129570454236215
F2A:Q3N:R4L,F2A:Q3N:R4L,3,-2.7002985411144858,-2.7002985411144858,-2.7002985411144858,-3.0430872680213703,-3.0430872680213703,-3.0430872680213703,-2.360029480679957,-2.360029480679957,-2.360029480679957,-1.7423512140864452,-1.7423512140864452,-1.7423512140864452
F2A:Q3G:R4C,F2A:Q3G:R4C,3,-1.3158997385049604,-1.3158997385049604,-1.3158997385049604,-2.9173033558952577,-2.9173033558952577,-2.9173033558952577,-2.6227121952288615,-2.6227121952288615,-2.6227121952288615,-2.6510573045515056,-2.6510573045515056,-2.6510573045515056
F2Q:Q3N:R4A,F2Q:Q3N:R4A,3,-0.8919792999408351,-0.8919792999408351,-0.8919792999408351,-1.2310319137983696,-1.2310319137983696,-1.2310319137983696,-1.6298334508363201,-1.6298334508363201,-1.6298334508363201,-1.0986377764792543,-1.0986377764792543,-1.0986377764792543
F2Q:Q3N:R4C,F2Q:Q3N:R4C,3,-0.6203023696801868,-0.6203023696801868,-0.6203023696801868,-1.1250909105035267,-1.1250909105035267,-1.1250909105035267,-1.668943507671955,-1.668943507671955,-1.668943507671955,-1.3493031019315056,-1.3493031019315056,-1.3493031019315056
F2Q:Q3G:R4T,F2Q:Q3G:R4T,3,-0.40468226642098265,-0.40468226642098265,-0.40468226642098265,-1.2466777251763197,-1.2466777251763197,-1.2466777251763197,-0.7850112828860055,-0.7850112828860055,-0.7850112828860055,-1.0376519580213792,-1.0376519580213792,-1.0376519580213792
F2Q:Q3G:R4A,F2Q:Q3G:R4A,3,-0.32544624592209664,-0.32544624592209664,-0.32544624592209664,-1.6276357588381571,-1.6276357588381571,-1.6276357588381571,-1.57759526085838,-1.57759526085838,-1.57759526085838,-0.9938340270335859,-0.9938340270335859,-0.9938340270335859
F2Q:Q3G:R4H,F2Q:Q3G:R4H,3,0.1928790360960173,0.1928790360960173,0.1928790360960173,-1.898776038987355,-1.898776038987355,-1.898776038987355,-1.8929550119735736,-1.8929550119735736,-1.8929550119735736,-1.3906589975431405,-1.3906589975431405,-1.3906589975431405
F2W:Q3N:R4Q,F2W:Q3N:R4Q,3,-0.425754087682241,-0.425754087682241,-0.425754087682241,-0.7975828384996011,-0.7975828384996011,-0.7975828384996011,-0.924578157065833,-0.924578157065833,-0.924578157065833,-0.9906994893121995,-0.9906994893121995,-0.9906994893121995
F2A:Q3N:A5M,F2A:Q3N:A5M,3,-5.415032650001439,-5.415032650001439,-5.415032650001439,-5.464409269749903,-5.464409269749903,-5.464409269749903,-5.5820040874003505,-5.5820040874003505,-5.5820040874003505,-4.1066985874883315,-4.1066985874883315,-4.1066985874883315
F2Q:Q3N:A5I,F2Q:Q3N:A5I,3,-0.9136883505429367,-0.9136883505429367,-0.9136883505429367,-1.7452024036607512,-1.7452024036607512,-1.7452024036607512,-2.3334773439963357,-2.3334773439963357,-2.3334773439963357,-1.906293137857078,-1.906293137857078,-1.906293137857078
F2Q:Q3G:A5M,F2Q:Q3G:A5M,3,-0.8156945689000061,-0.8156945689000061,-0.8156945689000061,-1.1162357493906006,-1.1162357493906006,-1.1162357493906006,-1.121313059605876,-1.121313059605876,-1.121313059605876,0.07628615403878514,0.07628615403878514,0.07628615403878514
F2W:Q3N:A5I,F2W:Q3N:A5I,3,-0.6378332061952243,-0.6378332061952243,-0.6378332061952243,-0.1447806790458137,-0.1447806790458137,-0.1447806790458137,-0.2276437421362113,-0.2276437421362113,-0.2276437421362113,0.09432423264291212,0.09432423264291212,0.09432423264291212
F2A:Q3G:L7I,F2A:Q3G:L7I,3,-1.7071779192534033,-1.7071779192534033,-1.7071779192534033,-3.377613458368382,-3.377613458368382,-3.377613458368382,-3.391298980361773,-3.391298980361773,-3.391298980361773,-4.259579073458281,-4.259579073458281,-4.259579073458281
F2A:Q3G:L7Q,F2A:Q3G:L7Q,3,-2.882411358227017,-2.882411358227017,-2.882411358227017,-4.466435829306493,-4.466435829306493,-4.466435829306493,-4.068202516208897,-4.068202516208897,-4.068202516208897,-3.362297279290196,-3.362297279290196,-3.362297279290196
F2A:Q3G:L7V,F2A:Q3G:L7V,3,-2.5914719300377023,-2.5914719300377023,-2.5914719300377023,-4.800636494407075,-4.800636494407075,-4.800636494407075,-4.645827764272393,-4.645827764272393,-4.645827764272393,-3.432370837284796,-3.432370837284796,-3.432370837284796
F2Q:Q3N:L7Q,F2Q:Q3N:L7Q,3,0.14130898843177664,0.14130898843177664,0.14130898843177664,0.17307092747676855,0.17307092747676855,0.17307092747676855,-0.31426150341297354,-0.31426150341297354,-0.31426150341297354,-0.665634440697644,-0.665634440697644,-0.665634440697644
F2Q:Q3G:L7Q,F2Q:Q3G:L7Q,3,-0.3887259207210329,-0.3887259207210329,-0.3887259207210329,-0.7119635149395838,-0.7119635149395838,-0.7119635149395838,-0.2971179352593566,-0.2971179352593566,-0.2971179352593566,-0.4778571719262683,-0.4778571719262683,-0.4778571719262683
F2W:Q3N:L7V,F2W:Q3N:L7V,3,-0.8726780406807837,-0.8726780406807837,-0.8726780406807837,-1.2245295014606923,-1.2245295014606923,-1.2245295014606923,-1.2818988117315866,-1.2818988117315866,-1.2818988117315866,-1.1557417206886507,-1.1557417206886507,-1.1557417206886507
F2W:Q3G:L7V,F2W:Q3G:L7V,3,-1.161237980395231,-1.161237980395231,-1.161237980395231,-1.7112119043895737,-1.7112119043895737,-1.7112119043895737,-1.5230011353713482,-1.5230011353713482,-1.5230011353713482,-0.9328050879874028,-0.9328050879874028,-0.9328050879874028
F2A:Q3N:S8R,F2A:Q3N:S8R,3,-2.3469315662446406,-2.3469315662446406,-2.3469315662446406,-1.9463941498704609,-1.9463941498704609,-1.9463941498704609,-2.9133943442727768,-2.9133943442727768,-2.9133943442727768,-2.894320056762572,-2.894320056762572,-2.894320056762572
F2Q:Q3N:S8L,F2Q:Q3N:S8L,3,-0.0057235169961655785,-0.0057235169961655785,-0.0057235169961655785,-1.3866146488597106,-1.3866146488597106,-1.3866146488597106,-2.0087932691964103,-2.0087932691964103,-2.0087932691964103,-1.2859946858339415,-1.2859946858339415,-1.2859946858339415
F2Q:Q3N:S8C,F2Q:Q3N:S8C,3,-0.64409712820788,-0.64409712820788,-0.64409712820788,-1.051074271541562,-1.051074271541562,-1.051074271541562,-1.2366622321563348,-1.2366622321563348,-1.2366622321563348,-0.9899732993675141,-0.9899732993675141,-0.9899732993675141
F2Q:Q3G:S8K,F2Q:Q3G:S8K,3,-0.27938170323009137,-0.27938170323009137,-0.27938170323009137,-1.3482951553572238,-1.3482951553572238,-1.3482951553572238,-1.5273120800728004,-1.5273120800728004,-1.5273120800728004,-0.9506799631057166,-0.9506799631057166,-0.9506799631057166
F2W:Q3N:S8T,F2W:Q3N:S8T,3,-1.250429768034499,-1.250429768034499,-1.250429768034499,-0.9286621350723692,-0.9286621350723692,-0.9286621350723692,-1.2722496209926784,-1.2722496209926784,-1.2722496209926784,-1.1633784970562462,-1.1633784970562462,-1.1633784970562462
F2A:Q3N:Q9A,F2A:Q3N:Q9A,3,-2.51597620589635,-2.51597620589635,-2.51597620589635,-2.8116007371268066,-2.8116007371268066,-2.8116007371268066,-4.174866358763265,-4.174866358763265,-4.174866358763265,-5.009058852544278,-5.009058852544278,-5.009058852544278
F2A:Q3N:H10F,F2A:Q3N:H10F,3,-3.790903400633982,-3.790903400633982,-3.790903400633982,-3.7706711367700003,-3.7706711367700003,-3.7706711367700003,-3.1274561553170788,-3.1274561553170788,-3.1274561553170788,-3.734382777527897,-3.734382777527897,-3.734382777527897
F2A:Q3G:H10Y,F2A:Q3G:H10Y,3,-1.7263864973812335,-1.7263864973812335,-1.7263864973812335,-3.812061606313587,-3.812061606313587,-3.812061606313587,-3.8688180891946575,-3.8688180891946575,-3.8688180891946575,-1.939379825338057,-1.939379825338057,-1.939379825338057
F2Q:Q3N:H10F,F2Q:Q3N:H10F,3,-1.6756952147468307,-1.6756952147468307,-1.6756952147468307,-1.3144128114739684,-1.3144128114739684,-1.3144128114739684,-0.9596035476932648,-0.9596035476932648,-0.9596035476932648,-0.735954377538296,-0.735954377538296,-0.735954377538296
F2A:Q3N:A11S,F2A:Q3N:A11S,3,-3.8978526475973494,-3.8978526475973494,-3.8978526475973494,-3.859051544507155,-3.859051544507155,-3.859051544507155,-4.214388270306037,-4.214388270306037,-4.214388270306037,-2.53760406470286,-2.53760406470286,-2.53760406470286
F2Q:Q3G:A11S,F2Q:Q3G:A11S,3,-0.5180648222907109,-0.5180648222907109,-0.5180648222907109,-1.7980513581143345,-1.7980513581143345,-1.7980513581143345,-1.7211207967342395,-1.7211207967342395,-1.7211207967342395,-1.0705375634386143,-1.0705375634386143,-1.0705375634386143
F2Q:R4Q:A5M,F2Q:R4Q:A5M,3,-1.844261479740126,-1.844261479740126,-1.844261479740126,-1.829192412865111,-1.829192412865111,-1.829192412865111,-1.9798984456533881,-1.9798984456533881,-1.9798984456533881,-0.8602554722732221,-0.8602554722732221,-0.8602554722732221
F2Q:R4L:A5I,F2Q:R4L:A5I,3,-1.070402729211557,-1.070402729211557,-1.070402729211557,-1.9673394852125239,-1.9673394852125239,-1.9673394852125239,-1.852752414614916,-1.852752414614916,-1.852752414614916,-1.3429328569274297,-1.3429328569274297,-1.3429328569274297
F2Q:R4H:A5M,F2Q:R4H:A5M,3,-1.019225601075262,-1.019225601075262,-1.019225601075262,-1.942190429365898,-1.942190429365898,-1.942190429365898,-1.827548007423533,-1.827548007423533,-1.827548007423533,-0.8056914731348024,-0.8056914731348024,-0.8056914731348024
F2W:R4T:A5I,F2W:R4T:A5I,3,-1.4301911357997525,-1.4301911357997525,-1.4301911357997525,-0.3721253796290733,-0.3721253796290733,-0.3721253796290733,-0.27074653667117143,-0.27074653667117143,-0.27074653667117143,-0.4073751413474307,-0.4073751413474307,-0.4073751413474307
F2W:R4Q:A5M,F2W:R4Q:A5M,3,-1.3452379521929574,-1.3452379521929574,-1.3452379521929574,-1.3478057905474534,-1.3478057905474534,-1.3478057905474534,-1.2645184796208284,-1.2645184796208284,-1.2645184796208284,-1.8722885547368164,-1.8722885547368164,-1.8722885547368164
F2W:R4H:A5M,F2W:R4H:A5M,3,-1.5894077884822566,-1.5894077884822566,-1.5894077884822566,-1.463214164291679,-1.463214164291679,-1.463214164291679,-1.2712230135005627,-1.2712230135005627,-1.2712230135005627,-1.97288043462724,-1.97288043462724,-1.97288043462724
F2W:R4P:A5I,F2W:R4P:A5I,3,-2.3086558047329535,-2.3086558047329535,-2.3086558047329535,-1.1339564376312243,-1.1339564376312243,-1.1339564376312243,-0.1607202178033369,-0.1607202178033369,-0.1607202178033369,-1.0341387929301362,-1.0341387929301362,-1.0341387929301362
F2A:R4T:Q6R,F2A:R4T:Q6R,3,-3.187752093318192,-3.187752093318192,-3.187752093318192,-3.435640435884599,-3.435640435884599,-3.435640435884599,-3.564509546360471,-3.564509546360471,-3.564509546360471,-3.4028542043903127,-3.4028542043903127,-3.4028542043903127
F2A:R4Q:Q6R,F2A:R4Q:Q6R,3,-3.3320518783804873,-3.3320518783804873,-3.3320518783804873,-3.253652500134769,-3.253652500134769,-3.253652500134769,-4.026210794044207,-4.026210794044207,-4.026210794044207,-3.442320921481842,-3.442320921481842,-3.442320921481842
F2A:R4L:Q6R,F2A:R4L:Q6R,3,-3.3253514981060954,-3.3253514981060954,-3.3253514981060954,-3.7547722687195053,-3.7547722687195053,-3.7547722687195053,-2.9552060961893174,-2.9552060961893174,-2.9552060961893174,-1.61287431937057,-1.61287431937057,-1.61287431937057
F2Q:R4T:Q6R,F2Q:R4T:Q6R,3,-0.9213384007983332,-0.9213384007983332,-0.9213384007983332,-1.1879866785164064,-1.1879866785164064,-1.1879866785164064,-1.0391238473440727,-1.0391238473440727,-1.0391238473440727,-1.8151921507651188,-1.8151921507651188,-1.8151921507651188
F2Q:R4Q:Q6R,F2Q:R4Q:Q6R,3,-1.5327196915329804,-1.5327196915329804,-1.5327196915329804,-1.1839808483424832,-1.1839808483424832,-1.1839808483424832,-1.7855117589801353,-1.7855117589801353,-1.7855117589801353,-2.1212531866532895,-2.1212531866532895,-2.1212531866532895
F2Q:R4C:Q6R,F2Q:R4C:Q6R,3,-0.9543321646255819,-0.9543321646255819,-0.9543321646255819,-1.5301376263269866,-1.5301376263269866,-1.5301376263269866,-1.578595335253223,-1.578595335253223,-1.578595335253223,-1.5970639969192932,-1.5970639969192932,-1.5970639969192932
F2W:R4T:Q6R,F2W:R4T:Q6R,3,-2.2179339571266694,-2.2179339571266694,-2.2179339571266694,-1.7824866165835156,-1.7824866165835156,-1.7824866165835156,-1.4565111450335966,-1.4565111450335966,-1.4565111450335966,-1.6645322165698833,-1.6645322165698833,-1.6645322165698833
F2W:R4A:Q6R,F2W:R4A:Q6R,3,-2.5226046512145666,-2.5226046512145666,-2.5226046512145666,-1.7653566859999081,-1.7653566859999081,-1.7653566859999081,-1.5345717772991114,-1.5345717772991114,-1.5345717772991114,-1.2581432369702354,-1.2581432369702354,-1.2581432369702354
F2A:R4Q:L7I,F2A:R4Q:L7I,3,-2.7735236348538264,-2.7735236348538264,-2.7735236348538264,-2.7038779615011665,-2.7038779615011665,-2.7038779615011665,-3.3872581327808557,-3.3872581327808557,-3.3872581327808557,-4.502014333453071,-4.502014333453071,-4.502014333453071
F2A:R4Q:L7V,F2A:R4Q:L7V,3,-3.592622735987243,-3.592622735987243,-3.592622735987243,-3.7477780165521715,-3.7477780165521715,-3.7477780165521715,-4.557622311206643,-4.557622311206643,-4.557622311206643,-3.5647934975657263,-3.5647934975657263,-3.5647934975657263
F2A:R4A:L7V,F2A:R4A:L7V,3,-3.4557221373714695,-3.4557221373714695,-3.4557221373714695,-3.5991504790796967,-3.5991504790796967,-3.5991504790796967,-3.655712048249837,-3.655712048249837,-3.655712048249837,-2.4980764532028883,-2.4980764532028883,-2.4980764532028883
F2Q:R4T:L7Q,F2Q:R4T:L7Q,3,-0.34695470086677105,-0.34695470086677105,-0.34695470086677105,-0.5551266521822256,-0.5551266521822256,-0.5551266521822256,-0.09788497217074377,-0.09788497217074377,-0.09788497217074377,-0.8804163852692852,-0.8804163852692852,-0.8804163852692852
F2Q:R4Q:L7Q,F2Q:R4Q:L7Q,3,-1.4359023170116463,-1.4359023170116463,-1.4359023170116463,-1.1323179173413593,-1.1323179173413593,-1.1323179173413593,-0.987488627223932,-0.987488627223932,-0.987488627223932,-1.3762929088958322,-1.3762929088958322,-1.3762929088958322
F2Q:R4L:L7V,F2Q:R4L:L7V,3,-0.5733163443558829,-0.5733163443558829,-0.5733163443558829,-1.9071250261644708,-1.9071250261644708,-1.9071250261644708,-2.025238171668694,-2.025238171668694,-2.025238171668694,-2.467506495549192,-2.467506495549192,-2.467506495549192
F2Q:R4A:L7Q,F2Q:R4A:L7Q,3,-1.1291917203648962,-1.1291917203648962,-1.1291917203648962,-1.3733467726146311,-1.3733467726146311,-1.3733467726146311,-0.9600057370539627,-0.9600057370539627,-0.9600057370539627,-0.7209213026675982,-0.7209213026675982,-0.7209213026675982
F2W:R4T:L7V,F2W:R4T:L7V,3,-2.2402827033781243,-2.2402827033781243,-2.2402827033781243,-1.9277789046996383,-1.9277789046996383,-1.9277789046996383,-1.5771980049573495,-1.5771980049573495,-1.5771980049573495,-1.6587520711293549,-1.6587520711293549,-1.6587520711293549
F2W:R4Q:L7Q,F2W:R4Q:L7Q,3,-3.6020975642895436,-3.6020975642895436,-3.6020975642895436,-3.575174533555929,-3.575174533555929,-3.575174533555929,-3.4353527984419756,-3.4353527984419756,-3.4353527984419756,-3.7889786628509947,-3.7889786628509947,-3.7889786628509947
F2W:R4A:L7Q,F2W:R4A:L7Q,3,-5.0462396740283015,-5.0462396740283015,-5.0462396740283015,-4.645125130096108,-4.645125130096108,-4.645125130096108,-3.88639675514379,-3.88639675514379,-3.88639675514379,-3.8801609714501764,-3.8801609714501764,-3.8801609714501764
F2W:R4H:L7V,F2W:R4H:L7V,3,-0.8542936619087648,-0.8542936619087648,-0.8542936619087648,-1.5060419464664068,-1.5060419464664068,-1.5060419464664068,-1.7409479285707137,-1.7409479285707137,-1.7409479285707137,-1.3827322738490537,-1.3827322738490537,-1.3827322738490537
F2W:R4C:L7Q,F2W:R4C:L7Q,3,-4.657369647891374,-4.657369647891374,-4.657369647891374,-4.490172627974795,-4.490172627974795,-4.490172627974795,-4.7181784330488235,-4.7181784330488235,-4.7181784330488235,-4.471612784083687,-4.471612784083687,-4.471612784083687
F2W:R4P:L7I,F2W:R4P:L7I,3,-3.1181875848714613,-3.1181875848714613,-3.1181875848714613,-2.487933474156199,-2.487933474156199,-2.487933474156199,-1.8037983558068178,-1.8037983558068178,-1.8037983558068178,-2.0419610296630597,-2.0419610296630597,-2.0419610296630597
F2W:R4P:L7V,F2W:R4P:L7V,3,-3.1187473723113253,-3.1187473723113253,-3.1187473723113253,-2.521516379820797,-2.521516379820797,-2.521516379820797,-1.5201740160136883,-1.5201740160136883,-1.5201740160136883,-1.747515884908033,-1.747515884908033,-1.747515884908033
F2A:R4Q:S8K,F2A:R4Q:S8K,3,-2.0356709697719975,-2.0356709697719975,-2.0356709697719975,-2.710602840890813,-2.710602840890813,-2.710602840890813,-3.0623837167958303,-3.0623837167958303,-3.0623837167958303,-3.545727384389659,-3.545727384389659,-3.545727384389659
F2A:R4A:S8R,F2A:R4A:S8R,3,-2.2424426214036948,-2.2424426214036948,-2.2424426214036948,-1.8733715509698823,-1.8733715509698823,-1.8733715509698823,-2.816103138022649,-2.816103138022649,-2.816103138022649,-2.7707054178195007,-2.7707054178195007,-2.7707054178195007
F2A:R4C:S8C,F2A:R4C:S8C,3,-1.6947152650771382,-1.6947152650771382,-1.6947152650771382,-2.3360995014915744,-2.3360995014915744,-2.3360995014915744,-2.2539993473223188,-2.2539993473223188,-2.2539993473223188,-2.1063509659894626,-2.1063509659894626,-2.1063509659894626
F2A:R4C:S8T,F2A:R4C:S8T,3,-1.4403241032998721,-1.4403241032998721,-1.4403241032998721,-3.1935248030051486,-3.1935248030051486,-3.1935248030051486,-2.9998593518694925,-2.9998593518694925,-2.9998593518694925,-2.740634748260443,-2.740634748260443,-2.740634748260443
F2A:R4P:S8T,F2A:R4P:S8T,3,-2.609414557593122,-2.609414557593122,-2.609414557593122,-3.7011714278121373,-3.7011714278121373,-3.7011714278121373,-4.369644946338997,-4.369644946338997,-4.369644946338997,-3.993258327896867,-3.993258327896867,-3.993258327896867
F2Q:R4T:S8T,F2Q:R4T:S8T,3,-0.8779120569729548,-0.8779120569729548,-0.8779120569729548,-1.1483472459238493,-1.1483472459238493,-1.1483472459238493,-1.026668232189964,-1.026668232189964,-1.026668232189964,-1.6831552741106688,-1.6831552741106688,-1.6831552741106688
F2Q:R4L:S8R,F2Q:R4L:S8R,3,-1.2175801572944664,-1.2175801572944664,-1.2175801572944664,-1.446478706795599,-1.446478706795599,-1.446478706795599,-0.8608131039997564,-0.8608131039997564,-0.8608131039997564,-1.6856406435075293,-1.6856406435075293,-1.6856406435075293
F2Q:R4L:S8L,F2Q:R4L:S8L,3,-1.0970216872070364,-1.0970216872070364,-1.0970216872070364,-2.2741799660522664,-2.2741799660522664,-2.2741799660522664,-2.156128539631044,-2.156128539631044,-2.156128539631044,-1.3931577902291792,-1.3931577902291792,-1.3931577902291792
F2Q:R4A:S8K,F2Q:R4A:S8K,3,-0.9709574810533277,-0.9709574810533277,-0.9709574810533277,-2.0808092406373664,-2.0808092406373664,-2.0808092406373664,-2.081941326067816,-2.081941326067816,-2.081941326067816,-1.0559790910856746,-1.0559790910856746,-1.0559790910856746
F2Q:R4A:S8L,F2Q:R4A:S8L,3,-0.5429199384608616,-0.5429199384608616,-0.5429199384608616,-2.1473234814203868,-2.1473234814203868,-2.1473234814203868,-2.778165977661952,-2.778165977661952,-2.778165977661952,-1.5426999157254069,-1.5426999157254069,-1.5426999157254069
F2Q:R4A:S8C,F2Q:R4A:S8C,3,-0.5585550078444054,-0.5585550078444054,-0.5585550078444054,-1.6434902777275444,-1.6434902777275444,-1.6434902777275444,-2.2050680887645226,-2.2050680887645226,-2.2050680887645226,-1.328455129657487,-1.328455129657487,-1.328455129657487
F2Q:R4H:S8R,F2Q:R4H:S8R,3,-0.7164732422328564,-0.7164732422328564,-0.7164732422328564,-2.0488003697958175,-2.0488003697958175,-2.0488003697958175,-2.014187020198592,-2.014187020198592,-2.014187020198592,-2.0897692976868782,-2.0897692976868782,-2.0897692976868782
F2Q:R4C:S8K,F2Q:R4C:S8K,3,-0.16727231381961438,-0.16727231381961438,-0.16727231381961438,-1.8408887828382172,-1.8408887828382172,-1.8408887828382172,-1.9458240092600279,-1.9458240092600279,-1.9458240092600279,-1.6508623905249784,-1.6508623905249784,-1.6508623905249784
F2W:R4T:S8R,F2W:R4T:S8R,3,-2.3503610675394873,-2.3503610675394873,-2.3503610675394873,-1.8255681480853474,-1.8255681480853474,-1.8255681480853474,-1.382506105620277,-1.382506105620277,-1.382506105620277,-1.4857219149976866,-1.4857219149976866,-1.4857219149976866
F2W:R4T:S8T,F2W:R4T:S8T,3,-1.594130463394405,-1.594130463394405,-1.594130463394405,-1.1451908786294518,-1.1451908786294518,-1.1451908786294518,-1.5165502850829413,-1.5165502850829413,-1.5165502850829413,-1.8649043059441852,-1.8649043059441852,-1.8649043059441852
F2W:R4Q:S8C,F2W:R4Q:S8C,3,-0.8744227671146736,-0.8744227671146736,-0.8744227671146736,-0.9732378445983452,-0.9732378445983452,-0.9732378445983452,-1.315707059539334,-1.315707059539334,-1.315707059539334,-1.8493971950862245,-1.8493971950862245,-1.8493971950862245
F2W:R4L:S8R,F2W:R4L:S8R,3,-3.7180572120039628,-3.7180572120039628,-3.7180572120039628,-3.5367698609889597,-3.5367698609889597,-3.5367698609889597,-3.2066597967080748,-3.2066597967080748,-3.2066597967080748,-3.4654690331523543,-3.4654690331523543,-3.4654690331523543
F2W:R4L:S8L,F2W:R4L:S8L,3,-4.416783518319933,-4.416783518319933,-4.416783518319933,-4.732711585074941,-4.732711585074941,-4.732711585074941,-4.824003825034389,-4.824003825034389,-4.824003825034389,-4.391910856850126,-4.391910856850126,-4.391910856850126
F2W:R4H:S8L,F2W:R4H:S8L,3,-1.8163654709065329,-1.8163654709065329,-1.8163654709065329,-2.3450369019255715,-2.3450369019255715,-2.3450369019255715,-2.5917420932819346,-2.5917420932819346,-2.5917420932819346,-2.4825706048972305,-2.4825706048972305,-2.4825706048972305
F2Q:R4Q:Q9K,F2Q:R4Q:Q9K,3,-1.391816726532318,-1.391816726532318,-1.391816726532318,-1.2951029987870795,-1.2951029987870795,-1.2951029987870795,-1.5983348652353755,-1.5983348652353755,-1.5983348652353755,-2.1516661365211958,-2.1516661365211958,-2.1516661365211958
F2Q:R4Q:Q9A,F2Q:R4Q:Q9A,3,-0.5508574618002542,-0.5508574618002542,-0.5508574618002542,-1.6058899623016674,-1.6058899623016674,-1.6058899623016674,-1.8592539189734538,-1.8592539189734538,-1.8592539189734538,-1.9318232888233853,-1.9318232888233853,-1.9318232888233853
F2Q:R4C:Q9K,F2Q:R4C:Q9K,3,-0.8134291996249197,-0.8134291996249197,-0.8134291996249197,-1.9846883905674542,-1.9846883905674542,-1.9846883905674542,-1.6350419306217132,-1.6350419306217132,-1.6350419306217132,-1.9287149919294149,-1.9287149919294149,-1.9287149919294149
F2Q:R4T:H10F,F2Q:R4T:H10F,3,-1.4659687520298357,-1.4659687520298357,-1.4659687520298357,-1.6703380140390445,-1.6703380140390445,-1.6703380140390445,-1.4121397375877,-1.4121397375877,-1.4121397375877,-1.4948367905384905,-1.4948367905384905,-1.4948367905384905
F2Q:R4Q:H10Y,F2Q:R4Q:H10Y,3,-2.042387369209163,-2.042387369209163,-2.042387369209163,-1.7138995334573262,-1.7138995334573262,-1.7138995334573262,-1.567167061345494,-1.567167061345494,-1.567167061345494,-1.706458846961356,-1.706458846961356,-1.706458846961356
F2W:R4A:H10Y,F2W:R4A:H10Y,3,-2.222051971214227,-2.222051971214227,-2.222051971214227,-2.0980024472925383,-2.0980024472925383,-2.0980024472925383,-2.1142673004653876,-2.1142673004653876,-2.1142673004653876,-2.064342678858903,-2.064342678858903,-2.064342678858903
F2W:R4C:H10Y,F2W:R4C:H10Y,3,-1.6214034441665204,-1.6214034441665204,-1.6214034441665204,-2.822892835701307,-2.822892835701307,-2.822892835701307,-3.2157712026629723,-3.2157712026629723,-3.2157712026629723,-2.535865275680455,-2.535865275680455,-2.535865275680455
F2A:R4C:A11S,F2A:R4C:A11S,3,-2.4302738747628707,-2.4302738747628707,-2.4302738747628707,-2.918951352856465,-2.918951352856465,-2.918951352856465,-2.8542765535603065,-2.8542765535603065,-2.8542765535603065,-1.823506433019945,-1.823506433019945,-1.823506433019945
F2Q:A5I:Q6R,F2Q:A5I:Q6R,3,-1.247718145488332,-1.247718145488332,-1.247718145488332,-2.089795818259315,-2.089795818259315,-2.089795818259315,-2.2751926319659868,-2.2751926319659868,-2.2751926319659868,-2.5173825608355256,-2.5173825608355256,-2.5173825608355256
F2W:A5I:Q6R,F2W:A5I:Q6R,3,-1.4077347558650701,-1.4077347558650701,-1.4077347558650701,-0.2666173785948558,-0.2666173785948558,-0.2666173785948558,-0.09923765567287557,-0.09923765567287557,-0.09923765567287557,-0.06699886104100372,-0.06699886104100372,-0.06699886104100372
F2Q:A5M:L7I,F2Q:A5M:L7I,3,-1.9065127575941312,-1.9065127575941312,-1.9065127575941312,-1.901495517845408,-1.901495517845408,-1.901495517845408,-1.8155143141443304,-1.8155143141443304,-1.8155143141443304,-0.9322399439658831,-0.9322399439658831,-0.9322399439658831
F2Q:A5I:L7Q,F2Q:A5I:L7Q,3,-1.8928995971905374,-1.8928995971905374,-1.8928995971905374,-2.99248599288327,-2.99248599288327,-2.99248599288327,-2.917639835500632,-2.917639835500632,-2.917639835500632,-2.5370264162118326,-2.5370264162118326,-2.5370264162118326
F2W:A5M:L7I,F2W:A5M:L7I,3,-2.57406733488384,-2.57406733488384,-2.57406733488384,-2.251803663093971,-2.251803663093971,-2.251803663093971,-1.2996470766347663,-1.2996470766347663,-1.2996470766347663,-1.970600040041619,-1.970600040041619,-1.970600040041619
F2A:A5M:S8R,F2A:A5M:S8R,3,-2.5968883630548314,-2.5968883630548314,-2.5968883630548314,-2.127787661795794,-2.127787661795794,-2.127787661795794,-3.1399160090464253,-3.1399160090464253,-3.1399160090464253,-3.4007107234136247,-3.4007107234136247,-3.4007107234136247
F2A:A5I:S8L,F2A:A5I:S8L,3,-3.0814232274966478,-3.0814232274966478,-3.0814232274966478,-4.041518444173189,-4.041518444173189,-4.041518444173189,-3.915167077975795,-3.915167077975795,-3.915167077975795,-2.228371535820837,-2.228371535820837,-2.228371535820837
F2Q:A5M:S8R,F2Q:A5M:S8R,3,-1.4032566763770198,-1.4032566763770198,-1.4032566763770198,-1.6184870799618531,-1.6184870799618531,-1.6184870799618531,-1.291246361469463,-1.291246361469463,-1.291246361469463,-0.6434055323844543,-0.6434055323844543,-0.6434055323844543
F2Q:A5I:S8R,F2Q:A5I:S8R,3,-1.2565075748530723,-1.2565075748530723,-1.2565075748530723,-2.706517991824673,-2.706517991824673,-2.706517991824673,-2.5152367826750277,-2.5152367826750277,-2.5152367826750277,-2.8922587571036407,-2.8922587571036407,-2.8922587571036407
F2W:A5M:S8R,F2W:A5M:S8R,3,-2.10359961216745,-2.10359961216745,-2.10359961216745,-1.6866595475830406,-1.6866595475830406,-1.6866595475830406,-1.2552924031825934,-1.2552924031825934,-1.2552924031825934,-1.7120521570148646,-1.7120521570148646,-1.7120521570148646
F2W:A5M:S8L,F2W:A5M:S8L,3,-3.39900823519186,-3.39900823519186,-3.39900823519186,-3.340469531916437,-3.340469531916437,-3.340469531916437,-3.267587552346323,-3.267587552346323,-3.267587552346323,-3.5805071036070792,-3.5805071036070792,-3.5805071036070792
F2W:A5I:S8L,F2W:A5I:S8L,3,-0.9984823557072735,-0.9984823557072735,-0.9984823557072735,-1.3786535089183818,-1.3786535089183818,-1.3786535089183818,-1.4928465255516827,-1.4928465255516827,-1.4928465255516827,-1.1339761775982338,-1.1339761775982338,-1.1339761775982338
F2A:A5I:Q9R,F2A:A5I:Q9R,3,-4.32700137834834,-4.32700137834834,-4.32700137834834,-3.587983956589974,-3.587983956589974,-3.587983956589974,-3.288841647461002,-3.288841647461002,-3.288841647461002,-3.047396037886754,-3.047396037886754,-3.047396037886754
F2Q:A5M:Q9R,F2Q:A5M:Q9R,3,-1.630069581890405,-1.630069581890405,-1.630069581890405,-2.11488298412787,-2.11488298412787,-2.11488298412787,-1.3651236993946492,-1.3651236993946492,-1.3651236993946492,-0.6955864008941071,-0.6955864008941071,-0.6955864008941071
F2Q:A5I:Q9R,F2Q:A5I:Q9R,3,-1.1801397949650907,-1.1801397949650907,-1.1801397949650907,-2.49065309132268,-2.49065309132268,-2.49065309132268,-2.534375107327785,-2.534375107327785,-2.534375107327785,-2.1334845574399446,-2.1334845574399446,-2.1334845574399446
F2Q:A5M:H10Y,F2Q:A5M:H10Y,3,-2.207315610089829,-2.207315610089829,-2.207315610089829,-2.67246415321196,-2.67246415321196,-2.67246415321196,-2.4153565427237247,-2.4153565427237247,-2.4153565427237247,-1.6094482984626832,-1.6094482984626832,-1.6094482984626832
F2W:Q6R:L7Q,F2W:Q6R:L7Q,3,-4.970283361381593,-4.970283361381593,-4.970283361381593,-4.860755286534164,-4.860755286534164,-4.860755286534164,-4.58998174005294,-4.58998174005294,-4.58998174005294,-4.559210192416666,-4.559210192416666,-4.559210192416666
F2A:Q6R:S8L,F2A:Q6R:S8L,3,-4.029776945582296,-4.029776945582296,-4.029776945582296,-4.340860941132821,-4.340860941132821,-4.340860941132821,-4.432474902653587,-4.432474902653587,-4.432474902653587,-2.4086073467353053,-2.4086073467353053,-2.4086073467353053
F2Q:Q6R:S8K,F2Q:Q6R:S8K,3,-1.0786088057451941,-1.0786088057451941,-1.0786088057451941,-1.865111213085694,-1.865111213085694,-1.865111213085694,-1.8083567842434336,-1.8083567842434336,-1.8083567842434336,-2.708375902108161,-2.708375902108161,-2.708375902108161
F2W:Q6R:H10Y,F2W:Q6R:H10Y,3,-2.762044549393964,-2.762044549393964,-2.762044549393964,-2.5565105157575934,-2.5565105157575934,-2.5565105157575934,-2.6463919346067097,-2.6463919346067097,-2.6463919346067097,-2.815574626047868,-2.815574626047868,-2.815574626047868
F2Q:S8K:Q9K,F2Q:S8K:Q9K,3,-0.6354027071471018,-0.6354027071471018,-0.6354027071471018,-1.1448366803722132,-1.1448366803722132,-1.1448366803722132,-1.5664475269350318,-1.5664475269350318,-1.5664475269350318,-1.9772274735003603,-1.9772274735003603,-1.9772274735003603
F2W:S8R:Q9R,F2W:S8R:Q9R,3,-2.8564985781395418,-2.8564985781395418,-2.8564985781395418,-2.236045556520059,-2.236045556520059,-2.236045556520059,-1.746032829374724,-1.746032829374724,-1.746032829374724,-1.8561941045872552,-1.8561941045872552,-1.8561941045872552
F2Q:S8C:H10F,F2Q:S8C:H10F,3,-1.1943777082859832,-1.1943777082859832,-1.1943777082859832,-1.6023803833002024,-1.6023803833002024,-1.6023803833002024,-1.7250058848938028,-1.7250058848938028,-1.7250058848938028,-1.1709858675277216,-1.1709858675277216,-1.1709858675277216
F2W:S8L:A11S,F2W:S8L:A11S,3,-3.101705821702913,-3.101705821702913,-3.101705821702913,-3.0068792680399983,-3.0068792680399983,-3.0068792680399983,-2.7823980389555087,-2.7823980389555087,-2.7823980389555087,-3.2598879915037737,-3.2598879915037737,-3.2598879915037737
F2Q:Q9A:H10Y,F2Q:Q9A:H10Y,3,-1.3309649765333034,-1.3309649765333034,-1.3309649765333034,-1.6532742342761562,-1.6532742342761562,-1.6532742342761562,-1.066175991007772,-1.066175991007772,-1.066175991007772,-1.6116155383710247,-1.6116155383710247,-1.6116155383710247
F2W:Q9R:A11S,F2W:Q9R:A11S,3,-3.3458877322837166,-3.3458877322837166,-3.3458877322837166,-3.241832999218802,-3.241832999218802,-3.241832999218802,-3.1422636724012776,-3.1422636724012776,-3.1422636724012776,-3.848380060066827,-3.848380060066827,-3.848380060066827
F2W:Q9A:A11S,F2W:Q9A:A11S,3,-2.561257238088869,-2.561257238088869,-2.561257238088869,-2.4692325298937785,-2.4692325298937785,-2.4692325298937785,-3.0586899215695045,-3.0586899215695045,-3.0586899215695045,-3.3847613756153336,-3.3847613756153336,-3.3847613756153336
Q3N:R4L:A5M,Q3N:R4L:A5M,3,-3.3230223163169743,-3.3230223163169743,-3.3230223163169743,-3.35511797472982,-3.35511797472982,-3.35511797472982,-3.5163059464044415,-3.5163059464044415,-3.5163059464044415,-2.067578614995597,-2.067578614995597,-2.067578614995597
Q3N:R4A:A5M,Q3N:R4A:A5M,3,-3.820645267736502,-3.820645267736502,-3.820645267736502,-3.641279796036091,-3.641279796036091,-3.641279796036091,-3.180659483100322,-3.180659483100322,-3.180659483100322,-1.3510658450734416,-1.3510658450734416,-1.3510658450734416
Q3N:R4C:A5M,Q3N:R4C:A5M,3,-3.6887882312506464,-3.6887882312506464,-3.6887882312506464,-3.831411943241932,-3.831411943241932,-3.831411943241932,-4.0216692856225595,-4.0216692856225595,-4.0216692856225595,-1.6171288478508623,-1.6171288478508623,-1.6171288478508623
Q3G:R4A:A5I,Q3G:R4A:A5I,3,-0.9389408416975549,-0.9389408416975549,-0.9389408416975549,-0.9349400263326932,-0.9349400263326932,-0.9349400263326932,-0.20938549953147673,-0.20938549953147673,-0.20938549953147673,-0.7414236825453915,-0.7414236825453915,-0.7414236825453915
Q3G:R4H:A5I,Q3G:R4H:A5I,3,0.2610314317519043,0.2610314317519043,0.2610314317519043,-0.039304253393986466,-0.039304253393986466,-0.039304253393986466,0.03222733059836913,0.03222733059836913,0.03222733059836913,0.030046408809499825,0.030046408809499825,0.030046408809499825
Q3G:R4C:A5I,Q3G:R4C:A5I,3,-0.9231818197395012,-0.9231818197395012,-0.9231818197395012,-0.339288885487509,-0.339288885487509,-0.339288885487509,-0.23266566589515314,-0.23266566589515314,-0.23266566589515314,-0.6529260417227868,-0.6529260417227868,-0.6529260417227868
Q3N:R4Q:Q6R,Q3N:R4Q:Q6R,3,-2.333781900443326,-2.333781900443326,-2.333781900443326,-1.5497910179083851,-1.5497910179083851,-1.5497910179083851,-1.1185166476059756,-1.1185166476059756,-1.1185166476059756,-0.7888054923374163,-0.7888054923374163,-0.7888054923374163
Q3N:R4A:Q6R,Q3N:R4A:Q6R,3,-2.4941528094689276,-2.4941528094689276,-2.4941528094689276,-1.7146490230746076,-1.7146490230746076,-1.7146490230746076,-1.2214648779650146,-1.2214648779650146,-1.2214648779650146,-0.8348750763991157,-0.8348750763991157,-0.8348750763991157
Q3G:R4T:Q6R,Q3G:R4T:Q6R,3,-0.7333759023440404,-0.7333759023440404,-0.7333759023440404,-0.8336547840923338,-0.8336547840923338,-0.8336547840923338,-0.6226699264234854,-0.6226699264234854,-0.6226699264234854,-0.9006553963421838,-0.9006553963421838,-0.9006553963421838
Q3G:R4L:Q6R,Q3G:R4L:Q6R,3,-0.8709753071319444,-0.8709753071319444,-0.8709753071319444,-0.8123273345966588,-0.8123273345966588,-0.8123273345966588,-1.5134678597602427,-1.5134678597602427,-1.5134678597602427,-1.5743606091904028,-1.5743606091904028,-1.5743606091904028
Q3G:R4C:Q6R,Q3G:R4C:Q6R,3,-1.139480670350163,-1.139480670350163,-1.139480670350163,-1.3947797180135841,-1.3947797180135841,-1.3947797180135841,-1.249899470775707,-1.249899470775707,-1.249899470775707,-0.9195508704493834,-0.9195508704493834,-0.9195508704493834
Q3N:R4T:L7I,Q3N:R4T:L7I,3,-1.6712030089862127,-1.6712030089862127,-1.6712030089862127,-1.2052442850935634,-1.2052442850935634,-1.2052442850935634,-0.5027824705953157,-0.5027824705953157,-0.5027824705953157,-1.1480205829143006,-1.1480205829143006,-1.1480205829143006
Q3N:R4T:L7Q,Q3N:R4T:L7Q,3,-0.45075327022107015,-0.45075327022107015,-0.45075327022107015,-0.2762750371066922,-0.2762750371066922,-0.2762750371066922,-0.0006625297879405689,-0.0006625297879405689,-0.0006625297879405689,-0.4459604036719195,-0.4459604036719195,-0.4459604036719195
Q3N:R4Q:L7I,Q3N:R4Q:L7I,3,-1.9628606532570851,-1.9628606532570851,-1.9628606532570851,-1.3064838416376026,-1.3064838416376026,-1.3064838416376026,-0.7322317654756807,-0.7322317654756807,-0.7322317654756807,-1.0457257039812806,-1.0457257039812806,-1.0457257039812806
Q3N:R4Q:L7V,Q3N:R4Q:L7V,3,-1.2936993180644696,-1.2936993180644696,-1.2936993180644696,-0.9757854324077675,-0.9757854324077675,-0.9757854324077675,-0.9303661120187174,-0.9303661120187174,-0.9303661120187174,-0.7917619121063437,-0.7917619121063437,-0.7917619121063437
Q3N:R4L:L7I,Q3N:R4L:L7I,3,-0.9910868692900623,-0.9910868692900623,-0.9910868692900623,-1.0640368961392794,-1.0640368961392794,-1.0640368961392794,-1.1463424891359995,-1.1463424891359995,-1.1463424891359995,-1.865474089612851,-1.865474089612851,-1.865474089612851
Q3N:R4C:L7V,Q3N:R4C:L7V,3,-1.0206802843382872,-1.0206802843382872,-1.0206802843382872,-0.9833690393779465,-0.9833690393779465,-0.9833690393779465,-1.3256289827616365,-1.3256289827616365,-1.3256289827616365,-1.1037462344740046,-1.1037462344740046,-1.1037462344740046
Q3N:R4P:L7V,Q3N:R4P:L7V,3,-2.2500579040310225,-2.2500579040310225,-2.2500579040310225,-1.648280344672166,-1.648280344672166,-1.648280344672166,-0.4185576893414339,-0.4185576893414339,-0.4185576893414339,-0.622310097365276,-0.622310097365276,-0.622310097365276
Q3G:R4T:L7Q,Q3G:R4T:L7Q,3,-0.462737721633922,-0.462737721633922,-0.462737721633922,-0.5229089062746706,-0.5229089062746706,-0.5229089062746706,0.1214061747208699,0.1214061747208699,0.1214061747208699,-0.25196999149733856,-0.25196999149733856,-0.25196999149733856
Q3G:R4L:L7Q,Q3G:R4L:L7Q,3,-1.6298519259920925,-1.6298519259920925,-1.6298519259920925,-1.451179552360202,-1.451179552360202,-1.451179552360202,-1.656841928560616,-1.656841928560616,-1.656841928560616,-1.6947233555670018,-1.6947233555670018,-1.6947233555670018
Q3G:R4H:L7Q,Q3G:R4H:L7Q,3,0.42152823355241653,0.42152823355241653,0.42152823355241653,0.0031584432586023725,0.0031584432586023725,0.0031584432586023725,0.30951012238265063,0.30951012238265063,0.30951012238265063,0.315515141185736,0.315515141185736,0.315515141185736
Q3G:R4H:L7V,Q3G:R4H:L7V,3,0.5237325850374216,0.5237325850374216,0.5237325850374216,-0.866100736125264,-0.866100736125264,-0.866100736125264,-0.7484650832988101,-0.7484650832988101,-0.7484650832988101,-0.06368378649627005,-0.06368378649627005,-0.06368378649627005
Q3G:R4C:L7I,Q3G:R4C:L7I,3,-0.9131742023001989,-0.9131742023001989,-0.9131742023001989,-1.6601050217774764,-1.6601050217774764,-1.6601050217774764,-1.3917112625534855,-1.3917112625534855,-1.3917112625534855,-1.024955027356706,-1.024955027356706,-1.024955027356706
Q3G:R4P:L7I,Q3G:R4P:L7I,3,-1.5622223337746686,-1.5622223337746686,-1.5622223337746686,-1.7336379958381634,-1.7336379958381634,-1.7336379958381634,-1.6029968245012416,-1.6029968245012416,-1.6029968245012416,-1.2001790131440249,-1.2001790131440249,-1.2001790131440249
Q3G:R4P:L7Q,Q3G:R4P:L7Q,3,-1.612445494611435,-1.612445494611435,-1.612445494611435,-1.6776747316000529,-1.6776747316000529,-1.6776747316000529,-0.6377265317644718,-0.6377265317644718,-0.6377265317644718,-0.6165099937446895,-0.6165099937446895,-0.6165099937446895
Q3N:R4T:S8L,Q3N:R4T:S8L,3,-1.076154135372878,-1.076154135372878,-1.076154135372878,-1.0044441211477602,-1.0044441211477602,-1.0044441211477602,-0.8300624501709255,-0.8300624501709255,-0.8300624501709255,-0.7654030427054104,-0.7654030427054104,-0.7654030427054104
Q3N:R4Q:S8R,Q3N:R4Q:S8R,3,-0.5583275010736796,-0.5583275010736796,-0.5583275010736796,-0.5082658410000755,-0.5082658410000755,-0.5082658410000755,-0.23384354349014458,-0.23384354349014458,-0.23384354349014458,-0.442244257648331,-0.442244257648331,-0.442244257648331
Q3N:R4L:S8K,Q3N:R4L:S8K,3,-0.002213186037085091,-0.002213186037085091,-0.002213186037085091,-0.3579471281072011,-0.3579471281072011,-0.3579471281072011,-0.8874940221937301,-0.8874940221937301,-0.8874940221937301,-0.5634844686369653,-0.5634844686369653,-0.5634844686369653
Q3N:R4A:S8K,Q3N:R4A:S8K,3,-0.9144284428692803,-0.9144284428692803,-0.9144284428692803,-0.8574903319279898,-0.8574903319279898,-0.8574903319279898,-0.5037276510804435,-0.5037276510804435,-0.5037276510804435,-0.29991561109602394,-0.29991561109602394,-0.29991561109602394
Q3N:R4H:S8K,Q3N:R4H:S8K,3,0.3379895552085831,0.3379895552085831,0.3379895552085831,-1.0582215794459722,-1.0582215794459722,-1.0582215794459722,-1.433486055587855,-1.433486055587855,-1.433486055587855,-1.4295899127983924,-1.4295899127983924,-1.4295899127983924
Q3N:R4C:S8R,Q3N:R4C:S8R,3,-0.6206871474938476,-0.6206871474938476,-0.6206871474938476,-0.6236579626808605,-0.6236579626808605,-0.6236579626808605,-0.6436853340475629,-0.6436853340475629,-0.6436853340475629,-0.6113928531847266,-0.6113928531847266,-0.6113928531847266
Q3G:R4T:S8T,Q3G:R4T:S8T,3,-0.10780183885092742,-0.10780183885092742,-0.10780183885092742,-0.5664054903689308,-0.5664054903689308,-0.5664054903689308,-0.736505813865366,-0.736505813865366,-0.736505813865366,-0.9236780438574297,-0.9236780438574297,-0.9236780438574297
Q3G:R4L:S8T,Q3G:R4L:S8T,3,-0.8431093659133049,-0.8431093659133049,-0.8431093659133049,-0.9158207268705365,-0.9158207268705365,-0.9158207268705365,-1.611662779513806,-1.611662779513806,-1.611662779513806,-1.6080992199470279,-1.6080992199470279,-1.6080992199470279
Q3G:R4H:S8K,Q3G:R4H:S8K,3,0.33025333420521996,0.33025333420521996,0.33025333420521996,-1.3598683404125151,-1.3598683404125151,-1.3598683404125151,-1.528325878888007,-1.528325878888007,-1.528325878888007,-1.3601874655875177,-1.3601874655875177,-1.3601874655875177
Q3G:R4C:S8K,Q3G:R4C:S8K,3,-0.37439740494152496,-0.37439740494152496,-0.37439740494152496,-1.0500258924038746,-1.0500258924038746,-1.0500258924038746,-1.2181222964319154,-1.2181222964319154,-1.2181222964319154,-1.1384738271852919,-1.1384738271852919,-1.1384738271852919
Q3G:R4C:S8C,Q3G:R4C:S8C,3,-0.6521422882452359,-0.6521422882452359,-0.6521422882452359,-2.0265377761182646,-2.0265377761182646,-2.0265377761182646,-1.8905602858907713,-1.8905602858907713,-1.8905602858907713,-1.4311670398495104,-1.4311670398495104,-1.4311670398495104
Q3N:R4T:Q9R,Q3N:R4T:Q9R,3,-2.0479721006042526,-2.0479721006042526,-2.0479721006042526,-1.152348922223573,-1.152348922223573,-1.152348922223573,-0.6616017316286353,-0.6616017316286353,-0.6616017316286353,-1.1056683557623743,-1.1056683557623743,-1.1056683557623743
Q3N:R4A:Q9A,Q3N:R4A:Q9A,3,-1.0606489655464872,-1.0606489655464872,-1.0606489655464872,-0.879004619363966,-0.879004619363966,-0.879004619363966,-0.4811650425637112,-0.4811650425637112,-0.4811650425637112,-0.5588274405225342,-0.5588274405225342,-0.5588274405225342
Q3G:R4T:Q9A,Q3G:R4T:Q9A,3,-0.02164493011452956,-0.02164493011452956,-0.02164493011452956,-0.3479698186094304,-0.3479698186094304,-0.3479698186094304,-0.7765039429975289,-0.7765039429975289,-0.7765039429975289,-0.6868215557333495,-0.6868215557333495,-0.6868215557333495
Q3N:R4Q:H10F,Q3N:R4Q:H10F,3,-1.7685969227652194,-1.7685969227652194,-1.7685969227652194,-1.3474714815240558,-1.3474714815240558,-1.3474714815240558,-0.5136861228500198,-0.5136861228500198,-0.5136861228500198,-0.6581406485185837,-0.6581406485185837,-0.6581406485185837
Q3G:R4L:H10F,Q3G:R4L:H10F,3,-1.6998789068859184,-1.6998789068859184,-1.6998789068859184,-1.3781170808535765,-1.3781170808535765,-1.3781170808535765,-1.783931183621926,-1.783931183621926,-1.783931183621926,-1.2291820665195363,-1.2291820665195363,-1.2291820665195363
Q3G:R4H:H10Y,Q3G:R4H:H10Y,3,-0.31262342449168923,-0.31262342449168923,-0.31262342449168923,-0.6475803962853828,-0.6475803962853828,-0.6475803962853828,-0.44615591033361435,-0.44615591033361435,-0.44615591033361435,-0.139923899050447,-0.139923899050447,-0.139923899050447
Q3N:R4P:A11S,Q3N:R4P:A11S,3,-3.4009858485392925,-3.4009858485392925,-3.4009858485392925,-2.5788974295711493,-2.5788974295711493,-2.5788974295711493,-1.71965341214162,-1.71965341214162,-1.71965341214162,-1.4289164976427575,-1.4289164976427575,-1.4289164976427575
Q3G:A5I:Q6R,Q3G:A5I:Q6R,3,-1.0612039561932474,-1.0612039561932474,-1.0612039561932474,-0.3716771098116012,-0.3716771098116012,-0.3716771098116012,-0.1145880021453175,-0.1145880021453175,-0.1145880021453175,-0.5335969233277247,-0.5335969233277247,-0.5335969233277247
Q3N:A5M:L7I,Q3N:A5M:L7I,3,-3.8623455303396987,-3.8623455303396987,-3.8623455303396987,-3.5831075487325554,-3.5831075487325554,-3.5831075487325554,-2.8551383710992617,-2.8551383710992617,-2.8551383710992617,-1.6615492291322638,-1.6615492291322638,-1.6615492291322638
Q3N:A5I:L7I,Q3N:A5I:L7I,3,-1.502934549509706,-1.502934549509706,-1.502934549509706,-0.8266277585232288,-0.8266277585232288,-0.8266277585232288,-0.3785529443852596,-0.3785529443852596,-0.3785529443852596,-0.599186504018228,-0.599186504018228,-0.599186504018228
Q3N:A5I:L7V,Q3N:A5I:L7V,3,-2.2270799684342575,-2.2270799684342575,-2.2270799684342575,-1.603395177431449,-1.603395177431449,-1.603395177431449,-1.5195042074269238,-1.5195042074269238,-1.5195042074269238,-1.2413254297593153,-1.2413254297593153,-1.2413254297593153
Q3G:A5I:L7Q,Q3G:A5I:L7Q,3,-2.0101309271168972,-2.0101309271168972,-2.0101309271168972,-1.596481432952074,-1.596481432952074,-1.596481432952074,-0.9541979797089364,-0.9541979797089364,-0.9541979797089364,-0.8393311393550197,-0.8393311393550197,-0.8393311393550197
Q3G:A5M:S8R,Q3G:A5M:S8R,3,-0.7202513551498879,-0.7202513551498879,-0.7202513551498879,-0.6431229070037509,-0.6431229070037509,-0.6431229070037509,-0.7584905643199237,-0.7584905643199237,-0.7584905643199237,-0.36874078890695183,-0.36874078890695183,-0.36874078890695183
Q3G:A5I:S8L,Q3G:A5I:S8L,3,-0.16295970462434295,-0.16295970462434295,-0.16295970462434295,-0.7591544352469264,-0.7591544352469264,-0.7591544352469264,-0.7883830692148215,-0.7883830692148215,-0.7883830692148215,-0.586987876218122,-0.586987876218122,-0.586987876218122
Q3G:A5I:S8C,Q3G:A5I:S8C,3,-0.5738655740883203,-0.5738655740883203,-0.5738655740883203,-0.9848483965415182,-0.9848483965415182,-0.9848483965415182,-0.30261983565056816,-0.30261983565056816,-0.30261983565056816,-0.08737201115691318,-0.08737201115691318,-0.08737201115691318
Q3N:A5I:Q9K,Q3N:A5I:Q9K,3,-1.7311857860436362,-1.7311857860436362,-1.7311857860436362,-1.846836581806322,-1.846836581806322,-1.846836581806322,-1.6080853588373485,-1.6080853588373485,-1.6080853588373485,-1.4248531465104686,-1.4248531465104686,-1.4248531465104686
Q3G:A5I:Q9R,Q3G:A5I:Q9R,3,-1.3298615078476046,-1.3298615078476046,-1.3298615078476046,-0.16449549864703017,-0.16449549864703017,-0.16449549864703017,-0.1111122744674633,-0.1111122744674633,-0.1111122744674633,-1.0414529769141965,-1.0414529769141965,-1.0414529769141965
Q3G:A5I:H10Y,Q3G:A5I:H10Y,3,-1.2940427778201578,-1.2940427778201578,-1.2940427778201578,-1.3707163761526662,-1.3707163761526662,-1.3707163761526662,-1.243074038165855,-1.243074038165855,-1.243074038165855,-0.6796837231989479,-0.6796837231989479,-0.6796837231989479
Q3G:A5I:A11S,Q3G:A5I:A11S,3,-1.309424183774053,-1.309424183774053,-1.309424183774053,-1.246779862623836,-1.246779862623836,-1.246779862623836,-1.7632803385478222,-1.7632803385478222,-1.7632803385478222,-1.9094067106530286,-1.9094067106530286,-1.9094067106530286
Q3N:Q6R:L7V,Q3N:Q6R:L7V,3,-1.978279577212895,-1.978279577212895,-1.978279577212895,-1.6764289660398215,-1.6764289660398215,-1.6764289660398215,-1.6050759118830364,-1.6050759118830364,-1.6050759118830364,-1.6973191645966983,-1.6973191645966983,-1.6973191645966983
Q3G:Q6R:L7I,Q3G:Q6R:L7I,3,-1.1185278576894895,-1.1185278576894895,-1.1185278576894895,-0.9825512515506816,-0.9825512515506816,-0.9825512515506816,-1.0632173307334036,-1.0632173307334036,-1.0632173307334036,-0.8736709856711612,-0.8736709856711612,-0.8736709856711612
Q3N:Q6R:S8K,Q3N:Q6R:S8K,3,-1.355768534014863,-1.355768534014863,-1.355768534014863,-1.4344880009285363,-1.4344880009285363,-1.4344880009285363,-0.9843502095550345,-0.9843502095550345,-0.9843502095550345,-1.4952266109267547,-1.4952266109267547,-1.4952266109267547
Q3N:Q6R:S8T,Q3N:Q6R:S8T,3,-2.2098818308016464,-2.2098818308016464,-2.2098818308016464,-1.344479420397257,-1.344479420397257,-1.344479420397257,-1.2166186682196107,-1.2166186682196107,-1.2166186682196107,-1.1673814818562405,-1.1673814818562405,-1.1673814818562405
Q3N:L7Q:S8K,Q3N:L7Q:S8K,3,-0.0946060142651306,-0.0946060142651306,-0.0946060142651306,-0.4089405609252601,-0.4089405609252601,-0.4089405609252601,-0.7221384965932993,-0.7221384965932993,-0.7221384965932993,-0.6337327802872239,-0.6337327802872239,-0.6337327802872239
Q3G:L7V:S8K,Q3G:L7V:S8K,3,-0.9468246924357112,-0.9468246924357112,-0.9468246924357112,-1.2598450283906497,-1.2598450283906497,-1.2598450283906497,-1.1534660037762492,-1.1534660037762492,-1.1534660037762492,-0.668682895824858,-0.668682895824858,-0.668682895824858
Q3G:L7I:Q9K,Q3G:L7I:Q9K,3,-1.090794560589439,-1.090794560589439,-1.090794560589439,-0.8796955025347264,-0.8796955025347264,-0.8796955025347264,-0.7944138844515005,-0.7944138844515005,-0.7944138844515005,-0.5557436236728854,-0.5557436236728854,-0.5557436236728854
Q3G:L7Q:Q9K,Q3G:L7Q:Q9K,3,-1.3277496071674217,-1.3277496071674217,-1.3277496071674217,-0.828669950555072,-0.828669950555072,-0.828669950555072,-1.3156217174820455,-1.3156217174820455,-1.3156217174820455,-1.1258856536527977,-1.1258856536527977,-1.1258856536527977
Q3G:L7V:Q9R,Q3G:L7V:Q9R,3,-0.4601308460393472,-0.4601308460393472,-0.4601308460393472,-0.6841310545209545,-0.6841310545209545,-0.6841310545209545,-1.057314183048259,-1.057314183048259,-1.057314183048259,-1.395275901454529,-1.395275901454529,-1.395275901454529
Q3N:L7I:H10Y,Q3N:L7I:H10Y,3,-2.2609355101240736,-2.2609355101240736,-2.2609355101240736,-2.317275973323113,-2.317275973323113,-2.317275973323113,-1.9788460984701481,-1.9788460984701481,-1.9788460984701481,-1.5237826164236004,-1.5237826164236004,-1.5237826164236004
Q3N:L7Q:H10Y,Q3N:L7Q:H10Y,3,-1.1985359675865213,-1.1985359675865213,-1.1985359675865213,-1.3348939537281233,-1.3348939537281233,-1.3348939537281233,-1.568814376765364,-1.568814376765364,-1.568814376765364,-1.1871011530960631,-1.1871011530960631,-1.1871011530960631
Q3N:L7V:H10F,Q3N:L7V:H10F,3,-2.0448272770379483,-2.0448272770379483,-2.0448272770379483,-1.9207248696736714,-1.9207248696736714,-1.9207248696736714,-1.4215897639655994,-1.4215897639655994,-1.4215897639655994,-1.0220286835080863,-1.0220286835080863,-1.0220286835080863
Q3G:L7I:H10F,Q3G:L7I:H10F,3,-0.8740704802448298,-0.8740704802448298,-0.8740704802448298,-0.9103376271240078,-0.9103376271240078,-0.9103376271240078,-1.2128603790742012,-1.2128603790742012,-1.2128603790742012,-0.8857973271494983,-0.8857973271494983,-0.8857973271494983
Q3N:L7Q:A11S,Q3N:L7Q:A11S,3,-1.7931015510077393,-1.7931015510077393,-1.7931015510077393,-1.510985473399098,-1.510985473399098,-1.510985473399098,-1.0842207037009293,-1.0842207037009293,-1.0842207037009293,-1.2340508196542024,-1.2340508196542024,-1.2340508196542024
Q3N:S8K:Q9R,Q3N:S8K:Q9R,3,-0.8303518046513019,-0.8303518046513019,-0.8303518046513019,-0.6344963636225951,-0.6344963636225951,-0.6344963636225951,-0.6998123686337034,-0.6998123686337034,-0.6998123686337034,-0.821178939792635,-0.821178939792635,-0.821178939792635
Q3G:S8T:Q9K,Q3G:S8T:Q9K,3,-0.020148240887891466,-0.020148240887891466,-0.020148240887891466,-1.1338057118506466,-1.1338057118506466,-1.1338057118506466,-1.648079817593806,-1.648079817593806,-1.648079817593806,-1.1734700169679813,-1.1734700169679813,-1.1734700169679813
Q3N:S8K:H10Y,Q3N:S8K:H10Y,3,-1.6181634718108475,-1.6181634718108475,-1.6181634718108475,-2.011730583980344,-2.011730583980344,-2.011730583980344,-2.193636099068824,-2.193636099068824,-2.193636099068824,-1.9066646609716489,-1.9066646609716489,-1.9066646609716489
Q3N:S8L:H10F,Q3N:S8L:H10F,3,-2.0407458432601255,-2.0407458432601255,-2.0407458432601255,-2.311070923041583,-2.311070923041583,-2.311070923041583,-1.7828676879044008,-1.7828676879044008,-1.7828676879044008,-1.200153062900036,-1.200153062900036,-1.200153062900036
Q3N:S8T:H10F,Q3N:S8T:H10F,3,-2.1646164791144358,-2.1646164791144358,-2.1646164791144358,-1.3334000665025534,-1.3334000665025534,-1.3334000665025534,-1.089491010487607,-1.089491010487607,-1.089491010487607,-1.0469450693285596,-1.0469450693285596,-1.0469450693285596
Q3G:S8C:H10F,Q3G:S8C:H10F,3,-0.9696131524780436,-0.9696131524780436,-0.9696131524780436,-1.292354316680643,-1.292354316680643,-1.292354316680643,-1.2088558373439033,-1.2088558373439033,-1.2088558373439033,-0.6247311545430013,-0.6247311545430013,-0.6247311545430013
Q3G:S8K:A11S,Q3G:S8K:A11S,3,-2.0079855904904096,-2.0079855904904096,-2.0079855904904096,-2.06465221209326,-2.06465221209326,-2.06465221209326,-2.182709269928015,-2.182709269928015,-2.182709269928015,-1.8627358898909436,-1.8627358898909436,-1.8627358898909436
Q3G:Q9K:H10Y,Q3G:Q9K:H10Y,3,-1.1255020734559564,-1.1255020734559564,-1.1255020734559564,-1.3861996017370444,-1.3861996017370444,-1.3861996017370444,-1.9328432733800047,-1.9328432733800047,-1.9328432733800047,-1.1954269205805859,-1.1954269205805859,-1.1954269205805859
R4T:A5M:Q6R,R4T:A5M:Q6R,3,-2.1362079983335285,-2.1362079983335285,-2.1362079983335285,-2.1907860979742044,-2.1907860979742044,-2.1907860979742044,-1.9241029131512641,-1.9241029131512641,-1.9241029131512641,-1.9108097816139542,-1.9108097816139542,-1.9108097816139542
R4Q:A5M:Q6R,R4Q:A5M:Q6R,3,-2.2805077833958234,-2.2805077833958234,-2.2805077833958234,-2.0087981622243745,-2.0087981622243745,-2.0087981622243745,-2.091412839640263,-2.091412839640263,-2.091412839640263,-1.4666628790302139,-1.4666628790302139,-1.4666628790302139
R4L:A5M:Q6R,R4L:A5M:Q6R,3,-2.273807403121432,-2.273807403121432,-2.273807403121432,-2.5099179308091113,-2.5099179308091113,-2.5099179308091113,-2.6796327153675827,-2.6796327153675827,-2.6796327153675827,-2.144377901570005,-2.144377901570005,-2.144377901570005
R4L:A5I:Q6R,R4L:A5I:Q6R,3,-1.8924930602180527,-1.8924930602180527,-1.8924930602180527,-0.9555932124846307,-0.9555932124846307,-0.9555932124846307,-0.6664220624765687,-0.6664220624765687,-0.6664220624765687,-0.1667273198557364,-0.1667273198557364,-0.1667273198557364
R4T:A5I:L7V,R4T:A5I:L7V,3,-2.7967879127512667,-2.7967879127512667,-2.7967879127512667,-2.13635942518463,-2.13635942518463,-2.13635942518463,-1.741328648466784,-1.741328648466784,-1.741328648466784,-1.6286651288434915,-1.6286651288434915,-1.6286651288434915
R4Q:A5M:S8C,R4Q:A5M:S8C,3,-0.9797922252657222,-0.9797922252657222,-0.9797922252657222,-1.802442603945264,-1.802442603945264,-1.802442603945264,-1.8460720620718676,-1.8460720620718676,-1.8460720620718676,-1.687984501232234,-1.687984501232234,-1.687984501232234
R4A:A5I:S8L,R4A:A5I:S8L,3,-0.6285167304943113,-0.6285167304943113,-0.6285167304943113,-1.2026684054458452,-1.2026684054458452,-1.2026684054458452,-1.1866555965759449,-1.1866555965759449,-1.1866555965759449,-0.9264397030961236,-0.9264397030961236,-0.9264397030961236
R4H:A5I:S8K,R4H:A5I:S8K,3,-1.4977568440107825,-1.4977568440107825,-1.4977568440107825,-2.6639569388472735,-2.6639569388472735,-2.6639569388472735,-2.648399293535487,-2.648399293535487,-2.648399293535487,-1.5231423629210594,-1.5231423629210594,-1.5231423629210594
R4H:A5I:S8T,R4H:A5I:S8T,3,0.25050776863192714,0.25050776863192714,0.25050776863192714,-0.17435321142343863,-0.17435321142343863,-0.17435321142343863,-0.5379707203663172,-0.5379707203663172,-0.5379707203663172,-0.2698073825712367,-0.2698073825712367,-0.2698073825712367
R4P:A5M:S8L,R4P:A5M:S8L,3,-3.569568255408129,-3.569568255408129,-3.569568255408129,-3.017727809522455,-3.017727809522455,-3.017727809522455,-1.7971960886019605,-1.7971960886019605,-1.7971960886019605,-1.3112358333896776,-1.3112358333896776,-1.3112358333896776
R4H:A5M:Q9A,R4H:A5M:Q9A,3,-0.22592840707926537,-0.22592840707926537,-0.22592840707926537,-0.7763017940989486,-0.7763017940989486,-0.7763017940989486,-0.9175837703370159,-0.9175837703370159,-0.9175837703370159,-1.3738380512155637,-1.3738380512155637,-1.3738380512155637
R4L:A5I:A11S,R4L:A5I:A11S,3,-2.045814919267385,-2.045814919267385,-2.045814919267385,-1.2536765324878487,-1.2536765324878487,-1.2536765324878487,-2.0441147613042956,-2.0441147613042956,-2.0441147613042956,-1.3523883502734537,-1.3523883502734537,-1.3523883502734537
R4A:A5M:A11S,R4A:A5M:A11S,3,-2.3527940844433406,-2.3527940844433406,-2.3527940844433406,-2.315564557083264,-2.315564557083264,-2.315564557083264,-2.1951621029717123,-2.1951621029717123,-2.1951621029717123,-2.4057406184796553,-2.4057406184796553,-2.4057406184796553
R4Q:Q6R:L7V,R4Q:Q6R:L7V,3,-2.098570903218258,-2.098570903218258,-2.098570903218258,-1.5596040775910316,-1.5596040775910316,-1.5596040775910316,-1.7763616566669778,-1.7763616566669778,-1.7763616566669778,-1.7227486551796563,-1.7227486551796563,-1.7227486551796563
R4L:Q6R:L7V,R4L:Q6R:L7V,3,-1.4703501263260716,-1.4703501263260716,-1.4703501263260716,-1.536867550478627,-1.536867550478627,-1.536867550478627,-1.8709361559000817,-1.8709361559000817,-1.8709361559000817,-2.238901435359869,-2.238901435359869,-2.238901435359869
R4H:Q6R:L7V,R4H:Q6R:L7V,3,-0.7904757787822507,-0.7904757787822507,-0.7904757787822507,-1.5066832717718748,-1.5066832717718748,-1.5066832717718748,-1.7608894243179347,-1.7608894243179347,-1.7608894243179347,-1.6630199260913785,-1.6630199260913785,-1.6630199260913785
R4C:Q6R:L7I,R4C:Q6R:L7I,3,-1.7353902564192438,-1.7353902564192438,-1.7353902564192438,-2.0290693597741427,-2.0290693597741427,-2.0290693597741427,-1.8217413543344543,-1.8217413543344543,-1.8217413543344543,-1.402685647358666,-1.402685647358666,-1.402685647358666
R4P:Q6R:L7Q,R4P:Q6R:L7Q,3,-2.8361675501327808,-2.8361675501327808,-2.8361675501327808,-2.6102820648398577,-2.6102820648398577,-2.6102820648398577,-1.3300406524776573,-1.3300406524776573,-1.3300406524776573,-1.1233534424012115,-1.1233534424012115,-1.1233534424012115
R4L:Q6R:S8C,R4L:Q6R:S8C,3,-2.1151179921382512,-2.1151179921382512,-2.1151179921382512,-2.050738979663312,-2.050738979663312,-2.050738979663312,-2.3098557058446967,-2.3098557058446967,-2.3098557058446967,-1.2025895512150815,-1.2025895512150815,-1.2025895512150815
R4A:Q6R:S8C,R4A:Q6R:S8C,3,-2.0227144154496455,-2.0227144154496455,-2.0227144154496455,-1.7824613758464438,-1.7824613758464438,-1.7824613758464438,-2.20169922213789,-2.20169922213789,-2.20169922213789,-1.1513449573444712,-1.1513449573444712,-1.1513449573444712
R4H:Q6R:S8L,R4H:Q6R:S8L,3,-1.4924302795189717,-1.4924302795189717,-1.4924302795189717,-1.984859968617734,-1.984859968617734,-1.984859968617734,-2.1271644160568575,-2.1271644160568575,-2.1271644160568575,-1.5122118500465347,-1.5122118500465347,-1.5122118500465347
R4C:Q6R:S8K,R4C:Q6R:S8K,3,-1.139215567169599,-1.139215567169599,-1.139215567169599,-1.6959053178223198,-1.6959053178223198,-1.6959053178223198,-1.362130365973847,-1.362130365973847,-1.362130365973847,-1.8894727154750053,-1.8894727154750053,-1.8894727154750053
R4P:Q6R:S8L,R4P:Q6R:S8L,3,-3.532910146524239,-3.532910146524239,-3.532910146524239,-3.060706826196815,-3.060706826196815,-3.060706826196815,-2.154504301311021,-2.154504301311021,-2.154504301311021,-1.433423191281081,-1.433423191281081,-1.433423191281081
R4H:Q6R:Q9K,R4H:Q6R:Q9K,3,-1.3922784589605588,-1.3922784589605588,-1.3922784589605588,-1.7977639050744094,-1.7977639050744094,-1.7977639050744094,-1.9916438580551394,-1.9916438580551394,-1.9916438580551394,-2.101779637395338,-2.101779637395338,-2.101779637395338
R4T:L7Q:S8C,R4T:L7Q:S8C,3,-1.124974615101844,-1.124974615101844,-1.124974615101844,-0.9564871411992104,-0.9564871411992104,-0.9564871411992104,-0.6632873769442319,-0.6632873769442319,-0.6632873769442319,-0.6057393942248361,-0.6057393942248361,-0.6057393942248361
R4Q:L7I:S8R,R4Q:L7I:S8R,3,-1.5097202127174199,-1.5097202127174199,-1.5097202127174199,-1.2411293618869443,-1.2411293618869443,-1.2411293618869443,-1.3131628845283456,-1.3131628845283456,-1.3131628845283456,-1.3065831617541428,-1.3065831617541428,-1.3065831617541428
R4Q:L7V:S8R,R4Q:L7V:S8R,3,-2.363207853224357,-2.363207853224357,-2.363207853224357,-2.1007158700122384,-2.1007158700122384,-2.1007158700122384,-1.71279163703446,-1.71279163703446,-1.71279163703446,-1.002574609145051,-1.002574609145051,-1.002574609145051
R4L:L7I:S8C,R4L:L7I:S8C,3,-2.0643551558925166,-2.0643551558925166,-2.0643551558925166,-1.7705075896392677,-1.7705075896392677,-1.7705075896392677,-1.9904478724239547,-1.9904478724239547,-1.9904478724239547,-1.349496906285489,-1.349496906285489,-1.349496906285489
R4L:L7Q:S8L,R4L:L7Q:S8L,3,-1.9628836969899885,-1.9628836969899885,-1.9628836969899885,-2.424240969076798,-2.424240969076798,-2.424240969076798,-2.53816536556981,-2.53816536556981,-2.53816536556981,-2.2463913922755174,-2.2463913922755174,-2.2463913922755174
R4L:L7Q:S8C,R4L:L7Q:S8C,3,-2.3817784567431444,-2.3817784567431444,-2.3817784567431444,-1.9926218326367116,-1.9926218326367116,-1.9926218326367116,-2.019790318756936,-2.019790318756936,-2.019790318756936,-1.4069558150380492,-1.4069558150380492,-1.4069558150380492
R4L:L7V:S8R,R4L:L7V:S8R,3,-2.44161034660402,-2.44161034660402,-2.44161034660402,-2.162440549184225,-2.162440549184225,-2.162440549184225,-1.4771876732475075,-1.4771876732475075,-1.4771876732475075,-1.2649049102803742,-1.2649049102803742,-1.2649049102803742
R4L:L7V:S8L,R4L:L7V:S8L,3,-1.4258204009435038,-1.4258204009435038,-1.4258204009435038,-1.3376926125905058,-1.3376926125905058,-1.3376926125905058,-1.356123157853098,-1.356123157853098,-1.356123157853098,-0.87622506919633,-0.87622506919633,-0.87622506919633
R4A:L7I:S8L,R4A:L7I:S8L,3,-0.24921318273201432,-0.24921318273201432,-0.24921318273201432,-0.6185951265096485,-0.6185951265096485,-0.6185951265096485,-1.3276711326548392,-1.3276711326548392,-1.3276711326548392,-1.5312675880991544,-1.5312675880991544,-1.5312675880991544
R4A:L7Q:S8K,R4A:L7Q:S8K,3,-2.267021974979701,-2.267021974979701,-2.267021974979701,-1.944166926448069,-1.944166926448069,-1.944166926448069,-1.2090413073278372,-1.2090413073278372,-1.2090413073278372,-0.7504944091845045,-0.7504944091845045,-0.7504944091845045
R4H:L7Q:S8T,R4H:L7Q:S8T,3,0.37265009882325284,0.37265009882325284,0.37265009882325284,-0.062423726073215224,-0.062423726073215224,-0.062423726073215224,-0.5356457290566554,-0.5356457290566554,-0.5356457290566554,-0.6976457760793253,-0.6976457760793253,-0.6976457760793253
R4C:L7Q:S8K,R4C:L7Q:S8K,3,-1.3461437118697088,-1.3461437118697088,-1.3461437118697088,-1.361182549656419,-1.361182549656419,-1.361182549656419,-1.670982379325353,-1.670982379325353,-1.670982379325353,-1.2567410071969582,-1.2567410071969582,-1.2567410071969582
R4P:L7I:S8T,R4P:L7I:S8T,3,-1.2055337204122498,-1.2055337204122498,-1.2055337204122498,-0.9217372754327144,-0.9217372754327144,-0.9217372754327144,-1.0217678826278174,-1.0217678826278174,-1.0217678826278174,-1.355224285449987,-1.355224285449987,-1.355224285449987
R4P:L7V:S8T,R4P:L7V:S8T,3,-1.698406816594778,-1.698406816594778,-1.698406816594778,-1.1003217861718506,-1.1003217861718506,-1.1003217861718506,-0.5127797880354172,-0.5127797880354172,-0.5127797880354172,-0.9497160830447744,-0.9497160830447744,-0.9497160830447744
R4T:L7I:Q9R,R4T:L7I:Q9R,3,-2.0993782676704567,-2.0993782676704567,-2.0993782676704567,-1.7673136848817352,-1.7673136848817352,-1.7673136848817352,-0.6687618909803716,-0.6687618909803716,-0.6687618909803716,-1.0130804658563817,-1.0130804658563817,-1.0130804658563817
R4T:L7I:Q9A,R4T:L7I:Q9A,3,-0.515621662183694,-0.515621662183694,-0.515621662183694,-0.8040717752208226,-0.8040717752208226,-0.8040717752208226,-1.513895383513603,-1.513895383513603,-1.513895383513603,-1.3341024459674549,-1.3341024459674549,-1.3341024459674549
R4T:L7V:Q9K,R4T:L7V:Q9K,3,-1.6112661501804344,-1.6112661501804344,-1.6112661501804344,-1.3419777492910012,-1.3419777492910012,-1.3419777492910012,-1.4600452083386124,-1.4600452083386124,-1.4600452083386124,-1.5059593214111346,-1.5059593214111346,-1.5059593214111346
R4T:L7V:Q9A,R4T:L7V:Q9A,3,-0.8014834226464146,-0.8014834226464146,-0.8014834226464146,-0.5780207679726261,-0.5780207679726261,-0.5780207679726261,-1.1060861861507967,-1.1060861861507967,-1.1060861861507967,-1.194613616714818,-1.194613616714818,-1.194613616714818
R4Q:L7I:Q9A,R4Q:L7I:Q9A,3,-0.8416956024864326,-0.8416956024864326,-0.8416956024864326,-1.1290966411428593,-1.1290966411428593,-1.1290966411428593,-1.4287942612077573,-1.4287942612077573,-1.4287942612077573,-1.1380380570026958,-1.1380380570026958,-1.1380380570026958
R4L:L7V:Q9K,R4L:L7V:Q9K,3,-1.699437572791904,-1.699437572791904,-1.699437572791904,-1.7409052056099295,-1.7409052056099295,-1.7409052056099295,-2.104802683448701,-2.104802683448701,-2.104802683448701,-1.8374363395872177,-1.8374363395872177,-1.8374363395872177
R4H:L7I:Q9R,R4H:L7I:Q9R,3,-1.1304503477581291,-1.1304503477581291,-1.1304503477581291,-1.6704560640223727,-1.6704560640223727,-1.6704560640223727,-0.9889590542601701,-0.9889590542601701,-0.9889590542601701,-1.3309164272547411,-1.3309164272547411,-1.3309164272547411
R4C:L7V:Q9K,R4C:L7V:Q9K,3,-1.5216817133412732,-1.5216817133412732,-1.5216817133412732,-2.302774871117191,-2.302774871117191,-2.302774871117191,-2.344771393112796,-2.344771393112796,-2.344771393112796,-2.0625620867126027,-2.0625620867126027,-2.0625620867126027
R4P:L7I:Q9R,R4P:L7I:Q9R,3,-2.9637117307240044,-2.9637117307240044,-2.9637117307240044,-2.3255612869362885,-2.3255612869362885,-2.3255612869362885,-1.029032278287068,-1.029032278287068,-1.029032278287068,-1.0461621845664348,-1.0461621845664348,-1.0461621845664348
R4P:L7Q:Q9R,R4P:L7Q:Q9R,3,-3.1203679591217712,-3.1203679591217712,-3.1203679591217712,-1.8006389140990273,-1.8006389140990273,-1.8006389140990273,-0.48280203951133427,-0.48280203951133427,-0.48280203951133427,-0.46183281520879094,-0.46183281520879094,-0.46183281520879094
R4P:L7Q:Q9A,R4P:L7Q:Q9A,3,-1.7904890166829865,-1.7904890166829865,-1.7904890166829865,-0.9623708600083862,-0.9623708600083862,-0.9623708600083862,-0.48395898442941676,-0.48395898442941676,-0.48395898442941676,-0.5487430329840755,-0.5487430329840755,-0.5487430329840755
R4P:L7V:Q9R,R4P:L7V:Q9R,3,-2.4176402379554416,-2.4176402379554416,-2.4176402379554416,-1.686038346477463,-1.686038346477463,-1.686038346477463,-0.5973056717632456,-0.5973056717632456,-0.5973056717632456,-0.8102798389746027,-0.8102798389746027,-0.8102798389746027
R4Q:L7I:H10Y,R4Q:L7I:H10Y,3,-2.353967087459405,-2.353967087459405,-2.353967087459405,-2.318590024290896,-2.318590024290896,-2.318590024290896,-2.144657355347147,-2.144657355347147,-2.144657355347147,-1.960150916917002,-1.960150916917002,-1.960150916917002
R4Q:L7V:H10F,R4Q:L7V:H10F,3,-2.1292732239685885,-2.1292732239685885,-2.1292732239685885,-1.9228148091351265,-1.9228148091351265,-1.9228148091351265,-2.3445955969967542,-2.3445955969967542,-2.3445955969967542,-1.6479774242778709,-1.6479774242778709,-1.6479774242778709
R4L:L7Q:H10F,R4L:L7Q:H10F,3,-1.9483995060556425,-1.9483995060556425,-1.9483995060556425,-2.1186294787742064,-2.1186294787742064,-2.1186294787742064,-2.5222158987884242,-2.5222158987884242,-2.5222158987884242,-2.2432589947273756,-2.2432589947273756,-2.2432589947273756
R4A:L7I:H10Y,R4A:L7I:H10Y,3,-2.2456574316478433,-2.2456574316478433,-2.2456574316478433,-2.203657954345731,-2.203657954345731,-2.203657954345731,-2.4875167399804443,-2.4875167399804443,-2.4875167399804443,-1.7431378574008458,-1.7431378574008458,-1.7431378574008458
R4A:L7V:H10Y,R4A:L7V:H10Y,3,-2.1177232017967187,-2.1177232017967187,-2.1177232017967187,-1.8220813183458824,-1.8220813183458824,-1.8220813183458824,-1.797155204068468,-1.797155204068468,-1.797155204068468,-1.715068664862108,-1.715068664862108,-1.715068664862108
R4H:L7I:H10Y,R4H:L7I:H10Y,3,-1.6578354188312707,-1.6578354188312707,-1.6578354188312707,-1.686879254417581,-1.686879254417581,-1.686879254417581,-1.6308509753481237,-1.6308509753481237,-1.6308509753481237,-1.6964330079711245,-1.6964330079711245,-1.6964330079711245
R4H:L7V:H10F,R4H:L7V:H10F,3,-1.2285461798855983,-1.2285461798855983,-1.2285461798855983,-1.7908497610284075,-1.7908497610284075,-1.7908497610284075,-2.157340433173963,-2.157340433173963,-2.157340433173963,-1.433971850556112,-1.433971850556112,-1.433971850556112
R4H:L7V:H10Y,R4H:L7V:H10Y,3,-1.2992040706207721,-1.2992040706207721,-1.2992040706207721,-1.3649526196834731,-1.3649526196834731,-1.3649526196834731,-1.3289123211214255,-1.3289123211214255,-1.3289123211214255,-1.4515677242001264,-1.4515677242001264,-1.4515677242001264
R4C:L7V:H10Y,R4C:L7V:H10Y,3,-1.7698262657755313,-1.7698262657755313,-1.7698262657755313,-2.5454088023934656,-2.5454088023934656,-2.5454088023934656,-2.590721365664608,-2.590721365664608,-2.590721365664608,-1.7926326309629759,-1.7926326309629759,-1.7926326309629759
R4P:L7I:H10F,R4P:L7I:H10F,3,-2.1399810104490538,-2.1399810104490538,-2.1399810104490538,-1.9510016498004508,-1.9510016498004508,-1.9510016498004508,-1.821360565845852,-1.821360565845852,-1.821360565845852,-1.9369144072652045,-1.9369144072652045,-1.9369144072652045
R4P:L7I:H10Y,R4P:L7I:H10Y,3,-2.92664290624208,-2.92664290624208,-2.92664290624208,-2.9508215390472423,-2.9508215390472423,-2.9508215390472423,-2.6233873332067574,-2.6233873332067574,-2.6233873332067574,-2.5426571318478377,-2.5426571318478377,-2.5426571318478377
R4T:L7V:A11S,R4T:L7V:A11S,3,-2.5232892020991735,-2.5232892020991735,-2.5232892020991735,-2.2659659969704293,-2.2659659969704293,-2.2659659969704293,-2.669842315600724,-2.669842315600724,-2.669842315600724,-2.969070095334276,-2.969070095334276,-2.969070095334276
R4Q:L7V:A11S,R4Q:L7V:A11S,3,-2.729882409452591,-2.729882409452591,-2.729882409452591,-2.5721511277248235,-2.5721511277248235,-2.5721511277248235,-2.965355480706723,-2.965355480706723,-2.965355480706723,-2.8584695778832603,-2.8584695778832603,-2.8584695778832603
R4H:L7I:A11S,R4H:L7I:A11S,3,-1.160285025409492,-1.160285025409492,-1.160285025409492,-1.4108469885649768,-1.4108469885649768,-1.4108469885649768,-1.1526411075894165,-1.1526411075894165,-1.1526411075894165,-1.9751130750758823,-1.9751130750758823,-1.9751130750758823
R4H:L7Q:A11S,R4H:L7Q:A11S,3,-1.0659569068843684,-1.0659569068843684,-1.0659569068843684,-1.1085984810061347,-1.1085984810061347,-1.1085984810061347,-0.6383067678916454,-0.6383067678916454,-0.6383067678916454,-1.597592696214107,-1.597592696214107,-1.597592696214107
R4C:L7V:A11S,R4C:L7V:A11S,3,-2.532713873456105,-2.532713873456105,-2.532713873456105,-2.9356233313423807,-2.9356233313423807,-2.9356233313423807,-2.9056034556835866,-2.9056034556835866,-2.9056034556835866,-2.975018689970074,-2.975018689970074,-2.975018689970074
R4P:L7V:A11S,R4P:L7V:A11S,3,-3.762091493148841,-3.762091493148841,-3.762091493148841,-3.1474476280458905,-3.1474476280458905,-3.1474476280458905,-2.355317196093772,-2.355317196093772,-2.355317196093772,-2.509937711283507,-2.509937711283507,-2.509937711283507
R4T:S8K:Q9R,R4T:S8K:Q9R,3,-2.013868962175287,-2.013868962175287,-2.013868962175287,-1.2650096469576364,-1.2650096469576364,-1.2650096469576364,-0.8175836758058994,-0.8175836758058994,-0.8175836758058994,-1.0600121430179346,-1.0600121430179346,-1.0600121430179346
R4T:S8R:Q9K,R4T:S8R:Q9K,3,-2.200288733353993,-2.200288733353993,-2.200288733353993,-1.9641190936156185,-1.9641190936156185,-1.9641190936156185,-2.3937947479233617,-2.3937947479233617,-2.3937947479233617,-2.6278936493816922,-2.6278936493816922,-2.6278936493816922
R4T:S8R:Q9A,R4T:S8R:Q9A,3,-0.8267536689887749,-0.8267536689887749,-0.8267536689887749,-0.8862155770322073,-0.8862155770322073,-0.8862155770322073,-1.2743880604593063,-1.2743880604593063,-1.2743880604593063,-1.1594463988647867,-1.1594463988647867,-1.1594463988647867
R4T:S8T:Q9A,R4T:S8T:Q9A,3,-0.12281452740132787,-0.12281452740132787,-0.12281452740132787,-0.30082749951890986,-0.30082749951890986,-0.30082749951890986,-1.0373295785710508,-1.0373295785710508,-1.0373295785710508,-1.3161409778510893,-1.3161409778510893,-1.3161409778510893
R4Q:S8K:Q9A,R4Q:S8K:Q9A,3,-0.763614214800906,-0.763614214800906,-0.763614214800906,-1.074939048821213,-1.074939048821213,-1.074939048821213,-0.6940571989489586,-0.6940571989489586,-0.6940571989489586,-0.8667152166309026,-0.8667152166309026,-0.8667152166309026
R4Q:S8R:Q9R,R4Q:S8R:Q9R,3,-2.1936891698482173,-2.1936891698482173,-2.1936891698482173,-1.8379556882690287,-1.8379556882690287,-1.8379556882690287,-0.9578893153673496,-0.9578893153673496,-0.9578893153673496,-0.7717118176984815,-0.7717118176984815,-0.7717118176984815
R4Q:S8L:Q9R,R4Q:S8L:Q9R,3,-2.141342666272704,-2.141342666272704,-2.141342666272704,-2.205421456948905,-2.205421456948905,-2.205421456948905,-1.9794523707028597,-1.9794523707028597,-1.9794523707028597,-1.496873867618976,-1.496873867618976,-1.496873867618976
R4Q:S8C:Q9K,R4Q:S8C:Q9K,3,-1.0444584669197021,-1.0444584669197021,-1.0444584669197021,-1.8583481797879045,-1.8583481797879045,-1.8583481797879045,-2.0400557206996153,-2.0400557206996153,-2.0400557206996153,-1.9556278550293038,-1.9556278550293038,-1.9556278550293038
R4Q:S8T:Q9A,R4Q:S8T:Q9A,3,-1.4323737019795286,-1.4323737019795286,-1.4323737019795286,-1.8276554457007388,-1.8276554457007388,-1.8276554457007388,-1.1668014498496704,-1.1668014498496704,-1.1668014498496704,-1.1677742808539637,-1.1677742808539637,-1.1677742808539637
R4L:S8K:Q9K,R4L:S8K:Q9K,3,-1.3700215423466273,-1.3700215423466273,-1.3700215423466273,-1.5457206343075585,-1.5457206343075585,-1.5457206343075585,-2.3973673548066508,-2.3973673548066508,-2.3973673548066508,-1.7487289581281704,-1.7487289581281704,-1.7487289581281704
R4L:S8R:Q9A,R4L:S8R:Q9A,3,-1.028810950044623,-1.028810950044623,-1.028810950044623,-1.1794131712927496,-1.1794131712927496,-1.1794131712927496,-0.7913194380530985,-0.7913194380530985,-0.7913194380530985,-1.0702423323246004,-1.0702423323246004,-1.0702423323246004
R4L:S8L:Q9A,R4L:S8L:Q9A,3,-1.7720665970270084,-1.7720665970270084,-1.7720665970270084,-2.1534161610461364,-2.1534161610461364,-2.1534161610461364,-1.7726030235257961,-1.7726030235257961,-1.7726030235257961,-1.0839585712995763,-1.0839585712995763,-1.0839585712995763
R4L:S8C:Q9K,R4L:S8C:Q9K,3,-1.5872867472021999,-1.5872867472021999,-1.5872867472021999,-2.114387995268911,-2.114387995268911,-2.114387995268911,-2.422085853632204,-2.422085853632204,-2.422085853632204,-1.6000283695640332,-1.6000283695640332,-1.6000283695640332
R4L:S8C:Q9A,R4L:S8C:Q9A,3,-0.584567313825965,-0.584567313825965,-0.584567313825965,-0.6830430108903005,-0.6830430108903005,-0.6830430108903005,-0.8745149959796605,-0.8745149959796605,-0.8745149959796605,-0.7259830703649485,-0.7259830703649485,-0.7259830703649485
R4L:S8T:Q9R,R4L:S8T:Q9R,3,-1.2879653374885356,-1.2879653374885356,-1.2879653374885356,-1.4568895150243306,-1.4568895150243306,-1.4568895150243306,-1.5727557331323676,-1.5727557331323676,-1.5727557331323676,-1.404690879677118,-1.404690879677118,-1.404690879677118
R4L:S8T:Q9A,R4L:S8T:Q9A,3,-0.8442357475786565,-0.8442357475786565,-0.8442357475786565,-1.070314032137759,-1.070314032137759,-1.070314032137759,-1.0071681296248498,-1.0071681296248498,-1.0071681296248498,-1.4550109056641753,-1.4550109056641753,-1.4550109056641753
R4A:S8K:Q9A,R4A:S8K:Q9A,3,-0.8465032957272995,-0.8465032957272995,-0.8465032957272995,-1.0230722234865541,-1.0230722234865541,-1.0230722234865541,-0.509537952925563,-0.509537952925563,-0.509537952925563,-0.3668983248698606,-0.3668983248698606,-0.3668983248698606
R4A:S8R:Q9R,R4A:S8R:Q9R,3,-1.8551185925585938,-1.8551185925585938,-1.8551185925585938,-1.2533415317655854,-1.2533415317655854,-1.2533415317655854,-1.01361871922742,-1.01361871922742,-1.01361871922742,-0.9759691421864394,-0.9759691421864394,-0.9759691421864394
R4H:S8K:Q9K,R4H:S8K:Q9K,3,-0.02648964258999731,-0.02648964258999731,-0.02648964258999731,-1.5785521083019782,-1.5785521083019782,-1.5785521083019782,-2.1994712221541506,-2.1994712221541506,-2.1994712221541506,-2.627788535013717,-2.627788535013717,-2.627788535013717
R4H:S8K:Q9A,R4H:S8K:Q9A,3,0.28796185461456597,0.28796185461456597,0.28796185461456597,-2.1975158954852665,-2.1975158954852665,-2.1975158954852665,-2.0638367053559596,-2.0638367053559596,-2.0638367053559596,-2.0714902515432305,-2.0714902515432305,-2.0714902515432305
R4H:S8R:Q9K,R4H:S8R:Q9K,3,-1.2288953443254422,-1.2288953443254422,-1.2288953443254422,-1.335526006170598,-1.335526006170598,-1.335526006170598,-1.7991054491280227,-1.7991054491280227,-1.7991054491280227,-1.8949862846691334,-1.8949862846691334,-1.8949862846691334
R4H:S8L:Q9R,R4H:S8L:Q9R,3,-1.4200281555441725,-1.4200281555441725,-1.4200281555441725,-2.209637721905192,-2.209637721905192,-2.209637721905192,-2.3434235075553476,-2.3434235075553476,-2.3434235075553476,-2.0513224115287354,-2.0513224115287354,-2.0513224115287354
R4H:S8L:Q9A,R4H:S8L:Q9A,3,-0.37170370905410244,-0.37170370905410244,-0.37170370905410244,-1.8405815524904128,-1.8405815524904128,-1.8405815524904128,-1.5472972310158004,-1.5472972310158004,-1.5472972310158004,-1.176655634134915,-1.176655634134915,-1.176655634134915
R4H:S8T:Q9A,R4H:S8T:Q9A,3,0.5561271403942494,0.5561271403942494,0.5561271403942494,-0.7979405427370532,-0.7979405427370532,-0.7979405427370532,-0.6023319958577356,-0.6023319958577356,-0.6023319958577356,-0.803265264372412,-0.803265264372412,-0.803265264372412
R4C:S8L:Q9R,R4C:S8L:Q9R,3,-2.231130402856704,-2.231130402856704,-2.231130402856704,-2.390351789826931,-2.390351789826931,-2.390351789826931,-2.7008092441380036,-2.7008092441380036,-2.7008092441380036,-1.9519562366258054,-1.9519562366258054,-1.9519562366258054
R4P:S8K:Q9K,R4P:S8K:Q9K,3,-1.5271198318511177,-1.5271198318511177,-1.5271198318511177,-1.5369432024807184,-1.5369432024807184,-1.5369432024807184,-1.2519019410927001,-1.2519019410927001,-1.2519019410927001,-1.919453765169279,-1.919453765169279,-1.919453765169279
R4P:S8R:Q9K,R4P:S8R:Q9K,3,-2.7295255335865622,-2.7295255335865622,-2.7295255335865622,-2.3566324455539323,-2.3566324455539323,-2.3566324455539323,-2.3875019480066273,-2.3875019480066273,-2.3875019480066273,-2.575470777515334,-2.575470777515334,-2.575470777515334
R4T:S8R:H10F,R4T:S8R:H10F,3,-1.6732019309172677,-1.6732019309172677,-1.6732019309172677,-1.6354653743983611,-1.6354653743983611,-1.6354653743983611,-2.063780281353527,-2.063780281353527,-2.063780281353527,-2.026385427460834,-2.026385427460834,-2.026385427460834
R4T:S8R:H10Y,R4T:S8R:H10Y,3,-2.0827739704720534,-2.0827739704720534,-2.0827739704720534,-1.7974133483267374,-1.7974133483267374,-1.7974133483267374,-1.9608232808505086,-1.9608232808505086,-1.9608232808505086,-1.8150985130402555,-1.8150985130402555,-1.8150985130402555
R4T:S8C:H10F,R4T:S8C:H10F,3,-1.1229620051579268,-1.1229620051579268,-1.1229620051579268,-1.2067283555173742,-1.2067283555173742,-1.2067283555173742,-1.4539487446429276,-1.4539487446429276,-1.4539487446429276,-1.4170537499464215,-1.4170537499464215,-1.4170537499464215
R4Q:S8K:H10Y,R4Q:S8K:H10Y,3,-2.493169540691479,-2.493169540691479,-2.493169540691479,-2.6121235551917454,-2.6121235551917454,-2.6121235551917454,-2.254332897253144,-2.254332897253144,-2.254332897253144,-2.753930381892321,-2.753930381892321,-2.753930381892321
R4Q:S8T:H10Y,R4Q:S8T:H10Y,3,-2.8623810352152845,-2.8623810352152845,-2.8623810352152845,-2.601711093068639,-2.601711093068639,-2.601711093068639,-2.1032678841746337,-2.1032678841746337,-2.1032678841746337,-2.137357895077451,-2.137357895077451,-2.137357895077451
R4L:S8C:H10Y,R4L:S8C:H10Y,3,-1.520418060402137,-1.520418060402137,-1.520418060402137,-2.275589824723984,-2.275589824723984,-2.275589824723984,-3.0288860022954336,-3.0288860022954336,-3.0288860022954336,-2.710415615698357,-2.710415615698357,-2.710415615698357
R4A:S8K:H10F,R4A:S8K:H10F,3,-2.273799634232796,-2.273799634232796,-2.273799634232796,-2.2844150796746154,-2.2844150796746154,-2.2844150796746154,-1.3687259151540134,-1.3687259151540134,-1.3687259151540134,-1.3026589636775157,-1.3026589636775157,-1.3026589636775157
R4A:S8K:H10Y,R4A:S8K:H10Y,3,-2.9057899702646486,-2.9057899702646486,-2.9057899702646486,-2.8845615868804737,-2.8845615868804737,-2.8845615868804737,-2.666152419016073,-2.666152419016073,-2.666152419016073,-2.496091239698184,-2.496091239698184,-2.496091239698184
R4A:S8L:H10F,R4A:S8L:H10F,3,-2.4364278057012867,-2.4364278057012867,-2.4364278057012867,-2.402030601451517,-2.402030601451517,-2.402030601451517,-2.6895364957452634,-2.6895364957452634,-2.6895364957452634,-1.9193902381153232,-1.9193902381153232,-1.9193902381153232
R4A:S8C:H10F,R4A:S8C:H10F,3,-1.4540290806708565,-1.4540290806708565,-1.4540290806708565,-1.4257441521814553,-1.4257441521814553,-1.4257441521814553,-1.7009431964512012,-1.7009431964512012,-1.7009431964512012,-1.4565545920245786,-1.4565545920245786,-1.4565545920245786
R4A:S8C:H10Y,R4A:S8C:H10Y,3,-1.585559325476802,-1.585559325476802,-1.585559325476802,-2.552783782256005,-2.552783782256005,-2.552783782256005,-2.9465401217340412,-2.9465401217340412,-2.9465401217340412,-2.4039402531306995,-2.4039402531306995,-2.4039402531306995
R4A:S8T:H10Y,R4A:S8T:H10Y,3,-2.2856309672017443,-2.2856309672017443,-2.2856309672017443,-1.5648700201539252,-1.5648700201539252,-1.5648700201539252,-2.070466640850473,-2.070466640850473,-2.070466640850473,-1.9045534637152763,-1.9045534637152763,-1.9045534637152763
R4H:S8C:H10Y,R4H:S8C:H10Y,3,-0.997737312660229,-0.997737312660229,-0.997737312660229,-2.553378685436073,-2.553378685436073,-2.553378685436073,-2.7352623701437015,-2.7352623701437015,-2.7352623701437015,-2.620057878737302,-2.620057878737302,-2.620057878737302
R4C:S8K:H10F,R4C:S8K:H10F,3,-1.7260323753016775,-1.7260323753016775,-1.7260323753016775,-2.1054640532078164,-2.1054640532078164,-2.1054640532078164,-1.8337839698215495,-1.8337839698215495,-1.8337839698215495,-1.6964833017712446,-1.6964833017712446,-1.6964833017712446
R4C:S8K:H10Y,R4C:S8K:H10Y,3,-1.7731332062438776,-1.7731332062438776,-1.7731332062438776,-3.1814201006189053,-3.1814201006189053,-3.1814201006189053,-3.3978157153061397,-3.3978157153061397,-3.3978157153061397,-2.8824086218986777,-2.8824086218986777,-2.8824086218986777
R4C:S8L:H10Y,R4C:S8L:H10Y,3,-1.2554805800186533,-1.2554805800186533,-1.2554805800186533,-2.351418550639151,-2.351418550639151,-2.351418550639151,-3.0433922364513055,-3.0433922364513055,-3.0433922364513055,-1.942329465280146,-1.942329465280146,-1.942329465280146
R4C:S8C:H10F,R4C:S8C:H10F,3,-1.6977449247014023,-1.6977449247014023,-1.6977449247014023,-2.1530234621441107,-2.1530234621441107,-2.1530234621441107,-2.296231758152906,-2.296231758152906,-2.296231758152906,-1.609293393180168,-1.609293393180168,-1.609293393180168
R4C:S8T:H10Y,R4C:S8T:H10Y,3,-1.684982440154038,-1.684982440154038,-1.684982440154038,-2.807762065724095,-2.807762065724095,-2.807762065724095,-2.992753045749809,-2.992753045749809,-2.992753045749809,-2.3358985733129516,-2.3358985733129516,-2.3358985733129516
R4P:S8C:H10F,R4P:S8C:H10F,3,-2.5540115402152637,-2.5540115402152637,-2.5540115402152637,-1.7269798437448676,-1.7269798437448676,-1.7269798437448676,-1.310997548924157,-1.310997548924157,-1.310997548924157,-1.184818638021083,-1.184818638021083,-1.184818638021083
R4T:S8K:A11S,R4T:S8K:A11S,3,-2.400877325154941,-2.400877325154941,-2.400877325154941,-2.1440922053677838,-2.1440922053677838,-2.1440922053677838,-2.6167743296528405,-2.6167743296528405,-2.6167743296528405,-2.776740589925876,-2.776740589925876,-2.776740589925876
R4T:S8T:A11S,R4T:S8T:A11S,3,-0.1718828642361403,-0.1718828642361403,-0.1718828642361403,-1.2296556953458866,-1.2296556953458866,-1.2296556953458866,-1.9565343439103537,-1.9565343439103537,-1.9565343439103537,-2.4311065565104917,-2.4311065565104917,-2.4311065565104917
R4Q:S8T:A11S,R4Q:S8T:A11S,3,-1.7315128671692441,-1.7315128671692441,-1.7315128671692441,-2.742417430801519,-2.742417430801519,-2.742417430801519,-2.30719659495816,-2.30719659495816,-2.30719659495816,-2.2920483801199945,-2.2920483801199945,-2.2920483801199945
R4L:S8K:A11S,R4L:S8K:A11S,3,-2.5393552975607276,-2.5393552975607276,-2.5393552975607276,-2.3722187928940155,-2.3722187928940155,-2.3722187928940155,-2.83647928555836,-2.83647928555836,-2.83647928555836,-1.980152099076355,-1.980152099076355,-1.980152099076355
R4H:S8R:A11S,R4H:S8R:A11S,3,-0.7642240127817354,-0.7642240127817354,-0.7642240127817354,-0.9604310233789013,-0.9604310233789013,-0.9604310233789013,-1.3558453024729116,-1.3558453024729116,-1.3558453024729116,-1.6580775718654226,-1.6580775718654226,-1.6580775718654226
R4T:Q9A:H10F,R4T:Q9A:H10F,3,-1.011720418082707,-1.011720418082707,-1.011720418082707,-0.8945872315002088,-0.8945872315002088,-0.8945872315002088,-1.450001670734591,-1.450001670734591,-1.450001670734591,-1.482233452818247,-1.482233452818247,-1.482233452818247
R4T:Q9A:H10Y,R4T:Q9A:H10Y,3,-1.4040526948492082,-1.4040526948492082,-1.4040526948492082,-1.3246402464388645,-1.3246402464388645,-1.3246402464388645,-1.6387177500554053,-1.6387177500554053,-1.6387177500554053,-2.1932057375068856,-2.1932057375068856,-2.1932057375068856
R4Q:Q9K:H10Y,R4Q:Q9K:H10Y,3,-1.5759255126541463,-1.5759255126541463,-1.5759255126541463,-1.863297060505469,-1.863297060505469,-1.863297060505469,-2.504685238656537,-2.504685238656537,-2.504685238656537,-2.5935372781824255,-2.5935372781824255,-2.5935372781824255
R4Q:Q9A:H10F,R4Q:Q9A:H10F,3,-0.8620569330780745,-0.8620569330780745,-0.8620569330780745,-0.9693722259428269,-0.9693722259428269,-0.9693722259428269,-0.905875698676313,-0.905875698676313,-0.905875698676313,-1.0734366698761764,-1.0734366698761764,-1.0734366698761764
R4L:Q9K:H10F,R4L:Q9K:H10F,3,-2.0871497595487223,-2.0871497595487223,-2.0871497595487223,-2.2247788435419915,-2.2247788435419915,-2.2247788435419915,-2.98531229814824,-2.98531229814824,-2.98531229814824,-2.472908209124722,-2.472908209124722,-2.472908209124722
R4L:Q9R:H10F,R4L:Q9R:H10F,3,-2.83469036721738,-2.83469036721738,-2.83469036721738,-2.272383124378903,-2.272383124378903,-2.272383124378903,-1.7366170091354203,-1.7366170091354203,-1.7366170091354203,-1.119588915271892,-1.119588915271892,-1.119588915271892
R4L:Q9A:H10F,R4L:Q9A:H10F,3,-1.4565088218616804,-1.4565088218616804,-1.4565088218616804,-1.357056090444038,-1.357056090444038,-1.357056090444038,-1.1981904992762866,-1.1981904992762866,-1.1981904992762866,-1.185392668976906,-1.185392668976906,-1.185392668976906
R4A:Q9K:H10F,R4A:Q9K:H10F,3,-2.0963966611744307,-2.0963966611744307,-2.0963966611744307,-1.9668614154919664,-1.9668614154919664,-1.9668614154919664,-1.9910593982532478,-1.9910593982532478,-1.9910593982532478,-1.929532796417856,-1.929532796417856,-1.929532796417856
R4A:Q9R:H10Y,R4A:Q9R:H10Y,3,-2.6010301252246855,-2.6010301252246855,-2.6010301252246855,-2.1317005424247566,-2.1317005424247566,-2.1317005424247566,-1.7489283245027225,-1.7489283245027225,-1.7489283245027225,-1.5395976242238203,-1.5395976242238203,-1.5395976242238203
R4H:Q9R:H10Y,R4H:Q9R:H10Y,3,-1.7537332464195132,-1.7537332464195132,-1.7537332464195132,-1.7688207942491239,-1.7688207942491239,-1.7688207942491239,-1.4257320505228899,-1.4257320505228899,-1.4257320505228899,-1.6153692672374464,-1.6153692672374464,-1.6153692672374464
R4C:Q9R:H10F,R4C:Q9R:H10F,3,-2.861108938813704,-2.861108938813704,-2.861108938813704,-2.055233709176034,-2.055233709176034,-2.055233709176034,-1.6986146163738889,-1.6986146163738889,-1.6986146163738889,-1.3804026665287217,-1.3804026665287217,-1.3804026665287217
R4C:Q9A:H10F,R4C:Q9A:H10F,3,-1.531229996374919,-1.531229996374919,-1.531229996374919,-1.9961859312587997,-1.9961859312587997,-1.9961859312587997,-1.7159710036869829,-1.7159710036869829,-1.7159710036869829,-1.2502508802232066,-1.2502508802232066,-1.2502508802232066
R4P:Q9K:H10Y,R4P:Q9K:H10Y,3,-2.1541474333676884,-2.1541474333676884,-2.1541474333676884,-2.0888191967346,-2.0888191967346,-2.0888191967346,-2.5964428189954596,-2.5964428189954596,-2.5964428189954596,-2.8027625604969675,-2.8027625604969675,-2.8027625604969675
R4T:Q9R:A11S,R4T:Q9R:A11S,3,-2.2493937346102766,-2.2493937346102766,-2.2493937346102766,-1.9814553700363633,-1.9814553700363633,-1.9814553700363633,-2.1334614072423896,-2.1334614072423896,-2.1334614072423896,-2.6851661703092846,-2.6851661703092846,-2.6851661703092846
R4A:Q9K:A11S,R4A:Q9K:A11S,3,-1.8658106989959997,-1.8658106989959997,-1.8658106989959997,-1.767526727711319,-1.767526727711319,-1.767526727711319,-2.2916821358341135,-2.2916821358341135,-2.2916821358341135,-2.604148413978569,-2.604148413978569,-2.604148413978569
R4A:Q9A:A11S,R4A:Q9A:A11S,3,-1.1984502084185435,-1.1984502084185435,-1.1984502084185435,-1.5658991892930316,-1.5658991892930316,-1.5658991892930316,-2.079581145107768,-2.079581145107768,-2.079581145107768,-2.2227678803122455,-2.2227678803122455,-2.2227678803122455
R4C:H10Y:A11S,R4C:H10Y:A11S,3,-1.69482900937385,-1.69482900937385,-1.69482900937385,-3.0341316023922107,-3.0341316023922107,-3.0341316023922107,-3.3758667764995227,-3.3758667764995227,-3.3758667764995227,-2.940087932154237,-2.940087932154237,-2.940087932154237
A5M:Q6R:L7I,A5M:Q6R:L7I,3,-2.4100905801853734,-2.4100905801853734,-2.4100905801853734,-2.410825274706589,-2.410825274706589,-2.410825274706589,-2.2552960509308555,-2.2552960509308555,-2.2552960509308555,-1.9449684954082265,-1.9449684954082265,-1.9449684954082265
A5I:Q6R:L7V,A5I:Q6R:L7V,3,-3.031951553588046,-3.031951553588046,-3.031951553588046,-2.337829447395891,-2.337829447395891,-2.337829447395891,-2.1295112615508,-2.1295112615508,-2.1295112615508,-2.2525314092487605,-2.2525314092487605,-2.2525314092487605
A5M:Q6R:S8K,A5M:Q6R:S8K,3,-2.2427162838276984,-2.2427162838276984,-2.2427162838276984,-2.1680647792615093,-2.1680647792615093,-2.1680647792615093,-2.392318961804176,-2.392318961804176,-2.392318961804176,-2.8331944093542063,-2.8331944093542063,-2.8331944093542063
A5M:Q6R:S8C,A5M:Q6R:S8C,3,-1.8197911128368702,-1.8197911128368702,-1.8197911128368702,-2.960079676828699,-2.960079676828699,-2.960079676828699,-3.2336254047577597,-3.2336254047577597,-3.2336254047577597,-2.286193812153594,-2.286193812153594,-2.286193812153594
A5I:Q6R:S8K,A5I:Q6R:S8K,3,-2.8199922319559345,-2.8199922319559345,-2.8199922319559345,-2.2881576308198603,-2.2881576308198603,-2.2881576308198603,-1.5571487173057728,-1.5571487173057728,-1.5571487173057728,-1.4356103275044505,-1.4356103275044505,-1.4356103275044505
A5I:Q6R:S8L,A5I:Q6R:S8L,3,-1.8111261102713097,-1.8111261102713097,-1.8111261102713097,-1.9253086114556732,-1.9253086114556732,-1.9253086114556732,-1.75410117461011,-1.75410117461011,-1.75410117461011,-1.104726756612373,-1.104726756612373,-1.104726756612373
A5M:Q6R:Q9R,A5M:Q6R:Q9R,3,-2.1179891025277207,-2.1179891025277207,-2.1179891025277207,-2.0108402329349584,-2.0108402329349584,-2.0108402329349584,-1.2504733837761646,-1.2504733837761646,-1.2504733837761646,-1.4307066915880848,-1.4307066915880848,-1.4307066915880848
A5I:Q6R:Q9K,A5I:Q6R:Q9K,3,-2.4967666871358403,-2.4967666871358403,-2.4967666871358403,-2.8933691403296673,-2.8933691403296673,-2.8933691403296673,-2.7059281394574555,-2.7059281394574555,-2.7059281394574555,-2.8819473504008597,-2.8819473504008597,-2.8819473504008597
A5I:Q6R:H10Y,A5I:Q6R:H10Y,3,-3.277231273337007,-3.277231273337007,-3.277231273337007,-2.603755863370606,-2.603755863370606,-2.603755863370606,-2.5098943873093704,-2.5098943873093704,-2.5098943873093704,-1.903790465823045,-1.903790465823045,-1.903790465823045
A5M:Q6R:A11S,A5M:Q6R:A11S,3,-2.9285551303742023,-2.9285551303742023,-2.9285551303742023,-3.0477797564311455,-3.0477797564311455,-3.0477797564311455,-3.466373290546186,-3.466373290546186,-3.466373290546186,-3.729302395224054,-3.729302395224054,-3.729302395224054
A5M:L7I:S8L,A5M:L7I:S8L,3,-1.7279555373815025,-1.7279555373815025,-1.7279555373815025,-2.101136828469011,-2.101136828469011,-2.101136828469011,-1.9468363698964357,-1.9468363698964357,-1.9468363698964357,-2.2885950075802572,-2.2885950075802572,-2.2885950075802572
A5M:L7Q:S8L,A5M:L7Q:S8L,3,-2.9763410435867748,-2.9763410435867748,-2.9763410435867748,-3.258629009443783,-3.258629009443783,-3.258629009443783,-3.77377252982684,-3.77377252982684,-3.77377252982684,-2.69771866754198,-2.69771866754198,-2.69771866754198
A5M:L7Q:S8T,A5M:L7Q:S8T,3,-2.2591206150044814,-2.2591206150044814,-2.2591206150044814,-2.477844905352068,-2.477844905352068,-2.477844905352068,-2.8882221394263694,-2.8882221394263694,-2.8882221394263694,-1.8424177451655426,-1.8424177451655426,-1.8424177451655426
A5M:L7V:S8L,A5M:L7V:S8L,3,-1.6373132296082051,-1.6373132296082051,-1.6373132296082051,-1.5200820778306354,-1.5200820778306354,-1.5200820778306354,-1.7728430922211,-1.7728430922211,-1.7728430922211,-1.2261244342406903,-1.2261244342406903,-1.2261244342406903
A5I:L7I:S8R,A5I:L7I:S8R,3,-1.2234597766252555,-1.2234597766252555,-1.2234597766252555,-1.1019891112193598,-1.1019891112193598,-1.1019891112193598,-1.0874076735863933,-1.0874076735863933,-1.0874076735863933,-1.285444470172245,-1.285444470172245,-1.285444470172245
A5I:L7Q:S8R,A5I:L7Q:S8R,3,-2.7430846519550753,-2.7430846519550753,-2.7430846519550753,-2.1557688699519604,-2.1557688699519604,-2.1557688699519604,-2.4446378445382018,-2.4446378445382018,-2.4446378445382018,-2.1678945942702668,-2.1678945942702668,-2.1678945942702668
A5I:L7Q:S8L,A5I:L7Q:S8L,3,-1.5559219915326414,-1.5559219915326414,-1.5559219915326414,-2.373589890220132,-2.373589890220132,-2.373589890220132,-2.40327436016094,-2.40327436016094,-2.40327436016094,-1.9449089770472772,-1.9449089770472772,-1.9449089770472772
A5I:L7V:S8C,A5I:L7V:S8C,3,-2.2426447625721777,-2.2426447625721777,-2.2426447625721777,-2.3094699870954596,-2.3094699870954596,-2.3094699870954596,-1.7397932931709486,-1.7397932931709486,-1.7397932931709486,-1.2549446769952985,-1.2549446769952985,-1.2549446769952985
A5M:L7Q:Q9K,A5M:L7Q:Q9K,3,-2.844912616001142,-2.844912616001142,-2.844912616001142,-2.6428479057890186,-2.6428479057890186,-2.6428479057890186,-4.3148715396034225,-4.3148715396034225,-4.3148715396034225,-2.4840354772489723,-2.4840354772489723,-2.4840354772489723
A5I:L7I:Q9K,A5I:L7I:Q9K,3,-1.375012460764779,-1.375012460764779,-1.375012460764779,-2.029720237178706,-2.029720237178706,-2.029720237178706,-1.7563385935773521,-1.7563385935773521,-1.7563385935773521,-2.0663465695143506,-2.0663465695143506,-2.0663465695143506
A5I:L7I:Q9A,A5I:L7I:Q9A,3,-0.3817694987390534,-0.3817694987390534,-0.3817694987390534,-0.3777343425631867,-0.3777343425631867,-0.3777343425631867,-0.8255418486081647,-0.8255418486081647,-0.8255418486081647,-0.6519516752213772,-0.6519516752213772,-0.6519516752213772
A5I:L7Q:Q9A,A5I:L7Q:Q9A,3,-2.18672614002924,-2.18672614002924,-2.18672614002924,-1.5319937635642589,-1.5319937635642589,-1.5319937635642589,-1.5676622213711817,-1.5676622213711817,-1.5676622213711817,-1.0661473445311167,-1.0661473445311167,-1.0661473445311167
A5M:L7I:H10F,A5M:L7I:H10F,3,-2.459182364492739,-2.459182364492739,-2.459182364492739,-2.561125190561159,-2.561125190561159,-2.561125190561159,-2.807302784032646,-2.807302784032646,-2.807302784032646,-2.4579553856972662,-2.4579553856972662,-2.4579553856972662
A5M:L7I:H10Y,A5M:L7I:H10Y,3,-2.647799538376801,-2.647799538376801,-2.647799538376801,-3.6832871737535284,-3.6832871737535284,-3.6832871737535284,-3.510414423280041,-3.510414423280041,-3.510414423280041,-3.251857173474458,-3.251857173474458,-3.251857173474458
A5M:L7V:H10Y,A5M:L7V:H10Y,3,-1.8655733225837903,-1.8655733225837903,-1.8655733225837903,-2.7439199650306905,-2.7439199650306905,-2.7439199650306905,-2.872266828790496,-2.872266828790496,-2.872266828790496,-2.9840648142447987,-2.9840648142447987,-2.9840648142447987
A5I:L7I:H10F,A5I:L7I:H10F,3,-1.1073790879189993,-1.1073790879189993,-1.1073790879189993,-0.9895296767109092,-0.9895296767109092,-0.9895296767109092,-1.2743131560719607,-1.2743131560719607,-1.2743131560719607,-1.3446697411919535,-1.3446697411919535,-1.3446697411919535
A5I:L7Q:H10F,A5I:L7Q:H10F,3,-2.618101009015977,-2.618101009015977,-2.618101009015977,-2.353053241315457,-2.353053241315457,-2.353053241315457,-2.423033163599075,-2.423033163599075,-2.423033163599075,-1.8078145033497917,-1.8078145033497917,-1.8078145033497917
A5I:L7V:H10Y,A5I:L7V:H10Y,3,-3.416162661420546,-3.416162661420546,-3.416162661420546,-3.2138282628293373,-3.2138282628293373,-3.2138282628293373,-3.1659963405815845,-3.1659963405815845,-3.1659963405815845,-2.5935088842175964,-2.5935088842175964,-2.5935088842175964
A5M:L7V:A11S,A5M:L7V:A11S,3,-2.6284609302643642,-2.6284609302643642,-2.6284609302643642,-2.413225335358512,-2.413225335358512,-2.413225335358512,-2.656226945272146,-2.656226945272146,-2.656226945272146,-3.21714357224125,-3.21714357224125,-3.21714357224125
A5M:S8K:Q9R,A5M:S8K:Q9R,3,-2.579989279503991,-2.579989279503991,-2.579989279503991,-1.679262123124368,-1.679262123124368,-1.679262123124368,-1.1764962380609947,-1.1764962380609947,-1.1764962380609947,-1.5580733617994729,-1.5580733617994729,-1.5580733617994729
A5M:S8R:Q9K,A5M:S8R:Q9K,3,-2.2148557919023295,-2.2148557919023295,-2.2148557919023295,-2.3026839053106167,-2.3026839053106167,-2.3026839053106167,-3.2518258338728376,-3.2518258338728376,-3.2518258338728376,-2.2082094237498664,-2.2082094237498664,-2.2082094237498664
A5M:S8L:Q9R,A5M:S8L:Q9R,3,-3.2679478019518413,-3.2679478019518413,-3.2679478019518413,-3.06523670338365,-3.06523670338365,-3.06523670338365,-2.4857006341888157,-2.4857006341888157,-2.4857006341888157,-2.1842476753405213,-2.1842476753405213,-2.1842476753405213
A5M:S8C:Q9K,A5M:S8C:Q9K,3,-0.5623408271837775,-0.5623408271837775,-0.5623408271837775,-2.3506796372443985,-2.3506796372443985,-2.3506796372443985,-3.023948047134329,-3.023948047134329,-3.023948047134329,-1.9484447437317443,-1.9484447437317443,-1.9484447437317443
A5M:S8T:Q9R,A5M:S8T:Q9R,3,-1.2541527006928226,-1.2541527006928226,-1.2541527006928226,-1.4683665939484205,-1.4683665939484205,-1.4683665939484205,-0.6276451333169935,-0.6276451333169935,-0.6276451333169935,-0.9696443676076898,-0.9696443676076898,-0.9696443676076898
A5I:S8K:Q9K,A5I:S8K:Q9K,3,-2.038806042344204,-2.038806042344204,-2.038806042344204,-2.8891639487455003,-2.8891639487455003,-2.8891639487455003,-3.1773951288315585,-3.1773951288315585,-3.1773951288315585,-2.4754259229431383,-2.4754259229431383,-2.4754259229431383
A5M:S8R:H10Y,A5M:S8R:H10Y,3,-2.101289397222358,-2.101289397222358,-2.101289397222358,-2.6271001935929443,-2.6271001935929443,-2.6271001935929443,-3.135886834358259,-3.135886834358259,-3.135886834358259,-2.662335587923391,-2.662335587923391,-2.662335587923391
A5M:S8T:H10Y,A5M:S8T:H10Y,3,-2.288733046935615,-2.288733046935615,-2.288733046935615,-2.973897141889609,-2.973897141889609,-2.973897141889609,-3.2597981180472653,-3.2597981180472653,-3.2597981180472653,-3.2836054465942905,-3.2836054465942905,-3.2836054465942905
A5I:S8L:H10Y,A5I:S8L:H10Y,3,-1.203010875007504,-1.203010875007504,-1.203010875007504,-1.8162661906448916,-1.8162661906448916,-1.8162661906448916,-2.5657595771115007,-2.5657595771115007,-2.5657595771115007,-2.088367724906815,-2.088367724906815,-2.088367724906815
A5I:S8C:H10F,A5I:S8C:H10F,3,-1.6180199013852783,-1.6180199013852783,-1.6180199013852783,-1.5930929566289396,-1.5930929566289396,-1.5930929566289396,-1.119983516048043,-1.119983516048043,-1.119983516048043,-0.5479197284207,-0.5479197284207,-0.5479197284207
A5I:S8C:H10Y,A5I:S8C:H10Y,3,-1.977708356829489,-1.977708356829489,-1.977708356829489,-3.1850266239096108,-3.1850266239096108,-3.1850266239096108,-2.8625489626771747,-2.8625489626771747,-2.8625489626771747,-1.7749697510940128,-1.7749697510940128,-1.7749697510940128
A5M:S8R:A11S,A5M:S8R:A11S,3,-2.0154613424809646,-2.0154613424809646,-2.0154613424809646,-2.0086850565833796,-2.0086850565833796,-2.0086850565833796,-2.4666133044989276,-2.4666133044989276,-2.4666133044989276,-2.7069789963916895,-2.7069789963916895,-2.7069789963916895
A5M:S8C:A11S,A5M:S8C:A11S,3,-2.216861560115974,-2.216861560115974,-2.216861560115974,-3.094952936599423,-3.094952936599423,-3.094952936599423,-3.241780644670488,-3.241780644670488,-3.241780644670488,-3.4134052962834165,-3.4134052962834165,-3.4134052962834165
A5M:S8T:A11S,A5M:S8T:A11S,3,-1.2337153766192712,-1.2337153766192712,-1.2337153766192712,-2.218751449056466,-2.218751449056466,-2.218751449056466,-2.149846514727489,-2.149846514727489,-2.149846514727489,-2.7162213526363264,-2.7162213526363264,-2.7162213526363264
A5M:Q9K:H10Y,A5M:Q9K:H10Y,3,-1.9426583770848223,-1.9426583770848223,-1.9426583770848223,-3.0470642084334205,-3.0470642084334205,-3.0470642084334205,-4.5368694836442645,-4.5368694836442645,-4.5368694836442645,-3.5514281375779215,-3.5514281375779215,-3.5514281375779215
A5I:Q9K:H10Y,A5I:Q9K:H10Y,3,-2.197942183830894,-2.197942183830894,-2.197942183830894,-3.1455066190405807,-3.1455066190405807,-3.1455066190405807,-3.892769736126116,-3.892769736126116,-3.892769736126116,-3.2319444703831275,-3.2319444703831275,-3.2319444703831275
A5I:Q9A:H10Y,A5I:Q9A:H10Y,3,-1.8208787325333344,-1.8208787325333344,-1.8208787325333344,-1.513432563946369,-1.513432563946369,-1.513432563946369,-1.639301232916424,-1.639301232916424,-1.639301232916424,-1.640882752372165,-1.640882752372165,-1.640882752372165
A5M:Q9K:A11S,A5M:Q9K:A11S,3,-2.2530106362594955,-2.2530106362594955,-2.2530106362594955,-2.513026679207108,-2.513026679207108,-2.513026679207108,-3.9766910629318994,-3.9766910629318994,-3.9766910629318994,-3.7693272255081727,-3.7693272255081727,-3.7693272255081727
A5M:Q9A:A11S,A5M:Q9A:A11S,3,-1.7963840226052228,-1.7963840226052228,-1.7963840226052228,-2.1059655421003525,-2.1059655421003525,-2.1059655421003525,-2.999295516509648,-2.999295516509648,-2.999295516509648,-3.8959649493949167,-3.8959649493949167,-3.8959649493949167
A5I:Q9R:A11S,A5I:Q9R:A11S,3,-2.552204386829958,-2.552204386829958,-2.552204386829958,-1.6823618773372402,-1.6823618773372402,-1.6823618773372402,-1.991964255863778,-1.991964255863778,-1.991964255863778,-2.4567275373669024,-2.4567275373669024,-2.4567275373669024
Q6R:L7I:S8R,Q6R:L7I:S8R,3,-1.8123672230701309,-1.8123672230701309,-1.8123672230701309,-1.6859312794191632,-1.6859312794191632,-1.6859312794191632,-2.0534956349173727,-2.0534956349173727,-2.0534956349173727,-2.0079522397379863,-2.0079522397379863,-2.0079522397379863
Q6R:L7I:S8L,Q6R:L7I:S8L,3,-1.7586289474331562,-1.7586289474331562,-1.7586289474331562,-2.1473757646146456,-2.1473757646146456,-2.1473757646146456,-2.3008473783715377,-2.3008473783715377,-2.3008473783715377,-2.4464909781808104,-2.4464909781808104,-2.4464909781808104
Q6R:L7Q:S8K,Q6R:L7Q:S8K,3,-2.3212965075123564,-2.3212965075123564,-2.3212965075123564,-2.5804292716768136,-2.5804292716768136,-2.5804292716768136,-2.108008197819948,-2.108008197819948,-2.108008197819948,-2.5256724605962897,-2.5256724605962897,-2.5256724605962897
Q6R:L7Q:S8R,Q6R:L7Q:S8R,3,-2.203290128166773,-2.203290128166773,-2.203290128166773,-1.9001701768123218,-1.9001701768123218,-1.9001701768123218,-2.3645238274546587,-2.3645238274546587,-2.3645238274546587,-2.2081294861262015,-2.2081294861262015,-2.2081294861262015
Q6R:L7V:S8K,Q6R:L7V:S8K,3,-2.1596973098063525,-2.1596973098063525,-2.1596973098063525,-2.201774994523581,-2.201774994523581,-2.201774994523581,-1.8342434916037273,-1.8342434916037273,-1.8342434916037273,-2.8926056988902826,-2.8926056988902826,-2.8926056988902826
Q6R:L7V:S8R,Q6R:L7V:S8R,3,-2.8499310787497025,-2.8499310787497025,-2.8499310787497025,-2.6008270324235143,-2.6008270324235143,-2.6008270324235143,-2.4122277369099243,-2.4122277369099243,-2.4122277369099243,-2.1572413906076173,-2.1572413906076173,-2.1572413906076173
Q6R:L7V:S8C,Q6R:L7V:S8C,3,-2.114537824327776,-2.114537824327776,-2.114537824327776,-2.262192514612099,-2.262192514612099,-2.262192514612099,-2.5504791788873358,-2.5504791788873358,-2.5504791788873358,-2.089125905664543,-2.089125905664543,-2.089125905664543
Q6R:L7I:Q9K,Q6R:L7I:Q9K,3,-2.6405490904697775,-2.6405490904697775,-2.6405490904697775,-2.333455038200533,-2.333455038200533,-2.333455038200533,-2.389122862694137,-2.389122862694137,-2.389122862694137,-2.811895510938686,-2.811895510938686,-2.811895510938686
Q6R:L7Q:Q9K,Q6R:L7Q:Q9K,3,-2.9058991342711873,-2.9058991342711873,-2.9058991342711873,-2.62535668831202,-2.62535668831202,-2.62535668831202,-3.420330827567085,-3.420330827567085,-3.420330827567085,-3.4376228166300336,-3.4376228166300336,-3.4376228166300336
Q6R:L7Q:Q9A,Q6R:L7Q:Q9A,3,-1.7180858598990474,-1.7180858598990474,-1.7180858598990474,-1.5089756147835833,-1.5089756147835833,-1.5089756147835833,-1.207123452581782,-1.207123452581782,-1.207123452581782,-0.9924180551009034,-0.9924180551009034,-0.9924180551009034
Q6R:L7I:H10F,Q6R:L7I:H10F,3,-1.8388472377321403,-1.8388472377321403,-1.8388472377321403,-1.8890949250874716,-1.8890949250874716,-1.8890949250874716,-2.889555286560528,-2.889555286560528,-2.889555286560528,-2.691837105099242,-2.691837105099242,-2.691837105099242
Q6R:L7I:H10Y,Q6R:L7I:H10Y,3,-3.295132964559492,-3.295132964559492,-3.295132964559492,-3.2297820302864686,-3.2297820302864686,-3.2297820302864686,-3.3262324116685154,-3.3262324116685154,-3.3262324116685154,-2.9575671359775595,-2.9575671359775595,-2.9575671359775595
Q6R:S8K:Q9R,Q6R:S8K:Q9R,3,-1.5675654198812035,-1.5675654198812035,-1.5675654198812035,-1.5314520756051717,-1.5314520756051717,-1.5314520756051717,-1.0141727456952376,-1.0141727456952376,-1.0141727456952376,-1.7187478657841524,-1.7187478657841524,-1.7187478657841524
Q6R:S8K:Q9A,Q6R:S8K:Q9A,3,-1.105427776988696,-1.105427776988696,-1.105427776988696,-1.3804857457492063,-1.3804857457492063,-1.3804857457492063,-0.7342190011403307,-0.7342190011403307,-0.7342190011403307,-1.5812778395087417,-1.5812778395087417,-1.5812778395087417
Q6R:S8L:Q9R,Q6R:S8L:Q9R,3,-2.400286341147917,-2.400286341147917,-2.400286341147917,-2.5782649145781247,-2.5782649145781247,-2.5782649145781247,-2.7651879362753586,-2.7651879362753586,-2.7651879362753586,-1.6799486069449823,-1.6799486069449823,-1.6799486069449823
Q6R:S8C:Q9K,Q6R:S8C:Q9K,3,-2.629701981772909,-2.629701981772909,-2.629701981772909,-3.4440866875631873,-3.4440866875631873,-3.4440866875631873,-3.5352111993391153,-3.5352111993391153,-3.5352111993391153,-2.6903238511247323,-2.6903238511247323,-2.6903238511247323
Q6R:S8C:Q9A,Q6R:S8C:Q9A,3,-1.0698102117115764,-1.0698102117115764,-1.0698102117115764,-1.432213595847728,-1.432213595847728,-1.432213595847728,-1.5690224619801114,-1.5690224619801114,-1.5690224619801114,-0.7955700193400191,-0.7955700193400191,-0.7955700193400191
Q6R:S8T:Q9R,Q6R:S8T:Q9R,3,-0.5485342374667725,-0.5485342374667725,-0.5485342374667725,-0.7156508972774331,-0.7156508972774331,-0.7156508972774331,-0.8305961226669201,-0.8305961226669201,-0.8305961226669201,-1.0376619615793157,-1.0376619615793157,-1.0376619615793157
Q6R:S8K:H10F,Q6R:S8K:H10F,3,-2.48617772746835,-2.48617772746835,-2.48617772746835,-2.786403249965532,-2.786403249965532,-2.786403249965532,-2.388595381660389,-2.388595381660389,-2.388595381660389,-3.0141964503065837,-3.0141964503065837,-3.0141964503065837
Q6R:S8R:H10Y,Q6R:S8R:H10Y,3,-2.984471989870872,-2.984471989870872,-2.984471989870872,-2.383875063974054,-2.383875063974054,-2.383875063974054,-2.884792849406471,-2.884792849406471,-2.884792849406471,-2.4773891397400623,-2.4773891397400623,-2.4773891397400623
Q6R:S8L:H10Y,Q6R:S8L:H10Y,3,-3.067824404632491,-3.067824404632491,-3.067824404632491,-2.893406426524146,-2.893406426524146,-2.893406426524146,-3.6089889036990384,-3.6089889036990384,-3.6089889036990384,-3.2037270291804254,-3.2037270291804254,-3.2037270291804254
Q6R:S8C:H10Y,Q6R:S8C:H10Y,3,-3.0599194937081613,-3.0599194937081613,-3.0599194937081613,-4.082701853791765,-4.082701853791765,-4.082701853791765,-4.203017721152245,-4.203017721152245,-4.203017721152245,-3.1027933611467113,-3.1027933611467113,-3.1027933611467113
Q6R:S8L:A11S,Q6R:S8L:A11S,3,-2.7777706303153518,-2.7777706303153518,-2.7777706303153518,-2.683107707491969,-2.683107707491969,-2.683107707491969,-2.603454991699304,-2.603454991699304,-2.603454991699304,-2.5575295272583607,-2.5575295272583607,-2.5575295272583607
Q6R:Q9K:H10Y,Q6R:Q9K:H10Y,3,-3.464566349714434,-3.464566349714434,-3.464566349714434,-3.342037539168924,-3.342037539168924,-3.342037539168924,-4.071623310989393,-4.071623310989393,-4.071623310989393,-4.028330779053616,-4.028330779053616,-4.028330779053616
Q6R:Q9R:H10F,Q6R:Q9R:H10F,3,-2.3106884267156818,-2.3106884267156818,-2.3106884267156818,-2.0610232149921717,-2.0610232149921717,-2.0610232149921717,-1.9844251068668268,-1.9844251068668268,-1.9844251068668268,-1.4414381508911802,-1.4414381508911802,-1.4414381508911802
Q6R:Q9R:A11S,Q6R:Q9R:A11S,3,-1.9389481946797944,-1.9389481946797944,-1.9389481946797944,-2.028576110335261,-2.028576110335261,-2.028576110335261,-2.1496639848689814,-2.1496639848689814,-2.1496639848689814,-2.4546638596224444,-2.4546638596224444,-2.4546638596224444
Q6R:Q9A:A11S,Q6R:Q9A:A11S,3,-1.7749208001143764,-1.7749208001143764,-1.7749208001143764,-2.0791002027046264,-2.0791002027046264,-2.0791002027046264,-2.8320853946125375,-2.8320853946125375,-2.8320853946125375,-2.8592930113827335,-2.8592930113827335,-2.8592930113827335
Q6R:H10F:A11S,Q6R:H10F:A11S,3,-3.1212544545621643,-3.1212544545621643,-3.1212544545621643,-3.0979627384883583,-3.0979627384883583,-3.0979627384883583,-3.7289658102361303,-3.7289658102361303,-3.7289658102361303,-2.936876861434573,-2.936876861434573,-2.936876861434573
L7I:S8R:Q9A,L7I:S8R:Q9A,3,-0.46918925226665126,-0.46918925226665126,-0.46918925226665126,-1.2210011936311354,-1.2210011936311354,-1.2210011936311354,-1.6508119130525576,-1.6508119130525576,-1.6508119130525576,-1.2862738365891964,-1.2862738365891964,-1.2862738365891964
L7I:S8L:Q9A,L7I:S8L:Q9A,3,-0.3559457969492348,-0.3559457969492348,-0.3559457969492348,-1.6164032384014062,-1.6164032384014062,-1.6164032384014062,-1.760342071882908,-1.760342071882908,-1.760342071882908,-1.7662063368369154,-1.7662063368369154,-1.7662063368369154
L7I:S8C:Q9R,L7I:S8C:Q9R,3,-2.367943462697491,-2.367943462697491,-2.367943462697491,-1.8725050762993498,-1.8725050762993498,-1.8725050762993498,-1.3181783908288103,-1.3181783908288103,-1.3181783908288103,-0.8841977453221854,-0.8841977453221854,-0.8841977453221854
L7I:S8T:Q9K,L7I:S8T:Q9K,3,-0.41190423554931666,-0.41190423554931666,-0.41190423554931666,-1.071049382405898,-1.071049382405898,-1.071049382405898,-1.5650812332501522,-1.5650812332501522,-1.5650812332501522,-2.0723360363661585,-2.0723360363661585,-2.0723360363661585
L7I:S8T:Q9A,L7I:S8T:Q9A,3,-0.010802413825372614,-0.010802413825372614,-0.010802413825372614,-0.5975189468699384,-0.5975189468699384,-0.5975189468699384,-0.8438556928236578,-0.8438556928236578,-0.8438556928236578,-1.0785171573784855,-1.0785171573784855,-1.0785171573784855
L7Q:S8L:Q9K,L7Q:S8L:Q9K,3,-1.3385796664876146,-1.3385796664876146,-1.3385796664876146,-2.049418240749904,-2.049418240749904,-2.049418240749904,-3.27555001385341,-3.27555001385341,-3.27555001385341,-2.9284168779318662,-2.9284168779318662,-2.9284168779318662
L7Q:S8L:Q9A,L7Q:S8L:Q9A,3,-1.1857623016156724,-1.1857623016156724,-1.1857623016156724,-1.7066923858128193,-1.7066923858128193,-1.7066923858128193,-1.6624781645436872,-1.6624781645436872,-1.6624781645436872,-1.3657749706916065,-1.3657749706916065,-1.3657749706916065
L7V:S8K:Q9A,L7V:S8K:Q9A,3,-0.784715912201157,-0.784715912201157,-0.784715912201157,-0.9856109952525564,-0.9856109952525564,-0.9856109952525564,-0.9161510840832428,-0.9161510840832428,-0.9161510840832428,-1.0570756781616193,-1.0570756781616193,-1.0570756781616193
L7V:S8R:Q9A,L7V:S8R:Q9A,3,-1.5093659771763734,-1.5093659771763734,-1.5093659771763734,-1.710090861554649,-1.710090861554649,-1.710090861554649,-1.3680424772827278,-1.3680424772827278,-1.3680424772827278,-0.862777910324726,-0.862777910324726,-0.862777910324726
L7V:S8L:Q9K,L7V:S8L:Q9K,3,-1.5302709769383842,-1.5302709769383842,-1.5302709769383842,-2.261313827298687,-2.261313827298687,-2.261313827298687,-2.3413823457959886,-2.3413823457959886,-2.3413823457959886,-1.5152924864086306,-1.5152924864086306,-1.5152924864086306
L7V:S8L:Q9A,L7V:S8L:Q9A,3,-0.9230970014140423,-0.9230970014140423,-0.9230970014140423,-1.2926225588241715,-1.2926225588241715,-1.2926225588241715,-1.2649558951957967,-1.2649558951957967,-1.2649558951957967,-0.7952060730409289,-0.7952060730409289,-0.7952060730409289
L7I:S8K:H10Y,L7I:S8K:H10Y,3,-3.5543783196948633,-3.5543783196948633,-3.5543783196948633,-3.8711213633787396,-3.8711213633787396,-3.8711213633787396,-3.8868979265645263,-3.8868979265645263,-3.8868979265645263,-3.71059303300518,-3.71059303300518,-3.71059303300518
L7Q:S8C:H10F,L7Q:S8C:H10F,3,-1.1991428801043638,-1.1991428801043638,-1.1991428801043638,-1.1131647352133247,-1.1131647352133247,-1.1131647352133247,-1.554355647391991,-1.554355647391991,-1.554355647391991,-1.254784630264774,-1.254784630264774,-1.254784630264774
L7Q:S8T:H10F,L7Q:S8T:H10F,3,-1.2340164649163117,-1.2340164649163117,-1.2340164649163117,-1.0761940077579515,-1.0761940077579515,-1.0761940077579515,-2.201338297032648,-2.201338297032648,-2.201338297032648,-2.283307970900874,-2.283307970900874,-2.283307970900874
L7V:S8L:H10F,L7V:S8L:H10F,3,-2.8628772482534917,-2.8628772482534917,-2.8628772482534917,-2.92292717152006,-2.92292717152006,-2.92292717152006,-3.237218919040928,-3.237218919040928,-3.237218919040928,-2.0515420363228785,-2.0515420363228785,-2.0515420363228785
L7V:S8C:H10F,L7V:S8C:H10F,3,-1.6530239908228517,-1.6530239908228517,-1.6530239908228517,-1.8090980779092534,-1.8090980779092534,-1.8090980779092534,-2.2976089368126438,-2.2976089368126438,-2.2976089368126438,-1.7322421840866276,-1.7322421840866276,-1.7322421840866276
L7V:S8T:H10Y,L7V:S8T:H10Y,3,-2.234217800039568,-2.234217800039568,-2.234217800039568,-1.6634464115292398,-1.6634464115292398,-1.6634464115292398,-1.836369451408187,-1.836369451408187,-1.836369451408187,-2.4921455945407924,-2.4921455945407924,-2.4921455945407924
L7Q:S8C:A11S,L7Q:S8C:A11S,3,-3.057028639767495,-3.057028639767495,-3.057028639767495,-2.6836393579389815,-2.6836393579389815,-2.6836393579389815,-2.2462438668052025,-2.2462438668052025,-2.2462438668052025,-2.076270632900808,-2.076270632900808,-2.076270632900808
L7Q:S8T:A11S,L7Q:S8T:A11S,3,-0.8993688209258024,-0.8993688209258024,-0.8993688209258024,-1.7217993421998528,-1.7217993421998528,-1.7217993421998528,-1.681231963776492,-1.681231963776492,-1.681231963776492,-2.452381414152645,-2.452381414152645,-2.452381414152645
L7V:S8L:A11S,L7V:S8L:A11S,3,-2.256187872323639,-2.256187872323639,-2.256187872323639,-1.948297732170278,-1.948297732170278,-1.948297732170278,-1.760950965409021,-1.760950965409021,-1.760950965409021,-2.2346578293757977,-2.2346578293757977,-2.2346578293757977
L7I:Q9A:H10Y,L7I:Q9A:H10Y,3,-1.5568238437367674,-1.5568238437367674,-1.5568238437367674,-2.142654923078701,-2.142654923078701,-2.142654923078701,-2.313219233186832,-2.313219233186832,-2.313219233186832,-2.3064015152878037,-2.3064015152878037,-2.3064015152878037
L7Q:Q9K:H10F,L7Q:Q9K:H10F,3,-1.614966286548007,-1.614966286548007,-1.614966286548007,-1.3997795545737364,-1.3997795545737364,-1.3997795545737364,-3.070337080731016,-3.070337080731016,-3.070337080731016,-3.2294800331268876,-3.2294800331268876,-3.2294800331268876
L7Q:Q9R:H10F,L7Q:Q9R:H10F,3,-2.362506894216665,-2.362506894216665,-2.362506894216665,-1.4163984071934754,-1.4163984071934754,-1.4163984071934754,-1.1586392882207428,-1.1586392882207428,-1.1586392882207428,-1.0633127934671434,-1.0633127934671434,-1.0633127934671434
L7Q:Q9A:H10F,L7Q:Q9A:H10F,3,-1.0326279517778802,-1.0326279517778802,-1.0326279517778802,-0.8934096576047407,-0.8934096576047407,-0.8934096576047407,-0.9685549486706266,-0.9685549486706266,-0.9685549486706266,-1.0463394536094461,-1.0463394536094461,-1.0463394536094461
L7Q:Q9A:H10Y,L7Q:Q9A:H10Y,3,-1.8056173254542704,-1.8056173254542704,-1.8056173254542704,-1.6237054873512253,-1.6237054873512253,-1.6237054873512253,-1.6253138461266263,-1.6253138461266263,-1.6253138461266263,-2.1292139186582335,-2.1292139186582335,-2.1292139186582335
L7V:Q9K:H10Y,L7V:Q9K:H10Y,3,-2.263811202131821,-2.263811202131821,-2.263811202131821,-2.263932379045901,-2.263932379045901,-2.263932379045901,-2.91366535715931,-2.91366535715931,-2.91366535715931,-2.890507549668869,-2.890507549668869,-2.890507549668869
L7V:Q9K:A11S,L7V:Q9K:A11S,3,-2.8149203089016166,-2.8149203089016166,-2.8149203089016166,-2.7681762390090365,-2.7681762390090365,-2.7681762390090365,-3.5854621602485666,-3.5854621602485666,-3.5854621602485666,-3.9311816056731494,-3.9311816056731494,-3.9311816056731494
L7I:H10Y:A11S,L7I:H10Y:A11S,3,-2.4338301817301033,-2.4338301817301033,-2.4338301817301033,-2.5024875986889294,-2.5024875986889294,-2.5024875986889294,-3.2195968250165015,-3.2195968250165015,-3.2195968250165015,-3.60089989908554,-3.60089989908554,-3.60089989908554
S8K:Q9R:H10Y,S8K:Q9R:H10Y,3,-3.032486410875516,-3.032486410875516,-3.032486410875516,-2.9006910332647675,-2.9006910332647675,-2.9006910332647675,-2.5823977690487525,-2.5823977690487525,-2.5823977690487525,-2.805578429381093,-2.805578429381093,-2.805578429381093
S8R:Q9A:H10Y,S8R:Q9A:H10Y,3,-1.5281194490671992,-1.5281194490671992,-1.5281194490671992,-1.4862694020652443,-1.4862694020652443,-1.4862694020652443,-1.5795522215504842,-1.5795522215504842,-1.5795522215504842,-1.6878284407631718,-1.6878284407631718,-1.6878284407631718
S8C:Q9K:H10F,S8C:Q9K:H10F,3,-1.2671943678577176,-1.2671943678577176,-1.2671943678577176,-2.105710985531804,-2.105710985531804,-2.105710985531804,-2.679513103031518,-2.679513103031518,-2.679513103031518,-2.4410172200593827,-2.4410172200593827,-2.4410172200593827
S8C:Q9A:H10Y,S8C:Q9A:H10Y,3,-0.6495826656769108,-0.6495826656769108,-0.6495826656769108,-2.159853417327865,-2.159853417327865,-2.159853417327865,-2.1372398640638366,-2.1372398640638366,-2.1372398640638366,-2.3856420133163154,-2.3856420133163154,-2.3856420133163154
S8R:Q9K:A11S,S8R:Q9K:A11S,3,-2.625685292196185,-2.625685292196185,-2.625685292196185,-2.8201098835849265,-2.8201098835849265,-2.8201098835849265,-4.123549661048796,-4.123549661048796,-4.123549661048796,-4.457596777127032,-4.457596777127032,-4.457596777127032
S8R:Q9R:A11S,S8R:Q9R:A11S,3,-2.0914230000860217,-2.0914230000860217,-2.0914230000860217,-1.886667280922992,-1.886667280922992,-1.886667280922992,-1.8732748441633469,-1.8732748441633469,-1.8732748441633469,-2.1975454646560397,-2.1975454646560397,-2.1975454646560397
S8T:Q9K:A11S,S8T:Q9K:A11S,3,-0.1223651767118672,-0.1223651767118672,-0.1223651767118672,-2.0423370558452234,-2.0423370558452234,-2.0423370558452234,-3.2309830483826825,-3.2309830483826825,-3.2309830483826825,-3.648372574240201,-3.648372574240201,-3.648372574240201
S8C:H10Y:A11S,S8C:H10Y:A11S,3,-2.291074697833161,-2.291074697833161,-2.291074697833161,-3.3374276960542995,-3.3374276960542995,-3.3374276960542995,-4.093797640263512,-4.093797640263512,-4.093797640263512,-3.9370977550741095,-3.9370977550741095,-3.9370977550741095
