candidate_id,mutant,mutation_count,B3_RAW_PAIR,B4_CROSSFIT_TRIPLET,B5_CROSSFIT_ADAPTIVE_HIGHER_ORDER,V8_3_ADAPTIVE_ROUTER,SHUFFLED_LABEL_V8_3_CONTROL,triplet_delta,quartet_delta,triplet_confidence,quartet_confidence
N206D:N207K:K231R,N206D:N207K:K231R,3,1.1579451740045457,0.7666333332276702,0.7666333332276702,0.7666333332276702,0.6268415047241127,-0.3913118407768754,0.0,0.9545454545454546,0.0
Y197R:N206D:K231R,Y197R:N206D:K231R,3,0.3952221990174313,0.11299501495087289,0.11299501495087289,0.11299501495087289,0.5098989785060347,-0.2822271840665584,0.0,0.9534883720930233,0.0
A172C:Y197R:K231R,A172C:Y197R:K231R,3,0.3290445119151408,0.0585844397669158,0.0585844397669158,0.0585844397669158,0.6788601431095659,-0.270460072148225,0.0,0.9545454545454546,0.0
S168G:N206D:K231R,S168G:N206D:K231R,3,1.158450974584152,0.7706681408039378,0.7706681408039378,0.7706681408039378,0.6022470295868857,-0.3877828337802143,0.0,0.9555555555555556,0.0
S168G:Y197R:K231R,S168G:Y197R:K231R,3,0.38269381225981125,0.11613993284383983,0.11613993284383983,0.11613993284383983,0.517595098694718,-0.2665538794159714,0.0,0.9555555555555556,0.0
S168G:A172C:K231R,S168G:A172C:K231R,3,1.109227707730847,0.7513251612564789,0.7513251612564789,0.7513251612564789,0.6394514337276564,-0.3579025464743682,0.0,0.9534883720930233,0.0
N158A:A174L:N207K,N158A:A174L:N207K,3,0.9855311979820021,0.6313572619586344,0.6313572619586344,0.6313572619586344,0.5411728976251049,-0.35417393602336766,0.0,0.9411764705882353,0.0
N158A:A172C:Y197R,N158A:A172C:Y197R,3,0.34084766619991846,0.07242644027083545,0.07242644027083545,0.07242644027083545,0.5979070483747252,-0.268421225929083,0.0,0.95,0.0
N158A:A172C:A174L,N158A:A172C:A174L,3,1.0187453991928952,0.6932352911138431,0.6932352911138431,0.6932352911138431,0.5920439372256806,-0.3255101080790521,0.0,0.95,0.0
N158A:S168G:N206D,N158A:S168G:N206D,3,1.1283676673943286,0.7133504367447527,0.7133504367447527,0.7133504367447527,0.518033322156047,-0.4150172306495758,0.0,0.95,0.0
N158A:S168G:A172C,N158A:S168G:A172C,3,1.119976471571147,0.7245032520508702,0.7245032520508702,0.7245032520508702,0.5387297098266697,-0.3954732195202769,0.0,0.9444444444444444,0.0
F143S:N206D:K231R,F143S:N206D:K231R,3,0.3742932555834626,0.07663564696599129,0.07663564696599129,0.07663564696599129,0.6890403295453209,-0.2976576086174713,0.0,0.9512195121951219,0.0
F143S:Y197R:K231R,F143S:Y197R:K231R,3,0.23505075867180328,0.3676288293606232,0.3676288293606232,0.3676288293606232,0.6865410457827424,0.1325780706888199,0.0,0.9487179487179487,0.0
F143S:A172C:N207K,F143S:A172C:N207K,3,0.37373925590502877,0.07495774872584438,0.07495774872584438,0.07495774872584438,0.6219882720413985,-0.2987815071791844,0.0,0.95,0.0
F143S:S168G:N206D,F143S:S168G:N206D,3,0.3852990768589291,0.050096353982395314,0.050096353982395314,0.050096353982395314,0.5055489575515065,-0.3352027228765338,0.0,0.9512195121951219,0.0
F143S:S168G:Y197R,F143S:S168G:Y197R,3,0.2603674334924959,0.38312113214721966,0.38312113214721966,0.38312113214721966,0.5924926152153966,0.12275369865472371,0.0,0.9523809523809523,0.0
F143S:S168G:A174L,F143S:S168G:A174L,3,0.3683872843779239,0.12270864193892417,0.12270864193892417,0.12270864193892417,0.5309922253832963,-0.24567864243899973,0.0,0.9555555555555556,0.0
F143S:S168G:A172C,F143S:S168G:A172C,3,0.37355719710911495,0.005441730683116708,0.005441730683116708,0.005441730683116708,0.5474112265063067,-0.36811546642599824,0.0,0.9428571428571428,0.0
F143S:N158A:A174L,F143S:N158A:A174L,3,0.3757863090082932,0.09219312088457965,0.09219312088457965,0.09219312088457965,0.6371989961309907,-0.28359318812371354,0.0,0.9523809523809523,0.0
F143S:N158A:A172C,F143S:N158A:A172C,3,0.3128187593339866,0.03210160206052998,0.03210160206052998,0.03210160206052998,0.6780759717014003,-0.28071715727345664,0.0,0.9534883720930233,0.0
F143S:N158A:S168G,F143S:N158A:S168G,3,0.361035459697182,0.0659160083044329,0.0659160083044329,0.0659160083044329,0.6830971026379915,-0.2951194513927491,0.0,0.9545454545454546,0.0
T127P:A172C:N207K,T127P:A172C:N207K,3,1.1415913492812473,0.7443077029258698,0.7443077029258698,0.7443077029258698,0.37207931837827446,-0.39728364635537755,0.0,0.9565217391304348,0.0
T127P:A172C:Y197R,T127P:A172C:Y197R,3,0.3821728503755468,0.04092600647478967,0.04092600647478967,0.04092600647478967,0.530101878924725,-0.34124684390075716,0.0,0.9545454545454546,0.0
T127P:N158A:N207K,T127P:N158A:N207K,3,1.1249735378416807,0.689291624666102,0.689291624666102,0.689291624666102,0.5678133117685702,-0.43568191317557864,0.0,0.95,0.0
T127P:N158A:A174L,T127P:N158A:A174L,3,1.0730135624819894,0.6538431262529429,0.6538431262529429,0.6538431262529429,0.5727549062745012,-0.41917043622904643,0.0,0.9487179487179487,0.0
T127P:F143S:K231R,T127P:F143S:K231R,3,0.3778392093118803,0.027170995271379894,0.027170995271379894,0.027170995271379894,0.6807249883431823,-0.3506682140405004,0.0,0.95,0.0
T127P:F143S:N207K,T127P:F143S:N207K,3,0.42266721216657654,0.06926318150316219,0.06926318150316219,0.06926318150316219,0.5838958390874899,-0.35340403066341436,0.0,0.9473684210526315,0.0
T127P:F143S:S168G,T127P:F143S:S168G,3,0.42528786986194983,0.09902148360395308,0.09902148360395308,0.09902148360395308,0.523561557878417,-0.32626638625799675,0.0,0.9444444444444444,0.0
T127P:F143S:N158A,T127P:F143S:N158A,3,0.34846005840238015,0.0531842486529554,0.0531842486529554,0.0531842486529554,0.6272215742444693,-0.29527580974942474,0.0,0.9523809523809523,0.0
L63M:N207K:K231R,L63M:N207K:K231R,3,0.749888500336504,0.3390939380672499,0.3390939380672499,0.3390939380672499,0.5351826224158368,-0.4107945622692541,0.0,0.9523809523809523,0.0
L63M:Y197R:N207K,L63M:Y197R:N207K,3,0.4178267165085945,0.33639381906153576,0.33639381906153576,0.33639381906153576,0.653167368717113,-0.0814328974470587,0.0,0.9545454545454546,0.0
L63M:A174L:K231R,L63M:A174L:K231R,3,0.6968125468335535,0.35200179493136446,0.35200179493136446,0.35200179493136446,0.461747901751508,-0.34481075190218907,0.0,0.9565217391304348,0.0
L63M:A172C:N207K,L63M:A172C:N207K,3,0.7303382351818773,0.34475058399125563,0.34475058399125563,0.34475058399125563,0.5407692370402628,-0.3855876511906217,0.0,0.9512195121951219,0.0
L63M:A172C:Y197R,L63M:A172C:Y197R,3,0.3553628062881069,0.26947866067133325,0.26947866067133325,0.26947866067133325,0.487306196450916,-0.08588414561677365,0.0,0.9574468085106383,0.0
L63M:S168G:A174L,L63M:S168G:A174L,3,0.7401180753794663,0.4117819391048713,0.4117819391048713,0.4117819391048713,0.617886620360592,-0.32833613627459496,0.0,0.9512195121951219,0.0
L63M:S168G:A172C,L63M:S168G:A172C,3,0.7684476437571062,0.3432435229579619,0.3432435229579619,0.3432435229579619,0.6939867641230509,-0.42520412079914427,0.0,0.95,0.0
L63M:N158A:K231R,L63M:N158A:K231R,3,0.6982329051933157,0.3097442974505608,0.3097442974505608,0.3097442974505608,0.6637661289634587,-0.3884886077427549,0.0,0.9555555555555556,0.0
L63M:N158A:N206D,L63M:N158A:N206D,3,0.7135779146730533,0.30749897700629514,0.30749897700629514,0.30749897700629514,0.5547654749268754,-0.4060789376667582,0.0,0.9459459459459459,0.0
L63M:N158A:A174L,L63M:N158A:A174L,3,0.7163151266633265,0.2604425080016756,0.2604425080016756,0.2604425080016756,0.712024830521535,-0.4558726186616509,0.0,0.9512195121951219,0.0
L63M:N158A:S168G,L63M:N158A:S168G,3,0.7376265639366012,0.3322469334349057,0.3322469334349057,0.3322469334349057,0.6497078367961381,-0.4053796305016955,0.0,0.9523809523809523,0.0
L63M:F143S:K231R,L63M:F143S:K231R,3,0.44233935713381706,0.38159734297985204,0.38159734297985204,0.38159734297985204,0.5868907057025168,-0.06074201415396504,0.0,0.9523809523809523,0.0
L63M:F143S:Y197R,L63M:F143S:Y197R,3,0.7188874449581801,1.240384413901307,1.240384413901307,1.240384413901307,0.6142143555114213,0.5214969689431268,0.0,0.9574468085106383,0.0
L63M:F143S:A172C,L63M:F143S:A172C,3,0.41093235627259583,0.3534361284041492,0.3534361284041492,0.3534361284041492,0.7693364976165795,-0.05749622786844666,0.0,0.9473684210526315,0.0
L63M:T127P:N207K,L63M:T127P:N207K,3,0.7943236996193634,0.3944630869863073,0.3944630869863073,0.3944630869863073,0.5599201211074872,-0.39986061263305617,0.0,0.95,0.0
L63M:T127P:N206D,L63M:T127P:N206D,3,0.7850377131394128,0.3680003309125292,0.3680003309125292,0.3680003309125292,0.6764366416865557,-0.41703738222688364,0.0,0.9487179487179487,0.0
V45A:N206D:K231R,V45A:N206D:K231R,3,1.0191058879567265,0.7206437229214919,0.7206437229214919,0.7206437229214919,0.6793975429776871,-0.29846216503523454,0.0,0.9487179487179487,0.0
V45A:Y197R:N207K,V45A:Y197R:N207K,3,0.3056046286531336,0.09622571847027203,0.09622571847027203,0.09622571847027203,0.6370653335486534,-0.20937891018286156,0.0,0.9523809523809523,0.0
V45A:A174L:K231R,V45A:A174L:K231R,3,0.7744040482226641,0.3694613769007672,0.3694613769007672,0.3694613769007672,0.7183710043487224,-0.4049426713218969,0.0,0.9444444444444444,0.0
V45A:A172C:N206D,V45A:A172C:N206D,3,0.9847327409909432,0.6679222111784447,0.6679222111784447,0.6679222111784447,0.4225981142320586,-0.31681052981249846,0.0,0.95,0.0
V45A:A172C:A174L,V45A:A172C:A174L,3,0.7948314695655563,0.4411806711484558,0.4411806711484558,0.4411806711484558,0.6262626133468534,-0.35365079841710045,0.0,0.9487179487179487,0.0
V45A:S168G:Y197R,V45A:S168G:Y197R,3,0.3302178228897444,0.09984538028036397,0.09984538028036397,0.09984538028036397,0.6448218540547181,-0.23037244260938042,0.0,0.9545454545454546,0.0
V45A:S168G:A174L,V45A:S168G:A174L,3,0.8168298648163899,0.4066758037388539,0.4066758037388539,0.4066758037388539,0.6111436405128851,-0.41015406107753594,0.0,0.9545454545454546,0.0
V45A:N158A:K231R,V45A:N158A:K231R,3,1.0358742400433776,0.7268062776029905,0.7268062776029905,0.7268062776029905,0.7622099589236074,-0.30906796244038703,0.0,0.9473684210526315,0.0
V45A:F143S:K231R,V45A:F143S:K231R,3,0.28847678553703504,0.05472860816627467,0.05472860816627467,0.05472860816627467,0.7685725588804767,-0.23374817737076037,0.0,0.9534883720930233,0.0
V45A:F143S:A174L,V45A:F143S:A174L,3,0.20266380958669827,0.030941168409785363,0.030941168409785363,0.030941168409785363,0.5868926487926098,-0.1717226411769129,0.0,0.9473684210526315,0.0
V45A:F143S:S168G,V45A:F143S:S168G,3,0.33797895935070854,0.07349865219611568,0.07349865219611568,0.07349865219611568,0.5476090566451098,-0.26448030715459286,0.0,0.9534883720930233,0.0
V45A:T127P:N207K,V45A:T127P:N207K,3,1.0337659083033561,0.6522402395689536,0.6522402395689536,0.6522402395689536,0.5769524235272134,-0.3815256687344025,0.0,0.95,0.0
V45A:T127P:A172C,V45A:T127P:A172C,3,1.0656611003047267,0.7356177800500234,0.7356177800500234,0.7356177800500234,0.544165828233566,-0.3300433202547033,0.0,0.9545454545454546,0.0
V45A:L63M:N206D,V45A:L63M:N206D,3,0.6107512888718292,0.24384453264038758,0.24384453264038758,0.24384453264038758,0.5893905878603632,-0.3669067562314416,0.0,0.9444444444444444,0.0
V45A:L63M:A172C,V45A:L63M:A172C,3,0.597374251968981,0.2607465313993308,0.2607465313993308,0.2607465313993308,0.67554418975869,-0.3366277205696502,0.0,0.9534883720930233,0.0
D20N:Y197R:N207K,D20N:Y197R:N207K,3,0.4136711225398234,0.09867809076791118,0.09867809076791118,0.09867809076791118,0.6972691975235842,-0.31499303177191224,0.0,0.9473684210526315,0.0
D20N:Y197R:N206D,D20N:Y197R:N206D,3,0.3711314911539877,0.07114744570399789,0.07114744570399789,0.07114744570399789,0.6299731835121312,-0.2999840454499898,0.0,0.9523809523809523,0.0
D20N:A174L:Y197R,D20N:A174L:Y197R,3,0.35321477531764184,0.10407563157082439,0.10407563157082439,0.10407563157082439,0.67566540282815,-0.24913914374681745,0.0,0.9512195121951219,0.0
D20N:A172C:N207K,D20N:A172C:N207K,3,1.125586816212472,0.7233282065168233,0.7233282065168233,0.7233282065168233,0.6352515769559799,-0.40225860969564875,0.0,0.9512195121951219,0.0
D20N:A172C:N206D,D20N:A172C:N206D,3,1.0902244416868965,0.694527734826213,0.694527734826213,0.694527734826213,0.7486183341334482,-0.3956967068606835,0.0,0.9487179487179487,0.0
D20N:A172C:A174L,D20N:A172C:A174L,3,1.0074162267097293,0.6698619227297216,0.6698619227297216,0.6698619227297216,0.6992965167455172,-0.3375543039800077,0.0,0.9459459459459459,0.0
D20N:N158A:K231R,D20N:N158A:K231R,3,1.1184748266850766,0.7188300765211011,0.7188300765211011,0.7188300765211011,0.5942772573152566,-0.39964475016397544,0.0,0.9523809523809523,0.0
D20N:N158A:A174L,D20N:N158A:A174L,3,1.0560897718159894,0.6713069963418501,0.6713069963418501,0.6713069963418501,0.6059155761479808,-0.38478277547413925,0.0,0.9512195121951219,0.0
D20N:F143S:N207K,D20N:F143S:N207K,3,0.4170606626132143,0.10872877643295314,0.10872877643295314,0.10872877643295314,0.40675471079204256,-0.30833188618026114,0.0,0.9428571428571428,0.0
D20N:F143S:A174L,D20N:F143S:A174L,3,0.37699191221079087,0.11424999729293889,0.11424999729293889,0.11424999729293889,0.6173609949112291,-0.262741914917852,0.0,0.9487179487179487,0.0
D20N:F143S:A172C,D20N:F143S:A172C,3,0.3498602991219676,0.05874405294377111,0.05874405294377111,0.05874405294377111,0.8044326035652043,-0.2911162461781965,0.0,0.9523809523809523,0.0
D20N:L63M:N207K,D20N:L63M:N207K,3,0.7643208822731682,0.3363165653222008,0.3363165653222008,0.3363165653222008,0.5497623652338383,-0.4280043169509674,0.0,0.9473684210526315,0.0
D20N:L63M:N206D,D20N:L63M:N206D,3,0.7397995028655466,0.34419181526445786,0.34419181526445786,0.34419181526445786,0.6492900284185992,-0.3956076876010888,0.0,0.9393939393939394,0.0
D20N:L63M:T127P,D20N:L63M:T127P,3,0.7947771333197422,0.3887372416656595,0.3887372416656595,0.3887372416656595,0.5733156587049929,-0.4060398916540827,0.0,0.95,0.0
D20N:V45A:N206D,D20N:V45A:N206D,3,1.0000341577261551,0.6775161815109686,0.6775161815109686,0.6775161815109686,0.5184462232169968,-0.3225179762151865,0.0,0.9459459459459459,0.0
D20N:V45A:A172C,D20N:V45A:A172C,3,1.0110675120955805,0.6681320698486064,0.6681320698486064,0.6681320698486064,0.6325783789306425,-0.34293544224697414,0.0,0.95,0.0
D20N:V45A:T127P,D20N:V45A:T127P,3,1.0750487585934885,0.7531523331206852,0.7531523331206852,0.7531523331206852,0.6677183791876348,-0.3218964254728033,0.0,0.9444444444444444,0.0
D20N:V45A:L63M,D20N:V45A:L63M,3,0.61835334596471,0.24580138003249047,0.24580138003249047,0.24580138003249047,0.6653706088599249,-0.37255196593221956,0.0,0.9545454545454546,0.0
A174L:N206D:N207K:K231R,A174L:N206D:N207K:K231R,4,1.2967319893347018,0.9330121663062139,0.8735417858851684,0.8735417858851684,0.8011059837039677,-0.36371982302848793,-0.05947038042104543,0.9473027281716306,0.5555555555555556
A174L:Y197R:N206D:K231R,A174L:Y197R:N206D:K231R,4,0.4710798024375974,0.2106560324759077,0.18779100513591093,0.18779100513591093,0.636464949390098,-0.2604237699616897,-0.022865027339996773,0.950072777796156,0.6
A172C:A174L:N206D:N207K,A172C:A174L:N206D:N207K,4,1.2710930392363746,0.9172286897954794,0.9023840674401302,0.9023840674401302,0.6573193568578394,-0.3538643494408952,-0.014844622355349207,0.9437767094017093,0.42857142857142855
S168G:Y197R:N207K:K231R,S168G:Y197R:N207K:K231R,4,0.5507756484831202,0.2446302667166803,0.17340032740283529,0.17340032740283529,0.5995321886364154,-0.3061453817664399,-0.07122993931384504,0.9528125621148877,0.6363636363636364
S168G:A174L:N206D:K231R,S168G:A174L:N206D:K231R,4,1.3466612032334657,0.9838528987532172,0.9304227947173749,0.9304227947173749,0.771542042553003,-0.3628083044802485,-0.053430104035842335,0.9483190983190983,0.5555555555555556
S168G:A174L:N206D:N207K,S168G:A174L:N206D:N207K,4,1.2887029470561786,0.914075691820754,0.8764198482020785,0.8764198482020785,0.7115699027524781,-0.3746272552354246,-0.03765584361867542,0.9433098635860264,0.42857142857142855
S168G:A174L:Y197R:N206D,S168G:A174L:Y197R:N206D,4,0.4703789074828644,0.19138656658084974,0.15978842596663415,0.15978842596663415,0.5358414681046332,-0.27899234090201463,-0.031598140614215585,0.9483843570493121,0.6
S168G:A172C:A174L:N207K,S168G:A172C:A174L:N207K,4,1.2775211962942183,0.9084066898252672,0.7920197725814968,0.7920197725814968,0.5536481305959601,-0.36911450646895116,-0.11638691724377043,0.948015873015873,0.5555555555555556
S168G:A172C:A174L:Y197R,S168G:A172C:A174L:Y197R,4,0.4736189488922768,0.17949518457973318,0.1333069679146274,0.1333069679146274,0.7287909713314065,-0.2941237643125436,-0.04618821666510578,0.951275491519394,0.5555555555555556
N158A:A174L:N207K:K231R,N158A:A174L:N207K:K231R,4,1.294285595397742,0.9392787363048456,0.9100179853856785,0.9100179853856785,0.5792101174369654,-0.35500685909289637,-0.029260750919167085,0.9476807202775639,0.5555555555555556
N158A:A174L:N206D:N207K,N158A:A174L:N206D:N207K,4,1.3459940788164582,0.9913914729072943,0.9623356533935893,0.9623356533935893,0.41278497111043777,-0.3546026059091638,-0.029055819513705027,0.9436907100897038,0.5555555555555556
N158A:A174L:Y197R:N206D,N158A:A174L:Y197R:N206D,4,0.501343976686149,0.22312730871871994,0.19968245957816477,0.19968245957816477,0.4934278251868962,-0.2782166679674291,-0.023444849140555155,0.9498936854659008,0.5555555555555556
N158A:A172C:N207K:K231R,N158A:A172C:N207K:K231R,4,1.4237449730662841,1.0597323715469873,0.9925057389541815,0.9925057389541815,0.8592413509727468,-0.3640126015192968,-0.06722663259280584,0.9487745686696338,0.5555555555555556
N158A:A172C:N206D:K231R,N158A:A172C:N206D:K231R,4,1.426134158415069,1.0670450775272553,0.9898590271024206,0.9898590271024206,0.8280234323579295,-0.3590890808878137,-0.07718605042483467,0.9530826558265583,0.6363636363636364
N158A:A172C:Y197R:N207K,N158A:A172C:Y197R:N207K,4,0.5407038876055894,0.24761471480613778,0.19002621621456506,0.19002621621456506,0.578451216544547,-0.2930891727994516,-0.05758849859157272,0.9503552971576228,0.6
N158A:A172C:A174L:N207K,N158A:A172C:A174L:N207K,4,1.3107626987252035,0.9627491877996235,0.9331621234225889,0.9331621234225889,0.7051209434232342,-0.34801351092558,-0.029587064377034678,0.945016339869281,0.5555555555555556
N158A:S168G:A174L:K231R,N158A:S168G:A174L:K231R,4,1.3497227052460163,0.9922436395205732,0.9075362389509233,0.9075362389509233,0.8807550151106671,-0.35747906572544313,-0.08470740056964984,0.9539953542392566,0.5
N158A:S168G:A174L:N207K,N158A:S168G:A174L:N207K,4,1.3130502961596693,0.9445968526186587,0.9234599506297205,0.9234599506297205,0.5628684597785149,-0.3684534435410106,-0.02113690198893817,0.946908519505363,0.6
N158A:S168G:A172C:N206D,N158A:S168G:A172C:N206D,4,1.4720922404719006,1.0785057950393155,1.020031698224253,1.020031698224253,0.39130386042482734,-0.3935864454325849,-0.05847409681506262,0.9511363636363637,0.6666666666666666
N158A:S168G:A172C:Y197R,N158A:S168G:A172C:Y197R,4,0.5183496430916898,0.19504921736426012,0.1347405701231758,0.1347405701231758,0.5909617319036168,-0.32330042572742973,-0.06030864724108431,0.9487339612339613,0.5
F143S:Y197R:N207K:K231R,F143S:Y197R:N207K:K231R,4,0.24738790509231964,0.15773377257935958,0.30450233245075753,0.30450233245075753,0.7587323188260232,-0.08965413251296006,0.14676855987139792,0.9521257727779466,0.6363636363636364
F143S:A174L:N206D:K231R,F143S:A174L:N206D:K231R,4,0.47164683438832783,0.19451339594177525,0.14702255958805216,0.14702255958805216,0.7580350845625605,-0.2771334384465526,-0.0474908363537231,0.9509217993178757,0.6363636363636364
F143S:A174L:Y197R:N206D,F143S:A174L:Y197R:N206D,4,0.24160677080657506,0.17192344654909056,0.30984370445844833,0.30984370445844833,0.6191505011604747,-0.0696833242574845,0.1379202579093578,0.9500730994152047,0.6
F143S:A172C:Y197R:K231R,F143S:A172C:Y197R:K231R,4,0.1273874862967257,0.06059317058880785,0.18912137144368246,0.18912137144368246,0.853842890021712,-0.06679431570791784,0.12852820085487462,0.9506605713127452,0.6
F143S:A172C:A174L:N207K,F143S:A172C:A174L:N207K,4,0.4379698498306208,0.1682864418001922,0.17496966532693375,0.17496966532693375,0.6296281705110175,-0.2696834080304286,0.006683223526741541,0.9476327035537562,0.5
F143S:A172C:A174L:N206D,F143S:A172C:A174L:N206D,4,0.4341511485834061,0.1417334054828887,0.07809777014308729,0.07809777014308729,0.5719282383148468,-0.2924177431005174,-0.06363563533980142,0.9493421052631579,0.6
F143S:S168G:N206D:K231R,F143S:S168G:N206D:K231R,4,0.5555404321871034,0.22757784912456924,0.12148721176319002,0.12148721176319002,0.5166987661158128,-0.3279625830625341,-0.10609063736137922,0.9540819783197831,0.6363636363636364
F143S:S168G:N206D:N207K,F143S:S168G:N206D:N207K,4,0.5826976096644056,0.24359567683645522,0.14230581630689954,0.14230581630689954,0.5006098426617568,-0.3391019328279504,-0.1012898605295557,0.9508239543839747,0.6
F143S:S168G:Y197R:N207K,F143S:S168G:Y197R:N207K,4,0.26074607357897034,0.153434267406353,0.28342629397187336,0.28342629397187336,0.6606150428579489,-0.10731180617261735,0.1299920265655204,0.953402643949883,0.6
F143S:S168G:A172C:K231R,F143S:S168G:A172C:K231R,4,0.4866131426694824,0.16585008244299415,0.09438831353723381,0.09438831353723381,0.6003126197408978,-0.32076306022648826,-0.07146176890576034,0.9528001468534836,0.6666666666666666
F143S:S168G:A172C:Y197R,F143S:S168G:A172C:Y197R,4,0.19864464892135814,0.08711807379412913,0.14366217371820095,0.14366217371820095,0.49044673114342796,-0.11152657512722901,0.05654409992407181,0.946010296010296,0.3333333333333333
F143S:N158A:N207K:K231R,F143S:N158A:N207K:K231R,4,0.519672099163398,0.19761676489508528,0.08624687863586869,0.08624687863586869,0.633716231224814,-0.3220553342683127,-0.1113698862592166,0.9499675706197446,0.6
F143S:N158A:N206D:K231R,F143S:N158A:N206D:K231R,4,0.5062342702384554,0.18919686108478506,0.10235420702274109,0.10235420702274109,0.5593047506558344,-0.3170374091536703,-0.08684265406204397,0.952807405854645,0.6666666666666666
F143S:N158A:N206D:N207K,F143S:N158A:N206D:N207K,4,0.5732547902124545,0.24686662931903625,0.12838941340556195,0.12838941340556195,0.48257216239568645,-0.32638816089341827,-0.11847721591347429,0.9477705892638573,0.6
F143S:N158A:Y197R:N207K,F143S:N158A:Y197R:N207K,4,0.24878232293381256,0.14710103384647621,0.27213661337814754,0.27213661337814754,0.7180215829338615,-0.10168128908733634,0.12503557953167135,0.9503963006996374,0.6
F143S:N158A:A174L:N207K,F143S:N158A:A174L:N207K,4,0.49557201621528785,0.2041269284902396,0.15678570123710384,0.15678570123710384,0.382537012465216,-0.29144508772504824,-0.04734122725313577,0.9462831286360698,0.6
F143S:N158A:A174L:Y197R,F143S:N158A:A174L:Y197R,4,0.2667146631948095,0.18599130444044035,0.29498337213245424,0.29498337213245424,0.7956517960953136,-0.08072335875436917,0.10899206769201389,0.9496168305378831,0.6363636363636364
F143S:N158A:A172C:Y197R,F143S:N158A:A172C:Y197R,4,0.1388261375831179,0.06491312426447178,0.22186065704669206,0.22186065704669206,0.6264880222603879,-0.07391301331864612,0.15694753278222026,0.9487658659170287,0.6
F143S:N158A:S168G:N206D,F143S:N158A:S168G:N206D,4,0.5250926219988944,0.18336988307383267,0.10119717598238989,0.10119717598238989,0.5577218410867117,-0.3417227389250617,-0.08217270709144278,0.9523133347084,0.6363636363636364
F143S:N158A:S168G:A174L,F143S:N158A:S168G:A174L,4,0.5189450542676839,0.2260825046824798,0.15539662677333926,0.15539662677333926,0.6975653739804635,-0.2928625495852041,-0.07068587790914053,0.9534253686692711,0.6
T127P:Y197R:N206D:K231R,T127P:Y197R:N206D:K231R,4,0.5724166364201347,0.2440997505637203,0.13047896585664892,0.13047896585664892,0.7478329265909804,-0.32831688585641444,-0.11362078470707138,0.9526036947548575,0.6363636363636364
T127P:Y197R:N206D:N207K,T127P:Y197R:N206D:N207K,4,0.60251239186905,0.2571913235235213,0.13884307289800019,0.13884307289800019,0.8180994200839233,-0.3453210683455287,-0.11834825062552112,0.9519458000180154,0.6
T127P:A174L:N207K:K231R,T127P:A174L:N207K:K231R,4,1.3196332175076966,0.9414074877340877,0.859550608345609,0.859550608345609,0.9222749818213646,-0.37822572977360897,-0.08185687938847859,0.9512942871903636,0.6923076923076923
T127P:A172C:N207K:K231R,T127P:A172C:N207K:K231R,4,1.4656206895913095,1.0891999483071857,1.0084703675256994,1.0084703675256994,0.43923562487578677,-0.3764207412841239,-0.08072958078148637,0.9547282006837113,0.6923076923076923
T127P:A172C:N206D:K231R,T127P:A172C:N206D:K231R,4,1.470531445619311,1.1055832557919607,1.0631135154985312,1.0631135154985312,0.7650483818044729,-0.36494818982735033,-0.04246974029342946,0.9539925836437464,0.6363636363636364
T127P:A172C:Y197R:N206D,T127P:A172C:Y197R:N206D,4,0.5248803048846107,0.20100089234204616,0.11656774913479986,0.11656774913479986,0.5881311839939743,-0.3238794125425645,-0.08443314320724629,0.9526036947548575,0.6666666666666666
T127P:A172C:A174L:K231R,T127P:A172C:A174L:K231R,4,1.341172729833648,0.9917499244205672,0.9750494287178151,0.9750494287178151,0.5448628512820588,-0.3494228054130808,-0.016700495702752113,0.949084249084249,0.42857142857142855
T127P:A172C:A174L:N206D,T127P:A172C:A174L:N206D,4,1.3655948743136488,1.0069840632313365,0.9335577882053219,0.9335577882053219,0.5140306427954244,-0.3586108110823123,-0.07342627502601458,0.9494205474927628,0.6
T127P:S168G:Y197R:K231R,T127P:S168G:Y197R:K231R,4,0.5751839149074635,0.23901052718550464,0.15187371123271853,0.15187371123271853,0.4429213273023486,-0.3361733877219588,-0.08713681595278612,0.9533973455485083,0.6
T127P:S168G:Y197R:N207K,T127P:S168G:Y197R:N207K,4,0.5867021749506217,0.23574135682003727,0.10852631472869426,0.10852631472869426,0.7356713904050994,-0.35096081813058444,-0.12721504209134302,0.9525600368623625,0.6666666666666666
T127P:S168G:A174L:N207K,T127P:S168G:A174L:N207K,4,1.3480470145037762,0.9655029517325826,0.8944462322752772,0.8944462322752772,0.6296047589975688,-0.3825440627711935,-0.07105671945730536,0.9472527472527472,0.5555555555555556
T127P:S168G:A174L:Y197R,T127P:S168G:A174L:Y197R,4,0.5436913640951629,0.23685141603738852,0.16427460828088758,0.16427460828088758,0.6634063980413308,-0.3068399480577744,-0.07257680775650092,0.951161336300304,0.6363636363636364
T127P:N158A:N207K:K231R,T127P:N158A:N207K:K231R,4,1.4719816054712243,1.0738260864152813,1.0028768192692585,1.0028768192692585,0.8256382548557814,-0.39815551905594293,-0.07094926714602287,0.9512121593643332,0.6363636363636364
T127P:N158A:Y197R:K231R,T127P:N158A:Y197R:K231R,4,0.5058639368879005,0.18311209507687126,0.11361859448673912,0.11361859448673912,0.7389403323348991,-0.3227518418110293,-0.06949350059013214,0.9498015873015873,0.5555555555555556
T127P:N158A:A174L:N207K,T127P:N158A:A174L:N207K,4,1.36519914325032,0.9637307024916938,0.9010047816431328,0.9010047816431328,0.3641336500983695,-0.4014684407586263,-0.06272592084856099,0.9471530920060331,0.6
T127P:N158A:A174L:N206D,T127P:N158A:A174L:N206D,4,1.4067362734436188,1.0262389718809017,0.9388101289194781,0.9388101289194781,0.7090318042085385,-0.38049730156271705,-0.08742884296142361,0.9492963177173703,0.6363636363636364
T127P:N158A:A174L:Y197R,T127P:N158A:A174L:Y197R,4,0.534517430284712,0.21606609184663694,0.13012778332563374,0.13012778332563374,0.5169400468862303,-0.31845133843807505,-0.08593830852100319,0.9505796033235057,0.5555555555555556
T127P:N158A:A172C:N206D,T127P:N158A:A172C:N206D,4,1.4513481588875532,1.069726793730376,0.9560438302343645,0.9560438302343645,0.5404350353325329,-0.38162136515717715,-0.11368296349601162,0.9549395533407161,0.6666666666666666
T127P:N158A:S168G:K231R,T127P:N158A:S168G:K231R,4,1.490062437965188,1.0875043866139673,0.9804208923708319,0.9804208923708319,0.969191635033833,-0.40255805135122064,-0.10708349424313542,0.9528427128427128,0.6666666666666666
T127P:N158A:S168G:N207K,T127P:N158A:S168G:N207K,4,1.4964835326646768,1.089809414263729,0.9988860979463048,0.9988860979463048,0.6269156488634832,-0.4066741184009478,-0.09092331631742413,0.9488858363858363,0.6
T127P:N158A:S168G:N206D,T127P:N158A:S168G:N206D,4,1.507915205715027,1.1045714398958344,0.9882375121141749,0.9882375121141749,0.7421193492693646,-0.4033437658191925,-0.11633392778165948,0.9495112272551296,0.6363636363636364
T127P:N158A:S168G:Y197R,T127P:N158A:S168G:Y197R,4,0.5376940114051433,0.19740129105016446,0.10688101127795806,0.10688101127795806,0.55016772694304,-0.3402927203549788,-0.0905202797722064,0.9512148058659686,0.6363636363636364
T127P:N158A:S168G:A172C,T127P:N158A:S168G:A172C,4,1.501122083731905,1.10471372594876,1.0086484828956863,1.0086484828956863,0.5089520364758577,-0.396408357783145,-0.09606524305307379,0.9501776485788114,0.5555555555555556
T127P:F143S:N206D:N207K,T127P:F143S:N206D:N207K,4,0.6007669328589644,0.25702791103989514,0.15735875837642666,0.15735875837642666,0.8704085216587396,-0.3437390218190693,-0.09966915266346847,0.9483311938382541,0.5
T127P:F143S:A174L:N207K,T127P:F143S:A174L:N207K,4,0.5245074770244696,0.21242073708787568,0.13905738726146652,0.13905738726146652,0.7034195378420682,-0.31208673993659397,-0.07336334982640916,0.9464951972691911,0.5555555555555556
T127P:F143S:A174L:Y197R,T127P:F143S:A174L:Y197R,4,0.3035307231472374,0.2204520074537577,0.3311989886240012,0.3311989886240012,0.45868108901727245,-0.08307871569347967,0.11074698117024351,0.9474411009589971,0.5
T127P:F143S:A172C:K231R,T127P:F143S:A172C:K231R,4,0.4777428433437751,0.1493846376721794,0.05585832343689008,0.05585832343689008,0.7029330020112917,-0.3283582056715957,-0.09352631423528933,0.9519051600573339,0.6
T127P:F143S:N158A:N207K,T127P:F143S:N158A:N207K,4,0.5495929396090147,0.19840103828830746,0.10711596014418177,0.10711596014418177,0.5845067749796814,-0.3511919013207072,-0.09128507814412569,0.9481516290726817,0.6
T127P:F143S:N158A:A174L,T127P:F143S:N158A:A174L,4,0.547252427285729,0.22512054965574574,0.1300072108574837,0.1300072108574837,0.584499127952078,-0.32213187762998324,-0.09511333879826203,0.9486640810170222,0.6
L63M:Y197R:N207K:K231R,L63M:Y197R:N207K:K231R,4,0.46879503627373054,0.253021448214631,0.2867333014014669,0.2867333014014669,0.735115596913191,-0.21577358805909955,0.03371185318683592,0.9522831819343447,0.6
L63M:A174L:N206D:N207K,L63M:A174L:N206D:N207K,4,0.9075401521977834,0.5448990302175374,0.48495348747798744,0.48495348747798744,0.6143754345148439,-0.36264112198024606,-0.059945542739549926,0.944943842921784,0.6
L63M:A174L:Y197R:N206D,L63M:A174L:Y197R:N206D,4,0.4552137192226503,0.2614039057488744,0.2884106261085843,0.2884106261085843,0.48806490984528295,-0.19380981347377593,0.027006720359709913,0.9493028030866568,0.6363636363636364
L63M:A172C:A174L:K231R,L63M:A172C:A174L:K231R,4,0.8659657207659539,0.5374096335901688,0.48394296337527365,0.48394296337527365,0.39950043042169503,-0.32855608717578505,-0.05346667021489513,0.9492692729265619,0.6
L63M:S168G:Y197R:K231R,L63M:S168G:Y197R:K231R,4,0.4669044822196124,0.2611348156201877,0.3021078825405673,0.3021078825405673,0.6234759170929408,-0.2057696665994247,0.040973066920379636,0.9541962947435338,0.6363636363636364
L63M:S168G:A174L:K231R,L63M:S168G:A174L:K231R,4,0.9539084878091222,0.6046766570881765,0.5435544628033282,0.5435544628033282,0.5276508726211994,-0.34923183072094566,-0.06112219428484833,0.9528354289754077,0.6923076923076923
L63M:S168G:A174L:N207K,L63M:S168G:A174L:N207K,4,0.9035386989197718,0.5488349412934188,0.5138395540147465,0.5138395540147465,0.487617081145003,-0.35470375762635303,-0.034995387278672296,0.9499864948815601,0.5555555555555556
L63M:S168G:A174L:N206D,L63M:S168G:A174L:N206D,4,0.9636967616718115,0.6016867887917886,0.5477717390795234,0.5477717390795234,0.6051168344052507,-0.3620099728800229,-0.05391504971226525,0.9454474805443241,0.5555555555555556
L63M:S168G:A172C:K231R,L63M:S168G:A172C:K231R,4,0.9890818675884412,0.6069498595801319,0.5169166131941015,0.5169166131941015,0.5307432801472588,-0.38213200800830927,-0.09003324638603043,0.952807405854645,0.6363636363636364
L63M:S168G:A172C:N206D,L63M:S168G:A172C:N206D,4,1.0057910110625472,0.5962116231033812,0.48974646352846024,0.48974646352846024,0.7065657235102554,-0.4095793879591661,-0.1064651595749209,0.9508158508158508,0.6363636363636364
L63M:S168G:A172C:A174L,L63M:S168G:A172C:A174L,4,0.9552117371158064,0.596864838790685,0.5347469532609356,0.5347469532609356,0.658180894403579,-0.35834689832512145,-0.06211788552974944,0.9486942337910773,0.6363636363636364
L63M:N158A:N206D:K231R,L63M:N158A:N206D:K231R,4,0.9787801947693813,0.5963734230467359,0.48884210662684957,0.48884210662684957,0.5889131768462061,-0.38240677172264537,-0.10753131641988631,0.9512474683986312,0.6
L63M:N158A:N206D:N207K,L63M:N158A:N206D:N207K,4,1.0091033417996063,0.622789870601189,0.5508314358963556,0.5508314358963556,0.7393770611058463,-0.38631347119841725,-0.0719584347048333,0.9483129569779121,0.5
L63M:N158A:A174L:Y197R,L63M:N158A:A174L:Y197R,4,0.4607430962438367,0.2312434975079837,0.23844435906935052,0.23844435906935052,0.7323879765263548,-0.229499598735853,0.00720086156136682,0.953555469065329,0.6363636363636364
L63M:N158A:A172C:A174L,L63M:N158A:A172C:A174L,4,0.9108000167004671,0.545299295350587,0.3960743450899277,0.3960743450899277,0.7225961659890248,-0.3655007213498801,-0.14922495026065924,0.9492353593322029,0.5555555555555556
L63M:N158A:S168G:N207K,L63M:N158A:S168G:N207K,4,0.9929851667118859,0.609625010160529,0.4994420296451062,0.4994420296451062,0.6560476898375476,-0.38336015655135697,-0.11018298051542277,0.9523674472625124,0.6666666666666666
L63M:N158A:S168G:N206D,L63M:N158A:S168G:N206D,4,0.9992326409571888,0.5883361276144554,0.47858774993739234,0.47858774993739234,0.45571469973942624,-0.41089651334273336,-0.10974837767706308,0.9495817245817245,0.5555555555555556
L63M:N158A:S168G:A172C,L63M:N158A:S168G:A172C,4,0.9698582495112151,0.5686240407348968,0.46663075569104107,0.46663075569104107,0.7337988173743571,-0.4012342087763184,-0.10199328504385573,0.9503427128427129,0.6363636363636364
L63M:F143S:N207K:K231R,L63M:F143S:N207K:K231R,4,0.5266657874464682,0.3212161925823422,0.36201133005996955,0.36201133005996955,0.521980999491817,-0.205449594864126,0.040795137477627356,0.9523268398268399,0.6
L63M:F143S:N206D:K231R,L63M:F143S:N206D:K231R,4,0.510565330395695,0.30409559203947645,0.36147678724465315,0.36147678724465315,0.7009096006159881,-0.2064697383562185,0.05738119520517669,0.9507586956537608,0.6363636363636364
L63M:F143S:Y197R:K231R,L63M:F143S:Y197R:K231R,4,0.5546961479634506,0.6818624130450052,1.11891355229604,1.11891355229604,0.4733415951448584,0.12716626508155457,0.437051139251035,0.9530085204256407,0.6666666666666666
L63M:F143S:A174L:N206D,L63M:F143S:A174L:N206D,4,0.5427251375987798,0.3652592652628799,0.4684267344566682,0.4684267344566682,0.703482315686047,-0.17746587233589994,0.10316746919378834,0.9476526971568011,0.6
L63M:F143S:A172C:N206D,L63M:F143S:A172C:N206D,4,0.43939526489394376,0.21921292723849606,0.20800559892454362,0.20800559892454362,0.674877049041392,-0.2201823376554477,-0.011207328313952446,0.9493969678180204,0.5
L63M:F143S:S168G:N206D,L63M:F143S:S168G:N206D,4,0.5420060036060773,0.3167035119080364,0.35507123743879604,0.35507123743879604,0.47201906901616986,-0.2253024916980409,0.03836772553075961,0.9506802534241559,0.6363636363636364
L63M:F143S:S168G:A172C,L63M:F143S:S168G:A172C,4,0.5092809282334709,0.28069989191499956,0.28081662441008165,0.28081662441008165,0.7052072609663168,-0.22858103631847138,0.00011673249508210985,0.9489452798663325,0.6363636363636364
L63M:F143S:N158A:Y197R,L63M:F143S:N158A:Y197R,4,0.5108307012275766,0.6105280082411911,1.00262923776672,1.00262923776672,0.7348385999114516,0.0996973070136146,0.3921012295255289,0.9552259965633826,0.6666666666666666
L63M:T127P:A174L:K231R,L63M:T127P:A174L:K231R,4,0.9988024337118431,0.6305899178201947,0.5559656666342435,0.5559656666342435,0.6208265023601203,-0.3682125158916484,-0.07462425118595119,0.9532940489462228,0.6363636363636364
L63M:T127P:N158A:A172C,L63M:T127P:N158A:A172C,4,0.9487111317768347,0.5556899629774963,0.41670794911909553,0.41670794911909553,0.6210462075429886,-0.39302116879933846,-0.13898201385840075,0.9540917899929529,0.6363636363636364
L63M:T127P:N158A:S168G,L63M:T127P:N158A:S168G,4,1.0235280544828564,0.612374590492812,0.4943422274018205,0.4943422274018205,0.45772042830926163,-0.41115346399004454,-0.11803236309099145,0.9503833202783855,0.6
L63M:T127P:F143S:K231R,L63M:T127P:F143S:K231R,4,0.5271684033888592,0.3206242592758768,0.40315639671400194,0.40315639671400194,0.6880607981583653,-0.20654414411298236,0.08253213743812514,0.9519841269841269,0.6
L63M:T127P:F143S:A172C,L63M:T127P:F143S:A172C,4,0.49956543784187335,0.30194844140451194,0.3703799186867462,0.3703799186867462,0.6157445733659335,-0.19761699643736141,0.06843147728223424,0.9490215924426451,0.5555555555555556
L63M:T127P:F143S:S168G,L63M:T127P:F143S:S168G,4,0.5950519158738443,0.38740731229332354,0.4163620341268602,0.4163620341268602,0.42988708871110454,-0.20764460358052078,0.028954721833536635,0.9503048780487805,0.6363636363636364
V45A:Y197R:N207K:K231R,V45A:Y197R:N207K:K231R,4,0.43853434286719495,0.17796788152082543,0.17159685846668749,0.17159685846668749,0.7371868541956332,-0.2605664613463695,-0.0063710230541379476,0.9516636141636141,0.6
V45A:Y197R:N206D:K231R,V45A:Y197R:N206D:K231R,4,0.46306058915120696,0.20853249828854492,0.18038777586231008,0.18038777586231008,0.6463785978558891,-0.25452809086266204,-0.028144722426234843,0.9521820149853517,0.6666666666666666
V45A:A174L:Y197R:K231R,V45A:A174L:Y197R:K231R,4,0.27402159569715523,0.03180119716705268,0.08540174822146741,0.08540174822146741,0.689854405866233,-0.24222039853010255,0.05360055105441473,0.9511136389169756,0.6363636363636364
V45A:A172C:N206D:K231R,V45A:A172C:N206D:K231R,4,1.3089176882167153,1.0040213143590082,0.9824735943351348,0.9824735943351348,0.5662159023920741,-0.304896373857707,-0.021547720023873392,0.9519404690916319,0.6363636363636364
V45A:A172C:N206D:N207K,V45A:A172C:N206D:N207K,4,1.3206286071717495,0.9815010746474043,0.9291494782688787,0.9291494782688787,0.2987901556206835,-0.33912753252434513,-0.052351596378525635,0.9499542124542124,0.6
V45A:N158A:Y197R:K231R,V45A:N158A:Y197R:K231R,4,0.4729958959019275,0.20759592651771602,0.1423709555338747,0.1423709555338747,0.5983082531028888,-0.26539996938421145,-0.06522497098384133,0.9490895800106326,0.5555555555555556
V45A:N158A:A174L:K231R,V45A:N158A:A174L:K231R,4,1.1655903860821082,0.8422875773275565,0.8568545175066878,0.8568545175066878,0.7564232927337803,-0.32330280875455164,0.014566940179131281,0.9494205474927628,0.6
V45A:N158A:A174L:N207K,V45A:N158A:A174L:N207K,4,1.1242520707661443,0.7975406647412426,0.8341104640224236,0.8341104640224236,0.7853911041107522,-0.32671140602490173,0.036569799281181016,0.9503978124019163,0.6
V45A:N158A:A174L:N206D,V45A:N158A:A174L:N206D,4,1.1925819480757136,0.887566799341748,0.9183812242037032,0.9183812242037032,0.5785794829723724,-0.3050151487339657,0.030814424861955212,0.9484953031464659,0.6
V45A:N158A:A172C:K231R,V45A:N158A:A172C:K231R,4,1.3335954112808297,1.024833474073191,0.9657820952946721,0.9657820952946721,0.8989738293663887,-0.30876193720763856,-0.05905137877851891,0.95139116935845,0.6
V45A:N158A:S168G:N207K,V45A:N158A:S168G:N207K,4,1.3808763151353758,1.050119855384737,1.0165295563507042,1.0165295563507042,0.794773143633957,-0.3307564597506388,-0.03359029903403297,0.9514046744768898,0.6
V45A:N158A:S168G:N206D,V45A:N158A:S168G:N206D,4,1.4191007353019964,1.0953008092682963,1.0707853442646615,1.0707853442646615,0.5743822166052138,-0.32379992603370006,-0.02451546500363469,0.9496168305378831,0.5
V45A:N158A:S168G:Y197R,V45A:N158A:S168G:Y197R,4,0.5068794836827742,0.23252266888628714,0.17638029406511313,0.17638029406511313,0.8091169720359973,-0.2743568147964871,-0.056142374821174,0.9527511961722488,0.6
V45A:N158A:S168G:A174L,V45A:N158A:S168G:A174L,4,1.2158687331608065,0.8865738311206532,0.8723220506549287,0.8723220506549287,0.49188782785202584,-0.3292949020401532,-0.01425178046572452,0.9516554399715578,0.6363636363636364
V45A:F143S:N206D:K231R,V45A:F143S:N206D:K231R,4,0.4398092302458456,0.17226835670636198,0.1322496081222439,0.1322496081222439,0.9009522142993902,-0.26754087353948364,-0.04001874858411808,0.9519928218878871,0.6363636363636364
V45A:F143S:Y197R:K231R,V45A:F143S:Y197R:K231R,4,0.15231272168728544,0.08269067387620775,0.18611009924025268,0.18611009924025268,1.0989540240125149,-0.06962204781107768,0.10341942536404491,0.9508564582515234,0.5555555555555556
V45A:F143S:A174L:N207K,V45A:F143S:A174L:N207K,4,0.26146926884982613,-0.0033031060127237666,0.06929140123928346,0.06929140123928346,0.738342446107368,-0.2647723748625499,0.07259450725200722,0.9517883908616174,0.6666666666666666
V45A:F143S:A174L:N206D,V45A:F143S:A174L:N206D,4,0.3004685086418832,0.034821608868984666,0.05091130515826145,0.05091130515826145,0.6022164960741941,-0.2656468997728985,0.01608969628927678,0.9478269537480064,0.5555555555555556
V45A:F143S:A174L:Y197R,V45A:F143S:A174L:Y197R,4,0.12528520477952593,0.08777646260414053,0.2171450666345296,0.2171450666345296,0.6477216365408127,-0.0375087421753854,0.12936860403038905,0.9506195233577049,0.5
V45A:F143S:A172C:Y197R,V45A:F143S:A172C:Y197R,4,0.1442387829491087,0.0889103008004188,0.22418927199358984,0.22418927199358984,0.687111855319995,-0.05532848214868989,0.13527897119317103,0.950780145675211,0.6
V45A:F143S:S168G:Y197R,V45A:F143S:S168G:Y197R,4,0.19718453649070708,0.11815527677967413,0.27495887639721006,0.27495887639721006,0.8249592246883319,-0.07902925971103295,0.15680359961753595,0.952908572803638,0.6363636363636364
V45A:F143S:N158A:N206D,V45A:F143S:N158A:N206D,4,0.47270316581185623,0.2087056863398017,0.15676315739925933,0.15676315739925933,0.5428359002676801,-0.26399747947205454,-0.051942528940542354,0.954687028088191,0.6923076923076923
V45A:F143S:N158A:A172C,V45A:F143S:N158A:A172C,4,0.4442519631298006,0.19304623250231728,0.18241425292543165,0.18241425292543165,0.7497735860480554,-0.2512057306274833,-0.01063197957688564,0.9546996124031009,0.6363636363636364
V45A:T127P:N206D:N207K,V45A:T127P:N206D:N207K,4,1.392521015161552,1.0225340236988756,0.9300997945836971,0.9300997945836971,0.6250289102308332,-0.36998699146267633,-0.09243422911517853,0.9487010796221322,0.5555555555555556
V45A:T127P:Y197R:N207K,V45A:T127P:Y197R:N207K,4,0.49773095089574243,0.19169492515272474,0.1321477042323539,0.1321477042323539,0.47611688087498033,-0.3060360257430177,-0.05954722092037083,0.9531204906204906,0.6363636363636364
V45A:T127P:A174L:K231R,V45A:T127P:A174L:K231R,4,1.1795373769610242,0.8109222040898116,0.6952745733444616,0.6952745733444616,0.8008203621226965,-0.36861517287121265,-0.11564763074535003,0.9491064491064491,0.6
V45A:T127P:A174L:N207K,V45A:T127P:A174L:N207K,4,1.1191771249170777,0.7241096477070239,0.5636348066806888,0.5636348066806888,0.6168069743678348,-0.3950674772100538,-0.16047484102633516,0.9519522144522145,0.6363636363636364
V45A:T127P:A174L:N206D,V45A:T127P:A174L:N206D,4,1.1900285729058633,0.8288249281530327,0.7732302292530308,0.7732302292530308,0.9446205934791974,-0.3612036447528306,-0.05559469890000188,0.9475064409274936,0.6363636363636364
V45A:T127P:A172C:Y197R,V45A:T127P:A172C:Y197R,4,0.4939370331763753,0.1998422071051681,0.10883928274142836,0.10883928274142836,0.5947349822412235,-0.2940948260712072,-0.09100292436373973,0.9550505050505051,0.6363636363636364
V45A:T127P:S168G:K231R,V45A:T127P:S168G:K231R,4,1.4386356674333804,1.0916914256666637,1.0206324086697007,1.0206324086697007,0.5300235721860781,-0.34694424176671673,-0.07105901699696286,0.9509387009387009,0.6
V45A:T127P:S168G:A174L,V45A:T127P:S168G:A174L,4,1.239464820273875,0.8799787663771912,0.8430297383739382,0.8430297383739382,0.8268770349728379,-0.3594860538966838,-0.036949028003252955,0.9509387009387009,0.6666666666666666
V45A:T127P:N158A:K231R,V45A:T127P:N158A:K231R,4,1.4074175457305786,1.0588034748666668,1.0102592995200699,1.0102592995200699,0.9776096501619533,-0.34861407086391183,-0.048544175346596836,0.9496168305378831,0.5
V45A:T127P:N158A:N207K,V45A:T127P:N158A:N207K,4,1.4091727342004507,1.0500266740599096,0.9945667680549586,0.9945667680549586,0.672975997044026,-0.35914606014054107,-0.05545990600495099,0.950595238095238,0.6363636363636364
V45A:T127P:N158A:S168G,V45A:T127P:N158A:S168G,4,1.4634331192408023,1.1092575214347724,1.0221353104282798,1.0221353104282798,0.677938839702952,-0.3541755978060299,-0.0871222110064927,0.9469397028607555,0.6
V45A:T127P:F143S:K231R,V45A:T127P:F143S:K231R,4,0.47644927365214773,0.17653954610782274,0.10096956463961737,0.10096956463961737,0.49075853669705477,-0.299909727544325,-0.07556998146820537,0.9498936854659008,0.6
V45A:T127P:F143S:A174L,V45A:T127P:F143S:A174L,4,0.4050298020884538,0.13175136599260723,0.13308163996602465,0.13308163996602465,0.5866590678227197,-0.27327843609584657,0.0013302739734174145,0.9476146918097382,0.6
V45A:T127P:F143S:A172C,V45A:T127P:F143S:A172C,4,0.4783148871230144,0.19381992106593243,0.15552377414998894,0.15552377414998894,0.49027377128207017,-0.28449496605708197,-0.038296146915943484,0.9510300491022645,0.6363636363636364
V45A:T127P:F143S:S168G,V45A:T127P:F143S:S168G,4,0.5434530741849461,0.24447751988333222,0.20295824383965894,0.20295824383965894,0.5049120321558503,-0.29897555430161393,-0.041519276043673295,0.9478117958840113,0.5555555555555556
V45A:L63M:N206D:N207K,V45A:L63M:N206D:N207K,4,0.8452964680545153,0.46056390337004677,0.304598454483208,0.304598454483208,0.6731604527061291,-0.38473256468446854,-0.1559654488868388,0.9493589743589743,0.6363636363636364
V45A:L63M:Y197R:K231R,V45A:L63M:Y197R:K231R,4,0.32795676186716244,0.13021887070809132,0.16012668806164973,0.16012668806164973,0.4609392230227808,-0.19773789115907112,0.029907817353558398,0.9526162790697674,0.6363636363636364
V45A:L63M:Y197R:N207K,V45A:L63M:Y197R:N207K,4,0.34013367260568306,0.1382940795906087,0.17490570492825694,0.17490570492825694,0.5209136746132906,-0.20183959301507437,0.036611625337648245,0.9539925836437464,0.6
V45A:L63M:Y197R:N206D,V45A:L63M:Y197R:N206D,4,0.33120945317864015,0.12973297559323868,0.14981690750791338,0.14981690750791338,0.4787220308980442,-0.20147647758540146,0.020083931914674696,0.9514185169657561,0.6363636363636364
V45A:L63M:A174L:N206D,V45A:L63M:A174L:N206D,4,0.6856936559896243,0.32422031529370043,0.2602676855489868,0.2602676855489868,0.5673490230733661,-0.36147334069592385,-0.0639526297447136,0.9434332007861419,0.42857142857142855
V45A:L63M:A172C:A174L,V45A:L63M:A172C:A174L,4,0.6768526472390612,0.3406005629708817,0.2918185209520693,0.2918185209520693,0.8872455642855318,-0.33625208426817954,-0.04878204201881243,0.948025185029289,0.5
V45A:L63M:S168G:K231R,V45A:L63M:S168G:K231R,4,0.8888794304972236,0.5461954164197768,0.5015081436315841,0.5015081436315841,0.38744451084812276,-0.34268401407744686,-0.04468727278819265,0.952908572803638,0.5
V45A:L63M:S168G:Y197R,V45A:L63M:S168G:Y197R,4,0.37442267109795263,0.1706862492579867,0.22882900001639747,0.22882900001639747,0.48269979960714987,-0.20373642183996593,0.05814275075841078,0.9542341295374662,0.6666666666666666
V45A:L63M:S168G:A174L,V45A:L63M:S168G:A174L,4,0.7379227704534946,0.3769947831843053,0.3241361862427102,0.3241361862427102,0.609781603461762,-0.36092798726918934,-0.052858596941595136,0.9517159669598694,0.6923076923076923
V45A:L63M:N158A:K231R,V45A:L63M:N158A:K231R,4,0.8439522203256209,0.49653022129254365,0.4252672859574024,0.4252672859574024,0.7523648621318938,-0.34742199903307724,-0.0712629353351413,0.9521983252705407,0.6363636363636364
V45A:L63M:N158A:Y197R,V45A:L63M:N158A:Y197R,4,0.3430327408660519,0.13859391629816337,0.19453657836661675,0.19453657836661675,0.639147235116618,-0.20443882456788853,0.05594266206845337,0.9539925836437464,0.6
V45A:L63M:N158A:S168G,V45A:L63M:N158A:S168G,4,0.9029010190516353,0.5447294297597003,0.4318116189592078,0.4318116189592078,0.584810237056385,-0.3581715892919351,-0.11291781080049251,0.9511278195488722,0.6363636363636364
V45A:L63M:F143S:S168G,V45A:L63M:F143S:S168G,4,0.4523337447521556,0.24748230104953028,0.2884895951863233,0.2884895951863233,0.3977046953129201,-0.2048514437026253,0.04100729413679301,0.9534514581026209,0.6363636363636364
V45A:L63M:F143S:N158A,V45A:L63M:F143S:N158A,4,0.4008186275774342,0.18526531304627553,0.20559054260126403,0.20559054260126403,0.7932182696245014,-0.21555331453115867,0.02032522955498849,0.9555697278911565,0.6923076923076923
V45A:L63M:T127P:N206D,V45A:L63M:T127P:N206D,4,0.9122569883974554,0.5357694619629012,0.4083375796528185,0.4083375796528185,0.6471040831757935,-0.37648752643455413,-0.12743188231008268,0.9479700854700854,0.6
V45A:L63M:T127P:A174L,V45A:L63M:T127P:A174L,4,0.8040332846536571,0.4439029509313699,0.35105844916950973,0.35105844916950973,0.6982939429382321,-0.3601303337222872,-0.09284450176186017,0.9514110889110889,0.6666666666666666
V45A:L63M:T127P:S168G,V45A:L63M:T127P:S168G,4,0.9785188433345353,0.6071860544771094,0.4752916327108818,0.4752916327108818,0.5282090304098045,-0.37133278885742593,-0.1318944217662276,0.9498866026305051,0.6363636363636364
V45A:L63M:T127P:N158A,V45A:L63M:T127P:N158A,4,0.9095108412821056,0.5399163171786254,0.4217201692106817,0.4217201692106817,0.6508922850381023,-0.3695945241034801,-0.11819614796794373,0.9514673311184939,0.6
V45A:L63M:T127P:F143S,V45A:L63M:T127P:F143S,4,0.47037519432540886,0.26607882399381455,0.2970791879704156,0.2970791879704156,0.596089202056266,-0.20429637033159434,0.03100036397660104,0.949937343358396,0.6363636363636364
D20N:Y197R:N206D:N207K,D20N:Y197R:N206D:N207K,4,0.5937721970530949,0.2593116458359932,0.1614803085772072,0.1614803085772072,0.6292398000534545,-0.3344605512171017,-0.097831337258786,0.9504889235611389,0.6
D20N:A174L:N207K:K231R,D20N:A174L:N207K:K231R,4,1.2935551861031973,0.9139859107533571,0.8697031147564788,0.8697031147564788,0.6695812011174388,-0.3795692753498402,-0.04428279599687839,0.9502567394094993,0.6
D20N:A174L:N206D:N207K,D20N:A174L:N206D:N207K,4,1.3139889346108165,0.9274932929313354,0.8080894292635281,0.8080894292635281,0.7288575843909469,-0.38649564167948103,-0.11940386366780736,0.9436907100897038,0.6363636363636364
D20N:A172C:Y197R:K231R,D20N:A172C:Y197R:K231R,4,0.500464926086031,0.2068882101244503,0.15233525256543057,0.15233525256543057,0.8883340115913732,-0.2935767159615807,-0.05455295755901972,0.9534253686692711,0.6666666666666666
D20N:A172C:Y197R:N207K,D20N:A172C:Y197R:N207K,4,0.5645271935393454,0.2541697974953184,0.20056298542791587,0.20056298542791587,0.6935502391505496,-0.31035739604402707,-0.0536068120674025,0.9511143144304323,0.6
D20N:A172C:Y197R:N206D,D20N:A172C:Y197R:N206D,4,0.502733838950407,0.19038889634170453,0.1441288342188534,0.1441288342188534,0.8383108908498,-0.3123449426087025,-0.04626006212285113,0.9508699633699633,0.6
D20N:S168G:N207K:K231R,D20N:S168G:N207K:K231R,4,1.485174963917334,1.098640670837347,1.0199255392033204,1.0199255392033204,0.35763493196495594,-0.3865342930799869,-0.07871513163402655,0.9503833202783855,0.5555555555555556
D20N:S168G:N206D:K231R,D20N:S168G:N206D:K231R,4,1.5121590816252373,1.1329442033779347,1.061067464389983,1.061067464389983,0.5811738219241596,-0.3792148782473026,-0.07187673898795166,0.9522890050329075,0.6666666666666666
D20N:S168G:N206D:N207K,D20N:S168G:N206D:N207K,4,1.4977553532991261,1.0944599281622898,1.0216742732398194,1.0216742732398194,0.41612927264202054,-0.4032954251368363,-0.07278565492247044,0.9494675693626345,0.6363636363636364
D20N:S168G:Y197R:N207K,D20N:S168G:Y197R:N207K,4,0.5567607341617175,0.21388707237203752,0.13830963740182983,0.13830963740182983,0.5359557556665526,-0.34287366178967993,-0.07557743497020768,0.9506870115251844,0.6
D20N:S168G:A174L:N207K,D20N:S168G:A174L:N207K,4,1.2859933682639966,0.8874964620529175,0.807213637669125,0.807213637669125,0.42878532982234685,-0.3984969062110791,-0.08028282438379257,0.9458469892680419,0.5555555555555556
D20N:S168G:A174L:N206D,D20N:S168G:A174L:N206D,4,1.3361002368934125,0.9700437985631098,0.9166178480434558,0.9166178480434558,0.4908101384331236,-0.36605643833030266,-0.05342595051965401,0.9451269677238113,0.42857142857142855
D20N:S168G:A172C:N206D,D20N:S168G:A172C:N206D,4,1.4681574269132567,1.0754134142217893,0.957280303476875,0.957280303476875,0.6604790089778775,-0.39274401269146736,-0.11813311074491424,0.9514256069134117,0.6363636363636364
D20N:N158A:N206D:K231R,D20N:N158A:N206D:K231R,4,1.5001852582726891,1.1322489655973789,1.0593826569796574,1.0593826569796574,0.7687839982850501,-0.3679362926753102,-0.07286630861772152,0.9502747252747252,0.5555555555555556
D20N:N158A:Y197R:K231R,D20N:N158A:Y197R:K231R,4,0.5302866955074643,0.2074678605273051,0.10962042016553397,0.10962042016553397,0.7485518714959557,-0.32281883498015923,-0.09784744036177112,0.9501064653503677,0.6
D20N:N158A:A174L:N206D,D20N:N158A:A174L:N206D,4,1.3842724577499763,1.0228661824709904,0.9525344258018363,0.9525344258018363,0.6938831301775393,-0.36140627527898606,-0.07033175666915399,0.9474579700548136,0.6363636363636364
D20N:N158A:A174L:Y197R,D20N:N158A:A174L:Y197R,4,0.5266870996809544,0.22345209460842086,0.14078066630723568,0.14078066630723568,0.541436464568244,-0.30323500507253354,-0.08267142830118519,0.951204994192799,0.6
D20N:N158A:A172C:K231R,D20N:N158A:A172C:K231R,4,1.4303395577395714,1.0581939750530902,0.9848055128829374,0.9848055128829374,0.6728118415414162,-0.3721455826864813,-0.07338846217015278,0.9522890050329075,0.6
D20N:N158A:A172C:N207K,D20N:N158A:A172C:N207K,4,1.4893046598492166,1.1002267201351037,0.9914212764940369,0.9914212764940369,0.5478818867285249,-0.389077939714113,-0.10880544364106683,0.9485954763393787,0.5555555555555556
D20N:N158A:S168G:A172C,D20N:N158A:S168G:A172C,4,1.4767648642357254,1.090400394365966,1.00126951413557,1.00126951413557,0.35966957151866724,-0.38636446986975936,-0.08913088023039578,0.9503048780487805,0.5555555555555556
D20N:F143S:N206D:K231R,D20N:F143S:N206D:K231R,4,0.541160750966603,0.22276733952049438,0.12222476346454586,0.12222476346454586,0.7948357744724156,-0.3183934114461086,-0.10054257605594852,0.9520490640952921,0.6363636363636364
D20N:F143S:Y197R:K231R,D20N:F143S:Y197R:K231R,4,0.2102977848072664,0.11981892637193144,0.2794042672107696,0.2794042672107696,0.8046444332386568,-0.09047885843533497,0.15958534083883816,0.9514516963467615,0.6
D20N:F143S:A174L:N207K,D20N:F143S:A174L:N207K,4,0.4958821820824745,0.19408823382260681,0.1630306359487162,0.1630306359487162,0.41819886448915733,-0.30179394825986766,-0.03105759787389061,0.946915365336418,0.5555555555555556
D20N:F143S:A172C:N206D,D20N:F143S:A172C:N206D,4,0.4794863497548624,0.1473355127811905,0.06638251375270789,0.06638251375270789,0.6277501612253291,-0.33215083697367187,-0.08095299902848262,0.95253570718687,0.6923076923076923
D20N:F143S:S168G:K231R,D20N:F143S:S168G:K231R,4,0.5369448296151476,0.21601542864981887,0.1153139691586382,0.1153139691586382,0.44001800342935404,-0.3209294009653287,-0.10070145949118067,0.9528927697149852,0.6
D20N:F143S:S168G:N207K,D20N:F143S:S168G:N207K,4,0.5668269415207471,0.224989019611829,0.1457116541951215,0.1457116541951215,0.24601861329952124,-0.3418379219089181,-0.07927736541670749,0.9464723801373351,0.5555555555555556
D20N:F143S:S168G:N206D,D20N:F143S:S168G:N206D,4,0.5336925841259139,0.19410367116532856,0.08246077050067284,0.08246077050067284,0.5633842204300242,-0.33958891296058535,-0.11164290066465572,0.9508239543839747,0.6666666666666666
D20N:F143S:S168G:A172C,D20N:F143S:S168G:A172C,4,0.5253779000255813,0.18892025472277457,0.10101622354910689,0.10101622354910689,0.5276988440498925,-0.3364576453028067,-0.08790403117366768,0.9484565071214621,0.5
D20N:F143S:N158A:N207K,D20N:F143S:N158A:N207K,4,0.5720703425288682,0.2366314726096979,0.12126809333518869,0.12126809333518869,0.3557302032015365,-0.3354388699191703,-0.11536337927450922,0.9457875457875458,0.5555555555555556
D20N:F143S:N158A:N206D,D20N:F143S:N158A:N206D,4,0.515130853770247,0.18447040728327396,0.10710670897816649,0.10710670897816649,0.4117320649003895,-0.33066044648697307,-0.07736369830510748,0.951103160405486,0.5555555555555556
D20N:F143S:N158A:Y197R,D20N:F143S:N158A:Y197R,4,0.19605780996292976,0.09321270328453893,0.23333896599252268,0.23333896599252268,0.8041460613243003,-0.10284510667839084,0.14012626270798376,0.9505494505494505,0.5
D20N:T127P:N206D:N207K,D20N:T127P:N206D:N207K,4,1.540794338088381,1.1430203946274302,1.0743015684941228,1.0743015684941228,0.773500633261271,-0.39777394346095074,-0.0687188261333073,0.9482279416489943,0.5555555555555556
D20N:T127P:Y197R:K231R,D20N:T127P:Y197R:K231R,4,0.5698171263445826,0.2352238625507299,0.13236042155857608,0.13236042155857608,0.8404451689693891,-0.3345932637938527,-0.10286344099215383,0.9523133347084,0.6666666666666666
D20N:T127P:A174L:K231R,D20N:T127P:A174L:K231R,4,1.4089354202724018,1.0369684443234006,0.9930821968791654,0.9930821968791654,0.6693172144159683,-0.37196697594900124,-0.0438862474442352,0.9497318399757424,0.5555555555555556
D20N:T127P:A174L:N207K,D20N:T127P:A174L:N207K,4,1.3745435042921268,0.9707308934620802,0.9002657924448068,0.9002657924448068,0.7020041240649393,-0.40381261083004655,-0.07046510101727338,0.9482279416489943,0.6363636363636364
D20N:T127P:A174L:N206D,D20N:T127P:A174L:N206D,4,1.4033668122369707,1.038339483439794,0.989379210457333,0.989379210457333,1.051154658740039,-0.3650273287971767,-0.04896027298246105,0.9443584451324389,0.5
D20N:T127P:A172C:Y197R,D20N:T127P:A172C:Y197R,4,0.5529026477109151,0.21575832660661742,0.11519066317709102,0.11519066317709102,0.7732382504294871,-0.3371443211042977,-0.1005676634295264,0.9544653968825172,0.6363636363636364
D20N:T127P:S168G:K231R,D20N:T127P:S168G:K231R,4,1.5389713301779246,1.1382905871048279,1.046131333683091,1.046131333683091,0.47143180702746534,-0.4006807430730967,-0.09215925342173689,0.9518544518544518,0.6363636363636364
D20N:T127P:S168G:N207K,D20N:T127P:S168G:N207K,4,1.5268315122147709,1.113185102778956,0.9919386448581156,0.9919386448581156,0.4504446087777295,-0.4136464094358148,-0.1212464579208405,0.9478723228723228,0.6363636363636364
D20N:T127P:S168G:A174L,D20N:T127P:S168G:A174L,4,1.4308337354863683,1.0596153624121711,0.9962346546049248,0.9962346546049248,0.6968367687418112,-0.37121837307419714,-0.06338070780724642,0.9469565719565719,0.5
D20N:T127P:N158A:K231R,D20N:T127P:N158A:K231R,4,1.4868585038116406,1.0875416277882992,1.0029513810485233,1.0029513810485233,0.603783248833135,-0.39931687602334137,-0.08459024673977583,0.9523268398268399,0.6666666666666666
D20N:T127P:N158A:N207K,D20N:T127P:N158A:N207K,4,1.5145820283451839,1.103016981742094,0.9984865742131692,0.9984865742131692,0.4101556854214473,-0.41156504660308973,-0.1045304075289249,0.9502747252747252,0.6363636363636364
D20N:T127P:N158A:Y197R,D20N:T127P:N158A:Y197R,4,0.5367451358341154,0.19636592167164701,0.12473028765128422,0.12473028765128422,1.0457287310078132,-0.3403792141624684,-0.0716356340203628,0.952062569213732,0.6363636363636364
D20N:T127P:N158A:A174L,D20N:T127P:N158A:A174L,4,1.4388669533291962,1.0453444196150645,0.9279945699591621,0.9279945699591621,0.570535873552047,-0.39352253371413176,-0.1173498496559024,0.9485954763393787,0.6363636363636364
D20N:T127P:F143S:N207K,D20N:T127P:F143S:N207K,4,0.6073080129219678,0.25567828804508247,0.13722484755502207,0.13722484755502207,0.5418481100915826,-0.3516297248768853,-0.1184534404900604,0.9478311162521689,0.6363636363636364
D20N:T127P:F143S:A174L,D20N:T127P:F143S:A174L,4,0.5761982761519093,0.26388087428545226,0.23311742752766598,0.23311742752766598,0.42093750351007814,-0.31231740186645707,-0.030763446757786275,0.9457642031171443,0.5
D20N:T127P:F143S:S168G,D20N:T127P:F143S:S168G,4,0.5855591676815677,0.24212140211841676,0.11420053389986096,0.11420053389986096,0.5306205112567235,-0.3434377655631509,-0.1279208682185558,0.9466191900402426,0.5
D20N:L63M:N207K:K231R,D20N:L63M:N207K:K231R,4,1.0221509000709217,0.621470732514525,0.4978527033454704,0.4978527033454704,0.5255364348027778,-0.4006801675563966,-0.12361802916905462,0.9495843266703343,0.5
D20N:L63M:Y197R:N207K,D20N:L63M:Y197R:N207K,4,0.48590023960718,0.2521932238389783,0.2958034847106948,0.2958034847106948,0.6551233114680225,-0.2337070157682017,0.04361026087171648,0.9514510089452881,0.6
D20N:L63M:A174L:N207K,D20N:L63M:A174L:N207K,4,0.9162524878563789,0.5348705144341608,0.4564758234692003,0.4564758234692003,0.902103552959217,-0.3813819734222182,-0.07839469096496048,0.947890559732665,0.6363636363636364
D20N:L63M:A174L:N206D,D20N:L63M:A174L:N206D,4,0.9398915969961759,0.5814284215686654,0.5707475083207442,0.5707475083207442,0.5541912044683325,-0.35846317542751044,-0.010680913247921245,0.9415478312537136,0.42857142857142855
D20N:L63M:A172C:N206D,D20N:L63M:A172C:N206D,4,0.9496843205668971,0.5564309934565597,0.4373818136347758,0.4373818136347758,0.640909694651972,-0.3932533271103375,-0.11904917982178385,0.947579552230715,0.5555555555555556
D20N:L63M:A172C:A174L,D20N:L63M:A172C:A174L,4,0.9271374774980414,0.5866718609494723,0.5345463081355375,0.5345463081355375,0.7207051100603612,-0.34046561654856916,-0.05212555281393485,0.9462638082679122,0.5
D20N:L63M:S168G:K231R,D20N:L63M:S168G:K231R,4,1.0300747949172118,0.6559504430195836,0.5673817733707278,0.5673817733707278,0.46522289663360744,-0.37412435189762816,-0.08856866964885583,0.9516311102960653,0.5555555555555556
D20N:L63M:S168G:Y197R,D20N:L63M:S168G:Y197R,4,0.4561917739368939,0.22649531388702906,0.2522315358849794,0.2522315358849794,0.6254435120875768,-0.22969646004986485,0.025736221997950302,0.956511460581766,0.6923076923076923
D20N:L63M:N158A:A174L,D20N:L63M:N158A:A174L,4,0.9644755167154594,0.5763831289450059,0.4121413622094018,0.4121413622094018,0.7365897908697703,-0.38809238777045346,-0.16424176673560412,0.9498161053039101,0.5555555555555556
D20N:L63M:F143S:K231R,D20N:L63M:F143S:K231R,4,0.5033916422745166,0.29744838348909153,0.3771666983829521,0.3771666983829521,0.5162487605690598,-0.20594325878542505,0.07971831489386057,0.9521983252705407,0.6
D20N:L63M:T127P:N206D,D20N:L63M:T127P:N206D,4,1.0381455738305359,0.6401842550303642,0.5505912632722615,0.5505912632722615,0.7237681227551136,-0.3979613188001716,-0.0895929917581028,0.9456390831390831,0.5
D20N:L63M:T127P:A172C,D20N:L63M:T127P:A172C,4,1.0224535000201758,0.6333900235245662,0.480826765432674,0.480826765432674,0.47912749450368874,-0.38906347649560963,-0.15256325809189217,0.9527337951509154,0.6666666666666666
D20N:L63M:T127P:S168G,D20N:L63M:T127P:S168G,4,1.0824381046490017,0.6730900126768984,0.5279921261762133,0.5279921261762133,0.46294973495993474,-0.40934809197210326,-0.14509788650068517,0.9506802534241559,0.6666666666666666
D20N:L63M:T127P:F143S,D20N:L63M:T127P:F143S,4,0.5540940144908374,0.3457933679364158,0.3707325410556375,0.3707325410556375,0.4959049172993758,-0.2083006465544216,0.02493917311922175,0.951068376068376,0.6923076923076923
D20N:V45A:A172C:N206D,D20N:V45A:A172C:N206D,4,1.3213489488942831,0.9768587851104474,0.9151670037995954,0.9151670037995954,0.4566275619134544,-0.3444901637838357,-0.06169178131085204,0.9486659736659736,0.5555555555555556
D20N:V45A:A172C:Y197R,D20N:V45A:A172C:Y197R,4,0.44843690502947164,0.18195448538543962,0.1477897385507928,0.1477897385507928,0.8497976890847223,-0.266482419644032,-0.034164746834646834,0.952579365079365,0.6363636363636364
D20N:V45A:A172C:A174L,D20N:V45A:A172C:A174L,4,1.126156500020373,0.7759677843259444,0.6734496067586465,0.6734496067586465,0.583803086381361,-0.35018871569442866,-0.10251817756729789,0.9489708517147541,0.5
D20N:V45A:S168G:N207K,D20N:V45A:S168G:N207K,4,1.3325989253150665,0.970438205877149,0.8826977379635589,0.8826977379635589,0.3163749162680474,-0.3621607194379175,-0.0877404679135901,0.9497880821831474,0.5555555555555556
D20N:V45A:N158A:Y197R,D20N:V45A:N158A:Y197R,4,0.5030251668786332,0.22602564906697964,0.16286190691136437,0.16286190691136437,0.5439492236549617,-0.27699951781165355,-0.06316374215561525,0.9534632034632035,0.6923076923076923
D20N:V45A:F143S:A174L,D20N:V45A:F143S:A174L,4,0.33781545200608787,0.08116976506719559,0.116269567443284,0.116269567443284,0.4920000499150624,-0.2566456869388923,0.03509980237608841,0.9507153593803144,0.6666666666666666
D20N:V45A:F143S:S168G,D20N:V45A:F143S:S168G,4,0.47251619849062104,0.19758012558180593,0.13599626780158203,0.13599626780158203,0.2420546575896268,-0.2749360729088151,-0.06158385778022392,0.951907965224083,0.6666666666666666
D20N:V45A:F143S:N158A,D20N:V45A:F143S:N158A,4,0.48953539325850837,0.21616600470490943,0.17126190584239656,0.17126190584239656,0.5063049058343687,-0.27336938855359894,-0.04490409886251288,0.9542880730380731,0.6666666666666666
D20N:V45A:T127P:N206D,D20N:V45A:T127P:N206D,4,1.401523670551215,1.0622710345799387,1.000973705688495,1.000973705688495,0.8508659764306359,-0.3392526359712765,-0.06129732889144356,0.9458881958881958,0.5
D20N:V45A:T127P:Y197R,D20N:V45A:T127P:Y197R,4,0.5121330297567303,0.21801030261216642,0.1331085764155809,0.1331085764155809,0.9515644008794918,-0.29412272714456383,-0.08490172619658551,0.9514673311184939,0.6363636363636364
D20N:V45A:L63M:A174L,D20N:V45A:L63M:A174L,4,0.7124226667784583,0.352341161394378,0.28752753616964505,0.28752753616964505,0.9566236596437387,-0.36008150538408035,-0.06481362522473295,0.9497318399757424,0.6363636363636364
D20N:V45A:L63M:N158A,D20N:V45A:L63M:N158A,4,0.8690029212687556,0.5201218842512779,0.40323232714292434,0.40323232714292434,0.6040694466222852,-0.34888103701747764,-0.11688955710835358,0.9534632034632035,0.6666666666666666
D20N:V45A:L63M:T127P,D20N:V45A:L63M:T127P,4,0.9261968110153267,0.5554322055501987,0.5093686925391313,0.5093686925391313,0.5724861800630042,-0.370764605465128,-0.04606351301106735,0.9497474747474748,0.5
A174L:Y197R:N206D:N207K:K231R,A174L:Y197R:N206D:N207K:K231R,5,0.7005781115898123,0.4041529204260491,0.3741941809295065,0.3741941809295065,0.7397734532853992,-0.2964251911637632,-0.02995873949654262,0.9504095732069505,0.618989898989899
A172C:A174L:N206D:N207K:K231R,A172C:A174L:N206D:N207K:K231R,5,1.6798065921113148,1.3319263101965664,1.3057072404626344,1.3057072404626344,0.7653446646108858,-0.3478802819147485,-0.02621906973393185,0.9478718820799081,0.5463203463203463
A172C:A174L:Y197R:N206D:K231R,A172C:A174L:Y197R:N206D:K231R,5,0.6451253246032185,0.3677479912517771,0.351108226388734,0.351108226388734,0.6684814898670185,-0.2773773333514414,-0.01663976486304306,0.9503249264142777,0.618989898989899
S168G:A174L:N206D:N207K:K231R,S168G:A174L:N206D:N207K:K231R,5,1.7330125807534142,1.3648757800822993,1.312043214538098,1.312043214538098,0.6928787719503772,-0.36813680067111504,-0.05283256554420127,0.9486375247060159,0.5685425685425686
S168G:A172C:Y197R:N207K:K231R,S168G:A172C:Y197R:N207K:K231R,5,0.7818216893893176,0.46802421599875194,0.42057178519555877,0.42057178519555877,0.6084198560596263,-0.3137974733905657,-0.04745243080319319,0.9524587717610974,0.6278787878787878
S168G:A172C:Y197R:N206D:K231R,S168G:A172C:Y197R:N206D:K231R,5,0.7815850260385278,0.4620550698207967,0.40927023523359973,0.40927023523359973,0.4978483202843533,-0.31952995621773106,-0.052784834587196953,0.9534235821445124,0.6435120435120435
S168G:A172C:A174L:N207K:K231R,S168G:A172C:A174L:N207K:K231R,5,1.6646454202236471,1.311566206439319,1.2534662610416303,1.2534662610416303,0.6116045421360272,-0.35307921378432816,-0.05809994539768862,0.9498986215775778,0.5894949494949495
S168G:A172C:A174L:N206D:N207K,S168G:A172C:A174L:N206D:N207K,5,1.7177180376367316,1.3502872713218237,1.2943408896062554,1.2943408896062554,0.625633440789861,-0.3674307663149079,-0.05594638171556837,0.9470153651258302,0.5543345543345544
S168G:A172C:A174L:Y197R:K231R,S168G:A172C:A174L:Y197R:K231R,5,0.6623780052940005,0.37099903208118895,0.3410257315758243,0.3410257315758243,0.6417332437556555,-0.29137897321281153,-0.02997330050536467,0.9517417815602729,0.618989898989899
N158A:A174L:Y197R:N207K:K231R,N158A:A174L:Y197R:N207K:K231R,5,0.6912986723169219,0.3971871167078681,0.368572032918371,0.368572032918371,0.6376779902161885,-0.2941115556090538,-0.028615083789497096,0.9499195351792029,0.598989898989899
N158A:A174L:Y197R:N206D:K231R,N158A:A174L:Y197R:N206D:K231R,5,0.7346710893528655,0.44352639857108467,0.4109799304930105,0.4109799304930105,0.551597303266211,-0.29114469078178085,-0.03254646807807414,0.9499322828820993,0.618989898989899
N158A:A174L:Y197R:N206D:N207K,N158A:A174L:Y197R:N206D:N207K,5,0.7461297684982049,0.44451665472231927,0.4053610416471078,0.4053610416471078,0.644444179922094,-0.3016131137758856,-0.039155613075211475,0.9490929711023851,0.6101010101010101
N158A:A172C:N206D:N207K:K231R,N158A:A172C:N206D:N207K:K231R,5,1.9209104176925178,1.5590201506821606,1.5042966692415132,1.5042966692415132,0.7264214252772186,-0.36189026701035726,-0.0547234814406474,0.9506841210105682,0.6056565656565656
N158A:A172C:Y197R:N207K:K231R,N158A:A172C:Y197R:N207K:K231R,5,0.7558370740480789,0.4466185775088297,0.38787419027093994,0.38787419027093994,0.7388078445905079,-0.30921849653924915,-0.05874438723788978,0.9499782866572429,0.5844444444444444
N158A:A172C:Y197R:N206D:N207K,N158A:A172C:Y197R:N206D:N207K,5,0.8175890398407785,0.5039600484510869,0.4484911917341373,0.4484911917341373,0.6039070655077962,-0.3136289913896915,-0.05546885671694959,0.9510039858142673,0.6072727272727272
N158A:A172C:A174L:N207K:K231R,N158A:A172C:A174L:N207K:K231R,5,1.6852695691518182,1.3383599334950351,1.3033279957552852,1.3033279957552852,0.6953168732153111,-0.34690963565678323,-0.03503193773974983,0.9477176797144432,0.5644444444444445
N158A:A172C:A174L:N206D:N207K,N158A:A172C:A174L:N206D:N207K,5,1.7544003976978115,1.4011191869347457,1.373693624449209,1.373693624449209,0.6279195326052821,-0.35328121076306584,-0.027425562485536525,0.9462369677965652,0.5552092352092352
N158A:A172C:A174L:Y197R:N206D,N158A:A172C:A174L:Y197R:N206D,5,0.7007212149565103,0.40892588634084476,0.3854287186955584,0.3854287186955584,0.578279653081596,-0.29179532861566554,-0.023497167645286386,0.9505130297419159,0.6129292929292929
N158A:S168G:A174L:N207K:K231R,N158A:S168G:A174L:N207K:K231R,5,1.7231532474085793,1.3606020377121144,1.3056923452315563,1.3056923452315563,0.6350989275381294,-0.362551209696465,-0.054909692480558214,0.9503049813017448,0.5968453768453769
N158A:S168G:A174L:N206D:K231R,N158A:S168G:A174L:N206D:K231R,5,1.811011675912356,1.447289864965367,1.3993704520187826,1.3993704520187826,0.6687871136987177,-0.36372181094698913,-0.04791941294658437,0.9505594806570417,0.6101787101787102
N158A:S168G:A174L:Y197R:K231R,N158A:S168G:A174L:Y197R:K231R,5,0.7125518303290149,0.41738652625407857,0.37235119026847197,0.37235119026847197,0.5711343184173477,-0.29516530407493635,-0.04503533598560659,0.9525234755790626,0.6272727272727272
N158A:S168G:A172C:Y197R:N207K,N158A:S168G:A172C:Y197R:N207K,5,0.8041475033160945,0.47804985500472164,0.4190522538395105,0.4190522538395105,0.6823228728486076,-0.3260976483113729,-0.05899760116521111,0.9504607310421264,0.5933333333333334
N158A:S168G:A172C:Y197R:N206D,N158A:S168G:A172C:Y197R:N206D,5,0.7731230023800806,0.4395838556372681,0.38598670548710107,0.38598670548710107,0.46333530349897106,-0.3335391467428125,-0.053597150150167035,0.9514080782685435,0.5977777777777777
N158A:S168G:A172C:A174L:K231R,N158A:S168G:A172C:A174L:K231R,5,1.7499710984736527,1.3951726755534306,1.3368632120854524,1.3368632120854524,0.636110498366829,-0.35479842292022223,-0.05830946346797826,0.951037184092771,0.6117948717948718
N158A:S168G:A172C:A174L:Y197R,N158A:S168G:A172C:A174L:Y197R,5,0.7287094275548338,0.42258513644393014,0.3825653314843138,0.3825653314843138,0.5780052683492235,-0.30612429111090367,-0.040019804959616316,0.9505311377262597,0.6050505050505051
F143S:A172C:N206D:N207K:K231R,F143S:A172C:N206D:N207K:K231R,5,0.7681909210970475,0.44415651196766986,0.38317542508803376,0.38317542508803376,0.6833431915427983,-0.3240344091293776,-0.06098108687963608,0.9527518013391181,0.6536130536130536
F143S:A172C:A174L:N206D:N207K,F143S:A172C:A174L:N206D:N207K,5,0.6692862324890411,0.36362601110201426,0.32420826696970884,0.32420826696970884,0.6530950211828661,-0.3056602213870268,-0.03941774413230541,0.9474117183985605,0.5602597402597402
F143S:A172C:A174L:Y197R:N206D,F143S:A172C:A174L:Y197R:N206D,5,0.22531200883611568,0.07188740594644366,0.12989543813662663,0.12989543813662663,0.6846648322320558,-0.15342460288967202,0.058008032190182954,0.9496073517126149,0.6056565656565656
F143S:S168G:N206D:N207K:K231R,F143S:S168G:N206D:N207K:K231R,5,0.8508391101453556,0.5130058486523393,0.43344556485796787,0.43344556485796787,0.5214968338741831,-0.3378332614930163,-0.07956028379437147,0.9530983499803842,0.6412121212121212
F143S:S168G:A174L:N206D:K231R,F143S:S168G:A174L:N206D:K231R,5,0.7235670728887641,0.41505003967629184,0.3649602051616968,0.3649602051616968,0.5953531411755467,-0.30851703321247226,-0.05008983451459506,0.9516126045685962,0.6323232323232324
F143S:S168G:A174L:Y197R:N207K,F143S:S168G:A174L:Y197R:N207K,5,0.2800240007916643,0.11810470029744341,0.1812462227289911,0.1812462227289911,0.6509210329271095,-0.16191930049422087,0.06314152243154768,0.9517662489511267,0.6412121212121212
F143S:S168G:A172C:Y197R:N207K,F143S:S168G:A172C:Y197R:N207K,5,0.3014518303490873,0.11199890787779487,0.14351038423454943,0.14351038423454943,0.6592217811645612,-0.18945292247129242,0.031511476356754546,0.950114013193374,0.5724009324009324
F143S:S168G:A172C:Y197R:N206D,F143S:S168G:A172C:Y197R:N206D,5,0.24109669189556104,0.04473148996266024,0.08145162439339597,0.08145162439339597,0.48238779355228595,-0.1963652019329008,0.036720134430735726,0.9506472817448428,0.5717171717171717
F143S:S168G:A172C:A174L:Y197R,F143S:S168G:A172C:A174L:Y197R,5,0.27061909283375585,0.10496664797013791,0.13388811452895724,0.13388811452895724,0.6217721899834049,-0.16565244486361794,0.028921466558819324,0.9493489601833632,0.5494949494949495
F143S:N158A:Y197R:N207K:K231R,F143S:N158A:Y197R:N207K:K231R,5,0.2809035647583373,0.10082105683100626,0.14711129203316636,0.14711129203316636,0.7087891161765116,-0.18008250792733102,0.0462902352021601,0.9500478684300727,0.5783838383838383
F143S:N158A:Y197R:N206D:N207K,F143S:N158A:Y197R:N206D:N207K,5,0.3376088685699606,0.14737120192300254,0.17707820478372147,0.17707820478372147,0.6121568167955452,-0.19023766664695804,0.029707002860718916,0.9512342716738438,0.6278787878787878
F143S:N158A:A174L:N207K:K231R,F143S:N158A:A174L:N207K:K231R,5,0.6870669420239379,0.384277898435112,0.33994595965270846,0.33994595965270846,0.5600917635000617,-0.3027890435888259,-0.044331938782403574,0.9502267857872624,0.6168453768453769
F143S:N158A:A172C:Y197R:K231R,F143S:N158A:A172C:Y197R:K231R,5,0.13879970726574176,-0.025183561754024114,0.043731771060157576,0.043731771060157576,0.7204273602288835,-0.16398326901976587,0.06891533281418169,0.9507034301831954,0.6044444444444445
F143S:N158A:A172C:A174L:K231R,F143S:N158A:A172C:A174L:K231R,5,0.6333487109517837,0.34505872056485287,0.3129177898577633,0.3129177898577633,0.7024140369883219,-0.2882899903869308,-0.032140930707089586,0.9519260570351129,0.6472727272727272
F143S:N158A:A172C:A174L:N207K,F143S:N158A:A172C:A174L:N207K,5,0.6962157058332838,0.3953478472752451,0.3641916261462109,0.3641916261462109,0.6455762104336857,-0.30086785855803877,-0.031156221129034132,0.9474878196578823,0.5755555555555556
F143S:N158A:S168G:A174L:N207K,F143S:N158A:S168G:A174L:N207K,5,0.7246724002934124,0.40913637569022354,0.36245559177170006,0.36245559177170006,0.5619245440565688,-0.31553602460318886,-0.046680783918523455,0.9492910644273629,0.6206060606060606
F143S:N158A:S168G:A174L:N206D,F143S:N158A:S168G:A174L:N206D,5,0.7524123536944525,0.43088597653153493,0.37965029858250904,0.37965029858250904,0.5462883752781441,-0.32152637716291754,-0.05123567794902589,0.9506521247077118,0.6412121212121212
F143S:N158A:S168G:A172C:N207K,F143S:N158A:S168G:A172C:N207K,5,0.7839036423007424,0.44430493988415065,0.38245651803576874,0.38245651803576874,0.637286577652648,-0.33959870241659174,-0.061848421848381935,0.9488618418198678,0.5967676767676767
F143S:N158A:S168G:A172C:Y197R,F143S:N158A:S168G:A172C:Y197R,5,0.2179094003753465,0.03181802543342213,0.08159933569928182,0.08159933569928182,0.6093232795676403,-0.18609137494192438,0.049781310265859684,0.948978285838751,0.5362393162393162
T127P:Y197R:N206D:N207K:K231R,T127P:Y197R:N206D:N207K:K231R,5,0.8832621195719894,0.5400526911177237,0.45731299485958465,0.45731299485958465,0.7926955294030341,-0.3432094284542657,-0.08273969625813905,0.9525602169104378,0.6278787878787878
T127P:A174L:Y197R:N206D:N207K,T127P:A174L:Y197R:N206D:N207K,5,0.7522668184673,0.42912340278025873,0.3863611805181691,0.3863611805181691,0.8531642057897867,-0.3231434156870413,-0.042762222262089644,0.949829083642373,0.618989898989899
T127P:A172C:A174L:N206D:K231R,T127P:A172C:A174L:N206D:K231R,5,1.7735706138588128,1.4187056359808912,1.3754689196327294,1.3754689196327294,0.8246760489896677,-0.3548649778779217,-0.04323671634816169,0.9497685189974051,0.5774314574314574
T127P:A172C:A174L:Y197R:K231R,T127P:A172C:A174L:Y197R:K231R,5,0.6997864909399972,0.396465625127534,0.3589955954577327,0.3589955954577327,0.591946016362489,-0.3033208658124632,-0.03747002966980134,0.9515691345271605,0.6069264069264069
T127P:S168G:Y197R:N207K:K231R,T127P:S168G:Y197R:N207K:K231R,5,0.8458625737080497,0.503527933147072,0.43113836701161445,0.43113836701161445,0.6129620122274502,-0.34233464056097773,-0.07238956613545754,0.9529069217491866,0.6339393939393939
T127P:S168G:A174L:N206D:N207K,T127P:S168G:A174L:N206D:N207K,5,1.8044373310053132,1.4246187912336132,1.3879657638919933,1.3879657638919933,0.7768545024784961,-0.3798185397717,-0.0366530273416198,0.9465349654798336,0.5624819624819625
T127P:S168G:A174L:Y197R:N206D,T127P:S168G:A174L:Y197R:N206D,5,0.7766308078143349,0.4569110070654862,0.4041201460137416,0.4041201460137416,0.6686057940960076,-0.3197198007488487,-0.05279086105174465,0.9497932146832048,0.5894949494949495
T127P:S168G:A172C:Y197R:N206D,T127P:S168G:A172C:Y197R:N206D,5,0.8244591797263814,0.4801977531682783,0.4052545247226482,0.4052545247226482,0.5512064922271886,-0.3442614265581031,-0.07494322844563005,0.9524657991447555,0.6250505050505051
T127P:S168G:A172C:A174L:K231R,T127P:S168G:A172C:A174L:K231R,5,1.8138719315673622,1.450933237725566,1.4037755293362324,1.4037755293362324,0.6769995642411455,-0.3629386938417961,-0.04715770838933352,0.9511339048548351,0.6047818847818848
T127P:N158A:N206D:N207K:K231R,T127P:N158A:N206D:N207K:K231R,5,1.9853405252564815,1.5987519555860845,1.5491061436428473,1.5491061436428473,0.817314833214607,-0.3865885696703969,-0.049645811943237174,0.9511057341034457,0.6278787878787878
T127P:N158A:Y197R:N207K:K231R,T127P:N158A:Y197R:N207K:K231R,5,0.8037885846823697,0.46295119620581365,0.3948449840731008,0.3948449840731008,0.7769017023806587,-0.34083738847655604,-0.06810621213271283,0.9508425809639156,0.5917171717171718
T127P:N158A:A174L:Y197R:N206D,T127P:N158A:A174L:Y197R:N206D,5,0.7708977316339787,0.44932194171463846,0.3865217751979131,0.3865217751979131,0.6895397255639484,-0.3215757899193402,-0.06280016651672538,0.9504023480972161,0.593939393939394
T127P:N158A:A172C:A174L:N206D,T127P:N158A:A172C:A174L:N206D,5,1.8136804181209523,1.444684736908493,1.3727506784031667,1.3727506784031667,0.5933018401327587,-0.3689956812124592,-0.07193405850532629,0.951138792867679,0.6412121212121212
T127P:N158A:S168G:Y197R:K231R,T127P:N158A:S168G:Y197R:K231R,5,0.7876854653401518,0.4468491451505289,0.3638118848359935,0.3638118848359935,0.6514408263909922,-0.3408363201896229,-0.0830372603145354,0.9521785630390281,0.6250505050505051
T127P:N158A:S168G:A174L:N207K,T127P:N158A:S168G:A174L:N207K,5,1.8073821999701116,1.419180755619562,1.3660761014211775,1.3660761014211775,0.5575608470509493,-0.38820144435054965,-0.0531046541983843,0.9476950317337691,0.5983838383838384
T127P:N158A:S168G:A172C:N207K,T127P:N158A:S168G:A172C:N207K,5,1.9604281960825867,1.5682188992820925,1.503300291387034,1.503300291387034,0.4757482778619338,-0.3922092968004942,-0.06491860789505864,0.9505156631369978,0.6229059829059829
T127P:F143S:N206D:N207K:K231R,T127P:F143S:N206D:N207K:K231R,5,0.8647222113297434,0.5149892156007565,0.4333316094983747,0.4333316094983747,0.7970272121285547,-0.34973299572898686,-0.08165760610238183,0.9514702390314937,0.6078787878787878
T127P:F143S:Y197R:N206D:K231R,T127P:F143S:Y197R:N206D:K231R,5,0.28485862905243065,0.09610680609205893,0.15163941131349276,0.15163941131349276,0.8336984645590905,-0.1887518229603717,0.05553260522143382,0.9517127307683179,0.6168453768453769
T127P:F143S:Y197R:N206D:N207K,T127P:F143S:Y197R:N206D:N207K,5,0.36241080512437696,0.1617700533560908,0.20402538386691338,0.20402538386691338,0.7898517830138349,-0.20064075176828616,0.042255330510822586,0.9515816849058437,0.6066666666666667
T127P:F143S:A174L:Y197R:K231R,T127P:F143S:A174L:Y197R:K231R,5,0.3050916129208253,0.14165258760676638,0.2043977090682751,0.2043977090682751,0.7152165665191815,-0.16343902531405893,0.06274512146150871,0.9497210412495344,0.5917171717171718
T127P:F143S:A174L:Y197R:N207K,T127P:F143S:A174L:Y197R:N207K,5,0.34181419556989284,0.1680265876486108,0.21983577851333316,0.21983577851333316,0.6154211737247175,-0.17378760792128203,0.05180919086472236,0.9503969249333741,0.611111111111111
T127P:F143S:A174L:Y197R:N206D,T127P:F143S:A174L:Y197R:N206D,5,0.32758970818231625,0.15543450223340785,0.21360225089875182,0.21360225089875182,0.7729811103616107,-0.1721552059489084,0.05816774866534396,0.9493657266072881,0.5844444444444444
T127P:F143S:A172C:Y197R:K231R,T127P:F143S:A172C:Y197R:K231R,5,0.2005749931258835,0.01888883864359195,0.07388123821440394,0.07388123821440394,0.7942274026518326,-0.18168615448229156,0.05499239957081199,0.9508286640895337,0.5955555555555556
T127P:F143S:A172C:A174L:K231R,T127P:F143S:A172C:A174L:K231R,5,0.6911882865105677,0.38586116955027966,0.34424990910051934,0.34424990910051934,0.7396759912220497,-0.3053271169602881,-0.041611260449760296,0.9496643314956682,0.5701587301587302
T127P:F143S:A172C:A174L:N207K,T127P:F143S:A172C:A174L:N207K,5,0.7350333446640854,0.4148919207505562,0.36195443382060677,0.36195443382060677,0.5266536864107519,-0.32014142391352923,-0.05293748692994946,0.9485414294803176,0.594017094017094
T127P:F143S:A172C:A174L:Y197R,T127P:F143S:A172C:A174L:Y197R,5,0.30502751017586105,0.13798458023742566,0.18598854107614984,0.18598854107614984,0.5981573370735284,-0.1670429299384354,0.04800396083872419,0.9491189878945674,0.5666666666666667
T127P:F143S:S168G:N206D:N207K,T127P:F143S:S168G:N206D:N207K,5,0.8812711529902929,0.5275881218890692,0.43583462698035447,0.43583462698035447,0.6143636110602156,-0.35368303110122373,-0.09175349490871473,0.9493634077193798,0.5872727272727273
T127P:F143S:S168G:Y197R:N206D,T127P:F143S:S168G:Y197R:N206D,5,0.3087357180367702,0.11161278063874125,0.16154464907688984,0.16154464907688984,0.641427916978255,-0.19712293739802894,0.04993186843814859,0.9517464368995849,0.6206060606060606
T127P:F143S:S168G:A174L:K231R,T127P:F143S:S168G:A174L:K231R,5,0.7799260140206884,0.4597764404240225,0.40516489955635293,0.40516489955635293,0.6156005797199827,-0.3201495735966659,-0.05461154086766955,0.9510393847414308,0.6463403263403263
T127P:F143S:S168G:A172C:N206D,T127P:F143S:S168G:A172C:N206D,5,0.8102947375815255,0.4583372193544443,0.37802669182978665,0.37802669182978665,0.5391014730387883,-0.35195751822708116,-0.08031052752465764,0.9506755826891957,0.6139393939393939
T127P:F143S:S168G:A172C:Y197R,T127P:F143S:S168G:A172C:Y197R,5,0.28933378246964075,0.08804212334292086,0.12014836308936859,0.12014836308936859,0.5069262080200618,-0.2012916591267199,0.03210623974644773,0.9488725775935078,0.5383838383838384
T127P:F143S:N158A:N206D:K231R,T127P:F143S:N158A:N206D:K231R,5,0.7626751774264239,0.42164590797953205,0.3522504876533424,0.3522504876533424,0.7641659423953008,-0.3410292694468918,-0.06939542032618966,0.9524137447302014,0.6399999999999999
T127P:F143S:N158A:Y197R:K231R,T127P:F143S:N158A:Y197R:K231R,5,0.2055657433756104,0.02230595452777462,0.08925947156390335,0.08925947156390335,0.7144324515730456,-0.18325978884783578,0.06695351703612873,0.9505544938153634,0.593939393939394
T127P:F143S:N158A:A174L:Y197R,T127P:F143S:N158A:A174L:Y197R,5,0.3312951204318586,0.15375344970634927,0.19286277964435394,0.19286277964435394,0.621559466480798,-0.17754167072550933,0.039109329938004665,0.9494343158414743,0.5856565656565657
T127P:F143S:N158A:S168G:N207K,T127P:F143S:N158A:S168G:N207K,5,0.822684220332468,0.4680532236803621,0.39023073109642287,0.39023073109642287,0.563090441455772,-0.3546309966521059,-0.07782249258393925,0.9488359273019092,0.6072727272727272
T127P:F143S:N158A:S168G:A174L,T127P:F143S:N158A:S168G:A174L,5,0.8050751310872439,0.47868611313679277,0.4202334855290474,0.4202334855290474,0.6113350110096867,-0.32638901795045117,-0.05845262760774542,0.9493583683971059,0.6145454545454545
T127P:F143S:N158A:S168G:A172C,T127P:F143S:N158A:S168G:A172C,5,0.7725380112585495,0.4248171921007532,0.3586267678445701,0.3586267678445701,0.5104771927168456,-0.3477208191577963,-0.0661904242561831,0.9497144909354212,0.5806837606837607
L63M:A172C:Y197R:N206D:N207K,L63M:A172C:Y197R:N206D:N207K,5,0.6052220048641725,0.3386581276269947,0.3333410789012233,0.3333410789012233,0.5128358801916091,-0.26656387723717784,-0.005317048725771414,0.951756187778623,0.6129292929292929
L63M:A172C:A174L:N206D:N207K,L63M:A172C:A174L:N206D:N207K,5,1.1965442125987154,0.8372054983926478,0.7842390850001287,0.7842390850001287,0.6660867719132195,-0.3593387142060675,-0.05296641339251904,0.945849614079528,0.5479365079365079
L63M:S168G:Y197R:N206D:K231R,L63M:S168G:Y197R:N206D:K231R,5,0.6466685045532204,0.3765318308820529,0.36631101997809173,0.36631101997809173,0.3975192066808904,-0.27013667367116756,-0.010220810903961163,0.9536092546466415,0.6424242424242423
L63M:S168G:A174L:N206D:N207K,L63M:S168G:A174L:N206D:N207K,5,1.2532258483821193,0.8826101846678541,0.8181087567216875,0.8181087567216875,0.6057737887510354,-0.37061566371426513,-0.06450142794616662,0.9470222710319387,0.5612698412698413
L63M:S168G:A174L:Y197R:N207K,L63M:S168G:A174L:Y197R:N207K,5,0.5761353125143942,0.3280359476820778,0.33825070313063504,0.33825070313063504,0.6596155799266723,-0.2480993648323164,0.010214755448557275,0.9531501199334247,0.6374514374514375
L63M:S168G:A174L:Y197R:N206D,L63M:S168G:A174L:Y197R:N206D,5,0.6098623952030708,0.3573535767656024,0.35965917520684193,0.35965917520684193,0.5041211346254075,-0.2525088184374684,0.0023055984412394936,0.95011214708168,0.6129292929292929
L63M:S168G:A172C:Y197R:N207K,L63M:S168G:A172C:Y197R:N207K,5,0.6207227977182661,0.3489269934349745,0.3351821677225577,0.3351821677225577,0.5927000049889642,-0.2717958042832916,-0.013744825712416791,0.9528525528987618,0.6351515151515151
L63M:S168G:A172C:A174L:N207K,L63M:S168G:A172C:A174L:N207K,5,1.2210609019973666,0.859351335882198,0.7882871222558634,0.7882871222558634,0.6317354671003406,-0.36170956611516863,-0.07106421362633464,0.9491548311515947,0.5878787878787879
L63M:S168G:A172C:A174L:Y197R,L63M:S168G:A172C:A174L:Y197R,5,0.5921192409896913,0.338988753776581,0.33113164230943765,0.33113164230943765,0.554564220934268,-0.25313048721311027,-0.00785711146714334,0.9518913305012644,0.6313908313908314
L63M:N158A:N206D:N207K:K231R,L63M:N158A:N206D:N207K:K231R,5,1.37220576704871,0.9882593688116206,0.8948113525280772,0.8948113525280772,0.644078548753851,-0.3839463982370894,-0.09344801628354336,0.950516810843258,0.5984615384615385
L63M:N158A:Y197R:N207K:K231R,L63M:N158A:Y197R:N207K:K231R,5,0.5802810952915753,0.3144066228272454,0.308580656412246,0.308580656412246,0.7512451716030728,-0.26587447246432994,-0.005825966414999405,0.9515342113527027,0.5984615384615385
L63M:N158A:Y197R:N206D:K231R,L63M:N158A:Y197R:N206D:K231R,5,0.5670802956949514,0.30018144723676976,0.2921946161966646,0.2921946161966646,0.49615944750023544,-0.2668988484581817,-0.00798683104010518,0.9516674502068717,0.6145454545454545
L63M:N158A:A174L:N206D:N207K,L63M:N158A:A174L:N206D:N207K,5,1.2601097462899569,0.8870166095100229,0.8080761928569203,0.8080761928569203,0.6463585442691051,-0.37309313677993394,-0.07894041665310257,0.9465423182382141,0.5783838383838383
L63M:N158A:A172C:Y197R:K231R,L63M:N158A:A172C:Y197R:K231R,5,0.4635660742321855,0.20388269607359183,0.20631419630433492,0.20631419630433492,0.717581519653431,-0.25968337815859366,0.0024315002307430875,0.9533322896575683,0.6451282051282051
L63M:N158A:A172C:A174L:N207K,L63M:N158A:A172C:A174L:N207K,5,1.20389517057591,0.8436679638448008,0.7620563527918246,0.7620563527918246,0.6917578076392741,-0.36022720673110914,-0.0816116110529762,0.9481826773577133,0.5806060606060607
L63M:N158A:S168G:N206D:N207K,L63M:N158A:S168G:N206D:N207K,5,1.3806997069024756,0.9882899815470669,0.8945627915552421,0.8945627915552421,0.619885135826094,-0.39240972535540863,-0.0937271899918248,0.95049904768596,0.611111111111111
L63M:N158A:S168G:Y197R:N206D,L63M:N158A:S168G:Y197R:N206D,5,0.5829023828725071,0.29870622760898735,0.27942705037417215,0.27942705037417215,0.5272528253040019,-0.2841961552635197,-0.019279177234815193,0.9525213087402044,0.6250505050505051
L63M:F143S:A172C:N206D:N207K,L63M:F143S:A172C:N206D:N207K,5,0.654358554565076,0.38452606477355683,0.3634283390699201,0.3634283390699201,0.6535061044090842,-0.26983248979151914,-0.021097725703636706,0.9493611701955732,0.5783838383838383
L63M:F143S:A172C:Y197R:K231R,L63M:F143S:A172C:Y197R:K231R,5,0.4187148062235668,0.37742427771419357,0.5898331879938,0.5898331879938,0.6904273500350827,-0.04129052850937328,0.21240891027960643,0.95272953869293,0.6399999999999999
L63M:F143S:A172C:Y197R:N206D,L63M:F143S:A172C:Y197R:N206D,5,0.4482741292164064,0.3905305184610807,0.590842364267792,0.590842364267792,0.5794896528865384,-0.057743610755325685,0.2003118458067113,0.9512113698901178,0.6018181818181818
L63M:F143S:A172C:A174L:N207K,L63M:F143S:A172C:A174L:N207K,5,0.6169442748656154,0.39633942221897595,0.4517643041540911,0.4517643041540911,0.7562454823115383,-0.22060485264663948,0.05542488193511513,0.9486164542524989,0.5694949494949495
L63M:F143S:A172C:A174L:N206D,L63M:F143S:A172C:A174L:N206D,5,0.6047128455332518,0.3668240540171135,0.38511668041386715,0.38511668041386715,0.6747965874268942,-0.23788879151613831,0.01829262639675368,0.9475242050038652,0.5711111111111111
L63M:F143S:S168G:A172C:Y197R,L63M:F143S:S168G:A172C:Y197R,5,0.510406820783115,0.44424959563162203,0.6408645899266845,0.6408645899266845,0.6208996342873434,-0.0661572251514929,0.19661499429506246,0.9508380516801083,0.5796736596736596
L63M:F143S:N158A:N207K:K231R,L63M:F143S:N158A:N207K:K231R,5,0.624703326807131,0.35419694515744937,0.3366324242713372,0.3366324242713372,0.6662309141850502,-0.27050638164968166,-0.01756452088611217,0.9520590928460948,0.6095726495726496
L63M:F143S:N158A:N206D:N207K,L63M:F143S:N158A:N206D:N207K,5,0.6806323374502957,0.403267604287317,0.37245768845008675,0.37245768845008675,0.6611606860843603,-0.2773647331629787,-0.03080991583723025,0.9492095383329779,0.5783838383838383
L63M:F143S:N158A:Y197R:N206D,L63M:F143S:N158A:Y197R:N206D,5,0.4662139099517082,0.39501030768259526,0.5725604082504911,0.5725604082504911,0.5620311855894984,-0.07120360226911296,0.17755010056789589,0.9526547690082147,0.6351515151515151
L63M:F143S:N158A:A172C:N207K,L63M:F143S:N158A:A172C:N207K,5,0.6001777109196476,0.3357546842183935,0.3300664886177659,0.3300664886177659,0.7042151303942872,-0.26442302670125406,-0.005688195600627629,0.9504326532852329,0.6079564879564879
L63M:F143S:N158A:S168G:N206D,L63M:F143S:N158A:S168G:N206D,5,0.6421459734923942,0.3534537991051094,0.31634621778582855,0.31634621778582855,0.5382043579102062,-0.28869217438728484,-0.037107581319280845,0.9518265412131388,0.6313908313908314
L63M:T127P:A172C:N206D:K231R,L63M:T127P:A172C:N206D:K231R,5,1.3380193186588296,0.9549103586463423,0.8620915427809357,0.8620915427809357,0.7357182426349907,-0.38310896001248723,-0.09281881586540663,0.9528971898789896,0.6463403263403263
L63M:T127P:A172C:N206D:N207K,L63M:T127P:A172C:N206D:N207K,5,1.385996597291452,0.9932490457485357,0.9032743723140507,0.9032743723140507,0.5118409394283029,-0.39274755154291646,-0.08997467343448493,0.9503469839343006,0.6028282828282828
L63M:T127P:A172C:Y197R:N207K,L63M:T127P:A172C:Y197R:N207K,5,0.6330585017440692,0.3587587264224662,0.35343119889684926,0.35343119889684926,0.3808927664226885,-0.274299775321603,-0.00532752752561694,0.9543851257104043,0.6425796425796426
L63M:T127P:A172C:A174L:K231R,L63M:T127P:A172C:A174L:K231R,5,1.2689219747814784,0.9128248238011023,0.8480551187819307,0.8480551187819307,0.6342337799762465,-0.35609715098037603,-0.0647697050191716,0.950849345312261,0.5802597402597403
L63M:T127P:A172C:A174L:N207K,L63M:T127P:A172C:A174L:N207K,5,1.276069659991222,0.9111970378498776,0.8517280882940754,0.8517280882940754,0.5300086523641401,-0.3648726221413444,-0.05946894955580215,0.9499222972219042,0.5955555555555556
L63M:T127P:S168G:N207K:K231R,L63M:T127P:S168G:N207K:K231R,5,1.4299478500220597,1.0372202883391135,0.9519435845509145,0.9519435845509145,0.4590275309408389,-0.3927275616829461,-0.08527670378819902,0.9527137418906637,0.6262626262626263
L63M:T127P:S168G:Y197R:K231R,L63M:T127P:S168G:Y197R:K231R,5,0.665116830389997,0.3841945993814639,0.3627236071363592,0.3627236071363592,0.46034098727225575,-0.28092223100853314,-0.021470992245104705,0.9543132534901753,0.6514685314685315
L63M:T127P:S168G:A174L:N207K,L63M:T127P:S168G:A174L:N207K,5,1.3256270350944632,0.9523069869769665,0.8951237064190009,0.8951237064190009,0.5389392431571669,-0.3733200481174967,-0.05718328055796564,0.9499700290256161,0.5806060606060607
L63M:T127P:S168G:A174L:N206D,L63M:T127P:S168G:A174L:N206D,5,1.3825565685664012,1.0073711439281816,0.9433620657922821,0.9433620657922821,0.655663493376371,-0.37518542463821963,-0.06400907813589946,0.9481414217437022,0.6101010101010101
L63M:T127P:S168G:A172C:N207K,L63M:T127P:S168G:A172C:N207K,5,1.424546027163313,1.0315561374851236,0.9435283614308969,0.9435283614308969,0.39581899003063015,-0.39298988967818943,-0.08802777605422676,0.9517036408805627,0.6028282828282828
L63M:T127P:S168G:A172C:N206D,L63M:T127P:S168G:A172C:N206D,5,1.4140613488847293,1.014230803167851,0.9179686178327319,0.9179686178327319,0.6061634375289127,-0.3998305457168782,-0.0962621853351192,0.9511397120557643,0.6278787878787878
L63M:T127P:N158A:Y197R:N206D,L63M:T127P:N158A:Y197R:N206D,5,0.5660632022344727,0.28256889121957796,0.2707268218612902,0.2707268218612902,0.7274014060867346,-0.28349431101489475,-0.011842069358287738,0.9527097025281938,0.6472727272727272
L63M:T127P:N158A:A174L:N207K,L63M:T127P:N158A:A174L:N207K,5,1.2923719299885654,0.901993663467969,0.8049402901217377,0.8049402901217377,0.601281296316978,-0.3903782665205963,-0.09705337334623136,0.9499301669269304,0.6133333333333333
L63M:T127P:N158A:A174L:Y197R,L63M:T127P:N158A:A174L:Y197R,5,0.6366508034172234,0.3589251014514221,0.3219345453361509,0.3219345453361509,0.650782143276425,-0.27772570196580126,-0.03699055611527118,0.9533948075567776,0.6301787101787102
L63M:T127P:N158A:A172C:A174L,L63M:T127P:N158A:A172C:A174L,5,1.2945597520514753,0.9160770786692081,0.7959993666484344,0.7959993666484344,0.604709482481938,-0.3784826733822672,-0.12007771202077361,0.9512242996235022,0.6117171717171717
L63M:T127P:N158A:S168G:A174L,L63M:T127P:N158A:S168G:A174L,5,1.366103571376951,0.9766754293539077,0.8754661920386114,0.8754661920386114,0.644803342169236,-0.3894281420230432,-0.10120923731529634,0.9505008667515756,0.6278787878787878
L63M:T127P:N158A:S168G:A172C,L63M:T127P:N158A:S168G:A172C,5,1.3567261071947054,0.9557537425676015,0.8427796010110588,0.8427796010110588,0.5688196955739069,-0.400972364627104,-0.11297414155654277,0.9512344885529798,0.6056565656565656
L63M:T127P:F143S:N207K:K231R,L63M:T127P:F143S:N207K:K231R,5,0.7140916562787875,0.44129904793689007,0.4355463860825174,0.4355463860825174,0.6178688232654124,-0.2727926083418974,-0.005752661854372687,0.951875307504598,0.6117171717171717
L63M:T127P:F143S:N206D:K231R,L63M:T127P:F143S:N206D:K231R,5,0.6947626699479124,0.42330617137519405,0.4209987780377908,0.4209987780377908,0.7251718359430288,-0.2714564985727183,-0.002307393337403285,0.9513073253629123,0.6117171717171717
L63M:T127P:F143S:N206D:N207K,L63M:T127P:F143S:N206D:N207K,5,0.753520300873186,0.4773559637302151,0.4632209036813447,0.4632209036813447,0.7311832077609626,-0.2761643371429709,-0.014135060048870407,0.948670661873486,0.5694949494949495
L63M:T127P:F143S:A174L:N207K,L63M:T127P:F143S:A174L:N207K,5,0.7375222169470028,0.4975034797529256,0.5210915425610743,0.5210915425610743,0.6518689975197193,-0.24001873719407724,0.023588062808148697,0.9494231065931691,0.5894949494949495
L63M:T127P:F143S:A174L:N206D,L63M:T127P:F143S:A174L:N206D,5,0.7413159815376402,0.49431733695463687,0.5205753250006222,0.5205753250006222,0.733174467297955,-0.24699864458300336,0.02625798804598538,0.9481474093562093,0.6117171717171717
L63M:T127P:F143S:A172C:K231R,L63M:T127P:F143S:A172C:K231R,5,0.5987539680559477,0.33733937246379875,0.32878621498473337,0.32878621498473337,0.7503262320308353,-0.26141459559214897,-0.008553157479065366,0.9519447308348911,0.6117171717171717
L63M:T127P:F143S:A172C:N206D,L63M:T127P:F143S:A172C:N206D,5,0.6273966397603967,0.35685045209512695,0.3546953132327448,0.3546953132327448,0.6725001256938387,-0.2705461876652698,-0.0021551388623821523,0.9499731652996124,0.5755555555555556
L63M:T127P:F143S:A172C:A174L,L63M:T127P:F143S:A172C:A174L,5,0.7070287175657676,0.47369642506389265,0.5105326046140001,0.5105326046140001,0.6385470751747193,-0.23333229250187495,0.03683617955010738,0.948405800885461,0.5733333333333334
L63M:T127P:F143S:S168G:N207K,L63M:T127P:F143S:S168G:N207K,5,0.7700166624297308,0.4966035876990393,0.4761487757316439,0.4761487757316439,0.41584956877163,-0.2734130747306915,-0.020454811967395424,0.9502013766253847,0.6028282828282828
L63M:T127P:F143S:S168G:A172C,L63M:T127P:F143S:S168G:A172C,5,0.7125779683448726,0.4354516924229287,0.41504943861496857,0.41504943861496857,0.5150657174895533,-0.27712627592194394,-0.020402253807960128,0.9493651396915869,0.5856565656565657
L63M:T127P:F143S:N158A:N207K,L63M:T127P:F143S:N158A:N207K,5,0.6700276061116022,0.39190468228253666,0.36667901555183424,0.36667901555183424,0.6330120032376587,-0.2781229238290655,-0.0252256667307024,0.950649807404826,0.6140170940170939
V45A:A174L:N206D:N207K:K231R,V45A:A174L:N206D:N207K:K231R,5,1.4526475370873846,1.0859483377183858,0.990814870256701,0.990814870256701,0.8575813912942243,-0.36669919936899875,-0.09513346746168481,0.9480586204061814,0.5717171717171717
V45A:A172C:Y197R:N206D:N207K,V45A:A172C:Y197R:N206D:N207K,5,0.6875363619224222,0.4072293383416912,0.39303082886137236,0.39303082886137236,0.5109945524322302,-0.28030702358073095,-0.014198509480318852,0.9521251841069839,0.6145454545454545
V45A:A172C:A174L:N207K:K231R,V45A:A172C:A174L:N207K:K231R,5,1.3839243923630593,1.0393117192840933,0.9523502325317594,0.9523502325317594,0.8339496457390156,-0.3446126730789661,-0.0869614867523339,0.9501142199327111,0.598989898989899
V45A:A172C:A174L:N206D:K231R,V45A:A172C:A174L:N206D:K231R,5,1.4637883840547503,1.1293981975982845,1.0745050873990127,1.0745050873990127,0.8056607730914447,-0.3343901864564657,-0.05489311019927179,0.9473565742170393,0.5583838383838383
V45A:A172C:A174L:N206D:N207K,V45A:A172C:A174L:N206D:N207K,5,1.4378402899782259,1.0775536866556392,0.9814851034802088,0.9814851034802088,0.5762328095778171,-0.3602866033225866,-0.0960685831754304,0.946886308136308,0.559047619047619
V45A:S168G:A174L:N206D:K231R,V45A:S168G:A174L:N206D:K231R,5,1.5422047122129312,1.1876446876739366,1.1154014502205645,1.1154014502205645,0.7411907164913923,-0.3545600245389945,-0.07224323745337215,0.9483641583641583,0.5888888888888889
V45A:S168G:A174L:N206D:N207K,V45A:S168G:A174L:N206D:N207K,5,1.4641736347915906,1.0905979970224746,0.9986873680823047,0.9986873680823047,0.6852299233325374,-0.37357563776911606,-0.09191062894016991,0.9472648572357875,0.5625596625596626
V45A:S168G:A172C:N207K:K231R,V45A:S168G:A172C:N207K:K231R,5,1.7423533462815033,1.4146887619077515,1.383499273537915,1.383499273537915,0.626175240855082,-0.3276645843737517,-0.031189488369836538,0.9537860330883587,0.6351515151515151
V45A:S168G:A172C:Y197R:N206D,V45A:S168G:A172C:Y197R:N206D,5,0.6993021826857945,0.4138670815990002,0.4000794043589625,0.4000794043589625,0.43276260760103263,-0.28543510108679426,-0.013787677240037693,0.9526943209551906,0.6250505050505051
V45A:N158A:N206D:N207K:K231R,V45A:N158A:N206D:N207K:K231R,5,1.8440830988713195,1.5159200125930399,1.5025441547735592,1.5025441547735592,0.7608017927101732,-0.3281630862782797,-0.013375857819480691,0.950298160035002,0.6278787878787878
V45A:N158A:Y197R:N207K:K231R,V45A:N158A:Y197R:N207K:K231R,5,0.7205311009878692,0.43922694373502125,0.4045639767204827,0.4045639767204827,0.8425901742933413,-0.28130415725284796,-0.03466296701453851,0.9504828047116909,0.5968453768453769
V45A:N158A:A174L:N206D:N207K,V45A:N158A:A174L:N206D:N207K,5,1.560486549305519,1.2226971935965847,1.1977766747737775,1.1977766747737775,0.6066106542446071,-0.3377893557089345,-0.02492051882280722,0.9475670459871086,0.5783838383838383
V45A:N158A:A172C:N206D:K231R,V45A:N158A:A172C:N206D:K231R,5,1.7804239904419796,1.4629101227609511,1.4345578197858857,1.4345578197858857,0.6526150895310603,-0.3175138676810284,-0.028352302975065434,0.9517774689643812,0.6278787878787878
V45A:N158A:A172C:Y197R:N206D,V45A:N158A:A172C:Y197R:N206D,5,0.7011515722372307,0.42824827029806106,0.4203742144183747,0.4203742144183747,0.369707968256931,-0.2729033019391696,-0.007874055879686374,0.9531536001353998,0.6451282051282051
V45A:N158A:A172C:A174L:K231R,V45A:N158A:A172C:A174L:K231R,5,1.5372577225969015,1.2184986634052437,1.1929914883275698,1.1929914883275698,0.7820518982863938,-0.31875905919165776,-0.025507175077673916,0.9497453537927312,0.5872727272727273
V45A:N158A:S168G:N206D:N207K,V45A:N158A:S168G:N206D:N207K,5,1.8516973267728982,1.5131424906790043,1.4950684688615408,1.4950684688615408,0.6833643290471925,-0.338554836093894,-0.018074021817463575,0.9506292340870065,0.6078787878787878
V45A:N158A:S168G:A174L:K231R,V45A:N158A:S168G:A174L:K231R,5,1.600351740369744,1.2583465294711491,1.202553344109058,1.202553344109058,0.6813454928343068,-0.34200521089859504,-0.05579318536209124,0.9517741984690666,0.6190675990675991
V45A:N158A:S168G:A174L:N206D,V45A:N158A:S168G:A174L:N206D,5,1.629991418753383,1.29277677030383,1.269080630474127,1.269080630474127,0.5259409954247016,-0.337214648449553,-0.02369613982970306,0.9485226488490961,0.5856565656565657
V45A:N158A:S168G:A172C:N207K,V45A:N158A:S168G:A172C:N207K,5,1.8269665155180221,1.4909113096185065,1.4699991109640984,1.4699991109640984,0.6878308860590692,-0.33605520589951554,-0.02091219865440813,0.9508313419206932,0.6133333333333333
V45A:N158A:S168G:A172C:Y197R,V45A:N158A:S168G:A172C:Y197R,5,0.7439406034544287,0.453695854246356,0.41838520926843253,0.41838520926843253,0.5699366386310517,-0.2902447492080727,-0.03531064497792346,0.951599465828352,0.6066666666666667
V45A:F143S:A174L:N206D:K231R,V45A:F143S:A174L:N206D:K231R,5,0.5005501728588861,0.21644216907096908,0.20174005751356744,0.20174005751356744,0.8345510442137803,-0.28410800378791706,-0.014702111557401634,0.9491645777518946,0.5856565656565657
V45A:F143S:A174L:N206D:N207K,V45A:F143S:A174L:N206D:N207K,5,0.4853824310750132,0.18619489019956487,0.16090786664246592,0.16090786664246592,0.7325693207686685,-0.29918754087544835,-0.02528702355709894,0.9484679327156444,0.598989898989899
V45A:F143S:A174L:Y197R:K231R,V45A:F143S:A174L:Y197R:K231R,5,0.10196396384291764,-0.026315065413778344,0.0735169466550217,0.0735169466550217,0.7854388345104609,-0.128279029256696,0.09983201206880005,0.9509138969909694,0.5917171717171718
V45A:F143S:A174L:Y197R:N206D,V45A:F143S:A174L:Y197R:N206D,5,0.1257474942223481,-0.009908555193298862,0.08542145167577411,0.08542145167577411,0.6624875847429501,-0.13565604941564696,0.09533000686907298,0.9505863203108836,0.6029059829059829
V45A:F143S:A172C:N207K:K231R,V45A:F143S:A172C:N207K:K231R,5,0.6084104537131872,0.32944096201418943,0.32380728256110314,0.32380728256110314,0.8050224275994439,-0.2789694916989978,-0.005633679453086302,0.9539478929114924,0.6575291375291374
V45A:F143S:A172C:A174L:Y197R,V45A:F143S:A172C:A174L:Y197R,5,0.10892752877288633,-0.014044843664621151,0.08523333272460827,0.08523333272460827,0.7199942206479744,-0.12297237243750749,0.09927817638922942,0.9506021089262677,0.5968453768453769
V45A:F143S:S168G:Y197R:N207K,V45A:F143S:S168G:Y197R:N207K,5,0.2497705564459312,0.08489111956256779,0.1456522147086518,0.1456522147086518,0.7146297289110511,-0.16487943688336343,0.06076109514608402,0.9535254978237543,0.6524009324009323
V45A:F143S:S168G:A174L:Y197R,V45A:F143S:S168G:A174L:Y197R,5,0.15860017893393863,0.01701459368569705,0.10735329357187616,0.10735329357187616,0.6115997225083234,-0.14158558524824158,0.09033869988617911,0.9524213394746383,0.6212121212121212
V45A:F143S:S168G:A172C:A174L,V45A:F143S:S168G:A172C:A174L,5,0.543009989204205,0.2500782036946289,0.2163426247864337,0.2163426247864337,0.5615557509117346,-0.29293178550957605,-0.03373557890819521,0.951132619590392,0.6545454545454545
V45A:F143S:N158A:Y197R:K231R,V45A:F143S:N158A:Y197R:K231R,5,0.20349787738986758,0.051532919698079216,0.11237211407349998,0.11237211407349998,0.7571549016341285,-0.15196495769178836,0.06083919437542077,0.9513357174230341,0.6051282051282051
V45A:F143S:N158A:A172C:N207K,V45A:F143S:N158A:A172C:N207K,5,0.6974239429691621,0.41597504978798333,0.4034676030326136,0.4034676030326136,0.7064788649522057,-0.28144889318117877,-0.012507446755369741,0.951738368080633,0.6117171717171717
V45A:F143S:N158A:S168G:A172C,V45A:F143S:N158A:S168G:A172C,5,0.7202659484027427,0.42383460144714746,0.39169611132433746,0.39169611132433746,0.6144337845514126,-0.29643134695559525,-0.03213849012281,0.9517057840160655,0.6241181041181041
V45A:T127P:Y197R:N207K:K231R,V45A:T127P:Y197R:N207K:K231R,5,0.7278229969328033,0.4184736797851853,0.38269387129735005,0.38269387129735005,0.7484225558296664,-0.309349317147618,-0.03577980848783525,0.9521995154603851,0.633006993006993
V45A:T127P:A174L:N206D:N207K,V45A:T127P:A174L:N206D:N207K,5,1.5473423689003294,1.167516874114593,1.0729473882068423,1.0729473882068423,0.8151656456204109,-0.3798254947857364,-0.09456948590775067,0.9476875536743957,0.5929292929292929
V45A:T127P:A172C:N206D:N207K,V45A:T127P:A172C:N206D:N207K,5,1.8199752508891553,1.4638576836222326,1.4192218673537327,1.4192218673537327,0.4460656462771153,-0.35611756726692273,-0.04463581626849989,0.9510458785356342,0.6250505050505051
V45A:T127P:A172C:Y197R:N207K,V45A:T127P:A172C:Y197R:N207K,5,0.7354098292154566,0.4293144012108128,0.38507772503133325,0.38507772503133325,0.46699066964916347,-0.3060954280046438,-0.04423667617947958,0.9539519490732837,0.6363636363636364
V45A:T127P:A172C:A174L:K231R,V45A:T127P:A172C:A174L:K231R,5,1.5610868914974372,1.2166116347530926,1.1646704570776498,1.1646704570776498,0.7321903910463061,-0.34447525674434465,-0.05194117767544274,0.950079661940127,0.5641758241758241
V45A:T127P:S168G:N206D:N207K,V45A:T127P:S168G:N206D:N207K,5,1.8632792904879552,1.5022465991401424,1.4742221338835024,1.4742221338835024,0.6352576443778845,-0.36103269134781285,-0.028024465256640034,0.9496382418251541,0.5856565656565657
V45A:T127P:S168G:Y197R:N206D,V45A:T127P:S168G:Y197R:N206D,5,0.7737121853962348,0.46751042727306175,0.42476887744959313,0.42476887744959313,0.6672403593320716,-0.306201758123173,-0.0427415498234686,0.9522648984837941,0.6251282051282051
V45A:T127P:S168G:A174L:N206D,V45A:T127P:S168G:A174L:N206D,5,1.6455182713103282,1.2878666373619008,1.2459048092954716,1.2459048092954716,0.7639631227570464,-0.35765163394842747,-0.04196182806642912,0.9478566513226333,0.5828282828282829
V45A:T127P:S168G:A172C:K231R,V45A:T127P:S168G:A172C:K231R,5,1.857931977507267,1.5182454150265245,1.4827805904826217,1.4827805904826217,0.6465464823226958,-0.33968656248074236,-0.035464824543902936,0.9526701882515836,0.6339393939393939
V45A:T127P:N158A:N206D:K231R,V45A:T127P:N158A:N206D:K231R,5,1.8704396000507524,1.5277726355325874,1.4990661659286624,1.4990661659286624,0.8623088059230658,-0.3426669645181651,-0.028706469603924947,0.9505210578894789,0.6006060606060606
V45A:T127P:N158A:Y197R:K231R,V45A:T127P:N158A:Y197R:K231R,5,0.7376535405487419,0.431685515475818,0.3699834590086968,0.3699834590086968,0.7837971348985788,-0.30596802507292387,-0.061702056467121257,0.9505393729077939,0.5767676767676768
V45A:T127P:N158A:A174L:K231R,V45A:T127P:N158A:A174L:K231R,5,1.6486895279789517,1.295701671706166,1.252914792289215,1.252914792289215,0.8546256403335182,-0.3529878562727857,-0.042786879416951036,0.9500762443051304,0.6117948717948718
V45A:T127P:N158A:A174L:N207K,V45A:T127P:N158A:A174L:N207K,5,1.6127857034172655,1.2487673204662446,1.1988007270701586,1.1988007270701586,0.6728485252615506,-0.36401838295102074,-0.04996659339608611,0.9503572601589017,0.6278787878787878
V45A:T127P:N158A:A172C:K231R,V45A:T127P:N158A:A172C:K231R,5,1.8061050841052655,1.4637949847432408,1.4206329045969257,1.4206329045969257,0.802959510367802,-0.3423100993620247,-0.04316208014631517,0.952192331879244,0.6169230769230769
V45A:T127P:N158A:S168G:N206D,V45A:T127P:N158A:S168G:N206D,5,1.907513961005498,1.55677810381443,1.505354398492698,1.505354398492698,0.6642216960564276,-0.35073585719106803,-0.051423705321731863,0.9491176125835945,0.5745454545454545
V45A:T127P:N158A:S168G:Y197R,V45A:T127P:N158A:S168G:Y197R,5,0.7890387550487133,0.4754150743104858,0.4053881831028437,0.4053881831028437,0.6815732389234443,-0.31362368073822755,-0.0700268912076421,0.9512820055108916,0.6278787878787878
V45A:T127P:F143S:Y197R:K231R,V45A:T127P:F143S:Y197R:K231R,5,0.23339954876201138,0.0633480501963965,0.11620738980824113,0.11620738980824113,0.8149693495989033,-0.17005149856561488,0.05285933961184463,0.950506775833223,0.5894949494949495
V45A:T127P:F143S:A174L:K231R,V45A:T127P:F143S:A174L:K231R,5,0.5793359153497744,0.27974616393702606,0.24494865397342463,0.24494865397342463,0.74412068504022,-0.2995897514127483,-0.03479750996360144,0.9492349220342753,0.6
V45A:T127P:F143S:A172C:Y197R,V45A:T127P:F143S:A172C:Y197R,5,0.22912964533807006,0.06502869258468427,0.12340324703203394,0.12340324703203394,0.6404511608898965,-0.1641009527533858,0.058374554447349666,0.9513853417117888,0.6056565656565656
V45A:T127P:F143S:S168G:N207K,V45A:T127P:F143S:S168G:N207K,5,0.7695473462664474,0.4468940516618645,0.39719414661100083,0.39719414661100083,0.4601938436238676,-0.32265329460458286,-0.049699905050863705,0.9498563176725205,0.6177777777777778
V45A:T127P:F143S:S168G:N206D,V45A:T127P:F143S:S168G:N206D,5,0.7752125996354542,0.46402189735248617,0.41058616106415147,0.41058616106415147,0.6062960472043919,-0.311190702282968,-0.05343573628833469,0.9496887072102762,0.5977777777777777
V45A:T127P:F143S:S168G:A172C,V45A:T127P:F143S:S168G:A172C,5,0.7724091001227522,0.4617545938073658,0.4159444293918799,0.4159444293918799,0.4145748790181738,-0.31065450631538644,-0.04581016441548584,0.9499900029398194,0.598989898989899
V45A:T127P:F143S:N158A:N207K,V45A:T127P:F143S:N158A:N207K,5,0.7589873065544097,0.4441592857341667,0.38771033031870406,0.38771033031870406,0.6048268660061165,-0.314828020820243,-0.05644895541546263,0.950721096218808,0.6412121212121212
V45A:T127P:F143S:N158A:Y197R,V45A:T127P:F143S:N158A:Y197R,5,0.2588868880155252,0.09110056683567386,0.14848849805850087,0.14848849805850087,0.6852054072619216,-0.16778632117985132,0.05738793122282702,0.9520502130161951,0.6351515151515151
V45A:L63M:Y197R:N207K:K231R,V45A:L63M:Y197R:N207K:K231R,5,0.4633821934836223,0.2152601518747944,0.2137832280876516,0.2137832280876516,0.6841274380375235,-0.24812204160882792,-0.00147692378714279,0.952960153541549,0.6206060606060606
V45A:L63M:Y197R:N206D:N207K,V45A:L63M:Y197R:N206D:N207K,5,0.49484320281232635,0.23595868771832318,0.21681817040481657,0.21681817040481657,0.5752253599745087,-0.2588845150940032,-0.019140517313506605,0.9519080299873908,0.6290909090909091
V45A:L63M:A174L:N206D:K231R,V45A:L63M:A174L:N206D:K231R,5,0.993353598477595,0.6365138608983645,0.5728553430870933,0.5728553430870933,0.6222924520639245,-0.35683973757923043,-0.06365851781127117,0.9476339625569388,0.5735930735930735
V45A:L63M:A174L:Y197R:N206D,V45A:L63M:A174L:Y197R:N206D,5,0.36447225696408303,0.13003250894700244,0.15510540609270518,0.15510540609270518,0.5113848647617437,-0.2344397480170806,0.02507289714570275,0.9496299395256852,0.6008658008658008
V45A:L63M:A172C:A174L:K231R,V45A:L63M:A172C:A174L:K231R,5,0.927327179959225,0.5897399007085289,0.5264656960357303,0.5264656960357303,0.7206996697411976,-0.33758727925069604,-0.06327420467279853,0.9499422549865659,0.5806060606060606
V45A:L63M:A172C:A174L:N206D,V45A:L63M:A172C:A174L:N206D,5,0.9553810791512731,0.6045352848200833,0.5437299662132158,0.5437299662132158,0.5955222589009793,-0.35084579433118973,-0.060805318606867574,0.9460277987706169,0.5529870129870129
V45A:L63M:S168G:N207K:K231R,V45A:L63M:S168G:N207K:K231R,5,1.181157930481417,0.8257652526881912,0.7632545553156247,0.7632545553156247,0.5609545685551387,-0.3553926777932258,-0.0625106973725665,0.9535591470985686,0.6212121212121212
V45A:L63M:S168G:N206D:K231R,V45A:L63M:S168G:N206D:K231R,5,1.2417574601481132,0.890305734066658,0.8382343626901938,0.8382343626901938,0.5380202367429681,-0.35145172608145514,-0.052071371376464205,0.9512558560743474,0.6078787878787878
V45A:L63M:S168G:A172C:K231R,V45A:L63M:S168G:A172C:K231R,5,1.178891304069069,0.8344236361299486,0.7761713181838048,0.7761713181838048,0.6482311063977618,-0.34446766793912037,-0.058252317946143876,0.9534176702179613,0.6212121212121212
V45A:L63M:S168G:A172C:N206D,V45A:L63M:S168G:A172C:N206D,5,1.1990918441352905,0.8380748683010872,0.7734504781069713,0.7734504781069713,0.5448196211955011,-0.36101697583420317,-0.06462439019411592,0.9507850676455327,0.6351515151515151
V45A:L63M:N158A:Y197R:K231R,V45A:L63M:N158A:Y197R:K231R,5,0.4571123169215718,0.2119667076511799,0.2170039814088386,0.2170039814088386,0.6760815405700926,-0.2451456092703919,0.005037273757658684,0.9520315499813664,0.6056565656565656
V45A:L63M:N158A:A174L:N206D,V45A:L63M:N158A:A174L:N206D,5,1.0559327461183625,0.7068178188644527,0.6451293036938339,0.6451293036938339,0.6283531754304524,-0.3491149272539098,-0.06168851517061881,0.9477866486858513,0.5875324675324676
V45A:L63M:N158A:A174L:Y197R,V45A:L63M:N158A:A174L:Y197R,5,0.42508716012953196,0.1893421681344719,0.20527059833437022,0.20527059833437022,0.651531730171315,-0.23574499199506005,0.01592843019989831,0.9533364715222152,0.6402797202797202
V45A:L63M:N158A:A172C:N207K,V45A:L63M:N158A:A172C:N207K,5,1.1571111359234978,0.8121298562825732,0.7481842111295722,0.7481842111295722,0.7767809025634027,-0.3449812796409247,-0.06394564515300094,0.9521104080264602,0.6463403263403263
V45A:L63M:N158A:A172C:A174L,V45A:L63M:N158A:A172C:A174L,5,1.030738398630116,0.6937764985420911,0.6356107306589862,0.6356107306589862,0.7557086512051377,-0.3369619000880248,-0.058165767883104846,0.9507223403424732,0.598989898989899
V45A:L63M:N158A:S168G:N206D,V45A:L63M:N158A:S168G:N206D,5,1.2402786937771415,0.8813260582125677,0.8111550842567229,0.8111550842567229,0.5221802513701288,-0.3589526355645738,-0.07017097395584479,0.9496000569684779,0.5856565656565657
V45A:L63M:N158A:S168G:Y197R,V45A:L63M:N158A:S168G:Y197R,5,0.5114307566373343,0.25832112923196937,0.25618203848669346,0.25618203848669346,0.668503566133548,-0.2531096274053649,-0.002139090745275889,0.9533713308610865,0.6339393939393939
V45A:L63M:F143S:N206D:N207K,V45A:L63M:F143S:N206D:N207K,5,0.5596446088973053,0.3003211630931036,0.26640098355796227,0.26640098355796227,0.7345789958032559,-0.2593234458042017,-0.033920179535141294,0.9504198410491316,0.6129292929292929
V45A:L63M:F143S:A174L:K231R,V45A:L63M:F143S:A174L:K231R,5,0.42665402265784813,0.20012318068591428,0.23352183232017393,0.23352183232017393,0.690390563398891,-0.22653084197193385,0.03339865163425964,0.9518801313516869,0.6301787101787102
V45A:L63M:F143S:A174L:N206D,V45A:L63M:F143S:A174L:N206D,5,0.44966125986881994,0.213227464957449,0.2289593993751685,0.2289593993751685,0.715797985531822,-0.23643379491137095,0.015731934417719494,0.9477461949162576,0.5390476190476191
V45A:L63M:F143S:A174L:Y197R,V45A:L63M:F143S:A174L:Y197R,5,0.4578512704858777,0.4206895823695415,0.5467578769331226,0.5467578769331226,0.6763350885379702,-0.03716168811633617,0.12606829456358112,0.9525447355737043,0.6050505050505051
V45A:L63M:F143S:A172C:N207K,V45A:L63M:F143S:A172C:N207K,5,0.5028836275013933,0.261848612838296,0.26598389772375614,0.26598389772375614,0.7358799795798499,-0.24103501466309724,0.0041352848854601075,0.9522403876881695,0.6145454545454545
V45A:L63M:F143S:A172C:N206D,V45A:L63M:F143S:A172C:N206D,5,0.46605592745778,0.21759614791862214,0.21401628119602553,0.21401628119602553,0.6765487999082815,-0.24845977953915788,-0.0035798667225966072,0.950593546682898,0.5968453768453769
V45A:L63M:F143S:A172C:Y197R,V45A:L63M:F143S:A172C:Y197R,5,0.3955602811243568,0.35091219268220875,0.5044500747351089,0.5044500747351089,0.7052853188142845,-0.044648088442148084,0.1535378820529002,0.9524740317341751,0.6317948717948718
V45A:L63M:F143S:A172C:A174L,V45A:L63M:F143S:A172C:A174L,5,0.4211162284539406,0.20535292162036115,0.25090188751564435,0.25090188751564435,0.8237195468864126,-0.21576330683357944,0.04554896589528322,0.9493563699842049,0.5694949494949495
V45A:L63M:F143S:S168G:K231R,V45A:L63M:F143S:S168G:K231R,5,0.562236225078329,0.3198755289175679,0.3189046334127714,0.3189046334127714,0.5105432162411734,-0.2423606961607612,-0.000970895504796465,0.9537261829051392,0.6324009324009323
V45A:L63M:F143S:S168G:N206D,V45A:L63M:F143S:S168G:N206D,5,0.577390103163474,0.3218162797412501,0.3112996957494076,0.3112996957494076,0.5225245364128875,-0.25557382342222396,-0.01051658399184253,0.9508679138259399,0.618989898989899
V45A:L63M:T127P:A172C:N207K,V45A:L63M:T127P:A172C:N207K,5,1.2139401052658827,0.8425925393380337,0.7634367149366493,0.7634367149366493,0.5115044291740808,-0.371347565927849,-0.07915582440138431,0.9523711585900543,0.6262626262626263
V45A:L63M:T127P:S168G:K231R,V45A:L63M:T127P:S168G:K231R,5,1.302843127090798,0.9373017311123798,0.8492398102411524,0.8492398102411524,0.5336238180824238,-0.3655413959784183,-0.08806192087122745,0.9517618708174579,0.6078787878787878
V45A:L63M:T127P:S168G:N207K,V45A:L63M:T127P:S168G:N207K,5,1.2754940207432304,0.8984630053069972,0.8238964854689194,0.8238964854689194,0.47445597026346514,-0.3770310154362332,-0.07456651983807783,0.9510796658981571,0.618989898989899
V45A:L63M:T127P:N158A:K231R,V45A:L63M:T127P:N158A:K231R,5,1.2212177715355543,0.8555215914020423,0.7734153607171128,0.7734153607171128,0.8727406744667445,-0.365696180133512,-0.08210623068492952,0.9518936129829643,0.6190675990675991
V45A:L63M:T127P:N158A:N206D,V45A:L63M:T127P:N158A:N206D,5,1.2422601390815835,0.8765437266941025,0.7947611532569209,0.7947611532569209,0.6830612334645191,-0.365716412387481,-0.08178257343718164,0.9498457517062168,0.6218181818181818
V45A:L63M:T127P:F143S:N206D,V45A:L63M:T127P:F143S:N206D,5,0.5908031758106991,0.33275873950943474,0.3198540781005728,0.3198540781005728,0.7310018768205448,-0.25804443630126433,-0.012904661408861939,0.9493340628000448,0.6028282828282828
V45A:L63M:T127P:F143S:A174L,V45A:L63M:T127P:F143S:A174L,5,0.5672796725801371,0.33207908261452046,0.34692921246609904,0.34692921246609904,0.6818266031845849,-0.23520058996561666,0.01485012985157855,0.949742699281183,0.6117171717171717
D20N:A174L:Y197R:N207K:K231R,D20N:A174L:Y197R:N207K:K231R,5,0.6969515169925264,0.39002989407509375,0.35219896586930316,0.35219896586930316,0.7259010487536507,-0.3069216229174327,-0.0378309282057906,0.9511374057225177,0.6218181818181818
D20N:A172C:Y197R:N206D:N207K,D20N:A172C:Y197R:N206D:N207K,5,0.8278030861907688,0.4996775879888827,0.4423351598718675,0.4423351598718675,0.7317217282956481,-0.32812549820188613,-0.05734242811701517,0.9506480428349551,0.6072727272727272
D20N:A172C:A174L:N207K:K231R,D20N:A172C:A174L:N207K:K231R,5,1.690710434660673,1.33425458771688,1.2980830178495317,1.2980830178495317,0.7417127991196749,-0.35645584694379295,-0.0361715698673484,0.9494537930729232,0.6056565656565656
D20N:A172C:A174L:N206D:K231R,D20N:A172C:A174L:N206D:K231R,5,1.7285462863084222,1.3873959980115926,1.3665047170880393,1.3665047170880393,0.9014326176673082,-0.3411502882968296,-0.020891280923553402,0.9481418521805896,0.6006837606837607
D20N:S168G:A174L:N206D:N207K,D20N:S168G:A174L:N206D:N207K,5,1.736843659737891,1.3510493264192662,1.2783384989967863,1.2783384989967863,0.5470942899656602,-0.3857943333186247,-0.07271082742247996,0.9454884200060436,0.537085137085137
D20N:S168G:A174L:Y197R:N207K,D20N:S168G:A174L:Y197R:N207K,5,0.6847593401430738,0.3610947251566919,0.3118507510901767,0.3118507510901767,0.6945084921795863,-0.32366461498638194,-0.04924397406651522,0.9502463916452039,0.6056565656565656
D20N:S168G:A174L:Y197R:N206D,D20N:S168G:A174L:Y197R:N206D,5,0.7084352287091267,0.4003579737924689,0.35938093249271585,0.35938093249271585,0.567934727688715,-0.3080772549166578,-0.040977041299753054,0.9495698632785267,0.5975091575091576
D20N:S168G:A172C:N207K:K231R,D20N:S168G:A172C:N207K:K231R,5,1.920077008012283,1.5482605734450225,1.503708192152323,1.503708192152323,0.5298155803592248,-0.3718164345672606,-0.04455238129269962,0.9518885557626341,0.6129292929292929
D20N:S168G:A172C:A174L:N207K,D20N:S168G:A172C:A174L:N207K,5,1.729089104625412,1.3490696664379824,1.2803696498418515,1.2803696498418515,0.5913912760618304,-0.38001943818742956,-0.06870001659613083,0.9480979276614706,0.604040404040404
D20N:S168G:A172C:A174L:N206D,D20N:S168G:A172C:A174L:N206D,5,1.7599422500517252,1.3908077521390143,1.3347796770615272,1.3347796770615272,0.683004639245038,-0.3691344979127108,-0.056028075077487124,0.9477762129125112,0.5847041847041847
D20N:N158A:Y197R:N206D:K231R,D20N:N158A:Y197R:N206D:K231R,5,0.814654717482714,0.4905660127652213,0.4152710346344573,0.4152710346344573,0.6227453281268626,-0.3240887047174927,-0.07529497813076401,0.9508501506686418,0.618989898989899
D20N:N158A:A172C:N207K:K231R,D20N:N158A:A172C:N207K:K231R,5,1.9112995443243235,1.5347222942745837,1.4599236066261172,1.4599236066261172,0.7443500857694589,-0.37657725004973985,-0.0747986876484665,0.9504191755723236,0.5967676767676767
D20N:N158A:A172C:N206D:N207K,D20N:N158A:A172C:N206D:N207K,5,1.9573604899663013,1.5768138049995302,1.5183386540403856,1.5183386540403856,0.554213894530536,-0.3805466849667712,-0.05847515095914459,0.9492177676837497,0.6117171717171717
D20N:N158A:A172C:Y197R:K231R,D20N:N158A:A172C:Y197R:K231R,5,0.7355508872922216,0.41490609702188713,0.35034161830787103,0.35034161830787103,0.8057407238364173,-0.3206447902703345,-0.06456447871401608,0.9514127336078555,0.6206060606060606
D20N:N158A:A172C:A174L:Y197R,D20N:N158A:A172C:A174L:Y197R,5,0.7401449837321781,0.434963748772577,0.3912799810882624,0.3912799810882624,0.7033140922904867,-0.3051812349596011,-0.043683767684314596,0.9508702430653649,0.6351515151515151
D20N:N158A:S168G:Y197R:N207K,D20N:N158A:S168G:Y197R:N207K,5,0.8218026645498819,0.47840715654153154,0.3977353155683869,0.3977353155683869,0.5770964524578369,-0.3433955080083504,-0.08067184097314462,0.9519817281774625,0.6524009324009323
D20N:F143S:Y197R:N207K:K231R,D20N:F143S:Y197R:N207K:K231R,5,0.3349271217050884,0.14738167078252595,0.19074445697042097,0.19074445697042097,0.6601438123073547,-0.18754545092256247,0.04336278618789502,0.9507037003885781,0.6351515151515151
D20N:F143S:A174L:N206D:N207K,D20N:F143S:A174L:N206D:N207K,5,0.7378520148722758,0.4163895947015578,0.36350804354662397,0.36350804354662397,0.6026487081022893,-0.321462420170718,-0.05288155115493383,0.946591267379751,0.6101010101010101
D20N:F143S:A172C:A174L:N207K,D20N:F143S:A172C:A174L:N207K,5,0.7026971465038698,0.3917740255082361,0.34605893188105563,0.34605893188105563,0.653541745645525,-0.31092312099563374,-0.04571509362718046,0.9479020737364768,0.5783838383838383
D20N:F143S:A172C:A174L:Y197R,D20N:F143S:A172C:A174L:Y197R,5,0.27208940417785954,0.11965266572660746,0.1749559265977857,0.1749559265977857,0.8797785269730992,-0.15243673845125208,0.05530326087117822,0.9496175804519835,0.6117171717171717
D20N:F143S:S168G:N207K:K231R,D20N:F143S:S168G:N207K:K231R,5,0.8184272348807031,0.47861716565852663,0.3904633337358712,0.3904633337358712,0.33785170125613234,-0.3398100692221765,-0.08815383192265543,0.950934551719025,0.6028282828282828
D20N:F143S:S168G:N206D:N207K,D20N:F143S:S168G:N206D:N207K,5,0.8433833074086958,0.4919255081683072,0.4076637133015205,0.4076637133015205,0.3405541041625445,-0.3514577992403886,-0.08426179486678669,0.9491391658896211,0.6028282828282828
D20N:F143S:S168G:A172C:K231R,D20N:F143S:S168G:A172C:K231R,5,0.7448305212436366,0.4180690268521338,0.35071858585867205,0.35071858585867205,0.6006264367479465,-0.32676149439150276,-0.06735044099346175,0.9523594353072171,0.6190675990675991
D20N:F143S:S168G:A172C:N207K,D20N:F143S:S168G:A172C:N207K,5,0.811388701479616,0.46448019835144505,0.38612873013865634,0.38612873013865634,0.4750362719223566,-0.3469085031281709,-0.07835146821278868,0.9485947592558632,0.5856565656565657
D20N:F143S:S168G:A172C:Y197R,D20N:F143S:S168G:A172C:Y197R,5,0.2526731508596801,0.06198801056908598,0.10494273527431917,0.10494273527431917,0.6301449717377083,-0.19068514029059414,0.04295472470523319,0.9497218782942433,0.5584615384615385
D20N:F143S:N158A:N206D:N207K,D20N:F143S:N158A:N206D:N207K,5,0.8520675660469119,0.5111241714814447,0.4299002196673168,0.4299002196673168,0.3776407613567648,-0.3409433945654672,-0.08122395181412796,0.948229966687739,0.5733333333333334
D20N:F143S:N158A:Y197R:K231R,D20N:F143S:N158A:Y197R:K231R,5,0.23667558229236663,0.05094305807759145,0.10816043862305273,0.10816043862305273,0.6612861026751273,-0.18573252421477518,0.057217380545461285,0.9508970771159728,0.5844444444444444
D20N:F143S:N158A:Y197R:N207K,D20N:F143S:N158A:Y197R:N207K,5,0.33597462952059265,0.14096632803704912,0.17773684443446036,0.17773684443446036,0.6177368703450646,-0.19500830148354353,0.03677051639741123,0.9494008568906127,0.5917171717171718
D20N:F143S:N158A:Y197R:N206D,D20N:F143S:N158A:Y197R:N206D,5,0.25260416069860836,0.062295431934794615,0.1112671683149769,0.1112671683149769,0.5931977373063776,-0.19030872876381374,0.0489717363801823,0.9519317375131328,0.6050505050505051
D20N:F143S:N158A:A174L:K231R,D20N:F143S:N158A:A174L:K231R,5,0.7370071732304837,0.42221362903963816,0.3692946634863412,0.3692946634863412,0.5324696502178866,-0.31479354419084554,-0.05291896555329694,0.9523549629322892,0.6575291375291374
D20N:F143S:N158A:A174L:N206D,D20N:F143S:N158A:A174L:N206D,5,0.7603146143900189,0.4389863110798533,0.38020165471540823,0.38020165471540823,0.6051809637824473,-0.3213283033101656,-0.05878465636444506,0.9496625474222151,0.6250505050505051
D20N:F143S:N158A:A174L:Y197R,D20N:F143S:N158A:A174L:Y197R,5,0.33015187012529346,0.1553626475112534,0.19302071807042182,0.19302071807042182,0.7161884284467512,-0.17478922261404006,0.03765807055916841,0.9503104148739577,0.5945454545454545
D20N:F143S:N158A:A172C:N207K,D20N:F143S:N158A:A172C:N207K,5,0.7960233307885374,0.45832491422712046,0.3787969431818082,0.3787969431818082,0.5773464727703637,-0.3376984165614169,-0.0795279710453123,0.9484683464263725,0.5806060606060607
D20N:F143S:N158A:A172C:Y197R,D20N:F143S:N158A:A172C:Y197R,5,0.21098171761160678,0.031054978220939167,0.10639548471229758,0.10639548471229758,0.8487353338353016,-0.1799267393906676,0.07534050649135841,0.9503305221909872,0.5945454545454545
D20N:F143S:N158A:S168G:A172C,D20N:F143S:N158A:S168G:A172C,5,0.7548678720595624,0.4140879172059422,0.3416635122406837,0.3416635122406837,0.5041979937486297,-0.3407799548536202,-0.07242440496525851,0.9500577803842274,0.5828282828282829
D20N:T127P:A174L:N206D:K231R,D20N:T127P:A174L:N206D:K231R,5,1.8519867544289477,1.4853150004437685,1.436277895194693,1.436277895194693,1.0284752909541814,-0.36667175398517915,-0.04903710524907542,0.9482408096479681,0.5917171717171718
D20N:T127P:A174L:Y197R:K231R,D20N:T127P:A174L:Y197R:K231R,5,0.7763575196703443,0.4596343515197539,0.4095912058669447,0.4095912058669447,0.7165660339657707,-0.3167231681505904,-0.05004314565280921,0.9509562640674382,0.6117171717171717
D20N:T127P:A174L:Y197R:N206D,D20N:T127P:A174L:Y197R:N206D,5,0.7739115243974797,0.45599967438107003,0.4142389813301316,0.4142389813301316,0.8394579014390048,-0.31791185001640965,-0.041760693050938456,0.9485491502827559,0.5977777777777777
D20N:T127P:A172C:Y197R:N207K,D20N:T127P:A172C:Y197R:N207K,5,0.8544602543585522,0.5087404716194686,0.4335819622380357,0.4335819622380357,0.6460132249428481,-0.3457197827390836,-0.07515850938143284,0.9533386038927688,0.6463403263403263
D20N:T127P:A172C:A174L:N206D,D20N:T127P:A172C:A174L:N206D,5,1.8164822317177036,1.4519389997870327,1.4097571184543722,1.4097571184543722,0.7738158445838165,-0.3645432319306709,-0.0421818813326605,0.9479858252622708,0.5977777777777777
D20N:T127P:S168G:A174L:K231R,D20N:T127P:S168G:A174L:K231R,5,1.8578643487328337,1.4830154065760697,1.4275171934014939,1.4275171934014939,0.6309040121544769,-0.37484894215676395,-0.0554982131745759,0.9501616562592172,0.6041181041181041
D20N:T127P:S168G:A174L:N207K,D20N:T127P:S168G:A174L:N207K,5,1.808065517738122,1.4141218452736557,1.332835483156364,1.332835483156364,0.5405480933935692,-0.39394367246446627,-0.08128636211729164,0.9472313145997356,0.5767676767676768
D20N:T127P:S168G:A174L:N206D,D20N:T127P:S168G:A174L:N206D,5,1.854943857087436,1.4813677127117777,1.4336837158022118,1.4336837158022118,0.7700965847667737,-0.3735761443756583,-0.04768399690956594,0.9462648587695781,0.5240981240981241
D20N:T127P:S168G:A174L:Y197R,D20N:T127P:S168G:A174L:Y197R,5,0.7936254758740585,0.46773800248974473,0.40696626648693324,0.40696626648693324,0.655098955448771,-0.3258874733843138,-0.0607717360028115,0.9505908377108339,0.6006060606060606
D20N:T127P:N158A:N206D:K231R,D20N:T127P:N158A:N206D:K231R,5,1.9679372286964285,1.5855795846356155,1.5286315521193732,1.5286315521193732,0.8029284474301918,-0.382357644060813,-0.05694803251624243,0.950939615939616,0.6028282828282828
D20N:T127P:N158A:N206D:N207K,D20N:T127P:N158A:N206D:N207K,5,1.9988313336212922,1.606065481881887,1.5459307120457169,1.5459307120457169,0.631957781650448,-0.3927658517394052,-0.06013476983617006,0.9490097037465459,0.6028282828282828
D20N:T127P:N158A:Y197R:N207K,D20N:T127P:N158A:Y197R:N207K,5,0.8490618289531144,0.49279010133994156,0.4035384512866139,0.4035384512866139,0.7525483594376313,-0.3562717276131729,-0.08925165005332761,0.9514751425644938,0.6484848484848484
D20N:T127P:N158A:A174L:Y197R,D20N:T127P:N158A:A174L:Y197R,5,0.8025786201537746,0.46917230625356854,0.3901923290050732,0.3901923290050732,0.6645848975876711,-0.33340631390020603,-0.07897997724849533,0.9505071206602687,0.6056565656565656
D20N:T127P:N158A:S168G:N206D,D20N:T127P:N158A:S168G:N206D,5,1.9669824615522895,1.5720676483526879,1.5094892664712491,1.5094892664712491,0.6096783722311481,-0.3949148131996017,-0.0625783818814387,0.9493928315879534,0.6101010101010101
D20N:T127P:N158A:S168G:A172C,D20N:T127P:N158A:S168G:A172C,5,1.9636165352186492,1.569837641190507,1.5001024248447468,1.5001024248447468,0.4429227703026145,-0.3937788940281421,-0.06973521634576035,0.9510878416522507,0.6051282051282051
D20N:T127P:F143S:N206D:N207K,D20N:T127P:F143S:N206D:N207K,5,0.8792360018838884,0.5277110360631392,0.44531779199801647,0.44531779199801647,0.650050985447435,-0.35152496582074927,-0.08239324406512274,0.9483931584564477,0.5828282828282829
D20N:T127P:F143S:A174L:N207K,D20N:T127P:F143S:A174L:N207K,5,0.7976853686008701,0.4613572834469,0.39653669625381605,0.39653669625381605,0.5347982333140202,-0.3363280851539701,-0.06482058719308396,0.9470467647247833,0.5767676767676768
D20N:T127P:F143S:A172C:Y197R,D20N:T127P:F143S:A172C:Y197R,5,0.2639821651695721,0.07516642586900038,0.13209469179432404,0.13209469179432404,0.8259297427318967,-0.18881573930057174,0.05692826592532366,0.9512916532585013,0.6129292929292929
D20N:T127P:F143S:A172C:A174L,D20N:T127P:F143S:A172C:A174L,5,0.781551066369285,0.4640851211842773,0.4109203880916135,0.4109203880916135,0.5809376406404883,-0.31746594518500765,-0.053164733092663764,0.9487297841457647,0.5917171717171718
D20N:T127P:F143S:S168G:Y197R,D20N:T127P:F143S:S168G:Y197R,5,0.3125692967450171,0.11468825643411223,0.15267112323329596,0.15267112323329596,0.5799502777965289,-0.19788104031090487,0.03798286679918374,0.950566221761956,0.6212121212121212
D20N:T127P:F143S:S168G:A174L,D20N:T127P:F143S:S168G:A174L,5,0.8253599366796278,0.5012140139950798,0.4313259533197439,0.4313259533197439,0.474619346598149,-0.324145922684548,-0.0698880606753359,0.9473807076903051,0.5606060606060606
D20N:T127P:F143S:S168G:A172C,D20N:T127P:F143S:S168G:A172C,5,0.8286587534364167,0.4785822399465202,0.38825353766267123,0.38825353766267123,0.46937495867183815,-0.3500765134898965,-0.09032870228384897,0.9492587496915798,0.5606060606060606
D20N:T127P:F143S:N158A:N206D,D20N:T127P:F143S:N158A:N206D,5,0.7801154879573818,0.4381841873825157,0.3820498524353161,0.3820498524353161,0.6218666138633886,-0.34193130057486615,-0.05613433494719959,0.9503556451741364,0.6088888888888888
D20N:T127P:F143S:N158A:A174L,D20N:T127P:F143S:N158A:A174L,5,0.8141878940165233,0.47889129328662206,0.4090263129972622,0.4090263129972622,0.5150830730538578,-0.3352966007299012,-0.06986498028935981,0.94864741268615,0.5872727272727273
D20N:T127P:F143S:N158A:S168G,D20N:T127P:F143S:N158A:S168G,5,0.801930763758417,0.45478766659465664,0.3938367689022957,0.3938367689022957,0.4822321072330346,-0.34714309716376035,-0.060950897692360964,0.9492121115805325,0.5844444444444444
D20N:L63M:Y197R:N207K:K231R,D20N:L63M:Y197R:N207K:K231R,5,0.6432652350300039,0.3656038674730885,0.3481992968663917,0.3481992968663917,0.6300415353836607,-0.2776613675569154,-0.01740457060669676,0.9510198754415953,0.5945454545454545
D20N:L63M:Y197R:N206D:K231R,D20N:L63M:Y197R:N206D:K231R,5,0.6173506131849253,0.3499402580157374,0.33832119708999925,0.33832119708999925,0.5071788906243319,-0.26741035516918793,-0.011619060925738181,0.9508569192627272,0.5929292929292929
D20N:L63M:Y197R:N206D:N207K,D20N:L63M:Y197R:N206D:N207K,5,0.6586664403784375,0.3706164368728538,0.3423590112031725,0.3423590112031725,0.6050261524403343,-0.2880500035055837,-0.02825742566968124,0.9499722709280087,0.5983838383838384
D20N:L63M:A174L:N206D:K231R,D20N:L63M:A174L:N206D:K231R,5,1.281668014029031,0.9252565746971877,0.8729075773541907,0.8729075773541907,0.6430039770131166,-0.3564114393318433,-0.052348997342997035,0.9470735315432013,0.559047619047619
D20N:L63M:A174L:Y197R:K231R,D20N:L63M:A174L:Y197R:K231R,5,0.595666048087405,0.35120945643481905,0.35158398603540464,0.35158398603540464,0.5562454853206806,-0.24445659165258596,0.0003745296005855992,0.9522938433039997,0.6390675990675991
D20N:L63M:A172C:N206D:N207K,D20N:L63M:A172C:N206D:N207K,5,1.3467428516993938,0.9501059453696694,0.8571494337381476,0.8571494337381476,0.5633895333193254,-0.3966369063297243,-0.09295651163152191,0.9486279500519581,0.6079564879564879
D20N:L63M:A172C:Y197R:N206D,D20N:L63M:A172C:Y197R:N206D,5,0.5382321585678084,0.26519379358068534,0.2505406916574514,0.2505406916574514,0.6566301903752328,-0.27303836498712303,-0.014653101923233955,0.9510268173520959,0.6079564879564879
D20N:L63M:A172C:A174L:K231R,D20N:L63M:A172C:A174L:K231R,5,1.21172848476309,0.8716590754670812,0.8217862960411234,0.8217862960411234,0.6713178130350657,-0.3400694092960089,-0.04987277942595779,0.9495099342992971,0.5872727272727273
D20N:L63M:A172C:A174L:N206D,D20N:L63M:A172C:A174L:N206D,5,1.2237225799748677,0.8640248901388545,0.812173386953503,0.812173386953503,0.7120498693440254,-0.35969768983601313,-0.05185150318535151,0.94486824555224,0.5279365079365079
D20N:L63M:S168G:N207K:K231R,D20N:L63M:S168G:N207K:K231R,5,1.382438105509961,0.9936553175592991,0.9008157344672271,0.9008157344672271,0.35155224774709043,-0.3887827879506619,-0.09283958309207203,0.9508914515443457,0.5828282828282829
D20N:L63M:S168G:N206D:K231R,D20N:L63M:S168G:N206D:K231R,5,1.4010094951327154,1.0174445683287265,0.919029213149057,0.919029213149057,0.5435131411912822,-0.3835649268039888,-0.09841535517966957,0.9506181820421901,0.6050505050505051
D20N:L63M:S168G:A174L:N206D,D20N:L63M:S168G:A174L:N206D,5,1.2875583419033103,0.9187419195870605,0.8627525437396459,0.8627525437396459,0.6192326518316053,-0.3688164223162497,-0.05598937584741456,0.9462297793072543,0.5431457431457432
D20N:L63M:S168G:A172C:K231R,D20N:L63M:S168G:A172C:K231R,5,1.3342302283061,0.960892989575681,0.8833770523503742,0.8833770523503742,0.5987487105608253,-0.3733372387304191,-0.07751593722530684,0.9526797992251421,0.6262626262626263
D20N:L63M:N158A:N207K:K231R,D20N:L63M:N158A:N207K:K231R,5,1.343862179668759,0.9556691447509744,0.8668830240973535,0.8668830240973535,0.5668982684296818,-0.3881930349177847,-0.08878612065362092,0.9504538173857814,0.5945454545454545
D20N:L63M:N158A:N206D:K231R,D20N:L63M:N158A:N206D:K231R,5,1.3386284379277256,0.961382712669363,0.8855480350334666,0.8855480350334666,0.5366599333530194,-0.3772457252583626,-0.07583467763589642,0.9495232087520948,0.5694949494949495
D20N:L63M:N158A:N206D:N207K,D20N:L63M:N158A:N206D:N207K,5,1.3748470997775681,0.9853088698778589,0.9171952472875686,0.9171952472875686,0.5036548818353426,-0.38953822989970915,-0.06811362259029027,0.9478548986893017,0.5711111111111111
D20N:L63M:N158A:A174L:N207K,D20N:L63M:N158A:A174L:N207K,5,1.2674343197269535,0.8831465197683248,0.7949198857356964,0.7949198857356964,0.6872150652459786,-0.3842877999586288,-0.08822663403262838,0.9487496147203162,0.6117171717171717
D20N:L63M:N158A:A174L:N206D,D20N:L63M:N158A:A174L:N206D,5,1.2853233289074322,0.9095712790295597,0.8223240929000191,0.8223240929000191,0.6304087246617847,-0.3757520498778725,-0.08724718612954065,0.9464393145167893,0.5624819624819625
D20N:L63M:N158A:A172C:K231R,D20N:L63M:N158A:A172C:K231R,5,1.2477995417718155,0.8740766145049857,0.7938375271170077,0.7938375271170077,0.7493714665848972,-0.37372292726682976,-0.08023908738797804,0.9529016514889681,0.6278787878787878
D20N:L63M:N158A:A172C:N206D,D20N:L63M:N158A:A172C:N206D,5,1.2679984889906752,0.8817981682276023,0.7958703717159031,0.7958703717159031,0.6169760386231847,-0.386200320763073,-0.08592779651169916,0.9497464066068717,0.6140170940170939
D20N:L63M:N158A:A172C:A174L,D20N:L63M:N158A:A172C:A174L,5,1.2562158706716144,0.8894896477489678,0.7956795300156269,0.7956795300156269,0.7303928685110473,-0.3667262229226467,-0.09381011773334087,0.9494420664388299,0.5694949494949495
D20N:L63M:N158A:S168G:A174L,D20N:L63M:N158A:S168G:A174L,5,1.3047293222147185,0.9298668581891374,0.8420871900778328,0.8420871900778328,0.6164646482038775,-0.37486246402558104,-0.08777966811130454,0.9513913457815896,0.6374514374514375
D20N:L63M:N158A:S168G:A172C,D20N:L63M:N158A:S168G:A172C,5,1.3146597002028853,0.9261641728831234,0.8351402176208698,0.8351402176208698,0.568542512537291,-0.38849552731976184,-0.09102395526225364,0.951957079915106,0.618989898989899
D20N:L63M:F143S:N207K:K231R,D20N:L63M:F143S:N207K:K231R,5,0.7000102630644733,0.4279917470277815,0.4159564682155614,0.4159564682155614,0.5056360156264162,-0.27201851603669186,-0.012035278812220057,0.9507164784113465,0.5783838383838383
D20N:L63M:F143S:N206D:K231R,D20N:L63M:F143S:N206D:K231R,5,0.6654458838059272,0.4008065720064615,0.39110750638290154,0.39110750638290154,0.614542802608131,-0.26463931179946565,-0.009699065623559995,0.9502329442803216,0.6078787878787878
D20N:L63M:F143S:Y197R:N206D,D20N:L63M:F143S:Y197R:N206D,5,0.5175248026034134,0.4523264786611995,0.6435605819820148,0.6435605819820148,0.64787238360094,-0.06519832394221385,0.1912341033208153,0.951988933314212,0.6383838383838384
D20N:L63M:F143S:A174L:N207K,D20N:L63M:F143S:A174L:N207K,5,0.6911877345093672,0.4461948094845304,0.4678310334524684,0.4678310334524684,0.6818512360807356,-0.24499292502483686,0.021636223967937993,0.9490899206872279,0.5967676767676767
D20N:L63M:F143S:A174L:Y197R,D20N:L63M:F143S:A174L:Y197R,5,0.6445696591886151,0.6004970864109054,0.7767350334191513,0.7767350334191513,0.7377938244863028,-0.04407257277770973,0.1762379470082459,0.9524590562591388,0.6472727272727272
D20N:L63M:F143S:A172C:A174L,D20N:L63M:F143S:A172C:A174L,5,0.6472879640098832,0.4175396612156257,0.44533486360535923,0.44533486360535923,0.7942723276891493,-0.22974830279425754,0.02779520238973352,0.9489934903924391,0.5895726495726497
D20N:L63M:F143S:S168G:K231R,D20N:L63M:F143S:S168G:K231R,5,0.6793184947952795,0.41771476527437257,0.41023317029887973,0.41023317029887973,0.3994164464060506,-0.26160372952090694,-0.007481594975492823,0.9529206631155314,0.6117171717171717
D20N:L63M:F143S:S168G:N207K,D20N:L63M:F143S:S168G:N207K,5,0.7199596543801361,0.4438667665872078,0.43621563166432564,0.43621563166432564,0.3928865396860666,-0.2760928877929283,-0.007651134922882179,0.9503412980361663,0.6161616161616161
D20N:L63M:F143S:S168G:A174L,D20N:L63M:F143S:S168G:A174L,5,0.7164709708789366,0.4768622692976304,0.5048264518398743,0.5048264518398743,0.5732044428567946,-0.23960870158130618,0.027964182542243834,0.951617886944334,0.6463403263403263
D20N:L63M:F143S:N158A:N207K,D20N:L63M:F143S:N158A:N207K,5,0.6747958215358154,0.3973748974698236,0.3755798719819089,0.3755798719819089,0.5523235476192165,-0.27742092406599184,-0.02179502548791469,0.9498858297803832,0.5917948717948718
D20N:L63M:T127P:N207K:K231R,D20N:L63M:T127P:N207K:K231R,5,1.420887832139012,1.0199241604011964,0.9211988358375996,0.9211988358375996,0.61083512498208,-0.40096367173781555,-0.09872532456359671,0.9517341008293734,0.6263403263403263
D20N:L63M:T127P:N206D:N207K,D20N:L63M:T127P:N206D:N207K,5,1.435372386199055,1.0296268401131334,0.9340296703847947,0.9340296703847947,0.6867011059401351,-0.40574554608592167,-0.09559716972833875,0.9477110024478446,0.5856565656565657
D20N:L63M:T127P:Y197R:N206D,D20N:L63M:T127P:Y197R:N206D,5,0.6264082900607978,0.34059506941908946,0.3203145633062612,0.3203145633062612,0.8213033538505642,-0.28581322064170833,-0.02028050611282828,0.9510086322275277,0.611111111111111
D20N:L63M:T127P:A174L:K231R,D20N:L63M:T127P:A174L:K231R,5,1.3530157926121305,0.9829346231876597,0.9082215522857392,0.9082215522857392,0.6310505106660331,-0.37008116942447083,-0.07471307090192043,0.9505198472466988,0.6250505050505051
D20N:L63M:T127P:A174L:N206D,D20N:L63M:T127P:A174L:N206D,5,1.3497935041708073,0.9776476839834749,0.9178574217199441,0.9178574217199441,0.7490459829126138,-0.3721458201873324,-0.0597902622635308,0.9453547536055276,0.5463203463203463
D20N:L63M:T127P:N158A:N206D,D20N:L63M:T127P:N158A:N206D,5,1.343341366297182,0.9512682601145697,0.8726548800002797,0.8726548800002797,0.6336943742588147,-0.3920731061826124,-0.07861338011428994,0.9485470504075154,0.5767676767676768
D20N:L63M:T127P:N158A:S168G,D20N:L63M:T127P:N158A:S168G,5,1.3767801000776783,0.9773353808086265,0.8834425377736272,0.8834425377736272,0.4552382881914968,-0.3994447192690518,-0.0938928430349992,0.9510971290551552,0.618989898989899
D20N:V45A:Y197R:N206D:K231R,D20N:V45A:Y197R:N206D:K231R,5,0.7110258078150762,0.4313022675399042,0.4230357932868934,0.4230357932868934,0.6035890919707642,-0.279723540275172,-0.008266474253010794,0.9513036375225331,0.6078787878787878
D20N:V45A:Y197R:N206D:N207K,D20N:V45A:Y197R:N206D:N207K,5,0.7215097660852777,0.41716745018924073,0.3781796272857143,0.3781796272857143,0.6373790581328891,-0.304342315896037,-0.0389878229035264,0.950790323280079,0.6129292929292929
D20N:V45A:A174L:N207K:K231R,D20N:V45A:A174L:N207K:K231R,5,1.4536711362934223,1.0820170677858783,0.9695338149438697,0.9695338149438697,0.7466870498984395,-0.371654068507544,-0.11248325284200854,0.9509172876759526,0.6218181818181818
D20N:V45A:A174L:N206D:K231R,D20N:V45A:A174L:N206D:K231R,5,1.534324928980443,1.1897481646571524,1.1469137027759775,1.1469137027759775,0.780726913822888,-0.3445767643232907,-0.04283446188117489,0.9470444671807655,0.5599999999999999
D20N:V45A:A174L:Y197R:K231R,D20N:V45A:A174L:Y197R:K231R,5,0.5166956369125009,0.24351639629347732,0.2363077661517784,0.2363077661517784,0.6871265562676614,-0.27317924061902354,-0.007208630141698938,0.9514094509210296,0.6145454545454545
D20N:V45A:A174L:Y197R:N207K,D20N:V45A:A174L:Y197R:N207K,5,0.4863500017598239,0.18972972300825391,0.1575676788804479,0.1575676788804479,0.7271016063265101,-0.29662027875157,-0.032162044127806017,0.9521338298266635,0.6313908313908314
D20N:V45A:A172C:Y197R:N207K,D20N:V45A:A172C:Y197R:N207K,5,0.6996050689685812,0.4064471558308295,0.3703083118818752,0.3703083118818752,0.6885140412895876,-0.2931579131377517,-0.036138843948954356,0.9517155670420141,0.6129292929292929
D20N:V45A:A172C:Y197R:N206D,D20N:V45A:A172C:Y197R:N206D,5,0.6613759322158116,0.3742352133721576,0.3582071722227361,0.3582071722227361,0.6027385366073119,-0.287140718843654,-0.016028041149421444,0.9513884046492741,0.6056565656565656
D20N:V45A:A172C:A174L:K231R,D20N:V45A:A172C:A174L:K231R,5,1.4927089017343467,1.161883774373941,1.1026374079858436,1.1026374079858436,0.7586380424237149,-0.33082512736040576,-0.05924636638809733,0.9495829386385257,0.5733333333333334
D20N:V45A:A172C:A174L:N206D,D20N:V45A:A172C:A174L:N206D,5,1.5058480739441318,1.1545448796703854,1.0891754591082614,1.0891754591082614,0.6139588950840928,-0.35130319427374623,-0.06536942056212396,0.9465562155949531,0.5622222222222222
D20N:V45A:S168G:N207K:K231R,D20N:V45A:S168G:N207K:K231R,5,1.7737388913949157,1.4263196092196224,1.3757278356542133,1.3757278356542133,0.42471071535854305,-0.34741928217529333,-0.050591773565409136,0.951872312788365,0.604040404040404
D20N:V45A:S168G:Y197R:K231R,D20N:V45A:S168G:Y197R:K231R,5,0.7086555837200689,0.42565736104326424,0.38463820369173846,0.38463820369173846,0.5156491513575203,-0.28299822267680463,-0.0410191573515258,0.9531675154690203,0.6514685314685315
D20N:V45A:S168G:Y197R:N207K,D20N:V45A:S168G:Y197R:N207K,5,0.7005620465845137,0.3943800039656228,0.3428845836228194,0.3428845836228194,0.543675806837629,-0.3061820426188909,-0.051495420342803334,0.9516763289696242,0.6028282828282828
D20N:V45A:S168G:A174L:N206D,D20N:V45A:S168G:A174L:N206D,5,1.539335544902535,1.1851233209371197,1.1263045035904142,1.1263045035904142,0.5229178105853884,-0.35421222396541535,-0.05881881734670553,0.9471550183888778,0.5640981240981241
D20N:V45A:S168G:A174L:Y197R,D20N:V45A:S168G:A174L:Y197R,5,0.5360171063798191,0.25397615843517685,0.2497238640598365,0.2497238640598365,0.6076012047775098,-0.2820409479446423,-0.004252294375340373,0.9529036406611372,0.6351515151515151
D20N:V45A:S168G:A172C:N206D,D20N:V45A:S168G:A172C:N206D,5,1.7911172752161757,1.4454851259823833,1.4011645775428196,1.4011645775428196,0.463206202436726,-0.3456321492337925,-0.04432054843956369,0.9507141390068219,0.6129292929292929
D20N:V45A:S168G:A172C:A174L,D20N:V45A:S168G:A172C:A174L,5,1.5626012180158568,1.2093838667909202,1.134812143088419,1.134812143088419,0.554405368180396,-0.3532173512249366,-0.07457172370250126,0.9509522342449171,0.6151515151515151
D20N:V45A:N158A:N207K:K231R,D20N:V45A:N158A:N207K:K231R,5,1.8245919821598044,1.4814870932790183,1.453880132595326,1.453880132595326,0.7685432665619493,-0.3431048888807861,-0.02760696068369241,0.9510495695155516,0.6351515151515151
D20N:V45A:N158A:N206D:K231R,D20N:V45A:N158A:N206D:K231R,5,1.8513351863400889,1.5254506309770015,1.5088991475223594,1.5088991475223594,0.6239359794161594,-0.3258845553630874,-0.016551483454642118,0.9502438576122787,0.5977777777777777
D20N:V45A:N158A:A174L:N207K,D20N:V45A:N158A:A174L:N207K,5,1.5766635934109514,1.2194823932018386,1.1583064446461677,1.1583064446461677,0.6609341897557294,-0.35718120020911276,-0.061175948555670795,0.9504662098313943,0.6339393939393939
D20N:V45A:N158A:A172C:N207K,D20N:V45A:N158A:A172C:N207K,5,1.8277220730696155,1.4804397334265398,1.4204103511243302,1.4204103511243302,0.6177366688843718,-0.34728233964307575,-0.060029382302209555,0.9507177636757896,0.6056565656565656
D20N:V45A:N158A:A172C:A174L,D20N:V45A:N158A:A172C:A174L,5,1.625745592296775,1.2919059100646653,1.2626150015166415,1.2626150015166415,0.6357566075771754,-0.33383968223210975,-0.02929090854802369,0.950862511778564,0.6151515151515151
D20N:V45A:N158A:S168G:N207K,D20N:V45A:N158A:S168G:N207K,5,1.8326734345007056,1.481837414078293,1.4247995260945254,1.4247995260945254,0.42472749311442753,-0.3508360204224125,-0.057037887983767535,0.9510101613366084,0.6044444444444445
D20N:V45A:N158A:S168G:N206D,D20N:V45A:N158A:S168G:N206D,5,1.8524339324595538,1.5143021366903149,1.4737725463338296,1.4737725463338296,0.35703097029360414,-0.3381317957692389,-0.040529590356485366,0.9505671251306682,0.6066666666666667
D20N:V45A:N158A:S168G:A172C,D20N:V45A:N158A:S168G:A172C,5,1.8548102386829068,1.5120572795077671,1.4620773802733824,1.4620773802733824,0.42581142242773107,-0.34275295917513976,-0.049979899234384756,0.9513396827636909,0.6056565656565656
D20N:V45A:F143S:N206D:K231R,D20N:V45A:F143S:N206D:K231R,5,0.6866487257714465,0.39884412877577513,0.37670657955052433,0.37670657955052433,0.6720211784223695,-0.2878045969956714,-0.02213754922525082,0.9518830485620049,0.6151515151515151
D20N:V45A:F143S:N206D:N207K,D20N:V45A:F143S:N206D:N207K,5,0.7150355118387495,0.405352048067979,0.3645078325099168,0.3645078325099168,0.4768832244267809,-0.3096834637707705,-0.04084421555806217,0.9503718528616085,0.6262626262626263
D20N:V45A:F143S:Y197R:K231R,D20N:V45A:F143S:Y197R:K231R,5,0.20753174796520912,0.056703152431313075,0.12395838465118797,0.12395838465118797,0.7984290990772904,-0.15082859553389605,0.0672552322198749,0.9520832129992651,0.6117171717171717
D20N:V45A:F143S:A172C:N207K,D20N:V45A:F143S:A172C:N207K,5,0.6826849217151113,0.3820731345582789,0.344486756401296,0.344486756401296,0.5697823191340898,-0.3006117871568324,-0.037586378156982875,0.9514404226593183,0.633006993006993
D20N:V45A:T127P:N206D:K231R,D20N:V45A:T127P:N206D:K231R,5,1.8635151522467992,1.5218574932266895,1.5056362844447098,1.5056362844447098,0.8786701370013558,-0.3416576590201097,-0.01622120878197974,0.9492460542460541,0.5806060606060606
D20N:V45A:T127P:N206D:N207K,D20N:V45A:T127P:N206D:N207K,5,1.849880008445349,1.4798623058784124,1.4158674170508907,1.4158674170508907,0.733122806252552,-0.3700177025669367,-0.06399488882752175,0.9480738054422264,0.5767676767676768
D20N:V45A:T127P:A172C:K231R,D20N:V45A:T127P:A172C:K231R,5,1.8189611706884774,1.4830654874541478,1.4788142019018191,1.4788142019018191,0.832574222620371,-0.33589568323432956,-0.004251285552328662,0.9523505943174424,0.6390675990675991
D20N:V45A:T127P:A172C:N206D,D20N:V45A:T127P:A172C:N206D,5,1.823804828856578,1.4748480616308433,1.4374289759384626,1.4374289759384626,0.6205413376301844,-0.3489567672257349,-0.03741908569238071,0.9497751367419849,0.6050505050505051
D20N:V45A:T127P:S168G:K231R,D20N:V45A:T127P:S168G:K231R,5,1.8841935651695594,1.5358808718652326,1.5024861943698746,1.5024861943698746,0.5721414133200374,-0.34831269330432674,-0.03339467749535798,0.9504672065647675,0.6056565656565656
D20N:V45A:T127P:S168G:N207K,D20N:V45A:T127P:S168G:N207K,5,1.8519809259623523,1.4809740443957535,1.4416936333584722,1.4416936333584722,0.43554053027898737,-0.37100688156659883,-0.039280411037281394,0.9486587566167828,0.5967676767676767
D20N:V45A:T127P:S168G:N206D,D20N:V45A:T127P:S168G:N206D,5,1.8742629946004166,1.5245578317547768,1.5067499777456865,1.5067499777456865,0.6545112740047443,-0.34970516284563985,-0.017807854009090147,0.947782116074799,0.5583838383838383
D20N:V45A:T127P:N158A:S168G,D20N:V45A:T127P:N158A:S168G,5,1.9086441069509923,1.5543069015964932,1.5226843013535798,1.5226843013535798,0.525063255134673,-0.35433720535449914,-0.031622600242913516,0.9489469724129543,0.5894949494949495
D20N:V45A:T127P:F143S:K231R,D20N:V45A:T127P:F143S:K231R,5,0.7351665597303817,0.42840718905176883,0.38049127171784713,0.38049127171784713,0.6290567744776925,-0.30675937067861286,-0.047915917333921684,0.9508707469600981,0.6168453768453769
D20N:V45A:T127P:F143S:Y197R,D20N:V45A:T127P:F143S:Y197R,5,0.27299552892721785,0.10472142776414634,0.15252823256348624,0.15252823256348624,0.7242809920584422,-0.1682741011630715,0.0478068047993399,0.9511111714376186,0.618989898989899
D20N:V45A:T127P:F143S:A174L,D20N:V45A:T127P:F143S:A174L,5,0.6458875033300093,0.34929651407350193,0.3389723611843283,0.3389723611843283,0.5035762204576653,-0.2965909892565074,-0.01032415288917368,0.9483558621314417,0.6029059829059829
D20N:V45A:T127P:F143S:S168G,D20N:V45A:T127P:F143S:S168G,5,0.7836963721470245,0.47423700078502684,0.42439469074919633,0.42439469074919633,0.372656330845836,-0.30945937136199764,-0.049842310035830506,0.9484499011447693,0.5666666666666667
D20N:V45A:T127P:F143S:N158A,D20N:V45A:T127P:F143S:N158A,5,0.7640174215312707,0.45796770478766985,0.4104014939824795,0.4104014939824795,0.5064970833176474,-0.3060497167436009,-0.04756621080519035,0.9510064058748269,0.618989898989899
D20N:V45A:L63M:N206D:K231R,D20N:V45A:L63M:N206D:K231R,5,1.1932730474197095,0.8449615582406262,0.7911299843505659,0.7911299843505659,0.6290242410681995,-0.3483114891790832,-0.053831573890060276,0.9489773850667363,0.593006993006993
D20N:V45A:L63M:Y197R:N207K,D20N:V45A:L63M:Y197R:N207K,5,0.488179195846729,0.22420633680558827,0.21302262287345086,0.21302262287345086,0.7039941714046765,-0.2639728590411407,-0.011183713932137395,0.9524155322737091,0.6117171717171717
D20N:V45A:L63M:A174L:N206D,D20N:V45A:L63M:A174L:N206D,5,1.0016045488220513,0.6417237160232996,0.5816497929225075,0.5816497929225075,0.678263149875359,-0.35988083279875166,-0.06007392310079209,0.9450458570257709,0.545974025974026
D20N:V45A:L63M:A172C:A174L,D20N:V45A:L63M:A172C:A174L,5,0.9961907357209697,0.6474675122004536,0.5764557324503293,0.5764557324503293,0.7949409813474219,-0.34872322352051605,-0.07101177975012432,0.9491744469341146,0.5606060606060606
D20N:V45A:L63M:F143S:N207K,D20N:V45A:L63M:F143S:N207K,5,0.5593962576419661,0.2988728337452899,0.28248479183623265,0.28248479183623265,0.56656381846116,-0.2605234238966762,-0.01638804190905725,0.9520340376633282,0.6313908313908314
D20N:V45A:L63M:T127P:N207K,D20N:V45A:L63M:T127P:N207K,5,1.2495225400825936,0.8613807590241697,0.7799163644582359,0.7799163644582359,0.6361268066316469,-0.3881417810584239,-0.08146439456593385,0.9504294827979038,0.6090909090909091
D20N:V45A:L63M:T127P:N206D,D20N:V45A:L63M:T127P:N206D,5,1.2453368492310388,0.8755644125978159,0.794828334421182,0.794828334421182,0.7262807761242739,-0.36977243663322285,-0.08073607817663395,0.9470654570654571,0.5472727272727272
D20N:V45A:L63M:T127P:Y197R,D20N:V45A:L63M:T127P:Y197R,5,0.5393195229159692,0.2730004931975162,0.26504696413925694,0.26504696413925694,0.7703554304683308,-0.266319029718453,-0.007953529058259226,0.953196335178135,0.6324009324009323
D20N:V45A:L63M:T127P:A172C,D20N:V45A:L63M:T127P:A172C,5,1.2369850818177317,0.8726971898917122,0.8002582027473564,0.8002582027473564,0.5852720350156139,-0.36428789192601957,-0.07243898714435583,0.9517958906232039,0.6272727272727272
D20N:V45A:L63M:T127P:N158A,D20N:V45A:L63M:T127P:N158A,5,1.2548121994778556,0.8893347845708006,0.8027576773411428,0.8027576773411428,0.6234498341852807,-0.36547741490705493,-0.08657710722965782,0.9511785630390281,0.6078787878787878
