candidate_id,mutant,DMS_score,mutation_count
Y197R:N207K:K231R,Y197R:N207K:K231R,0.28768249438987,3
Y197R:N206D:N207K,Y197R:N206D:N207K,0.29032107940253,3
A174L:N207K:K231R,A174L:N207K:K231R,1.02996762717236,3
A174L:N206D:K231R,A174L:N206D:K231R,1.15481129046126,3
A174L:N206D:N207K,A174L:N206D:N207K,1.09768407107505,3
A174L:Y197R:K231R,A174L:Y197R:K231R,0.282437247115507,3
A174L:Y197R:N207K,A174L:Y197R:N207K,0.334858349979228,3
A174L:Y197R:N206D,A174L:Y197R:N206D,0.293675779132427,3
A172C:N207K:K231R,A172C:N207K:K231R,1.45451426045889,3
A172C:N206D:K231R,A172C:N206D:K231R,1.49650906604614,3
A172C:N206D:N207K,A172C:N206D:N207K,1.52756906588029,3
A172C:Y197R:N207K,A172C:Y197R:N207K,0.314589593147628,3
A172C:Y197R:N206D,A172C:Y197R:N206D,0.290590342381821,3
A172C:A174L:K231R,A172C:A174L:K231R,1.09198674695579,3
A172C:A174L:N207K,A172C:A174L:N207K,1.1899629406201,3
A172C:A174L:N206D,A172C:A174L:N206D,1.16633997291987,3
A172C:A174L:Y197R,A172C:A174L:Y197R,0.325811045224443,3
S168G:N207K:K231R,S168G:N207K:K231R,1.48133580128895,3
S168G:N206D:N207K,S168G:N206D:N207K,1.52519596191134,3
S168G:Y197R:N207K,S168G:Y197R:N207K,0.299716070600703,3
S168G:Y197R:N206D,S168G:Y197R:N206D,0.259726816596927,3
S168G:A174L:K231R,S168G:A174L:K231R,1.21899111326631,3
S168G:A174L:N207K,S168G:A174L:N207K,1.2088195518037,3
S168G:A174L:N206D,S168G:A174L:N206D,1.18634190373599,3
S168G:A174L:Y197R,S168G:A174L:Y197R,0.310385856373828,3
S168G:A172C:N207K,S168G:A172C:N207K,1.51251621684249,3
S168G:A172C:N206D,S168G:A172C:N206D,1.4353656194084,3
S168G:A172C:Y197R,S168G:A172C:Y197R,0.267724882243461,3
S168G:A172C:A174L,S168G:A172C:A174L,1.27286580804454,3
N158A:N207K:K231R,N158A:N207K:K231R,1.47316814246122,3
N158A:N206D:K231R,N158A:N206D:K231R,1.49804326740651,3
N158A:N206D:N207K,N158A:N206D:N207K,1.46506612249848,3
N158A:Y197R:K231R,N158A:Y197R:K231R,0.320910839658545,3
N158A:Y197R:N207K,N158A:Y197R:N207K,0.274641547541304,3
N158A:Y197R:N206D,N158A:Y197R:N206D,0.328190403310191,3
N158A:A174L:K231R,N158A:A174L:K231R,1.36820433559866,3
N158A:A174L:N206D,N158A:A174L:N206D,1.38859679515127,3
N158A:A174L:Y197R,N158A:A174L:Y197R,0.274038085952523,3
N158A:A172C:K231R,N158A:A172C:K231R,1.37980745078054,3
N158A:A172C:N207K,N158A:A172C:N207K,1.39928104153649,3
N158A:A172C:N206D,N158A:A172C:N206D,1.39657194222462,3
N158A:S168G:K231R,N158A:S168G:K231R,1.38551815180402,3
N158A:S168G:N207K,N158A:S168G:N207K,1.45532128039937,3
N158A:S168G:Y197R,N158A:S168G:Y197R,0.290443870614281,3
N158A:S168G:A174L,N158A:S168G:A174L,1.39695307462624,3
F143S:N207K:K231R,F143S:N207K:K231R,0.253342016451209,3
F143S:N206D:N207K,F143S:N206D:N207K,0.263382032297808,3
F143S:Y197R:N207K,F143S:Y197R:N207K,0.273321961689441,3
F143S:Y197R:N206D,F143S:Y197R:N206D,0.274086778115393,3
F143S:A174L:K231R,F143S:A174L:K231R,0.266849183698236,3
F143S:A174L:N207K,F143S:A174L:N207K,0.274774013850434,3
F143S:A174L:N206D,F143S:A174L:N206D,0.231289912294949,3
F143S:A174L:Y197R,F143S:A174L:Y197R,0.243673098750942,3
F143S:A172C:K231R,F143S:A172C:K231R,0.240701217350201,3
F143S:A172C:N206D,F143S:A172C:N206D,0.213929376895549,3
F143S:A172C:Y197R,F143S:A172C:Y197R,0.267888262013509,3
F143S:A172C:A174L,F143S:A172C:A174L,0.193181016170912,3
F143S:S168G:K231R,F143S:S168G:K231R,0.318612936689158,3
F143S:S168G:N207K,F143S:S168G:N207K,0.267724932399338,3
F143S:N158A:K231R,F143S:N158A:K231R,0.272162600219431,3
F143S:N158A:N207K,F143S:N158A:N207K,0.272068058362442,3
F143S:N158A:N206D,F143S:N158A:N206D,0.234282705677654,3
F143S:N158A:Y197R,F143S:N158A:Y197R,0.236720689609441,3
T127P:N207K:K231R,T127P:N207K:K231R,1.54798448721788,3
T127P:N206D:K231R,T127P:N206D:K231R,1.55052413519041,3
T127P:N206D:N207K,T127P:N206D:N207K,1.51511753665372,3
T127P:Y197R:K231R,T127P:Y197R:K231R,0.296616228412155,3
T127P:Y197R:N207K,T127P:Y197R:N207K,0.318685758940444,3
T127P:Y197R:N206D,T127P:Y197R:N206D,0.264941983151083,3
T127P:A174L:K231R,T127P:A174L:K231R,1.3598615602174,3
T127P:A174L:N207K,T127P:A174L:N207K,1.35113532317382,3
T127P:A174L:N206D,T127P:A174L:N206D,1.32501232635394,3
T127P:A174L:Y197R,T127P:A174L:Y197R,0.288126294347099,3
T127P:A172C:K231R,T127P:A172C:K231R,1.5237600247689,3
T127P:A172C:N206D,T127P:A172C:N206D,1.52580500315171,3
T127P:A172C:A174L,T127P:A172C:A174L,1.37894444318142,3
T127P:S168G:K231R,T127P:S168G:K231R,1.53623650122719,3
T127P:S168G:N207K,T127P:S168G:N207K,1.48940178038148,3
T127P:S168G:N206D,T127P:S168G:N206D,1.51325126731804,3
T127P:S168G:Y197R,T127P:S168G:Y197R,0.295471683326129,3
T127P:S168G:A174L,T127P:S168G:A174L,1.41461128982691,3
T127P:S168G:A172C,T127P:S168G:A172C,1.50595481542945,3
T127P:N158A:K231R,T127P:N158A:K231R,1.48280029694577,3
T127P:N158A:N206D,T127P:N158A:N206D,1.51437085923177,3
T127P:N158A:Y197R,T127P:N158A:Y197R,0.313055220277087,3
T127P:N158A:A172C,T127P:N158A:A172C,1.40305737652433,3
T127P:N158A:S168G,T127P:N158A:S168G,1.37252092344224,3
T127P:F143S:N206D,T127P:F143S:N206D,0.25178023291742,3
T127P:F143S:Y197R,T127P:F143S:Y197R,0.225313983190195,3
T127P:F143S:A174L,T127P:F143S:A174L,0.233047081374044,3
T127P:F143S:A172C,T127P:F143S:A172C,0.231375174815282,3
L63M:N206D:K231R,L63M:N206D:K231R,0.705817154465761,3
L63M:N206D:N207K,L63M:N206D:N207K,0.664305696533851,3
L63M:Y197R:K231R,L63M:Y197R:K231R,0.284215536078764,3
L63M:Y197R:N206D,L63M:Y197R:N206D,0.303097869294513,3
L63M:A174L:N207K,L63M:A174L:N207K,0.735540570574608,3
L63M:A174L:N206D,L63M:A174L:N206D,0.767090659891595,3
L63M:A174L:Y197R,L63M:A174L:Y197R,0.314675439310113,3
L63M:A172C:K231R,L63M:A172C:K231R,0.721206300365691,3
L63M:A172C:N206D,L63M:A172C:N206D,0.597199501203183,3
L63M:A172C:A174L,L63M:A172C:A174L,0.788419779031004,3
L63M:S168G:K231R,L63M:S168G:K231R,0.77655247118944,3
L63M:S168G:N207K,L63M:S168G:N207K,0.715113276201771,3
L63M:S168G:N206D,L63M:S168G:N206D,0.831324841342271,3
L63M:S168G:Y197R,L63M:S168G:Y197R,0.267248048068789,3
L63M:N158A:N207K,L63M:N158A:N207K,0.800334505015468,3
L63M:N158A:Y197R,L63M:N158A:Y197R,0.27517559354328,3
L63M:N158A:A172C,L63M:N158A:A172C,0.684711029301211,3
L63M:F143S:N207K,L63M:F143S:N207K,0.340898957527655,3
L63M:F143S:N206D,L63M:F143S:N206D,0.310513156184665,3
L63M:F143S:A174L,L63M:F143S:A174L,0.597589119053654,3
L63M:F143S:S168G,L63M:F143S:S168G,0.384014757068165,3
L63M:F143S:N158A,L63M:F143S:N158A,0.296790703626413,3
L63M:T127P:K231R,L63M:T127P:K231R,0.715582289952619,3
L63M:T127P:Y197R,L63M:T127P:Y197R,0.261969809880167,3
L63M:T127P:A174L,L63M:T127P:A174L,0.85032664692663,3
L63M:T127P:A172C,L63M:T127P:A172C,0.74594672270427,3
L63M:T127P:S168G,L63M:T127P:S168G,0.714560643784024,3
L63M:T127P:N158A,L63M:T127P:N158A,0.748990885997066,3
L63M:T127P:F143S,L63M:T127P:F143S,0.329368183917306,3
V45A:N207K:K231R,V45A:N207K:K231R,1.15901457762337,3
V45A:N206D:N207K,V45A:N206D:N207K,1.22069737083388,3
V45A:Y197R:K231R,V45A:Y197R:K231R,0.294930325254312,3
V45A:Y197R:N206D,V45A:Y197R:N206D,0.297508027158572,3
V45A:A174L:N207K,V45A:A174L:N207K,0.327523519419332,3
V45A:A174L:N206D,V45A:A174L:N206D,0.349489813760263,3
V45A:A174L:Y197R,V45A:A174L:Y197R,0.292852899181784,3
V45A:A172C:K231R,V45A:A172C:K231R,1.49747894109816,3
V45A:A172C:N207K,V45A:A172C:N207K,1.31518510822125,3
V45A:A172C:Y197R,V45A:A172C:Y197R,0.342431167777512,3
V45A:S168G:K231R,V45A:S168G:K231R,1.47004689072644,3
V45A:S168G:N207K,V45A:S168G:N207K,1.48283558181697,3
V45A:S168G:N206D,V45A:S168G:N206D,1.47957088075447,3
V45A:S168G:A172C,V45A:S168G:A172C,1.48273413431841,3
V45A:N158A:N207K,V45A:N158A:N207K,1.42254447061322,3
V45A:N158A:N206D,V45A:N158A:N206D,1.49378598919485,3
V45A:N158A:Y197R,V45A:N158A:Y197R,0.279583521338916,3
V45A:N158A:A174L,V45A:N158A:A174L,1.37007482925312,3
V45A:N158A:A172C,V45A:N158A:A172C,1.44760232360161,3
V45A:N158A:S168G,V45A:N158A:S168G,1.44543196261257,3
V45A:F143S:N207K,V45A:F143S:N207K,0.296238620182437,3
V45A:F143S:N206D,V45A:F143S:N206D,0.292656500521494,3
V45A:F143S:Y197R,V45A:F143S:Y197R,0.302376309543027,3
V45A:F143S:A172C,V45A:F143S:A172C,0.33547787660751,3
V45A:F143S:N158A,V45A:F143S:N158A,0.241416489855466,3
V45A:T127P:K231R,V45A:T127P:K231R,1.55333989483469,3
V45A:T127P:N206D,V45A:T127P:N206D,1.44328633396453,3
V45A:T127P:Y197R,V45A:T127P:Y197R,0.251126320568624,3
V45A:T127P:A174L,V45A:T127P:A174L,0.978046426202754,3
V45A:T127P:S168G,V45A:T127P:S168G,1.45717051063612,3
V45A:T127P:N158A,V45A:T127P:N158A,1.46635108832181,3
V45A:T127P:F143S,V45A:T127P:F143S,0.263283935793641,3
V45A:L63M:K231R,V45A:L63M:K231R,0.606540064071631,3
V45A:L63M:N207K,V45A:L63M:N207K,0.541872933771396,3
V45A:L63M:Y197R,V45A:L63M:Y197R,0.275601132314538,3
V45A:L63M:A174L,V45A:L63M:A174L,0.328489181410958,3
V45A:L63M:S168G,V45A:L63M:S168G,0.702143435751443,3
V45A:L63M:N158A,V45A:L63M:N158A,0.653698712137484,3
V45A:L63M:F143S,V45A:L63M:F143S,0.343696379306542,3
V45A:L63M:T127P,V45A:L63M:T127P,0.601266026208878,3
D20N:N207K:K231R,D20N:N207K:K231R,1.48391348419994,3
D20N:N206D:K231R,D20N:N206D:K231R,1.56203817403925,3
D20N:N206D:N207K,D20N:N206D:N207K,1.55526798687546,3
D20N:Y197R:K231R,D20N:Y197R:K231R,0.309670336787719,3
D20N:A174L:K231R,D20N:A174L:K231R,1.31332006959942,3
D20N:A174L:N207K,D20N:A174L:N207K,1.27432570949864,3
D20N:A174L:N206D,D20N:A174L:N206D,1.32789167508356,3
D20N:A172C:K231R,D20N:A172C:K231R,1.46153766530677,3
D20N:A172C:Y197R,D20N:A172C:Y197R,0.281582146258586,3
D20N:S168G:K231R,D20N:S168G:K231R,1.49609502846947,3
D20N:S168G:N207K,D20N:S168G:N207K,1.43786148808308,3
D20N:S168G:N206D,D20N:S168G:N206D,1.45299225097249,3
D20N:S168G:Y197R,D20N:S168G:Y197R,0.306556834734176,3
D20N:S168G:A174L,D20N:S168G:A174L,1.37059018484391,3
D20N:S168G:A172C,D20N:S168G:A172C,1.52803668614424,3
D20N:N158A:N207K,D20N:N158A:N207K,1.39410400062734,3
D20N:N158A:N206D,D20N:N158A:N206D,1.46616798800314,3
D20N:N158A:Y197R,D20N:N158A:Y197R,0.335040174336617,3
D20N:N158A:A172C,D20N:N158A:A172C,1.40212345655399,3
D20N:N158A:S168G,D20N:N158A:S168G,1.52559257193578,3
D20N:F143S:K231R,D20N:F143S:K231R,0.254927860736684,3
D20N:F143S:N206D,D20N:F143S:N206D,0.290617947991877,3
D20N:F143S:Y197R,D20N:F143S:Y197R,0.297437080080456,3
D20N:F143S:S168G,D20N:F143S:S168G,0.226183526254882,3
D20N:F143S:N158A,D20N:F143S:N158A,0.255455020486781,3
D20N:T127P:K231R,D20N:T127P:K231R,1.52882685419829,3
D20N:T127P:N207K,D20N:T127P:N207K,1.51086575129321,3
D20N:T127P:N206D,D20N:T127P:N206D,1.50192217600493,3
D20N:T127P:Y197R,D20N:T127P:Y197R,0.282662320433641,3
D20N:T127P:A174L,D20N:T127P:A174L,1.37467759108176,3
D20N:T127P:A172C,D20N:T127P:A172C,1.55178985824028,3
D20N:T127P:S168G,D20N:T127P:S168G,1.48239322633066,3
D20N:T127P:N158A,D20N:T127P:N158A,1.37147294949566,3
D20N:T127P:F143S,D20N:T127P:F143S,0.232280105478488,3
D20N:L63M:K231R,D20N:L63M:K231R,0.725832825402658,3
D20N:L63M:Y197R,D20N:L63M:Y197R,0.296109220285752,3
D20N:L63M:A174L,D20N:L63M:A174L,0.809326840799382,3
D20N:L63M:A172C,D20N:L63M:A172C,0.701439626376623,3
D20N:L63M:S168G,D20N:L63M:S168G,0.813417827418417,3
D20N:L63M:N158A,D20N:L63M:N158A,0.802000938434714,3
D20N:L63M:F143S,D20N:L63M:F143S,0.293734356067078,3
D20N:V45A:K231R,D20N:V45A:K231R,1.44884973139733,3
D20N:V45A:N207K,D20N:V45A:N207K,1.29376782182225,3
D20N:V45A:Y197R,D20N:V45A:Y197R,0.345896069557082,3
D20N:V45A:A174L,D20N:V45A:A174L,0.497265494448734,3
D20N:V45A:S168G,D20N:V45A:S168G,1.52740095135738,3
D20N:V45A:N158A,D20N:V45A:N158A,1.38167483011144,3
D20N:V45A:F143S,D20N:V45A:F143S,0.22995666594601,3
Y197R:N206D:N207K:K231R,Y197R:N206D:N207K:K231R,0.310145157966467,4
A174L:Y197R:N207K:K231R,A174L:Y197R:N207K:K231R,0.326028175405499,4
A174L:Y197R:N206D:N207K,A174L:Y197R:N206D:N207K,0.296600370840451,4
A172C:N206D:N207K:K231R,A172C:N206D:N207K:K231R,1.51288678617492,4
A172C:Y197R:N207K:K231R,A172C:Y197R:N207K:K231R,0.360904337159848,4
A172C:Y197R:N206D:K231R,A172C:Y197R:N206D:K231R,0.279632735557345,4
A172C:Y197R:N206D:N207K,A172C:Y197R:N206D:N207K,0.296917616410519,4
A172C:A174L:N207K:K231R,A172C:A174L:N207K:K231R,1.12575258504661,4
A172C:A174L:N206D:K231R,A172C:A174L:N206D:K231R,1.23229479543058,4
A172C:A174L:Y197R:K231R,A172C:A174L:Y197R:K231R,0.317516211131518,4
A172C:A174L:Y197R:N207K,A172C:A174L:Y197R:N207K,0.290103680940568,4
A172C:A174L:Y197R:N206D,A172C:A174L:Y197R:N206D,0.291467089785157,4
S168G:N206D:N207K:K231R,S168G:N206D:N207K:K231R,1.5553531242745,4
S168G:Y197R:N206D:K231R,S168G:Y197R:N206D:K231R,0.304090800248837,4
S168G:Y197R:N206D:N207K,S168G:Y197R:N206D:N207K,0.311472413136706,4
S168G:A174L:N207K:K231R,S168G:A174L:N207K:K231R,1.21427121358453,4
S168G:A174L:Y197R:K231R,S168G:A174L:Y197R:K231R,0.339222240490879,4
S168G:A174L:Y197R:N207K,S168G:A174L:Y197R:N207K,0.298056818847629,4
S168G:A172C:N207K:K231R,S168G:A172C:N207K:K231R,1.46083283662364,4
S168G:A172C:N206D:K231R,S168G:A172C:N206D:K231R,1.5257373560962,4
S168G:A172C:N206D:N207K,S168G:A172C:N206D:N207K,1.4871202769206,4
S168G:A172C:Y197R:K231R,S168G:A172C:Y197R:K231R,0.342251922543294,4
S168G:A172C:Y197R:N207K,S168G:A172C:Y197R:N207K,0.314777399415464,4
S168G:A172C:Y197R:N206D,S168G:A172C:Y197R:N206D,0.229065984811163,4
S168G:A172C:A174L:K231R,S168G:A172C:A174L:K231R,1.21719484671704,4
S168G:A172C:A174L:N206D,S168G:A172C:A174L:N206D,1.18726295043486,4
N158A:N206D:N207K:K231R,N158A:N206D:N207K:K231R,1.47908975535873,4
N158A:Y197R:N207K:K231R,N158A:Y197R:N207K:K231R,0.305742685372543,4
N158A:Y197R:N206D:K231R,N158A:Y197R:N206D:K231R,0.287323955805661,4
N158A:Y197R:N206D:N207K,N158A:Y197R:N206D:N207K,0.292169892729879,4
N158A:A174L:N206D:K231R,N158A:A174L:N206D:K231R,1.37445928373285,4
N158A:A174L:Y197R:K231R,N158A:A174L:Y197R:K231R,0.32360565175008,4
N158A:A174L:Y197R:N207K,N158A:A174L:Y197R:N207K,0.2795623316933,4
N158A:A172C:N206D:N207K,N158A:A172C:N206D:N207K,1.40914603401261,4
N158A:A172C:Y197R:K231R,N158A:A172C:Y197R:K231R,0.280025073420604,4
N158A:A172C:Y197R:N206D,N158A:A172C:Y197R:N206D,0.234221335255146,4
N158A:A172C:A174L:K231R,N158A:A172C:A174L:K231R,1.24672853197715,4
N158A:A172C:A174L:N206D,N158A:A172C:A174L:N206D,1.3257080298953,4
N158A:A172C:A174L:Y197R,N158A:A172C:A174L:Y197R,0.294342966533908,4
N158A:S168G:N207K:K231R,N158A:S168G:N207K:K231R,1.43969891557554,4
N158A:S168G:N206D:K231R,N158A:S168G:N206D:K231R,1.48783164332411,4
N158A:S168G:N206D:N207K,N158A:S168G:N206D:N207K,1.42287702433082,4
N158A:S168G:Y197R:K231R,N158A:S168G:Y197R:K231R,0.289049165036952,4
N158A:S168G:Y197R:N207K,N158A:S168G:Y197R:N207K,0.279752127094727,4
N158A:S168G:Y197R:N206D,N158A:S168G:Y197R:N206D,0.263908844102884,4
N158A:S168G:A174L:N206D,N158A:S168G:A174L:N206D,1.36889473751726,4
N158A:S168G:A174L:Y197R,N158A:S168G:A174L:Y197R,0.293326239757548,4
N158A:S168G:A172C:K231R,N158A:S168G:A172C:K231R,1.33039630090288,4
N158A:S168G:A172C:N207K,N158A:S168G:A172C:N207K,1.43272698304424,4
N158A:S168G:A172C:A174L,N158A:S168G:A172C:A174L,1.39599201208588,4
F143S:N206D:N207K:K231R,F143S:N206D:N207K:K231R,0.244692345713997,4
F143S:Y197R:N206D:K231R,F143S:Y197R:N206D:K231R,0.247568530441888,4
F143S:Y197R:N206D:N207K,F143S:Y197R:N206D:N207K,0.282730358607962,4
F143S:A174L:N207K:K231R,F143S:A174L:N207K:K231R,0.28563968370867,4
F143S:A174L:N206D:N207K,F143S:A174L:N206D:N207K,0.269137149209389,4
F143S:A174L:Y197R:K231R,F143S:A174L:Y197R:K231R,0.271351796077514,4
F143S:A174L:Y197R:N207K,F143S:A174L:Y197R:N207K,0.27023846347908,4
F143S:A172C:N207K:K231R,F143S:A172C:N207K:K231R,0.297751691480357,4
F143S:A172C:N206D:K231R,F143S:A172C:N206D:K231R,0.257034309875728,4
F143S:A172C:N206D:N207K,F143S:A172C:N206D:N207K,0.204145329044346,4
F143S:A172C:Y197R:N207K,F143S:A172C:Y197R:N207K,0.261732387726517,4
F143S:A172C:Y197R:N206D,F143S:A172C:Y197R:N206D,0.274261895664699,4
F143S:A172C:A174L:K231R,F143S:A172C:A174L:K231R,0.270131597628418,4
F143S:A172C:A174L:Y197R,F143S:A172C:A174L:Y197R,0.2410479103764,4
F143S:S168G:N207K:K231R,F143S:S168G:N207K:K231R,0.233365707964077,4
F143S:S168G:Y197R:K231R,F143S:S168G:Y197R:K231R,0.218322318299549,4
F143S:S168G:Y197R:N206D,F143S:S168G:Y197R:N206D,0.23629580917869,4
F143S:S168G:A174L:K231R,F143S:S168G:A174L:K231R,0.254891580502718,4
F143S:S168G:A174L:N207K,F143S:S168G:A174L:N207K,0.246358749772432,4
F143S:S168G:A174L:N206D,F143S:S168G:A174L:N206D,0.229555046991483,4
F143S:S168G:A174L:Y197R,F143S:S168G:A174L:Y197R,0.240840012925602,4
F143S:S168G:A172C:N207K,F143S:S168G:A172C:N207K,0.224523381751576,4
F143S:S168G:A172C:N206D,F143S:S168G:A172C:N206D,0.227361225652047,4
F143S:S168G:A172C:A174L,F143S:S168G:A172C:A174L,0.244946555320542,4
F143S:N158A:Y197R:K231R,F143S:N158A:Y197R:K231R,0.233761969352737,4
F143S:N158A:Y197R:N206D,F143S:N158A:Y197R:N206D,0.221082833758553,4
F143S:N158A:A174L:K231R,F143S:N158A:A174L:K231R,0.270106999495452,4
F143S:N158A:A174L:N206D,F143S:N158A:A174L:N206D,0.25432176623846803,4
F143S:N158A:A172C:K231R,F143S:N158A:A172C:K231R,0.218278472530147,4
F143S:N158A:A172C:N207K,F143S:N158A:A172C:N207K,0.259855497253061,4
F143S:N158A:A172C:N206D,F143S:N158A:A172C:N206D,0.241620370456474,4
F143S:N158A:A172C:A174L,F143S:N158A:A172C:A174L,0.244239907503635,4
F143S:N158A:S168G:K231R,F143S:N158A:S168G:K231R,0.255893804627379,4
F143S:N158A:S168G:N207K,F143S:N158A:S168G:N207K,0.272588681622724,4
F143S:N158A:S168G:Y197R,F143S:N158A:S168G:Y197R,0.250359058385097,4
F143S:N158A:S168G:A172C,F143S:N158A:S168G:A172C,0.287140668058927,4
T127P:N206D:N207K:K231R,T127P:N206D:N207K:K231R,1.472959494764,4
T127P:Y197R:N207K:K231R,T127P:Y197R:N207K:K231R,0.30486620992359,4
T127P:A174L:N206D:K231R,T127P:A174L:N206D:K231R,1.36102609446145,4
T127P:A174L:N206D:N207K,T127P:A174L:N206D:N207K,1.38092948076588,4
T127P:A174L:Y197R:K231R,T127P:A174L:Y197R:K231R,0.306334269500696,4
T127P:A174L:Y197R:N207K,T127P:A174L:Y197R:N207K,0.297326863191967,4
T127P:A174L:Y197R:N206D,T127P:A174L:Y197R:N206D,0.33772541921654,4
T127P:A172C:N206D:N207K,T127P:A172C:N206D:N207K,1.50949636049808,4
T127P:A172C:Y197R:K231R,T127P:A172C:Y197R:K231R,0.298512732725522,4
T127P:A172C:Y197R:N207K,T127P:A172C:Y197R:N207K,0.320043900189402,4
T127P:A172C:A174L:N207K,T127P:A172C:A174L:N207K,1.37535306454636,4
T127P:A172C:A174L:Y197R,T127P:A172C:A174L:Y197R,0.28280514134301,4
T127P:S168G:N207K:K231R,T127P:S168G:N207K:K231R,1.46345490296372,4
T127P:S168G:N206D:K231R,T127P:S168G:N206D:K231R,1.557234253796,4
T127P:S168G:N206D:N207K,T127P:S168G:N206D:N207K,1.49674098532333,4
T127P:S168G:Y197R:N206D,T127P:S168G:Y197R:N206D,0.317698071840152,4
T127P:S168G:A174L:K231R,T127P:S168G:A174L:K231R,1.39651085955518,4
T127P:S168G:A174L:N206D,T127P:S168G:A174L:N206D,1.36667490889796,4
T127P:S168G:A172C:K231R,T127P:S168G:A172C:K231R,1.50733715391758,4
T127P:S168G:A172C:N207K,T127P:S168G:A172C:N207K,1.5251729230104,4
T127P:S168G:A172C:N206D,T127P:S168G:A172C:N206D,1.46108703539045,4
T127P:S168G:A172C:Y197R,T127P:S168G:A172C:Y197R,0.281432783514848,4
T127P:S168G:A172C:A174L,T127P:S168G:A172C:A174L,1.45486544470018,4
T127P:N158A:N206D:K231R,T127P:N158A:N206D:K231R,1.44868086408645,4
T127P:N158A:N206D:N207K,T127P:N158A:N206D:N207K,1.50675841579489,4
T127P:N158A:Y197R:N207K,T127P:N158A:Y197R:N207K,0.300111639452637,4
T127P:N158A:Y197R:N206D,T127P:N158A:Y197R:N206D,0.244659232008885,4
T127P:N158A:A174L:K231R,T127P:N158A:A174L:K231R,1.33639874186785,4
T127P:N158A:A172C:K231R,T127P:N158A:A172C:K231R,1.43002629478781,4
T127P:N158A:A172C:N207K,T127P:N158A:A172C:N207K,1.38676490102395,4
T127P:N158A:A172C:Y197R,T127P:N158A:A172C:Y197R,0.257257846636271,4
T127P:N158A:A172C:A174L,T127P:N158A:A172C:A174L,1.32636318410864,4
T127P:N158A:S168G:A174L,T127P:N158A:S168G:A174L,1.3822497549888,4
T127P:F143S:N207K:K231R,T127P:F143S:N207K:K231R,0.234627030226737,4
T127P:F143S:N206D:K231R,T127P:F143S:N206D:K231R,0.238195264148356,4
T127P:F143S:Y197R:K231R,T127P:F143S:Y197R:K231R,0.212336485362423,4
T127P:F143S:Y197R:N207K,T127P:F143S:Y197R:N207K,0.232875848611798,4
T127P:F143S:Y197R:N206D,T127P:F143S:Y197R:N206D,0.247073920192397,4
T127P:F143S:A174L:K231R,T127P:F143S:A174L:K231R,0.247430375740057,4
T127P:F143S:A174L:N206D,T127P:F143S:A174L:N206D,0.248793732874206,4
T127P:F143S:A172C:N207K,T127P:F143S:A172C:N207K,0.224216990435105,4
T127P:F143S:A172C:N206D,T127P:F143S:A172C:N206D,0.20612644251296,4
T127P:F143S:A172C:Y197R,T127P:F143S:A172C:Y197R,0.220355265910073,4
T127P:F143S:A172C:A174L,T127P:F143S:A172C:A174L,0.224607675858728,4
T127P:F143S:S168G:K231R,T127P:F143S:S168G:K231R,0.22812101223487,4
T127P:F143S:S168G:N207K,T127P:F143S:S168G:N207K,0.230670756786547,4
T127P:F143S:S168G:N206D,T127P:F143S:S168G:N206D,0.257585271722722,4
T127P:F143S:S168G:Y197R,T127P:F143S:S168G:Y197R,0.262715230469565,4
T127P:F143S:S168G:A174L,T127P:F143S:S168G:A174L,0.23530522437724,4
T127P:F143S:S168G:A172C,T127P:F143S:S168G:A172C,0.222265524461484,4
T127P:F143S:N158A:K231R,T127P:F143S:N158A:K231R,0.237514472236691,4
T127P:F143S:N158A:N206D,T127P:F143S:N158A:N206D,0.301131420560072,4
T127P:F143S:N158A:Y197R,T127P:F143S:N158A:Y197R,0.244976086036515,4
T127P:F143S:N158A:A172C,T127P:F143S:N158A:A172C,0.259146508033536,4
T127P:F143S:N158A:S168G,T127P:F143S:N158A:S168G,0.286387084084588,4
L63M:N206D:N207K:K231R,L63M:N206D:N207K:K231R,0.720758339120587,4
L63M:Y197R:N206D:K231R,L63M:Y197R:N206D:K231R,0.30539709332225,4
L63M:Y197R:N206D:N207K,L63M:Y197R:N206D:N207K,0.293583454451593,4
L63M:A174L:N207K:K231R,L63M:A174L:N207K:K231R,0.703914137923534,4
L63M:A174L:N206D:K231R,L63M:A174L:N206D:K231R,0.754654973026832,4
L63M:A174L:Y197R:K231R,L63M:A174L:Y197R:K231R,0.284524017852268,4
L63M:A174L:Y197R:N207K,L63M:A174L:Y197R:N207K,0.294042029793679,4
L63M:A172C:N207K:K231R,L63M:A172C:N207K:K231R,0.655332360545321,4
L63M:A172C:N206D:K231R,L63M:A172C:N206D:K231R,0.678447459137389,4
L63M:A172C:N206D:N207K,L63M:A172C:N206D:N207K,0.731210240936646,4
L63M:A172C:Y197R:K231R,L63M:A172C:Y197R:K231R,0.303332495327507,4
L63M:A172C:Y197R:N207K,L63M:A172C:Y197R:N207K,0.305922054260478,4
L63M:A172C:Y197R:N206D,L63M:A172C:Y197R:N206D,0.252737101189586,4
L63M:A172C:A174L:N207K,L63M:A172C:A174L:N207K,0.732973210872275,4
L63M:A172C:A174L:N206D,L63M:A172C:A174L:N206D,0.716629669581107,4
L63M:A172C:A174L:Y197R,L63M:A172C:A174L:Y197R,0.294495385210544,4
L63M:S168G:N207K:K231R,L63M:S168G:N207K:K231R,0.718801580057362,4
L63M:S168G:N206D:K231R,L63M:S168G:N206D:K231R,0.777580705458328,4
L63M:S168G:N206D:N207K,L63M:S168G:N206D:N207K,0.67740400848723,4
L63M:S168G:Y197R:N207K,L63M:S168G:Y197R:N207K,0.268747934926228,4
L63M:S168G:Y197R:N206D,L63M:S168G:Y197R:N206D,0.304982144950516,4
L63M:S168G:A174L:Y197R,L63M:S168G:A174L:Y197R,0.267085566586873,4
L63M:S168G:A172C:N207K,L63M:S168G:A172C:N207K,0.719164438578548,4
L63M:S168G:A172C:Y197R,L63M:S168G:A172C:Y197R,0.304104586409472,4
L63M:N158A:N207K:K231R,L63M:N158A:N207K:K231R,0.781885824122417,4
L63M:N158A:Y197R:K231R,L63M:N158A:Y197R:K231R,0.296641747298183,4
L63M:N158A:Y197R:N207K,L63M:N158A:Y197R:N207K,0.278911171500551,4
L63M:N158A:Y197R:N206D,L63M:N158A:Y197R:N206D,0.306537859605366,4
L63M:N158A:A174L:K231R,L63M:N158A:A174L:K231R,0.544607761464142,4
L63M:N158A:A174L:N207K,L63M:N158A:A174L:N207K,0.572853613615451,4
L63M:N158A:A174L:N206D,L63M:N158A:A174L:N206D,0.531421146694449,4
L63M:N158A:A172C:K231R,L63M:N158A:A172C:K231R,0.613347522541833,4
L63M:N158A:A172C:N207K,L63M:N158A:A172C:N207K,0.624010676631364,4
L63M:N158A:A172C:N206D,L63M:N158A:A172C:N206D,0.56842375507232,4
L63M:N158A:A172C:Y197R,L63M:N158A:A172C:Y197R,0.274238730265614,4
L63M:N158A:S168G:K231R,L63M:N158A:S168G:K231R,0.798155897566481,4
L63M:N158A:S168G:Y197R,L63M:N158A:S168G:Y197R,0.264222432602262,4
L63M:N158A:S168G:A174L,L63M:N158A:S168G:A174L,0.598697434640977,4
L63M:F143S:N206D:N207K,L63M:F143S:N206D:N207K,0.305329038394467,4
L63M:F143S:Y197R:N207K,L63M:F143S:Y197R:N207K,1.20088325558524,4
L63M:F143S:Y197R:N206D,L63M:F143S:Y197R:N206D,1.2841158070252,4
L63M:F143S:A174L:K231R,L63M:F143S:A174L:K231R,0.534088749455634,4
L63M:F143S:A174L:N207K,L63M:F143S:A174L:N207K,0.498160427001135,4
L63M:F143S:A174L:Y197R,L63M:F143S:A174L:Y197R,1.21950151199722,4
L63M:F143S:A172C:K231R,L63M:F143S:A172C:K231R,0.345896643737579,4
L63M:F143S:A172C:N207K,L63M:F143S:A172C:N207K,0.310182193057666,4
L63M:F143S:A172C:Y197R,L63M:F143S:A172C:Y197R,1.3691927583695,4
L63M:F143S:A172C:A174L,L63M:F143S:A172C:A174L,0.70659961255933,4
L63M:F143S:S168G:K231R,L63M:F143S:S168G:K231R,0.260281528812883,4
L63M:F143S:S168G:N207K,L63M:F143S:S168G:N207K,0.284779843138149,4
L63M:F143S:S168G:Y197R,L63M:F143S:S168G:Y197R,1.23390819822877,4
L63M:F143S:S168G:A174L,L63M:F143S:S168G:A174L,0.698643213643449,4
L63M:F143S:N158A:K231R,L63M:F143S:N158A:K231R,0.273060620206636,4
L63M:F143S:N158A:N207K,L63M:F143S:N158A:N207K,0.247052297429973,4
L63M:F143S:N158A:N206D,L63M:F143S:N158A:N206D,0.314511871717656,4
L63M:F143S:N158A:A174L,L63M:F143S:N158A:A174L,0.258876099498917,4
L63M:F143S:N158A:A172C,L63M:F143S:N158A:A172C,0.278388877198258,4
L63M:F143S:N158A:S168G,L63M:F143S:N158A:S168G,0.291190229011725,4
L63M:T127P:N207K:K231R,L63M:T127P:N207K:K231R,0.724040582360318,4
L63M:T127P:N206D:K231R,L63M:T127P:N206D:K231R,0.742395026989175,4
L63M:T127P:N206D:N207K,L63M:T127P:N206D:N207K,0.809731291845955,4
L63M:T127P:Y197R:K231R,L63M:T127P:Y197R:K231R,0.290485838166931,4
L63M:T127P:Y197R:N207K,L63M:T127P:Y197R:N207K,0.282347684288089,4
L63M:T127P:Y197R:N206D,L63M:T127P:Y197R:N206D,0.246410771577551,4
L63M:T127P:A174L:N207K,L63M:T127P:A174L:N207K,0.820347956058554,4
L63M:T127P:A174L:N206D,L63M:T127P:A174L:N206D,0.825082357936205,4
L63M:T127P:A174L:Y197R,L63M:T127P:A174L:Y197R,0.292423225144368,4
L63M:T127P:A172C:K231R,L63M:T127P:A172C:K231R,0.728832615161232,4
L63M:T127P:A172C:N207K,L63M:T127P:A172C:N207K,0.73616245961881,4
L63M:T127P:A172C:N206D,L63M:T127P:A172C:N206D,0.680479174215878,4
L63M:T127P:A172C:Y197R,L63M:T127P:A172C:Y197R,0.288686740924776,4
L63M:T127P:A172C:A174L,L63M:T127P:A172C:A174L,0.752524478113677,4
L63M:T127P:S168G:K231R,L63M:T127P:S168G:K231R,0.744355733010645,4
L63M:T127P:S168G:N207K,L63M:T127P:S168G:N207K,0.754261385984524,4
L63M:T127P:S168G:N206D,L63M:T127P:S168G:N206D,0.622197812009426,4
L63M:T127P:S168G:Y197R,L63M:T127P:S168G:Y197R,0.31060720460461,4
L63M:T127P:S168G:A174L,L63M:T127P:S168G:A174L,0.89144426316231,4
L63M:T127P:S168G:A172C,L63M:T127P:S168G:A172C,0.731855602586549,4
L63M:T127P:N158A:K231R,L63M:T127P:N158A:K231R,0.71944676772281,4
L63M:T127P:N158A:N207K,L63M:T127P:N158A:N207K,0.704226360863937,4
L63M:T127P:N158A:N206D,L63M:T127P:N158A:N206D,0.770519882925378,4
L63M:T127P:N158A:Y197R,L63M:T127P:N158A:Y197R,0.35048885710557,4
L63M:T127P:N158A:A174L,L63M:T127P:N158A:A174L,0.552080749585873,4
L63M:T127P:F143S:N207K,L63M:T127P:F143S:N207K,0.34054840839576,4
L63M:T127P:F143S:N206D,L63M:T127P:F143S:N206D,0.290917794801693,4
L63M:T127P:F143S:Y197R,L63M:T127P:F143S:Y197R,1.35561164700241,4
L63M:T127P:F143S:A174L,L63M:T127P:F143S:A174L,0.663302158199779,4
L63M:T127P:F143S:N158A,L63M:T127P:F143S:N158A,0.246126311551828,4
V45A:N206D:N207K:K231R,V45A:N206D:N207K:K231R,1.21339234932591,4
V45A:Y197R:N206D:N207K,V45A:Y197R:N206D:N207K,0.299131392574524,4
V45A:A174L:N207K:K231R,V45A:A174L:N207K:K231R,0.33264178236158,4
V45A:A174L:N206D:K231R,V45A:A174L:N206D:K231R,0.322038364538982,4
V45A:A174L:N206D:N207K,V45A:A174L:N206D:N207K,0.284996053734831,4
V45A:A174L:Y197R:N207K,V45A:A174L:Y197R:N207K,0.291602612424846,4
V45A:A174L:Y197R:N206D,V45A:A174L:Y197R:N206D,0.283046458923734,4
V45A:A172C:N207K:K231R,V45A:A172C:N207K:K231R,1.23309964570839,4
V45A:A172C:Y197R:K231R,V45A:A172C:Y197R:K231R,0.285687127746206,4
V45A:A172C:Y197R:N207K,V45A:A172C:Y197R:N207K,0.301219069889614,4
V45A:A172C:Y197R:N206D,V45A:A172C:Y197R:N206D,0.308125503395454,4
V45A:A172C:A174L:K231R,V45A:A172C:A174L:K231R,0.305195212182766,4
V45A:A172C:A174L:N207K,V45A:A172C:A174L:N207K,0.319696001588327,4
V45A:A172C:A174L:N206D,V45A:A172C:A174L:N206D,0.354119765745075,4
V45A:A172C:A174L:Y197R,V45A:A172C:A174L:Y197R,0.290101129832054,4
V45A:S168G:N207K:K231R,V45A:S168G:N207K:K231R,1.47354029783225,4
V45A:S168G:N206D:K231R,V45A:S168G:N206D:K231R,1.53096162873297,4
V45A:S168G:N206D:N207K,V45A:S168G:N206D:N207K,1.45225201053164,4
V45A:S168G:Y197R:K231R,V45A:S168G:Y197R:K231R,0.326110533854294,4
V45A:S168G:Y197R:N207K,V45A:S168G:Y197R:N207K,0.306120560329777,4
V45A:S168G:Y197R:N206D,V45A:S168G:Y197R:N206D,0.330967392807923,4
V45A:S168G:A174L:K231R,V45A:S168G:A174L:K231R,0.515617480050554,4
V45A:S168G:A174L:N207K,V45A:S168G:A174L:N207K,0.323489556784358,4
V45A:S168G:A174L:N206D,V45A:S168G:A174L:N206D,0.618227700768617,4
V45A:S168G:A174L:Y197R,V45A:S168G:A174L:Y197R,0.318749351851145,4
V45A:S168G:A172C:K231R,V45A:S168G:A172C:K231R,1.49658141059931,4
V45A:S168G:A172C:N207K,V45A:S168G:A172C:N207K,1.45545738525119,4
V45A:S168G:A172C:N206D,V45A:S168G:A172C:N206D,1.40862937351982,4
V45A:S168G:A172C:Y197R,V45A:S168G:A172C:Y197R,0.307657098041223,4
V45A:S168G:A172C:A174L,V45A:S168G:A172C:A174L,0.734506531025418,4
V45A:N158A:N207K:K231R,V45A:N158A:N207K:K231R,1.46992933806142,4
V45A:N158A:N206D:K231R,V45A:N158A:N206D:K231R,1.52461895179562,4
V45A:N158A:N206D:N207K,V45A:N158A:N206D:N207K,1.52215148377296,4
V45A:N158A:Y197R:N207K,V45A:N158A:Y197R:N207K,0.294409863965573,4
V45A:N158A:Y197R:N206D,V45A:N158A:Y197R:N206D,0.293022658179622,4
V45A:N158A:A174L:Y197R,V45A:N158A:A174L:Y197R,0.308263933133788,4
V45A:N158A:A172C:N207K,V45A:N158A:A172C:N207K,1.4355668861864,4
V45A:N158A:A172C:N206D,V45A:N158A:A172C:N206D,1.36491440670778,4
V45A:N158A:A172C:Y197R,V45A:N158A:A172C:Y197R,0.32325572941592,4
V45A:N158A:A172C:A174L,V45A:N158A:A172C:A174L,1.36642971331841,4
V45A:N158A:S168G:K231R,V45A:N158A:S168G:K231R,1.49523582125441,4
V45A:N158A:S168G:A172C,V45A:N158A:S168G:A172C,1.34116310294005,4
V45A:F143S:N207K:K231R,V45A:F143S:N207K:K231R,0.296369063281006,4
V45A:F143S:N206D:N207K,V45A:F143S:N206D:N207K,0.337606888029931,4
V45A:F143S:Y197R:N207K,V45A:F143S:Y197R:N207K,0.287793341885892,4
V45A:F143S:Y197R:N206D,V45A:F143S:Y197R:N206D,0.336356461336198,4
V45A:F143S:A174L:K231R,V45A:F143S:A174L:K231R,0.318413512086489,4
V45A:F143S:A172C:K231R,V45A:F143S:A172C:K231R,0.247439617722647,4
V45A:F143S:A172C:N207K,V45A:F143S:A172C:N207K,0.311980196624748,4
V45A:F143S:A172C:N206D,V45A:F143S:A172C:N206D,0.339719842832031,4
V45A:F143S:A172C:A174L,V45A:F143S:A172C:A174L,0.328150768200851,4
V45A:F143S:S168G:K231R,V45A:F143S:S168G:K231R,0.264841004869136,4
V45A:F143S:S168G:N207K,V45A:F143S:S168G:N207K,0.280662318960798,4
V45A:F143S:S168G:N206D,V45A:F143S:S168G:N206D,0.272044029554026,4
V45A:F143S:S168G:A174L,V45A:F143S:S168G:A174L,0.299198516552063,4
V45A:F143S:S168G:A172C,V45A:F143S:S168G:A172C,0.261300623198001,4
V45A:F143S:N158A:K231R,V45A:F143S:N158A:K231R,0.342088330655685,4
V45A:F143S:N158A:N207K,V45A:F143S:N158A:N207K,0.304530453894204,4
V45A:F143S:N158A:Y197R,V45A:F143S:N158A:Y197R,0.29982242472231,4
V45A:F143S:N158A:A174L,V45A:F143S:N158A:A174L,0.283325468521078,4
V45A:F143S:N158A:S168G,V45A:F143S:N158A:S168G,0.292594755330407,4
V45A:T127P:N207K:K231R,V45A:T127P:N207K:K231R,1.53396456627593,4
V45A:T127P:N206D:K231R,V45A:T127P:N206D:K231R,1.50253465744358,4
V45A:T127P:Y197R:K231R,V45A:T127P:Y197R:K231R,0.288463458215886,4
V45A:T127P:Y197R:N206D,V45A:T127P:Y197R:N206D,0.306654692456434,4
V45A:T127P:A174L:Y197R,V45A:T127P:A174L:Y197R,0.287117382240226,4
V45A:T127P:A172C:K231R,V45A:T127P:A172C:K231R,1.46217899281975,4
V45A:T127P:A172C:N207K,V45A:T127P:A172C:N207K,1.48256019417228,4
V45A:T127P:A172C:N206D,V45A:T127P:A172C:N206D,1.46095930638908,4
V45A:T127P:A172C:A174L,V45A:T127P:A172C:A174L,1.05723115507362,4
V45A:T127P:S168G:N207K,V45A:T127P:S168G:N207K,1.39642219451361,4
V45A:T127P:S168G:N206D,V45A:T127P:S168G:N206D,1.52046672725528,4
V45A:T127P:S168G:Y197R,V45A:T127P:S168G:Y197R,0.367904426240956,4
V45A:T127P:S168G:A172C,V45A:T127P:S168G:A172C,1.50590192045033,4
V45A:T127P:N158A:N206D,V45A:T127P:N158A:N206D,1.43158384529777,4
V45A:T127P:N158A:Y197R,V45A:T127P:N158A:Y197R,0.263174015864731,4
V45A:T127P:N158A:A174L,V45A:T127P:N158A:A174L,1.42414532923595,4
V45A:T127P:N158A:A172C,V45A:T127P:N158A:A172C,1.33200231120977,4
V45A:T127P:F143S:N207K,V45A:T127P:F143S:N207K,0.261199034482193,4
V45A:T127P:F143S:N206D,V45A:T127P:F143S:N206D,0.29188455669901,4
V45A:T127P:F143S:Y197R,V45A:T127P:F143S:Y197R,0.296704016032492,4
V45A:T127P:F143S:N158A,V45A:T127P:F143S:N158A,0.218516980688082,4
V45A:L63M:N207K:K231R,V45A:L63M:N207K:K231R,0.547819385193259,4
V45A:L63M:N206D:K231R,V45A:L63M:N206D:K231R,0.615411381619466,4
V45A:L63M:A174L:K231R,V45A:L63M:A174L:K231R,0.306744719018358,4
V45A:L63M:A174L:N207K,V45A:L63M:A174L:N207K,0.302727204257671,4
V45A:L63M:A174L:Y197R,V45A:L63M:A174L:Y197R,0.269549958169788,4
V45A:L63M:A172C:K231R,V45A:L63M:A172C:K231R,0.54606509759673,4
V45A:L63M:A172C:N207K,V45A:L63M:A172C:N207K,0.533153888047148,4
V45A:L63M:A172C:N206D,V45A:L63M:A172C:N206D,0.623014443026435,4
V45A:L63M:A172C:Y197R,V45A:L63M:A172C:Y197R,0.358296525878453,4
V45A:L63M:S168G:N207K,V45A:L63M:S168G:N207K,0.692675620616414,4
V45A:L63M:S168G:N206D,V45A:L63M:S168G:N206D,0.699975403975539,4
V45A:L63M:S168G:A172C,V45A:L63M:S168G:A172C,0.695931006948968,4
V45A:L63M:N158A:N207K,V45A:L63M:N158A:N207K,0.661951016028786,4
V45A:L63M:N158A:N206D,V45A:L63M:N158A:N206D,0.744244297185028,4
V45A:L63M:N158A:A174L,V45A:L63M:N158A:A174L,0.544930784422234,4
V45A:L63M:N158A:A172C,V45A:L63M:N158A:A172C,0.592878586964468,4
V45A:L63M:F143S:K231R,V45A:L63M:F143S:K231R,0.269468123523635,4
V45A:L63M:F143S:N207K,V45A:L63M:F143S:N207K,0.309586079845464,4
V45A:L63M:F143S:N206D,V45A:L63M:F143S:N206D,0.280390485101654,4
V45A:L63M:F143S:Y197R,V45A:L63M:F143S:Y197R,0.304183399595104,4
V45A:L63M:F143S:A174L,V45A:L63M:F143S:A174L,0.309965660880606,4
V45A:L63M:F143S:A172C,V45A:L63M:F143S:A172C,0.316420827273493,4
V45A:L63M:T127P:K231R,V45A:L63M:T127P:K231R,0.640886847777,4
V45A:L63M:T127P:N207K,V45A:L63M:T127P:N207K,0.602247432996574,4
V45A:L63M:T127P:Y197R,V45A:L63M:T127P:Y197R,0.21798801145881,4
V45A:L63M:T127P:A172C,V45A:L63M:T127P:A172C,0.703733501275706,4
D20N:N206D:N207K:K231R,D20N:N206D:N207K:K231R,1.5851959778008,4
D20N:Y197R:N207K:K231R,D20N:Y197R:N207K:K231R,0.322677112664067,4
D20N:Y197R:N206D:K231R,D20N:Y197R:N206D:K231R,0.310817828601636,4
D20N:A174L:N206D:K231R,D20N:A174L:N206D:K231R,1.31422616504332,4
D20N:A174L:Y197R:K231R,D20N:A174L:Y197R:K231R,0.314581211472592,4
D20N:A174L:Y197R:N207K,D20N:A174L:Y197R:N207K,0.311537767138776,4
D20N:A174L:Y197R:N206D,D20N:A174L:Y197R:N206D,0.29728737527003,4
D20N:A172C:N207K:K231R,D20N:A172C:N207K:K231R,1.45994289217107,4
D20N:A172C:N206D:K231R,D20N:A172C:N206D:K231R,1.46573628070115,4
D20N:A172C:N206D:N207K,D20N:A172C:N206D:N207K,1.46753964317322,4
D20N:A172C:A174L:K231R,D20N:A172C:A174L:K231R,1.29295464722262,4
D20N:A172C:A174L:N207K,D20N:A172C:A174L:N207K,1.34807441161336,4
D20N:A172C:A174L:N206D,D20N:A172C:A174L:N206D,1.24515031417271,4
D20N:A172C:A174L:Y197R,D20N:A172C:A174L:Y197R,0.327143945720172,4
D20N:S168G:Y197R:K231R,D20N:S168G:Y197R:K231R,0.314498170882555,4
D20N:S168G:Y197R:N206D,D20N:S168G:Y197R:N206D,0.268639802678561,4
D20N:S168G:A174L:K231R,D20N:S168G:A174L:K231R,1.38476149834136,4
D20N:S168G:A174L:Y197R,D20N:S168G:A174L:Y197R,0.309653029604833,4
D20N:S168G:A172C:K231R,D20N:S168G:A172C:K231R,1.47126931815477,4
D20N:S168G:A172C:N207K,D20N:S168G:A172C:N207K,1.49730420449285,4
D20N:S168G:A172C:Y197R,D20N:S168G:A172C:Y197R,0.232667770411395,4
D20N:S168G:A172C:A174L,D20N:S168G:A172C:A174L,1.30469823432596,4
D20N:N158A:N207K:K231R,D20N:N158A:N207K:K231R,1.42854620018628,4
D20N:N158A:N206D:N207K,D20N:N158A:N206D:N207K,1.45430158840013,4
D20N:N158A:Y197R:N207K,D20N:N158A:Y197R:N207K,0.305741278908152,4
D20N:N158A:Y197R:N206D,D20N:N158A:Y197R:N206D,0.278407957583296,4
D20N:N158A:A174L:K231R,D20N:N158A:A174L:K231R,1.35608223984446,4
D20N:N158A:A174L:N207K,D20N:N158A:A174L:N207K,1.3476255272757,4
D20N:N158A:A172C:N206D,D20N:N158A:A172C:N206D,1.35148525832313,4
D20N:N158A:A172C:Y197R,D20N:N158A:A172C:Y197R,0.488812144950598,4
D20N:N158A:A172C:A174L,D20N:N158A:A172C:A174L,1.35218015989258,4
D20N:N158A:S168G:K231R,D20N:N158A:S168G:K231R,1.45311222440402,4
D20N:N158A:S168G:N207K,D20N:N158A:S168G:N207K,1.38906537449979,4
D20N:N158A:S168G:N206D,D20N:N158A:S168G:N206D,1.42076005668641,4
D20N:N158A:S168G:Y197R,D20N:N158A:S168G:Y197R,0.308751228997681,4
D20N:N158A:S168G:A174L,D20N:N158A:S168G:A174L,1.29280761499173,4
D20N:F143S:N207K:K231R,D20N:F143S:N207K:K231R,0.259482448345305,4
D20N:F143S:N206D:N207K,D20N:F143S:N206D:N207K,0.316937444381933,4
D20N:F143S:Y197R:N207K,D20N:F143S:Y197R:N207K,0.269804217122506,4
D20N:F143S:Y197R:N206D,D20N:F143S:Y197R:N206D,0.28879991270068,4
D20N:F143S:A174L:K231R,D20N:F143S:A174L:K231R,0.253929449214981,4
D20N:F143S:A174L:N206D,D20N:F143S:A174L:N206D,0.209939884822226,4
D20N:F143S:A174L:Y197R,D20N:F143S:A174L:Y197R,0.25944498159301,4
D20N:F143S:A172C:K231R,D20N:F143S:A172C:K231R,0.215181475927092,4
D20N:F143S:A172C:N207K,D20N:F143S:A172C:N207K,0.24897556384429,4
D20N:F143S:A172C:Y197R,D20N:F143S:A172C:Y197R,0.24698415299679,4
D20N:F143S:A172C:A174L,D20N:F143S:A172C:A174L,0.262701922851673,4
D20N:F143S:S168G:Y197R,D20N:F143S:S168G:Y197R,0.240542768924471,4
D20N:F143S:S168G:A174L,D20N:F143S:S168G:A174L,0.239930052324845,4
D20N:F143S:N158A:K231R,D20N:F143S:N158A:K231R,0.236448624248566,4
D20N:F143S:N158A:A174L,D20N:F143S:N158A:A174L,0.266960411081299,4
D20N:F143S:N158A:A172C,D20N:F143S:N158A:A172C,0.270934663662791,4
D20N:F143S:N158A:S168G,D20N:F143S:N158A:S168G,0.268246418003605,4
D20N:T127P:N207K:K231R,D20N:T127P:N207K:K231R,1.4780179266471,4
D20N:T127P:N206D:K231R,D20N:T127P:N206D:K231R,1.58912610050282,4
D20N:T127P:Y197R:N207K,D20N:T127P:Y197R:N207K,0.307415624925132,4
D20N:T127P:Y197R:N206D,D20N:T127P:Y197R:N206D,0.326038471625407,4
D20N:T127P:A174L:Y197R,D20N:T127P:A174L:Y197R,0.274984340231272,4
D20N:T127P:A172C:K231R,D20N:T127P:A172C:K231R,1.49779781152066,4
D20N:T127P:A172C:N207K,D20N:T127P:A172C:N207K,1.51482582137056,4
D20N:T127P:A172C:N206D,D20N:T127P:A172C:N206D,1.54458143138923,4
D20N:T127P:A172C:A174L,D20N:T127P:A172C:A174L,1.35921273127686,4
D20N:T127P:S168G:N206D,D20N:T127P:S168G:N206D,1.47907288892244,4
D20N:T127P:S168G:Y197R,D20N:T127P:S168G:Y197R,0.309716582751428,4
D20N:T127P:S168G:A172C,D20N:T127P:S168G:A172C,1.48343000866093,4
D20N:T127P:N158A:N206D,D20N:T127P:N158A:N206D,1.44527462350621,4
D20N:T127P:N158A:A172C,D20N:T127P:N158A:A172C,1.37737464326335,4
D20N:T127P:N158A:S168G,D20N:T127P:N158A:S168G,1.50098323166215,4
D20N:T127P:F143S:K231R,D20N:T127P:F143S:K231R,0.240167856186117,4
D20N:T127P:F143S:N206D,D20N:T127P:F143S:N206D,0.165490272888203,4
D20N:T127P:F143S:Y197R,D20N:T127P:F143S:Y197R,0.243784135823142,4
D20N:T127P:F143S:A172C,D20N:T127P:F143S:A172C,0.215162390697244,4
D20N:T127P:F143S:N158A,D20N:T127P:F143S:N158A,0.22493496271104,4
D20N:L63M:N206D:K231R,D20N:L63M:N206D:K231R,0.70864407217944,4
D20N:L63M:N206D:N207K,D20N:L63M:N206D:N207K,0.751349716266714,4
D20N:L63M:Y197R:K231R,D20N:L63M:Y197R:K231R,0.276160310344028,4
D20N:L63M:Y197R:N206D,D20N:L63M:Y197R:N206D,0.255344551372934,4
D20N:L63M:A174L:K231R,D20N:L63M:A174L:K231R,0.749190812871641,4
D20N:L63M:A174L:Y197R,D20N:L63M:A174L:Y197R,0.296481509351923,4
D20N:L63M:A172C:K231R,D20N:L63M:A172C:K231R,0.726873274256578,4
D20N:L63M:A172C:N207K,D20N:L63M:A172C:N207K,0.702583662467098,4
D20N:L63M:A172C:Y197R,D20N:L63M:A172C:Y197R,0.269339322379753,4
D20N:L63M:S168G:N207K,D20N:L63M:S168G:N207K,0.766955464635558,4
D20N:L63M:S168G:N206D,D20N:L63M:S168G:N206D,0.68251560378509,4
D20N:L63M:S168G:A174L,D20N:L63M:S168G:A174L,0.82868155790634,4
D20N:L63M:S168G:A172C,D20N:L63M:S168G:A172C,0.638378642713322,4
D20N:L63M:N158A:K231R,D20N:L63M:N158A:K231R,0.744437130485304,4
D20N:L63M:N158A:N207K,D20N:L63M:N158A:N207K,0.740507842403203,4
D20N:L63M:N158A:N206D,D20N:L63M:N158A:N206D,0.748246535676031,4
D20N:L63M:N158A:Y197R,D20N:L63M:N158A:Y197R,0.28333070931061,4
D20N:L63M:N158A:A172C,D20N:L63M:N158A:A172C,0.667164543058976,4
D20N:L63M:N158A:S168G,D20N:L63M:N158A:S168G,0.69428176550049,4
D20N:L63M:F143S:N207K,D20N:L63M:F143S:N207K,0.343314826591657,4
D20N:L63M:F143S:N206D,D20N:L63M:F143S:N206D,0.47041937392828,4
D20N:L63M:F143S:Y197R,D20N:L63M:F143S:Y197R,1.25447165609081,4
D20N:L63M:F143S:A174L,D20N:L63M:F143S:A174L,0.595904218529643,4
D20N:L63M:F143S:A172C,D20N:L63M:F143S:A172C,0.324830034681016,4
D20N:L63M:F143S:S168G,D20N:L63M:F143S:S168G,0.348150081183187,4
D20N:L63M:F143S:N158A,D20N:L63M:F143S:N158A,0.230795048521681,4
D20N:L63M:T127P:K231R,D20N:L63M:T127P:K231R,0.75426575936831,4
D20N:L63M:T127P:N207K,D20N:L63M:T127P:N207K,0.746707759580534,4
D20N:L63M:T127P:Y197R,D20N:L63M:T127P:Y197R,0.28917143624734,4
D20N:L63M:T127P:A174L,D20N:L63M:T127P:A174L,0.830998646490207,4
D20N:L63M:T127P:N158A,D20N:L63M:T127P:N158A,0.792563346069704,4
D20N:V45A:N207K:K231R,D20N:V45A:N207K:K231R,1.29474169511228,4
D20N:V45A:N206D:K231R,D20N:V45A:N206D:K231R,1.48282095333763,4
D20N:V45A:N206D:N207K,D20N:V45A:N206D:N207K,1.37530991162057,4
D20N:V45A:Y197R:K231R,D20N:V45A:Y197R:K231R,0.291055572737725,4
D20N:V45A:Y197R:N207K,D20N:V45A:Y197R:N207K,0.313774749036988,4
D20N:V45A:Y197R:N206D,D20N:V45A:Y197R:N206D,0.293390363949747,4
D20N:V45A:A174L:K231R,D20N:V45A:A174L:K231R,0.426169807930225,4
D20N:V45A:A174L:N207K,D20N:V45A:A174L:N207K,0.335869605304606,4
D20N:V45A:A174L:N206D,D20N:V45A:A174L:N206D,0.549427522567059,4
D20N:V45A:A174L:Y197R,D20N:V45A:A174L:Y197R,0.305584414945786,4
D20N:V45A:A172C:K231R,D20N:V45A:A172C:K231R,1.42883077427996,4
D20N:V45A:A172C:N207K,D20N:V45A:A172C:N207K,1.35046376650599,4
D20N:V45A:S168G:K231R,D20N:V45A:S168G:K231R,1.47385435164993,4
D20N:V45A:S168G:N206D,D20N:V45A:S168G:N206D,1.5768175238238,4
D20N:V45A:S168G:Y197R,D20N:V45A:S168G:Y197R,0.315484738628528,4
D20N:V45A:S168G:A174L,D20N:V45A:S168G:A174L,0.917750206901184,4
D20N:V45A:S168G:A172C,D20N:V45A:S168G:A172C,1.43706293632947,4
D20N:V45A:N158A:K231R,D20N:V45A:N158A:K231R,1.42164611216517,4
D20N:V45A:N158A:N207K,D20N:V45A:N158A:N207K,1.41648060952009,4
D20N:V45A:N158A:N206D,D20N:V45A:N158A:N206D,1.47031619550646,4
D20N:V45A:N158A:A174L,D20N:V45A:N158A:A174L,1.32674362500983,4
D20N:V45A:N158A:A172C,D20N:V45A:N158A:A172C,1.39150514883165,4
D20N:V45A:N158A:S168G,D20N:V45A:N158A:S168G,1.37858086824644,4
D20N:V45A:F143S:K231R,D20N:V45A:F143S:K231R,0.28750914047988,4
D20N:V45A:F143S:N207K,D20N:V45A:F143S:N207K,0.349922260876718,4
D20N:V45A:F143S:N206D,D20N:V45A:F143S:N206D,0.245836578084692,4
D20N:V45A:F143S:Y197R,D20N:V45A:F143S:Y197R,0.327206102720133,4
D20N:V45A:F143S:A172C,D20N:V45A:F143S:A172C,0.296159576593664,4
D20N:V45A:T127P:K231R,D20N:V45A:T127P:K231R,1.49620934169777,4
D20N:V45A:T127P:N207K,D20N:V45A:T127P:N207K,1.51884935921416,4
D20N:V45A:T127P:A174L,D20N:V45A:T127P:A174L,1.23172176323319,4
D20N:V45A:T127P:A172C,D20N:V45A:T127P:A172C,1.55378303850851,4
D20N:V45A:T127P:S168G,D20N:V45A:T127P:S168G,1.4745577525014,4
D20N:V45A:T127P:N158A,D20N:V45A:T127P:N158A,1.45776782655588,4
D20N:V45A:T127P:F143S,D20N:V45A:T127P:F143S,0.235321678146071,4
D20N:V45A:L63M:K231R,D20N:V45A:L63M:K231R,0.567146194355724,4
D20N:V45A:L63M:N207K,D20N:V45A:L63M:N207K,0.49782347298691,4
D20N:V45A:L63M:N206D,D20N:V45A:L63M:N206D,0.633195118110225,4
D20N:V45A:L63M:Y197R,D20N:V45A:L63M:Y197R,0.26804855426933,4
D20N:V45A:L63M:A172C,D20N:V45A:L63M:A172C,0.562531810075838,4
D20N:V45A:L63M:S168G,D20N:V45A:L63M:S168G,0.633056949259636,4
D20N:V45A:L63M:F143S,D20N:V45A:L63M:F143S,0.35523266056751,4
A172C:Y197R:N206D:N207K:K231R,A172C:Y197R:N206D:N207K:K231R,0.271188116483643,5
A172C:A174L:Y197R:N207K:K231R,A172C:A174L:Y197R:N207K:K231R,0.328721933254345,5
A172C:A174L:Y197R:N206D:N207K,A172C:A174L:Y197R:N206D:N207K,0.329310873096639,5
S168G:Y197R:N206D:N207K:K231R,S168G:Y197R:N206D:N207K:K231R,0.321962625844886,5
S168G:A174L:Y197R:N207K:K231R,S168G:A174L:Y197R:N207K:K231R,0.28997629025641,5
S168G:A174L:Y197R:N206D:K231R,S168G:A174L:Y197R:N206D:K231R,0.296735177555663,5
S168G:A174L:Y197R:N206D:N207K,S168G:A174L:Y197R:N206D:N207K,0.293468012706103,5
S168G:A172C:N206D:N207K:K231R,S168G:A172C:N206D:N207K:K231R,1.50861022793172,5
S168G:A172C:Y197R:N206D:N207K,S168G:A172C:Y197R:N206D:N207K,0.288861192748314,5
S168G:A172C:A174L:N206D:K231R,S168G:A172C:A174L:N206D:K231R,1.2563709442299,5
S168G:A172C:A174L:Y197R:N207K,S168G:A172C:A174L:Y197R:N207K,0.302672733933899,5
S168G:A172C:A174L:Y197R:N206D,S168G:A172C:A174L:Y197R:N206D,0.303139289599621,5
N158A:Y197R:N206D:N207K:K231R,N158A:Y197R:N206D:N207K:K231R,0.313355232258077,5
N158A:A174L:N206D:N207K:K231R,N158A:A174L:N206D:N207K:K231R,1.37158891178781,5
N158A:A172C:Y197R:N206D:K231R,N158A:A172C:Y197R:N206D:K231R,0.277574906034233,5
N158A:A172C:A174L:N206D:K231R,N158A:A172C:A174L:N206D:K231R,1.34671975156007,5
N158A:A172C:A174L:Y197R:K231R,N158A:A172C:A174L:Y197R:K231R,0.281427353323802,5
N158A:A172C:A174L:Y197R:N207K,N158A:A172C:A174L:Y197R:N207K,0.300461357011843,5
N158A:S168G:N206D:N207K:K231R,N158A:S168G:N206D:N207K:K231R,1.51168811200277,5
N158A:S168G:Y197R:N207K:K231R,N158A:S168G:Y197R:N207K:K231R,0.303763148951112,5
N158A:S168G:Y197R:N206D:K231R,N158A:S168G:Y197R:N206D:K231R,0.274884509916098,5
N158A:S168G:Y197R:N206D:N207K,N158A:S168G:Y197R:N206D:N207K,0.292811290981582,5
N158A:S168G:A174L:N206D:N207K,N158A:S168G:A174L:N206D:N207K,1.40404459602892,5
N158A:S168G:A174L:Y197R:N207K,N158A:S168G:A174L:Y197R:N207K,0.282493377347645,5
N158A:S168G:A174L:Y197R:N206D,N158A:S168G:A174L:Y197R:N206D,0.305356114929782,5
N158A:S168G:A172C:N207K:K231R,N158A:S168G:A172C:N207K:K231R,1.43212767725587,5
N158A:S168G:A172C:N206D:K231R,N158A:S168G:A172C:N206D:K231R,1.45879961540277,5
N158A:S168G:A172C:N206D:N207K,N158A:S168G:A172C:N206D:N207K,1.51364557337976,5
N158A:S168G:A172C:Y197R:K231R,N158A:S168G:A172C:Y197R:K231R,0.261269090921974,5
N158A:S168G:A172C:A174L:N207K,N158A:S168G:A172C:A174L:N207K,1.39258765832378,5
N158A:S168G:A172C:A174L:N206D,N158A:S168G:A172C:A174L:N206D,1.49360485704586,5
F143S:Y197R:N206D:N207K:K231R,F143S:Y197R:N206D:N207K:K231R,0.273485420084611,5
F143S:A174L:N206D:N207K:K231R,F143S:A174L:N206D:N207K:K231R,0.309892075900539,5
F143S:A174L:Y197R:N207K:K231R,F143S:A174L:Y197R:N207K:K231R,0.281616476308608,5
F143S:A174L:Y197R:N206D:K231R,F143S:A174L:Y197R:N206D:K231R,0.275356394322303,5
F143S:A174L:Y197R:N206D:N207K,F143S:A174L:Y197R:N206D:N207K,0.28843476575843,5
F143S:A172C:Y197R:N207K:K231R,F143S:A172C:Y197R:N207K:K231R,0.243428479870182,5
F143S:A172C:Y197R:N206D:K231R,F143S:A172C:Y197R:N206D:K231R,0.23770459514248,5
F143S:A172C:Y197R:N206D:N207K,F143S:A172C:Y197R:N206D:N207K,0.248839012343456,5
F143S:A172C:A174L:N207K:K231R,F143S:A172C:A174L:N207K:K231R,0.28120916353144,5
F143S:A172C:A174L:N206D:K231R,F143S:A172C:A174L:N206D:K231R,0.233875937416938,5
F143S:A172C:A174L:Y197R:K231R,F143S:A172C:A174L:Y197R:K231R,0.279353536357675,5
F143S:A172C:A174L:Y197R:N207K,F143S:A172C:A174L:Y197R:N207K,0.289587753206361,5
F143S:S168G:Y197R:N207K:K231R,F143S:S168G:Y197R:N207K:K231R,0.260474063874852,5
F143S:S168G:Y197R:N206D:K231R,F143S:S168G:Y197R:N206D:K231R,0.239949070917999,5
F143S:S168G:Y197R:N206D:N207K,F143S:S168G:Y197R:N206D:N207K,0.282079455868735,5
F143S:S168G:A174L:N207K:K231R,F143S:S168G:A174L:N207K:K231R,0.256336255117767,5
F143S:S168G:A174L:N206D:N207K,F143S:S168G:A174L:N206D:N207K,0.23422989460039,5
F143S:S168G:A174L:Y197R:K231R,F143S:S168G:A174L:Y197R:K231R,0.248071067803626,5
F143S:S168G:A174L:Y197R:N206D,F143S:S168G:A174L:Y197R:N206D,0.254704218996885,5
F143S:S168G:A172C:N207K:K231R,F143S:S168G:A172C:N207K:K231R,0.245164839615121,5
F143S:S168G:A172C:N206D:K231R,F143S:S168G:A172C:N206D:K231R,0.234939377150184,5
F143S:S168G:A172C:N206D:N207K,F143S:S168G:A172C:N206D:N207K,0.224125119193912,5
F143S:S168G:A172C:Y197R:K231R,F143S:S168G:A172C:Y197R:K231R,0.211037975081493,5
F143S:S168G:A172C:A174L:K231R,F143S:S168G:A172C:A174L:K231R,0.234426644617154,5
F143S:S168G:A172C:A174L:N207K,F143S:S168G:A172C:A174L:N207K,0.253587773617266,5
F143S:S168G:A172C:A174L:N206D,F143S:S168G:A172C:A174L:N206D,0.248942948355741,5
F143S:N158A:N206D:N207K:K231R,F143S:N158A:N206D:N207K:K231R,0.232652909999695,5
F143S:N158A:Y197R:N206D:K231R,F143S:N158A:Y197R:N206D:K231R,0.243143659868697,5
F143S:N158A:A174L:N206D:K231R,F143S:N158A:A174L:N206D:K231R,0.258704217095225,5
F143S:N158A:A174L:N206D:N207K,F143S:N158A:A174L:N206D:N207K,0.2966040134444,5
F143S:N158A:A174L:Y197R:K231R,F143S:N158A:A174L:Y197R:K231R,0.231888874566253,5
F143S:N158A:A174L:Y197R:N207K,F143S:N158A:A174L:Y197R:N207K,0.242068165970731,5
F143S:N158A:A174L:Y197R:N206D,F143S:N158A:A174L:Y197R:N206D,0.243178056747235,5
F143S:N158A:A172C:N207K:K231R,F143S:N158A:A172C:N207K:K231R,0.255593243723215,5
F143S:N158A:A172C:N206D:K231R,F143S:N158A:A172C:N206D:K231R,0.233787422685496,5
F143S:N158A:A172C:N206D:N207K,F143S:N158A:A172C:N206D:N207K,0.261726198162018,5
F143S:N158A:A172C:Y197R:N207K,F143S:N158A:A172C:Y197R:N207K,0.22049838149798,5
F143S:N158A:A172C:Y197R:N206D,F143S:N158A:A172C:Y197R:N206D,0.251967081153624,5
F143S:N158A:A172C:A174L:N206D,F143S:N158A:A172C:A174L:N206D,0.239794138358735,5
F143S:N158A:A172C:A174L:Y197R,F143S:N158A:A172C:A174L:Y197R,0.245829802076425,5
F143S:N158A:S168G:N207K:K231R,F143S:N158A:S168G:N207K:K231R,0.274223191511512,5
F143S:N158A:S168G:N206D:K231R,F143S:N158A:S168G:N206D:K231R,0.239830010971464,5
F143S:N158A:S168G:N206D:N207K,F143S:N158A:S168G:N206D:N207K,0.282776996638877,5
F143S:N158A:S168G:Y197R:K231R,F143S:N158A:S168G:Y197R:K231R,0.237331723089597,5
F143S:N158A:S168G:Y197R:N207K,F143S:N158A:S168G:Y197R:N207K,0.229997957333606,5
F143S:N158A:S168G:Y197R:N206D,F143S:N158A:S168G:Y197R:N206D,0.210950089904564,5
F143S:N158A:S168G:A174L:K231R,F143S:N158A:S168G:A174L:K231R,0.255389070888061,5
F143S:N158A:S168G:A174L:Y197R,F143S:N158A:S168G:A174L:Y197R,0.248177352912372,5
F143S:N158A:S168G:A172C:K231R,F143S:N158A:S168G:A172C:K231R,0.264502626009906,5
F143S:N158A:S168G:A172C:N206D,F143S:N158A:S168G:A172C:N206D,0.23593302957034,5
F143S:N158A:S168G:A172C:A174L,F143S:N158A:S168G:A172C:A174L,0.258729295758566,5
T127P:A174L:N206D:N207K:K231R,T127P:A174L:N206D:N207K:K231R,1.31895671353337,5
T127P:A174L:Y197R:N207K:K231R,T127P:A174L:Y197R:N207K:K231R,0.313053415789401,5
T127P:A174L:Y197R:N206D:K231R,T127P:A174L:Y197R:N206D:K231R,0.304642775122816,5
T127P:A172C:N206D:N207K:K231R,T127P:A172C:N206D:N207K:K231R,1.51985428213699,5
T127P:A172C:Y197R:N207K:K231R,T127P:A172C:Y197R:N207K:K231R,0.266974732060709,5
T127P:A172C:Y197R:N206D:K231R,T127P:A172C:Y197R:N206D:K231R,0.294483932797883,5
T127P:A172C:Y197R:N206D:N207K,T127P:A172C:Y197R:N206D:N207K,0.342071328585769,5
T127P:A172C:A174L:N207K:K231R,T127P:A172C:A174L:N207K:K231R,1.35045164891331,5
T127P:A172C:A174L:N206D:N207K,T127P:A172C:A174L:N206D:N207K,1.36918949092257,5
T127P:A172C:A174L:Y197R:N207K,T127P:A172C:A174L:Y197R:N207K,0.263670794856122,5
T127P:A172C:A174L:Y197R:N206D,T127P:A172C:A174L:Y197R:N206D,0.302198878403055,5
T127P:S168G:N206D:N207K:K231R,T127P:S168G:N206D:N207K:K231R,1.5153920149022,5
T127P:S168G:Y197R:N206D:K231R,T127P:S168G:Y197R:N206D:K231R,0.278678693552303,5
T127P:S168G:Y197R:N206D:N207K,T127P:S168G:Y197R:N206D:N207K,0.282073248882685,5
T127P:S168G:A174L:N207K:K231R,T127P:S168G:A174L:N207K:K231R,1.38292950374868,5
T127P:S168G:A174L:N206D:K231R,T127P:S168G:A174L:N206D:K231R,1.41046885773808,5
T127P:S168G:A174L:Y197R:K231R,T127P:S168G:A174L:Y197R:K231R,0.274677646003411,5
T127P:S168G:A174L:Y197R:N207K,T127P:S168G:A174L:Y197R:N207K,0.30917087127126,5
T127P:S168G:A172C:N207K:K231R,T127P:S168G:A172C:N207K:K231R,1.51773136691707,5
T127P:S168G:A172C:N206D:K231R,T127P:S168G:A172C:N206D:K231R,1.48893663428096,5
T127P:S168G:A172C:N206D:N207K,T127P:S168G:A172C:N206D:N207K,1.54117565713092,5
T127P:S168G:A172C:Y197R:K231R,T127P:S168G:A172C:Y197R:K231R,0.302359062896893,5
T127P:S168G:A172C:Y197R:N207K,T127P:S168G:A172C:Y197R:N207K,0.287266145426031,5
T127P:S168G:A172C:A174L:N207K,T127P:S168G:A172C:A174L:N207K,1.33292321583074,5
T127P:S168G:A172C:A174L:N206D,T127P:S168G:A172C:A174L:N206D,1.31587094336866,5
T127P:S168G:A172C:A174L:Y197R,T127P:S168G:A172C:A174L:Y197R,0.279033922529599,5
T127P:N158A:Y197R:N206D:K231R,T127P:N158A:Y197R:N206D:K231R,0.273001505905345,5
T127P:N158A:Y197R:N206D:N207K,T127P:N158A:Y197R:N206D:N207K,0.286786653324499,5
T127P:N158A:A174L:N207K:K231R,T127P:N158A:A174L:N207K:K231R,1.34839110119009,5
T127P:N158A:A174L:N206D:K231R,T127P:N158A:A174L:N206D:K231R,1.38033276364559,5
T127P:N158A:A174L:N206D:N207K,T127P:N158A:A174L:N206D:N207K,1.37595611214351,5
T127P:N158A:A174L:Y197R:K231R,T127P:N158A:A174L:Y197R:K231R,0.287287848489803,5
T127P:N158A:A174L:Y197R:N207K,T127P:N158A:A174L:Y197R:N207K,0.281055430107985,5
T127P:N158A:A172C:N207K:K231R,T127P:N158A:A172C:N207K:K231R,1.36351306821062,5
T127P:N158A:A172C:N206D:K231R,T127P:N158A:A172C:N206D:K231R,1.44982149459113,5
T127P:N158A:A172C:N206D:N207K,T127P:N158A:A172C:N206D:N207K,1.39214772954266,5
T127P:N158A:A172C:Y197R:K231R,T127P:N158A:A172C:Y197R:K231R,0.27607975637101,5
T127P:N158A:A172C:Y197R:N207K,T127P:N158A:A172C:Y197R:N207K,0.284000365095312,5
T127P:N158A:A172C:Y197R:N206D,T127P:N158A:A172C:Y197R:N206D,0.233106938297414,5
T127P:N158A:A172C:A174L:K231R,T127P:N158A:A172C:A174L:K231R,1.27346303211681,5
T127P:N158A:A172C:A174L:N207K,T127P:N158A:A172C:A174L:N207K,1.29695781367185,5
T127P:N158A:A172C:A174L:Y197R,T127P:N158A:A172C:A174L:Y197R,0.23828787757585,5
T127P:N158A:S168G:N207K:K231R,T127P:N158A:S168G:N207K:K231R,1.4471339048123,5
T127P:N158A:S168G:N206D:K231R,T127P:N158A:S168G:N206D:K231R,1.39756693667204,5
T127P:N158A:S168G:N206D:N207K,T127P:N158A:S168G:N206D:N207K,1.48908864616079,5
T127P:N158A:S168G:Y197R:N207K,T127P:N158A:S168G:Y197R:N207K,0.275467363450383,5
T127P:N158A:S168G:Y197R:N206D,T127P:N158A:S168G:Y197R:N206D,0.304531182375103,5
T127P:N158A:S168G:A174L:K231R,T127P:N158A:S168G:A174L:K231R,1.34309695559408,5
T127P:N158A:S168G:A174L:N206D,T127P:N158A:S168G:A174L:N206D,1.30804222564346,5
T127P:N158A:S168G:A174L:Y197R,T127P:N158A:S168G:A174L:Y197R,0.282262462090793,5
T127P:N158A:S168G:A172C:K231R,T127P:N158A:S168G:A172C:K231R,1.30802074332439,5
T127P:N158A:S168G:A172C:N206D,T127P:N158A:S168G:A172C:N206D,1.3128768815658,5
T127P:N158A:S168G:A172C:Y197R,T127P:N158A:S168G:A172C:Y197R,0.301760707882995,5
T127P:N158A:S168G:A172C:A174L,T127P:N158A:S168G:A172C:A174L,1.38819657267483,5
T127P:F143S:Y197R:N207K:K231R,T127P:F143S:Y197R:N207K:K231R,0.265533573679177,5
T127P:F143S:A174L:N207K:K231R,T127P:F143S:A174L:N207K:K231R,0.27722518377189,5
T127P:F143S:A174L:N206D:K231R,T127P:F143S:A174L:N206D:K231R,0.242187330514695,5
T127P:F143S:A174L:N206D:N207K,T127P:F143S:A174L:N206D:N207K,0.270244748331248,5
T127P:F143S:A172C:N207K:K231R,T127P:F143S:A172C:N207K:K231R,0.20975014782025,5
T127P:F143S:A172C:N206D:K231R,T127P:F143S:A172C:N206D:K231R,0.243480322185795,5
T127P:F143S:A172C:N206D:N207K,T127P:F143S:A172C:N206D:N207K,0.235624211894406,5
T127P:F143S:A172C:Y197R:N207K,T127P:F143S:A172C:Y197R:N207K,0.236174778460337,5
T127P:F143S:A172C:Y197R:N206D,T127P:F143S:A172C:Y197R:N206D,0.209291385147232,5
T127P:F143S:A172C:A174L:N206D,T127P:F143S:A172C:A174L:N206D,0.271733920299494,5
T127P:F143S:S168G:N207K:K231R,T127P:F143S:S168G:N207K:K231R,0.235204125452742,5
T127P:F143S:S168G:N206D:K231R,T127P:F143S:S168G:N206D:K231R,0.236204304902885,5
T127P:F143S:S168G:Y197R:K231R,T127P:F143S:S168G:Y197R:K231R,0.219668825647399,5
T127P:F143S:S168G:Y197R:N207K,T127P:F143S:S168G:Y197R:N207K,0.236900281814141,5
T127P:F143S:S168G:A174L:N207K,T127P:F143S:S168G:A174L:N207K,0.229163186466156,5
T127P:F143S:S168G:A174L:N206D,T127P:F143S:S168G:A174L:N206D,0.241562250339643,5
T127P:F143S:S168G:A174L:Y197R,T127P:F143S:S168G:A174L:Y197R,0.231688254201316,5
T127P:F143S:S168G:A172C:K231R,T127P:F143S:S168G:A172C:K231R,0.221438369988019,5
T127P:F143S:S168G:A172C:N207K,T127P:F143S:S168G:A172C:N207K,0.215734686695449,5
T127P:F143S:S168G:A172C:A174L,T127P:F143S:S168G:A172C:A174L,0.264761873231225,5
T127P:F143S:N158A:N207K:K231R,T127P:F143S:N158A:N207K:K231R,0.249796493674453,5
T127P:F143S:N158A:N206D:N207K,T127P:F143S:N158A:N206D:N207K,0.293866210252983,5
T127P:F143S:N158A:Y197R:N207K,T127P:F143S:N158A:Y197R:N207K,0.209838561039492,5
T127P:F143S:N158A:Y197R:N206D,T127P:F143S:N158A:Y197R:N206D,0.224097511573151,5
T127P:F143S:N158A:A174L:K231R,T127P:F143S:N158A:A174L:K231R,0.253615662489711,5
T127P:F143S:N158A:A174L:N207K,T127P:F143S:N158A:A174L:N207K,0.283475282049838,5
T127P:F143S:N158A:A174L:N206D,T127P:F143S:N158A:A174L:N206D,0.309815874385444,5
T127P:F143S:N158A:A172C:K231R,T127P:F143S:N158A:A172C:K231R,0.258827256464649,5
T127P:F143S:N158A:A172C:N207K,T127P:F143S:N158A:A172C:N207K,0.236424569448794,5
T127P:F143S:N158A:A172C:N206D,T127P:F143S:N158A:A172C:N206D,0.251696788913973,5
T127P:F143S:N158A:A172C:Y197R,T127P:F143S:N158A:A172C:Y197R,0.2378976946747,5
T127P:F143S:N158A:A172C:A174L,T127P:F143S:N158A:A172C:A174L,0.295808550372834,5
T127P:F143S:N158A:S168G:K231R,T127P:F143S:N158A:S168G:K231R,0.28109202176395,5
T127P:F143S:N158A:S168G:N206D,T127P:F143S:N158A:S168G:N206D,0.259192371027064,5
T127P:F143S:N158A:S168G:Y197R,T127P:F143S:N158A:S168G:Y197R,0.235627486750109,5
L63M:Y197R:N206D:N207K:K231R,L63M:Y197R:N206D:N207K:K231R,0.30206700148306,5
L63M:A174L:N206D:N207K:K231R,L63M:A174L:N206D:N207K:K231R,0.737032239788094,5
L63M:A174L:Y197R:N207K:K231R,L63M:A174L:Y197R:N207K:K231R,0.31894827409085,5
L63M:A174L:Y197R:N206D:K231R,L63M:A174L:Y197R:N206D:K231R,0.30748798214692,5
L63M:A174L:Y197R:N206D:N207K,L63M:A174L:Y197R:N206D:N207K,0.322383160768902,5
L63M:A172C:N206D:N207K:K231R,L63M:A172C:N206D:N207K:K231R,0.713105946437598,5
L63M:A172C:Y197R:N207K:K231R,L63M:A172C:Y197R:N207K:K231R,0.252264002291724,5
L63M:A172C:Y197R:N206D:K231R,L63M:A172C:Y197R:N206D:K231R,0.296558747027661,5
L63M:A172C:A174L:N207K:K231R,L63M:A172C:A174L:N207K:K231R,0.678559605081425,5
L63M:A172C:A174L:N206D:K231R,L63M:A172C:A174L:N206D:K231R,0.754899798593212,5
L63M:A172C:A174L:Y197R:K231R,L63M:A172C:A174L:Y197R:K231R,0.311846073859331,5
L63M:A172C:A174L:Y197R:N207K,L63M:A172C:A174L:Y197R:N207K,0.317810958805418,5
L63M:A172C:A174L:Y197R:N206D,L63M:A172C:A174L:Y197R:N206D,0.368319712793769,5
L63M:S168G:N206D:N207K:K231R,L63M:S168G:N206D:N207K:K231R,0.739160258636195,5
L63M:S168G:Y197R:N207K:K231R,L63M:S168G:Y197R:N207K:K231R,0.281186479453866,5
L63M:S168G:Y197R:N206D:N207K,L63M:S168G:Y197R:N206D:N207K,0.26060569901822,5
L63M:S168G:A174L:N207K:K231R,L63M:S168G:A174L:N207K:K231R,0.793898345049508,5
L63M:S168G:A174L:N206D:K231R,L63M:S168G:A174L:N206D:K231R,0.824598690613047,5
L63M:S168G:A174L:Y197R:K231R,L63M:S168G:A174L:Y197R:K231R,0.31988149597898,5
L63M:S168G:A172C:N207K:K231R,L63M:S168G:A172C:N207K:K231R,0.721726962723349,5
L63M:S168G:A172C:N206D:K231R,L63M:S168G:A172C:N206D:K231R,0.76069320965694,5
L63M:S168G:A172C:N206D:N207K,L63M:S168G:A172C:N206D:N207K,0.727551053156721,5
L63M:S168G:A172C:Y197R:K231R,L63M:S168G:A172C:Y197R:K231R,0.276566874905022,5
L63M:S168G:A172C:Y197R:N206D,L63M:S168G:A172C:Y197R:N206D,0.288409067940301,5
L63M:S168G:A172C:A174L:K231R,L63M:S168G:A172C:A174L:K231R,0.762365413093945,5
L63M:S168G:A172C:A174L:N206D,L63M:S168G:A172C:A174L:N206D,0.784663138633466,5
L63M:N158A:Y197R:N206D:N207K,L63M:N158A:Y197R:N206D:N207K,0.26815811615299,5
L63M:N158A:A174L:N207K:K231R,L63M:N158A:A174L:N207K:K231R,0.553149476709591,5
L63M:N158A:A174L:N206D:K231R,L63M:N158A:A174L:N206D:K231R,0.572348392012193,5
L63M:N158A:A174L:Y197R:K231R,L63M:N158A:A174L:Y197R:K231R,0.285623332199542,5
L63M:N158A:A174L:Y197R:N207K,L63M:N158A:A174L:Y197R:N207K,0.285070364209798,5
L63M:N158A:A174L:Y197R:N206D,L63M:N158A:A174L:Y197R:N206D,0.279519749319971,5
L63M:N158A:A172C:N207K:K231R,L63M:N158A:A172C:N207K:K231R,0.671778340987804,5
L63M:N158A:A172C:N206D:K231R,L63M:N158A:A172C:N206D:K231R,0.661796804608946,5
L63M:N158A:A172C:N206D:N207K,L63M:N158A:A172C:N206D:N207K,0.732181917931575,5
L63M:N158A:A172C:Y197R:N207K,L63M:N158A:A172C:Y197R:N207K,0.298497816322596,5
L63M:N158A:A172C:Y197R:N206D,L63M:N158A:A172C:Y197R:N206D,0.314718136837066,5
L63M:N158A:A172C:A174L:K231R,L63M:N158A:A172C:A174L:K231R,0.473180446511234,5
L63M:N158A:A172C:A174L:N206D,L63M:N158A:A172C:A174L:N206D,0.405766553714132,5
L63M:N158A:A172C:A174L:Y197R,L63M:N158A:A172C:A174L:Y197R,0.290399780127327,5
L63M:N158A:S168G:N207K:K231R,L63M:N158A:S168G:N207K:K231R,0.725811380458129,5
L63M:N158A:S168G:N206D:K231R,L63M:N158A:S168G:N206D:K231R,0.875669843278101,5
L63M:N158A:S168G:Y197R:K231R,L63M:N158A:S168G:Y197R:K231R,0.275870594444396,5
L63M:N158A:S168G:Y197R:N207K,L63M:N158A:S168G:Y197R:N207K,0.269407483171718,5
L63M:N158A:S168G:A174L:K231R,L63M:N158A:S168G:A174L:K231R,0.60842676340992,5
L63M:N158A:S168G:A174L:N207K,L63M:N158A:S168G:A174L:N207K,0.634760039503231,5
L63M:N158A:S168G:A174L:N206D,L63M:N158A:S168G:A174L:N206D,0.605444944248874,5
L63M:N158A:S168G:A174L:Y197R,L63M:N158A:S168G:A174L:Y197R,0.28198106565346,5
L63M:N158A:S168G:A172C:K231R,L63M:N158A:S168G:A172C:K231R,0.83118892406338,5
L63M:N158A:S168G:A172C:N207K,L63M:N158A:S168G:A172C:N207K,0.693500416915351,5
L63M:N158A:S168G:A172C:N206D,L63M:N158A:S168G:A172C:N206D,0.83457821912201,5
L63M:N158A:S168G:A172C:Y197R,L63M:N158A:S168G:A172C:Y197R,0.275524490106399,5
L63M:N158A:S168G:A172C:A174L,L63M:N158A:S168G:A172C:A174L,0.486253518750632,5
L63M:F143S:N206D:N207K:K231R,L63M:F143S:N206D:N207K:K231R,0.270750227557766,5
L63M:F143S:Y197R:N207K:K231R,L63M:F143S:Y197R:N207K:K231R,1.14062090154247,5
L63M:F143S:Y197R:N206D:K231R,L63M:F143S:Y197R:N206D:K231R,1.24662108459219,5
L63M:F143S:Y197R:N206D:N207K,L63M:F143S:Y197R:N206D:N207K,1.18972004437503,5
L63M:F143S:A174L:N207K:K231R,L63M:F143S:A174L:N207K:K231R,0.525180055484762,5
L63M:F143S:A174L:N206D:K231R,L63M:F143S:A174L:N206D:K231R,0.548066242969889,5
L63M:F143S:A174L:N206D:N207K,L63M:F143S:A174L:N206D:N207K,0.485116451888566,5
L63M:F143S:A174L:Y197R:K231R,L63M:F143S:A174L:Y197R:K231R,1.18465109911902,5
L63M:F143S:A174L:Y197R:N207K,L63M:F143S:A174L:Y197R:N207K,1.17666455878013,5
L63M:F143S:A174L:Y197R:N206D,L63M:F143S:A174L:Y197R:N206D,1.18483256172548,5
L63M:F143S:A172C:N207K:K231R,L63M:F143S:A172C:N207K:K231R,0.299174242772989,5
L63M:F143S:A172C:N206D:K231R,L63M:F143S:A172C:N206D:K231R,0.355633825122406,5
L63M:F143S:A172C:Y197R:N207K,L63M:F143S:A172C:Y197R:N207K,1.33944195762935,5
L63M:F143S:A172C:A174L:K231R,L63M:F143S:A172C:A174L:K231R,0.511261328408375,5
L63M:F143S:A172C:A174L:Y197R,L63M:F143S:A172C:A174L:Y197R,0.897800725515761,5
L63M:F143S:S168G:N207K:K231R,L63M:F143S:S168G:N207K:K231R,0.288585749370278,5
L63M:F143S:S168G:N206D:K231R,L63M:F143S:S168G:N206D:K231R,0.336766069993947,5
L63M:F143S:S168G:N206D:N207K,L63M:F143S:S168G:N206D:N207K,0.338093602410079,5
L63M:F143S:S168G:Y197R:K231R,L63M:F143S:S168G:Y197R:K231R,1.2244660650315,5
L63M:F143S:S168G:Y197R:N207K,L63M:F143S:S168G:Y197R:N207K,1.14422602770053,5
L63M:F143S:S168G:Y197R:N206D,L63M:F143S:S168G:Y197R:N206D,1.19359802071006,5
L63M:F143S:S168G:A174L:K231R,L63M:F143S:S168G:A174L:K231R,0.672677778185851,5
L63M:F143S:S168G:A174L:N207K,L63M:F143S:S168G:A174L:N207K,0.728738778642617,5
L63M:F143S:S168G:A174L:N206D,L63M:F143S:S168G:A174L:N206D,0.712036202805079,5
L63M:F143S:S168G:A174L:Y197R,L63M:F143S:S168G:A174L:Y197R,1.08461504903398,5
L63M:F143S:S168G:A172C:K231R,L63M:F143S:S168G:A172C:K231R,0.324199321775315,5
L63M:F143S:S168G:A172C:N207K,L63M:F143S:S168G:A172C:N207K,0.387462370045667,5
L63M:F143S:S168G:A172C:N206D,L63M:F143S:S168G:A172C:N206D,0.285400975100239,5
L63M:F143S:S168G:A172C:A174L,L63M:F143S:S168G:A172C:A174L,0.721344024170911,5
L63M:F143S:N158A:N206D:K231R,L63M:F143S:N158A:N206D:K231R,0.270293803506177,5
L63M:F143S:N158A:Y197R:K231R,L63M:F143S:N158A:Y197R:K231R,1.10763916786304,5
L63M:F143S:N158A:Y197R:N207K,L63M:F143S:N158A:Y197R:N207K,1.04336129283941,5
L63M:F143S:N158A:A174L:K231R,L63M:F143S:N158A:A174L:K231R,0.229321342179104,5
L63M:F143S:N158A:A174L:N207K,L63M:F143S:N158A:A174L:N207K,0.296203264092652,5
L63M:F143S:N158A:A174L:N206D,L63M:F143S:N158A:A174L:N206D,0.271351501087445,5
L63M:F143S:N158A:A174L:Y197R,L63M:F143S:N158A:A174L:Y197R,0.924437977053664,5
L63M:F143S:N158A:A172C:K231R,L63M:F143S:N158A:A172C:K231R,0.24993061514171,5
L63M:F143S:N158A:A172C:N206D,L63M:F143S:N158A:A172C:N206D,0.220067923603638,5
L63M:F143S:N158A:A172C:Y197R,L63M:F143S:N158A:A172C:Y197R,1.02549643238843,5
L63M:F143S:N158A:A172C:A174L,L63M:F143S:N158A:A172C:A174L,0.312304974431632,5
L63M:F143S:N158A:S168G:K231R,L63M:F143S:N158A:S168G:K231R,0.264295706939967,5
L63M:F143S:N158A:S168G:N207K,L63M:F143S:N158A:S168G:N207K,0.260664024381569,5
L63M:F143S:N158A:S168G:Y197R,L63M:F143S:N158A:S168G:Y197R,1.08441369113601,5
L63M:F143S:N158A:S168G:A174L,L63M:F143S:N158A:S168G:A174L,0.27463859587475,5
L63M:F143S:N158A:S168G:A172C,L63M:F143S:N158A:S168G:A172C,0.210607549570605,5
L63M:T127P:N206D:N207K:K231R,L63M:T127P:N206D:N207K:K231R,0.718086081081232,5
L63M:T127P:Y197R:N207K:K231R,L63M:T127P:Y197R:N207K:K231R,0.281826481815225,5
L63M:T127P:Y197R:N206D:K231R,L63M:T127P:Y197R:N206D:K231R,0.26182127366591,5
L63M:T127P:Y197R:N206D:N207K,L63M:T127P:Y197R:N206D:N207K,0.334297402000052,5
L63M:T127P:A174L:N207K:K231R,L63M:T127P:A174L:N207K:K231R,0.80667077699047,5
L63M:T127P:A174L:N206D:K231R,L63M:T127P:A174L:N206D:K231R,0.804995458753737,5
L63M:T127P:A174L:N206D:N207K,L63M:T127P:A174L:N206D:N207K,0.838755070691798,5
L63M:T127P:A174L:Y197R:K231R,L63M:T127P:A174L:Y197R:K231R,0.293484391641151,5
L63M:T127P:A174L:Y197R:N207K,L63M:T127P:A174L:Y197R:N207K,0.281558342767871,5
L63M:T127P:A174L:Y197R:N206D,L63M:T127P:A174L:Y197R:N206D,0.274705225110205,5
L63M:T127P:A172C:N207K:K231R,L63M:T127P:A172C:N207K:K231R,0.622651970609954,5
L63M:T127P:A172C:Y197R:K231R,L63M:T127P:A172C:Y197R:K231R,0.226448333279507,5
L63M:T127P:A172C:Y197R:N206D,L63M:T127P:A172C:Y197R:N206D,0.254327900250251,5
L63M:T127P:A172C:A174L:N206D,L63M:T127P:A172C:A174L:N206D,0.784211798894999,5
L63M:T127P:A172C:A174L:Y197R,L63M:T127P:A172C:A174L:Y197R,0.263507392678991,5
L63M:T127P:S168G:N206D:K231R,L63M:T127P:S168G:N206D:K231R,0.792952614101427,5
L63M:T127P:S168G:N206D:N207K,L63M:T127P:S168G:N206D:N207K,0.743127835424513,5
L63M:T127P:S168G:Y197R:N207K,L63M:T127P:S168G:Y197R:N207K,0.280157214137589,5
L63M:T127P:S168G:Y197R:N206D,L63M:T127P:S168G:Y197R:N206D,0.249790949778784,5
L63M:T127P:S168G:A174L:K231R,L63M:T127P:S168G:A174L:K231R,0.848374246631338,5
L63M:T127P:S168G:A174L:Y197R,L63M:T127P:S168G:A174L:Y197R,0.300187711970548,5
L63M:T127P:S168G:A172C:K231R,L63M:T127P:S168G:A172C:K231R,0.759495492428912,5
L63M:T127P:S168G:A172C:Y197R,L63M:T127P:S168G:A172C:Y197R,0.277158226108798,5
L63M:T127P:S168G:A172C:A174L,L63M:T127P:S168G:A172C:A174L,0.834060213836331,5
L63M:T127P:N158A:N207K:K231R,L63M:T127P:N158A:N207K:K231R,0.770073094468775,5
L63M:T127P:N158A:N206D:K231R,L63M:T127P:N158A:N206D:K231R,0.799342648964254,5
L63M:T127P:N158A:N206D:N207K,L63M:T127P:N158A:N206D:N207K,0.781943161130021,5
L63M:T127P:N158A:Y197R:K231R,L63M:T127P:N158A:Y197R:K231R,0.277426038509068,5
L63M:T127P:N158A:Y197R:N207K,L63M:T127P:N158A:Y197R:N207K,0.269075470550342,5
L63M:T127P:N158A:A174L:K231R,L63M:T127P:N158A:A174L:K231R,0.562466418359033,5
L63M:T127P:N158A:A174L:N206D,L63M:T127P:N158A:A174L:N206D,0.529248962060679,5
L63M:T127P:N158A:A172C:K231R,L63M:T127P:N158A:A172C:K231R,0.651399175920241,5
L63M:T127P:N158A:A172C:N207K,L63M:T127P:N158A:A172C:N207K,0.682138153010752,5
L63M:T127P:N158A:A172C:N206D,L63M:T127P:N158A:A172C:N206D,0.543606432701786,5
L63M:T127P:N158A:A172C:Y197R,L63M:T127P:N158A:A172C:Y197R,0.267025735643732,5
L63M:T127P:N158A:S168G:K231R,L63M:T127P:N158A:S168G:K231R,0.783322273977372,5
L63M:T127P:N158A:S168G:N207K,L63M:T127P:N158A:S168G:N207K,0.869907584329452,5
L63M:T127P:N158A:S168G:N206D,L63M:T127P:N158A:S168G:N206D,0.833253094650662,5
L63M:T127P:N158A:S168G:Y197R,L63M:T127P:N158A:S168G:Y197R,0.25024715683171,5
L63M:T127P:F143S:Y197R:K231R,L63M:T127P:F143S:Y197R:K231R,1.32792844271491,5
L63M:T127P:F143S:Y197R:N207K,L63M:T127P:F143S:Y197R:N207K,1.28632401553456,5
L63M:T127P:F143S:Y197R:N206D,L63M:T127P:F143S:Y197R:N206D,1.37560495305053,5
L63M:T127P:F143S:A174L:K231R,L63M:T127P:F143S:A174L:K231R,0.626249214334943,5
L63M:T127P:F143S:A174L:Y197R,L63M:T127P:F143S:A174L:Y197R,1.2401069612851,5
L63M:T127P:F143S:A172C:N207K,L63M:T127P:F143S:A172C:N207K,0.356049209075708,5
L63M:T127P:F143S:A172C:Y197R,L63M:T127P:F143S:A172C:Y197R,1.30472138367846,5
L63M:T127P:F143S:S168G:K231R,L63M:T127P:F143S:S168G:K231R,0.331873618958084,5
L63M:T127P:F143S:S168G:N206D,L63M:T127P:F143S:S168G:N206D,0.382288898790469,5
L63M:T127P:F143S:S168G:Y197R,L63M:T127P:F143S:S168G:Y197R,1.31960547982961,5
L63M:T127P:F143S:S168G:A174L,L63M:T127P:F143S:S168G:A174L,0.683195694884513,5
L63M:T127P:F143S:N158A:K231R,L63M:T127P:F143S:N158A:K231R,0.26906210139728,5
L63M:T127P:F143S:N158A:N206D,L63M:T127P:F143S:N158A:N206D,0.300922998464341,5
L63M:T127P:F143S:N158A:Y197R,L63M:T127P:F143S:N158A:Y197R,1.13329754151552,5
L63M:T127P:F143S:N158A:A174L,L63M:T127P:F143S:N158A:A174L,0.266142816267352,5
L63M:T127P:F143S:N158A:A172C,L63M:T127P:F143S:N158A:A172C,0.242763702960377,5
L63M:T127P:F143S:N158A:S168G,L63M:T127P:F143S:N158A:S168G,0.241294149771671,5
V45A:Y197R:N206D:N207K:K231R,V45A:Y197R:N206D:N207K:K231R,0.311881551010497,5
V45A:A174L:Y197R:N207K:K231R,V45A:A174L:Y197R:N207K:K231R,0.296891525377899,5
V45A:A174L:Y197R:N206D:K231R,V45A:A174L:Y197R:N206D:K231R,0.293954504408181,5
V45A:A174L:Y197R:N206D:N207K,V45A:A174L:Y197R:N206D:N207K,0.318994298478594,5
V45A:A172C:N206D:N207K:K231R,V45A:A172C:N206D:N207K:K231R,1.24865069716206,5
V45A:A172C:Y197R:N207K:K231R,V45A:A172C:Y197R:N207K:K231R,0.29281163258542797,5
V45A:A172C:Y197R:N206D:K231R,V45A:A172C:Y197R:N206D:K231R,0.309571666192676,5
V45A:A172C:A174L:Y197R:K231R,V45A:A172C:A174L:Y197R:K231R,0.304279348360771,5
V45A:A172C:A174L:Y197R:N207K,V45A:A172C:A174L:Y197R:N207K,0.314781849120729,5
V45A:A172C:A174L:Y197R:N206D,V45A:A172C:A174L:Y197R:N206D,0.331002979948952,5
V45A:S168G:N206D:N207K:K231R,V45A:S168G:N206D:N207K:K231R,1.52053624780466,5
V45A:S168G:Y197R:N207K:K231R,V45A:S168G:Y197R:N207K:K231R,0.301932011084022,5
V45A:S168G:Y197R:N206D:K231R,V45A:S168G:Y197R:N206D:K231R,0.319735708364233,5
V45A:S168G:Y197R:N206D:N207K,V45A:S168G:Y197R:N206D:N207K,0.300314829446173,5
V45A:S168G:A174L:N207K:K231R,V45A:S168G:A174L:N207K:K231R,0.317088459474387,5
V45A:S168G:A174L:Y197R:K231R,V45A:S168G:A174L:Y197R:K231R,0.293804744713548,5
V45A:S168G:A174L:Y197R:N207K,V45A:S168G:A174L:Y197R:N207K,0.30309388191009,5
V45A:S168G:A174L:Y197R:N206D,V45A:S168G:A174L:Y197R:N206D,0.318458133094596,5
V45A:S168G:A172C:N206D:K231R,V45A:S168G:A172C:N206D:K231R,1.48676495727032,5
V45A:S168G:A172C:N206D:N207K,V45A:S168G:A172C:N206D:N207K,1.48404324789948,5
V45A:S168G:A172C:Y197R:K231R,V45A:S168G:A172C:Y197R:K231R,0.299266007416334,5
V45A:S168G:A172C:Y197R:N207K,V45A:S168G:A172C:Y197R:N207K,0.316924992667398,5
V45A:S168G:A172C:A174L:K231R,V45A:S168G:A172C:A174L:K231R,0.62754665992141,5
V45A:S168G:A172C:A174L:N207K,V45A:S168G:A172C:A174L:N207K,0.429766075893501,5
V45A:S168G:A172C:A174L:N206D,V45A:S168G:A172C:A174L:N206D,0.694191014119129,5
V45A:S168G:A172C:A174L:Y197R,V45A:S168G:A172C:A174L:Y197R,0.379453695456897,5
V45A:N158A:Y197R:N206D:K231R,V45A:N158A:Y197R:N206D:K231R,0.278807970919333,5
V45A:N158A:Y197R:N206D:N207K,V45A:N158A:Y197R:N206D:N207K,0.318131903137674,5
V45A:N158A:A174L:N207K:K231R,V45A:N158A:A174L:N207K:K231R,1.29791210842794,5
V45A:N158A:A174L:N206D:K231R,V45A:N158A:A174L:N206D:K231R,1.38836443519076,5
V45A:N158A:A174L:Y197R:K231R,V45A:N158A:A174L:Y197R:K231R,0.322298356325306,5
V45A:N158A:A174L:Y197R:N207K,V45A:N158A:A174L:Y197R:N207K,0.309340815980808,5
V45A:N158A:A174L:Y197R:N206D,V45A:N158A:A174L:Y197R:N206D,0.302832818670671,5
V45A:N158A:A172C:N207K:K231R,V45A:N158A:A172C:N207K:K231R,1.38803164797116,5
V45A:N158A:A172C:N206D:N207K,V45A:N158A:A172C:N206D:N207K,1.44547629597861,5
V45A:N158A:A172C:Y197R:K231R,V45A:N158A:A172C:Y197R:K231R,0.333495167550561,5
V45A:N158A:A172C:Y197R:N207K,V45A:N158A:A172C:Y197R:N207K,0.293068348179093,5
V45A:N158A:A172C:A174L:N207K,V45A:N158A:A172C:A174L:N207K,1.33147054980987,5
V45A:N158A:A172C:A174L:N206D,V45A:N158A:A172C:A174L:N206D,1.36274624888899,5
V45A:N158A:A172C:A174L:Y197R,V45A:N158A:A172C:A174L:Y197R,0.292250366268082,5
V45A:N158A:S168G:N207K:K231R,V45A:N158A:S168G:N207K:K231R,1.45290544865895,5
V45A:N158A:S168G:N206D:K231R,V45A:N158A:S168G:N206D:K231R,1.4566328383192,5
V45A:N158A:S168G:Y197R:K231R,V45A:N158A:S168G:Y197R:K231R,0.30232808224594,5
V45A:N158A:S168G:Y197R:N207K,V45A:N158A:S168G:Y197R:N207K,0.288266882866162,5
V45A:N158A:S168G:Y197R:N206D,V45A:N158A:S168G:Y197R:N206D,0.284309925261388,5
V45A:N158A:S168G:A174L:N207K,V45A:N158A:S168G:A174L:N207K,1.38352546831988,5
V45A:N158A:S168G:A174L:Y197R,V45A:N158A:S168G:A174L:Y197R,0.302630436277973,5
V45A:N158A:S168G:A172C:K231R,V45A:N158A:S168G:A172C:K231R,1.35198894041381,5
V45A:N158A:S168G:A172C:N206D,V45A:N158A:S168G:A172C:N206D,1.5513621835518,5
V45A:N158A:S168G:A172C:A174L,V45A:N158A:S168G:A172C:A174L,1.30632884580178,5
V45A:F143S:N206D:N207K:K231R,V45A:F143S:N206D:N207K:K231R,0.339506047419341,5
V45A:F143S:Y197R:N207K:K231R,V45A:F143S:Y197R:N207K:K231R,0.294375963684144,5
V45A:F143S:Y197R:N206D:K231R,V45A:F143S:Y197R:N206D:K231R,0.278528990055153,5
V45A:F143S:Y197R:N206D:N207K,V45A:F143S:Y197R:N206D:N207K,0.306298550006797,5
V45A:F143S:A174L:N207K:K231R,V45A:F143S:A174L:N207K:K231R,0.311950038739951,5
V45A:F143S:A174L:Y197R:N207K,V45A:F143S:A174L:Y197R:N207K,0.29368918388708,5
V45A:F143S:A172C:N206D:K231R,V45A:F143S:A172C:N206D:K231R,0.29525065176167,5
V45A:F143S:A172C:N206D:N207K,V45A:F143S:A172C:N206D:N207K,0.345217212712444,5
V45A:F143S:A172C:Y197R:K231R,V45A:F143S:A172C:Y197R:K231R,0.313941092411017,5
V45A:F143S:A172C:Y197R:N207K,V45A:F143S:A172C:Y197R:N207K,0.288420715366422,5
V45A:F143S:A172C:Y197R:N206D,V45A:F143S:A172C:Y197R:N206D,0.257378603264507,5
V45A:F143S:A172C:A174L:K231R,V45A:F143S:A172C:A174L:K231R,0.307905162807413,5
V45A:F143S:A172C:A174L:N207K,V45A:F143S:A172C:A174L:N207K,0.306442966831985,5
V45A:F143S:A172C:A174L:N206D,V45A:F143S:A172C:A174L:N206D,0.291359273949453,5
V45A:F143S:S168G:N207K:K231R,V45A:F143S:S168G:N207K:K231R,0.325108114377757,5
V45A:F143S:S168G:N206D:K231R,V45A:F143S:S168G:N206D:K231R,0.288573769888921,5
V45A:F143S:S168G:N206D:N207K,V45A:F143S:S168G:N206D:N207K,0.302434921522994,5
V45A:F143S:S168G:Y197R:K231R,V45A:F143S:S168G:Y197R:K231R,0.302985542109251,5
V45A:F143S:S168G:Y197R:N206D,V45A:F143S:S168G:Y197R:N206D,0.304052165023317,5
V45A:F143S:S168G:A174L:K231R,V45A:F143S:S168G:A174L:K231R,0.305422215574354,5
V45A:F143S:S168G:A174L:N207K,V45A:F143S:S168G:A174L:N207K,0.296800398749111,5
V45A:F143S:S168G:A174L:N206D,V45A:F143S:S168G:A174L:N206D,0.28477582185565,5
V45A:F143S:S168G:A172C:K231R,V45A:F143S:S168G:A172C:K231R,0.290188912675611,5
V45A:F143S:S168G:A172C:N207K,V45A:F143S:S168G:A172C:N207K,0.275175472096297,5
V45A:F143S:S168G:A172C:N206D,V45A:F143S:S168G:A172C:N206D,0.258451356286423,5
V45A:F143S:S168G:A172C:Y197R,V45A:F143S:S168G:A172C:Y197R,0.275372972006252,5
V45A:F143S:N158A:N207K:K231R,V45A:F143S:N158A:N207K:K231R,0.340702179086635,5
V45A:F143S:N158A:N206D:K231R,V45A:F143S:N158A:N206D:K231R,0.288313505873567,5
V45A:F143S:N158A:N206D:N207K,V45A:F143S:N158A:N206D:N207K,0.296237860916155,5
V45A:F143S:N158A:Y197R:N207K,V45A:F143S:N158A:Y197R:N207K,0.295009314035636,5
V45A:F143S:N158A:Y197R:N206D,V45A:F143S:N158A:Y197R:N206D,0.309514972722216,5
V45A:F143S:N158A:A174L:K231R,V45A:F143S:N158A:A174L:K231R,0.301196775844317,5
V45A:F143S:N158A:A174L:N207K,V45A:F143S:N158A:A174L:N207K,0.316782238547181,5
V45A:F143S:N158A:A174L:N206D,V45A:F143S:N158A:A174L:N206D,0.296287323161731,5
V45A:F143S:N158A:A174L:Y197R,V45A:F143S:N158A:A174L:Y197R,0.301842299091491,5
V45A:F143S:N158A:A172C:K231R,V45A:F143S:N158A:A172C:K231R,0.3353586209656,5
V45A:F143S:N158A:A172C:N206D,V45A:F143S:N158A:A172C:N206D,0.3488667247441,5
V45A:F143S:N158A:A172C:Y197R,V45A:F143S:N158A:A172C:Y197R,0.237736218591105,5
V45A:F143S:N158A:A172C:A174L,V45A:F143S:N158A:A172C:A174L,0.337298693770644,5
V45A:F143S:N158A:S168G:K231R,V45A:F143S:N158A:S168G:K231R,0.325441503660931,5
V45A:F143S:N158A:S168G:N207K,V45A:F143S:N158A:S168G:N207K,0.313649865437912,5
V45A:F143S:N158A:S168G:N206D,V45A:F143S:N158A:S168G:N206D,0.326723810082131,5
V45A:F143S:N158A:S168G:Y197R,V45A:F143S:N158A:S168G:Y197R,0.279149859513946,5
V45A:F143S:N158A:S168G:A174L,V45A:F143S:N158A:S168G:A174L,0.276197142979667,5
V45A:T127P:N206D:N207K:K231R,V45A:T127P:N206D:N207K:K231R,1.44585444112605,5
V45A:T127P:Y197R:N206D:K231R,V45A:T127P:Y197R:N206D:K231R,0.289909641824537,5
V45A:T127P:Y197R:N206D:N207K,V45A:T127P:Y197R:N206D:N207K,0.295725551792596,5
V45A:T127P:A174L:N207K:K231R,V45A:T127P:A174L:N207K:K231R,0.512996965222911,5
V45A:T127P:A174L:N206D:K231R,V45A:T127P:A174L:N206D:K231R,0.90320462078731,5
V45A:T127P:A174L:Y197R:K231R,V45A:T127P:A174L:Y197R:K231R,0.288839162689341,5
V45A:T127P:A174L:Y197R:N207K,V45A:T127P:A174L:Y197R:N207K,0.297224683059051,5
V45A:T127P:A174L:Y197R:N206D,V45A:T127P:A174L:Y197R:N206D,0.276203752066881,5
V45A:T127P:A172C:N207K:K231R,V45A:T127P:A172C:N207K:K231R,1.44692512066593,5
V45A:T127P:A172C:N206D:K231R,V45A:T127P:A172C:N206D:K231R,1.55028650279092,5
V45A:T127P:A172C:Y197R:K231R,V45A:T127P:A172C:Y197R:K231R,0.260047646370796,5
V45A:T127P:A172C:Y197R:N206D,V45A:T127P:A172C:Y197R:N206D,0.265055751398835,5
V45A:T127P:A172C:A174L:N207K,V45A:T127P:A172C:A174L:N207K,0.698903162303856,5
V45A:T127P:A172C:A174L:N206D,V45A:T127P:A172C:A174L:N206D,1.03363636211183,5
V45A:T127P:A172C:A174L:Y197R,V45A:T127P:A172C:A174L:Y197R,0.322218271539012,5
V45A:T127P:S168G:N207K:K231R,V45A:T127P:S168G:N207K:K231R,1.43536365390918,5
V45A:T127P:S168G:N206D:K231R,V45A:T127P:S168G:N206D:K231R,1.53071879752146,5
V45A:T127P:S168G:Y197R:K231R,V45A:T127P:S168G:Y197R:K231R,0.275996727243654,5
V45A:T127P:S168G:Y197R:N207K,V45A:T127P:S168G:Y197R:N207K,0.292556182134266,5
V45A:T127P:S168G:A174L:K231R,V45A:T127P:S168G:A174L:K231R,1.22366064921346,5
V45A:T127P:S168G:A174L:N207K,V45A:T127P:S168G:A174L:N207K,0.969427981967471,5
V45A:T127P:S168G:A174L:Y197R,V45A:T127P:S168G:A174L:Y197R,0.323096688606596,5
V45A:T127P:S168G:A172C:N207K,V45A:T127P:S168G:A172C:N207K,1.47838559604482,5
V45A:T127P:S168G:A172C:N206D,V45A:T127P:S168G:A172C:N206D,1.44041128059782,5
V45A:T127P:S168G:A172C:Y197R,V45A:T127P:S168G:A172C:Y197R,0.310726476479716,5
V45A:T127P:S168G:A172C:A174L,V45A:T127P:S168G:A172C:A174L,1.27294838321883,5
V45A:T127P:N158A:N207K:K231R,V45A:T127P:N158A:N207K:K231R,1.45967139714939,5
V45A:T127P:N158A:N206D:N207K,V45A:T127P:N158A:N206D:N207K,1.50732678444905,5
V45A:T127P:N158A:Y197R:N207K,V45A:T127P:N158A:Y197R:N207K,0.316351945918602,5
V45A:T127P:N158A:Y197R:N206D,V45A:T127P:N158A:Y197R:N206D,0.278911613169329,5
V45A:T127P:N158A:A174L:N206D,V45A:T127P:N158A:A174L:N206D,1.38767894207968,5
V45A:T127P:N158A:A174L:Y197R,V45A:T127P:N158A:A174L:Y197R,0.279577035617567,5
V45A:T127P:N158A:A172C:N207K,V45A:T127P:N158A:A172C:N207K,1.37170119641671,5
V45A:T127P:N158A:A172C:N206D,V45A:T127P:N158A:A172C:N206D,1.44355418917138,5
V45A:T127P:N158A:A172C:Y197R,V45A:T127P:N158A:A172C:Y197R,0.213139939145196,5
V45A:T127P:N158A:A172C:A174L,V45A:T127P:N158A:A172C:A174L,1.34306766654693,5
V45A:T127P:N158A:S168G:K231R,V45A:T127P:N158A:S168G:K231R,1.35395035171743,5
V45A:T127P:N158A:S168G:N207K,V45A:T127P:N158A:S168G:N207K,1.50728874789917,5
V45A:T127P:N158A:S168G:A174L,V45A:T127P:N158A:S168G:A174L,1.36331247607509,5
V45A:T127P:N158A:S168G:A172C,V45A:T127P:N158A:S168G:A172C,1.31317592488793,5
V45A:T127P:F143S:N207K:K231R,V45A:T127P:F143S:N207K:K231R,0.323901903522195,5
V45A:T127P:F143S:N206D:K231R,V45A:T127P:F143S:N206D:K231R,0.27598365787569,5
V45A:T127P:F143S:N206D:N207K,V45A:T127P:F143S:N206D:N207K,0.339097043573669,5
V45A:T127P:F143S:Y197R:N207K,V45A:T127P:F143S:Y197R:N207K,0.324132109895296,5
V45A:T127P:F143S:Y197R:N206D,V45A:T127P:F143S:Y197R:N206D,0.268998188745729,5
V45A:T127P:F143S:A174L:N207K,V45A:T127P:F143S:A174L:N207K,0.285631037144849,5
V45A:T127P:F143S:A174L:N206D,V45A:T127P:F143S:A174L:N206D,0.309480426534102,5
V45A:T127P:F143S:A174L:Y197R,V45A:T127P:F143S:A174L:Y197R,0.271116396092962,5
V45A:T127P:F143S:A172C:K231R,V45A:T127P:F143S:A172C:K231R,0.270800055424215,5
V45A:T127P:F143S:A172C:N207K,V45A:T127P:F143S:A172C:N207K,0.335804482267093,5
V45A:T127P:F143S:A172C:N206D,V45A:T127P:F143S:A172C:N206D,0.319787848552033,5
V45A:T127P:F143S:A172C:A174L,V45A:T127P:F143S:A172C:A174L,0.350142275893659,5
V45A:T127P:F143S:S168G:K231R,V45A:T127P:F143S:S168G:K231R,0.260737283492492,5
V45A:T127P:F143S:S168G:Y197R,V45A:T127P:F143S:S168G:Y197R,0.271218070332606,5
V45A:T127P:F143S:S168G:A174L,V45A:T127P:F143S:S168G:A174L,0.279217922958478,5
V45A:T127P:F143S:N158A:K231R,V45A:T127P:F143S:N158A:K231R,0.279157954694268,5
V45A:T127P:F143S:N158A:N206D,V45A:T127P:F143S:N158A:N206D,0.27157555085126,5
V45A:T127P:F143S:N158A:A174L,V45A:T127P:F143S:N158A:A174L,0.270024985634501,5
V45A:T127P:F143S:N158A:A172C,V45A:T127P:F143S:N158A:A172C,0.342332240824596,5
V45A:T127P:F143S:N158A:S168G,V45A:T127P:F143S:N158A:S168G,0.32983327107307,5
V45A:L63M:N206D:N207K:K231R,V45A:L63M:N206D:N207K:K231R,0.526923239468028,5
V45A:L63M:Y197R:N206D:K231R,V45A:L63M:Y197R:N206D:K231R,0.300107298840143,5
V45A:L63M:A174L:N207K:K231R,V45A:L63M:A174L:N207K:K231R,0.301874105949708,5
V45A:L63M:A174L:N206D:N207K,V45A:L63M:A174L:N206D:N207K,0.306200836828485,5
V45A:L63M:A174L:Y197R:K231R,V45A:L63M:A174L:Y197R:K231R,0.286416098231655,5
V45A:L63M:A174L:Y197R:N207K,V45A:L63M:A174L:Y197R:N207K,0.312651781096869,5
V45A:L63M:A172C:N207K:K231R,V45A:L63M:A172C:N207K:K231R,0.545429605801162,5
V45A:L63M:A172C:N206D:K231R,V45A:L63M:A172C:N206D:K231R,0.628963793532805,5
V45A:L63M:A172C:N206D:N207K,V45A:L63M:A172C:N206D:N207K,0.553283559701628,5
V45A:L63M:A172C:Y197R:K231R,V45A:L63M:A172C:Y197R:K231R,0.291351573633361,5
V45A:L63M:A172C:Y197R:N207K,V45A:L63M:A172C:Y197R:N207K,0.337185584769821,5
V45A:L63M:A172C:Y197R:N206D,V45A:L63M:A172C:Y197R:N206D,0.291592470034843,5
V45A:L63M:A172C:A174L:N207K,V45A:L63M:A172C:A174L:N207K,0.313824114699735,5
V45A:L63M:A172C:A174L:Y197R,V45A:L63M:A172C:A174L:Y197R,0.266354443072027,5
V45A:L63M:S168G:N206D:N207K,V45A:L63M:S168G:N206D:N207K,0.684854358830301,5
V45A:L63M:S168G:Y197R:K231R,V45A:L63M:S168G:Y197R:K231R,0.284679811340431,5
V45A:L63M:S168G:Y197R:N207K,V45A:L63M:S168G:Y197R:N207K,0.286466107958354,5
V45A:L63M:S168G:Y197R:N206D,V45A:L63M:S168G:Y197R:N206D,0.312204310224172,5
V45A:L63M:S168G:A174L:K231R,V45A:L63M:S168G:A174L:K231R,0.567030115856363,5
V45A:L63M:S168G:A174L:N207K,V45A:L63M:S168G:A174L:N207K,0.314791956316683,5
V45A:L63M:S168G:A174L:N206D,V45A:L63M:S168G:A174L:N206D,0.564007947080121,5
V45A:L63M:S168G:A174L:Y197R,V45A:L63M:S168G:A174L:Y197R,0.308909513992722,5
V45A:L63M:S168G:A172C:N207K,V45A:L63M:S168G:A172C:N207K,0.691368772355561,5
V45A:L63M:S168G:A172C:Y197R,V45A:L63M:S168G:A172C:Y197R,0.347695385653494,5
V45A:L63M:S168G:A172C:A174L,V45A:L63M:S168G:A172C:A174L,0.613470521962917,5
V45A:L63M:N158A:N207K:K231R,V45A:L63M:N158A:N207K:K231R,0.711523758481912,5
V45A:L63M:N158A:N206D:K231R,V45A:L63M:N158A:N206D:K231R,0.722323872513554,5
V45A:L63M:N158A:N206D:N207K,V45A:L63M:N158A:N206D:N207K,0.78825028527937,5
V45A:L63M:N158A:Y197R:N207K,V45A:L63M:N158A:Y197R:N207K,0.281185522614788,5
V45A:L63M:N158A:Y197R:N206D,V45A:L63M:N158A:Y197R:N206D,0.2533496048436,5
V45A:L63M:N158A:A174L:K231R,V45A:L63M:N158A:A174L:K231R,0.544173030090742,5
V45A:L63M:N158A:A174L:N207K,V45A:L63M:N158A:A174L:N207K,0.528431585610243,5
V45A:L63M:N158A:A172C:K231R,V45A:L63M:N158A:A172C:K231R,0.614582308989594,5
V45A:L63M:N158A:A172C:N206D,V45A:L63M:N158A:A172C:N206D,0.693403674104647,5
V45A:L63M:N158A:A172C:Y197R,V45A:L63M:N158A:A172C:Y197R,0.297176722101105,5
V45A:L63M:N158A:S168G:K231R,V45A:L63M:N158A:S168G:K231R,0.780452122471911,5
V45A:L63M:N158A:S168G:N207K,V45A:L63M:N158A:S168G:N207K,0.702411188879178,5
V45A:L63M:N158A:S168G:A174L,V45A:L63M:N158A:S168G:A174L,0.551506888651465,5
V45A:L63M:N158A:S168G:A172C,V45A:L63M:N158A:S168G:A172C,0.630035536490103,5
V45A:L63M:F143S:N207K:K231R,V45A:L63M:F143S:N207K:K231R,0.308166562565173,5
V45A:L63M:F143S:N206D:K231R,V45A:L63M:F143S:N206D:K231R,0.28301868562943,5
V45A:L63M:F143S:Y197R:K231R,V45A:L63M:F143S:Y197R:K231R,0.280746490005832,5
V45A:L63M:F143S:Y197R:N207K,V45A:L63M:F143S:Y197R:N207K,0.293693351176404,5
V45A:L63M:F143S:Y197R:N206D,V45A:L63M:F143S:Y197R:N206D,0.287683684918067,5
V45A:L63M:F143S:A174L:N207K,V45A:L63M:F143S:A174L:N207K,0.302018294455348,5
V45A:L63M:F143S:A172C:K231R,V45A:L63M:F143S:A172C:K231R,0.283107312948788,5
V45A:L63M:F143S:S168G:N207K,V45A:L63M:F143S:S168G:N207K,0.296089733018017,5
V45A:L63M:F143S:S168G:Y197R,V45A:L63M:F143S:S168G:Y197R,0.867475780496964,5
V45A:L63M:F143S:S168G:A174L,V45A:L63M:F143S:S168G:A174L,0.289924377065792,5
V45A:L63M:F143S:S168G:A172C,V45A:L63M:F143S:S168G:A172C,0.340745068392668,5
V45A:L63M:F143S:N158A:K231R,V45A:L63M:F143S:N158A:K231R,0.264756086517636,5
V45A:L63M:F143S:N158A:N207K,V45A:L63M:F143S:N158A:N207K,0.290208837853323,5
V45A:L63M:F143S:N158A:N206D,V45A:L63M:F143S:N158A:N206D,0.240511216736661,5
V45A:L63M:F143S:N158A:Y197R,V45A:L63M:F143S:N158A:Y197R,0.660344253893061,5
V45A:L63M:F143S:N158A:A174L,V45A:L63M:F143S:N158A:A174L,0.263011351460483,5
V45A:L63M:F143S:N158A:A172C,V45A:L63M:F143S:N158A:A172C,0.281112673439667,5
V45A:L63M:F143S:N158A:S168G,V45A:L63M:F143S:N158A:S168G,0.302847025198093,5
V45A:L63M:T127P:N207K:K231R,V45A:L63M:T127P:N207K:K231R,0.678772200791443,5
V45A:L63M:T127P:N206D:K231R,V45A:L63M:T127P:N206D:K231R,0.633548850891084,5
V45A:L63M:T127P:N206D:N207K,V45A:L63M:T127P:N206D:N207K,0.548290138869508,5
V45A:L63M:T127P:Y197R:K231R,V45A:L63M:T127P:Y197R:K231R,0.282769877867658,5
V45A:L63M:T127P:Y197R:N207K,V45A:L63M:T127P:Y197R:N207K,0.275645478957238,5
V45A:L63M:T127P:Y197R:N206D,V45A:L63M:T127P:Y197R:N206D,0.203559441838337,5
V45A:L63M:T127P:A174L:K231R,V45A:L63M:T127P:A174L:K231R,0.606764192362422,5
V45A:L63M:T127P:A174L:N207K,V45A:L63M:T127P:A174L:N207K,0.45514538707065,5
V45A:L63M:T127P:A174L:N206D,V45A:L63M:T127P:A174L:N206D,0.661867828874439,5
V45A:L63M:T127P:A174L:Y197R,V45A:L63M:T127P:A174L:Y197R,0.287965938065031,5
V45A:L63M:T127P:A172C:K231R,V45A:L63M:T127P:A172C:K231R,0.638397009353552,5
V45A:L63M:T127P:A172C:N206D,V45A:L63M:T127P:A172C:N206D,0.682711224374645,5
V45A:L63M:T127P:A172C:Y197R,V45A:L63M:T127P:A172C:Y197R,0.291929812632972,5
V45A:L63M:T127P:A172C:A174L,V45A:L63M:T127P:A172C:A174L,0.540162680786296,5
V45A:L63M:T127P:S168G:N206D,V45A:L63M:T127P:S168G:N206D,0.632625898426641,5
V45A:L63M:T127P:S168G:Y197R,V45A:L63M:T127P:S168G:Y197R,0.299268421397397,5
V45A:L63M:T127P:S168G:A174L,V45A:L63M:T127P:S168G:A174L,0.797815394211581,5
V45A:L63M:T127P:S168G:A172C,V45A:L63M:T127P:S168G:A172C,0.684646330834352,5
V45A:L63M:T127P:N158A:N207K,V45A:L63M:T127P:N158A:N207K,0.700718130510148,5
V45A:L63M:T127P:N158A:Y197R,V45A:L63M:T127P:N158A:Y197R,0.337329332035558,5
V45A:L63M:T127P:N158A:A174L,V45A:L63M:T127P:N158A:A174L,0.50331814885798,5
V45A:L63M:T127P:N158A:A172C,V45A:L63M:T127P:N158A:A172C,0.677171272210076,5
V45A:L63M:T127P:N158A:S168G,V45A:L63M:T127P:N158A:S168G,0.570375504670799,5
V45A:L63M:T127P:F143S:K231R,V45A:L63M:T127P:F143S:K231R,0.334990113525516,5
V45A:L63M:T127P:F143S:N207K,V45A:L63M:T127P:F143S:N207K,0.2293688197323,5
V45A:L63M:T127P:F143S:Y197R,V45A:L63M:T127P:F143S:Y197R,0.815265804542208,5
V45A:L63M:T127P:F143S:A172C,V45A:L63M:T127P:F143S:A172C,0.439613995353876,5
V45A:L63M:T127P:F143S:S168G,V45A:L63M:T127P:F143S:S168G,0.28879659572222,5
V45A:L63M:T127P:F143S:N158A,V45A:L63M:T127P:F143S:N158A,0.300287253449334,5
D20N:Y197R:N206D:N207K:K231R,D20N:Y197R:N206D:N207K:K231R,0.326957873995501,5
D20N:A174L:N206D:N207K:K231R,D20N:A174L:N206D:N207K:K231R,1.2524300080622,5
D20N:A174L:Y197R:N206D:K231R,D20N:A174L:Y197R:N206D:K231R,0.324154334160019,5
D20N:A174L:Y197R:N206D:N207K,D20N:A174L:Y197R:N206D:N207K,0.290033100054934,5
D20N:A172C:N206D:N207K:K231R,D20N:A172C:N206D:N207K:K231R,1.54170937946146,5
D20N:A172C:Y197R:N207K:K231R,D20N:A172C:Y197R:N207K:K231R,0.37113109256655,5
D20N:A172C:Y197R:N206D:K231R,D20N:A172C:Y197R:N206D:K231R,0.300231694578568,5
D20N:A172C:A174L:N206D:N207K,D20N:A172C:A174L:N206D:N207K,1.34616017473909,5
D20N:A172C:A174L:Y197R:K231R,D20N:A172C:A174L:Y197R:K231R,0.298760734397649,5
D20N:A172C:A174L:Y197R:N207K,D20N:A172C:A174L:Y197R:N207K,0.305179028541829,5
D20N:A172C:A174L:Y197R:N206D,D20N:A172C:A174L:Y197R:N206D,0.317000493636247,5
D20N:S168G:N206D:N207K:K231R,D20N:S168G:N206D:N207K:K231R,1.43168223311355,5
D20N:S168G:Y197R:N207K:K231R,D20N:S168G:Y197R:N207K:K231R,0.268514069573528,5
D20N:S168G:Y197R:N206D:K231R,D20N:S168G:Y197R:N206D:K231R,0.281777840226259,5
D20N:S168G:Y197R:N206D:N207K,D20N:S168G:Y197R:N206D:N207K,0.31152777331297,5
D20N:S168G:A174L:N207K:K231R,D20N:S168G:A174L:N207K:K231R,1.33302634261005,5
D20N:S168G:A174L:N206D:K231R,D20N:S168G:A174L:N206D:K231R,1.35200384238731,5
D20N:S168G:A174L:Y197R:K231R,D20N:S168G:A174L:Y197R:K231R,0.273508039401183,5
D20N:S168G:A172C:N206D:K231R,D20N:S168G:A172C:N206D:K231R,1.50148462208355,5
D20N:S168G:A172C:N206D:N207K,D20N:S168G:A172C:N206D:N207K,1.47763528226529,5
D20N:S168G:A172C:Y197R:K231R,D20N:S168G:A172C:Y197R:K231R,0.225050633303846,5
D20N:S168G:A172C:Y197R:N207K,D20N:S168G:A172C:Y197R:N207K,0.311719814529302,5
D20N:S168G:A172C:Y197R:N206D,D20N:S168G:A172C:Y197R:N206D,0.292364932262799,5
D20N:S168G:A172C:A174L:K231R,D20N:S168G:A172C:A174L:K231R,1.31004621983041,5
D20N:S168G:A172C:A174L:Y197R,D20N:S168G:A172C:A174L:Y197R,0.305805595921128,5
D20N:N158A:N206D:N207K:K231R,D20N:N158A:N206D:N207K:K231R,1.47460235628578,5
D20N:N158A:Y197R:N207K:K231R,D20N:N158A:Y197R:N207K:K231R,0.291667427267105,5
D20N:N158A:Y197R:N206D:N207K,D20N:N158A:Y197R:N206D:N207K,0.294356914812097,5
D20N:N158A:A174L:N207K:K231R,D20N:N158A:A174L:N207K:K231R,1.3663865019125,5
D20N:N158A:A174L:N206D:K231R,D20N:N158A:A174L:N206D:K231R,1.36770819475677,5
D20N:N158A:A174L:N206D:N207K,D20N:N158A:A174L:N206D:N207K,1.37587073866038,5
D20N:N158A:A174L:Y197R:K231R,D20N:N158A:A174L:Y197R:K231R,0.292531945692478,5
D20N:N158A:A174L:Y197R:N207K,D20N:N158A:A174L:Y197R:N207K,0.288535291373993,5
D20N:N158A:A174L:Y197R:N206D,D20N:N158A:A174L:Y197R:N206D,0.322838063210136,5
D20N:N158A:A172C:N206D:K231R,D20N:N158A:A172C:N206D:K231R,1.44134593470389,5
D20N:N158A:A172C:Y197R:N207K,D20N:N158A:A172C:Y197R:N207K,0.316010597316413,5
D20N:N158A:A172C:Y197R:N206D,D20N:N158A:A172C:Y197R:N206D,0.334814642079223,5
D20N:N158A:A172C:A174L:K231R,D20N:N158A:A172C:A174L:K231R,1.31052646787164,5
D20N:N158A:A172C:A174L:N207K,D20N:N158A:A172C:A174L:N207K,1.36532120290376,5
D20N:N158A:A172C:A174L:N206D,D20N:N158A:A172C:A174L:N206D,1.25861706507032,5
D20N:N158A:S168G:N207K:K231R,D20N:N158A:S168G:N207K:K231R,1.31025575996627,5
D20N:N158A:S168G:N206D:K231R,D20N:N158A:S168G:N206D:K231R,1.46526055845236,5
D20N:N158A:S168G:N206D:N207K,D20N:N158A:S168G:N206D:N207K,1.46982016052525,5
D20N:N158A:S168G:Y197R:K231R,D20N:N158A:S168G:Y197R:K231R,0.272766763323501,5
D20N:N158A:S168G:Y197R:N206D,D20N:N158A:S168G:Y197R:N206D,0.283967137166595,5
D20N:N158A:S168G:A174L:K231R,D20N:N158A:S168G:A174L:K231R,1.33908675204958,5
D20N:N158A:S168G:A174L:N207K,D20N:N158A:S168G:A174L:N207K,1.34238643318253,5
D20N:N158A:S168G:A174L:N206D,D20N:N158A:S168G:A174L:N206D,1.31039257197325,5
D20N:N158A:S168G:A174L:Y197R,D20N:N158A:S168G:A174L:Y197R,0.282174855132822,5
D20N:N158A:S168G:A172C:K231R,D20N:N158A:S168G:A172C:K231R,1.36415392195077,5
D20N:N158A:S168G:A172C:N207K,D20N:N158A:S168G:A172C:N207K,1.35201796706965,5
D20N:N158A:S168G:A172C:N206D,D20N:N158A:S168G:A172C:N206D,1.26593359880874,5
D20N:N158A:S168G:A172C:Y197R,D20N:N158A:S168G:A172C:Y197R,0.31538262629792,5
D20N:N158A:S168G:A172C:A174L,D20N:N158A:S168G:A172C:A174L,1.49736768654087,5
D20N:F143S:N206D:N207K:K231R,D20N:F143S:N206D:N207K:K231R,0.277834650914203,5
D20N:F143S:Y197R:N206D:K231R,D20N:F143S:Y197R:N206D:K231R,0.268282399489763,5
D20N:F143S:Y197R:N206D:N207K,D20N:F143S:Y197R:N206D:N207K,0.28605844012952,5
D20N:F143S:A174L:N207K:K231R,D20N:F143S:A174L:N207K:K231R,0.258920416680347,5
D20N:F143S:A174L:N206D:K231R,D20N:F143S:A174L:N206D:K231R,0.273431076966248,5
D20N:F143S:A174L:Y197R:K231R,D20N:F143S:A174L:Y197R:K231R,0.269625377115177,5
D20N:F143S:A174L:Y197R:N207K,D20N:F143S:A174L:Y197R:N207K,0.264475497767926,5
D20N:F143S:A174L:Y197R:N206D,D20N:F143S:A174L:Y197R:N206D,0.277654975769941,5
D20N:F143S:A172C:N207K:K231R,D20N:F143S:A172C:N207K:K231R,0.230406286838038,5
D20N:F143S:A172C:N206D:K231R,D20N:F143S:A172C:N206D:K231R,0.245968711310853,5
D20N:F143S:A172C:N206D:N207K,D20N:F143S:A172C:N206D:N207K,0.209891071255494,5
D20N:F143S:A172C:Y197R:K231R,D20N:F143S:A172C:Y197R:K231R,0.236154504046577,5
D20N:F143S:A172C:Y197R:N207K,D20N:F143S:A172C:Y197R:N207K,0.311281109849719,5
D20N:F143S:A172C:Y197R:N206D,D20N:F143S:A172C:Y197R:N206D,0.28539771829748,5
D20N:F143S:A172C:A174L:K231R,D20N:F143S:A172C:A174L:K231R,0.278010422440111,5
D20N:F143S:A172C:A174L:N206D,D20N:F143S:A172C:A174L:N206D,0.187211306524847,5
D20N:F143S:S168G:N206D:K231R,D20N:F143S:S168G:N206D:K231R,0.238413647818468,5
D20N:F143S:S168G:Y197R:K231R,D20N:F143S:S168G:Y197R:K231R,0.244888226307506,5
D20N:F143S:S168G:Y197R:N207K,D20N:F143S:S168G:Y197R:N207K,0.24732722494404,5
D20N:F143S:S168G:Y197R:N206D,D20N:F143S:S168G:Y197R:N206D,0.21474389544408,5
D20N:F143S:S168G:A174L:K231R,D20N:F143S:S168G:A174L:K231R,0.222065395535616,5
D20N:F143S:S168G:A174L:N207K,D20N:F143S:S168G:A174L:N207K,0.225563698632337,5
D20N:F143S:S168G:A174L:N206D,D20N:F143S:S168G:A174L:N206D,0.227507312466434,5
D20N:F143S:S168G:A174L:Y197R,D20N:F143S:S168G:A174L:Y197R,0.241535130751283,5
D20N:F143S:S168G:A172C:N206D,D20N:F143S:S168G:A172C:N206D,0.221530081660731,5
D20N:F143S:S168G:A172C:A174L,D20N:F143S:S168G:A172C:A174L,0.222384235474111,5
D20N:F143S:N158A:N207K:K231R,D20N:F143S:N158A:N207K:K231R,0.237037381880614,5
D20N:F143S:N158A:N206D:K231R,D20N:F143S:N158A:N206D:K231R,0.255753778545733,5
D20N:F143S:N158A:A174L:N207K,D20N:F143S:N158A:A174L:N207K,0.280889110174014,5
D20N:F143S:N158A:A172C:K231R,D20N:F143S:N158A:A172C:K231R,0.237871474033982,5
D20N:F143S:N158A:A172C:N206D,D20N:F143S:N158A:A172C:N206D,0.249856872230763,5
D20N:F143S:N158A:A172C:A174L,D20N:F143S:N158A:A172C:A174L,0.30294063984107,5
D20N:F143S:N158A:S168G:K231R,D20N:F143S:N158A:S168G:K231R,0.242875971981264,5
D20N:F143S:N158A:S168G:N207K,D20N:F143S:N158A:S168G:N207K,0.249200411285929,5
D20N:F143S:N158A:S168G:N206D,D20N:F143S:N158A:S168G:N206D,0.284783980995875,5
D20N:F143S:N158A:S168G:Y197R,D20N:F143S:N158A:S168G:Y197R,0.204856951194673,5
D20N:F143S:N158A:S168G:A174L,D20N:F143S:N158A:S168G:A174L,0.247509895337381,5
D20N:T127P:N206D:N207K:K231R,D20N:T127P:N206D:N207K:K231R,1.54194236941657,5
D20N:T127P:Y197R:N207K:K231R,D20N:T127P:Y197R:N207K:K231R,0.282651935591614,5
D20N:T127P:Y197R:N206D:K231R,D20N:T127P:Y197R:N206D:K231R,0.276033400686007,5
D20N:T127P:Y197R:N206D:N207K,D20N:T127P:Y197R:N206D:N207K,0.300667481561878,5
D20N:T127P:A174L:N207K:K231R,D20N:T127P:A174L:N207K:K231R,1.38466527203673,5
D20N:T127P:A174L:N206D:N207K,D20N:T127P:A174L:N206D:N207K,1.38757234219531,5
D20N:T127P:A174L:Y197R:N207K,D20N:T127P:A174L:Y197R:N207K,0.302362895372487,5
D20N:T127P:A172C:N207K:K231R,D20N:T127P:A172C:N207K:K231R,1.47383507017743,5
D20N:T127P:A172C:N206D:K231R,D20N:T127P:A172C:N206D:K231R,1.57681649073316,5
D20N:T127P:A172C:N206D:N207K,D20N:T127P:A172C:N206D:N207K,1.52873154396796,5
D20N:T127P:A172C:Y197R:K231R,D20N:T127P:A172C:Y197R:K231R,0.31151157798645,5
D20N:T127P:A172C:Y197R:N206D,D20N:T127P:A172C:Y197R:N206D,0.253332248620547,5
D20N:T127P:A172C:A174L:K231R,D20N:T127P:A172C:A174L:K231R,1.41471808569581,5
D20N:T127P:A172C:A174L:N207K,D20N:T127P:A172C:A174L:N207K,1.38073843579551,5
D20N:T127P:A172C:A174L:Y197R,D20N:T127P:A172C:A174L:Y197R,0.329628518209568,5
D20N:T127P:S168G:N207K:K231R,D20N:T127P:S168G:N207K:K231R,1.50847680558505,5
D20N:T127P:S168G:N206D:K231R,D20N:T127P:S168G:N206D:K231R,1.5646865791311,5
D20N:T127P:S168G:N206D:N207K,D20N:T127P:S168G:N206D:N207K,1.56834583800279,5
D20N:T127P:S168G:Y197R:K231R,D20N:T127P:S168G:Y197R:K231R,0.338272850241159,5
D20N:T127P:S168G:Y197R:N207K,D20N:T127P:S168G:Y197R:N207K,0.267825220542627,5
D20N:T127P:S168G:Y197R:N206D,D20N:T127P:S168G:Y197R:N206D,0.306836883406729,5
D20N:T127P:S168G:A172C:K231R,D20N:T127P:S168G:A172C:K231R,1.50997065623422,5
D20N:T127P:S168G:A172C:N207K,D20N:T127P:S168G:A172C:N207K,1.48265643637373,5
D20N:T127P:S168G:A172C:N206D,D20N:T127P:S168G:A172C:N206D,1.44241252680698,5
D20N:T127P:S168G:A172C:Y197R,D20N:T127P:S168G:A172C:Y197R,0.319638076250462,5
D20N:T127P:S168G:A172C:A174L,D20N:T127P:S168G:A172C:A174L,1.29181192115928,5
D20N:T127P:N158A:N207K:K231R,D20N:T127P:N158A:N207K:K231R,1.40968902212186,5
D20N:T127P:N158A:Y197R:K231R,D20N:T127P:N158A:Y197R:K231R,0.267767673856527,5
D20N:T127P:N158A:Y197R:N206D,D20N:T127P:N158A:Y197R:N206D,0.276163405620393,5
D20N:T127P:N158A:A174L:K231R,D20N:T127P:N158A:A174L:K231R,1.33767332850322,5
D20N:T127P:N158A:A174L:N207K,D20N:T127P:N158A:A174L:N207K,1.35541635762059,5
D20N:T127P:N158A:A174L:N206D,D20N:T127P:N158A:A174L:N206D,1.31919443294021,5
D20N:T127P:N158A:A172C:K231R,D20N:T127P:N158A:A172C:K231R,1.38866141684951,5
D20N:T127P:N158A:A172C:N207K,D20N:T127P:N158A:A172C:N207K,1.42642663236168,5
D20N:T127P:N158A:A172C:N206D,D20N:T127P:N158A:A172C:N206D,1.35843553426905,5
D20N:T127P:N158A:A172C:Y197R,D20N:T127P:N158A:A172C:Y197R,0.258897293000817,5
D20N:T127P:N158A:A172C:A174L,D20N:T127P:N158A:A172C:A174L,1.31081958097385,5
D20N:T127P:N158A:S168G:K231R,D20N:T127P:N158A:S168G:K231R,1.5023673731333,5
D20N:T127P:N158A:S168G:N207K,D20N:T127P:N158A:S168G:N207K,1.31561485949388,5
D20N:T127P:N158A:S168G:Y197R,D20N:T127P:N158A:S168G:Y197R,0.294814818459721,5
D20N:T127P:N158A:S168G:A174L,D20N:T127P:N158A:S168G:A174L,1.37329548417331,5
D20N:T127P:F143S:N207K:K231R,D20N:T127P:F143S:N207K:K231R,0.260681645214304,5
D20N:T127P:F143S:N206D:K231R,D20N:T127P:F143S:N206D:K231R,0.217667834181762,5
D20N:T127P:F143S:Y197R:K231R,D20N:T127P:F143S:Y197R:K231R,0.203898535189971,5
D20N:T127P:F143S:Y197R:N207K,D20N:T127P:F143S:Y197R:N207K,0.244627705354132,5
D20N:T127P:F143S:Y197R:N206D,D20N:T127P:F143S:Y197R:N206D,0.233018572551494,5
D20N:T127P:F143S:A174L:K231R,D20N:T127P:F143S:A174L:K231R,0.219937109610642,5
D20N:T127P:F143S:A174L:N206D,D20N:T127P:F143S:A174L:N206D,0.279163575034613,5
D20N:T127P:F143S:A174L:Y197R,D20N:T127P:F143S:A174L:Y197R,0.237371713998488,5
D20N:T127P:F143S:A172C:K231R,D20N:T127P:F143S:A172C:K231R,0.248539866535762,5
D20N:T127P:F143S:A172C:N207K,D20N:T127P:F143S:A172C:N207K,0.253908356294033,5
D20N:T127P:F143S:A172C:N206D,D20N:T127P:F143S:A172C:N206D,0.280008677776279,5
D20N:T127P:F143S:S168G:K231R,D20N:T127P:F143S:S168G:K231R,0.209055584696346,5
D20N:T127P:F143S:S168G:N207K,D20N:T127P:F143S:S168G:N207K,0.220377265534,5
D20N:T127P:F143S:S168G:N206D,D20N:T127P:F143S:S168G:N206D,0.26208469064927,5
D20N:T127P:F143S:N158A:K231R,D20N:T127P:F143S:N158A:K231R,0.288788885516036,5
D20N:T127P:F143S:N158A:N207K,D20N:T127P:F143S:N158A:N207K,0.243019496726881,5
D20N:T127P:F143S:N158A:Y197R,D20N:T127P:F143S:N158A:Y197R,0.231847309105399,5
D20N:T127P:F143S:N158A:A172C,D20N:T127P:F143S:N158A:A172C,0.233429843205056,5
D20N:L63M:N206D:N207K:K231R,D20N:L63M:N206D:N207K:K231R,0.709023872649272,5
D20N:L63M:A174L:N207K:K231R,D20N:L63M:A174L:N207K:K231R,0.755224749587653,5
D20N:L63M:A174L:N206D:N207K,D20N:L63M:A174L:N206D:N207K,0.778067957938505,5
D20N:L63M:A174L:Y197R:N207K,D20N:L63M:A174L:Y197R:N207K,0.286488882943191,5
D20N:L63M:A174L:Y197R:N206D,D20N:L63M:A174L:Y197R:N206D,0.297801034059547,5
D20N:L63M:A172C:N207K:K231R,D20N:L63M:A172C:N207K:K231R,0.67351781599133,5
D20N:L63M:A172C:N206D:K231R,D20N:L63M:A172C:N206D:K231R,0.721625943849568,5
D20N:L63M:A172C:Y197R:K231R,D20N:L63M:A172C:Y197R:K231R,0.344154241890877,5
D20N:L63M:A172C:Y197R:N207K,D20N:L63M:A172C:Y197R:N207K,0.317647372916704,5
D20N:L63M:A172C:A174L:N207K,D20N:L63M:A172C:A174L:N207K,0.702875477165004,5
D20N:L63M:A172C:A174L:Y197R,D20N:L63M:A172C:A174L:Y197R,0.259647026097173,5
D20N:L63M:S168G:N206D:N207K,D20N:L63M:S168G:N206D:N207K,0.735751999943891,5
D20N:L63M:S168G:Y197R:K231R,D20N:L63M:S168G:Y197R:K231R,0.284752408668259,5
D20N:L63M:S168G:Y197R:N207K,D20N:L63M:S168G:Y197R:N207K,0.282793263837316,5
D20N:L63M:S168G:Y197R:N206D,D20N:L63M:S168G:Y197R:N206D,0.234657309138028,5
D20N:L63M:S168G:A174L:K231R,D20N:L63M:S168G:A174L:K231R,0.81963913516448,5
D20N:L63M:S168G:A174L:N207K,D20N:L63M:S168G:A174L:N207K,0.820923252564398,5
D20N:L63M:S168G:A174L:Y197R,D20N:L63M:S168G:A174L:Y197R,0.288464129509808,5
D20N:L63M:S168G:A172C:N207K,D20N:L63M:S168G:A172C:N207K,0.703303723281642,5
D20N:L63M:S168G:A172C:N206D,D20N:L63M:S168G:A172C:N206D,0.610827691434465,5
D20N:L63M:S168G:A172C:Y197R,D20N:L63M:S168G:A172C:Y197R,0.311699952955448,5
D20N:L63M:S168G:A172C:A174L,D20N:L63M:S168G:A172C:A174L,0.827709096876981,5
D20N:L63M:N158A:Y197R:K231R,D20N:L63M:N158A:Y197R:K231R,0.279697955085556,5
D20N:L63M:N158A:Y197R:N207K,D20N:L63M:N158A:Y197R:N207K,0.268224384014669,5
D20N:L63M:N158A:Y197R:N206D,D20N:L63M:N158A:Y197R:N206D,0.313620702376396,5
D20N:L63M:N158A:A174L:K231R,D20N:L63M:N158A:A174L:K231R,0.532558343705491,5
D20N:L63M:N158A:A174L:Y197R,D20N:L63M:N158A:A174L:Y197R,0.26452103653636,5
D20N:L63M:N158A:A172C:N207K,D20N:L63M:N158A:A172C:N207K,0.657340883086538,5
D20N:L63M:N158A:A172C:Y197R,D20N:L63M:N158A:A172C:Y197R,0.241828878129075,5
D20N:L63M:N158A:S168G:K231R,D20N:L63M:N158A:S168G:K231R,0.89145744488013,5
D20N:L63M:N158A:S168G:N207K,D20N:L63M:N158A:S168G:N207K,0.756109845377752,5
D20N:L63M:N158A:S168G:N206D,D20N:L63M:N158A:S168G:N206D,0.659446047537906,5
D20N:L63M:N158A:S168G:Y197R,D20N:L63M:N158A:S168G:Y197R,0.260747861191684,5
D20N:L63M:F143S:N206D:N207K,D20N:L63M:F143S:N206D:N207K,0.358736769433201,5
D20N:L63M:F143S:Y197R:K231R,D20N:L63M:F143S:Y197R:K231R,1.23715820724229,5
D20N:L63M:F143S:Y197R:N207K,D20N:L63M:F143S:Y197R:N207K,1.21984731170606,5
D20N:L63M:F143S:A174L:K231R,D20N:L63M:F143S:A174L:K231R,0.625745507320671,5
D20N:L63M:F143S:A174L:N206D,D20N:L63M:F143S:A174L:N206D,0.546562874568072,5
D20N:L63M:F143S:A172C:K231R,D20N:L63M:F143S:A172C:K231R,0.309936732811426,5
D20N:L63M:F143S:A172C:N207K,D20N:L63M:F143S:A172C:N207K,0.371476221031016,5
D20N:L63M:F143S:A172C:N206D,D20N:L63M:F143S:A172C:N206D,0.332222052654909,5
D20N:L63M:F143S:A172C:Y197R,D20N:L63M:F143S:A172C:Y197R,1.40873615095764,5
D20N:L63M:F143S:S168G:N206D,D20N:L63M:F143S:S168G:N206D,0.276053609079852,5
D20N:L63M:F143S:S168G:Y197R,D20N:L63M:F143S:S168G:Y197R,1.29495206126774,5
D20N:L63M:F143S:S168G:A172C,D20N:L63M:F143S:S168G:A172C,0.370114127524774,5
D20N:L63M:F143S:N158A:K231R,D20N:L63M:F143S:N158A:K231R,0.302165250674314,5
D20N:L63M:F143S:N158A:N206D,D20N:L63M:F143S:N158A:N206D,0.365031997165891,5
D20N:L63M:F143S:N158A:Y197R,D20N:L63M:F143S:N158A:Y197R,1.00367862497762,5
D20N:L63M:F143S:N158A:A174L,D20N:L63M:F143S:N158A:A174L,0.259197650846798,5
D20N:L63M:F143S:N158A:A172C,D20N:L63M:F143S:N158A:A172C,0.302263946349366,5
D20N:L63M:F143S:N158A:S168G,D20N:L63M:F143S:N158A:S168G,0.270742335068639,5
D20N:L63M:T127P:N206D:K231R,D20N:L63M:T127P:N206D:K231R,0.765251901472485,5
D20N:L63M:T127P:Y197R:K231R,D20N:L63M:T127P:Y197R:K231R,0.294965254028679,5
D20N:L63M:T127P:Y197R:N207K,D20N:L63M:T127P:Y197R:N207K,0.290229412556286,5
D20N:L63M:T127P:A174L:N207K,D20N:L63M:T127P:A174L:N207K,0.77845076832283,5
D20N:L63M:T127P:A174L:Y197R,D20N:L63M:T127P:A174L:Y197R,0.302903724894903,5
D20N:L63M:T127P:A172C:K231R,D20N:L63M:T127P:A172C:K231R,0.674076420068423,5
D20N:L63M:T127P:A172C:N207K,D20N:L63M:T127P:A172C:N207K,0.668059048893109,5
D20N:L63M:T127P:A172C:N206D,D20N:L63M:T127P:A172C:N206D,0.659009563211931,5
D20N:L63M:T127P:A172C:Y197R,D20N:L63M:T127P:A172C:Y197R,0.287745393098732,5
D20N:L63M:T127P:A172C:A174L,D20N:L63M:T127P:A172C:A174L,0.835197545597028,5
D20N:L63M:T127P:S168G:K231R,D20N:L63M:T127P:S168G:K231R,0.766296682218424,5
D20N:L63M:T127P:S168G:N207K,D20N:L63M:T127P:S168G:N207K,0.791669761713739,5
D20N:L63M:T127P:S168G:N206D,D20N:L63M:T127P:S168G:N206D,0.754433328944584,5
D20N:L63M:T127P:S168G:Y197R,D20N:L63M:T127P:S168G:Y197R,0.249557783831026,5
D20N:L63M:T127P:S168G:A174L,D20N:L63M:T127P:S168G:A174L,0.818973645496301,5
D20N:L63M:T127P:S168G:A172C,D20N:L63M:T127P:S168G:A172C,0.740298886765358,5
D20N:L63M:T127P:N158A:K231R,D20N:L63M:T127P:N158A:K231R,0.765675561805256,5
D20N:L63M:T127P:N158A:N207K,D20N:L63M:T127P:N158A:N207K,0.711638386909576,5
D20N:L63M:T127P:N158A:Y197R,D20N:L63M:T127P:N158A:Y197R,0.333777221896951,5
D20N:L63M:T127P:N158A:A174L,D20N:L63M:T127P:N158A:A174L,0.433478285778962,5
D20N:L63M:T127P:N158A:A172C,D20N:L63M:T127P:N158A:A172C,0.596744218261429,5
D20N:L63M:T127P:F143S:K231R,D20N:L63M:T127P:F143S:K231R,0.33827453193276,5
D20N:L63M:T127P:F143S:N207K,D20N:L63M:T127P:F143S:N207K,0.285456303972073,5
D20N:L63M:T127P:F143S:N206D,D20N:L63M:T127P:F143S:N206D,0.497433403615984,5
D20N:L63M:T127P:F143S:Y197R,D20N:L63M:T127P:F143S:Y197R,1.18710404127603,5
D20N:L63M:T127P:F143S:A174L,D20N:L63M:T127P:F143S:A174L,0.64968821515874,5
D20N:L63M:T127P:F143S:A172C,D20N:L63M:T127P:F143S:A172C,0.296043949012461,5
D20N:L63M:T127P:F143S:S168G,D20N:L63M:T127P:F143S:S168G,0.265409179450287,5
D20N:L63M:T127P:F143S:N158A,D20N:L63M:T127P:F143S:N158A,0.300870300120784,5
D20N:V45A:N206D:N207K:K231R,D20N:V45A:N206D:N207K:K231R,1.33572387294623,5
D20N:V45A:Y197R:N207K:K231R,D20N:V45A:Y197R:N207K:K231R,0.308114033756227,5
D20N:V45A:A174L:N206D:N207K,D20N:V45A:A174L:N206D:N207K,0.38486755080545,5
D20N:V45A:A174L:Y197R:N206D,D20N:V45A:A174L:Y197R:N206D,0.304617635272516,5
D20N:V45A:A172C:N207K:K231R,D20N:V45A:A172C:N207K:K231R,1.28276875817113,5
D20N:V45A:A172C:N206D:K231R,D20N:V45A:A172C:N206D:K231R,1.48777288789052,5
D20N:V45A:A172C:N206D:N207K,D20N:V45A:A172C:N206D:N207K,1.36596159089869,5
D20N:V45A:A172C:Y197R:K231R,D20N:V45A:A172C:Y197R:K231R,0.318207088737796,5
D20N:V45A:A172C:A174L:N207K,D20N:V45A:A172C:A174L:N207K,0.283500027238103,5
D20N:V45A:A172C:A174L:Y197R,D20N:V45A:A172C:A174L:Y197R,0.29455196931187,5
D20N:V45A:S168G:N206D:K231R,D20N:V45A:S168G:N206D:K231R,1.52904280120519,5
D20N:V45A:S168G:N206D:N207K,D20N:V45A:S168G:N206D:N207K,1.49237487401623,5
D20N:V45A:S168G:Y197R:N206D,D20N:V45A:S168G:Y197R:N206D,0.273446836263643,5
D20N:V45A:S168G:A174L:K231R,D20N:V45A:S168G:A174L:K231R,0.824991937228893,5
D20N:V45A:S168G:A174L:N207K,D20N:V45A:S168G:A174L:N207K,0.529295850906916,5
D20N:V45A:S168G:A172C:K231R,D20N:V45A:S168G:A172C:K231R,1.46898641398412,5
D20N:V45A:S168G:A172C:N207K,D20N:V45A:S168G:A172C:N207K,1.44842923875645,5
D20N:V45A:S168G:A172C:Y197R,D20N:V45A:S168G:A172C:Y197R,0.210855386973327,5
D20N:V45A:N158A:N206D:N207K,D20N:V45A:N158A:N206D:N207K,1.41491612544077,5
D20N:V45A:N158A:Y197R:K231R,D20N:V45A:N158A:Y197R:K231R,0.282545317486948,5
D20N:V45A:N158A:Y197R:N207K,D20N:V45A:N158A:Y197R:N207K,0.28637936512867,5
D20N:V45A:N158A:Y197R:N206D,D20N:V45A:N158A:Y197R:N206D,0.323020022995631,5
D20N:V45A:N158A:A174L:K231R,D20N:V45A:N158A:A174L:K231R,1.32707325053973,5
D20N:V45A:N158A:A174L:N206D,D20N:V45A:N158A:A174L:N206D,1.24445159482764,5
D20N:V45A:N158A:A174L:Y197R,D20N:V45A:N158A:A174L:Y197R,0.265744731917352,5
D20N:V45A:N158A:A172C:K231R,D20N:V45A:N158A:A172C:K231R,1.2771878105799,5
D20N:V45A:N158A:A172C:N206D,D20N:V45A:N158A:A172C:N206D,1.31437049630088,5
D20N:V45A:N158A:A172C:Y197R,D20N:V45A:N158A:A172C:Y197R,0.293156947875048,5
D20N:V45A:N158A:S168G:K231R,D20N:V45A:N158A:S168G:K231R,1.34914352779115,5
D20N:V45A:N158A:S168G:Y197R,D20N:V45A:N158A:S168G:Y197R,0.253880549000638,5
D20N:V45A:N158A:S168G:A174L,D20N:V45A:N158A:S168G:A174L,1.29607497012416,5
D20N:V45A:F143S:N207K:K231R,D20N:V45A:F143S:N207K:K231R,0.378838818163047,5
D20N:V45A:F143S:Y197R:N207K,D20N:V45A:F143S:Y197R:N207K,0.28938480105589,5
D20N:V45A:F143S:Y197R:N206D,D20N:V45A:F143S:Y197R:N206D,0.296534118815124,5
D20N:V45A:F143S:A174L:K231R,D20N:V45A:F143S:A174L:K231R,0.29254992537532,5
D20N:V45A:F143S:A174L:N207K,D20N:V45A:F143S:A174L:N207K,0.308498281082095,5
D20N:V45A:F143S:A174L:N206D,D20N:V45A:F143S:A174L:N206D,0.278205017090686,5
D20N:V45A:F143S:A174L:Y197R,D20N:V45A:F143S:A174L:Y197R,0.329503237472718,5
D20N:V45A:F143S:A172C:K231R,D20N:V45A:F143S:A172C:K231R,0.350198501485077,5
D20N:V45A:F143S:A172C:N206D,D20N:V45A:F143S:A172C:N206D,0.324040124326163,5
D20N:V45A:F143S:A172C:Y197R,D20N:V45A:F143S:A172C:Y197R,0.205837163053313,5
D20N:V45A:F143S:A172C:A174L,D20N:V45A:F143S:A172C:A174L,0.259190510870055,5
D20N:V45A:F143S:S168G:K231R,D20N:V45A:F143S:S168G:K231R,0.239933165845002,5
D20N:V45A:F143S:S168G:N207K,D20N:V45A:F143S:S168G:N207K,0.299793781162288,5
D20N:V45A:F143S:S168G:N206D,D20N:V45A:F143S:S168G:N206D,0.270488305319866,5
D20N:V45A:F143S:S168G:Y197R,D20N:V45A:F143S:S168G:Y197R,0.282398619990259,5
D20N:V45A:F143S:S168G:A174L,D20N:V45A:F143S:S168G:A174L,0.259986304063186,5
D20N:V45A:F143S:S168G:A172C,D20N:V45A:F143S:S168G:A172C,0.23348096835606,5
D20N:V45A:F143S:N158A:K231R,D20N:V45A:F143S:N158A:K231R,0.354075684115961,5
D20N:V45A:F143S:N158A:N207K,D20N:V45A:F143S:N158A:N207K,0.295949528881658,5
D20N:V45A:F143S:N158A:N206D,D20N:V45A:F143S:N158A:N206D,0.259068299647313,5
D20N:V45A:F143S:N158A:Y197R,D20N:V45A:F143S:N158A:Y197R,0.305379812531142,5
D20N:V45A:F143S:N158A:A174L,D20N:V45A:F143S:N158A:A174L,0.297330466607021,5
D20N:V45A:F143S:N158A:A172C,D20N:V45A:F143S:N158A:A172C,0.23450336923048,5
D20N:V45A:F143S:N158A:S168G,D20N:V45A:F143S:N158A:S168G,0.272154855061957,5
D20N:V45A:T127P:N207K:K231R,D20N:V45A:T127P:N207K:K231R,1.52581029363199,5
D20N:V45A:T127P:Y197R:K231R,D20N:V45A:T127P:Y197R:K231R,0.314963341438519,5
D20N:V45A:T127P:Y197R:N207K,D20N:V45A:T127P:Y197R:N207K,0.304009743862211,5
D20N:V45A:T127P:Y197R:N206D,D20N:V45A:T127P:Y197R:N206D,0.40254986649109,5
D20N:V45A:T127P:A174L:K231R,D20N:V45A:T127P:A174L:K231R,1.24782114824628,5
D20N:V45A:T127P:A174L:N207K,D20N:V45A:T127P:A174L:N207K,0.929035033987227,5
D20N:V45A:T127P:A174L:N206D,D20N:V45A:T127P:A174L:N206D,1.27985110225365,5
D20N:V45A:T127P:A174L:Y197R,D20N:V45A:T127P:A174L:Y197R,0.288773481856509,5
D20N:V45A:T127P:A172C:N207K,D20N:V45A:T127P:A172C:N207K,1.43023195647279,5
D20N:V45A:T127P:A172C:Y197R,D20N:V45A:T127P:A172C:Y197R,0.23151449767229,5
D20N:V45A:T127P:A172C:A174L,D20N:V45A:T127P:A172C:A174L,1.33992919031547,5
D20N:V45A:T127P:S168G:Y197R,D20N:V45A:T127P:S168G:Y197R,0.354856350629184,5
D20N:V45A:T127P:S168G:A174L,D20N:V45A:T127P:S168G:A174L,1.34048793999095,5
D20N:V45A:T127P:S168G:A172C,D20N:V45A:T127P:S168G:A172C,1.58386325540286,5
D20N:V45A:T127P:N158A:K231R,D20N:V45A:T127P:N158A:K231R,1.45931090829083,5
D20N:V45A:T127P:N158A:N207K,D20N:V45A:T127P:N158A:N207K,1.40769804959692,5
D20N:V45A:T127P:N158A:N206D,D20N:V45A:T127P:N158A:N206D,1.34374196514024,5
D20N:V45A:T127P:N158A:Y197R,D20N:V45A:T127P:N158A:Y197R,0.298542576515002,5
D20N:V45A:T127P:N158A:A174L,D20N:V45A:T127P:N158A:A174L,1.31580385315767,5
D20N:V45A:T127P:N158A:A172C,D20N:V45A:T127P:N158A:A172C,1.38259946776496,5
D20N:V45A:T127P:F143S:N207K,D20N:V45A:T127P:F143S:N207K,0.330665723237706,5
D20N:V45A:T127P:F143S:N206D,D20N:V45A:T127P:F143S:N206D,0.277788657378119,5
D20N:V45A:T127P:F143S:A172C,D20N:V45A:T127P:F143S:A172C,0.25695232229266,5
D20N:V45A:L63M:N207K:K231R,D20N:V45A:L63M:N207K:K231R,0.553322162564252,5
D20N:V45A:L63M:N206D:N207K,D20N:V45A:L63M:N206D:N207K,0.508690659706419,5
D20N:V45A:L63M:Y197R:K231R,D20N:V45A:L63M:Y197R:K231R,0.297615895580945,5
D20N:V45A:L63M:Y197R:N206D,D20N:V45A:L63M:Y197R:N206D,0.302927751372966,5
D20N:V45A:L63M:A174L:K231R,D20N:V45A:L63M:A174L:K231R,0.405264531370781,5
D20N:V45A:L63M:A174L:N207K,D20N:V45A:L63M:A174L:N207K,0.314296523033513,5
D20N:V45A:L63M:A174L:Y197R,D20N:V45A:L63M:A174L:Y197R,0.266377598556166,5
D20N:V45A:L63M:A172C:K231R,D20N:V45A:L63M:A172C:K231R,0.613357277062303,5
D20N:V45A:L63M:A172C:N207K,D20N:V45A:L63M:A172C:N207K,0.511020020090942,5
D20N:V45A:L63M:A172C:N206D,D20N:V45A:L63M:A172C:N206D,0.541362389721332,5
D20N:V45A:L63M:A172C:Y197R,D20N:V45A:L63M:A172C:Y197R,0.295360476747862,5
D20N:V45A:L63M:S168G:K231R,D20N:V45A:L63M:S168G:K231R,0.644320355069709,5
D20N:V45A:L63M:S168G:N207K,D20N:V45A:L63M:S168G:N207K,0.59347801230593,5
D20N:V45A:L63M:S168G:N206D,D20N:V45A:L63M:S168G:N206D,0.541830293220198,5
D20N:V45A:L63M:S168G:Y197R,D20N:V45A:L63M:S168G:Y197R,0.285122436543262,5
D20N:V45A:L63M:S168G:A174L,D20N:V45A:L63M:S168G:A174L,0.672036297427462,5
D20N:V45A:L63M:S168G:A172C,D20N:V45A:L63M:S168G:A172C,0.594762698727538,5
D20N:V45A:L63M:N158A:K231R,D20N:V45A:L63M:N158A:K231R,0.646907196362429,5
D20N:V45A:L63M:N158A:N207K,D20N:V45A:L63M:N158A:N207K,0.581975185881299,5
D20N:V45A:L63M:N158A:N206D,D20N:V45A:L63M:N158A:N206D,0.618040280916646,5
D20N:V45A:L63M:N158A:Y197R,D20N:V45A:L63M:N158A:Y197R,0.268007529225834,5
D20N:V45A:L63M:N158A:A174L,D20N:V45A:L63M:N158A:A174L,0.44977898465483,5
D20N:V45A:L63M:N158A:A172C,D20N:V45A:L63M:N158A:A172C,0.529653230914943,5
D20N:V45A:L63M:N158A:S168G,D20N:V45A:L63M:N158A:S168G,0.703452523291532,5
D20N:V45A:L63M:F143S:K231R,D20N:V45A:L63M:F143S:K231R,0.28760912943086,5
D20N:V45A:L63M:F143S:N206D,D20N:V45A:L63M:F143S:N206D,0.279534942678499,5
D20N:V45A:L63M:F143S:Y197R,D20N:V45A:L63M:F143S:Y197R,0.245459339845279,5
D20N:V45A:L63M:F143S:A174L,D20N:V45A:L63M:F143S:A174L,0.290226270114325,5
D20N:V45A:L63M:F143S:A172C,D20N:V45A:L63M:F143S:A172C,0.357531444466658,5
D20N:V45A:L63M:F143S:S168G,D20N:V45A:L63M:F143S:S168G,0.305136234517853,5
D20N:V45A:L63M:F143S:N158A,D20N:V45A:L63M:F143S:N158A,0.326601808638485,5
D20N:V45A:L63M:T127P:K231R,D20N:V45A:L63M:T127P:K231R,0.618370695794494,5
D20N:V45A:L63M:T127P:A174L,D20N:V45A:L63M:T127P:A174L,0.701464272700781,5
D20N:V45A:L63M:T127P:S168G,D20N:V45A:L63M:T127P:S168G,0.818880283796809,5
D20N:V45A:L63M:T127P:F143S,D20N:V45A:L63M:T127P:F143S,0.455266753274396,5
