mutant,DMS_score,b,component_score,nabu_score
A28H:D60Q:D95Q:T112E,1.115317414860634,7,0.8789588284482015,1.049115447214768
A28H:D60Q:D95Q:V106M:T112E,1.1400368399545195,9,0.9177141666082698,1.2485038323523645
A28H:D60Q:I91C:D95Q,0.945255175246404,8,0.8401840509481087,0.962740480335323
A28H:D60Q:I91C:R97D,1.0300309397597869,7,0.9157374575923487,1.1355566821346048
A28H:D60Q:I91C:R97D:V106M,1.1964420657359829,9,0.954492795752417,1.40115811879209
A28H:D60Q:I91C:T112E,1.0853592504697036,8,0.9175313633736946,1.1158632012563765
A28H:D60Q:I91C:V106M,1.1428816578829246,9,0.9406634791278579,1.1867388494835656
A28H:D60Q:I91C:V106M:V108Q,1.1058873824988091,7,0.8851849439374667,1.2394131539139084
A28H:D60Q:R97D:V106M,1.218010807620973,9,0.9776443508466048,1.2759355202415739
A28H:D60Q:V106M,1.1673364189025532,7,0.9638150342220456,1.1047293112635888
A28H:D60Q:V106M:V108Q,1.0926980246802325,7,0.9083364990316545,1.1375674108532783
A28H:D95Q:R97D,1.1254210814938512,7,0.8186551856664527,0.9289771981635186
A28H:D95Q:R97D:V106M,1.0820528558022942,9,0.8574105238265209,1.1413188633814773
A28H:D95Q:R97D:V108Q,0.935898728627558,7,0.7631766504760615,0.8646357229303249
A28H:D95Q:V108Q,0.9396503245806666,7,0.7493473338515024,0.7688795199809156
A28H:G33T:D60Q:D95Q,1.0527676346513668,9,0.9234409986572644,1.132324288513595
A28H:G33T:D60Q:D95Q:T112E,1.0853126594082156,8,0.9390642210631694,1.301522936409926
A28H:G33T:D60Q:D95Q:V106M,1.0682208520623298,9,0.9621963368173327,1.3548473192048092
A28H:G33T:D60Q:D95Q:V108Q,0.9257845549047198,7,0.8679624634668733,1.1684978658350236
A28H:G33T:D60Q:I91C:V108Q,0.9834476947942647,8,0.9065349983923664,1.3003231566475324
A28H:G33T:D60Q:V106M,1.2114253201874985,8,1.0239204268370135,1.3324769343853222
A28H:G33T:D60Q:V106M:T112E,1.0469584010724988,7,1.0395436492429186,1.4987779579348608
A28H:G33T:D95Q:R97D:T112E,1.036718298870075,9,0.8943838006873256,1.3067368178797152
A28H:G33T:D95Q:R97D:V106M,1.1340234269802705,8,0.9175159164414888,1.3902335133198802
A28H:G33T:D95Q:V108Q,0.9313995345360436,8,0.8094527264664703,0.9598386009530333
A28H:G33T:D95Q:V108Q:T112E,0.9396038385483664,7,0.8250759488723753,1.1230871813232892
A28H:G33T:I91C:D95Q:T112E,1.07952041344736,7,0.8574029289685786,1.1668354994193235
A28H:G33T:I91C:R97D,1.0412393143868273,7,0.9173331132069137,1.1776333585814884
A28H:G33T:I91C:R97D:V108Q,0.9919358257784628,7,0.8618545780165225,1.1883332805457918
A28H:G33T:Q46C:D60Q:D95Q,0.5232801429252355,7,0.7501506955552011,0.723763642259438
A28H:G33T:Q46C:D60Q:V108Q,0.5505244768996178,8,0.7563962503844909,0.7951903684700716
A28H:G33T:Q46C:I91C,0.7082416291865238,9,0.7302134934802912,0.6889664752059638
A28H:G33T:Q46C:I91C:R97D,0.6826129403455579,7,0.7440428101048504,0.7808531751362381
A28H:G33T:Q46C:I91C:T112E,0.6526167163344451,8,0.7458367158861963,0.7607877792904796
A28H:G33T:Q46C:R59N:T112E,0.4791478372856957,8,0.6443755472164867,0.44755013945840055
A28H:G33T:Q46C:R97D,0.8314136639003539,7,0.7671943651990382,0.7604850171846156
A28H:G33T:Q46C:R97D:T112E,0.76056983384919,8,0.7828175876049431,0.8624993590109578
A28H:G33T:Q46C:R97D:V106M,0.828549939770216,7,0.8059497033591064,0.9167785666235035
A28H:G33T:Q46C:R97D:V108Q,0.6376807563935176,9,0.711715830008647,0.6793334696856402
A28H:G33T:Q46C:V106M,0.7698750554201961,7,0.7921203867345472,0.7861378132965531
A28H:G33T:Q46C:V108Q,0.7986361869903336,9,0.6978865133840879,0.655015025233642
A28H:G33T:Q46I:D60Q:D95Q,0.5308623615224045,9,0.7480106961936291,0.6869029288102528
A28H:G33T:Q46I:D60Q:R97D,0.7984389989557387,8,0.8235641028378692,0.8776189469438739
A28H:G33T:Q46I:D60Q:V106M,0.7767303537372999,8,0.8484901243733783,0.944541670952711
A28H:G33T:Q46I:I91C,0.7655684173675499,9,0.7280734941187192,0.705199030997128
A28H:G33T:Q46I:I91C:R97D,0.5583150731211405,7,0.7419028107432784,0.7491665569743363
A28H:G33T:Q46I:I91C:V106M,0.7606593568235105,9,0.7668288322787875,0.8325263365059113
A28H:G33T:Q46I:I91C:V108Q,0.694664874715791,9,0.6725949589283281,0.6368368669056402
A28H:G33T:Q46I:R59N:R97D,0.3504294989481544,9,0.6404416420735689,0.46631721863662035
A28H:G33T:Q46I:R59N:V106M,0.3742041077252833,7,0.665367663609078,0.5339390923606484
A28H:G33T:Q46I:R97D:V108Q,0.4660127361426541,9,0.7095758306470751,0.6188540966926394
A28H:G33T:Q46I:V106M,0.7743916995235661,7,0.7899803873729753,0.8019606506585186
A28H:G33T:Q46I:V106M:V108Q,0.674563312761332,7,0.7345018521825841,0.7408497332368347
A28H:G33T:Q46I:V108Q,0.7290861964326283,9,0.6957465140225159,0.642454826193707
A28H:G33T:Q46I:V108Q:T112E,0.627726082763292,8,0.7113697364284209,0.7322468765372381
A28H:G33T:Q46R,1.1172691974733595,8,0.9141967259280822,0.891098078487768
A28H:G33T:Q46R:D60Q:V106M,0.9974527056837348,9,1.0114618010885534,1.169811678744704
A28H:G33T:Q46R:D95Q,0.7771875456972943,9,0.8524726359084014,0.7676420462384961
A28H:G33T:Q46R:D95Q:R97D,0.9931232224556438,7,0.8663019525329605,0.8890732892222059
A28H:G33T:Q46R:D95Q:T112E,0.871610575636143,8,0.8680958583143064,0.8607241482550373
A28H:G33T:Q46R:I91C:D95Q,0.5859363690789058,7,0.8293210808142135,0.7680660114327658
A28H:G33T:Q46R:I91C:R97D,0.882619336509349,8,0.9048744874584536,0.9700252206378102
A28H:G33T:Q46R:I91C:V106M,0.9303491147833868,8,0.9298005089939627,1.0465548701884981
A28H:G33T:Q46R:I91C:V108Q,0.7861362173473709,8,0.8355666356435033,0.8495772610812389
A28H:G33T:Q46R:R59N:D60Q,0.6930151999359223,7,0.848093739164588,0.745648994021239
A28H:G33T:Q46R:R59N:T112E,0.6773258889491778,9,0.80520722457009,0.662376122847062
A28H:G33T:Q46R:R97D:V106M,1.0039318937207524,8,0.9667813807127097,1.1257841311881016
A28H:G33T:Q46R:T112E,0.9870857684140418,9,0.9298199483339872,0.9546993572368305
A28H:G33T:Q46R:V106M:V108Q,0.8799985464074149,8,0.8974735288977593,0.973833364904658
A28H:G33T:Q46V:D60Q,0.9033247991367496,9,0.8319790367537949,0.8572912010465502
A28H:G33T:Q46V:D95Q:R97D,0.761782513838766,7,0.7255745263582701,0.7299571831184775
A28H:G33T:Q46V:D95Q:T112E,0.6936940590302445,8,0.727368432139616,0.7090941353003619
A28H:G33T:Q46V:D95Q:V106M,0.6626835202820964,9,0.7505005478937793,0.7459196874287936
A28H:G33T:Q46V:D95Q:V108Q,0.4654951103121275,7,0.6562666745433199,0.5463696451621748
A28H:G33T:Q46V:I91C:D95Q,0.4949064433645526,7,0.6885936546395233,0.6142539383656985
A28H:G33T:Q46V:I91C:T112E,0.7064557983781298,9,0.7659409670651091,0.8054047444221678
A28H:G33T:Q46V:I91C:V106M,0.6955062272345799,8,0.7890730828192724,0.8618733365929557
A28H:G33T:Q46V:R59N,0.4418722694698003,8,0.6488565759894945,0.40834952119769485
A28H:G33T:Q46V:R59N:R97D,0.3284697828779943,8,0.6626858926140538,0.429212518568899
A28H:G33T:Q46V:R59N:T112E,0.4925483283229323,9,0.6644797983953996,0.4781126092611606
A28H:G33T:Q46V:R59N:V108Q,0.4026369504729044,8,0.5933780407991035,0.34303150409506356
A28H:G33T:Q46V:R97D:T112E,0.8046118159038308,9,0.802921838783856,0.8835757463758339
A28H:G33T:Q46V:R97D:V106M,0.8753808667846921,8,0.8260539545380193,0.935798564555898
A28H:G33T:Q46V:R97D:V108Q,0.5842725999128587,8,0.7318200811875599,0.6875080582344045
A28H:G33T:Q46V:T112E,0.931829807647896,9,0.7890925221592968,0.8052146502048257
A28H:G33T:Q46V:V106M:T112E,0.6834024884497231,9,0.8278478603193651,0.9070039821134824
A28H:G33T:Q46V:V108Q:T112E,0.744725112841492,7,0.7336139869689058,0.7739983095447212
A28H:G33T:R59N:D60Q:D95Q,0.8656727246219381,9,0.7988282748933672,1.0272675293526259
A28H:G33T:R59N:D95Q,0.8450597998184249,8,0.7403185378929641,0.8174693600377625
A28H:G33T:R59N:I91C:T112E,1.0388620043132075,8,0.7945142952243622,1.015607804573224
A28H:G33T:R59N:R97D,0.9339070492369876,7,0.8158719445372041,0.9586478103174383
A28H:G33T:R59N:V106M,1.063763527079267,7,0.8407979660727133,0.9963883969188196
A28H:G33T:R59N:V108Q:T112E,0.9604207363857606,8,0.7621873151281588,1.0371593054367505
A28H:G33T:R97D:V108Q:T112E,0.9495461100135888,8,0.9006293555166154,1.2576647503963714
A28H:G33T:V106M:T112E,0.8959698309042018,8,0.9810339122425156,1.2476502534779876
A28H:G33T:V108Q,1.0916021057715166,7,0.8711768164861512,1.0031622508220839
A28H:I91C:D95Q,0.9212258871824504,7,0.7816743139477057,0.8195327650090533
A28H:I91C:D95Q:R97D:V108Q,0.9575142526740748,9,0.7400250953818738,0.9383519530441982
A28H:I91C:D95Q:V106M,1.0059688286527495,7,0.820429652107774,1.005927166475909
A28H:I91C:D95Q:V106M:V108Q,0.863767383299837,7,0.7649511169173828,1.0128645427415623
A28H:I91C:D95Q:V108Q:T112E,0.8139059123434246,8,0.7418190011632196,0.9356721202087332
A28H:I91C:R97D:V108Q:T112E,0.9232317586894272,7,0.8173724078074597,1.0799546820955601
A28H:I91C:V106M:T112E,1.0766173981634577,7,0.8977769645333599,1.1070587715988136
A28H:Q46C,0.8111899512941549,8,0.693259655959511,0.6393626426404719
A28H:Q46C:D60Q:D95Q:T112E,0.4783332360233484,9,0.7056685253461382,0.6424317963470485
A28H:Q46C:D60Q:D95Q:V108Q,0.4164638637097578,8,0.6345667677498421,0.4892711193725311
A28H:Q46C:D60Q:I91C,0.6668608573565593,7,0.7286178378657263,0.6404535962148632
A28H:Q46C:D60Q:I91C:R97D,0.5477107888452049,7,0.7424471544902855,0.7273494114569682
A28H:Q46C:D60Q:I91C:V108Q,0.5383183099159605,9,0.6731393026753352,0.5940251845121235
A28H:Q46C:D60Q:R97D,0.7020743410582977,7,0.7655987095844733,0.7332385450227948
A28H:Q46C:D60Q:R97D:T112E,0.6466991696993386,8,0.7812219319903783,0.8291226083094251
A28H:Q46C:D60Q:R97D:V108Q,0.4512711687347157,7,0.7101201743940821,0.6426187333316653
A28H:Q46C:D95Q,0.5739956306644514,7,0.6315355659398302,0.5096215301340304
A28H:Q46C:D95Q:R97D:V106M,0.7325624165666095,9,0.6841202207244577,0.73594300611931
A28H:Q46C:D95Q:R97D:V108Q,0.4108937372291545,9,0.5898863473739983,0.44781984803615327
A28H:Q46C:D95Q:V106M:V108Q,0.4193937664657542,7,0.6148123689095073,0.49450674143652695
A28H:Q46C:I91C,0.6815525043346294,8,0.6701081008653234,0.5657298025341538
A28H:Q46C:I91C:D95Q:R97D,0.5601437053142158,9,0.6222133274702015,0.5629647310249623
A28H:Q46C:I91C:D95Q:V108Q,0.3040908665820084,7,0.5529054756552514,0.3530312730690518
A28H:Q46C:I91C:V106M:T112E,0.6545922190498752,7,0.7244866614312966,0.6971366768885833
A28H:Q46C:I91C:V108Q,0.5065245705993034,8,0.6146295656749322,0.4859555942240483
A28H:Q46C:R59N:D60Q:R97D,0.3184947769999144,9,0.640985985820576,0.4164651884415196
A28H:Q46C:R59N:D60Q:T112E,0.3597756218044999,8,0.6427798916019218,0.44011729746442374
A28H:Q46C:R59N:D60Q:V106M,0.2724225675677553,9,0.6659120073560851,0.4368905433315162
A28H:Q46C:R59N:D95Q,0.1738629091282859,9,0.5069228421759329,0.1423475204835059
A28H:Q46C:R59N:D95Q:V108Q,0.1187898335636395,7,0.45144430698554183,0.03179002313136298
A28H:Q46C:R59N:I91C:D95Q,0.1227999684366436,9,0.4837712870817451,0.03566588614842736
A28H:Q46C:R59N:R97D:T112E,0.2807407604728589,9,0.598099471226078,0.35578732849793226
A28H:Q46C:R59N:T112E,0.4337058870609654,9,0.5842701546015188,0.31394365762888593
A28H:Q46C:R97D:T112E,0.7382107050484066,7,0.7227121949899753,0.6913727689107945
A28H:Q46C:R97D:V106M:T112E,0.6660073611696942,9,0.7614675331500436,0.8245316727960645
A28H:Q46C:R97D:V108Q,0.5473282240096492,8,0.6516104373936791,0.5130188886502103
A28H:Q46C:T112E,0.9031341337180546,7,0.7088828783654161,0.6428909569222524
A28H:Q46C:V108Q:T112E,0.7625501545416342,7,0.6534043431750249,0.5788262675699598
A28H:Q46I,0.767148274847909,8,0.6911196565979392,0.6080397524422052
A28H:Q46I:D60Q:I91C:V106M,0.6309698204107622,9,0.7652331766642226,0.7198823789664011
A28H:Q46I:D60Q:R97D:V108Q,0.3024176423244695,7,0.7079801750325102,0.5252954915383914
A28H:Q46I:D95Q:R97D,0.4483912090638005,7,0.6432248832028173,0.45591115381152564
A28H:Q46I:D95Q:V106M:V108Q,0.2697777581057645,7,0.6126723695479355,0.3797394845492422
A28H:Q46I:D95Q:V108Q:T112E,0.2943144169617163,8,0.5895402537937722,0.3575185124644211
A28H:Q46I:I91C,0.7020128484594268,8,0.6679681015037513,0.5317976505860837
A28H:Q46I:I91C:D95Q:V108Q,0.2320984868135883,7,0.5507654762936793,0.23867373461096553
A28H:Q46I:I91C:V106M:V108Q,0.4203542004710801,8,0.6512449044734285,0.5253183382400125
A28H:Q46I:R59N:D60Q:V108Q,0.2864881882611261,9,0.5695381346440538,0.3178318760865537
A28H:Q46I:R59N:D95Q,0.1092975698913365,7,0.5047828428143609,0.13463719882089042
A28H:Q46I:R59N:D95Q:R97D,0.1787710195752584,7,0.5186121594389201,0.15463494150627077
A28H:Q46I:R59N:I91C,0.2119907085151661,8,0.5433553777398541,0.21755695541130166
A28H:Q46I:R59N:I91C:R97D,0.2128009478432996,8,0.5571846943644132,0.20383455497751313
A28H:Q46I:R59N:R97D:V108Q,0.14072680370525,8,0.5248577142682098,0.12519673611716592
A28H:Q46I:R97D:V106M:V108Q,0.3043405824813729,8,0.6882257761921755,0.5330189842140146
A28H:Q46I:R97D:V108Q:T112E,0.4235500418703407,9,0.6650936604380122,0.4954007460775611
A28H:Q46I:V106M:T112E,0.5895789305162553,9,0.7454982171639124,0.662832819102069
A28H:Q46I:V108Q:T112E,0.6457704120420733,9,0.651264343813453,0.5191933031898215
A28H:Q46R:D60Q:D95Q,0.6054794945383504,7,0.8508769802938364,0.7119985036104493
A28H:Q46R:D60Q:D95Q:T112E,0.6913562839146048,8,0.8665002026997415,0.7989503270872785
A28H:Q46R:D60Q:I91C,0.8105108996779188,8,0.8894495152193296,0.8190527374427881
A28H:Q46R:D60Q:I91C:R97D,0.6388656085774767,8,0.9032788318438887,0.9017729526191599
A28H:Q46R:D60Q:I91C:T112E,0.7164106286042204,7,0.9050727376252345,0.8971906575906203
A28H:Q46R:D60Q:V106M:T112E,0.8389558821123654,7,0.9669796308794906,1.0390818754957523
A28H:Q46R:D60Q:V108Q,0.9148296290736307,8,0.8571225351231262,0.7920526579498984
A28H:Q46R:D60Q:V108Q:T112E,0.7952872622320476,7,0.8727457575290312,0.8850693819577152
A28H:Q46R:D95Q:R97D,0.7217708797518344,8,0.8061965599179926,0.702840104500852
A28H:Q46R:D95Q:R97D:V106M,0.9055635618719864,8,0.8449518980780609,0.8885009864556336
A28H:Q46R:D95Q:T112E,0.7810470046357173,7,0.8079904656993384,0.6779166789609309
A28H:Q46R:D95Q:V106M,0.8768285900581709,8,0.8311225814535017,0.7361544150362092
A28H:Q46R:D95Q:V108Q:T112E,0.5560233855335538,7,0.7525119305089474,0.6056841458698701
A28H:Q46R:I91C:R97D:T112E,0.663390920299888,8,0.8603923172493907,0.847257825376129
A28H:Q46R:I91C:R97D:V108Q,0.5372635687999316,7,0.7892905596530946,0.6598496232332434
A28H:Q46R:I91C:V106M:T112E,0.8966689533328226,8,0.8853183387848997,0.9008446569843919
A28H:Q46R:I91C:V106M:V108Q,0.6227639309127025,9,0.8142165811886037,0.7891558602593222
A28H:Q46R:R59N:D60Q:D95Q,0.2643018736139761,7,0.7262642565299391,0.40230158288290924
A28H:Q46R:R59N:D95Q:R97D,0.3282001252725211,8,0.6815838361540953,0.35202034161357754
A28H:Q46R:R59N:D95Q:T112E,0.3288327011887508,7,0.6833777419354412,0.34940767440180415
A28H:Q46R:R59N:I91C,0.4020184434438895,7,0.7063270544550292,0.35931217854268815
A28H:Q46R:R59N:I91C:V108Q,0.2425394644471847,7,0.6508485192646382,0.28520530540707767
A28H:Q46R:R59N:T112E,0.6867012910614335,8,0.745101831955122,0.4927886172155784
A28H:Q46R:R59N:V106M:V108Q,0.3921327519036298,7,0.7127554125188942,0.4432189623396537
A28H:Q46R:R59N:V108Q,0.434657307798847,9,0.6740000743588259,0.36719771314585353
A28H:Q46R:R97D:V106M:T112E,0.947971847612484,8,0.9222992105036467,1.010003108161722
A28H:Q46R:R97D:V108Q:T112E,0.7554044898586271,8,0.8280653371531874,0.7587531438675343
A28H:Q46R:V106M:V108Q:T112E,0.8070699073572984,8,0.8529913586886965,0.8509758324884175
A28H:Q46R:V108Q:T112E,0.8376499324122957,8,0.8142360205286282,0.738802127092462
A28H:Q46V,0.7710949679206072,7,0.7133639071384239,0.6546841048401866
A28H:Q46V:D60Q:D95Q,0.4445232506288703,9,0.710149554119146,0.5599739383914607
A28H:Q46V:D60Q:D95Q:R97D,0.5367466982695575,7,0.7239788707437053,0.6594173956436995
A28H:Q46V:D60Q:D95Q:V108Q,0.3426171553337003,9,0.654671018928755,0.47135247818341197
A28H:Q46V:D60Q:I91C:V108Q,0.5538962438000147,8,0.6932435538542481,0.6010864863297577
A28H:Q46V:D60Q:V106M:V108Q,0.6824380773644276,8,0.7551504471085041,0.722990773477984
A28H:Q46V:D95Q:R97D:V108Q,0.3598796342567453,8,0.6099905985529112,0.40939123067052496
A28H:Q46V:D95Q:V106M,0.5757702903674654,8,0.6903951552788113,0.5730101277611892
A28H:Q46V:D95Q:V106M:T112E,0.5626099774797515,9,0.7060183776847163,0.6355385509399142
A28H:Q46V:D95Q:V108Q:T112E,0.4394319408407515,9,0.611784504334257,0.45185481722585963
A28H:Q46V:I91C,0.6205571811308027,7,0.6902123520442361,0.5834193413916458
A28H:Q46V:I91C:D95Q:T112E,0.4691934896440775,7,0.6441114844304603,0.4968864296415175
A28H:Q46V:I91C:D95Q:V108Q,0.2848102893516019,8,0.5730097268341642,0.33814323347023556
A28H:Q46V:I91C:R97D:T112E,0.5403873441565203,8,0.7196648910747003,0.6810730335307342
A28H:Q46V:I91C:R97D:V108Q,0.368436085495359,7,0.6485631334784042,0.4889866393562099
A28H:Q46V:I91C:V106M,0.6855378158244978,7,0.7289676902043044,0.6649274798814251
A28H:Q46V:R59N,0.3670291918447049,7,0.5887511833745267,0.2983777696670173
A28H:Q46V:R59N:D60Q,0.3912596481513485,8,0.6472609203749297,0.38239309324548765
A28H:Q46V:R59N:D60Q:D95Q,0.1662066323463762,7,0.5855368303552488,0.21549821111002415
A28H:Q46V:R59N:I91C:D95Q,0.0872127186532089,8,0.503875538260658,0.019057139985792393
A28H:Q46V:R59N:V106M,0.2773229032006585,7,0.627506521534595,0.3142968008992145
A28H:Q46V:R97D:V106M:V108Q,0.4442365628439178,9,0.7104700267326602,0.6317449913848973
A28H:Q46V:V108Q,0.6108661728496323,7,0.6578853719480329,0.5451079795820958
A28H:R59N:D60Q,1.0241563966052358,9,0.80044697229808,0.8811804952761167
A28H:R59N:D60Q:D95Q:R97D,1.1120409734180208,8,0.7525521989029584,0.9684885905818512
A28H:R59N:D60Q:D95Q:T112E,0.8985860752708433,7,0.7543461046843042,0.9461996282415986
A28H:R59N:D60Q:I91C:V108Q,0.8992627219272189,9,0.7218168820135011,0.8919443666582769
A28H:R59N:D60Q:R97D:T112E,1.0510730901322327,8,0.8298995113285442,1.1224057790609496
A28H:R59N:D95Q,0.749298739829281,7,0.6802131452779963,0.6557926628443126
A28H:R59N:D95Q:V106M,0.7766199724212689,7,0.7189684834380645,0.7765979570535864
A28H:R59N:D95Q:V106M:T112E,0.726064137578863,8,0.7345917058439695,0.8989305598904604
A28H:R59N:D95Q:V106M:V108Q,0.75114590209068,9,0.6634899482476734,0.765143175834526
A28H:R59N:D95Q:V108Q:T112E,0.6925423876331915,8,0.6403578324935101,0.748545557829449
A28H:R59N:I91C:D95Q:R97D,0.8276720570003032,9,0.6708909068083676,0.7808892279576536
A28H:R59N:I91C:D95Q:T112E,0.6843293848722376,8,0.6726848125897134,0.7406192345041336
A28H:R59N:I91C:D95Q:V106M,0.676903563741013,9,0.6958169283438767,0.8010280548348505
A28H:R59N:I91C:D95Q:V108Q,0.5335324441540802,9,0.6015830549934174,0.6054968827605998
A28H:R59N:I91C:T112E,0.8341793620523716,7,0.7344089026093943,0.7822687404715939
A28H:R59N:I91C:V106M:T112E,0.7662982450034103,7,0.7731642407694626,0.9404863703149131
A28H:R59N:I91C:V106M:V108Q,0.6229370879278634,8,0.7020624831731664,0.8477402259859526
A28H:R59N:V106M:V108Q,0.8508427021628113,8,0.7252140382673542,0.8126818462728037
A28H:R97D,1.0518488273721518,8,0.8803792756861335,0.9097281537090118
A28H:R97D:V106M:T112E,1.123309176765471,9,0.9347578362521068,1.2049182257052689
A28H:R97D:V106M:V108Q:T112E,1.021105328083115,9,0.8792793010617157,1.2156010573383222
A28H:V106M:V108Q:T112E,0.9323521103106166,9,0.8654499844371565,1.0639509864310972
A28K:D60Q:D95Q:R97D:V106M,1.0606302921759772,7,0.8722808960488979,1.2800800631316196
A28K:D60Q:D95Q:V106M,0.9020407965556932,9,0.8584515794243388,1.0369417401757834
A28K:D60Q:D95Q:V106M:V108Q,0.7428027208649075,7,0.8029730442339477,1.044049761735284
A28K:D60Q:D95Q:V108Q,0.7928632035531578,7,0.7642177060738794,0.8573931287222997
A28K:D60Q:D95Q:V108Q:T112E,0.8100674504269484,8,0.7798409284797844,1.0100621049476504
A28K:D60Q:I91C:D95Q,0.8920823565674155,9,0.7965446861700827,0.9133599006853791
A28K:D60Q:I91C:D95Q:V108Q,0.7585930309709974,7,0.7410661509796916,0.9132166755750759
A28K:D60Q:I91C:R97D:T112E,0.9709645407224048,7,0.8877213152202278,1.229155014283243
A28K:D60Q:I91C:R97D:V106M,1.0365493829297283,8,0.910853430974391,1.3223511394481489
A28K:D60Q:I91C:V106M:V108Q,0.9406827768536546,8,0.8415455791594407,1.152268317568959
A28K:D60Q:R97D:T112E,1.006390491456614,7,0.9108728703144156,1.1384956149108674
A28K:D60Q:R97D:V106M,1.026386818430456,8,0.9340049860685788,1.1963388100381425
A28K:D60Q:R97D:V106M:T112E,1.016763708675491,9,0.9496282084744838,1.3614243957985428
A28K:D60Q:R97D:V108Q,0.889587340908578,8,0.8397711127181194,0.968049734529784
A28K:D60Q:R97D:V108Q:T112E,0.9359481765208724,7,0.8553943351240244,1.1420978451679644
A28K:D60Q:T112E,1.0573353379171266,7,0.8970435536898563,1.0033976514516465
A28K:D60Q:V106M:T112E,0.9678705031291104,9,0.9357988918499246,1.1443593186121064
A28K:D60Q:V106M:V108Q:T112E,0.9629242122973478,9,0.8803203566595336,1.199404195527397
A28K:D60Q:V108Q:T112E,0.8876688722650772,7,0.8415650184994653,1.03135507685648
A28K:D95Q:R97D:T112E,1.0233392638361276,9,0.7906390432943317,1.0180134682040438
A28K:D95Q:R97D:V106M:V108Q,0.8214360866082133,8,0.7582926238581038,1.0400387397293662
A28K:D95Q:R97D:V108Q,0.9263105509358942,8,0.7195372856980355,0.8138456277153336
A28K:D95Q:R97D:V108Q:T112E,0.758773447986582,9,0.7351605081039405,0.9758787702964511
A28K:G33T:D60Q:I91C:D95Q,0.9189589012654747,8,0.8566500787850506,1.1674465182998837
A28K:G33T:D60Q:I91C:T112E,0.9975747897917112,8,0.9339973912106365,1.325805037288766
A28K:G33T:D60Q:I91C:V108Q,0.9751086597568293,7,0.8628956336143404,1.2249315855731653
A28K:G33T:D60Q:R97D,1.0825417249634743,9,0.9553550405234784,1.227592052566283
A28K:G33T:D60Q:V106M,1.0694234561696638,9,0.9802810620589875,1.2563985742099468
A28K:G33T:D60Q:V106M:V108Q,1.1366429023215223,7,0.9248025268685964,1.3187117881262913
A28K:G33T:D95Q,1.0709877995687664,9,0.8212918968788354,0.9230780215249004
A28K:G33T:D95Q:R97D:V106M,1.0915440591347996,9,0.8738765516634628,1.3380636204195697
A28K:G33T:D95Q:T112E,0.8953970172594102,8,0.8369151192847404,1.046331552491497
A28K:G33T:D95Q:V106M,1.119439037932184,7,0.8600472350389037,1.0899344127755644
A28K:G33T:D95Q:V106M:T112E,0.948248866835068,8,0.8756704574448086,1.2397711426628468
A28K:G33T:D95Q:V106M:V108Q,0.9433283433220482,7,0.8045686998485125,1.106510698527219
A28K:G33T:I91C:D95Q:R97D,0.961165983879942,9,0.8119696584092068,1.194697809301802
A28K:G33T:I91C:D95Q:V108Q,0.7413010228263669,9,0.7426618065942565,0.9946476941363234
A28K:G33T:I91C:R97D:V108Q,1.0906680446142225,8,0.8182152132384966,1.125660871238733
A28K:G33T:I91C:T112E,0.9247072670174732,9,0.8754876542102334,1.110297572587273
A28K:G33T:Q46C:D60Q:D95Q,0.5453389910029058,8,0.7065113307771751,0.6829754427645199
A28K:G33T:Q46C:D60Q:I91C,0.7083158938275561,9,0.7450838657026682,0.769138893901795
A28K:G33T:Q46C:D95Q:R97D,0.7348059059944672,7,0.6618309104013312,0.7063597110837472
A28K:G33T:Q46C:I91C,0.658598123654317,8,0.6865741287022652,0.6554989523019443
A28K:G33T:Q46C:I91C:T112E,0.609507299150338,9,0.7021973511081702,0.7228709307812671
A28K:G33T:Q46C:I91C:V106M,0.6590646754401591,8,0.7253294668623335,0.7726092332753463
A28K:G33T:Q46C:R59N:D60Q,0.5304199116601775,9,0.6436226970329587,0.49443918997071423
A28K:G33T:Q46C:R59N:I91C,0.3168788531789418,8,0.5619614049383679,0.306533304883621
A28K:G33T:Q46C:R59N:T112E,0.4733390236339958,9,0.6007361824384607,0.4332228692900697
A28K:G33T:Q46C:V106M:T112E,0.6476097131341773,9,0.7641042443624263,0.8119328122801872
A28K:G33T:Q46C:V108Q:T112E,0.679964366990099,7,0.6698703710119669,0.6896696073365742
A28K:G33T:Q46I:D60Q:D95Q,0.6325170188376541,8,0.7043713314156032,0.7032074693697979
A28K:G33T:Q46I:D60Q:I91C,0.7972093112523128,7,0.7429438663410962,0.8357850286863838
A28K:G33T:Q46I:D60Q:V106M,0.8400712082916654,9,0.8048507595953522,0.936420901290116
A28K:G33T:Q46I:D95Q:R97D,0.7893105926006319,9,0.6596909110397593,0.6853517247969981
A28K:G33T:Q46I:D95Q:V106M,0.7097804800679807,9,0.6846169325752685,0.7159273092535189
A28K:G33T:Q46I:I91C:V108Q,0.6951853782323152,8,0.6289555941503021,0.6471231375832188
A28K:G33T:Q46I:R59N:I91C,0.3623876768525875,8,0.5598214055767959,0.45249453919401383
A28K:G33T:Q46I:T112E,0.9473277026553772,9,0.723208906840786,0.8032856823566734
A28K:G33T:Q46I:V108Q,0.7505958503942332,8,0.6521071492444899,0.6519513660117953
A28K:G33T:Q46R,0.9368086612247734,7,0.8705573611500562,0.8875962867525797
A28K:G33T:Q46R:D95Q,0.8155906316095339,8,0.8088332711303753,0.7753295600110646
A28K:G33T:Q46R:I91C:V106M,0.8870155773509151,9,0.8861611442159367,1.030606804598417
A28K:G33T:Q46R:R59N:V106M,0.5432979980388396,9,0.7846999755462272,0.6893953817977948
A28K:G33T:Q46R:R59N:V108Q,0.5809285563576413,7,0.6904661021957679,0.539511780704922
A28K:G33T:Q46R:R97D,0.8985104129264039,9,0.8843866777746153,0.9270932368147243
A28K:G33T:Q46R:R97D:V106M,0.9514272330078846,7,0.9231420159346837,1.1040452452666731
A28K:G33T:Q46R:V106M,0.993967579396914,9,0.9093126993101245,0.9825811814773128
A28K:G33T:Q46V:D95Q:R97D,0.7349384107420471,8,0.6819351615802441,0.7137224762918531
A28K:G33T:Q46V:D95Q:V106M,0.6067648111217553,8,0.7068611831157532,0.7214500653596427
A28K:G33T:Q46V:I91C,0.660512939974164,7,0.7066783798811781,0.7090141616258384
A28K:G33T:Q46V:I91C:V106M,0.6042180793941452,7,0.7454337180412464,0.8270041398755386
A28K:G33T:Q46V:R59N:D60Q,0.4076280073418284,8,0.6637269482118715,0.5332373790331543
A28K:G33T:Q46V:R59N:R97D,0.3423879463832669,7,0.6190465278360278,0.4261678154348897
A28K:G33T:Q46V:R97D:T112E,0.7877862597293973,8,0.75928247400583,0.8517024084362598
A28K:G33T:Q46V:R97D:V108Q,0.5606037559070789,9,0.6881807164095339,0.6467450994271581
A28K:G33T:Q46V:V106M,0.8096285958237804,7,0.7685852731354341,0.790671384761075
A28K:G33T:Q46V:V106M:V108Q,0.7422177098999456,7,0.713106737945043,0.737657825340096
A28K:G33T:R59N:D60Q:D95Q,0.9100548744139932,8,0.7551889101153411,0.9999937885997623
A28K:G33T:R59N:D60Q:I91C,0.9304024266701898,7,0.7937614450408342,1.0695895443770047
A28K:G33T:R59N:D60Q:R97D,1.029748158150623,7,0.8307423167595811,1.162930554634696
A28K:G33T:R59N:D60Q:T112E,1.1130874755250946,8,0.832536222540927,1.1852200209160897
A28K:G33T:R59N:D60Q:V108Q,1.0600810549296944,9,0.7614344649446309,1.070948714445605
A28K:G33T:R59N:D95Q:V106M,0.87508690686598,7,0.7354345112750064,0.9652030044932589
A28K:G33T:R59N:I91C:T112E,0.9728269992337664,7,0.7508749304463362,0.9912054148060663
A28K:G33T:R59N:R97D,1.0781156253096311,8,0.7722325797591781,0.9329039258241263
A28K:G33T:R59N:R97D:T112E,0.9695242180254195,7,0.7878558021650831,1.0932092084122043
A28K:G33T:R59N:V106M:T112E,0.968150711144005,9,0.8127818237005923,1.0984381210114373
A28K:G33T:R97D:T112E,0.9882010191391598,7,0.9124685259289804,1.176682790175378
A28K:G33T:R97D:V106M:T112E,1.1430431487905222,9,0.9512238640890487,1.4068987808111901
A28K:G33T:R97D:V106M:V108Q,0.9229756297533516,8,0.8801221064927526,1.2402951386723198
A28K:G33T:R97D:V108Q,0.8817608457485591,8,0.8413667683326843,1.0095748954467367
A28K:G33T:R97D:V108Q:T112E,0.9898558734315324,7,0.8569899907385894,1.1897532846246293
A28K:G33T:V106M:V108Q:T112E,1.1772929034331443,9,0.8819160122740984,1.2493559600440292
A28K:G33T:V108Q:T112E,0.9718540914957144,7,0.8431606741140302,1.0740196316249757
A28K:I91C:D95Q:R97D:V108Q,0.8381054825802919,8,0.6963857306038478,0.8883515886886972
A28K:I91C:D95Q:T112E,0.9074645939640508,9,0.7536581715755847,0.8841668176390991
A28K:I91C:D95Q:V108Q:T112E,0.7463969412914576,9,0.6981796363851935,0.8862235197198962
A28K:I91C:R97D:V108Q,0.8224947275489878,7,0.7581098206235286,0.8610964473749887
A28K:I91C:T112E,0.8889583301076511,8,0.8153822615952656,0.8919729249502965
A28K:I91C:V106M:V108Q:T112E,0.9197512734035436,8,0.7986590645649427,1.0880590925092797
A28K:Q46C:D60Q:I91C,0.5632482535044234,8,0.6849784730877003,0.5907485615154795
A28K:Q46C:D60Q:T112E,0.6801281324241973,7,0.723753250587793,0.6796358045534843
A28K:Q46C:D95Q:T112E,0.596407251214372,9,0.6035194235677092,0.5165961332661446
A28K:Q46C:D95Q:V108Q:T112E,0.4613418295664788,7,0.548040888377318,0.426801365883663
A28K:Q46C:I91C:V106M,0.573636262302328,7,0.6652240742473655,0.6011374555730332
A28K:Q46C:R59N:D60Q,0.3936657683568256,8,0.5835173044179908,0.3533051182909477
A28K:Q46C:R59N:D60Q:T112E,0.4508838503804922,7,0.5991405268238958,0.4095525155007288
A28K:Q46C:R59N:D60Q:V108Q,0.2826845184006312,8,0.5280387692275996,0.275145602630629
A28K:Q46C:R59N:D95Q:T112E,0.2410599969547981,9,0.4789066998038119,0.18937405002464403
A28K:Q46C:R59N:I91C:T112E,0.2271371506454552,8,0.517479234729305,0.206666220458481
A28K:Q46C:R59N:V106M,0.3276466685639285,7,0.5637629055776561,0.2881508502606326
A28K:Q46C:R97D:V106M,0.7775939535803711,7,0.7022049459661125,0.6925485934073407
A28K:Q46C:R97D:V106M:T112E,0.6953423284285796,8,0.7178281683720176,0.7690707386849227
A28K:Q46C:R97D:V108Q:T112E,0.5199917880635506,8,0.6235942950215582,0.5473890085411415
A28K:Q46C:V106M,0.6765318616534834,9,0.6883756293415533,0.6179607148437483
A28K:Q46C:V106M:V108Q,0.5253018146895684,9,0.6328970941511622,0.5320988067305815
A28K:Q46C:V108Q:T112E,0.5821690903153399,8,0.609764978396999,0.5282634811721928
A28K:Q46I:D60Q,0.7624707987339493,8,0.7059900288203161,0.658151713347513
A28K:Q46I:D60Q:D95Q,0.4419722254066435,7,0.6442659388006352,0.4986887262881744
A28K:Q46I:D60Q:D95Q:V106M,0.5192404571233498,7,0.6830212769607035,0.5946636806210785
A28K:Q46I:D60Q:I91C:R97D,0.4603124584972377,8,0.6966677903506875,0.6412055403780161
A28K:Q46I:D60Q:I91C:T112E,0.6296705804453803,7,0.6984616961320333,0.6715636308994757
A28K:Q46I:D60Q:R97D:T112E,0.6150382475636579,9,0.7354425678507803,0.7434408849146238
A28K:Q46I:D60Q:V108Q:T112E,0.614395542966217,9,0.66613471603583,0.6263585799489786
A28K:Q46I:D95Q:R97D:V106M,0.4342719456606433,8,0.6383408565848596,0.6219290289161326
A28K:Q46I:D95Q:R97D:V108Q,0.2882226953435353,8,0.5441069832344003,0.30531989267259363
A28K:Q46I:I91C:D95Q:T112E,0.3433601716211813,7,0.5782278691119495,0.4508570274428775
A28K:Q46I:I91C:R97D,0.4728683684108671,7,0.6381580533502844,0.5448202583941788
A28K:Q46I:I91C:R97D:V108Q,0.3468465778801352,7,0.5826795181598934,0.39594989188256946
A28K:Q46I:I91C:T112E,0.6221153673359541,8,0.6399519591316303,0.5797434581944285
A28K:Q46I:I91C:V106M,0.6187865305473478,9,0.6630840748857936,0.6212790635004246
A28K:Q46I:I91C:V108Q,0.4200072738020932,7,0.5688502015353343,0.4323904358164557
A28K:Q46I:R59N:I91C,0.2948483115101102,7,0.499716012961828,0.2670442212059183
A28K:Q46I:R59N:R97D,0.2884114978212291,7,0.536696884680575,0.32281675910389346
A28K:Q46I:R59N:R97D:V106M,0.3278693293994986,7,0.5754522228406432,0.40356822189362307
A28K:Q46I:R59N:V106M:V108Q,0.2815763271915215,7,0.506144371025693,0.26771778106446287
A28K:Q46I:R97D:T112E,0.5053133845266954,8,0.6769328308503773,0.630090457816197
A28K:Q46I:R97D:V106M,0.5978427958416427,7,0.7000649466045406,0.6673802891314693
A28K:Q46I:V106M,0.7315243301601924,7,0.6862356299799813,0.6407115845209428
A28K:Q46I:V106M:V108Q,0.5621040763380499,9,0.6307570947895902,0.5234476598268737
A28K:Q46R:D60Q:D95Q:R97D,0.693582834352585,8,0.8210669321403696,0.8148877744113373
A28K:Q46R:D60Q:D95Q:T112E,0.6757363084960227,9,0.8228608379217154,0.7859510034592899
A28K:Q46R:D60Q:D95Q:V108Q,0.5968874118633778,8,0.7517590803254193,0.615677098832627
A28K:Q46R:D60Q:I91C:R97D,0.719841674622833,9,0.8596394670658627,0.8778222904762408
A28K:Q46R:D60Q:R97D:V108Q,0.5715582415255791,9,0.8273124869696594,0.7691252781727197
A28K:Q46R:D60Q:V106M,0.9319214521549364,9,0.9077170436955596,0.92205236812078
A28K:Q46R:D60Q:V106M:V108Q,0.7843666783860155,9,0.8522385085051685,0.8737595444335342
A28K:Q46R:D60Q:V108Q:T112E,0.8179830550799546,8,0.8291063927510052,0.8475418063491046
A28K:Q46R:D95Q,0.7511374972910668,9,0.7487278785154075,0.6416309000250129
A28K:Q46R:D95Q:R97D,0.9371316097680868,7,0.7625571951399666,0.7070092682453647
A28K:Q46R:D95Q:V106M:V108Q,0.5395281002757867,7,0.7320046814850846,0.6380589116862602
A28K:Q46R:D95Q:V108Q,0.5665134809010233,7,0.6932493433250163,0.5205136966626205
A28K:Q46R:I91C:D95Q:V106M,0.64832347613867,7,0.7643316615812878,0.738534271840667
A28K:Q46R:I91C:V106M,0.7867268098363763,8,0.8260557516009688,0.8231540030941349
A28K:Q46R:I91C:V106M:T112E,0.823707913441791,7,0.8416789740068737,0.8819300052329188
A28K:Q46R:R59N,0.6877369128840197,8,0.685839244771191,0.483501048031102
A28K:Q46R:R59N:D60Q,0.5990335401819994,9,0.744348981771594,0.5716911647655217
A28K:Q46R:R59N:D60Q:R97D,0.4725053665886353,7,0.7581782983961531,0.5995590890200013
A28K:Q46R:R59N:D60Q:T112E,0.6446457232879669,8,0.759972204177499,0.6403854565783313
A28K:Q46R:R59N:D95Q:R97D,0.345120550198396,9,0.6379444713760694,0.3805688145584621
A28K:Q46R:R59N:D95Q:V108Q,0.2728670216105953,7,0.568636619561119,0.202155431451153
A28K:Q46R:R59N:I91C:D95Q,0.23205916001815,7,0.6009635996573224,0.22999762864643575
A28K:Q46R:R97D:V108Q:T112E,0.6225693532515513,7,0.7844259723751614,0.733944730026232
A28K:Q46V:D60Q,0.7709848919285962,7,0.728234279360801,0.6655542927205297
A28K:Q46V:D60Q:D95Q:V108Q,0.4016691035681655,8,0.611031654150729,0.4305424025604151
A28K:Q46V:D60Q:I91C,0.6613309619840768,7,0.7050827242666131,0.6196099063414312
A28K:Q46V:D60Q:I91C:D95Q,0.3851775902611598,8,0.6433586342469323,0.4957663457709993
A28K:Q46V:D60Q:I91C:R97D,0.5506696432570453,9,0.7189120408911723,0.6803321310026443
A28K:Q46V:D60Q:I91C:V106M,0.5591340523374965,7,0.7438380624266814,0.7303126748429946
A28K:Q46V:D60Q:V106M,0.6106539407109589,7,0.7669896175208692,0.7202372112459803
A28K:Q46V:D95Q:R97D:V108Q,0.3669743740023897,7,0.566351233774885,0.3813003168148362
A28K:Q46V:D95Q:V106M,0.4573753885418778,9,0.6467557905007854,0.5500232451358394
A28K:Q46V:D95Q:V108Q,0.3353667731378888,7,0.552521917150326,0.3572740447855228
A28K:Q46V:I91C:D95Q,0.3924904163852009,9,0.5848488972465293,0.4313131383935208
A28K:Q46V:I91C:V106M:T112E,0.4768590872924519,7,0.7009515478321834,0.6808062168523439
A28K:Q46V:R59N,0.3827089378763937,8,0.5451118185965007,0.30181689544866586
A28K:Q46V:R59N:D60Q:I91C,0.2904339167336295,7,0.5804700005027159,0.2799108642713437
A28K:Q46V:R59N:D60Q:V106M,0.3670380226381541,7,0.6423768937569719,0.41322562903195237
A28K:Q46V:R59N:I91C:D95Q,0.1273878775929405,9,0.460236173482632,0.03447530213468819
A28K:Q46V:R59N:I91C:T112E,0.2292152298138825,7,0.5375834859082178,0.22743975825458718
A28K:Q46V:R59N:I91C:V108Q,0.2054524876287323,8,0.46648172831192175,0.08745032618772303
A28K:Q46V:R59N:T112E,0.4394328542534359,7,0.5607350410024057,0.319504588042685
A28K:Q46V:R59N:V108Q:T112E,0.3256702458951878,9,0.5052565058120145,0.2335792874661347
A28K:Q46V:R97D:T112E,0.6723261079274512,9,0.6991770813908621,0.6580672182144807
A28K:Q46V:R97D:V108Q:T112E,0.4176780779975603,7,0.643698546200471,0.5463426751342542
A28K:Q46V:V106M:V108Q:T112E,0.4508534086941391,7,0.6686245677359801,0.6143125831047672
A28K:Q46V:V108Q:T112E,0.6488868090982145,7,0.6298692295759118,0.5483896488743406
A28K:R59N:D60Q,0.8790794984521095,8,0.756807607520054,0.8442001884592976
A28K:R59N:D60Q:D95Q:R97D,0.9553114664169332,7,0.7089128341249323,0.9376964998009317
A28K:R59N:D60Q:T112E,0.9887221136818448,9,0.772430829925959,0.9475152348273553
A28K:R59N:D60Q:V106M:V108Q,0.9231421867078052,8,0.7400844104897313,0.9699525998903658
A28K:R59N:D60Q:V108Q,0.9498124452652662,8,0.701329072329663,0.8380559374216043
A28K:R59N:D95Q:R97D:T112E,0.7894316688834049,7,0.6660263195304343,0.8983541162715117
A28K:R59N:D95Q:R97D:V106M,0.878223856465853,8,0.6891584352845976,0.9457304835023147
A28K:R59N:D95Q:R97D:V108Q,0.6446753876824964,8,0.5949245619341382,0.6799577059300891
A28K:R59N:D95Q:V106M:T112E,0.7561127505849258,9,0.6909523410659435,0.873174479500987
A28K:R59N:I91C:D95Q:R97D,0.802760361095732,8,0.6272515420303416,0.7686071192753898
A28K:R59N:I91C:D95Q:V108Q,0.5712531167577385,8,0.5579436902153914,0.5848769170773277
A28K:R59N:I91C:R97D:V108Q,0.6914419506683555,9,0.6334970968596314,0.7076059016007215
A28K:R59N:I91C:V106M,0.851175697013361,7,0.7139016535855316,0.7952613413744891
A28K:R59N:I91C:V108Q,0.7975589528499727,7,0.6196677802350722,0.6572090723618336
A28K:R59N:R97D:T112E,0.8828461240061686,8,0.7277504095501153,0.8610890361902757
A28K:R59N:R97D:V108Q,0.6739701594749349,7,0.6566486519538192,0.6845645806736556
A28K:R59N:R97D:V108Q:T112E,0.6379184543185813,8,0.6722718743597241,0.8327895171959463
A28K:R59N:V106M:V108Q:T112E,0.7124872829133183,8,0.6971978958952332,0.8907950172705699
A28K:R97D,0.9503413895074524,9,0.8367399109081075,0.861087699459129
A28K:R97D:V106M:V108Q,0.8368655642945927,7,0.8200167138777846,0.9768008080616728
A28K:V106M,1.1535497805675796,7,0.8616659324436167,0.8948584277971546
D60Q:D95Q:R97D:V108Q,1.0892576277461907,9,0.7795543559392267,0.9072601197630324
D60Q:D95Q:T112E,1.011225440922152,8,0.8368267969109636,0.915915601371444
D60Q:I91C:D95Q:R97D,1.1623790734643926,9,0.81188133603543,1.0199392594061905
D60Q:I91C:D95Q:R97D:V106M,1.1808262455109475,7,0.8506366741954983,1.2843029092585079
D60Q:I91C:D95Q:R97D:V108Q,0.9458420220419448,7,0.756402800845039,0.9808963989587582
D60Q:I91C:D95Q:V106M,1.0661469881853785,9,0.8368073575709392,1.0222993145231536
D60Q:I91C:D95Q:V106M:T112E,0.9515164395675578,8,0.8524305799768441,1.156149270380247
D60Q:I91C:D95Q:V108Q:T112E,0.7992549884423247,8,0.7581967066263848,0.9680275938332294
D60Q:I91C:R97D:V106M:V108Q,0.9499756670690468,8,0.8568822290247881,1.207018692408847
D60Q:I91C:R97D:V108Q:T112E,0.9255602377740236,9,0.8337501132706249,1.124949919456529
D60Q:I91C:V106M:V108Q:T112E,0.9975141079461288,9,0.8586761348061339,1.1862183526590182
D60Q:R97D:V108Q,0.9892672729898044,8,0.8412784459589076,0.8963299480218687
D60Q:R97D:V108Q:T112E,0.8867518997737324,9,0.8569016683648126,1.03985464323109
D60Q:T112E,1.2443418364047512,9,0.8985508869306446,0.9400466782551862
D60Q:V106M,1.0062052286900511,8,0.9216830026848077,0.964113637410975
D60Q:V106M:T112E,1.0452307391820963,9,0.9373062250907128,1.047815850062108
D60Q:V108Q,1.177297494194488,8,0.8274491293343484,0.8607949259417143
D95Q:R97D:V106M:V108Q:T112E,1.0308916387876894,9,0.775423179504797,1.1123250384168109
D95Q:V106M,1.0507407476380646,8,0.801449175664724,0.8466398889274775
D95Q:V106M:V108Q:T112E,0.9113628343613436,7,0.7615938628802378,0.9130906420827558
G2E:A28H:D60Q:D95Q:R97D,1.0605409680746134,8,0.8950801376368702,1.2025483380278827
G2E:A28H:D60Q:V106M,0.9752935926483254,9,0.9817302491920602,1.2241898284185928
G2E:A28H:D60Q:V108Q,1.085127523662512,9,0.8874963758416008,1.0855768795616267
G2E:A28H:D95Q:R97D,1.0301725414758698,7,0.8365704006364673,0.9950583374585248
G2E:A28H:D95Q:T112E,0.8638856431320415,8,0.838364306417813,0.966082443173076
G2E:A28H:D95Q:V108Q,0.8575165872985044,9,0.767262548821517,0.8350028862990521
G2E:A28H:G33T:D60Q,1.1493892625715116,8,1.0030803036469598,1.2709894062713136
G2E:A28H:G33T:D60Q:R97D,1.066959266672257,8,1.016909620271519,1.424857212935641
G2E:A28H:G33T:D60Q:T112E,1.0866777942879404,9,1.0187035260528647,1.4353428741263836
G2E:A28H:G33T:D60Q:V108Q,1.0034184991067048,8,0.9476017684565687,1.3331732682952528
G2E:A28H:G33T:D95Q:V106M,0.9382121734664112,8,0.9216018147869443,1.2467282557908723
G2E:A28H:G33T:I91C,1.0308292980876057,7,0.921419011552369,1.1378156347930386
G2E:A28H:G33T:I91C:V106M,0.9547547557941422,9,0.9601743497124373,1.3591054445986734
G2E:A28H:G33T:Q46C,0.8059887778474013,7,0.7712802635444935,0.7544368126553501
G2E:A28H:G33T:Q46C:T112E,0.7049338741636314,8,0.7869034859503986,0.830226840027602
G2E:A28H:G33T:Q46I,0.7033424876444867,7,0.7691402641829216,0.7924825494124811
G2E:A28H:G33T:Q46I:D95Q,0.6246039600049534,8,0.7074161741632408,0.6466337116552832
G2E:A28H:G33T:Q46I:R59N,0.6221126387572782,9,0.6445275404190243,0.5454906289645113
G2E:A28H:G33T:Q46I:V108Q,0.6555540883909076,9,0.7136617289925304,0.7179033336255269
G2E:A28H:G33T:Q46R:V108Q,0.8059938134661261,8,0.8766334057077056,0.869142084933922
G2E:A28H:G33T:Q46V:R59N,0.4644713376398497,8,0.6667717909595091,0.4729520766052455
G2E:A28H:G33T:R59N,0.8976072981263982,9,0.8199578428826595,0.95560911053117
G2E:A28H:G33T:R59N:D95Q,0.7879966760385373,8,0.7582337528629787,0.9081865030658198
G2E:A28H:G33T:R59N:R97D,0.9632816660570012,7,0.8337871595072187,1.0567778754726698
G2E:A28H:G33T:R97D,1.1112812199521611,9,0.958399883271116,1.1688430030764363
G2E:A28H:G33T:R97D:V106M,1.1013782671302923,7,0.9971552214311843,1.416080076633174
G2E:A28H:G33T:V108Q,0.9238873001665427,7,0.8890920314561658,1.0898741624320145
G2E:A28H:I91C:D95Q:T112E,0.7848685689862827,8,0.8152127513236253,1.021948886070523
G2E:A28H:I91C:D95Q:V106M,0.8726029151010343,9,0.8383448670777885,1.1133322147923719
G2E:A28H:I91C:D95Q:V108Q,0.8116003080092787,9,0.7441109937273291,0.8900386140986705
G2E:A28H:I91C:R97D,0.9506032486957264,8,0.8751429355619603,1.0388499493898717
G2E:A28H:I91C:V106M:T112E,0.951875825181768,9,0.9156921795033744,1.2329354591466117
G2E:A28H:I91C:V106M:V108Q,0.7311545412532572,8,0.8445904219070783,1.1434013945893327
G2E:A28H:Q46C:D60Q:I91C,0.7052957171575042,7,0.7465330528357409,0.723611070864649
G2E:A28H:Q46C:D60Q:V106M,0.617450995319431,7,0.8084399460899969,0.8455882098354945
G2E:A28H:Q46C:D95Q:R97D,0.6559175958319913,7,0.663280097534404,0.6197904037927042
G2E:A28H:Q46C:D95Q:T112E,0.5987852726048022,8,0.6650740033157498,0.5893032006881826
G2E:A28H:Q46C:D95Q:V108Q,0.4940972290189177,7,0.5939722457194536,0.43327602834980994
G2E:A28H:Q46C:I91C:R97D,0.4883349109734781,8,0.701852632459897,0.660547087095061
G2E:A28H:Q46C:R59N:T112E,0.3947572331938089,9,0.6021853695715333,0.3659125672073277
G2E:A28H:Q46C:R97D:V108Q,0.4710073837206362,8,0.6695256523636937,0.5560878537012466
G2E:A28H:Q46C:T112E,0.7189309679567114,9,0.7267980933354307,0.683399485932263
G2E:A28H:Q46C:V106M:T112E,0.6519663660292108,7,0.7655534314954989,0.764959553217546
G2E:A28H:Q46C:V108Q:T112E,0.7099743909644141,7,0.6713195581450395,0.6329539497251573
G2E:A28H:Q46I:D60Q,0.7579130030951893,9,0.7675446085683567,0.7293825747015884
G2E:A28H:Q46I:D60Q:V106M,0.6313875317284123,9,0.806299946728425,0.8237710976133508
G2E:A28H:Q46I:D95Q:T112E,0.5086682789809782,8,0.6629340039541778,0.5312528021759964
G2E:A28H:Q46I:I91C:D95Q,0.2810646797778267,9,0.6241592264540851,0.4280144580704206
G2E:A28H:Q46I:I91C:V106M,0.5514272016318366,8,0.7246386546338341,0.6993847517640327
G2E:A28H:Q46I:R59N:D95Q,0.1451194763033876,9,0.5226980577843755,0.1873383883841604
G2E:A28H:Q46I:R59N:T112E,0.438910031563527,9,0.6000453702099614,0.42952147708902066
G2E:A28H:Q46I:V106M,0.7995356539218947,8,0.7477902097280219,0.6950744456277564
G2E:A28H:Q46I:V106M:T112E,0.6673248732752228,9,0.763413432133927,0.7529135444554719
G2E:A28H:Q46I:V106M:V108Q,0.5076332360512171,8,0.6923116745376309,0.6047686205517395
G2E:A28H:Q46R:D95Q:R97D,0.6683038436051237,8,0.8241117748880071,0.7128264031647651
G2E:A28H:Q46R:I91C:T112E,0.7428048415445022,8,0.8644782155948461,0.7991521229122572
G2E:A28H:Q46R:I91C:V106M,0.8816771135035324,9,0.8876103313490094,0.8827655329309022
G2E:A28H:Q46R:R59N,0.5913006100085751,9,0.7473938245192315,0.4628465402375224
G2E:A28H:Q46R:R59N:I91C,0.3655190667305049,7,0.7242422694250438,0.38555048567437794
G2E:A28H:Q46R:R59N:V108Q,0.4208586506364472,7,0.6919152893288405,0.3825226154064455
G2E:A28H:Q46R:V106M:T112E,0.858156030398412,8,0.9263851088491022,0.928979071412118
G2E:A28H:Q46V:D60Q:D95Q,0.4246508883352595,7,0.7280647690891606,0.6352795987884945
G2E:A28H:Q46V:D60Q:I91C,0.651149734518537,8,0.7666373040146537,0.7511548245582654
G2E:A28H:Q46V:D60Q:R97D,0.7313934806650298,8,0.8036181757334007,0.8094435637051568
G2E:A28H:Q46V:D60Q:V106M,0.6940404689897521,8,0.8285441972689098,0.8716435841476319
G2E:A28H:Q46V:D95Q:V106M,0.6267439678140063,8,0.7083103702488259,0.6359320344357431
G2E:A28H:Q46V:D95Q:V108Q,0.442356333450844,8,0.6140764968983665,0.42653665186186673
G2E:A28H:Q46V:I91C,0.7130367048138048,7,0.7081275670142507,0.6343415249603734
G2E:A28H:Q46V:I91C:D95Q,0.4629832780394787,8,0.6464034769945699,0.49736047300860703
G2E:A28H:Q46V:I91C:T112E,0.6870342619296866,8,0.7237507894201558,0.6861084891156333
G2E:A28H:Q46V:I91C:V108Q,0.5305018411569237,9,0.6526490318238596,0.5582207576881227
G2E:A28H:Q46V:R59N,0.3908670564408523,9,0.6066663983445413,0.33622777578789137
G2E:A28H:Q46V:R59N:I91C,0.1857092630820218,9,0.5835148432503534,0.24723885321810607
G2E:A28H:Q46V:V108Q:T112E,0.6735129096920122,8,0.6914238093239524,0.6517625262949699
G2E:A28H:R59N,0.9615770954212598,8,0.7598524502676917,0.7939315047345185
G2E:A28H:R59N:D60Q:V106M,0.8205051459932159,7,0.8571175254281629,1.1301466086722394
G2E:A28H:R59N:D95Q,0.7207431099037498,9,0.6981283602480108,0.7197572565856932
G2E:A28H:R59N:D95Q:R97D,0.8026316528499601,9,0.71195767687257,0.8468074396854
G2E:A28H:R59N:I91C,0.7635460177926534,8,0.7367008951735039,0.7776663876471859
G2E:A28H:R59N:I91C:D95Q,0.6468674416249717,9,0.674976805153823,0.7127000624071292
G2E:A28H:R59N:I91C:T112E,0.786986766934683,9,0.7523241175794089,0.8892375314605948
G2E:A28H:R59N:I91C:V108Q,0.7836216537470876,8,0.6812223599831128,0.7849706444608322
G2E:A28H:R59N:R97D:T112E,0.7965687794698938,7,0.7893049892981558,0.9858126659397525
G2E:A28H:R59N:R97D:V108Q,0.6989810168672307,8,0.7182032317018597,0.8071613412097736
G2E:A28H:R59N:V108Q:T112E,0.9644866579669006,7,0.7199971374832055,0.9078495043809047
G2E:A28H:R97D:T112E,0.9439021227993264,9,0.913917713062053,1.095736853355719
G2E:A28H:R97D:V106M:T112E,1.0755089477938788,7,0.9526730512221213,1.3198392813588389
G2E:A28H:R97D:V106M:V108Q,0.9822774023288698,8,0.8815712936258253,1.1559207790713435
G2E:A28H:R97D:V108Q,0.810341944967773,8,0.842815955465757,0.9313140984784527
G2E:A28H:V106M:V108Q:T112E,0.9199580752109122,9,0.8833651994071711,1.1789142691077976
G2E:A28K:D60Q:D95Q:T112E,0.8982019377464286,8,0.8532346786401901,1.1653637526730014
G2E:A28K:D60Q:I91C:T112E,0.981626379666208,9,0.8918072135656832,1.2400804860877457
G2E:A28K:D60Q:I91C:V106M,1.1619163516418234,8,0.9149393293198465,1.3079020891067552
G2E:A28K:D60Q:R97D:V106M,1.0515640532417525,8,0.9519202010385934,1.3803523076391881
G2E:A28K:D60Q:R97D:V108Q,0.887577213160117,8,0.857686327688134,1.135314108148788
G2E:A28K:D60Q:T112E,1.0661609396256946,9,0.9149587686598709,1.168101589029625
G2E:A28K:D60Q:V106M:T112E,1.1004754132917975,9,0.9537141068199392,1.3394315333173132
G2E:A28K:D95Q:V106M,0.9259491171577292,8,0.8178570573939503,1.0274028321966264
G2E:A28K:D95Q:V106M:T112E,0.9263751137426766,9,0.8334802797998553,1.1542491354458733
G2E:A28K:G33T:D60Q,1.0339528831972808,7,0.9594409388689338,1.2591231051343064
G2E:A28K:G33T:D60Q:I91C,1.0274556885316284,9,0.936289383774746,1.3612230199813464
G2E:A28K:G33T:D60Q:R97D,1.079318715698313,7,0.973270255493493,1.4079898223267766
G2E:A28K:G33T:D60Q:V106M,1.1371642935621842,9,0.998196277029002,1.4535876949756124
G2E:A28K:G33T:I91C:D95Q,0.8311852506313311,9,0.8160555567546621,1.1400880298543683
G2E:A28K:G33T:I91C:V106M,1.0079349684142065,8,0.9165349849344113,1.3525131208459387
G2E:A28K:G33T:Q46C:R97D,0.8941777146487058,8,0.7414702153910268,0.8284050894657597
G2E:A28K:G33T:Q46I:T112E,0.7569336717985489,7,0.7411241218108006,0.9407267341935093
G2E:A28K:G33T:Q46R:V106M,1.0756943508521368,9,0.9272279142801391,1.0809234307621767
G2E:A28K:G33T:Q46R:V108Q,0.9343521613237102,7,0.8329940409296797,0.9032774010498534
G2E:A28K:G33T:R59N:D95Q,0.8329289851156028,7,0.7145943880849527,0.9496090678761065
G2E:A28K:G33T:R97D:T112E,0.9099530487111476,7,0.930383740898995,1.3389641723123813
G2E:A28K:I91C:D95Q,0.8418791765607779,8,0.7559501641396943,0.9158852621114936
G2E:A28K:I91C:D95Q:R97D,1.0300700318510112,8,0.7697794807642534,1.0877855571893786
G2E:A28K:I91C:D95Q:V108Q,0.7682093456787573,8,0.7004716289493031,0.8960153935390114
G2E:A28K:I91C:R97D:T112E,0.8728108558305079,8,0.8471267931898393,1.1842844390033362
G2E:A28K:I91C:R97D:V108Q,0.8926858112454754,9,0.7760250355935432,1.010141348160569
G2E:A28K:I91C:V106M,1.0414617990046533,9,0.8564295923194434,1.1053441493122347
G2E:A28K:I91C:V106M:V108Q,0.8611953095837781,9,0.8009510571290523,1.1249528638075337
G2E:A28K:I91C:V108Q,0.9667123458953316,7,0.7621957189689841,0.9395294516801289
G2E:A28K:Q46C:D60Q:R97D,0.7466469058294138,8,0.7398745597764618,0.8009205870716065
G2E:A28K:Q46C:D60Q:T112E,0.6988455888388523,7,0.7416684655578076,0.8138724187371882
G2E:A28K:Q46C:I91C:V106M,0.6054456183596374,7,0.6831392892173801,0.722887230824324
G2E:A28K:Q46C:R59N,0.3523861631431152,7,0.5429227823876024,0.3646568416953255
G2E:A28K:Q46C:R59N:D95Q,0.2271115978402973,8,0.48119869236792145,0.2296149455430171
G2E:A28K:Q46C:R59N:R97D,0.2284359493555398,7,0.5567520990121615,0.36421639153426316
G2E:A28K:Q46C:R59N:T112E,0.3778710224737986,8,0.5585460047935074,0.40404409080678283
G2E:A28K:Q46C:R59N:V108Q,0.4624893054835183,9,0.48744424719721124,0.2667706825728279
G2E:A28K:Q46C:R97D,0.6792866635012184,7,0.6813648227760588,0.6796347593869743
G2E:A28K:Q46C:T112E,0.8197174408290058,8,0.6831587285574047,0.6971517003313462
G2E:A28K:Q46I:D60Q:R97D,0.7675129205475559,8,0.7377345604148898,0.791296021129862
G2E:A28K:Q46I:I91C,0.762082578247252,7,0.6422439516957399,0.6674910245205546
G2E:A28K:Q46I:R59N:D95Q,0.2268254610794144,8,0.4790586930063495,0.2982012831510286
G2E:A28K:Q46I:R59N:I91C,0.4392895788005568,9,0.5176312279318426,0.38909001911457547
G2E:A28K:Q46I:R59N:R97D,0.3704890653420531,7,0.5546120996505896,0.43390692511832263
G2E:A28K:Q46I:R97D,0.7793888904572699,9,0.6792248234144869,0.6766893545062684
G2E:A28K:Q46I:R97D:V108Q,0.4688772648646211,7,0.6237462882240957,0.5216019362991925
G2E:A28K:Q46I:V106M,0.6756292372108683,7,0.7041508449499959,0.7571327209721127
G2E:A28K:Q46R,0.9438899549593704,8,0.8283671835051029,0.8218706903209617
G2E:A28K:Q46R:D60Q:R97D,0.8710734727683517,7,0.900706237130065,0.9664111283608829
G2E:A28K:Q46R:D95Q:V106M,0.7023111703123527,9,0.8053984316454903,0.8098423675312653
G2E:A28K:Q46R:I91C:R97D,0.7434735037075995,8,0.8190449450354742,0.8328562349780764
G2E:A28K:Q46R:I91C:V108Q,0.7921241399841831,8,0.749737093220524,0.7123503699356082
G2E:A28K:Q46R:R59N:T112E,0.7157022265435181,7,0.7193776821471106,0.588016995184978
G2E:A28K:Q46R:R59N:V106M,0.5007277203218934,8,0.7425097979012738,0.6022489215666802
G2E:A28K:Q46R:R59N:V108Q,0.5050043509288991,8,0.6482759245508145,0.4425199801665498
G2E:A28K:Q46R:V106M:V108Q,0.9710485669164493,8,0.81164398647478,0.8294865505491946
G2E:A28K:Q46R:V108Q:T112E,0.8563454633204415,9,0.7885118707206168,0.7984710219653802
G2E:A28K:Q46V:D60Q:D95Q,0.5643472101075024,8,0.6844254043111346,0.6587845239623478
G2E:A28K:Q46V:D60Q:I91C,0.785618416057434,7,0.7229979392366277,0.7642601750838522
G2E:A28K:Q46V:D60Q:R97D,0.7290390564324878,9,0.7599788109553747,0.8167580938993962
G2E:A28K:Q46V:D60Q:V106M,0.7832830252370673,7,0.7849048324908838,0.870723199099345
G2E:A28K:Q46V:D95Q:R97D,0.7083961371697952,9,0.6397449839352908,0.6380683252442196
G2E:A28K:Q46V:D95Q:V106M,0.7155985163819588,7,0.6646710054707999,0.6639212061343783
G2E:A28K:Q46V:I91C:T112E,0.7335152017360164,9,0.6801114246421297,0.7124847652751922
G2E:A28K:Q46V:I91C:V106M,0.7636938117756112,8,0.703243540396293,0.7638075376277499
G2E:A28K:Q46V:R59N:T112E,0.411238605875851,9,0.5786502559724203,0.432966291713762
G2E:A28K:Q46V:R97D:V108Q,0.5769291046024185,8,0.6459905387645806,0.562483677413784
G2E:A28K:Q46V:T112E,0.8366051535232777,9,0.7032629797363175,0.7377603199094762
G2E:A28K:R59N,1.0298643348407404,9,0.7162130854896657,0.8256475034808493
G2E:A28K:R59N:D60Q,0.928675216177795,8,0.7747228224900686,0.9957288633794891
G2E:A28K:R59N:D60Q:I91C,0.7718757192615383,8,0.7515712673958809,1.004784123361599
G2E:A28K:R59N:D60Q:T112E,0.8101052691814573,9,0.7903460448959736,1.1236795529737649
G2E:A28K:R59N:D95Q,0.8809427155813326,8,0.6544889954699847,0.7626625608397808
G2E:A28K:R59N:D95Q:T112E,0.8073495662439572,9,0.6701122178758898,0.8785982823769938
G2E:A28K:R59N:I91C,1.0387275138693932,9,0.6930615303954779,0.8101721172530072
G2E:A28K:R59N:I91C:V108Q,0.9079753977317422,7,0.6375829952050868,0.8041374275937883
G2E:A28K:R59N:R97D,1.0002691192834896,7,0.7300424021142248,0.8707633936589909
G2E:A28K:R59N:V106M:V108Q,0.9265610575875016,7,0.6994898884593428,0.9196109138507998
G2E:A28K:R97D:T112E,1.0397057270980996,8,0.8702783482840271,1.0936231278246282
G2E:A28K:R97D:V106M:T112E,1.1402014106439888,8,0.9090336864440953,1.3044895511133647
G2E:A28K:R97D:V106M:V108Q,0.8759263433604237,9,0.8379319288477992,1.131681427958197
G2E:A28K:V106M:V108Q,0.9936580779073564,7,0.8241026122232401,1.0223154780810806
G2E:D60Q:D95Q,0.8387236389748611,9,0.8391187894750732,0.8961470141881241
G2E:D60Q:D95Q:R97D:T112E,0.9961681152994346,8,0.8685713285055374,1.2086427988922317
G2E:D60Q:I91C:D95Q:R97D,0.9961783632285868,9,0.8297965510054446,1.1248799933591374
G2E:D60Q:I91C:D95Q:V108Q,0.7910510634071615,7,0.7604886991904943,0.9301980740744331
G2E:D60Q:R97D,1.059023253653673,8,0.9146721961193133,1.0170620536944102
G2E:D60Q:R97D:V106M:V108Q,0.919158490373471,8,0.8979489990889904,1.2048020883599722
G2E:D60Q:V106M,1.054766068992259,8,0.9395982176548223,1.0551491603579266
G2E:D60Q:V106M:T112E,1.0371923321845105,7,0.9552214400607274,1.1634870162352775
G2E:D60Q:V106M:V108Q:T112E,0.9145365655998912,7,0.8997429048703363,1.2176066061063624
G2E:D60Q:V108Q:T112E,1.0183941237754304,7,0.860987566710268,1.052381705661755
G2E:D95Q:R97D:V108Q,0.819348424189935,8,0.7389598339088383,0.8125067939156123
G2E:D95Q:V106M:T112E,0.8050104745665934,7,0.8349876130406435,0.9974102728398908
G2E:D95Q:V106M:V108Q:T112E,0.8362287540337583,9,0.7795090778502524,1.0057929345462862
G2E:D95Q:V108Q:T112E,0.7395383886809884,9,0.7407537396901841,0.8378079555650926
G2E:G33T:D60Q:D95Q:V108Q,0.8337674571994352,8,0.84374564689965,1.0883023397359082
G2E:G33T:D60Q:I91C,0.9216161200018456,7,0.9377967170155342,1.163788838263864
G2E:G33T:D60Q:I91C:R97D,1.1161909363598743,9,0.9516260336400935,1.3315208272358523
G2E:G33T:D60Q:I91C:V106M,0.9813232955737794,7,0.9765520551756025,1.381080782727745
G2E:G33T:D60Q:I91C:V108Q,0.9283380239513982,7,0.8823181818251431,1.217925518466199
G2E:G33T:D60Q:R97D,1.007224636489573,7,0.9747775887342812,1.2116081800458625
G2E:G33T:D60Q:R97D:V106M,1.013180070129202,9,1.0135329268943494,1.4548473882608461
G2E:G33T:D95Q,0.8468291232234869,9,0.8407144450896381,0.9003826390546721
G2E:G33T:D95Q:R97D,0.9776755351916304,7,0.8545437617141973,1.0557738705424973
G2E:G33T:D95Q:R97D:V106M,0.9976926822113416,7,0.8932990998742656,1.3017731572940674
G2E:G33T:D95Q:V108Q,0.8112161228994378,9,0.7852359098992471,0.8889461862516642
G2E:G33T:I91C:D95Q:T112E,0.7759907940286417,8,0.8331861124013553,1.099792181315276
G2E:G33T:I91C:D95Q:V108Q,0.8709840629753038,9,0.7620843548050592,0.9701592546505844
G2E:G33T:I91C:R97D:V106M,1.0640581330033176,8,0.9318716347997587,1.3598595368790796
G2E:G33T:I91C:V108Q,0.9184905108053032,8,0.8238084448247401,1.002150908640463
G2E:G33T:I91C:V108Q:T112E,0.8440951482466227,7,0.8394316672306451,1.1462484878737875
G2E:G33T:Q46C:D60Q:I91C,0.7073980577839537,7,0.764506413913471,0.7756229533054818
G2E:G33T:Q46C:D60Q:R97D,0.7210041908522834,9,0.8014872856322179,0.8529778368885065
G2E:G33T:Q46C:D60Q:V108Q,0.7065542914896776,7,0.7321794338172676,0.7363004593253177
G2E:G33T:Q46C:D95Q:R97D,0.7529162865938729,7,0.681253458612134,0.6854583056510017
G2E:G33T:Q46C:D95Q:V106M,0.528713546617824,7,0.7061794801476431,0.6790803405361135
G2E:G33T:Q46C:I91C:D95Q,0.5921453488655476,7,0.6442725868933871,0.5619083959204173
G2E:G33T:Q46C:T112E,0.743532739126848,9,0.7447714544131607,0.7173060996930436
G2E:G33T:Q46C:V108Q,0.6321869578845716,8,0.6736696968168646,0.6054282274866343
G2E:G33T:Q46I:D60Q,0.8922440253042159,7,0.7855179696460868,0.8345647151190487
G2E:G33T:Q46I:D60Q:V106M,0.767875844735397,9,0.824273307806155,0.9322425824371938
G2E:G33T:Q46I:D95Q:R97D,0.7899548582275545,7,0.6791134592505621,0.6557443893626479
G2E:G33T:Q46I:D95Q:T112E,0.6620006205025836,8,0.6809073650319079,0.6672187241717018
G2E:G33T:Q46I:I91C,0.8116137744953303,8,0.703856677551496,0.7181852377082348
G2E:G33T:Q46I:I91C:R97D,0.7039390098273972,8,0.7176859941760552,0.7463808117846216
G2E:G33T:Q46I:I91C:V106M,0.830981191905766,8,0.7426120157115642,0.8294523202763254
G2E:G33T:Q46I:I91C:V108Q,0.5966108935200614,8,0.6483781423611048,0.6355588400996763
G2E:G33T:Q46I:R59N:D60Q,0.5929185903351712,7,0.6609052458821895,0.6278638160209747
G2E:G33T:Q46I:T112E,0.7522922299856127,9,0.7426314550515888,0.7876266696859006
G2E:G33T:Q46I:V106M:V108Q,0.7259731066584048,8,0.7102850356153609,0.7235895226019929
G2E:G33T:Q46I:V108Q:T112E,0.6549104451661938,9,0.6871529198611976,0.7207097910351549
G2E:G33T:Q46R:D60Q:D95Q,0.7320310427187243,9,0.886765556341581,0.8532131825571948
G2E:G33T:Q46R:D95Q:T112E,0.7086020080280178,9,0.8438790417470831,0.8090870422034355
G2E:G33T:Q46R:I91C,0.9462791658447672,9,0.8668283542666712,0.8388120004473836
G2E:G33T:Q46R:R59N:D95Q,0.4471071810785724,8,0.7036430955772808,0.41295879412598985
G2E:G33T:Q46R:R59N:I91C,0.4440421178911267,7,0.7422156305027738,0.5058261325895219
G2E:G33T:Q46R:R97D,0.8135947694410357,9,0.9038092259854181,0.8764000849068773
G2E:G33T:Q46R:R97D:V108Q,0.7657751313030259,7,0.848330690795027,0.7852075917093865
G2E:G33T:Q46R:V106M,0.882844900245505,7,0.9287352475209272,0.9398346737721208
G2E:G33T:Q46R:V108Q,0.8524793629921363,7,0.8345013741704679,0.7808366992239432
G2E:G33T:Q46V:D60Q:I91C,0.717909654844305,8,0.7846106650923839,0.8319408355437132
G2E:G33T:Q46V:D95Q:T112E,0.7616447685328367,9,0.7031516155723927,0.6808580749807424
G2E:G33T:Q46V:I91C:T112E,0.692957706408692,8,0.7417241504978858,0.7749665720203305
G2E:G33T:Q46V:I91C:V106M,0.7433632451468016,9,0.764856266252049,0.8257120390583598
G2E:G33T:Q46V:R59N:D60Q,0.5345019530414462,8,0.6831494964226743,0.5369417979327253
G2E:G33T:Q46V:R59N:I91C,0.3094585948030067,7,0.6014882043280836,0.34278160462321106
G2E:G33T:Q46V:R59N:V106M,0.2910027926370012,7,0.6633950975823396,0.45516983935950306
G2E:G33T:Q46V:R59N:V108Q,0.3298734235623667,7,0.5691612242318802,0.32601093597399233
G2E:G33T:Q46V:R97D,0.7429063608806193,7,0.7630817998107278,0.7428303304578018
G2E:G33T:Q46V:R97D:T112E,0.8065225485978536,8,0.7787050222166327,0.8374436611849897
G2E:G33T:Q46V:V106M,0.8174981564581175,7,0.7880078213462368,0.7902470539152014
G2E:G33T:Q46V:V106M:V108Q,0.6428243637974012,7,0.7325292861558458,0.736308207450017
G2E:G33T:R59N:D60Q,0.9968801079744034,9,0.8363355483458247,1.0219532862700387
G2E:G33T:R59N:I91C:D95Q,0.6385513111973677,7,0.692950166231553,0.7972280261522899
G2E:G33T:R59N:I91C:R97D,0.8345471698130735,8,0.7685035728757931,0.9545155889825117
G2E:G33T:R59N:I91C:T112E,0.810676689578051,9,0.7702974786571389,0.9637071143768613
G2E:G33T:R59N:T112E,0.897947080725193,7,0.7934490337513267,0.9331279709264103
G2E:G33T:R59N:V106M,0.8837454556699941,8,0.81658114950549,0.9388426207015133
G2E:G33T:R59N:V108Q:T112E,0.7576466421549649,9,0.7379704985609357,0.971072420835132
G2E:G33T:R97D:T112E,0.9168157616339148,7,0.9318910741397832,1.1463940056107975
G2E:G33T:R97D:V106M:T112E,1.0123745019457613,9,0.9706464122998515,1.3737857780203002
G2E:G33T:R97D:V106M:V108Q,0.847310036234103,8,0.8995446547035554,1.2121446210399656
G2E:G33T:T112E,0.9865954460963184,9,0.918061757515224,1.0170760198923723
G2E:G33T:V106M:T112E,0.7911577229172327,9,0.9568170956752923,1.1625006785746592
G2E:G33T:V106M:V108Q,1.0580494397071043,8,0.8857153380789962,1.0760746744223695
G2E:G33T:V108Q:T112E,0.9046444550510444,9,0.8625832223248329,1.0535764224451543
G2E:I91C:D95Q:V106M:V108Q,0.6629177452293756,8,0.7407343003501596,0.9603693035751639
G2E:I91C:D95Q:V108Q:T112E,0.6442563789510428,9,0.7176021845959963,0.8889000061750933
G2E:I91C:R97D,1.0234373874496845,9,0.8330109040247224,0.9143334484936033
G2E:I91C:V106M:T112E,1.013027800556799,8,0.8735601479661366,1.0563665951711485
G2E:I91C:V106M:V108Q,0.8237976354786518,9,0.8024583903698405,0.9739218849857639
G2E:I91C:V106M:V108Q:T112E,0.8380144658785866,8,0.8180816127757455,1.096976593275521
G2E:L3N:A28H,0.9795875242546568,7,0.8369749433818003,0.9109071106994973
G2E:L3N:A28H:D60Q:D95Q,0.7156282819192171,7,0.8337605903625225,1.0575216265139789
G2E:L3N:A28H:D95Q:R97D,0.789524959542861,8,0.7890801699866787,1.0162675071062128
G2E:L3N:A28H:D95Q:T112E,0.8255669008712021,9,0.7908740757680245,0.9864648657830786
G2E:L3N:A28H:G33T:Q46V,0.8334781376181182,9,0.7438942840736179,0.7825709440480798
G2E:L3N:A28H:G33T:R97D,0.9262394680725876,8,0.9109096526213275,1.1965371591604215
G2E:L3N:A28H:I91C:R97D,0.8690499143650963,7,0.8276527049121718,1.0746594263505378
G2E:L3N:A28H:Q46C,0.5963647627370455,9,0.6636846402797372,0.6268710978224623
G2E:L3N:A28H:Q46C:I91C,0.5723809079489295,9,0.6405330851855493,0.6028419060559943
G2E:L3N:A28H:Q46C:V106M,0.6855852856997048,9,0.7024399784398054,0.7098466866068833
G2E:L3N:A28H:Q46C:V108Q,0.6233547769694673,7,0.608206105089346,0.5563657183303983
G2E:L3N:A28H:Q46I,0.801250892129581,9,0.6615446409181651,0.611015959584716
G2E:L3N:A28H:Q46I:D95Q,0.4102331717926916,8,0.5998205508984843,0.4488862641546306
G2E:L3N:A28H:Q46I:R59N,0.5023989510154883,9,0.5369319171542679,0.3646873069213318
G2E:L3N:A28H:Q46R:D60Q,0.7954245300722557,7,0.8830260546337434,0.8648964736083646
G2E:L3N:A28H:Q46R:T112E,0.7385584917623589,9,0.8401395400392453,0.7769895372377091
G2E:L3N:A28H:Q46V,0.646567348494605,8,0.68378889145865,0.6424225508046933
G2E:L3N:A28H:Q46V:D95Q,0.5777784550749052,7,0.6220648014389691,0.5067043589547457
G2E:L3N:A28H:Q46V:R59N,0.3488681552319491,8,0.5591761676947526,0.3117715410053927
G2E:L3N:A28H:Q46V:R97D,0.5764831134176018,8,0.6976182080832092,0.6451702743031935
G2E:L3N:A28H:R59N:I91C,0.7471498621726045,7,0.6892106645237153,0.814949365236045
G2E:L3N:A28H:R97D,0.8470909026919533,7,0.8508042600063596,0.9803836756462363
G2E:L3N:A28H:R97D:V108Q,0.7497984539176503,7,0.7953257248159684,0.957538365629061
G2E:L3N:A28H:V106M:T112E,0.8649589231320209,8,0.8913535039477737,1.1681674492010599
G2E:L3N:A28H:V106M:V108Q,0.6841993345657782,9,0.8202517463514776,1.083055283115558
G2E:L3N:A28K:D60Q,0.9729228563781156,7,0.8518453156041774,1.083317380158024
G2E:L3N:A28K:D60Q:R97D,0.8389948089816813,9,0.8656746322287365,1.193853756236238
G2E:L3N:A28K:D60Q:V108Q,0.8631593368177252,9,0.7963667804137863,1.104834115423086
G2E:L3N:A28K:D95Q:V106M,0.8458660785603425,7,0.7703668267441618,1.0671314113028736
G2E:L3N:A28K:G33T,0.8019737908723762,7,0.8534409712187423,1.0851048922403188
G2E:L3N:A28K:G33T:D95Q,0.8376675632866879,8,0.7917168811990614,1.081996466441819
G2E:L3N:A28K:G33T:I91C,0.9585107673335588,7,0.8302894161245545,1.1877452512009725
G2E:L3N:A28K:G33T:Q46C,0.6521857481151607,7,0.680150668116679,0.7629890852768869
G2E:L3N:A28K:G33T:T112E,0.8541588192342666,8,0.8690641936246473,1.2154079403052138
G2E:L3N:A28K:Q46C:D95Q,0.5085427861639803,9,0.5583211854820302,0.5463977510495033
G2E:L3N:A28K:Q46C:I91C,0.6214551222953891,8,0.5968937204075233,0.6250753101357405
G2E:L3N:A28K:Q46C:T112E,0.6778495058038304,7,0.6356684979076161,0.6839241000850826
G2E:L3N:A28K:Q46I:T112E,0.6234467944817915,7,0.6335284985460441,0.7282536443008306
G2E:L3N:A28K:Q46I:V108Q,0.5149898208611744,8,0.5624267409497481,0.5743060303136037
G2E:L3N:A28K:Q46R:R59N,0.6159710176581914,7,0.656264229091417,0.5051902291906684
G2E:L3N:A28K:Q46R:R97D,0.6224580493280424,7,0.7947062694798736,0.7914266583056455
G2E:L3N:A28K:Q46V:D95Q,0.5906591632020131,8,0.5784254366609431,0.551171668583744
G2E:L3N:A28K:Q46V:I91C,0.7138847516162365,9,0.6169979715864362,0.6548291706767344
G2E:L3N:A28K:Q46V:R59N,0.3369385459301577,9,0.5155368029167267,0.36942885432700595
G2E:L3N:A28K:Q46V:V106M,0.5217835937814841,9,0.6789048648406922,0.7463198362722705
G2E:L3N:A28K:R59N:I91C,0.706201136912142,8,0.6455712997456893,0.8506972280578459
G2E:L3N:A28K:R59N:T112E,0.8144404965013328,7,0.6843460772457821,0.9394511193714159
G2E:L3N:A28K:R59N:V106M,0.8257007240763399,8,0.7074781929999454,0.9618470977413123
G2E:L3N:A28K:R97D:T112E,0.7132761403652609,9,0.8227881176342385,1.1194983448172677
G2E:L3N:A28K:V106M,1.0301205795174644,8,0.8320909167638426,1.0518007645220948
G2E:L3N:D60Q,1.0046200671409131,9,0.8533526488449655,0.9326574430784844
G2E:L3N:D60Q:D95Q:T112E,0.8440256769367662,7,0.8072517812311897,1.0188105072964362
G2E:L3N:D60Q:I91C:R97D,0.8352768011353526,9,0.844030410375337,1.1130418303918312
G2E:L3N:D60Q:I91C:T112E,0.9849410041477789,8,0.8458243161566827,1.0979564565688047
G2E:L3N:D60Q:I91C:V106M,0.9056537171068512,9,0.868956431910846,1.1792130029435002
G2E:L3N:D60Q:R97D:V108Q,0.8738671435676822,9,0.8117034302791336,1.00146313053361
G2E:L3N:D60Q:V106M,0.8328774297187378,7,0.8921079870050338,1.0722104135117727
G2E:L3N:D60Q:V106M:V108Q,0.9486299796515806,9,0.8366294518146428,1.1062701600978992
G2E:L3N:D60Q:V108Q,0.906783169806711,7,0.7978741136545745,0.9396297381541541
G2E:L3N:D60Q:V108Q:T112E,0.8607499699022179,8,0.8134973360604795,1.068824816048844
G2E:L3N:D95Q,0.7910199708810938,7,0.7331188218248816,0.7600715843759749
G2E:L3N:D95Q:T112E,0.8228167159473159,8,0.7487420442307867,0.8417059704151358
G2E:L3N:D95Q:V106M:V108Q,0.7211594793502957,7,0.7163956247945589,0.8907074517672865
G2E:L3N:D95Q:V108Q,0.6801804249212112,9,0.6776402866344906,0.7213069512869549
G2E:L3N:G33T,0.8982490353746854,9,0.8549483044595305,0.9089745987387149
G2E:L3N:G33T:I91C:R97D,0.9157205904420168,9,0.8456260659899019,1.1206071622576799
G2E:L3N:G33T:I91C:V106M,0.9715044362480516,7,0.8705520875254109,1.1890746598693163
G2E:L3N:G33T:Q46C,0.72918305742093,9,0.6816580013574671,0.6298909546360046
G2E:L3N:G33T:Q46C:I91C,0.608786957792434,7,0.6585064462632794,0.6320391034688385
G2E:L3N:G33T:Q46C:T112E,0.7391643662825739,8,0.6972812237633722,0.6826029381136638
G2E:L3N:G33T:Q46I:V106M,0.718844806390361,9,0.7182733401559634,0.7766293679859896
G2E:L3N:G33T:Q46R:D95Q,0.7153586596710427,9,0.7807655886913896,0.6701496925870384
G2E:L3N:G33T:Q46V:D95Q,0.6125832284035186,9,0.6400381625166992,0.5612100539718988
G2E:L3N:G33T:R59N:I91C,0.798404894897813,9,0.7071840256014454,0.8585321912050735
G2E:L3N:G33T:R97D:V106M,0.910496175211405,7,0.9075329592441579,1.2289613648627171
G2E:L3N:G33T:R97D:V108Q,0.682926385074453,9,0.8132990858936986,0.9922394350741638
G2E:L3N:G33T:V106M:T112E,0.7099625560328584,8,0.9093268650255037,1.1821776104767618
G2E:L3N:I91C:D95Q,0.7409148640588358,7,0.7099672667306939,0.7957316005304061
G2E:L3N:I91C:D95Q:V108Q,0.8113044648641449,9,0.6544887315403027,0.7768031722820393
G2E:L3N:I91C:V106M:T112E,0.7774108759517495,9,0.826069917316348,1.0841588479499322
G2E:L3N:I91C:V108Q,0.8092876620747532,8,0.7162128215599837,0.8250756839448055
G2E:L3N:I91C:V108Q:T112E,0.7805511979554283,9,0.7318360439658886,0.9334418904534356
G2E:L3N:Q46C:D60Q,0.5910259783041812,9,0.6800623457429023,0.642146711743388
G2E:L3N:Q46C:D60Q:D95Q,0.5387410541981681,8,0.6183382557232214,0.5331126450863972
G2E:L3N:Q46C:D60Q:I91C,0.6131749527052524,9,0.6569107906487145,0.6180375690587727
G2E:L3N:Q46C:D60Q:V108Q,0.6563776324904766,9,0.6245838105525112,0.5771037421964322
G2E:L3N:Q46C:D95Q:V106M,0.5176025650448178,7,0.5985838568828867,0.5396134332859923
G2E:L3N:Q46C:I91C:D95Q,0.4775981903895597,9,0.5366769636286306,0.4184437653209402
G2E:L3N:Q46C:I91C:T112E,0.652642189514587,7,0.6140242760542165,0.5521349324895095
G2E:L3N:Q46C:R59N:D95Q,0.2476929700936913,7,0.4352157949589211,0.1220632673397401
G2E:L3N:Q46C:R59N:T112E,0.3736874814730834,9,0.5125631073845069,0.28262214783575446
G2E:L3N:Q46C:V106M:V108Q,0.5787749409177166,8,0.6048294117121764,0.540267661904825
G2E:L3N:Q46C:V108Q:T112E,0.6075581325985572,9,0.5816972959580131,0.5172647590897397
G2E:L3N:Q46I:D60Q:D95Q,0.4921872979781818,8,0.6161982563616495,0.4907378666951934
G2E:L3N:Q46I:D60Q:R97D,0.5533399564221008,7,0.6917516630058895,0.6415083765162207
G2E:L3N:Q46I:D60Q:V106M,0.663837009499308,7,0.7166776845413986,0.7247540465449632
G2E:L3N:Q46I:D95Q:T112E,0.4678552697260356,8,0.5733117417671514,0.45983869325648885
G2E:L3N:Q46I:I91C,0.6458322247524672,8,0.5962610542867395,0.537100589786768
G2E:L3N:Q46I:I91C:R97D,0.4970685834207813,8,0.6100903709112987,0.5269658227488984
G2E:L3N:Q46I:R59N:D60Q,0.5208196871775406,9,0.553309622617433,0.44275767196780946
G2E:L3N:Q46I:R97D,0.6244561134126101,8,0.6332419260054865,0.5350018130627294
G2E:L3N:Q46I:R97D:T112E,0.517126158051778,7,0.6488651484113914,0.5940396267554741
G2E:L3N:Q46I:R97D:V106M,0.6180371445429561,8,0.6719972641655547,0.650497035327443
G2E:L3N:Q46I:R97D:V108Q,0.4124693766690789,8,0.5777633908150954,0.38085583517976895
G2E:L3N:Q46I:T112E,0.6397590270411503,9,0.6350358317868323,0.596527496443575
G2E:L3N:Q46R:D60Q:D95Q,0.7028536564947724,7,0.7791699330768247,0.6490174945400264
G2E:L3N:Q46R:D60Q:I91C,0.8603397294017007,8,0.8177424680023178,0.7684699236031254
G2E:L3N:Q46R:D60Q:V106M,0.9044956235730852,8,0.8796493612565738,0.8913903087934335
G2E:L3N:Q46R:D95Q:V108Q,0.6425041846879801,8,0.6651816608860306,0.44599135140468943
G2E:L3N:Q46R:I91C,0.7420383936054166,9,0.7592327310019147,0.6555819340193862
G2E:L3N:Q46R:I91C:R97D,0.7728359257668184,9,0.7730620476264739,0.6891907408688495
G2E:L3N:Q46R:I91C:T112E,0.7187308597694437,8,0.7748559534078198,0.6937816621743021
G2E:L3N:Q46R:I91C:V106M,0.8208238982981823,9,0.797988069161983,0.7820433364394427
G2E:L3N:Q46R:V106M,0.7000393457537755,9,0.8211396242561708,0.7606023306934795
G2E:L3N:Q46V:D60Q:V106M,0.7001846761008192,8,0.7389219350818834,0.7416758494912569
G2E:L3N:Q46V:D95Q:T112E,0.541318417195503,7,0.5955559923076363,0.4931008305088563
G2E:L3N:Q46V:I91C,0.6313984666129112,9,0.6185053048272243,0.549084417556829
G2E:L3N:Q46V:I91C:R97D,0.620006302092522,7,0.6323346214517835,0.5656963233629904
G2E:L3N:Q46V:R59N,0.4551370848827753,9,0.5170441361575149,0.2705114403039755
G2E:L3N:Q46V:R59N:D95Q,0.182709426527534,8,0.455320046137834,0.10809922428104252
G2E:L3N:Q46V:R59N:I91C,0.2957261500123055,9,0.49389258106332706,0.1819830109296563
G2E:L3N:Q46V:R59N:R97D,0.3173358742295267,9,0.530873452782074,0.23727214466010155
G2E:L3N:Q46V:R59N:V108Q,0.343896767543037,9,0.46156560096712373,0.16360100939826122
G2E:L3N:Q46V:V106M:V108Q,0.6209670312791575,9,0.6249336628910893,0.5515158890352205
G2E:L3N:Q46V:V108Q,0.5916193697072931,7,0.586178324731021,0.48700165153196545
G2E:L3N:Q46V:V108Q:T112E,0.5422797403468418,8,0.601801547136926,0.5305693756526169
G2E:L3N:R4D,1.0844053551000723,8,0.9391326746134893,1.045128276015061
G2E:L3N:R4D:A28H,1.0499082472408543,7,0.9812647061507271,1.2260830926988426
G2E:L3N:R4D:A28H:D60Q,1.2497648317806551,8,1.03977444315113,1.4979599252173688
G2E:L3N:R4D:A28H:R97D,1.1018467693498613,9,0.9950940227752862,1.359770611313149
G2E:L3N:R4D:A28H:T112E,0.9795965247252234,8,0.9968879285566321,1.3876635682298064
G2E:L3N:R4D:A28H:V108Q,0.9577525305346722,9,0.925786170960336,1.2941499547387256
G2E:L3N:R4D:A28K:Q46V,0.8662999055641621,9,0.7844392894495507,0.9774218740946962
G2E:L3N:R4D:A28K:T112E,0.8890988949922748,7,0.9532485637786061,1.3827730507773985
G2E:L3N:R4D:D60Q:R97D,1.0108278703731508,7,1.0114717282384516,1.4153495074808928
G2E:L3N:R4D:D95Q,0.8214887952407277,9,0.8774085845938083,1.0553847072068157
G2E:L3N:R4D:D95Q:R97D,0.9838143784203648,7,0.8912379012183675,1.236656551247952
G2E:L3N:R4D:G33T,0.9325631856115564,7,0.9992380672284571,1.2230830253266327
G2E:L3N:R4D:G33T:Q46C,0.7632177933336916,9,0.8259477641263939,0.9209296745151707
G2E:L3N:R4D:G33T:Q46V,0.9590904535651542,8,0.8460520153053067,0.9858903145293383
G2E:L3N:R4D:G33T:V106M,1.054201569336646,9,1.0379934053885254,1.443750672781593
G2E:L3N:R4D:G33T:V108Q,1.0256457142808608,7,0.9437595320380661,1.3060805615037783
G2E:L3N:R4D:I91C:D95Q,0.8058188979704021,9,0.8542570294996206,1.1530515419767855
G2E:L3N:R4D:I91C:V108Q,0.8871023084257138,8,0.8605025843289104,1.1936068680945409
G2E:L3N:R4D:Q46C:D95Q,0.6708828674475854,9,0.704118281491745,0.7301190474288277
G2E:L3N:R4D:Q46I:D60Q,0.8740452373338397,7,0.822212109150257,1.013731615377759
G2E:L3N:R4D:Q46I:T112E,0.9804225252565384,7,0.779325594555759,0.9435928456823922
G2E:L3N:R4D:Q46I:V108Q,0.8718699746957954,8,0.7082238369594629,0.7977270121189242
G2E:L3N:R4D:Q46R:V106M,0.8983596949991058,7,0.9654293870250974,1.0650534999146566
G2E:L3N:R4D:Q46R:V108Q,0.9743145196590288,7,0.8711955136746381,0.8931759787707331
G2E:L3N:R4D:Q46V,0.796938833509174,9,0.7859466226903389,0.8328888701970643
G2E:L3N:R4D:Q46V:V106M,0.8622335920194014,9,0.8247019608504071,0.9441431234633973
G2E:L3N:R4D:R59N:D95Q,1.085242020643957,9,0.7527958608299111,0.9857324111753477
G2E:L3N:R4D:R59N:T112E,1.0363920799188096,9,0.8301431732554969,1.1404104248375628
G2E:L3N:R4D:T6H,0.8675203303188433,8,0.8686120697451769,1.2088688589506442
G2E:L3N:R4D:T6H:A28K,0.9625704487780224,8,0.8671047365043887,1.450822561713195
G2E:L3N:R4D:T6H:D60Q,1.0492136990798235,9,0.92712180674558,1.4975999815508296
G2E:L3N:R4D:T6H:D95Q,0.9277696926262614,7,0.8068879797254961,1.2536525649149195
G2E:L3N:R4D:T6H:G33T,0.9963288374464604,7,0.9287174623601449,1.4616442347121241
G2E:L3N:R4D:T6H:Q46R,0.8856112784330765,9,0.8561534439967169,1.0595729397978486
G2E:L3N:R4D:T6H:T112E,0.9718758822084462,9,0.8842352921510819,1.410452704622267
G2E:L3N:R4D:T6H:V106M,1.086120371779589,8,0.9073674079052452,1.4576189185631987
G2E:L3N:R4D:T6S,1.291723470979348,9,1.1314416882672416,1.3718601810183302
G2E:L3N:R4D:T6S:A28K,1.1924373037505214,7,1.1299343550264533,1.595689841411959
G2E:L3N:R4D:T6S:D60Q,1.3558798280754092,8,1.1899514252676446,1.6786834137071514
G2E:L3N:R4D:T6S:I91C,1.0529285975692746,9,1.1082901331730537,1.5153954697892262
G2E:L3N:R4D:T6S:Q46R,1.1238703625037487,8,1.1189830625187815,1.2712326102005838
G2E:L3N:R4D:T6S:R59N,1.368778455054051,7,1.0068289645033444,1.3650496664649252
G2E:L3N:R4D:T6S:V106M,1.202719853669847,7,1.1701970264273098,1.6080493385409584
G2E:L3N:R4D:T6S:V108Q,1.201737605159076,7,1.0759631530768505,1.462930856395279
G2E:L3N:R4D:V106M:T112E,1.0823552479154166,7,0.9935112351794625,1.3692690124132152
G2E:L3N:R4D:V108Q:T112E,0.8395346843166991,7,0.8992773618290031,1.2474652096879644
G2E:L3N:R59N:D60Q:D95Q,0.756283967593445,8,0.6670158350613874,0.808553539434438
G2E:L3N:R59N:D60Q:I91C,0.7373255191478532,9,0.7055883699868805,0.8769107680467806
G2E:L3N:R59N:D60Q:V106M,0.8965595275169845,9,0.7674952632411366,0.998168458880514
G2E:L3N:R59N:D60Q:V108Q,0.9433495750482088,7,0.6732613898906772,0.876601088160304
G2E:L3N:R59N:I91C:D95Q,0.6237932384715142,7,0.5853545429667966,0.6318633918543426
G2E:L3N:R59N:V108Q:T112E,0.7351442041554623,9,0.6303748752961792,0.7846459386032012
G2E:L3N:R97D:T112E,0.8081705814909326,7,0.8242954508750268,0.9483020947660371
G2E:L3N:T6H:A28H:D95Q,0.8222894356783821,8,0.7047302484938072,1.0499207971162074
G2E:L3N:T6H:A28H:R59N,0.8822516830695116,9,0.6418416147495908,0.974469502723132
G2E:L3N:T6H:A28H:R97D,0.9039937121186474,7,0.7802836551380472,1.1784075523046023
G2E:L3N:T6H:A28H:T112E,1.0178803727446444,8,0.7820775609193931,1.218545309314064
G2E:L3N:T6H:A28K:D60Q,0.8403681397401438,9,0.7813247107358651,1.3033729214619085
G2E:L3N:T6H:A28K:Q46R,0.7188468665928602,7,0.710356347987002,0.9028771088755589
G2E:L3N:T6H:A28K:V108Q,0.7659175313546867,8,0.667336438545071,1.1107341119093121
G2E:L3N:T6H:D60Q,0.9734663767378277,7,0.7828320439766532,1.0912729064563849
G2E:L3N:T6H:D60Q:I91C,0.9028125038218822,7,0.7596804888824654,1.2040890731290201
G2E:L3N:T6H:D60Q:R97D,0.96356828672944,7,0.7966613606012124,1.2299495870080221
G2E:L3N:T6H:D60Q:V108Q,0.8366043410637387,7,0.7273535087862621,1.1481763323474636
G2E:L3N:T6H:D95Q:R97D,0.8211282052981496,7,0.6764275335811285,1.0538538735952963
G2E:L3N:T6H:D95Q:V106M,0.8642966256618752,9,0.7013535551166377,1.104418195799055
G2E:L3N:T6H:D95Q:V108Q,0.6796420602812899,9,0.6071196817661783,0.8954713879236715
G2E:L3N:T6H:G33T:D60Q,0.9043249097188344,8,0.8429374365916211,1.3265436434131286
G2E:L3N:T6H:G33T:T112E,0.8173446817042213,8,0.8000509219971231,1.2482570000481568
G2E:L3N:T6H:G33T:V108Q,0.8235588298179479,7,0.728949164400827,1.1398729463206427
G2E:L3N:T6H:I91C,0.8250662960253613,8,0.7011707518820625,0.9831524389016557
G2E:L3N:T6H:I91C:D95Q,0.743829071017914,9,0.6394466618623815,0.9817983335687341
G2E:L3N:T6H:I91C:T112E,0.8257299454145299,7,0.7167939742879674,1.130949032786631
G2E:L3N:T6H:Q46C:D95Q,0.5202539794966835,9,0.48930791385450606,0.5307175340007231
G2E:L3N:T6H:Q46C:I91C,0.6316504961877428,8,0.5278804487799992,0.6265301540761063
G2E:L3N:T6H:Q46C:T112E,0.6941640112782314,7,0.5666552262800919,0.6933985405418698
G2E:L3N:T6H:Q46R:D60Q,0.8049012710372586,8,0.7703734182281932,0.9121814616663108
G2E:L3N:T6H:Q46R:V108Q,0.7301597379628687,9,0.6563851460373991,0.710680338443053
G2E:L3N:T6H:Q46V,0.6560723797538601,9,0.5711362550530998,0.6111460281499249
G2E:L3N:T6H:Q46V:D60Q,0.654642365273539,8,0.6296459920535028,0.746517759457711
G2E:L3N:T6H:R59N:T112E,0.860702913603136,9,0.615332805618258,0.9615021382934887
G2E:L3N:T6H:R59N:V106M,0.8038557274637113,8,0.6384649213724212,0.984053182195893
G2E:L3N:T6H:R97D,0.8646377991390758,8,0.7381516236008094,0.9874826983872782
G2E:L3N:T6H:V106M:V108Q,1.0612167541172737,8,0.7075991099459273,1.1204345915721616
G2E:L3N:T6H:V108Q:T112E,0.81721867701212,9,0.6844669941917642,1.081099945467645
G2E:L3N:T6S,0.9233107188366158,9,0.9871519254983149,1.073959864037733
G2E:L3N:T6S:A28H:D60Q,1.0655734757362791,9,1.0877936940359558,1.5253049338412825
G2E:L3N:T6S:A28H:D95Q,1.0034478314459592,9,0.9675598670158718,1.274357976740101
G2E:L3N:T6S:A28H:Q46V,0.9379287938165016,7,0.8760979051124024,0.9976810078087728
G2E:L3N:T6S:A28K:D95Q,0.7201921171154463,8,0.9239205022378458,1.2603965344261232
G2E:L3N:T6S:A28K:I91C,0.847878153519613,7,0.9624930371633389,1.3405297438089927
G2E:L3N:T6S:A28K:Q46C,0.9095916286777768,7,0.8123542891554635,0.9417772775852236
G2E:L3N:T6S:A28K:Q46I,0.7076476405009997,7,0.8102142897938914,1.0354833820361418
G2E:L3N:T6S:A28K:R59N,1.0307309498177537,7,0.8610318684936294,1.1934042244962888
G2E:L3N:T6S:D60Q:I91C,1.2153456692288371,8,1.0225101074045302,1.3945170785090908
G2E:L3N:T6S:D95Q:T112E,0.9956639372809976,7,0.941051057884539,1.237051372416053
G2E:L3N:T6S:G33T:D95Q,0.9007986967341368,7,0.985533228093602,1.2800028708403872
G2E:L3N:T6S:G33T:I91C,1.015509261099359,8,1.024105763019095,1.3740012858118291
G2E:L3N:T6S:G33T:Q46R,0.99883696478607,9,1.0347986923648227,1.1374373730458118
G2E:L3N:T6S:G33T:V106M,0.8596940362119899,8,1.086012656273351,1.4537644126524671
G2E:L3N:T6S:I91C,0.960544016764812,9,0.9640003704041271,1.1554883341930906
G2E:L3N:T6S:I91C:R97D,1.0069714232509608,9,0.9778296870286863,1.3089379088377633
G2E:L3N:T6S:I91C:V108Q,0.8944367170999449,9,0.9085218352137361,1.199838237501371
G2E:L3N:T6S:Q46C:D60Q,1.0207831453618312,8,0.8723713593966547,0.9792947251465809
G2E:L3N:T6S:Q46C:R97D,0.7393023408895912,7,0.8276909390208108,0.8898485327925625
G2E:L3N:T6S:Q46C:T112E,0.8947879183052113,8,0.8294848448021567,0.9001450425423559
G2E:L3N:T6S:Q46C:V108Q,0.6919409986555486,9,0.7583830872058606,0.7776667926626348
G2E:L3N:T6S:Q46I:R59N,0.886021522156511,7,0.6871088992707823,0.6906299700266127
G2E:L3N:T6S:Q46I:V106M,0.8221916143555115,7,0.8504769611947479,0.9897320771302531
G2E:L3N:T6S:Q46R:T112E,1.0060871362599637,9,0.9903165221557598,1.0700995582249708
G2E:L3N:T6S:Q46V,1.0441094303203389,8,0.8339658735751645,0.8715689806569633
G2E:L3N:T6S:Q46V:D60Q,0.897555792874335,7,0.8924756105755676,1.0250328220533853
G2E:L3N:T6S:Q46V:I91C,0.8514547658217756,8,0.8108143184809767,0.8803736453298683
G2E:L3N:T6S:Q46V:T112E,0.822650912112806,7,0.8495890959810695,0.9494817510904656
G2E:L3N:T6S:R59N,0.983555680534812,9,0.8625392017344177,1.0151901539772616
G2E:L3N:T6S:R59N:D60Q,0.9410687230034344,8,0.9210489387348206,1.2641729531235484
G2E:L3N:T6S:R59N:T112E,1.357972289133198,8,0.8781624241403226,1.152907104068913
G2E:L3N:T6S:R97D:V106M,1.120521543817359,9,1.0397365802829424,1.4285251823281746
G2E:L3N:T6S:R97D:V108Q,0.8250895675738087,9,0.945502706932483,1.1843548816717564
G2E:L3N:T6S:V106M,1.0019060769055828,9,1.0259072636583833,1.236321554286826
G2E:L3N:V106M:T112E,0.7469689908204699,9,0.8492214724105358,0.9810199847896751
G2E:L3N:V106M:V108Q,0.8880397739316118,8,0.7781197148142397,0.9029971730760675
G2E:Q46C:D60Q:T112E,0.7065653393658661,9,0.7431757987985959,0.7141525598694123
G2E:Q46C:D60Q:V108Q:T112E,0.608937908338529,7,0.6876972636082047,0.6691694336074148
G2E:Q46C:D95Q:R97D:T112E,0.6787404957045138,9,0.6367712884030712,0.6432735797407285
G2E:Q46C:D95Q:V106M:V108Q,0.4918150248655369,8,0.5905955523422841,0.465519231306708
G2E:Q46C:I91C:D95Q:T112E,0.5522183962675842,9,0.5997904166843242,0.4897944798324173
G2E:Q46C:I91C:R97D:V106M,0.6592073376856228,9,0.6984759390827275,0.7364629315178359
G2E:Q46C:I91C:R97D:V108Q,0.4762934755407809,7,0.6042420657322681,0.4715339625429191
G2E:Q46C:I91C:V106M,0.5991034342627743,9,0.6846466224581683,0.6294328550526689
G2E:Q46C:I91C:V106M:T112E,0.6524093811342603,8,0.7002698448640733,0.6698741903856829
G2E:Q46C:I91C:V108Q,0.5745399879399571,7,0.5904127491077089,0.47082619495270406
G2E:Q46C:I91C:V108Q:T112E,0.546041870594785,8,0.6060359715136139,0.5202300551634982
G2E:Q46C:R59N:D60Q:T112E,0.3536890806467396,9,0.6185630750346985,0.43695666249437276
G2E:Q46C:R59N:I91C,0.2121479287729433,9,0.5212785605342027,0.19525470401842088
G2E:Q46C:R59N:I91C:R97D,0.1923332823878577,9,0.5351078771587618,0.2136795256368766
G2E:Q46C:R59N:I91C:V108Q,0.2326578161514912,9,0.46580002534381165,0.10266030954718419
G2E:Q46C:R59N:R97D:T112E,0.2838384696325194,8,0.5738826546588547,0.34615785302480584
G2E:Q46C:R59N:V108Q:T112E,0.4170693503423944,8,0.5045748028439044,0.24320125854315738
G2E:Q46C:R97D:V106M,0.7256714551527235,7,0.7216274941769153,0.7109409004293167
G2E:Q46C:R97D:V106M:T112E,0.7504603958241828,8,0.7372507165828203,0.7815752735041573
G2E:Q46C:T112E,0.6831969086967676,8,0.6846660617981928,0.6317667324718595
G2E:Q46C:V106M:V108Q,0.5377885187100616,9,0.652319642361965,0.5603366891373167
G2E:Q46C:V106M:V108Q:T112E,0.4864384754250497,8,0.66794286476787,0.6156568283303152
G2E:Q46I:D60Q:D95Q:V108Q,0.3339875774282424,9,0.6082099518210469,0.3970000930691955
G2E:Q46I:D60Q:R97D,0.6271585574518596,8,0.739241893655678,0.6698419399222554
G2E:Q46I:D60Q:T112E,0.8354001638883789,7,0.7410357994370238,0.7276292610619961
G2E:Q46I:D60Q:V108Q,0.6213236195907197,8,0.6699340418407278,0.5779194442232115
G2E:Q46I:D95Q:R97D:T112E,0.5515709830827344,7,0.6346312890414991,0.5664868981121712
G2E:Q46I:I91C,0.7606415737136709,9,0.6437512849365281,0.579319294884669
G2E:Q46I:I91C:D95Q,0.4091572818932272,8,0.5820271949168472,0.4118868083282854
G2E:Q46I:I91C:D95Q:V106M,0.4898542050030706,8,0.6207825330769154,0.5186267596848255
G2E:Q46I:I91C:T112E,0.6880431047218675,8,0.6593745073424331,0.5962693736960278
G2E:Q46I:I91C:V106M,0.7037913881757241,7,0.6825066230965964,0.6408685329784556
G2E:Q46I:R59N:D60Q:V106M,0.4205687863821035,8,0.6395551914272899,0.508008500308023
G2E:Q46I:R59N:D60Q:V108Q,0.3237418598611433,8,0.5453213180768305,0.35913091546022474
G2E:Q46I:R59N:I91C:D95Q,0.1974583637046684,8,0.4574144711529499,0.09225872088308512
G2E:Q46I:R59N:I91C:R97D,0.2516309384448367,9,0.53296787779719,0.25285094825336474
G2E:Q46I:R59N:I91C:V106M,0.2036210743423872,7,0.5578938993326991,0.33432528140029216
G2E:Q46I:R59N:I91C:V108Q,0.2238225964993153,9,0.46366002598223965,0.1583488895358358
G2E:Q46I:R59N:R97D:T112E,0.3484828530968825,8,0.5717426552972827,0.39103047979012784
G2E:Q46I:R59N:R97D:V106M,0.3413080505871604,7,0.5948747710514459,0.4061419905917104
G2E:Q46I:R59N:V106M,0.4001407205325716,7,0.5810454544268868,0.39688228952964455
G2E:Q46I:R97D,0.6881584679097373,7,0.680732156655275,0.5895701643069512
G2E:Q46I:R97D:V106M:V108Q,0.3615886492006754,7,0.6640089596249522,0.5345222592658294
G2E:Q46I:R97D:V108Q,0.4049335179364761,9,0.625253621464884,0.41993830591048287
G2E:Q46I:V106M:V108Q,0.6213627472288262,7,0.650179643000393,0.5429796122320043
G2E:Q46R:D60Q:D95Q:R97D,0.8356878387391555,8,0.8404894803511723,0.7965992279512327
G2E:Q46R:D60Q:I91C,0.7929436679496082,9,0.8652326986521063,0.8007829433066347
G2E:Q46R:D60Q:I91C:T112E,0.7243504521537819,8,0.8808559210580112,0.8685837656465328
G2E:Q46R:D60Q:I91C:V108Q,0.649273475475223,9,0.8097541634617151,0.7443135859053795
G2E:Q46R:D60Q:R97D,0.9539602687587716,9,0.9022135703708533,0.8596374345954083
G2E:Q46R:D60Q:R97D:T112E,0.8021550149443738,8,0.9178367927767582,0.9576312946771329
G2E:Q46R:D60Q:R97D:V106M,0.900822670120226,9,0.9409689085309215,1.0264780150729107
G2E:Q46R:D95Q,0.737883997730376,7,0.7681504267262101,0.625696076152454
G2E:Q46R:D95Q:R97D,0.7443392704886082,9,0.7819797433507694,0.6803035819438412
G2E:Q46R:D95Q:R97D:T112E,0.7441483357667338,8,0.7976029657566743,0.766282473968503
G2E:Q46R:D95Q:R97D:V106M,0.757298540069074,9,0.8207350815108376,0.8499042409579299
G2E:Q46R:D95Q:V106M:T112E,0.6952602524786788,8,0.8225289872921835,0.7750317547043669
G2E:Q46R:D95Q:V106M:V108Q,0.5158887764863823,9,0.7514272296958874,0.6183745825431863
G2E:Q46R:I91C:D95Q:V106M,0.6877201967493954,7,0.7837542097920907,0.7189074597704936
G2E:Q46R:I91C:R97D:T112E,0.6952205907842146,9,0.8361755006821674,0.812182092928966
G2E:Q46R:I91C:V106M:T112E,0.7573037708638799,7,0.8611015222176766,0.8654806534973579
G2E:Q46R:I91C:V108Q,0.7639715729327201,8,0.7512444264613122,0.6243145875524619
G2E:Q46R:R59N:D60Q:V108Q,0.3557895805134426,9,0.7082929947920057,0.49126459006348283
G2E:Q46R:R59N:D95Q:V106M,0.3679378624802072,9,0.6822930411223811,0.376845443268167
G2E:Q46R:R59N:I91C:D95Q,0.2101604137707135,7,0.6203861478681251,0.20608242648028785
G2E:Q46R:R59N:I91C:V106M,0.4254789740940787,8,0.7208655760478743,0.45650562140113216
G2E:Q46R:R59N:R97D:T112E,0.4881211233032408,9,0.734714332012458,0.5127256955616314
G2E:Q46R:R59N:T112E,0.5412929821216188,7,0.7208850153878987,0.49082957665913984
G2E:Q46R:R59N:V108Q,0.4601826757877072,8,0.6497832577916026,0.36131153688027834
G2E:Q46R:R59N:V108Q:T112E,0.554536065308332,7,0.6654064801975077,0.41816798896427143
G2E:Q46R:R97D:T112E,0.7563489653044817,7,0.8593270557763553,0.8079520472136599
G2E:Q46R:R97D:V106M:T112E,0.831353075803749,7,0.8980823939364235,0.9589451918856812
G2E:Q46R:V106M:T112E,0.781270491296454,9,0.8842530773118643,0.8484438181364783
G2E:Q46V:D60Q:D95Q:R97D,0.6319491430813593,8,0.699762054176482,0.6509788074209246
G2E:Q46V:D60Q:D95Q:V106M,0.6109701930747958,8,0.7246880757119911,0.6643567156314022
G2E:Q46V:D60Q:D95Q:V108Q,0.4541402706815642,8,0.6304542023615317,0.46442160834438795
G2E:Q46V:D60Q:I91C:R97D,0.5874288167759959,9,0.738334589101975,0.7125632239679066
G2E:Q46V:D60Q:I91C:V108Q,0.610924536943705,9,0.6690267372870248,0.5919535044085157
G2E:Q46V:D60Q:R97D,0.7262608893821199,9,0.7614861441961629,0.7161623199877708
G2E:Q46V:D60Q:R97D:V106M,0.7774742619197524,9,0.8002414823562312,0.8499881340141275
G2E:Q46V:D60Q:V108Q,0.7099901211707143,7,0.6921782923812125,0.618929455918266
G2E:Q46V:D95Q,0.6535923222230419,9,0.6274230005515198,0.5189676010605622
G2E:Q46V:D95Q:R97D,0.6635494212881321,9,0.641252317176079,0.5565782058086475
G2E:Q46V:D95Q:R97D:V106M,0.7935442370739607,9,0.6800076553361473,0.6931640983715904
G2E:Q46V:D95Q:R97D:V108Q,0.414595883961865,7,0.5857737819856879,0.39599152032842544
G2E:Q46V:D95Q:T112E,0.7284161927775935,8,0.6430462229574248,0.5445757275106667
G2E:Q46V:D95Q:V106M:V108Q,0.4691006907638873,7,0.610699803521197,0.4644423410742613
G2E:Q46V:D95Q:V108Q,0.4228424494254269,9,0.5719444653611288,0.3827361107280768
G2E:Q46V:I91C:D95Q:R97D,0.5794238846091253,9,0.6181007620818912,0.5376563864876
G2E:Q46V:I91C:D95Q:T112E,0.4418745496838023,8,0.6198946678632371,0.5031077677975616
G2E:Q46V:I91C:D95Q:V106M,0.5261526556665225,7,0.6430267836174003,0.5674713502208153
G2E:Q46V:I91C:T112E,0.6902765369414451,9,0.6816187578829179,0.6146479275063286
G2E:Q46V:I91C:V108Q,0.6457094488547677,8,0.6105170002866218,0.4938495504507125
G2E:Q46V:I91C:V108Q:T112E,0.6220771849605384,9,0.6261402226925268,0.5461894973702864
G2E:Q46V:R59N:D60Q,0.4599575985224827,7,0.6230441038077064,0.4048690848312193
G2E:Q46V:R59N:D60Q:V106M,0.3876475102003484,7,0.6617994419677746,0.4471585278488911
G2E:Q46V:R59N:D95Q:R97D,0.3022557666574192,9,0.5166395934121817,0.18824633724556422
G2E:Q46V:R59N:D95Q:T112E,0.2154303787761445,8,0.5184334991935275,0.19855461727573137
G2E:Q46V:R59N:D95Q:V108Q,0.1492734746220978,9,0.44733174159723144,0.022486430640428767
G2E:Q46V:R59N:I91C:V106M,0.1716190801566097,8,0.5801381498731839,0.27243601122022776
G2E:Q46V:R59N:R97D:V106M,0.3581664647828099,8,0.6171190215919309,0.3660220548480967
G2E:Q46V:R59N:V108Q:T112E,0.2700414949277509,9,0.5246790540228172,0.25510620542101714
G2E:Q46V:R97D:V106M:T112E,0.7030741206278156,9,0.7573549677617332,0.7948395473277635
G2E:Q46V:R97D:V108Q:T112E,0.5316720643295965,7,0.6631210944112738,0.5642113389824559
G2E:Q46V:T112E,0.8110468889329855,7,0.7047703129771057,0.6653238101282025
G2E:Q46V:V106M:T112E,0.7827276463426701,9,0.743525651137174,0.7013350746218624
G2E:Q46V:V106M:V108Q,0.5967230427010325,8,0.6724238935408778,0.5818716652538458
G2E:R4D:A28H:D60Q,1.2638759041394507,9,1.0872646738009186,1.4511258014182067
G2E:R4D:A28H:D60Q:R97D,1.1810821328230163,9,1.1010939904254777,1.6181527764586001
G2E:R4D:A28H:D60Q:V106M,1.3074462029551304,9,1.1260200119609869,1.6829360187731273
G2E:R4D:A28H:D60Q:V108Q,1.2126120419478763,9,1.0317861386105276,1.5370525795519479
G2E:R4D:A28H:D95Q:V106M,0.8919393927895995,7,1.005786184940903,1.4438796318350209
G2E:R4D:A28H:G33T,1.2689063879986249,7,1.0888603294154835,1.4277707234767096
G2E:R4D:A28H:G33T:Q46I,1.0549169479706313,7,0.9134300269518483,1.1918609647625624
G2E:R4D:A28H:G33T:Q46R,1.1394613482550209,8,1.0764017036670235,1.2654869361054542
G2E:R4D:A28H:G33T:R59N,1.3044224183239337,9,0.9642476056515863,1.3743029324995055
G2E:R4D:A28H:G33T:V106M,1.3613771334975635,9,1.1276156675755518,1.666868150579767
G2E:R4D:A28H:G33T:V108Q,1.2852800582724684,9,1.0333817942250925,1.523165765802605
G2E:R4D:A28H:I91C:T112E,1.0492788067492158,7,1.0212266041122329,1.463834873733489
G2E:R4D:A28H:Q46C:I91C,0.9034381109377468,8,0.8323130786042645,0.9376659467392439
G2E:R4D:A28H:Q46C:T112E,0.9048754136664142,9,0.8710878561043573,1.0273775394468667
G2E:R4D:A28H:Q46C:V106M,0.8171921240598852,8,0.8942199718585206,1.0535637458518712
G2E:R4D:A28H:Q46I,0.9702467107754243,8,0.8533246343368803,0.9683539348292002
G2E:R4D:A28H:Q46I:I91C,0.8223021133080245,8,0.8301730792426926,0.978651209604902
G2E:R4D:A28H:Q46I:T112E,0.9893835037111826,9,0.8689478567427854,1.074064006461359
G2E:R4D:A28H:Q46I:V106M,0.9164581810429856,8,0.8920799724969486,1.0941392902883305
G2E:R4D:A28H:Q46R,1.09094387420115,7,1.0162963110520555,1.056163590109357
G2E:R4D:A28H:Q46R:D95Q,0.940787174823686,8,0.9545722210323747,0.9674656553774581
G2E:R4D:A28H:Q46R:I91C,1.0336650558266818,7,0.9931447559578678,1.08313107129928
G2E:R4D:A28H:Q46R:R59N,0.8764640864512611,9,0.8916835872881583,0.7980556375655818
G2E:R4D:A28H:Q46V:I91C,0.9593278053109812,7,0.8524173297831774,0.9865072838527077
G2E:R4D:A28H:Q46V:T112E,0.992005539375868,8,0.8911921072832703,1.076786886611333
G2E:R4D:A28H:Q46V:V108Q,0.8480406696940843,9,0.8200903496869741,0.9418326754658431
G2E:R4D:A28H:R59N:T112E,1.1532983607876628,9,0.9197654354425233,1.3038426843398676
G2E:R4D:A28H:R97D:T112E,1.1668354429472627,7,1.0582074758309798,1.526995567246642
G2E:R4D:A28H:R97D:V106M,1.2560860978170458,8,1.081339591585143,1.5977965275308978
G2E:R4D:A28H:T112E,1.0534519481540816,7,1.0443781592064205,1.355169535129272
G2E:R4D:A28H:V108Q:T112E,1.170785161296613,9,0.9888996240160295,1.4432962404541134
G2E:R4D:A28K,1.1664815618862467,7,0.9851155720224896,1.201800431674673
G2E:R4D:A28K:D60Q:V108Q,1.3360647740860747,8,0.9881467738325015,1.502310056776723
G2E:R4D:A28K:D95Q:R97D,0.94214591410837,8,0.937220798627368,1.4097135048029892
G2E:R4D:A28K:D95Q:T112E,1.1218842501340935,7,0.9390147044087137,1.3915325924417665
G2E:R4D:A28K:G33T:Q46R,1.2085536070140812,7,1.0327623388889975,1.3019411840850972
G2E:R4D:A28K:G33T:V106M,1.3722438362327192,8,1.0839763027975258,1.6484660813583882
G2E:R4D:A28K:I91C:R97D,1.1310397714613405,7,0.975793333552861,1.4497666264956426
G2E:R4D:A28K:Q46C,0.9921644159287712,7,0.8118252689204263,0.9319409356088615
G2E:R4D:A28K:Q46C:V106M,0.8965424120249882,9,0.8505806070804945,1.0475092665326105
G2E:R4D:A28K:Q46I:D95Q,0.889884080024726,8,0.7479611795391735,0.9265627615518356
G2E:R4D:A28K:Q46I:V106M,0.9617460293720266,7,0.8484406077189226,1.1451775510235334
G2E:R4D:A28K:Q46R:D95Q,0.91154699071935,9,0.9109328562543487,1.0165919483086592
G2E:R4D:A28K:Q46R:T112E,1.2105895333625414,9,0.9882801686799345,1.2047162757637646
G2E:R4D:A28K:Q46V:D95Q,0.8763337055114014,9,0.7702054300796584,0.9105945918187208
G2E:R4D:A28K:R59N:I91C,1.03748552950411,9,0.8373512931644045,1.2057117052646846
G2E:R4D:A28K:R59N:T112E,0.9673445495646112,8,0.8761260706644973,1.320089342871852
G2E:R4D:A28K:R97D,1.1415548766671917,9,0.9989448886470488,1.3177654166398778
G2E:R4D:A28K:R97D:V106M,1.0396012315874237,9,1.0377002268071172,1.5758761082814634
G2E:R4D:A28K:T112E,1.0471047821853798,8,1.0007387944283945,1.3470368844608847
G2E:R4D:A28K:V106M,0.9411236310874346,7,1.0238709101825578,1.3779440095890432
G2E:R4D:D60Q,1.300538716696242,8,1.0451326422636809,1.2533050400509917
G2E:R4D:D60Q:D95Q:T112E,1.0588473155452425,8,0.9990317746499049,1.4468925300498916
G2E:R4D:D60Q:D95Q:V106M,1.1384022559162388,9,1.0221638904040682,1.4917753086503718
G2E:R4D:D60Q:R97D,1.2516162897168797,8,1.05896195888824,1.3909831370685068
G2E:R4D:D60Q:V106M:T112E,1.152881093474269,9,1.099511202829654,1.6214787849404715
G2E:R4D:D60Q:V108Q:T112E,1.07067171479663,9,1.0052773294791946,1.5031029840027352
G2E:R4D:D95Q:R97D:T112E,0.8949129298648202,9,0.9543513542740611,1.4231080039682054
G2E:R4D:D95Q:V108Q:T112E,0.7735034168734293,9,0.8850435024591108,1.2515498335292654
G2E:R4D:G33T,1.219052236477023,8,1.0467282978782457,1.2207171174827944
G2E:R4D:G33T:D60Q,1.291107225490373,9,1.1052380348786488,1.4709404190739856
G2E:R4D:G33T:D60Q:I91C,1.1625601331676068,9,1.082086479784461,1.6096468245489746
G2E:R4D:G33T:D60Q:R97D,1.189335971937005,9,1.119067351503208,1.6596703013830019
G2E:R4D:G33T:D95Q,1.0354503159891273,7,0.9850042078585648,1.2472544063474365
G2E:R4D:G33T:D95Q:R97D,1.090064130575653,7,0.998833524483124,1.4668565915028289
G2E:R4D:G33T:D95Q:T112E,1.1429943907910969,8,1.0006274302644698,1.4390743368364212
G2E:R4D:G33T:D95Q:V106M,1.122173237754927,9,1.023759546018633,1.485114046645326
G2E:R4D:G33T:D95Q:V108Q,1.0005687576981397,9,0.9295256726681738,1.3023749304537502
G2E:R4D:G33T:Q46C:D60Q,0.9627523198980672,9,0.9319477317765854,1.1347967095470815
G2E:R4D:G33T:Q46C:I91C,0.8254575522157963,8,0.8502864396819946,0.9840290168577973
G2E:R4D:G33T:Q46I:D60Q,1.1403405506199915,7,0.9298077324150135,1.2510596716774331
G2E:R4D:G33T:Q46R,1.13692471136799,9,1.0342696721297857,1.129856343683263
G2E:R4D:G33T:Q46R:D60Q,1.1237836413820772,8,1.0927794091301886,1.3409404329599421
G2E:R4D:G33T:Q46R:I91C,1.1324480052768484,9,1.0111181170355978,1.1830011654724877
G2E:R4D:G33T:Q46R:V106M,1.007322758207296,9,1.073025010289854,1.2958444874552217
G2E:R4D:G33T:Q46V:I91C,0.8579720713966957,9,0.8703906908609075,1.0616444825158762
G2E:R4D:G33T:Q46V:R97D,1.0151718595729198,9,0.9073715625796545,1.0961326689907376
G2E:R4D:G33T:Q46V:V108Q,0.8761519030205372,7,0.8380637107647042,1.0057232076669722
G2E:R4D:G33T:R59N:D60Q,1.036188744169432,9,0.9806253111147514,1.457763649446677
G2E:R4D:G33T:R59N:D95Q,0.9975106916537726,9,0.8603914840946675,1.176938842531383
G2E:R4D:G33T:R59N:T112E,1.1044762793389724,7,0.9377387965202534,1.351067371245405
G2E:R4D:G33T:R97D:T112E,1.1090515830020995,9,1.0761808369087098,1.576585164090293
G2E:R4D:G33T:V106M,1.2100628176728885,8,1.085483636038314,1.4133860445179307
G2E:R4D:G33T:V108Q:T112E,1.1078418771016656,9,1.0068729850937597,1.4861136041664043
G2E:R4D:I91C:D95Q:T112E,0.8789934464649479,9,0.9173704825553142,1.2969603108088914
G2E:R4D:I91C:V106M,1.138193446894923,7,1.0022266883291582,1.3220768916926875
G2E:R4D:Q46C:D60Q:D95Q,0.8271094884409131,7,0.8101182491419366,0.9019468596071889
G2E:R4D:Q46C:D60Q:T112E,0.8700748701324045,7,0.8874655615675225,1.075247154592319
G2E:R4D:Q46C:D95Q:R97D,0.7591222191121912,8,0.7654378287660928,0.8836135586076322
G2E:R4D:Q46C:D95Q:V108Q,0.6722904331712918,8,0.6961299769511425,0.7009106977671131
G2E:R4D:Q46C:I91C,0.8246264450667838,9,0.7901810470670267,0.8211867438104231
G2E:R4D:Q46C:I91C:R97D,0.740265795811152,9,0.8040103636915858,0.9104606602159417
G2E:R4D:Q46C:I91C:V106M,0.8393964918783877,7,0.828936385227095,0.9595824293567468
G2E:R4D:Q46C:I91C:V108Q,0.7824030168583923,7,0.7347025118766356,0.7937052788925685
G2E:R4D:Q46C:R59N:D60Q,0.7958169457545913,8,0.7472296153977203,0.7251966559921766
G2E:R4D:Q46C:R59N:T112E,0.3893293682742135,8,0.7043431008032222,0.6408147897037811
G2E:R4D:Q46C:R97D:V106M,0.9699790692943168,9,0.865917256945842,1.0432946097854234
G2E:R4D:Q46C:T112E,1.0065598623970522,8,0.8289558245671195,0.9005361926119931
G2E:R4D:Q46C:V106M,1.0009461366701482,7,0.8520879403212828,0.9152666399832285
G2E:R4D:Q46C:V108Q,0.9851017395656408,9,0.7578540669708234,0.7855731346545096
G2E:R4D:Q46I:D60Q,1.0546913295396727,8,0.8697023398000455,1.0322042294599192
G2E:R4D:Q46I:D60Q:I91C,0.9803166581101688,8,0.8465507847058578,1.0424215533174737
G2E:R4D:Q46I:D60Q:T112E,1.0894324681668996,7,0.8853255622059506,1.1444373513824675
G2E:R4D:Q46I:D95Q,0.8176351618201475,8,0.7494685127799616,0.7843735446059871
G2E:R4D:Q46I:D95Q:T112E,0.8080719587043584,9,0.7650917351858667,0.8845916984714723
G2E:R4D:Q46I:D95Q:V108Q,0.6755728280057318,8,0.6939899775895706,0.6932627267092533
G2E:R4D:Q46I:I91C,0.9394708184183908,7,0.7880410477054547,0.8913548975127761
G2E:R4D:Q46I:I91C:R97D,0.6731174795392761,9,0.8018703643300139,0.932709639965229
G2E:R4D:Q46I:I91C:V106M,0.954747220803038,7,0.8267963858655231,1.0267316028800981
G2E:R4D:Q46I:R59N:D95Q,0.5441637675688071,8,0.6248557890160644,0.5589613698053824
G2E:R4D:Q46I:R59N:R97D,0.6183640217276877,9,0.7004091956603045,0.6944136792154929
G2E:R4D:Q46I:R59N:V106M,0.6588220313797221,9,0.7253352171958135,0.772697736322815
G2E:R4D:Q46I:V106M,0.9288966117339432,9,0.8499479409597108,0.9850250752563829
G2E:R4D:Q46I:V106M:V108Q,0.8068194157775691,7,0.7944694057693197,0.9333928404274299
G2E:R4D:Q46R:D60Q,1.0615849079624202,7,1.0326740165152208,1.1362686746796937
G2E:R4D:Q46R:D60Q:T112E,1.02468653617058,8,1.0482972389211258,1.2578567488062393
G2E:R4D:Q46R:D60Q:V106M,1.1228324068150664,9,1.0714293546752889,1.2949696087035156
G2E:R4D:Q46R:R59N:T112E,0.8610388479438624,9,0.8651747781568254,0.8252842523378586
G2E:R4D:Q46R:V106M,1.0095133248682209,8,1.012919617674886,1.0980912838589756
G2E:R4D:Q46R:V108Q,0.905591343703636,8,0.9186857443244266,0.9387266026213682
G2E:R4D:Q46V:D60Q:I91C,0.9834996084089104,7,0.8687950352463426,1.0318941618362958
G2E:R4D:Q46V:D60Q:R97D,0.9436243903640984,7,0.9057759069650896,1.087648755140437
G2E:R4D:Q46V:D95Q,0.9069996881410411,9,0.7717127633204465,0.7892636821688535
G2E:R4D:Q46V:D95Q:R97D,0.8481518687779885,7,0.7855420799450057,0.8910852405845061
G2E:R4D:Q46V:D95Q:T112E,0.8945243336238805,8,0.7873359857263516,0.8893259803440876
G2E:R4D:Q46V:D95Q:V106M,0.8302401594186855,9,0.8104681014805147,0.917709928278116
G2E:R4D:Q46V:I91C:V108Q,0.8381593871995062,8,0.7548067630555485,0.8373636928778985
G2E:R4D:Q46V:R59N:V106M,0.5002119212219438,8,0.7475794677362984,0.6707526906249273
G2E:R4D:Q46V:R97D:T112E,0.8575282576716935,7,0.8628893923705916,1.0304766414019104
G2E:R4D:Q46V:R97D:V108Q,0.7407646258722596,8,0.7917876347742955,0.8273966318002702
G2E:R4D:R59N:D60Q:I91C,1.1738572631458963,8,0.8973683634055957,1.2722583440128896
G2E:R4D:R59N:D95Q:T112E,0.977270101672292,9,0.8159093138856046,1.1355230227957516
G2E:R4D:R59N:I91C:D95Q,0.8155077053782115,8,0.7771345363855118,1.0059955722712437
G2E:R4D:R59N:I91C:V108Q,0.901973507919194,7,0.7833800912148016,1.0656339413905243
G2E:R4D:R59N:R97D:V106M,1.14909686529374,7,0.914594836284008,1.2988529842309735
G2E:R4D:R59N:R97D:V108Q,0.9010661147912412,7,0.8203609629335485,1.0852904922967155
G2E:R4D:R59N:V106M:V108Q,0.906712133201747,9,0.8452869844690577,1.1851359089395845
G2E:R4D:R97D:V106M:V108Q,1.024930698699032,7,0.9837290248575141,1.4036833815471763
G2E:R4D:T6H:A28H:D60Q,1.2421342963445663,9,1.0167440689326064,1.6665039206364427
G2E:R4D:T6H:A28H:D95Q,0.9625027286497696,7,0.8965102419125224,1.3903052976051569
G2E:R4D:T6H:A28H:G33T,1.2246457981165235,9,1.0183397245471713,1.6490600368157402
G2E:R4D:T6H:A28H:Q46V,0.8800702875989795,9,0.8050482800090529,1.0437852248660666
G2E:R4D:T6H:A28H:V108Q,1.0721590342635183,8,0.9027557967418122,1.454464555968774
G2E:R4D:T6H:A28K,1.2415955278920638,7,0.9145949671541773,1.353879443904645
G2E:R4D:T6H:A28K:Q46C,0.7864947701218298,9,0.741304664052114,1.0326285447115102
G2E:R4D:T6H:A28K:Q46I,0.8390525471662527,9,0.739164664690542,1.1087843792747205
G2E:R4D:T6H:A28K:T112E,1.1860311091032378,8,0.9302181895600823,1.574092007865668
G2E:R4D:T6H:A28K:V106M,1.1520653446637734,9,0.9533503053142456,1.6078232784509134
G2E:R4D:T6H:D60Q:T112E,1.1298720535381317,7,0.9902352598012735,1.6440383465406985
G2E:R4D:T6H:D95Q:T112E,1.0422909703178584,9,0.8700014327811896,1.4038399666753252
G2E:R4D:T6H:G33T,1.1511670702116197,8,0.9762076930099334,1.3861766782366907
G2E:R4D:T6H:G33T:D60Q,1.1867263985352514,9,1.0347174300103363,1.7053094121569954
G2E:R4D:T6H:G33T:Q46R,0.9825804731504626,9,0.9637490672614732,1.2703637811022466
G2E:R4D:T6H:G33T:T112E,1.0882881836963376,7,0.9918309154158383,1.6234918966330079
G2E:R4D:T6H:G33T:V108Q,1.043296789729221,8,0.9207291578195422,1.503619464715737
G2E:R4D:T6H:I91C:R97D,1.0312019289440726,7,0.9067800619253369,1.462896670445919
G2E:R4D:T6H:Q46C:T112E,0.7256978779559737,8,0.7584352196988071,1.0147598349634688
G2E:R4D:T6H:Q46C:V106M,0.8014311023097072,7,0.7815673354529704,1.0323144277917913
G2E:R4D:T6H:Q46I,0.8271387521509869,9,0.7406719979313302,0.9203843209351243
G2E:R4D:T6H:Q46I:I91C,0.81275079792276,7,0.7175204428371424,0.9679044257997472
G2E:R4D:T6H:Q46I:R59N,0.6882387795019902,9,0.6160592741674329,0.7404165663724246
G2E:R4D:T6H:Q46I:V106M,0.8529195679028685,9,0.7794273360913985,1.0775414329582316
G2E:R4D:T6H:Q46R,1.066153614124216,8,0.9036436746465054,1.0475077955303964
G2E:R4D:T6H:Q46R:D60Q,0.9768144238198948,9,0.9621534116469084,1.2708649179778828
G2E:R4D:T6H:Q46V:D60Q,0.8989954552524367,7,0.821425985472218,1.1023317335117813
G2E:R4D:T6H:Q46V:T112E,0.7775201289623443,7,0.77853947087772,1.0464272415419758
G2E:R4D:T6H:R59N,1.0453693483246584,9,0.7914895766310681,1.1119542513230944
G2E:R4D:T6H:R59N:R97D,0.9707162282139488,9,0.8053188932556273,1.249421399642227
G2E:R4D:T6H:R59N:V106M,1.0355185859091578,7,0.8302449147911364,1.3231363332343555
G2E:R4D:T6H:R97D,1.1848271911831385,7,0.9299316170195246,1.2944623613607233
G2E:R4D:T6H:V108Q,1.1315169035159849,7,0.8606237652045744,1.2249857976016219
G2E:R4D:T6H:V108Q:T112E,1.0572651446737913,8,0.8762469876104794,1.4502206699321518
G2E:R4D:T6S:A28H:Q46I,1.257320614493321,9,1.0456336479906327,1.373213651419079
G2E:R4D:T6S:A28H:R59N,1.2031824645861438,9,1.0964512266903708,1.5497156966871493
G2E:R4D:T6S:A28H:R97D,1.1798649023585632,9,1.234893267078827,1.7676023781829828
G2E:R4D:T6S:A28K:D60Q,1.2605564765631605,7,1.235934322676645,1.8520379165677043
G2E:R4D:T6S:A28K:Q46V,1.2004024784833252,7,1.0242385337530915,1.3329765502154383
G2E:R4D:T6S:A28K:T112E,1.304751954984202,9,1.193047808082147,1.7522418036063097
G2E:R4D:T6S:A28K:V106M,1.270123871556879,8,1.2161799238363102,1.778497513165123
G2E:R4D:T6S:A28K:V108Q,1.3616264166728822,8,1.121946050485851,1.6272438157616143
G2E:R4D:T6S:D60Q,1.3417698060084926,7,1.2374416559174333,1.6323046959457872
G2E:R4D:T6S:D60Q:V106M,1.344630069294182,7,1.2761969940775013,1.8829257677747582
G2E:R4D:T6S:D95Q:R97D,1.1588489543039064,9,1.1310371455219084,1.6468167817725368
G2E:R4D:T6S:D95Q:V106M,1.4614750483798278,7,1.1559631670574175,1.6615387048839305
G2E:R4D:T6S:D95Q:V108Q,1.2291888527002248,7,1.0617292937069582,1.47135121782449
G2E:R4D:T6S:G33T,1.210430317455403,9,1.2390373115319981,1.5766265335026488
G2E:R4D:T6S:G33T:Q46C,1.1090668122343403,7,1.0657470084299348,1.2822020500907412
G2E:R4D:T6S:G33T:Q46I,1.0915409641862583,7,1.0636070090683627,1.4576126759163328
G2E:R4D:T6S:G33T:Q46V,1.206897226575567,8,1.0858512596088477,1.3835158189689432
G2E:R4D:T6S:G33T:R97D,1.2032607056436035,9,1.2528666281565572,1.7894043425986053
G2E:R4D:T6S:G33T:V108Q,1.1498517777482056,7,1.1835587763416069,1.6950253891656093
G2E:R4D:T6S:I91C:D95Q,1.0933435645917873,7,1.0940562738031616,1.5358296758744723
G2E:R4D:T6S:I91C:T112E,1.123558679857501,9,1.1714035862287473,1.6754511769495348
G2E:R4D:T6S:I91C:V106M,1.1565420744528363,8,1.1945357019829106,1.7343907366214004
G2E:R4D:T6S:Q46C:D60Q,1.1903152506242596,7,1.0641513528153699,1.326453125301493
G2E:R4D:T6S:Q46I:D95Q,1.0942468952324618,9,0.941777526433714,1.1668433102971831
G2E:R4D:T6S:Q46R:R59N,1.084762335849214,9,1.0418605694046728,1.085421379133942
G2E:R4D:T6S:Q46R:V106M,1.2960837937344971,7,1.2052286313286382,1.47904497687813
G2E:R4D:T6S:Q46V,1.1696803537715197,9,1.0257458669938797,1.1835588415407452
G2E:R4D:T6S:Q46V:I91C,1.1521091384226132,9,1.002594311899692,1.229299234505623
G2E:R4D:T6S:Q46V:R97D,1.2005046184206094,7,1.0395751836184388,1.2785560238969618
G2E:R4D:T6S:R59N:T112E,1.136371599985509,9,1.0699424175590377,1.5309872164135319
G2E:R4D:T6S:R59N:V108Q,1.277387826689805,8,0.9988406599627417,1.4077396339556907
G2E:R4D:T6S:R97D:T112E,1.1539333901970965,7,1.2083844579474943,1.7489060400484866
G2E:R4D:T6S:V106M:T112E,1.1476321451126634,9,1.2333104794830034,1.771093694587213
G2E:R4D:V106M,1.0698236344379417,7,1.025378243423346,1.2026692201789393
G2E:R4D:V106M:V108Q:T112E,0.9638629627993384,8,0.98552293063886,1.431296226629919
G2E:R4D:V108Q,1.1339545702997047,9,0.9311443700728866,1.0844157324822248
G2E:R59N:D60Q,0.986538354959794,8,0.7762301557308569,0.8649272681892354
G2E:R59N:D60Q:D95Q,0.7931558871018206,9,0.7145060657111759,0.7948252788843908
G2E:R59N:D60Q:D95Q:V108Q,0.5816336008968325,7,0.6590275305207849,0.7753646092451683
G2E:R59N:D60Q:I91C:T112E,0.9739408337710986,9,0.7687018230425741,0.9666763942875538
G2E:R59N:D60Q:R97D:T112E,1.0298346185951588,7,0.805682694761321,1.0800435022653123
G2E:R59N:D60Q:V106M:T112E,0.8802392731164231,7,0.8306087162968301,1.090922734007233
G2E:R59N:D60Q:V108Q:T112E,0.8442481971014746,9,0.7363748429463707,0.9908307280711193
G2E:R59N:D95Q:R97D,0.8102615932786369,8,0.6698256453353322,0.7486679252024089
G2E:R59N:D95Q:R97D:T112E,0.715158626937957,7,0.6854488677412371,0.8849401889909709
G2E:R59N:D95Q:T112E,0.7582330361306227,9,0.6716195511166779,0.736378926233834
G2E:R59N:D95Q:V106M:V108Q,0.6517364978973943,8,0.6392731316804501,0.7299926766580302
G2E:R59N:D95Q:V108Q:T112E,0.7413355888989691,9,0.6161410159262868,0.7191181837857119
G2E:R59N:I91C:D95Q:R97D,0.8164973075435918,8,0.6466740902411443,0.7602131942262849
G2E:R59N:I91C:D95Q:T112E,0.5936404661808848,9,0.6484679960224902,0.7253780548656525
G2E:R59N:I91C:R97D:V108Q,0.6394830841781584,7,0.6529196450704341,0.7073519220447647
G2E:R59N:I91C:T112E,0.8918913174798954,8,0.710192086042171,0.7649034878627096
G2E:R59N:I91C:V108Q,0.7132775632832564,7,0.6390903284458749,0.6677259552348415
G2E:R59N:R97D:T112E,0.9247430868997034,8,0.747172957760918,0.8567403414470884
G2E:R59N:V106M,0.7989564200362239,7,0.756475756890522,0.7887351573047124
G2E:R59N:V106M:V108Q,0.79885815262368,7,0.700997221700131,0.775407274125905
G2E:R97D:V106M:V108Q,0.8172067749680508,7,0.8394392620885874,0.9817029885729959
G2E:R97D:V108Q,0.787845867111221,7,0.8006839239285192,0.8035248080480263
G2E:T6H,1.0655963849909036,9,0.7718125376260387,0.8589375249115426
G2E:T6H:A28H,0.9553558052279666,8,0.8139445691632766,0.9853243032419673
G2E:T6H:A28H:D60Q,1.1711235827815911,9,0.8724543061636796,1.207550645668647
G2E:T6H:A28H:D60Q:D95Q,0.8500659940664461,8,0.8107302161439988,1.1986699553093088
G2E:T6H:A28H:D60Q:I91C,1.0258194086700885,9,0.8493027510694918,1.3199063191458162
G2E:T6H:A28H:D60Q:T112E,1.1028691033687237,8,0.8880775285695847,1.399254154834275
G2E:T6H:A28H:D60Q:V108Q,1.1273879729533764,7,0.8169757709732886,1.2768515777084755
G2E:T6H:A28H:D95Q,0.9997376943428856,7,0.7522204791435957,0.9683314230141687
G2E:T6H:A28H:D95Q:R97D,1.0647324421915132,7,0.7660497957681549,1.1545078402578162
G2E:T6H:A28H:D95Q:V108Q,0.8724572832216377,9,0.6967419439532047,0.9918954268893078
G2E:T6H:A28H:G33T:Q46I,0.7381728224043015,7,0.6986196593146092,0.8638144776306775
G2E:T6H:A28H:G33T:Q46R,0.9485834701109424,8,0.8615913360297844,1.0303986344387404
G2E:T6H:A28H:G33T:R59N,1.0107154303712875,7,0.7494372380143473,1.1256541990728033
G2E:T6H:A28H:G33T:R97D,0.91261859063149,9,0.8878792784028037,1.3685858575531151
G2E:T6H:A28H:G33T:V106M,1.101717548375861,9,0.9128052999383127,1.4513610749290953
G2E:T6H:A28H:I91C,1.0931743917659724,8,0.7907930140690889,1.0731493305091844
G2E:T6H:A28H:I91C:D95Q,0.8298273858947404,7,0.7290689240494079,1.0653643731901545
G2E:T6H:A28H:I91C:T112E,0.9605549500378522,9,0.8064162364749938,1.2440239682887524
G2E:T6H:A28H:I91C:V106M,1.0356311197547898,8,0.8295483522291571,1.3225215524724134
G2E:T6H:A28H:I91C:V108Q,0.9159505593373952,8,0.7353144788786977,1.1289406707823004
G2E:T6H:A28H:Q46C:I91C,0.644062855847396,8,0.6175027109670255,0.6890114054262542
G2E:T6H:A28H:Q46C:V108Q,0.614262823136302,8,0.5851757308708222,0.6402181311091044
G2E:T6H:A28H:Q46I,0.6277053326736868,8,0.6385142666996413,0.6396278592104497
G2E:T6H:A28H:Q46I:D60Q,0.7578431394425453,9,0.6970240037000444,0.7948033087989904
G2E:T6H:A28H:Q46R,0.8952988029302104,7,0.8014859434148165,0.8203956999557777
G2E:T6H:A28H:Q46R:I91C,0.8341444929307498,9,0.7783343883206287,0.8471897897471828
G2E:T6H:A28H:Q46R:V108Q,0.7645349217224762,7,0.7460074082244255,0.7885588585841703
G2E:T6H:A28H:Q46V:V106M,0.709747190839386,9,0.6995138554001945,0.8132485549752677
G2E:T6H:A28H:Q46V:V108Q,0.5407571575197104,7,0.6052799820497351,0.6335658914049795
G2E:T6H:A28H:R59N:I91C,0.8219899814439777,8,0.6661802903051915,0.9347242769559314
G2E:T6H:A28H:R59N:V106M,0.9856760312023972,8,0.7280871835594476,1.0729390815318902
G2E:T6H:A28H:R97D,1.0059777400191316,8,0.8277738857878357,1.0945675170359064
G2E:T6H:A28H:R97D:T112E,1.0381643991203096,7,0.8433971081937408,1.295635192557301
G2E:T6H:A28H:T112E,1.0165478338819158,9,0.8295677915691816,1.1355320210830535
G2E:T6H:A28K:D60Q:I91C,1.07830481719157,8,0.8056633862914658,1.3159228136529502
G2E:T6H:A28K:G33T:Q46R,0.9502850481731632,7,0.8179519712517584,1.0834832223683868
G2E:T6H:A28K:G33T:V106M,1.12797078825852,8,0.8691659351602867,1.4495893456577198
G2E:T6H:A28K:G33T:V108Q,1.014773177117444,8,0.7749320618098274,1.2851853836698002
G2E:T6H:A28K:I91C,1.0586973825878947,7,0.7471536492910628,1.0868860762554835
G2E:T6H:A28K:I91C:R97D,1.0327475623602318,7,0.760982965915622,1.2343412609081053
G2E:T6H:A28K:I91C:T112E,0.970177071115534,8,0.7627768716969678,1.2533113884298586
G2E:T6H:A28K:Q46C:I91C,0.6489906128191676,7,0.5738633461889995,0.7136130016308705
G2E:T6H:A28K:Q46C:R59N,0.3355783278003837,9,0.47240217751929003,0.41410022600057683
G2E:T6H:A28K:Q46C:R97D,0.6334170193516145,9,0.6108442179077465,0.7587759096272715
G2E:T6H:A28K:Q46I:I91C,0.6666319911728616,7,0.5717233468274275,0.7314460788467133
G2E:T6H:A28K:Q46I:R59N,0.3672907073183263,9,0.47026217815771804,0.5071785034309879
G2E:T6H:A28K:Q46I:R97D,0.5732093521151127,9,0.6087042185461745,0.7312990746398514
G2E:T6H:A28K:Q46I:T112E,0.7513405857289361,8,0.6104981243275204,0.8223151500866864
G2E:T6H:A28K:Q46I:V106M,0.6738413183312194,9,0.6336302400816836,0.837054604713149
G2E:T6H:A28K:Q46I:V108Q,0.5000476554773278,7,0.5393963667312243,0.6397313723661089
G2E:T6H:A28K:Q46R:D95Q,0.6380133564366961,9,0.6961224886171097,0.7766359386716383
G2E:T6H:A28K:Q46R:R59N,0.5466859271112489,8,0.6332338548728933,0.6120655155681545
G2E:T6H:A28K:Q46R:V108Q,0.8390976702836943,8,0.7023680434463995,0.8297872394847525
G2E:T6H:A28K:Q46V,0.7029714919445996,8,0.6171191524621001,0.7152379289485857
G2E:T6H:A28K:Q46V:D60Q,0.6532843400546243,7,0.6756288894625032,0.8587097634264743
G2E:T6H:A28K:R59N:V108Q,0.8378808739651622,7,0.5902139454309622,0.9505425272289609
G2E:T6H:A28K:R97D,1.052500385607838,7,0.7841345210098097,1.1025134424508582
G2E:T6H:A28K:R97D:T112E,0.941321555084678,8,0.7997577434157148,1.29913179236706
G2E:T6H:A28K:R97D:V106M,1.104786887047503,9,0.822889859169878,1.3645969234508069
G2E:T6H:A28K:R97D:V108Q,0.8862419786114277,7,0.7286559858194187,1.1007744362627192
G2E:T6H:D60Q,1.160973819899486,8,0.8303222746264418,1.0291087250907678
G2E:T6H:D60Q:I91C:D95Q,0.903892531094057,7,0.7454466295125731,1.1131411029647884
G2E:T6H:D60Q:R97D:T112E,1.064590934319199,7,0.859774813656906,1.3626546872769447
G2E:T6H:D60Q:V106M:V108Q,0.9234487479488525,8,0.8135990775961189,1.286968228624158
G2E:T6H:D60Q:V108Q,0.9195995502104176,8,0.7748437394360507,1.0705262704683385
G2E:T6H:G33T,0.9645229612867284,8,0.8319179302410067,1.0206160932630954
G2E:T6H:G33T:D60Q,0.962363260694534,9,0.8904276672414096,1.247423692600627
G2E:T6H:G33T:D60Q:I91C,1.0008925822114214,7,0.8672761121472219,1.385956706677098
G2E:T6H:G33T:D60Q:R97D,0.9954426659967496,9,0.9042569838659689,1.424430714266521
G2E:T6H:G33T:D60Q:V106M,1.0454463324443648,7,0.9291830054014779,1.4864960437202934
G2E:T6H:G33T:D60Q:V108Q,0.8122284809464949,9,0.8349491320510186,1.331655298777718
G2E:T6H:G33T:D95Q:V106M,0.858272766833434,7,0.808949178381394,1.2681673523505452
G2E:T6H:G33T:D95Q:V108Q,0.7631299517742938,9,0.7147153050309347,1.0648296007066937
G2E:T6H:G33T:I91C:D95Q,0.7691628106941347,9,0.747042285127138,1.14954521346958
G2E:T6H:G33T:Q46C:D60Q,0.7055214539832785,9,0.7171373641393464,0.8829582866551515
G2E:T6H:G33T:Q46C:D95Q,0.5898955570228761,9,0.5969035371192626,0.6501842950146776
G2E:T6H:G33T:Q46C:T112E,0.6651142550446253,7,0.6742508495448484,0.8323158166076312
G2E:T6H:G33T:Q46C:V106M,0.578139885061403,8,0.6973829652990117,0.8525888884975981
G2E:T6H:G33T:Q46I:D60Q,0.755909386587626,7,0.7149973647777744,0.9189763230812247
G2E:T6H:G33T:Q46I:I91C,0.7387656664802196,8,0.6333360726831836,0.7955208405583176
G2E:T6H:G33T:Q46R:I91C,0.8721102176828311,9,0.7963077493983588,0.9671183131965917
G2E:T6H:G33T:Q46R:R97D,0.8588101866846228,9,0.8332886211171058,0.9953610634635097
G2E:T6H:G33T:Q46R:T112E,0.8743518786738613,8,0.8350825268984516,1.0423871749218243
G2E:T6H:G33T:Q46R:V108Q,0.698654199780428,7,0.7639807693021555,0.8972407155715397
G2E:T6H:G33T:Q46V,0.7343146360442605,9,0.6787318783178562,0.7486100200425423
G2E:T6H:G33T:Q46V:R97D,0.6411232149519339,7,0.6925611949424154,0.8128272996568654
G2E:T6H:G33T:R59N:D95Q,0.7510454369329008,9,0.6455811164574285,0.9268504904605717
G2E:T6H:G33T:R59N:T112E,0.778332115964789,9,0.7229284288830145,1.1223194180577205
G2E:T6H:G33T:R97D:T112E,0.9596442161665169,7,0.8613704692714709,1.3652832186771535
G2E:T6H:G33T:T112E,0.9738577336918246,7,0.8475411526469117,1.1834771399342832
G2E:T6H:G33T:V106M:V108Q,0.779455496972798,8,0.8151947332106838,1.2952310707367765
G2E:T6H:I91C:D95Q,0.783580789904464,8,0.6869368925121702,0.9103270667071512
G2E:T6H:I91C:R97D:T112E,0.9525943025559624,8,0.7781135215623152,1.232021205577985
G2E:T6H:I91C:R97D:V106M,1.0063261335894564,9,0.8012456373164785,1.330170186774784
G2E:T6H:I91C:V106M:T112E,0.9938431776322196,8,0.8030395430978242,1.28758077261207
G2E:T6H:Q46C,0.7100613264100872,9,0.5985222345239755,0.6037884952878816
G2E:T6H:Q46C:D60Q,0.7114900605391082,8,0.6570319715243784,0.7135879636900063
G2E:T6H:Q46C:D60Q:T112E,0.6625416099242846,9,0.6726551939302835,0.8232510826632053
G2E:T6H:Q46C:D95Q:T112E,0.5487816654967824,9,0.5524213669101996,0.6083468814405
G2E:T6H:Q46C:I91C:D95Q,0.4790634444374106,8,0.5136465894101068,0.5080292014320201
G2E:T6H:Q46C:I91C:R97D,0.5913075287589301,9,0.5891999960543468,0.6694620990491655
G2E:T6H:Q46C:R59N:I91C,0.2152742847383863,9,0.4507579556658904,0.24509143761470872
G2E:T6H:Q46C:R97D:V106M,0.6013751134109057,9,0.6511068893086029,0.806442229375528
G2E:T6H:Q46C:T112E,0.677365582967607,8,0.6141454569298805,0.671955822936539
G2E:T6H:Q46I,0.6874089250251056,9,0.5963822351624035,0.5963209850357593
G2E:T6H:Q46I:D60Q:D95Q,0.4007173090666667,9,0.5931678821431257,0.5654403475526737
G2E:T6H:Q46I:D60Q:R97D,0.486570991263257,8,0.6687212887873657,0.731921014458968
G2E:T6H:Q46I:D60Q:T112E,0.7043681955838217,7,0.6705151945687116,0.8121963537490751
G2E:T6H:Q46I:D95Q:T112E,0.4040616258115227,9,0.5502813675486277,0.5549479436582946
G2E:T6H:Q46I:D95Q:V106M,0.4688942805409725,8,0.5734134833027908,0.5827282083554531
G2E:T6H:Q46I:I91C:D95Q,0.3720309570459987,8,0.5115065900485349,0.44892905950098083
G2E:T6H:Q46I:I91C:R97D,0.4603541438046103,9,0.5870599966927749,0.6114661530941741
G2E:T6H:Q46I:R59N:R97D,0.2414999858352783,7,0.4855988280230654,0.3441747153252883
G2E:T6H:Q46I:R59N:V106M,0.3411897364393199,7,0.5105248495585745,0.43815442243409575
G2E:T6H:Q46I:R97D,0.5458852710329665,7,0.6102115517869626,0.5827398065145502
G2E:T6H:Q46I:R97D:V108Q,0.3015910210024042,7,0.5547330165965716,0.46303907893349094
G2E:T6H:Q46I:V106M,0.7395264326056584,9,0.6351375733224718,0.6796506297853312
G2E:T6H:Q46I:V106M:V108Q,0.4889296925914539,7,0.5796590381320808,0.6113925488624657
G2E:T6H:Q46R:D60Q:I91C,0.842749169629098,7,0.7947120937837939,0.9231780619350483
G2E:T6H:Q46R:D60Q:T112E,0.8389241660465883,8,0.8334868712838868,1.0185739366380182
G2E:T6H:Q46R:D60Q:V106M,0.928244123307444,7,0.85661898703805,1.0591376464439755
G2E:T6H:Q46R:D60Q:V108Q,0.7371720184210351,9,0.7623851136875907,0.8700894916352914
G2E:T6H:Q46R:D95Q,0.6625027830601972,9,0.6976298218578978,0.6518756100072541
G2E:T6H:Q46R:D95Q:V108Q,0.5682633592136184,9,0.6421512866675068,0.5797642504160653
G2E:T6H:Q46R:I91C:D95Q,0.6164336317026137,7,0.67447826676371,0.6632670255793284
G2E:T6H:Q46R:I91C:R97D,0.7989328952043921,8,0.7500316734079501,0.840990883557046
G2E:T6H:Q46R:I91C:T112E,0.8162109173097412,9,0.7518255791892959,0.8688965700505504
G2E:T6H:Q46R:I91C:V108Q,0.7361538598811405,8,0.6807238215929998,0.727731404667171
G2E:T6H:Q46R:R59N:D60Q,0.5288372986803039,9,0.6932509251140844,0.6494781234502437
G2E:T6H:Q46R:R59N:D95Q,0.2595603119693721,7,0.5730170980940006,0.3477510162069623
G2E:T6H:Q46R:R59N:T112E,0.5680213360387234,7,0.6503644105195865,0.5802482740056294
G2E:T6H:Q46R:V108Q,0.8179120624583327,8,0.7038753766871876,0.7057117071632121
G2E:T6H:Q46V:D60Q,0.7744530750547051,7,0.6771362227032913,0.7210217001398861
G2E:T6H:Q46V:D60Q:D95Q,0.4787205458463201,8,0.6154121326836105,0.6134322588958525
G2E:T6H:Q46V:D60Q:I91C,0.637685133873568,7,0.6539846676091036,0.7360429710065031
G2E:T6H:Q46V:D60Q:R97D,0.5917628940831391,7,0.6909655393278505,0.7802480950660399
G2E:T6H:Q46V:D60Q:T112E,0.6543432677402483,8,0.6927594451091964,0.8336209058218649
G2E:T6H:Q46V:D95Q,0.5243126679982383,9,0.5569023956832075,0.4961831255577935
G2E:T6H:Q46V:D95Q:R97D,0.5231931675722625,9,0.5707317123077666,0.5862818233303236
G2E:T6H:Q46V:I91C,0.6864990297758146,8,0.5954749306087006,0.602375381326952
G2E:T6H:Q46V:I91C:T112E,0.7105697422804215,7,0.6110981530146056,0.6941457156228709
G2E:T6H:Q46V:R59N,0.3468470248229338,8,0.49401376193899105,0.2956354494646047
G2E:T6H:Q46V:R97D,0.6420672636456191,8,0.6324558023274476,0.6250502509931091
G2E:T6H:R59N:D60Q:V106M,0.960807297828373,8,0.7444648890226128,1.1530166593888327
G2E:T6H:R59N:D60Q:V108Q,1.025573861235107,8,0.6502310156721534,1.01609300275845
G2E:T6H:R59N:D95Q:V108Q,0.6510719785101333,8,0.5299971886520696,0.7220132689735126
G2E:T6H:R59N:I91C,0.887532571963606,7,0.6240482587679537,0.7895332218070641
G2E:T6H:R59N:I91C:D95Q,0.733985138059,8,0.5623241687482728,0.755054240315049
G2E:T6H:R59N:I91C:R97D,0.8090665254894909,7,0.6378775753925129,0.9060024767891687
G2E:T6H:R59N:I91C:T112E,0.8580703907550836,8,0.6396714811738586,0.9411077357611319
G2E:T6H:R59N:I91C:V108Q,0.8015449582149812,9,0.5685697235775626,0.8188852227738619
G2E:T6H:R59N:R97D,0.8495792473859026,9,0.6610291304867006,0.8418317034570406
G2E:T6H:R59N:R97D:V106M,1.0487703697403357,9,0.6997844686467689,1.061153431821982
G2E:T6H:R59N:R97D:V108Q,0.8107217698496505,9,0.6055505952963096,0.8269923044354487
G2E:T6H:R59N:V106M:V108Q,0.8541165198663533,9,0.6304766168318187,0.942533371079803
G2E:T6H:R97D:V106M,1.0748211696550485,7,0.8243971924106662,1.1677228463290141
G2E:T6H:R97D:V106M:V108Q,0.8822813971348845,9,0.7689186572202751,1.1785268514619396
G2E:T6H:V106M,1.1524198030061557,7,0.810567875786107,1.0058613968307377
G2E:T6H:V106M:V108Q,1.0798766472380172,9,0.755089340595716,1.0410205971114
G2E:T6H:V108Q,0.9941494998086357,9,0.7163340024356477,0.8670092736817476
G2E:T6S:A28H:D95Q:V108Q,0.9891281728263096,8,0.9595715624752693,1.2556565328024873
G2E:T6S:A28H:G33T:Q46I,1.1141779429639602,8,0.9614492778366739,1.203320640189446
G2E:T6S:A28H:G33T:Q46V,1.0756692775033254,7,0.9836935283771588,1.188702322209796
G2E:T6S:A28H:G33T:R59N,1.194957826050966,8,1.012266856536412,1.3728188926655946
G2E:T6S:A28H:I91C:D95Q,1.1576790770260954,8,0.9918985425714726,1.3214123596120944
G2E:T6S:A28H:I91C:V106M,1.160825905057129,7,1.0923779707512218,1.543880256334895
G2E:T6S:A28H:I91C:V108Q,1.1633828595940945,7,0.9981440974007624,1.363816345918622
G2E:T6S:A28H:Q46C,1.1318923686438571,9,0.903483884583278,0.9496938140242202
G2E:T6S:A28H:Q46C:I91C,0.8670806180405021,9,0.8803323294890902,0.9556699088438818
G2E:T6S:A28H:Q46C:R97D,0.8872947105228843,7,0.9173132012078372,1.031001421844783
G2E:T6S:A28H:Q46I:T112E,1.0200939643060505,8,0.916967107627611,1.0911900156946646
G2E:T6S:A28H:Q46I:V106M,1.0155013526290124,7,0.9400992233817743,1.1072405884038852
G2E:T6S:A28H:Q46R:D60Q,1.1491001924819118,7,1.1228252989372842,1.3109199447513638
G2E:T6S:A28H:Q46R:D95Q,0.9828141630934673,9,1.0025914719172004,1.0223526908547484
G2E:T6S:A28H:Q46R:V106M,1.1503028828496795,8,1.1030709000969496,1.263851391184573
G2E:T6S:A28H:R59N:R97D,1.2449233075637902,9,0.9659907805460032,1.2674557913664055
G2E:T6S:A28H:R59N:V106M,1.1157359865076244,7,0.9909168020815122,1.3184521969418554
G2E:T6S:A28H:V106M,1.14022268568995,7,1.1155295258454094,1.4067924293988905
G2E:T6S:A28H:V106M:V108Q,1.1673092468658186,7,1.0600509906550184,1.4707910855257245
G2E:T6S:A28K:D60Q:T112E,1.142084073055262,8,1.1072677823136232,1.6023751222370775
G2E:T6S:A28K:D60Q:V106M,1.0954210637298891,7,1.1303998980677865,1.6301923796491105
G2E:T6S:A28K:D60Q:V108Q,1.0996605232939751,9,1.0361660247173272,1.4771243344910139
G2E:T6S:A28K:D95Q:V108Q,0.8665657204094847,9,0.9159321976972433,1.2251140107996645
G2E:T6S:A28K:G33T,1.129377685511258,9,1.0932402155222831,1.4081825703387931
G2E:T6S:A28K:G33T:Q46C,0.8976125136597426,9,0.91994991242022,1.0937956307749157
G2E:T6S:A28K:G33T:Q46I,1.1629466860789677,9,0.9178099130586479,1.2414026102207112
G2E:T6S:A28K:Q46C:D60Q,1.0422249469607814,9,0.918354256805655,1.0943922529438728
G2E:T6S:A28K:Q46C:D95Q,0.7618446424898487,9,0.7981204297855711,0.8764336356830735
G2E:T6S:A28K:Q46C:V108Q,0.9271449705803668,8,0.8043659846148609,0.8837227769657091
G2E:T6S:A28K:Q46I:D95Q,0.7447295846392696,9,0.7959804304239991,0.924852537460521
G2E:T6S:A28K:Q46I:R97D,0.9190199675861346,8,0.8715338370682392,1.0579953995470242
G2E:T6S:A28K:Q46R:D95Q,0.894410184053964,8,0.9589521071391743,1.0467694278114297
G2E:T6S:A28K:Q46R:R59N,1.0317594016920175,9,0.896063473394958,0.8774679854785716
G2E:T6S:A28K:Q46R:V106M,1.0026753294462762,7,1.0594315353189234,1.263842817919114
G2E:T6S:A28K:Q46V,1.091406988461298,7,0.8799487709841649,0.9959046961920741
G2E:T6S:A28K:Q46V:V106M,0.8696476755701318,7,0.9187041091442332,1.1037646116605577
G2E:T6S:A28K:R97D:T112E,1.0950884321210794,7,1.0625873619377795,1.5110039460046036
G2E:T6S:D60Q:D95Q:T112E,1.1522371820838762,9,1.0470510255347305,1.4549956473047105
G2E:T6S:D60Q:I91C,1.1558359598103043,7,1.0700003380543186,1.34564966392528
G2E:T6S:D60Q:I91C:R97D,1.1411371259162002,7,1.083829654678878,1.5324386949960396
G2E:T6S:D60Q:I91C:V106M,1.2416401956302467,9,1.1087556762143869,1.5784631184568287
G2E:T6S:D60Q:R97D:T112E,1.2289185854894202,8,1.1226044321789708,1.6107429933720463
G2E:T6S:D60Q:V108Q,1.2448568747066302,9,1.0376733579581154,1.3070352524450208
G2E:T6S:D95Q,1.0763899881696373,7,0.9729180661284226,1.0774938968329293
G2E:T6S:D95Q:R97D:V108Q,0.9399838301688194,7,0.9312688475625907,1.2242236616685847
G2E:T6S:D95Q:T112E,1.1106605135664522,8,0.9885412885343277,1.2171243558438483
G2E:T6S:D95Q:V106M,1.025775966588403,7,1.0116734042884907,1.2570475799249516
G2E:T6S:D95Q:V106M:T112E,1.084034330014763,8,1.027296626694396,1.4232612378565568
G2E:T6S:D95Q:V106M:V108Q,0.7978990266488263,9,0.9561948690980997,1.280771717832204
G2E:T6S:G33T,1.043005341316224,7,1.0947475487630713,1.2271675720601278
G2E:T6S:G33T:D95Q:T112E,0.8933590677720001,7,1.0486466811492954,1.4422713108360297
G2E:T6S:G33T:I91C,1.1846474680426942,9,1.0715959936688835,1.334412889619321
G2E:T6S:G33T:I91C:V108Q,1.1646098602376027,9,1.0161174584784924,1.4060909732136135
G2E:T6S:G33T:Q46C:R97D,0.7998529161015605,7,0.9352865622855673,1.058823310446158
G2E:T6S:G33T:Q46C:T112E,0.8217154596979392,8,0.9370804680669131,1.0665208518063893
G2E:T6S:G33T:Q46I,1.0516214657220913,9,0.9193172462994361,1.0755099255849996
G2E:T6S:G33T:Q46I:V106M,1.030062748057874,7,0.9580725844595044,1.1959965127189494
G2E:T6S:G33T:Q46R:D95Q,0.9978436085855568,9,1.0205648329949304,1.1046904059011502
G2E:T6S:G33T:Q46R:T112E,1.0874978921409808,9,1.0979121454205163,1.292521660990412
G2E:T6S:G33T:Q46R:V108Q,1.0628898425383266,8,1.0268103878242203,1.1534166118875355
G2E:T6S:G33T:Q46V:D95Q,0.9176230872552102,9,0.87983740682024,0.969669895788366
G2E:T6S:G33T:Q46V:V106M,0.9660501416054128,8,0.9803168349999892,1.1608767703371026
G2E:T6S:G33T:R59N,1.1632579127772065,9,0.9701348249991741,1.167734594215071
G2E:T6S:G33T:R59N:D60Q,1.173455992877398,8,1.028644561999577,1.4471190046814773
G2E:T6S:G33T:R59N:I91C,1.0817312712165477,9,0.9469832699049863,1.2327231946367352
G2E:T6S:G33T:R59N:R97D,0.9778293555560128,7,0.9839641416237332,1.3096633085239646
G2E:T6S:G33T:R59N:T112E,1.0145914955807709,8,0.9857580474050791,1.341182917031417
G2E:T6S:G33T:R59N:V106M,0.9923288273682084,9,1.0088901631592424,1.3422461512371746
G2E:T6S:G33T:R59N:V108Q,1.060384053709606,9,0.914656289808783,1.2210205203246496
G2E:T6S:G33T:R97D,1.0514619843982325,9,1.1085768653876307,1.3757344274885175
G2E:T6S:G33T:R97D:T112E,1.0964269589746,8,1.1242000877935356,1.5843700907765195
G2E:T6S:G33T:T112E,1.109029203632999,8,1.1103707711689763,1.3849432776678217
G2E:T6S:G33T:V106M,1.0418335691526135,9,1.1335028869231396,1.4112483863637006
G2E:T6S:G33T:V108Q,0.9862716121038676,9,1.0392690135726803,1.279009450813767
G2E:T6S:I91C:D95Q,1.1167057661200452,9,0.9497665110342348,1.14315919957349
G2E:T6S:I91C:R97D:T112E,1.101802050424168,7,1.0409431400843798,1.4552603512771252
G2E:T6S:I91C:R97D:V108Q,0.929802544595976,8,0.9698413824880837,1.2780926655619307
G2E:T6S:Q46C:D60Q:I91C,0.8063062020260581,9,0.8967100349522554,0.9877759178495081
G2E:T6S:Q46C:D60Q:R97D,1.0043768468418182,9,0.9336909066710024,1.0798994043490102
G2E:T6S:Q46C:D60Q:T112E,1.0188764181852836,8,0.9354848124523482,1.0864575518576989
G2E:T6S:Q46C:D60Q:V108Q,0.7856662246233342,9,0.864383054856052,0.9522381238868534
G2E:T6S:Q46C:D95Q:V108Q,0.5447153579238979,9,0.7441492278359682,0.7076482329374179
G2E:T6S:Q46C:I91C:D95Q,0.8027107499711345,7,0.7764762079321715,0.7736002317635787
G2E:T6S:Q46C:R59N:D60Q,0.6596779547077021,7,0.7952488662825459,0.7291989476938593
G2E:T6S:Q46C:R97D:T112E,0.8831626791346499,7,0.8908043920765043,1.0198888695203896
G2E:T6S:Q46C:R97D:V108Q,0.7421595131131983,8,0.8197026344802082,0.8186042834386751
G2E:T6S:Q46C:T112E,0.9553290398475638,9,0.8769750754519452,0.917070182042397
G2E:T6S:Q46C:V106M,0.9380094214442348,8,0.9001071912061085,0.9277759182958812
G2E:T6S:Q46C:V106M:T112E,0.710725580665003,7,0.9157304136120135,1.0174411038017308
G2E:T6S:Q46C:V108Q:T112E,0.8435086885803266,9,0.821496540261554,0.8896284591723569
G2E:T6S:Q46I:D95Q:T112E,0.7739450847990401,8,0.8131109860706923,0.8991906159746
G2E:T6S:Q46I:D95Q:V106M,0.8858754013415993,7,0.8362431018248556,0.9194953196453264
G2E:T6S:Q46I:I91C:D95Q,0.8774407531536136,7,0.7743362085705996,0.7915000225734546
G2E:T6S:Q46I:I91C:T112E,0.8866450017677795,7,0.8516835209961854,0.9891177028104614
G2E:T6S:Q46I:I91C:V106M,0.9844608036862652,8,0.8748156367503487,1.029065446523544
G2E:T6S:Q46I:R59N,0.9332770410379426,8,0.734599129920571,0.7089910291164183
G2E:T6S:Q46I:R59N:T112E,0.7457380726261704,9,0.7502223523264759,0.7908375753092647
G2E:T6S:Q46I:R97D:T112E,0.9853174987133592,9,0.8886643927149324,1.0445940604551476
G2E:T6S:Q46I:V108Q,1.018947071168295,8,0.8037333184940771,0.829131154696618
G2E:T6S:Q46I:V108Q:T112E,0.983836474362325,7,0.8193565408999821,0.9308508074792784
G2E:T6S:Q46R,1.14224330412907,7,1.0221835303996434,1.0315610862362585
G2E:T6S:Q46R:D60Q:D95Q,0.9838835640280802,7,1.0189691773803655,1.0973694293377767
G2E:T6S:Q46R:D60Q:T112E,1.1842612004543076,7,1.0963164898059514,1.297709856702341
G2E:T6S:Q46R:D95Q:V108Q,0.9061746818797186,8,0.9049809051895714,0.8689778511086929
G2E:T6S:Q46R:I91C,1.0457244285004996,9,0.9990319753054556,1.0269875285922385
G2E:T6S:Q46R:R59N:R97D,0.7853711141231401,9,0.9114001232603053,0.8086329354370863
G2E:T6S:Q46R:R59N:V106M,0.7978523312216924,9,0.9363261447958143,0.8656008761092528
G2E:T6S:Q46R:R59N:V108Q,0.7477068167891947,9,0.842092271445355,0.7101678353306193
G2E:T6S:Q46R:R97D:V106M,1.0398930392609094,7,1.0747681851842708,1.268993516261517
G2E:T6S:Q46R:V106M:T112E,0.8547802175992818,8,1.0765620909656166,1.2413553529112282
G2E:T6S:Q46R:V108Q,0.9483527717935416,9,0.9667049952092523,0.9727969273863076
G2E:T6S:Q46R:V108Q:T112E,1.011704725695981,8,0.9823282176151573,1.0838715323729657
G2E:T6S:Q46V:D60Q:R97D,0.9529857628328968,8,0.9537951578499152,1.1147517491329133
G2E:T6S:Q46V:D60Q:V106M,0.9683091981030796,8,0.9787211793854244,1.155002674682045
G2E:T6S:Q46V:D60Q:V108Q,0.9112031966312036,8,0.884487306034965,0.9982972576724594
G2E:T6S:Q46V:D95Q,0.8648690153034561,8,0.8197320142052722,0.8171023156397358
G2E:T6S:Q46V:D95Q:R97D,0.9902259088916422,8,0.8335613308298313,0.9248217477780935
G2E:T6S:Q46V:R59N,0.6898509365857443,9,0.7568433804610557,0.6118236203171729
G2E:T6S:Q46V:R97D:V108Q,0.8331110607961055,9,0.8398068856591211,0.8441534410477719
G2E:T6S:Q46V:V108Q:T112E,0.8674812870453372,8,0.841600791440467,0.9392862045992684
G2E:T6S:R59N:D60Q:T112E,1.1671777717455298,8,0.9841623917905142,1.3934997283344994
G2E:T6S:R59N:D60Q:V108Q,1.0672307074041316,9,0.913060634194218,1.2699993459752899
G2E:T6S:R59N:D95Q,1.2100809475307146,9,0.8483053423645253,0.981875148818514
G2E:T6S:R59N:I91C,1.0356952596010702,8,0.8868778772900183,1.0176343354440287
G2E:T6S:R59N:I91C:D95Q,0.8908979276283336,7,0.8251537872703375,1.0052837344215457
G2E:T6S:R59N:I91C:V108Q,0.9764970157558246,8,0.8313993420996273,1.0479424055947408
G2E:T6S:R59N:R97D:V106M,1.1123525489496635,8,0.9626140871688336,1.3010714280421736
G2E:T6S:R59N:V108Q,1.0865776904760676,8,0.854550897193815,1.0139055380598245
G2E:T6S:R97D:V106M:T112E,1.1687246033285974,7,1.102850033338636,1.5778362736534826
G2E:T6S:R97D:V108Q,0.8937773715376865,8,0.9929929375822715,1.1585860205589458
G2E:T6S:T112E,1.0087527637771985,9,1.0502653785540084,1.1865479633591152
G2E:V106M,1.0562218853902885,7,0.8810884806544194,0.9114567577816479
G2E:V106M:V108Q:T112E,0.888352149125916,8,0.8412331678699333,0.9990726155981763
G33T:D60Q:D95Q:R97D:V106M,1.139198867233288,8,0.933893621904654,1.4187460471498772
G33T:D60Q:D95Q:R97D:V108Q,0.9589360085235622,8,0.8396597485541947,1.144619398310803
G33T:D60Q:D95Q:V106M:T112E,1.0762065368721905,9,0.9356875276859998,1.3097128332364263
G33T:D60Q:D95Q:V108Q:T112E,0.9420375587750396,7,0.8414536543355404,1.1508710181500843
G33T:D60Q:I91C:D95Q,1.068632910572589,8,0.8581574120258388,1.0341841485822025
G33T:D60Q:I91C:R97D:V106M,1.2613952938783126,7,0.9724661568301471,1.4748823290549793
G33T:D60Q:I91C:V106M:T112E,1.0699054453502888,8,0.9742600626114929,1.3907553549317002
G33T:D60Q:I91C:V106M:V108Q,1.1161882054114067,9,0.9031583050151968,1.3063651310454372
G33T:D60Q:R97D:V108Q,1.0781259433846304,9,0.9013838385738755,1.1069375858861643
G33T:D60Q:R97D:V108Q:T112E,0.9555150211351048,8,0.9170070609797805,1.298088350959639
G33T:D60Q:V106M,1.3074618255728672,7,0.9817883952997757,1.1305732736585536
G33T:D95Q,1.1289365648180494,7,0.8227992301196235,0.8495508708030984
G33T:D95Q:R97D,1.0860373693357517,7,0.8366285467441827,0.991365176168867
G33T:D95Q:R97D:V108Q:T112E,0.8242481969498079,8,0.7967732339596967,1.1210901720893476
G33T:D95Q:V106M,1.1480494294885608,9,0.8615545682796918,0.9832147667002242
G33T:D95Q:V106M:V108Q,1.064820998480222,9,0.8060760330893008,0.9852466122624867
G33T:I91C:D95Q:V108Q,0.8530144789314018,9,0.7441691398350446,0.8811757752375391
G33T:I91C:R97D:V108Q,0.9440827490201616,8,0.8197225464792847,1.0030704003211632
G33T:I91C:T112E,1.012303018587582,9,0.8769949874510217,0.9960759149811583
G33T:I91C:V106M,1.1685325335710774,8,0.900127103205185,1.056652735383003
G33T:I91C:V106M:V108Q:T112E,0.9493854238874035,7,0.8602717904206988,1.2369570522710351
G33T:I91C:V108Q:T112E,0.9890569880619408,7,0.8215164522606305,1.0387933692294067
G33T:Q46C:D60Q:D95Q:T112E,0.5897076831245363,7,0.7236418864238683,0.7053038215990526
G33T:Q46C:D60Q:I91C,0.720129656788255,7,0.7465911989434564,0.6941379235770718
G33T:Q46C:D60Q:I91C:R97D,0.7053153208364613,9,0.7604205155680155,0.8027366460877995
G33T:Q46C:D60Q:R97D,0.8142807381013765,7,0.7835720706622034,0.7824484390543245
G33T:Q46C:D60Q:V106M:T112E,0.6585740161379925,8,0.8241213146036175,0.8716519806011643
G33T:Q46C:D60Q:V108Q:T112E,0.6517815085918965,8,0.7298874412531581,0.7589519927028953
G33T:Q46C:D95Q:R97D:V106M,0.6931524747907152,7,0.7020935818021877,0.8065726973053661
G33T:Q46C:D95Q:R97D:V108Q,0.5565137038700265,7,0.6078597084517283,0.530090868953089
G33T:Q46C:D95Q:V106M,0.7015647314762642,7,0.6882642651776285,0.6283476185515857
G33T:Q46C:I91C:D95Q:V108Q,0.431968192039371,9,0.5708788367329813,0.4397767273166663
G33T:Q46C:I91C:T112E,0.714929363861471,7,0.7037046843489584,0.6516814360358741
G33T:Q46C:R59N:D95Q:T112E,0.2530642408695714,8,0.540519425659568,0.26865804091307827
G33T:Q46C:R59N:I91C:T112E,0.2661829815363939,9,0.5790919605850611,0.29981541693548774
G33T:Q46C:R59N:I91C:V108Q,0.2015571799914066,8,0.507990202988765,0.1838947498595685
G33T:Q46C:R59N:R97D:T112E,0.3224927726600515,9,0.616072832303808,0.43240729177922055
G33T:Q46C:R59N:V106M:T112E,0.2628171448038607,9,0.6409988538393172,0.4137725909245197
G33T:Q46C:R97D:T112E,0.8032842243139761,7,0.7406855560677054,0.7486547348615736
G33T:Q46C:T112E,0.713924688111798,7,0.7268562394431461,0.6784700156044088
G33T:Q46C:V106M:T112E,0.7525350222054548,9,0.7656115776032144,0.7329511501688462
G33T:Q46I:D60Q,1.010735054146082,9,0.7676027546760722,0.7584083241907598
G33T:Q46I:D60Q:D95Q:T112E,0.6292572896432058,9,0.7215018870622963,0.7007179413855931
G33T:Q46I:D60Q:I91C,0.8138331730902003,9,0.7444511995818844,0.7328742091438922
G33T:Q46I:D60Q:I91C:V108Q,0.6499894039957778,9,0.6889726643914933,0.6699744549975126
G33T:Q46I:D60Q:R97D,0.8501936785620114,9,0.7814320713006313,0.775874812417882
G33T:Q46I:D60Q:R97D:V108Q,0.365891453214006,9,0.7259535361102403,0.6687836582831126
G33T:Q46I:D60Q:V106M,0.8701125672691804,7,0.8063580928361405,0.8257179143816763
G33T:Q46I:D60Q:V108Q,0.8905071035931943,9,0.712124219485681,0.6756723652037268
G33T:Q46I:D95Q,0.576730042062237,7,0.6473689276559883,0.5542603080936296
G33T:Q46I:D95Q:T112E,0.6534949491700534,8,0.6629921500618934,0.603014716872021
G33T:Q46I:D95Q:V106M:V108Q,0.4729976835130115,7,0.6306457306256654,0.522944541179867
G33T:Q46I:D95Q:V108Q,0.3860828825209801,9,0.5918903924655972,0.425787420941907
G33T:Q46I:I91C:D95Q:V108Q,0.3194220646277163,7,0.5687388373714094,0.4047667874345094
G33T:Q46I:I91C:V108Q:T112E,0.6774372015935218,9,0.6460861497969953,0.6394889981074849
G33T:Q46I:R59N:D60Q,0.6104125106476419,9,0.6429900309121749,0.5402470445242546
G33T:Q46I:R59N:D60Q:I91C,0.4150622861664269,9,0.6198384758179871,0.47245621233985813
G33T:Q46I:R59N:D60Q:R97D,0.4411407187106755,7,0.6568193475367341,0.5510753916318812
G33T:Q46I:R59N:D95Q:R97D,0.3316143198887739,7,0.5365855205166502,0.3206608841923824
G33T:Q46I:R59N:D95Q:V106M,0.3566837265980964,9,0.5615115420521593,0.3394606456844129
G33T:Q46I:R59N:I91C:R97D,0.2526228687888119,8,0.5751580554421433,0.37332612860393083
G33T:Q46I:R59N:I91C:T112E,0.3719181559826044,7,0.5769519612234891,0.4209587444271431
G33T:Q46I:R59N:R97D:V106M,0.4183042194541579,8,0.6370649486963993,0.5197113585782356
G33T:Q46I:R59N:V106M,0.3664794706868665,8,0.6232356320718402,0.4729767983467253
G33T:Q46I:R97D:V108Q:T112E,0.4947061221803669,9,0.6830670215157423,0.6469609847415317
G33T:Q46I:V106M:V108Q:T112E,0.5552425636676083,7,0.7079930430512513,0.7276002404810621
G33T:Q46I:V108Q:T112E,0.6908285012497364,7,0.6692377048911831,0.6490506345851694
G33T:Q46R:D60Q:D95Q:R97D,1.0426110970074771,9,0.8826796579961257,0.9538674896511693
G33T:Q46R:D60Q:D95Q:V108Q,0.567056013246994,9,0.8133718061811754,0.7562224379421069
G33T:Q46R:D60Q:I91C,1.140015720366923,8,0.9074228762970596,0.9262440888596508
G33T:Q46R:D60Q:I91C:D95Q,0.5880869042630003,7,0.8456987862773787,0.8160682383631283
G33T:Q46R:D60Q:I91C:T112E,0.9565046776161212,7,0.9230460987029646,1.0170353378375847
G33T:Q46R:D60Q:R97D:V108Q,0.8014553165614701,8,0.8889252128254155,0.9248522098714405
G33T:Q46R:D60Q:V106M:T112E,1.0112605517625726,7,0.9849529919572206,1.1360385595497977
G33T:Q46R:D95Q:R97D:T112E,0.8525344730772189,9,0.8397931434016277,0.9326567939978769
G33T:Q46R:D95Q:T112E,0.9431154213842776,7,0.8259638267770685,0.7897144713567371
G33T:Q46R:I91C:R97D,0.8843261371194987,7,0.8627424559212158,0.8840687406471636
G33T:Q46R:I91C:V106M,1.0413792392379886,7,0.8876684774567248,0.9435187681528087
G33T:Q46R:I91C:V106M:V108Q,0.8697981709265515,7,0.8321899422663338,0.909985973308978
G33T:Q46R:R59N:D60Q:I91C,0.5163578142789762,8,0.7828101525331623,0.6162825414735971
G33T:Q46R:R59N:D60Q:T112E,0.8257271321868788,9,0.8215849300332551,0.7532001134918764
G33T:Q46R:R59N:D95Q,0.4228030527685161,8,0.6857278806072662,0.4067614859370782
G33T:Q46R:R59N:I91C:R97D,0.3725629386981732,7,0.7381297321573185,0.5329843511013751
G33T:Q46R:R59N:R97D:T112E,0.5757465166126666,8,0.7769045096574113,0.660583675354834
G33T:Q46R:R59N:V106M,0.5682710018880778,7,0.7862073087870154,0.6091346844490614
G33T:Q46R:R97D:V106M:V108Q,0.9091613019138304,9,0.8691708139850807,0.9402855534254126
G33T:Q46R:R97D:V108Q,0.8666845706043085,7,0.8304154758250124,0.7694385888165448
G33T:Q46R:T112E,0.9665172172101106,8,0.8876879167967494,0.8877296113630098
G33T:Q46R:V106M,0.9678653559405714,7,0.9108200325509126,0.9208934730192943
G33T:Q46R:V106M:V108Q:T112E,0.9228104259502128,8,0.8709647197664265,0.9582819337688732
G33T:Q46R:V108Q:T112E,0.8505152392602531,8,0.8322093816063583,0.8428188839665348
G33T:Q46V:D60Q:D95Q:R97D,0.8032802261902522,7,0.7419522318214353,0.7601131278788398
G33T:Q46V:D60Q:I91C:D95Q,0.4161226459648399,7,0.7049713601026883,0.6276179096274599
G33T:Q46V:D60Q:I91C:V108Q,0.6894583342585792,8,0.7112169149319781,0.6984756163738436
G33T:Q46V:D60Q:R97D:T112E,0.870979699240048,7,0.8192995442470212,0.9161824825826049
G33T:Q46V:D60Q:V106M:T112E,0.7493449444250659,7,0.8442255657825303,0.9189008303980459
G33T:Q46V:D95Q:R97D:T112E,0.7015423384571607,9,0.6990657172269373,0.751286668726413
G33T:Q46V:D95Q:R97D:V108Q,0.4501817797408596,8,0.6279639596306412,0.5204363801320755
G33T:Q46V:D95Q:V106M:T112E,0.6510308756028781,9,0.7239917387624464,0.7258927922320639
G33T:Q46V:I91C:D95Q:V108Q,0.4035617274481161,8,0.5909830879118942,0.4536628162624652
G33T:Q46V:I91C:R97D:V108Q,0.5415506820403032,9,0.6665364945561343,0.6034974197580665
G33T:Q46V:I91C:V106M:T112E,0.6476316011979705,8,0.7625642736879396,0.812461871963609
G33T:Q46V:I91C:V106M:V108Q,0.6520232718479891,9,0.6914625160916434,0.6983722285140614
G33T:Q46V:R59N,0.3722860400506134,7,0.6067245444522568,0.36941562539419626
G33T:Q46V:R59N:D60Q:V106M,0.42306823848142,8,0.703989619612728,0.5196512162482659
G33T:Q46V:R59N:D95Q:T112E,0.2751508187382558,7,0.5606236768384809,0.28139143334606065
G33T:Q46V:R59N:D95Q:V108Q,0.2268984903004056,8,0.48952191924218474,0.11152772772705549
G33T:Q46V:R59N:I91C:R97D,0.2703393759045461,7,0.5974023059826281,0.3167986650862933
G33T:Q46V:R59N:I91C:T112E,0.2955719918103547,8,0.599196211763974,0.33752875237522345
G33T:Q46V:R59N:R97D,0.3773384685642171,9,0.6205538610768159,0.360929744742522
G33T:Q46V:R59N:R97D:V106M,0.3681540947332297,9,0.6593091992368842,0.4621052341083177
G33T:Q46V:R59N:R97D:V108Q,0.2399211013915739,7,0.5650753258864247,0.2433731458298964
G33T:Q46V:R59N:V108Q,0.3090427538201092,7,0.5512460092618656,0.2762142216293072
G33T:Q46V:R97D,0.8673560953815251,9,0.7451665848407132,0.704536223704678
G33T:Q46V:T112E,0.8275417069625333,8,0.746960490622059,0.7255016930575182
G33T:Q46V:V106M,0.8636999294414294,9,0.7700926063762223,0.7351615961569059
G33T:R59N,1.0799286783943534,8,0.7599105963754071,0.7734422733962594
G33T:R59N:D60Q:I91C:R97D,1.1273984474346572,9,0.8090980949061816,1.0805003440312804
G33T:R59N:D60Q:I91C:V106M,1.0162601278446746,9,0.8340241164416906,1.1103378323560276
G33T:R59N:D60Q:R97D,1.1945651240029476,7,0.8322496500003693,1.0273769719951042
G33T:R59N:D60Q:R97D:V106M,1.0822765452224468,9,0.8710049881604376,1.2306786458013903
G33T:R59N:D60Q:V106M,0.9917938316248008,9,0.8571756715358784,1.0444076706742782
G33T:R59N:D95Q,0.917615808675616,7,0.6981865063557262,0.7158157309115473
G33T:R59N:D95Q:R97D:V106M,0.9438082248095392,9,0.7507711611403537,1.0570536475006924
G33T:R59N:D95Q:V108Q,0.9612260495795666,9,0.6427079711653352,0.6922041723192921
G33T:R59N:I91C,1.0420564623226054,8,0.7367590412812194,0.7588219388919438
G33T:R59N:I91C:D95Q:T112E,0.7627675125407173,8,0.6906581736674435,0.8394729720007716
G33T:R59N:I91C:D95Q:V106M,0.8188150488156043,7,0.7137902894216067,0.8905178079077698
G33T:R59N:I91C:R97D:T112E,0.8990513081251692,9,0.7662115803116836,1.0107267471166488
G33T:R59N:I91C:V106M,0.9275604495538166,8,0.7755143794412876,0.8937457142209597
G33T:R59N:I91C:V106M:T112E,0.8287361864744772,7,0.7911376018471926,1.0199177425589383
G33T:R59N:I91C:V108Q,0.8716959988700528,8,0.6812805060908282,0.7674377166976656
G33T:R59N:R97D:V106M,1.0795295513658711,8,0.8124952511600346,0.9925562732729427
G33T:R59N:R97D:V106M:T112E,1.0399343144046578,7,0.8281184735659396,1.1489213393527478
G33T:R59N:R97D:V108Q:T112E,0.9485242869219128,9,0.7338846002154802,0.9614372029677412
G33T:R59N:T112E,1.0516998707691676,7,0.7755338187813121,0.85236418287507
G33T:R59N:V106M:T112E,0.8951869238107522,7,0.8142891569413804,0.9578513071486592
G33T:R59N:V108Q:T112E,0.9861130606864468,7,0.7200552835909211,0.8766894796386048
G33T:R97D,1.149930677607882,8,0.8983526367638636,0.9494044220553647
G33T:R97D:T112E,1.1339733428451606,9,0.9139758591697686,1.0635136720058318
G33T:T112E,1.1313249427689034,9,0.9001465425452094,0.947772612409463
G33T:V108Q:T112E,1.1175113760118274,9,0.8446680073548183,0.9706538618170582
I91C:D95Q:R97D:V108Q:T112E,0.942219494543014,9,0.713516286250541,0.9625137757598855
I91C:D95Q:V108Q:T112E,0.7381911140715354,9,0.6996869696259818,0.8020334328225067
I91C:R97D,1.0608325264459657,9,0.8150956890547079,0.8583087493852474
I91C:V106M,1.0543501818458103,9,0.840021710590217,0.8960415605663298
L3N:A28H:D60Q:D95Q:R97D,0.8322742377084393,7,0.8296746920170671,1.13084114982342
L3N:A28H:D60Q:I91C:R97D,0.9019232821653056,8,0.8682472269425602,1.1872829713878348
L3N:A28H:D60Q:I91C:T112E,0.8875253640038178,9,0.870041132723906,1.166762743471921
L3N:A28H:D60Q:I91C:V108Q,0.8761505820983956,8,0.7989393751276099,1.0831821050626749
L3N:A28H:D60Q:R97D:T112E,0.8667017428765247,7,0.907022004442653,1.2478555420743322
L3N:A28H:D60Q:T112E,1.0086795931270118,9,0.8931926878180938,1.0950350449660098
L3N:A28H:D95Q:R97D:T112E,0.8297586582256592,9,0.7867881774225691,1.082699833792987
L3N:A28H:G33T:D60Q,1.0441812852619263,9,0.9376748580271568,1.1860341411561657
L3N:A28H:G33T:D60Q:R97D,0.9828438603807116,7,0.9515041746517159,1.3390464658756809
L3N:A28H:G33T:D60Q:V106M,1.0371075211153078,7,0.976430196187225,1.3913651790044506
L3N:A28H:G33T:D95Q:V106M,0.9413587316255156,7,0.8561963691671411,1.1802274559955463
L3N:A28H:G33T:D95Q:V108Q,0.8444755180859019,9,0.7619624958166817,0.9904500008382457
L3N:A28H:G33T:I91C:T112E,0.8206615822289598,9,0.8716367883384709,1.2006997953790446
L3N:A28H:G33T:Q46C:D60Q,0.7792618670389214,7,0.7643845549250935,0.8231490753515904
L3N:A28H:G33T:Q46C:I91C,0.6771040951731578,8,0.6827232628305027,0.692310928828988
L3N:A28H:G33T:Q46C:R97D,0.72101466002523,8,0.7197041345492496,0.751479824661319
L3N:A28H:G33T:Q46I:T112E,0.6603796416305906,7,0.7193580409690234,0.7713314148542878
L3N:A28H:G33T:Q46I:V108Q,0.6896871728578962,8,0.6482562833727273,0.6324779027510306
L3N:A28H:G33T:Q46R,0.8702159621535929,7,0.8667064952782937,0.8493061720877881
L3N:A28H:G33T:Q46R:D60Q,0.8292324884413245,8,0.9252162322786966,1.0036030260176279
L3N:A28H:G33T:Q46V:I91C,0.639203462639424,9,0.7028275140094156,0.7237050582657629
L3N:A28H:G33T:Q46V:V108Q,0.6928409686465863,7,0.6705005339132122,0.6678346097182739
L3N:A28H:G33T:R59N:D60Q,1.016417305730568,9,0.8130621342632595,1.1178264199491403
L3N:A28H:G33T:V106M,1.0079151256706178,8,0.917920459186822,1.155498478033932
L3N:A28H:I91C:D95Q,0.9162084685561218,8,0.7341840832979172,0.8427736052574389
L3N:A28H:I91C:R97D,1.0153618837258602,9,0.8097374899421572,0.9798917574885061
L3N:A28H:I91C:R97D:T112E,0.894462091791525,8,0.8253607123480622,1.1139092956869125
L3N:A28H:I91C:V106M,1.0350036689406363,7,0.8346635114776663,1.0499814669572107
L3N:A28H:Q46C:D60Q,0.6884156780397813,8,0.7042791623101256,0.6771081718019907
L3N:A28H:Q46C:D60Q:D95Q,0.4707253360834954,9,0.6425550722904447,0.5659500321745967
L3N:A28H:Q46C:D60Q:I91C,0.6116125927273836,8,0.6811276072159378,0.6530770682291901
L3N:A28H:Q46C:D60Q:V106M,0.7709049434832916,8,0.7430345004701938,0.7721461181853504
L3N:A28H:Q46C:D95Q:T112E,0.6392355563552772,9,0.5996685576959466,0.5263137416860104
L3N:A28H:Q46C:I91C:R97D,0.5993999309965818,7,0.6364471868400939,0.6056748455263116
L3N:A28H:Q46C:R59N:I91C,0.2837746706571413,7,0.49800514645163746,0.17943679787618383
L3N:A28H:Q46C:R59N:R97D,0.2645328477751825,9,0.5349860181703845,0.27396042216244826
L3N:A28H:Q46C:R97D,0.668152639586061,7,0.6595987419342817,0.6110235349785247
L3N:A28H:Q46C:R97D:V106M,0.7147081539074438,9,0.69835408009435,0.7455979603629328
L3N:A28H:Q46C:V106M,0.6922930136474377,7,0.6845247634697909,0.6532875481502388
L3N:A28H:Q46C:V106M:V108Q,0.5723374460557815,9,0.6290462282793997,0.596250467023445
L3N:A28H:Q46C:V108Q,0.7158760987619484,9,0.5902908901193314,0.5165557038557953
L3N:A28H:Q46I:D60Q:V106M,0.4850965097187517,8,0.7408945011086219,0.7273889194913999
L3N:A28H:Q46I:D60Q:V108Q,0.5106987055158282,8,0.6466606277581625,0.5531892006762547
L3N:A28H:Q46I:I91C:V108Q,0.4314109743758527,7,0.5649993356635716,0.41875982312908067
L3N:A28H:Q46I:R59N,0.3805560541334918,9,0.5190167021842533,0.30783214580732093
L3N:A28H:Q46I:R59N:D60Q,0.4765356037448638,8,0.5775264391846563,0.4120656210954655
L3N:A28H:Q46I:R59N:T112E,0.3941643191616268,8,0.5346399245901583,0.3420197168363434
L3N:A28H:Q46I:R97D:V106M,0.7089144198119127,7,0.696214080732778,0.6596007487769551
L3N:A28H:Q46I:V106M,0.6843818794651256,7,0.6823847641082188,0.615209510517327
L3N:A28H:Q46I:V106M:V108Q,0.5451593191447633,9,0.6269062289178278,0.526770412809631
L3N:A28H:Q46I:V108Q,0.4979691431108964,9,0.5881508907577595,0.45009462982098325
L3N:A28H:Q46R:D60Q:V108Q,0.621880587478146,9,0.8096323044733377,0.7750256504547292
L3N:A28H:Q46R:D95Q,0.6707997788381054,9,0.7448770126436449,0.5841837539723665
L3N:A28H:Q46R:D95Q:R97D,0.7253078908366282,7,0.758706329268204,0.66728465584182
L3N:A28H:Q46R:D95Q:V106M,0.6970969531504662,7,0.7836323508037132,0.7158762426197565
L3N:A28H:Q46R:I91C,0.7682582081386203,8,0.783449547569138,0.6894198387761913
L3N:A28H:Q46R:I91C:T112E,0.6593583965786146,9,0.799072769975043,0.7379566647390412
L3N:A28H:Q46R:R59N:D60Q,0.5261401131150324,7,0.7404981158998315,0.5487332158924627
L3N:A28H:Q46R:R97D,0.6837142440855689,8,0.820430419287885,0.7300883423142712
L3N:A28H:Q46R:V108Q:T112E,0.6708435601792344,7,0.7667457898788397,0.7074350288986647
L3N:A28H:Q46V:D60Q:T112E,0.7577194859634186,8,0.7400066358949434,0.7413352495377068
L3N:A28H:Q46V:D60Q:V106M,0.6758035231002152,9,0.7631387516491067,0.7773980037427037
L3N:A28H:Q46V:D95Q,0.5529892152408855,9,0.6041495864689546,0.4638327538617971
L3N:A28H:Q46V:D95Q:R97D,0.6274111877216041,7,0.6179789030935137,0.5299367546879488
L3N:A28H:Q46V:D95Q:V106M,0.5924255645585687,7,0.6429049246290228,0.5625104760580413
L3N:A28H:Q46V:I91C,0.5884432851703539,8,0.6427221213944476,0.5595212765816517
L3N:A28H:Q46V:I91C:V106M,0.6879093774459157,8,0.6814774595545159,0.6690281354912552
L3N:A28H:Q46V:R59N,0.3822164328853129,8,0.5412609527247381,0.2636035593388953
L3N:A28H:Q46V:R59N:D95Q,0.1721037620846531,9,0.47953686270505724,0.09906727034555929
L3N:A28H:Q46V:R97D,0.5952838989282436,8,0.6797029931131946,0.5948857470830706
L3N:A28H:Q46V:R97D:T112E,0.6532929615480313,7,0.6953262155190996,0.6641048028934983
L3N:A28H:Q46V:T112E,0.7193217205189197,9,0.6814968988945405,0.6240740478367465
L3N:A28H:Q46V:V106M:T112E,0.633054197254419,7,0.7202522370546087,0.7041442556909233
L3N:A28H:Q46V:V106M:V108Q,0.5343561675995189,8,0.6491504794583126,0.5921991654059919
L3N:A28H:R59N:D95Q,0.709625181711633,8,0.6327229146282076,0.6681573575745703
L3N:A28H:R59N:I91C:V106M,0.7254420090334921,7,0.7100507877137691,0.8819313932700961
L3N:A28H:R59N:R97D,0.8425808244294917,9,0.7082763212724477,0.787286324412877
L3N:A28H:R59N:R97D:T112E,0.8337027833915889,8,0.7238995436783527,0.9163095598814539
L3N:A28H:R59N:V106M:T112E,0.7383342580483464,8,0.7488255652138618,0.9463846047829894
L3N:A28H:R59N:V108Q,0.8368356200750068,9,0.6389684694574974,0.7273596060490044
L3N:A28H:R97D,0.885102097309463,7,0.832889045036345,0.9101485648004892
L3N:A28H:R97D:T112E,0.8668040737242639,8,0.8485122674422501,1.023499183060414
L3N:A28H:R97D:V106M:T112E,0.9800754018948036,8,0.8872676056023183,1.2452320543561295
L3N:A28H:R97D:V108Q,0.7791742112712278,9,0.7774105098459538,0.8736841016381272
L3N:A28K:D60Q,1.0380039812545951,7,0.8339301006341628,0.9329311102606402
L3N:A28K:D60Q:D95Q:R97D,0.858166884709978,8,0.7860353272390411,1.0789118830581086
L3N:A28K:D60Q:D95Q:T112E,0.8028192703367898,9,0.787829233020387,1.0340371792186869
L3N:A28K:D60Q:D95Q:V106M,0.8088362298471714,8,0.8109613487745502,1.0925871315745943
L3N:A28K:D60Q:I91C:V106M,0.9362069724210282,9,0.8495338837000433,1.1831786583232706
L3N:A28K:D60Q:I91C:V108Q,0.8460382050002951,7,0.7553000103495839,1.0125154066480886
L3N:A28K:D60Q:R97D:V106M,0.963881390303058,7,0.8865147554187902,1.2542348626036106
L3N:A28K:D60Q:T112E,0.9326928518221048,8,0.8495533230400678,1.0324682365596054
L3N:A28K:D95Q,0.7705266001006714,7,0.713696273614079,0.7778276239369034
L3N:A28K:D95Q:R97D:V106M,0.8120452826480571,9,0.7662809283987064,1.1327637576628367
L3N:A28K:D95Q:V106M,0.9431682351407714,7,0.7524516117741472,0.9229648911330873
L3N:A28K:D95Q:V106M:V108Q,0.7637250460152494,7,0.6969730765837561,0.91221299659873
L3N:A28K:D95Q:V108Q,0.7224438721887224,7,0.6582177384236878,0.7399882778920889
L3N:A28K:G33T,0.8574055756177629,7,0.8355257562487277,0.9507181039059669
L3N:A28K:G33T:D60Q:I91C,1.0587862649600024,8,0.8708839381549429,1.2290723660654743
L3N:A28K:G33T:D60Q:R97D,0.9075130404779967,8,0.9078648098736899,1.2744451541588115
L3N:A28K:G33T:D60Q:T112E,0.8865067670523764,9,0.9096587156550358,1.273597115074372
L3N:A28K:G33T:D95Q:R97D,0.8152934892495545,8,0.787630982853606,1.1203292122066193
L3N:A28K:G33T:D95Q:T112E,0.7562740286851888,9,0.7894248886349519,1.0765939022187405
L3N:A28K:G33T:D95Q:V108Q,0.7978053304705384,8,0.7183231310386557,0.9464203888672902
L3N:A28K:G33T:I91C:R97D,0.8528730964684881,9,0.8262035177790991,1.1739892998252017
L3N:A28K:G33T:Q46C:D60Q,0.589372905716335,8,0.7207451901470674,0.774413703564895
L3N:A28K:G33T:Q46I:D60Q,0.7180092992956687,8,0.7186051907854955,0.839932932843644
L3N:A28K:G33T:Q46I:R59N,0.3987442151027646,9,0.5354827300211952,0.5113899636660056
L3N:A28K:G33T:Q46I:T112E,0.7699451624978891,8,0.6757186761909975,0.7929597087560281
L3N:A28K:G33T:Q46R,0.8369642778916019,8,0.8230671305002677,0.8490465135685795
L3N:A28K:G33T:Q46R:D60Q,0.86227192918964,9,0.8815768675006707,0.985623116259254
L3N:A28K:G33T:Q46R:R97D,0.7706425672063715,8,0.8368964471248268,0.9012649078079689
L3N:A28K:G33T:Q46V:D95Q,0.6274988064257486,7,0.6206156143058964,0.5959887543631941
L3N:A28K:G33T:Q46V:T112E,0.6482528515931641,7,0.6979629267314823,0.7614658464059723
L3N:A28K:G33T:Q46V:V106M,0.751216279229886,8,0.7210950424856456,0.7898988527102038
L3N:A28K:G33T:Q46V:V108Q,0.6577900790380848,8,0.6268611691351862,0.6353148735988641
L3N:A28K:G33T:R59N:I91C,0.7796441186827471,7,0.6877614773906426,0.9082560746659145
L3N:A28K:G33T:R59N:V106M,0.6386110945125603,7,0.7496683706448987,1.0125001319853397
L3N:A28K:G33T:R97D,0.8858039877501008,9,0.8493550728732869,1.0526684385502934
L3N:A28K:G33T:R97D:V106M,0.9197182862760516,7,0.8881104110333552,1.2842999506852435
L3N:A28K:G33T:T112E,0.8549461544265269,8,0.8511489786546327,1.0563855087446439
L3N:A28K:G33T:V108Q,0.8030144765616096,9,0.7800472210583366,0.9680839502179961
L3N:A28K:I91C:D95Q,0.6654450126218068,9,0.6905447185198912,0.8143554100626398
L3N:A28K:I91C:D95Q:R97D,0.8153353591163394,7,0.7043740351444503,0.9854002231957129
L3N:A28K:I91C:R97D:V108Q,0.7981973450892516,8,0.7106195899737401,0.9053159625195193
L3N:A28K:I91C:V106M:T112E,0.8065097668869401,9,0.8066473691055454,1.102429415373863
L3N:A28K:Q46C:D60Q:I91C,0.5882784797766706,9,0.6374882424379118,0.6066141667457862
L3N:A28K:Q46C:D60Q:R97D,0.6790607356701972,9,0.6744691141566587,0.6812586490760496
L3N:A28K:Q46C:D60Q:V108Q,0.5545134367318894,9,0.6051612623417084,0.565737856956346
L3N:A28K:Q46C:D95Q,0.5396793191771442,9,0.5404059705120157,0.46306683140121996
L3N:A28K:Q46C:D95Q:R97D,0.597059433463726,7,0.5542352871365748,0.5453422438645497
L3N:A28K:Q46C:I91C:V106M,0.6590711254456277,8,0.617733843597577,0.6187669933849769
L3N:A28K:Q46C:R97D,0.5934433946452718,8,0.6159593771562557,0.5764900644029386
L3N:A28K:Q46C:R97D:T112E,0.6712294766592166,7,0.6315825995621607,0.6383237078993935
L3N:A28K:Q46C:V106M,0.5825741255200146,8,0.6408853986917648,0.6105191623321263
L3N:A28K:Q46C:V108Q:T112E,0.5829107102264973,9,0.5622747477472104,0.5202037858938139
L3N:A28K:Q46I,0.7285657000254805,8,0.5999900611701245,0.5931815379898705
L3N:A28K:Q46I:D60Q:R97D,0.5414419876371128,7,0.6723291147950867,0.6486939966624984
L3N:A28K:Q46I:D60Q:T112E,0.6564399107228395,8,0.6741230205764326,0.7007714805383302
L3N:A28K:Q46I:D60Q:V106M,0.6132919600549125,7,0.6972551363305959,0.7239930224885858
L3N:A28K:Q46I:D95Q,0.5440879443628769,7,0.5382659711504436,0.43607714407265946
L3N:A28K:Q46I:I91C:D95Q,0.4193030130005603,9,0.515114416056256,0.39490378630836287
L3N:A28K:Q46I:I91C:R97D,0.5191995304338385,8,0.590667822700496,0.5434363527079002
L3N:A28K:Q46I:R59N:V108Q,0.4298505554473339,8,0.41989880221583614,0.23235036562334815
L3N:A28K:Q46I:V106M,0.6613287308721681,8,0.6387453993301928,0.6295338647536779
L3N:A28K:Q46I:V106M:T112E,0.6895877430149091,9,0.6543686217360978,0.6701826918895415
L3N:A28K:Q46I:V108Q,0.5688834115366953,8,0.5445115259797335,0.4643160422988522
L3N:A28K:Q46I:V108Q:T112E,0.6428122500834977,7,0.5601347483856385,0.5139273943124959
L3N:A28K:Q46R:D60Q:V108Q,0.7684451162044735,8,0.7659929396953117,0.7451895336672912
L3N:A28K:Q46R:D95Q,0.6642814188004722,8,0.7012376478656188,0.5965961404047158
L3N:A28K:Q46R:I91C:R97D,0.6695097395433305,7,0.7536394994156711,0.7358123198387018
L3N:A28K:Q46R:R59N:T112E,0.6430467994079259,8,0.6539722365273075,0.48128364783348243
L3N:A28K:Q46R:R59N:V106M,0.4637273570365492,7,0.6771043522814707,0.505886963594439
L3N:A28K:Q46R:R97D:V106M,0.9186074827028728,9,0.8155463926699272,0.8815432181644755
L3N:A28K:Q46R:R97D:V108Q,0.6632636244502345,7,0.7213125193194678,0.6087149473277094
L3N:A28K:Q46R:T112E,0.7708027217407827,8,0.7785849602912047,0.7485643052382934
L3N:A28K:Q46R:V106M,0.9381797694025787,9,0.801717076045368,0.7984094954893715
L3N:A28K:Q46R:V108Q,0.7068619330715681,9,0.7074832026949086,0.6319035335275575
L3N:A28K:Q46R:V108Q:T112E,0.6749217080868006,8,0.7231064251008137,0.690869837745199
L3N:A28K:Q46V:D60Q:D95Q,0.4900734692629551,9,0.6190199586913315,0.5234813581725238
L3N:A28K:Q46V:D60Q:V106M,0.7363233238122225,8,0.7194993868710806,0.7287436975864116
L3N:A28K:Q46V:D95Q,0.5627804357756175,8,0.5605102216909286,0.4573240091668104
L3N:A28K:Q46V:D95Q:T112E,0.5590867574477415,7,0.5761334440968335,0.5007146049592155
L3N:A28K:Q46V:D95Q:V108Q,0.4097948975042241,8,0.5050316865005374,0.33750368639203837
L3N:A28K:Q46V:I91C:R97D,0.5876806187559899,9,0.6129120732409807,0.5699957254735245
L3N:A28K:Q46V:I91C:T112E,0.6087031364432226,8,0.6147059790223266,0.5771896497018066
L3N:A28K:Q46V:R59N:I91C,0.2530693727018573,9,0.4744700328525243,0.1826241589335097
L3N:A28K:Q46V:R59N:T112E,0.4994176115418174,8,0.513244810352617,0.29986720807010203
L3N:A28K:Q46V:R97D:V106M,0.7118264811611829,9,0.6748189664952369,0.694404725354793
L3N:A28K:Q46V:V108Q,0.6710062514339493,9,0.5667557765202182,0.4805877082864352
L3N:A28K:R59N:D60Q,0.7950454901603282,9,0.7093173768702655,0.8755710212331347
L3N:A28K:R59N:D60Q:R97D,0.7855146461771125,9,0.7231466934948247,0.9658923300697962
L3N:A28K:R59N:D95Q,0.7286899925901528,9,0.5890835498501816,0.6633287407206527
L3N:A28K:R59N:D95Q:T112E,0.7532755809236896,8,0.6047067722560866,0.766523516171207
L3N:A28K:R59N:V108Q:T112E,0.8450544600131804,7,0.6109523270853764,0.8072624131960066
L3N:A28K:R97D,0.8440641091830656,8,0.789249680258319,0.864750243766586
L3N:A28K:R97D:T112E,0.9680514026343756,9,0.804872902664224,0.9736515364213177
L3N:A28K:R97D:V106M:T112E,0.8728679842201645,7,0.8436282408242922,1.18214840300265
L3N:A28K:R97D:V108Q:T112E,0.7226962801719637,7,0.7493943674738329,0.9593938505845568
L3N:A28K:T112E,0.9504369395267396,7,0.7910435860396648,0.871893029388184
L3N:A28K:V106M,0.9176356286692,8,0.814175701793828,0.9137982483471909
L3N:A28K:V106M:T112E,0.7690151842080858,7,0.8297989241997331,0.9984227822423006
L3N:A28K:V106M:V108Q,0.8232762339056964,8,0.758697166603437,0.9154374853701575
L3N:D60Q,1.1542839478616076,9,0.835437433874951,0.8616722217131381
L3N:D60Q:D95Q:R97D,0.9315048808968912,8,0.7875426604798292,0.9680759694273489
L3N:D60Q:D95Q:V106M:T112E,0.9142798284803596,7,0.8280919044212434,1.097984244199489
L3N:D60Q:I91C,0.9404529815218527,9,0.8122858787807632,0.888122403152468
L3N:D60Q:I91C:D95Q,0.994194343859354,8,0.7505617887610824,0.8541892089206036
L3N:D60Q:I91C:D95Q:R97D,0.8607325164778614,8,0.7643911053856415,1.046947134105987
L3N:D60Q:I91C:V106M,1.0613009139675949,7,0.8510412169408315,1.0533269464346406
L3N:D60Q:I91C:V106M:T112E,0.8265815372364274,8,0.8666644393467364,1.1695907761638145
L3N:D60Q:I91C:V106M:V108Q,0.992811166330154,7,0.7955626817504404,1.0936037447162337
L3N:D60Q:I91C:V108Q:T112E,0.8245880125361094,8,0.7724305659962771,1.026538104530558
L3N:D60Q:R97D:V106M,0.9903922967377284,7,0.8880220886595784,1.1254356901515492
L3N:D60Q:R97D:V106M:V108Q,0.8456875514065976,7,0.8325435534691873,1.1215210884447524
L3N:D60Q:R97D:V108Q,0.8042094732569913,7,0.793788215309119,0.9032818299010199
L3N:D60Q:V106M:V108Q,0.8762921723446845,7,0.8187142368446282,0.9912975084601376
L3N:D95Q:R97D:V106M,0.9214468286864234,9,0.7677882616394945,1.0230702396868283
L3N:D95Q:R97D:V108Q,0.677420187244254,7,0.6735543882890351,0.7524193727350232
L3N:D95Q:R97D:V108Q:T112E,0.5839911934466806,8,0.6891776106949402,0.8958237970267409
L3N:G33T:D60Q:D95Q,0.8586494586605125,7,0.8338187364702381,0.9789803064761389
L3N:G33T:D60Q:I91C:D95Q,0.8835345552597147,7,0.8106671813760502,1.0654263485516386
L3N:G33T:D60Q:R97D,0.944355266301212,8,0.9093721431144781,1.1190332296299341
L3N:G33T:D60Q:V108Q:T112E,0.8728755752331552,9,0.8556875137054328,1.1837224901960255
L3N:G33T:D95Q:R97D,0.8144633883142868,8,0.7891383160943942,0.9840229421537952
L3N:G33T:D95Q:R97D:T112E,0.8039347642025818,7,0.8047615385002992,1.1395077125113002
L3N:G33T:D95Q:R97D:V106M,0.9993505584626574,8,0.8278936542544625,1.2276526721979608
L3N:G33T:I91C,0.9793813220047004,9,0.8138815343953281,0.9066963318931793
L3N:G33T:I91C:R97D,0.8965991124301833,9,0.8277108510198873,1.027511938317024
L3N:G33T:I91C:R97D:T112E,0.7897104023188352,8,0.8433340734257923,1.1741828053455319
L3N:G33T:I91C:R97D:V106M,0.9966787230379196,9,0.8664661891799555,1.2819708050745486
L3N:G33T:I91C:R97D:V108Q,0.7638160241367387,9,0.7722323158294961,1.0258143541325775
L3N:G33T:I91C:V108Q,0.8095274744231604,7,0.758402999204937,0.9293539428564696
L3N:G33T:Q46C,0.759261863474754,7,0.6637427863874525,0.6053725382279646
L3N:G33T:Q46C:D60Q:V108Q,0.5479470966501963,8,0.6667739881974646,0.6505336685551383
L3N:G33T:Q46C:D95Q:R97D,0.5945965761686713,8,0.6158480129923309,0.6177933275949156
L3N:G33T:Q46C:I91C:V108Q,0.5961918955000682,7,0.5851126961028738,0.5336304753851784
L3N:G33T:Q46C:R59N:R97D,0.2801715454048354,9,0.5529593792481144,0.3196936284964983
L3N:G33T:Q46C:R97D:V108Q,0.5290978791287364,7,0.6220935678216206,0.5438696903343405
L3N:G33T:Q46C:V106M,0.710448365318421,7,0.7024981245475209,0.6612691942915399
L3N:G33T:Q46C:V106M:V108Q,0.5859680769925978,7,0.6470195893571298,0.6191627873020084
L3N:G33T:Q46C:V108Q:T112E,0.6603779712115033,8,0.6238874736029665,0.5998007437778833
L3N:G33T:Q46I:D60Q:I91C,0.6533760630491807,8,0.6969609689320959,0.7235280857854397
L3N:G33T:Q46I:I91C:V106M,0.7426573155376403,9,0.6772065700917611,0.733564934277416
L3N:G33T:Q46I:R59N:R97D,0.3503188220716472,9,0.5508193798865425,0.38869893413021706
L3N:G33T:Q46I:R97D:T112E,0.7394912020433386,8,0.6910553260563448,0.7158163514817993
L3N:G33T:Q46I:V108Q,0.6398817290013348,9,0.6061242518354896,0.5490652042690931
L3N:G33T:Q46R:D60Q,0.9590516031927288,7,0.8830842007414589,0.8843616813664834
L3N:G33T:Q46R:D60Q:I91C,0.7681900247633989,7,0.859932645647271,0.9005688630574026
L3N:G33T:Q46R:D95Q:V106M,0.8549888139080545,9,0.8016057118814433,0.8000766224747072
L3N:G33T:Q46R:I91C,0.956138611083896,8,0.801422908646868,0.7737965051650655
L3N:G33T:Q46R:I91C:V108Q,0.8137917277005844,8,0.7459443734564769,0.7286621393242855
L3N:G33T:Q46R:V106M:T112E,0.9100929452195948,9,0.8789530243070292,0.9390175232502733
L3N:G33T:Q46V:D60Q:T112E,0.7637863427744973,8,0.7579799969726735,0.7920362655581935
L3N:G33T:Q46V:D60Q:V106M,0.6759848259441037,7,0.7811121127268368,0.8187350353394717
L3N:G33T:Q46V:D95Q,0.6293199506443958,9,0.6221229475466846,0.5200108938003261
L3N:G33T:Q46V:D95Q:R97D,0.629568044468433,7,0.6359522641712438,0.6078178018951005
L3N:G33T:Q46V:D95Q:T112E,0.598382974510055,8,0.6377461699525896,0.5805041440280255
L3N:G33T:Q46V:R59N:D60Q,0.3652173760758574,7,0.6177440508028712,0.4312393552764473
L3N:G33T:Q46V:R59N:T112E,0.4371029430560503,7,0.5748575362083732,0.36309303111781066
L3N:G33T:R59N:D60Q:D95Q,0.6830452473078208,7,0.7092060127063408,0.8939248124302643
L3N:G33T:R59N:D60Q:I91C,0.8568926542038109,8,0.7477785476318338,0.9679497840651309
L3N:G33T:R59N:I91C,0.7285587391876172,7,0.6892688106314309,0.7675535128180431
L3N:G33T:R59N:I91C:D95Q,0.7115174228227564,8,0.6275447206117499,0.7296056762526872
L3N:G33T:R59N:I91C:R97D,0.7386066466022875,7,0.70309812725599,0.8817309781223919
L3N:G33T:R59N:I91C:V106M,0.6951806997886625,9,0.7280241487914991,0.9304760085668831
L3N:G33T:R59N:R97D:T112E,0.7593052790147676,8,0.7418729047560828,0.9697437262712806
L3N:G33T:R59N:V108Q,0.7532927766094523,9,0.6569418305352275,0.7613682104773692
L3N:G33T:R97D,0.9371290078311032,9,0.850862406114075,0.9315914050297054
L3N:G33T:R97D:V108Q:T112E,0.7858757246760394,8,0.811007093329589,1.0716072868930981
L3N:I91C,0.9727019339272716,8,0.7537761417803602,0.7788472321039258
L3N:I91C:D95Q:V108Q,0.7228630577066701,9,0.6365735165702882,0.7042542666100474
L3N:I91C:R97D:V106M,0.9381617131031008,8,0.8063607965649876,1.05335207551949
L3N:I91C:R97D:V106M:T112E,0.8430397961981788,9,0.8219840189708927,1.1789800716044305
L3N:I91C:R97D:V108Q:T112E,0.6908727657440881,7,0.7277501456204333,0.9386899292150234
L3N:I91C:T112E,0.8946513391266004,7,0.7693993641862652,0.8270320715878718
L3N:I91C:V106M:V108Q:T112E,0.8699693833850698,9,0.7526761671559423,1.0188659045372566
L3N:I91C:V108Q:T112E,0.8168999130477761,7,0.7139208289958741,0.8424213455501082
L3N:Q46C:D60Q:D95Q:V108Q,0.4474353961531573,8,0.5449445055628157,0.3953774888709763
L3N:Q46C:D60Q:R97D:T112E,0.633143214799471,8,0.6915996698033519,0.7014901542302854
L3N:Q46C:D60Q:R97D:V106M,0.6589777135476055,9,0.7147317855575152,0.7592606948809021
L3N:Q46C:D60Q:T112E,0.6689185061677376,8,0.6777703531787928,0.6235748754840452
L3N:Q46C:D60Q:V108Q:T112E,0.7478708601525158,8,0.6222918179884016,0.5804584765903686
L3N:Q46C:D95Q,0.7207812744583285,7,0.5419133037528039,0.4539457601904931
L3N:Q46C:D95Q:R97D:V106M,0.7241116488628702,9,0.5944979585374313,0.6452100226820418
L3N:Q46C:D95Q:V106M:V108Q,0.4646967733124382,7,0.525190106722481,0.4080036856961426
L3N:Q46C:D95Q:V108Q:T112E,0.4579327329418801,8,0.5020579909683177,0.37502352678679307
L3N:Q46C:I91C:R97D,0.5547315864311321,8,0.5943151553028561,0.5282911545931137
L3N:Q46C:I91C:V106M:T112E,0.5894249787705962,7,0.6348643992442702,0.5939827246117135
L3N:Q46C:R59N:D60Q:D95Q,0.2829382073039227,8,0.47581031698930953,0.1736426996252518
L3N:Q46C:R59N:D60Q:R97D,0.3302504350270097,9,0.5513637236335496,0.33191204337206726
L3N:Q46C:R59N:D60Q:V106M,0.306683394258446,9,0.5762897451690587,0.3505350524596004
L3N:Q46C:R59N:I91C:V106M,0.2073052862985608,8,0.4946284530744679,0.18983770955943602
L3N:Q46C:R59N:R97D:T112E,0.335393988778799,7,0.5084772090390516,0.2739764939431546
L3N:Q46C:R59N:V106M:T112E,0.3613398462400369,7,0.5334032305745606,0.27195301014823003
L3N:Q46C:R97D:T112E,0.5878874326966944,7,0.6330899328029489,0.5895606692409222
L3N:Q46C:V106M:T112E,0.6067868709480831,9,0.6580159543384579,0.5904683016079711
L3N:Q46C:V106M:V108Q:T112E,0.5391181132482374,7,0.6025374191480669,0.541093557617386
L3N:Q46I:D60Q:D95Q,0.4470638293333633,8,0.5982830413916349,0.42485204551307537
L3N:Q46I:D60Q:D95Q:T112E,0.4523608396390453,7,0.6139062637975399,0.479370872891314
L3N:Q46I:D60Q:I91C:R97D,0.4660535690831881,9,0.6506848929416871,0.5601717310867647
L3N:Q46I:D60Q:I91C:V108Q,0.4232464727288557,7,0.5813770411267368,0.4475945892109675
L3N:Q46I:D60Q:V106M,0.7271538817571659,7,0.698762469571384,0.6346639522304991
L3N:Q46I:D95Q:R97D,0.4297491522310319,9,0.553602621015791,0.40905467360340664
L3N:Q46I:D95Q:R97D:V108Q,0.334921774516814,7,0.4981240858253999,0.2288984110179354
L3N:Q46I:D95Q:T112E,0.4460228870430365,8,0.5553965267971368,0.41206925969786123
L3N:Q46I:D95Q:V106M:V108Q,0.330366033393052,9,0.5230501073609091,0.31868315238990974
L3N:Q46I:I91C:D95Q,0.3305070358360973,7,0.5166217492970441,0.3324725378922776
L3N:Q46I:I91C:D95Q:V106M,0.4441016439416839,7,0.5553770874571123,0.4368429325414133
L3N:Q46I:I91C:R97D:T112E,0.475501772632014,9,0.6077983783471892,0.5269556426780382
L3N:Q46I:I91C:R97D:V108Q,0.364177012299189,8,0.536696620750893,0.3239576260855356
L3N:Q46I:I91C:T112E,0.554533822821421,9,0.59396906172263,0.49980737815765625
L3N:Q46I:I91C:V108Q:T112E,0.4903404986741477,7,0.5384905265322388,0.41177937091636485
L3N:Q46I:R59N:D60Q:R97D,0.3161364756926315,7,0.5492237242719776,0.344073480205513
L3N:Q46I:R59N:D60Q:T112E,0.4408006122086902,8,0.5510176300533234,0.4122860955315547
L3N:Q46I:R59N:D95Q,0.1492539728442029,9,0.4151605806273346,0.12440941757349955
L3N:Q46I:R59N:I91C:D95Q,0.1608473621031269,9,0.39200902553314676,0.015579014684083903
L3N:Q46I:R97D:V106M:T112E,0.8127382261754306,9,0.6697052716014452,0.6505674151278434
L3N:Q46I:R97D:V108Q,0.2900056192700926,8,0.5598481758450808,0.3366899695749982
L3N:Q46R:D60Q:D95Q,0.6213071818592767,9,0.7612547181068101,0.6279631098108909
L3N:Q46R:D60Q:D95Q:V106M,0.7456792811163865,7,0.8000100562668784,0.7556577331165268
L3N:Q46R:D95Q:R97D:V108Q,0.5537559218664817,8,0.6610957625405751,0.4834666730789139
L3N:Q46R:D95Q:V106M,0.7311305877734222,8,0.7415003192664753,0.659509595997821
L3N:Q46R:I91C:D95Q:T112E,0.5819476682175199,9,0.6952166484181243,0.5673870362768634
L3N:Q46R:I91C:D95Q:V106M,0.6902564327623869,8,0.7183487641722875,0.6656259666362684
L3N:Q46R:I91C:D95Q:V108Q,0.5174713470943726,8,0.6241148908218281,0.4240025698830632
L3N:Q46R:I91C:R97D:V106M,0.8341622105395345,9,0.7939021708165276,0.8570031458660068
L3N:Q46R:I91C:V106M,0.8443879656411457,7,0.7800728541919684,0.7550041514113848
L3N:Q46R:I91C:V106M:V108Q,0.7255992494818985,7,0.7245943190015773,0.694143176281542
L3N:Q46R:I91C:V108Q,0.7141524785994451,9,0.6858389808415091,0.570962599478257
L3N:Q46R:R59N,0.5686219683891303,9,0.6398563473621907,0.41649616486081276
L3N:Q46R:R59N:D60Q:D95Q,0.2665563779305155,7,0.6366419943429128,0.33826745419844545
L3N:Q46R:R59N:D60Q:T112E,0.5773898590235488,7,0.7139893067684987,0.5466517519485399
L3N:Q46R:R59N:D60Q:V106M,0.5228717261219615,8,0.7371214225226619,0.5695208311865432
L3N:Q46R:R59N:I91C:R97D,0.3981420737635114,7,0.630534108892562,0.32852178508476026
L3N:Q46R:R59N:I91C:V106M,0.4230622541875037,7,0.6554601304280712,0.4016519134882083
L3N:Q46R:R59N:R97D,0.4364401896378957,9,0.6536856639867499,0.38667684413818404
L3N:Q46R:R59N:R97D:V108Q,0.3388875598673243,7,0.5982071287963587,0.2559810648654337
L3N:Q46R:R59N:V106M,0.5507361630381808,9,0.6786116855222589,0.44700018289605864
L3N:Q46R:R97D,0.7789306531345646,9,0.7782983877506471,0.6948412487618579
L3N:Q46R:R97D:V106M:T112E,0.8208164484300118,8,0.8326769483166204,0.8872219593969992
L3N:Q46R:V106M,0.8643004190355575,9,0.8032244092861562,0.7580957036817062
L3N:Q46R:V106M:V108Q,0.7324233068291546,9,0.7477458740957651,0.67739852371121
L3N:Q46R:V106M:V108Q:T112E,0.718407074689503,8,0.7633690965016701,0.7324246114205785
L3N:Q46R:V108Q,0.7847076325152552,7,0.7089905359356968,0.6102377968840378
L3N:Q46R:V108Q:T112E,0.7621105339268534,8,0.7246137583416018,0.63868068567272
L3N:Q46V:D60Q,0.7478115455822096,8,0.6822513819518006,0.6107837910325695
L3N:Q46V:D60Q:D95Q,0.4831978589834177,9,0.6205272919321196,0.4729738540317202
L3N:Q46V:D60Q:D95Q:V106M,0.5572834521712368,9,0.659282630092188,0.5676537108862105
L3N:Q46V:D60Q:D95Q:V108Q,0.3605186299398959,7,0.5650487567417286,0.3719548876749217
L3N:Q46V:D60Q:I91C:T112E,0.6576494351919869,9,0.6747230492635178,0.6100592353484374
L3N:Q46V:D60Q:R97D,0.6109649914758292,8,0.6960806985763598,0.6166666109894665
L3N:Q46V:D60Q:R97D:T112E,0.6912014773375231,9,0.7117039209822648,0.6924087170902836
L3N:Q46V:D60Q:R97D:V108Q,0.450506780429379,8,0.6406021633859686,0.5036835810422551
L3N:Q46V:D95Q,0.5273642571162976,8,0.5620175549317167,0.44115139603429615
L3N:Q46V:I91C:D95Q:T112E,0.4707913421884857,9,0.5544892222434339,0.4130891489919177
L3N:Q46V:I91C:R97D,0.6073440002657504,9,0.614419406481769,0.5193042323346352
L3N:Q46V:I91C:T112E,0.6209829207354899,8,0.6162133122631148,0.5203225296849796
L3N:Q46V:I91C:V106M:T112E,0.5915933553614171,8,0.6549686504231831,0.609984087447348
L3N:Q46V:I91C:V108Q:T112E,0.5027245578968383,8,0.5607347770727237,0.45373082691725847
L3N:Q46V:R59N:D60Q:D95Q,0.2535435114246475,9,0.49591456816822244,0.14849939186537825
L3N:Q46V:R59N:D95Q:T112E,0.263233825167136,7,0.45302805357372444,0.11073203039981322
L3N:Q46V:R59N:I91C:R97D,0.2592573407738411,9,0.4898066827178717,0.13410430401953566
L3N:Q46V:R59N:R97D,0.2860052179865532,9,0.5129582378120594,0.20395223107959992
L3N:Q46V:R59N:R97D:V106M,0.3328918085747652,7,0.5517135759721277,0.2834085963909157
L3N:Q46V:R59N:R97D:V108Q,0.1692433872291495,7,0.45747970262166837,0.05906745188096235
L3N:Q46V:R59N:V106M,0.3894547118890979,7,0.5378842593475686,0.2482577044296307
L3N:Q46V:R59N:V106M:V108Q,0.2158206318809604,9,0.4824057241571775,0.1548155718891867
L3N:Q46V:R97D:T112E,0.6167048641771548,8,0.6531941839818618,0.5811417570334462
L3N:Q46V:R97D:V106M:T112E,0.6707481990797771,8,0.6919495221419301,0.6967505785469174
L3N:Q46V:V106M:V108Q,0.5529650956860168,9,0.6070184479210747,0.4992458518727913
L3N:Q46V:V108Q,0.5444650236035752,7,0.5682631097610065,0.4650998914967648
L3N:R4D:A28H:D60Q:D95Q,1.0207643367955346,7,0.9601351381614347,1.3416990253789522
L3N:R4D:A28H:D60Q:T112E,1.1316542367624562,9,1.0374824505870206,1.5038951009184283
L3N:R4D:A28H:D95Q:R97D,1.1834464640190163,8,0.9154547177855908,1.3015058297836322
L3N:R4D:A28H:G33T:D95Q,0.9045323581950836,9,0.9617307937759996,1.3437038614241992
L3N:R4D:A28H:Q46C:D95Q,0.7060321254217763,8,0.7283350980589683,0.7557666841389216
L3N:R4D:A28H:Q46C:V108Q,0.6612006650296509,7,0.7345806528882581,0.8021237237008808
L3N:R4D:A28H:Q46I:D95Q,0.6033285457781308,8,0.7261950986973964,0.7273977523534624
L3N:R4D:A28H:Q46I:I91C,0.8397048181406247,9,0.7647676336228895,0.8511815246554475
L3N:R4D:A28H:Q46I:T112E,0.8008721871166796,8,0.8035424111229823,0.9333148431179646
L3N:R4D:A28H:Q46I:V106M,0.8569036482383219,7,0.8266745268771455,0.9637615163241906
L3N:R4D:A28H:Q46R:D95Q,0.8325261835822124,9,0.8891667754125716,0.8722665511456146
L3N:R4D:A28H:Q46R:T112E,0.9680015052388872,9,0.9665140878381575,1.058981784611306
L3N:R4D:A28H:Q46R:V108Q,0.8573871643234214,8,0.8954123302418613,0.9433134389524345
L3N:R4D:A28H:Q46V:D95Q,0.6612877429472279,9,0.7484393492378812,0.7588245894908481
L3N:R4D:A28H:R59N:V108Q,1.1731505645865796,9,0.7832582322264241,1.0879565281099084
L3N:R4D:A28H:R97D,1.0632085075401505,7,0.9771788078052717,1.2164402681125723
L3N:R4D:A28H:V106M,1.1929420381961542,7,1.0021048293407808,1.2833397015416717
L3N:R4D:A28H:V106M:V108Q,0.8536114840779515,9,0.9466262941503897,1.364874861946825
L3N:R4D:A28H:V108Q,1.0411809464062955,7,0.9078709559903214,1.1507773845150189
L3N:R4D:A28K:D60Q:V106M,0.9249419480075528,9,1.0169752015631577,1.4725216358119086
L3N:R4D:A28K:D95Q:R97D,0.9409975304661472,7,0.8718153530075647,1.2562767996483322
L3N:R4D:A28K:D95Q:V106M,0.9269712899359338,9,0.8967413745430739,1.2831988276479507
L3N:R4D:A28K:G33T:I91C,1.0049242792544029,7,0.9566639639234666,1.3960344964642795
L3N:R4D:A28K:G33T:Q46C,0.7031537553126402,9,0.8065252159155911,0.9412016866264623
L3N:R4D:A28K:G33T:Q46I,0.8456278189945402,9,0.8043852165540192,1.0691135725638146
L3N:R4D:A28K:G33T:T112E,0.7918442298047654,8,0.9954387414235594,1.4360414534681785
L3N:R4D:A28K:I91C:T112E,0.8862759402922413,9,0.9121817937144037,1.287401537919664
L3N:R4D:A28K:I91C:V108Q,0.9223075978601732,8,0.8410800361181076,1.1951840785441135
L3N:R4D:A28K:Q46C:D95Q,0.6728392646143674,9,0.6846957332809424,0.7264035939337959
L3N:R4D:A28K:Q46C:V108Q,0.7082882643261457,8,0.6909412881102321,0.7482323815151332
L3N:R4D:A28K:Q46I:D60Q,0.8520251859765006,9,0.8027895609394542,1.001239719505559
L3N:R4D:A28K:Q46I:D95Q,0.7968301430872344,9,0.6825557339193704,0.7551274022028001
L3N:R4D:A28K:Q46I:V106M,0.8360850949589267,8,0.7830351620991195,0.9670658559513882
L3N:R4D:A28K:Q46R,0.9713054248953804,7,0.9072515006542264,0.9468607731772474
L3N:R4D:A28K:Q46R:D60Q,0.9263276882299784,8,0.9657612376546294,1.1191261112923883
L3N:R4D:A28K:Q46R:R97D,0.8616684958397094,7,0.9210808172787857,1.0122383357927032
L3N:R4D:A28K:Q46V:D60Q,0.901242278503884,8,0.825033811479939,0.967013280037842
L3N:R4D:A28K:Q46V:R97D,0.753999169275999,9,0.7803533911040953,0.8650236478899694
L3N:R4D:A28K:Q46V:V106M,0.8122649345111447,7,0.8052794126396043,0.9307214578104581
L3N:R4D:A28K:R59N:D60Q,0.9607463505660704,7,0.8536071396391922,1.2509160863583366
L3N:R4D:A28K:R59N:D95Q,0.7600209914102788,9,0.7333733126191083,1.001694405469047
L3N:R4D:A28K:R59N:V106M,0.7351286898846224,8,0.8338527407988575,1.1692315988139415
L3N:R4D:A28K:R97D:T112E,0.9052344055159616,7,0.9491626654331506,1.343377396849377
L3N:R4D:A28K:R97D:V106M,1.026820392757558,8,0.9722947811873139,1.415763067403697
L3N:R4D:A28K:T112E,0.8428877474904037,9,0.9353333488085915,1.177407936148676
L3N:R4D:A28K:V108Q:T112E,0.8432374109849431,9,0.8798548136182004,1.2540624223689731
L3N:R4D:D60Q:D95Q,0.9825232199201558,8,0.9180031066241968,1.1330741296312894
L3N:R4D:D60Q:D95Q:R97D,0.9494877562518096,8,0.931832423248756,1.3468299481537007
L3N:R4D:D60Q:D95Q:T112E,0.9906826939109296,9,0.9336263290301018,1.3060228354939034
L3N:R4D:D60Q:D95Q:V106M,0.9956891054214944,8,0.9567584447842651,1.361277003473638
L3N:R4D:D60Q:D95Q:V108Q,0.9460284018337328,8,0.8625245714338057,1.1805931169137698
L3N:R4D:D60Q:I91C:R97D,1.0709310676927315,7,0.9704049581742491,1.389362188024068
L3N:R4D:D60Q:I91C:V106M,1.0797232676549735,9,0.9953309797097581,1.4483585231765332
L3N:R4D:D60Q:R97D:V106M,1.0881303925082368,9,1.032311851428505,1.5226714019454706
L3N:R4D:D60Q:R97D:V108Q,1.0030177132237212,7,0.9380779780780457,1.293247051330728
L3N:R4D:D60Q:T112E,1.0777730254071425,8,0.9953504190497827,1.2643373951610923
L3N:R4D:D60Q:V106M,1.093419732555079,9,1.018482534803946,1.303881673145552
L3N:R4D:D95Q:R97D,0.923655096651963,7,0.873322686248353,1.1155871982605454
L3N:R4D:D95Q:V106M:T112E,0.9015229938438808,8,0.9138719301897671,1.2917006329164058
L3N:R4D:G33T:D60Q:D95Q,0.8946975358546756,9,0.9781084992391647,1.3676643694979658
L3N:R4D:G33T:D60Q:R97D,1.0532846123911377,8,1.0536619058834047,1.516582512113363
L3N:R4D:G33T:D60Q:T112E,1.0399858971963198,9,1.0554558116647506,1.5198020642085477
L3N:R4D:G33T:I91C,0.9713726890756246,9,0.9581712971642548,1.2097163447418064
L3N:R4D:G33T:I91C:R97D,0.9858676203660702,7,0.972000613788814,1.3947429048332183
L3N:R4D:G33T:I91C:V106M,0.9797194306771158,7,0.9969266353243231,1.456035565045651
L3N:R4D:G33T:Q46C:V106M,0.7397680568971396,9,0.8467878873164476,0.9530401490894116
L3N:R4D:G33T:Q46I,1.0748326678865356,7,0.8058925497948073,0.9233180624718849
L3N:R4D:G33T:Q46I:R97D,0.8953442432206328,7,0.8197218664193665,0.9716560479404874
L3N:R4D:G33T:Q46R,0.9887608180750744,8,0.9688642265099825,1.0137894772399536
L3N:R4D:G33T:Q46R:D95Q,0.7966715798208529,7,0.9071401364903017,0.9521100311827554
L3N:R4D:G33T:Q46R:V108Q,1.0107063521715385,8,0.9133856913195915,1.015375883467842
L3N:R4D:G33T:Q46V:I91C,0.7948219172391573,8,0.8049852452411044,0.9197504120876834
L3N:R4D:G33T:Q46V:T112E,0.8377710908794603,7,0.8437600227411972,0.9832265246831688
L3N:R4D:G33T:Q46V:V108Q,0.8290707883284764,8,0.7726582651449011,0.8651573322998195
L3N:R4D:G33T:R59N,1.0488896243164911,9,0.8567101284945453,1.050075146738948
L3N:R4D:G33T:R59N:I91C,1.0454247028774988,7,0.8335585734003575,1.1225327211737364
L3N:R4D:G33T:R59N:R97D,0.9588988151098046,9,0.8705394451191044,1.1852505053803246
L3N:R4D:G33T:R59N:V108Q,0.8589244161639307,9,0.8012315933041542,1.120897577126846
L3N:R4D:G33T:R97D,1.00823725151689,9,0.9951521688830017,1.236815552930361
L3N:R4D:G33T:R97D:V106M,1.0342837791703237,9,1.03390750704307,1.5090820369853084
L3N:R4D:G33T:T112E,0.8975710588857497,8,0.9969460746643476,1.2446002143043362
L3N:R4D:G33T:V106M,0.984301898695856,9,1.0200781904185108,1.2853014234972204
L3N:R4D:I91C:D95Q:R97D,0.9734234929791712,9,0.8501711311541652,1.23193453534477
L3N:R4D:I91C:D95Q:T112E,0.8325314044238912,8,0.8519650369355111,1.1731463915717053
L3N:R4D:I91C:D95Q:V108Q,0.9401441446168044,9,0.780863279339215,1.055035952610919
L3N:R4D:I91C:R97D:V106M,1.0654522618159783,8,0.9506505593339143,1.420269471346177
L3N:R4D:I91C:V108Q:T112E,0.9154383152100382,9,0.8582105917648007,1.2123114690701435
L3N:R4D:Q46C:D60Q:I91C,0.7357773930895242,9,0.7832853384476266,0.8511215158310215
L3N:R4D:Q46C:D60Q:R97D,0.7501881188400559,9,0.8202662101663736,0.9290226726498823
L3N:R4D:Q46C:D60Q:V108Q,0.8365180817671602,7,0.7509583583514233,0.8256512521335619
L3N:R4D:Q46C:D95Q,0.6625880868565828,9,0.6862030665217305,0.6530939439577523
L3N:R4D:Q46C:D95Q:V108Q,0.7096900167601369,7,0.6307245313313394,0.5952518700102417
L3N:R4D:Q46C:I91C:T112E,0.7255573820796973,9,0.7403988238531286,0.7854643040276051
L3N:R4D:Q46C:R59N,0.4923222851304296,8,0.6233144327775141,0.4483990143922627
L3N:R4D:Q46C:R97D:V106M,0.7062500648730599,8,0.8005118113260389,0.9282372369923098
L3N:R4D:Q46C:V106M,0.7657294971636062,8,0.7866824947014797,0.8010647491349266
L3N:R4D:Q46C:V108Q,0.625288370479563,8,0.6924486213510203,0.6756075278819332
L3N:R4D:Q46C:V108Q:T112E,0.7070056212474471,9,0.7080718437569253,0.7660576937927164
L3N:R4D:Q46I:D60Q:I91C,0.7449736171135286,7,0.7811453390860547,0.8916704220005293
L3N:R4D:Q46I:D60Q:R97D,0.7052750071647821,7,0.8181262108048016,0.9242616666161272
L3N:R4D:Q46I:D60Q:V108Q,0.8046849719560977,9,0.7488183589898514,0.8374074034719705
L3N:R4D:Q46I:D95Q,0.7756957548117952,7,0.6840630671601585,0.6539079030089882
L3N:R4D:Q46I:D95Q:T112E,0.7493947926236696,8,0.6996862895660636,0.7413851107878147
L3N:R4D:Q46I:I91C,0.8325250278819791,8,0.7226356020856516,0.7571210092073529
L3N:R4D:Q46I:R59N:D95Q,0.3723374725026618,9,0.5594503433962612,0.43123029244538985
L3N:R4D:Q46I:R59N:T112E,0.7260720931606772,9,0.6367976558218471,0.6445412835573774
L3N:R4D:Q46I:R97D:V106M,0.861078211139308,8,0.7983718119644668,0.9271364118405915
L3N:R4D:Q46I:T112E,0.8907635629730867,7,0.7614103795857444,0.8288921837638176
L3N:R4D:Q46R,0.915973724245196,7,0.9087588338950146,0.8755508979578035
L3N:R4D:Q46R:D60Q,1.0449451849161229,8,0.9672685708954176,1.0134813450646551
L3N:R4D:Q46R:D95Q:R97D,0.7937879686794089,8,0.860864060499893,0.9050827887312729
L3N:R4D:Q46R:I91C,0.9624074440472024,7,0.8856072788008268,0.8784463143269079
L3N:R4D:Q46R:I91C:R97D,0.8528767988421521,7,0.899436595425386,0.9626891487218816
L3N:R4D:Q46R:I91C:V108Q,0.8164673823771348,7,0.8301287436104358,0.8570548645959297
L3N:R4D:Q46R:R59N:V106M,0.6651855726121461,7,0.8229014482911856,0.7303153152694729
L3N:R4D:Q46R:R59N:V108Q,0.5666052808664285,7,0.7286675749407262,0.5862002227449997
L3N:R4D:Q46R:R97D,0.907617280430288,9,0.9225881505195738,0.9165806720222378
L3N:R4D:Q46R:T112E,0.8307271413721931,8,0.9243820563009196,0.942902234673149
L3N:R4D:Q46V:D95Q:V106M,0.685856408026307,8,0.7450626558607116,0.7870113276907353
L3N:R4D:Q46V:D95Q:V108Q,0.5647060758841077,8,0.6508287825102523,0.5931268522340345
L3N:R4D:Q46V:I91C:V106M,0.7652721955296312,9,0.7836351907862047,0.879619405429902
L3N:R4D:Q46V:I91C:V108Q,0.6824276819394126,9,0.6894013174357454,0.7071331296578189
L3N:R4D:Q46V:R59N,0.7215055135555608,7,0.643418683956427,0.46716515640121253
L3N:R4D:Q46V:R59N:D60Q,0.6880663918161515,8,0.70192842095683,0.6176852601531886
L3N:R4D:Q46V:R97D,0.8250778547339445,7,0.7818607243448834,0.7755439039733534
L3N:R4D:Q46V:V106M:T112E,0.7262478889867874,8,0.8224099682862975,0.9168207348331084
L3N:R4D:Q46V:V108Q,0.8656883814594734,7,0.7125528725299332,0.696094376454702
L3N:R4D:R59N:D60Q:D95Q,0.8640553403454623,8,0.7933903828602995,1.086446154071629
L3N:R4D:R59N:I91C,1.0383146733277264,8,0.7734531807853896,0.907010906400588
L3N:R4D:R59N:I91C:D95Q,0.8240873419996302,9,0.7117290907657088,0.8976571633577228
L3N:R4D:R59N:T112E,0.9847749774580156,9,0.8122279582854823,1.0029859781724464
L3N:R4D:R59N:V106M:T112E,0.9086891417778976,9,0.8509832964455507,1.1605814456650911
L3N:R4D:R59N:V108Q,1.009692810081534,8,0.7411262006891863,0.9133496392815788
L3N:R4D:R97D:T112E,0.9920373675802092,9,0.9506699986739389,1.187393616564867
L3N:R4D:R97D:V108Q:T112E,0.8987748258974851,9,0.8951914634835477,1.2251484674480353
L3N:R4D:T112E,0.931524197546624,7,0.9368406820493796,1.0457719444151874
L3N:R4D:T6H:A28H,1.0745602963003065,7,0.8928288863124002,1.2287750238555362
L3N:R4D:T6H:A28H:D95Q,0.9671372771165224,8,0.8311047962927193,1.2714346568494084
L3N:R4D:T6H:A28H:R97D,0.9693143340663872,7,0.9066582029369593,1.4013737093722307
L3N:R4D:T6H:A28H:V106M,1.0788190478682866,7,0.9315842244724685,1.4935853064087832
L3N:R4D:T6H:A28K:G33T,0.9029424694793664,9,0.909294914149342,1.4687961769303435
L3N:R4D:T6H:A28K:I91C,0.9173779930192788,8,0.8260379664401863,1.334128212074713
L3N:R4D:T6H:D60Q,0.9500317998616272,7,0.9092065917755654,1.26639454054515
L3N:R4D:T6H:D60Q:V108Q,0.8312293482923158,7,0.8537280565851743,1.3762357902003632
L3N:R4D:T6H:D95Q,1.0209098088561486,7,0.7889727647554815,1.0590351507640658
L3N:R4D:T6H:G33T,0.8432885137515085,7,0.9108022473901303,1.2464382752694763
L3N:R4D:T6H:G33T:Q46C,0.6544960025502452,9,0.737511944288067,0.9233608447249652
L3N:R4D:T6H:G33T:Q46I,0.7275162305594741,9,0.735371944926495,0.9988314513378349
L3N:R4D:T6H:G33T:Q46R,0.8385388484604771,8,0.8983436216416703,1.1402735760050287
L3N:R4D:T6H:G33T:Q46V,0.6951735957205618,8,0.7576161954669798,0.9552800154053248
L3N:R4D:T6H:G33T:T112E,0.9408040249937542,8,0.9264254697960352,1.4710125475791347
L3N:R4D:T6H:G33T:V106M,0.8560352396130299,9,0.9495575855501985,1.5145379022291061
L3N:R4D:T6H:G33T:V108Q,0.8088298774771392,7,0.8553237121997391,1.3657477891168437
L3N:R4D:T6H:I91C:D95Q,0.80459893930644,9,0.7658212096612937,1.1940028547347716
L3N:R4D:T6H:I91C:T112E,0.8711579776604091,7,0.8431685220868795,1.3437903522404966
L3N:R4D:T6H:Q46C:D95Q,0.5115116382549221,9,0.6156824616534182,0.712845411253029
L3N:R4D:T6H:Q46C:R59N,0.3345431298862163,8,0.5527938279092017,0.49641353400441757
L3N:R4D:T6H:Q46C:R97D,0.6297720193981479,8,0.6912358682976583,0.8439761299494883
L3N:R4D:T6H:Q46C:T112E,0.5880992856686246,9,0.6930297740790041,0.8761632160820041
L3N:R4D:T6H:Q46I,0.7642229673084652,8,0.6752665523115271,0.7715885616685114
L3N:R4D:T6H:Q46I:D95Q,0.5283015278252813,9,0.6135424622918462,0.6891279401975505
L3N:R4D:T6H:Q46R,0.8101830018711063,7,0.8382382290267023,0.9272143702729705
L3N:R4D:T6H:Q46R:D60Q,0.8704011476649317,8,0.8967479660271053,1.1340542497089356
L3N:R4D:T6H:Q46R:D95Q,0.6326414369065183,8,0.7765141390070214,0.8733105583048181
L3N:R4D:T6H:Q46R:R59N,0.5708487191219425,9,0.713625505262805,0.7004376293652578
L3N:R4D:T6H:Q46R:R97D,0.8000197760102419,9,0.8520675456512614,1.0207322373618495
L3N:R4D:T6H:Q46R:T112E,0.8137644262731984,8,0.8538614514326073,1.069541818163127
L3N:R4D:T6H:Q46R:V106M,0.8187872736193728,9,0.8769935671867706,1.118915369495119
L3N:R4D:T6H:Q46V:V106M,0.7078769589358302,7,0.7362661410120802,0.912896726680822
L3N:R4D:T6H:R59N:I91C,0.9065896249957682,8,0.7029325759170773,1.0682502563570868
L3N:R4D:T6H:R59N:R97D,0.8674245092901265,8,0.7399134476358242,1.1213588588069994
L3N:R4D:T6H:R59N:V108Q,0.9293743221126628,8,0.670605595820874,1.062686692836466
L3N:R4D:T6H:T112E,0.978011879790773,9,0.8663200771810673,1.1973636512400778
L3N:R4D:T6H:V106M:V108Q,0.9105212278956288,8,0.8339736577448396,1.3423801358383036
L3N:R4D:T6H:V108Q:T112E,0.8082244277184683,7,0.8108415419906763,1.3094048280863917
L3N:R4D:T6S,1.2284520956973406,9,1.113526473297227,1.2287755866802914
L3N:R4D:T6S:A28H:G33T,1.3406152290566864,9,1.2157638974494327,1.7367525047386136
L3N:R4D:T6S:A28H:Q46I,1.1211082010295284,8,0.9802282023708296,1.238183054220995
L3N:R4D:T6S:A28H:Q46R,1.1315242944237267,9,1.1431998790860047,1.344395271538378
L3N:R4D:T6S:A28H:R97D,1.1175161753148797,8,1.169487821459024,1.6505704351792776
L3N:R4D:T6S:A28K:I91C,0.9812993341314424,9,1.0888675849622511,1.5176072572840837
L3N:R4D:T6S:A28K:Q46C,0.9537665979696784,9,0.9387288369543756,1.0887781471465834
L3N:R4D:T6S:A28K:Q46I,1.0304715021299662,9,0.9365888375928035,1.2189938279789025
L3N:R4D:T6S:A28K:R59N,1.2199250498823708,7,0.9874064162925416,1.3735062923107615
L3N:R4D:T6S:A28K:R97D,1.0327213695216115,9,1.125848456680998,1.5584225289525477
L3N:R4D:T6S:A28K:V108Q,1.1279209960818026,9,1.0565406048660477,1.4652001609630367
L3N:R4D:T6S:D60Q:D95Q,1.0698482859637508,7,1.1103121202779491,1.561707060826789
L3N:R4D:T6S:D60Q:T112E,1.1272679534083168,7,1.187659432703535,1.7062054412258565
L3N:R4D:T6S:D60Q:V106M,1.175567071970195,8,1.2107915484576983,1.7410983036409708
L3N:R4D:T6S:D95Q:T112E,1.0648774203874445,9,1.0674256056834512,1.4908673537686061
L3N:R4D:T6S:D95Q:V108Q,1.035618854658564,8,0.996323848087155,1.3545840597936543
L3N:R4D:T6S:G33T:D60Q,1.1968397149620833,9,1.232141602912598,1.7645966902454138
L3N:R4D:T6S:G33T:D95Q,1.062500725511865,7,1.111907775892514,1.5313888123703945
L3N:R4D:T6S:G33T:I91C,1.090927497989511,8,1.1504803108180073,1.6136797577300075
L3N:R4D:T6S:G33T:Q46C,0.9244640715537996,8,1.0003415628101315,1.1535505561687032
L3N:R4D:T6S:G33T:Q46R,1.1674566450934882,9,1.161173240163735,1.386392738318596
L3N:R4D:T6S:G33T:R97D,1.049368915725738,8,1.187461182536754,1.6558114163991393
L3N:R4D:T6S:G33T:T112E,1.1045724151708778,9,1.1892550883181,1.663378020494159
L3N:R4D:T6S:G33T:V106M,1.209615257780463,8,1.2123872040722632,1.6994278141176984
L3N:R4D:T6S:G33T:V108Q,0.9862055072259408,8,1.118153330721804,1.5641546722792765
L3N:R4D:T6S:I91C:D95Q,1.0811661582587273,8,1.0286508281833584,1.4177343227825965
L3N:R4D:T6S:Q46C:I91C,0.9259204034290164,9,0.9170846151009759,1.0312925467600953
L3N:R4D:T6S:Q46C:R97D,0.8986053686966128,9,0.9540654868197229,1.1026958996661538
L3N:R4D:T6S:Q46C:V106M,0.7664964562194617,9,0.9789915083552321,1.1326273315504924
L3N:R4D:T6S:Q46I,1.0320512160009214,7,0.9380961708335918,1.0896875297602648
L3N:R4D:T6S:Q46I:D95Q,0.910277943517354,8,0.8763720808139109,1.029355288758836
L3N:R4D:T6S:Q46I:I91C,0.9259082900942796,7,0.914944615739404,1.1309891166248431
L3N:R4D:T6S:Q46I:T112E,1.0179785503894618,8,0.9537193932394967,1.2175746843829298
L3N:R4D:T6S:Q46I:V108Q,0.9816796687082148,9,0.8826176356432007,1.063721770788499
L3N:R4D:T6S:Q46R,1.2234364581119963,8,1.101067847548767,1.1842428564936378
L3N:R4D:T6S:Q46R:V106M,1.106575916127376,8,1.1398231857088352,1.3633829536258602
L3N:R4D:T6S:Q46V:D60Q,1.1059171328693975,9,1.0188501583744796,1.2469375838332017
L3N:R4D:T6S:Q46V:D95Q,0.9311199056035576,7,0.8986163313543958,1.0099799012824244
L3N:R4D:T6S:Q46V:T112E,0.9401325139613316,7,0.9759636437799817,1.1716319376361293
L3N:R4D:T6S:R59N,1.2928237711597816,7,0.9889137495333298,1.2105046915584552
L3N:R4D:T6S:V108Q:T112E,1.1478047105329132,8,1.073671160512741,1.5136356940924303
L3N:R4D:V106M:T112E,1.0901362992777208,9,0.9755960202094479,1.2129366691893013
L3N:R59N:D60Q:D95Q:T112E,0.8129500153525562,7,0.6647238424972779,0.8341110848519149
L3N:R59N:D60Q:I91C:V106M,0.7484490094317178,9,0.7264284931769341,0.9255678940974216
L3N:R59N:D60Q:I91C:V108Q,0.7574922186310855,7,0.6321946198264748,0.7845660022237939
L3N:R59N:D60Q:R97D,0.8758649991105412,9,0.7246540267356129,0.8517126640805576
L3N:R59N:D60Q:V108Q,0.7165261735077519,7,0.6553461749206626,0.7805363330813396
L3N:R59N:I91C,0.7422730179100681,8,0.6291634180164629,0.6261727360079372
L3N:R59N:I91C:D95Q:R97D,0.7015417224059947,7,0.5812686446213412,0.7015321422216624
L3N:R59N:I91C:T112E,0.7645623936801048,9,0.6447866404223679,0.6900301927005352
L3N:R59N:I91C:V106M:T112E,0.7123846150811362,9,0.6835419785824361,0.8298180428957573
L3N:R59N:R97D,0.8218092224199907,8,0.6661442897352099,0.6864225375983967
L3N:R59N:R97D:V106M:T112E,0.7910281212598221,7,0.7205228503011831,0.9462081459791462
L3N:R59N:T112E,0.9267392406474272,7,0.6679381955165558,0.7097004546702047
L3N:R97D:T112E,0.9473774227904136,9,0.8063802359050122,0.8818563349021246
L3N:R97D:V106M:V108Q,0.7979604048341326,8,0.7740338164687843,0.9149392316692974
L3N:T112E,0.889082544090016,9,0.792550919280453,0.8044456164200122
L3N:T6H:A28H:D60Q:T112E,1.143128687859872,7,0.8226720829497816,1.2973313848183516
L3N:T6H:A28H:D60Q:V108Q,0.9224931690788816,8,0.7515703253534853,1.189536481147532
L3N:T6H:A28H:G33T,1.0527857872591977,8,0.8086445161584414,1.1258294977101395
L3N:T6H:A28H:G33T:D60Q,1.0538384271279273,7,0.8671542531588444,1.3881749962836047
L3N:T6H:A28H:G33T:D95Q,1.0260063236557346,7,0.7469204261387605,1.139895037181521
L3N:T6H:A28H:G33T:I91C,0.9793319459634838,8,0.7854929610642536,1.2649809950120388
L3N:T6H:A28H:G33T:Q46R,0.8986709838806908,9,0.7961858904099813,0.9575854715512011
L3N:T6H:A28H:G33T:R97D,0.9942757575945378,8,0.8224738327830006,1.2852690148507677
L3N:T6H:A28H:G33T:T112E,1.046747504738262,7,0.8242677385643464,1.3109223393288207
L3N:T6H:A28H:G33T:V106M,1.0058926976582154,8,0.8473998543185097,1.3665301574641555
L3N:T6H:A28H:I91C,1.0057693784145731,7,0.7253875684492856,1.001023281898722
L3N:T6H:A28H:I91C:R97D,0.9510461391497091,7,0.7392168850738449,1.1526240740783886
L3N:T6H:A28H:I91C:V106M,1.0517890735371735,9,0.764142906609354,1.2480259471545465
L3N:T6H:A28H:Q46C,0.4861726328057633,9,0.5752488204414102,0.60769962971414
L3N:T6H:A28H:Q46C:I91C,0.6281557160312653,7,0.5520972653472225,0.620971307148408
L3N:T6H:A28H:Q46C:R59N,0.2908620887877662,9,0.4506360966775129,0.3000649851069582
L3N:T6H:A28H:Q46C:R97D,0.5589712642056787,7,0.5890781370659695,0.6705310212240634
L3N:T6H:A28H:Q46C:V108Q,0.4821237294603502,7,0.5197702852510191,0.5735062278922982
L3N:T6H:A28H:Q46I:V106M,0.5819468000204696,7,0.6118641592399066,0.6754977302636048
L3N:T6H:A28H:Q46R:D60Q,0.8089072811448467,7,0.7945902347954165,0.9239492040086775
L3N:T6H:A28H:Q46R:V108Q,0.7521485300555647,8,0.6806019626046224,0.7274092029047443
L3N:T6H:A28H:Q46V:D95Q,0.4171804673366989,9,0.5336289816006422,0.4828546922902539
L3N:T6H:A28H:Q46V:V106M,0.6969091456063065,8,0.6341084097803913,0.7214968789279519
L3N:T6H:A28H:Q46V:V108Q,0.5473022490023227,8,0.539874536429932,0.5460504994333893
L3N:T6H:A28H:R59N,1.0058165173720048,9,0.6239263997795762,0.8192259501455066
L3N:T6H:A28H:R59N:I91C,0.8008631861721544,7,0.6007748446853884,0.8653327925824755
L3N:T6H:A28H:R59N:R97D,0.8406236803042257,7,0.6377557164041354,0.9209755408751381
L3N:T6H:A28H:R59N:V108Q,0.7928836873729176,7,0.5684478645891851,0.8584918603022297
L3N:T6H:A28H:R97D:V106M,1.1494209144633174,9,0.8011237783281009,1.2939973831802787
L3N:T6H:A28H:V106M,1.029937003094992,7,0.7872944617035418,1.1036425376039358
L3N:T6H:A28H:V106M:V108Q,0.8565851531979906,7,0.7318159265131506,1.1685518519151765
L3N:T6H:A28K:D60Q:I91C,1.1016434383400682,9,0.7402579406716627,1.1795456009229612
L3N:T6H:A28K:D60Q:R97D,1.0918145879706571,7,0.7772388123904097,1.215309207259623
L3N:T6H:A28K:D60Q:V106M,1.071921503361405,7,0.8021648339259188,1.2860391095705168
L3N:T6H:A28K:D95Q:R97D,0.9639725192381196,7,0.6570049853703258,1.0566958662256696
L3N:T6H:A28K:D95Q:V108Q,0.907599989194506,9,0.5876971335553756,0.8884678051692858
L3N:T6H:A28K:G33T,0.8950000192521913,9,0.7650051513804154,1.089559852045142
L3N:T6H:A28K:G33T:D95Q,0.7138611570177239,8,0.7032810613607345,1.1148146970242805
L3N:T6H:A28K:G33T:Q46C,0.5836893724534652,9,0.5917148482783521,0.746519965348661
L3N:T6H:A28K:I91C,1.1555729526947154,8,0.6817482036712597,0.9670261065370158
L3N:T6H:A28K:I91C:R97D,1.073315316517752,8,0.6955775202958189,1.1136258092448257
L3N:T6H:A28K:I91C:T112E,1.022258229117916,9,0.6973714260771647,1.1207104726247323
L3N:T6H:A28K:I91C:V108Q,0.9561588604838166,8,0.6262696684808686,1.0113452277055877
L3N:T6H:A28K:Q46C:D95Q,0.4910336590848984,9,0.4698853656437033,0.5102238247356843
L3N:T6H:A28K:Q46C:R97D,0.6231738191673153,8,0.5454387722879434,0.6416078759893271
L3N:T6H:A28K:Q46C:V106M,0.5457533440407114,8,0.5703647938234524,0.700949137525968
L3N:T6H:A28K:Q46I:T112E,0.6185030301328304,9,0.5450926787077173,0.6703215658350886
L3N:T6H:A28K:Q46R:D95Q,0.6407258183456761,8,0.6307170429973066,0.6701924135315912
L3N:T6H:A28K:Q46R:R59N,0.4574056826375762,7,0.5678284092530901,0.5040497756494088
L3N:T6H:A28K:Q46R:R97D,0.8606631349357315,9,0.7062704496415466,0.8178674251458062
L3N:T6H:A28K:Q46R:V106M,1.0334264623097706,7,0.7311964711770557,0.9152787504756242
L3N:T6H:A28K:Q46V,0.6629505109234896,9,0.551713706842297,0.5781218885006694
L3N:T6H:A28K:Q46V:V106M,0.610211292639317,7,0.5904690450023653,0.696173149351675
L3N:T6H:A28K:R59N:D60Q,1.0684230256656395,7,0.6387967720019532,1.0312919023409144
L3N:T6H:A28K:R59N:T112E,1.0042011172750962,7,0.5959102574074552,0.9575084164825687
L3N:T6H:A28K:R97D,1.064727342398817,8,0.7187290753900066,0.9812594584802978
L3N:T6H:A28K:T112E,1.076400418098826,9,0.7205229811713525,1.0108902622522622
L3N:T6H:A28K:V108Q:T112E,0.8727684770271619,7,0.6650444459809614,1.0709189023786467
L3N:T6H:D60Q:D95Q:R97D,0.8534644931701556,8,0.717022055611517,1.1265818133167111
L3N:T6H:D60Q:D95Q:T112E,0.7452406446288876,7,0.7188159613928629,1.098019500749718
L3N:T6H:D60Q:I91C,0.9693607099507484,9,0.7417652739124508,1.0214463064618853
L3N:T6H:D60Q:I91C:V108Q,0.8538648293613819,9,0.6862867387220598,1.0845667840484303
L3N:T6H:D60Q:R97D,0.9566590392410296,9,0.7787461456311978,1.0582624522351154
L3N:T6H:D60Q:R97D:V106M,1.0443258624890268,7,0.8175014837912661,1.3272145159002888
L3N:T6H:D60Q:V106M,0.9245088821430532,9,0.803672167166707,1.1201476477434926
L3N:T6H:D60Q:V106M:T112E,0.8844914606445367,8,0.8192953895726119,1.2907206687089958
L3N:T6H:D95Q:V106M,0.8471535169608422,9,0.6834383401466231,0.9525277368758023
L3N:T6H:D95Q:V108Q:T112E,0.6802363264220784,8,0.6048276892020688,0.9278506307686808
L3N:T6H:G33T:D60Q,0.98109272048557,8,0.8250222216216065,1.1416808854756018
L3N:T6H:G33T:D60Q:D95Q,0.7975296731201041,9,0.7632981316019257,1.1598186837909643
L3N:T6H:G33T:D60Q:V106M,0.9862598380285744,8,0.8637775597816748,1.3783836798878637
L3N:T6H:G33T:D95Q,0.8045633604794666,8,0.7047883946015226,0.9414161375964936
L3N:T6H:G33T:D95Q:V106M,0.8996481121237615,8,0.743543732761591,1.180879010545342
L3N:T6H:G33T:I91C:R97D,0.8207880987013726,9,0.7571902461515749,1.2192351287716805
L3N:T6H:G33T:Q46C,0.570839020131443,7,0.5932221815191403,0.6313828053138323
L3N:T6H:G33T:Q46C:I91C,0.5698244691735267,9,0.5700706264249524,0.6708318233474019
L3N:T6H:G33T:Q46C:V106M,0.6207233621414303,9,0.6319775196792086,0.7650797180093056
L3N:T6H:G33T:Q46I,0.5655147540879677,7,0.5910821821575682,0.6511399163291374
L3N:T6H:G33T:Q46I:R97D,0.5339562022333676,7,0.6049114987821275,0.6877550411546175
L3N:T6H:G33T:Q46I:T112E,0.6348974840525359,8,0.6067054045634733,0.7572843101544205
L3N:T6H:G33T:Q46R:D95Q,0.5926865745081296,9,0.6923297688530626,0.752071611071734
L3N:T6H:G33T:Q46R:R59N,0.40770073294505,8,0.6294411351088463,0.5693652571684501
L3N:T6H:G33T:Q46R:T112E,0.7522359265679976,9,0.7696770812786485,0.9500688625916579
L3N:T6H:G33T:Q46R:V108Q,0.7672717089790747,8,0.6985753236823524,0.8195300766963529
L3N:T6H:G33T:Q46V:D60Q,0.6095111483563233,7,0.6718361696984562,0.7919230171232547
L3N:T6H:G33T:Q46V:R97D,0.6386703641516074,8,0.6271557493226123,0.7060287151763814
L3N:T6H:G33T:Q46V:T112E,0.632691540379132,9,0.6289496551039582,0.7486554556419024
L3N:T6H:G33T:R59N,0.7982932637534049,9,0.6418997608573063,0.857294754301383
L3N:T6H:G33T:R59N:R97D,0.7708749524366127,9,0.6557290774818655,0.9807472522996373
L3N:T6H:G33T:R59N:V106M,0.8178872014428978,9,0.6806550990173745,1.0419976567060083
L3N:T6H:G33T:R97D,0.8180977167145579,9,0.7803418012457627,1.0614811682673413
L3N:T6H:G33T:R97D:V106M,0.9093935721617564,7,0.8190971394058311,1.3377204416806516
L3N:T6H:G33T:T112E,0.8216204559631375,8,0.7821357070271086,1.0815106297341204
L3N:T6H:I91C,0.9575164414141,8,0.6832555369120479,0.8432617030842292
L3N:T6H:I91C:D95Q:T112E,0.7452230671222144,8,0.637154669298272,0.9883853676826613
L3N:T6H:I91C:R97D:T112E,0.8007343601951086,9,0.7127080759425121,1.139534525580083
L3N:T6H:I91C:R97D:V106M,0.961880844951323,8,0.7358401916966754,1.2480548961561366
L3N:T6H:I91C:T112E,0.7917305848109923,9,0.6988787593179528,0.9664226537429864
L3N:T6H:Q46C,0.7305530946422695,8,0.5331167889041724,0.5284456613467858
L3N:T6H:Q46C:D60Q,0.559139055158298,9,0.5916265259045754,0.6217278867373893
L3N:T6H:Q46C:D60Q:D95Q,0.4570832976308348,8,0.5299024358848945,0.5410570908580368
L3N:T6H:Q46C:D60Q:R97D,0.547163300600317,9,0.6054558425291345,0.701271300827766
L3N:T6H:Q46C:D95Q,0.5571591399846856,7,0.4713926988844915,0.4396626755989732
L3N:T6H:Q46C:D95Q:V106M,0.4681206433160607,7,0.5101480370445598,0.5688324570828962
L3N:T6H:Q46C:I91C:D95Q,0.5015872520849768,9,0.4482411437903037,0.4375316788139103
L3N:T6H:Q46C:I91C:T112E,0.5513643659295696,9,0.5255884562158897,0.5932000431534347
L3N:T6H:Q46C:I91C:V108Q,0.503956754830979,8,0.4544866986195935,0.47486615800950804
L3N:T6H:Q46C:V106M:T112E,0.7194071424257458,7,0.5874953494701456,0.6944343100506399
L3N:T6H:Q46C:V106M:V108Q,0.5808320642985807,8,0.5163935918738496,0.577435392594313
L3N:T6H:Q46C:V108Q,0.4566792844701163,8,0.47763825371378127,0.46636887286268636
L3N:T6H:Q46I,0.5693816586289352,8,0.5309767895426004,0.4980380646228567
L3N:T6H:Q46I:D60Q,0.49811742830437,7,0.5894865265430034,0.5846411289524214
L3N:T6H:Q46I:D60Q:D95Q,0.3039209593102119,8,0.5277624365233226,0.4549469631439551
L3N:T6H:Q46I:D60Q:I91C,0.5044185580273209,9,0.5663349714488156,0.5952235937187388
L3N:T6H:Q46I:D60Q:V106M,0.5455550626788125,9,0.6282418647030716,0.7080318517207562
L3N:T6H:Q46I:D95Q,0.3295913435064693,7,0.46925269952291954,0.36023170894593026
L3N:T6H:Q46I:I91C:T112E,0.5935432986362712,7,0.5234484568543176,0.5632751270787333
L3N:T6H:Q46I:R59N:D95Q,0.1446329741853934,9,0.3446399757590222,0.1083852299646646
L3N:T6H:Q46I:R97D:V106M,0.4537436954452638,8,0.5835614443272279,0.646528605926219
L3N:T6H:Q46I:V106M,0.5545770274499338,8,0.5697321277026687,0.5789981526650243
L3N:T6H:Q46R:D60Q:D95Q,0.5729538901333383,7,0.6907341132384978,0.7090287373408959
L3N:T6H:Q46R:D60Q:V106M,0.8851352799922025,8,0.7912135414182468,0.9704702603213343
L3N:T6H:Q46R:D95Q:T112E,0.616732907349482,9,0.6478475986439998,0.6837559020517496
L3N:T6H:Q46R:R59N:R97D,0.3743011587709151,7,0.5831650591184375,0.4395841846803985
L3N:T6H:Q46R:R59N:T112E,0.4674957344357535,8,0.5849589648997833,0.5004613057522616
L3N:T6H:Q46R:T112E,0.7208437071063475,8,0.7095716886636806,0.7635246249583888
L3N:T6H:Q46R:V106M:T112E,0.7202918619512052,8,0.7483270268237489,0.9079813558276882
L3N:T6H:Q46R:V106M:V108Q,0.6784584223788261,9,0.6772252692274527,0.7827588315868879
L3N:T6H:Q46V,0.5871502487520575,9,0.5532210400830853,0.5157384339744073
L3N:T6H:Q46V:D60Q:I91C,0.5935932602057312,8,0.5885792219893005,0.6239179376063829
L3N:T6H:Q46V:D95Q:V106M,0.453998173678923,8,0.5302522882234726,0.5343930606378398
L3N:T6H:Q46V:D95Q:V108Q,0.3030069191048758,8,0.4360184148730133,0.3199099497288634
L3N:T6H:Q46V:I91C:V106M,0.501825801808129,9,0.5688248231489657,0.6476462064119333
L3N:T6H:Q46V:R59N:T112E,0.2567066129131327,8,0.44423153872509297,0.2762587764851619
L3N:T6H:Q46V:R97D,0.5755449466428122,7,0.5670503567076444,0.5280484463524172
L3N:T6H:Q46V:R97D:V106M,0.6414929269828118,9,0.6058056948677126,0.6948743255771004
L3N:T6H:Q46V:R97D:V108Q,0.3392659809791268,7,0.5115718215172533,0.4316507506132492
L3N:T6H:Q46V:V106M,0.5671684705957356,7,0.5919763782431535,0.6005971994718748
L3N:T6H:R59N,0.8821041883439058,8,0.5817943682423383,0.6918812887687702
L3N:T6H:R59N:D60Q:D95Q,0.708621648770524,8,0.5785800152230605,0.8487520114600944
L3N:T6H:R59N:D60Q:I91C,0.7871709705937403,7,0.6171525501485535,0.9260468384955345
L3N:T6H:R59N:D95Q:V108Q,0.5290055104132164,7,0.4645917430322664,0.6514925553208333
L3N:T6H:R59N:I91C:R97D,0.7279478281955521,8,0.5724721297727098,0.8289913071149323
L3N:T6H:R59N:V106M,0.9338465471164414,8,0.6205497064024066,0.8268663466990915
L3N:T6H:R59N:V106M:T112E,0.8337568730441738,7,0.6361729288083117,0.9716161935487053
L3N:T6H:R59N:V106M:V108Q,0.7459364810089284,8,0.5650711712120156,0.8653363217040142
L3N:T6H:R97D,0.916795835663226,8,0.7202364086307949,0.8585475944640797
L3N:T6H:R97D:V106M,0.9647526586039272,8,0.7589917467908631,1.085069023403086
L3N:T6H:R97D:V108Q:T112E,0.7674093584506099,7,0.6803810958463088,1.0330305876539192
L3N:T6H:T112E,0.911166891415542,9,0.7220303144121407,0.8820027713581063
L3N:T6H:V108Q,0.8312599829745411,8,0.6509285568158445,0.7894472167763567
L3N:T6H:V108Q:T112E,0.9120240734823176,7,0.6665517792217496,0.9274869712950984
L3N:T6S,1.265471773357417,7,0.9692367105283004,1.0039705020545238
L3N:T6S:A28H:D60Q:D95Q,1.0950765670457678,8,1.0081543890462603,1.4016930159262109
L3N:T6S:A28H:D60Q:I91C,1.2121915915296737,9,1.0467269239717534,1.4902757022774364
L3N:T6S:A28H:D60Q:R97D,1.2465798718981744,7,1.0837077956905004,1.5562079136185987
L3N:T6S:A28H:D60Q:V108Q,1.2386270826470376,7,1.01439994387555,1.4562622753923755
L3N:T6S:A28H:G33T,1.2494034887181331,7,1.0714741346805061,1.3625977887753336
L3N:T6S:A28H:G33T:Q46C,0.9878018788398416,7,0.8981838315784428,1.0414319490857549
L3N:T6S:A28H:G33T:Q46I,1.0020604053534012,7,0.8960438322168709,1.1090061020052806
L3N:T6S:A28H:G33T:Q46V,1.006337818560565,8,0.9182880827573556,1.096524381742653
L3N:T6S:A28H:G33T:R59N,1.0441141329358714,9,0.9468614109166088,1.3000930548576262
L3N:T6S:A28H:G33T:R97D,1.0934433536952637,9,1.0853034513050652,1.5396580402817892
L3N:T6S:A28H:I91C:D95Q,0.9538116060100136,9,0.9264930969516695,1.2605940487298977
L3N:T6S:A28H:I91C:V106M,1.0475705354460607,8,1.0269725251314186,1.4763856097295887
L3N:T6S:A28H:Q46C:R97D,0.7374792048132502,8,0.8519077555880341,0.9685682680274044
L3N:T6S:A28H:Q46I:T112E,0.8811616331880221,7,0.8515616620078079,0.9939313112636324
L3N:T6S:A28H:Q46R:V106M,1.0819446236033636,9,1.0376654544771464,1.205466410141982
L3N:T6S:A28H:Q46R:V108Q,0.9238560789133656,7,0.943431581126687,1.0247112353960013
L3N:T6S:A28H:Q46V,0.9500812451007746,9,0.8581826901423878,0.919217235243135
L3N:T6S:A28H:R59N:D95Q,1.0202033738177183,7,0.82503192828196,1.071089112466891
L3N:T6S:A28H:R59N:V108Q,1.1002892765458916,8,0.8312774831112498,1.1245229056985957
L3N:T6S:A28H:R97D:T112E,1.1363556323260358,7,1.0408212810960022,1.4695871918827144
L3N:T6S:A28K:D60Q:T112E,1.1921704215508169,9,1.0418623366938202,1.4597193898257095
L3N:T6S:A28K:D95Q:T112E,0.8864494854793554,7,0.9216285096737363,1.2622550482692132
L3N:T6S:A28K:G33T:D95Q,0.9116819317080463,9,0.9661106798827992,1.3323714726344833
L3N:T6S:A28K:G33T:I91C,0.913801107148311,8,1.0046832148082923,1.4181724250398768
L3N:T6S:A28K:G33T:Q46V,0.8974818892948339,9,0.8746487179793296,1.0416140215124352
L3N:T6S:A28K:G33T:R97D,1.1343135217679938,8,1.0416640865270392,1.4570474092204118
L3N:T6S:A28K:I91C:R97D,0.9732351532744874,9,0.9584071388178835,1.3308272123510982
L3N:T6S:A28K:Q46C,0.855449357986434,7,0.7944390741854489,0.822854190464251
L3N:T6S:A28K:Q46C:V106M,0.746981221696897,7,0.8331944123455172,0.9274648519490323
L3N:T6S:A28K:Q46I:R97D,0.9284802388748964,7,0.8061283914484361,0.9248882381498336
L3N:T6S:A28K:Q46I:T112E,0.8803992863164309,8,0.8079222972297819,0.9813127740255003
L3N:T6S:A28K:Q46I:V108Q,0.7684620479901829,7,0.7368205396334858,0.8193780800073105
L3N:T6S:A28K:Q46R:D95Q,0.918960262758458,7,0.8935466615193712,0.947326861383943
L3N:T6S:A28K:Q46R:R59N,0.8249146958718434,8,0.8306580277751549,0.7764532042723865
L3N:T6S:A28K:Q46R:R97D,0.9598737912024408,8,0.9691000681636113,1.0904942268944535
L3N:T6S:A28K:Q46V,0.9780230889076188,8,0.8145433253643618,0.8657896144567181
L3N:T6S:A28K:Q46V:R97D,0.7509479307923854,8,0.8283726419889209,0.920068149751577
L3N:T6S:A28K:R59N:I91C,0.919978494477534,9,0.8199650984294271,1.0726929564017444
L3N:T6S:A28K:R59N:V106M,0.9631843112040164,7,0.8818719916836831,1.1881700846065437
L3N:T6S:A28K:R97D,1.0652855611573293,7,0.9815586939120713,1.2052179118938962
L3N:T6S:A28K:V106M,0.948511488148496,7,1.0064847154475804,1.2493964436262006
L3N:T6S:A28K:V106M:V108Q,1.1209853585880654,9,0.9510061802571893,1.3019228806484904
L3N:T6S:A28K:V108Q,1.2499460374630655,7,0.912250842097121,1.1096495206626307
L3N:T6S:A28K:V108Q:T112E,1.0775163901886728,8,0.9278740645030261,1.2731273495468378
L3N:T6S:D60Q,1.1209180583869804,8,1.0277464475287033,1.175716569310863
L3N:T6S:D60Q:D95Q:V108Q,0.984715654925208,9,0.9105438223186314,1.2210803177847647
L3N:T6S:D60Q:I91C:T112E,1.0560629216290345,9,1.0202181148404206,1.416814528579693
L3N:T6S:D60Q:R97D:V108Q,0.9323075664651668,8,0.9860972289628714,1.3383222048883407
L3N:T6S:D60Q:V106M,1.2024297465592044,8,1.0665017856887715,1.3501406171588948
L3N:T6S:D95Q:V106M,1.103599638245352,8,0.9462679586686877,1.186556976672101
L3N:T6S:D95Q:V108Q,0.958843294671514,8,0.8520340853182283,1.0078762640525993
L3N:T6S:D95Q:V108Q:T112E,0.9186355594314568,9,0.8676573077241334,1.1703115007753258
L3N:T6S:G33T:D60Q,1.2360022544192883,7,1.0878518401436712,1.3733254330738303
L3N:T6S:G33T:D95Q,1.0217003828907294,7,0.9676180131235874,1.1770969555756188
L3N:T6S:G33T:D95Q:V106M,0.9781963842238492,9,1.0063733512836557,1.4039989264345407
L3N:T6S:G33T:I91C:D95Q,1.0597554767702253,7,0.9444664580293995,1.2940887283508613
L3N:T6S:G33T:I91C:T112E,0.9463827351458816,9,1.0218137704549854,1.4184284959851752
L3N:T6S:G33T:Q46I,1.1058687312867113,8,0.853911800679633,0.9744311840448653
L3N:T6S:G33T:Q46I:D60Q,1.024270171274035,7,0.912421537680036,1.1357627576213722
L3N:T6S:G33T:Q46R,1.0650621523205666,7,1.016883477394808,1.096790302407019
L3N:T6S:G33T:Q46R:I91C,1.0474628435597393,7,0.9937319223006205,1.1435432147976812
L3N:T6S:G33T:Q46R:R59N,0.8632368258927418,7,0.8922707536309109,0.8489834042532499
L3N:T6S:G33T:Q46R:R97D,1.0288349217787822,7,1.0307127940193674,1.1947697354856595
L3N:T6S:G33T:Q46R:V108Q,0.9538334346394196,7,0.9614049422044171,1.082706931724909
L3N:T6S:G33T:Q46V:I91C,0.9393757843502494,7,0.8530044961259301,0.9726094063087627
L3N:T6S:G33T:Q46V:V106M,0.9139471781975876,9,0.9149113893801861,1.0595650698065866
L3N:T6S:G33T:Q46V:V108Q,0.921919659757908,7,0.8206775160297267,0.9092769913167438
L3N:T6S:G33T:R97D:T112E,1.0490403525760827,9,1.0587946421737324,1.4885490573441051
L3N:T6S:G33T:R97D:V106M,1.159025739850008,8,1.0819267579278957,1.5563327114661458
L3N:T6S:G33T:R97D:V108Q,0.9746832289834544,8,0.9876928845774363,1.3220077511169852
L3N:T6S:G33T:V108Q:T112E,1.0239843553830086,9,0.9894867903587822,1.3792320561006457
L3N:T6S:I91C,1.04891980598925,9,0.9460851554341125,1.0609664141935964
L3N:T6S:I91C:D95Q:T112E,0.8629537581074782,9,0.8999842878203367,1.2231331181980667
L3N:T6S:I91C:D95Q:V108Q,0.8877111748559078,8,0.8288825302240406,1.0939163039410942
L3N:T6S:I91C:R97D,1.1240000508007602,7,0.9599144720586718,1.2008390627162124
L3N:T6S:I91C:R97D:V106M,1.184413262432919,7,0.99866981021874,1.4708194395414051
L3N:T6S:I91C:T112E,0.8791497913215068,8,0.9617083778400175,1.1790420237888597
L3N:T6S:I91C:V108Q,0.9687342895222192,9,0.8906066202437215,1.09169716435669
L3N:T6S:Q46C,1.044700180637501,7,0.795946407426237,0.7856463202286982
L3N:T6S:Q46C:D60Q:D95Q,0.7223649592477935,9,0.7927320544069592,0.8384782402981168
L3N:T6S:Q46C:D60Q:V106M,0.8239796997841523,8,0.8932114825867083,1.0108694565653478
L3N:T6S:Q46C:D60Q:V108Q,0.725541512529619,8,0.7989776092362489,0.8692457330151178
L3N:T6S:Q46C:D95Q:T112E,0.7652520718234859,7,0.7498455398124612,0.798813578716401
L3N:T6S:Q46C:D95Q:V108Q,0.5724910969326299,8,0.678743782216165,0.6454798640929085
L3N:T6S:Q46C:I91C:T112E,0.7629459062277684,8,0.7884180747379543,0.8385583106645276
L3N:T6S:Q46C:R97D:V108Q,0.6342870411418154,9,0.7542971888604051,0.7512736536336487
L3N:T6S:Q46I:D60Q:I91C,0.8532823254469261,8,0.8291645899708803,0.9407592451228767
L3N:T6S:Q46I:D60Q:T112E,1.0197514857369196,7,0.8679393674709731,1.031862604885962
L3N:T6S:Q46I:D95Q:T112E,0.7659436026703659,9,0.7477055404508892,0.7994744872033044
L3N:T6S:Q46I:D95Q:V108Q,0.5245141993878766,8,0.6766037828545931,0.6116468135998787
L3N:T6S:Q46I:I91C,0.8726071499195973,9,0.7706548529704773,0.8115334244947242
L3N:T6S:Q46I:R59N:D95Q,0.4705718477743882,8,0.6074695942810869,0.48211156329718236
L3N:T6S:Q46I:R59N:I91C,0.5731395769031117,9,0.64604212920658,0.5574816827645935
L3N:T6S:Q46I:R59N:R97D,0.6082403895956486,9,0.683023000925327,0.6169895644333936
L3N:T6S:Q46I:R59N:V108Q,0.4994605277192303,7,0.6137151491103767,0.5293649431279348
L3N:T6S:Q46I:R97D,0.9702589654445648,7,0.8076357246892243,0.8354227301454911
L3N:T6S:Q46I:V106M,0.8768718242616895,7,0.8325617462247333,0.9006378421979258
L3N:T6S:Q46R:D60Q:I91C,1.035927711564658,9,0.9921362666860555,1.121883934360144
L3N:T6S:Q46R:D60Q:V108Q,0.9453259205565177,7,0.9598092865898522,1.077836678612667
L3N:T6S:Q46R:D95Q:T112E,0.9512647970271796,8,0.9106772171660644,0.9739290512095296
L3N:T6S:Q46R:D95Q:V108Q,0.8820641123149829,9,0.8395754595697683,0.8123717298015638
L3N:T6S:Q46R:I91C:T112E,0.9235848823648736,9,0.9492497520915575,1.0482012882483793
L3N:T6S:Q46R:I91C:V108Q,0.9752651684134211,8,0.8781479944952614,0.9276852065673876
L3N:T6S:Q46R:R59N:D95Q,0.7338318140238842,9,0.7704412709962621,0.5976676245173902
L3N:T6S:Q46R:R59N:V106M,0.6971869904644739,8,0.8709206991760112,0.8031862559476999
L3N:T6S:Q46R:T112E,0.9913612763083208,7,0.9724013071857454,1.0315693936466368
L3N:T6S:Q46V:D60Q,0.8440183711519582,7,0.874560395605553,0.9322420128460914
L3N:T6S:Q46V:R97D:T112E,0.8397468035584744,7,0.8455031976356141,0.9555980339308083
L3N:T6S:Q46V:V106M,0.8555432909543531,8,0.8548059967652182,0.8938280657069193
L3N:T6S:Q46V:V108Q:T112E,0.8463752713433333,7,0.7761953458206639,0.8392666218976113
L3N:T6S:R59N:D95Q:T112E,0.9905386731110252,7,0.7985231191506272,1.0590507966429865
L3N:T6S:R59N:I91C:T112E,0.881157830714338,8,0.8370956540761203,1.0822278332310802
L3N:T6S:R59N:R97D,1.0075637802871973,9,0.8584533033889622,1.0237618584982016
L3N:T6S:R59N:V106M:V108Q,1.0081351760379524,9,0.8279007897340802,1.0955906114548528
L3N:T6S:R59N:V108Q,1.18635541326245,7,0.789145451574012,0.9460790041040006
L3N:T6S:R97D:V106M,1.1392985880867503,7,1.0218213653129278,1.31459061709568
L3N:T6S:R97D:V106M:T112E,1.099547623552436,8,1.0374445877188327,1.489442463353456
L3N:T6S:V106M:V108Q:T112E,1.026684179948813,8,0.9681367359038825,1.333483524385219
L3N:T6S:V108Q,1.061590828651115,9,0.9137581753379093,1.0148650473769636
L3N:T6S:V108Q:T112E,0.9796973603289107,8,0.9293813977438142,1.1478194608322114
L3N:V106M:T112E,0.9635854260141498,9,0.8313062574405212,0.8977828739205908
L3N:V106M:V108Q:T112E,0.8680785802638199,7,0.7758277222501302,0.920423394552631
Q46C:D60Q:D95Q:R97D,0.6392212949461484,9,0.6617425880275545,0.6148638563215103
Q46C:D60Q:D95Q:R97D:V108Q,0.4978221361833058,7,0.6062640528371634,0.4839695264107995
Q46C:D60Q:D95Q:V108Q,0.3704201897031504,7,0.5924347362126043,0.4170576412201407
Q46C:D60Q:I91C:D95Q:V106M,0.4841061725386397,9,0.6635170544688759,0.5809131970018989
Q46C:D60Q:I91C:R97D,0.652170530637089,8,0.7003151229530477,0.6330997758403368
Q46C:D60Q:I91C:R97D:T112E,0.5737603068919502,7,0.7159383453589526,0.7146780180312967
Q46C:D60Q:R97D:V106M:T112E,0.698368399719613,9,0.7778452386132086,0.8536718673302572
Q46C:D60Q:R97D:V108Q,0.6070700072677354,8,0.6679881428568444,0.5450963081808758
Q46C:D60Q:T112E,0.6956280587227137,9,0.7252605838285813,0.6593169942177457
Q46C:D60Q:V106M,0.7929370628649417,8,0.7483926995827446,0.6698763555411903
Q46C:D60Q:V106M:T112E,0.55473758655526,7,0.7640159219886495,0.7065109190340463
Q46C:D60Q:V108Q:T112E,0.666110636142624,9,0.6697820486381901,0.6007147148105612
Q46C:D95Q:R97D:T112E,0.7376677115408844,9,0.6188560734330566,0.6114491148218313
Q46C:D95Q:R97D:V106M,0.6468397182797923,8,0.6419881891872198,0.6678906787858322
Q46C:D95Q:R97D:V108Q,0.4549038360054847,8,0.5477543158367604,0.39831263410833906
Q46C:D95Q:R97D:V108Q:T112E,0.5700925562703495,7,0.5633775382426655,0.48275471210222065
Q46C:D95Q:T112E,0.589074955920776,7,0.6050267568084974,0.5153829774064593
Q46C:D95Q:V106M,0.6066851469567164,8,0.6281588725626606,0.540717385323553
Q46C:D95Q:V108Q:T112E,0.5131158280026928,7,0.5495482216181062,0.4110437698345853
Q46C:I91C:D95Q:T112E,0.513395152464284,9,0.5818752017143096,0.447014383019292
Q46C:I91C:D95Q:V106M:V108Q,0.3902782842365895,8,0.5495287822780818,0.41474044595478704
Q46C:I91C:R97D,0.704245261952757,7,0.6418053859526447,0.5643702238037502
Q46C:I91C:R97D:V108Q,0.4741827269865925,7,0.5863268507622535,0.43235743368365054
Q46C:I91C:V106M:T112E,0.636412272728094,8,0.6823546298940587,0.6028898204402114
Q46C:R59N:D60Q:D95Q:V108Q,0.2202412988337071,9,0.46782201244870697,0.09151870027545139
Q46C:R59N:D60Q:I91C:R97D,0.260643375703618,8,0.5757023991891503,0.2798760224311894
Q46C:R59N:D60Q:R97D:T112E,0.3708055216975979,9,0.6144771766892432,0.42921640972377484
Q46C:R59N:I91C:R97D,0.2248619557684893,7,0.5171926621887473,0.17666176935436384
Q46C:R59N:I91C:R97D:V106M,0.2269215437331841,7,0.5559480003488155,0.2832595669456701
Q46C:R59N:I91C:V106M,0.2346324823302941,7,0.5421186837242564,0.1964445577220555
Q46C:R59N:I91C:V106M:T112E,0.1790967124326676,8,0.5577419061301614,0.22792286703750364
Q46C:R59N:I91C:V108Q,0.2092615304715618,9,0.44788481037379707,0.06560032624154122
Q46C:R59N:R97D,0.2658266952311427,9,0.5403442172829351,0.27394886339577124
Q46C:R59N:R97D:V106M,0.3308876321327139,9,0.5790995554430034,0.3245268110109647
Q46C:R59N:R97D:V106M:T112E,0.3161435636461455,8,0.5947227778489084,0.3861981580682394
Q46C:R97D:V106M,0.7320149956238186,7,0.7037122792069007,0.6795478056042913
Q46C:R97D:V106M:T112E,0.6920549497316751,8,0.7193355016128057,0.725546535452914
Q46C:R97D:V106M:V108Q,0.5019614907032267,9,0.6482337440165096,0.5547862621539954
Q46C:R97D:V108Q:T112E,0.5422644773687608,8,0.6251016282623463,0.5225128604732783
Q46C:V106M:T112E,0.6879932119711715,8,0.7055061849882465,0.6244464877600346
Q46I:D60Q:D95Q,0.4207618650075356,7,0.6457732720414234,0.46575424563139056
Q46I:D60Q:D95Q:R97D,0.4780765265829889,9,0.6596025886659826,0.50910215201672
Q46I:D60Q:D95Q:R97D:V108Q,0.2885427124539654,9,0.6041240534755915,0.34680580552510676
Q46I:D60Q:D95Q:V106M,0.5110876068912046,7,0.6845286102014917,0.5285367046107566
Q46I:D60Q:D95Q:V106M:V108Q,0.334152952045999,7,0.6290500750111006,0.41768300477733705
Q46I:D60Q:D95Q:V108Q,0.2708367951809939,7,0.5902947368510323,0.3278130942875138
Q46I:D60Q:I91C:D95Q:V106M,0.3622270618201667,9,0.6613770551073039,0.5174424247213694
Q46I:D60Q:I91C:D95Q:V108Q,0.2847925108865549,7,0.5671431817568445,0.2805351692626671
Q46I:D60Q:R97D:V106M:T112E,0.738176839296779,9,0.7757052392516367,0.7970064951746098
Q46I:D60Q:V108Q,0.5935457276732199,8,0.6520188268707132,0.5148964494364122
Q46I:D95Q:R97D:T112E,0.531135503575456,9,0.6167160740714845,0.5154585139771103
Q46I:D95Q:V106M:T112E,0.5175696997246421,7,0.6416420956069937,0.5142465736886894
Q46I:D95Q:V108Q:T112E,0.3259455728018052,9,0.5474082222565343,0.3315703263620281
Q46I:I91C:D95Q:V108Q:T112E,0.2416040144969019,9,0.5242566671623465,0.280428675065711
Q46I:I91C:R97D:V106M,0.5399310303467031,7,0.6784207247511409,0.6248498634330829
Q46I:I91C:R97D:V108Q,0.2645540405419604,7,0.5841868514006816,0.3482869820383073
Q46I:R59N:D60Q:I91C:V108Q,0.2668624866360548,8,0.5042545480126281,0.18590497503384995
Q46I:R59N:D60Q:R97D:T112E,0.3600230749315327,7,0.6123371773276711,0.4482059562118943
Q46I:R59N:D60Q:V106M:T112E,0.3685530148314616,7,0.6372631988631803,0.47217512407129
Q46I:R59N:D95Q:R97D:T112E,0.2725227343213077,9,0.4921033503075873,0.2356612391901643
Q46I:R59N:D95Q:R97D:V108Q,0.1331405472666408,8,0.4210015927112912,-0.026197770355973427
Q46I:R59N:D95Q:V108Q:T112E,0.1672440394755728,9,0.42279549849263703,0.059855240050517344
Q46I:R59N:I91C,0.2174961944598047,9,0.5012233462026162,0.23970055121135503
Q46I:R59N:I91C:D95Q:R97D,0.2284529250297998,8,0.4533285728074945,0.07731189250462434
Q46I:R59N:I91C:D95Q:V108Q,0.1089401976525328,8,0.3840207209925442,-0.10655672824306672
Q46I:R59N:R97D:V108Q,0.1984819682164956,9,0.48272568273097205,0.11471866436018291
Q46I:R59N:V106M,0.3713749905229642,7,0.5631302394568722,0.34840182104208095
Q46I:R59N:V106M:V108Q,0.1885043445712207,9,0.5076517042664812,0.21803750351455897
Q46I:R59N:V108Q,0.2634596037012521,9,0.4688963661064129,0.22535819829512577
Q46I:R97D:T112E,0.7012100609900891,8,0.6784401640911655,0.5918489007199581
Q46I:R97D:V106M,0.6804763401080262,9,0.7015722798453288,0.6264696521106515
Q46I:V106M:V108Q:T112E,0.5931062826126411,8,0.6478876504362834,0.5261168095334964
Q46R:D60Q:D95Q:R97D:T112E,0.9067911980937484,9,0.8381974877870628,0.8751249327686493
Q46R:D60Q:D95Q:T112E,0.7542873078477026,7,0.8243681711625036,0.7371734948156787
Q46R:D60Q:D95Q:V106M:T112E,0.8689178647123997,7,0.8631235093225719,0.8634525966221768
Q46R:D60Q:I91C,0.910375891766292,9,0.8473174836820917,0.7716779801017202
Q46R:D60Q:I91C:D95Q:T112E,0.5158443533107486,7,0.8012166160683158,0.7073964913028816
Q46R:D60Q:I91C:R97D,0.6989205198654357,9,0.8611468003066509,0.8250493172552137
Q46R:D60Q:I91C:R97D:V108Q,0.5190340523035611,9,0.8056682651162598,0.7306056115610351
Q46R:D60Q:I91C:V106M:T112E,0.9893178614166824,8,0.9016960442480649,0.9519513977352575
Q46R:D60Q:V106M:V108Q,0.939271345904168,9,0.8537458417459567,0.8229977522081879
Q46R:D95Q:R97D,0.866541741146311,9,0.7640645283807548,0.6987422774879807
Q46R:D95Q:R97D:V106M,0.8734893459007973,9,0.802819866540823,0.8379746593748408
Q46R:D95Q:V106M:V108Q:T112E,0.6076633416062525,8,0.7491352371317778,0.679014987774255
Q46R:I91C:D95Q:V106M:V108Q,0.4549021671978561,9,0.710360459631685,0.6072842590925023
Q46R:I91C:R97D:V108Q:T112E,0.6035089308489173,7,0.7627817505217618,0.6953728127224071
Q46R:I91C:V106M:T112E,0.9032154577803037,7,0.843186307247662,0.8241238007887053
Q46R:I91C:V108Q,0.852343419107404,8,0.7333292114912976,0.6243425020520689
Q46R:I91C:V108Q:T112E,0.7277545451992455,9,0.7489524338972026,0.6615576136396737
Q46R:R59N:D60Q,0.733494779056894,7,0.7458563150123821,0.5500933191923907
Q46R:R59N:D60Q:I91C:V106M,0.3855141261499243,7,0.7614600980782626,0.5491405380125159
Q46R:R59N:D60Q:R97D:V106M,0.5598648968985622,7,0.7984409697970096,0.6805165009646537
Q46R:R59N:D60Q:R97D:V108Q,0.3177881335145672,9,0.7042070964465502,0.44077759171695663
Q46R:R59N:D60Q:V106M,0.4523031535899011,7,0.7846116531724504,0.5950292515339797
Q46R:R59N:D95Q:R97D:V106M,0.5252978862377337,7,0.6782071427769257,0.4833919595157538
Q46R:R59N:D95Q:T112E,0.3630007989555154,8,0.6412457103982033,0.3454923046873158
Q46R:R59N:D95Q:V106M:T112E,0.3781190980030404,8,0.6800010485582716,0.4197715144861773
Q46R:R59N:D95Q:V108Q,0.2492497893079418,9,0.5701439528019072,0.1851188001646829
Q46R:R59N:D95Q:V108Q:T112E,0.2662089659280973,8,0.5857671752078122,0.24682043228993666
Q46R:R59N:I91C:D95Q:V106M,0.2070169817466153,7,0.6412262710581788,0.30582097041605627
Q46R:R59N:I91C:T112E,0.4403362884066312,9,0.6798182453236964,0.38714088875652236
Q46R:R59N:I91C:V106M:V108Q,0.2642571646414097,8,0.6474718258874685,0.35342122306285517
Q46R:R59N:I91C:V108Q:T112E,0.316881124577317,9,0.6243397101333052,0.3206963527571203
Q46R:R59N:R97D:T112E,0.4958848507266316,7,0.7167991170424434,0.5012323713060042
Q46R:R59N:R97D:V108Q,0.2512621924360287,8,0.6456973594461473,0.3075156687801288
Q46R:R59N:R97D:V108Q:T112E,0.2766838686529167,7,0.6613205818520522,0.3905964353182122
Q46R:R59N:V106M:T112E,0.5373339229995495,9,0.7417251385779524,0.5220016750616773
Q46R:V106M:V108Q,0.8872965085315806,8,0.7952361047455536,0.7278507961887635
Q46R:V106M:V108Q:T112E,0.778200791468489,7,0.8108593271514586,0.7709821867585727
Q46V:D60Q:D95Q,0.5072304927199217,8,0.6680175225819083,0.5204266358805263
Q46V:D60Q:D95Q:R97D,0.6431716437550011,8,0.6818468392064674,0.5905212151098866
Q46V:D60Q:D95Q:R97D:T112E,0.6090733957065028,9,0.6974700616123725,0.6838494473386234
Q46V:D60Q:D95Q:T112E,0.5461195406271298,9,0.6836407449878132,0.5628949104289546
Q46V:D60Q:D95Q:V106M:T112E,0.5497978071539782,9,0.7223960831478815,0.6561592457843068
Q46V:D60Q:I91C:D95Q,0.3428218104885525,8,0.6448659674877204,0.45828984442260656
Q46V:D60Q:I91C:D95Q:R97D,0.5082226058222672,8,0.6586952841122796,0.5715974839825065
Q46V:D60Q:I91C:D95Q:T112E,0.4131368287215153,7,0.6604891898936255,0.5214250389095167
Q46V:D60Q:I91C:R97D,0.6213927141036251,7,0.7204193741319606,0.6337370776354664
Q46V:D60Q:I91C:R97D:V106M,0.7286350479165621,7,0.7591747122920288,0.7932144645107074
Q46V:D60Q:I91C:V106M:T112E,0.6855634857921794,8,0.7609686180733746,0.7351104848134176
Q46V:D60Q:R97D:V106M:T112E,0.7595377679471131,8,0.7979494897921215,0.8557568764526875
Q46V:D60Q:V106M:V108Q,0.7004060511819631,9,0.7130184155712663,0.6131715152613499
Q46V:D95Q:R97D:V106M,0.7637260084352353,9,0.6620924403661327,0.6450902597830324
Q46V:I91C:D95Q:R97D:T112E,0.6152865676554491,8,0.6158087695177816,0.5679176278526624
Q46V:I91C:D95Q:R97D:V108Q,0.3953134664456703,9,0.5447070119214855,0.34104863322523005
Q46V:I91C:D95Q:V106M:T112E,0.506605499854181,8,0.6407347910532908,0.5566644818210839
Q46V:I91C:D95Q:V106M:V108Q,0.3466306575865508,9,0.5696330334569946,0.4055148926114672
Q46V:I91C:R97D,0.5470353109703151,8,0.6619096371315575,0.5656700505314055
Q46V:I91C:R97D:V108Q:T112E,0.4387845512590316,7,0.6220543243470714,0.5022558096776382
Q46V:I91C:T112E,0.6751873046268707,9,0.6637035429129033,0.5675150949194354
Q46V:R59N:D60Q:D95Q,0.2296543794087767,8,0.543404798818011,0.18175722890874652
Q46V:R59N:D60Q:I91C,0.3138112380097309,9,0.581977333743504,0.239090610564472
Q46V:R59N:D60Q:R97D:T112E,0.3895168052776734,8,0.6345814278681561,0.41873530289875593
Q46V:R59N:D60Q:R97D:V106M,0.397406406580639,9,0.6577135436223193,0.43310355634650477
Q46V:R59N:D60Q:R97D:V108Q,0.2064369292399459,7,0.5634796702718599,0.2121904136240661
Q46V:R59N:D60Q:T112E,0.3821944685142125,8,0.6207521112435969,0.381352110558291
Q46V:R59N:D95Q,0.287681778721849,7,0.48489506181760794,0.14168485770927064
Q46V:R59N:D95Q:R97D:T112E,0.2454032537940026,8,0.5143476008480721,0.22658545332865054
Q46V:R59N:D95Q:R97D:V106M,0.3149356522471153,9,0.5374797166022354,0.2557287533700487
Q46V:R59N:D95Q:R97D:V108Q,0.1424924046408106,7,0.443245843251776,-0.013681396053665806
Q46V:R59N:D95Q:V106M,0.2680631287450761,9,0.5236503999776763,0.15636610213630026
Q46V:R59N:D95Q:V108Q,0.1440619232867911,7,0.42941652662721685,-0.006721738412462153
Q46V:R59N:I91C,0.3796981270988573,8,0.5234675967431011,0.1825997830235041
Q46V:R59N:I91C:D95Q:V106M,0.1334677414347697,9,0.5004988448834884,0.0834617973070122
Q46V:R59N:I91C:R97D:T112E,0.238684961692054,9,0.5529201357735652,0.2249663321947184
Q46V:R59N:I91C:T112E,0.2318671854314825,9,0.539090819149006,0.19043098012704585
Q46V:R59N:R97D:T112E,0.3032071099504935,9,0.576071690867753,0.29921842963986656
Q46V:R59N:R97D:V106M:T112E,0.3173416696984049,7,0.6148270290278213,0.37725927345204435
Q46V:R59N:V108Q:T112E,0.308850502157344,7,0.5067638390528028,0.20742639713679084
Q46V:R97D,0.7733402770644571,8,0.6850611922257452,0.6183323507775065
Q46V:R97D:T112E,0.7598700422860591,7,0.7006844146316503,0.6406839684142228
Q46V:R97D:V106M:V108Q,0.5558632077751796,8,0.6683379951954225,0.5446319973928394
R4D:A28H:D60Q:I91C:V106M,1.2642701427606962,9,1.0849532418967844,1.634396626098809
R4D:A28H:D60Q:I91C:V108Q,1.1814272172155895,7,0.9907193685463251,1.4690786657242114
R4D:A28H:D60Q:R97D:V106M,1.357943503741971,9,1.1219341136155316,1.7257974319088465
R4D:A28H:D60Q:R97D:V108Q,1.1454429406082631,9,1.0277002402650721,1.490340807794756
R4D:A28H:D60Q:V106M:V108Q,1.1152069436820848,7,1.0526262618005813,1.5897753457623052
R4D:A28H:D95Q,1.2030518520701956,7,0.9491156318108201,1.083709890415735
R4D:A28H:D95Q:R97D,1.14523836972322,7,0.9629449484353794,1.2680322421804482
R4D:A28H:D95Q:T112E,1.1254620343458677,8,0.9647388542167252,1.2382408488484002
R4D:A28H:D95Q:V106M,1.2926045615946995,9,0.9878709699708884,1.2879119091800133
R4D:A28H:D95Q:V108Q,1.0717718358207773,9,0.893637096620429,1.1102805872395995
R4D:A28H:G33T:D60Q:D95Q,1.2653233722337114,7,1.067730761426191,1.5736345514087726
R4D:A28H:G33T:I91C:V106M,1.2463382014431423,7,1.0865488975113493,1.6605855309859296
R4D:A28H:G33T:I91C:V108Q,1.1380758142045115,9,0.99231502416089,1.4974486250553496
R4D:A28H:G33T:Q46C:I91C,0.8533859366459654,7,0.8745032562492179,1.0215429812191896
R4D:A28H:G33T:Q46C:R59N,0.5920279192189273,7,0.7730420875795084,0.7032520210084684
R4D:A28H:G33T:Q46C:R97D,0.940482421828837,9,0.9114841279679649,1.0952656582498703
R4D:A28H:G33T:Q46I:I91C,0.8489638013700056,7,0.8723632568876459,1.0934890326079185
R4D:A28H:G33T:Q46I:R59N,0.7202610356949828,7,0.7709020882179364,0.8504432726117654
R4D:A28H:G33T:Q46I:T112E,0.9139865869878342,8,0.9111380343877387,1.1856368763912943
R4D:A28H:G33T:Q46I:V106M,1.1139356478317186,7,0.934270150141902,1.2020713009273059
R4D:A28H:G33T:Q46I:V108Q,0.95039912522744,7,0.8400362767914425,1.0352949860982805
R4D:A28H:G33T:Q46R:D60Q,1.192983382537833,9,1.116996225697412,1.3957809865913997
R4D:A28H:G33T:Q46R:V108Q,0.963713318956632,8,1.0030079535066179,1.1893776982936124
R4D:A28H:G33T:Q46V:R59N,0.6533830459735069,8,0.7931463387584212,0.7515134625897703
R4D:A28H:G33T:Q46V:T112E,1.0610976132911412,7,0.9333822849282236,1.1708735678149642
R4D:A28H:G33T:R59N:D95Q,1.1077743996401284,8,0.8846083006618908,1.218413683857234
R4D:A28H:G33T:R97D,1.2345695273800863,9,1.084774431070028,1.4400236662636425
R4D:A28H:G33T:R97D:V106M,1.2968211175916626,9,1.1235297692300965,1.730719929966687
R4D:A28H:G33T:R97D:V108Q,1.1792409597847011,7,1.029295895879637,1.497444360296614
R4D:A28H:G33T:T112E,1.2163129634032563,8,1.0865683368513739,1.4542589376865767
R4D:A28H:G33T:V106M:T112E,1.2121317637571802,8,1.1253236750114421,1.6895712865830916
R4D:A28H:G33T:V106M:V108Q,1.157965604802682,9,1.0542219174151461,1.5991752233241308
R4D:A28H:G33T:V108Q,1.1368058350106611,9,1.0154665792550779,1.3633586218378448
R4D:A28H:I91C:D95Q,1.128235419155687,9,0.9259640767166324,1.156383673973954
R4D:A28H:I91C:D95Q:V108Q,1.0734775164671595,9,0.8704855415262412,1.2027905756384718
R4D:A28H:I91C:T112E,1.1049455398920278,7,1.0033113891422183,1.2952312309580898
R4D:A28H:I91C:V106M:T112E,1.1174348449963794,7,1.0420667273022866,1.5368455853564134
R4D:A28H:I91C:V108Q:T112E,1.05991270868738,7,0.9478328539518271,1.3895749879783974
R4D:A28H:Q46C:D60Q,0.9764506569339668,7,0.8960591557288408,0.978309574128647
R4D:A28H:Q46C:D60Q:D95Q,0.7866168607704325,8,0.8343350657091599,0.9120263856966312
R4D:A28H:Q46C:D60Q:R97D,1.060521034331006,9,0.9098884723534,1.0862032827077799
R4D:A28H:Q46C:D95Q:R97D,0.9326232301726348,7,0.7896546453333161,0.9001619252001499
R4D:A28H:Q46C:R97D:V108Q,0.7002186321889234,8,0.7959002001626059,0.8402154686617441
R4D:A28H:Q46C:V106M:T112E,0.8595537085909558,9,0.891927979294411,1.0387930355136163
R4D:A28H:Q46C:V106M:V108Q,0.7893162160226003,8,0.8208262216981149,0.9282613658550405
R4D:A28H:Q46C:V108Q,0.8220713297728981,8,0.7820708835380467,0.8027378558336796
R4D:A28H:Q46I,1.097060408206631,8,0.8354094193668657,0.8601818974744143
R4D:A28H:Q46I:D60Q:R97D,1.0227851192242712,7,0.9077484729918279,1.0559955530929728
R4D:A28H:Q46I:D60Q:T112E,1.0188712937467492,8,0.9095423787731738,1.1185912381973881
R4D:A28H:Q46I:I91C,0.90169642234243,8,0.812257864272678,0.8459466142338314
R4D:A28H:Q46I:I91C:D95Q,0.5215176524840528,9,0.7505337742529972,0.7317357889130104
R4D:A28H:Q46I:I91C:R97D,0.7454415430944398,8,0.8260871808972372,0.9030733085871061
R4D:A28H:Q46I:I91C:V106M,0.9325822784581188,8,0.8510132024327463,0.997383542541846
R4D:A28H:Q46I:R59N:T112E,0.7959386801760389,7,0.7264199180088735,0.7369041605588204
R4D:A28H:Q46I:R97D:T112E,0.8675065964254459,7,0.8648619583973299,1.0060299175833984
R4D:A28H:Q46I:R97D:V106M,0.8841732284615501,8,0.8879940741514932,1.051479723556267
R4D:A28H:Q46I:R97D:V108Q,0.5451028072802312,8,0.7937602008010338,0.7852848835270735
R4D:A28H:Q46I:V106M:T112E,1.0264268707614572,9,0.8897879799328391,1.063256603132943
R4D:A28H:Q46I:V108Q,0.8456490323311141,8,0.7799308841764747,0.795726444652075
R4D:A28H:Q46R,1.1182135454243969,9,0.998381096082041,0.9928229892075536
R4D:A28H:Q46R:D60Q,1.0850818160595357,8,1.056890833082444,1.1565737907236726
R4D:A28H:Q46R:D60Q:I91C,1.0383861509984045,8,1.0337392779882562,1.183539360107263
R4D:A28H:Q46R:D95Q,0.9269133018804788,8,0.9366570060623601,0.8979610504807722
R4D:A28H:Q46R:I91C:R97D,0.9093626118700904,7,0.9890588576124124,1.0961281806217993
R4D:A28H:Q46R:I91C:V106M,1.0602768651671364,9,1.0139848791479216,1.1836082845956524
R4D:A28H:Q46R:I91C:V108Q,0.8633255909127427,7,0.919751005797462,0.9862639687989635
R4D:A28H:Q46R:R59N,0.8310327920443067,9,0.8737683723181437,0.7232546560953473
R4D:A28H:Q46R:R59N:R97D,0.5716318346623093,9,0.8875976889427029,0.7742737228859194
R4D:A28H:Q46R:R97D:V106M,1.0886707847423174,9,1.0509657508666685,1.2647778330831847
R4D:A28H:Q46R:R97D:V108Q,0.7514026613914664,9,0.956731877516209,0.9972948535470032
R4D:A28H:Q46R:T112E,1.0339699220028036,8,1.014004318487946,1.0832523698174918
R4D:A28H:Q46R:V106M:T112E,1.0245641809583823,8,1.0527596566480142,1.2421660909765255
R4D:A28H:Q46R:V106M:V108Q,0.9988274097841412,9,0.9816578990517182,1.1234108145334767
R4D:A28H:Q46R:V108Q,0.9341312827614164,7,0.9429025608916499,0.963992840784672
R4D:A28H:Q46R:V108Q:T112E,1.032427687816497,8,0.9585257832975549,1.0899679451930764
R4D:A28H:Q46V:D60Q:R97D,0.9746693713869072,8,0.9299927235323129,1.1003247773532556
R4D:A28H:Q46V:I91C:V106M,0.936178486002778,7,0.8732574529732311,1.0178254736924652
R4D:A28H:Q46V:R59N:I91C,0.3127788638450919,9,0.7098893910492655,0.5158860111255186
R4D:A28H:Q46V:R59N:R97D,0.4548209152720801,7,0.7468702627680125,0.6014228388433204
R4D:A28H:Q46V:R59N:V106M,0.470809389672337,7,0.7717962843035217,0.6571471716017826
R4D:A28H:R59N:D95Q:V106M,1.0733750077902176,7,0.8632582462069911,1.1772287101835501
R4D:A28H:R59N:D95Q:V108Q,0.8326146061198525,9,0.7690243728565318,1.0106106928805452
R4D:A28H:R59N:I91C:D95Q,0.9277968524348688,9,0.8013513529527351,1.0130130151214312
R4D:A28H:R59N:I91C:T112E,1.0188534416285624,9,0.878698665378321,1.190187282462725
R4D:A28H:R59N:I91C:V108Q,0.9941166516457548,8,0.8075969077820249,1.0890396907281858
R4D:A28H:R59N:T112E,1.007491455178848,7,0.9018502204725087,1.148311219012322
R4D:A28H:R97D,1.194655545792033,8,1.0246690384550603,1.193437463519976
R4D:A28H:R97D:V106M:T112E,1.0657892282485797,9,1.0790475990210335,1.6369091745148974
R4D:A28H:V108Q:T112E,1.1181690445195809,9,0.9709844090460149,1.285606002549812
R4D:A28K:D60Q:D95Q:V106M,1.0674433261032996,7,1.0027413421932654,1.4669184177723005
R4D:A28K:D60Q:I91C:V106M,1.1630717428542106,8,1.0413138771187584,1.5495707216175716
R4D:A28K:D95Q,1.0198408477549576,8,0.9054762670327942,1.0402398165363125
R4D:A28K:D95Q:R97D:T112E,1.0606895388754365,9,0.9349288060632583,1.4205026693369494
R4D:A28K:D95Q:V106M,1.2560893823489587,8,0.9442316051928624,1.2312058305862075
R4D:A28K:D95Q:V106M:V108Q,1.0627434045504345,8,0.8887530700024713,1.271525032447664
R4D:A28K:D95Q:V108Q:T112E,0.9554655531459528,7,0.8656209542483081,1.2390989235132503
R4D:A28K:G33T:D60Q:I91C,1.1526873222059888,7,1.0626639315736581,1.6068209510222222
R4D:A28K:G33T:D60Q:R97D,1.2059007678431777,9,1.099644803292405,1.6667475203139093
R4D:A28K:G33T:D95Q,1.0619561017769306,9,0.9655816596477621,1.261043135228152
R4D:A28K:G33T:D95Q:V106M,1.047796583283356,9,1.0043369978078303,1.5017269937523507
R4D:A28K:G33T:D95Q:V108Q,1.0869440195812623,7,0.910103124457371,1.317088946378671
R4D:A28K:G33T:I91C,1.116699245399979,8,1.004154194573255,1.3404841430624979
R4D:A28K:G33T:I91C:D95Q,1.0403799481300275,7,0.9424301045535743,1.3852945873732625
R4D:A28K:G33T:I91C:T112E,1.0268576781192509,9,1.0197774169791602,1.529377942425227
R4D:A28K:G33T:Q46C:I91C,0.7522191747916996,8,0.8308638914711919,0.9770554437060167
R4D:A28K:G33T:Q46C:R59N,0.5499760903139237,8,0.7294027228014823,0.682354061836177
R4D:A28K:G33T:Q46C:R97D,0.92337617467587,8,0.8678447631899389,1.04498730040535
R4D:A28K:G33T:Q46C:T112E,0.9347298020155635,7,0.8696386689712847,1.0582630268758753
R4D:A28K:G33T:Q46I:D95Q,0.7551775834930334,7,0.7901513571841268,0.9832740477645419
R4D:A28K:G33T:Q46I:T112E,0.9386939312605312,7,0.8674986696097127,1.1930030224679014
R4D:A28K:G33T:Q46R:I91C,1.1243650973744463,9,0.991695568824795,1.2148845713331622
R4D:A28K:G33T:Q46R:R97D,1.075773252607647,7,1.028676440543542,1.2645798833023443
R4D:A28K:G33T:Q46R:V106M,1.155133011210078,9,1.0536024620790512,1.3296843415709008
R4D:A28K:G33T:Q46R:V108Q,1.073786951602537,7,0.9593685887285918,1.1615169454764054
R4D:A28K:G33T:Q46V:D95Q,0.8971381861119142,8,0.8123956077246116,0.949819689305123
R4D:A28K:G33T:Q46V:R97D,0.9039148154818883,7,0.8879490143688518,1.0955969904497536
R4D:A28K:G33T:Q46V:T112E,0.9118882472340673,8,0.8897429201501975,1.1329813047380934
R4D:A28K:G33T:R59N:D60Q,1.1489052325258915,7,0.9612027629039487,1.4611826142709037
R4D:A28K:G33T:R97D:T112E,1.1252361381752696,9,1.0567582886979072,1.5979672950653607
R4D:A28K:G33T:T112E,1.1482439183299025,7,1.042928972073348,1.3936674932504034
R4D:A28K:I91C:D95Q:V106M,1.04705857787397,8,0.9210800500986747,1.3606891949800297
R4D:A28K:I91C:D95Q:V108Q,0.91198300754382,8,0.8268461767482153,1.1467712861456743
R4D:A28K:I91C:R97D,1.0811981077964263,7,0.9578781185828464,1.2412456465004196
R4D:A28K:I91C:R97D:T112E,1.006002194378235,8,0.9735013409887514,1.4333733336792034
R4D:A28K:I91C:V106M:T112E,1.1428285062888623,8,0.9984273625242606,1.4652906065091482
R4D:A28K:I91C:V106M:V108Q,1.0860354990957906,9,0.9273256049279645,1.36998621634942
R4D:A28K:Q46C:D60Q:V108Q,0.9664245829830788,8,0.7969412557604236,0.9037482078536831
R4D:A28K:Q46C:I91C,0.8277301443026535,7,0.7707584988562239,0.781160472514965
R4D:A28K:Q46C:I91C:V108Q,0.6447701049568239,7,0.7152799636658329,0.7546042946413162
R4D:A28K:Q46C:R59N:R97D,0.4652825962629807,7,0.6831266468110736,0.5739089287361228
R4D:A28K:Q46C:R59N:T112E,0.5524036637737312,8,0.6849205525924195,0.6129211289620433
R4D:A28K:Q46C:R97D:V106M,0.8260118746568553,9,0.8464947087350392,1.0159956491739346
R4D:A28K:Q46C:R97D:V108Q,0.7119793196732839,7,0.7522608353845798,0.7780809037881596
R4D:A28K:Q46C:V106M:V108Q,0.7435854507926964,9,0.7771868569200889,0.8578918857389297
R4D:A28K:Q46C:V108Q,0.6998761076458251,7,0.7384315187600207,0.7456043804319522
R4D:A28K:Q46I:D95Q:T112E,0.7741532959691934,7,0.7456691869750639,0.8673565919464088
R4D:A28K:Q46I:D95Q:V106M,0.7375985118092079,8,0.7688013027292272,0.8886224527584545
R4D:A28K:Q46I:R59N:T112E,0.8736058008045126,8,0.6827805532308475,0.7701323552796004
R4D:A28K:Q46I:R97D,0.853170632972297,9,0.805599371213399,0.8823926531508935
R4D:A28K:Q46I:V106M:V108Q,0.7656343805319065,7,0.775046857558517,0.9049542344327866
R4D:A28K:Q46I:V108Q:T112E,0.9730244105027814,8,0.7519147418043537,0.9078565359040248
R4D:A28K:Q46R:D60Q:V108Q,1.1105197725588765,9,0.9577729331140269,1.1169911742955856
R4D:A28K:Q46R:I91C:V106M,1.0690495655316925,8,0.9703455143698955,1.1581229438402187
R4D:A28K:Q46R:R59N:I91C,0.5427167785517263,8,0.8069774524459299,0.6955628352907781
R4D:A28K:Q46R:R59N:R97D,0.8026646640545401,8,0.8439583241646769,0.7806128757138937
R4D:A28K:Q46R:R97D:T112E,1.0463647302234973,7,0.9841942703344791,1.1692800534302776
R4D:A28K:Q46R:V108Q,1.013666389394034,8,0.8992631961136239,0.937614827411266
R4D:A28K:Q46V:D60Q:R97D,0.9991571843715408,7,0.8863533587542868,1.0456432386143566
R4D:A28K:Q46V:D60Q:V108Q,0.8729594726052985,7,0.8170455069393365,0.9409108224018471
R4D:A28K:Q46V:D95Q,0.8847340932351797,7,0.7522902151096438,0.7539696755925811
R4D:A28K:Q46V:D95Q:R97D,0.8098426814242862,7,0.7661195317342029,0.8665620964371984
R4D:A28K:Q46V:D95Q:T112E,0.8446383534239792,8,0.7679134375155487,0.8599197459705563
R4D:A28K:Q46V:D95Q:V106M,0.8033652696886687,7,0.791045553269712,0.8852401399281532
R4D:A28K:Q46V:D95Q:V108Q,0.5906331330259256,9,0.6968116799192526,0.6852204492136229
R4D:A28K:Q46V:I91C:D95Q,0.6981058880801656,7,0.7291386600154559,0.7547093845278376
R4D:A28K:Q46V:I91C:T112E,0.7590599872329628,9,0.8064859724410418,0.9284555678097425
R4D:A28K:Q46V:I91C:V106M,0.8037056548782102,8,0.8296180881952051,0.9734190018096955
R4D:A28K:Q46V:R59N:D95Q,0.3805468456899664,9,0.6276774913457465,0.451347751978344
R4D:A28K:Q46V:R59N:R97D,0.4552685560218132,8,0.7032308979899865,0.5888408605439586
R4D:A28K:Q46V:R59N:T112E,0.7549053116276575,9,0.7050248037713324,0.6519616485876938
R4D:A28K:Q46V:R97D:V106M,0.9068026889314844,8,0.8665989599139521,1.0434936969292194
R4D:A28K:Q46V:R97D:V108Q,0.7279932074401289,8,0.7723650865634927,0.7947335421598144
R4D:A28K:R59N:D95Q:T112E,0.913007397404764,7,0.7964867656748019,1.129259434057815
R4D:A28K:R59N:I91C,1.0646414421731445,7,0.8194360781943899,0.9993072708230873
R4D:A28K:R59N:I91C:V106M,0.9902365246125352,9,0.8581914163544582,1.1915331643048725
R4D:A28K:R59N:I91C:V108Q,0.97048154390616,9,0.7639575430039989,1.0462104049280034
R4D:A28K:R97D:V106M,1.1691361821929265,7,1.0197850118371026,1.361519409175297
R4D:A28K:R97D:V106M:T112E,1.1397166895669792,8,1.0354082342430075,1.559563375336285
R4D:A28K:V106M,1.202779990463236,9,1.0059556952125432,1.177164236604933
R4D:A28K:V106M:V108Q:T112E,1.0324923566003843,8,0.9661003824280572,1.4126043023028594
R4D:A28K:V108Q,1.048333059672896,7,0.911721821862084,1.0570118177261147
R4D:D60Q,1.356203849755398,8,1.0272174272936663,1.1195425618764394
R4D:D60Q:D95Q:R97D,1.3266908290168218,7,0.9793226538985444,1.3223107702763506
R4D:D60Q:D95Q:R97D:V106M,1.3471674806292857,7,1.0180779920586127,1.6044820374260906
R4D:D60Q:D95Q:V106M:T112E,1.2043976996856107,8,1.0198718978399586,1.5091177569974494
R4D:D60Q:D95Q:V106M:V108Q,1.0376984221512502,7,0.9487701402436626,1.3806011076331384
R4D:D60Q:I91C:D95Q:R97D,1.2621448250087752,7,0.9561710988043568,1.4381176632469617
R4D:D60Q:I91C:R97D,1.2203227398688965,8,1.0178951888240375,1.3502427028337398
R4D:D60Q:I91C:V106M:T112E,1.2744356012501363,7,1.0584444327654516,1.5727850660583698
R4D:D60Q:I91C:V108Q,1.2649923369168905,8,0.9485873370090874,1.247188914774692
R4D:D60Q:I91C:V108Q:T112E,1.2070457499805474,9,0.9642105594149923,1.434974743967216
R4D:D60Q:V106M:T112E,1.3135415481750845,7,1.0815959878596395,1.4327123864124724
R4D:D95Q:R97D:V106M,1.3399576269031137,8,0.9595682550582098,1.3570434406449552
R4D:D95Q:R97D:V108Q,1.1392251984677697,8,0.8653343817077505,1.091634923235253
R4D:D95Q:R97D:V108Q:T112E,1.0491404251066996,7,0.8809576041136554,1.2975988221125405
R4D:D95Q:V106M:T112E,1.1443779304245367,7,0.9613621608395556,1.2662442694951044
R4D:G33T,1.2454919496160728,8,1.0288130829082311,1.1029541208712739
R4D:G33T:D60Q:R97D,1.2697404031669743,9,1.1011521365331933,1.485578347799716
R4D:G33T:D60Q:R97D:V106M,1.3344572483345056,9,1.1399074746932616,1.7722767461610065
R4D:G33T:D60Q:V106M,1.1667922046677015,7,1.1260781580687023,1.5151566762468311
R4D:G33T:D60Q:V106M:V108Q,1.277287764586274,9,1.0705996228783112,1.6294824268831047
R4D:G33T:D60Q:V108Q:T112E,1.188858273975996,8,1.0474675071241482,1.612408669856869
R4D:G33T:D95Q:R97D,1.2994289932743233,7,0.9809183095131094,1.3293526647743692
R4D:G33T:D95Q:R97D:V106M,1.3193787538325157,9,1.0196736476731778,1.618811141672246
R4D:G33T:D95Q:T112E,1.1956398313761316,8,0.9827122152944552,1.2905116930038
R4D:G33T:D95Q:V106M,1.1378942938137044,9,1.0058443310486185,1.3308187689116944
R4D:G33T:D95Q:V106M:V108Q,1.1016528881232257,7,0.9503657958582274,1.3994075913832784
R4D:G33T:D95Q:V108Q:T112E,0.9615249457753166,8,0.9272336801040642,1.3675587877633932
R4D:G33T:I91C:D95Q:V106M,1.1341660372798903,9,0.9826927759544307,1.485689743045328
R4D:G33T:I91C:R97D:T112E,1.1963109593553518,7,1.0351140668445076,1.574132779648271
R4D:G33T:I91C:V106M,1.2858042088991035,8,1.0444168659741115,1.4109178220040461
R4D:G33T:I91C:V108Q,1.1880710906400165,8,0.9501829926236522,1.2663260294791296
R4D:G33T:Q46C:D95Q:V108Q,0.65743235417421,7,0.7383201545960959,0.7754519042127654
R4D:G33T:Q46C:I91C,0.8634768378724392,8,0.83237122471198,0.8722007856242663
R4D:G33T:Q46C:I91C:D95Q,0.6891210825030034,9,0.7706471346922992,0.8297250398915547
R4D:G33T:Q46C:I91C:T112E,0.7785505881453467,7,0.8479944471178851,0.9835035203997594
R4D:G33T:Q46C:R59N:T112E,0.4986468606289465,9,0.7465332784481755,0.6906351748969648
R4D:G33T:Q46C:R59N:V108Q,0.3928158258154695,8,0.6754315208518794,0.5676480281030662
R4D:G33T:Q46C:V106M:T112E,0.8395828510055883,7,0.9099013403721411,1.0765938831907282
R4D:G33T:Q46I,1.0749111914232194,8,0.8533827804445958,0.9613876704909712
R4D:G33T:Q46I:D60Q,1.0767432056888524,7,0.9118925174449989,1.1018080483943147
R4D:G33T:Q46I:D60Q:D95Q,0.9540354651072838,8,0.850168427425318,1.0092131996921805
R4D:G33T:Q46I:D95Q,0.8524710574394182,9,0.791658690424915,0.860680631920377
R4D:G33T:Q46I:D95Q:R97D,1.0217447292850974,7,0.8054880070494742,0.973230376661443
R4D:G33T:Q46I:D95Q:T112E,1.0100588443845862,8,0.80728191283082,0.9838892124238978
R4D:G33T:Q46I:D95Q:V106M,0.9181786143090124,9,0.8304140285849833,1.0045777679214152
R4D:G33T:Q46I:D95Q:V108Q,0.7058659990111597,9,0.7361801552345238,0.7987647216779761
R4D:G33T:Q46I:I91C,0.9686411140346616,8,0.830231225350408,0.97332972784969
R4D:G33T:Q46I:I91C:T112E,0.990908841279495,7,0.8458544477563131,1.087724405024214
R4D:G33T:Q46I:R59N:D60Q,0.7473858591556581,7,0.7872797936811016,0.9356059642348761
R4D:G33T:Q46I:R59N:T112E,0.7249923174656366,7,0.7443932790866036,0.8701012597359877
R4D:G33T:Q46I:T112E,1.0786927663844628,9,0.8690060028505009,1.0551154277270134
R4D:G33T:Q46R,1.2453852805320411,7,1.0163544571597711,1.0681881877028354
R4D:G33T:Q46R:D60Q:I91C,1.1290709661576788,8,1.0517126390659863,1.2896631561126985
R4D:G33T:Q46R:D95Q:T112E,1.060640492709286,9,0.9702535895459952,1.1286014913425682
R4D:G33T:Q46R:I91C,1.1500092343216557,7,0.9932029020655833,1.0968004514757754
R4D:G33T:Q46R:I91C:V106M,1.1904625009768994,7,1.0319582402256515,1.2884401680966184
R4D:G33T:Q46R:R59N,0.8441656369556428,9,0.8917417333958738,0.8179578519211381
R4D:G33T:Q46R:R59N:V108Q,0.7750328336123568,7,0.8362631982054827,0.8055024249914582
R4D:G33T:Q46R:R97D,1.155498901429768,9,1.0301837737843302,1.1475483028815259
R4D:G33T:Q46R:R97D:V106M,1.24724438815731,7,1.0689391119443985,1.3651352832534718
R4D:G33T:Q46R:R97D:V108Q,0.9550119133148004,7,0.9747052385939391,1.1092936334481698
R4D:G33T:Q46R:V108Q,1.2155277868072651,9,0.96087592196938,1.0542887134172159
R4D:G33T:Q46R:V108Q:T112E,1.0343890974728327,8,0.976499144375285,1.192917146655722
R4D:G33T:Q46V:D60Q:D95Q,0.8274081034845231,9,0.8724126779658028,1.0026337846572557
R4D:G33T:Q46V:D60Q:T112E,0.9027759061738698,7,0.9497599903913887,1.2038848226495849
R4D:G33T:Q46V:D95Q:T112E,0.896647175227385,9,0.8295261633713048,0.9711373055702088
R4D:G33T:Q46V:I91C:V106M,0.8227890252104763,7,0.8912308140509612,1.0979244616833923
R4D:G33T:Q46V:R59N:D60Q,0.6961510024616054,8,0.8095240442215864,0.8182926884838971
R4D:G33T:Q46V:R59N:V106M,0.4668368961038059,7,0.7897696453812517,0.730406816323917
R4D:G33T:Q46V:R97D,1.0575622151816728,7,0.8894563476096399,0.9847433298827843
R4D:G33T:Q46V:R97D:V106M,1.035128943736757,7,0.9282116857697081,1.1693155438035845
R4D:G33T:Q46V:V106M,1.0259587789898876,9,0.9143823691451489,1.02498521594098
R4D:G33T:Q46V:V108Q,1.0650124473522,7,0.8201484957946896,0.8942916415358887
R4D:G33T:Q46V:V108Q:T112E,0.8654226597943782,8,0.8357717182005946,1.023409266880146
R4D:G33T:R59N:D60Q,1.2962226180541865,9,0.9627100961447368,1.2857882414170168
R4D:G33T:R59N:D60Q:I91C,1.2277636578083766,7,0.939558541050549,1.357705371738192
R4D:G33T:R59N:D95Q,0.9622511657344072,7,0.842476269124653,1.0415514613565486
R4D:G33T:R59N:D95Q:V106M,1.0488972958076228,7,0.8812316072847213,1.2394735672457406
R4D:G33T:R59N:I91C:V106M,1.1479671844302926,8,0.9198041422102143,1.2999699963490694
R4D:G33T:R97D:V106M:T112E,1.2642905248689769,7,1.0970209600987637,1.6914605606863073
R4D:G33T:R97D:V106M:V108Q,1.187409700610679,8,1.0259192025024675,1.5329386989711957
R4D:G33T:V106M,1.2605992389884588,8,1.0675684210682994,1.2652547707791815
R4D:G33T:V106M:V108Q:T112E,1.158307554434206,7,1.0277131082838133,1.5460671115225297
R4D:G33T:V108Q:T112E,1.1895807477676636,7,0.9889577701237451,1.3300958111834786
R4D:I91C,1.3354151164236887,9,0.9455561351990754,1.007562953814614
R4D:I91C:D95Q:V106M:V108Q,0.9817854988858272,8,0.8671088481490717,1.2697968560948545
R4D:I91C:D95Q:V108Q:T112E,0.9546204435586974,7,0.8439767323949084,1.2046868970473885
R4D:I91C:R97D,1.2665396746875606,9,0.9593854518236347,1.12881628443728
R4D:I91C:R97D:T112E,1.1321473601744951,8,0.9750086742295396,1.2904205561871045
R4D:I91C:R97D:V106M:T112E,1.2653414082477688,8,1.013764012389608,1.5675735242447226
R4D:I91C:R97D:V106M:V108Q,1.259257074030037,9,0.9426622547933118,1.4130329564965165
R4D:I91C:R97D:V108Q,1.0494929231570194,9,0.9039069166332435,1.1353757358491272
R4D:I91C:V106M:T112E,1.1379565529929383,8,0.9999346957650487,1.3134931222145325
R4D:Q46C,1.0995762705478018,7,0.7954173871911999,0.772347680482448
R4D:Q46C:D60Q:D95Q:V108Q,0.6414906663906889,9,0.7367244989815309,0.7525055429783756
R4D:Q46C:D60Q:I91C,0.8778545327017201,8,0.8307755690974151,0.8511048478795964
R4D:Q46C:D60Q:I91C:V108Q,0.7622735659576788,8,0.7752970339070241,0.8433500264239209
R4D:Q46C:D60Q:T112E,1.0173361983223006,7,0.869550346597508,0.9473163565858229
R4D:Q46C:D60Q:V108Q:T112E,0.7330667752579997,9,0.8140718114071168,0.9552710540879601
R4D:Q46C:D95Q:R97D:T112E,0.8438749314250876,9,0.7631458362019833,0.9266800304806682
R4D:Q46C:D95Q:T112E,0.8120783330963952,7,0.7493165195774241,0.766402939397729
R4D:Q46C:D95Q:V108Q:T112E,0.7301638480355734,7,0.6938379843870329,0.7286207087351766
R4D:Q46C:I91C,0.8008263232970051,7,0.7722658320970122,0.7361110618635687
R4D:Q46C:I91C:D95Q:V108Q,0.6124223266262484,8,0.6550632068869402,0.6133919258270168
R4D:Q46C:I91C:R97D:V106M,0.8911919738074798,9,0.8248504868816395,1.0018025742933414
R4D:Q46C:I91C:R97D:V108Q,0.6726701288521016,7,0.7306166135311802,0.7463522389362527
R4D:Q46C:I91C:V108Q,0.7316257912942143,7,0.716787296906621,0.6950104438005271
R4D:Q46C:R59N:D60Q:I91C,0.431780186380588,8,0.7061628453335178,0.5564784310970112
R4D:Q46C:R59N:D60Q:R97D,0.4451084204646976,8,0.7431437170522648,0.6823478100802262
R4D:Q46C:R59N:D60Q:V106M,0.5147386264958865,8,0.7680697385877739,0.6953100565311479
R4D:Q46C:R59N:I91C,0.3299878410135873,7,0.6476531083331148,0.40699994404074447
R4D:Q46C:R59N:R97D,0.3216647195095722,7,0.6846339800518618,0.5113390686305797
R4D:Q46C:R59N:R97D:T112E,0.4526838646792492,8,0.7002572024577668,0.6208813884922977
R4D:Q46C:R59N:V106M,0.5121415163997739,7,0.7095600015873709,0.5279315809586659
R4D:Q46C:R97D:T112E,0.9404310587643028,8,0.8248699262216641,0.8987013130884365
R4D:Q46C:T112E,0.9645068400647244,8,0.8110406095971049,0.8153574254552055
R4D:Q46C:V108Q,0.993298928324444,7,0.7399388520008088,0.7114108575787531
R4D:Q46I,1.0157219205589518,7,0.793277387829628,0.8259211767184406
R4D:Q46I:D60Q:D95Q:V108Q,0.5791238862704444,9,0.734584499619959,0.7189744916433133
R4D:Q46I:D60Q:I91C:R97D,0.7765579820712559,8,0.8424648863604024,0.9692286382384752
R4D:Q46I:D60Q:I91C:T112E,0.8861646895468681,9,0.8442587921417481,1.0036543199395591
R4D:Q46I:D60Q:I91C:V106M,0.8765934040179894,8,0.8673909078959114,1.042828984271008
R4D:Q46I:D60Q:I91C:V108Q,0.8186723078930414,8,0.773157034545452,0.8562330832681692
R4D:Q46I:D60Q:R97D:T112E,0.8839364211991663,7,0.8812396638604951,1.0787882484433045
R4D:Q46I:D60Q:R97D:V106M,1.0921471162565293,8,0.9043717796146584,1.1137171387840294
R4D:Q46I:D60Q:T112E,1.1061247541508905,7,0.867410347235936,0.9973026341598077
R4D:Q46I:D60Q:V106M,1.2160740343237773,8,0.8905424629900992,1.0011243684536253
R4D:Q46I:D60Q:V108Q:T112E,0.9069302905791162,9,0.8119318120455449,0.9738553150810426
R4D:Q46I:D95Q:R97D:V108Q,0.5848375412977278,8,0.6899040792441151,0.6308752907242788
R4D:Q46I:D95Q:V106M:T112E,0.9231818891626942,9,0.7859318583759204,0.8948074985510589
R4D:Q46I:D95Q:V108Q,0.6064403804156425,8,0.676074762619556,0.5937325264224506
R4D:Q46I:I91C,0.977043523001556,9,0.7701258327354401,0.787075296349758
R4D:Q46I:I91C:R97D,0.7896038920108772,7,0.7839551493599993,0.8148531126801543
R4D:Q46I:I91C:R97D:T112E,0.721568315701571,8,0.7995783717659044,0.932481677670733
R4D:Q46I:I91C:R97D:V108Q,0.5454545792262379,7,0.7284766141696082,0.7179952828884739
R4D:Q46I:I91C:V106M:V108Q,0.8198596685493817,7,0.7534026357051173,0.8466685414563648
R4D:Q46I:R59N:D95Q:R97D,0.4865663589831552,8,0.620769890670609,0.5164497604254046
R4D:Q46I:R59N:D95Q:V106M,0.5249845633161548,8,0.6456959122061181,0.5461999763406002
R4D:Q46I:R59N:D95Q:V108Q,0.2544236479616817,8,0.5514620388556587,0.3583040184093541
R4D:Q46I:R59N:I91C:T112E,0.4861671846536218,8,0.6611363313774479,0.6130413415106216
R4D:Q46I:R59N:I91C:V106M,0.3613159773143855,9,0.6842684471316112,0.6260392879503234
R4D:Q46I:R59N:R97D,0.5712115889941476,9,0.6824939806902899,0.5896293293782717
R4D:Q46I:R59N:R97D:T112E,0.6953573782201591,8,0.6981172030961948,0.7022635916390205
R4D:Q46I:R59N:R97D:V106M,0.5877992828747344,9,0.7212493188503581,0.7110157640879986
R4D:Q46I:R59N:V106M:V108Q,0.3311013025456358,9,0.6519414670354078,0.5873146948622215
R4D:Q46I:R59N:V108Q:T112E,0.5260304707001923,8,0.6288093512812446,0.61812795074816
R4D:Q46I:R97D,0.9297914560541546,7,0.8071067044541871,0.8104859327182972
R4D:Q46I:R97D:V106M:V108Q,0.5901846590572741,9,0.7903835074238643,0.8518350415876169
R4D:Q46I:V106M:T112E,0.9736779394576156,8,0.8476559483956012,0.9475946412748957
R4D:Q46I:V106M:V108Q,1.0194199593991662,9,0.7765541907993051,0.8096583670082811
R4D:Q46I:V108Q,1.058777983010414,9,0.7377988526392368,0.7335823372338435
R4D:Q46R:D60Q,1.074603490975692,7,1.0147588015452063,1.0586010371362344
R4D:Q46R:D60Q:D95Q:T112E,1.0114463861230008,9,0.9686579339314303,1.09424461142124
R4D:Q46R:D60Q:I91C:R97D,1.0282117327988225,9,1.0054365630755775,1.1785383002127858
R4D:Q46R:D95Q,0.9623605193189808,7,0.8945249745251223,0.8480035081163092
R4D:Q46R:D95Q:V108Q,0.8139214111632198,7,0.8390464393347312,0.778898841473846
R4D:Q46R:I91C:D95Q:R97D,0.9728783298795446,9,0.8852027360554937,0.9834903507380539
R4D:Q46R:I91C:D95Q:V108Q,0.6398876413483615,7,0.8158948842405433,0.7857672952688067
R4D:Q46R:I91C:R97D:V108Q,0.7394124311951468,8,0.8914482908847834,0.9350185687386149
R4D:Q46R:I91C:T112E,0.9195630327561712,7,0.9487207318565204,1.0008532634273766
R4D:Q46R:I91C:V106M:T112E,1.052667570652002,7,0.9874760700165887,1.169358334494602
R4D:Q46R:I91C:V106M:V108Q,1.033724440922002,8,0.9163743124202925,1.0568616973256189
R4D:Q46R:R59N,0.9713947594238296,8,0.8316363407809059,0.6831433650650204
R4D:Q46R:R59N:D60Q:R97D,0.7727431768418466,7,0.903975394405868,0.8970548147449493
R4D:Q46R:R59N:D60Q:T112E,0.8549037821638072,8,0.9057693001872139,0.9419487734829036
R4D:Q46R:R59N:D95Q:R97D,0.4303515402182515,9,0.7837415673857842,0.6601907943826556
R4D:Q46R:R59N:D95Q:V108Q,0.4100913455151051,9,0.7144337155708339,0.49392678287872993
R4D:Q46R:R59N:I91C:D95Q,0.3501977017107402,9,0.7467606956670372,0.506362933982032
R4D:Q46R:R59N:R97D:T112E,0.6085371131659602,7,0.8610888798113701,0.8268027682974608
R4D:Q46R:R59N:V106M:T112E,0.6611129610129891,7,0.8860149013468791,0.8571885856591018
R4D:Q46R:R97D:V106M,1.261815118671389,8,1.0088337193294306,1.1430828436524012
R4D:Q46R:R97D:V106M:V108Q,0.7905450390362684,8,0.9533551841390395,1.0891015649299824
R4D:Q46R:R97D:V108Q:T112E,0.8899105718363235,7,0.9302230683848762,1.0360072985764441
R4D:Q46R:V106M,1.0545973814998757,8,0.9950044027048714,1.0328074000379963
R4D:Q46R:V106M:V108Q:T112E,1.0240984618227085,9,0.9551490899203854,1.1207668787582525
R4D:Q46V:D60Q,1.0822506244359644,7,0.8740313753705158,0.9028876050222324
R4D:Q46V:D60Q:D95Q:T112E,0.8580566303200143,9,0.8279305077567399,0.926875065490319
R4D:Q46V:D60Q:I91C,0.8682233116222013,7,0.850879820276328,0.8935497092710826
R4D:Q46V:D60Q:I91C:D95Q,0.6294349574155271,8,0.7891557302566472,0.8098226463743802
R4D:Q46V:D60Q:I91C:V106M,0.7978781288737749,9,0.8896351584363963,1.0448874496926432
R4D:Q46V:D60Q:I91C:V108Q,0.7758696590698151,7,0.7954012850859369,0.8758291757080748
R4D:Q46V:D60Q:R97D,1.096976818054341,9,0.887860691995075,0.9602599344694519
R4D:Q46V:D60Q:R97D:V106M,1.1047655797723688,9,0.9266160301551433,1.1375449386421155
R4D:Q46V:D60Q:R97D:V108Q,0.7219685519823603,9,0.8323821568046839,0.8983480009180543
R4D:Q46V:D95Q:V106M:V108Q,0.6362455808850714,7,0.7370743513201091,0.7539115683988918
R4D:Q46V:D95Q:V108Q:T112E,0.6551288845488283,8,0.7139422355659458,0.7397185266538829
R4D:Q46V:I91C:D95Q,0.7230099654821573,9,0.7306459932562441,0.6873791954224179
R4D:Q46V:I91C:D95Q:T112E,0.657128362640973,8,0.7462692156621491,0.7834727703099158
R4D:Q46V:I91C:D95Q:V108Q,0.4910479215367356,9,0.6751674580658531,0.6239217336947206
R4D:Q46V:I91C:V106M:T112E,0.9110182827928364,7,0.8467486438418983,0.9813215044236792
R4D:Q46V:I91C:V108Q:T112E,0.7564669531793398,7,0.7525147704914389,0.8303105934356924
R4D:Q46V:R59N:D60Q:I91C,0.4922475534507613,9,0.7262670965124307,0.5872368738173463
R4D:Q46V:R59N:D60Q:R97D,0.4686689189006907,7,0.7632479682311777,0.689565675033749
R4D:Q46V:R59N:D60Q:V108Q,0.4511302589979392,9,0.6939401164162274,0.6027187956583038
R4D:Q46V:R59N:D95Q,0.3377621723089101,9,0.6291848245865346,0.39084490196979893
R4D:Q46V:R59N:D95Q:V106M,0.3357904781338321,7,0.6679401627466028,0.4793536136703638
R4D:Q46V:R59N:I91C:R97D,0.3009351880408549,8,0.681586676136587,0.4863072597485369
R4D:Q46V:R59N:I91C:T112E,0.415590230925078,7,0.6833805819179327,0.5207062805222766
R4D:Q46V:R59N:R97D,0.4488365051411854,8,0.7047382312307747,0.5192194585166283
R4D:Q46V:R59N:R97D:T112E,0.4710720435941048,7,0.7203614536366797,0.6316978650871261
R4D:Q46V:R59N:R97D:V106M,0.4883075694492091,8,0.743493569390843,0.6445045706816552
R4D:Q46V:R59N:T112E,0.5787253121618656,9,0.7065321370121205,0.5761646196824257
R4D:Q46V:R59N:V108Q,0.4394589686045405,8,0.6354303794158245,0.4450876831371491
R4D:Q46V:R59N:V108Q:T112E,0.3934485789921517,9,0.6510536018217294,0.5422518558258047
R4D:Q46V:R97D,0.9220309320209936,8,0.8293509549946719,0.82439841899257
R4D:Q46V:R97D:V106M,0.9690814640714648,8,0.8681062931547402,0.9592527884390663
R4D:Q46V:R97D:V106M:V108Q,0.8923287365577734,8,0.8126277579643492,0.8910825097907601
R4D:Q46V:R97D:V108Q:T112E,0.6782600035689828,7,0.7894956422101859,0.8614922019941187
R4D:Q46V:V106M:V108Q,0.799185498174131,8,0.7987984413397899,0.8221591623673933
R4D:R59N:D60Q:D95Q:R97D,1.1905781506252435,7,0.8547099301346472,1.254849708791757
R4D:R59N:D60Q:D95Q:V108Q,1.0566468564239873,7,0.785402078319697,1.0939306296909983
R4D:R59N:D60Q:I91C:D95Q,1.0132514861852844,7,0.8177290584159003,1.0907905910686284
R4D:R59N:D60Q:I91C:T112E,1.219146954225309,7,0.8950763708414862,1.2704156498563313
R4D:R59N:D60Q:I91C:V106M,1.0874349097011842,8,0.9182084865956495,1.3039669601080357
R4D:R59N:D60Q:T112E,1.2239361922962035,9,0.9182279259356739,1.2286195373240756
R4D:R59N:D60Q:V106M:T112E,1.2547060313509737,9,0.9569832640957422,1.4006469191230633
R4D:R59N:D60Q:V106M:V108Q,1.193599144589211,8,0.8858815064994461,1.299773654730842
R4D:R59N:I91C,1.1622802066840192,7,0.8209434114351781,0.892652708420254
R4D:R59N:I91C:D95Q:T112E,0.9089696452584768,9,0.7748425438214023,1.0287259369124482
R4D:R59N:I91C:R97D:V106M,1.1433066431353762,9,0.8735280662198056,1.2482684097788872
R4D:R59N:I91C:T112E,1.121422662020087,8,0.8365666338410831,1.0190696396984222
R4D:R59N:I91C:V106M:T112E,1.0413768931437648,8,0.8753219720011514,1.2046862367473556
R4D:R59N:I91C:V108Q,0.9874273057017324,9,0.765464876244787,0.9250114023357775
R4D:R97D:V106M,1.3222030294546907,7,1.0212923450778906,1.2412978797462089
R4D:R97D:V106M:V108Q,1.1732544951388084,9,0.9658138098874995,1.2551085778278601
R4D:R97D:V106M:V108Q:T112E,1.14982783716004,8,0.9814370322934045,1.4581748523583553
R4D:T6H:A28H:D60Q,1.1959954395416623,7,0.9988288539625917,1.4171914609683338
R4D:T6H:A28H:D95Q:T112E,1.0638944694702817,8,0.8942182493484129,1.4070879343993505
R4D:T6H:A28H:G33T,1.2437842195734437,7,1.0004245095771567,1.415747058710663
R4D:T6H:A28H:G33T:Q46C,0.8586172737550575,7,0.8271342064750934,1.0651539879087712
R4D:T6H:A28H:G33T:Q46I,0.9285084495441328,7,0.8249942071135213,1.1151778709405888
R4D:T6H:A28H:G33T:Q46V,0.8860446284830501,8,0.8472384576540062,1.1025771185960664
R4D:T6H:A28H:I91C:R97D,1.1514077112289438,8,0.9309968784925601,1.4737816043450493
R4D:T6H:A28H:I91C:T112E,1.108114681885899,7,0.9327907842739059,1.4913844689535396
R4D:T6H:A28H:Q46C,0.8237331777958491,8,0.7670288138601254,0.8437435885514117
R4D:T6H:A28H:Q46C:D60Q,0.7544713106431776,9,0.8255385508605284,1.0551713029340557
R4D:T6H:A28H:Q46C:V106M,0.6983604088752916,8,0.8057841520201937,1.0199799036942134
R4D:T6H:A28H:Q46I,0.7966621624564518,8,0.7648888144985535,0.8436027638439951
R4D:T6H:A28H:Q46I:D95Q,0.524233612774989,7,0.7031647244788726,0.754711290386926
R4D:T6H:A28H:Q46V:D60Q,0.8677081189046659,8,0.8456428020394413,1.0679405691234085
R4D:T6H:A28H:Q46V:R59N,0.3943650332573502,9,0.662520341275141,0.5756185670965863
R4D:T6H:A28H:R59N:D95Q,0.8493205586951436,9,0.7539823031786106,1.0992572501662794
R4D:T6H:A28H:R59N:T112E,1.042122521700523,7,0.8313296156041965,1.3054213568801505
R4D:T6H:A28H:R97D,1.0412937077519735,8,0.9541484335867478,1.305269256148039
R4D:T6H:A28H:T112E,1.2028216296070575,7,0.9559423393680937,1.3454182611485872
R4D:T6H:A28H:V106M,1.180405236769715,8,0.979074455122257,1.3822035769420125
R4D:T6H:A28H:V106M:T112E,1.1699637117141333,9,0.994697677528162,1.6088130222026962
R4D:T6H:A28H:V106M:V108Q,1.0977934844483554,8,0.9235959199318658,1.498183987649067
R4D:T6H:A28H:V108Q:T112E,1.165143351636957,7,0.9004638041777027,1.4698569441436509
R4D:T6H:A28K:D60Q:D95Q,1.0222059742532017,7,0.8934653991648849,1.4019125010423408
R4D:T6H:A28K:D60Q:T112E,1.1399767979528166,7,0.9708127115904708,1.5874948677421856
R4D:T6H:A28K:D95Q:T112E,1.039606848942724,7,0.8505788845703869,1.3647788602555848
R4D:T6H:A28K:G33T:D60Q,1.077916743821569,7,1.0152948817995335,1.6759308592994182
R4D:T6H:A28K:G33T:Q46V,0.6494508213349793,7,0.8035990928759802,1.0747445064652386
R4D:T6H:A28K:G33T:R97D,1.1630673312491535,8,0.9706144614236898,1.5711432023796263
R4D:T6H:A28K:I91C:V106M,0.8888270622019876,9,0.9122835352500431,1.5020273868833733
R4D:T6H:A28K:I91C:V108Q,1.044022950917466,9,0.8180496618995838,1.3178221970526065
R4D:T6H:A28K:Q46C:V106M,0.5494423719832737,7,0.7621447872421677,0.9685596953918179
R4D:T6H:A28K:Q46I:D95Q,0.6788115005542631,8,0.6595253597008466,0.7848091323611337
R4D:T6H:A28K:Q46I:I91C,0.6605358394652447,7,0.6980978946263396,0.910899175146374
R4D:T6H:A28K:Q46I:T112E,0.7396329970396689,8,0.7368726721264325,1.0141125142860048
R4D:T6H:A28K:Q46V:D60Q,0.8063394370338084,9,0.8020034372614153,1.0238704451972165
R4D:T6H:A28K:Q46V:D95Q,0.5861160570516348,9,0.6817696102413314,0.7795348426170889
R4D:T6H:A28K:Q46V:V108Q,0.7520158334496128,8,0.6880151650706212,0.8243985429800381
R4D:T6H:A28K:R59N:R97D,0.8757877591480749,7,0.7858963450448246,1.2132907592336402
R4D:T6H:A28K:R59N:T112E,1.0074218240502095,8,0.7876902508261704,1.276302286429
R4D:T6H:A28K:R59N:V106M,1.117376319661649,9,0.8108223665803337,1.2790590486231135
R4D:T6H:A28K:R59N:V108Q,0.9472380862164544,9,0.7165884932298743,1.1420508085652148
R4D:T6H:A28K:R97D,1.1063294454213748,9,0.9105090688087218,1.2512191126298524
R4D:T6H:A28K:R97D:T112E,1.0772536949377305,8,0.9261322912146269,1.4976559910449656
R4D:T6H:A28K:R97D:V108Q,0.8948272050037664,9,0.8550305336183308,1.3024179302058483
R4D:T6H:A28K:V106M,1.0356052463641507,7,0.935435090344231,1.3199185181812996
R4D:T6H:A28K:V106M:T112E,1.1572127900882234,8,0.951058312750136,1.5420786378367906
R4D:T6H:A28K:V106M:V108Q,1.0960675032145424,7,0.8799565551538399,1.4225599824154889
R4D:T6H:D60Q:D95Q:T112E,1.1319612954702707,8,0.9105959548115781,1.4642571699491684
R4D:T6H:D60Q:D95Q:V106M,1.2062545436854222,7,0.9337280705657413,1.5062314601057252
R4D:T6H:D60Q:I91C:D95Q,1.0652287629271142,7,0.8718211773114852,1.3626543099083945
R4D:T6H:D60Q:R97D,1.2566710288726166,8,0.970526139049913,1.3685552051439402
R4D:T6H:D60Q:R97D:V106M,1.212182669736206,8,1.0092814772099814,1.683336015662825
R4D:T6H:D95Q:R97D:V106M,1.161453465829638,8,0.8890476501898974,1.5253730120923032
R4D:T6H:G33T:D60Q,1.1255357642670003,9,1.0168022150403218,1.4576693974102624
R4D:T6H:G33T:D95Q,1.1162538884663318,9,0.896568388020238,1.2361892539819463
R4D:T6H:G33T:D95Q:R97D,1.0834691033069197,9,0.9103977046447971,1.494702606039727
R4D:T6H:G33T:D95Q:V108Q,0.9892087618738268,7,0.8410898528298468,1.3276217557584822
R4D:T6H:G33T:I91C:T112E,1.1186170470891783,7,0.950764145351636,1.5661118179140194
R4D:T6H:G33T:Q46C:D60Q,0.7074665263873577,7,0.8435119119382585,1.1006016081503092
R4D:T6H:G33T:Q46C:V106M,0.7633906704290042,8,0.8237575130979238,1.0641182964059979
R4D:T6H:G33T:Q46R:R97D,0.9961366283451624,7,0.9596631689160179,1.2534188460394509
R4D:T6H:G33T:Q46V:R97D,0.9080485029756656,7,0.8189357427413275,1.0416498636831404
R4D:T6H:G33T:R59N:D60Q,1.1758107586443842,9,0.8921894912764246,1.4558225743039217
R4D:T6H:G33T:R59N:T112E,1.014994006672436,7,0.8493029766819266,1.3733093625718378
R4D:T6H:G33T:R97D,1.1569405663770238,8,0.972121794664478,1.3628688429477385
R4D:T6H:G33T:R97D:V106M,1.2128746338758818,8,1.0108771328245463,1.6849368632147599
R4D:T6H:G33T:V108Q:T112E,1.076003986945888,7,0.9184371652554327,1.533337626642091
R4D:T6H:I91C,1.1431755377026622,9,0.8750355303307631,1.0729103280501184
R4D:T6H:I91C:V106M,0.99397160519981,7,0.9137908684908314,1.3193132400917331
R4D:T6H:I91C:V108Q,1.0110820495390411,9,0.819556995140372,1.1537561054251115
R4D:T6H:I91C:V108Q:T112E,0.9938778391600496,8,0.835180217546277,1.3750222544679054
R4D:T6H:Q46C:D60Q,0.7518041184943771,8,0.7834065193232906,0.883842796508798
R4D:T6H:Q46C:D60Q:R97D,0.6754543238005614,8,0.7972358359478497,1.0148757200894973
R4D:T6H:Q46C:I91C:D95Q,0.4661386571336968,8,0.640021137209019,0.7153669213280841
R4D:T6H:Q46C:I91C:V108Q,0.6334907582779574,7,0.6462666920383087,0.7588975457241175
R4D:T6H:Q46C:R59N:D95Q,0.2736743549100172,8,0.5385599685393094,0.3938440230767718
R4D:T6H:Q46C:R59N:I91C,0.2567066367058458,7,0.5771325034648025,0.44374624223832476
R4D:T6H:Q46C:R59N:V108Q,0.2300796083706526,9,0.5448055233685992,0.4508445060453664
R4D:T6H:Q46C:V108Q:T112E,0.6386255699613155,8,0.6850414695384015,0.866996112231358
R4D:T6H:Q46I:D60Q:D95Q,0.4974819109073382,9,0.7195424299420378,0.8213864869639492
R4D:T6H:Q46I:D95Q:R97D,0.5703743138449318,8,0.6748620095661939,0.7745669384953484
R4D:T6H:Q46I:D95Q:T112E,0.6215163660660848,9,0.6766559153475398,0.811139507835417
R4D:T6H:Q46I:R59N:I91C,0.419624491609202,9,0.5749925041032306,0.5428149850825653
R4D:T6H:Q46I:R59N:V108Q,0.3202889274849879,9,0.5426655240070273,0.5211204940585078
R4D:T6H:Q46I:R97D:V108Q,0.4667579615503726,9,0.6811075643954837,0.7238022357102641
R4D:T6H:Q46I:V108Q,0.6398445512282053,7,0.6672782477709245,0.711104581833699
R4D:T6H:Q46R:D60Q,1.0807940440169477,7,0.9442381966768938,1.1060722931489197
R4D:T6H:Q46R:D60Q:I91C,0.984462412301173,9,0.921086641582706,1.1702606926214312
R4D:T6H:Q46R:D60Q:V106M,1.0423221198137296,9,0.9829935348369621,1.3122052066774115
R4D:T6H:Q46R:D95Q:V108Q,0.618534236124546,7,0.7685258344664189,0.8419190707453477
R4D:T6H:Q46R:I91C:D95Q,0.7025846484019304,9,0.8008528145626221,0.9099582827437297
R4D:T6H:Q46R:I91C:V106M,1.0475331988968577,8,0.9013322427423713,1.1848470835921383
R4D:T6H:Q46R:R59N,0.5429716726365111,8,0.7611157359125935,0.6844955158379912
R4D:T6H:Q46R:R59N:D60Q,0.6440897848382484,7,0.8196254729129966,0.8995853084760081
R4D:T6H:Q46R:R59N:I91C,0.4914797774801576,8,0.7379641808184058,0.6818965519630216
R4D:T6H:Q46R:R97D:V106M,1.0186267586869722,8,0.9383131144611183,1.2519330169923162
R4D:T6H:Q46R:R97D:V108Q,0.6585167831931065,8,0.8440792411106589,0.9751260250453091
R4D:T6H:Q46R:V106M:T112E,0.9624009678792288,9,0.9401070202424641,1.2461854300247497
R4D:T6H:Q46R:V106M:V108Q,0.954122082906018,8,0.869005262646168,1.1094745275941928
R4D:T6H:Q46R:V108Q,0.8862258958748479,8,0.8302499244860997,0.9186847972814113
R4D:T6H:Q46R:V108Q:T112E,0.8094105928620674,7,0.8458731468920048,1.084663271830475
R4D:T6H:Q46V:D60Q:D95Q,0.6328214935241135,8,0.7417866804825226,0.8429871406443986
R4D:T6H:Q46V:D60Q:I91C,0.7244969195270969,7,0.7803592154080157,0.9538903831432198
R4D:T6H:Q46V:D60Q:V106M,0.9243046056809858,9,0.8422661086622718,1.0745129987546953
R4D:T6H:Q46V:D60Q:V108Q,0.7240395409222731,9,0.7480322353118124,0.9137692440890972
R4D:T6H:Q46V:D95Q,0.624078314229058,9,0.6832769434821195,0.6761649035732749
R4D:T6H:Q46V:D95Q:V106M,0.5665387813707136,7,0.7220322816421879,0.8520431291872073
R4D:T6H:Q46V:I91C:T112E,0.7299400041997646,7,0.7374727008135177,0.9122385525254344
R4D:T6H:Q46V:R59N:T112E,0.3943865792179493,9,0.6360115321438082,0.6035288722726391
R4D:T6H:Q46V:R97D:T112E,0.7875538472939422,7,0.7744535725322647,0.978266226879675
R4D:T6H:Q46V:R97D:V106M,0.740341044958633,8,0.797585688286428,1.0191389524214125
R4D:T6H:Q46V:T112E,0.7863748465059559,9,0.7606242559077054,0.863606747331034
R4D:T6H:Q46V:V108Q,0.6320895221742787,8,0.6895224983114094,0.7217134002790677
R4D:T6H:Q46V:V108Q:T112E,0.6990586356172733,9,0.7051457207173144,0.8781810669338825
R4D:T6H:R59N:D95Q:T112E,1.0574542493473795,7,0.7274734940472778,1.1380602077365911
R4D:T6H:R59N:I91C:R97D,0.9589190370201364,9,0.764252123191425,1.147893692272773
R4D:T6H:R59N:R97D,1.1341881853572775,7,0.7874036782856128,1.046248658341391
R4D:T6H:R59N:R97D:T112E,1.1393179786739978,8,0.8030269006915178,1.2778347385361972
R4D:T6H:R59N:T112E,1.229259769204123,8,0.7891975840669586,1.1030845586588132
R4D:T6H:R59N:V106M:V108Q,1.1328600448287702,7,0.7568511646307308,1.1927133123290843
R4D:T6H:R97D:V106M:V108Q,0.9690013480344596,7,0.8952932050191872,1.4388420053180964
R4D:T6H:R97D:V108Q:T112E,1.0273311218294008,8,0.872161089265024,1.3908635647995422
R4D:T6H:V108Q,1.2155530497394478,9,0.8427085502345598,1.033231209846087
R4D:T6S,1.4072178069381944,8,1.1610167039470156,1.2189496323027376
R4D:T6S:A28H:D60Q:T112E,1.3702962491000077,9,1.2772816948905614,1.9416641162046062
R4D:T6S:A28H:D95Q,1.183647910570096,8,1.1414246454645725,1.4696530938079972
R4D:T6S:A28H:D95Q:T112E,1.2606760837643871,9,1.1570478678704776,1.69407482235198
R4D:T6S:A28H:G33T:D95Q,1.220394400487528,9,1.2015300380795404,1.755850454486446
R4D:T6S:A28H:G33T:Q46I,1.0808836667121215,8,1.087823825635586,1.4839512257862153
R4D:T6S:A28H:G33T:T112E,1.2983283594271555,9,1.2788773505051263,1.9173485584909118
R4D:T6S:A28H:Q46C:I91C,1.0668522411714867,9,1.0067068772880023,1.1898766899821378
R4D:T6S:A28H:Q46C:R59N,0.6465593631482014,9,0.9052457086182928,0.8939533018978275
R4D:T6S:A28H:Q46C:T112E,1.2740171651552563,8,1.0454816547880952,1.2942995906814496
R4D:T6S:A28H:Q46I:D95Q,1.0425877953152738,8,0.9659943430009372,1.1565223496091843
R4D:T6S:A28H:Q46I:R59N,0.8948619018888951,7,0.9031057092567208,1.0434483483960917
R4D:T6S:A28H:Q46I:R97D,1.111574602115548,9,1.0415477496451773,1.3073079040097288
R4D:T6S:A28H:Q46R,1.1537605584122093,8,1.1906901097357934,1.3458267623579
R4D:T6S:A28H:Q46R:D60Q,1.3326608150760548,7,1.2491998467361962,1.596579106291768
R4D:T6S:A28H:Q46R:D95Q,0.994046735194142,9,1.1289660197161124,1.3076204788731713
R4D:T6S:A28H:Q46R:R59N,1.0155428969811484,8,1.0660773859718962,1.1164461175752507
R4D:T6S:A28H:Q46R:T112E,1.3622395160258056,9,1.2063133321416983,1.5061469130791556
R4D:T6S:A28H:Q46V:D95Q,1.0540896440536365,9,0.9882385935414222,1.1680976457207604
R4D:T6S:A28H:Q46V:R97D,1.0673596060864003,8,1.0637920001856622,1.319218369385198
R4D:T6S:A28H:Q46V:V108Q,1.0735130159534918,8,0.9944841483707119,1.2163172867787135
R4D:T6S:A28H:R59N,1.2851878325976025,7,1.0785360117203562,1.37706370311825
R4D:T6S:A28H:R59N:I91C,1.1618172327155658,9,1.0553844566261683,1.4533492235398662
R4D:T6S:A28H:R59N:R97D,1.2087320504667671,7,1.0923653283449153,1.5479235377040315
R4D:T6S:A28H:R59N:V106M,1.3652119083966283,9,1.1172913498804244,1.5917451058802774
R4D:T6S:A28H:V106M,1.364862146982278,7,1.2419040736443216,1.6395865233986773
R4D:T6S:A28H:V106M:V108Q,1.3145719887789165,9,1.1864255384539306,1.7565230032896462
R4D:T6S:A28H:V108Q,1.290824865704211,9,1.1476702002938624,1.5051848917356923
R4D:T6S:A28H:V108Q:T112E,1.1229418703579954,8,1.1632934226997673,1.7356715208106621
R4D:T6S:A28K,1.2321880303577046,8,1.1595093707062274,1.324946913384328
R4D:T6S:A28K:D60Q:R97D,1.238519625844097,9,1.2318484243311896,1.815676005230295
R4D:T6S:A28K:D60Q:T112E,1.2773245456561984,8,1.2336423301125354,1.8291055893893953
R4D:T6S:A28K:D60Q:V108Q,1.1840332766895505,9,1.1625405725162392,1.7069740969085547
R4D:T6S:A28K:D95Q,1.159815297717717,9,1.0977852806865465,1.3904534493449014
R4D:T6S:A28K:D95Q:T112E,1.1776791880840345,8,1.1134085030924514,1.610425852283691
R4D:T6S:A28K:G33T,1.1121045103891791,7,1.2196147633211953,1.5829098939355006
R4D:T6S:A28K:G33T:D95Q,0.798058116388231,8,1.1578906733015144,1.675168070579549
R4D:T6S:A28K:G33T:Q46C,0.8120505464303696,7,1.046324460219132,1.2759205710571457
R4D:T6S:A28K:G33T:R97D,0.8816453415106607,7,1.2334440799457544,1.8064585654604222
R4D:T6S:A28K:G33T:V108Q,0.8429233907757235,7,1.164136228130804,1.702234036642667
R4D:T6S:A28K:I91C:R97D,1.251751587785857,8,1.1501871322365989,1.6599888283669235
R4D:T6S:A28K:I91C:T112E,1.180015557628557,9,1.1519810380179445,1.655437381412756
R4D:T6S:A28K:I91C:V106M,1.097743053375676,8,1.175113153772108,1.71131338710819
R4D:T6S:A28K:I91C:V108Q,1.3080890460432244,8,1.0808792804216485,1.540625168551263
R4D:T6S:A28K:Q46C:D95Q,0.9176515504494972,7,0.9244949775844833,1.0603518175000206
R4D:T6S:A28K:Q46C:T112E,0.8787072833519765,7,1.0018422900100692,1.2103261655637212
R4D:T6S:A28K:Q46I:D95Q,0.9704064688910058,7,0.9223549782229112,1.1452802956588688
R4D:T6S:A28K:Q46I:I91C,1.0031249870787082,8,0.9609275131484043,1.2424849076672517
R4D:T6S:A28K:Q46I:T112E,0.9471720115770754,9,0.9997022906484971,1.347369956050714
R4D:T6S:A28K:Q46I:V108Q,0.9324247315481922,8,0.928600533052201,1.1739468838427678
R4D:T6S:A28K:Q46R,1.1746411714291314,7,1.1470507449577674,1.2970581248736859
R4D:T6S:A28K:Q46R:D60Q,1.2565669210599353,8,1.2055604819581704,1.530090217568389
R4D:T6S:A28K:Q46R:I91C,1.1801257918278916,7,1.1238991898635795,1.3553591558165097
R4D:T6S:A28K:Q46R:R59N,1.0543807730186523,9,1.02243802119387,1.0920567892914084
R4D:T6S:A28K:Q46R:T112E,1.1711421932332646,8,1.1626739673636723,1.4529289499897486
R4D:T6S:A28K:Q46R:V106M,1.2080333418986466,7,1.1858060831178356,1.4813919969396223
R4D:T6S:A28K:Q46V:V106M,1.1080325325672336,7,1.0450786569431452,1.2920785721313999
R4D:T6S:A28K:R59N:D60Q,1.3374717945680046,7,1.093406383942733,1.6177100683972228
R4D:T6S:A28K:R59N:D95Q,0.920902911718298,9,0.9731725569226493,1.3539065051598367
R4D:T6S:A28K:R59N:I91C,1.0852826019125652,8,1.0117450918481423,1.3881293136288757
R4D:T6S:A28K:R97D,1.1360594035683242,8,1.1733386873307865,1.497443799617748
R4D:T6S:A28K:T112E,1.2305966959739871,9,1.1751325931121324,1.5154384930556386
R4D:T6S:A28K:V106M:V108Q,1.2089948888531556,8,1.1427861736759046,1.639559102131545
R4D:T6S:A28K:V108Q,1.1934198072509272,8,1.1040308355158364,1.4014569952919742
R4D:T6S:D60Q:D95Q:V106M,1.294689460171795,8,1.196557689087806,1.7806190435649567
R4D:T6S:D60Q:I91C,1.3859023617084996,7,1.1963748858532308,1.575248332944661
R4D:T6S:D60Q:I91C:V106M,1.3938123515655807,9,1.235130224013299,1.8515209776225166
R4D:T6S:D60Q:R97D:V106M,1.4550448401547802,7,1.272111095732046,1.9532159530183522
R4D:T6S:D60Q:V106M,1.4605668454465033,9,1.2582817791074867,1.6770388410054056
R4D:T6S:D60Q:V106M:T112E,1.3043217457619456,8,1.273905001513392,1.9050859954929853
R4D:T6S:D60Q:V106M:V108Q,1.307850713203449,7,1.2028032439170957,1.7994377308414826
R4D:T6S:D60Q:V108Q,1.3495927562438377,7,1.1640479057570274,1.5520974846292825
R4D:T6S:D95Q,1.1395442066154962,9,1.0992926139273347,1.269226931731075
R4D:T6S:D95Q:R97D,1.256140270317564,7,1.1131219305518938,1.494309232863182
R4D:T6S:D95Q:V108Q:T112E,1.1199390944081224,8,1.0594373011428486,1.5437961532003017
R4D:T6S:G33T:D60Q,1.4613501944587923,8,1.2796318335623864,1.7115801785827882
R4D:T6S:G33T:D95Q,1.2266725799110547,8,1.1593980065423026,1.4941363055353687
R4D:T6S:G33T:D95Q:T112E,1.1664929056072866,9,1.1750212289482076,1.7312113629094528
R4D:T6S:G33T:I91C,1.3150330498511504,9,1.1979705414677957,1.5618269435820034
R4D:T6S:G33T:Q46I:R59N,1.032939677617761,7,0.9210790703344509,1.1488578151452304
R4D:T6S:G33T:Q46I:R97D,1.151785155607216,9,1.0595211107229074,1.4150822806969814
R4D:T6S:G33T:Q46I:T112E,1.1305837845880478,8,1.0613150165042533,1.4729754393627106
R4D:T6S:G33T:Q46I:V106M,1.3178359603752627,7,1.0844471322584166,1.4733026892956078
R4D:T6S:G33T:Q46I:V108Q,0.8678131664821201,7,0.9902132589079571,1.3107193333295974
R4D:T6S:G33T:Q46R:D95Q,1.208084230815169,7,1.1469393807938426,1.3905630834295217
R4D:T6S:G33T:R59N,1.306214501591923,9,1.0965093727980861,1.3981732025171345
R4D:T6S:G33T:R59N:V106M,1.4283409132019813,7,1.1352647109581544,1.616143949685545
R4D:T6S:G33T:R97D,1.2575122586361722,9,1.2349514131865427,1.6163082483974565
R4D:T6S:G33T:R97D:V106M,1.4158437015231171,9,1.273706751346611,1.9258153665745517
R4D:T6S:G33T:R97D:V108Q,1.1561228250452926,7,1.1794728779961514,1.6967327557674934
R4D:T6S:I91C:D95Q,1.2299048361051657,9,1.076141058833147,1.3723664950708896
R4D:T6S:I91C:D95Q:R97D,1.159197521343016,9,1.0899703754577061,1.640661856533536
R4D:T6S:I91C:R97D,1.3186633638235277,8,1.1516944654773869,1.5042434307467216
R4D:T6S:Q46C:D60Q:R97D,1.1536555083701712,9,1.0600654544699144,1.3300554570001704
R4D:T6S:Q46C:D60Q:V108Q,1.0786646407433689,9,0.9907576026549642,1.2046979727566376
R4D:T6S:Q46C:D95Q,1.0721073159197454,7,0.9260023108252714,0.982157462746916
R4D:T6S:Q46C:I91C,1.0600392167233328,8,0.9645748457507645,1.022776875120634
R4D:T6S:Q46C:I91C:D95Q,0.8533682346778088,7,0.9028507557310836,1.0102051439465003
R4D:T6S:Q46C:I91C:R97D,1.1182883426999115,8,0.9784041623753237,1.1685826927943688
R4D:T6S:Q46C:R59N:T112E,0.8817129717763954,7,0.87873689948696,0.8858435367668072
R4D:T6S:Q46C:R59N:V106M,0.6886947309231926,8,0.9018690152411233,0.8649480601775654
R4D:T6S:Q46C:R97D:T112E,1.0776103619263917,9,1.0171789398754165,1.2702903469373967
R4D:T6S:Q46C:V108Q,1.195160578831476,8,0.9322478656545612,0.9938874939254468
R4D:T6S:Q46C:V108Q:T112E,1.0300000822223083,7,0.9478710880604662,1.142333732807988
R4D:T6S:Q46I:D60Q,1.2598359962406451,9,1.0440961384837832,1.2807646368627985
R4D:T6S:Q46I:D60Q:I91C,1.1346468993873708,9,1.0209445833895956,1.3215257796137632
R4D:T6S:Q46I:D60Q:T112E,1.2963046574144963,8,1.0597193608896882,1.4382528856704457
R4D:T6S:Q46I:D60Q:V106M,1.0484650248662004,7,1.0828514766438517,1.4374232043949184
R4D:T6S:Q46I:D95Q,0.9256538637116724,7,0.9238623114636995,1.039176091687996
R4D:T6S:Q46I:D95Q:V108Q,0.6369557550763397,9,0.8683837762733083,0.9853333206453982
R4D:T6S:Q46I:I91C:D95Q,1.0053459278395145,9,0.9007107563695117,1.0646145111377772
R4D:T6S:Q46I:I91C:V108Q,0.8999514128151924,8,0.9069563111988014,1.1045941775964043
R4D:T6S:Q46I:R59N:D95Q,0.7123928849921805,9,0.7992495876998021,0.8424912246485169
R4D:T6S:Q46I:R59N:I91C,0.77293226549564,8,0.8378221226252952,0.9099221212125229
R4D:T6S:Q46I:R59N:T112E,0.8808276540206071,7,0.876596900125388,1.067613416500797
R4D:T6S:Q46I:T112E,0.946343965062014,7,1.0012096238892854,1.225971573183118
R4D:T6S:Q46I:V108Q,0.9871749645466296,8,0.9301078662929892,1.0685274762147383
R4D:T6S:Q46R:D60Q:T112E,1.3028442723074616,7,1.2226910376048634,1.5864039475752396
R4D:T6S:Q46R:D95Q:T112E,1.2218488594686163,9,1.1024572105847796,1.3334455633225553
R4D:T6S:Q46R:D95Q:V106M,1.2096651229467783,8,1.125589326338943,1.374949420343125
R4D:T6S:Q46R:I91C:V106M,1.1511983220825113,9,1.164161861264436,1.4609254745209257
R4D:T6S:Q46R:R59N,0.9666311151081016,7,1.0239453544346582,0.9972892204041883
R4D:T6S:Q46R:R59N:I91C,0.8118222698509577,7,1.0007937993404705,0.9879332062218932
R4D:T6S:Q46R:R59N:R97D,0.8750768849202069,9,1.0377746710592173,1.0890682365621545
R4D:T6S:Q46R:R59N:V106M,1.0044773137058476,7,1.0627006925947264,1.1388613398351173
R4D:T6S:Q46R:R97D:V108Q,1.0727592381555051,7,1.1069088596327235,1.2890991719210898
R4D:T6S:Q46R:T112E,1.2053686063711757,8,1.1641813006044606,1.3462109545642844
R4D:T6S:Q46R:V106M,1.3805511757741735,9,1.1873134163586236,1.372004921589579
R4D:T6S:Q46R:V106M:V108Q,1.219170487209226,9,1.1318348811682326,1.39326603801422
R4D:T6S:Q46V:D60Q:I91C,1.0451718830243828,8,1.0431888339300803,1.293283444823798
R4D:T6S:Q46V:D60Q:T112E,1.0877572943287588,9,1.0819636114301732,1.4048773567826491
R4D:T6S:Q46V:I91C:R97D,0.9797716988126663,7,0.9985084135542366,1.2165839578872464
R4D:T6S:Q46V:R59N:D95Q,0.5795492828240209,8,0.821493838240287,0.7453440617666799
R4D:T6S:Q46V:R59N:V108Q,0.7696601300601458,9,0.8277393930695768,0.7938183876913003
R4D:T6S:Q46V:R97D:T112E,1.22281678590358,8,1.0372831910543294,1.3188596220812767
R4D:T6S:Q46V:R97D:V106M,1.198234971795805,7,1.0604153068084927,1.352256786596582
R4D:T6S:Q46V:T112E,1.1566611915810476,8,1.02345387442977,1.1865794081668082
R4D:T6S:Q46V:V106M,1.0960262185916256,7,1.0465859901839334,1.188869416635206
R4D:T6S:R59N:D60Q:I91C,1.1836621710313078,7,1.0717621620893336,1.535010476920097
R4D:T6S:R59N:D60Q:R97D,1.3338289586139327,9,1.1087430338080804,1.6463767645828629
R4D:T6S:R59N:D60Q:V106M,1.273358403699366,9,1.1336690553435895,1.6694884448369014
R4D:T6S:R59N:D60Q:V108Q,1.3743297424454348,7,1.0394351819931302,1.5555603930981872
R4D:T6S:R59N:D95Q:V106M,1.1882701446489463,7,1.0134352283235057,1.4275506146121548
R4D:T6S:R59N:D95Q:V108Q,1.0722796244545267,7,0.9192013549730463,1.2651255561721646
R4D:T6S:R59N:I91C:D95Q,0.9916584141182996,7,0.9515283350692496,1.2749898448575805
R4D:T6S:R59N:I91C:R97D,1.27247829796963,8,1.0270817417134896,1.4228827325624231
R4D:T6S:R59N:I91C:V106M,1.3866502102865392,8,1.0520077632489988,1.4624314683391995
R4D:T6S:R59N:R97D:T112E,1.2389469884720286,9,1.0658565192135825,1.5544954880696789
R4D:T6S:R59N:V108Q:T112E,1.0831163730169695,9,0.9965486673986321,1.4610799866991269
R4D:T6S:R97D:V106M:T112E,1.335846178771117,9,1.229224581137548,1.8642993245312738
R4D:T6S:R97D:V108Q,1.176579199768247,8,1.1193674853811837,1.4047091765556536
R4D:T6S:R97D:V108Q:T112E,1.1412870266443749,9,1.1349907077870887,1.6510830222767798
R4D:T6S:T112E,1.3715685298359892,9,1.1766399263529206,1.3789177965450892
R4D:T6S:V108Q:T112E,1.2439672244020508,9,1.1211613911625293,1.476429162061809
R4D:V106M:V108Q:T112E,1.1119709962997286,8,0.9676077156688454,1.2716627058064414
R4D:V108Q:T112E,1.1355518547575398,8,0.9288523775087771,1.1054092499416945
R59N:D60Q:D95Q:R97D:V108Q,0.88074982360073,9,0.6549416321753294,0.7892839101273118
R59N:D60Q:D95Q:V106M:T112E,0.9449295089306669,8,0.7509694113071347,0.9621967304961377
R59N:D60Q:D95Q:V106M:V108Q,0.7738294271881941,9,0.6798676537108386,0.8273487060949218
R59N:D60Q:D95Q:V108Q,0.7347188680789815,9,0.6411123155507703,0.6834538257169448
R59N:D60Q:I91C:D95Q,0.8292721026451543,9,0.6734392956469736,0.6848639453883583
R59N:D60Q:I91C:D95Q:R97D,1.0692847749854204,7,0.6872686122715328,0.8582622852770014
R59N:D60Q:I91C:D95Q:V108Q,0.7208090304118479,7,0.6179607604565824,0.6716203274446021
R59N:D60Q:I91C:R97D,0.9492475124116488,8,0.7489927022912136,0.8483871522182513
R59N:D60Q:I91C:V106M:T112E,0.9774237371928872,7,0.7895419462326277,0.9996003311584623
R59N:D60Q:V106M:V108Q:T112E,0.94237070548187,9,0.7572149661364245,1.00573567134747
R59N:D60Q:V108Q:T112E,1.0393557637774582,7,0.7184596279763562,0.8804483053115604
R59N:D95Q:R97D:V106M,0.9313203403481828,8,0.6906657685253859,0.8558953074155922
R59N:I91C,0.9668027591531652,7,0.6766536486662514,0.6343969315287225
R59N:I91C:D95Q:R97D:T112E,0.8269128729481005,9,0.6443820976770347,0.8188676510554412
R59N:I91C:D95Q:V106M:T112E,0.6000790684940853,7,0.6693081192125439,0.7976500971279732
R59N:I91C:R97D:V106M,0.92633859401343,9,0.7292383034508789,0.8519742119462529
R59N:I91C:R97D:V106M:V108Q,0.7917777586517646,7,0.6737597682604878,0.8205081853151752
R59N:I91C:V108Q,0.8352152627520975,7,0.6211751134758603,0.6001986485349241
R59N:R97D:V106M,1.0810565657991054,9,0.7523898585450667,0.8181495738713174
R59N:R97D:V108Q,0.9242277941769396,7,0.6581559851946073,0.6286066962833146
R97D:V106M,1.250855089729895,9,0.877002582308964,0.9589696960361797
R97D:V106M:T112E,1.0673800166321872,8,0.892625804714869,1.052036075043079
R97D:V106M:V108Q:T112E,1.0244912112665696,8,0.8371472695244778,1.0348355200138748
R97D:V108Q,1.1199665043719886,7,0.7827687089585046,0.758413513810768
R97D:V108Q:T112E,1.0721101786286569,8,0.7983919313644096,0.8604424176954476
T6H:A28H:D60Q:I91C,1.0286972738239142,9,0.8313875360994772,1.1191565338162521
T6H:A28H:D60Q:I91C:R97D,1.0430275197269507,9,0.8452168527240365,1.304096782422006
T6H:A28H:D60Q:I91C:V106M,1.2136774464650162,9,0.8701428742595455,1.3805911133784199
T6H:A28H:D60Q:R97D:T112E,1.004475056715809,8,0.8839916302241292,1.3909884302503002
T6H:A28H:D60Q:T112E,1.112673372358173,8,0.8701623135995701,1.1984012842947775
T6H:A28H:D95Q:R97D,1.0905495426840524,9,0.7481345807981403,1.0013017136773061
T6H:A28H:D95Q:R97D:T112E,1.006694909268062,8,0.7637578032040453,1.2072145692399614
T6H:A28H:G33T:D60Q:T112E,1.144943445299105,9,0.9302677062145379,1.4988777592563687
T6H:A28H:G33T:D95Q,0.943175423383889,8,0.794410656788549,1.0516678691782213
T6H:A28H:G33T:D95Q:T112E,0.9005609924580302,7,0.8100338791944541,1.254346836924822
T6H:A28H:G33T:I91C,0.9182276504272436,7,0.8329831917140421,1.1621535196957609
T6H:A28H:G33T:I91C:V106M,0.9982555315437048,7,0.8717385298741104,1.4308753090060655
T6H:A28H:G33T:Q46C:R97D,0.7232822776339998,7,0.6966737603307258,0.8217114812484672
T6H:A28H:G33T:Q46C:V106M,0.8039399954713461,7,0.721599781866235,0.8726764409678581
T6H:A28H:G33T:Q46I,0.780760721326888,9,0.6807044443445947,0.7148601360585407
T6H:A28H:G33T:Q46I:I91C,0.6986546367700995,7,0.6575528892504069,0.7512393991468411
T6H:A28H:G33T:Q46I:R97D,0.5403621629347707,7,0.6945337609691539,0.7681026947296544
T6H:A28H:G33T:Q46I:V108Q,0.5118398822409712,9,0.6252259091542036,0.6765928979418088
T6H:A28H:G33T:Q46R:D60Q,0.9206818587393026,9,0.9021858580601729,1.123247227740352
T6H:A28H:G33T:Q46R:V108Q,0.7631349920378112,8,0.7881975858693788,0.9236337956023116
T6H:A28H:G33T:Q46V:I91C,0.7254968986331135,8,0.6797971397908917,0.7786944223201421
T6H:A28H:G33T:Q46V:V106M,0.7855339015914161,8,0.7417040330451478,0.8903442104441298
T6H:A28H:G33T:Q46V:V108Q,0.6303939241403484,8,0.6474701596946885,0.7205068871810995
T6H:A28H:G33T:R59N:D60Q,1.0765222879775926,8,0.7900317600447356,1.2245714845296414
T6H:A28H:G33T:R59N:V108Q,0.8821753527280622,9,0.6760434878539415,1.0205701631968598
T6H:A28H:G33T:V108Q,0.9426982113250618,7,0.8006562116178388,1.113223155804223
T6H:A28H:I91C:D95Q:R97D,0.9954758648888676,7,0.7249830257039526,1.1170151661675467
T6H:A28H:I91C:D95Q:V106M,0.9767560321414416,9,0.7499090472394616,1.1653972728141706
T6H:A28H:I91C:R97D,0.9516575445752072,8,0.7867071157236334,1.0540309240317507
T6H:A28H:I91C:R97D:T112E,0.936017644418228,9,0.8023303381295385,1.251129876265409
T6H:A28H:I91C:R97D:V106M,1.0411136680072983,8,0.8254624538837017,1.3550019825949668
T6H:A28H:I91C:V106M:T112E,1.0027059319941205,7,0.8272563596650475,1.3069777143393653
T6H:A28H:Q46C:D60Q:I91C,0.5513985834531432,9,0.658097232997414,0.705114200350496
T6H:A28H:Q46C:D60Q:R97D,0.5519947742443202,9,0.6950781047161609,0.788553814965852
T6H:A28H:Q46C:D60Q:V106M,0.5804475471334641,9,0.72000412625167,0.8372224496252754
T6H:A28H:Q46C:I91C:D95Q,0.3831985449908479,7,0.5378634059773301,0.4754750595155208
T6H:A28H:Q46C:I91C:V108Q,0.4661502895902115,8,0.5441089608066199,0.5316378968459766
T6H:A28H:Q46C:R59N:D60Q,0.3273976775365853,7,0.5566360643277044,0.405038078657461
T6H:A28H:Q46C:R59N:V108Q,0.2382846821862559,8,0.44264779213691036,0.2032155628379411
T6H:A28H:Q46C:R97D:T112E,0.6703448906004509,7,0.652191590121663,0.752754717699549
T6H:A28H:Q46C:T112E,0.6812066726991969,9,0.6383622734971037,0.6517848126865621
T6H:A28H:Q46C:V106M:T112E,0.6208805168981526,9,0.677117611657172,0.7807768594765148
T6H:A28H:Q46C:V108Q:T112E,0.5869953402739135,7,0.5828837383067127,0.6376512541496787
T6H:A28H:Q46I:D60Q:V106M,0.5491664392629922,9,0.717864126890098,0.7716699880802537
T6H:A28H:Q46I:D95Q:T112E,0.3275416296125176,8,0.574498184115851,0.484266050385056
T6H:A28H:Q46I:D95Q:V108Q,0.1936609069652193,9,0.5033964265195547,0.2797164287883791
T6H:A28H:Q46I:I91C:V106M,0.6262247668300368,8,0.6362028347955073,0.6584271099522663
T6H:A28H:Q46I:R59N:D60Q,0.2723639616600922,7,0.5544960649661326,0.4151405357562066
T6H:A28H:Q46I:R59N:I91C,0.2221711015294958,8,0.4728347728715417,0.2115670242005056
T6H:A28H:Q46I:R59N:T112E,0.3643687461149746,9,0.5116095503716345,0.3655014010414098
T6H:A28H:Q46R:D60Q:I91C,0.7158857053305541,8,0.8189289103510172,0.9101526213708321
T6H:A28H:Q46R:D60Q:R97D,0.6693787469127225,8,0.8559097820697642,0.9753556912560368
T6H:A28H:Q46R:D60Q:T112E,0.865127201977447,7,0.85770368785111,1.0158075547699212
T6H:A28H:Q46R:D95Q:T112E,0.5956106632160774,9,0.7374698608310262,0.7477770892901726
T6H:A28H:Q46R:R97D:T112E,0.7152857049563165,8,0.8130232674752662,0.9307709691301738
T6H:A28H:Q46R:V108Q,0.7654762332114421,9,0.7280921932544109,0.6975693496065056
T6H:A28H:Q46V,0.6685492039213174,9,0.6428433022701117,0.5660771198645276
T6H:A28H:Q46V:D60Q:D95Q,0.3566852166286055,9,0.6396289492508338,0.574803660517436
T6H:A28H:Q46V:D60Q:R97D,0.5267006976844387,8,0.7151823558950738,0.7595155215588483
T6H:A28H:Q46V:R59N:D95Q,0.1561873689885295,8,0.45650648848653347,0.09208131454935431
T6H:A28H:Q46V:R59N:I91C,0.1712350161905431,7,0.49507902341202653,0.1808730584117078
T6H:A28H:Q46V:R97D:V106M,0.6950814927061371,7,0.695427957054739,0.7802702249609516
T6H:A28H:Q46V:V106M,0.6218706697084357,9,0.6815986404301799,0.6693656650100923
T6H:A28H:R59N:D60Q:V106M,0.9611261069135594,9,0.7686817055898361,1.1540348747160372
T6H:A28H:R59N:D95Q:T112E,0.7917955966459902,8,0.6253157628155889,0.8691449275140533
T6H:A28H:R59N:D95Q:V106M,0.6316455488200775,9,0.6484478785697522,0.8970249632642263
T6H:A28H:R59N:D95Q:V108Q,0.5995309972803298,9,0.5542140052192928,0.7098083105089458
T6H:A28H:R59N:I91C:T112E,0.7542066106428719,7,0.6638882977410819,0.9271777536696466
T6H:A28H:R59N:R97D:V108Q,0.7602524135569924,8,0.6297674118635328,0.8326833708421066
T6H:A28H:R59N:V106M,1.042328125814942,8,0.710171968589433,0.8976452273726596
T6H:A28H:R59N:V108Q,0.7829812993199127,8,0.6159380952389737,0.7680104194374565
T6H:A28H:R97D:T112E,1.102592195052412,9,0.8254818932237262,1.1239574267454555
T6H:A28H:R97D:V106M,1.1645889198062924,8,0.8486140089778895,1.1924766030373821
T6H:A28H:R97D:V106M:T112E,1.124049313091954,7,0.8642372313837945,1.395491834253245
T6H:A28H:T112E,1.1310926254095093,7,0.811652576599167,0.9774311813932646
T6H:A28H:V106M,1.1430866979868128,8,0.8347846923533303,1.014843201638284
T6H:A28K:D60Q:D95Q,0.8287508869586946,9,0.7491756363959582,0.9717287388325624
T6H:A28K:D60Q:D95Q:T112E,0.888534787110699,8,0.7647988588018632,1.163828102434258
T6H:A28K:D60Q:D95Q:V108Q,0.6682074917429665,9,0.693697101205567,1.001680439697015
T6H:A28K:D60Q:T112E,0.9017940352183834,9,0.826522948821544,1.138202668013243
T6H:A28K:D60Q:V106M,0.9515782219446124,8,0.8496550645757073,1.167762852550698
T6H:A28K:D95Q,0.8231047396314962,8,0.6906658993955551,0.801862488626296
T6H:A28K:D95Q:R97D:V108Q,0.808228194740062,8,0.6490166808297232,0.9417115993853802
T6H:A28K:G33T,1.0603303703341866,8,0.8124953820302039,1.00856133383645
T6H:A28K:G33T:D60Q,1.032496457288712,7,0.871005119030607,1.2269517933325629
T6H:A28K:G33T:D60Q:V106M,1.0052108989789248,7,0.9097604571906752,1.4688483626785387
T6H:A28K:G33T:D60Q:V108Q,1.0468185520546864,9,0.8155265838402158,1.3121086865538594
T6H:A28K:G33T:I91C,0.8421454940864103,8,0.7893438269360161,1.1234314716742742
T6H:A28K:G33T:I91C:D95Q,0.8296483448752668,9,0.7276197369163353,1.1474234565515937
T6H:A28K:G33T:Q46C:D95Q,0.5941246865682102,9,0.5774809889084598,0.6346299286589385
T6H:A28K:G33T:Q46C:R59N,0.4567949571528403,8,0.5145923551642433,0.40798421701023224
T6H:A28K:G33T:Q46C:R97D,0.6107576324829312,8,0.6530343955526998,0.7880634633539503
T6H:A28K:G33T:Q46C:V106M,0.5676909727001632,8,0.677960417088209,0.830793507830815
T6H:A28K:G33T:Q46I:D95Q,0.5929108074638086,7,0.5753409895468878,0.6370096862185411
T6H:A28K:G33T:Q46R:D95Q,0.7844682745033981,8,0.738312666262063,0.850644810956253
T6H:A28K:G33T:Q46R:R97D,0.9552216323363,7,0.8138660729063031,1.020369306011837
T6H:A28K:G33T:Q46V,0.6905898995807404,7,0.6593093301070535,0.7205252233025866
T6H:A28K:G33T:Q46V:D95Q,0.5171984088434455,8,0.5975852400873727,0.6406404654109217
T6H:A28K:G33T:Q46V:V108Q,0.5162963016790597,9,0.6038307949166624,0.6903553431865597
T6H:A28K:G33T:R59N,1.278637197223246,8,0.6878826582663067,0.9388436030735192
T6H:A28K:G33T:R97D:T112E,0.9245354832494644,9,0.8419479210606681,1.369887093882214
T6H:A28K:G33T:V106M:V108Q,1.0311933256506691,8,0.7957721849998811,1.2869258165806463
T6H:A28K:I91C,0.8935635471830667,7,0.7292384343210483,0.8779122674516429
T6H:A28K:I91C:D95Q:R97D,0.919482113644004,8,0.6813436609259266,1.0859640736257608
T6H:A28K:I91C:R97D:T112E,0.7519107840711163,8,0.7586909733515124,1.2044401526106734
T6H:A28K:I91C:R97D:V108Q,0.7523240470993269,9,0.6875892157552164,1.0162685714895352
T6H:A28K:I91C:V106M,0.8784970106522404,9,0.7679937724811166,1.0836802075732601
T6H:A28K:I91C:V106M:V108Q,0.7947711402716162,7,0.7125152372907254,1.139600899738781
T6H:A28K:I91C:V108Q,0.8045914182497136,7,0.6737598991306571,0.9067455081067066
T6H:A28K:Q46C:D60Q:D95Q,0.3993438405758848,7,0.5758853332938949,0.5715861844541135
T6H:A28K:Q46C:D95Q:T112E,0.3533601594688872,7,0.5329988186993968,0.5656275891438248
T6H:A28K:Q46C:I91C:V106M,0.4751698240920922,9,0.5947034693790532,0.6802992093523004
T6H:A28K:Q46C:R59N:V106M,0.3319457417660894,7,0.4932423007093437,0.32826950391227816
T6H:A28K:Q46C:V106M,0.5012657881690462,7,0.617855024473241,0.635289041405995
T6H:A28K:Q46C:V106M:V108Q,0.4605967663473347,7,0.5623764892828499,0.5993582641082372
T6H:A28K:Q46C:V108Q:T112E,0.4248928160549269,8,0.5392443735286867,0.5926987930927616
T6H:A28K:Q46I,0.5482152400532804,9,0.5769596869516007,0.5473546180005937
T6H:A28K:Q46I:D60Q:D95Q,0.3102337684115621,7,0.5737453339323229,0.5171220732134431
T6H:A28K:Q46I:D60Q:T112E,0.4959365171245606,7,0.6510926463579088,0.7607006190752319
T6H:A28K:Q46I:I91C:V108Q,0.3437678612774335,9,0.49832959666702187,0.45915163367251954
T6H:A28K:Q46I:R59N:R97D,0.2572339463602022,7,0.4661762798122627,0.3130918190413717
T6H:A28K:Q46I:R59N:T112E,0.3155226988635297,8,0.4679701855936085,0.4153599357121931
T6H:A28K:Q46I:R59N:V106M,0.2540522367898358,9,0.4911023013477717,0.3991248819475238
T6H:A28K:Q46I:R97D:T112E,0.4707991768161088,8,0.606412225982065,0.6725513018390874
T6H:A28K:Q46I:R97D:V108Q,0.3601867346729014,9,0.5353104683857688,0.42576886137149583
T6H:A28K:Q46I:T112E,0.5622784625170005,8,0.5925829093575058,0.6245016602510233
T6H:A28K:Q46I:V106M,0.6145203776445404,7,0.615715025111669,0.6335084809764752
T6H:A28K:Q46R:D60Q:I91C,0.4528812142388767,7,0.7752895455729912,0.8968133740406198
T6H:A28K:Q46R:D60Q:V108Q,0.6581173380437267,7,0.7429625654767879,0.8437823208137631
T6H:A28K:Q46R:D95Q:R97D,0.5829011665995709,7,0.6920365902716543,0.7599919857650899
T6H:A28K:Q46R:R59N:T112E,0.4819948254697471,9,0.6309418623087837,0.5744333365063398
T6H:A28K:Q46R:R97D:T112E,0.6905146201947115,7,0.7693839026972401,0.9249118271025863
T6H:A28K:Q46R:T112E,0.6525580315600993,9,0.755554586072681,0.8331186116271896
T6H:A28K:Q46R:V106M:V108Q,0.5967383224572418,8,0.7232081666364532,0.8379764345758873
T6H:A28K:Q46R:V108Q:T112E,0.6597430598177189,7,0.7000760508822899,0.8098693944359963
T6H:A28K:Q46V:D60Q,0.6613793447980097,9,0.6577136744924886,0.6514670654148341
T6H:A28K:Q46V:D60Q:D95Q,0.3684976573400791,8,0.5959895844728078,0.5529428567081542
T6H:A28K:Q46V:D60Q:R97D,0.5502121714719943,7,0.6715429911170478,0.7214643227699526
T6H:A28K:Q46V:D60Q:V106M,0.4863546647872988,9,0.6964690126525569,0.7839502405721829
T6H:A28K:Q46V:D95Q,0.3977294731396013,7,0.5374798474724047,0.4441108632115141
T6H:A28K:Q46V:I91C:T112E,0.4806181274262299,7,0.5916756048038028,0.6397637629132841
T6H:A28K:Q46V:R59N:D60Q,0.3134003863872154,9,0.5331009507285913,0.37681506757167454
T6H:A28K:Q46V:R97D:T112E,0.5972340392750126,7,0.6286564765225497,0.7025347627789273
T6H:A28K:Q46V:V106M:T112E,0.4811644080250405,9,0.6535824980580589,0.7443741876987
T6H:A28K:R59N,0.8716569745548838,7,0.6277772656513387,0.7305806595574369
T6H:A28K:R59N:D60Q,0.8484655018579635,8,0.6862870026517417,0.926819420935482
T6H:A28K:R59N:D60Q:I91C,0.7006003586868099,8,0.6631354475575539,0.9731755501183279
T6H:A28K:R59N:D95Q:T112E,0.5968968066673574,9,0.5816763980375629,0.8622351771798129
T6H:A28K:R59N:I91C:T112E,0.5766480443154771,8,0.6202489329630559,0.9098684286871398
T6H:A28K:R59N:I91C:V106M,0.6713500320616763,7,0.6433810487172192,0.9486048253704786
T6H:A28K:R59N:R97D:V106M,0.8304879580614131,7,0.6803619204359661,1.0367536632292176
T6H:A28K:R59N:R97D:V108Q,0.5988333103769987,7,0.5861280470855068,0.8006936046605804
T6H:A28K:R59N:V106M:V108Q,0.6995441626131956,7,0.6110540686210159,0.9082880271022793
T6H:A28K:R97D,0.8389261511740724,9,0.7662193060397952,0.9044952655412456
T6H:A28K:R97D:V106M,1.017137230573805,9,0.8049746441998634,1.1362104694139656
T6H:A28K:R97D:V106M:V108Q,0.9209470155407424,7,0.7494961090094724,1.147939761591097
T6H:A28K:V106M:T112E,0.9183054971512908,8,0.8067685499812093,1.111284105417086
T6H:A28K:V106M:V108Q,0.9579611935767915,9,0.7356667923849132,0.9996626448115923
T6H:A28K:V108Q:T112E,0.8703477156770628,8,0.7125346766307499,0.9794955759637722
T6H:D60Q:D95Q:R97D,1.057934098131739,9,0.7645122862613055,1.051543380308885
T6H:D60Q:D95Q:R97D:V106M,1.2054429704486862,7,0.8032676244213738,1.337687436816988
T6H:D60Q:D95Q:R97D:V108Q,0.962508499567601,9,0.7090337510709144,1.0425954458362086
T6H:D60Q:D95Q:T112E,1.066035717912918,8,0.7663061920426514,1.0238078147795773
T6H:D60Q:D95Q:V106M,1.1025096438169986,7,0.7894383077968146,1.066408809387728
T6H:D60Q:D95Q:V108Q,0.8481496582358757,7,0.6952044344463553,0.877639127281901
T6H:D60Q:I91C:D95Q:R97D,1.1253234659637303,9,0.7413607311671178,1.1671768818809782
T6H:D60Q:I91C:D95Q:V106M,1.0582575548532802,9,0.7662867527026268,1.1948491006053945
T6H:D60Q:I91C:D95Q:V108Q,0.7986518940674624,7,0.6720528793521674,0.9698957733641078
T6H:D60Q:V106M,1.238844398274237,8,0.8511623978164955,1.0403027215036746
T6H:D60Q:V106M:T112E,1.0893567627870349,7,0.8667856202224005,1.1989810453296186
T6H:D95Q:R97D:V106M,1.1633876503658946,8,0.7447578874209708,1.113664542289512
T6H:D95Q:T112E,1.0717560586925927,7,0.7077964550422483,0.8467806642570589
T6H:D95Q:V106M:V108Q,0.8955531780305155,8,0.6754500356060205,0.8975957310417355
T6H:D95Q:V106M:V108Q:T112E,0.8651054799886874,7,0.6910732580119254,1.0798048106090827
T6H:G33T,1.1695457656922692,8,0.8140027152709921,0.8888233417209003
T6H:G33T:D60Q:D95Q,1.0925082176002523,8,0.8107883622517142,1.0805459255134984
T6H:G33T:D60Q:I91C:D95Q,1.077880636720531,8,0.7876368071575265,1.2037543044824535
T6H:G33T:D60Q:I91C:R97D,1.1378026330972857,9,0.8631902138017665,1.3935225221432863
T6H:G33T:D60Q:I91C:T112E,0.98329557973231,8,0.8649841195831123,1.3872674809769028
T6H:G33T:D60Q:I91C:V108Q,0.973306081153388,7,0.7938823619868163,1.277328024141467
T6H:G33T:D60Q:R97D:V106M,1.2211746156866845,7,0.9250971070560225,1.526980193472214
T6H:G33T:D60Q:V106M,1.0876038597665374,9,0.9112677904314634,1.2815829842011615
T6H:G33T:D95Q:R97D,0.9791978915614242,9,0.7661079418758704,1.0826805655474285
T6H:G33T:D95Q:R97D:V106M,1.1709078653422147,7,0.8048632800359387,1.376111831803668
T6H:G33T:D95Q:T112E,1.0318918749687578,8,0.7679018476572163,1.0560843938696636
T6H:G33T:D95Q:V106M:V108Q,1.0090307233333058,9,0.7355554282209884,1.1518052960639105
T6H:G33T:I91C,1.1123306274244051,8,0.7908511601768043,0.9782931515711344
T6H:G33T:I91C:D95Q:V108Q,0.7381379929056043,9,0.6736485349667324,1.0317676296240854
T6H:G33T:I91C:R97D:V108Q,0.9534479585616098,8,0.7492019416109724,1.1716230729596337
T6H:G33T:I91C:V106M:T112E,0.9954055104996664,7,0.8452297207427776,1.3860619631176552
T6H:G33T:Q46C:D60Q:V108Q,0.6468031044224016,9,0.6437436139789408,0.7374780160668009
T6H:G33T:Q46C:D95Q:R97D,0.6379204822919073,9,0.5928176387738071,0.6914409209228839
T6H:G33T:Q46C:I91C,0.5675362236616348,8,0.6175608570747411,0.6295749186568036
T6H:G33T:Q46C:I91C:T112E,0.55680104846657,7,0.633184079480646,0.7413995928819783
T6H:G33T:Q46C:R59N,0.3010656101203061,8,0.5160996884050315,0.3127053988646892
T6H:G33T:Q46C:R97D,0.6232850861220666,8,0.654541728793488,0.6870098455481009
T6H:G33T:Q46C:R97D:V106M,0.6678225579683909,8,0.6932970669535563,0.8746751515509659
T6H:G33T:Q46C:T112E,0.6459588508040688,7,0.6563356345748338,0.7063547452334925
T6H:G33T:Q46C:V108Q:T112E,0.6140393474714008,9,0.6008570993844428,0.7071518608338714
T6H:G33T:Q46I:D60Q:R97D,0.53270852325756,9,0.7109114664323191,0.825649526118999
T6H:G33T:Q46I:D60Q:T112E,0.6953909974186119,8,0.7127053722136649,0.8914404328776973
T6H:G33T:Q46I:D95Q:T112E,0.4500329312951889,8,0.5924715451935809,0.6408952911669111
T6H:G33T:Q46I:I91C,0.5988634415257893,8,0.615420857713169,0.6504589351779485
T6H:G33T:Q46I:R59N:I91C,0.3342890633328486,8,0.49080813394927175,0.37834656442307446
T6H:G33T:Q46I:R59N:V106M,0.3732953805939363,8,0.5527150272035278,0.5019445704155808
T6H:G33T:Q46I:R97D:T112E,0.5470918674817313,9,0.6680249518378211,0.8076936042320152
T6H:G33T:Q46I:R97D:V106M,0.6709455885467043,8,0.6911570675919843,0.847230275689846
T6H:G33T:Q46I:V106M,0.750565948736114,8,0.6773277509674251,0.7413694813143951
T6H:G33T:Q46I:V106M:T112E,0.6846029292212037,7,0.6929509733733301,0.8622023769208051
T6H:G33T:Q46I:V108Q:T112E,0.4886144913726209,7,0.5987171000228708,0.7023350649229482
T6H:G33T:Q46R,0.9904792017552704,7,0.8015440895225321,0.838448971894783
T6H:G33T:Q46R:D60Q:I91C,0.8079199307559626,8,0.8369022714287473,1.0363348466524687
T6H:G33T:Q46R:D60Q:T112E,0.8453321689400706,9,0.87567704892884,1.1284657682823576
T6H:G33T:Q46R:I91C,0.9622642593099668,7,0.7783925344283442,0.866887844269205
T6H:G33T:Q46R:I91C:V108Q,0.7625689760943918,7,0.7229139992379532,0.8561987287303263
T6H:G33T:Q46R:R59N:T112E,0.5092989602009922,8,0.6925545881645397,0.6783270337937918
T6H:G33T:Q46R:V106M,0.9094638869280334,7,0.8402994276826004,0.9780416278978761
T6H:G33T:Q46R:V106M:T112E,0.9193899194399776,8,0.8559226500885053,1.1082294757082838
T6H:G33T:Q46R:V108Q,0.8958158578304135,9,0.746065554332141,0.8079236515152509
T6H:G33T:Q46V:D60Q,0.69849503562955,8,0.7193264003482447,0.7597891639041685
T6H:G33T:Q46V:I91C:R97D,0.6531066055489563,7,0.6514944248782131,0.7473672703165586
T6H:G33T:Q46V:I91C:V106M,0.6346162496332675,7,0.6764204464137222,0.816111596021813
T6H:G33T:Q46V:I91C:V108Q,0.5028692560781296,9,0.5821865730632628,0.6286357410289867
T6H:G33T:Q46V:R59N,0.3641888663786651,9,0.5362039395839444,0.3225898413727101
T6H:G33T:Q46V:R59N:T112E,0.4013268633053329,8,0.5518271619898494,0.43235629957683486
T6H:G33T:Q46V:R59N:V106M,0.2356140196190466,7,0.5749592777440127,0.4195984736431883
T6H:G33T:Q46V:R97D,0.620845199696232,7,0.6746459799724008,0.6874082056182377
T6H:G33T:Q46V:R97D:T112E,0.6609599081768864,8,0.6902692023783059,0.8323620042940189
T6H:G33T:Q46V:R97D:V108Q,0.4078814932013289,9,0.6191674447820098,0.6183386901650818
T6H:G33T:Q46V:T112E,0.6633262016555743,8,0.6764398857537467,0.7308616931214441
T6H:G33T:Q46V:V106M:T112E,0.6507191884066295,8,0.715195223913815,0.8640227815940777
T6H:G33T:Q46V:V106M:V108Q,0.591610932583715,9,0.6440934663175188,0.7257188728829566
T6H:G33T:Q46V:V108Q:T112E,0.6036157234465155,8,0.6209613505633556,0.7216930966144909
T6H:G33T:R59N:D60Q,1.165794372403785,9,0.7478997285074979,1.0190728915953167
T6H:G33T:R59N:D60Q:I91C,0.9712555341353096,9,0.72474817341331,1.0908166305179736
T6H:G33T:R59N:D60Q:R97D,1.092806270149999,7,0.761729045132057,1.1758648460196577
T6H:G33T:R59N:D60Q:V106M,1.14466766026427,9,0.7866550666675661,1.218207708306285
T6H:G33T:R59N:D95Q,0.9507869075869656,7,0.627665901487414,0.777433354355063
T6H:G33T:R59N:D95Q:T112E,0.796455041769852,8,0.6432891238933189,0.9608121982761635
T6H:G33T:R59N:D95Q:V108Q,0.6919028191238836,9,0.5721873662970228,0.8037529265782168
T6H:G33T:R59N:I91C:D95Q,0.6652280614686393,9,0.6045143463932261,0.8338543699765366
T6H:G33T:R59N:I91C:V106M,0.8411198910814712,8,0.7049937745729753,1.0604697467408735
T6H:G33T:R59N:V106M,0.958442318257242,8,0.728145329667163,0.9572368040520555
T6H:G33T:R97D:T112E,1.0882926711347434,9,0.8434552543014563,1.1952778977866836
T6H:G33T:R97D:V106M:V108Q,0.894036916007785,8,0.8111088348652284,1.2944320024421503
T6H:G33T:V106M:T112E,1.0926766899155094,7,0.8683812758369653,1.2199053833528266
T6H:G33T:V106M:V108Q:T112E,0.9483889006966678,9,0.8129027406465743,1.3198052150862882
T6H:G33T:V108Q:T112E,0.9617846418173206,9,0.774147402486506,1.0998611253888744
T6H:I91C:D95Q,0.9458088422029556,8,0.6690216775421556,0.7745903024404656
T6H:I91C:D95Q:R97D:T112E,1.0239331839872627,7,0.6984742165726197,1.1526610103367023
T6H:I91C:D95Q:T112E,0.8972678295724583,9,0.6846448999480605,0.9153373792271422
T6H:I91C:R97D,1.0550123558023898,7,0.7445750841863956,0.9021096647584006
T6H:I91C:R97D:T112E,1.057036966867316,8,0.7601983065923006,1.064235875957907
T6H:I91C:R97D:V108Q,0.948979830170116,9,0.6890965489960045,0.8920432700763354
T6H:I91C:T112E,1.0202843647819837,8,0.7463689899677414,0.9038454482980549
T6H:Q46C:D60Q:D95Q:T112E,0.454417443277096,8,0.5930158889405881,0.6196297741035736
T6H:Q46C:D60Q:D95Q:V106M,0.6048804063445054,9,0.6161480046947513,0.6487231708793799
T6H:Q46C:D60Q:D95Q:V108Q,0.4027039198510058,9,0.5219141313442919,0.44851347114154844
T6H:Q46C:D60Q:I91C:D95Q,0.3547272657313016,7,0.5542411114404953,0.5024500341904374
T6H:Q46C:D60Q:R97D,0.6259663396695389,8,0.6529460731789231,0.6630850238921858
T6H:Q46C:D60Q:T112E,0.6802918429739097,7,0.6547399789602689,0.6812905297260349
T6H:Q46C:D60Q:V106M:T112E,0.545756935508103,7,0.6934953171203372,0.8062847111742336
T6H:Q46C:D60Q:V108Q,0.5700798950396688,8,0.5836382213639728,0.5520461815888122
T6H:Q46C:D95Q:R97D:T112E,0.5481440525399526,7,0.5483354685647442,0.6515285857979723
T6H:Q46C:I91C:D95Q:T112E,0.4434143913279591,9,0.5113545968459973,0.4964391881880088
T6H:Q46C:I91C:D95Q:V106M,0.4980018746800034,8,0.5344867126001605,0.5599506715998205
T6H:Q46C:I91C:V106M:V108Q,0.4853350451283594,9,0.5407322674294504,0.5741667915402017
T6H:Q46C:R59N,0.3590757017986349,9,0.4559942957900636,0.21319234732367498
T6H:Q46C:R59N:I91C:V106M,0.1544416610361511,7,0.4715980788559441,0.23695656066473764
T6H:Q46C:R59N:T112E,0.2900453915864541,8,0.47161751819596864,0.27239664895476645
T6H:Q46C:R59N:V106M,0.3008593038838707,9,0.4947496339501319,0.259603437843551
T6H:Q46C:R59N:V108Q,0.2070746605915913,9,0.40051576059967253,0.1370737256820072
T6H:Q46C:R97D,0.6332828135672329,9,0.5944363361785201,0.5499766857364378
T6H:Q46C:R97D:V108Q:T112E,0.536738766290873,8,0.554581023394034,0.5779961874923079
T6H:Q46C:V106M:T112E,0.6039858639358132,8,0.6349855801199342,0.6553108475711085
T6H:Q46I:D60Q:D95Q,0.2819992446581392,9,0.5752526671731111,0.42274751463067506
T6H:Q46I:D60Q:D95Q:R97D,0.3710604113271734,9,0.5890819837976702,0.5185835140404493
T6H:Q46I:D60Q:R97D:T112E,0.46030781351505,7,0.6664292962232561,0.7207946352361152
T6H:Q46I:D60Q:V106M,0.5720374678129381,8,0.6757320953528603,0.6583044657982398
T6H:Q46I:D95Q:R97D:T112E,0.3624224854971137,7,0.5461954692031723,0.5310065548465374
T6H:Q46I:D95Q:T112E,0.3701827011729206,9,0.5323661525786131,0.4303714983597864
T6H:Q46I:I91C,0.550008900844505,7,0.5553154650982012,0.4635249151911511
T6H:Q46I:I91C:D95Q:T112E,0.2886667745800495,7,0.5092145974844253,0.42122706943983657
T6H:Q46I:I91C:V108Q:T112E,0.4921336000048427,8,0.515460152313715,0.477232705011713
T6H:Q46I:R59N,0.3070600858011494,9,0.4538542964284916,0.25915685632015406
T6H:Q46I:R59N:D60Q:D95Q,0.1717844899420817,7,0.45063994340921376,0.19119079188421062
T6H:Q46I:R59N:D60Q:I91C,0.2744003730576086,8,0.4892124783347069,0.2972644911569934
T6H:Q46I:R59N:D95Q:T112E,0.1934883684658083,9,0.40775342881471577,0.18000269178173509
T6H:Q46I:R59N:I91C:V108Q,0.1750565993098623,9,0.3752242061439128,0.09019643403350802
T6H:Q46I:R59N:R97D,0.2510732665395599,7,0.46768361305305084,0.2253606105573927
T6H:Q46I:R59N:R97D:V106M,0.284578840758008,9,0.5064389512131191,0.3507198346254825
T6H:Q46I:R59N:V106M,0.4019044679115081,9,0.49260963458855994,0.3025489666610284
T6H:Q46I:R59N:V108Q:T112E,0.3125985167857714,8,0.41399898364400556,0.2494781859261726
T6H:Q46I:R97D,0.4479051952177799,7,0.592296336816948,0.4753860823150856
T6H:Q46I:V108Q,0.3681649763448011,7,0.5229884850019979,0.3935795013798418
T6H:Q46R,0.855291135116996,8,0.7414386969075641,0.7164865735726519
T6H:Q46R:D60Q:I91C:R97D,0.6546328838299585,9,0.7906261954383386,0.9128075416225682
T6H:Q46R:D60Q:I91C:V108Q,0.6442343801705607,7,0.7213183436233883,0.7867907317135969
T6H:Q46R:D60Q:R97D:V108Q,0.5287922033368262,7,0.7582992153421352,0.8030641207156329
T6H:Q46R:D60Q:V106M,1.0206940146355064,9,0.8387037720680354,0.9370719768426132
T6H:Q46R:D60Q:V106M:V108Q,0.7431934483073191,9,0.7832252368776443,0.9241658437813843
T6H:Q46R:D60Q:V108Q,0.7382534990393365,7,0.7444698987175761,0.7647729460159707
T6H:Q46R:D95Q:R97D:V106M,0.8632730044667113,9,0.7322992616725107,0.90731755560048
T6H:Q46R:D95Q:V106M,0.7293772199892893,9,0.7184699450479515,0.7318317691794891
T6H:Q46R:D95Q:V106M:T112E,0.7780565532164572,8,0.7340931674538566,0.843874370393122
T6H:Q46R:D95Q:V106M:V108Q,0.5053384790140525,7,0.6629914098575604,0.6731887079535706
T6H:Q46R:D95Q:V108Q:T112E,0.5478097188516325,8,0.6398592941033971,0.6320408577429835
T6H:Q46R:I91C:D95Q,0.5539555870922017,7,0.6565630517936955,0.583625101943736
T6H:Q46R:I91C:D95Q:T112E,0.5513691704461644,8,0.6721862741996005,0.6897514241751644
T6H:Q46R:I91C:R97D:T112E,0.7576160541102489,9,0.7477396808438406,0.8814414944385374
T6H:Q46R:I91C:T112E,0.8203130458075646,7,0.7339103642192814,0.7707830071836225
T6H:Q46R:I91C:V106M:T112E,0.7691499566571651,9,0.7726657023793496,0.9432608676092107
T6H:Q46R:R59N:D60Q,0.4867547008680478,9,0.6753357101440698,0.5463203504076788
T6H:Q46R:R59N:D60Q:R97D,0.3850600990947354,7,0.689165026768629,0.602328579135582
T6H:Q46R:R59N:D60Q:V106M,0.5120446006218777,7,0.7140910483041382,0.6690565393811662
T6H:Q46R:R59N:D60Q:V108Q,0.4143097642634855,7,0.6198571749536788,0.5077708131919322
T6H:Q46R:R59N:D95Q:V108Q,0.1653009483125185,9,0.49962334793359486,0.19689480463878717
T6H:Q46R:R59N:I91C:R97D,0.2723411001804774,8,0.6075037346740382,0.41211029831703755
T6H:Q46R:R59N:I91C:T112E,0.458928114177177,7,0.609297640455384,0.45126802603452854
T6H:Q46R:R59N:R97D:T112E,0.43222125778212,7,0.646278512174131,0.5560141743914346
T6H:Q46R:R59N:V108Q:T112E,0.4750062755413708,7,0.5769706603591808,0.4588572785619087
T6H:Q46R:R97D:V106M:T112E,0.9491837204508556,9,0.8096465740980966,1.0383357036991863
T6H:Q46R:T112E,0.870845256097285,9,0.7570619193134691,0.7724651525981198
T6H:Q46R:V106M:T112E,0.9154346049686644,9,0.7958172574735374,0.8889231630475951
T6H:Q46R:V108Q,0.6760395940207838,8,0.685960161717173,0.6431471923935999
T6H:Q46R:V108Q:T112E,0.8540515005428121,9,0.7015833841230781,0.734671495217534
T6H:Q46V:D60Q:D95Q:T112E,0.4248850358377315,7,0.613120140119501,0.5968709911446068
T6H:Q46V:D60Q:I91C,0.6381072731004452,9,0.636069452639089,0.5836687635106156
T6H:Q46V:D60Q:I91C:T112E,0.6437042620281374,8,0.6516926750449941,0.6922992459048583
T6H:Q46V:D60Q:R97D:T112E,0.5799699785631066,8,0.688673546763741,0.7776530396004496
T6H:Q46V:D60Q:V106M,0.6272080154878845,7,0.697976345893345,0.692470730464094
T6H:Q46V:D60Q:V108Q,0.5274678922976335,7,0.6037424725428857,0.5389974661627097
T6H:Q46V:D95Q:R97D:V106M,0.6035245455989442,7,0.5915718354978203,0.6654691466511028
T6H:Q46V:D95Q:V106M,0.595193300731831,9,0.5777425188732612,0.5069802612734138
T6H:Q46V:D95Q:V108Q,0.2842292635239028,7,0.4835086455228018,0.3050099902707535
T6H:Q46V:I91C:D95Q,0.4199984514451041,9,0.5158356256190051,0.38009549248216545
T6H:Q46V:I91C:D95Q:V106M,0.4797744285288424,7,0.5545909637790734,0.5381661007986752
T6H:Q46V:I91C:D95Q:V108Q,0.2776652739916425,7,0.460357090428614,0.30001218466055557
T6H:Q46V:I91C:V106M:T112E,0.6106623354626535,9,0.6319382762046593,0.6993509897249163
T6H:Q46V:I91C:V106M:V108Q,0.4757578353087013,8,0.5608365186083631,0.5650283749807001
T6H:Q46V:I91C:V108Q,0.5914198229711806,8,0.5220811804482949,0.42506102841648674
T6H:Q46V:R59N:D60Q,0.3398997523133062,7,0.5346082839693795,0.29995506392640875
T6H:Q46V:R59N:D60Q:R97D,0.2951465086171775,9,0.5484376005939386,0.3389663916110101
T6H:Q46V:R59N:D60Q:T112E,0.3440213679911049,8,0.5502315063752845,0.40359124359082155
T6H:Q46V:R59N:D95Q:V106M,0.1800761369095352,7,0.4531297951093639,0.14704722306932483
T6H:Q46V:R59N:T112E,0.2624550627453563,9,0.4917217693748815,0.2612258386061504
T6H:Q46V:R59N:V108Q:T112E,0.1928087013671564,7,0.4362432341844904,0.2106872286556168
T6H:Q46V:R97D:T112E,0.5673772161066218,7,0.630163809763338,0.6237114350526856
T6H:Q46V:R97D:V106M:T112E,0.6065707252398699,7,0.6689191479234062,0.7891217927782308
T6H:Q46V:R97D:V106M:V108Q,0.3617897580089784,8,0.5978173903271101,0.5804147403037982
T6H:Q46V:T112E,0.6449982268362046,9,0.6163344931387789,0.5732629091716119
T6H:Q46V:V106M:V108Q:T112E,0.5154392010383421,7,0.599611296108456,0.6318109473739255
T6H:R59N,1.0024786717711636,9,0.629284598892127,0.6520749259815259
T6H:R59N:D60Q,1.111755738600028,8,0.6877943358925299,0.8139787963512816
T6H:R59N:D60Q:D95Q,0.8788249083642611,9,0.6260702458728491,0.7722400778240754
T6H:R59N:D60Q:D95Q:R97D,0.9866635425475636,9,0.6398995624974082,0.9549134504066239
T6H:R59N:D60Q:R97D:V108Q,0.877867829226279,8,0.646145117326698,0.9246062099247087
T6H:R59N:D60Q:T112E,1.0598368810262404,9,0.7034175582984349,0.9617465384651914
T6H:R59N:D60Q:V108Q:T112E,1.0239412043117984,7,0.6479390231080439,1.0265347018519813
T6H:R59N:D95Q,0.7839924308573472,8,0.567560508872446,0.6022240175858597
T6H:R59N:D95Q:R97D:T112E,0.8759447129464233,9,0.5970130479029102,0.9254492213022316
T6H:R59N:D95Q:V106M,0.830616332924826,8,0.6063158470325143,0.7544010683591105
T6H:R59N:D95Q:V106M:T112E,0.7374832423703153,9,0.6219390694384193,0.9167370413366436
T6H:R59N:D95Q:V108Q:T112E,0.6798071700510764,7,0.52770519608796,0.7570280268648067
T6H:R59N:I91C,0.9920278495470382,9,0.6061330437979391,0.6485000809668298
T6H:R59N:I91C:D95Q:R97D,0.7802266870555494,8,0.5582382704028175,0.7876826277896883
T6H:R59N:I91C:D95Q:T112E,0.5502935314602921,7,0.5600321761841632,0.7642767894752609
T6H:R59N:I91C:D95Q:V108Q,0.5542540307524437,8,0.4889304185878671,0.6111988117442193
T6H:R59N:I91C:V106M:T112E,0.7354472438853822,8,0.6605116043639124,0.965028338101976
T6H:R59N:I91C:V106M:V108Q,0.8179411472964954,9,0.5894098467676163,0.8543265677855079
T6H:R59N:R97D:V106M,0.944838322172677,7,0.6818692536767543,0.9007076457487472
T6H:R59N:R97D:V106M:V108Q,0.7599676609443055,7,0.6263907184863633,0.8993365450924254
T6H:R97D,1.172593751588768,7,0.7677266392805834,0.8202147323050283
T6H:V106M:V108Q,1.1908543489518288,7,0.7371741256257014,0.8919929645834659
T6S:A28H,1.3884485706599623,7,1.0588589727153268,1.1379045788560622
T6S:A28H:D60Q:D95Q:V106M,1.1867242742535726,7,1.0943999578561172,1.5805992273958627
T6S:A28H:D60Q:I91C:R97D,1.2458424238639008,8,1.1080464712461011,1.6190980486468094
T6S:A28H:D60Q:I91C:T112E,1.1699227730808697,7,1.109840377027447,1.5991865104896257
T6S:A28H:D95Q:V106M,1.2921786616024802,8,1.0358902208557141,1.3324899811356283
T6S:A28H:D95Q:V106M:T112E,1.277286876388178,7,1.051513443261619,1.5090407368751675
T6S:A28H:G33T:D60Q:D95Q,1.190831650134747,8,1.115750012311017,1.6112474085106931
T6S:A28H:G33T:D95Q:V106M,1.2328331076858328,9,1.095995613470682,1.5942641483253384
T6S:A28H:G33T:D95Q:V108Q,0.9506813911698332,7,1.0017617401202226,1.4026473785317053
T6S:A28H:G33T:I91C:D95Q,1.2394732984532664,7,1.034088720216426,1.465463677398096
T6S:A28H:G33T:I91C:T112E,1.2520915183544732,9,1.1114360326420119,1.619312340913111
T6S:A28H:G33T:Q46C:D95Q,0.8389991097752578,9,0.8839499722085504,0.9820909776791591
T6S:A28H:G33T:Q46C:T112E,1.1248782057176028,7,0.9612972846341363,1.149469948517424
T6S:A28H:G33T:Q46I:D60Q,1.0977839635714337,7,1.0020437998670624,1.286887042421016
T6S:A28H:G33T:Q46I:D95Q,1.0570175355196438,9,0.8818099728469785,1.0043779279252139
T6S:A28H:G33T:Q46R:I91C,1.1788591805826374,9,1.0833541844876469,1.296372645020397
T6S:A28H:G33T:Q46R:R97D,1.2156154823874668,7,1.1203350562063936,1.3646870927494748
T6S:A28H:G33T:Q46V,1.0672464011156328,7,0.9657783134071443,1.0938039759031049
T6S:A28H:G33T:Q46V:D60Q,1.0839193458040528,8,1.0242880504075473,1.2869725400173926
T6S:A28H:G33T:R59N:D95Q,1.0174559097943814,9,0.9326275515467165,1.2495786259466684
T6S:A28H:G33T:R59N:T112E,1.1432904735696123,7,1.0099748639723023,1.4302950027891281
T6S:A28H:G33T:R97D:T112E,1.2634585733156274,7,1.1484169043607588,1.7065208293131406
T6S:A28H:G33T:R97D:V106M,1.324763381325675,8,1.1715490201149221,1.7696562191886853
T6S:A28H:G33T:V108Q,1.2270160452616343,8,1.0634858301399035,1.389315373158703
T6S:A28H:G33T:V108Q:T112E,1.1800625790442985,7,1.0791090525458085,1.5929739003727972
T6S:A28H:I91C:D95Q:T112E,1.2167342119674536,7,0.9896065500073631,1.3732538937126235
T6S:A28H:I91C:R97D,1.27941292687983,7,1.049536734245698,1.3509400801679183
T6S:A28H:Q46C,0.9440947450027912,7,0.8855686696132634,0.8920647567728559
T6S:A28H:Q46C:D60Q:T112E,0.9919150208992632,9,0.9597016290195715,1.1441743223790017
T6S:A28H:Q46C:D60Q:V108Q,0.8759500662120874,8,0.8885998714232753,1.0138820301172928
T6S:A28H:Q46C:D95Q,0.8007712625035992,8,0.8238445795935826,0.8189792995084673
T6S:A28H:Q46C:D95Q:V106M,0.7687494851034117,8,0.8625999177536509,0.9540179585505612
T6S:A28H:Q46C:I91C:R97D,0.8089331820250749,9,0.8762464311436349,0.9844520356052784
T6S:A28H:Q46C:R97D:V106M,1.1901455242149996,7,0.9381533243978909,1.131610497977918
T6S:A28H:Q46I:D60Q,1.021442497369924,8,0.9419384072520944,1.043725898036258
T6S:A28H:Q46I:D60Q:D95Q,0.8922795204301306,7,0.8802143172324136,0.9297292607112155
T6S:A28H:Q46I:D95Q:R97D,0.9274263975215492,8,0.8355338968565698,0.887846253210436
T6S:A28H:Q46I:I91C,0.9602275016384222,7,0.8602771151575037,0.892044644262364
T6S:A28H:Q46I:R59N,0.6495229688985009,9,0.7588159464877942,0.681414079501094
T6S:A28H:Q46I:R97D,0.9329033545812626,7,0.8972579868762507,0.9330218769542304
T6S:A28H:Q46I:R97D:V108Q,0.7293572860560987,7,0.8417794516858595,0.8285414520741561
T6S:A28H:Q46I:V106M:V108Q,0.7731733725088917,7,0.8667054732213686,0.947001556587248
T6S:A28H:Q46I:V108Q,0.9141755235957636,7,0.8279501350613003,0.8330851394764524
T6S:A28H:Q46R:D60Q:I91C,1.0660043731461744,9,1.081758528873082,1.2562015015648569
T6S:A28H:Q46R:D95Q:V108Q,1.0001995876861207,9,0.9291977217567947,0.9272960899551166
T6S:A28H:Q46R:I91C:D95Q,0.992216236647565,9,0.961524701852998,0.9888995512218841
T6S:A28H:Q46R:I91C:V106M,1.2673036151021817,8,1.0620041300327472,1.2530059054867067
T6S:A28H:Q46R:R59N,1.072624341055359,8,0.9217876232029694,0.7963993242462988
T6S:A28H:Q46R:R59N:R97D,0.8057008581497003,8,0.9356169398275286,0.853316264759576
T6S:A28H:Q46R:R59N:T112E,0.9260706507155944,7,0.9374108456088743,0.8979379204510769
T6S:A28H:Q46R:R59N:V106M,0.8663466376756785,8,0.9605429613630376,0.9105724764716138
T6S:A28H:Q46R:T112E,1.2104040838563577,7,1.0620235693727718,1.1636051435321408
T6S:A28H:Q46R:V106M:T112E,1.0948790552975658,7,1.10077890753284,1.3139307519596113
T6S:A28H:Q46R:V108Q,1.0870759260037215,8,0.9909218117764755,1.0332392392031344
T6S:A28H:Q46R:V108Q:T112E,1.044240295930088,7,1.0065450341823805,1.1546509419977267
T6S:A28H:Q46V:D60Q,1.0393226227082686,9,0.9641826577925793,1.0699847638064521
T6S:A28H:Q46V:D60Q:I91C,1.0618260949798548,7,0.9410311026983915,1.0783270234775584
T6S:A28H:Q46V:D60Q:V106M,1.0102403534003912,9,1.0029379959526477,1.203143041588258
T6S:A28H:Q46V:I91C:D95Q,0.6478113655727983,7,0.8207972756783076,0.8307748116070293
T6S:A28H:Q46V:I91C:T112E,0.9103779522531662,9,0.8981445881038935,1.0142863033519844
T6S:A28H:Q46V:R97D:T112E,0.9923267315240352,9,0.9351254598226405,1.107225908222128
T6S:A28H:Q46V:V108Q:T112E,0.8479092216842176,7,0.8658176080076903,0.9866645684920472
T6S:A28H:R59N,1.39653059889552,9,0.9342462489514294,1.0476732231120647
T6S:A28H:R59N:D60Q:D95Q,1.2886785278959636,7,0.9310318959321515,1.2641539387847158
T6S:A28H:R59N:D60Q:T112E,1.2785666807402618,9,1.0083792083577374,1.4573794879024786
T6S:A28H:R59N:D95Q:R97D,1.167704338612236,8,0.8863514755563078,1.2075727105783325
T6S:A28H:R59N:D95Q:T112E,1.1537569259948095,7,0.8881453813376535,1.189630800237915
T6S:A28H:R59N:I91C:V108Q,1.1437287154393234,7,0.8556161586668506,1.1065242285859254
T6S:A28H:R59N:R97D:V108Q,1.0258383745905837,7,0.8925970303855975,1.154703007709672
T6S:A28H:R59N:T112E,1.245511027390757,8,0.9498694713573345,1.1838325738720912
T6S:A28H:R59N:V106M:T112E,1.138211479117313,8,0.9886248095174027,1.3512697082812697
T6S:A28H:R59N:V108Q,1.2374526383058042,9,0.8787677137610383,1.0724093219391941
T6S:A28H:R97D,1.2370879358259377,7,1.072688289339886,1.251191600893772
T6S:A28H:R97D:V106M:V108Q,1.2252427534974382,7,1.0559650923095631,1.5096062152248597
T6S:A28H:R97D:V108Q,1.0311503774336668,7,1.0172097541494947,1.250128457217225
T6S:A28H:V106M,1.303904351427693,9,1.0976143108753948,1.2883277716260233
T6S:A28H:V106M:V108Q,1.2661657755183373,7,1.0421357756850038,1.3387072746076705
T6S:A28H:V106M:V108Q:T112E,1.3198107745238874,8,1.0577589980909088,1.5213229308781973
T6S:A28H:V108Q,1.326685920703331,9,1.0033804375249356,1.1611966303272518
T6S:A28H:V108Q:T112E,1.347128023590071,8,1.0190036599308407,1.3172290876770925
T6S:A28K:D60Q,1.235271466448859,7,1.0737293449377037,1.2383818139208045
T6S:A28K:D60Q:R97D:V106M,1.2797970531240344,7,1.1263139997223313,1.6543135835989506
T6S:A28K:D60Q:T112E,1.271488530582341,8,1.0893525673436086,1.3959150131915274
T6S:A28K:D60Q:V108Q,1.1528538607708554,7,1.0182508097473126,1.281680715526495
T6S:A28K:D60Q:V108Q:T112E,1.1441138976629073,8,1.0338740321532176,1.4747596385956843
T6S:A28K:D95Q:R97D,1.1696606105592011,7,0.967324834542179,1.2539155812645322
T6S:A28K:D95Q:R97D:T112E,0.9461166184838314,8,0.982948056948084,1.4502937701585004
T6S:A28K:D95Q:R97D:V106M,0.9644184866302232,7,1.0060801727022473,1.5182605963100795
T6S:A28K:D95Q:T112E,1.1525878677171637,8,0.9691187403235249,1.214214676462631
T6S:A28K:D95Q:V106M:V108Q,0.9518941048104578,7,0.936772320887297,1.2757237715187606
T6S:A28K:G33T:D95Q,1.060903221137319,8,1.0136009105325878,1.279270028520576
T6S:A28K:G33T:I91C:T112E,0.985272324787574,8,1.0677966678639859,1.534801071361908
T6S:A28K:G33T:I91C:V106M,1.1917626665830932,9,1.0909287836181492,1.5933955561189865
T6S:A28K:G33T:I91C:V108Q,1.14134085315524,7,0.9966949102676897,1.4230740442514893
T6S:A28K:G33T:Q46C,0.993676553754836,9,0.9020346974502054,0.9584379699128899
T6S:A28K:G33T:Q46C:D60Q,1.0602464967547562,8,0.9605444344506083,1.134548807720538
T6S:A28K:G33T:Q46C:R59N,0.8964646511822085,9,0.777421973686308,0.6919167279616525
T6S:A28K:G33T:Q46C:V106M,1.0035415567252943,9,0.9407900356102736,1.0847677554521509
T6S:A28K:G33T:Q46I,1.2088189090363834,9,0.8998946980886333,1.0868410301425215
T6S:A28K:G33T:Q46I:D60Q,1.1340084934980894,8,0.9584044350890364,1.2562727068891308
T6S:A28K:G33T:Q46I:V106M,1.0232037496421067,7,0.9386500362487016,1.210151835502781
T6S:A28K:G33T:Q46R:R59N,1.1281571705148925,8,0.9382536510399113,0.9674200094378475
T6S:A28K:G33T:Q46V,1.0871570183950907,8,0.9221389486291182,1.0356514824569072
T6S:A28K:G33T:Q46V:R59N,0.6064207783481442,8,0.797526224865221,0.757443821834519
T6S:A28K:G33T:R59N,1.1933221793978874,7,0.9507122767883713,1.19003721655972
T6S:A28K:G33T:R59N:R97D,1.114790819556422,7,0.9645415934129304,1.3427367932975782
T6S:A28K:G33T:R59N:V106M,1.186213878848464,7,0.9894676149484396,1.367372991808133
T6S:A28K:G33T:R59N:V108Q,1.049662264712035,9,0.8952337415979802,1.2442484297135041
T6S:A28K:G33T:R97D:V106M,1.3693971528039377,9,1.1279096553368961,1.670567450196945
T6S:A28K:G33T:R97D:V108Q,0.9195462839184156,9,1.0336757819864366,1.430107274589955
T6S:A28K:G33T:V108Q,1.1977663425553768,9,1.0198464653618775,1.2951247518803375
T6S:A28K:I91C:D95Q:T112E,1.1385737994821157,8,0.9459671852293371,1.3014146691129787
T6S:A28K:I91C:R97D:V106M,1.2862431711856266,8,1.0446527076277403,1.5425339379527592
T6S:A28K:I91C:T112E,1.1351611442828402,7,1.007691275249018,1.2525651211821232
T6S:A28K:Q46C:D60Q:V106M,0.7631483003165391,9,0.9391943799957087,1.0620776863099395
T6S:A28K:Q46C:D60Q:V108Q,0.6382692935143996,7,0.8449605066452494,0.9143187475018802
T6S:A28K:Q46C:D95Q,0.7378434648055276,7,0.7802052148155565,0.7616645201128418
T6S:A28K:Q46C:D95Q:T112E,0.7232397018535306,8,0.7958284372214616,0.8601151021682252
T6S:A28K:Q46C:I91C:R97D,0.7169978550404629,8,0.8326070663656088,0.9117365920895296
T6S:A28K:Q46C:R59N:D95Q,0.4059396949020771,7,0.6555924910516593,0.45895750799224627
T6S:A28K:Q46C:R59N:T112E,0.5660801365385508,9,0.7329398034772452,0.628150128893941
T6S:A28K:Q46C:R97D:V108Q,0.6457628889947215,8,0.8002800862694055,0.7998729093240857
T6S:A28K:Q46C:V106M:T112E,0.7707555729250155,9,0.8963078654012107,0.9957255706430216
T6S:A28K:Q46I:D60Q:D95Q,0.7920818875381543,8,0.8365749524543876,0.9117869701308884
T6S:A28K:Q46I:D60Q:T112E,0.9412147324381154,8,0.9139222648799734,1.128151794459651
T6S:A28K:Q46I:D60Q:V106M,1.006352245855144,7,0.9370543806341367,1.1306178975602965
T6S:A28K:Q46I:D95Q,0.837242026915375,9,0.7780652154539845,0.7908795026741257
T6S:A28K:Q46I:D95Q:R97D,0.8625321029817404,9,0.7918945320785438,0.8826231243974172
T6S:A28K:Q46I:D95Q:T112E,0.6407708717912286,8,0.7936884378598896,0.8924220271285399
T6S:A28K:Q46I:D95Q:V108Q,0.5279630542048757,9,0.7225866802635935,0.6850241949115989
T6S:A28K:Q46I:I91C:T112E,0.7740391242180223,9,0.8322609727853827,0.9741516513983527
T6S:A28K:Q46I:I91C:V106M,0.9281524161430992,8,0.855393088539546,1.0110358411350036
T6S:A28K:Q46I:R59N:D95Q,0.5487278025859099,9,0.6534524916900872,0.5608084290182952
T6S:A28K:Q46I:R97D:V106M,0.8478373178301202,8,0.8923739602582929,1.0721695172466255
T6S:A28K:Q46I:V106M:T112E,0.7044685184592807,9,0.8941678660396387,1.0740368853534483
T6S:A28K:Q46I:V108Q:T112E,0.7719258663383275,7,0.7999339926891793,0.91594227314007
T6S:A28K:Q46R,1.0230019030701132,7,1.0027609821888406,1.039990541660954
T6S:A28K:Q46R:D60Q:I91C,1.056096001083628,8,1.0381191640950558,1.2015223583101213
T6S:A28K:Q46R:D60Q:R97D,1.0575330923320445,8,1.0751000358138028,1.285312392537132
T6S:A28K:Q46R:I91C:V108Q,0.8985833083015349,9,0.9241308919042618,0.9982820870231471
T6S:A28K:Q46R:R59N:V106M,0.736133632472891,7,0.9169035965850116,0.8839671580825419
T6S:A28K:Q46R:R97D:V106M,1.1877591340457967,7,1.0553456369734682,1.2910180523414867
T6S:A28K:Q46R:R97D:V108Q,0.8963708025788897,9,0.9611117636230087,1.016350466868388
T6S:A28K:Q46R:T112E,1.0475028361719787,8,1.0183842045947458,1.1214071950518874
T6S:A28K:Q46R:V106M,1.2175430760578096,7,1.0415163203489088,1.150496946453355
T6S:A28K:Q46R:V108Q,0.9869405248013904,7,0.9472824469984495,0.9821516698552086
T6S:A28K:Q46V:D95Q,0.8108993366688264,8,0.8003094659944694,0.7922748267424666
T6S:A28K:Q46V:I91C,0.8542559172017828,9,0.8388820009199625,0.8613841891687191
T6S:A28K:Q46V:I91C:R97D,0.7601906857799491,7,0.8527113175445217,0.9461543406168728
T6S:A28K:Q46V:I91C:V106M,0.8597641114396765,7,0.8776373390800307,0.9948956774860871
T6S:A28K:Q46V:R59N:R97D,0.5308659593408391,7,0.7512501488748122,0.6199624572029526
T6S:A28K:Q46V:R97D:V106M,0.8864559279962809,7,0.9146182107987777,1.0777986880341597
T6S:A28K:R59N:D60Q,1.0549341630886897,7,0.9491166211738065,1.2070144684174182
T6S:A28K:R59N:D60Q:R97D,1.1128031582906208,9,0.9629459377983656,1.3547231604671073
T6S:A28K:R59N:D60Q:T112E,1.1624614455435196,8,0.9647398435797114,1.3802202848967933
T6S:A28K:R59N:D60Q:V108Q,1.11096877802451,7,0.8936380859834153,1.2517574173790482
T6S:A28K:R59N:D95Q,0.9993327006569694,9,0.8288827941537226,0.9801903055568395
T6S:A28K:R59N:D95Q:V106M,1.162711487052325,7,0.8676381323137908,1.152998949593702
T6S:A28K:R59N:I91C,1.1478214270467042,8,0.8674553290792156,1.0077520296163056
T6S:A28K:R59N:I91C:V106M,1.132250803497459,8,0.9062106672392839,1.1913898103665272
T6S:A28K:R59N:R97D:T112E,1.207024140319935,9,0.9200594232038676,1.2769013712322366
T6S:A28K:R97D:T112E,1.183247070655851,7,1.044672146967765,1.3337189416867055
T6S:A28K:T112E,1.2897635514483137,9,1.0308428303432058,1.1745730514405441
T6S:A28K:V106M,1.1526707895880683,8,1.053974946097369,1.195722831549941
T6S:A28K:V106M:T112E,1.2198348063016549,7,1.069598168503274,1.3383434384168087
T6S:A28K:V106M:V108Q:T112E,1.2036505620452145,9,1.0141196333128828,1.4109297187240566
T6S:A28K:V108Q:T112E,1.2110519689142192,9,0.9753642951528146,1.220071880237335
T6S:D60Q:D95Q,1.2156039926872308,8,1.013512588158811,1.1652819756870731
T6S:D60Q:D95Q:R97D,1.165073574529122,8,1.0273419047833703,1.3722142237549448
T6S:D60Q:D95Q:V106M:T112E,1.3053393771652757,7,1.0678911487247844,1.539971822407963
T6S:D60Q:D95Q:V106M:V108Q,1.1887263893556248,8,0.9967893911284882,1.4003487977474656
T6S:D60Q:I91C,1.3565469406788189,7,1.052085123084304,1.2186936886217006
T6S:D60Q:I91C:D95Q:V108Q,0.9785842888646494,8,0.9348824978742322,1.2671449013209288
T6S:D60Q:I91C:R97D,1.2781451487489237,7,1.0659144397088633,1.3919057935704036
T6S:D60Q:I91C:R97D:T112E,1.1995339553496769,8,1.0815376621147683,1.5904424550309577
T6S:D60Q:I91C:R97D:V108Q,1.126732703623191,7,1.010435904518472,1.4161412646796183
T6S:D60Q:I91C:V106M,1.3712266257044743,7,1.0908404612443725,1.4211388660260211
T6S:D60Q:I91C:V108Q,1.2107301871617662,7,0.996606587893913,1.2672843548786519
T6S:D60Q:I91C:V108Q:T112E,1.154152844324727,8,1.012229810299818,1.4505067824573636
T6S:D60Q:R97D:V106M,1.3528682004779164,7,1.1278213329631193,1.5206297063698277
T6S:D60Q:R97D:V106M:V108Q,1.2511434100172605,9,1.0723427977727282,1.5521164241488465
T6S:D60Q:R97D:V108Q,1.153207740883954,7,1.03358745961266,1.296636531482966
T6S:D60Q:R97D:V108Q:T112E,1.1764958778764285,8,1.049210682018565,1.5100519968035044
T6S:D60Q:T112E,1.3342182111925052,8,1.0908599005843969,1.289248004438005
T6S:D60Q:V106M,1.3495296809081891,7,1.1139920163385602,1.3086635480244486
T6S:D60Q:V106M:V108Q,1.3341877603113586,7,1.0585134811481691,1.364505460951204
T6S:D60Q:V108Q,1.2345200328492625,7,1.0197581429881009,1.1909926820125392
T6S:D95Q,1.2503141552873718,9,0.955002851158408,1.0116585064004608
T6S:D95Q:R97D:V108Q,1.0455144867185389,7,0.9133536325925761,1.1311921919688726
T6S:D95Q:V106M:V108Q,1.0910848986358663,7,0.9382796541280851,1.17094889712732
T6S:D95Q:V106M:V108Q:T112E,1.04587126840514,8,0.9539028765339902,1.3480726356311736
T6S:G33T:D60Q:R97D:T112E,1.2904062987968046,9,1.164794609823924,1.7494379562083142
T6S:G33T:D60Q:R97D:V108Q,1.0950396305174783,8,1.093692852227628,1.57115547189007
T6S:G33T:D60Q:V108Q:T112E,1.1717366584365934,9,1.0954867580089738,1.6246414146326258
T6S:G33T:D95Q,1.2130584861421598,8,1.0151082437733758,1.1624268422417119
T6S:G33T:D95Q:T112E,1.2379647333258397,7,1.0307314661792808,1.3250477278906663
T6S:G33T:D95Q:V106M,1.154301963969411,8,1.053863581933444,1.3613300926808096
T6S:G33T:D95Q:V106M:T112E,1.1572367619576456,9,1.0694868043393493,1.5505341772504506
T6S:G33T:D95Q:V106M:V108Q,1.0674740168074115,8,0.9983850467430531,1.4142491382423952
T6S:G33T:I91C,1.2263754345177411,9,1.053680778698869,1.2234563958787734
T6S:G33T:I91C:D95Q:T112E,1.1642653512305623,9,1.0075799110850931,1.4376353302808256
T6S:G33T:I91C:D95Q:V108Q,1.1081675310944834,8,0.936478153488797,1.3000153235851708
T6S:G33T:I91C:R97D,1.1475094685566507,9,1.0675100953234282,1.4016593855156458
T6S:G33T:I91C:V106M,1.0387294665781208,7,1.0924361168589374,1.4331887830312309
T6S:G33T:I91C:V106M:V108Q,1.2268447623728935,7,1.0369575816685461,1.5183351649907932
T6S:G33T:Q46C,1.0701819868227764,7,0.9035420306909935,0.8998561830269839
T6S:G33T:Q46C:D60Q,1.0995212648283652,8,0.9620517676913964,1.0416321298263425
T6S:G33T:Q46C:D60Q:R97D,1.1432657992937985,8,0.9758810843159557,1.177126619396803
T6S:G33T:Q46C:D60Q:T112E,1.0725545070725129,7,0.9776749900973015,1.169200334374083
T6S:G33T:Q46C:D60Q:V106M,1.146742014214237,8,1.0008071058514647,1.1772000547382326
T6S:G33T:Q46C:D95Q:T112E,0.9867228992053784,7,0.8574411630772176,0.9650356719122686
T6S:G33T:Q46C:I91C:T112E,0.8185730080094558,8,0.8960136980027107,1.014216393591343
T6S:G33T:Q46C:I91C:V106M,0.9125576110452228,7,0.919145813756874,1.0566342005914984
T6S:G33T:Q46C:R59N,0.5703352392901694,7,0.7789293069270962,0.6147619521850315
T6S:G33T:Q46C:V106M,0.9837601168156618,7,0.9422973688510617,0.992993473212707
T6S:G33T:Q46C:V106M:V108Q,0.7910351104403996,7,0.8868188336606707,0.986288385708991
T6S:G33T:Q46C:V108Q,0.8773084279414866,7,0.8480634955006024,0.8660636440128107
T6S:G33T:Q46C:V108Q:T112E,0.8999975438526291,8,0.8636867179065074,0.9876817810344759
T6S:G33T:Q46I:D60Q:D95Q,0.9997167046198988,7,0.8981876783101437,1.0441612521111203
T6S:G33T:Q46I:D60Q:I91C,0.9812028627369694,8,0.9367602132356367,1.1649884416399947
T6S:G33T:Q46I:D95Q:V108Q,0.7472361520868974,8,0.7841994061193496,0.8233665893519412
T6S:G33T:Q46I:I91C:R97D,1.0763762623335331,7,0.8920797928597929,1.090088485036325
T6S:G33T:Q46I:I91C:V108Q,1.0062448885834734,9,0.8227719410448426,0.9600026589373005
T6S:G33T:Q46I:R59N:D60Q,0.8170815478521481,8,0.8352990445659273,0.957472588440219
T6S:G33T:Q46I:R59N:R97D,0.6525680044985707,9,0.7906186241900834,0.8227673755562275
T6S:G33T:Q46I:R97D,1.1527258095262576,7,0.9152313479539806,1.0418638090529102
T6S:G33T:Q46I:R97D:V108Q,0.9782210954684206,7,0.8597528127635896,0.9523140583100982
T6S:G33T:Q46I:V106M:V108Q,0.9898827772077964,9,0.8846788342990987,1.0523605999609502
T6S:G33T:Q46I:V108Q,0.8306334991303743,7,0.8459234961390304,0.9351548384437719
T6S:G33T:Q46R:D95Q:T112E,1.0174340593628874,8,1.0182728404308208,1.1961974379068046
T6S:G33T:Q46R:D95Q:V106M,1.1434071773015029,9,1.041404956184984,1.2404197739890188
T6S:G33T:Q46R:D95Q:V108Q,0.890879754166332,9,0.9471710828345248,1.0262369240601565
T6S:G33T:Q46R:I91C:D95Q,1.0125241922363937,7,0.979498062930728,1.0990870517889635
T6S:G33T:Q46R:R59N:D60Q,0.903584523711051,7,0.9982707212811024,1.074528939187776
T6S:G33T:Q46R:R59N:R97D,0.923398975678389,8,0.9535903009052586,0.9556556196674899
T6S:G33T:Q46R:R97D,1.1315839705295228,8,1.0782030246691559,1.2242956037461923
T6S:G33T:Q46R:R97D:V108Q,0.986551680774984,8,1.0227244894787648,1.170371157402838
T6S:G33T:Q46R:T112E,0.9931734127574414,9,1.0799969304505017,1.2375569226710244
T6S:G33T:Q46R:V108Q,1.1838485201105895,8,1.0088951728542057,1.109468363649179
T6S:G33T:Q46V,1.1446555515743255,8,0.9236462818699064,0.9700181536492141
T6S:G33T:Q46V:D60Q:V106M,1.1025031742844429,9,1.0209113570303776,1.2475791977042354
T6S:G33T:Q46V:D95Q:V108Q,0.6304867944934698,7,0.8064436566598344,0.840883157016016
T6S:G33T:Q46V:I91C:R97D,1.1080939338817108,8,0.9143240434002777,1.0914812558983034
T6S:G33T:Q46V:I91C:T112E,1.0185451231392435,7,0.9161179491816236,1.0896825275801305
T6S:G33T:Q46V:I91C:V106M,1.097425503124077,8,0.9392500649357869,1.1300439451478042
T6S:G33T:Q46V:R59N:D60Q,0.8519554286801281,9,0.8575432951064121,0.8488356270431825
T6S:G33T:Q46V:R97D:T112E,1.0247101743732685,9,0.9530988209003706,1.1781476991195952
T6S:G33T:Q46V:R97D:V108Q,0.8802976839427971,8,0.8819970633040745,0.9701657952380661
T6S:G33T:Q46V:T112E,1.0800618474420671,9,0.9392695042758114,1.059026653581193
T6S:G33T:Q46V:V106M,1.2018009098906044,8,0.9624016200299746,1.0640351411112354
T6S:G33T:R59N:D60Q:T112E,1.3945625196961715,9,1.0263525694354676,1.4967911284537445
T6S:G33T:R59N:D60Q:V106M,1.175082298757758,8,1.049484685189631,1.4930565721601172
T6S:G33T:R59N:D95Q:T112E,1.1673754484312648,7,0.9061187424153836,1.2471728935373243
T6S:G33T:R59N:I91C,1.168758407939588,9,0.9290680549349717,1.1103063203277563
T6S:G33T:R59N:R97D,1.113601072045433,7,0.9660489266537187,1.1982020661092139
T6S:G33T:R59N:R97D:V106M,1.2217735588492502,9,1.004804264813787,1.4243124597313046
T6S:G33T:R59N:R97D:V108Q,1.0004149344900062,9,0.9105703914633276,1.2135136439258691
T6S:G33T:R59N:V106M,1.3394612587716694,9,0.9909749481892278,1.213993557817252
T6S:G33T:R59N:V106M:V108Q,1.0165011527683263,9,0.9354964129988367,1.2807477822921007
T6S:G33T:R97D,1.3489722508165027,7,1.090661650417616,1.275733565642198
T6S:G33T:R97D:V108Q,1.075690996174376,9,1.0351831152272248,1.2896010961029134
T6S:G33T:V106M,1.2047402976922654,7,1.115587671953125,1.2944561735122093
T6S:G33T:V106M:T112E,1.2202270817870873,8,1.13121089435903,1.4541794348143713
T6S:G33T:V106M:V108Q:T112E,1.0608870070194627,8,1.075732359168639,1.555035335731747
T6S:G33T:V108Q,1.1431798914847908,9,1.0213537986026657,1.1789663619443174
T6S:I91C,1.237908460241564,8,0.9935753860839011,1.048651762993596
T6S:I91C:D95Q:T112E,1.1023010310144723,8,0.9474745184701252,1.1884529868479194
T6S:I91C:D95Q:V106M:V108Q,0.9858305539731717,7,0.9151280990338974,1.2879376966683622
T6S:I91C:D95Q:V108Q,1.006079451497996,7,0.8763727608738291,1.0556449892169983
T6S:I91C:R97D,1.173037012678242,8,1.0074047027084603,1.1758029673389672
T6S:I91C:R97D:V106M,1.253622861923998,8,1.0461600408685285,1.417784623744336
T6S:I91C:R97D:V108Q,1.1390190625719936,8,0.9519261675180691,1.1666926418408161
T6S:I91C:R97D:V108Q:T112E,1.105730762935945,9,0.9675493899239742,1.3592792357752947
T6S:I91C:V106M:V108Q,1.147015969769536,8,0.9768521890535783,1.2509986268317919
T6S:I91C:V106M:V108Q:T112E,1.105440753460739,7,0.9924754114594833,1.419308462006648
T6S:I91C:V108Q,1.21930136040231,8,0.93809685089351,1.0638966326431816
T6S:Q46C,1.2635925812697608,8,0.8434366380760256,0.8247841324139219
T6S:Q46C:D60Q,1.1776443995353454,9,0.9019463750764286,0.9099236800549737
T6S:Q46C:D60Q:D95Q,0.8116831480749588,8,0.8402222850567478,0.8409104816345658
T6S:Q46C:D60Q:I91C,1.0146395511738042,9,0.8787948199822408,0.8912872659402031
T6S:Q46C:D60Q:I91C:D95Q,0.8683037544061474,8,0.8170707299625599,0.8314819904285639
T6S:Q46C:D60Q:I91C:T112E,0.8694869180658072,8,0.8944180423881458,0.9918963205621719
T6S:Q46C:D60Q:I91C:V106M,0.9496996971904242,9,0.9175501581423091,1.0331571963539024
T6S:Q46C:D60Q:R97D,0.985957571988394,9,0.9157756917009878,0.9943663843339333
T6S:Q46C:D60Q:V106M,1.0941693660605625,7,0.9407017132364969,0.9957737604925601
T6S:Q46C:D60Q:V106M:V108Q,0.9781712795937818,9,0.8852231780461057,0.9796004087966899
T6S:Q46C:D95Q:R97D:V106M,0.8932804746582191,9,0.8342972028409722,1.033551023951778
T6S:Q46C:I91C:R97D:V108Q,0.7934091598696114,8,0.7786358644160059,0.7820863459745898
T6S:Q46C:I91C:T112E,0.8800992179266942,9,0.8359083053877429,0.8407303353866263
T6S:Q46C:I91C:V106M:T112E,0.8008292122632134,7,0.8746636435478111,0.9667528299948444
T6S:Q46C:R59N:D60Q:I91C,0.5028205954297655,7,0.7541820962183435,0.5848893419801084
T6S:Q46C:R59N:D60Q:R97D,0.7152152959671041,7,0.7911629679370905,0.7235870363918719
T6S:Q46C:R59N:D95Q,0.5421939307420207,9,0.6570998242924474,0.426378743113743
T6S:Q46C:R59N:I91C,0.3741651128903287,8,0.6956723592179406,0.44073444708886544
T6S:Q46C:R59N:I91C:T112E,0.3784669031065796,9,0.7112955816238455,0.5155203275949447
T6S:Q46C:R59N:R97D:T112E,0.4709859506569349,7,0.7482764533425925,0.662880805355155
T6S:Q46C:R97D:V106M:T112E,0.9536317473174584,9,0.911644515266558,1.1044419954881242
T6S:Q46C:V106M:V108Q,0.8374884660557448,8,0.8267134410457028,0.8186844298221049
T6S:Q46C:V108Q:T112E,1.0262855553162655,7,0.8035813252915395,0.8221695997576401
T6S:Q46I:D60Q,1.070169779549479,9,0.8998063757148567,0.9535730222665643
T6S:Q46I:D60Q:D95Q:T112E,0.8789972207855016,9,0.8537055081010808,0.9480513542670391
T6S:Q46I:D60Q:I91C,1.1533953061405648,9,0.8766548206206688,0.9323273464019904
T6S:Q46I:D60Q:I91C:V106M,1.045018186837109,7,0.9154101587807371,1.0711782966366878
T6S:Q46I:D60Q:R97D:T112E,1.0803994518227142,8,0.9292589147453209,1.1239905873552842
T6S:Q46I:D60Q:T112E,1.0954604705295103,8,0.9154295981207616,1.0366070993490821
T6S:Q46I:D60Q:V106M:V108Q,0.9193896062482476,7,0.8830831786845338,0.9888287542483762
T6S:Q46I:D60Q:V108Q,1.0088636463516638,9,0.8443278405244655,0.8789102024793345
T6S:Q46I:D60Q:V108Q:T112E,1.0004588135613637,8,0.8599510629303705,0.9974900033603187
T6S:Q46I:D95Q,0.8532083957049197,7,0.7795725486947728,0.7489638774685692
T6S:Q46I:D95Q:R97D,0.9386949309336496,9,0.7934018653193319,0.8163597106408391
T6S:Q46I:I91C:R97D,0.8221441001177956,8,0.831974400244825,0.8630120036651265
T6S:Q46I:I91C:V106M:V108Q,0.840713916870357,8,0.801421886589943,0.8646716690770702
T6S:Q46I:I91C:V108Q,0.8395944733193926,8,0.7626665484298747,0.7411639020580829
T6S:Q46I:R59N:D60Q,0.8909403520264806,9,0.7751936519509594,0.7620677539087638
T6S:Q46I:R59N:D60Q:I91C,0.6029451057309402,7,0.7520420968567716,0.6985653609066611
T6S:Q46I:R59N:D60Q:V108Q,0.6717345991820111,7,0.7197151167605682,0.6888489814774736
T6S:Q46I:R59N:D95Q:V106M,0.4888147628859632,7,0.6937151630909437,0.5763417364357253
T6S:Q46I:R59N:I91C:D95Q,0.4294924113198328,9,0.6318082698366877,0.42149469861873756
T6S:Q46I:R59N:I91C:R97D,0.4492689386503488,8,0.7073616764809277,0.5881271760100624
T6S:Q46I:R59N:R97D:T112E,0.5617179557715681,9,0.7461364539810205,0.7410180155385144
T6S:Q46I:R59N:V108Q:T112E,0.6232366853925051,7,0.6768286021660702,0.6353147240149503
T6S:Q46I:R97D:V106M,0.9831848146995348,8,0.8938812934990811,0.9879428446687457
T6S:Q46I:R97D:V106M:T112E,0.9319240145637868,9,0.909504515904986,1.1069242870277165
T6S:Q46I:V106M:V108Q:T112E,0.8553514600718811,9,0.8401966640900358,0.9382591448119586
T6S:Q46R:D60Q:D95Q,1.0557022070353892,7,1.001053962410351,1.0448768486866928
T6S:Q46R:D60Q:I91C:D95Q,1.0230557238934772,7,0.9779024073161632,1.049509302145109
T6S:Q46R:D60Q:I91C:T112E,1.0847668109647006,9,1.055249719741749,1.242837087308051
T6S:Q46R:D60Q:I91C:V108Q,1.0616974617143062,8,0.984147962145453,1.1105798275359349
T6S:Q46R:D60Q:R97D:T112E,1.2449317563467457,7,1.092230591460496,1.3578726987134564
T6S:Q46R:D60Q:R97D:V108Q,1.006983761336785,8,1.0211288338642,1.151231001211124
T6S:Q46R:D60Q:V106M,1.2093893180056896,8,1.1015333905901001,1.2541011516984364
T6S:Q46R:D95Q:R97D,1.0895088219218951,8,0.9563735420345071,1.041531998774195
T6S:Q46R:D95Q:T112E,1.078624723964478,7,0.958167447815853,1.0107666529440449
T6S:Q46R:D95Q:V106M,1.199664780199001,8,0.9812995635700162,1.0528972144162088
T6S:Q46R:D95Q:V108Q,0.8908719779303873,8,0.8870656902195568,0.8456181481621305
T6S:Q46R:D95Q:V108Q:T112E,0.9569029581548492,9,0.9026889126254618,0.9615379331900494
T6S:Q46R:I91C,1.2242008563704605,7,0.981116760335441,0.9988784247694609
T6S:Q46R:I91C:D95Q,0.961761521177237,8,0.9193926703157602,0.9104943989630562
T6S:Q46R:I91C:D95Q:T112E,0.9492478991617268,7,0.9350158927216652,1.0115353801309908
T6S:Q46R:I91C:D95Q:V106M,1.056091581895236,8,0.9581480084758285,1.0890188716407856
T6S:Q46R:I91C:R97D:V108Q,1.0885792273488362,9,0.9394675417696091,0.9993953864076738
T6S:Q46R:I91C:T112E,1.1234646948489462,8,0.996739982741346,1.0704385826699165
T6S:Q46R:I91C:V106M:T112E,1.1506816182907125,8,1.0354953209014144,1.2303555410055786
T6S:Q46R:I91C:V106M:V108Q,1.0709954776953163,9,0.9643935633051182,1.1067525285404092
T6S:Q46R:I91C:V108Q,1.020563985088426,9,0.9256382251450499,0.9463313176149762
T6S:Q46R:R59N,1.0850689120673476,7,0.8796555916657315,0.7524510204497066
T6S:Q46R:R59N:D60Q:R97D,0.8378571568957915,8,0.9519946452906938,0.9669367516873169
T6S:Q46R:R59N:D60Q:V106M,0.760570073103405,8,0.9769206668262028,1.003483075477147
T6S:Q46R:R59N:D60Q:V108Q,0.8336111337657973,8,0.8826867934757434,0.8557143205617534
T6S:Q46R:R59N:D95Q,0.7255860143823519,8,0.8179315016460507,0.6322049785860271
T6S:Q46R:R59N:I91C:D95Q,0.4659348546300584,8,0.7947799465518629,0.5700500686969621
T6S:Q46R:R59N:R97D,0.909786013911806,9,0.8934849082902907,0.7800190829401054
T6S:Q46R:R59N:R97D:V108Q,0.7842745728122152,9,0.8380063730998996,0.6847246231531705
T6S:Q46R:R59N:V106M:V108Q,0.6592099143132263,7,0.8629323946354087,0.7763438594783592
T6S:Q46R:R97D,1.210864018803364,9,1.018097632054188,1.06219074403966
T6S:Q46R:R97D:T112E,1.10179134275534,8,1.033720854460093,1.1639439396819427
T6S:Q46R:R97D:V106M:V108Q,1.067731999963653,7,1.0013744350238651,1.1518207115733214
T6S:Q46R:R97D:V108Q,1.0833594473368684,9,0.9626190968637969,0.9654522368967856
T6S:Q46R:T112E,1.0892672007585396,8,1.0198915378355338,1.0788777783917396
T6S:Q46R:V106M,1.2699213965160083,7,1.043023653589697,1.1052984498686285
T6S:Q46R:V106M:T112E,1.1720928941230844,8,1.058646875995602,1.1827748867512886
T6S:Q46V,1.1447359282884668,9,0.8635408892549384,0.8709547634707353
T6S:Q46V:D60Q,1.1892823340615943,8,0.9220506262553415,0.9554317861792616
T6S:Q46V:D60Q:D95Q,0.980487169394587,9,0.8603265362356606,0.8638067214098776
T6S:Q46V:D60Q:D95Q:R97D,1.011081574632695,7,0.8741558528602198,1.0040101280295104
T6S:Q46V:D60Q:D95Q:V106M,0.9357956663671708,9,0.8990818743957288,0.9957272123865156
T6S:Q46V:D60Q:D95Q:V108Q,0.6813139452271003,7,0.8048480010452695,0.7981890745388944
T6S:Q46V:D60Q:R97D:T112E,1.104542778550312,7,0.9515031652858057,1.1524401684217613
T6S:Q46V:D60Q:R97D:V106M,1.215697119831029,8,0.974635281039969,1.1873988807902864
T6S:Q46V:D60Q:T112E,1.1307198969176058,9,0.9376738486612465,1.0383100075715284
T6S:Q46V:D60Q:V108Q,0.9847295845634364,8,0.8665720910649504,0.9022052708656021
T6S:Q46V:D95Q:V106M:T112E,1.0831951155224473,9,0.8561953598012308,0.9581538173392522
T6S:Q46V:D95Q:V108Q,0.637736238535967,8,0.7463382640448665,0.6722540653545422
T6S:Q46V:I91C:R97D:V108Q,0.6717782590001989,7,0.7987401155949188,0.7994868404728137
T6S:Q46V:I91C:V106M:T112E,0.883657829572098,8,0.8947678947267239,1.019107321694513
T6S:Q46V:I91C:V106M:V108Q,0.717297311455076,9,0.8236661371304278,0.8908261171977051
T6S:Q46V:I91C:V108Q:T112E,0.8543005950826762,8,0.8005340213762646,0.8610147465280912
T6S:Q46V:R59N:D60Q:D95Q,0.4476674049656143,7,0.7357138124717633,0.5653250027676547
T6S:Q46V:R59N:D60Q:V108Q,0.5065717322119482,8,0.741959367301053,0.6278216927278248
T6S:Q46V:R59N:D95Q:R97D,0.4735807612963332,8,0.6910333920959195,0.525755454047235
T6S:Q46V:R59N:D95Q:T112E,0.5266537217687064,7,0.6928272978772654,0.5247869596942856
T6S:Q46V:R59N:R97D:T112E,0.5839306481011259,8,0.7683807045215054,0.6791286033405625
T6S:Q46V:R59N:V108Q:T112E,0.5189094761221649,8,0.6990728527065551,0.5681149434465373
T6S:Q46V:V106M,0.9775400560705334,9,0.9022962274150067,0.9152539064584526
T6S:Q46V:V106M:T112E,0.9124547004515332,8,0.9179194498209118,0.983219535446864
T6S:Q46V:V106M:V108Q,0.8299323292961319,7,0.8468176922246157,0.8557690460478845
T6S:Q46V:V108Q,1.027223778776483,7,0.8080623540645474,0.7843824515497101
T6S:R59N:D60Q:D95Q,1.13547959031587,8,0.8888998643949138,1.0926875481444658
T6S:R59N:D60Q:D95Q:T112E,1.1057430185530022,7,0.9045230868008187,1.2648507724623603
T6S:R59N:D60Q:I91C:R97D,1.2591379161414014,7,0.941301715944966,1.2930706009192774
T6S:R59N:D60Q:I91C:T112E,1.0970975921412205,8,0.9430956217263118,1.2898459580789678
T6S:R59N:D60Q:I91C:V106M,1.16416652331478,9,0.9662277374804751,1.3193725572129211
T6S:R59N:D60Q:R97D:V108Q,1.0015405355192968,9,0.9089747358487626,1.2415021033253084
T6S:R59N:D60Q:V108Q,1.0573887463966574,9,0.8951454192242034,1.1424963949743772
T6S:R59N:D95Q,1.0872437252980094,7,0.8303901273945107,0.9045793778176143
T6S:R59N:I91C,1.199493124778935,8,0.8689626623200037,0.9219700104217267
T6S:R59N:I91C:D95Q:V108Q,0.8920096354194033,9,0.7517600371099318,0.9077531908525625
T6S:R59N:I91C:T112E,1.1067529092672694,7,0.8845858847259088,1.043823540086083
T6S:R59N:I91C:V106M,1.0968306047227443,8,0.9077180004800721,1.0724152958184106
T6S:R59N:R97D:V106M,1.3150994959791462,8,0.944698872198819,1.185994457786871
T6S:R59N:R97D:V106M:V108Q,1.0525222151851612,8,0.889220337008428,1.1855794263144634
T6S:R59N:R97D:V108Q:T112E,1.0176007088340264,9,0.8660882212542647,1.1696917168608685
T6S:R59N:V106M,1.2353425687444612,8,0.9308695555742599,1.0267273411643196
T6S:R59N:V106M:V108Q:T112E,0.8324741658862956,9,0.8910142427897738,1.2139830372846752
T6S:R97D:V106M:T112E,1.265766281646031,7,1.0849348183686214,1.449584040740393
T6S:R97D:V106M:V108Q:T112E,1.223703347895036,7,1.0294562831782303,1.4832706857105122
T6S:T112E,1.2681698329020314,9,1.032350163583994,1.1022409336953112
T6S:V106M,1.296884990125389,8,1.055482279338157,1.1207216338801291
T6S:V108Q:T112E,1.148779015500414,7,0.9768716283936028,1.1331953223027094
V108Q:T112E,1.0662888429952624,8,0.7845626147398505,0.8201083385383167
