mutant,DMS_score,cid,bucket,B2_ADDITIVE,B3_RAW_PAIR,B5_NABU_CONSENSUS,SHUFFLED_B5
A28H:D60Q:D95Q:T112E,1.115317414860634,A28H:D60Q:D95Q:T112E,7,0.8807778667526993,1.0347508094045708,0.4294321225869543,0.7883478223174901
A28H:D60Q:D95Q:V106M:T112E,1.1400368399545195,A28H:D60Q:D95Q:V106M:T112E,9,0.9206814323981775,1.2238052154248846,0.8258195004026764,0.7385252332506406
A28H:D60Q:I91C:D95Q,0.945255175246404,A28H:D60Q:I91C:D95Q,8,0.8421310243578202,0.94789558217222,0.18482336060274862,0.792676925182779
A28H:D60Q:I91C:R97D,1.0300309397597869,A28H:D60Q:I91C:R97D,7,0.9175498271955389,1.121293268728895,0.6678198113362821,0.7884065250566195
A28H:D60Q:I91C:R97D:V106M,1.1964420657359829,A28H:D60Q:I91C:R97D:V106M,9,0.9574533928410169,1.37697250910111,1.1606327985518132,0.7263968045241233
A28H:D60Q:I91C:T112E,1.0853592504697036,A28H:D60Q:I91C:T112E,8,0.9192865877642982,1.1016762366923518,0.644771683756569,0.7878176422966303
A28H:D60Q:I91C:V106M,1.1428816578829246,A28H:D60Q:I91C:V106M,9,0.9425081731847837,1.1722951555598768,0.8184232245130723,0.753379138366283
A28H:D60Q:I91C:V106M:V108Q,1.1058873824988091,A28H:D60Q:I91C:V106M:V108Q,7,0.8875920919411633,1.2152109371634752,0.7115758466365305,0.7486462119724957
A28H:D60Q:R97D:V106M,1.218010807620973,A28H:D60Q:R97D:V106M,9,0.9794182550109036,1.2621280419708463,1.0619980779494185,0.7521760237664035
A28H:D60Q:V106M,1.1673364189025532,A28H:D60Q:V106M,7,0.9644730353546703,1.097779439569528,0.7781559946943686,0.7639739840117185
A28H:D60Q:V106M:V108Q,1.0926980246802325,A28H:D60Q:V106M:V108Q,7,0.9095569541110499,1.1237552371459856,0.6467915084613168,0.7565619667956012
A28H:D95Q:R97D,1.1254210814938512,A28H:D95Q:R97D,7,0.8196241100816958,0.9218087990124858,0.07782164917943148,0.7849405094331905
A28H:D95Q:R97D:V106M,1.0820528558022942,A28H:D95Q:R97D:V106M,9,0.8595276757271739,1.1267998738599525,0.4972740449934656,0.7392523844799749
A28H:D95Q:R97D:V108Q,0.935898728627558,A28H:D95Q:R97D:V108Q,7,0.7647080288380753,0.8501645806957143,-0.19482753387410992,0.7573452063331032
A28H:D95Q:V108Q,0.9396503245806666,A28H:D95Q:V108Q,7,0.7497628091818421,0.7610300300309488,-0.3698128995901846,0.7712990960181726
A28H:G33T:D60Q:D95Q,1.0527676346513668,A28H:G33T:D60Q:D95Q,9,0.9250953137044894,1.117997559764219,0.6862649838411735,0.7247804818010997
A28H:G33T:D60Q:D95Q:T112E,1.0853126594082156,A28H:G33T:D60Q:D95Q:T112E,8,0.941777293929482,1.277353673815039,0.968224928908284,0.7164382360742511
A28H:G33T:D60Q:D95Q:V106M,1.0682208520623298,A28H:G33T:D60Q:D95Q:V106M,9,0.9649988793499675,1.3304467914309066,1.1165115125530733,0.6768888326197721
A28H:G33T:D60Q:D95Q:V108Q,0.9257845549047198,A28H:G33T:D60Q:D95Q:V108Q,7,0.8701792324608689,1.1445521849431104,0.5557382303371414,0.7067956407411984
A28H:G33T:D60Q:I91C:V108Q,0.9834476947942647,A28H:G33T:D60Q:I91C:V108Q,8,0.9086879534724679,1.2759690910917514,0.8644158119423135,0.7480521121667761
A28H:G33T:D60Q:V106M,1.2114253201874985,A28H:G33T:D60Q:V106M,8,1.0254724625314529,1.318260485347911,1.2849320633625254,0.7121576439790174
A28H:G33T:D60Q:V106M:T112E,1.0469584010724988,A28H:G33T:D60Q:V106M:T112E,7,1.0421544427564455,1.4749932147267935,1.5630952040076456,0.7085490783048921
A28H:G33T:D95Q:R97D:T112E,1.036718298870075,A28H:G33T:D95Q:R97D:T112E,9,0.897305517483471,1.2820638939970121,0.8382166913487317,0.7218210555157885
A28H:G33T:D95Q:R97D:V106M,1.1340234269802705,A28H:G33T:D95Q:R97D:V106M,8,0.9205271029039566,1.3657838993181053,1.0308293335829881,0.6810724304436243
A28H:G33T:D95Q:V108Q,0.9313995345360436,A28H:G33T:D95Q:V108Q,8,0.8107622363586248,0.9449058860657809,0.08398476001245234,0.7124799769099023
A28H:G33T:D95Q:V108Q:T112E,0.9396038385483664,A28H:G33T:D95Q:V108Q:T112E,7,0.8274442165836173,1.0985901895494,0.35773593734808967,0.7008726778774653
A28H:G33T:I91C:D95Q:T112E,1.07952041344736,A28H:G33T:I91C:D95Q:T112E,7,0.8603954356573511,1.1414114794173769,0.5210911263685217,0.6977119710368591
A28H:G33T:I91C:R97D,1.0412393143868273,A28H:G33T:I91C:R97D,7,0.9191322582700773,1.1633894771576179,0.7336139591249251,0.7447800280216316
A28H:G33T:I91C:R97D:V108Q,0.9919358257784628,A28H:G33T:I91C:R97D:V108Q,7,0.8642161770264569,1.1641981588188703,0.5658252999454677,0.7527342510843912
A28H:G33T:Q46C:D60Q:D95Q,0.5232801429252355,A28H:G33T:Q46C:D60Q:D95Q,7,0.753013669986354,0.697969752113844,-0.4510777044417328,0.6720187784678657
A28H:G33T:Q46C:D60Q:V108Q,0.5505244768996178,A28H:G33T:Q46C:D60Q:V108Q,8,0.7585711719242191,0.7706221849981708,-0.32882975834108974,0.6875425589752755
A28H:G33T:Q46C:I91C,0.7082416291865238,A28H:G33T:Q46C:I91C,9,0.7321053948957087,0.6730560669091489,-0.5514631034179794,0.6455606416613769
A28H:G33T:Q46C:I91C:R97D,0.6826129403455579,A28H:G33T:Q46C:I91C:R97D,7,0.747050614551942,0.7544671576769371,-0.3876558416999938,0.6467457636990884
A28H:G33T:Q46C:I91C:T112E,0.6526167163344451,A28H:G33T:Q46C:I91C:T112E,8,0.7487873751207013,0.7343121611254689,-0.4114825611770333,0.6567426718700646
A28H:G33T:Q46C:R59N:T112E,0.4791478372856957,A28H:G33T:Q46C:R59N:T112E,8,0.6467878371298781,0.4217953989876256,-1.177605321238818,0.6761825100855221
A28H:G33T:Q46C:R97D,0.8314136639003539,A28H:G33T:Q46C:R97D,7,0.7690154767218286,0.7452212938263234,-0.3334585174341464,0.6782364043314506
A28H:G33T:Q46C:R97D:T112E,0.76056983384919,A28H:G33T:Q46C:R97D:T112E,8,0.7856974569468211,0.8365246857717985,-0.14999075271024326,0.688808882673953
A28H:G33T:Q46C:R97D:V106M,0.828549939770216,A28H:G33T:Q46C:R97D:V106M,7,0.8089190423673066,0.890596720161131,-0.00028739036196825593,0.6576328735010768
A28H:G33T:Q46C:R97D:V108Q,0.6376807563935176,A28H:G33T:Q46C:R97D:V108Q,9,0.7140993954782081,0.6543187868407261,-0.6339800732891068,0.6861648770134321
A28H:G33T:Q46C:V106M,0.7698750554201961,A28H:G33T:Q46C:V106M,7,0.7939738227110734,0.770327944788354,-0.2203330796025088,0.6593314615843704
A28H:G33T:Q46C:V108Q,0.7986361869903336,A28H:G33T:Q46C:V108Q,9,0.6991541758219748,0.6400630246214755,-0.7005939454440552,0.6776861432697351
A28H:G33T:Q46I:D60Q:D95Q,0.5308623615224045,A28H:G33T:Q46I:D60Q:D95Q,9,0.7507074966370626,0.6611864850636946,-0.5114091945032966,0.6947986145891034
A28H:G33T:Q46I:D60Q:R97D,0.7984389989557387,A28H:G33T:Q46I:D60Q:R97D,8,0.8261262994747813,0.8526070080192147,-0.002328431519279875,0.7330384549314656
A28H:G33T:Q46I:D60Q:V106M,0.7767303537372999,A28H:G33T:Q46I:D60Q:V106M,8,0.8510846454640262,0.9190389995217733,0.17060685325663533,0.6796184275580263
A28H:G33T:Q46I:I91C,0.7655684173675499,A28H:G33T:Q46I:I91C,9,0.7297992215464173,0.689308284883164,-0.5350367446531077,0.7380491715258944
A28H:G33T:Q46I:I91C:R97D,0.5583150731211405,A28H:G33T:Q46I:I91C:R97D,7,0.7447444412026506,0.7235801760416519,-0.43945368331268486,0.7371718265138222
A28H:G33T:Q46I:I91C:V106M,0.7606593568235105,A28H:G33T:Q46I:I91C:V106M,9,0.7697027871918953,0.8061542491254828,-0.24315608824216717,0.7173036338043307
A28H:G33T:Q46I:I91C:V108Q,0.694664874715791,A28H:G33T:Q46I:I91C:V108Q,9,0.6748831403027968,0.6103230731705745,-0.8183104908845915,0.74835745683199
A28H:G33T:Q46I:R59N:R97D,0.3504294989481544,A28H:G33T:Q46I:R59N:R97D,9,0.6427449032118273,0.44193186480751645,-1.1609007722291325,0.7480643212899388
A28H:G33T:Q46I:R59N:V106M,0.3742041077252833,A28H:G33T:Q46I:R59N:V106M,7,0.6677032492010722,0.5089660449395947,-0.9870939444896971,0.7325094804511593
A28H:G33T:Q46I:R97D:V108Q,0.4660127361426541,A28H:G33T:Q46I:R97D:V108Q,9,0.7117932221289167,0.5937953182206501,-0.7286705741598158,0.7356603144769609
A28H:G33T:Q46I:V106M,0.7743916995235661,A28H:G33T:Q46I:V106M,7,0.791667649361782,0.7863009645401208,-0.20431080227341883,0.7099580641361216
A28H:G33T:Q46I:V106M:V108Q,0.674563312761332,A28H:G33T:Q46I:V106M:V108Q,7,0.7367515681181616,0.7146877691226027,-0.4769150861239084,0.7171078700471373
A28H:G33T:Q46I:V108Q,0.7290861964326283,A28H:G33T:Q46I:V108Q,9,0.6968480024726835,0.6266787556107,-0.7270602459372006,0.7292440477830476
A28H:G33T:Q46I:V108Q:T112E,0.627726082763292,A28H:G33T:Q46I:V108Q:T112E,8,0.713529982697676,0.7069961564169726,-0.5594924215398028,0.7486283887500429
A28H:G33T:Q46R,1.1172691974733595,A28H:G33T:Q46R,8,0.9143907135141705,0.8829512411248378,0.31314965805889067,0.7801924018150002
A28H:G33T:Q46R:D60Q:V106M,0.9974527056837348,A28H:G33T:Q46R:D60Q:V106M,9,1.0137112752618926,1.1444411462159514,0.9971792958240102,0.7251264569175995
A28H:G33T:Q46R:D95Q,0.7771875456972943,A28H:G33T:Q46R:D95Q,9,0.8539171303326849,0.752052057412214,-0.062357419629395866,0.7412696278897617
A28H:G33T:Q46R:D95Q:R97D,0.9931232224556438,A28H:G33T:Q46R:D95Q:R97D,7,0.8688623499889182,0.8637255900156543,0.14524844097915154,0.7388272596653372
A28H:G33T:Q46R:D95Q:T112E,0.871610575636143,A28H:G33T:Q46R:D95Q:T112E,8,0.8705991105576775,0.8350198126200354,0.10904624227185221,0.7360590637932886
A28H:G33T:Q46R:I91C:D95Q,0.5859363690789058,A28H:G33T:Q46R:I91C:D95Q,7,0.8319522681627983,0.7418307625725863,-0.14472941266927164,0.7368857351908511
A28H:G33T:Q46R:I91C:R97D,0.882619336509349,A28H:G33T:Q46R:I91C:R97D,8,0.9073710710005171,0.944746659139097,0.3809885159677749,0.7699645821578921
A28H:G33T:Q46R:I91C:V106M,0.9303491147833868,A28H:G33T:Q46R:I91C:V106M,8,0.9323294169897619,1.0205197125708652,0.5674430476990816,0.7498532893223564
A28H:G33T:Q46R:I91C:V108Q,0.7861362173473709,A28H:G33T:Q46R:I91C:V108Q,8,0.8375097701006633,0.8238126007054289,-0.008979090237388451,0.7900260937916015
A28H:G33T:Q46R:R59N:D60Q,0.6930151999359223,A28H:G33T:Q46R:R59N:D60Q,7,0.8498433094557049,0.7205218617628617,-0.12052466086608069,0.8157999765656743
A28H:G33T:Q46R:R59N:T112E,0.6773258889491778,A28H:G33T:Q46R:R59N:T112E,9,0.8071082935784532,0.6376146501820348,-0.37199748057245363,0.7932042204575778
A28H:G33T:Q46R:R97D:V106M,1.0039318937207524,A28H:G33T:Q46R:R97D:V106M,8,0.9692394988158818,1.100661499708443,0.7969920478289096,0.7388316416548787
A28H:G33T:Q46R:T112E,0.9870857684140418,A28H:G33T:Q46R:T112E,9,0.931072693739163,0.9398130496010546,0.44677038440703737,0.7828956183036955
A28H:G33T:Q46R:V106M:V108Q,0.8799985464074149,A28H:G33T:Q46R:V106M:V108Q,8,0.899378197916028,0.9482417729648575,0.36145547648218523,0.7586183840145132
A28H:G33T:Q46V:D60Q,0.9033247991367496,A28H:G33T:Q46V:D60Q,9,0.8332399249331843,0.8425491366387285,0.0050012183548952815,0.7807329665134514
A28H:G33T:Q46V:D95Q:R97D,0.761782513838766,A28H:G33T:Q46V:D95Q:R97D,7,0.7282945653056878,0.7052406840577924,-0.5166072477175307,0.6988424669200499
A28H:G33T:Q46V:D95Q:T112E,0.6936940590302445,A28H:G33T:Q46V:D95Q:T112E,8,0.7300313258744472,0.6833532817620351,-0.5429412646797462,0.6974244681145493
A28H:G33T:Q46V:D95Q:V106M,0.6626835202820964,A28H:G33T:Q46V:D95Q:V106M,9,0.7532529112949327,0.7201718714650764,-0.41820867988469246,0.6599720922333008
A28H:G33T:Q46V:D95Q:V108Q,0.4654951103121275,A28H:G33T:Q46V:D95Q:V108Q,7,0.6584332644058342,0.5208603405784467,-0.9984001734029653,0.7034937795627527
A28H:G33T:Q46V:I91C:D95Q,0.4949064433645526,A28H:G33T:Q46V:I91C:D95Q,7,0.691384483479568,0.5879833217238217,-0.7998733338461548,0.6758643171281766
A28H:G33T:Q46V:I91C:T112E,0.7064557983781298,A28H:G33T:Q46V:I91C:T112E,9,0.768540046886046,0.7797113198110575,-0.28500411273954984,0.7393602610247043
A28H:G33T:Q46V:I91C:V106M,0.6955062272345799,A28H:G33T:Q46V:I91C:V106M,8,0.7917616323065316,0.8358964995368999,-0.1322424114279518,0.7003933438723973
A28H:G33T:Q46V:R59N,0.4418722694698003,A28H:G33T:Q46V:R59N,8,0.6498585286702303,0.39360564679246635,-1.2089566055738836,0.9148808506068274
A28H:G33T:Q46V:R59N:R97D,0.3284697828779943,A28H:G33T:Q46V:R59N:R97D,8,0.6648037483264635,0.40522530143248053,-1.1461579516066274,0.8558332954357616
A28H:G33T:Q46V:R59N:T112E,0.4925483283229323,A28H:G33T:Q46V:R59N:T112E,9,0.6665405088952229,0.4533827690218758,-1.0711165680938177,0.8470405302055177
A28H:G33T:Q46V:R59N:V108Q,0.4026369504729044,A28H:G33T:Q46V:R59N:V108Q,8,0.5949424474266098,0.3182671646094949,-1.486952468255933,0.8858772415663861
A28H:G33T:Q46V:R97D:T112E,0.8046118159038308,A28H:G33T:Q46V:R97D:T112E,9,0.8054501287121659,0.8592254548764169,-0.05636350861765848,0.7577450219678752
A28H:G33T:Q46V:R97D:V106M,0.8753808667846921,A28H:G33T:Q46V:R97D:V106M,8,0.8286717141326515,0.9114008215653804,0.09059482118207743,0.7104083215223068
A28H:G33T:Q46V:R97D:V108Q,0.5842725999128587,A28H:G33T:Q46V:R97D:V108Q,8,0.7338520672435529,0.6636153119243062,-0.5597526882857848,0.7742790542791134
A28H:G33T:Q46V:T112E,0.931829807647896,A28H:G33T:Q46V:T112E,9,0.7905049090559326,0.7905297704172872,-0.2017678607598758,0.8064539954369193
A28H:G33T:Q46V:V106M:T112E,0.6834024884497231,A28H:G33T:Q46V:V106M:T112E,9,0.8304084747014108,0.8815916467963989,0.05279568395820819,0.727892597547102
A28H:G33T:Q46V:V108Q:T112E,0.744725112841492,A28H:G33T:Q46V:V108Q:T112E,7,0.7355888278123123,0.7495800496050121,-0.42999313408241224,0.7750395310443635
A28H:G33T:R59N:D60Q:D95Q,0.8656727246219381,A28H:G33T:R59N:D60Q:D95Q,9,0.8011309135437795,1.0030970631798155,0.13857193046635582,0.7930812535691308
A28H:G33T:R59N:D95Q,0.8450597998184249,A28H:G33T:R59N:D95Q,8,0.7417139174415354,0.802942146490222,-0.3339176584990208,0.7790190846203338
A28H:G33T:R59N:I91C:T112E,1.0388620043132075,A28H:G33T:R59N:I91C:T112E,8,0.7969046186781268,0.9917482815440786,0.1091439809773075,0.7614278767192517
A28H:G33T:R59N:R97D,0.9339070492369876,A28H:G33T:R59N:R97D,7,0.8171327202792541,0.9451728589251929,0.10397107073595035,0.8063825497994719
A28H:G33T:R59N:V106M,1.063763527079267,A28H:G33T:R59N:V106M,7,0.842091066268499,0.9824014685239779,0.2346405259004427,0.7890781267775965
A28H:G33T:R59N:V108Q:T112E,0.9604207363857606,A28H:G33T:R59N:V108Q:T112E,8,0.763953399604393,1.014058225593398,0.04005272495617217,0.7865163464740713
A28H:G33T:R97D:V108Q:T112E,0.9495461100135888,A28H:G33T:R97D:V108Q:T112E,8,0.9028630194213361,1.2345242535763516,0.7865115758590722,0.7673390769867963
A28H:G33T:V106M:T112E,0.8959698309042018,A28H:G33T:V106M:T112E,8,0.9827374466542014,1.233135344179281,1.0302492512533177,0.7452049617084293
A28H:G33T:V108Q,1.0916021057715166,A28H:G33T:V108Q,7,0.8712358195401102,0.9955591253435212,0.34335250063121103,0.7725974984585595
A28H:I91C:D95Q,0.9212258871824504,A28H:I91C:D95Q,7,0.7827140282555759,0.811878906949357,-0.19483944568582992,0.7783763675382396
A28H:I91C:D95Q:R97D:V108Q,0.9575142526740748,A28H:I91C:D95Q:R97D:V108Q,9,0.7427431666681887,0.9134645518730293,-0.1707927651037492,0.7322126538694272
A28H:I91C:D95Q:V106M,1.0059688286527495,A28H:I91C:D95Q:V106M,7,0.822617593901054,0.9908324971045476,0.1869290991571091,0.7416675777444705
A28H:I91C:D95Q:V106M:V108Q,0.863767383299837,A28H:I91C:D95Q:V106M:V108Q,7,0.7677015126574336,0.9872668405457512,0.012809493976927072,0.7241627387848225
A28H:I91C:D95Q:V108Q:T112E,0.8139059123434246,A28H:I91C:D95Q:V108Q:T112E,8,0.744479927236948,0.9103092719925387,-0.17001592562910584,0.7406689503762859
A28H:I91C:R97D:V108Q:T112E,0.9232317586894272,A28H:I91C:R97D:V108Q:T112E,7,0.8198987300746668,1.056004517961739,0.27288699629503077,0.7603181776250043
A28H:I91C:V106M:T112E,1.0766173981634577,A28H:I91C:V106M:T112E,7,0.899773157307532,1.0922529623370083,0.571096923800632,0.7665563058524977
A28H:Q46C:D60Q:D95Q:T112E,0.4783332360233484,A28H:Q46C:D60Q:D95Q:T112E,9,0.7086962230345639,0.6161632972285188,-0.7058260371537294,0.7939076590077934
A28H:Q46C:D60Q:D95Q:V108Q,0.4164638637097578,A28H:Q46C:D60Q:D95Q:V108Q,8,0.637098161565951,0.46416444928934897,-1.146096925583392,0.7725382145172598
A28H:Q46C:D60Q:I91C,0.6668608573565593,A28H:Q46C:D60Q:I91C,7,0.7305229638211703,0.624696212099504,-0.6263225783510805,0.7732427337522526
A28H:Q46C:D60Q:I91C:R97D,0.5477107888452049,A28H:Q46C:D60Q:I91C:R97D,7,0.7454681834774035,0.7007637357388913,-0.47024902016477454,0.7700641809355974
A28H:Q46C:D60Q:I91C:V108Q,0.5383183099159605,A28H:Q46C:D60Q:I91C:V108Q,9,0.6756068825775499,0.5685287887611813,-0.8765723152841192,0.7716425363727673
A28H:Q46C:D60Q:R97D,0.7020743410582977,A28H:Q46C:D60Q:R97D,7,0.7674330456472902,0.7178422488826579,-0.3779526279095591,0.792959917619296
A28H:Q46C:D60Q:R97D:T112E,0.6466991696993386,A28H:Q46C:D60Q:R97D:T112E,8,0.7841150258722828,0.8030243138162642,-0.20334421260388272,0.79169459115412
A28H:Q46C:D60Q:R97D:V108Q,0.4512711687347157,A28H:Q46C:D60Q:R97D:V108Q,7,0.7125169644036697,0.617908264108572,-0.6915453719784532,0.7807898675266212
A28H:Q46C:D95Q,0.5739956306644514,A28H:Q46C:D95Q,7,0.6325972467073272,0.5017859048573615,-1.1054955451781887,0.7574983771691034
A28H:Q46C:D95Q:R97D:V106M,0.7325624165666095,A28H:Q46C:D95Q:R97D:V106M,9,0.6874460320090385,0.7090496677885377,-0.636772288073588,0.7260269762209356
A28H:Q46C:D95Q:R97D:V108Q,0.4108937372291545,A28H:Q46C:D95Q:R97D:V108Q,9,0.59262638511994,0.421908215837327,-1.3440793496014902,0.7322289840240124
A28H:Q46C:D95Q:V106M:V108Q,0.4193937664657542,A28H:Q46C:D95Q:V106M:V108Q,7,0.6175847311091849,0.46804865292154163,-1.2005118751847519,0.7268919010849147
A28H:Q46C:I91C,0.6815525043346294,A28H:Q46C:I91C,8,0.671105967718926,0.5577666753772754,-0.9059961014179347,0.7434014242334691
A28H:Q46C:I91C:D95Q:R97D,0.5601437053142158,A28H:Q46C:I91C:D95Q:R97D,9,0.6255776041936738,0.5359095967025795,-1.0777057633375633,0.7231540373967205
A28H:Q46C:I91C:D95Q:V108Q,0.3040908665820084,A28H:Q46C:I91C:D95Q:V108Q,7,0.5557163032938202,0.326394250145501,-1.5958763853071658,0.7242937315347745
A28H:Q46C:I91C:V106M:T112E,0.6545922190498752,A28H:Q46C:I91C:V106M:T112E,7,0.7276915135893968,0.6699292866548563,-0.5695685565945415,0.7356520387374405
A28H:Q46C:I91C:V108Q,0.5065245705993034,A28H:Q46C:I91C:V108Q,8,0.6161898864753056,0.47042885788967687,-1.2013585096290882,0.7509906381666483
A28H:Q46C:R59N:D60Q:R97D,0.3184947769999144,A28H:Q46C:R59N:D60Q:R97D,9,0.6434686454865803,0.39006112949517296,-1.2337461663794267,0.7768563618838923
A28H:Q46C:R59N:D60Q:T112E,0.3597756218044999,A28H:Q46C:R59N:D60Q:T112E,8,0.6452054060553396,0.41405957549782346,-1.1936699486590114,0.7565040960294294
A28H:Q46C:R59N:D60Q:V106M,0.2724225675677553,A28H:Q46C:R59N:D60Q:V106M,9,0.6684269914758252,0.4106814716986076,-1.1271137286461972,0.7549507842482164
A28H:Q46C:R59N:D95Q,0.1738629091282859,A28H:Q46C:R59N:D95Q,9,0.5086328465466173,0.12594299012280252,-2.030848549728114,0.7522642584467588
A28H:Q46C:R59N:D95Q:V108Q,0.1187898335636395,A28H:Q46C:R59N:D95Q:V108Q,7,0.4537167653029969,0.005208844580076144,-2.3745452062080554,0.7278973350661975
A28H:Q46C:R59N:I91C:D95Q,0.1227999684366436,A28H:Q46C:R59N:I91C:D95Q,9,0.48666798437673076,0.008332229938464664,-2.2686444885040427,0.7182662351864083
A28H:Q46C:R59N:R97D:T112E,0.2807407604728589,A28H:Q46C:R59N:R97D:T112E,9,0.6007336296093286,0.32895769312729894,-1.4536625502225493,0.7104226618751814
A28H:Q46C:R59N:T112E,0.4337058870609654,A28H:Q46C:R59N:T112E,9,0.5857884099530954,0.29796880676433923,-1.5444941440186135,0.7258050640445552
A28H:Q46C:R97D:T112E,0.7382107050484066,A28H:Q46C:R97D:T112E,7,0.7246980297700385,0.675523470517676,-0.5706821209646494,0.7631188906476144
A28H:Q46C:R97D:V106M:T112E,0.6660073611696942,A28H:Q46C:R97D:V106M:T112E,9,0.7646015954155165,0.7975040712061101,-0.27137014478864885,0.7405844199317186
A28H:Q46C:R97D:V108Q,0.5473282240096492,A28H:Q46C:R97D:V108Q,8,0.6530999683014255,0.4981522985837366,-1.0476741784131025,0.7549420536733691
A28H:Q46C:T112E,0.9031341337180546,A28H:Q46C:T112E,7,0.7097528101138052,0.6351661694402241,-0.6750725491914862,0.7638547716544295
A28H:Q46C:V108Q:T112E,0.7625501545416342,A28H:Q46C:V108Q:T112E,7,0.6548367288701848,0.5641318292813129,-0.9468390602863894,0.7590383168002792
A28H:Q46I:D60Q:I91C:V106M,0.6309698204107622,A28H:Q46I:D60Q:I91C:V106M,9,0.768120356117357,0.6943415877931565,-0.4098503211389581,0.7424888928215179
A28H:Q46I:D60Q:R97D:V108Q,0.3024176423244695,A28H:Q46I:D60Q:R97D:V108Q,7,0.7102107910543783,0.5010421718137716,-0.8677801179623871,0.7455617585685771
A28H:Q46I:D95Q:R97D,0.4483912090638005,A28H:Q46I:D95Q:R97D,7,0.645236293014269,0.440894420647335,-1.1547370548380684,0.7538908019269522
A28H:Q46I:D95Q:V106M:V108Q,0.2697777581057645,A28H:Q46I:D95Q:V106M:V108Q,7,0.6152785577598934,0.35341739084140106,-1.3735121686188234,0.7083628412393912
A28H:Q46I:D95Q:V108Q:T112E,0.2943144169617163,A28H:Q46I:D95Q:V108Q:T112E,8,0.5920569723394079,0.33144452325255574,-1.4767586541872646,0.7371337388400998
A28H:Q46I:I91C,0.7020128484594268,A28H:Q46I:I91C,8,0.6687997943696347,0.5240942057804169,-0.9618253582946683,0.7815294239736753
A28H:Q46I:I91C:D95Q:V108Q,0.2320984868135883,A28H:Q46I:I91C:D95Q:V108Q,7,0.5534101299445287,0.2120421862876088,-1.7684725973054558,0.7476265990020171
A28H:Q46I:I91C:V106M:V108Q,0.4203542004710801,A28H:Q46I:I91C:V106M:V108Q,8,0.6537872787714923,0.4991876989885531,-1.0440610188970445,0.7609528321703887
A28H:Q46I:R59N:D60Q:V108Q,0.2864881882611261,A28H:Q46I:R59N:D60Q:V108Q,9,0.5713011712374352,0.29329804580769103,-1.5958266581589629,0.736054607293962
A28H:Q46I:R59N:D95Q,0.1092975698913365,A28H:Q46I:R59N:D95Q,7,0.5063266731973259,0.11923984576896035,-2.0476453099846843,0.7523647784916084
A28H:Q46I:R59N:D95Q:R97D,0.1787710195752584,A28H:Q46I:R59N:D95Q:R97D,7,0.5212718928535592,0.129269965361614,-1.9871471778437866,0.7353283597927105
A28H:Q46I:R59N:I91C,0.2119907085151661,A28H:Q46I:R59N:I91C,8,0.5448353942089248,0.2027213963360197,-1.808344199161217,0.755668005775288
A28H:Q46I:R59N:I91C:R97D,0.2128009478432996,A28H:Q46I:R59N:I91C:R97D,8,0.5597806138651581,0.17919221912497113,-1.796416178703212,0.7273467024198227
A28H:Q46I:R59N:R97D:V108Q,0.14072680370525,A28H:Q46I:R59N:R97D:V108Q,8,0.5268293947914242,0.10068558519222404,-2.011418491225861,0.7174187866101231
A28H:Q46I:R97D:V106M:V108Q,0.3043405824813729,A28H:Q46I:R97D:V106M:V108Q,8,0.6906973605976121,0.5080222039435529,-0.9177144988331661,0.7211218602057493
A28H:Q46I:R97D:V108Q:T112E,0.4235500418703407,A28H:Q46I:R97D:V108Q:T112E,9,0.6674757751771266,0.4706925593687855,-1.0431867294062889,0.7597770823707778
A28H:Q46I:V106M:T112E,0.5895789305162553,A28H:Q46I:V106M:T112E,9,0.747350202409992,0.6474868291742402,-0.5415659116893236,0.7698849582127789
A28H:Q46I:V108Q:T112E,0.6457704120420733,A28H:Q46I:V108Q:T112E,9,0.6525305555208933,0.5043010353092563,-1.0405270584762172,0.7704661923182359
A28H:Q46R:D60Q:D95Q,0.6054794945383504,A28H:Q46R:D60Q:D95Q,7,0.8523346992581465,0.6965294936110953,-0.1475834280957493,0.8426918619428803
A28H:Q46R:D60Q:D95Q:T112E,0.6913562839146048,A28H:Q46R:D60Q:D95Q:T112E,8,0.8690166794831391,0.773375921807048,0.014960884387272194,0.825643493038729
A28H:Q46R:D60Q:I91C,0.8105108996779188,A28H:Q46R:D60Q:I91C,8,0.8908434202697454,0.8034475789854352,0.1256371989710989,0.8523132994458901
A28H:Q46R:D60Q:I91C:R97D,0.6388656085774767,A28H:Q46R:D60Q:I91C:R97D,8,0.9057886399259787,0.8762182476567725,0.27693924436507455,0.8342223717105315
A28H:Q46R:D60Q:I91C:T112E,0.7164106286042204,A28H:Q46R:D60Q:I91C:T112E,7,0.907525400494738,0.8718483778252514,0.27595821716225033,0.8394803235325554
A28H:Q46R:D60Q:V106M:T112E,0.8389558821123654,A28H:Q46R:D60Q:V106M:T112E,7,0.9693938283101027,1.0139419726202308,0.6719583665096122,0.7853811896116745
A28H:Q46R:D60Q:V108Q,0.9148296290736307,A28H:Q46R:D60Q:V108Q,8,0.8578922011960115,0.777299489315735,-0.01358699587271553,0.8237756074290737
A28H:Q46R:D60Q:V108Q:T112E,0.7952872622320476,A28H:Q46R:D60Q:V108Q:T112E,7,0.8745741814210041,0.8612834321359109,0.159287386529964,0.8049144411450913
A28H:Q46R:D95Q:R97D,0.7217708797518344,A28H:Q46R:D95Q:R97D,8,0.8078629228121356,0.6873777809221896,-0.29765393429035436,0.8165111345675667
A28H:Q46R:D95Q:R97D:V106M,0.9055635618719864,A28H:Q46R:D95Q:R97D:V106M,8,0.8477664884576136,0.8626531575258943,0.07879116042089128,0.763152814060354
A28H:Q46R:D95Q:T112E,0.7810470046357173,A28H:Q46R:D95Q:T112E,7,0.8095996833808948,0.6620680582467177,-0.32894104916846706,0.8211640957280854
A28H:Q46R:D95Q:V106M,0.8768285900581709,A28H:Q46R:D95Q:V106M,8,0.8328212688013804,0.7202258428325944,-0.17332441204225715,0.7964607031834626
A28H:Q46R:D95Q:V108Q:T112E,0.5560233855335538,A28H:Q46R:D95Q:V108Q:T112E,7,0.7546836021372744,0.5800387969905917,-0.6166204248492997,0.7822222503529563
A28H:Q46R:I91C:R97D:T112E,0.663390920299888,A28H:Q46R:I91C:R97D:T112E,8,0.863053624048727,0.8217971706025793,0.06669418766772484,0.8156074366092623
A28H:Q46R:I91C:R97D:V108Q,0.5372635687999316,A28H:Q46R:I91C:R97D:V108Q,7,0.791455562580114,0.6347557566008515,-0.4242935366142858,0.8138212127235895
A28H:Q46R:I91C:V106M:T112E,0.8966689533328226,A28H:Q46R:I91C:V106M:T112E,8,0.8880119700379718,0.874900436938395,0.22033891121031104,0.8106705805295759
A28H:Q46R:I91C:V106M:V108Q,0.6227639309127025,A28H:Q46R:I91C:V106M:V108Q,9,0.8164139085693588,0.7632226537124577,-0.16157561094177245,0.8151678910339204
A28H:Q46R:R59N:D60Q:D95Q,0.2643018736139761,A28H:Q46R:R59N:D60Q:D95Q,7,0.7283702990974367,0.376106523470733,-0.9927275738562704,0.858888255593666
A28H:Q46R:R59N:D95Q:R97D,0.3282001252725211,A28H:Q46R:R59N:D95Q:R97D,8,0.6838985226514257,0.3259073841057953,-1.2022057044004502,0.8075039132509574
A28H:Q46R:R59N:D95Q:T112E,0.3288327011887508,A28H:Q46R:R59N:D95Q:T112E,7,0.6856352832201851,0.32286043010346327,-1.2012720857170203,0.8007678163418417
A28H:Q46R:R59N:I91C,0.4020184434438895,A28H:Q46R:R59N:I91C,7,0.7074620240067914,0.34370369546140433,-1.1039519515083174,0.8365053200047942
A28H:Q46R:R59N:I91C:V108Q,0.2425394644471847,A28H:Q46R:R59N:I91C:V108Q,7,0.6525459427631709,0.2595367008748416,-1.3947252521666276,0.8246147446826352
A28H:Q46R:R59N:T112E,0.6867012910614335,A28H:Q46R:R59N:T112E,8,0.7461088664016705,0.4773674725877376,-0.7915975359318058,0.814105674191184
A28H:Q46R:R59N:V106M:V108Q,0.3921327519036298,A28H:Q46R:R59N:V106M:V108Q,7,0.7144143705785356,0.4176257735155846,-0.9755749709814536,0.8000270816011028
A28H:Q46R:R59N:V108Q,0.434657307798847,A28H:Q46R:R59N:V108Q,9,0.6745108049330575,0.3515409304740672,-1.1939894478030835,0.8282446509384596
A28H:Q46R:R97D:V106M:T112E,0.947971847612484,A28H:Q46R:R97D:V106M:T112E,8,0.9249220518640917,0.9844142970177762,0.49239788619110436,0.7808848865457493
A28H:Q46R:R97D:V108Q:T112E,0.7554044898586271,A28H:Q46R:R97D:V108Q:T112E,8,0.8301024049749931,0.7343395540887379,-0.16126281297542744,0.8007624239197828
A28H:Q46R:V106M:V108Q:T112E,0.8070699073572984,A28H:Q46R:V106M:V108Q:T112E,8,0.855060750964238,0.8257611982426751,0.04783980353254784,0.797141316119764
A28H:Q46R:V108Q:T112E,0.8376499324122957,A28H:Q46R:V108Q:T112E,8,0.8151571853187599,0.7241056853879585,-0.22205582963058737,0.8243014417361606
A28H:Q46V:D60Q:D95Q,0.4445232506288703,A28H:Q46V:D60Q:D95Q,9,0.7117669145749163,0.545002769331143,-0.7993685940641766,0.7173455699164424
A28H:Q46V:D60Q:D95Q:R97D,0.5367466982695575,A28H:Q46V:D60Q:D95Q:R97D,7,0.7267121342311494,0.634535319500866,-0.6238072067312429,0.6646813721132913
A28H:Q46V:D60Q:D95Q:V108Q,0.3426171553337003,A28H:Q46V:D60Q:D95Q:V108Q,9,0.6568508333312958,0.44646706536143255,-1.1109376170989318,0.6535978368357045
A28H:Q46V:D60Q:I91C:V108Q,0.5538962438000147,A28H:Q46V:D60Q:I91C:V108Q,8,0.6953595543428946,0.5758594802540458,-0.8051900660894984,0.6831578818097859
A28H:Q46V:D60Q:V106M:V108Q,0.6824380773644276,A28H:Q46V:D60Q:V106M:V108Q,8,0.7572279821582594,0.6985037729966828,-0.4373387417417227,0.6416452612744175
A28H:Q46V:D95Q:R97D:V108Q,0.3598796342567453,A28H:Q46V:D95Q:R97D:V108Q,8,0.6123790568852848,0.38460319337126014,-1.3372980252925117,0.6390896738101833
A28H:Q46V:D95Q:V106M,0.5757702903674654,A28H:Q46V:D95Q:V106M,8,0.69225348411815,0.5576223222551564,-0.8411409399431011,0.6767149806101239
A28H:Q46V:D95Q:V106M:T112E,0.5626099774797515,A28H:Q46V:D95Q:V106M:T112E,9,0.7089354643431427,0.6090570003822929,-0.7153748575320513,0.6184400781751268
A28H:Q46V:D95Q:V108Q:T112E,0.4394319408407515,A28H:Q46V:D95Q:V108Q:T112E,9,0.6141158174540441,0.4261818845601002,-1.2717780541734358,0.6432570159631097
A28H:Q46V:I91C,0.6205571811308027,A28H:Q46V:I91C,7,0.6908586394842708,0.5757012511964843,-0.819266932142849,0.7789954877816742
A28H:Q46V:I91C:D95Q:T112E,0.4691934896440775,A28H:Q46V:I91C:D95Q:T112E,7,0.647067036527778,0.47016616479518736,-1.1067396781557586,0.6379219126305022
A28H:Q46V:I91C:D95Q:V108Q,0.2848102893516019,A28H:Q46V:I91C:D95Q:V108Q,8,0.5754689750591649,0.3117876172604042,-1.556243856653289,0.644835871181663
A28H:Q46V:I91C:R97D:T112E,0.5403873441565203,A28H:Q46V:I91C:R97D:T112E,8,0.7224858393654967,0.6557995198518176,-0.6060346386805171,0.6514252946232155
A28H:Q46V:I91C:R97D:V108Q,0.368436085495359,A28H:Q46V:I91C:R97D:V108Q,7,0.6508877778968837,0.4643037705485123,-1.103469088122955,0.668803974037411
A28H:Q46V:I91C:V106M,0.6855378158244978,A28H:Q46V:I91C:V106M,7,0.730762205129749,0.649552128862516,-0.5896127332480123,0.6957746025128217
A28H:Q46V:R59N,0.3670291918447049,A28H:Q46V:R59N,7,0.5888591014934477,0.29063806206760767,-1.5456563475240368,0.866171000135537
A28H:Q46V:R59N:D60Q,0.3912596481513485,A28H:Q46V:R59N:D60Q,8,0.6482760975956918,0.3673269271428472,-1.2518582237294502,0.8167599596690328
A28H:Q46V:R59N:D60Q:D95Q,0.1662066323463762,A28H:Q46V:R59N:D60Q:D95Q,7,0.5878025144142064,0.18963119721438898,-1.6950935821791495,0.7638198961819439
A28H:Q46V:R59N:I91C:D95Q,0.0872127186532089,A28H:Q46V:R59N:I91C:D95Q,8,0.5064206561420755,-0.007364819699238634,-2.2305901116143336,0.7174668470167038
A28H:Q46V:R59N:V106M,0.2773229032006585,A28H:Q46V:R59N:V106M,7,0.6287626671389257,0.2992518809274792,-1.4104192411747476,0.7878013191716824
A28H:Q46V:R97D:V106M:V108Q,0.4442365628439178,A28H:Q46V:R97D:V106M:V108Q,9,0.7127562057122484,0.6074715949113668,-0.7059142145991616,0.6466679373594106
A28H:Q46V:V108Q,0.6108661728496323,A28H:Q46V:V108Q,7,0.6579074204105371,0.5375423939400075,-0.9758742183696343,0.8044367794406604
A28H:R59N:D60Q,1.0241563966052358,A28H:R59N:D60Q,9,0.8006050695484824,0.8740282568862594,-0.049846210639588814,0.8228627431851935
A28H:R59N:D60Q:D95Q:R97D,1.1120409734180208,A28H:R59N:D60Q:D95Q:R97D,8,0.7550767060232302,0.9439545669655757,-0.08871848122493493,0.8206063421348732
A28H:R59N:D60Q:D95Q:T112E,0.8985860752708433,A28H:R59N:D60Q:D95Q:T112E,7,0.7568134665919894,0.9214866361546064,-0.11589269263412869,0.7931281236578656
A28H:R59N:D60Q:I91C:V108Q,0.8992627219272189,A28H:R59N:D60Q:I91C:V108Q,9,0.7237241261349754,0.8679855361173034,-0.2951296435404659,0.7946218980928712
A28H:R59N:D60Q:R97D:T112E,1.0510730901322327,A28H:R59N:D60Q:R97D:T112E,8,0.8322322694297083,1.0986375462757703,0.37253576964495044,0.7783380815124922
A28H:R59N:D95Q,0.749298739829281,A28H:R59N:D95Q,7,0.6807144902647527,0.6480101317689461,-0.7458251195866441,0.811262423995133
A28H:R59N:D95Q:V106M,0.7766199724212689,A28H:R59N:D95Q:V106M,7,0.7206180559102309,0.7617266631179767,-0.458473667289252,0.7794048385063619
A28H:R59N:D95Q:V106M:T112E,0.726064137578863,A28H:R59N:D95Q:V106M:T112E,8,0.7373000361352233,0.8735078223291853,-0.24536858778695253,0.7429321575260193
A28H:R59N:D95Q:V106M:V108Q,0.75114590209068,A28H:R59N:D95Q:V106M:V108Q,9,0.6657019746666104,0.7400757225171712,-0.6587679647126967,0.7519051861114988
A28H:R59N:D95Q:V108Q:T112E,0.6925423876331915,A28H:R59N:D95Q:V108Q:T112E,8,0.6424803892461248,0.7235892493532982,-0.7540740339036442,0.7412230017601228
A28H:R59N:I91C:D95Q:R97D,0.8276720570003032,A28H:R59N:I91C:D95Q:R97D,9,0.6736948477510993,0.7560948653048214,-0.6109920919917751,0.7475756441809907
A28H:R59N:I91C:D95Q:T112E,0.6843293848722376,A28H:R59N:I91C:D95Q:T112E,8,0.6754316083198587,0.7151323153330204,-0.6649334232076942,0.746478698692355
A28H:R59N:I91C:D95Q:V106M,0.676903563741013,A28H:R59N:I91C:D95Q:V106M,9,0.6986531937403442,0.776038883207669,-0.505338493207571,0.7425233326874298
A28H:R59N:I91C:D95Q:V108Q,0.5335324441540802,A28H:R59N:I91C:D95Q:V108Q,9,0.6038335468512457,0.5801504439101339,-1.0805757726445535,0.759128493734821
A28H:R59N:I91C:T112E,0.8341793620523716,A28H:R59N:I91C:T112E,7,0.7359051915013441,0.7679848464234416,-0.40238266449442656,0.7669333062093852
A28H:R59N:I91C:V106M:T112E,0.7662982450034103,A28H:R59N:I91C:V106M:T112E,7,0.7758087571468223,0.916104900498804,-0.06523925884124969,0.7345964719079273
A28H:R59N:I91C:V106M:V108Q,0.6229370879278634,A28H:R59N:I91C:V106M:V108Q,8,0.7042106956782093,0.8233694580831857,-0.41973867709308943,0.7639945222034454
A28H:R59N:V106M:V108Q,0.8508427021628113,A28H:R59N:V106M:V108Q,8,0.7261755578480958,0.7982147769122035,-0.38856606155438667,0.790313611277253
A28H:R97D:V106M:T112E,1.123309176765471,A28H:R97D:V106M:T112E,9,0.9366832391336519,1.1904771118238018,0.8268163876302552,0.7595477237392995
A28H:R97D:V106M:V108Q:T112E,1.021105328083115,A28H:R97D:V106M:V108Q:T112E,9,0.8817671578900315,1.1916993991981892,0.6596263368125029,0.743707777979988
A28H:V106M:V108Q:T112E,0.9323521103106166,A28H:V106M:V108Q:T112E,9,0.8668219382337983,1.0495588456275138,0.407925791512577,0.776138201903167
A28K:D60Q:D95Q:R97D:V106M,1.0606302921759772,A28K:D60Q:D95Q:R97D:V106M,7,0.8756409099746191,1.255323476109335,0.7328604854898999,0.7324354121189451
A28K:D60Q:D95Q:V106M,0.9020407965556932,A28K:D60Q:D95Q:V106M,9,0.8606956903183858,1.0224397519574508,0.34982804860210015,0.7790793485573265
A28K:D60Q:D95Q:V106M:V108Q,0.7428027208649075,A28K:D60Q:D95Q:V106M:V108Q,7,0.8057796090747653,1.0197258745165307,0.1769412167760917,0.7316287420810818
A28K:D60Q:D95Q:V108Q,0.7928632035531578,A28K:D60Q:D95Q:V108Q,7,0.7658760434292873,0.8429242419911234,-0.20171281637052646,0.7845166944484782
A28K:D60Q:D95Q:V108Q:T112E,0.8100674504269484,A28K:D60Q:D95Q:V108Q:T112E,8,0.7825580236542798,0.9854100453092575,0.05583085796229192,0.7510339220936757
A28K:D60Q:I91C:D95Q,0.8920823565674155,A28K:D60Q:I91C:D95Q,9,0.798827262503021,0.8979180324851407,-0.020740460985582326,0.7968096118015513
A28K:D60Q:I91C:D95Q:V108Q,0.7585930309709974,A28K:D60Q:I91C:D95Q:V108Q,7,0.7439111812594006,0.8878321387491492,-0.204296755192585,0.7525174847203866
A28K:D60Q:I91C:R97D:T112E,0.9709645407224048,A28K:D60Q:I91C:R97D:T112E,7,0.8909280455657324,1.2033849802022087,0.7047238828774153,0.7115013777689043
A28K:D60Q:I91C:R97D:V106M,1.0365493829297283,A28K:D60Q:I91C:R97D:V106M,8,0.9141496309862179,1.29747768110618,0.9123488475050734,0.6675743228356897
A28K:D60Q:I91C:V106M:V108Q,0.9406827768536546,A28K:D60Q:I91C:V106M:V108Q,8,0.8442883300863642,1.1276904043573375,0.4516763548561931,0.7026929521552492
A28K:D60Q:R97D:T112E,1.006390491456614,A28K:D60Q:R97D:T112E,7,0.912892907735619,1.1235255219017912,0.6567226959879546,0.757179113587728
A28K:D60Q:R97D:V106M,1.026386818430456,A28K:D60Q:R97D:V106M,8,0.9361144931561045,1.1821295891286026,0.8129852345416917,0.7186424196185648
A28K:D60Q:R97D:V106M:T112E,1.016763708675491,A28K:D60Q:R97D:V106M:T112E,9,0.9527964733810971,1.3364561615235946,1.0876659627239484,0.6953119658209481
A28K:D60Q:R97D:V108Q,0.889587340908578,A28K:D60Q:R97D:V108Q,8,0.841294846267006,0.9541401004078308,0.19128835361947605,0.7444288109370711
A28K:D60Q:R97D:V108Q:T112E,0.9359481765208724,A28K:D60Q:R97D:V108Q:T112E,7,0.8579768264919986,1.1182275720989836,0.48009595614338163,0.7145518797068998
A28K:D60Q:T112E,1.0573353379171266,A28K:D60Q:T112E,7,0.8979476880793857,0.9960086663338051,0.4261869161287977,0.7861634168285193
A28K:D60Q:V106M:T112E,0.9678705031291104,A28K:D60Q:V106M:T112E,9,0.9378512537248638,1.1297528702107043,0.7425242645585443,0.7423643527795891
A28K:D60Q:V106M:V108Q:T112E,0.9629242122973478,A28K:D60Q:V106M:V108Q:T112E,9,0.8829351724812434,1.1755934981387313,0.6399099942308215,0.7071484922168703
A28K:D60Q:V108Q:T112E,0.8876688722650772,A28K:D60Q:V108Q:T112E,7,0.8430316068357653,1.01753729393962,0.2883860750635702,0.7514269448385504
A28K:D95Q:R97D:T112E,1.0233392638361276,A28K:D95Q:R97D:T112E,9,0.7930023284518892,1.0022689364658846,0.11236435621314639,0.7440616642570235
A28K:D95Q:R97D:V106M:V108Q,0.8214360866082133,A28K:D95Q:R97D:V106M:V108Q,8,0.7613078326287543,1.0154322654131809,0.03390180646820015,0.6680581161800554
A28K:D95Q:R97D:V108Q,0.9263105509358942,A28K:D95Q:R97D:V108Q,8,0.7214042669832763,0.7992114020009534,-0.4018033758078411,0.719991704966263
A28K:D95Q:R97D:V108Q:T112E,0.758773447986582,A28K:D95Q:R97D:V108Q:T112E,9,0.7380862472082688,0.950489548500682,-0.13153461093506708,0.6886625178103347
A28K:G33T:D60Q:I91C:D95Q,0.9189589012654747,A28K:G33T:D60Q:I91C:D95Q,8,0.8598266896798037,1.1417905818231662,0.5198899505482242,0.6898371094959808
A28K:G33T:D60Q:I91C:T112E,0.9975747897917112,A28K:G33T:D60Q:I91C:T112E,8,0.9369822530862818,1.3004859143640017,0.9869512493328307,0.6807925194549649
A28K:G33T:D60Q:I91C:V108Q,0.9751086597568293,A28K:G33T:D60Q:I91C:V108Q,7,0.8653841916176688,1.2000796250378265,0.621349873452754,0.6835353489650365
A28K:G33T:D60Q:R97D,1.0825417249634743,A28K:G33T:D60Q:R97D,9,0.9572103546874091,1.213266678288615,0.9229548610446052,0.7152301460032208
A28K:G33T:D60Q:V106M,1.0694234561696638,A28K:G33T:D60Q:V106M,9,0.982168700676654,1.2421638136934807,1.041566237803916,0.6852409484392327
A28K:G33T:D60Q:V106M:V108Q,1.1366429023215223,A28K:G33T:D60Q:V106M:V108Q,7,0.9272526194330335,1.2949628522034442,0.9490228214954819,0.6706607773035048
A28K:G33T:D95Q,1.0709877995687664,A28K:G33T:D95Q,9,0.8223745557474461,0.9158488885334767,0.07765815027741588,0.7086160792799546
A28K:G33T:D95Q:R97D:V106M,1.0915440591347996,A28K:G33T:D95Q:R97D:V106M,9,0.8772233410491574,1.313675994864914,0.8221822659564737,0.6317005405534091
A28K:G33T:D95Q:T112E,0.8953970172594102,A28K:G33T:D95Q:T112E,8,0.8390565359724387,1.0312125575076516,0.2959481685557013,0.6966976896978297
A28K:G33T:D95Q:V106M,1.119439037932184,A28K:G33T:D95Q:V106M,7,0.8622781213929241,1.075448703584629,0.4314161255369947,0.6739808021374237
A28K:G33T:D95Q:V106M:T112E,0.948248866835068,A28K:G33T:D95Q:V106M:T112E,8,0.8789601016179167,1.2142949346184713,0.6836922749463913,0.658882312022854
A28K:G33T:D95Q:V106M:V108Q,0.9433283433220482,A28K:G33T:D95Q:V106M:V108Q,7,0.8073620401493037,1.0817663039321976,0.27160048192492026,0.6466287184358352
A28K:G33T:I91C:D95Q:R97D,0.961165983879942,A28K:G33T:I91C:D95Q:R97D,9,0.8153549132337927,1.169510784934038,0.4231838839851385,0.6259463233178596
A28K:G33T:I91C:D95Q:V108Q,0.7413010228263669,A28K:G33T:I91C:D95Q:V108Q,9,0.7454936123339391,0.9690867623112394,-0.08182893490485327,0.6411492704743607
A28K:G33T:I91C:R97D:V108Q,1.0906680446142225,A28K:G33T:I91C:R97D:V108Q,8,0.8209124151716578,1.1012153196088366,0.3414390230389262,0.6395196877380461
A28K:G33T:I91C:T112E,0.9247072670174732,A28K:G33T:I91C:T112E,9,0.8775652569840375,1.0952217498382029,0.5070670853418919,0.6774367959883126
A28K:G33T:Q46C:D60Q:D95Q,0.5453389910029058,A28K:G33T:Q46C:D60Q:D95Q,8,0.709709908131555,0.6564428737404302,-0.6444109345519109,0.6853072334866784
A28K:G33T:Q46C:D60Q:I91C,0.7083158938275561,A28K:G33T:Q46C:D60Q:I91C,9,0.7482186291431538,0.741772491126432,-0.4024351308611134,0.6296012870429593
A28K:G33T:Q46C:D95Q:R97D,0.7348059059944672,A28K:G33T:Q46C:D95Q:R97D,7,0.665238131685544,0.6796306109667383,-0.747676804066168,0.6153566264290988
A28K:G33T:Q46C:I91C,0.658598123654317,A28K:G33T:Q46C:I91C,8,0.6888016330409096,0.6392102260626422,-0.7336796270993982,0.5895663004536036
A28K:G33T:Q46C:I91C:T112E,0.609507299150338,A28K:G33T:Q46C:I91C:T112E,9,0.7054836132659021,0.6953891471253459,-0.6010472384430445,0.5907106621476039
A28K:G33T:Q46C:I91C:V106M,0.6590646754401591,A28K:G33T:Q46C:I91C:V106M,8,0.7287051986863877,0.7454659559477229,-0.4571261352738105,0.5721760295224344
A28K:G33T:Q46C:R59N:D60Q,0.5304199116601775,A28K:G33T:Q46C:R59N:D60Q,9,0.6462190911523307,0.4676419306221604,-1.113001837072004,0.6965712030263247
A28K:G33T:Q46C:R59N:I91C,0.3168788531789418,A28K:G33T:Q46C:R59N:I91C,8,0.5648372328801998,0.2793864760549607,-1.6358482179709872,0.592456337163987
A28K:G33T:Q46C:R59N:T112E,0.4733390236339958,A28K:G33T:Q46C:R59N:T112E,9,0.603484075275079,0.40624666311602653,-1.3333405858729126,0.628024139367626
A28K:G33T:Q46C:V106M:T112E,0.6476097131341773,A28K:G33T:Q46C:V106M:T112E,9,0.7673520410812669,0.7848974330839855,-0.2811534013941773,0.624522571412857
A28K:G33T:Q46C:V108Q:T112E,0.679964366990099,A28K:G33T:Q46C:V108Q:T112E,7,0.6725323941921684,0.66409699296646,-0.7477163981860098,0.6240195855443073
A28K:G33T:Q46I:D60Q:D95Q,0.6325170188376541,A28K:G33T:Q46I:D60Q:D95Q,8,0.7074037347822636,0.6769385653325912,-0.6218430291163111,0.6150474278010144
A28K:G33T:Q46I:D60Q:I91C,0.7972093112523128,A28K:G33T:Q46I:D60Q:I91C,7,0.7459124557938625,0.8088857316389066,-0.31239800607069784,0.5986871588033134
A28K:G33T:Q46I:D60Q:V106M,0.8400712082916654,A28K:G33T:Q46I:D60Q:V106M,9,0.8077808836092272,0.9106267276758704,0.02520013801904599,0.5678585597155205
A28K:G33T:Q46I:D95Q:R97D,0.7893105926006319,A28K:G33T:Q46I:D95Q:R97D,9,0.6629319583362525,0.6594050390534497,-0.7840444695365117,0.5733973699909126
A28K:G33T:Q46I:D95Q:V106M,0.7097804800679807,A28K:G33T:Q46I:D95Q:V106M,9,0.6878903043254974,0.6897695691025143,-0.6633093438152216,0.5647238528976426
A28K:G33T:Q46I:I91C:V108Q,0.6951853782323152,A28K:G33T:Q46I:I91C:V108Q,8,0.6315793784479977,0.6203775599621195,-0.9369904086362781,0.5812462084357128
A28K:G33T:Q46I:R59N:I91C,0.3623876768525875,A28K:G33T:Q46I:R59N:I91C,8,0.5625310595309083,0.42650452683461637,-1.4300207477339733,0.5932234229722644
A28K:G33T:Q46I:T112E,0.9473277026553772,A28K:G33T:Q46I:T112E,9,0.7251423020864973,0.7875302105957487,-0.407208746554403,0.6169429982425093
A28K:G33T:Q46I:V108Q,0.7505958503942332,A28K:G33T:Q46I:V108Q,8,0.6535442406178844,0.6362296175549313,-0.8464690560498738,0.5874216769273654
A28K:G33T:Q46R,0.9368086612247734,A28K:G33T:Q46R,7,0.8710869516593713,0.8803047993683656,0.17608778428285796,0.7447228346398977
A28K:G33T:Q46R:D95Q,0.8155906316095339,A28K:G33T:Q46R:D95Q,8,0.8106133684778858,0.7604877560130903,-0.18338019705634995,0.7320426665088342
A28K:G33T:Q46R:I91C:V106M,0.8870155773509151,A28K:G33T:Q46R:I91C:V106M,9,0.8890256551349628,1.0052946839042556,0.4121762820085394,0.6833287693464171
A28K:G33T:Q46R:R59N:V106M,0.5432979980388396,A28K:G33T:Q46R:R59N:V106M,9,0.7870261171441396,0.664657967634431,-0.39464427099858146,0.7388983608181712
A28K:G33T:Q46R:R59N:V108Q,0.5809285563576413,A28K:G33T:Q46R:R59N:V108Q,7,0.692206470255041,0.514806211286338,-0.9032530139247024,0.7519139574258433
A28K:G33T:Q46R:R97D,0.8985104129264039,A28K:G33T:Q46R:R97D,9,0.8860321713156045,0.912737357835137,0.26900879359098595,0.7152334681029615
A28K:G33T:Q46R:R97D:V106M,0.9514272330078846,A28K:G33T:Q46R:R97D:V106M,7,0.9259357369610827,1.0795799200014684,0.6332491409435463,0.6666495119667453
A28K:G33T:Q46R:V106M,0.993967579396914,A28K:G33T:Q46R:V106M,9,0.9109905173048494,0.9679609257897928,0.4257222133291706,0.7142069622215313
A28K:G33T:Q46V:D95Q:R97D,0.7349384107420471,A28K:G33T:Q46V:D95Q:R97D,8,0.6849908034508888,0.6881403231630672,-0.6745881672920139,0.6491341640523837
A28K:G33T:Q46V:D95Q:V106M,0.6067648111217553,A28K:G33T:Q46V:D95Q:V106M,8,0.7099491494401337,0.6953422250059517,-0.5873761349008373,0.6354442013581815
A28K:G33T:Q46V:I91C,0.660512939974164,A28K:G33T:Q46V:I91C,7,0.7085543048062544,0.6928422839531185,-0.5952857670788184,0.7145700908385256
A28K:G33T:Q46V:I91C:V106M,0.6042180793941452,A28K:G33T:Q46V:I91C:V106M,7,0.7484578704517325,0.8004883375677401,-0.31672007043218925,0.6243339696625083
A28K:G33T:Q46V:R59N:D60Q,0.4076280073418284,A28K:G33T:Q46V:R59N:D60Q,8,0.6659717629176755,0.5069755681260822,-0.9953019707046908,0.823243827265813
A28K:G33T:Q46V:R59N:R97D,0.3423879463832669,A28K:G33T:Q46V:R59N:R97D,7,0.6214999864716645,0.40092070315624434,-1.285619662537286,0.7724671482378903
A28K:G33T:Q46V:R97D:T112E,0.7877862597293973,A28K:G33T:Q46V:R97D:T112E,8,0.7621463668573668,0.8259657804707268,-0.2377316781258133,0.6717564447913467
A28K:G33T:Q46V:R97D:V108Q,0.5606037559070789,A28K:G33T:Q46V:R97D:V108Q,9,0.6905483053887538,0.6220541796679736,-0.7531354937767787,0.6802508802356703
A28K:G33T:Q46V:V106M,0.8096285958237804,A28K:G33T:Q46V:V106M,7,0.7704227326216191,0.7753145296494964,-0.28557513688742253,0.7221069425793697
A28K:G33T:Q46V:V106M:V108Q,0.7422177098999456,A28K:G33T:Q46V:V106M:V108Q,7,0.7155066513779986,0.7120547167993465,-0.5460896345126465,0.6818624021974614
A28K:G33T:R59N:D60Q:D95Q,0.9100548744139932,A28K:G33T:R59N:D60Q:D95Q,8,0.7578271516889805,0.975042646616022,-0.03526270947477621,0.7907580005477327
A28K:G33T:R59N:D60Q:I91C,0.9304024266701898,A28K:G33T:R59N:D60Q:I91C,7,0.7963358727005794,1.0445132403412,0.18376045146866588,0.7338970767109809
A28K:G33T:R59N:D60Q:R97D,1.029748158150623,A28K:G33T:R59N:D60Q:R97D,7,0.8332459545266993,1.1386268680655829,0.4335307888239458,0.7546891484173265
A28K:G33T:R59N:D60Q:T112E,1.1130874755250946,A28K:G33T:R59N:D60Q:T112E,8,0.8349827150954585,1.1608207367859145,0.4709952557482904,0.7447128832907443
A28K:G33T:R59N:D60Q:V108Q,1.0600810549296944,A28K:G33T:R59N:D60Q:V108Q,9,0.7633846536268455,1.047095126834551,0.08611692975541282,0.7597980910034422
A28K:G33T:R59N:D95Q:V106M,0.87508690686598,A28K:G33T:R59N:D95Q:V106M,7,0.7383137212322144,0.9406589902609911,-0.14506243797411655,0.7200716973111831
A28K:G33T:R59N:I91C:T112E,0.9728269992337664,A28K:G33T:R59N:I91C:T112E,7,0.7536008568233277,0.9662977293535759,-0.060922106119657704,0.6797841589565801
A28K:G33T:R59N:R97D,1.0781156253096311,A28K:G33T:R59N:R97D,8,0.773828958424455,0.9189429288479417,-0.06722300397124324,0.7291188908392936
A28K:G33T:R59N:R97D:T112E,0.9695242180254195,A28K:G33T:R59N:R97D:T112E,7,0.7905109386494475,1.0688026201537828,0.2009928416288992,0.6947707631496071
A28K:G33T:R59N:V106M:T112E,0.968150711144005,A28K:G33T:R59N:V106M:T112E,9,0.8154692846386924,1.0740768911432124,0.28541502873865243,0.7037745910483705
A28K:G33T:R97D:T112E,0.9882010191391598,A28K:G33T:R97D:T112E,7,0.9144753388101574,1.162227088379707,0.717603804637591,0.6919044337725306
A28K:G33T:R97D:V106M:T112E,1.1430431487905222,A28K:G33T:R97D:V106M:T112E,9,0.9543789044556354,1.382267910849467,1.1588375842240493,0.6478105726578663
A28K:G33T:R97D:V106M:V108Q,0.9229756297533516,A28K:G33T:R97D:V106M:V108Q,8,0.8827808429870225,1.2166220783946715,0.6988155202576715,0.6460216999338825
A28K:G33T:R97D:V108Q,0.8817608457485591,A28K:G33T:R97D:V108Q,8,0.8428772773415444,0.9957518176623663,0.25638130106481927,0.6874148490888516
A28K:G33T:R97D:V108Q:T112E,0.9898558734315324,A28K:G33T:R97D:V108Q:T112E,7,0.859559257566537,1.1659606163653877,0.5540482530069513,0.6693757226663588
A28K:G33T:V106M:V108Q:T112E,1.1772929034331443,A28K:G33T:V106M:V108Q:T112E,9,0.8845176035557818,1.2250931581246918,0.716419100413177,0.6753819469740782
A28K:G33T:V108Q:T112E,0.9718540914957144,A28K:G33T:V108Q:T112E,7,0.8446140379103036,1.0599267710776235,0.354604668395461,0.7018871129436426
A28K:I91C:D95Q:R97D:V108Q,0.8381054825802919,A28K:I91C:D95Q:R97D:V108Q,8,0.6994394048133896,0.8630149980255818,-0.37703971467649444,0.6695702749619923
A28K:I91C:D95Q:T112E,0.9074645939640508,A28K:I91C:D95Q:T112E,9,0.7560922466257695,0.8681482977139658,-0.19530781994025045,0.7437646839404519
A28K:I91C:D95Q:V108Q:T112E,0.7463969412914576,A28K:I91C:D95Q:V108Q:T112E,9,0.701176165382149,0.8601354711845265,-0.37586377995260845,0.6989353902069524
A28K:I91C:R97D:V108Q,0.8224947275489878,A28K:I91C:R97D:V108Q,7,0.7599129879948752,0.8465631334597344,-0.2147926737922901,0.6885093185738186
A28K:I91C:T112E,0.8889583301076511,A28K:I91C:T112E,8,0.8165658298072549,0.8841674903470121,0.013934331831910958,0.744756695318644
A28K:I91C:V106M:V108Q:T112E,0.9197512734035436,A28K:I91C:V106M:V108Q:T112E,8,0.8015533142091126,1.062903658224347,0.2264291451706574,0.6875439715826253
A28K:Q46C:D60Q:I91C,0.5632482535044234,A28K:Q46C:D60Q:I91C,8,0.6872192019663712,0.5740419632212932,-0.8328657814646332,0.7593292840810307
A28K:Q46C:D60Q:T112E,0.6801281324241973,A28K:Q46C:D60Q:T112E,7,0.7258660443612504,0.6633428793330279,-0.5847173928098178,0.7853344691891531
A28K:Q46C:D95Q:T112E,0.596407251214372,A28K:Q46C:D95Q:T112E,9,0.6059754650775206,0.4995576760100706,-1.1906270735610327,0.7689177864957514
A28K:Q46C:D95Q:V108Q:T112E,0.4613418295664788,A28K:Q46C:D95Q:V108Q:T112E,7,0.5510593838339002,0.3998336608337815,-1.5039159302488931,0.7240627423814737
A28K:Q46C:I91C:V106M,0.573636262302328,A28K:Q46C:I91C:V106M,7,0.6677057715096051,0.5847503217150466,-0.8774041843163367,0.6955955513861847
A28K:Q46C:R59N:D60Q,0.3936657683568256,A28K:Q46C:R59N:D60Q,8,0.585219663975548,0.336410800960506,-1.4906071898329052,0.7834572515996041
A28K:Q46C:R59N:D60Q:T112E,0.4508838503804922,A28K:Q46C:R59N:D60Q:T112E,7,0.6019016442005406,0.38170243159452033,-1.3737318927252398,0.7504266168480848
A28K:Q46C:R59N:D60Q:V108Q,0.2826845184006312,A28K:Q46C:R59N:D60Q:V108Q,8,0.5303035827319276,0.2487794625759155,-1.786394408576638,0.7537849754033017
A28K:Q46C:R59N:D95Q:T112E,0.2410599969547981,A28K:Q46C:R59N:D95Q:T112E,9,0.48201106491681084,0.16048701820999672,-2.062759873987285,0.7302328500051835
A28K:Q46C:R59N:I91C:T112E,0.2271371506454552,A28K:Q46C:R59N:I91C:T112E,8,0.5205197859284098,0.17832687499057104,-1.918461480798595,0.6468743094988918
A28K:Q46C:R59N:V106M,0.3276466685639285,A28K:Q46C:R59N:V106M,7,0.5657062335187819,0.2716361405598722,-1.6443915843186714,0.7172554760842541
A28K:Q46C:R97D:V106M,0.7775939535803711,A28K:Q46C:R97D:V106M,7,0.704615853335725,0.6764212574967805,-0.6311691361882217,0.6954798747344539
A28K:Q46C:R97D:V106M:T112E,0.6953423284285796,A28K:Q46C:R97D:V106M:T112E,8,0.7212978335607175,0.7410934394134092,-0.486244516540259,0.6874583038815568
A28K:Q46C:R97D:V108Q:T112E,0.5199917880635506,A28K:Q46C:R97D:V108Q:T112E,8,0.6264781866716189,0.5209555019106334,-1.0965779078824447,0.684974367731083
A28K:Q46C:V106M,0.6765318616534834,A28K:Q46C:V106M,9,0.6896706336794917,0.6099380619720991,-0.7733713701432825,0.7409223872513709
A28K:Q46C:V106M:V108Q,0.5253018146895684,A28K:Q46C:V106M:V108Q,9,0.6347545524358712,0.5165936297753131,-1.0774271055408735,0.7272758564078682
A28K:Q46C:V108Q:T112E,0.5821690903153399,A28K:Q46C:V108Q:T112E,8,0.6115329670153857,0.5127777044348555,-1.1543951884961008,0.7245474978815465
A28K:Q46I:D60Q,0.7624707987339493,A28K:Q46I:D60Q,8,0.7068778907869664,0.6503469347772266,-0.661946743383542,0.6743142810823924
A28K:Q46I:D60Q:D95Q,0.4419722254066435,A28K:Q46I:D60Q:D95Q,7,0.646404307605481,0.4830781713210426,-1.0900912335997843,0.7117765244511732
A28K:Q46I:D60Q:D95Q:V106M,0.5192404571233498,A28K:Q46I:D60Q:D95Q:V106M,7,0.686307873250959,0.5688107802912888,-0.8432406965394785,0.6647907730974938
A28K:Q46I:D60Q:I91C:R97D,0.4603124584972377,A28K:Q46I:D60Q:I91C:R97D,8,0.6998582482733131,0.6148059139999299,-0.7349821633409138,0.6378671185978456
A28K:Q46I:D60Q:I91C:T112E,0.6296705804453803,A28K:Q46I:D60Q:I91C:T112E,7,0.7015950088420724,0.6447662728233221,-0.6862773151327719,0.677591683732351
A28K:Q46I:D60Q:R97D:T112E,0.6150382475636579,A28K:Q46I:D60Q:R97D:T112E,9,0.7385050906681923,0.7171766358639302,-0.4679179455263164,0.6562386537091014
A28K:Q46I:D60Q:V108Q:T112E,0.614395542966217,A28K:Q46I:D60Q:V108Q:T112E,9,0.6686437897683386,0.6011305308855368,-0.8508112543583212,0.6412765550545294
A28K:Q46I:D95Q:R97D:V106M,0.4342719456606433,A28K:Q46I:D95Q:R97D:V106M,8,0.641836096804948,0.5961561126224266,-0.9404893106936187,0.6037400058665022
A28K:Q46I:D95Q:R97D:V108Q,0.2882226953435353,A28K:Q46I:D95Q:R97D:V108Q,8,0.5470164499158495,0.27936095266186556,-1.6907139553356922,0.5985621255097803
A28K:Q46I:I91C:D95Q:T112E,0.3433601716211813,A28K:Q46I:I91C:D95Q:T112E,7,0.5817044295583427,0.4232331485784758,-1.375765116874936,0.6738117525501937
A28K:Q46I:I91C:R97D,0.4728683684108671,A28K:Q46I:I91C:R97D,7,0.6404412521710688,0.5294647798918509,-1.0413026494392628,0.6122037501580395
A28K:Q46I:I91C:R97D:V108Q,0.3468465778801352,A28K:Q46I:I91C:R97D:V108Q,7,0.5855251709274484,0.3700724878286157,-1.4409489435095724,0.5856348967296824
A28K:Q46I:I91C:T112E,0.6221153673359541,A28K:Q46I:I91C:T112E,8,0.6421780127398282,0.5635989533188581,-0.9865570715153862,0.6668236022784239
A28K:Q46I:I91C:V106M,0.6187865305473478,A28K:Q46I:I91C:V106M,9,0.6653995981603137,0.6058648333602857,-0.8539406653860493,0.6315625672688526
A28K:Q46I:I91C:V108Q,0.4200072738020932,A28K:Q46I:I91C:V108Q,7,0.5705799512712151,0.41641275392684596,-1.4198626507851695,0.6381469280662373
A28K:Q46I:R59N:I91C,0.2948483115101102,A28K:Q46I:R59N:I91C,7,0.5015316323541258,0.25148356211289913,-1.8710027913678504,0.6235483628693177
A28K:Q46I:R59N:R97D,0.2884114978212291,A28K:Q46I:R59N:R97D,7,0.5384417141802456,0.30769014502972375,-1.6760950278811748,0.5981279354739291
A28K:Q46I:R59N:R97D:V106M,0.3278693293994986,A28K:Q46I:R59N:R97D:V106M,7,0.5783452798257237,0.3785258867472948,-1.4508046120123188,0.5596486037261944
A28K:Q46I:R59N:V106M:V108Q,0.2815763271915215,A28K:Q46I:R59N:V106M:V108Q,7,0.5084839789258699,0.24221130717199607,-1.8630323279557672,0.5926478109099909
A28K:Q46I:R97D:T112E,0.5053133845266954,A28K:Q46I:R97D:T112E,8,0.679088094565948,0.6143532817061352,-0.7995403139986113,0.6402746566080411
A28K:Q46I:R97D:V106M,0.5978427958416427,A28K:Q46I:R97D:V106M,7,0.7023096799864336,0.6526093487106839,-0.6727272793811361,0.5966438383052085
A28K:Q46I:V106M,0.7315243301601924,A28K:Q46I:V106M,7,0.6873644603302003,0.6332653527953026,-0.7467053129586343,0.6441488178719093
A28K:Q46I:V106M:V108Q,0.5621040763380499,A28K:Q46I:V106M:V108Q,9,0.6324483790865798,0.5080716544357613,-1.096856245868604,0.6223122469393311
A28K:Q46R:D60Q:D95Q:R97D,0.693582834352585,A28K:Q46R:D60Q:D95Q:R97D,8,0.8239761570595807,0.7891338234622555,-0.10080797671180353,0.8377932617669241
A28K:Q46R:D60Q:D95Q:T112E,0.6757363084960227,A28K:Q46R:D60Q:D95Q:T112E,9,0.82571291762834,0.7599260392226036,-0.13773672605640855,0.8484597546796656
A28K:Q46R:D60Q:D95Q:V108Q,0.5968874118633778,A28K:Q46R:D60Q:D95Q:V108Q,8,0.754114856159727,0.5906758247133305,-0.6029753843977461,0.819063847994108
A28K:Q46R:D60Q:I91C:R97D,0.719841674622833,A28K:Q46R:D60Q:I91C:R97D,9,0.8624848780711796,0.8519140965228582,0.10853233468405983,0.7845983312785966
A28K:Q46R:D60Q:R97D:V108Q,0.5715582415255791,A28K:Q46R:D60Q:R97D:V108Q,9,0.8295336589974457,0.744728422453048,-0.14797693165120995,0.7705658631267588
A28K:Q46R:D60Q:V106M,0.9319214521549364,A28K:Q46R:D60Q:V106M,9,0.909408086230311,0.907181867550588,0.33288852096491817,0.7985411275643094
A28K:Q46R:D60Q:V106M:V108Q,0.7843666783860155,A28K:Q46R:D60Q:V106M:V108Q,9,0.8544920049866905,0.8493239524189821,0.08019214828503861,0.7635411187656888
A28K:Q46R:D60Q:V108Q:T112E,0.8179830550799546,A28K:Q46R:D60Q:V108Q:T112E,8,0.8312704195662051,0.8233727781898594,-0.028812109830226224,0.783410831610251
A28K:Q46R:D95Q,0.7511374972910668,A28K:Q46R:D95Q,9,0.7496139413011031,0.6340237455799078,-0.5540861348894923,0.846853557236633
A28K:Q46R:D95Q:R97D,0.9371316097680868,A28K:Q46R:D95Q:R97D,7,0.7645591609573364,0.6919116983352523,-0.42432372956642517,0.8006672645785852
A28K:Q46R:D95Q:V106M:V108Q,0.5395281002757867,A28K:Q46R:D95Q:V106M:V108Q,7,0.7346014257029608,0.6126911213872569,-0.6311493427435092,0.7580253238225466
A28K:Q46R:D95Q:V108Q,0.5665134809010233,A28K:Q46R:D95Q:V108Q,7,0.6946978600574827,0.5053723919636951,-0.9092413056105162,0.7995610244449015
A28K:Q46R:I91C:D95Q:V106M,0.64832347613867,A28K:Q46R:I91C:D95Q:V106M,7,0.7675526447766947,0.7127043268738787,-0.38502073492338046,0.7723927836584487
A28K:Q46R:I91C:V106M,0.7867268098363763,A28K:Q46R:I91C:V106M,8,0.8280262279581801,0.8081584643005684,-0.060812999613543625,0.7780271909847402
A28K:Q46R:I91C:V106M:T112E,0.823707913441791,A28K:Q46R:I91C:V106M:T112E,7,0.8447082081831727,0.8560493801234069,0.059824222919893935,0.7584379706836843
A28K:Q46R:R59N,0.6877369128840197,A28K:Q46R:R59N,8,0.6861231243218788,0.4753305153123738,-0.9791023765866752,0.8242590900165512
A28K:Q46R:R59N:D60Q,0.5990335401819994,A28K:Q46R:R59N:D60Q,9,0.7455401204241231,0.5558420549126194,-0.6797717254065203,0.8488314320942104
A28K:Q46R:R59N:D60Q:R97D,0.4725053665886353,A28K:Q46R:R59N:D60Q:R97D,7,0.7604853400803564,0.573562631536498,-0.608143254060843,0.8003318695403489
A28K:Q46R:R59N:D60Q:T112E,0.6446457232879669,A28K:Q46R:R59N:D60Q:T112E,8,0.7622221006491157,0.6143997171819987,-0.5436966029304228,0.803623596028347
A28K:Q46R:R59N:D95Q:R97D,0.345120550198396,A28K:Q46R:R59N:D95Q:R97D,9,0.6405947607966267,0.35431920449469567,-1.2943171946836172,0.7842448047259457
A28K:Q46R:R59N:D95Q:V108Q,0.2728670216105953,A28K:Q46R:R59N:D95Q:V108Q,7,0.5707334598967729,0.1760030128227622,-1.7673335201836888,0.7904693631419356
A28K:Q46R:R59N:I91C:D95Q,0.23205916001815,A28K:Q46R:R59N:I91C:D95Q,7,0.6036846789705068,0.20345660062064164,-1.6262198879580854,0.8055964180050083
A28K:Q46R:R97D:V108Q:T112E,0.6225693532515513,A28K:Q46R:R97D:V108Q:T112E,7,0.7867986431201941,0.7093355269865771,-0.33068264775260037,0.730561014240337
A28K:Q46V:D60Q,0.7709848919285962,A28K:Q46V:D60Q,7,0.7289367359016026,0.6573093180688482,-0.584002192728367,0.7741421131863672
A28K:Q46V:D60Q:D95Q:V108Q,0.4016691035681655,A28K:Q46V:D60Q:D95Q:V108Q,8,0.6135470714764967,0.4045325916237955,-1.3048607568391466,0.6588396473757767
A28K:Q46V:D60Q:I91C,0.6613309619840768,A28K:Q46V:D60Q:I91C,7,0.706971873731716,0.6030097979400837,-0.7301682615976532,0.6940527927765726
A28K:Q46V:D60Q:I91C:D95Q,0.3851775902611598,A28K:Q46V:D60Q:I91C:D95Q,8,0.6464982905502306,0.4682449294148514,-1.1112701151293518,0.6526919995055276
A28K:Q46V:D60Q:I91C:R97D,0.5506696432570453,A28K:Q46V:D60Q:I91C:R97D,9,0.7219170933879493,0.6536301251130531,-0.6109242347814464,0.599157223064065
A28K:Q46V:D60Q:I91C:V106M,0.5591340523374965,A28K:Q46V:D60Q:I91C:V106M,7,0.7468754393771941,0.7035456687067483,-0.4618930778014888,0.5860433849484395
A28K:Q46V:D60Q:V106M,0.6106539407109589,A28K:Q46V:D60Q:V106M,7,0.7688403015470807,0.7046962377828848,-0.39264907626735457,0.6752214539166373
A28K:Q46V:D95Q:R97D:V108Q,0.3669743740023897,A28K:Q46V:D95Q:R97D:V108Q,7,0.5690752950304857,0.3555753464775139,-1.5125415034497092,0.5956336842056502
A28K:Q46V:D95Q:V106M,0.4573753885418778,A28K:Q46V:D95Q:V106M,9,0.648949722263351,0.5342438208012696,-1.008208163974528,0.6765166683797399
A28K:Q46V:D95Q:V108Q,0.3353667731378888,A28K:Q46V:D95Q:V108Q,7,0.5541300753742524,0.34131138643610837,-1.5791672402494965,0.6955688934789173
A28K:Q46V:I91C:D95Q,0.3924904163852009,A28K:Q46V:I91C:D95Q,9,0.5870812944479863,0.4147610665031276,-1.371483818091873,0.676993987616669
A28K:Q46V:I91C:V106M:T112E,0.4768590872924519,A28K:Q46V:I91C:V106M:T112E,7,0.7041404234999424,0.6535069875159779,-0.6657955267329448,0.5799476289888
A28K:Q46V:R59N,0.3827089378763937,A28K:Q46V:R59N,8,0.5455553396386486,0.29313753498966083,-1.6752705786361433,0.8380809188351898
A28K:Q46V:R59N:D60Q:I91C,0.2904339167336295,A28K:Q46V:R59N:D60Q:I91C,7,0.5830074735710062,0.25239935992599893,-1.6190024970113246,0.7111663832793397
A28K:Q46V:R59N:D60Q:V106M,0.3670380226381541,A28K:Q46V:R59N:D60Q:V106M,7,0.644875901386371,0.3868656589884628,-1.2340412740077906,0.7032629877373666
A28K:Q46V:R59N:I91C:D95Q,0.1273878775929405,A28K:Q46V:R59N:I91C:D95Q,9,0.4631168942872765,0.006720418427476504,-2.343436354016375,0.6903304939699364
A28K:Q46V:R59N:I91C:T112E,0.2292152298138825,A28K:Q46V:R59N:I91C:T112E,7,0.5402724576937545,0.199860663530753,-1.8265231986851,0.6526356075160773
A28K:Q46V:R59N:I91C:V108Q,0.2054524876287323,A28K:Q46V:R59N:I91C:V108Q,8,0.4686743962251415,0.06055799491653491,-2.2484190046043655,0.6842773691129883
A28K:Q46V:R59N:T112E,0.4394328542534359,A28K:Q46V:R59N:T112E,7,0.5622373198636412,0.30280088513055675,-1.6099598173631282,0.7548266497709255
A28K:Q46V:R59N:V108Q:T112E,0.3256702458951878,A28K:Q46V:R59N:V108Q:T112E,9,0.5073212386200208,0.20712536136138993,-1.9173893236318982,0.6871100859218913
A28K:Q46V:R97D:T112E,0.6723261079274512,A28K:Q46V:R97D:T112E,9,0.7011469396805843,0.642238118785373,-0.6913148571883172,0.6666873468311525
A28K:Q46V:R97D:V108Q:T112E,0.4176780779975603,A28K:Q46V:R97D:V108Q:T112E,7,0.6462308584369638,0.5208813176224519,-1.03591267834968,0.5983957437041441
A28K:Q46V:V106M:V108Q:T112E,0.4508534086941391,A28K:Q46V:V106M:V108Q:T112E,7,0.6711892044262087,0.5882120676578724,-0.8616766272742683,0.6151817024217847
A28K:Q46V:V108Q:T112E,0.6488868090982145,A28K:Q46V:V108Q:T112E,7,0.6312856387807305,0.5327977904200405,-1.0646476764270714,0.6987394034976707
A28K:R59N:D60Q,0.8790794984521095,A28K:R59N:D60Q,8,0.7573013076936833,0.8363428449703555,-0.23761971594508186,0.8186264630143556
A28K:R59N:D60Q:D95Q:R97D,0.9553114664169332,A28K:R59N:D60Q:D95Q:R97D,7,0.7117729441684311,0.9119983692139687,-0.268200139015184,0.811666180505421
A28K:R59N:D60Q:T112E,0.9887221136818448,A28K:R59N:D60Q:T112E,9,0.7739832879186759,0.9323735941597047,-0.04731008350735445,0.7767484699775279
A28K:R59N:D60Q:V106M:V108Q,0.9231421867078052,A28K:R59N:D60Q:V106M:V108Q,8,0.742288792095541,0.9459682455913863,-0.12514838354407606,0.7409649500338609
A28K:R59N:D60Q:V108Q,0.9498124452652662,A28K:R59N:D60Q:V108Q,8,0.702385226450063,0.8234827112054742,-0.42519114636982114,0.7863008463765011
A28K:R59N:D95Q:R97D:T112E,0.7894316688834049,A28K:R59N:D95Q:R97D:T112E,7,0.6690379282911795,0.8718352395157257,-0.45780977836460757,0.7162231120939738
A28K:R59N:D95Q:R97D:V106M,0.878223856465853,A28K:R59N:D95Q:R97D:V106M,8,0.6922595137116649,0.9207269557496608,-0.31560385056725,0.7081695560502328
A28K:R59N:D95Q:R97D:V108Q,0.6446753876824964,A28K:R59N:D95Q:R97D:V108Q,8,0.5974398668225664,0.6547380510772786,-0.9922969934031184,0.7108730094225213
A28K:R59N:D95Q:V106M:T112E,0.7561127505849258,A28K:R59N:D95Q:V106M:T112E,9,0.6939962742804243,0.8470047188965049,-0.4169580241866032,0.7313834264826105
A28K:R59N:I91C:D95Q:R97D,0.802760361095732,A28K:R59N:I91C:D95Q:R97D,8,0.6303910858963002,0.7429018454374703,-0.7633179470041855,0.6955952921191273
A28K:R59N:I91C:D95Q:V108Q,0.5712531167577385,A28K:R59N:I91C:D95Q:V108Q,8,0.5605297849964466,0.5589317192315753,-1.2445171683905611,0.7200173635441448
A28K:R59N:I91C:R97D:V108Q,0.6914419506683555,A28K:R59N:I91C:R97D:V108Q,9,0.6359485878341653,0.6829730136628912,-0.8329538436791697,0.6574451258033727
A28K:R59N:I91C:V106M,0.851175697013361,A28K:R59N:I91C:V106M,7,0.7158230150670306,0.7807649248546323,-0.4456725308548306,0.7138112140339621
A28K:R59N:I91C:V108Q,0.7975589528499727,A28K:R59N:I91C:V108Q,7,0.6210033681779321,0.6421191007093716,-0.9380630144477449,0.7282769085603572
A28K:R59N:R97D:T112E,0.8828461240061686,A28K:R59N:R97D:T112E,8,0.7295115114726649,0.8458151052510322,-0.3094108204901086,0.706451276834312
A28K:R59N:R97D:V108Q,0.6739701594749349,A28K:R59N:R97D:V108Q,7,0.657913450004052,0.6701349075573086,-0.7839555439499923,0.7151487174562166
A28K:R59N:R97D:V108Q:T112E,0.6379184543185813,A28K:R59N:R97D:V108Q:T112E,8,0.6745954302290444,0.8082014612840802,-0.5328078154995497,0.6656977316532635
A28K:R59N:V106M:V108Q:T112E,0.7124872829133183,A28K:R59N:V106M:V108Q:T112E,8,0.6995537762182893,0.8661695759533478,-0.3721222344485898,0.6961595306978936
A28K:R97D:V106M:V108Q,0.8368655642945927,A28K:R97D:V106M:V108Q,7,0.8217814158102399,0.962849933407221,0.14385750021882007,0.6909034341472485
D60Q:D95Q:R97D:V108Q,1.0892576277461907,D60Q:D95Q:R97D:V108Q,9,0.781587368817614,0.8928977869770629,-0.08104781235166507,0.7886552283305515
D60Q:D95Q:T112E,1.011225440922152,D60Q:D95Q:T112E,8,0.8382402106299938,0.9085619402462806,0.11592530562978233,0.8162010543828409
D60Q:I91C:D95Q:R97D,1.1623790734643926,D60Q:I91C:D95Q:R97D,9,0.8145385878913478,1.0046755592823409,0.18210756237676,0.8041375623818846
D60Q:I91C:D95Q:R97D:V106M,1.1808262455109475,D60Q:I91C:D95Q:R97D:V106M,7,0.854442153536826,1.2589097069693984,0.6728290780837918,0.7406534276927262
D60Q:I91C:D95Q:R97D:V108Q,0.9458420220419448,D60Q:I91C:D95Q:R97D:V108Q,7,0.7596225066477273,0.9557322347933954,-0.05768679195470387,0.7631893059614352
D60Q:I91C:D95Q:V106M,1.0661469881853785,D60Q:I91C:D95Q:V106M,9,0.8394969338805927,1.0074721659580852,0.2629438450162166,0.7742526649334138
D60Q:I91C:D95Q:V106M:T112E,0.9515164395675578,D60Q:I91C:D95Q:V106M:T112E,8,0.8561789141055852,1.1303182442728463,0.4920630966796693,0.7509458756901339
D60Q:I91C:D95Q:V108Q:T112E,0.7992549884423247,D60Q:I91C:D95Q:V108Q:T112E,8,0.7613592672164867,0.9429146845465306,-0.07089408193158456,0.7567579546992979
D60Q:I91C:R97D:V106M:V108Q,0.9499756670690468,D60Q:I91C:R97D:V106M:V108Q,8,0.859999655474691,1.1825489377601843,0.5794113649710304,0.7379557537058536
D60Q:I91C:R97D:V108Q:T112E,0.9255602377740236,D60Q:I91C:R97D:V108Q:T112E,9,0.8367780700542055,1.1004394261208184,0.38912957783316116,0.7638822511383976
D60Q:I91C:V106M:V108Q:T112E,0.9975141079461288,D60Q:I91C:V106M:V108Q:T112E,9,0.8617364160434503,1.1618096150400952,0.5547389547324958,0.7504266772740121
D60Q:R97D:V108Q,0.9892672729898044,D60Q:R97D:V108Q,8,0.8420609519990995,0.8894938552663963,0.10008340121690526,0.8077122731359223
D60Q:R97D:V108Q:T112E,0.8867518997737324,D60Q:R97D:V108Q:T112E,9,0.858742932224092,1.0260421838748686,0.3490338141518622,0.7851632351790709
D60Q:V106M:T112E,1.0452307391820963,D60Q:V106M:T112E,9,0.9386173594569573,1.040782398297737,0.6161150461725753,0.7895932642873884
D95Q:R97D:V106M:V108Q:T112E,1.0308916387876894,D95Q:R97D:V106M:V108Q:T112E,9,0.7787559185858405,1.0867723568125185,0.19083390021126573,0.7084893989065304
D95Q:V106M:V108Q:T112E,0.9113628343613436,D95Q:V106M:V108Q:T112E,7,0.7638106989296072,0.8978716157717633,-0.12854230411749393,0.7475367262282372
G2E:A28H:D60Q:D95Q:R97D,1.0605409680746134,G2E:A28H:D60Q:D95Q:R97D,8,0.8978531864855327,1.178350608201435,0.6897982527085633,0.7739726813011025
G2E:A28H:D60Q:V106M,0.9752935926483254,G2E:A28H:D60Q:V106M,9,0.983285115656263,1.2103457965723103,0.9989511153599033,0.7304381350925233
G2E:A28H:D60Q:V108Q,1.085127523662512,G2E:A28H:D60Q:V108Q,9,0.8884654687671645,1.0722437376293414,0.5073476189544461,0.7567554451061237
G2E:A28H:D95Q:R97D,1.0301725414758698,G2E:A28H:D95Q:R97D,7,0.8384361903832884,0.9806884669746478,0.22091643846317172,0.7618682913989211
G2E:A28H:D95Q:T112E,0.8638856431320415,G2E:A28H:D95Q:T112E,8,0.8401729509520478,0.9512658240876819,0.1836767258538383,0.763345257860832
G2E:A28H:D95Q:V108Q,0.8575165872985044,G2E:A28H:D95Q:V108Q,9,0.7685748894834348,0.8203888232297201,-0.2260246760432558,0.7512967107171745
G2E:A28H:G33T:D60Q,1.1493892625715116,G2E:A28H:G33T:D60Q,8,1.0043809771875676,1.2569583237213489,1.131318224022984,0.681566440292197
G2E:A28H:G33T:D60Q:R97D,1.066959266672257,G2E:A28H:G33T:D60Q:R97D,8,1.0193261968438008,1.4013387316177488,1.3862604932300047,0.7014602886167036
G2E:A28H:G33T:D60Q:T112E,1.0866777942879404,G2E:A28H:G33T:D60Q:T112E,9,1.02106295741256,1.4121283206190336,1.4072196339892329,0.6846351027050595
G2E:A28H:G33T:D60Q:V108Q,1.0034184991067048,G2E:A28H:G33T:D60Q:V108Q,8,0.9494648959439471,1.3100887057349098,1.0392543586142384,0.68943904351523
G2E:A28H:G33T:D95Q:V106M,0.9382121734664112,G2E:A28H:G33T:D95Q:V106M,8,0.9243939635493159,1.2220239157615334,0.8346636992642479,0.6463484354060202
G2E:A28H:G33T:I91C,1.0308292980876057,G2E:A28H:G33T:I91C,7,0.9229991189154367,1.1230307248995115,0.6871001301372506,0.6930038010187568
G2E:A28H:G33T:I91C:V106M,0.9547547557941422,G2E:A28H:G33T:I91C:V106M,9,0.9629026845609148,1.3343204278188616,1.11566848182753,0.6723345208599105
G2E:A28H:G33T:Q46C,0.8059887778474013,G2E:A28H:G33T:Q46C,7,0.772882337367188,0.7392063370711126,-0.33026683581630534,0.5978483370781825
G2E:A28H:G33T:Q46C:T112E,0.7049338741636314,G2E:A28H:G33T:Q46C:T112E,8,0.7895643175921805,0.8047219434904338,-0.18412153438435103,0.6162258824357646
G2E:A28H:G33T:Q46I,0.7033424876444867,G2E:A28H:G33T:Q46I,7,0.7705761640178965,0.7772360878715184,-0.2823220215920523,0.6941187947265436
G2E:A28H:G33T:Q46I:D95Q,0.6246039600049534,G2E:A28H:G33T:Q46I:D95Q,8,0.7101025808364111,0.6207511506686746,-0.6948591631633773,0.6716870885343544
G2E:A28H:G33T:Q46I:R59N,0.6221126387572782,G2E:A28H:G33T:Q46I:R59N,9,0.6466117638571868,0.5206866618224069,-1.0350224791477602,0.7584858501794733
G2E:A28H:G33T:Q46I:V108Q,0.6555540883909076,G2E:A28H:G33T:Q46I:V108Q,9,0.7156600827742762,0.6925756049533391,-0.5738095441102843,0.705644109614718
G2E:A28H:G33T:Q46R:V108Q,0.8059938134661261,G2E:A28H:G33T:Q46R:V108Q,8,0.8782867125721426,0.8446757037305721,0.1466734093138613,0.7209322012228687
G2E:A28H:G33T:Q46V:R59N,0.4644713376398497,G2E:A28H:G33T:Q46V:R59N,8,0.668670608971823,0.44791133606462463,-1.0724817004047635,0.9414897721639452
G2E:A28H:G33T:R59N,0.8976072981263982,G2E:A28H:G33T:R59N,9,0.8209995809246136,0.9416625739563211,0.11078774453116198,0.7886721983191207
G2E:A28H:G33T:R59N:D95Q,0.7879966760385373,G2E:A28H:G33T:R59N:D95Q,8,0.760525997743128,0.8837730507607865,-0.15905301404480338,0.7650403401323066
G2E:A28H:G33T:R59N:R97D,0.9632816660570012,G2E:A28H:G33T:R59N:R97D,7,0.8359448005808467,1.0335854806115852,0.2898086763874436,0.785485763154601
G2E:A28H:G33T:R97D,1.1112812199521611,G2E:A28H:G33T:R97D,9,0.9599092007415566,1.1550848199741122,0.8470521840696337,0.7115905211248145
G2E:A28H:G33T:R97D:V106M,1.1013782671302923,G2E:A28H:G33T:R97D:V106M,7,0.9998127663870346,1.3924120075857385,1.3133043867310081,0.6819419058065215
G2E:A28H:G33T:V108Q,0.9238873001665427,G2E:A28H:G33T:V108Q,7,0.8900478998417028,1.0757534864686407,0.5172958810957182,0.7171924496624733
G2E:A28H:I91C:D95Q:T112E,0.7848685689862827,G2E:A28H:I91C:D95Q:T112E,8,0.8182080887821612,0.9965034618364643,0.1815700186269817,0.7499939675049963
G2E:A28H:I91C:D95Q:V106M,0.8726029151010343,G2E:A28H:I91C:D95Q:V106M,9,0.8414296742026467,1.0881593772889053,0.38566824244656006,0.726242508970425
G2E:A28H:I91C:D95Q:V108Q,0.8116003080092787,G2E:A28H:I91C:D95Q:V108Q,9,0.7466100273135482,0.8649061276301749,-0.2291739161748341,0.7443228987780207
G2E:A28H:I91C:R97D,0.9506032486957264,G2E:A28H:I91C:R97D,8,0.8769449113948874,1.0247099000971456,0.4031072253572361,0.752507010740087
G2E:A28H:I91C:V106M:T112E,0.951875825181768,G2E:A28H:I91C:V106M:T112E,9,0.9185852376091248,1.2082958019307222,0.7969235309330274,0.7468840348050135
G2E:A28H:I91C:V106M:V108Q,0.7311545412532572,G2E:A28H:I91C:V106M:V108Q,8,0.8469871761405118,1.118944896731701,0.4473225273162314,0.75796122133109
G2E:A28H:Q46C:D60Q:I91C,0.7052957171575042,G2E:A28H:Q46C:D60Q:I91C,7,0.749335044122763,0.6972596725903526,-0.46342334157693527,0.7324647793388338
G2E:A28H:Q46C:D60Q:V106M,0.617450995319431,G2E:A28H:Q46C:D60Q:V106M,7,0.8112034719381277,0.8198863756970083,-0.0955974745737837,0.7223921117370549
G2E:A28H:Q46C:D95Q:R97D,0.6559175958319913,G2E:A28H:Q46C:D95Q:R97D,7,0.6663545466651531,0.5933410413050632,-0.8691281847878272,0.7293813262300617
G2E:A28H:Q46C:D95Q:T112E,0.5987852726048022,G2E:A28H:Q46C:D95Q:T112E,8,0.6680913072339124,0.5626026740197043,-0.9082721351810348,0.7339699536696263
G2E:A28H:Q46C:D95Q:V108Q,0.4940972290189177,G2E:A28H:Q46C:D95Q:V108Q,7,0.5964932457652994,0.40769358709736814,-1.35275499006706,0.7157273886822124
G2E:A28H:Q46C:I91C:R97D,0.4883349109734781,G2E:A28H:Q46C:I91C:R97D,8,0.704863267676752,0.6341047292152162,-0.6916523074380099,0.699229525737556
G2E:A28H:Q46C:R59N:T112E,0.3947572331938089,G2E:A28H:Q46C:R59N:T112E,9,0.6046004902546881,0.33961396691789175,-1.4263427250909384,0.7305200485319799
G2E:A28H:Q46C:R97D:V108Q,0.4710073837206362,G2E:A28H:Q46C:R97D:V108Q,8,0.6719120486030181,0.5312305437674293,-0.9419215895115092,0.7233042237973105
G2E:A28H:Q46C:T112E,0.7189309679567114,G2E:A28H:Q46C:T112E,9,0.728564890415398,0.6681139437958943,-0.5695087897139856,0.7309916612573675
G2E:A28H:Q46C:V106M:T112E,0.6519663660292108,G2E:A28H:Q46C:V106M:T112E,7,0.768468456060876,0.7385948241835065,-0.3447319619137014,0.7320243442630056
G2E:A28H:Q46C:V108Q:T112E,0.7099743909644141,G2E:A28H:Q46C:V108Q:T112E,7,0.6736488091717775,0.6083443164585336,-0.8249719687391283,0.730071326807626
G2E:A28H:Q46I:D60Q,0.7579130030951893,G2E:A28H:Q46I:D60Q,9,0.7689937329433582,0.7148079796366607,-0.3775423713087528,0.7487486867247986
G2E:A28H:Q46I:D60Q:V106M,0.6313875317284123,G2E:A28H:Q46I:D60Q:V106M,9,0.8088972985888363,0.7990815254224769,-0.13280352515289803,0.7248176809132065
G2E:A28H:Q46I:D95Q:T112E,0.5086682789809782,G2E:A28H:Q46I:D95Q:T112E,8,0.665785133884621,0.5053555717605512,-0.9982207762626394,0.7835052901387433
G2E:A28H:Q46I:I91C:D95Q,0.2810646797778267,G2E:A28H:Q46I:I91C:D95Q,9,0.6271382914897419,0.40188296690887704,-1.266879740835068,0.7810697208864655
G2E:A28H:Q46I:I91C:V106M,0.5514272016318366,G2E:A28H:Q46I:I91C:V106M,8,0.7275154403167055,0.673888280549459,-0.5643804558684522,0.7706687589247646
G2E:A28H:Q46I:R59N:D95Q,0.1451194763033876,G2E:A28H:Q46I:R59N:D95Q,9,0.5251387534989187,0.16173380016158334,-1.9282654376949315,0.7978494782984449
G2E:A28H:Q46I:R59N:T112E,0.438910031563527,G2E:A28H:Q46I:R59N:T112E,9,0.6022943169053967,0.4047840669203471,-1.3391178925883866,0.7879786749356466
G2E:A28H:Q46I:V106M,0.7995356539218947,G2E:A28H:Q46I:V106M,8,0.749480302486592,0.6802463404687347,-0.48759969296180294,0.754991765059549
G2E:A28H:Q46I:V106M:T112E,0.6673248732752228,G2E:A28H:Q46I:V106M:T112E,9,0.7661622827115846,0.7276860726224189,-0.3676154650762719,0.7790434308653744
G2E:A28H:Q46I:V106M:V108Q,0.5076332360512171,G2E:A28H:Q46I:V106M:V108Q,8,0.6945642212429716,0.5796959859350028,-0.8020845042345801,0.7551285799129819
G2E:A28H:Q46R:D95Q:R97D,0.6683038436051237,G2E:A28H:Q46R:D95Q:R97D,8,0.8266750031137282,0.6875473570260371,-0.23952980858013234,0.7859285968068646
G2E:A28H:Q46R:I91C:T112E,0.7428048415445022,G2E:A28H:Q46R:I91C:T112E,8,0.8669204846940864,0.7740540056445794,0.009492955077873733,0.8137584053540248
G2E:A28H:Q46R:I91C:V106M,0.8816771135035324,G2E:A28H:Q46R:I91C:V106M,9,0.8901420701145719,0.8573452661188699,0.2014850781989173,0.789542413987485
G2E:A28H:Q46R:R59N,0.5913006100085751,G2E:A28H:Q46R:R59N,9,0.7482389664782706,0.44752541323544553,-0.8282340880437353,0.8412392567076148
G2E:A28H:Q46R:R59N:I91C,0.3655190667305049,G2E:A28H:Q46R:R59N:I91C,7,0.726274104308384,0.36012728397213417,-1.0223035188820366,0.8379046265571375
G2E:A28H:Q46R:R59N:V108Q,0.4208586506364472,G2E:A28H:Q46R:R59N:V108Q,7,0.6933228852346502,0.35768314744329294,-1.1272211649887938,0.8305657109675345
G2E:A28H:Q46R:V106M:T112E,0.858156030398412,G2E:A28H:Q46R:V106M:T112E,8,0.9287889125094511,0.9039540785358146,0.38784551412747537,0.7844442684875238
G2E:A28H:Q46V:D60Q:D95Q,0.4246508883352595,G2E:A28H:Q46V:D60Q:D95Q,7,0.7305789948765089,0.609764936229664,-0.647760109395677,0.7343869766946703
G2E:A28H:Q46V:D60Q:I91C,0.651149734518537,G2E:A28H:Q46V:D60Q:I91C,8,0.7690877158881078,0.725248537275959,-0.3621426774958225,0.7345366440675922
G2E:A28H:Q46V:D60Q:R97D,0.7313934806650298,G2E:A28H:Q46V:D60Q:R97D,8,0.8059977977142276,0.7849356877000293,-0.16219751547437983,0.7384242988173783
G2E:A28H:Q46V:D60Q:V106M,0.6940404689897521,G2E:A28H:Q46V:D60Q:V106M,8,0.8309561437034725,0.8466614448045521,0.003926472519737184,0.6987072060033109
G2E:A28H:Q46V:D95Q:V106M,0.6267439678140063,G2E:A28H:Q46V:D95Q:V106M,8,0.7110655644197428,0.6100817732471666,-0.7073380812112031,0.7066475407815274
G2E:A28H:Q46V:D95Q:V108Q,0.442356333450844,G2E:A28H:Q46V:D95Q:V108Q,8,0.6162459175306443,0.40102375550628167,-1.3016355900550056,0.7364080064027895
G2E:A28H:Q46V:I91C,0.7130367048138048,G2E:A28H:Q46V:I91C,7,0.7096707197858636,0.6188162009383537,-0.6989882980690256,0.7986590150490894
G2E:A28H:Q46V:I91C:D95Q,0.4629832780394787,G2E:A28H:Q46V:I91C:D95Q,8,0.6491971366043781,0.4708725512632327,-1.0991637000138093,0.7241229592228026
G2E:A28H:Q46V:I91C:T112E,0.6870342619296866,G2E:A28H:Q46V:I91C:T112E,8,0.7263527000108562,0.6602425172281559,-0.587707240628717,0.7512767336918966
G2E:A28H:Q46V:I91C:V108Q,0.5305018411569237,G2E:A28H:Q46V:I91C:V108Q,9,0.6547546385422431,0.5326258436811775,-0.9926899959300999,0.7726372283862807
G2E:A28H:Q46V:R59N,0.3908670564408523,G2E:A28H:Q46V:R59N,9,0.6076711817950403,0.32090431324430435,-1.4439735358817913,0.9204382553597618
G2E:A28H:Q46V:R59N:I91C,0.1857092630820218,G2E:A28H:Q46V:R59N:I91C,9,0.5857063196251537,0.22134623378477386,-1.655641968944228,0.8502088451675374
G2E:A28H:Q46V:V108Q:T112E,0.6735129096920122,G2E:A28H:Q46V:V108Q:T112E,8,0.6934014809371223,0.6273854324105345,-0.7366413124559661,0.7716115884569668
G2E:A28H:R59N,0.9615770954212598,G2E:A28H:R59N,8,0.7600001537478309,0.7866537285428125,-0.301230913025334,0.821855184355299
G2E:A28H:R59N:D60Q:V106M,0.8205051459932159,G2E:A28H:R59N:D60Q:V106M,7,0.8593207154955532,1.1065477455080754,0.467326545839859,0.7878145566408365
G2E:A28H:R59N:D95Q,0.7207431099037498,G2E:A28H:R59N:D95Q,9,0.6995265705663454,0.7048015979440491,-0.6057525686593014,0.8249420131742129
G2E:A28H:R59N:D95Q:R97D,0.8026316528499601,G2E:A28H:R59N:D95Q:R97D,9,0.7144717902225787,0.8221798988878863,-0.38989024078808043,0.8050586518885815
G2E:A28H:R59N:I91C,0.7635460177926534,G2E:A28H:R59N:I91C,8,0.7380352915779442,0.7632655589970807,-0.4026592223739468,0.804920119945242
G2E:A28H:R59N:I91C:D95Q,0.6468674416249717,G2E:A28H:R59N:I91C:D95Q,9,0.6775617083964588,0.6875109513441685,-0.6983559800310193,0.8001236228413613
G2E:A28H:R59N:I91C:T112E,0.786986766934683,G2E:A28H:R59N:I91C:T112E,9,0.7547172718029369,0.8650383563709555,-0.20403916784238688,0.7793400600427037
G2E:A28H:R59N:I91C:V108Q,0.7836216537470876,G2E:A28H:R59N:I91C:V108Q,8,0.6831192103343238,0.7608183589358735,-0.5751600940830995,0.8064363912283932
G2E:A28H:R59N:R97D:T112E,0.7965687794698938,G2E:A28H:R59N:R97D:T112E,7,0.7916273536290567,0.961964076646062,0.04980108939381857,0.7796817002412213
G2E:A28H:R59N:R97D:V108Q,0.6989810168672307,G2E:A28H:R59N:R97D:V108Q,8,0.7200292921604436,0.783930220046062,-0.4281500664657058,0.7968177305799069
G2E:A28H:R59N:V108Q:T112E,0.9644866579669006,G2E:A28H:R59N:V108Q:T112E,7,0.721766052729203,0.884622485808699,-0.2770754743479089,0.7890841145429341
G2E:A28H:R97D:T112E,0.9439021227993264,G2E:A28H:R97D:T112E,9,0.9155917537897665,1.0818270926741496,0.6046763589222734,0.7693069286390907
G2E:A28H:R97D:V106M:T112E,1.0755089477938788,G2E:A28H:R97D:V106M:T112E,7,0.9554953194352447,1.2957594546394022,1.0370694106874707,0.7377273734352756
G2E:A28H:R97D:V106M:V108Q,0.9822774023288698,G2E:A28H:R97D:V106M:V108Q,8,0.8838972579666317,1.132594690275463,0.5806381774518621,0.7388442591143481
G2E:A28H:R97D:V108Q,0.810341944967773,G2E:A28H:R97D:V108Q,8,0.8439936923211535,0.9178328900476654,0.14704468608027185,0.7677231023584681
G2E:A28H:V106M:V108Q:T112E,0.9199580752109122,G2E:A28H:V106M:V108Q:T112E,9,0.8856340185353909,1.1553203136797232,0.6188722488329803,0.7573876843324147
G2E:A28K:D60Q:D95Q:T112E,0.8982019377464286,G2E:A28K:D60Q:D95Q:T112E,8,0.856286185199493,1.1396772973641673,0.5059384206397538,0.7923505262386992
G2E:A28K:D60Q:I91C:T112E,0.981626379666208,G2E:A28K:D60Q:I91C:T112E,9,0.8947949062110918,1.2143664233358549,0.7325143230937325,0.7355188999827657
G2E:A28K:D60Q:I91C:V106M,1.1619163516418234,G2E:A28K:D60Q:I91C:V106M,8,0.9180164916315774,1.282747189465158,0.9029266026376227,0.7073539317560054
G2E:A28K:D60Q:R97D:V106M,1.0515640532417525,G2E:A28K:D60Q:R97D:V106M,8,0.9549265734576973,1.3559630280576491,1.1224517308039679,0.6983451281873919
G2E:A28K:D60Q:R97D:V108Q,0.887577213160117,G2E:A28K:D60Q:R97D:V108Q,8,0.8601069265685987,1.1115515367143458,0.4769874120209822,0.7225285699066227
G2E:A28K:D60Q:T112E,1.0661609396256946,G2E:A28K:D60Q:T112E,9,0.9167597683809784,1.1532896318122976,0.7116971451062107,0.7630378952770672
G2E:A28K:D60Q:V106M:T112E,1.1004754132917975,G2E:A28K:D60Q:V106M:T112E,9,0.9566633340264565,1.3147205511332791,1.0681052634664885,0.7247379012318215
G2E:A28K:D95Q:V106M,0.9259491171577292,G2E:A28K:D95Q:V106M,8,0.8200907745177343,1.0126107669493842,0.21067441358170313,0.7633006061145058
G2E:A28K:D95Q:V106M:T112E,0.9263751137426766,G2E:A28K:D95Q:V106M:T112E,9,0.8367727547427268,1.1283402286267985,0.4294938408208807,0.7463229634062116
G2E:A28K:G33T:D60Q,1.0339528831972808,G2E:A28K:G33T:D60Q,7,0.9610772153327685,1.244425358165692,0.9799476605300382,0.672828089829539
G2E:A28K:G33T:D60Q:I91C,1.0274556885316284,G2E:A28K:G33T:D60Q:I91C,9,0.9391123531628819,1.335599261181474,1.0443241560759826,0.6436504248602598
G2E:A28K:G33T:D60Q:R97D,1.079318715698313,G2E:A28K:G33T:D60Q:R97D,7,0.9760224349890018,1.3834528398690407,1.2271426809032246,0.6617754509012566
G2E:A28K:G33T:D60Q:V106M,1.1371642935621842,G2E:A28K:G33T:D60Q:V106M,9,1.0009807809782465,1.4292511031330473,1.3702149297864934,0.6364590356698152
G2E:A28K:G33T:I91C:D95Q,0.8311852506313311,G2E:A28K:G33T:I91C:D95Q,9,0.8192217738791522,1.1143022754358018,0.3551781157641788,0.6291726721529172
G2E:A28K:G33T:I91C:V106M,1.0079349684142065,G2E:A28K:G33T:I91C:V106M,8,0.9195989227061158,1.3274684283900098,0.9725199368369271,0.6147899047045993
G2E:A28K:G33T:Q46C:R97D,0.8941777146487058,G2E:A28K:G33T:Q46C:R97D,8,0.7445237951686221,0.801853366738378,-0.3268483541615109,0.5658044392807935
G2E:A28K:G33T:Q46I:T112E,0.7569336717985489,G2E:A28K:G33T:Q46I:T112E,7,0.7439543823880901,0.9145636710366295,-0.1654754985548385,0.6053563370411982
G2E:A28K:G33T:Q46R:V106M,1.0756943508521368,G2E:A28K:G33T:Q46R:V106M,9,0.9298025976064421,1.0563486920204521,0.6115238458710982,0.6653068131151725
G2E:A28K:G33T:Q46R:V108Q,0.9343521613237102,G2E:A28K:G33T:Q46R:V108Q,7,0.8349829507173435,0.8791321253111637,0.0633102237605654,0.6797976384830491
G2E:A28K:G33T:R59N:D95Q,0.8329289851156028,G2E:A28K:G33T:R59N:D95Q,7,0.7172222358883289,0.9244596815752579,-0.2333992657789154,0.7573780440359769
G2E:A28K:G33T:R97D:T112E,0.9099530487111476,G2E:A28K:G33T:R97D:T112E,7,0.9332874191117501,1.314343648188009,0.9956396290813176,0.6493389496146003
G2E:A28K:I91C:D95Q,0.8418791765607779,G2E:A28K:I91C:D95Q,8,0.7582223467023695,0.9002825693808181,-0.14224650570821992,0.7562458723043506
G2E:A28K:I91C:D95Q:R97D,1.0300700318510112,G2E:A28K:I91C:D95Q:R97D,8,0.7731675663586027,1.062005109986011,0.1377948985436298,0.7048781713316441
G2E:A28K:I91C:D95Q:V108Q,0.7682093456787573,G2E:A28K:I91C:D95Q:V108Q,8,0.7033062654587491,0.8702909943171016,-0.3546121391235763,0.7250392769402594
G2E:A28K:I91C:R97D:T112E,0.8728108558305079,G2E:A28K:I91C:R97D:T112E,8,0.8503231297650808,1.1585472166041653,0.5149023123533978,0.6802214725913942
G2E:A28K:I91C:R97D:V108Q,0.8926858112454754,G2E:A28K:I91C:R97D:V108Q,9,0.7787250682964678,0.9855312227787111,0.04421347062383549,0.6769755278605388
G2E:A28K:I91C:V106M,1.0414617990046533,G2E:A28K:I91C:V106M,9,0.8585994955293331,1.0905339420322138,0.44193093039524134,0.7163935784972276
G2E:A28K:I91C:V106M:V108Q,0.8611953095837781,G2E:A28K:I91C:V106M:V108Q,9,0.8036834142857127,1.1001654113038282,0.2869114237429143,0.7066689184389119
G2E:A28K:I91C:V108Q,0.9667123458953316,G2E:A28K:I91C:V108Q,7,0.7637798486402346,0.9245233075257578,-0.09006443238208435,0.7323345017838272
G2E:A28K:Q46C:D60Q:R97D,0.7466469058294138,G2E:A28K:Q46C:D60Q:R97D,8,0.7429413640940837,0.7736159070181399,-0.37258484172879947,0.7428750943828061
G2E:A28K:Q46C:D60Q:T112E,0.6988455888388523,G2E:A28K:Q46C:D60Q:T112E,7,0.7446781246628431,0.786761579380614,-0.3482157596750159,0.7574915452194845
G2E:A28K:Q46C:I91C:V106M,0.6054456183596374,G2E:A28K:Q46C:I91C:V106M,7,0.6865178518111977,0.6954925606407071,-0.6592490956886252,0.680121020182826
G2E:A28K:Q46C:R59N,0.3523861631431152,G2E:A28K:Q46C:R59N,7,0.5446147481748964,0.34770168210339814,-1.59919420530582,0.7421755088132691
G2E:A28K:Q46C:R59N:D95Q,0.2271115978402973,G2E:A28K:Q46C:R59N:D95Q,8,0.4841411649934109,0.20141540785292555,-1.9969709005689196,0.786090197260208
G2E:A28K:Q46C:R59N:R97D,0.2284359493555398,G2E:A28K:Q46C:R59N:R97D,7,0.5595599678311297,0.3364156147536247,-1.569546826281206,0.7009808465227807
G2E:A28K:Q46C:R59N:T112E,0.3778710224737986,G2E:A28K:Q46C:R59N:T112E,8,0.5612967283998891,0.37599787039285354,-1.5069162809501462,0.7191035262757036
G2E:A28K:Q46C:R59N:V108Q,0.4624893054835183,G2E:A28K:Q46C:R59N:V108Q,9,0.489698666931276,0.24016466239108245,-1.9237907632579063,0.7255887643340402
G2E:A28K:Q46C:R97D,0.6792866635012184,G2E:A28K:Q46C:R97D,7,0.6835243679918395,0.6633004573289294,-0.7150504623356146,0.697478639714564
G2E:A28K:Q46C:T112E,0.8197174408290058,G2E:A28K:Q46C:T112E,8,0.6852611285605988,0.6806199442950185,-0.6846406505660969,0.7269903775371214
G2E:A28K:Q46I:D60Q:R97D,0.7675129205475559,G2E:A28K:Q46I:D60Q:R97D,8,0.7406351907447923,0.7654427931768315,-0.3915090774981701,0.6593198967529087
G2E:A28K:Q46I:I91C,0.762082578247252,G2E:A28K:Q46I:I91C,7,0.6443081128164283,0.6515987457114634,-0.8526420195920033,0.6723739314426658
G2E:A28K:Q46I:R59N:D95Q,0.2268254610794144,G2E:A28K:Q46I:R59N:D95Q,8,0.4818349916441195,0.27155597578982016,-1.9025523481233053,0.7296735885441291
G2E:A28K:Q46I:R59N:I91C,0.4392895788005568,G2E:A28K:Q46I:R59N:I91C,9,0.5203437126557184,0.36280122504078605,-1.6520148960154737,0.676675369592735
G2E:A28K:Q46I:R59N:R97D,0.3704890653420531,G2E:A28K:Q46I:R59N:R97D,7,0.5572537944818383,0.4082473111794973,-1.472680716603978,0.6491068629408066
G2E:A28K:Q46I:R97D,0.7793888904572699,G2E:A28K:Q46I:R97D,9,0.6812181946425482,0.661545279591472,-0.7246860686333649,0.6442864583819284
G2E:A28K:Q46I:R97D:V108Q,0.4688772648646211,G2E:A28K:Q46I:R97D:V108Q,7,0.6263021133989277,0.49647771632264676,-1.1325461389904237,0.61893463453565
G2E:A28K:Q46I:V106M,0.6756292372108683,G2E:A28K:Q46I:V106M,7,0.7061765406317929,0.7420262610063346,-0.5314177890076545,0.6622224327868467
G2E:A28K:Q46R,0.9438899549593704,G2E:A28K:Q46R,8,0.8288996047841813,0.8144650090295272,-0.04899848740776083,0.8060741529190326
G2E:A28K:Q46R:D60Q:R97D,0.8710734727683517,G2E:A28K:Q46R:D60Q:R97D,7,0.9032618205426588,0.9411615469421383,0.36315697330374597,0.7796705640821989
G2E:A28K:Q46R:D95Q:V106M,0.7023111703123527,G2E:A28K:Q46R:D95Q:V106M,9,0.8083295872481739,0.7845826729855687,-0.15553426713564078,0.7922997595757576
G2E:A28K:Q46R:I91C:R97D,0.7434735037075995,G2E:A28K:Q46R:I91C:R97D,8,0.8218799622705281,0.807552715123308,-0.08059977155469866,0.7359712431558502
G2E:A28K:Q46R:I91C:V108Q,0.7921241399841831,G2E:A28K:Q46R:I91C:V108Q,8,0.7520186613706743,0.6873028588323217,-0.4695771372706733,0.7738601351128609
G2E:A28K:Q46R:R59N:T112E,0.7157022265435181,G2E:A28K:Q46R:R59N:T112E,7,0.7216171848484642,0.5622517337261919,-0.7440981983278725,0.7998471156061925
G2E:A28K:Q46R:R59N:V106M,0.5007277203218934,G2E:A28K:Q46R:R59N:V106M,8,0.7448387702689496,0.5770668602073082,-0.6512110563128181,0.8070911134369374
G2E:A28K:Q46R:R59N:V108Q,0.5050043509288991,G2E:A28K:Q46R:R59N:V108Q,8,0.6500191233798511,0.4174686170049601,-1.1739258145644684,0.8063454883364197
G2E:A28K:Q46R:V106M:V108Q,0.9710485669164493,G2E:A28K:Q46R:V106M:V108Q,8,0.813887089186039,0.8051668667296648,-0.10864428234643911,0.7603920340697262
G2E:A28K:Q46R:V108Q:T112E,0.8563454633204415,G2E:A28K:Q46R:V108Q:T112E,9,0.7906655037655534,0.7743007395699846,-0.22476191396740322,0.7656988818255195
G2E:A28K:Q46V:D60Q:D95Q,0.5643472101075024,G2E:A28K:Q46V:D60Q:D95Q,8,0.6872752330217098,0.6316905878376086,-0.7492589817782918,0.7701183224332293
G2E:A28K:Q46V:D60Q:I91C,0.785618416057434,G2E:A28K:Q46V:D60Q:I91C,7,0.7257839540333086,0.7365956733738687,-0.4789517538665293,0.7187365064713814
G2E:A28K:Q46V:D60Q:R97D,0.7290390564324878,G2E:A28K:Q46V:D60Q:R97D,9,0.7626940358594285,0.790426272757574,-0.2874827330399077,0.7169665515089734
G2E:A28K:Q46V:D60Q:V106M,0.7832830252370673,G2E:A28K:Q46V:D60Q:V106M,7,0.7876523818486734,0.8444227442976973,-0.1325452804874523,0.702429870687453
G2E:A28K:Q46V:D95Q:R97D,0.7083961371697952,G2E:A28K:Q46V:D95Q:R97D,9,0.6428034565756988,0.6115264704835736,-0.9152676563919542,0.713832080901926
G2E:A28K:Q46V:D95Q:V106M,0.7155985163819588,G2E:A28K:Q46V:D95Q:V106M,7,0.6677618025649437,0.6371847661346024,-0.8013438274524622,0.718861498368028
G2E:A28K:Q46V:I91C:T112E,0.7335152017360164,G2E:A28K:Q46V:I91C:T112E,9,0.683048938156057,0.6847720332093915,-0.6854375601671643,0.7076876146891821
G2E:A28K:Q46V:I91C:V106M,0.7636938117756112,G2E:A28K:Q46V:I91C:V106M,8,0.7062705235765425,0.7368782714258684,-0.5385792794730099,0.6816196740356522
G2E:A28K:Q46V:R59N:T112E,0.411238605875851,G2E:A28K:Q46V:R59N:T112E,9,0.5810494001652338,0.4054684602270455,-1.4034911274784747,0.8250033023665778
G2E:A28K:Q46V:R97D:V108Q,0.5769291046024185,G2E:A28K:Q46V:R97D:V108Q,8,0.6483609585135639,0.5372619051063816,-1.0056515498503003,0.7034727891939208
G2E:A28K:Q46V:T112E,0.8366051535232777,G2E:A28K:Q46V:T112E,9,0.7050138003259436,0.7212982034729454,-0.5649947236105756,0.7917388024449855
G2E:A28K:R59N,1.0298643348407404,G2E:A28K:R59N,9,0.7166963918930318,0.8177093640051735,-0.38951603012380664,0.8122798611095297
G2E:A28K:R59N:D60Q,0.928675216177795,G2E:A28K:R59N:D60Q,8,0.7761133879952761,0.9804013666682609,0.028753772030266397,0.8295819087928478
G2E:A28K:R59N:D60Q:I91C,0.7718757192615383,G2E:A28K:R59N:D60Q:I91C,8,0.7541485258253894,0.9789498738431552,-0.04092575412707353,0.7905958135215302
G2E:A28K:R59N:D60Q:T112E,0.8101052691814573,G2E:A28K:R59N:D60Q:T112E,9,0.7927953682202686,1.0983519454360795,0.25078780492023395,0.7912010433105626
G2E:A28K:R59N:D95Q,0.8809427155813326,G2E:A28K:R59N:D95Q,8,0.6562228087115463,0.7469393737637585,-0.6779985894086954,0.8416092957226182
G2E:A28K:R59N:D95Q:T112E,0.8073495662439572,G2E:A28K:R59N:D95Q:T112E,9,0.6729047889365389,0.8520806273401533,-0.4745033941698581,0.8017761743145759
G2E:A28K:R59N:I91C,1.0387275138693932,G2E:A28K:R59N:I91C,9,0.6947315297231452,0.7948248193067553,-0.4902154471114325,0.7700559191588776
G2E:A28K:R59N:I91C:V108Q,0.9079753977317422,G2E:A28K:R59N:I91C:V108Q,7,0.6398154484795248,0.7789989882412893,-0.6820791083880166,0.7534949250604268
G2E:A28K:R59N:R97D,1.0002691192834896,G2E:A28K:R59N:R97D,7,0.7316416115492651,0.855846690812342,-0.2883385535530046,0.7653495015113865
G2E:A28K:R59N:V106M:V108Q,0.9265610575875016,G2E:A28K:R59N:V106M:V108Q,7,0.7016838762948895,0.8953485938844772,-0.32333803617744844,0.7722253971488312
G2E:A28K:R97D:T112E,1.0397057270980996,G2E:A28K:R97D:T112E,8,0.8722879919349674,1.0785747258140053,0.4667375344124705,0.726162688161875
G2E:A28K:R97D:V106M:T112E,1.1402014106439888,G2E:A28K:R97D:V106M:T112E,8,0.9121915575804456,1.279424876021807,0.8801968019021715,0.688817057697818
G2E:A28K:R97D:V106M:V108Q,0.8759263433604237,G2E:A28K:R97D:V106M:V108Q,9,0.8405934961118325,1.1079586538072252,0.4117509326837241,0.6818943465099758
G2E:A28K:V106M:V108Q,0.9936580779073564,G2E:A28K:V106M:V108Q,7,0.8256482764555992,1.008093053949283,0.22123460215524834,0.7401370305542694
G2E:D60Q:D95Q,0.8387236389748611,G2E:D60Q:D95Q,9,0.8403703107065938,0.8888641231879542,0.09397043722649007,0.8430749899851718
G2E:D60Q:D95Q:R97D:T112E,0.9961681152994346,G2E:D60Q:D95Q:R97D:T112E,8,0.8719975105878197,1.1829027084621078,0.6168369024782377,0.8263153847078386
G2E:D60Q:I91C:D95Q:R97D,0.9961783632285868,G2E:D60Q:I91C:D95Q:R97D,9,0.8333506681929406,1.0990126130516364,0.37651955293290335,0.8183838514665471
G2E:D60Q:I91C:D95Q:V108Q,0.7910510634071615,G2E:D60Q:I91C:D95Q:V108Q,7,0.7634893672930868,0.9051238859415136,-0.11903478311735434,0.8039273431930662
G2E:D60Q:R97D,1.059023253653673,G2E:D60Q:R97D,8,0.9157891135443126,1.0096532190064906,0.5008268799444475,0.8329058888291805
G2E:D60Q:R97D:V106M:V108Q,0.919158490373471,G2E:D60Q:R97D:V106M:V108Q,8,0.9007765979461703,1.1812015893398347,0.7029188492811963,0.7775498814476757
G2E:D60Q:V106M,1.054766068992259,G2E:D60Q:V106M,8,0.9407474595335574,1.0481908111863167,0.6333908155125076,0.809488260012699
G2E:D60Q:V106M:T112E,1.0371923321845105,G2E:D60Q:V106M:T112E,7,0.95742943975855,1.1491904549724745,0.8308918908138676,0.8012907665034819
G2E:D60Q:V106M:V108Q:T112E,0.9145365655998912,G2E:D60Q:V106M:V108Q:T112E,7,0.9025133585149296,1.1942649423777207,0.7271687912107905,0.7812056588967463
G2E:D60Q:V108Q:T112E,1.0183941237754304,G2E:D60Q:V108Q:T112E,7,0.8626097928694515,1.039112894048197,0.3798480344564907,0.8039037801330011
G2E:D95Q:R97D:V108Q,0.819348424189935,G2E:D95Q:R97D:V108Q,8,0.7409824530169624,0.7979870501144437,-0.3433396112592121,0.7940832466769359
G2E:D95Q:V106M:T112E,0.8050104745665934,G2E:D95Q:V106M:T112E,7,0.8375388604748203,0.9821657748437207,0.22029374024244144,0.8111237822388082
G2E:D95Q:V106M:V108Q:T112E,0.8362287540337583,G2E:D95Q:V106M:V108Q:T112E,9,0.7826227792311998,0.9807588240865719,0.04929841333572324,0.7782667620662119
G2E:D95Q:V108Q:T112E,0.7395383886809884,G2E:D95Q:V108Q:T112E,9,0.7427192135857218,0.8231459902291689,-0.30158381935223044,0.7937320362815895
G2E:G33T:D60Q:D95Q:V108Q,0.8337674571994352,G2E:G33T:D60Q:D95Q:V108Q,8,0.846453656639756,1.064167730893782,0.36640248995671587,0.7505615804682216
G2E:G33T:D60Q:I91C,0.9216161200018456,G2E:G33T:D60Q:I91C,7,0.9398784588949753,1.1485361748235934,0.7759462526271373,0.7762035191045973
G2E:G33T:D60Q:I91C:R97D,1.1161909363598743,G2E:G33T:D60Q:I91C:R97D,9,0.9548236785512086,1.306117473386371,1.0499940691800993,0.7781955793740085
G2E:G33T:D60Q:I91C:V106M,0.9813232955737794,G2E:G33T:D60Q:I91C:V106M,7,0.9797820245404535,1.3559199995299067,1.198861656875263,0.7468269777682113
G2E:G33T:D60Q:I91C:V108Q,0.9283380239513982,G2E:G33T:D60Q:I91C:V108Q,7,0.884962377651355,1.1931970565157046,0.6716245446623548,0.7799125803199329
G2E:G33T:D60Q:R97D,1.007224636489573,G2E:G33T:D60Q:R97D,7,0.9767885407210952,1.1970170193122824,0.9596726144151351,0.8008399569843124
G2E:G33T:D60Q:R97D:V106M,1.013180070129202,G2E:G33T:D60Q:R97D:V106M,9,1.0166921063665733,1.4304383287108717,1.4202718696343553,0.7624840804884798
G2E:G33T:D95Q,0.8468291232234869,G2E:G33T:D95Q,9,0.8419527417811323,0.8931586574489362,0.1050545132616352,0.768554896573779
G2E:G33T:D95Q:R97D,0.9776755351916304,G2E:G33T:D95Q:R97D,7,0.8568979614373655,1.0412101662887723,0.36530993857752264,0.77339807917329
G2E:G33T:D95Q:R97D:V106M,0.9976926822113416,G2E:G33T:D95Q:R97D:V106M,7,0.8968015270828437,1.277092261215241,0.8294706697303977,0.7422750496983345
G2E:G33T:D95Q:V108Q,0.8112161228994378,G2E:G33T:D95Q:V108Q,9,0.7870366605375119,0.8743981169515118,-0.09105653036329805,0.7568129544009237
G2E:G33T:I91C:D95Q:T112E,0.7759907940286417,G2E:G33T:I91C:D95Q:T112E,8,0.8366698598362382,1.07399950430108,0.3505303547923234,0.7451819636095768
G2E:G33T:I91C:D95Q:V108Q,0.8709840629753038,G2E:G33T:I91C:D95Q:V108Q,9,0.7650717983676252,0.9447742749853643,-0.056780450878908505,0.7409108686076658
G2E:G33T:I91C:R97D:V106M,1.0640581330033176,G2E:G33T:I91C:R97D:V106M,8,0.9353102480944425,1.3350996817482075,1.031903268438798,0.7498407418220949
G2E:G33T:I91C:V108Q,0.9184905108053032,G2E:G33T:I91C:V108Q,8,0.8255453815491107,0.9872949016617755,0.19081702218535637,0.7976030941623488
G2E:G33T:I91C:V108Q:T112E,0.8440951482466227,G2E:G33T:I91C:V108Q:T112E,7,0.8422273617741033,1.1218370891314309,0.4368639625078232,0.7909985404339036
G2E:G33T:Q46C:D60Q:I91C,0.7073980577839537,G2E:G33T:Q46C:D60Q:I91C,7,0.7677968151768401,0.7478521948845105,-0.3334002628572836,0.7418765535235525
G2E:G33T:Q46C:D60Q:R97D,0.7210041908522834,G2E:G33T:Q46C:D60Q:R97D,9,0.8047068970029599,0.82568367443766,-0.10719495309301581,0.778453954710744
G2E:G33T:Q46C:D60Q:V108Q,0.7065542914896776,G2E:G33T:Q46C:D60Q:V108Q,7,0.7348455961031062,0.7108042142170008,-0.4883997859563838,0.7592251343713908
G2E:G33T:Q46C:D95Q:R97D,0.7529162865938729,G2E:G33T:Q46C:D95Q:R97D,7,0.6848163177192301,0.6581471649440728,-0.718533870360418,0.7353795922702793
G2E:G33T:Q46C:D95Q:V106M,0.528713546617824,G2E:G33T:Q46C:D95Q:V106M,7,0.709774663708475,0.651949663610007,-0.6507146909421555,0.7262899210976115
G2E:G33T:Q46C:I91C:D95Q,0.5921453488655476,G2E:G33T:Q46C:I91C:D95Q,7,0.6479062358931102,0.534181195046488,-1.0115092725246957,0.7000142697477039
G2E:G33T:Q46C:T112E,0.743532739126848,G2E:G33T:Q46C:T112E,9,0.7470266614694749,0.701241730062404,-0.46476228887785925,0.7527308043988411
G2E:G33T:Q46C:V108Q,0.6321869578845716,G2E:G33T:Q46C:V108Q,8,0.675428600000862,0.5901217387753651,-0.8458695230546733,0.7499357564298488
G2E:G33T:Q46I:D60Q,0.8922440253042159,G2E:G33T:Q46I:D60Q,7,0.7874555039974352,0.8186198529378973,-0.1704953359423182,0.8082441505772477
G2E:G33T:Q46I:D60Q:V106M,0.767875844735397,G2E:G33T:Q46I:D60Q:V106M,9,0.8273590696429134,0.9060977033586335,0.07888107562184703,0.7933791702402319
G2E:G33T:Q46I:D95Q:R97D,0.7899548582275545,G2E:G33T:Q46I:D95Q:R97D,7,0.6825101443699388,0.629360905106503,-0.7672913535017577,0.8097773763742833
G2E:G33T:Q46I:D95Q:T112E,0.6620006205025836,G2E:G33T:Q46I:D95Q:T112E,8,0.6842469049386981,0.640355389557131,-0.7460356691374554,0.8232454541769028
G2E:G33T:Q46I:I91C,0.8116137744953303,G2E:G33T:Q46I:I91C,8,0.7060736457253044,0.7018775504108822,-0.5898412829167066,0.8359658461898174
G2E:G33T:Q46I:I91C:R97D,0.7039390098273972,G2E:G33T:Q46I:I91C:R97D,8,0.7210188653815377,0.719807168680774,-0.517910267207462,0.833197374390632
G2E:G33T:Q46I:I91C:V106M,0.830981191905766,G2E:G33T:Q46I:I91C:V106M,8,0.7459772113707825,0.8027371470261624,-0.32109757319421317,0.831034564593437
G2E:G33T:Q46I:I91C:V108Q,0.5966108935200614,G2E:G33T:Q46I:I91C:V108Q,8,0.6511575644816839,0.608747567171253,-0.8935866479909764,0.8433276190702944
G2E:G33T:Q46I:R59N:D60Q,0.5929185903351712,G2E:G33T:Q46I:R59N:D60Q,7,0.6634911038367255,0.6018713797597408,-0.865592181082209,0.8864037334488003
G2E:G33T:Q46I:T112E,0.7522922299856127,G2E:G33T:Q46I:T112E,9,0.7447204881201835,0.7719031605420055,-0.3695898960875357,0.8500266488654725
G2E:G33T:Q46I:V106M:V108Q,0.7259731066584048,G2E:G33T:Q46I:V106M:V108Q,8,0.7130259922970487,0.6974783863674826,-0.574818032596808,0.8284891380677225
G2E:G33T:Q46I:V108Q:T112E,0.6549104451661938,G2E:G33T:Q46I:V108Q:T112E,9,0.6898044068765632,0.6950766546310637,-0.6497393640455551,0.84498275295862
G2E:G33T:Q46R:D60Q:D95Q,0.7320310427187243,G2E:G33T:Q46R:D60Q:D95Q,9,0.8896085506138163,0.8277797492951577,0.15705366619685693,0.7616384590928597
G2E:G33T:Q46R:D95Q:T112E,0.7086020080280178,G2E:G33T:Q46R:D95Q:T112E,9,0.8468735347365646,0.783642829764406,-0.038307208558310074,0.7543989989247495
G2E:G33T:Q46R:I91C,0.9462791658447672,G2E:G33T:Q46R:I91C,9,0.868700275523171,0.8235643466148387,0.08662473203372612,0.7893389462833033
G2E:G33T:Q46R:R59N:D95Q,0.4471071810785724,G2E:G33T:Q46R:R59N:D95Q,8,0.7062271543508623,0.3873469364440161,-1.0445867204933552,0.8427599302477331
G2E:G33T:Q46R:R59N:I91C,0.4440421178911267,G2E:G33T:Q46R:R59N:I91C,7,0.7447358753624611,0.48042295297127424,-0.7913996130129748,0.8513311685962845
G2E:G33T:Q46R:R97D,0.8135947694410357,G2E:G33T:Q46R:R97D,9,0.9056103573492907,0.8616788670427843,0.25534799288321336,0.7860023566452566
G2E:G33T:Q46R:R97D:V108Q,0.7657751313030259,G2E:G33T:Q46R:R97D:V108Q,7,0.8506942761056703,0.7609477114460514,-0.05939849037493675,0.7788202502591662
G2E:G33T:Q46R:V106M,0.882844900245505,G2E:G33T:Q46R:V106M,7,0.9305687033385356,0.9249876258233971,0.4237630470057904,0.7775008216835758
G2E:G33T:Q46R:V108Q,0.8524793629921363,G2E:G33T:Q46R:V108Q,7,0.8357490564494371,0.7663310770834473,-0.09758880410637523,0.7871450182212858
G2E:G33T:Q46V:D60Q:I91C,0.717909654844305,G2E:G33T:Q46V:D60Q:I91C,8,0.7875494869421849,0.8044408662603258,-0.19072731892067196,0.7596107830523826
G2E:G33T:Q46V:D95Q:T112E,0.7616447685328367,G2E:G33T:Q46V:D95Q:T112E,9,0.7063057500533343,0.6538585062959683,-0.6586247653617867,0.7497196464430493
G2E:G33T:Q46V:I91C:T112E,0.692957706408692,G2E:G33T:Q46V:I91C:T112E,8,0.7448144710649331,0.7478289638182722,-0.4041431403211235,0.7797499677793379
G2E:G33T:Q46V:I91C:V106M,0.7433632451468016,G2E:G33T:Q46V:I91C:V106M,9,0.7680360564854187,0.7987242625749035,-0.2590374429766722,0.755809954439039
G2E:G33T:Q46V:R59N:D60Q,0.5345019530414462,G2E:G33T:Q46V:R59N:D60Q,8,0.6855499489513617,0.5102960565547299,-0.9302604937868394,0.9383578691519103
G2E:G33T:Q46V:R59N:I91C,0.3094585948030067,G2E:G33T:Q46V:R59N:I91C,7,0.6041680906792308,0.3158923692099135,-1.4620051646115018,0.9167358991573283
G2E:G33T:Q46V:R59N:V106M,0.2910027926370012,G2E:G33T:Q46V:R59N:V106M,7,0.6660365184945956,0.42909643397492014,-1.1078166094769029,0.9320889977180628
G2E:G33T:Q46V:R59N:V108Q,0.3298734235623667,G2E:G33T:Q46V:R59N:V108Q,7,0.571216871605497,0.30010834132603514,-1.586229532689869,0.9639434617375972
G2E:G33T:Q46V:R97D,0.7429063608806193,G2E:G33T:Q46V:R97D,7,0.7650425726660605,0.7274594201487179,-0.37138848388066104,0.8421657799089717
G2E:G33T:Q46V:R97D:T112E,0.8065225485978536,G2E:G33T:Q46V:R97D:T112E,8,0.781724552891053,0.8113533168662755,-0.1986444245084776,0.7968404515924932
G2E:G33T:Q46V:V106M,0.8174981564581175,G2E:G33T:Q46V:V106M,7,0.7900009186553053,0.7744065703752134,-0.22665345974898596,0.8288908994724031
G2E:G33T:Q46V:V106M:V108Q,0.6428243637974012,G2E:G33T:Q46V:V106M:V108Q,7,0.7350848374116848,0.7103806170022826,-0.4882767866495645,0.8037771120464784
G2E:G33T:R59N:D60Q,0.9968801079744034,G2E:G33T:R59N:D60Q,9,0.8378789209041522,1.0074345001123406,0.25791122781026515,0.8859978137290245
G2E:G33T:R59N:I91C:D95Q,0.6385513111973677,G2E:G33T:R59N:I91C:D95Q,7,0.6960234794505359,0.7719666826438074,-0.519322939840545,0.8333654388482916
G2E:G33T:R59N:I91C:R97D,0.8345471698130735,G2E:G33T:R59N:I91C:R97D,8,0.7714422822882546,0.9300512607287679,-0.058489033007555126,0.8402281076494976
G2E:G33T:R59N:I91C:T112E,0.810676689578051,G2E:G33T:R59N:I91C:T112E,9,0.7731790428570139,0.9391205434796012,-0.040019678229301,0.8384027758734739
G2E:G33T:R59N:T112E,0.897947080725193,G2E:G33T:R59N:T112E,7,0.7951439050269005,0.918989542016467,-0.0015763297578884235,0.8679645017319869
G2E:G33T:R59N:V106M,0.8837454556699941,G2E:G33T:R59N:V106M,8,0.818365490447386,0.9248363403615295,0.0783310200486207,0.8816767794009246
G2E:G33T:R59N:V108Q:T112E,0.7576466421549649,G2E:G33T:R59N:V108Q:T112E,9,0.7402278237832801,0.9476382068731212,-0.1290723957712892,0.8611415828597726
G2E:G33T:R97D:T112E,0.9168157616339148,G2E:G33T:R97D:T112E,7,0.9340535248438436,1.1319752477972806,0.7340563084592362,0.8066576162372994
G2E:G33T:R97D:V106M:T112E,1.0123745019457613,G2E:G33T:R97D:V106M:T112E,9,0.9739570904893217,1.3491119143974533,1.1710869256327432,0.7841440865080604
G2E:G33T:R97D:V106M:V108Q,0.847310036234103,G2E:G33T:R97D:V106M:V108Q,8,0.9023590290207086,1.1883192549240877,0.7180888215277188,0.7866609459121974
G2E:G33T:T112E,0.9865954460963184,G2E:G33T:T112E,9,0.9191083051876103,1.0101041717964387,0.5116916218657444,0.8022228841580481
G2E:G33T:V106M:T112E,0.7911577229172327,G2E:G33T:V106M:T112E,9,0.9590118708330884,1.1480544026517072,0.8341163207330042,0.797777438146659
G2E:G33T:V106M:V108Q,1.0580494397071043,G2E:G33T:V106M:V108Q,8,0.8874138093644754,1.0617959356915874,0.4889909791515142,0.8038771199811181
G2E:G33T:V108Q:T112E,0.9046444550510444,G2E:G33T:V108Q:T112E,9,0.8641922239439899,1.0398981366679612,0.3858531397390959,0.8027156878987188
G2E:I91C:D95Q:V106M:V108Q,0.6629177452293756,G2E:I91C:D95Q:V106M:V108Q,8,0.7439759368363207,0.9350927243547982,-0.13569764178737703,0.7780093123838541
G2E:I91C:D95Q:V108Q:T112E,0.6442563789510428,G2E:I91C:D95Q:V108Q:T112E,9,0.7207543514158352,0.863425036770797,-0.31086705742626286,0.7794886201633091
G2E:I91C:R97D,1.0234373874496845,G2E:I91C:R97D,9,0.8344072552721818,0.9070676783600932,0.10196990535919088,0.8081282728702452
G2E:I91C:V106M:T112E,1.013027800556799,G2E:I91C:V106M:T112E,8,0.8760475814864193,1.0414920413597892,0.42463509458021326,0.8128281222735539
G2E:I91C:V106M:V108Q,0.8237976354786518,G2E:I91C:V106M:V108Q,9,0.8044495200178062,0.9593479680484747,0.08546448322441128,0.8197724512109705
G2E:I91C:V106M:V108Q:T112E,0.8380144658785866,G2E:I91C:V106M:V108Q:T112E,8,0.8211315002427988,1.0723361186429,0.30031643205553,0.8046115168018133
G2E:L3N:A28H,0.9795875242546568,G2E:L3N:A28H,7,0.8377313746750005,0.9039197710450982,0.10764120590616166,0.6728646739173884
G2E:L3N:A28H:D60Q:D95Q,0.7156282819192171,G2E:L3N:A28H:D60Q:D95Q,7,0.8366747875957592,1.0329814742209489,0.29118043703510976,0.6247255318958617
G2E:L3N:A28H:D95Q:R97D,0.789524959542861,G2E:L3N:A28H:D95Q:R97D,8,0.7922030111497482,0.9912134718151794,0.09390462604833469,0.6350838367684013
G2E:L3N:A28H:D95Q:T112E,0.8255669008712021,G2E:L3N:A28H:D95Q:T112E,9,0.7939397717185076,0.9612307037227893,0.05585424854506785,0.6304571741428132
G2E:L3N:A28H:G33T:Q46V,0.8334781376181182,G2E:L3N:A28H:G33T:Q46V,9,0.7464018298989926,0.7573852016592835,-0.38542868011146214,0.7485233978896026
G2E:L3N:A28H:G33T:R97D,0.9262394680725876,G2E:L3N:A28H:G33T:R97D,8,0.9136760215080164,1.1724720450043855,0.7299720100606285,0.5900988197384367
G2E:L3N:A28H:I91C:R97D,0.8690499143650963,G2E:L3N:A28H:I91C:R97D,7,0.8307117321613472,1.0501783911315974,0.29772300536830487,0.6348418965343618
G2E:L3N:A28H:Q46C,0.5963647627370455,G2E:L3N:A28H:Q46C,9,0.6656497309568652,0.6118085785273207,-0.8445687509184838,0.5940998946606384
G2E:L3N:A28H:Q46C:I91C,0.5723809079489295,G2E:L3N:A28H:Q46C:I91C,9,0.6436848687869785,0.5765769395195294,-0.9631380223632304,0.5737770155914901
G2E:L3N:A28H:Q46C:V106M,0.6855852856997048,G2E:L3N:A28H:Q46C:V106M,9,0.7055532966023432,0.6834693918263803,-0.6180842153070815,0.5837834101964585
G2E:L3N:A28H:Q46C:V108Q,0.6233547769694673,G2E:L3N:A28H:Q46C:V108Q,7,0.6107336497132447,0.5314618963619946,-1.129812942845811,0.5949915720789869
G2E:L3N:A28H:Q46I,0.801250892129581,G2E:L3N:A28H:Q46I,9,0.6633435576075737,0.5960805668492603,-0.8744271321149846,0.6775641177872149
G2E:L3N:A28H:Q46I:D95Q,0.4102331717926916,G2E:L3N:A28H:Q46I:D95Q,8,0.6028699744260883,0.42275212883541535,-1.3113417426275231,0.6603837219453221
G2E:L3N:A28H:Q46I:R59N,0.5023989510154883,G2E:L3N:A28H:Q46I:R59N,9,0.5393791574468639,0.33943519782331355,-1.6272664472018064,0.6983157953545032
G2E:L3N:A28H:Q46R:D60Q,0.7954245300722557,G2E:L3N:A28H:Q46R:D60Q,7,0.8853871835076845,0.8402378703425988,0.16209642464983742,0.6645558197290627
G2E:L3N:A28H:Q46R:T112E,0.7385584917623589,G2E:L3N:A28H:Q46R:T112E,9,0.8426521676304328,0.752399608866767,-0.0965130655748486,0.6896701751163455
G2E:L3N:A28H:Q46V,0.646567348494605,G2E:L3N:A28H:Q46V,8,0.68540240272221,0.6276548826812017,-0.7608619211340755,0.7811313956921718
G2E:L3N:A28H:Q46V:D95Q,0.5777784550749052,G2E:L3N:A28H:Q46V:D95Q,7,0.6249288195407244,0.4807328166524575,-1.1595587929389648,0.6930112891332475
G2E:L3N:A28H:Q46V:R59N,0.3488681552319491,G2E:L3N:A28H:Q46V:R59N,8,0.5614380025615001,0.2862149701481899,-1.6364237256797263,0.8417162266918086
G2E:L3N:A28H:Q46V:R97D,0.5764831134176018,G2E:L3N:A28H:Q46V:R97D,8,0.7003476223784433,0.620524696983866,-0.7251997666157891,0.7173757726399081
G2E:L3N:A28H:R59N:I91C,0.7471498621726045,G2E:L3N:A28H:R59N:I91C,7,0.691802112344404,0.7903673266606449,-0.5056796136822874,0.6885079585833976
G2E:L3N:A28H:R97D,0.8470909026919533,G2E:L3N:A28H:R97D,7,0.8526765943312338,0.9663072497780713,0.24391574050690146,0.6641438832005333
G2E:L3N:A28H:R97D:V108Q,0.7497984539176503,G2E:L3N:A28H:R97D:V108Q,7,0.7977605130876133,0.9339051948238317,0.028061438119221606,0.6544914582864706
G2E:L3N:A28H:V106M:T112E,0.8649589231320209,G2E:L3N:A28H:V106M:T112E,8,0.8943169205454712,1.1435150040891569,0.6285010023182962,0.6354907727316079
G2E:L3N:A28H:V106M:V108Q,0.6841993345657782,G2E:L3N:A28H:V106M:V108Q,9,0.8227188590768582,1.0585821529534893,0.2852942143054,0.6457629833656517
G2E:L3N:A28K:D60Q,0.9729228563781156,G2E:L3N:A28K:D60Q,7,0.8538446089224456,1.0685119308694668,0.3954293918654108,0.6426028734002865
G2E:L3N:A28K:D60Q:R97D,0.8389948089816813,G2E:L3N:A28K:D60Q:R97D,9,0.8687898285786789,1.1686355699360318,0.5863191805522824,0.6113693577571102
G2E:L3N:A28K:D60Q:V108Q,0.8631593368177252,G2E:L3N:A28K:D60Q:V108Q,9,0.7989285276788252,1.080728216468867,0.24415086996776036,0.6135745336828164
G2E:L3N:A28K:D95Q:V106M,0.8458660785603425,G2E:L3N:A28K:D95Q:V106M,7,0.7738575952841941,1.0412004179968508,0.1098074244304449,0.621172865435324
G2E:L3N:A28K:G33T,0.8019737908723762,G2E:L3N:A28K:G33T,7,0.8554270399969841,1.0703094623517353,0.4028995750188305,0.5513350523395245
G2E:L3N:A28K:G33T:D95Q,0.8376675632866879,G2E:L3N:A28K:G33T:D95Q,8,0.7949534568154986,1.0563723842058033,0.19667085150075994,0.5256984136361168
G2E:L3N:A28K:G33T:I91C,0.9585107673335588,G2E:L3N:A28K:G33T:I91C,7,0.8334621778270974,1.1621129062803524,0.4681872002771821,0.5065715044602735
G2E:L3N:A28K:G33T:Q46C,0.6521857481151607,G2E:L3N:A28K:G33T:Q46C,7,0.6833453962788487,0.7364242969705166,-0.6097695308542433,0.4312925608487263
G2E:L3N:A28K:G33T:T112E,0.8541588192342666,G2E:L3N:A28K:G33T:T112E,8,0.8721090202219766,1.1904556999856115,0.6281113680676516,0.5373405022755521
G2E:L3N:A28K:Q46C:D95Q,0.5085427861639803,G2E:L3N:A28K:Q46C:D95Q,9,0.5618723859205805,0.5189067448759241,-1.2983142556536058,0.6076061240107915
G2E:L3N:A28K:Q46C:I91C,0.6214551222953891,G2E:L3N:A28K:Q46C:I91C,8,0.6003811069321795,0.5975947002736648,-1.0659508781830818,0.546327065264878
G2E:L3N:A28K:Q46C:T112E,0.6778495058038304,G2E:L3N:A28K:Q46C:T112E,7,0.6390279493270586,0.6566932345777868,-0.8615141640030215,0.58141534994769
G2E:L3N:A28K:Q46I:T112E,0.6234467944817915,G2E:L3N:A28K:Q46I:T112E,7,0.6367217759777672,0.7017223441516298,-0.8034392317574341,0.5860704323963204
G2E:L3N:A28K:Q46I:V108Q,0.5149898208611744,G2E:L3N:A28K:Q46I:V108Q,8,0.5651237145091542,0.5482990820660523,-1.2457716638057965,0.5569877751419672
G2E:L3N:A28K:Q46R:R59N,0.6159710176581914,G2E:L3N:A28K:Q46R:R59N,7,0.6587020253899314,0.47928963619752873,-1.0577382427369357,0.7182996633978826
G2E:L3N:A28K:Q46R:R97D,0.6224580493280424,G2E:L3N:A28K:Q46R:R97D,7,0.7976116452068744,0.7662173471932406,-0.21508991011025377,0.6465640479682994
G2E:L3N:A28K:Q46V:D95Q,0.5906591632020131,G2E:L3N:A28K:Q46V:D95Q,8,0.5816250576859254,0.5238489835514256,-1.2303887958180466,0.7027938643995316
G2E:L3N:A28K:Q46V:I91C,0.7138847516162365,G2E:L3N:A28K:Q46V:I91C,9,0.6201337786975243,0.6275650143699472,-0.9618024776373624,0.671970528772192
G2E:L3N:A28K:Q46V:R59N,0.3369385459301577,G2E:L3N:A28K:Q46V:R59N,9,0.5181342407067011,0.34212689966564713,-1.6887345199149837,0.8178409576278874
G2E:L3N:A28K:Q46V:V106M,0.5217835937814841,G2E:L3N:A28K:Q46V:V106M,9,0.682002206512889,0.7196578344939708,-0.6381680642052884,0.6757429551950109
G2E:L3N:A28K:R59N:I91C,0.706201136912142,G2E:L3N:A28K:R59N:I91C,8,0.648498350489605,0.8248575492244008,-0.5889938793330927,0.6454463002165746
G2E:L3N:A28K:R59N:T112E,0.8144404965013328,G2E:L3N:A28K:R59N:T112E,7,0.6871451928844842,0.9136834937942976,-0.3415329133310285,0.6546118689534313
G2E:L3N:A28K:R59N:V106M,0.8257007240763399,G2E:L3N:A28K:R59N:V106M,8,0.7103667783049696,0.9364350407574837,-0.23715945110398437,0.6651540199284333
G2E:L3N:A28K:R97D:T112E,0.7132761403652609,G2E:L3N:A28K:R97D:T112E,9,0.8260548127014272,1.093880272129227,0.34664456283892264,0.5991610839847699
G2E:L3N:A28K:V106M,1.0301205795174644,G2E:L3N:A28K:V106M,8,0.8343311784656795,1.036872113160048,0.2896007998960384,0.6318804174111653
G2E:L3N:D60Q,1.0046200671409131,G2E:L3N:D60Q,9,0.8546107146545392,0.9254475198012655,0.1907304321447104,0.7274564400926418
G2E:L3N:D60Q:D95Q:T112E,0.8440256769367662,G2E:L3N:D60Q:D95Q:T112E,7,0.8108191116980462,0.9931891386137064,0.15403972645591318,0.6941189190951238
G2E:L3N:D60Q:I91C:R97D,0.8352768011353526,G2E:L3N:D60Q:I91C:R97D,9,0.8475910721408858,1.087201842579888,0.40323904271566946,0.694816640672392
G2E:L3N:D60Q:I91C:T112E,0.9849410041477789,G2E:L3N:D60Q:I91C:T112E,8,0.8493278327096452,1.0726704715686894,0.387551353151901,0.6908026079251921
G2E:L3N:D60Q:I91C:V106M,0.9056537171068512,G2E:L3N:D60Q:I91C:V106M,9,0.8725494181301306,1.1536933186252811,0.576260419012089,0.6703488084261486
G2E:L3N:D60Q:R97D:V108Q,0.8738671435676822,G2E:L3N:D60Q:R97D:V108Q,9,0.814639853067152,0.9771550794337903,0.1425889442055537,0.6987675281872491
G2E:L3N:D60Q:V106M,0.8328774297187378,G2E:L3N:D60Q:V106M,7,0.8945142803000172,1.0574675007200243,0.5045723259726238,0.693888539959319
G2E:L3N:D60Q:V106M:V108Q,0.9486299796515806,G2E:L3N:D60Q:V106M:V108Q,9,0.8395981990563968,1.081964933297305,0.37106821346736174,0.6756154442206735
G2E:L3N:D60Q:V108Q,0.906783169806711,G2E:L3N:D60Q:V108Q,7,0.7996946334109187,0.9256329520563339,0.022039748901943983,0.7096627329267463
G2E:L3N:D60Q:V108Q:T112E,0.8607499699022179,G2E:L3N:D60Q:V108Q:T112E,8,0.8163766136359113,1.0453621809514888,0.24664800841634985,0.6814316933634159
G2E:L3N:D95Q,0.7910199708810938,G2E:L3N:D95Q,7,0.7347201353708095,0.7524200115460677,-0.4285555653211248,0.7366907001828022
G2E:L3N:D95Q:T112E,0.8228167159473159,G2E:L3N:D95Q:T112E,8,0.7514021155958021,0.8260964538939708,-0.27059914893060943,0.7167339826587141
G2E:L3N:D95Q:V106M:V108Q,0.7211594793502957,G2E:L3N:D95Q:V106M:V108Q,7,0.7197076197726671,0.8649167724075917,-0.31192853536845955,0.6793106387658504
G2E:L3N:D95Q:V108Q,0.6801804249212112,G2E:L3N:D95Q:V108Q,9,0.679804054127189,0.7061240056387413,-0.6645184758675315,0.7061250804510459
G2E:L3N:G33T,0.8982490353746854,G2E:L3N:G33T,9,0.8561931457290776,0.9015908100204258,0.16107142958910214,0.704806608970121
G2E:L3N:G33T:I91C:R97D,0.9157205904420168,G2E:L3N:G33T:I91C:R97D,9,0.8491735032154242,1.0950130769218291,0.4194128116811077,0.6679355804555742
G2E:L3N:G33T:I91C:V106M,0.9715044362480516,G2E:L3N:G33T:I91C:V106M,7,0.874131849204669,1.1632711686867785,0.5949909972963128,0.6568773600070799
G2E:L3N:G33T:Q46C,0.72918305742093,G2E:L3N:G33T:Q46C,9,0.6841115020109423,0.6137640418275335,-0.7849377129224848,0.6205103079792199
G2E:L3N:G33T:Q46C:I91C,0.608786957792434,G2E:L3N:G33T:Q46C:I91C,7,0.6621466398410556,0.6043912564531398,-0.866081664751263,0.5912591550559674
G2E:L3N:G33T:Q46C:T112E,0.7391643662825739,G2E:L3N:G33T:Q46C:T112E,8,0.7007934822359347,0.6556320178233944,-0.6730174447926742,0.6226910094738757
G2E:L3N:G33T:Q46I:V106M,0.718844806390361,G2E:L3N:G33T:Q46I:V106M,9,0.7217088943071289,0.7494873753237162,-0.4728313365266641,0.7347581458791825
G2E:L3N:G33T:Q46R:D95Q,0.7153586596710427,G2E:L3N:G33T:Q46R:D95Q,9,0.7839583752780318,0.6442457000336459,-0.43362524023023824,0.642223917347041
G2E:L3N:G33T:Q46V:D95Q,0.6125832284035186,G2E:L3N:G33T:Q46V:D95Q,9,0.6433905905948015,0.5340819135324728,-1.0255461450611612,0.7119296723349603
G2E:L3N:G33T:R59N:I91C,0.798404894897813,G2E:L3N:G33T:R59N:I91C,9,0.7102638833984811,0.8332771908029937,-0.38677558690932884,0.7522419445912757
G2E:L3N:G33T:R97D:V106M,0.910496175211405,G2E:L3N:G33T:R97D:V106M,7,0.9110419310307889,1.2035996814465253,0.7669185521883617,0.6723031437767928
G2E:L3N:G33T:R97D:V108Q,0.682926385074453,G2E:L3N:G33T:R97D:V108Q,9,0.8162222841416904,0.96767341456984,0.13373483339555825,0.7005798946937511
G2E:L3N:G33T:V106M:T112E,0.7099625560328584,G2E:L3N:G33T:V106M:T112E,8,0.9127786915995483,1.1568106303980048,0.7045445708584648,0.6791652381658163
G2E:L3N:I91C:D95Q,0.7409148640588358,G2E:L3N:I91C:D95Q,7,0.7127552732009228,0.7801613494712347,-0.4559845324702048,0.7111185446059062
G2E:L3N:I91C:D95Q:V108Q,0.8113044648641449,G2E:L3N:I91C:D95Q:V108Q,9,0.6578391919573023,0.750805327591049,-0.6674303346601017,0.6832320156964798
G2E:L3N:I91C:V106M:T112E,0.7774108759517495,G2E:L3N:I91C:V106M:T112E,9,0.829814402252879,1.058329535110265,0.30675929872574653,0.6980425094733639
G2E:L3N:I91C:V108Q,0.8092876620747532,G2E:L3N:I91C:V108Q,8,0.7183127751387879,0.8101694550784613,-0.39545539265462337,0.7346729309008668
G2E:L3N:I91C:V108Q:T112E,0.7805511979554283,G2E:L3N:I91C:V108Q:T112E,9,0.7349947553637804,0.9086437294260559,-0.20160926508321828,0.7092050284025959
G2E:L3N:Q46C:D60Q,0.5910259783041812,G2E:L3N:Q46C:D60Q,9,0.6825290709364038,0.6260135380990504,-0.7720777410430142,0.7228520593032618
G2E:L3N:Q46C:D60Q:D95Q,0.5387410541981681,G2E:L3N:Q46C:D60Q:D95Q,8,0.6220554877549183,0.5056471586315019,-1.1323407723047703,0.730518034323093
G2E:L3N:Q46C:D60Q:I91C,0.6131749527052524,G2E:L3N:Q46C:D60Q:I91C,9,0.6605642087665172,0.5903163757302766,-0.8913207608611595,0.7021958103286731
G2E:L3N:Q46C:D60Q:V108Q,0.6563776324904766,G2E:L3N:Q46C:D60Q:V108Q,9,0.6276129896927833,0.5514277657344097,-1.0489842126047735,0.7077116925789181
G2E:L3N:Q46C:D95Q:V106M,0.5176025650448178,G2E:L3N:Q46C:D95Q:V106M,7,0.6025420572981521,0.5114720939876776,-1.1839469158357363,0.7046629361431377
G2E:L3N:Q46C:I91C:D95Q,0.4775981903895597,G2E:L3N:Q46C:I91C:D95Q,9,0.5406736294827874,0.3902236820775403,-1.5497779926101765,0.6846764131872622
G2E:L3N:Q46C:I91C:T112E,0.652642189514587,G2E:L3N:Q46C:I91C:T112E,7,0.6178291928892655,0.5242847439973232,-1.118369683883429,0.6926767844313106
G2E:L3N:Q46C:R59N:D95Q,0.2476929700936913,G2E:L3N:Q46C:R59N:D95Q,7,0.4386740914919643,0.0933948729938876,-2.2931956990954525,0.74590275784973
G2E:L3N:Q46C:R59N:T112E,0.3736874814730834,G2E:L3N:Q46C:R59N:T112E,9,0.5158296548984423,0.25453869254272726,-1.8225907239302446,0.7169026018778059
G2E:L3N:Q46C:V106M:V108Q,0.5787749409177166,G2E:L3N:Q46C:V106M:V108Q,8,0.6080995592360172,0.5134668278392117,-1.1639613131135267,0.717033204006087
G2E:L3N:Q46C:V108Q:T112E,0.6075581325985572,G2E:L3N:Q46C:V108Q:T112E,9,0.5848779738155316,0.49124193570585256,-1.2675725518633434,0.7045917343029071
G2E:L3N:Q46I:D60Q:D95Q,0.4921872979781818,G2E:L3N:Q46I:D60Q:D95Q,8,0.619749314405627,0.4638243998209153,-1.1999658799609207,0.7638090346578348
G2E:L3N:Q46I:D60Q:R97D,0.5533399564221008,G2E:L3N:Q46I:D60Q:R97D,7,0.6951681172433457,0.6148072184065785,-0.749410294930784,0.7634169392311249
G2E:L3N:Q46I:D60Q:V106M,0.663837009499308,G2E:L3N:Q46I:D60Q:V106M,7,0.7201264632325906,0.6982840650725516,-0.5518061226108829,0.7346030641295359
G2E:L3N:Q46I:D95Q:T112E,0.4678552697260356,G2E:L3N:Q46I:D95Q:T112E,8,0.5770142985283753,0.43226703706920083,-1.3771204591177924,0.783228993286159
G2E:L3N:Q46I:I91C,0.6458322247524672,G2E:L3N:Q46I:I91C,8,0.5988410393149816,0.5210057757744692,-1.181535729481728,0.8025704447572952
G2E:L3N:Q46I:I91C:R97D,0.4970685834207813,G2E:L3N:Q46I:I91C:R97D,8,0.6137862589712149,0.5000315514075774,-1.1659099454587984,0.7796210962432158
G2E:L3N:Q46I:R59N:D60Q,0.5208196871775406,G2E:L3N:Q46I:R59N:D60Q,9,0.5562584974264027,0.41617669123175016,-1.464266793760993,0.797292356807803
G2E:L3N:Q46I:R97D,0.6244561134126101,G2E:L3N:Q46I:R97D,8,0.6357511211411014,0.519045793687713,-1.0708119873396975,0.7859589802318538
G2E:L3N:Q46I:R97D:T112E,0.517126158051778,G2E:L3N:Q46I:R97D:T112E,7,0.652433101366094,0.5670629484628927,-0.9499920601432328,0.792685963246661
G2E:L3N:Q46I:R97D:V106M,0.6180371445429561,G2E:L3N:Q46I:R97D:V106M,8,0.6756546867865796,0.623727982260343,-0.7965358697311686,0.7587682561206869
G2E:L3N:Q46I:R97D:V108Q,0.4124693766690789,G2E:L3N:Q46I:R97D:V108Q,8,0.580835039897481,0.35461378360241863,-1.4777522264712961,0.7639272228402404
G2E:L3N:Q46I:T112E,0.6397590270411503,G2E:L3N:Q46I:T112E,9,0.6374878817098608,0.5806583088650765,-0.9762972171266586,0.8047588776244327
G2E:L3N:Q46R:D60Q:D95Q,0.7028536564947724,G2E:L3N:Q46R:D60Q:D95Q,7,0.7823759442034934,0.6230081103193088,-0.46923086987338697,0.7269007145819896
G2E:L3N:Q46R:D60Q:I91C,0.8603397294017007,G2E:L3N:Q46R:D60Q:I91C,8,0.8208846652150923,0.7424821013608505,-0.17783817728016643,0.7337360209359274
G2E:L3N:Q46R:D60Q:V106M,0.9044956235730852,G2E:L3N:Q46R:D60Q:V106M,8,0.882753093030457,0.8657194769007989,0.19087151123033622,0.6933484739637948
G2E:L3N:Q46R:D95Q:V108Q,0.6425041846879801,G2E:L3N:Q46R:D95Q:V108Q,8,0.6680428668576288,0.4202706416237193,-1.1144172243746953,0.7030996965486612
G2E:L3N:Q46R:I91C,0.7420383936054166,G2E:L3N:Q46R:I91C,9,0.7614676691128481,0.6403631793647333,-0.5084410265126555,0.7614504887449705
G2E:L3N:Q46R:I91C:R97D,0.7728359257668184,G2E:L3N:Q46R:I91C:R97D,9,0.7764128887690813,0.6632312996390916,-0.4293625549044945,0.7256512323619715
G2E:L3N:Q46R:I91C:T112E,0.7187308597694437,G2E:L3N:Q46R:I91C:T112E,8,0.7781496493378407,0.6681209054365301,-0.4169424143756399,0.7423793211826635
G2E:L3N:Q46R:I91C:V106M,0.8208238982981823,G2E:L3N:Q46R:I91C:V106M,9,0.8013712347583262,0.7560492082342746,-0.2182391356292015,0.7301460917982862
G2E:L3N:Q46R:V106M,0.7000393457537755,G2E:L3N:Q46R:V106M,9,0.8233360969282127,0.7452664019199101,-0.16626621634869107,0.7433232357512111
G2E:L3N:Q46V:D60Q:V106M,0.7001846761008192,G2E:L3N:Q46V:D60Q:V106M,8,0.7421853083472267,0.714940684587018,-0.45983117856641686,0.643396047558919
G2E:L3N:Q46V:D95Q:T112E,0.541318417195503,G2E:L3N:Q46V:D95Q:T112E,7,0.5990731436430115,0.46532525189069673,-1.2614076125630405,0.6700996949051391
G2E:L3N:Q46V:I91C,0.6313984666129112,G2E:L3N:Q46V:I91C,9,0.6208998844296179,0.5326656882761153,-1.0967924809962877,0.7514668521499424
G2E:L3N:Q46V:I91C:R97D,0.620006302092522,G2E:L3N:Q46V:I91C:R97D,7,0.635845104085851,0.538736393245157,-1.042024779132061,0.6698094410425833
G2E:L3N:Q46V:R59N,0.4551370848827753,G2E:L3N:Q46V:R59N,9,0.5189003464387946,0.2538738115870015,-1.8141054742051257,0.8862702921996348
G2E:L3N:Q46V:R59N:D95Q,0.182709426527534,G2E:L3N:Q46V:R59N:D95Q,8,0.4584267632573091,0.08003176694459563,-2.2517634236337387,0.8084944873848348
G2E:L3N:Q46V:R59N:I91C,0.2957261500123055,G2E:L3N:Q46V:R59N:I91C,9,0.496935484268908,0.15447974967932399,-2.025536525928554,0.8001216291919981
G2E:L3N:Q46V:R59N:R97D,0.3173358742295267,G2E:L3N:Q46V:R59N:R97D,9,0.5338455660950279,0.21024735070163614,-1.8312640975553622,0.8051507335265619
G2E:L3N:Q46V:R59N:V108Q,0.343896767543037,G2E:L3N:Q46V:R59N:V108Q,9,0.4639842651951741,0.13685509246708832,-2.1524248226514344,0.8354964931746738
G2E:L3N:Q46V:V106M:V108Q,0.6209670312791575,G2E:L3N:Q46V:V106M:V108Q,9,0.6278522310013621,0.5250084183852447,-1.0864846621650757,0.7056654140138564
G2E:L3N:Q46V:V108Q,0.5916193697072931,G2E:L3N:Q46V:V108Q,7,0.587948665355884,0.47131836410555317,-1.2869602567160454,0.7789919511741353
G2E:L3N:Q46V:V108Q:T112E,0.5422797403468418,G2E:L3N:Q46V:V108Q:T112E,8,0.6046306455808765,0.5046801939522547,-1.1873508683663525,0.7093846355833686
G2E:L3N:R4D,1.0844053551000723,G2E:L3N:R4D,8,0.9402307728546474,1.038033523396838,0.617100573007455,0.6816089249853894
G2E:L3N:R4D:A28H,1.0499082472408543,G2E:L3N:R4D:A28H,7,0.982768428977353,1.212267054583267,1.0001420591242054,0.4450506000219619
G2E:L3N:R4D:A28H:D60Q,1.2497648317806551,G2E:L3N:R4D:A28H:D60Q,8,1.0421854250795972,1.475101819429519,1.563347709365926,0.4253517988709743
G2E:L3N:R4D:A28H:R97D,1.1018467693498613,G2E:L3N:R4D:A28H:R97D,9,0.9977136486335862,1.336019804680887,1.2252300781392886,0.4691598302491172
G2E:L3N:R4D:A28H:T112E,0.9795965247252234,G2E:L3N:R4D:A28H:T112E,8,0.9994504092023455,1.3641076051295085,1.2712247870400621,0.47558968179496997
G2E:L3N:R4D:A28H:V108Q,0.9577525305346722,G2E:L3N:R4D:A28H:V108Q,9,0.9278523477337325,1.2708676983435638,0.9159952613920479,0.474069975407033
G2E:L3N:R4D:A28K:Q46V,0.8662999055641621,G2E:L3N:R4D:A28K:Q46V,9,0.7871356951697633,0.9518319911453645,0.021317616714132473,0.7689512148656461
G2E:L3N:R4D:A28K:T112E,0.8890988949922748,G2E:L3N:R4D:A28K:T112E,7,0.9561466473475464,1.3581581177122555,1.1293824407298099,0.6077609808846809
G2E:L3N:R4D:D60Q:R97D,1.0108278703731508,G2E:L3N:R4D:D60Q:R97D,7,1.0145929886131249,1.3907161481081631,1.3563239558746654,0.6985607475552672
G2E:L3N:R4D:D95Q,0.8214887952407277,G2E:L3N:R4D:D95Q,9,0.8797571896731619,1.0401293230997757,0.43407611006351754,0.6623810533849447
G2E:L3N:R4D:D95Q:R97D,0.9838143784203648,G2E:L3N:R4D:D95Q:R97D,7,0.8947024093293952,1.2106422606674754,0.7268397881074338,0.6798733802135721
G2E:L3N:R4D:G33T,0.9325631856115564,G2E:L3N:R4D:G33T,7,1.0012302000314302,1.2089328962917592,1.0521174685481016,0.639126178974593
G2E:L3N:R4D:G33T:Q46C,0.7632177933336916,G2E:L3N:R4D:G33T:Q46C,9,0.8291485563132946,0.895316077152768,0.06878258401973472,0.5484206938520768
G2E:L3N:R4D:G33T:Q46V,0.9590904535651542,G2E:L3N:R4D:G33T:Q46V,8,0.8489012280786394,0.9603290463315723,0.22364794925571002,0.8370511575174924
G2E:L3N:R4D:G33T:V106M,1.054201569336646,G2E:L3N:R4D:G33T:V106M,9,1.0411337656769082,1.4190095454849134,1.4789301769272798,0.6609630781010788
G2E:L3N:R4D:G33T:V108Q,1.0256457142808608,G2E:L3N:R4D:G33T:V108Q,7,0.9463141187878096,1.2823259276412298,0.989379579395445,0.6722120329916281
G2E:L3N:R4D:I91C:D95Q,0.8058188979704021,G2E:L3N:R4D:I91C:D95Q,9,0.8577923275032753,1.1273625414141346,0.49274928300485765,0.6582832418592149
G2E:L3N:R4D:I91C:V108Q,0.8871023084257138,G2E:L3N:R4D:I91C:V108Q,8,0.8633498294411404,1.169300362204193,0.5705442076837062,0.7102502727598278
G2E:L3N:R4D:Q46C:D95Q,0.6708828674475854,G2E:L3N:R4D:Q46C:D95Q,9,0.7076755459550266,0.7031756339813849,-0.5830340465707748,0.6357350038345075
G2E:L3N:R4D:Q46I:D60Q,0.8740452373338397,G2E:L3N:R4D:Q46I:D60Q,7,0.8252599518894649,0.9888409976791157,0.1921765000974702,0.6808003842416513
G2E:L3N:R4D:Q46I:T112E,0.9804225252565384,G2E:L3N:R4D:Q46I:T112E,7,0.7825249360122132,0.9180401911255505,-0.04177481289522317,0.7447265835470198
G2E:L3N:R4D:Q46I:V108Q,0.8718699746957954,G2E:L3N:R4D:Q46I:V108Q,8,0.7109268745436002,0.7726476013905899,-0.4724845147284771,0.7104594605086356
G2E:L3N:R4D:Q46R:V106M,0.8983596949991058,G2E:L3N:R4D:Q46R:V106M,7,0.9683731512305652,1.0398313770540766,0.7062876081116878,0.7273447735450657
G2E:L3N:R4D:Q46R:V108Q,0.9743145196590288,G2E:L3N:R4D:Q46R:V108Q,7,0.8735535043414667,0.8690838915186263,0.16743663733848477,0.724594925679796
G2E:L3N:R4D:Q46V,0.796938833509174,G2E:L3N:R4D:Q46V,9,0.7879018009018568,0.8174314960298397,-0.17084212420546793,0.825299400687927
G2E:L3N:R4D:Q46V:V106M,0.8622335920194014,G2E:L3N:R4D:Q46V:V106M,9,0.8278053665473349,0.9177560354137577,0.09712720130879808,0.7900837647080909
G2E:L3N:R4D:R59N:D95Q,1.085242020643957,G2E:L3N:R4D:R59N:D95Q,9,0.7557927895124521,0.9595505298536946,-0.06394340652534632,0.7430812356544118
G2E:L3N:R4D:R59N:T112E,1.0363920799188096,G2E:L3N:R4D:R59N:T112E,9,0.8329483529189301,1.1153245165193755,0.39888985088370377,0.7573228248989673
G2E:L3N:R4D:T6H,0.8675203303188433,G2E:L3N:R4D:T6H,8,0.8702430304297475,1.1953924455638862,0.6295152335587519,0.8820743592998761
G2E:L3N:R4D:T6H:A28K,0.9625704487780224,G2E:L3N:R4D:T6H:A28K,8,0.869476924697654,1.4278391759033688,0.9635765352521002,0.8408369597073201
G2E:L3N:R4D:T6H:D60Q,1.0492136990798235,G2E:L3N:R4D:T6H:D60Q,9,0.9296600265319918,1.474597289407973,1.2164131729993006,0.8844497515308798
G2E:L3N:R4D:T6H:D95Q,0.9277696926262614,G2E:L3N:R4D:T6H:D95Q,7,0.809769447248262,1.229026448504152,0.49213576915202506,0.8845958905837519
G2E:L3N:R4D:T6H:G33T,0.9963288374464604,G2E:L3N:R4D:T6H:G33T,7,0.9312424576065301,1.4390705966991713,1.1698642940716093,0.8281007965155285
G2E:L3N:R4D:T6H:Q46R,0.8856112784330765,G2E:L3N:R4D:T6H:Q46R,9,0.8584818431601873,1.0367476694041626,0.3637244940869059,0.8850995169966708
G2E:L3N:R4D:T6H:T112E,0.9718758822084462,G2E:L3N:R4D:T6H:T112E,9,0.88692501065474,1.387412858668053,0.9587499669608026,0.9161380503245657
G2E:L3N:R4D:T6H:V106M,1.086120371779589,G2E:L3N:R4D:T6H:V106M,8,0.9101465960752256,1.433495395727747,1.0968901913845697,0.900303747557933
G2E:L3N:R4D:T6S,1.291723470979348,G2E:L3N:R4D:T6S,9,1.1334399982779622,1.3579117513372598,1.6745002962652422,0.7348060827090652
G2E:L3N:R4D:T6S:A28K,1.1924373037505214,G2E:L3N:R4D:T6S:A28K,7,1.1326738925458686,1.5717128817294406,1.9815759648229436,0.6049220007427363
G2E:L3N:R4D:T6S:D60Q,1.3558798280754092,G2E:L3N:R4D:T6S:D60Q,8,1.1928569943802065,1.6551081799785496,2.2874373177540175,0.7326591744273381
G2E:L3N:R4D:T6S:I91C,1.0529285975692746,G2E:L3N:R4D:T6S:I91C,9,1.1114751361080755,1.491414426308412,1.800138897310525,0.7567688525054489
G2E:L3N:R4D:T6S:Q46R,1.1238703625037487,G2E:L3N:R4D:T6S:Q46R,8,1.121678811008402,1.2470974087911315,1.4779341748192787,0.8377156920475943
G2E:L3N:R4D:T6S:R59N,1.368778455054051,G2E:L3N:R4D:T6S:R59N,7,1.0094755981172523,1.3401380142093173,1.2673780534706196,0.841789450480501
G2E:L3N:R4D:T6S:V106M,1.202719853669847,G2E:L3N:R4D:T6S:V106M,7,1.1733435639234404,1.5836777593411948,2.124020092761611,0.8023479065267604
G2E:L3N:R4D:T6S:V108Q,1.201737605159076,G2E:L3N:R4D:T6S:V108Q,7,1.0785239170343417,1.4394211548819218,1.6235091700524125,0.7972737832141386
G2E:L3N:R4D:V106M:T112E,1.0823552479154166,G2E:L3N:R4D:V106M:T112E,7,0.996816318725118,1.343939581253563,1.2339315152327706,0.7293441907579936
G2E:L3N:R4D:V108Q:T112E,0.8395346843166991,G2E:L3N:R4D:V108Q:T112E,7,0.9019966718360195,1.2236923784743166,0.7681692145778248,0.721888396107074
G2E:L3N:R59N:D60Q:D95Q,0.756283967593445,G2E:L3N:R59N:D60Q:D95Q,8,0.6701727313123439,0.7824203114888337,-0.5837278920975757,0.7860360836592862
G2E:L3N:R59N:D60Q:I91C,0.7373255191478532,G2E:L3N:R59N:D60Q:I91C,9,0.7086814523239428,0.8512305049267846,-0.3656605234013208,0.7565588822718337
G2E:L3N:R59N:D60Q:V106M,0.8965595275169845,G2E:L3N:R59N:D60Q:V106M,9,0.7705498801393075,0.9729534782125778,0.0008573823955157628,0.7483699084312403
G2E:L3N:R59N:D60Q:V108Q,0.9433495750482088,G2E:L3N:R59N:D60Q:V108Q,7,0.6757302332502089,0.852061737287551,-0.4658377533515227,0.7610659230391879
G2E:L3N:R59N:I91C:D95Q,0.6237932384715142,G2E:L3N:R59N:I91C:D95Q,7,0.588790873040213,0.6054372576825592,-1.0902598142313782,0.7508948856103655
G2E:L3N:R59N:V108Q:T112E,0.7351442041554623,G2E:L3N:R59N:V108Q:T112E,9,0.6329952173729573,0.7600437402724558,-0.7304965426164846,0.7427236719041314
G2E:L3N:R97D:T112E,0.8081705814909326,G2E:L3N:R97D:T112E,7,0.8268209184335208,0.9331083469465691,0.1163176543803133,0.7304978840113069
G2E:L3N:T6H:A28H:D95Q,0.8222894356783821,G2E:L3N:T6H:A28H:D95Q,8,0.7072700490686151,1.025478589587074,-0.11781504537758003,0.9653066445512175
G2E:L3N:T6H:A28H:R59N,0.8822516830695116,G2E:L3N:T6H:A28H:R59N,9,0.6437792320893908,0.9515531618590206,-0.4201474996122744,0.9865442878312146
G2E:L3N:T6H:A28H:R97D,0.9039937121186474,G2E:L3N:T6H:A28H:R97D,7,0.7826888519063339,1.1555242602352889,0.3024383667676075,0.952969883361301
G2E:L3N:T6H:A28H:T112E,1.0178803727446444,G2E:L3N:T6H:A28H:T112E,8,0.7844256124750932,1.1959052029030728,0.36622484568105157,0.9656190219542488
G2E:L3N:T6H:A28K:D60Q,0.8403681397401438,G2E:L3N:T6H:A28K:D60Q,9,0.7838568664975458,1.2794100165809894,0.4853308712846441,0.8604881531986389
G2E:L3N:T6H:A28K:Q46R,0.7188468665928602,G2E:L3N:T6H:A28K:Q46R,7,0.7126786831257413,0.8796058676327357,-0.31229489051702025,0.8707493089473763
G2E:L3N:T6H:A28K:V108Q,0.7659175313546867,G2E:L3N:T6H:A28K:V108Q,8,0.6695237891516811,1.0870781476764197,-0.1447955388163526,0.8419215905433682
G2E:L3N:T6H:D60Q,0.9734663767378277,G2E:L3N:T6H:D60Q,7,0.7846229722296393,1.0772600920960975,0.1951179032616858,0.8922297621245212
G2E:L3N:T6H:D60Q:I91C,0.9028125038218822,G2E:L3N:T6H:D60Q:I91C,7,0.7626581100597527,1.1793702399919084,0.27532234175653825,0.8535935844255111
G2E:L3N:T6H:D60Q:R97D,0.96356828672944,G2E:L3N:T6H:D60Q:R97D,7,0.7995681918858726,1.2058233661282376,0.42716815650114887,0.8821981941952876
G2E:L3N:T6H:D60Q:V108Q,0.8366043410637387,G2E:L3N:T6H:D60Q:V108Q,7,0.7297068909860188,1.1247874243637237,0.09494478712826968,0.8710533102377547
G2E:L3N:T6H:D95Q:R97D,0.8211282052981496,G2E:L3N:T6H:D95Q:R97D,7,0.6796776126021429,1.0288968272438541,-0.19776087795149466,0.8855994581465251
G2E:L3N:T6H:D95Q:V106M,0.8642966256618752,G2E:L3N:T6H:D95Q:V106M,9,0.7046359585913877,1.0789190469181258,-0.04857532950207927,0.876772552714706
G2E:L3N:T6H:D95Q:V108Q,0.6796420602812899,G2E:L3N:T6H:D95Q:V108Q,9,0.6098163117022891,0.8705804858999717,-0.6418315741746318,0.8740159128898765
G2E:L3N:T6H:G33T:D60Q,0.9043249097188344,G2E:L3N:T6H:G33T:D60Q,8,0.8456223994064219,1.3029513437691789,0.7094346627755598,0.8197009529139775
G2E:L3N:T6H:G33T:T112E,0.8173446817042213,G2E:L3N:T6H:G33T:T112E,8,0.8028873835291702,1.2253492386175526,0.4656398827272611,0.8424076941743472
G2E:L3N:T6H:G33T:V108Q,0.8235588298179479,G2E:L3N:T6H:G33T:V108Q,7,0.7312893220605573,1.1165047753282493,0.08782600268817062,0.8417620373598406
G2E:L3N:T6H:I91C,0.8250662960253613,G2E:L3N:T6H:I91C,8,0.7032411139575084,0.9688240910000546,-0.21220639765337312,0.8659371154829058
G2E:L3N:T6H:I91C:D95Q,0.743829071017914,G2E:L3N:T6H:I91C:D95Q,9,0.642767530776023,0.9563092107630895,-0.41637678509611536,0.8582069270413647
G2E:L3N:T6H:I91C:T112E,0.8257299454145299,G2E:L3N:T6H:I91C:T112E,7,0.719923094182501,1.1068510827860436,0.0388840731050078,0.8564301754426836
G2E:L3N:T6H:Q46C:D95Q,0.5202539794966835,G2E:L3N:T6H:Q46C:D95Q,9,0.49265074922777424,0.5035006004355016,-1.5335840847354922,0.8676556650130289
G2E:L3N:T6H:Q46C:I91C,0.6316504961877428,G2E:L3N:T6H:Q46C:I91C,8,0.5311594702393732,0.5995323544284713,-1.2761191611955365,0.8048379833197594
G2E:L3N:T6H:Q46C:T112E,0.6941640112782314,G2E:L3N:T6H:Q46C:T112E,7,0.5698063126342523,0.6672568434825615,-1.0591981691705568,0.8559560795373632
G2E:L3N:T6H:Q46R:D60Q,0.8049012710372586,G2E:L3N:T6H:Q46R:D60Q,8,0.7728617849600791,0.8882686999470235,-0.11459325970479094,0.8720650650395243
G2E:L3N:T6H:Q46R:V108Q,0.7301597379628687,G2E:L3N:T6H:Q46R:V108Q,9,0.6585287076142143,0.6872484909552765,-0.7572942374685583,0.8662704649964004
G2E:L3N:T6H:Q46V,0.6560723797538601,G2E:L3N:T6H:Q46V,9,0.5728770041746045,0.5960140601120524,-1.1528597737934754,1.0245758743851472
G2E:L3N:T6H:Q46V:D60Q,0.654642365273539,G2E:L3N:T6H:Q46V:D60Q,8,0.6322940002768488,0.7208538979563966,-0.7893731181230556,0.9526406380009209
G2E:L3N:T6H:R59N:T112E,0.860702913603136,G2E:L3N:T6H:R59N:T112E,9,0.6179235561916778,0.9381609138589061,-0.5190795668156389,0.8970289304694362
G2E:L3N:T6H:R59N:V106M,0.8038557274637113,G2E:L3N:T6H:R59N:V106M,8,0.6411451416121634,0.9599682424736279,-0.4160726645289354,0.9052333935444583
G2E:L3N:T6H:R97D,0.8646377991390758,G2E:L3N:T6H:R97D,8,0.7401511957836283,0.973621182483053,-0.09170319499844248,0.8893458096055489
G2E:L3N:T6H:V106M:V108Q,1.0612167541172737,G2E:L3N:T6H:V106M:V108Q,8,0.7101934605292527,1.0959723981555411,-0.006795505866947993,0.8759425863647623
G2E:L3N:T6H:V108Q:T112E,0.81721867701212,G2E:L3N:T6H:V108Q:T112E,9,0.6869718751087672,1.0581140688622557,-0.13303289775956034,0.8802889688762785
G2E:L3N:T6S,0.9233107188366158,G2E:L3N:T6S,9,0.9884029439756097,1.0668385497029413,0.807000088686379,0.8006262141786121
G2E:L3N:T6S:A28H:D60Q,1.0655734757362791,G2E:L3N:T6S:A28H:D60Q,9,1.0903575962005596,1.5022023034845264,1.750780254178679,0.5776074883443748
G2E:L3N:T6S:A28H:D95Q,1.0034478314459592,G2E:L3N:T6S:A28H:D95Q,9,0.9704670169168298,1.2501218805736887,1.0170815824502815,0.6070226783612533
G2E:L3N:T6S:A28H:Q46V,0.9379287938165016,G2E:L3N:T6S:A28H:Q46V,7,0.8786116281455247,0.9739057117585982,0.3347066645430796,0.8008186401952992
G2E:L3N:T6S:A28K:D95Q,0.7201921171154463,G2E:L3N:T6S:A28K:D95Q,8,0.9271632550620307,1.234708826639728,0.8615426892390743,0.6980407275487341
G2E:L3N:T6S:A28K:I91C,0.847878153519613,G2E:L3N:T6S:A28K:I91C,7,0.9656719760736296,1.3151493056553893,1.0964424806382693,0.6480824204020308
G2E:L3N:T6S:A28K:Q46C,0.9095916286777768,G2E:L3N:T6S:A28K:Q46C,7,0.8155551945253808,0.9154790590576873,0.05614192538341718,0.6634058619761323
G2E:L3N:T6S:A28K:Q46I,0.7076476405009997,G2E:L3N:T6S:A28K:Q46I,7,0.8132490211760894,1.008950794981896,0.1843274974857473,0.6182150102091557
G2E:L3N:T6S:A28K:R59N,1.0307309498177537,G2E:L3N:T6S:A28K:R59N,7,0.8636724380828064,1.1674412043609006,0.5688460255313198,0.7398859975406121
G2E:L3N:T6S:D60Q:I91C,1.2153456692288371,G2E:L3N:T6S:D60Q:I91C,8,1.0258550779079674,1.369387078073958,1.3601043710993799,0.7842488083537039
G2E:L3N:T6S:D95Q:T112E,0.9956639372809976,G2E:L3N:T6S:D95Q:T112E,7,0.9446113410191168,1.2115682580732177,0.8817336518059826,0.8265241274259272
G2E:L3N:T6S:G33T:D95Q,0.9007986967341368,G2E:L3N:T6S:G33T:D95Q,7,0.9889287879709069,1.2546266652676776,1.0804022336564607,0.7350807873100453
G2E:L3N:T6S:G33T:I91C,1.015509261099359,G2E:L3N:T6S:G33T:I91C,8,1.0274375089825059,1.348710686537178,1.3350482186334103,0.7508800845609479
G2E:L3N:T6S:G33T:Q46R,0.99883696478607,G2E:L3N:T6S:G33T:Q46R,9,1.037641183882832,1.1122137076056478,1.0241613777323553,0.8148371781241458
G2E:L3N:T6S:G33T:V106M,0.8596940362119899,G2E:L3N:T6S:G33T:V106M,8,1.0893059367978704,1.4286393733710623,1.641077575681749,0.7844098666481389
G2E:L3N:T6S:I91C,0.960544016764812,G2E:L3N:T6S:I91C,9,0.9664380818057231,1.1408493442849015,0.8465365496412423,0.8011146399238295
G2E:L3N:T6S:I91C:R97D,1.0069714232509608,G2E:L3N:T6S:I91C:R97D,9,0.9813833014619564,1.283748292215447,1.099334713254628,0.814672871715825
G2E:L3N:T6S:I91C:V108Q,0.8944367170999449,G2E:L3N:T6S:I91C:V108Q,9,0.9115220005621026,1.1751226105507904,0.7271809259087458,0.8354803928429582
G2E:L3N:T6S:Q46C:D60Q,1.0207831453618312,G2E:L3N:T6S:Q46C:D60Q,8,0.8757382963597186,0.9529577493338973,0.2955485253919776,0.8405806712558401
G2E:L3N:T6S:Q46C:R97D,0.7393023408895912,G2E:L3N:T6S:Q46C:R97D,7,0.8312665199137076,0.8627864975908226,0.028219064596054513,0.8649449137385029
G2E:L3N:T6S:Q46C:T112E,0.8947879183052113,G2E:L3N:T6S:Q46C:T112E,8,0.833003280482467,0.8738027432635473,0.04950624380942309,0.8670749049290863
G2E:L3N:T6S:Q46C:V108Q,0.6919409986555486,G2E:L3N:T6S:Q46C:V108Q,9,0.7614052190138539,0.7522017725761734,-0.3467700310954501,0.8648066135803585
G2E:L3N:T6S:Q46I:R59N,0.886021522156511,G2E:L3N:T6S:Q46I:R59N,7,0.6900507267474731,0.6635164192102159,-0.694658402848732,0.9221605931096283
G2E:L3N:T6S:Q46I:V106M,0.8221916143555115,G2E:L3N:T6S:Q46I:V106M,7,0.853918692553661,0.9630484886531824,0.24302089598562088,0.9004434104222171
G2E:L3N:T6S:Q46R:T112E,1.0060871362599637,G2E:L3N:T6S:Q46R:T112E,9,0.993323736931042,1.0452977028214891,0.7909638787178759,0.9048988503032342
G2E:L3N:T6S:Q46V,1.0441094303203389,G2E:L3N:T6S:Q46V,8,0.8360739720228192,0.8563988097866922,0.033765191798464975,0.9528049823801424
G2E:L3N:T6S:Q46V:D60Q,0.897555792874335,G2E:L3N:T6S:Q46V:D60Q,7,0.8954909681250635,0.9992302324282394,0.4232909295171109,0.8763474454831853
G2E:L3N:T6S:Q46V:I91C,0.8514547658217756,G2E:L3N:T6S:Q46V:I91C,8,0.8141091098529326,0.8542396944548537,-0.03693847096049584,0.8999990623431924
G2E:L3N:T6S:Q46V:T112E,0.822650912112806,G2E:L3N:T6S:Q46V:T112E,7,0.8527559522478118,0.9238488495230155,0.18271018366492048,0.9327281172950649
G2E:L3N:T6S:R59N,0.983555680534812,G2E:L3N:T6S:R59N,9,0.8644385438148999,0.9997874810055991,0.328559143603077,0.8818512282564077
G2E:L3N:T6S:R59N:D60Q,0.9410687230034344,G2E:L3N:T6S:R59N:D60Q,8,0.9238555399171442,1.2385711748828827,0.8569558641497301,0.8723046438117841
G2E:L3N:T6S:R59N:T112E,1.357972289133198,G2E:L3N:T6S:R59N:T112E,8,0.8811205240398925,1.1275840018259946,0.564843132560783,0.8835765846259848
G2E:L3N:T6S:R97D:V106M,1.120521543817359,G2E:L3N:T6S:R97D:V106M,9,1.0432517292773211,1.4034147048159722,1.4628761746178884,0.8412110470596048
G2E:L3N:T6S:R97D:V108Q,0.8250895675738087,G2E:L3N:T6S:R97D:V108Q,9,0.9484320823882225,1.1599154513236976,0.8187321306477211,0.8531647197733921
G2E:L3N:T6S:V106M,1.0019060769055828,G2E:L3N:T6S:V106M,9,1.0283065096210877,1.2216580722804375,1.1538395834819466,0.8305365253886142
G2E:L3N:V106M:T112E,0.7469689908204699,G2E:L3N:V106M:T112E,9,0.8517792644227656,0.9658764517028527,0.24053145525533692,0.7285184752802203
G2E:L3N:V106M:V108Q,0.8880397739316118,G2E:L3N:V106M:V108Q,8,0.7801812029541526,0.8881504324548916,-0.09224494049656544,0.7346578283256042
G2E:Q46C:D60Q:T112E,0.7065653393658661,G2E:Q46C:D60Q:T112E,9,0.7454442303949366,0.6978807517218055,-0.47449523662266835,0.8537093396093007
G2E:Q46C:D60Q:V108Q:T112E,0.608937908338529,G2E:Q46C:D60Q:V108Q:T112E,7,0.6905281491513161,0.6438720341851304,-0.721620695282243,0.8367569610168673
G2E:Q46C:D95Q:R97D:T112E,0.6787404957045138,G2E:Q46C:D95Q:R97D:T112E,9,0.6404988707674402,0.6145687057275685,-0.9179551194952953,0.8341505269601021
G2E:Q46C:D95Q:V106M:V108Q,0.4918150248655369,G2E:Q46C:D95Q:V106M:V108Q,8,0.5938591552880719,0.43882860052546524,-1.3157977712843918,0.8205605819269048
G2E:Q46C:I91C:D95Q:T112E,0.5522183962675842,G2E:Q46C:I91C:D95Q:T112E,9,0.6035887889413203,0.46123066288818043,-1.2534404965105383,0.8175492507538756
G2E:Q46C:I91C:R97D:V106M,0.6592073376856228,G2E:Q46C:I91C:R97D:V106M,9,0.7022291771995245,0.708586967887063,-0.5919589835591181,0.7861645852551212
G2E:Q46C:I91C:R97D:V108Q,0.4762934755407809,G2E:Q46C:I91C:R97D:V108Q,7,0.607409530310426,0.4446171794094461,-1.2657298750839974,0.7955453874884933
G2E:Q46C:I91C:V106M,0.5991034342627743,G2E:Q46C:I91C:V106M,9,0.6872839575432913,0.6127643679180114,-0.7766239115005262,0.8177361109032071
G2E:Q46C:I91C:V106M:T112E,0.6524093811342603,G2E:Q46C:I91C:V106M:T112E,8,0.7039659377682839,0.641769938601274,-0.6833193034722289,0.8211491127443578
G2E:Q46C:I91C:V108Q,0.5745399879399571,G2E:Q46C:I91C:V108Q,7,0.5924643106541927,0.4548075925939209,-1.2969629859398133,0.8169395913095886
G2E:Q46C:I91C:V108Q:T112E,0.546041870594785,G2E:Q46C:I91C:V108Q:T112E,8,0.6091462908791853,0.49357406257334413,-1.1895315035698673,0.8138061157181848
G2E:Q46C:R59N:D60Q:T112E,0.3536890806467396,G2E:Q46C:R59N:D60Q:T112E,9,0.6214798302342268,0.40918172771475825,-1.273725559583803,0.8670302543025361
G2E:Q46C:R59N:I91C,0.2121479287729433,G2E:Q46C:R59N:I91C,9,0.5234159917371033,0.17814982470812962,-1.9098070337802113,0.8259308023512525
G2E:Q46C:R59N:I91C:R97D,0.1923332823878577,G2E:Q46C:R59N:I91C:R97D,9,0.5383612113933366,0.18541757421778515,-1.853306858575822,0.7977808392584579
G2E:Q46C:R59N:I91C:V108Q,0.2326578161514912,G2E:Q46C:R59N:I91C:V108Q,9,0.46849991049348294,0.07552193567862309,-2.2272986447209036,0.8232577812459282
G2E:Q46C:R59N:R97D:T112E,0.2838384696325194,G2E:Q46C:R59N:R97D:T112E,8,0.5770080537882158,0.31761425739069704,-1.543075756773844,0.8196247311251733
G2E:Q46C:R59N:V108Q:T112E,0.4170693503423944,G2E:Q46C:R59N:V108Q:T112E,8,0.5071467528883621,0.21664323221551396,-1.9041510187631732,0.8218195701890063
G2E:Q46C:R97D:V106M,0.7256714551527235,G2E:Q46C:R97D:V106M,7,0.7241940393694112,0.6943020727227542,-0.5450546104868355,0.8219837668336549
G2E:Q46C:R97D:V106M:T112E,0.7504603958241828,G2E:Q46C:R97D:V106M:T112E,8,0.7408760195944037,0.7533549411351718,-0.40826277997558125,0.8247872168086203
G2E:Q46C:T112E,0.6831969086967676,G2E:Q46C:T112E,8,0.6860272342926923,0.6233456798849204,-0.7651761920587932,0.8341344391932611
G2E:Q46C:V106M:V108Q,0.5377885187100616,G2E:Q46C:V106M:V108Q,9,0.6543327384695574,0.5446976511740506,-0.976516612317498,0.8398551409973767
G2E:Q46C:V106M:V108Q:T112E,0.4864384754250497,G2E:Q46C:V106M:V108Q:T112E,8,0.67101471869455,0.5892863658376728,-0.8606586400776726,0.8372399524678796
G2E:Q46I:D60Q:D95Q:V108Q,0.3339875774282424,G2E:Q46I:D60Q:D95Q:V108Q,9,0.6110664123955467,0.3712151295195025,-1.3607130503886402,0.8333722661132078
G2E:Q46I:D60Q:R97D,0.6271585574518596,G2E:Q46I:D60Q:R97D,8,0.7414012964768859,0.6542007327475099,-0.5501517943368073,0.8562733981601605
G2E:Q46I:D60Q:T112E,0.8354001638883789,G2E:Q46I:D60Q:T112E,7,0.7431380570456452,0.7121995585266826,-0.46086708894556966,0.8662816376543594
G2E:Q46I:D60Q:V108Q,0.6213236195907197,G2E:Q46I:D60Q:V108Q,8,0.6715399955770321,0.5628419876906756,-0.8973152773753942,0.8328053305003585
G2E:Q46I:D95Q:R97D:T112E,0.5515709830827344,G2E:Q46I:D95Q:R97D:T112E,7,0.6381926974181487,0.5393359209287177,-1.0339343003333172,0.8684182820687503
G2E:Q46I:I91C,0.7606415737136709,G2E:Q46I:I91C,9,0.6450742185485218,0.5713359827297297,-0.9664486379364403,0.8737422882775226
G2E:Q46I:I91C:D95Q,0.4091572818932272,G2E:Q46I:I91C:D95Q,8,0.5846006353670363,0.3958171805558728,-1.4065333456205695,0.8737102352570546
G2E:Q46I:I91C:D95Q:V106M,0.4898542050030706,G2E:Q46I:I91C:D95Q:V106M,8,0.6245042010125144,0.4920273798510754,-1.144518672814887,0.8582385140294359
G2E:Q46I:I91C:T112E,0.6880431047218675,G2E:Q46I:I91C:T112E,8,0.6617561987735143,0.580337153962918,-0.90209624309433,0.8945658917800737
G2E:Q46I:I91C:V106M,0.7037913881757241,G2E:Q46I:I91C:V106M,7,0.6849777841939999,0.6253181916389691,-0.7655502102412357,0.8700601673280652
G2E:Q46I:R59N:D60Q:V106M,0.4205687863821035,G2E:Q46I:R59N:D60Q:V106M,8,0.6423952423054209,0.48244928390473246,-1.1033360175211255,0.8710424989494596
G2E:Q46I:R59N:D60Q:V108Q,0.3237418598611433,G2E:Q46I:R59N:D60Q:V108Q,8,0.5475755954163224,0.3336901838734425,-1.610363367379073,0.8661642995635634
G2E:Q46I:R59N:I91C:D95Q,0.1974583637046684,G2E:Q46I:R59N:I91C:D95Q,8,0.46063623520632646,0.06551249971874679,-2.265979215131956,0.8954423552122774
G2E:Q46I:R59N:I91C:R97D,0.2516309384448367,G2E:Q46I:R59N:I91C:R97D,9,0.5360550380440452,0.2269110498929855,-1.8003490220289726,0.8584819684348303
G2E:Q46I:R59N:I91C:V106M,0.2036210743423872,G2E:Q46I:R59N:I91C:V106M,7,0.56101338403329,0.30867660114833756,-1.6052215943709895,0.880774733374546
G2E:Q46I:R59N:I91C:V108Q,0.2238225964993153,G2E:Q46I:R59N:I91C:V108Q,9,0.46619373714419154,0.13230534480036837,-2.15221180530887,0.8778313373830092
G2E:Q46I:R59N:R97D:T112E,0.3484828530968825,G2E:Q46I:R59N:R97D:T112E,8,0.5747018804389243,0.36479867485345463,-1.48188146402771,0.8618157761683715
G2E:Q46I:R59N:R97D:V106M,0.3413080505871604,G2E:Q46I:R59N:R97D:V106M,7,0.5979234658594099,0.3807874377804472,-1.3872957270276427,0.8507383034018895
G2E:Q46I:R59N:V106M,0.4001407205325716,G2E:Q46I:R59N:V106M,7,0.5829782462031767,0.3818012032751031,-1.4318101293770242,0.883834443665473
G2E:Q46I:R97D,0.6881584679097373,G2E:Q46I:R97D,7,0.6819843003746416,0.5819097824108607,-0.8375848500170464,0.8521662270555036
G2E:Q46I:R97D:V106M:V108Q,0.3615886492006754,G2E:Q46I:R97D:V106M:V108Q,7,0.6669717847764993,0.5091430597214314,-0.9890882323154169,0.8249081910791457
G2E:Q46I:R97D:V108Q,0.4049335179364761,G2E:Q46I:R97D:V108Q,9,0.6270682191310212,0.40481136579770394,-1.2628570817192204,0.8380490357607997
G2E:Q46I:V106M:V108Q,0.6213627472288262,G2E:Q46I:V106M:V108Q,7,0.652026565120266,0.5276149879102173,-1.0083355703162256,0.8512485720710299
G2E:Q46R:D60Q:D95Q:R97D,0.8356878387391555,G2E:Q46R:D60Q:D95Q:R97D,8,0.8435543430932668,0.7706325164862717,-0.06734901614176986,0.8452764267711877
G2E:Q46R:D60Q:I91C,0.7929436679496082,G2E:Q46R:D60Q:I91C,9,0.8671178444486325,0.78517532874745,0.026195972579855703,0.8516895625662353
G2E:Q46R:D60Q:I91C:T112E,0.7243504521537819,G2E:Q46R:D60Q:I91C:T112E,8,0.8837998246736251,0.8428796409294388,0.16103604804970634,0.8396439389660758
G2E:Q46R:D60Q:I91C:V108Q,0.649273475475223,G2E:Q46R:D60Q:I91C:V108Q,9,0.812201763205012,0.7191792567979918,-0.23827869175637256,0.8349787861186779
G2E:Q46R:D60Q:R97D,0.9539602687587716,G2E:Q46R:D60Q:R97D,9,0.9040279262747524,0.8442706590413751,0.2252845978870319,0.8353943941251584
G2E:Q46R:D60Q:R97D:T112E,0.8021550149443738,G2E:Q46R:D60Q:R97D:T112E,8,0.9207099064997449,0.9320222689525188,0.40361189583983936,0.8227392186588135
G2E:Q46R:D60Q:R97D:V106M,0.900822670120226,G2E:Q46R:D60Q:R97D:V106M,9,0.9439314919202305,1.0010988824901619,0.575031269976176,0.7906174827222519
G2E:Q46R:D95Q,0.737883997730376,G2E:Q46R:D95Q,7,0.7691921273347894,0.6181289171975862,-0.516854837934291,0.8435997124310354
G2E:Q46R:D95Q:R97D,0.7443392704886082,G2E:Q46R:D95Q:R97D,9,0.7841373469910227,0.6650275232573861,-0.4029972294085674,0.8264687802386634
G2E:Q46R:D95Q:R97D:T112E,0.7441483357667338,G2E:Q46R:D95Q:R97D:T112E,8,0.8008193272160152,0.7399698079771059,-0.24320876910689082,0.8123613488465614
G2E:Q46R:D95Q:R97D:V106M,0.757298540069074,G2E:Q46R:D95Q:R97D:V106M,9,0.8240409126365007,0.8243165322340522,-0.04968908138576936,0.7889247158566342
G2E:Q46R:D95Q:V106M:T112E,0.6952602524786788,G2E:Q46R:D95Q:V106M:T112E,8,0.8257776732052601,0.7489487221041122,-0.15342488052914027,0.8111441393028459
G2E:Q46R:D95Q:V106M:V108Q,0.5158887764863823,G2E:Q46R:D95Q:V106M:V108Q,9,0.754179611736647,0.5931259966125668,-0.5992300374766136,0.7914825633583578
G2E:Q46R:I91C:D95Q:V106M,0.6877201967493954,G2E:Q46R:I91C:D95Q:V106M,7,0.7871308308103809,0.693049226903416,-0.3532316500640498,0.8154112981217736
G2E:Q46R:I91C:R97D:T112E,0.6952205907842146,G2E:Q46R:I91C:R97D:T112E,9,0.8393280482276141,0.7863628457532299,-0.05758557707132242,0.8144469630196678
G2E:Q46R:I91C:V106M:T112E,0.7573037708638799,G2E:Q46R:I91C:V106M:T112E,7,0.8642863942168589,0.8398220173506031,0.0965742454139946,0.8272154898522779
G2E:Q46R:I91C:V108Q,0.7639715729327201,G2E:Q46R:I91C:V108Q,8,0.7527847671027679,0.609360415034815,-0.5800255755383026,0.845233453135
G2E:Q46R:R59N:D60Q:V108Q,0.3557895805134426,G2E:Q46R:R59N:D60Q:V108Q,9,0.7102022252141889,0.4662372130740438,-0.9181794208928679,0.8637163976617356
G2E:Q46R:R59N:D95Q:V106M,0.3679378624802072,G2E:Q46R:R59N:D95Q:V106M,9,0.6851312928195576,0.35086072728121204,-1.1622980871602677,0.8663390158576735
G2E:Q46R:R59N:I91C:D95Q,0.2101604137707135,G2E:Q46R:R59N:I91C:D95Q,7,0.6232628650041929,0.1796470802512266,-1.600443463731517,0.8752633681172117
G2E:Q46R:R59N:I91C:V106M,0.4254789740940787,G2E:Q46R:R59N:I91C:V106M,8,0.7236400138311565,0.43106288301067097,-0.9277432192168653,0.8562494761895846
G2E:Q46R:R59N:R97D:T112E,0.4881211233032408,G2E:Q46R:R59N:R97D:T112E,9,0.7373285102367909,0.4867969967118358,-0.8049645803979963,0.8240608016688833
G2E:Q46R:R59N:T112E,0.5412929821216188,G2E:Q46R:R59N:T112E,7,0.7223832905805576,0.47544723820552226,-0.8673726157705517,0.8562467055440736
G2E:Q46R:R59N:V108Q,0.4601826757877072,G2E:Q46R:R59N:V108Q,8,0.6507852291119446,0.3461724112226396,-1.2747552037633143,0.8666518175525556
G2E:Q46R:R59N:V108Q:T112E,0.554536065308332,G2E:Q46R:R59N:V108Q:T112E,7,0.6674672093369372,0.39343894942060703,-1.1550216381553982,0.8290039490089663
G2E:Q46R:R97D:T112E,0.7563489653044817,G2E:Q46R:R97D:T112E,7,0.8612929103975007,0.7928025147622582,0.019313298042111376,0.8250700833747487
G2E:Q46R:R97D:V106M:T112E,0.831353075803749,G2E:Q46R:R97D:V106M:T112E,7,0.9011964760429788,0.9333460954126283,0.3454913320855425,0.7961355187384357
G2E:Q46R:V106M:T112E,0.781270491296454,G2E:Q46R:V106M:T112E,9,0.8862512563867455,0.8334414864469184,0.15491854397596777,0.8317429851689172
G2E:Q46V:D60Q:D95Q:R97D,0.6319491430813593,G2E:Q46V:D60Q:D95Q:R97D,8,0.7029865584100365,0.6241905842905655,-0.7117750017060096,0.708027223217429
G2E:Q46V:D60Q:D95Q:V106M,0.6109701930747958,G2E:Q46V:D60Q:D95Q:V106M,8,0.7279449043992814,0.637711061239851,-0.6154181442492259,0.6734526196452272
G2E:Q46V:D60Q:D95Q:V108Q,0.4541402706815642,G2E:Q46V:D60Q:D95Q:V108Q,8,0.6331252575101829,0.4383198315126885,-1.195724985285306,0.6958883023013368
G2E:Q46V:D60Q:I91C:R97D,0.5874288167759959,G2E:Q46V:D60Q:I91C:R97D,9,0.7414952794216355,0.6853850938124988,-0.5047297536610365,0.689756497260221
G2E:Q46V:D60Q:I91C:V108Q,0.610924536943705,G2E:Q46V:D60Q:I91C:V108Q,9,0.6716339785217817,0.5653246658785833,-0.8934329611754059,0.7135428757015516
G2E:Q46V:D60Q:R97D,0.7262608893821199,G2E:Q46V:D60Q:R97D,9,0.7634601415915221,0.7002119785199018,-0.4156921258925222,0.7603381633833629
G2E:Q46V:D60Q:R97D:V106M,0.7774742619197524,G2E:Q46V:D60Q:R97D:V106M,9,0.8033637072370001,0.8238811781092547,-0.11393625353821474,0.6649297517812085
G2E:Q46V:D60Q:V108Q,0.7099901211707143,G2E:Q46V:D60Q:V108Q,7,0.6935988406916684,0.6035403176987609,-0.7705449509797093,0.7662610774055187
G2E:Q46V:D95Q,0.6535923222230419,G2E:Q46V:D95Q,9,0.6286243426515591,0.5105666278691446,-1.1050106159521764,0.8084407332539837
G2E:Q46V:D95Q:R97D,0.6635494212881321,G2E:Q46V:D95Q:R97D,9,0.6435695623077924,0.540667818623628,-1.0154637771703872,0.7454516463372518
G2E:Q46V:D95Q:R97D:V106M,0.7935442370739607,G2E:Q46V:D95Q:R97D:V106M,9,0.6834731279532704,0.6667978037408604,-0.7101464288824252,0.6572760817559746
G2E:Q46V:D95Q:R97D:V108Q,0.414595883961865,G2E:Q46V:D95Q:R97D:V108Q,7,0.5886534810641719,0.3699903715689794,-1.4314429891053893,0.6800560502527008
G2E:Q46V:D95Q:T112E,0.7284161927775935,G2E:Q46V:D95Q:T112E,8,0.6453063228765517,0.5278222572787864,-1.028711607393539,0.7541332836646066
G2E:Q46V:D95Q:V106M:V108Q,0.4691006907638873,G2E:Q46V:D95Q:V106M:V108Q,7,0.6136118270534168,0.4379713079176589,-1.2562659283886135,0.6803490296241147
G2E:Q46V:D95Q:V108Q,0.4228424494254269,G2E:Q46V:D95Q:V108Q,9,0.5737082614079386,0.3667157582231185,-1.4821639291078328,0.7509358990602919
G2E:Q46V:I91C:D95Q:R97D,0.5794238846091253,G2E:Q46V:I91C:D95Q:R97D,9,0.6216047001379057,0.5105054049887634,-1.1266963977922941,0.663748807611981
G2E:Q46V:I91C:D95Q:T112E,0.4418745496838023,G2E:Q46V:I91C:D95Q:T112E,8,0.6233414607066651,0.47499140987947497,-1.1727520775379054,0.6839164309418289
G2E:Q46V:I91C:D95Q:V106M,0.5261526556665225,G2E:Q46V:I91C:D95Q:V106M,7,0.6465630461271505,0.5401679635193214,-1.0069772300409072,0.662726038703727
G2E:Q46V:I91C:T112E,0.6902765369414451,G2E:Q46V:I91C:T112E,9,0.6838150438881505,0.5979978933366266,-0.8086680441145274,0.7628019752644966
G2E:Q46V:I91C:V108Q,0.6457094488547677,G2E:Q46V:I91C:V108Q,8,0.6122169824195376,0.4775880516773547,-1.203220407154916,0.7800296123702206
G2E:Q46V:I91C:V108Q:T112E,0.6220771849605384,G2E:Q46V:I91C:V108Q:T112E,9,0.62889896264453,0.5196415130866878,-1.0910316874153891,0.7202109778066608
G2E:Q46V:R59N:D60Q,0.4599575985224827,G2E:Q46V:R59N:D60Q,7,0.624550521774579,0.3881087018729624,-1.2947768607034482,0.8915018441417882
G2E:Q46V:R59N:D60Q:V106M,0.3876475102003484,G2E:Q46V:R59N:D60Q:V106M,7,0.6644540874200571,0.4205033579638793,-1.1251219318657826,0.8099239720040784
G2E:Q46V:R59N:D95Q:R97D,0.3022557666574192,G2E:Q46V:R59N:D95Q:R97D,9,0.5196051621470825,0.16106814653813972,-1.9462539076877448,0.807535886133632
G2E:Q46V:R59N:D95Q:T112E,0.2154303787761445,G2E:Q46V:R59N:D95Q:T112E,8,0.5213419227158418,0.17048535386643787,-1.927281004349354,0.8048284653913524
G2E:Q46V:R59N:D95Q:V108Q,0.1492734746220978,G2E:Q46V:R59N:D95Q:V108Q,9,0.4497438612472288,-0.004660799162745866,-2.401052809081171,0.8203509374063458
G2E:Q46V:R59N:I91C:V106M,0.1716190801566097,G2E:Q46V:R59N:I91C:V106M,8,0.5830722291479262,0.2456162693244177,-1.6286203797634884,0.796035122198217
G2E:Q46V:R59N:R97D:V106M,0.3581664647828099,G2E:Q46V:R59N:R97D:V106M,8,0.6199823109740461,0.3399551368068931,-1.3785240546418382,0.7871202946767565
G2E:Q46V:R59N:V108Q:T112E,0.2700414949277509,G2E:Q46V:R59N:V108Q:T112E,9,0.5268994246537069,0.2288988940775193,-1.8256408979011782,0.8164648632428382
G2E:Q46V:R97D:V106M:T112E,0.7030741206278156,G2E:Q46V:R97D:V106M:T112E,9,0.7606286913597485,0.7682315783882144,-0.3259593416252785,0.6821718997919275
G2E:Q46V:R97D:V108Q:T112E,0.5316720643295965,G2E:Q46V:R97D:V108Q:T112E,7,0.6658090444706499,0.5387240799115763,-0.9498532263705906,0.7085771144564631
G2E:Q46V:T112E,0.8110468889329855,G2E:Q46V:T112E,7,0.7057799060580372,0.6569262636817891,-0.6558026759932661,0.8251355020644799
G2E:Q46V:V106M:T112E,0.7827276463426701,G2E:Q46V:V106M:T112E,9,0.7456834717035152,0.6851243847278211,-0.4922213599909189,0.763637520946769
G2E:Q46V:V106M:V108Q,0.5967230427010325,G2E:Q46V:V106M:V108Q,8,0.6740854102349023,0.5662643146794216,-0.8845307505201926,0.7771883915955062
G2E:R4D:A28H:D60Q,1.2638759041394507,G2E:R4D:A28H:D60Q,9,1.0884186043131374,1.4380553617153693,1.6519752273898836,0.6255702682077416
G2E:R4D:A28H:D60Q:R97D,1.1810821328230163,G2E:R4D:A28H:D60Q:R97D,9,1.1033638239693706,1.595368387321372,1.9256347745596019,0.6654967002954244
G2E:R4D:A28H:D60Q:V106M,1.3074462029551304,G2E:R4D:A28H:D60Q:V106M,9,1.1283221699586155,1.6600324161605733,2.0960113005953467,0.6338479625628758
G2E:R4D:A28H:D60Q:V108Q,1.2126120419478763,G2E:R4D:A28H:D60Q:V108Q,9,1.033502523069517,1.5151599930970796,1.5946091083652658,0.6533147983770576
G2E:R4D:A28H:D95Q:V106M,0.8919393927895995,G2E:R4D:A28H:D95Q:V106M,7,1.0084315906748857,1.4192743848487621,1.3786994389869247,0.6328056115955543
G2E:R4D:A28H:G33T,1.2689063879986249,G2E:R4D:A28H:G33T,7,1.090001035387676,1.4143210668813415,1.622493395043565,0.5589495906266542
G2E:R4D:A28H:G33T:Q46I,1.0549169479706313,G2E:R4D:A28H:G33T:Q46I,7,0.915613218320249,1.1680288942847064,0.7295016016237349,0.5297114532789289
G2E:R4D:A28H:G33T:Q46R,1.1394613482550209,G2E:R4D:A28H:G33T:Q46R,8,1.0782398481181155,1.2418539501241794,1.336697688528949,0.5952681341745922
G2E:R4D:A28H:G33T:R59N,1.3044224183239337,G2E:R4D:A28H:G33T:R59N,9,0.966036635226966,1.3514674738027066,1.150127424080827,0.6732497075126395
G2E:R4D:A28H:G33T:V106M,1.3613771334975635,G2E:R4D:A28H:G33T:V106M,9,1.129904601033154,1.643408304174502,2.076819981099492,0.585000571633904
G2E:R4D:A28H:G33T:V108Q,1.2852800582724684,G2E:R4D:A28H:G33T:V108Q,9,1.0350849541440552,1.50045717605154,1.5781984642328795,0.6067926435706263
G2E:R4D:A28H:I91C:T112E,1.0492788067492158,G2E:R4D:A28H:I91C:T112E,7,1.023718726265999,1.4401949311768618,1.456011166807965,0.6786523872660354
G2E:R4D:A28H:Q46C:I91C,0.9034381109377468,G2E:R4D:A28H:Q46C:I91C,8,0.8349551023228712,0.9126909213969026,0.11179393023643742,0.5729022580240198
G2E:R4D:A28H:Q46C:T112E,0.9048754136664142,G2E:R4D:A28H:Q46C:T112E,9,0.8736019447177503,1.0026260189797198,0.3608601648478552,0.6122762654912396
G2E:R4D:A28H:Q46C:V106M,0.8171921240598852,G2E:R4D:A28H:Q46C:V106M,8,0.8968235301382359,1.0284380765560335,0.46966308050343164,0.6012470529571406
G2E:R4D:A28H:Q46I,0.9702467107754243,G2E:R4D:A28H:Q46I,8,0.8546137911434664,0.954653625113483,0.23300966868768722,0.584495371519536
G2E:R4D:A28H:Q46I:I91C,0.8223021133080245,G2E:R4D:A28H:Q46I:I91C,8,0.8326489289735798,0.9546384945307712,0.16540897853630557,0.6307354579943211
G2E:R4D:A28H:Q46I:T112E,0.9893835037111826,G2E:R4D:A28H:Q46I:T112E,9,0.8712957713684589,1.0502645339011458,0.42271166934700843,0.6515993813283664
G2E:R4D:A28H:Q46I:V106M,0.9164581810429856,G2E:R4D:A28H:Q46I:V106M,8,0.8945173567889445,1.0701064514676537,0.5228740473675179,0.6172183256146756
G2E:R4D:A28H:Q46R,1.09094387420115,G2E:R4D:A28H:Q46R,7,1.0172404209413328,1.041982783152819,0.85975013865495,0.6756914823140834
G2E:R4D:A28H:Q46R:D95Q,0.940787174823686,G2E:R4D:A28H:Q46R:D95Q,8,0.9567668377598474,0.942571268329162,0.5298149215308681,0.6736001190251764
G2E:R4D:A28H:Q46R:I91C,1.0336650558266818,G2E:R4D:A28H:Q46R:I91C,7,0.9952755587714464,1.0589445012518945,0.8167199107906989,0.7089966837861401
G2E:R4D:A28H:Q46R:R59N,0.8764640864512611,G2E:R4D:A28H:Q46R:R59N,9,0.8932760207806231,0.7736067165182257,0.08993307530650929,0.7378872210828232
G2E:R4D:A28H:Q46V:I91C,0.9593278053109812,G2E:R4D:A28H:Q46V:I91C,7,0.854707774088216,0.9617332761524398,0.243545148274402,0.7474823176973782
G2E:R4D:A28H:Q46V:T112E,0.992005539375868,G2E:R4D:A28H:Q46V:T112E,8,0.8933546164830952,1.0523512458575637,0.493599698446768,0.7772602459747877
G2E:R4D:A28H:Q46V:V108Q,0.8480406696940843,G2E:R4D:A28H:Q46V:V108Q,9,0.8217565550144822,0.9179772882711805,0.07883717802138197,0.7831520571902042
G2E:R4D:A28H:R59N:T112E,1.1532983607876628,G2E:R4D:A28H:R59N:T112E,9,0.9217191882751758,1.280345666240543,0.9108428991122937,0.7134256541062397
G2E:R4D:A28H:R97D:T112E,1.1668354429472627,G2E:R4D:A28H:R97D:T112E,7,1.060628808092119,1.503494490168721,1.6611845399152367,0.6898307379485882
G2E:R4D:A28H:R97D:V106M,1.2560860978170458,G2E:R4D:A28H:R97D:V106M,8,1.0838503935126045,1.574311295662717,1.8351224804614752,0.6593445849508813
G2E:R4D:A28H:T112E,1.0534519481540816,G2E:R4D:A28H:T112E,7,1.0456835884358857,1.3415629359847385,1.3808406319212962,0.6626460076479102
G2E:R4D:A28H:V108Q:T112E,1.170785161296613,G2E:R4D:A28H:V108Q:T112E,9,0.9907675071922653,1.4207406345730007,1.326474847091323,0.6898533711648913
G2E:R4D:A28K,1.1664815618862467,G2E:R4D:A28K,7,0.9856978463560941,1.1948877947336158,0.9840020620644976,0.7690262824382004
G2E:R4D:A28K:D60Q:V108Q,1.3360647740860747,G2E:R4D:A28K:D60Q:V108Q,8,0.9901987612147178,1.4797185325381605,1.4100832565686423,0.8033952710721289
G2E:R4D:A28K:D95Q:R97D,0.94214591410837,G2E:R4D:A28K:D95Q:R97D,8,0.9401694828308418,1.3848744695452344,1.1188922322670478,0.7905907947667233
G2E:R4D:A28K:D95Q:T112E,1.1218842501340935,G2E:R4D:A28K:D95Q:T112E,7,0.9419062433996012,1.3660160470267024,1.0969420343975145,0.8200188024932857
G2E:R4D:A28K:G33T:Q46R,1.2085536070140812,G2E:R4D:A28K:G33T:Q46R,7,1.0349360862633166,1.2787079937047887,1.2568045628221216,0.7247773467109709
G2E:R4D:A28K:G33T:V106M,1.3722438362327192,G2E:R4D:A28K:G33T:V106M,8,1.0866008391783548,1.625071670894095,1.9170498140269376,0.7053113429137838
G2E:R4D:A28K:I91C:R97D,1.1310397714613405,G2E:R4D:A28K:I91C:R97D,7,0.9786782038424408,1.4255628614238074,1.2962591342505303,0.7488039810216636
G2E:R4D:A28K:Q46C,0.9921644159287712,G2E:R4D:A28K:Q46C,7,0.8136162026379588,0.9170954374501491,0.05251564514497552,0.718005651500402
G2E:R4D:A28K:Q46C:V106M,0.8965424120249882,G2E:R4D:A28K:Q46C:V106M,9,0.8535197682834368,1.0219580294470816,0.3270528592394524,0.7540838723859362
G2E:R4D:A28K:Q46I:D95Q,0.889884080024726,G2E:R4D:A28K:Q46I:D95Q,8,0.7508364461071818,0.9014157502786502,-0.16333049407097103,0.6829566048120077
G2E:R4D:A28K:Q46I:V106M,0.9617460293720266,G2E:R4D:A28K:Q46I:V106M,7,0.8512135949341454,1.1209053630010124,0.46316322160070245,0.6770155032365694
G2E:R4D:A28K:Q46R:D95Q,0.91154699071935,G2E:R4D:A28K:Q46R:D95Q,9,0.9134630759050484,0.9919585972723577,0.46806112315783666,0.8536815160004649
G2E:R4D:A28K:Q46R:T112E,1.2105895333625414,G2E:R4D:A28K:Q46R:T112E,9,0.9906186393115264,1.1806095763984847,0.9784769984310766,0.8601889123460407
G2E:R4D:A28K:Q46V:D95Q,0.8763337055114014,G2E:R4D:A28K:Q46V:D95Q,9,0.772895291221818,0.8843409373923389,-0.12017479223270572,0.8873341029075372
G2E:R4D:A28K:R59N:I91C,1.03748552950411,G2E:R4D:A28K:R59N:I91C,9,0.8397685840254977,1.1812614096973841,0.5153034582204221,0.8176766716932071
G2E:R4D:A28K:R59N:T112E,0.9673445495646112,G2E:R4D:A28K:R59N:T112E,8,0.8784154264203768,1.2953431195450462,0.7993168987082645,0.8463791722403791
G2E:R4D:A28K:R97D,1.1415548766671917,G2E:R4D:A28K:R97D,9,1.0006430660123273,1.3037588076199236,1.1875518574804147,0.7695724649466262
G2E:R4D:A28K:R97D:V106M,1.0396012315874237,G2E:R4D:A28K:R97D:V106M,9,1.0405466316578054,1.5520728811944966,1.6697052955398044,0.7730384476227073
G2E:R4D:A28K:T112E,1.0471047821853798,G2E:R4D:A28K:T112E,8,1.0023798265810866,1.3326824863134044,1.234756326524364,0.8030147643180797
G2E:R4D:A28K:V106M,0.9411236310874346,G2E:R4D:A28K:V106M,7,1.0256014120015722,1.3640154325632847,1.3515495818176402,0.7905603488321312
G2E:R4D:D60Q,1.300538716696242,G2E:R4D:D60Q,8,1.0458809481904319,1.246689081292954,1.2441376453151558,0.8454412403013649
G2E:R4D:D60Q:D95Q:T112E,1.0588473155452425,G2E:R4D:D60Q:D95Q:T112E,8,1.002089345233939,1.4222430525170586,1.3634829265559838,0.8892988018540198
G2E:R4D:D60Q:D95Q:V106M,1.1384022559162388,G2E:R4D:D60Q:D95Q:V106M,9,1.0253109306544244,1.4674982471253637,1.5004257446246947,0.8691610121438721
G2E:R4D:D60Q:R97D,1.2516162897168797,G2E:R4D:D60Q:R97D,8,1.060826167846665,1.3768742464254191,1.4785352490471229,0.882650257930797
G2E:R4D:D60Q:V106M:T112E,1.152881093474269,G2E:R4D:D60Q:V106M:T112E,9,1.1024664940609026,1.5976464351468407,1.9261709811079017,0.8957088707393411
G2E:R4D:D60Q:V108Q:T112E,1.07067171479663,G2E:R4D:D60Q:V108Q:T112E,9,1.0076468471718039,1.480798510102038,1.4653284289258999,0.8914714101694419
G2E:R4D:D95Q:R97D:T112E,0.8949129298648202,G2E:R4D:D95Q:R97D:T112E,9,0.9576175687879279,1.3972208371080557,1.1904431640599848,0.8878757102466416
G2E:R4D:D95Q:V108Q:T112E,0.7735034168734293,G2E:R4D:D95Q:V108Q:T112E,9,0.8877562678880742,1.2269862656805461,0.7291233052691648,0.8657112901529198
G2E:R4D:G33T,1.219052236477023,G2E:R4D:G33T,8,1.0474633792649701,1.2141089532275222,1.2018533066919423,0.8053576611219672
G2E:R4D:G33T:D60Q,1.291107225490373,G2E:R4D:G33T:D60Q,9,1.1068803753672145,1.4574994087844089,1.7369173579214638,0.8115754818806142
G2E:R4D:G33T:D60Q:I91C,1.1625601331676068,G2E:R4D:G33T:D60Q:I91C,9,1.0849155131973278,1.585762992107774,1.8549734619931555,0.8255898219183214
G2E:R4D:G33T:D60Q:R97D,1.189335971937005,G2E:R4D:G33T:D60Q:R97D,9,1.1218255950234477,1.6361172275719182,2.0414111681050766,0.8615819366908807
G2E:R4D:G33T:D95Q,1.0354503159891273,G2E:R4D:G33T:D95Q,7,0.9869897960834847,1.2330482537414609,1.0432063126892186,0.7808784791712263
G2E:R4D:G33T:D95Q:R97D,1.090064130575653,G2E:R4D:G33T:D95Q:R97D,7,1.001935015739718,1.4424650339459444,1.3922752224194501,0.8185516827147478
G2E:R4D:G33T:D95Q:T112E,1.1429943907910969,G2E:R4D:G33T:D95Q:T112E,8,1.0036717763084773,1.4144463479050708,1.357067445735697,0.8196573538875241
G2E:R4D:G33T:D95Q:V106M,1.122173237754927,G2E:R4D:G33T:D95Q:V106M,9,1.0268933617289628,1.4606903983494641,1.4954414272366465,0.8054550460218138
G2E:R4D:G33T:D95Q:V108Q,1.0005687576981397,G2E:R4D:G33T:D95Q:V108Q,9,0.9320737148398643,1.2784638345499504,0.9399768749404624,0.7999175754066457
G2E:R4D:G33T:Q46C:D60Q,0.9627523198980672,G2E:R4D:G33T:Q46C:D60Q,9,0.9347987316490791,1.1097994071206294,0.7042541459427212,0.7770445981677763
G2E:R4D:G33T:Q46C:I91C,0.8254575522157963,G2E:R4D:G33T:Q46C:I91C,8,0.8534168733769483,0.9582520813313741,0.23453515698057004,0.7451802663043883
G2E:R4D:G33T:Q46I:D60Q,1.1403405506199915,G2E:R4D:G33T:Q46I:D60Q,7,0.9324925582997877,1.226620027969088,0.8662323792880817,0.8129296123923123
G2E:R4D:G33T:Q46R,1.13692471136799,G2E:R4D:G33T:Q46R,9,1.03570219199541,1.1160344297181022,1.0237254271749487,0.8194596172979836
G2E:R4D:G33T:Q46R:D60Q,1.1237836413820772,G2E:R4D:G33T:Q46R:D60Q,8,1.0951191880976543,1.3172338535627401,1.497726723297685,0.8255556490614804
G2E:R4D:G33T:Q46R:I91C,1.1324480052768484,G2E:R4D:G33T:Q46R:I91C,9,1.0137373298255234,1.1588550014505754,1.018120518926666,0.8438365449159362
G2E:R4D:G33T:Q46R:V106M,1.007322758207296,G2E:R4D:G33T:Q46R:V106M,9,1.0756057576408882,1.2717328856963805,1.3718369955091112,0.8481555888727353
G2E:R4D:G33T:Q46V:I91C,0.8579720713966957,G2E:R4D:G33T:Q46V:I91C,9,0.8731695451422931,1.03589424277712,0.4076786548740332,0.9354226907778183
G2E:R4D:G33T:Q46V:R97D,1.0151718595729198,G2E:R4D:G33T:Q46V:R97D,9,0.9100796269684129,1.0712446890714238,0.5724014925276459,0.9644784033500028
G2E:R4D:G33T:Q46V:V108Q,0.8761519030205372,G2E:R4D:G33T:Q46V:V108Q,7,0.8402183260685592,0.9810717888516373,0.22695427358454612,0.9840871827567124
G2E:R4D:G33T:R59N:D60Q,1.036188744169432,G2E:R4D:G33T:R59N:D60Q,9,0.9829159752065046,1.434446768576729,1.3221549993745432,0.9396681261852226
G2E:R4D:G33T:R59N:D95Q,0.9975106916537726,G2E:R4D:G33T:R59N:D95Q,9,0.8630253959227749,1.152565403472215,0.5453256536314686,0.905194039326335
G2E:R4D:G33T:R59N:T112E,1.1044762793389724,G2E:R4D:G33T:R59N:T112E,7,0.9401809593292529,1.3275638024489556,1.0359822548503668,0.9435502876910123
G2E:R4D:G33T:R97D:T112E,1.1090515830020995,G2E:R4D:G33T:R97D:T112E,9,1.079090579146196,1.5526374480250167,1.7891096751931548,0.8893150694466951
G2E:R4D:G33T:V106M,1.2100628176728885,G2E:R4D:G33T:V106M,8,1.0873669449104484,1.3995231074495622,1.5929721761288924,0.8417238282507161
G2E:R4D:G33T:V108Q:T112E,1.1078418771016656,G2E:R4D:G33T:V108Q:T112E,9,1.0092292782463423,1.4633711868369637,1.4449746279348479,0.8833241585723787
G2E:R4D:I91C:D95Q:T112E,0.8789934464649479,G2E:R4D:I91C:D95Q:T112E,9,0.920707486961808,1.2713600383576726,0.8947253906970881,0.8718597204550476
G2E:R4D:I91C:V106M,1.138193446894923,G2E:R4D:I91C:V106M,7,1.004402655563779,1.3079497272655578,1.2051843868404815,0.8763259135664445
G2E:R4D:Q46C:D60Q:D95Q,0.8271094884409131,G2E:R4D:Q46C:D60Q:D95Q,7,0.8133257212908109,0.8759294137221385,-0.007957341156937033,0.8918862838046412
G2E:R4D:Q46C:D60Q:T112E,0.8700748701324045,G2E:R4D:Q46C:D60Q:T112E,7,0.890481284697289,1.0496001955236343,0.48077780995378605,0.9040867471058522
G2E:R4D:Q46C:D95Q:R97D,0.7591222191121912,G2E:R4D:Q46C:D95Q:R97D,8,0.7688539448448,0.8564780885135796,-0.17293439719065812,0.8638275658427513
G2E:R4D:Q46C:D95Q:V108Q,0.6722904331712918,G2E:R4D:Q46C:D95Q:V108Q,8,0.6989926439449463,0.6753598603720985,-0.6500060884828536,0.8439994273873891
G2E:R4D:Q46C:I91C,0.8246264450667838,G2E:R4D:Q46C:I91C,9,0.7924174462001656,0.8057560203803881,-0.17384676698482465,0.8263196279114529
G2E:R4D:Q46C:I91C:R97D,0.740265795811152,G2E:R4D:Q46C:I91C:R97D,9,0.8073626658563989,0.883757455969183,-0.014974272935319694,0.8456462069252272
G2E:R4D:Q46C:I91C:V106M,0.8393964918783877,G2E:R4D:Q46C:I91C:V106M,7,0.8323210118456437,0.9331766921162786,0.1333385821013223,0.869390361620325
G2E:R4D:Q46C:I91C:V108Q,0.7824030168583923,G2E:R4D:Q46C:I91C:V108Q,7,0.7375013649565452,0.7684495526716636,-0.3967991881625877,0.861743367827288
G2E:R4D:Q46C:R59N:D60Q,0.7958169457545913,G2E:R4D:Q46C:R59N:D60Q,8,0.7498349043115866,0.6988524472625375,-0.4595802225945279,0.9254993859458245
G2E:R4D:Q46C:R59N:T112E,0.3893293682742135,G2E:R4D:Q46C:R59N:T112E,8,0.707099888434335,0.613872672562016,-0.7140526469345203,0.8950772513041192
G2E:R4D:Q46C:R97D:V106M,0.9699790692943168,G2E:R4D:Q46C:R97D:V106M,9,0.8692310936717635,1.0165877878964769,0.36761922743893677,0.884993694443617
G2E:R4D:Q46C:T112E,1.0065598623970522,G2E:R4D:Q46C:T112E,8,0.8310642885950448,0.8849733769612034,0.05970776365673741,0.8665550767220799
G2E:R4D:Q46C:V106M,1.0009461366701482,G2E:R4D:Q46C:V106M,7,0.8542858740155304,0.899728667702693,0.15250830586687675,0.8685508255508476
G2E:R4D:Q46C:V108Q,0.9851017395656408,G2E:R4D:Q46C:V108Q,9,0.7594662271264317,0.7712104952835652,-0.3252245054183913,0.8491359923770774
G2E:R4D:Q46I:D60Q,1.0546913295396727,G2E:R4D:Q46I:D60Q,8,0.8714931311230051,1.0180644269364176,0.37671591491245315,0.8419090224269806
G2E:R4D:Q46I:D60Q:I91C,0.9803166581101688,G2E:R4D:Q46I:D60Q:I91C,8,0.8495282689531185,1.0175837729927233,0.30844147638767216,0.8878157389963255
G2E:R4D:Q46I:D60Q:T112E,1.0894324681668996,G2E:R4D:Q46I:D60Q:T112E,7,0.8881751113479976,1.1199742914108122,0.5755343456024655,0.8998417323350324
G2E:R4D:Q46I:D95Q,0.8176351618201475,G2E:R4D:Q46I:D95Q,8,0.7516025518392754,0.7694008974042401,-0.35203751335685707,0.8384985103860076
G2E:R4D:Q46I:D95Q:T112E,0.8080719587043584,G2E:R4D:Q46I:D95Q:T112E,9,0.7682845320642679,0.8585014366872107,-0.1717579203179756,0.8949789643683023
G2E:R4D:Q46I:D95Q:V108Q,0.6755728280057318,G2E:R4D:Q46I:D95Q:V108Q,8,0.6966864705956549,0.6679941354925008,-0.6677617964290341,0.841091795511912
G2E:R4D:Q46I:I91C,0.9394708184183908,G2E:R4D:Q46I:I91C,7,0.7901112728508742,0.8768571105838594,-0.07803805806381053,0.8709477135710691
G2E:R4D:Q46I:I91C:R97D,0.6731174795392761,G2E:R4D:Q46I:I91C:R97D,9,0.8050564925071075,0.907719346563354,0.012610235608131421,0.8882118255350598
G2E:R4D:Q46I:I91C:V106M,0.954747220803038,G2E:R4D:Q46I:I91C:V106M,7,0.8300148384963524,1.0017858049195372,0.22554067133219394,0.9048971052293048
G2E:R4D:Q46I:R59N:D95Q,0.5441637675688071,G2E:R4D:Q46I:R59N:D95Q,8,0.6276381516785655,0.5332415151097087,-1.075227617695934,0.9011544716062382
G2E:R4D:Q46I:R59N:R97D,0.6183640217276877,G2E:R4D:Q46I:R59N:R97D,9,0.7030569545162842,0.6695277023314486,-0.6459423539983142,0.9019567596442295
G2E:R4D:Q46I:R59N:V106M,0.6588220313797221,G2E:R4D:Q46I:R59N:V106M,9,0.7280153005055291,0.7480542677358791,-0.45550268560533475,0.9229553912091862
G2E:R4D:Q46I:V106M,0.9288966117339432,G2E:R4D:Q46I:V106M,9,0.851979700666239,0.9705505596839159,0.24791293335210896,0.8713169838976976
G2E:R4D:Q46I:V106M:V108Q,0.8068194157775691,G2E:R4D:Q46I:V106M:V108Q,7,0.7970636194226185,0.9087668421075075,-0.010465222957038781,0.8953922043293775
G2E:R4D:Q46R:D60Q,1.0615849079624202,G2E:R4D:Q46R:D60Q,7,1.0341197609208717,1.1221823547299323,1.0277546419841044,0.8801744889950328
G2E:R4D:Q46R:D60Q:T112E,1.02468653617058,G2E:R4D:Q46R:D60Q:T112E,8,1.050801741145864,1.2338800882300989,1.2407389800976243,0.9116994964597852
G2E:R4D:Q46R:D60Q:V106M,1.1228324068150664,G2E:R4D:Q46R:D60Q:V106M,9,1.0740233265663497,1.2707706278602535,1.365575697467801,0.891097173917669
G2E:R4D:Q46R:R59N:T112E,0.8610388479438624,G2E:R4D:Q46R:R59N:T112E,9,0.8674203448829101,0.8002979020744055,0.0490134526382833,0.9439029466847888
G2E:R4D:Q46R:V106M,1.0095133248682209,G2E:R4D:Q46R:V106M,8,1.0146063304641055,1.0836962805360353,0.9120175157565245,0.8964659536319666
G2E:R4D:Q46R:V108Q,0.905591343703636,G2E:R4D:Q46R:V108Q,8,0.9197866835750069,0.9249448834438372,0.39052839135497514,0.8871014038613435
G2E:R4D:Q46V:D60Q:I91C,0.9834996084089104,G2E:R4D:Q46V:D60Q:I91C,7,0.8715871140677547,1.0058785571671631,0.35936855467814144,0.8735128124180206
G2E:R4D:Q46V:D60Q:R97D,0.9436243903640984,G2E:R4D:Q46V:D60Q:R97D,7,0.9084971958938746,1.0622098133274462,0.5544567567894425,0.889609946187175
G2E:R4D:Q46V:D95Q,0.9069996881410411,G2E:R4D:Q46V:D95Q,9,0.7736613969539116,0.7733538507095782,-0.27844848753256907,0.8892941189486749
G2E:R4D:Q46V:D95Q:R97D,0.8481518687779885,G2E:R4D:Q46V:D95Q:R97D,7,0.7886066166101449,0.8648203128287086,-0.10008816433643665,0.8591350529759534
G2E:R4D:Q46V:D95Q:T112E,0.8945243336238805,G2E:R4D:Q46V:D95Q:T112E,8,0.7903433771789041,0.8622632188128658,-0.09844557506903048,0.8748589128298582
G2E:R4D:Q46V:D95Q:V106M,0.8302401594186855,G2E:R4D:Q46V:D95Q:V106M,9,0.8135649625993896,0.8912438855083449,0.014943244149945589,0.8568181506929405
G2E:R4D:Q46V:I91C:V108Q,0.8381593871995062,G2E:R4D:Q46V:I91C:V108Q,8,0.75725403672189,0.8117968700898117,-0.27329035378162264,0.9107699867217304
G2E:R4D:Q46V:R59N:V106M,0.5002119212219438,G2E:R4D:Q46V:R59N:V106M,8,0.7500741456201653,0.6446886066788049,-0.537235063436341,1.0207993557270216
G2E:R4D:Q46V:R97D:T112E,0.8575282576716935,G2E:R4D:Q46V:R97D:T112E,7,0.8657621800166229,1.0044068483729227,0.3393171197920686,0.9129252209341278
G2E:R4D:Q46V:R97D:V108Q,0.7407646258722596,G2E:R4D:Q46V:R97D:V108Q,8,0.7941641185480098,0.8027055301610005,-0.1728877708958573,0.9111013521305622
G2E:R4D:R59N:D60Q:I91C,1.1738572631458963,G2E:R4D:R59N:D60Q:I91C,8,0.8999516858598354,1.2480165979435438,0.7970817081596082,0.9402549031461794
G2E:R4D:R59N:D95Q:T112E,0.977270101672292,G2E:R4D:R59N:D95Q:T112E,9,0.8187079489709849,1.1096825685191867,0.34691117613319533,0.9281029730719444
G2E:R4D:R59N:I91C:D95Q,0.8155077053782115,G2E:R4D:R59N:I91C:D95Q,8,0.7800611065761057,0.9807293778868429,0.04137435609342209,0.9138206948696468
G2E:R4D:R59N:I91C:V108Q,0.901973507919194,G2E:R4D:R59N:I91C:V108Q,7,0.7856186085139707,1.0417257968264246,0.1467526430237581,0.9381391829435157
G2E:R4D:R59N:R97D:V106M,1.14909686529374,G2E:R4D:R59N:R97D:V106M,7,0.9173483372291891,1.2745639827198436,0.8890274151179011,0.9411548769706055
G2E:R4D:R59N:R97D:V108Q,0.9010661147912412,G2E:R4D:R59N:R97D:V108Q,7,0.8225286903400906,1.0614817636728258,0.2889057107310099,0.9407300013143977
G2E:R4D:R59N:V106M:V108Q,0.906712133201747,G2E:R4D:R59N:V106M:V108Q,9,0.8474870363293354,1.1613413362747977,0.5102204760658965,0.9673904240143678
G2E:R4D:R97D:V106M:V108Q,1.024930698699032,G2E:R4D:R97D:V106M:V108Q,7,0.9863966561462785,1.380020363778729,1.2540930149447043,0.901709441270604
G2E:R4D:T6H:A28H:D60Q,1.2421342963445663,G2E:R4D:T6H:A28H:D60Q,9,1.0184308618882376,1.6446032957476926,1.735580765802602,0.9269748554153795
G2E:R4D:T6H:A28H:D95Q,0.9625027286497696,G2E:R4D:T6H:A28H:D95Q,7,0.8985402826045078,1.3666864868618425,0.9644892917270994,0.9251999125550028
G2E:R4D:T6H:A28H:G33T,1.2246457981165235,G2E:R4D:T6H:A28H:G33T,9,1.0200132929627759,1.6274115838705407,1.7155679633578567,0.8336142133042423
G2E:R4D:T6H:A28H:Q46V,0.8800702875989795,G2E:R4D:T6H:A28H:Q46V,9,0.8066848938332027,1.020489146888529,0.18083116402154617,1.1198290082417628
G2E:R4D:T6H:A28H:V108Q,1.0721590342635183,G2E:R4D:T6H:A28H:V108Q,8,0.9040977845423729,1.4322789472451616,1.0765193940255369,0.9383264934655926
G2E:R4D:T6H:A28K,1.2415955278920638,G2E:R4D:T6H:A28K,7,0.9157101039311942,1.3408589826993296,0.9799353426509767,0.9619647286898304
G2E:R4D:T6H:A28K:Q46C,0.7864947701218298,G2E:R4D:T6H:A28K:Q46C,9,0.7436284602130588,1.0081962722289162,-0.03096451364894859,0.8908723508413796
G2E:R4D:T6H:A28K:Q46I,0.8390525471662527,G2E:R4D:T6H:A28K:Q46I,9,0.7413222868637674,1.0856994345172843,0.07410986487128862,0.7895538765084996
G2E:R4D:T6H:A28K:T112E,1.1860311091032378,G2E:R4D:T6H:A28K:T112E,8,0.9323920841561868,1.5514498530733407,1.3360469557705794,1.0021875950627588
G2E:R4D:T6H:A28K:V106M,1.1520653446637734,G2E:R4D:T6H:A28K:V106M,9,0.9556136695766723,1.5848903092057456,1.455890393878047,0.9786421235684093
G2E:R4D:T6H:D60Q:T112E,1.1298720535381317,G2E:R4D:T6H:D60Q:T112E,7,0.9925751859905245,1.621777950339824,1.6229962494049,1.0416061115298574
G2E:R4D:T6H:D95Q:T112E,1.0422909703178584,G2E:R4D:T6H:D95Q:T112E,9,0.8726846067067948,1.3797491520345675,0.9038452165183792,1.0351181592070182
G2E:R4D:T6H:G33T,1.1511670702116197,G2E:R4D:T6H:G33T,8,0.9774756368400703,1.3737734060169098,1.2176047439483761,0.9336933328335729
G2E:R4D:T6H:G33T:D60Q,1.1867263985352514,G2E:R4D:T6H:G33T:D60Q,9,1.0368926329423145,1.683400056857284,1.8485319302485332,0.9551603013487182
G2E:R4D:T6H:G33T:Q46R,0.9825804731504626,G2E:R4D:T6H:G33T:Q46R,9,0.9657144495705101,1.2487398159338796,1.0004592151044056,0.9205004623661195
G2E:R4D:T6H:G33T:T112E,1.0882881836963376,G2E:R4D:T6H:G33T:T112E,7,0.9941576170650629,1.6018617322431377,1.599040290101489,0.9866203726280883
G2E:R4D:T6H:G33T:V108Q,1.043296789729221,G2E:R4D:T6H:G33T:V108Q,8,0.9225595555964499,1.481841930851076,1.205052429334495,0.9713110082266467
G2E:R4D:T6H:I91C:R97D,1.0312019289440726,G2E:R4D:T6H:I91C:R97D,7,0.9094565671496344,1.4398223642809347,1.1039241679226317,0.9700043847356139
G2E:R4D:T6H:Q46C:T112E,0.7256978779559737,G2E:R4D:T6H:Q46C:T112E,8,0.761076546170145,0.9897848771175027,-0.003929054779707564,0.9925442027896336
G2E:R4D:T6H:Q46C:V106M,0.8014311023097072,G2E:R4D:T6H:Q46C:V106M,7,0.7842981315906304,1.006647677741517,0.09192167024462344,0.9834488956100002
G2E:R4D:T6H:Q46I,0.8271387521509869,G2E:R4D:T6H:Q46I,9,0.742088392595861,0.9068499890971676,-0.1823804993360797,0.9146621380214137
G2E:R4D:T6H:Q46I:I91C,0.81275079792276,G2E:R4D:T6H:Q46I:I91C,7,0.7201235304259743,0.9439695643233429,-0.19623641590060775,0.9331458131871813
G2E:R4D:T6H:Q46I:R59N,0.6882387795019902,G2E:R4D:T6H:Q46I:R59N,9,0.6181239924351511,0.7172996221302982,-0.8381137349232327,0.943438192952067
G2E:R4D:T6H:Q46I:V106M,0.8529195679028685,G2E:R4D:T6H:Q46I:V106M,9,0.781991958241339,1.0535334210569647,0.15268369419870031,0.9528436067227006
G2E:R4D:T6H:Q46R,1.066153614124216,G2E:R4D:T6H:Q46R,8,0.9047150223937275,1.0348018202392113,0.5031528524068967,0.979052483251979
G2E:R4D:T6H:Q46R:D60Q,0.9768144238198948,G2E:R4D:T6H:Q46R:D60Q,9,0.9641320184959716,1.2483451579888332,0.9950194000119856,1.0079552985932183
G2E:R4D:T6H:Q46V:D60Q,0.8989954552524367,G2E:R4D:T6H:Q46V:D60Q,7,0.8235642338127414,1.0779100823479104,0.31586832281146143,1.1151130696583618
G2E:R4D:T6H:Q46V:T112E,0.7775201289623443,G2E:R4D:T6H:Q46V:T112E,7,0.7808292179354898,1.0220485723261423,0.10353853857896554,1.14215528292887
G2E:R4D:T6H:R59N,1.0453693483246584,G2E:R4D:T6H:R59N,9,0.7925118095025779,1.0989447160978023,0.25077329867527826,1.0244430348766993
G2E:R4D:T6H:R59N:R97D,0.9707162282139488,G2E:R4D:T6H:R59N:R97D,9,0.8074570291588111,1.2268869492351928,0.48192472421301447,1.0315446439365095
G2E:R4D:T6H:R59N:V106M,1.0355185859091578,G2E:R4D:T6H:R59N:V106M,7,0.832415375148056,1.3002970635370164,0.6649593923484716,1.052964146883614
G2E:R4D:T6H:R97D,1.1848271911831385,G2E:R4D:T6H:R97D,7,0.931421429319521,1.2813872295154773,0.9422010099266485,0.9932404024289995
G2E:R4D:T6H:V108Q,1.1315169035159849,G2E:R4D:T6H:V108Q,7,0.8615601284196672,1.211943234559996,0.6267545758522096,0.998200836137713
G2E:R4D:T6H:V108Q:T112E,1.0572651446737913,G2E:R4D:T6H:V108Q:T112E,8,0.8782421086446599,1.4282384232071546,0.9911220048556235,1.0360250178189618
G2E:R4D:T6S:A28H:Q46I,1.257320614493321,G2E:R4D:T6S:A28H:Q46I,9,1.0478230165667812,1.3500112216480114,1.399650100528068,0.5891838352958217
G2E:R4D:T6S:A28H:R59N,1.2031824645861438,G2E:R4D:T6S:A28H:R59N,9,1.098246433473498,1.5266216137237447,1.8103935399125186,0.7041396588480405
G2E:R4D:T6S:A28H:R97D,1.1798649023585632,G2E:R4D:T6S:A28H:R97D,9,1.237156053290441,1.7452138970190303,2.5541405345665353,0.6659347183253737
G2E:R4D:T6S:A28K:D60Q,1.2605564765631605,G2E:R4D:T6S:A28K:D60Q,7,1.2383240678816532,1.828604731366628,2.678425050497205,0.8552292199585556
G2E:R4D:T6S:A28K:Q46V,1.2004024784833252,G2E:R4D:T6S:A28K:Q46V,7,1.0265780998266183,1.308377077497474,1.2740295724489321,1.064165905845794
G2E:R4D:T6S:A28K:T112E,1.304751954984202,G2E:R4D:T6S:A28K:T112E,9,1.1955890520044015,1.7283985766840821,2.4019156037315366,0.8935930032891426
G2E:R4D:T6S:A28K:V106M,1.270123871556879,G2E:R4D:T6S:A28K:V106M,8,1.218810637424887,1.7549665982053344,2.5118126201797693,0.8857904793067904
G2E:R4D:T6S:A28K:V108Q,1.3616264166728822,G2E:R4D:T6S:A28K:V108Q,8,1.1239909905357885,1.6041460642199754,2.001801772843859,0.8789482829189817
G2E:R4D:T6S:D60Q,1.3417698060084926,G2E:R4D:T6S:D60Q,7,1.2390901736137465,1.6188613670294845,2.377222155485058,0.9424771785828053
G2E:R4D:T6S:D60Q:V106M,1.344630069294182,G2E:R4D:T6S:D60Q:V106M,7,1.2789937392592248,1.8597320849203887,2.8486028822160216,1.0055258231037247
G2E:R4D:T6S:D95Q:R97D,1.1588489543039064,G2E:R4D:T6S:D95Q:R97D,9,1.1341448139862502,1.622279012158823,2.059285486305936,1.0129179803745472
G2E:R4D:T6S:D95Q:V106M,1.4614750483798278,G2E:R4D:T6S:D95Q:V106M,7,1.159103159975495,1.6373158104969727,2.1578369040252623,1.0181428949897107
G2E:R4D:T6S:D95Q:V108Q,1.2291888527002248,G2E:R4D:T6S:D95Q:V108Q,7,1.0642835130863963,1.4475162600818696,1.5914120265517142,0.9962823461713713
G2E:R4D:T6S:G33T,1.210430317455403,G2E:R4D:T6S:G33T,9,1.240672604688285,1.5631371802137322,2.3014415989621164,0.9002696106818361
G2E:R4D:T6S:G33T:Q46C,1.1090668122343403,G2E:R4D:T6S:G33T:Q46C,7,1.0685909609701496,1.2576723055063608,1.329904960797268,0.9001835046217739
G2E:R4D:T6S:G33T:Q46I,1.0915409641862583,G2E:R4D:T6S:G33T:Q46I,7,1.0662847876208583,1.4328316514186292,1.576316381415916,0.9308161020569201
G2E:R4D:T6S:G33T:Q46V,1.206897226575567,G2E:R4D:T6S:G33T:Q46V,8,1.0883436327354945,1.3592009430664413,1.5376191715209238,1.1608681989626697
G2E:R4D:T6S:G33T:R97D,1.2032607056436035,G2E:R4D:T6S:G33T:R97D,9,1.2556178243445182,1.7659764910057933,2.6409909878924682,0.982023113729581
G2E:R4D:T6S:G33T:V108Q,1.1498517777482056,G2E:R4D:T6S:G33T:V108Q,7,1.1857565234446645,1.6721820491682964,2.2903023396707605,0.9815609887458104
G2E:R4D:T6S:I91C:D95Q,1.0933435645917873,G2E:R4D:T6S:I91C:D95Q,7,1.0972347321601303,1.511521912209044,1.785427179840128,0.9742888835521404
G2E:R4D:T6S:I91C:T112E,1.123558679857501,G2E:R4D:T6S:I91C:T112E,9,1.1743902955666083,1.6518230320734408,2.2258666763492183,1.0297075408857048
G2E:R4D:T6S:I91C:V106M,1.1565420744528363,G2E:R4D:T6S:I91C:V106M,8,1.197611880987094,1.7108279590408635,2.382709376116838,1.0252680240477225
G2E:R4D:T6S:Q46C:D60Q,1.1903152506242596,G2E:R4D:T6S:Q46C:D60Q,7,1.0670085298956113,1.3017892788127905,1.3888864866440733,1.0220829927242643
G2E:R4D:T6S:Q46I:D95Q,1.0942468952324618,G2E:R4D:T6S:Q46I:D95Q,9,0.9448117772625901,1.141586892634534,0.7810668384577353,0.9815017080868775
G2E:R4D:T6S:Q46R:R59N,1.084762335849214,G2E:R4D:T6S:Q46R:R59N,9,1.0439475900812323,1.060490817252557,0.9687060135503847,1.123913904986061
G2E:R4D:T6S:Q46R:V106M,1.2960837937344971,G2E:R4D:T6S:Q46R:V106M,7,1.2078155558874202,1.4550788997486814,2.043959147650948,1.0998204337121904
G2E:R4D:T6S:Q46V,1.1696803537715197,G2E:R4D:T6S:Q46V,9,1.0273442055587119,1.1692009982163083,1.074958165363233,1.1243389601996185
G2E:R4D:T6S:Q46V:I91C,1.1521091384226132,G2E:R4D:T6S:Q46V:I91C,9,1.0053793433888252,1.2044711704875137,1.0584256221519974,1.1053554204444722
G2E:R4D:T6S:Q46V:R97D,1.2005046184206094,G2E:R4D:T6S:Q46V:R97D,7,1.042289425214945,1.2540899909230168,1.2437989677594863,1.1382601937311203
G2E:R4D:T6S:R59N:T112E,1.136371599985509,G2E:R4D:T6S:R59N:T112E,9,1.0723907575757852,1.5066811616963003,1.7019843074756238,1.086173397682457
G2E:R4D:T6S:R59N:V108Q,1.277387826689805,G2E:R4D:T6S:R59N:V108Q,8,1.000792696107172,1.3838972849970266,1.3039960218142554,1.094155273209859
G2E:R4D:T6S:R97D:T112E,1.1539333901970965,G2E:R4D:T6S:R97D:T112E,7,1.2113003773927282,1.7248369047546084,2.4450995008082925,1.063743248859409
G2E:R4D:T6S:V106M:T112E,1.1476321451126634,G2E:R4D:T6S:V106M:T112E,9,1.236258723381973,1.7473087076054559,2.5544115432706476,1.0779861137405486
G2E:R4D:V106M,1.0698236344379417,G2E:R4D:V106M,7,1.0263675177336657,1.1957276736305698,1.110345065083578,0.8692811114971456
G2E:R4D:V106M:V108Q:T112E,0.9638629627993384,G2E:R4D:V106M:V108Q:T112E,8,0.9881334167150377,1.4075459987492287,1.2992741060805901,0.9273027282321034
G2E:R4D:V108Q,1.1339545702997047,G2E:R4D:V108Q,9,0.9315478708445671,1.0777156599984148,0.6478177364586373,0.8617570923734269
G2E:R59N:D60Q,0.986538354959794,G2E:R59N:D60Q,8,0.7768794937273695,0.8572453228373847,-0.14713196118581195,0.8933762915592642
G2E:R59N:D60Q:D95Q,0.7931558871018206,G2E:R59N:D60Q:D95Q,9,0.7164059105458841,0.77952492268664,-0.4456737951781725,0.914704399056014
G2E:R59N:D60Q:D95Q:V108Q,0.5816336008968325,G2E:R59N:D60Q:D95Q:V108Q,7,0.6614898293022636,0.7505876043858587,-0.6565136109037923,0.8755482114956175
G2E:R59N:D60Q:I91C:T112E,0.9739408337710986,G2E:R59N:D60Q:I91C:T112E,9,0.7715966117824755,0.941463382991277,-0.04149753434557284,0.8413564974404497
G2E:R59N:D60Q:R97D:T112E,1.0298346185951588,G2E:R59N:D60Q:R97D:T112E,7,0.8085066936085954,1.054815852680472,0.23611703074624804,0.8477478554126249
G2E:R59N:D60Q:V106M:T112E,0.8802392731164231,G2E:R59N:D60Q:V106M:T112E,7,0.8334650395978402,1.0664086987763026,0.32968404292160836,0.8358670424333888
G2E:R59N:D60Q:V108Q:T112E,0.8442481971014746,G2E:R59N:D60Q:V108Q:T112E,9,0.7386453927087416,0.9672739455906884,-0.10552237211212784,0.8354018777034284
G2E:R59N:D95Q:R97D,0.8102615932786369,G2E:R59N:D95Q:R97D,8,0.6719341340998731,0.733389412780909,-0.6492706661171216,0.8710508563060889
G2E:R59N:D95Q:R97D:T112E,0.715158626937957,G2E:R59N:D95Q:R97D:T112E,7,0.6886161143248657,0.8586991383792462,-0.4165857967230451,0.8342376887108295
G2E:R59N:D95Q:T112E,0.7582330361306227,G2E:R59N:D95Q:T112E,9,0.6736708946686324,0.7207410828043234,-0.6622330449007036,0.8611464039152484
G2E:R59N:D95Q:V106M:V108Q,0.6517364978973943,G2E:R59N:D95Q:V106M:V108Q,8,0.6419763988454975,0.7050734239047559,-0.7824224612078781,0.8471621378659013
G2E:R59N:D95Q:V108Q:T112E,0.7413355888989691,G2E:R59N:D95Q:V108Q:T112E,9,0.6187548134250119,0.6938768317100941,-0.8700725264316789,0.8214530497025172
G2E:R59N:I91C:D95Q:R97D,0.8164973075435918,G2E:R59N:I91C:D95Q:R97D,8,0.6499692719299865,0.7345289420866483,-0.7152002259088337,0.8274768757916178
G2E:R59N:I91C:D95Q:T112E,0.5936404661808848,G2E:R59N:I91C:D95Q:T112E,9,0.6517060324987458,0.6992121783456159,-0.7609704542148757,0.8290584094032702
G2E:R59N:I91C:R97D:V108Q,0.6394830841781584,G2E:R59N:I91C:R97D:V108Q,7,0.6555267738678515,0.6828810204911585,-0.7728512250876944,0.8193914463092526
G2E:R59N:I91C:T112E,0.8918913174798954,G2E:R59N:I91C:T112E,8,0.7121796156802312,0.7500296197805588,-0.5013650650792083,0.8382043950035318
G2E:R59N:I91C:V108Q,0.7132775632832564,G2E:R59N:I91C:V108Q,7,0.6405815542116182,0.6530164542331836,-0.8620555990589263,0.8611678686005613
G2E:R59N:R97D:T112E,0.9247430868997034,G2E:R59N:R97D:T112E,8,0.7490896975063511,0.8417260548164228,-0.2550931120770677,0.8393998373285736
G2E:R59N:V106M,0.7989564200362239,G2E:R59N:V106M,7,0.7573660632706034,0.7816620567590361,-0.31655956738646274,0.8827467820568431
G2E:R59N:V106M:V108Q,0.79885815262368,G2E:R59N:V106M:V108Q,7,0.7024499820269829,0.76117738864431,-0.5151659276271682,0.8742619411148868
G2E:R97D:V106M:V108Q,0.8172067749680508,G2E:R97D:V106M:V108Q,7,0.841359601843926,0.9677684763529939,0.2112118291259762,0.8015092911207529
G2E:R97D:V108Q,0.787845867111221,G2E:R97D:V108Q,7,0.801456036198448,0.7966797591963175,-0.15917394562663514,0.8200729482433736
G2E:T6H:A28H,0.9553558052279666,G2E:T6H:A28H,8,0.8139768114836409,0.9785718774081871,0.14259950004024205,1.0060124917704503
G2E:T6H:A28H:D60Q,1.1711235827815911,G2E:T6H:A28H:D60Q,9,0.873393807585885,1.1940806164301645,0.6373105577630007,1.010255280513614
G2E:T6H:A28H:D60Q:D95Q,0.8500659940664461,G2E:T6H:A28H:D60Q:D95Q,8,0.8129202244043996,1.1748183981304094,0.4233747999315742,1.0429884891505599
G2E:T6H:A28H:D60Q:I91C,1.0258194086700885,G2E:T6H:A28H:D60Q:I91C,9,0.8514289454159985,1.2960267467741224,0.7172776149188445,0.9875383556300162
G2E:T6H:A28H:D60Q:T112E,1.1028691033687237,G2E:T6H:A28H:D60Q:T112E,8,0.8900757878108776,1.3770101931871745,0.953388193766527,1.0141820472712586
G2E:T6H:A28H:D60Q:V108Q,1.1273879729533764,G2E:T6H:A28H:D60Q:V108Q,7,0.8184777263422647,1.254351026518519,0.5555803999715572,1.0038360275537848
G2E:T6H:A28H:D95Q,0.9997376943428856,G2E:T6H:A28H:D95Q,7,0.7535032283021553,0.9540091481467783,-0.0790076464644873,1.0240687138183477
G2E:T6H:A28H:D95Q:R97D,1.0647324421915132,G2E:T6H:A28H:D95Q:R97D,7,0.7684484479583886,1.130970433051169,0.22308867499401364,1.0118047486146793
G2E:T6H:A28H:D95Q:V108Q,0.8724572832216377,G2E:T6H:A28H:D95Q:V108Q,9,0.6985871470585349,0.9677981200727377,-0.2280100315595718,1.0048775482926577
G2E:T6H:A28H:G33T:Q46I,0.7381728224043015,G2E:T6H:A28H:G33T:Q46I,7,0.7005884215929967,0.8397375578522924,-0.4071938206942758,0.8643989632202237
G2E:T6H:A28H:G33T:Q46R,0.9485834701109424,G2E:T6H:A28H:G33T:Q46R,8,0.8632150513908632,1.0075197028299776,0.33598563736247644,0.9098094488830849
G2E:T6H:A28H:G33T:R59N,1.0107154303712875,G2E:T6H:A28H:G33T:R59N,7,0.7510118384997136,1.1038283630174526,0.1301593465003931,0.9852956643233621
G2E:T6H:A28H:G33T:R97D,0.91261859063149,G2E:T6H:A28H:G33T:R97D,9,0.8899214583166567,1.346607361053669,0.9089115870354759,0.928286758682701
G2E:T6H:A28H:G33T:V106M,1.101717548375861,G2E:T6H:A28H:G33T:V106M,9,0.9148798043059015,1.4281459109813213,1.1037104774209698,0.9074165946494627
G2E:T6H:A28H:I91C,1.0931743917659724,G2E:T6H:A28H:I91C,8,0.7920119493137543,1.0590849558788324,0.19154666636579945,0.9800577202075179
G2E:T6H:A28H:I91C:D95Q,0.8298273858947404,G2E:T6H:A28H:I91C:D95Q,7,0.7315383661322687,1.0406197495632745,-0.021235582162035888,0.990230616332621
G2E:T6H:A28H:I91C:T112E,0.9605549500378522,G2E:T6H:A28H:I91C:T112E,9,0.8086939295387467,1.2207595780882818,0.47686217042632406,0.9867476240302219
G2E:T6H:A28H:I91C:V106M,1.0356311197547898,G2E:T6H:A28H:I91C:V106M,8,0.8319155149592323,1.298400959768889,0.6606772675027182,0.9557809291802426
G2E:T6H:A28H:I91C:V108Q,0.9159505593373952,G2E:T6H:A28H:I91C:V108Q,8,0.7370958680701338,1.1051249558450513,0.0892209456527499,0.9855069693826833
G2E:T6H:A28H:Q46C:I91C,0.644062855847396,G2E:T6H:A28H:Q46C:I91C,8,0.6199303055956189,0.6630328259668983,-0.911096208263662,0.9009727909866797
G2E:T6H:A28H:Q46C:V108Q,0.614262823136302,G2E:T6H:A28H:Q46C:V108Q,8,0.586979086521885,0.6156225880370246,-1.0810929464553132,0.9385563273438209
G2E:T6H:A28H:Q46I,0.6277053326736868,G2E:T6H:A28H:Q46I,8,0.6395889944162141,0.6254626912814122,-0.9049877340152686,0.9416713088393338
G2E:T6H:A28H:Q46I:D60Q,0.7578431394425453,G2E:T6H:A28H:Q46I:D60Q,9,0.6990059905184584,0.7707668666605582,-0.5118832003125511,0.9457688197485283
G2E:T6H:A28H:Q46R,0.8952988029302104,G2E:T6H:A28H:Q46R,7,0.8022156242140805,0.8067489384589602,-0.14226389289646785,1.012721224401079
G2E:T6H:A28H:Q46R:I91C,0.8341444929307498,G2E:T6H:A28H:Q46R:I91C,9,0.780250762044194,0.8232520572120258,-0.18595784806059965,1.0003668870977265
G2E:T6H:A28H:Q46R:V108Q,0.7645349217224762,G2E:T6H:A28H:Q46R:V108Q,7,0.7472995429704601,0.7653938726942336,-0.37107581884542357,1.005980656553013
G2E:T6H:A28H:Q46V:V106M,0.709747190839386,G2E:T6H:A28H:Q46V:V106M,9,0.7015514051763284,0.7885737376421642,-0.478280033772277,1.0680490513834178
G2E:T6H:A28H:Q46V:V108Q,0.5407571575197104,G2E:T6H:A28H:Q46V:V108Q,7,0.6067317582872298,0.6094929656361721,-1.0291917058446538,1.109455167399525
G2E:T6H:A28H:R59N:I91C,0.8219899814439777,G2E:T6H:A28H:R59N:I91C,8,0.6680475491530444,0.9116858508610302,-0.4031813725863871,0.988849207998792
G2E:T6H:A28H:R59N:V106M,0.9856760312023972,G2E:T6H:A28H:R59N:V106M,8,0.7299159769684092,1.0501196844474765,-0.012477967436941823,1.0105438804108142
G2E:T6H:A28H:R97D,1.0059777400191316,G2E:T6H:A28H:R97D,8,0.8289220311398741,1.0816451143689603,0.3377582190321581,0.9976480155070592
G2E:T6H:A28H:R97D:T112E,1.0381643991203096,G2E:T6H:A28H:R97D:T112E,7,0.8456040113648666,1.273367034307565,0.6665609455756405,1.0037283674635777
G2E:T6H:A28H:T112E,1.0165478338819158,G2E:T6H:A28H:T112E,9,0.8306587917086334,1.1225861822421686,0.402355362839536,1.016400783187506
G2E:T6H:A28K:D60Q:I91C,1.07830481719157,G2E:T6H:A28K:D60Q:I91C,8,0.8081251835611993,1.2911080002878954,0.5769270520160008,0.8846237130719891
G2E:T6H:A28K:G33T:Q46R,0.9502850481731632,G2E:T6H:A28K:G33T:Q46R,7,0.8199112895360642,1.0610142046317064,0.2801761186210103,0.7935351583253579
G2E:T6H:A28K:G33T:V106M,1.12797078825852,G2E:T6H:A28K:G33T:V106M,8,0.8715760424511024,1.4264497359220338,0.9680239173137775,0.781943862835237
G2E:T6H:A28K:G33T:V108Q,1.014773177117444,G2E:T6H:A28K:G33T:V108Q,8,0.7767563955620039,1.2624107640085993,0.43888212661527626,0.799749145644499
G2E:T6H:A28K:I91C,1.0586973825878947,G2E:T6H:A28K:I91C,7,0.7487081874589552,1.0724257624295477,0.07762301387980786,0.8593917647576744
G2E:T6H:A28K:I91C:R97D,1.0327475623602318,G2E:T6H:A28K:I91C:R97D,7,0.7636534071151884,1.2104748243371846,0.323401974821581,0.8048964276446495
G2E:T6H:A28K:I91C:T112E,0.970177071115534,G2E:T6H:A28K:I91C:T112E,8,0.7653901676839477,1.229023211485381,0.35559036435574054,0.856044000065691
G2E:T6H:A28K:Q46C:I91C,0.6489906128191676,G2E:T6H:A28K:Q46C:I91C,7,0.5766265437408198,0.6867790736838305,-1.0099601459257965,0.788503305041017
G2E:T6H:A28K:Q46C:R59N,0.3355783278003837,G2E:T6H:A28K:Q46C:R59N,9,0.47462700574999656,0.387877788954097,-1.7563773304448054,0.8370010514809001
G2E:T6H:A28K:Q46C:R97D,0.6334170193516145,G2E:T6H:A28K:Q46C:R97D,9,0.6135366255669397,0.732833316198054,-0.8297457864779884,0.8123769539358402
G2E:T6H:A28K:Q46I:I91C,0.6666319911728616,G2E:T6H:A28K:Q46I:I91C,7,0.5743203703915284,0.7060141677119334,-0.9892166936315013,0.7367427287861451
G2E:T6H:A28K:Q46I:R59N,0.3672907073183263,G2E:T6H:A28K:Q46I:R59N,9,0.47232083240070516,0.48291253632349446,-1.62592962392117,0.7538180877145602
G2E:T6H:A28K:Q46I:R97D,0.5732093521151127,G2E:T6H:A28K:Q46I:R97D,9,0.6112304522176483,0.7071419897948211,-0.8740239963068949,0.725813325369055
G2E:T6H:A28K:Q46I:T112E,0.7513405857289361,G2E:T6H:A28K:Q46I:T112E,8,0.6129672127864075,0.7976604485279645,-0.7376738767116628,0.7848795409439961
G2E:T6H:A28K:Q46I:V106M,0.6738413183312194,G2E:T6H:A28K:Q46I:V106M,9,0.6361887982068931,0.81231209064037,-0.6450233443637634,0.7459197533392169
G2E:T6H:A28K:Q46I:V108Q,0.5000476554773278,G2E:T6H:A28K:Q46I:V108Q,7,0.5413691513177945,0.6150851869456966,-1.2221977730095883,0.7406072519510741
G2E:T6H:A28K:Q46R:D95Q,0.6380133564366961,G2E:T6H:A28K:Q46R:D95Q,9,0.698438279177796,0.7526570079138646,-0.5398401239039192,0.9643087640750532
G2E:T6H:A28K:Q46R:R59N,0.5466859271112489,G2E:T6H:A28K:Q46R:R59N,8,0.6349474621985717,0.5887769072654068,-0.9723632831375375,0.9226987623929157
G2E:T6H:A28K:Q46R:V108Q,0.8390976702836943,G2E:T6H:A28K:Q46R:V108Q,8,0.7039957811156611,0.8069608884969417,-0.4441478961696031,0.895958679258419
G2E:T6H:A28K:Q46V,0.7029714919445996,G2E:T6H:A28K:Q46V,8,0.6183440776760512,0.7000439204123476,-0.8624106478068636,1.040059223458593
G2E:T6H:A28K:Q46V:D60Q,0.6532843400546243,G2E:T6H:A28K:Q46V:D60Q,7,0.6777610737782954,0.8330198471231861,-0.4871486934101617,1.005699466446076
G2E:T6H:A28K:R59N:V108Q,0.8378808739651622,G2E:T6H:A28K:R59N:V108Q,7,0.5917925682245115,0.9273319089627702,-0.6151489184061323,0.9045543210461614
G2E:T6H:A28K:R97D,1.052500385607838,G2E:T6H:A28K:R97D,7,0.785618269285075,1.0891293698793107,0.21535842535134603,0.8713244503450215
G2E:T6H:A28K:R97D:T112E,0.941321555084678,G2E:T6H:A28K:R97D:T112E,8,0.8023002495100676,1.2757741166642989,0.5368129983102355,0.8673671337868527
G2E:T6H:A28K:R97D:V106M,1.104786887047503,G2E:T6H:A28K:R97D:V106M,9,0.8255218349305531,1.3414006467041926,0.7032390931838638,0.8323022488980575
G2E:T6H:A28K:R97D:V108Q,0.8862419786114277,G2E:T6H:A28K:R97D:V108Q,7,0.7307021880414546,1.0780241774055077,0.030326907935009667,0.8481265814253955
G2E:T6H:D60Q,1.160973819899486,G2E:T6H:D60Q,8,0.8308561514631795,1.02217264991548,0.25763484347672416,0.9326612683463084
G2E:T6H:D60Q:I91C:D95Q,0.903892531094057,G2E:T6H:D60Q:I91C:D95Q,7,0.7484177061118074,1.0878867291576033,0.09910583454265315,0.9347873016808745
G2E:T6H:D60Q:R97D:T112E,1.064590934319199,G2E:T6H:D60Q:R97D:T112E,7,0.8624833513444053,1.3392279885546954,0.8138132785250297,0.9269221920068743
G2E:T6H:D60Q:V106M:V108Q,0.9234487479488525,G2E:T6H:D60Q:V106M:V108Q,8,0.8158436358650372,1.2636067506018476,0.5608718918698499,0.8950246903372898
G2E:T6H:D60Q:V108Q,0.9195995502104176,G2E:T6H:D60Q:V108Q,8,0.775940070219559,1.0570335756552438,0.13912973477273294,0.9193993825564515
G2E:T6H:G33T,0.9645229612867284,G2E:T6H:G33T,8,0.8324385825377179,1.0143476706917633,0.2511784410287442,0.872796883999642
G2E:T6H:G33T:D60Q,0.962363260694534,G2E:T6H:G33T:D60Q,9,0.8918555786399621,1.2338825748065916,0.7517165364679774,0.8763070825470546
G2E:T6H:G33T:D60Q:I91C,1.0008925822114214,G2E:T6H:G33T:D60Q:I91C,7,0.8698907164700755,1.361687558783947,0.8691089132397892,0.8446618838093526
G2E:T6H:G33T:D60Q:R97D,0.9954426659967496,G2E:T6H:G33T:D60Q:R97D,9,0.9068007982961954,1.4013496914755152,1.0400720213937553,0.8864563913327149
G2E:T6H:G33T:D60Q:V106M,1.0454463324443648,G2E:T6H:G33T:D60Q:V106M,7,0.9317591442854403,1.4630211371370243,1.2061174048548793,0.8511626182537199
G2E:T6H:G33T:D60Q:V108Q,0.8122284809464949,G2E:T6H:G33T:D60Q:V108Q,9,0.8369394973963417,1.30894537248412,0.691395287256035,0.8739543082191893
G2E:T6H:G33T:D95Q:V106M,0.858272766833434,G2E:T6H:G33T:D95Q:V106M,7,0.8118685650017105,1.2441781161782601,0.5205229688708766,0.8497870938581417
G2E:T6H:G33T:D95Q:V108Q,0.7631299517742938,G2E:T6H:G33T:D95Q:V108Q,9,0.717048918112612,1.0411601278350815,-0.06503285196526207,0.8525740242368732
G2E:T6H:G33T:I91C:D95Q,0.7691628106941347,G2E:T6H:G33T:I91C:D95Q,9,0.7500001371863458,1.125048223369842,0.1577580084687407,0.8249323397907683
G2E:T6H:G33T:Q46C:D60Q,0.7055214539832785,G2E:T6H:G33T:Q46C:D60Q,9,0.7197739349218267,0.8571022709019643,-0.3230343728743892,0.828113636055179
G2E:T6H:G33T:Q46C:D95Q,0.5898955570228761,G2E:T6H:G33T:Q46C:D95Q,9,0.599883355638097,0.6240688079452439,-1.029166526221835,0.8038727800092815
G2E:T6H:G33T:Q46C:T112E,0.6651142550446253,G2E:T6H:G33T:Q46C:T112E,7,0.6770389190445751,0.8070494633033637,-0.5269572668470508,0.8162878536537377
G2E:T6H:G33T:Q46C:V106M,0.578139885061403,G2E:T6H:G33T:Q46C:V106M,8,0.7002605044650606,0.826460305965729,-0.4274187802137888,0.8028078365417813
G2E:T6H:G33T:Q46I:D60Q,0.755909386587626,G2E:T6H:G33T:Q46I:D60Q,7,0.7174677615725353,0.8939314540023467,-0.27682713103176504,0.8474445158614438
G2E:T6H:G33T:Q46I:I91C,0.7387656664802196,G2E:T6H:G33T:Q46I:I91C,8,0.6360859033004045,0.769986237235026,-0.7065978002862503,0.8357318689932723
G2E:T6H:G33T:Q46R:I91C,0.8721102176828311,G2E:T6H:G33T:Q46R:I91C,9,0.7987125330982711,0.9435204687180943,0.04490660824876416,0.8152533365880904
G2E:T6H:G33T:Q46R:R97D,0.8588101866846228,G2E:T6H:G33T:Q46R:R97D,9,0.8356226149243909,0.9728162773489191,0.20086661546422008,0.8290748165936912
G2E:T6H:G33T:Q46R:T112E,0.8743518786738613,G2E:T6H:G33T:Q46R:T112E,8,0.8373593754931502,1.020119996944243,0.2746723760835092,0.8462609010404667
G2E:T6H:G33T:Q46R:V108Q,0.698654199780428,G2E:T6H:G33T:Q46R:V108Q,7,0.7657613140245372,0.8745958181560786,-0.15622777357252648,0.833861858529445
G2E:T6H:G33T:Q46V,0.7343146360442605,G2E:T6H:G33T:Q46V,9,0.6801096105849274,0.7339414312066015,-0.6233184315793602,1.0184540249006468
G2E:T6H:G33T:Q46V:R97D,0.6411232149519339,G2E:T6H:G33T:Q46V:R97D,7,0.6950548302411605,0.7888017969185729,-0.49793782965600253,0.9651347390244309
G2E:T6H:G33T:R59N:D95Q,0.7510454369329008,G2E:T6H:G33T:R59N:D95Q,9,0.6480005991955226,0.9036764037089378,-0.4764513786362133,0.9391560209578269
G2E:T6H:G33T:R59N:T112E,0.778332115964789,G2E:T6H:G33T:R59N:T112E,9,0.7251561626020007,1.1005254456720088,0.04582948981321944,0.924493401263295
G2E:T6H:G33T:R97D:T112E,0.9596442161665169,G2E:T6H:G33T:R97D:T112E,7,0.8640657824189437,1.342867903471248,0.823949929026955,0.8832592873222527
G2E:T6H:G33T:T112E,0.9738577336918246,G2E:T6H:G33T:T112E,7,0.8491205627627104,1.170782258224345,0.5289100832769555,0.8858516803235972
G2E:T6H:G33T:V106M:V108Q,0.779455496972798,G2E:T6H:G33T:V106M:V108Q,8,0.8174260669395755,1.2719234320145762,0.577777190486268,0.8730321154173952
G2E:T6H:I91C:D95Q,0.783580789904464,G2E:T6H:I91C:D95Q,8,0.6890007100095632,0.8955105435863123,-0.36212565681188597,0.9058046340438352
G2E:T6H:I91C:R97D:T112E,0.9525943025559624,G2E:T6H:I91C:R97D:T112E,8,0.7811014930722745,1.2081845791204318,0.37376944971667453,0.8654733706322574
G2E:T6H:I91C:R97D:V106M,1.0063261335894564,G2E:T6H:I91C:R97D:V106M,9,0.80432307849276,1.3062480146064959,0.5871412279096899,0.8337714928878319
G2E:T6H:I91C:V106M:T112E,0.9938431776322196,G2E:T6H:I91C:V106M:T112E,8,0.8060598390615193,1.2633283192672609,0.5303673352836809,0.8789058689730596
G2E:T6H:Q46C,0.7100613264100872,G2E:T6H:Q46C,9,0.5993575116427999,0.5957157648431666,-1.0718195192958864,0.8926564307607124
G2E:T6H:Q46C:D60Q,0.7114900605391082,G2E:T6H:Q46C:D60Q,8,0.6587745077450442,0.6975717600405108,-0.7415972019933572,0.9339420035926617
G2E:T6H:Q46C:D60Q:T112E,0.6625416099242846,G2E:T6H:Q46C:D60Q:T112E,9,0.6754564879700367,0.7971459020058888,-0.546159244493435,0.944006353394247
G2E:T6H:Q46C:D95Q:T112E,0.5487816654967824,G2E:T6H:Q46C:D95Q:T112E,9,0.555565908686307,0.581232787833019,-1.227513248961731,0.937474292607076
G2E:T6H:Q46C:I91C:D95Q,0.4790634444374106,G2E:T6H:Q46C:I91C:D95Q,8,0.5169190662914278,0.4804059680198638,-1.492342989234215,0.8852476186609246
G2E:T6H:Q46C:I91C:R97D,0.5913075287589301,G2E:T6H:Q46C:I91C:R97D,9,0.5923378691291465,0.6424069723283232,-1.0258408689048037,0.8363946096023522
G2E:T6H:Q46C:R59N:I91C,0.2152742847383863,G2E:T6H:Q46C:R59N:I91C,9,0.4534282493122035,0.21827369918532033,-2.067065754430914,0.8434591925281676
G2E:T6H:Q46C:R97D:V106M,0.6013751134109057,G2E:T6H:Q46C:R97D:V106M,9,0.6542062969445113,0.7796531068519357,-0.6368564114575388,0.8789134517731061
G2E:T6H:Q46C:T112E,0.677365582967607,G2E:T6H:Q46C:T112E,8,0.6160394918677925,0.6563746348855161,-0.9327033350001959,0.9091823052217091
G2E:T6H:Q46I,0.6874089250251056,G2E:T6H:Q46I,9,0.5970513382935085,0.5890381964765261,-1.0885792636232474,0.8879897967399277
G2E:T6H:Q46I:D60Q:D95Q,0.4007173090666667,G2E:T6H:Q46I:D60Q:D95Q,9,0.5959947512142673,0.5396986446492932,-1.1632387942428495,0.9431900156503104
G2E:T6H:Q46I:D60Q:R97D,0.486570991263257,G2E:T6H:Q46I:D60Q:R97D,8,0.671413554051986,0.7069481248176565,-0.6891405952419576,0.8999374551373123
G2E:T6H:Q46I:D60Q:T112E,0.7043681955838217,G2E:T6H:Q46I:D60Q:T112E,7,0.6731503146207454,0.7875285601449905,-0.5671737003474916,0.9232072042051559
G2E:T6H:Q46I:D95Q:T112E,0.4040616258115227,G2E:T6H:Q46I:D95Q:T112E,9,0.5532597353370157,0.5292030539776933,-1.3099108329533449,0.9404330675313582
G2E:T6H:Q46I:D95Q:V106M,0.4688942805409725,G2E:T6H:Q46I:D95Q:V106M,8,0.5764813207575011,0.5569250115134682,-1.1983437338026022,0.9063508283420071
G2E:T6H:Q46I:I91C:D95Q,0.3720309570459987,G2E:T6H:Q46I:I91C:D95Q,8,0.5146128929421364,0.4226852923769806,-1.5829770294251142,0.9067164777183814
G2E:T6H:Q46I:I91C:R97D,0.4603541438046103,G2E:T6H:Q46I:I91C:R97D,9,0.5900316957798551,0.586377425174418,-1.114027351864089,0.8624060937939135
G2E:T6H:Q46I:R59N:R97D,0.2414999858352783,G2E:T6H:Q46I:R59N:R97D,7,0.488032157789032,0.32022486594675825,-1.8130475582994376,0.8689523163506115
G2E:T6H:Q46I:R59N:V106M,0.3411897364393199,G2E:T6H:Q46I:R59N:V106M,7,0.5129905037782768,0.4138593367200835,-1.6007423348754948,0.8873199098171293
G2E:T6H:Q46I:R97D,0.5458852710329665,G2E:T6H:Q46I:R97D,7,0.6119965579497417,0.5684209791975195,-1.0724367859928332,0.8805811362761571
G2E:T6H:Q46I:R97D:V108Q,0.3015910210024042,G2E:T6H:Q46I:R97D:V108Q,7,0.5570804767061213,0.4386644625969206,-1.429191450585657,0.8630812002605823
G2E:T6H:Q46I:V106M,0.7395264326056584,G2E:T6H:Q46I:V106M,9,0.6369549039389866,0.6647751430098846,-0.8561953717892676,0.8885397528335216
G2E:T6H:Q46I:V106M:V108Q,0.4889296925914539,G2E:T6H:Q46I:V106M:V108Q,7,0.5820388226953661,0.5861572041401202,-1.1389375668652417,0.8784511901360561
G2E:T6H:Q46R:D60Q:I91C,0.842749169629098,G2E:T6H:Q46R:D60Q:I91C,7,0.7971301020237327,0.8985888678938293,-0.024991181106680423,0.9043439174010721
G2E:T6H:Q46R:D60Q:T112E,0.8389241660465883,G2E:T6H:Q46R:D60Q:T112E,8,0.8357769444186118,0.9953914461024892,0.23401430529920525,0.9149187730971065
G2E:T6H:Q46R:D60Q:V106M,0.928244123307444,G2E:T6H:Q46R:D60Q:V106M,7,0.8589985298390973,1.0350967488823761,0.3629248076876751,0.8854661254094562
G2E:T6H:Q46R:D60Q:V108Q,0.7371720184210351,G2E:T6H:Q46R:D60Q:V108Q,9,0.7641788829499988,0.8469571165377052,-0.20109768315253718,0.8942590126191069
G2E:T6H:Q46R:D95Q,0.6625027830601972,G2E:T6H:Q46R:D95Q,9,0.6992043849098896,0.6378111832546239,-0.7036985409447928,0.9269395171179373
G2E:T6H:Q46R:D95Q:V108Q,0.5682633592136184,G2E:T6H:Q46R:D95Q:V108Q,9,0.6442883036662691,0.5557355891281881,-0.9914449738318208,0.8913949925613183
G2E:T6H:Q46R:I91C:D95Q,0.6164336317026137,G2E:T6H:Q46R:I91C:D95Q,7,0.677239522740003,0.6385132497192455,-0.7702612373357158,0.9031306373070154
G2E:T6H:Q46R:I91C:R97D,0.7989328952043921,G2E:T6H:Q46R:I91C:R97D,8,0.7526583255777217,0.8172581034985993,-0.2795258726817941,0.8547170834186961
G2E:T6H:Q46R:I91C:T112E,0.8162109173097412,G2E:T6H:Q46R:I91C:T112E,9,0.754395086146481,0.8452894440496233,-0.23361287775577844,0.8908103109005319
G2E:T6H:Q46R:I91C:V108Q,0.7361538598811405,G2E:T6H:Q46R:I91C:V108Q,8,0.682797024677868,0.7038796589102643,-0.6585582971861255,0.8792559154924676
G2E:T6H:Q46R:R59N:D60Q,0.5288372986803039,G2E:T6H:Q46R:R59N:D60Q,9,0.6951305640329094,0.6255566443963436,-0.733968272630557,0.9401616404693468
G2E:T6H:Q46R:R59N:D95Q,0.2595603119693721,G2E:T6H:Q46R:R59N:D95Q,7,0.5752399847491797,0.32338634508765496,-1.5401616365170305,0.9462924488279195
G2E:T6H:Q46R:R59N:T112E,0.5680213360387234,G2E:T6H:Q46R:R59N:T112E,7,0.6523955481556578,0.5572452970470897,-0.964316610498632,0.8969715952054634
G2E:T6H:Q46R:V108Q,0.8179120624583327,G2E:T6H:Q46R:V108Q,8,0.7047618868477545,0.6923351313643531,-0.6076878111748178,0.892502378558265
G2E:T6H:Q46V:D60Q,0.7744530750547051,G2E:T6H:Q46V:D60Q,7,0.678527179510389,0.7054949737493097,-0.669357399961117,0.9677300477594543
G2E:T6H:Q46V:D60Q:D95Q,0.4787205458463201,G2E:T6H:Q46V:D60Q:D95Q,8,0.6180535963289034,0.5871237348136842,-1.0267328797039785,0.941067999418118
G2E:T6H:Q46V:D60Q:I91C,0.637685133873568,G2E:T6H:Q46V:D60Q:I91C,7,0.6565623173405024,0.7093726189451737,-0.7313241057227833,0.8881475605089141
G2E:T6H:Q46V:D60Q:R97D,0.5917628940831391,G2E:T6H:Q46V:D60Q:R97D,7,0.6934723991666222,0.7550117723328804,-0.5517105015694383,0.9100470870288717
G2E:T6H:Q46V:D60Q:T112E,0.6543432677402483,G2E:T6H:Q46V:D60Q:T112E,8,0.6952091597353816,0.8083561071445978,-0.46916220509161294,0.9211092385888835
G2E:T6H:Q46V:D95Q,0.5243126679982383,G2E:T6H:Q46V:D95Q,9,0.5586366002266592,0.4804538603899025,-1.3639222873190264,0.9716770371079102
G2E:T6H:Q46V:D95Q:R97D,0.5231931675722625,G2E:T6H:Q46V:D95Q:R97D,9,0.5735818198828925,0.560769620390447,-1.2017002893807298,0.9016608251105827
G2E:T6H:Q46V:I91C,0.6864990297758146,G2E:T6H:Q46V:I91C,8,0.5971453212382581,0.5865702036097331,-1.0918620154948153,0.93019573810842
G2E:T6H:Q46V:I91C:T112E,0.7105697422804215,G2E:T6H:Q46V:I91C:T112E,7,0.6138273014632507,0.6681763824574608,-0.9224289525683123,0.8863380660029089
G2E:T6H:Q46V:R59N,0.3468470248229338,G2E:T6H:Q46V:R59N,8,0.4951457832474349,0.28050336824384753,-1.8486498462375236,1.0558669267076561
G2E:T6H:Q46V:R97D,0.6420672636456191,G2E:T6H:Q46V:R97D,8,0.634055403064378,0.6105533223441089,-0.9435910234311501,0.9468993489812444
G2E:T6H:R59N:D60Q:V106M,0.960807297828373,G2E:T6H:R59N:D60Q:V106M,8,0.7467953169479478,1.1296155316126875,0.15450804097320328,0.9422779232277558
G2E:T6H:R59N:D60Q:V108Q,1.025573861235107,G2E:T6H:R59N:D60Q:V108Q,8,0.6519756700588493,0.9931580904667232,-0.3347152127667587,0.9498331627248311
G2E:T6H:R59N:D95Q:V108Q,0.6510719785101333,G2E:T6H:R59N:D95Q:V108Q,8,0.5320850907751196,0.6978723097313932,-1.130944665968605,0.9438368457774992
G2E:T6H:R59N:I91C,0.887532571963606,G2E:T6H:R59N:I91C,7,0.6255098930303389,0.7758673663071185,-0.730625057707526,0.9040943672350051
G2E:T6H:R59N:I91C:D95Q,0.733985138059,G2E:T6H:R59N:I91C:D95Q,8,0.5650363098488533,0.730482181377899,-0.9823683838590851,0.9246115651042325
G2E:T6H:R59N:I91C:R97D,0.8090665254894909,G2E:T6H:R59N:I91C:R97D,7,0.6404551126865721,0.882773079219777,-0.5299196258004415,0.8631815817539601
G2E:T6H:R59N:I91C:T112E,0.8580703907550836,G2E:T6H:R59N:I91C:T112E,8,0.6421918732553314,0.9178200262389187,-0.47385299768977207,0.8820389165841485
G2E:T6H:R59N:I91C:V108Q,0.8015449582149812,G2E:T6H:R59N:I91C:V108Q,9,0.5705938117867184,0.7953525819098787,-0.8713833132198756,0.8953852609672581
G2E:T6H:R59N:R97D,0.8495792473859026,G2E:T6H:R59N:R97D,9,0.6624199748564588,0.8286977918167066,-0.5406035808223744,0.9230574310698796
G2E:T6H:R59N:R97D:V106M,1.0487703697403357,G2E:T6H:R59N:R97D:V106M,9,0.7023235405019368,1.0382900895743863,-0.11449187054373358,0.8958789467512513
G2E:T6H:R59N:R97D:V108Q,0.8107217698496505,G2E:T6H:R59N:R97D:V108Q,9,0.6075038936128383,0.8044164459837037,-0.7447048434705792,0.9037784720889431
G2E:T6H:R59N:V106M:V108Q,0.8541165198663533,G2E:T6H:R59N:V106M:V108Q,9,0.6324622396020831,0.9193839239545704,-0.501524523104729,0.9278078566904744
G2E:T6H:R97D:V106M,1.0748211696550485,G2E:T6H:R97D:V106M,7,0.8262879406626467,1.1541558091776025,0.43459814266897484,0.8875706031907868
G2E:T6H:R97D:V106M:V108Q,0.8822813971348845,G2E:T6H:R97D:V106M:V108Q,9,0.7713718594190262,1.15533176368168,0.2673410346450269,0.8751279782499856
G2E:T6H:V106M,1.1524198030061557,G2E:T6H:V106M,7,0.8113427210064134,0.9990239969454626,0.16409544880856192,0.9167205776302784
G2E:T6H:V106M:V108Q,1.0798766472380172,G2E:T6H:V106M:V108Q,9,0.7564266397627929,1.0270265288581628,0.035664239563959976,0.9121687145803362
G2E:T6H:V108Q,0.9941494998086357,G2E:T6H:V108Q,9,0.7165230741173149,0.860220558769643,-0.3285231483563326,0.9175209595004594
G2E:T6S:A28H:D95Q:V108Q,0.9891281728263096,G2E:T6S:A28H:D95Q:V108Q,8,0.9617841149067495,1.2319572805131933,0.9640776096511424,0.7840181639169207
G2E:T6S:A28H:G33T:Q46I,1.1141779429639602,G2E:T6S:A28H:G33T:Q46I,8,0.9637853894412114,1.1780671095327242,0.8922400562603313,0.6965522078940923
G2E:T6S:A28H:G33T:Q46V,1.0756692775033254,G2E:T6S:A28H:G33T:Q46V,7,0.9858442345558476,1.1646561337439858,0.9406984012993149,0.8986915996179874
G2E:T6S:A28H:G33T:R59N,1.194957826050966,G2E:T6S:A28H:G33T:R59N,8,1.0142088063479284,1.3491781652582526,1.2950243485186195,0.7951217236145581
G2E:T6S:A28H:I91C:D95Q,1.1576790770260954,G2E:T6S:A28H:I91C:D95Q,8,0.9947353339804834,1.2971362644427944,1.1597909170164513,0.7680599794095452
G2E:T6S:A28H:I91C:V106M,1.160825905057129,G2E:T6S:A28H:I91C:V106M,7,1.095112482807447,1.5202465345287428,1.7915247821925528,0.7770251070673451
G2E:T6S:A28H:I91C:V108Q,1.1633828595940945,G2E:T6S:A28H:I91C:V108Q,7,1.0002928359183485,1.3402838168852291,1.239336676994559,0.8011124143810482
G2E:T6S:A28H:Q46C,1.1318923686438571,G2E:T6S:A28H:Q46C,9,0.9050921356137202,0.935461447682347,0.36053855230810095,0.7474363837800567
G2E:T6S:A28H:Q46C:I91C,0.8670806180405021,G2E:T6S:A28H:Q46C:I91C,9,0.8831272734438336,0.930534195491052,0.2858285864014979,0.7576387963408646
G2E:T6S:A28H:Q46C:R97D,0.8872947105228843,G2E:T6S:A28H:Q46C:R97D,7,0.9200373552699534,1.0062072997713123,0.5089100962640271,0.792015540468862
G2E:T6S:A28H:Q46I:T112E,1.0200939643060505,G2E:T6S:A28H:Q46I:T112E,8,0.9194679424894213,1.0667761412113046,0.5948190144363585,0.8207665170964153
G2E:T6S:A28H:Q46I:V106M,1.0155013526290124,G2E:T6S:A28H:Q46I:V106M,7,0.9426895279099068,1.0825603873163916,0.6891087558159248,0.7932780837491881
G2E:T6S:A28H:Q46R:D60Q,1.1491001924819118,G2E:T6S:A28H:Q46R:D60Q,7,1.1248295881645394,1.2867374825398046,1.5449988725226005,0.8417736674819989
G2E:T6S:A28H:Q46R:D95Q,0.9828141630934673,G2E:T6S:A28H:Q46R:D95Q,9,1.0049390088808097,0.9976424706832021,0.757729271417822,0.8653622347889671
G2E:T6S:A28H:Q46R:V106M,1.1503028828496795,G2E:T6S:A28H:Q46R:V106M,8,1.1053161577077733,1.239542602866614,1.4166575592279305,0.868629165783485
G2E:T6S:A28H:R59N:R97D,1.2449233075637902,G2E:T6S:A28H:R59N:R97D,9,0.968154598827379,1.2438864300457892,1.000942498814332,0.8438987893471325
G2E:T6S:A28H:R59N:V106M,1.1157359865076244,G2E:T6S:A28H:R59N:V106M,7,0.9931129448166238,1.2948276014383449,1.1514580390049125,0.8495886999659011
G2E:T6S:A28H:V106M,1.14022268568995,G2E:T6S:A28H:V106M,7,1.1170773449773335,1.3932508064460074,1.6753036352415451,0.7697061770651188
G2E:T6S:A28H:V106M:V108Q,1.1673092468658186,G2E:T6S:A28H:V106M:V108Q,7,1.0621612637337132,1.447639166827696,1.585060432232016,0.8156706495161047
G2E:T6S:A28K:D60Q:T112E,1.142084073055262,G2E:T6S:A28K:D60Q:T112E,8,1.1099689938042931,1.577623206059973,1.9202742862251152,0.8534850723609646
G2E:T6S:A28K:D60Q:V106M,1.0954210637298891,G2E:T6S:A28K:D60Q:V106M,7,1.1331905792247787,1.6057504137834884,2.032427900850041,0.8353623566018523
G2E:T6S:A28K:D60Q:V108Q,1.0996605232939751,G2E:T6S:A28K:D60Q:V108Q,9,1.0383709323356802,1.453103433209846,1.5197736514400453,0.8452036703998361
G2E:T6S:A28K:D95Q:V108Q,0.8665657204094847,G2E:T6S:A28K:D95Q:V108Q,9,0.9184803530519505,1.2002346333208926,0.7849339677858238,0.8651564053032582
G2E:T6S:A28K:G33T,1.129377685511258,G2E:T6S:A28K:G33T,9,1.0948694446538392,1.3933779303375469,1.6071610789361395,0.7221600875939372
G2E:T6S:A28K:G33T:Q46C,0.8976125136597426,G2E:T6S:A28K:G33T:Q46C,9,0.9227878009357037,1.067644709387948,0.6062902194265833,0.692736975165593
G2E:T6S:A28K:G33T:Q46I,1.1629466860789677,G2E:T6S:A28K:G33T:Q46I,9,0.9204816275864123,1.2148742077906232,0.8122789869496676,0.6603523579204008
G2E:T6S:A28K:Q46C:D60Q,1.0422249469607814,G2E:T6S:A28K:Q46C:D60Q,9,0.9212053698611653,1.067894875546431,0.6017836532907032,0.8762952938435437
G2E:T6S:A28K:Q46C:D95Q,0.7618446424898487,G2E:T6S:A28K:Q46C:D95Q,9,0.8013147905774356,0.8497778573497956,-0.08276004448966694,0.8933874566833844
G2E:T6S:A28K:Q46C:V108Q,0.9271449705803668,G2E:T6S:A28K:Q46C:V108Q,8,0.8068722925153006,0.858367256738682,-0.053230033148466874,0.8596256903416877
G2E:T6S:A28K:Q46I:D95Q,0.7447295846392696,G2E:T6S:A28K:Q46I:D95Q,9,0.7990086172281442,0.8982523400833189,-0.019698650217364798,0.8000372171299928
G2E:T6S:A28K:Q46I:R97D,0.9190199675861346,G2E:T6S:A28K:Q46I:R97D,8,0.8744274200658629,1.031999269421589,0.4059115651109997,0.7534308092747312
G2E:T6S:A28K:Q46R:D95Q,0.894410184053964,G2E:T6S:A28K:Q46R:D95Q,8,0.9616352470260107,1.0214069195987252,0.6588916762101643,0.9680101075531632
G2E:T6S:A28K:Q46R:R59N,1.0317594016920175,G2E:T6S:A28K:Q46R:R59N,9,0.8981444300467863,0.8513888617810043,0.21748509885966116,0.9806655769131118
G2E:T6S:A28K:Q46R:V106M,1.0026753294462762,G2E:T6S:A28K:Q46R:V106M,7,1.0620123958529741,1.2391426996673378,1.2828470833956975,0.9392683574932643
G2E:T6S:A28K:Q46V,1.091406988461298,G2E:T6S:A28K:Q46V,7,0.8815410455242658,0.9803225954731284,0.3530066427097574,0.9733925282231422
G2E:T6S:A28K:Q46V:V106M,0.8696476755701318,G2E:T6S:A28K:Q46V:V106M,7,0.921444611169744,1.0781957722899846,0.6174281300689546,0.9434491503004215
G2E:T6S:A28K:R97D:T112E,1.0950884321210794,G2E:T6S:A28K:R97D:T112E,7,1.0654972173582822,1.4859910985121856,1.6508305400792178,0.846063828565951
G2E:T6S:D60Q:D95Q:T112E,1.1522371820838762,G2E:T6S:D60Q:D95Q:T112E,9,1.0502615163549012,1.4302530136214047,1.523285904598548,0.9837727417482087
G2E:T6S:D60Q:I91C,1.1558359598103043,G2E:T6S:D60Q:I91C,7,1.0720882571415076,1.3307765684406352,1.4464682488320513,0.9307792299494552
G2E:T6S:D60Q:I91C:R97D,1.1411371259162002,G2E:T6S:D60Q:I91C:R97D,7,1.0870334767977408,1.5072357918795636,1.7478379406000726,0.9601546636019782
G2E:T6S:D60Q:I91C:V106M,1.2416401956302467,G2E:T6S:D60Q:I91C:V106M,9,1.1119918227869856,1.553849751957729,1.8920907411973664,0.9471076133042785
G2E:T6S:D60Q:R97D:T112E,1.2289185854894202,G2E:T6S:D60Q:R97D:T112E,8,1.12568031919262,1.586082155147087,1.9808555354778852,0.9897432686470146
G2E:T6S:D60Q:V108Q,1.2448568747066302,G2E:T6S:D60Q:V108Q,9,1.0391370380677738,1.2932325846316723,1.29075086420813,0.9451167381753098
G2E:T6S:D95Q,1.0763899881696373,G2E:T6S:D95Q,7,0.9741625400276644,1.0703635954226787,0.7682887333131965,0.9356775223244854
G2E:T6S:D95Q:R97D:V108Q,0.9399838301688194,G2E:T6S:D95Q:R97D:V108Q,7,0.9341916784402773,1.1998222834278103,0.8326758543796918,0.9776532207314317
G2E:T6S:D95Q:T112E,1.1106605135664522,G2E:T6S:D95Q:T112E,8,0.990844520252657,1.2024030232031948,1.0107134488218368,0.9690117459626458
G2E:T6S:D95Q:V106M,1.025775966588403,G2E:T6S:D95Q:V106M,7,1.0140661056731426,1.2427486134150239,1.1405506342770138,0.968327501258589
G2E:T6S:D95Q:V106M:T112E,1.084034330014763,G2E:T6S:D95Q:V106M:T112E,8,1.030748085898135,1.398270603255207,1.4169614809167645,0.9984816243643044
G2E:T6S:D95Q:V106M:V108Q,0.7978990266488263,G2E:T6S:D95Q:V106M:V108Q,9,0.9591500244295221,1.2564164454350029,0.9913729243294112,0.985488017001022
G2E:T6S:G33T,1.043005341316224,G2E:T6S:G33T,7,1.0956355503859325,1.2198836938405968,1.3584212673403115,0.879456512756078
G2E:T6S:G33T:D95Q:T112E,0.8933590677720001,G2E:T6S:G33T:D95Q:T112E,7,1.0518439474294397,1.4175248161439349,1.5097331121521904,0.9189664644229224
G2E:T6S:G33T:I91C,1.1846474680426942,G2E:T6S:G33T:I91C,9,1.0736706882160458,1.3195893245041015,1.4351456665721343,0.8869359174626031
G2E:T6S:G33T:I91C:V108Q,1.1646098602376027,G2E:T6S:G33T:I91C:V108Q,9,1.0187546069724256,1.3813980561798926,1.355641909761112,0.9401253479406332
G2E:T6S:G33T:Q46C:R97D,0.7998529161015605,G2E:T6S:G33T:Q46C:R97D,7,0.9384991263240304,1.0322595153497962,0.6034161781620634,0.9404387702390197
G2E:T6S:G33T:Q46C:T112E,0.8217154596979392,G2E:T6S:G33T:Q46C:T112E,8,0.9402358868927898,1.040439831507798,0.6205989384401787,0.9412512334845348
G2E:T6S:G33T:Q46I,1.0516214657220913,G2E:T6S:G33T:Q46I,9,0.9212477333185058,1.0593129269092916,0.5894934038393094,0.9332295010786551
G2E:T6S:G33T:Q46I:V106M,1.030062748057874,G2E:T6S:G33T:Q46I:V106M,7,0.9611512989639839,1.169590318988765,0.8718674163711284,0.9818427320849642
G2E:T6S:G33T:Q46R:D95Q,0.9978436085855568,G2E:T6S:G33T:Q46R:D95Q,9,1.0234007799348868,1.0795330602339823,0.9330498017201043,0.943112899769028
G2E:T6S:G33T:Q46R:T112E,1.0874978921409808,G2E:T6S:G33T:Q46R:T112E,9,1.1005563433413648,1.2680219461578985,1.4432310807507451,0.9863744694862776
G2E:T6S:G33T:Q46R:V108Q,1.0628898425383266,G2E:T6S:G33T:Q46R:V108Q,8,1.0289582818727518,1.1289386190389052,1.0216527260874484,0.9840796415985158
G2E:T6S:G33T:Q46V:D95Q,0.9176230872552102,G2E:T6S:G33T:Q46V:D95Q,9,0.8828329952516565,0.9437955047703795,0.30411617812087055,0.9983675861480635
G2E:T6S:G33T:Q46V:V106M,0.9660501416054128,G2E:T6S:G33T:Q46V:V106M,8,0.9832101440786201,1.1353303425139172,0.8901511633628332,1.0454164101468133
G2E:T6S:G33T:R59N,1.1632579127772065,G2E:T6S:G33T:R59N,9,0.9716711502252228,1.1529285681200896,0.8801191797881232,1.004296904719515
G2E:T6S:G33T:R59N:D60Q,1.173455992877398,G2E:T6S:G33T:R59N:D60Q,8,1.031088146327467,1.4221340689936606,1.4525451471943853,1.013841896559033
G2E:T6S:G33T:R59N:I91C,1.0817312712165477,G2E:T6S:G33T:R59N:I91C,9,0.9497062880553362,1.2077662318103997,0.8919065161363162,0.9966108218546726
G2E:T6S:G33T:R59N:R97D,0.9778293555560128,G2E:T6S:G33T:R59N:R97D,7,0.986616369881456,1.2850341928330113,1.1172962498733594,1.0385738656606907
G2E:T6S:G33T:R59N:T112E,1.0145914955807709,G2E:T6S:G33T:R59N:T112E,8,0.9883531304502153,1.316793002062546,1.168603981496891,1.0248856098589179
G2E:T6S:G33T:R59N:V106M,0.9923288273682084,G2E:T6S:G33T:R59N:V106M,9,1.011574715870701,1.3178748756789802,1.241615092458356,1.0432497790314517
G2E:T6S:G33T:R59N:V108Q,1.060384053709606,G2E:T6S:G33T:R59N:V108Q,9,0.9167550689816023,1.1966520157538716,0.7744407307338375,1.04749152176233
G2E:T6S:G33T:R97D,1.0514619843982325,G2E:T6S:G33T:R97D,9,1.1105807700421657,1.3613577332680107,1.60915717185632,0.9283799948598123
G2E:T6S:G33T:R97D:T112E,1.0964269589746,G2E:T6S:G33T:R97D:T112E,8,1.1272627502671584,1.5600354283564428,1.948026938178507,0.9706963397708711
G2E:T6S:G33T:T112E,1.109029203632999,G2E:T6S:G33T:T112E,8,1.1123175306109252,1.3708537738244058,1.6282441699183101,0.9260807971276738
G2E:T6S:G33T:V106M,1.0418335691526135,G2E:T6S:G33T:V106M,9,1.1355391160314108,1.3969181091530196,1.7374122052209402,0.92264693132142
G2E:T6S:G33T:V108Q,0.9862716121038676,G2E:T6S:G33T:V108Q,9,1.040719469142312,1.264752441489247,1.2544004021727788,0.9299668524117778
G2E:T6S:I91C:D95Q,1.1167057661200452,G2E:T6S:I91C:D95Q,9,0.9521976778577779,1.128409320164342,0.7847190717022599,0.9406306583775453
G2E:T6S:I91C:R97D:T112E,1.101802050424168,G2E:T6S:I91C:R97D:T112E,7,1.044298460920489,1.4303808594750826,1.5051245379116016,0.9751791979086901
G2E:T6S:I91C:R97D:V108Q,0.929802544595976,G2E:T6S:I91C:R97D:V108Q,8,0.9727003994518761,1.2538597282754838,1.0293627378682255,0.9763270778654293
G2E:T6S:Q46C:D60Q:I91C,0.8063062020260581,G2E:T6S:Q46C:D60Q:I91C,9,0.9000066134233722,0.9607205019486376,0.3814492764853872,1.0105889622227073
G2E:T6S:Q46C:D60Q:R97D,1.0043768468418182,G2E:T6S:Q46C:D60Q:R97D,9,0.9369166952494921,1.0528203556429865,0.6283050942035314,1.0510154241243626
G2E:T6S:Q46C:D60Q:T112E,1.0188764181852836,G2E:T6S:Q46C:D60Q:T112E,8,0.9386534558182513,1.0602229119175202,0.6443622085950986,1.044353757416566
G2E:T6S:Q46C:D60Q:V108Q,0.7856662246233342,G2E:T6S:Q46C:D60Q:V108Q,9,0.8670553943496384,0.9271793427413678,0.23152514906493066,1.0337850768899357
G2E:T6S:Q46C:D95Q:V108Q,0.5447153579238979,G2E:T6S:Q46C:D95Q:V108Q,9,0.7471648150659086,0.6819365287600642,-0.4922775039448989,1.0263532807248519
G2E:T6S:Q46C:I91C:D95Q,0.8027107499711345,G2E:T6S:Q46C:I91C:D95Q,7,0.7801160341396425,0.7466235972022673,-0.2972761420741936,1.0048079060213553
G2E:T6S:Q46C:R59N:D60Q,0.6596779547077021,G2E:T6S:Q46C:R59N:D60Q,7,0.798007075432549,0.7015737575533322,-0.3074314681243019,1.0731396086500737
G2E:T6S:Q46C:R97D:T112E,0.8831626791346499,G2E:T6S:Q46C:R97D:T112E,7,0.8941816793722404,0.9927856667199957,0.4099355003024751,1.0516058125267767
G2E:T6S:Q46C:R97D:V108Q,0.7421595131131983,G2E:T6S:Q46C:R97D:V108Q,8,0.8225836179036273,0.7929527828043501,-0.09956521982511031,1.0401821962230775
G2E:T6S:Q46C:T112E,0.9553290398475638,G2E:T6S:Q46C:T112E,9,0.8792364597160072,0.9014600599999447,0.23177903604011166,1.014052009756759
G2E:T6S:Q46C:V106M,0.9380094214442348,G2E:T6S:Q46C:V106M,8,0.9024580451364926,0.9121576792800135,0.31870694160930774,1.0229403809519901
G2E:T6S:Q46C:V106M:T112E,0.710725580665003,G2E:T6S:Q46C:V106M:T112E,7,0.9191400253614852,0.9908346038332574,0.48390051736589573,1.0698556429281825
G2E:T6S:Q46C:V108Q:T112E,0.8435086885803266,G2E:T6S:Q46C:V108Q:T112E,9,0.8243203784723867,0.8645991924469494,0.00947152853429694,1.0465800004270196
G2E:T6S:Q46I:D95Q:T112E,0.7739450847990401,G2E:T6S:Q46I:D95Q:T112E,8,0.8164567031852302,0.8724794146775959,-0.0033174774210124602,1.0489564069633663
G2E:T6S:Q46I:D95Q:V106M,0.8858754013415993,G2E:T6S:Q46I:D95Q:V106M,7,0.8396782886057158,0.8933289376022179,0.09830320007049431,1.0306171152860126
G2E:T6S:Q46I:I91C:D95Q,0.8774407531536136,G2E:T6S:Q46I:I91C:D95Q,7,0.7778098607903511,0.7647598591851184,-0.27812302093227026,1.0240327792263102
G2E:T6S:Q46I:I91C:T112E,0.8866450017677795,G2E:T6S:Q46I:I91C:T112E,7,0.8549654241968292,0.9627393026405451,0.24579386888707883,1.0570452846562388
G2E:T6S:Q46I:I91C:V106M,0.9844608036862652,G2E:T6S:Q46I:I91C:V106M,8,0.8781870096173147,1.002955415587968,0.375443662895129,1.037191451707827
G2E:T6S:Q46I:R59N,0.9332770410379426,G2E:T6S:Q46I:R59N,8,0.7362839059810133,0.6928134090196693,-0.510012524413419,1.0202268204033942
G2E:T6S:Q46I:R59N:T112E,0.7457380726261704,G2E:T6S:Q46I:R59N:T112E,9,0.7529658862060059,0.7643802880814864,-0.3551092627122481,1.0585171048087938
G2E:T6S:Q46I:R97D:T112E,0.9853174987133592,G2E:T6S:Q46I:R97D:T112E,9,0.891875506022949,1.018303998979382,0.4397726348752976,1.0568632267326619
G2E:T6S:Q46I:V108Q,1.018947071168295,G2E:T6S:Q46I:V108Q,8,0.8053322248981027,0.8134914716938834,-0.12291670207085703,0.9911105559210203
G2E:T6S:Q46I:V108Q:T112E,0.983836474362325,G2E:T6S:Q46I:V108Q:T112E,7,0.8220142051230953,0.9054074581528808,0.06143766597230354,1.0457098415936132
G2E:T6S:Q46R,1.14224330412907,G2E:T6S:Q46R,7,1.0228749359395897,1.0241611951500929,0.8512926757772128,0.9925359843387814
G2E:T6S:Q46R:D60Q:D95Q,0.9838835640280802,G2E:T6S:Q46R:D60Q:D95Q,7,1.0218183488603485,1.0719503816697193,0.917206819770632,1.0403882744196442
G2E:T6S:Q46R:D60Q:T112E,1.1842612004543076,G2E:T6S:Q46R:D60Q:T112E,7,1.0989739122668265,1.272980037023342,1.4455382577677458,1.0304163657344392
G2E:T6S:Q46R:D95Q:V108Q,0.9061746818797186,G2E:T6S:Q46R:D95Q:V108Q,8,0.9074852715144838,0.8441074448807487,0.23568551474043453,1.0274167210841016
G2E:T6S:Q46R:I91C,1.0457244285004996,G2E:T6S:Q46R:I91C,9,1.000910073769703,1.0120994372283254,0.7662569946996928,1.0189728805742158
G2E:T6S:Q46R:R59N:R97D,0.7853711141231401,G2E:T6S:Q46R:R59N:R97D,9,0.9138557554351131,0.7826363178065125,0.16631874913439285,1.0775748443342659
G2E:T6S:Q46R:R59N:V106M,0.7978523312216924,G2E:T6S:Q46R:R59N:V106M,9,0.938814101424358,0.8400368174827151,0.326182825379477,1.0978038375898358
G2E:T6S:Q46R:R59N:V108Q,0.7477068167891947,G2E:T6S:Q46R:R59N:V108Q,9,0.8439944545352595,0.6847500898658397,-0.19029190958640985,1.088046777564895
G2E:T6S:Q46R:R97D:V106M,1.0398930392609094,G2E:T6S:Q46R:R97D:V106M,7,1.0777237212413011,1.2441100969049947,1.3383750365598557,1.0381866515910512
G2E:T6S:Q46R:V106M:T112E,0.8547802175992818,G2E:T6S:Q46R:V106M:T112E,8,1.0794604818100604,1.2165454807013216,1.3038244316527838,1.0640434286588978
G2E:T6S:Q46R:V108Q,0.9483527717935416,G2E:T6S:Q46R:V108Q,9,0.9679588546959692,0.9583729891571738,0.5871188542382348,1.0226264863315884
G2E:T6S:Q46R:V108Q:T112E,1.011704725695981,G2E:T6S:Q46R:V108Q:T112E,8,0.9846408349209618,1.0600768446419433,0.7856391297049035,1.0508180695608822
G2E:T6S:Q46V:D60Q:R97D,0.9529857628328968,G2E:T6S:Q46V:D60Q:R97D,8,0.9566693670148368,1.0890236414232999,0.7414744266412534,0.9747127092990047
G2E:T6S:Q46V:D60Q:V106M,0.9683091981030796,G2E:T6S:Q46V:D60Q:V106M,8,0.9816277130040817,1.1294603439158655,0.8767869299319159,0.952303170545027
G2E:T6S:Q46V:D60Q:V108Q,0.9112031966312036,G2E:T6S:Q46V:D60Q:V108Q,8,0.8868080661149832,0.9733596462039196,0.35913414231923596,0.9807457707072441
G2E:T6S:Q46V:D95Q,0.8648690153034561,G2E:T6S:Q46V:D95Q,8,0.8218335680748738,0.8017121333577251,-0.08919554050755601,0.9995546449956921
G2E:T6S:Q46V:D95Q:R97D,0.9902259088916422,G2E:T6S:Q46V:D95Q:R97D,8,0.8367787877311071,0.8991239026434036,0.09776937994093855,0.9767463686429063
G2E:T6S:Q46V:R59N,0.6898509365857443,G2E:T6S:Q46V:R59N,9,0.7583427510956495,0.5956236840424067,-0.5828065175429387,1.1380100056375242
G2E:T6S:Q46V:R97D:V108Q,0.8331110607961055,G2E:T6S:Q46V:R97D:V108Q,9,0.8423362896689722,0.8195254477287516,-0.00033421074628614544,1.0129439575081123
G2E:T6S:Q46V:V108Q:T112E,0.8674812870453372,G2E:T6S:Q46V:V108Q:T112E,8,0.8440730502377315,0.9145531190746274,0.14254205751896706,1.0234271323829616
G2E:T6S:R59N:D60Q:T112E,1.1671777717455298,G2E:T6S:R59N:D60Q:T112E,8,0.9867706993756769,1.3686042773189224,1.2387214112697156,1.0213684161988013
G2E:T6S:R59N:D60Q:V108Q,1.0672307074041316,G2E:T6S:R59N:D60Q:V108Q,9,0.9151726379070639,1.2455531402336282,0.8403463217109552,1.0357136101352356
G2E:T6S:R59N:D95Q,1.2100809475307146,G2E:T6S:R59N:D95Q,9,0.8501981398669546,0.9663992409779367,0.23642347419194476,1.0298130327477963
G2E:T6S:R59N:I91C,1.0356952596010702,G2E:T6S:R59N:I91C,8,0.8887068608785536,1.0026281857158847,0.4073362526897346,0.9931858626108016
G2E:T6S:R59N:I91C:D95Q,0.8908979276283336,G2E:T6S:R59N:I91C:D95Q,7,0.828233277697068,0.9795769987464051,0.18791674969737818,1.0196006812294887
G2E:T6S:R59N:I91C:V108Q,0.9764970157558246,G2E:T6S:R59N:I91C:V108Q,8,0.8337907796349331,1.023089745439043,0.2679910524999103,1.028150459013955
G2E:T6S:R59N:R97D:V106M,1.1123525489496635,G2E:T6S:R59N:R97D:V106M,8,0.9655205083501515,1.2764762775488987,1.0400052877439776,1.039128363207666
G2E:T6S:R59N:V108Q,1.0865776904760676,G2E:T6S:R59N:V108Q,8,0.8557556418048197,0.9990695265892848,0.300805566614861,1.027800393787138
G2E:T6S:R97D:V106M:T112E,1.1687246033285974,G2E:T6S:R97D:V106M:T112E,7,1.1061668887358538,1.5532696145748401,1.8733296707452063,1.0044168920860024
G2E:T6S:R97D:V108Q,0.8937773715376865,G2E:T6S:R97D:V108Q,8,0.9946652616217627,1.1446427913126158,0.9388726983158551,0.9759958986640894
G2E:T6S:T112E,1.0087527637771985,G2E:T6S:T112E,9,1.0513181034341426,1.1796945882868943,1.1639054036459584,0.949407391661669
G2E:V106M:V108Q:T112E,0.888352149125916,G2E:V106M:V108Q:T112E,8,0.8430963624126854,0.985005643994495,0.2415025007713046,0.8200603555557024
G33T:D60Q:D95Q:R97D:V106M,1.139198867233288,G33T:D60Q:D95Q:R97D:V106M,8,0.9374064428834952,1.3940306494471784,1.1236429187372914,0.7455117436121637
G33T:D60Q:D95Q:R97D:V108Q,0.9589360085235622,G33T:D60Q:D95Q:R97D:V108Q,8,0.8425867959943967,1.1203866285283863,0.4358705851421985,0.7684380546090539
G33T:D60Q:D95Q:V106M:T112E,1.0762065368721905,G33T:D60Q:D95Q:V106M:T112E,9,0.9391432034522544,1.2847115657949262,0.9707697030264424,0.736897048574511
G33T:D60Q:D95Q:V108Q:T112E,0.9420375587750396,G33T:D60Q:D95Q:V108Q:T112E,7,0.8443235565631559,1.1268414573258214,0.4505560608585909,0.7430995603118563
G33T:D60Q:I91C:D95Q,1.068632910572589,G33T:D60Q:I91C:D95Q,8,0.8605927954118973,1.019036198842139,0.3445855379852553,0.7703879362710698
G33T:D60Q:I91C:R97D:V106M,1.2613952938783126,G33T:D60Q:I91C:R97D:V106M,7,0.975915163895094,1.4498283966978622,1.3228774743302196,0.7464082587265143
G33T:D60Q:I91C:V106M:T112E,1.0699054453502888,G33T:D60Q:I91C:V106M:T112E,8,0.9776519244638534,1.365622980493176,1.206351076010394,0.7532938413362458
G33T:D60Q:I91C:V106M:V108Q,1.1161882054114067,G33T:D60Q:I91C:V106M:V108Q,9,0.9060538629952404,1.2815544191678947,0.8643951679805435,0.7626441220842671
G33T:D60Q:R97D:V108Q,1.0781259433846304,G33T:D60Q:R97D:V108Q,9,0.9030603791758821,1.093020089414491,0.5823209016527668,0.8142137864201529
G33T:D60Q:R97D:V108Q:T112E,0.9555150211351048,G33T:D60Q:R97D:V108Q:T112E,8,0.9197423594008747,1.2746050169578604,0.8964524372101826,0.7970410286115686
G33T:D60Q:V106M,1.3074618255728672,G33T:D60Q:V106M,7,0.9829348064087474,1.1234716803513756,0.8721410878429114,0.7828336893456299
G33T:D95Q:R97D,1.0860373693357517,G33T:D95Q:R97D,7,0.8380858811357729,0.9843691901376632,0.22516573224339057,0.7823924072939205
G33T:D95Q:R97D:V108Q:T112E,0.8242481969498079,G33T:D95Q:R97D:V108Q:T112E,8,0.799851780117145,1.096292961762011,0.26951815567563514,0.7402385690914557
G33T:D95Q:V106M,1.1480494294885608,G33T:D95Q:V106M,9,0.8630442271250177,0.9761122126202507,0.2900042476501721,0.7598214966047572
G33T:D95Q:V106M:V108Q,1.064820998480222,G33T:D95Q:V106M:V108Q,9,0.8081281458813973,0.9703989596234878,0.11277644269298184,0.7437040454547431
G33T:I91C:D95Q:V108Q,0.8530144789314018,G33T:I91C:D95Q:V108Q,9,0.7462597180660325,0.865908089234591,-0.22880157335798193,0.7438609970673475
G33T:I91C:R97D:V108Q,0.9440827490201616,G33T:I91C:R97D:V108Q,8,0.8216785209037513,0.9885126331226857,0.1806823533626561,0.7931388008309589
G33T:I91C:T112E,1.012303018587582,G33T:I91C:T112E,9,0.8783313627161311,0.9887857078941892,0.3553800820257056,0.7989200970084321
G33T:I91C:V106M,1.1685325335710774,G33T:I91C:V106M,8,0.9015529481366166,1.049336715762978,0.5144604127690091,0.783442036285389
G33T:I91C:V106M:V108Q:T112E,0.9493854238874035,G33T:I91C:V106M:V108Q:T112E,7,0.8633188471179887,1.2119794107573278,0.6322179431951914,0.7786832180207975
G33T:I91C:V108Q:T112E,0.9890569880619408,G33T:I91C:V108Q:T112E,7,0.8234152814725106,1.0242549439713016,0.23775537618580583,0.7981958711670242
G33T:Q46C:D60Q:D95Q:T112E,0.5897076831245363,G33T:Q46C:D60Q:D95Q:T112E,7,0.727157994088641,0.6781497672885258,-0.5593125856252147,0.7776819271229365
G33T:Q46C:D60Q:I91C,0.720129656788255,G33T:Q46C:D60Q:I91C,7,0.7489847348752474,0.6773274262047146,-0.4933489166818211,0.7685766180233325
G33T:Q46C:D60Q:I91C:R97D,0.7053153208364613,G33T:Q46C:D60Q:I91C:R97D,9,0.7639299545314806,0.7746997430256087,-0.30644109548162024,0.7754780879292611
G33T:Q46C:D60Q:R97D,0.8142807381013765,G33T:Q46C:D60Q:R97D,7,0.7858948167013672,0.7659194025359776,-0.2515700228423737,0.8073020984670637
G33T:Q46C:D60Q:V106M:T112E,0.6585740161379925,G33T:Q46C:D60Q:V106M:T112E,8,0.8275351429156046,0.8445362438191159,-0.009674629793589407,0.7765025640440424
G33T:Q46C:D60Q:V108Q:T112E,0.6517815085918965,G33T:Q46C:D60Q:V108Q:T112E,8,0.7327154960265061,0.7336990109621206,-0.4618179534857644,0.7809859853317
G33T:Q46C:D95Q:R97D:V106M,0.6931524747907152,G33T:Q46C:D95Q:R97D:V106M,7,0.7059078030631156,0.7790987878735203,-0.47858982528826,0.7270133778220904
G33T:Q46C:D95Q:R97D:V108Q,0.5565137038700265,G33T:Q46C:D95Q:R97D:V108Q,7,0.611088156174017,0.5035454188765635,-1.1691255436449715,0.7282158387825551
G33T:Q46C:D95Q:V106M,0.7015647314762642,G33T:Q46C:D95Q:V106M,7,0.6909625834068823,0.6120698250306633,-0.7663111735576347,0.735328869303912
G33T:Q46C:I91C:D95Q:V108Q,0.431968192039371,G33T:Q46C:I91C:D95Q:V108Q,9,0.5741780743478972,0.41258551363662843,-1.4143315227485735,0.7012722897166295
G33T:Q46C:I91C:T112E,0.714929363861471,G33T:Q46C:I91C:T112E,7,0.7062497189979957,0.6350115023696584,-0.6860742783977447,0.7479401536676202
G33T:Q46C:R59N:D95Q:T112E,0.2530642408695714,G33T:Q46C:R59N:D95Q:T112E,8,0.543776597825687,0.240842745219789,-1.7564290394008966,0.7530462194043133
G33T:Q46C:R59N:I91C:T112E,0.2661829815363939,G33T:Q46C:R59N:I91C:T112E,9,0.5822853188372858,0.27232614425420226,-1.5923844526344526,0.7354452832956277
G33T:Q46C:R59N:I91C:V108Q,0.2015571799914066,G33T:Q46C:R59N:I91C:V108Q,8,0.5106872573686729,0.1571012824022388,-1.9794326343510318,0.7573485775127591
G33T:Q46C:R59N:R97D:T112E,0.3224927726600515,G33T:Q46C:R59N:R97D:T112E,9,0.6191954006634057,0.40480893591999184,-1.2870827199488701,0.7688842626348493
G33T:Q46C:R59N:V106M:T112E,0.2628171448038607,G33T:Q46C:R59N:V106M:T112E,9,0.6441537466526506,0.38642561820044324,-1.2368999786911599,0.7745487363047642
G33T:Q46C:R97D:T112E,0.8032842243139761,G33T:Q46C:R97D:T112E,7,0.7431598008241156,0.7319947417767454,-0.43215077416501996,0.7808601665980329
G33T:Q46C:T112E,0.713924688111798,G33T:Q46C:T112E,7,0.7282145811678823,0.6703326475177867,-0.5673754654057517,0.7715160248822643
G33T:Q46C:V106M:T112E,0.7525350222054548,G33T:Q46C:V106M:T112E,9,0.7681181468133604,0.7163311170962366,-0.37803184212768737,0.7761156633587944
G33T:Q46I:D60Q,1.010735054146082,G33T:Q46I:D60Q,9,0.7686434236958426,0.75007641497273,-0.32757642509012386,0.8013960689587315
G33T:Q46I:D60Q:D95Q:T112E,0.6292572896432058,G33T:Q46I:D60Q:D95Q:T112E,9,0.7248518207393496,0.6739981799175719,-0.5724164971207084,0.8014871500624446
G33T:Q46I:D60Q:I91C,0.8138331730902003,G33T:Q46I:D60Q:I91C,9,0.7466785615259559,0.7163152251444816,-0.44401752676742345,0.8174970172799033
G33T:Q46I:D60Q:I91C:V108Q,0.6499894039957778,G33T:Q46I:D60Q:I91C:V108Q,9,0.6917624802823354,0.6430909232325777,-0.7189535526333395,0.8117732584433068
G33T:Q46I:D60Q:R97D,0.8501936785620114,G33T:Q46I:D60Q:R97D,9,0.7835886433520758,0.7599807810444088,-0.26726029505117743,0.8214194454117211
G33T:Q46I:D60Q:R97D:V108Q,0.365891453214006,G33T:Q46I:D60Q:R97D:V108Q,9,0.7286725621084553,0.6429899176967417,-0.6055393280529487,0.8051258338619353
G33T:Q46I:D60Q:V106M,0.8701125672691804,G33T:Q46I:D60Q:V106M,7,0.8085469893413206,0.8098675499493838,-0.11827078345648985,0.7810320186180315
G33T:Q46I:D60Q:V108Q,0.8905071035931943,G33T:Q46I:D60Q:V108Q,9,0.7137273424522221,0.6599121290336855,-0.6270295593125496,0.7929932192998049
G33T:Q46I:D95Q,0.576730042062237,G33T:Q46I:D95Q,7,0.6487528444121129,0.5461141132492213,-0.991634110783864,0.7792764686809126
G33T:Q46I:D95Q:T112E,0.6534949491700534,G33T:Q46I:D95Q:T112E,8,0.6654348246371053,0.5866776831949737,-0.8816016994796655,0.7977638317863714
G33T:Q46I:D95Q:V106M:V108Q,0.4729976835130115,G33T:Q46I:D95Q:V106M:V108Q,7,0.6337403288139705,0.4960323099745272,-1.1103057840051376,0.7444911145635524
G33T:Q46I:D95Q:V108Q,0.3860828825209801,G33T:Q46I:D95Q:V108Q,9,0.5938367631684924,0.40946838914778194,-1.35835947230993,0.7581017064561253
G33T:Q46I:I91C:D95Q:V108Q,0.3194220646277163,G33T:Q46I:I91C:D95Q:V108Q,7,0.5718719009986057,0.37731165441921266,-1.472478458484112,0.7657605729974982
G33T:Q46I:I91C:V108Q:T112E,0.6774372015935218,G33T:Q46I:I91C:V108Q:T112E,9,0.6490274644050839,0.6127441653175173,-0.8943560327380742,0.8351931448614768
G33T:Q46I:R59N:D60Q,0.6104125106476419,G33T:Q46I:R59N:D60Q,9,0.6446790235351327,0.5246305559966911,-1.0352609296801902,0.8419775569457975
G33T:Q46I:R59N:D60Q:I91C,0.4150622861664269,G33T:Q46I:R59N:D60Q:I91C,9,0.6227141613652462,0.44600139919524784,-1.2166390942411196,0.8429130176956016
G33T:Q46I:R59N:D60Q:R97D,0.4411407187106755,G33T:Q46I:R59N:D60Q:R97D,7,0.659624243191366,0.5251665073538777,-0.9885036340720156,0.8473544122362283
G33T:Q46I:R59N:D95Q:R97D,0.3316143198887739,G33T:Q46I:R59N:D95Q:R97D,7,0.5397336639076362,0.29457295698577635,-1.6911045207299686,0.8091244765421648
G33T:Q46I:R59N:D95Q:V106M,0.3566837265980964,G33T:Q46I:R59N:D95Q:V106M,9,0.5646920098968811,0.3134018569626173,-1.5870648235278668,0.7987121249452508
G33T:Q46I:R59N:I91C:R97D,0.2526228687888119,G33T:Q46I:R59N:I91C:R97D,8,0.5782423849192352,0.34756023749293774,-1.4959375319997308,0.8153689402321133
G33T:Q46I:R59N:I91C:T112E,0.3719181559826044,G33T:Q46I:R59N:I91C:T112E,7,0.5799791454879945,0.3947969160707432,-1.4222287993285316,0.8302773977290772
G33T:Q46I:R59N:R97D:V106M,0.4183042194541579,G33T:Q46I:R59N:R97D:V106M,8,0.6401108127345998,0.49441595313772024,-1.0930452018395447,0.8092084687455716
G33T:Q46I:R59N:V106M,0.3664794706868665,G33T:Q46I:R59N:V106M,8,0.6251655930783666,0.45778265256227313,-1.1920459128339993,0.8303334594994582
G33T:Q46I:R97D:V108Q:T112E,0.4947061221803669,G33T:Q46I:R97D:V108Q:T112E,9,0.6859375462312037,0.6210344228575053,-0.7687971977644067,0.8227402527667866
G33T:Q46I:V106M:V108Q:T112E,0.5552425636676083,G33T:Q46I:V106M:V108Q:T112E,7,0.7108958922204486,0.7011565981169184,-0.5760482155228045,0.8183482478448046
G33T:Q46I:V108Q:T112E,0.6908285012497364,G33T:Q46I:V108Q:T112E,7,0.6709923265749704,0.6333381056164693,-0.7969717898482298,0.8233493399916609
G33T:Q46R:D60Q:D95Q:R97D,1.0426110970074771,G33T:Q46R:D60Q:D95Q:R97D,9,0.8857416899684568,0.9280797798932575,0.29032004546644496,0.7896354576443442
G33T:Q46R:D60Q:D95Q:V108Q,0.567056013246994,G33T:Q46R:D60Q:D95Q:V108Q,9,0.8158803890686032,0.7311350803632073,-0.2096571759202935,0.7520232779097215
G33T:Q46R:D60Q:I91C,1.140015720366923,G33T:Q46R:D60Q:I91C,8,0.9093051913238225,0.9104281333548553,0.33727024203219297,0.8102090365663976
G33T:Q46R:D60Q:I91C:D95Q,0.5880869042630003,G33T:Q46R:D60Q:I91C:D95Q,7,0.8488316081423369,0.789758203036101,-0.023432116037593126,0.7816442153962004
G33T:Q46R:D60Q:I91C:T112E,0.9565046776161212,G33T:Q46R:D60Q:I91C:T112E,7,0.925987171548815,0.9912492148932719,0.5055670396722621,0.8000425655599624
G33T:Q46R:D60Q:R97D:V108Q,0.8014553165614701,G33T:Q46R:D60Q:R97D:V108Q,8,0.8912991919063219,0.900133710945238,0.26697255499674494,0.7939488037288601
G33T:Q46R:D60Q:V106M:T112E,1.0112605517625726,G33T:Q46R:D60Q:V106M:T112E,7,0.9878555993641798,1.1106882606897734,0.8687794348119658,0.7639377309677617
G33T:Q46R:D95Q:R97D:T112E,0.8525344730772189,G33T:Q46R:D95Q:R97D:T112E,9,0.8430066740912052,0.9066309907126091,0.12779552695039287,0.7587650847451952
G33T:Q46R:D95Q:T112E,0.9431154213842776,G33T:Q46R:D95Q:T112E,7,0.8280614544349719,0.7743777034780832,-0.10959525396459217,0.7682328068884073
G33T:Q46R:I91C:R97D,0.8843261371194987,G33T:Q46R:I91C:R97D,7,0.8648334148778115,0.8688632110392445,0.1402883472951318,0.7949951773625653
G33T:Q46R:I91C:V106M,1.0413792392379886,G33T:Q46R:I91C:V106M,7,0.8897917608670564,0.9280910418734293,0.302797105845211,0.7879164851067793
G33T:Q46R:I91C:V106M:V108Q,0.8697981709265515,G33T:Q46R:I91C:V106M:V108Q,7,0.8348756796234359,0.8841737352131209,0.07027686839065929,0.7869287224567193
G33T:Q46R:R59N:D60Q:I91C,0.5163578142789762,G33T:Q46R:R59N:D60Q:I91C,8,0.7853407911631126,0.5902683658749482,-0.5074929725458805,0.8451802577997283
G33T:Q46R:R59N:D60Q:T112E,0.8257271321868788,G33T:Q46R:R59N:D60Q:T112E,9,0.8239876335579918,0.7279757921162002,-0.18928621476247381,0.824676019408376
G33T:Q46R:R59N:D95Q,0.4228030527685161,G33T:Q46R:R59N:D95Q,8,0.6874150740492695,0.3913042539382803,-1.0967380248975727,0.8225127708814468
G33T:Q46R:R59N:I91C:R97D,0.3725629386981732,G33T:Q46R:R59N:I91C:R97D,7,0.7408690147171016,0.5076560168833053,-0.7638824916325166,0.8047627836285012
G33T:Q46R:R59N:R97D:T112E,0.5757465166126666,G33T:Q46R:R59N:R97D:T112E,8,0.7795158571119808,0.6352600870395495,-0.4602982432625587,0.8048343507122021
G33T:Q46R:R59N:V106M,0.5682710018880778,G33T:Q46R:R59N:V106M,7,0.7877922228762331,0.5941005636187909,-0.4944043980931265,0.8324190877725304
G33T:Q46R:R97D:V106M:V108Q,0.9091613019138304,G33T:Q46R:R97D:V106M:V108Q,9,0.8717857614495558,0.9153196756756931,0.22891455715056663,0.7661910242025766
G33T:Q46R:R97D:V108Q,0.8666845706043085,G33T:Q46R:R97D:V108Q,7,0.8318821958040776,0.7547559845008196,-0.12623842859601556,0.7991731075298016
G33T:Q46R:T112E,0.9665172172101106,G33T:Q46R:T112E,8,0.8885350376164574,0.8803397209727375,0.22982045520228875,0.8115050693100265
G33T:Q46R:V106M,0.9678653559405714,G33T:Q46R:V106M,7,0.9117566230369429,0.913159483840575,0.34876556873051434,0.7970770170260734
G33T:Q46R:V106M:V108Q:T112E,0.9228104259502128,G33T:Q46R:V106M:V108Q:T112E,8,0.873522522018315,0.9332737088085411,0.26024274269792896,0.7804969263035666
G33T:Q46R:V108Q:T112E,0.8505152392602531,G33T:Q46R:V108Q:T112E,8,0.833618956372837,0.8284138913189045,-0.01429045587351667,0.7985910264453869
G33T:Q46V:D60Q:D95Q:R97D,0.8032802261902522,G33T:Q46V:D60Q:D95Q:R97D,7,0.7451739052852265,0.7340061067339884,-0.42304299178225213,0.6715315228441903
G33T:Q46V:D60Q:I91C:D95Q,0.4161226459648399,G33T:Q46V:D60Q:I91C:D95Q,7,0.7082638234591067,0.6003219949859292,-0.7300833857664915,0.6425036552786594
G33T:Q46V:D60Q:I91C:V108Q,0.6894583342585792,G33T:Q46V:D60Q:I91C:V108Q,8,0.7138213253969717,0.6718828886386394,-0.6094152159852384,0.6982206095129013
G33T:Q46V:D60Q:R97D:T112E,0.870979699240048,G33T:Q46V:D60Q:R97D:T112E,7,0.8223294686917046,0.890158102791326,0.04033735570670503,0.703021499313401
G33T:Q46V:D60Q:V106M:T112E,0.7493449444250659,G33T:Q46V:D60Q:V106M:T112E,7,0.8472878146809494,0.892657190445165,0.12074304135820133,0.6587454658468712
G33T:Q46V:D95Q:R97D:T112E,0.7015423384571607,G33T:Q46V:D95Q:R97D:T112E,9,0.7024388894079748,0.7246605049098331,-0.5680506604947355,0.6523852619395764
G33T:Q46V:D95Q:R97D:V108Q,0.4501817797408596,G33T:Q46V:D95Q:R97D:V108Q,8,0.6308408279393618,0.49484020310070553,-1.1209519394804945,0.6507388933687976
G33T:Q46V:D95Q:V106M:T112E,0.6510308756028781,G33T:Q46V:D95Q:V106M:T112E,9,0.7273972353972197,0.6988214166745779,-0.5286585984562021,0.627675326760669
G33T:Q46V:I91C:D95Q:V108Q,0.4035617274481161,G33T:Q46V:I91C:D95Q:V108Q,8,0.593930746113242,0.42657868744174066,-1.3333067142391977,0.6374767941635894
G33T:Q46V:I91C:R97D:V108Q,0.5415506820403032,G33T:Q46V:I91C:R97D:V108Q,9,0.6693495489509608,0.5776058070217619,-0.8826870127212746,0.6946793146588617
G33T:Q46V:I91C:V106M:T112E,0.6476316011979705,G33T:Q46V:I91C:V106M:T112E,8,0.7659059564088186,0.7853706206696052,-0.2849176964633207,0.6651764627170197
G33T:Q46V:I91C:V106M:V108Q,0.6520232718479891,G33T:Q46V:I91C:V106M:V108Q,9,0.6943078949402056,0.671610607032664,-0.6698458146452476,0.6902386502462969
G33T:Q46V:R59N,0.3722860400506134,G33T:Q46V:R59N,7,0.6073208725475248,0.36136403567040243,-1.386494279857671,0.9275484380657933
G33T:Q46V:R59N:D60Q:V106M,0.42306823848142,G33T:Q46V:R59N:D60Q:V106M,8,0.7066414342952471,0.4936643941913683,-0.8894396774121861,0.7890787046152207
G33T:Q46V:R59N:D95Q:T112E,0.2751508187382558,G33T:Q46V:R59N:D95Q:T112E,7,0.5635292695910318,0.2544283743946011,-1.675994067094741,0.7583131168448701
G33T:Q46V:R59N:D95Q:V108Q,0.2268984903004056,G33T:Q46V:R59N:D95Q:V108Q,8,0.4919312081224188,0.08510261112520334,-2.1413420665744884,0.7789694273237218
G33T:Q46V:R59N:I91C:R97D,0.2703393759045461,G33T:Q46V:R59N:I91C:R97D,7,0.6003012300338714,0.29093927078760645,-1.5100166738726948,0.7684670438656264
G33T:Q46V:R59N:I91C:T112E,0.2955719918103547,G33T:Q46V:R59N:I91C:T112E,8,0.6020379906026307,0.3109398488497954,-1.4757265396181358,0.7711679038547584
G33T:Q46V:R59N:R97D,0.3773384685642171,G33T:Q46V:R59N:R97D,9,0.622266092203758,0.3458558298368791,-1.3629575693281655,0.8657834684364769
G33T:Q46V:R59N:R97D:V106M,0.3681540947332297,G33T:Q46V:R59N:R97D:V106M,9,0.6621696578492361,0.43686038907657476,-1.1084769792643183,0.7784117292293485
G33T:Q46V:R59N:R97D:V108Q,0.2399211013915739,G33T:Q46V:R59N:R97D:V108Q,7,0.5673500109601375,0.21828128589669482,-1.7165542817021076,0.8220464646751489
G33T:Q46V:R59N:V108Q,0.3090427538201092,G33T:Q46V:R59N:V108Q,7,0.5524047913039043,0.26061606913884067,-1.7012650934522675,0.8917021961953245
G33T:Q46V:R97D,0.8673560953815251,G33T:Q46V:R97D,9,0.7462304923644678,0.697143658996015,-0.4731429509296958,0.8105724419844574
G33T:Q46V:T112E,0.8275417069625333,G33T:Q46V:T112E,8,0.7479672529332271,0.7175499021495111,-0.43826570071421916,0.8131763740407308
G33T:Q46V:V106M,0.8636999294414294,G33T:Q46V:V106M,9,0.7711888383537127,0.7271896813633696,-0.35286879892197914,0.7926247792153419
G33T:R59N:D60Q:I91C:R97D,1.1273984474346572,G33T:R59N:D60Q:I91C:R97D,9,0.8120471980889061,1.0556811124280783,0.24826230410620032,0.8342961407769892
G33T:R59N:D60Q:I91C:V106M,1.0162601278446746,G33T:R59N:D60Q:I91C:V106M,9,0.837005544078151,1.0858628176734335,0.3687328288977836,0.8086637337477987
G33T:R59N:D60Q:R97D,1.1945651240029476,G33T:R59N:D60Q:R97D,7,0.8340120602587927,1.0129947096902396,0.25406139410661893,0.8750803728863381
G33T:R59N:D60Q:R97D:V106M,1.0822765452224468,G33T:R59N:D60Q:R97D:V106M,9,0.8739156259042709,1.2066411958912147,0.6570948541849141,0.826987882133416
G33T:R59N:D60Q:V106M,0.9917938316248008,G33T:R59N:D60Q:V106M,9,0.8589704062480376,1.0303562150228818,0.35597734234674144,0.8433523408187059
G33T:R59N:D95Q,0.917615808675616,G33T:R59N:D95Q,7,0.6991762613188298,0.7086457012462403,-0.6012668160625301,0.8393546239425287
G33T:R59N:D95Q:R97D:V106M,0.9438082248095392,G33T:R59N:D95Q:R97D:V106M,9,0.7540250466205412,1.0326504795154974,0.03641481302796254,0.7878653539762986
G33T:R59N:D95Q:V108Q,0.9612260495795666,G33T:R59N:D95Q:V108Q,9,0.6442601800752094,0.6774751479123969,-0.8153387756439772,0.8164008387523796
G33T:R59N:I91C,1.0420564623226054,G33T:R59N:I91C,8,0.7376849823304287,0.7518324748491346,-0.4202840254599691,0.838328814676698
G33T:R59N:I91C:D95Q:T112E,0.7627675125407173,G33T:R59N:I91C:D95Q:T112E,8,0.6938933793739357,0.8140470211423124,-0.46497402061869464,0.7683091296925458
G33T:R59N:I91C:D95Q:V106M,0.8188150488156043,G33T:R59N:I91C:D95Q:V106M,7,0.7171149647944213,0.8657376109532808,-0.318717304659178,0.7707532842552973
G33T:R59N:I91C:R97D:T112E,0.8990513081251692,G33T:R59N:I91C:R97D:T112E,9,0.7693121822116545,0.9861515501844638,0.016150853208106872,0.785695681775227
G33T:R59N:I91C:V106M,0.9275604495538166,G33T:R59N:I91C:V106M,8,0.7775885479759068,0.8796742714997496,-0.11248918552959292,0.818238106382261
G33T:R59N:I91C:V106M:T112E,0.8287361864744772,G33T:R59N:I91C:V106M:T112E,7,0.7942705282008993,0.9954300840534224,0.10636837912975444,0.7886473232996346
G33T:R59N:I91C:V108Q,0.8716959988700528,G33T:R59N:I91C:V108Q,8,0.6827689010868082,0.7529129495555509,-0.5876793206593811,0.8400154441874043
G33T:R59N:R97D:V106M,1.0795295513658711,G33T:R59N:R97D:V106M,8,0.8144986298020266,0.9787966150641998,0.14453022766785706,0.8313663391207451
G33T:R59N:R97D:V106M:T112E,1.0399343144046578,G33T:R59N:R97D:V106M:T112E,7,0.8311806100270192,1.1245997253470277,0.406875014810162,0.8011660041719333
G33T:R59N:R97D:V108Q:T112E,0.9485242869219128,G33T:R59N:R97D:V108Q:T112E,9,0.7363609631379207,0.9377952565709503,-0.1552151040849277,0.8148063469907794
G33T:R59N:T112E,1.0516998707691676,G33T:R59N:T112E,7,0.7763318247253078,0.8455208082430609,-0.16578576157856717,0.8444542249127066
G33T:R59N:V106M:T112E,0.8951869238107522,G33T:R59N:V106M:T112E,7,0.816235390370786,0.9436962159007152,0.09907314214776786,0.830272164644228
G33T:R59N:V108Q:T112E,0.9861130606864468,G33T:R59N:V108Q:T112E,7,0.7214157434816874,0.8629047602781643,-0.3095851596617295,0.8337351856360835
G33T:R97D:T112E,1.1339733428451606,G33T:R97D:T112E,9,0.915241444542251,1.0564183122368158,0.5668246382821605,0.8198991466313685
G33T:V108Q:T112E,1.1175113760118274,G33T:V108Q:T112E,9,0.8453801436423972,0.9638620758708868,0.2179280352988312,0.8128873855595165
I91C:D95Q:R97D:V108Q:T112E,0.942219494543014,I91C:D95Q:R97D:V108Q:T112E,9,0.7168874907704758,0.936721515972782,-0.216682710024498,0.7151196702006396
I91C:D95Q:V108Q:T112E,0.7381911140715354,I91C:D95Q:V108Q:T112E,9,0.7019422711142425,0.7866784595370158,-0.4798204868307022,0.7512832874013413
L3N:A28H:D60Q:D95Q:R97D,0.8322742377084393,L3N:A28H:D60Q:D95Q:R97D,7,0.8328079269503998,1.1061000886975105,0.3851073621902531,0.6705691608747857
L3N:A28H:D60Q:I91C:R97D,0.9019232821653056,L3N:A28H:D60Q:I91C:R97D,8,0.8713166479619987,1.162855334731646,0.5857276983947506,0.6636580436313363
L3N:A28H:D60Q:I91C:T112E,0.8875253640038178,L3N:A28H:D60Q:I91C:T112E,9,0.873053408530758,1.1426781774896786,0.5618689059211042,0.6569655317838481
L3N:A28H:D60Q:I91C:V108Q,0.8761505820983956,L3N:A28H:D60Q:I91C:V108Q,8,0.801455347062145,1.0591057937263049,0.2206311118534555,0.667787629371759
L3N:A28H:D60Q:R97D:T112E,0.8667017428765247,L3N:A28H:D60Q:R97D:T112E,7,0.9099634903568778,1.2239870951696399,0.7931070850919492,0.6690967971738075
L3N:A28H:D60Q:T112E,1.0086795931270118,L3N:A28H:D60Q:T112E,9,0.8950182707006447,1.0815885023903418,0.5410330816336275,0.6745180526958694
L3N:A28H:D95Q:R97D:T112E,0.8297586582256592,L3N:A28H:D95Q:R97D:T112E,9,0.7900729110731481,1.0570374485494543,0.1826175299393254,0.6526698903906987
L3N:A28H:G33T:D60Q,1.0441812852619263,L3N:A28H:G33T:D60Q,9,0.9393357176524347,1.171991233047499,0.8082227380341696,0.6270680638103073
L3N:A28H:G33T:D60Q:R97D,0.9828438603807116,L3N:A28H:G33T:D60Q:R97D,7,0.9542809373086679,1.3151148643772184,1.0613460841999485,0.6387521849296168
L3N:A28H:G33T:D60Q:V106M,1.0371075211153078,L3N:A28H:G33T:D60Q:V106M,7,0.9792392832979128,1.3668749692993374,1.2130468605778193,0.5764367469048782
L3N:A28H:G33T:D95Q:V106M,0.9413587316255156,L3N:A28H:G33T:D95Q:V106M,7,0.8593487040141831,1.1544667980062069,0.5367655329330827,0.5618671431506649
L3N:A28H:G33T:D95Q:V108Q,0.8444755180859019,L3N:A28H:G33T:D95Q:V108Q,9,0.7645290571250846,0.9651729137839667,-0.02892749775579362,0.5885556171910706
L3N:A28H:G33T:I91C:T112E,0.8206615822289598,L3N:A28H:G33T:I91C:T112E,9,0.8746358396052965,1.176062998201623,0.6150551293902419,0.6312877533962679
L3N:A28H:G33T:Q46C:D60Q,0.7792618670389214,L3N:A28H:G33T:Q46C:D60Q,7,0.7672540739342993,0.7977762643919891,-0.2628153813685717,0.5337642436968375
L3N:A28H:G33T:Q46C:I91C,0.6771040951731578,L3N:A28H:G33T:Q46C:I91C,8,0.6858722156621685,0.6658967292792,-0.704069328428941,0.5127133255178635
L3N:A28H:G33T:Q46C:R97D,0.72101466002523,L3N:A28H:G33T:Q46C:R97D,8,0.7227822974882884,0.7255281744284874,-0.5042047882224712,0.550353684884515
L3N:A28H:G33T:Q46I:T112E,0.6603796416305906,L3N:A28H:G33T:Q46I:T112E,7,0.7222128847077562,0.7455915712900218,-0.4769190878859759,0.6582937192993691
L3N:A28H:G33T:Q46I:V108Q,0.6896871728578962,L3N:A28H:G33T:Q46I:V108Q,8,0.6506148232391433,0.6062901568148729,-0.8988130786994298,0.6423844973757888
L3N:A28H:G33T:Q46R,0.8702159621535929,L3N:A28H:G33T:Q46R,7,0.8681575342806302,0.8340627409875931,0.10014913768267765,0.6811149314999563
L3N:A28H:G33T:Q46R:D60Q,0.8292324884413245,L3N:A28H:G33T:Q46R:D60Q,8,0.9275745303828744,0.9785175774239607,0.49202442967783827,0.6431720189543328
L3N:A28H:G33T:Q46V:I91C,0.639203462639424,L3N:A28H:G33T:Q46V:I91C,9,0.7056248874275133,0.6979838235755403,-0.596857328209893,0.703315033054299
L3N:A28H:G33T:Q46V:V108Q,0.6928409686465863,L3N:A28H:G33T:Q46V:V108Q,7,0.6726736683537795,0.6428732231308498,-0.7779987417364025,0.7494559635783338
L3N:A28H:G33T:R59N:D60Q,1.016417305730568,L3N:A28H:G33T:R59N:D60Q,9,0.8153713174917249,1.094004022210495,0.31395399869730084,0.6824583392328231
L3N:A28H:G33T:V106M,1.0079151256706178,L3N:A28H:G33T:V106M,8,0.9198222871956685,1.1404618962926372,0.702554044299049,0.6332803177543901
L3N:A28H:I91C:D95Q,0.9162084685561218,L3N:A28H:I91C:D95Q,8,0.7364808490220357,0.8275607941438589,-0.3143877420045775,0.6661931610969701
L3N:A28H:I91C:R97D,1.0153618837258602,L3N:A28H:I91C:R97D,9,0.8118996518597544,0.965579609561577,0.11740514113083407,0.6822499223547631
L3N:A28H:I91C:R97D:T112E,0.894462091791525,L3N:A28H:I91C:R97D:T112E,8,0.828581632084747,1.0892145243157942,0.3476660696949688,0.6614133060477796
L3N:A28H:I91C:V106M,1.0350036689406363,L3N:A28H:I91C:V106M,7,0.8368579978489993,1.035037062013972,0.2947191522276648,0.6675329168217298
L3N:A28H:Q46C:D60Q,0.6884156780397813,L3N:A28H:Q46C:D60Q,8,0.7062546467575167,0.6623706935673352,-0.6464623706597764,0.6499802282321343
L3N:A28H:Q46C:D60Q:D95Q,0.4707253360834954,L3N:A28H:Q46C:D60Q:D95Q,9,0.6457810635760313,0.5399692244443087,-1.009670771499132,0.6463375813351969
L3N:A28H:Q46C:D60Q:I91C,0.6116125927273836,L3N:A28H:Q46C:D60Q:I91C,8,0.6842897845876301,0.6270260220698016,-0.7651952331559887,0.6299208289146432
L3N:A28H:Q46C:D60Q:V106M,0.7709049434832916,L3N:A28H:Q46C:D60Q:V106M,8,0.7461582124029948,0.7461119962803966,-0.40249383580208026,0.6151422264652316
L3N:A28H:Q46C:D95Q:T112E,0.6392355563552772,L3N:A28H:Q46C:D95Q:T112E,9,0.6030460476987796,0.49933556470191853,-1.1999614053559218,0.6198096324601307
L3N:A28H:Q46C:I91C:R97D,0.5993999309965818,L3N:A28H:Q46C:I91C:R97D,7,0.6398180081416192,0.5791332590963615,-0.9713353629198461,0.6077329768240631
L3N:A28H:Q46C:R59N:I91C,0.2837746706571413,L3N:A28H:Q46C:R59N:I91C,7,0.5009083883246761,0.15282841500500283,-2.0157031463471227,0.5934186288620179
L3N:A28H:Q46C:R59N:R97D,0.2645328477751825,L3N:A28H:Q46C:R59N:R97D,9,0.537818470150796,0.2472841876256412,-1.765437625319787,0.6134234601873145
L3N:A28H:Q46C:R97D,0.668152639586061,L3N:A28H:Q46C:R97D,7,0.6617828703115057,0.5955822313272926,-0.8799501003770391,0.6462145964177333
L3N:A28H:Q46C:R97D:V106M,0.7147081539074438,L3N:A28H:Q46C:R97D:V106M,9,0.7016864359569839,0.718742764927174,-0.5789304163899199,0.6123309582320194
L3N:A28H:Q46C:V106M,0.6922930136474377,L3N:A28H:Q46C:V106M,7,0.6867412163007506,0.6373778321911804,-0.7426708739441462,0.634210423030207
L3N:A28H:Q46C:V106M:V108Q,0.5723374460557815,L3N:A28H:Q46C:V106M:V108Q,9,0.6318251350571301,0.5700784375265155,-1.0090318272037304,0.6307265914713968
L3N:A28H:Q46C:V108Q,0.7158760987619484,L3N:A28H:Q46C:V108Q,9,0.591921569411652,0.5017923393493262,-1.2306321636221065,0.6470215345120107
L3N:A28H:Q46I:D60Q:V106M,0.4850965097187517,L3N:A28H:Q46I:D60Q:V106M,8,0.7438520390537033,0.7019093174498461,-0.47356338336536463,0.6225995781979368
L3N:A28H:Q46I:D60Q:V108Q,0.5106987055158282,L3N:A28H:Q46I:D60Q:V108Q,8,0.6490323921646048,0.5283697251366415,-1.0164553487642694,0.6461750276276758
L3N:A28H:Q46I:I91C:V108Q,0.4314109743758527,L3N:A28H:Q46I:I91C:V108Q,7,0.567650533892474,0.3925997893384142,-1.4633398427603563,0.6978956345911732
L3N:A28H:Q46I:R59N,0.3805560541334918,L3N:A28H:Q46I:R59N,9,0.5205670771452713,0.29276821418588717,-1.7526859125635363,0.680141270261476
L3N:A28H:Q46I:R59N:D60Q,0.4765356037448638,L3N:A28H:Q46I:R59N:D60Q,8,0.5799840732475154,0.3869962492747082,-1.4335034831511124,0.6602895985031136
L3N:A28H:Q46I:R59N:T112E,0.3941643191616268,L3N:A28H:Q46I:R59N:T112E,8,0.5372490573702637,0.3166685944729187,-1.6667700072591898,0.6643532611914519
L3N:A28H:Q46I:R97D:V106M,0.7089144198119127,L3N:A28H:Q46I:R97D:V106M,7,0.6993802626076924,0.6338188225911741,-0.7089355348591474,0.6480888592122025
L3N:A28H:Q46I:V106M,0.6843818794651256,L3N:A28H:Q46I:V106M,7,0.6844350429514592,0.5995930894644808,-0.8044517920358103,0.6720307910601739
L3N:A28H:Q46I:V106M:V108Q,0.5451593191447633,L3N:A28H:Q46I:V106M:V108Q,9,0.6295189617078387,0.5004444286370607,-1.1169079428077733,0.6603569194122882
L3N:A28H:Q46I:V108Q,0.4979691431108964,L3N:A28H:Q46I:V108Q,9,0.5896153960623607,0.4346503078600843,-1.334901659536006,0.6857732045035388
L3N:A28H:Q46R:D60Q:V108Q,0.621880587478146,L3N:A28H:Q46R:D60Q:V108Q,9,0.8116590219624713,0.7505665433065992,-0.19452195347230009,0.7063089823230243
L3N:A28H:Q46R:D95Q,0.6707997788381054,L3N:A28H:Q46R:D95Q,9,0.7466845239223621,0.568386181646807,-0.6580957472293013,0.7273807164136398
L3N:A28H:Q46R:D95Q:R97D,0.7253078908366282,L3N:A28H:Q46R:D95Q:R97D,7,0.7616297435785954,0.6411558716134638,-0.5067951183070687,0.7047574714743213
L3N:A28H:Q46R:D95Q:V106M,0.6970969531504662,L3N:A28H:Q46R:D95Q:V106M,7,0.7865880895678402,0.6891376174767224,-0.360562731882073,0.6775612116220138
L3N:A28H:Q46R:I91C,0.7682582081386203,L3N:A28H:Q46R:I91C,8,0.7851932449339609,0.6741152123034082,-0.3865960298935315,0.7575606342511578
L3N:A28H:Q46R:I91C:T112E,0.6593583965786146,L3N:A28H:Q46R:I91C:T112E,9,0.8018752251589535,0.7125694250330326,-0.27961647503521486,0.7377021143756756
L3N:A28H:Q46R:R59N:D60Q,0.5261401131150324,L3N:A28H:Q46R:R59N:D60Q,7,0.742610703045382,0.5231817368353334,-0.7360536239154948,0.7339528005694729
L3N:A28H:Q46R:R97D,0.6837142440855689,L3N:A28H:Q46R:R97D,8,0.8221033267600808,0.7150105081934712,-0.21384817414415347,0.7423284239895408
L3N:A28H:Q46R:V108Q:T112E,0.6708435601792344,L3N:A28H:Q46R:V108Q:T112E,7,0.7689240060852197,0.6828709508094432,-0.42397911408744854,0.7199969601139383
L3N:A28H:Q46V:D60Q:T112E,0.7577194859634186,L3N:A28H:Q46V:D60Q:T112E,8,0.742689298747854,0.716919572456116,-0.45541653360049533,0.6302611192631818
L3N:A28H:Q46V:D60Q:V106M,0.6758035231002152,L3N:A28H:Q46V:D60Q:V106M,9,0.7659108841683396,0.7523210718269885,-0.33273489272422424,0.5897068818497844
L3N:A28H:Q46V:D95Q,0.5529892152408855,L3N:A28H:Q46V:D95Q,9,0.6061167392391318,0.4485831816906126,-1.2639674114216057,0.6881436438513564
L3N:A28H:Q46V:D95Q:R97D,0.6274111877216041,L3N:A28H:Q46V:D95Q:R97D,7,0.6210619588953651,0.504555456351953,-1.136977552243307,0.6196622441876779
L3N:A28H:Q46V:D95Q:V106M,0.5924255645585687,L3N:A28H:Q46V:D95Q:V106M,7,0.6460203048846098,0.5361755936610941,-1.0144251958092139,0.5876926388604825
L3N:A28H:Q46V:I91C,0.5884432851703539,L3N:A28H:Q46V:I91C,8,0.6446254602507306,0.5445355138252277,-1.0066174345252854,0.7136217544590904
L3N:A28H:Q46V:I91C:V106M,0.6879093774459157,L3N:A28H:Q46V:I91C:V106M,8,0.6845290258962088,0.6430488864623739,-0.7412693966882196,0.6158716011879749
L3N:A28H:Q46V:R59N,0.3822164328853129,L3N:A28H:Q46V:R59N,8,0.5426259222599075,0.24857181955757623,-1.7487830670032458,0.8070148163534117
L3N:A28H:Q46V:R59N:D95Q,0.1721037620846531,L3N:A28H:Q46V:R59N:D95Q,9,0.482152339078422,0.07269468525969203,-2.189386386009459,0.7179303896218429
L3N:A28H:Q46V:R97D,0.5952838989282436,L3N:A28H:Q46V:R97D,8,0.6815355420768505,0.5807933446061933,-0.8405813462957064,0.7194261695148606
L3N:A28H:Q46V:R97D:T112E,0.6532929615480313,L3N:A28H:Q46V:R97D:T112E,7,0.6982175223018431,0.6393158148595176,-0.7045571569532836,0.6544501401153812
L3N:A28H:Q46V:T112E,0.7193217205189197,L3N:A28H:Q46V:T112E,9,0.6832723026456098,0.6095239730371714,-0.7936562774091862,0.7233399902993193
L3N:A28H:Q46V:V106M:T112E,0.633054197254419,L3N:A28H:Q46V:V106M:T112E,7,0.7231758682910879,0.6783709566813568,-0.5712441757761617,0.6314984850541621
L3N:A28H:Q46V:V106M:V108Q,0.5343561675995189,L3N:A28H:Q46V:V106M:V108Q,8,0.6515778068224749,0.5666568922171954,-0.9532112074847727,0.6543557229663421
L3N:A28H:R59N:D95Q,0.709625181711633,L3N:A28H:R59N:D95Q,8,0.6344813110312125,0.652791513824673,-0.8811496330021646,0.7052967670943221
L3N:A28H:R59N:I91C:V106M,0.7254420090334921,L3N:A28H:R59N:I91C:V106M,7,0.7128935976882895,0.8571567338644932,-0.34412412609906545,0.6554781754191736
L3N:A28H:R59N:R97D,0.8425808244294917,L3N:A28H:R59N:R97D,9,0.7099001138689313,0.7729618844338615,-0.47518866651229474,0.7072280452082702
L3N:A28H:R59N:R97D:T112E,0.8337027833915889,L3N:A28H:R59N:R97D:T112E,8,0.7265820940939238,0.8918308357712581,-0.2518254800786215,0.6640542372634453
L3N:A28H:R59N:V106M:T112E,0.7383342580483464,L3N:A28H:R59N:V106M:T112E,8,0.7515404400831687,0.9215233422269445,-0.13206296892595118,0.6547784225292155
L3N:A28H:R59N:V108Q,0.8368356200750068,L3N:A28H:R59N:V108Q,9,0.6400388129690775,0.712742917618286,-0.777283788440538,0.718448138718324
L3N:A28H:R97D,0.885102097309463,L3N:A28H:R97D,7,0.8338645140296411,0.9032545525711058,0.0947813581511836,0.714526275948612
L3N:A28H:R97D:T112E,0.8668040737242639,L3N:A28H:R97D:T112E,8,0.8505464942546337,1.009229149949855,0.299482645454087,0.6973880472359801
L3N:A28H:R97D:V106M:T112E,0.9800754018948036,L3N:A28H:R97D:V106M:T112E,8,0.8904500599001117,1.2201372914421398,0.7274987662309822,0.6457801540262178
L3N:A28H:R97D:V108Q,0.7791742112712278,L3N:A28H:R97D:V108Q,9,0.7789484327860207,0.8595877847953155,-0.13737627630625743,0.7009777306301405
L3N:A28K:D60Q,1.0380039812545951,L3N:A28K:D60Q,7,0.835032528620853,0.925773895555527,0.13096703365896425,0.6887913673921091
L3N:A28K:D60Q:D95Q:R97D,0.858166884709978,L3N:A28K:D60Q:D95Q:R97D,8,0.7895041650956007,1.0531969502241474,0.17530935849378132,0.6608467802009053
L3N:A28K:D60Q:D95Q:T112E,0.8028192703367898,L3N:A28K:D60Q:D95Q:T112E,9,0.79124092566436,1.0081818785740493,0.115502843878354,0.6595628094441347
L3N:A28K:D60Q:D95Q:V106M,0.8088362298471714,L3N:A28K:D60Q:D95Q:V106M,8,0.8144625110848456,1.0671229779732165,0.2722531664982417,0.6298682406585868
L3N:A28K:D60Q:I91C:V106M,0.9362069724210282,L3N:A28K:D60Q:I91C:V106M,9,0.8529712320964444,1.1577799659676837,0.5219392326222134,0.5854113764566933
L3N:A28K:D60Q:I91C:V108Q,0.8460382050002951,L3N:A28K:D60Q:I91C:V108Q,7,0.7581515852073459,0.9875984349316993,-0.01609263656470547,0.6194029872342957
L3N:A28K:D60Q:R97D:V106M,0.963881390303058,L3N:A28K:D60Q:R97D:V106M,7,0.8898813139225643,1.2292225195704014,0.7388978990863757,0.5835152488411973
L3N:A28K:D60Q:T112E,0.9326928518221048,L3N:A28K:D60Q:T112E,8,0.8517145088458455,1.0178789765990652,0.315595076837319,0.6594618849659157
L3N:A28K:D95Q,0.7705266001006714,L3N:A28K:D95Q,7,0.7151419493371233,0.7701763061040822,-0.46309277662321585,0.6946412607038609
L3N:A28K:D95Q:R97D:V106M,0.8120452826480571,L3N:A28K:D95Q:R97D:V106M,9,0.7699907346388346,1.1068846770638094,0.19297466428446733,0.5842647379070812
L3N:A28K:D95Q:V106M,0.9431682351407714,L3N:A28K:D95Q:V106M,7,0.7550455149826013,0.9075612284203081,-0.14148624444869662,0.64672587620599
L3N:A28K:D95Q:V106M:V108Q,0.7637250460152494,L3N:A28K:D95Q:V106M:V108Q,7,0.700129433738981,0.8863433633579747,-0.3411537549822442,0.6005501149455003
L3N:A28K:D95Q:V108Q,0.7224438721887224,L3N:A28K:D95Q:V108Q,7,0.6602258680935028,0.7246464407195367,-0.697946857894268,0.6489448880161212
L3N:A28K:G33T,0.8574055756177629,L3N:A28K:G33T,7,0.8366149596953913,0.9435214202929267,0.1615215191526414,0.6177897966089628
L3N:A28K:G33T:D60Q:I91C,1.0587862649600024,L3N:A28K:G33T:D60Q:I91C,8,0.874067093627749,1.2035981468434758,0.6531566900446217,0.5532199178227122
L3N:A28K:G33T:D60Q:R97D,0.9075130404779967,L3N:A28K:G33T:D60Q:R97D,8,0.9109771754538689,1.2496784405412689,0.8334087531696805,0.5784576198168265
L3N:A28K:G33T:D60Q:T112E,0.8865067670523764,L3N:A28K:G33T:D60Q:T112E,9,0.9127139360226282,1.2490494153830363,0.8378418216385493,0.5737667836723797
L3N:A28K:G33T:D95Q:R97D,0.8152934892495545,L3N:A28K:G33T:D95Q:R97D,8,0.7910865961701391,1.094950138531523,0.2406070559038372,0.5528132106773495
L3N:A28K:G33T:D95Q:T112E,0.7562740286851888,L3N:A28K:G33T:D95Q:T112E,9,0.7928233567388985,1.0507128267648929,0.18192618717495768,0.5590033698738905
L3N:A28K:G33T:D95Q:V108Q,0.7978053304705384,L3N:A28K:G33T:D95Q:V108Q,8,0.7212252952702854,0.9210524785311003,-0.22601436275372846,0.5496215668518257
L3N:A28K:G33T:I91C:R97D,0.8528730964684881,L3N:A28K:G33T:I91C:R97D,9,0.8295953171817381,1.1487891496084286,0.43700674772491105,0.5271713797452426
L3N:A28K:G33T:Q46C:D60Q,0.589372905716335,L3N:A28K:G33T:Q46C:D60Q,8,0.7239503120795002,0.7480982079153079,-0.46794574874114864,0.5126126353410168
L3N:A28K:G33T:Q46I:D60Q,0.7180092992956687,L3N:A28K:G33T:Q46I:D60Q,8,0.7216441387302088,0.8135911526981545,-0.38025366547552064,0.4905122174417679
L3N:A28K:G33T:Q46I:R59N,0.3987442151027646,L3N:A28K:G33T:Q46I:R59N,9,0.5382627424672548,0.48520258000552857,-1.4197332867076318,0.523970541276628
L3N:A28K:G33T:Q46I:T112E,0.7699451624978891,L3N:A28K:G33T:Q46I:T112E,8,0.6789091228529571,0.7663748533389769,-0.5800713029291298,0.5163134877301427
L3N:A28K:G33T:Q46R,0.8369642778916019,L3N:A28K:G33T:Q46R,8,0.8248537724258311,0.8343472614852022,-0.03267077700667462,0.6374479067443952
L3N:A28K:G33T:Q46R:D60Q,0.86227192918964,L3N:A28K:G33T:Q46R:D60Q,9,0.8842707685280754,0.9605425448846276,0.33277760457163447,0.6172563070905882
L3N:A28K:G33T:Q46R:R97D,0.7706425672063715,L3N:A28K:G33T:Q46R:R97D,8,0.8397989920820643,0.8763086309702344,0.07404120706678416,0.6005751006733995
L3N:A28K:G33T:Q46V:D95Q,0.6274988064257486,L3N:A28K:G33T:Q46V:D95Q,7,0.6238124045611153,0.5694201975288689,-1.0346370785218335,0.6295160195148304
L3N:A28K:G33T:Q46V:T112E,0.6482528515931641,L3N:A28K:G33T:Q46V:T112E,7,0.7009679679675934,0.7352756668961314,-0.557212968878628,0.6605270588079262
L3N:A28K:G33T:Q46V:V106M,0.751216279229886,L3N:A28K:G33T:Q46V:V106M,8,0.7241895533880789,0.7636609834992574,-0.4446857952610229,0.6301798964934117
L3N:A28K:G33T:Q46V:V108Q,0.6577900790380848,L3N:A28K:G33T:Q46V:V108Q,8,0.6293699064989804,0.6095959793216499,-0.9593923393068813,0.6781768192072212
L3N:A28K:G33T:R59N:I91C,0.7796441186827471,L3N:A28K:G33T:R59N:I91C,7,0.690685697364795,0.883122493062588,-0.37487062461715626,0.5923043373123162
L3N:A28K:G33T:R59N:V106M,0.6386110945125603,L3N:A28K:G33T:R59N:V106M,7,0.7525541251801596,0.9876793123529919,-0.03319716122919124,0.6135952505705744
L3N:A28K:G33T:R97D,0.8858039877501008,L3N:A28K:G33T:R97D,9,0.8515601793516246,1.038203038902951,0.34453511356461963,0.5900936681490156
L3N:A28K:G33T:R97D:V106M,0.9197182862760516,L3N:A28K:G33T:R97D:V106M,7,0.8914637449971027,1.2594237942841586,0.7874766009621964,0.5346506395645333
L3N:A28K:G33T:T112E,0.8549461544265269,L3N:A28K:G33T:T112E,8,0.8532969399203839,1.0417478283483337,0.3550089117492228,0.6002981189904477
L3N:A28K:G33T:V108Q,0.8030144765616096,L3N:A28K:G33T:V108Q,9,0.7816988784517709,0.9535044708592646,0.007010853399163262,0.6049638592617401
L3N:A28K:I91C:D95Q,0.6654450126218068,L3N:A28K:I91C:D95Q,9,0.6931770871672367,0.798773759747803,-0.48928269408937575,0.6443770772434674
L3N:A28K:I91C:D95Q:R97D,0.8153353591163394,L3N:A28K:I91C:D95Q:R97D,7,0.7081223068234699,0.9592395237863153,-0.2110602128787677,0.5847996490655638
L3N:A28K:I91C:R97D:V108Q,0.7981973450892516,L3N:A28K:I91C:R97D:V108Q,8,0.713679808761335,0.8802520938622127,-0.3082794718052402,0.5742980255765531
L3N:A28K:I91C:V106M:T112E,0.8065097668869401,L3N:A28K:I91C:V106M:T112E,9,0.8102362162191928,1.0764183640587617,0.2727033618847566,0.5839617060202313
L3N:A28K:Q46C:D60Q:I91C,0.5882784797766706,L3N:A28K:Q46C:D60Q:I91C,9,0.640986022732831,0.579302735445672,-0.967496477182861,0.6078099216629627
L3N:A28K:Q46C:D60Q:R97D,0.6790607356701972,L3N:A28K:Q46C:D60Q:R97D,9,0.6778961045589509,0.6540584394205737,-0.7457427137135242,0.6268340925143896
L3N:A28K:Q46C:D60Q:V108Q,0.5545134367318894,L3N:A28K:Q46C:D60Q:V108Q,9,0.6080348036590972,0.5403241502540325,-1.1252901493340395,0.6228870788407217
L3N:A28K:Q46C:D95Q,0.5396793191771442,L3N:A28K:Q46C:D95Q,9,0.5430603056189879,0.44681653617437034,-1.4605285587596044,0.6433756072033583
L3N:A28K:Q46C:D95Q:R97D,0.597059433463726,L3N:A28K:Q46C:D95Q:R97D,7,0.5580055252752212,0.5175301549160257,-1.3122036658788758,0.6047182499299542
L3N:A28K:Q46C:I91C:V106M,0.6590711254456277,L3N:A28K:Q46C:I91C:V106M,8,0.6214725922760649,0.5912031145283239,-1.0103096778210092,0.5561961330712395
L3N:A28K:Q46C:R97D,0.5934433946452718,L3N:A28K:Q46C:R97D,8,0.6184791084567066,0.5602619466997403,-1.0643005751818806,0.6006947665620423
L3N:A28K:Q46C:R97D:T112E,0.6712294766592166,L3N:A28K:Q46C:R97D:T112E,7,0.6351610886816992,0.6104202523695382,-0.9403817767936317,0.5823662276200315
L3N:A28K:Q46C:V106M,0.5825741255200146,L3N:A28K:Q46C:V106M,8,0.6434374544459515,0.5943282619992284,-0.9382078841906494,0.613871005167063
L3N:A28K:Q46C:V108Q:T112E,0.5829107102264973,L3N:A28K:Q46C:V108Q:T112E,9,0.5652997877818455,0.4941405018315692,-1.3236132390437243,0.5906237490810334
L3N:A28K:Q46I,0.7285657000254805,L3N:A28K:Q46I,8,0.601227715451182,0.5854225692175259,-1.0809627685003822,0.5893547031688706
L3N:A28K:Q46I:D60Q:R97D,0.5414419876371128,L3N:A28K:Q46I:D60Q:R97D,7,0.6755899312096595,0.6224874970232464,-0.7985304464670644,0.5483106774410458
L3N:A28K:Q46I:D60Q:T112E,0.6564399107228395,L3N:A28K:Q46I:D60Q:T112E,8,0.6773266917784188,0.6745561644056611,-0.717828413630396,0.5704456274855592
L3N:A28K:Q46I:D60Q:V106M,0.6132919600549125,L3N:A28K:Q46I:D60Q:V106M,7,0.7005482771989043,0.6978791528632625,-0.6126279085315556,0.5269718314197074
L3N:A28K:Q46I:D95Q,0.5440879443628769,L3N:A28K:Q46I:D95Q,7,0.5407541322696965,0.4199724013919158,-1.5064752192731388,0.5906725832931715
L3N:A28K:Q46I:I91C:D95Q,0.4193030130005603,L3N:A28K:Q46I:I91C:D95Q,9,0.5187892700998099,0.36758304663626973,-1.6498767205161178,0.5669437190950862
L3N:A28K:Q46I:I91C:R97D,0.5191995304338385,L3N:A28K:Q46I:I91C:R97D,8,0.5942080729375286,0.5169508138446817,-1.2016585868999825,0.5215044559138248
L3N:A28K:Q46I:R59N:V108Q,0.4298505554473339,L3N:A28K:Q46I:R59N:V108Q,8,0.4223472340468517,0.20597312520077485,-2.180494533008128,0.5285255762460193
L3N:A28K:Q46I:V106M,0.6613287308721681,L3N:A28K:Q46I:V106M,8,0.6411312810966601,0.6138224779148393,-0.9170894067851497,0.5586517313901282
L3N:A28K:Q46I:V106M:T112E,0.6895877430149091,L3N:A28K:Q46I:V106M:T112E,9,0.6578132613216526,0.6432338931492743,-0.8231974230650543,0.5556815325051648
L3N:A28K:Q46I:V108Q,0.5688834115366953,L3N:A28K:Q46I:V108Q,8,0.5463116342075616,0.44858327706363493,-1.4479682795772808,0.5600829547121331
L3N:A28K:Q46I:V108Q:T112E,0.6428122500834977,L3N:A28K:Q46I:V108Q:T112E,7,0.5629936144325541,0.4877555915942305,-1.3399494215155368,0.5505662783946152
L3N:A28K:Q46R:D60Q:V108Q,0.7684451162044735,L3N:A28K:Q46R:D60Q:V108Q,8,0.7683552601076723,0.7206640247682453,-0.37103133716121744,0.6866455837224128
L3N:A28K:Q46R:D95Q,0.6642814188004722,L3N:A28K:Q46R:D95Q,8,0.703380762067563,0.5812039875070025,-0.7727763345848571,0.7342858760969886
L3N:A28K:Q46R:I91C:R97D,0.6695097395433305,L3N:A28K:Q46R:I91C:R97D,7,0.7568347027353951,0.7102119696234719,-0.42160355283167394,0.648079693751062
L3N:A28K:Q46R:R59N:T112E,0.6430467994079259,L3N:A28K:Q46R:R59N:T112E,8,0.6565719253133313,0.4551648144538013,-1.099207541809644,0.6747949188141489
L3N:A28K:Q46R:R59N:V106M,0.4637273570365492,L3N:A28K:Q46R:R59N:V106M,7,0.6797935107338168,0.4799068642275829,-0.9919532402020481,0.678994774815048
L3N:A28K:Q46R:R97D:V106M,0.9186074827028728,L3N:A28K:Q46R:R97D:V106M,9,0.8187031305507598,0.8560209169346717,-0.02022620241512183,0.6301804271343695
L3N:A28K:Q46R:R97D:V108Q,0.6632636244502345,L3N:A28K:Q46R:R97D:V108Q,7,0.7238834836616613,0.583892767019413,-0.7058046275868909,0.6509079537249509
L3N:A28K:Q46R:T112E,0.7708027217407827,L3N:A28K:Q46R:T112E,8,0.7805363254740411,0.7335812538738186,-0.31485912429194324,0.7155169330819381
L3N:A28K:Q46R:V106M,0.9381797694025787,L3N:A28K:Q46R:V106M,9,0.8037579108945266,0.7833057653597798,-0.17144789834318214,0.6979187541040495
L3N:A28K:Q46R:V108Q,0.7068619330715681,L3N:A28K:Q46R:V108Q,9,0.708938264005428,0.6171906285980474,-0.703594506429359,0.7084689588676403
L3N:A28K:Q46R:V108Q:T112E,0.6749217080868006,L3N:A28K:Q46R:V108Q:T112E,8,0.7256202442304206,0.666150812154415,-0.581409740944107,0.6725445801068229
L3N:A28K:Q46V:D60Q:D95Q,0.4900734692629551,L3N:A28K:Q46V:D60Q:D95Q,9,0.6222299734865769,0.4967391396688855,-1.1446964432299473,0.6313249024048938
L3N:A28K:Q46V:D60Q:V106M,0.7363233238122225,L3N:A28K:Q46V:D60Q:V106M,8,0.7226071223135405,0.7025318392328922,-0.5380261644349017,0.5728198191365833
L3N:A28K:Q46V:D95Q,0.5627804357756175,L3N:A28K:Q46V:D95Q,8,0.5628129773843327,0.441217854248258,-1.4078588920908564,0.6855139493007555
L3N:A28K:Q46V:D95Q:T112E,0.5590867574477415,L3N:A28K:Q46V:D95Q:T112E,7,0.5794949576093252,0.4730614829749473,-1.3104467845241135,0.6068944102619573
L3N:A28K:Q46V:D95Q:V108Q,0.4097948975042241,L3N:A28K:Q46V:D95Q:V108Q,8,0.5078968961407122,0.3107995316528751,-1.765571383400583,0.6049637960541707
L3N:A28K:Q46V:I91C:R97D,0.5876806187559899,L3N:A28K:Q46V:I91C:R97D,9,0.6162669180521648,0.5436517225374247,-1.0951466205210574,0.548747805000685
L3N:A28K:Q46V:I91C:T112E,0.6087031364432226,L3N:A28K:Q46V:I91C:T112E,8,0.6180036786209242,0.5499896702433912,-1.0806303059077549,0.5850564305257384
L3N:A28K:Q46V:R59N:I91C,0.2530693727018573,L3N:A28K:Q46V:R59N:I91C,9,0.47735729823522177,0.15546430854458665,-2.0843473410691806,0.6598865865814719
L3N:A28K:Q46V:R59N:T112E,0.4994176115418174,L3N:A28K:Q46V:R59N:T112E,8,0.516004140630101,0.27263429068744305,-1.79586426788426,0.6739859397867829
L3N:A28K:Q46V:R97D:V106M,0.7118264811611829,L3N:A28K:Q46V:R97D:V106M,9,0.6781353458675295,0.66846159618541,-0.7241610676152057,0.5471118182264919
L3N:A28K:Q46V:V108Q,0.6710062514339493,L3N:A28K:Q46V:V108Q,9,0.5683704793221978,0.46515437150650335,-1.3561171153099507,0.6965469505254267
L3N:A28K:R59N:D60Q,0.7950454901603282,L3N:A28K:R59N:D60Q,9,0.7110681284601431,0.8604065570701522,-0.3450370616620363,0.6992815130831319
L3N:A28K:R59N:D60Q:R97D,0.7855146461771125,L3N:A28K:R59N:D60Q:R97D,9,0.7260133481163764,0.9403761938372837,-0.18331600521250926,0.6525751886062594
L3N:A28K:R59N:D95Q,0.7286899925901528,L3N:A28K:R59N:D95Q,9,0.5911775491764134,0.647378757557141,-1.0222151724550466,0.7013543222453842
L3N:A28K:R59N:D95Q:T112E,0.7532755809236896,L3N:A28K:R59N:D95Q:T112E,8,0.607859529401406,0.7395688673679028,-0.8374640677970527,0.6445370046612404
L3N:A28K:R59N:V108Q:T112E,0.8450544600131804,L3N:A28K:R59N:V108Q:T112E,7,0.6134170313392711,0.7821970144241319,-0.7586700392322777,0.6115557077296343
L3N:A28K:R97D,0.8440641091830656,L3N:A28K:R97D,8,0.790560752174842,0.8575288267773364,-0.1046288314775147,0.6608099765887402
L3N:A28K:R97D:T112E,0.9680514026343756,L3N:A28K:R97D:T112E,9,0.8072427323998346,0.9584262510024693,0.09272430224079614,0.633634079361421
L3N:A28K:R97D:V106M:T112E,0.8728679842201645,L3N:A28K:R97D:V106M:T112E,7,0.8471462980453126,1.156252180737303,0.5018066387421948,0.5762601108914167
L3N:A28K:R97D:V108Q:T112E,0.7226962801719637,L3N:A28K:R97D:V108Q:T112E,7,0.7523266511562141,0.9346243135782479,-0.11068311631131697,0.592281690696348
L3N:A28K:T112E,0.9504369395267396,L3N:A28K:T112E,7,0.7922975127436013,0.8644696709428659,-0.08923994946372514,0.6784355844627397
L3N:A28K:V106M,0.9176356286692,L3N:A28K:V106M,8,0.8155190981640869,0.9064367937526189,0.042944067626193766,0.6651777580098124
L3N:A28K:V106M:T112E,0.7690151842080858,L3N:A28K:V106M:T112E,7,0.8322010783890794,0.9831091649327958,0.20523646873142715,0.6391296997105852
L3N:A28K:V106M:V108Q,0.8232762339056964,L3N:A28K:V106M:V108Q,8,0.7606030169204664,0.9005299727034044,-0.1345638868818289,0.6409633206278481
L3N:D60Q:D95Q:R97D,0.9315048808968912,L3N:D60Q:D95Q:R97D,8,0.7902702708276943,0.9526663082523134,0.032169195055040664,0.7219271522185505
L3N:D60Q:D95Q:V106M:T112E,0.9142798284803596,L3N:D60Q:D95Q:V106M:T112E,7,0.8319105970419317,1.071930845720328,0.3328936855935536,0.6457053309929478
L3N:D60Q:I91C,0.9404529815218527,L3N:D60Q:I91C,9,0.8138337721830599,0.8807998912247365,0.0006547720274744581,0.7268956304181589
L3N:D60Q:I91C:D95Q,0.994194343859354,L3N:D60Q:I91C:D95Q,8,0.7533601890015744,0.8388434485429833,-0.24612616188847214,0.7043486958533643
L3N:D60Q:I91C:D95Q:R97D,0.8607325164778614,L3N:D60Q:I91C:D95Q:R97D,8,0.7683054086578076,1.020623364827653,0.06294412763818612,0.6814341027964669
L3N:D60Q:I91C:V106M,1.0613009139675949,L3N:D60Q:I91C:V106M,7,0.853737337828538,1.0382821077520412,0.35134796326001005,0.6787399117227486
L3N:D60Q:I91C:V106M:T112E,0.8265815372364274,L3N:D60Q:I91C:V106M:T112E,8,0.8704193180535306,1.1439909251480342,0.5556645892417585,0.6498598344430784
L3N:D60Q:I91C:V106M:V108Q,0.992811166330154,L3N:D60Q:I91C:V106M:V108Q,7,0.7988212565849175,1.0684548115349115,0.2260576270414962,0.6592497864020241
L3N:D60Q:I91C:V108Q:T112E,0.8245880125361094,L3N:D60Q:I91C:V108Q:T112E,8,0.775599671164432,1.0021303113775484,0.058621365394853686,0.6724583389579597
L3N:D60Q:R97D:V106M,0.9903922967377284,L3N:D60Q:R97D:V106M,7,0.8906474196546579,1.1103519271558808,0.5692144666849274,0.6833551959459709
L3N:D60Q:R97D:V106M:V108Q,0.8456875514065976,L3N:D60Q:R97D:V106M:V108Q,7,0.8357313384110374,1.0967580695029882,0.3805811233305584,0.6532952179120572
L3N:D60Q:R97D:V108Q,0.8042094732569913,L3N:D60Q:R97D:V108Q,7,0.7958277727655593,0.8889263679611954,-0.04298248961057599,0.7109096603396641
L3N:D60Q:V106M:V108Q,0.8762921723446845,L3N:D60Q:V106M:V108Q,7,0.8207861187548041,0.9768350939655691,0.1610359075272741,0.6830847940405418
L3N:D95Q:R97D:V106M,0.9214468286864234,L3N:D95Q:R97D:V106M,9,0.7707568403709282,1.0073697270270159,0.05130450395720092,0.6723526385727912
L3N:D95Q:R97D:V108Q,0.677420187244254,L3N:D95Q:R97D:V108Q,7,0.6759371934818296,0.7370019441420562,-0.6317261555755972,0.6799023433797463
L3N:D95Q:R97D:V108Q:T112E,0.5839911934466806,L3N:D95Q:R97D:V108Q:T112E,8,0.6926191737068221,0.8697096333719408,-0.38833427042037416,0.6424139808755791
L3N:G33T:D60Q:D95Q,0.8586494586605125,L3N:G33T:D60Q:D95Q,7,0.8363244783482436,0.9640507858480429,0.1903397943848634,0.66955902590299
L3N:G33T:D60Q:I91C:D95Q,0.8835345552597147,L3N:G33T:D60Q:I91C:D95Q,7,0.8143596161783571,1.0394365201511604,0.2318661950039717,0.6388932928084218
L3N:G33T:D60Q:R97D,0.944355266301212,L3N:G33T:D60Q:R97D,8,0.9117432811859624,1.1041379149286001,0.6251261319477308,0.7199080282117769
L3N:G33T:D60Q:V108Q:T112E,0.8728755752331552,L3N:G33T:D60Q:V108Q:T112E,9,0.8585639605111013,1.1601107336952834,0.5425195550838485,0.6738087184727991
L3N:G33T:D95Q:R97D,0.8144633883142868,L3N:G33T:D95Q:R97D,8,0.7918527019022327,0.9687652552965811,0.060337706756069316,0.682511572633236
L3N:G33T:D95Q:R97D:T112E,0.8039347642025818,L3N:G33T:D95Q:R97D:T112E,7,0.8085346821272252,1.1132660821055351,0.3207977090609917,0.6601260682423353
L3N:G33T:D95Q:R97D:V106M,0.9993505584626574,L3N:G33T:D95Q:R97D:V106M,8,0.8317562675477107,1.201623129750082,0.5201215069206421,0.6313602051523334
L3N:G33T:I91C,0.9793813220047004,L3N:G33T:I91C,9,0.8154162032575983,0.8992175516934084,0.03217913980149225,0.7159171456245902
L3N:G33T:I91C:R97D,0.8965991124301833,L3N:G33T:I91C:R97D,9,0.8303614229138315,1.0124529871628618,0.24204553039324556,0.7012657163623367
L3N:G33T:I91C:R97D:T112E,0.7897104023188352,L3N:G33T:I91C:R97D:T112E,8,0.8470434031388241,1.1485081846156793,0.4902822384062978,0.6830956049622526
L3N:G33T:I91C:R97D:V106M,0.9966787230379196,L3N:G33T:I91C:R97D:V106M,9,0.8702649885593097,1.2562318222830273,0.7176351527824926,0.6528152006011924
L3N:G33T:I91C:R97D:V108Q,0.7638160241367387,L3N:G33T:I91C:R97D:V108Q,9,0.7754453416702111,1.0005185910033862,0.05581391287181589,0.6944627404981594
L3N:G33T:I91C:V108Q,0.8095274744231604,L3N:G33T:I91C:V108Q,7,0.7605001220139779,0.9141097329425554,-0.1152265789405918,0.717004931651272
L3N:G33T:Q46C,0.759261863474754,L3N:G33T:Q46C,7,0.6652994217093495,0.5973978894474686,-0.8665030186794114,0.6623585009030137
L3N:G33T:Q46C:D60Q:V108Q,0.5479470966501963,L3N:G33T:Q46C:D60Q:V108Q,8,0.6698003365679733,0.6247424005230248,-0.8130796561371669,0.6534527857745647
L3N:G33T:Q46C:D95Q:R97D,0.5945965761686713,L3N:G33T:Q46C:D95Q:R97D,8,0.6197710581840973,0.5898610743685955,-1.0174870734373058,0.6232536252020563
L3N:G33T:Q46C:I91C:V108Q,0.5961918955000682,L3N:G33T:Q46C:I91C:V108Q,7,0.5884184782958425,0.506599996339458,-1.2344519594510186,0.6338741075203178
L3N:G33T:Q46C:R59N:R97D,0.2801715454048354,L3N:G33T:Q46C:R59N:R97D,9,0.556280241204873,0.29196310745203696,-1.6439732578862358,0.6765563311240903
L3N:G33T:Q46C:R97D:V108Q,0.5290978791287364,L3N:G33T:Q46C:R97D:V108Q,7,0.6253285601219624,0.5172355948137396,-1.1054987306144697,0.6617984163003041
L3N:G33T:Q46C:V106M,0.710448365318421,L3N:G33T:Q46C:V106M,7,0.7052029873548277,0.6445762919373659,-0.675451687590229,0.6556089719097258
L3N:G33T:Q46C:V106M:V108Q,0.5859680769925978,L3N:G33T:Q46C:V106M:V108Q,7,0.6502869061112072,0.5920692848618752,-0.9204037322703116,0.6561916189828794
L3N:G33T:Q46C:V108Q:T112E,0.6603779712115033,L3N:G33T:Q46C:V108Q:T112E,8,0.6270653206907216,0.5737704898229852,-1.018332760946668,0.6523775325240311
L3N:G33T:Q46I:D60Q:I91C,0.6533760630491807,L3N:G33T:Q46I:D60Q:I91C,8,0.7004453822924157,0.6960599199394899,-0.6155774447426905,0.7230671831288282
L3N:G33T:Q46I:I91C:V106M,0.7426573155376403,L3N:G33T:Q46I:I91C:V106M,9,0.6809319518356496,0.7058870559883577,-0.6613912340488814,0.7260110726061159
L3N:G33T:Q46I:R59N:R97D,0.3503188220716472,L3N:G33T:Q46I:R59N:R97D,9,0.5539740678555816,0.36219622132005647,-1.5494207644275897,0.7639091877191977
L3N:G33T:Q46I:R97D:T112E,0.7394912020433386,L3N:G33T:Q46I:R97D:T112E,8,0.694620448241284,0.6886613434563619,-0.644206789567187,0.763267936998237
L3N:G33T:Q46I:V108Q,0.6398817290013348,L3N:G33T:Q46I:V108Q,9,0.6080771671164377,0.5325150552010002,-1.136461853748147,0.7433276223540717
L3N:G33T:Q46R:D60Q,0.9590516031927288,L3N:G33T:Q46R:D60Q,7,0.8850368742601689,0.8690610816966218,0.2027342478609924,0.7048286893228217
L3N:G33T:Q46R:D60Q:I91C,0.7681900247633989,L3N:G33T:Q46R:D60Q:I91C,7,0.8630720120902823,0.8743393333363084,0.1427946290135174,0.6956467164106277
L3N:G33T:Q46R:D95Q:V106M,0.8549888139080545,L3N:G33T:Q46R:D95Q:V106M,9,0.8050498606219172,0.7734792443767108,-0.18169483411001594,0.6383672184340197
L3N:G33T:Q46R:I91C,0.956138611083896,L3N:G33T:Q46R:I91C,8,0.803655015988038,0.7583175613122809,-0.20792970794012175,0.7235267366514238
L3N:G33T:Q46R:I91C:V108Q,0.8137917277005844,L3N:G33T:Q46R:I91C:V108Q,8,0.7487389347444176,0.702754660857623,-0.4573045235616022,0.7151037964772042
L3N:G33T:Q46R:V106M:T112E,0.9100929452195948,L3N:G33T:Q46R:V106M:T112E,9,0.8822054240283953,0.9128968517372023,0.25746596155981344,0.6903089492973877
L3N:G33T:Q46V:D60Q:T112E,0.7637863427744973,L3N:G33T:Q46V:D60Q:T112E,8,0.7611510698019311,0.7659599820490417,-0.32763981563399774,0.6601899221793442
L3N:G33T:Q46V:D60Q:V106M,0.6759848259441037,L3N:G33T:Q46V:D60Q:V106M,7,0.7843726552224166,0.7921455033562337,-0.2182963887983343,0.6260352053336236
L3N:G33T:Q46V:D95Q,0.6293199506443958,L3N:G33T:Q46V:D95Q,9,0.6245785102932089,0.5039709703816808,-1.127004180594194,0.6929841371394302
L3N:G33T:Q46V:D95Q:R97D,0.629568044468433,L3N:G33T:Q46V:D95Q:R97D,7,0.6395237299494421,0.5812480382245276,-0.9691800584020014,0.6345827601983356
L3N:G33T:Q46V:D95Q:T112E,0.598382974510055,L3N:G33T:Q46V:D95Q:T112E,8,0.6412604905182014,0.5533120549605868,-1.0042681399939408,0.6270687715222188
L3N:G33T:Q46V:R59N:D60Q,0.3652173760758574,L3N:G33T:Q46V:R59N:D60Q,7,0.6205046894162287,0.4047312574429809,-1.2831668844883555,0.7989371866000339
L3N:G33T:Q46V:R59N:T112E,0.4371029430560503,L3N:G33T:Q46V:R59N:T112E,7,0.5777696735389771,0.3366752446986234,-1.5131456785501682,0.7916928651034393
L3N:G33T:R59N:D60Q:D95Q,0.6830452473078208,L3N:G33T:R59N:D60Q:D95Q,7,0.7123600781875338,0.8684343178204277,-0.3294436330470181,0.7349647445946291
L3N:G33T:R59N:D60Q:I91C,0.8568926542038109,L3N:G33T:R59N:D60Q:I91C,8,0.7508687991991327,0.9426971185289011,-0.1034847478615672,0.7316191358438792
L3N:G33T:R59N:I91C,0.7285587391876172,L3N:G33T:R59N:I91C,7,0.6914518030968885,0.7528053028310852,-0.5611206298407938,0.7488202732846888
L3N:G33T:R59N:I91C:D95Q,0.7115174228227564,L3N:G33T:R59N:I91C:D95Q,8,0.630978219915403,0.7037597584908806,-0.8181615659640686,0.6916576747804547
L3N:G33T:R59N:I91C:R97D,0.7386066466022875,L3N:G33T:R59N:I91C:R97D,7,0.7063970227531218,0.8566723235860463,-0.36481307367981247,0.7195223228598766
L3N:G33T:R59N:I91C:V106M,0.6951806997886625,L3N:G33T:R59N:I91C:V106M,9,0.7313553687423666,0.9053095944528147,-0.21763195096818863,0.7142002969879889
L3N:G33T:R59N:R97D:T112E,0.7593052790147676,L3N:G33T:R59N:R97D:T112E,8,0.7450438651480009,0.9446456139713691,-0.11858614750921086,0.7353851348412718
L3N:G33T:R59N:V108Q,0.7532927766094523,L3N:G33T:R59N:V108Q,9,0.6585005840231546,0.746625007527464,-0.6714455897544384,0.7810989872986313
L3N:G33T:R97D,0.9371290078311032,L3N:G33T:R97D,9,0.8523262850837181,0.9242690765389927,0.1819964277976261,0.7424703438102895
L3N:G33T:R97D:V108Q:T112E,0.7858757246760394,L3N:G33T:R97D:V108Q:T112E,8,0.8140921840650903,1.0470330377855541,0.24203777414426794,0.7087899753530502
L3N:I91C:D95Q:V108Q,0.7228630577066701,L3N:I91C:D95Q:V108Q,9,0.6390271116557097,0.6886016805218204,-0.8153358932935744,0.6780896553748827
L3N:I91C:R97D:V106M,0.9381617131031008,L3N:I91C:R97D:V106M,8,0.809265561382527,1.0381835980954972,0.21438008805739883,0.6724460042852514
L3N:I91C:R97D:V106M:T112E,0.8430397961981788,L3N:I91C:R97D:V106M:T112E,9,0.8259475416075196,1.152684758673085,0.4314218045791038,0.6457195122044552
L3N:I91C:R97D:V108Q:T112E,0.6908727657440881,L3N:I91C:R97D:V108Q:T112E,7,0.731127894718421,0.9134079424578808,-0.20661113845468468,0.6686623025599532
L3N:I91C:T112E,0.8946513391266004,L3N:I91C:T112E,7,0.7710987563058083,0.8197903522802609,-0.21912571479826173,0.7278577737547466
L3N:I91C:V106M:V108Q:T112E,0.8699693833850698,L3N:I91C:V106M:V108Q:T112E,9,0.7560862407076658,0.9932336969985711,-0.014291163635308995,0.6755171098528707
L3N:I91C:V108Q:T112E,0.8168999130477761,L3N:I91C:V108Q:T112E,7,0.7161826750621878,0.8277241229474712,-0.37660228755963493,0.7083098703544373
L3N:Q46C:D60Q:D95Q:V108Q,0.4474353961531573,L3N:Q46C:D60Q:D95Q:V108Q,8,0.5483273262097053,0.36896561362788205,-1.5569966766682959,0.7033578361340119
L3N:Q46C:D60Q:R97D:T112E,0.633143214799471,L3N:Q46C:D60Q:R97D:T112E,8,0.6953441905160369,0.6733715500181954,-0.6641088684064718,0.7288767984092169
L3N:Q46C:D60Q:R97D:V106M,0.6589777135476055,L3N:Q46C:D60Q:R97D:V106M,9,0.7185657759365225,0.7310917708948939,-0.5091255138650393,0.7037480693740658
L3N:Q46C:D60Q:T112E,0.6689185061677376,L3N:Q46C:D60Q:T112E,8,0.6803989708598037,0.6075242118693768,-0.8053908308808544,0.7312797710818747
L3N:Q46C:D60Q:V108Q:T112E,0.7478708601525158,L3N:Q46C:D60Q:V108Q:T112E,8,0.6254828896161833,0.5549171880390134,-1.050487629039615,0.7025167059881227
L3N:Q46C:D95Q,0.7207812744583285,L3N:Q46C:D95Q,7,0.5438264113510813,0.4457257889200588,-1.459750128777987,0.7228993641926855
L3N:Q46C:D95Q:R97D:V106M,0.7241116488628702,L3N:Q46C:D95Q:R97D:V106M,9,0.5986751966527928,0.616379914295952,-1.044011718022555,0.6771130273714436
L3N:Q46C:D95Q:V106M:V108Q,0.4646967733124382,L3N:Q46C:D95Q:V106M:V108Q,7,0.5288138957529391,0.3802348710635046,-1.6007232948032708,0.6733216073007958
L3N:Q46C:D95Q:V108Q:T112E,0.4579327329418801,L3N:Q46C:D95Q:V108Q:T112E,8,0.5055923103324536,0.34765482114139945,-1.7193214736321742,0.6667578997397505
L3N:Q46C:I91C:R97D,0.5547315864311321,L3N:Q46C:I91C:R97D,8,0.5972803520189136,0.5112996385707004,-1.2003850781698964,0.6890730738728502
L3N:Q46C:I91C:V106M:T112E,0.5894249787705962,L3N:Q46C:I91C:V106M:T112E,7,0.6389206782331509,0.5654246436673471,-0.9939365309193169,0.6826259317685645
L3N:Q46C:R59N:D60Q:D95Q,0.2829382073039227,L3N:Q46C:R59N:D60Q:D95Q,8,0.4792790072926158,0.14524726861096143,-2.0932219056994374,0.7467835691473894
L3N:Q46C:R59N:D60Q:R97D,0.3302504350270097,L3N:Q46C:R59N:D60Q:R97D,9,0.5546978101303346,0.30334002467735316,-1.6323761629369349,0.7273403599255234
L3N:Q46C:R59N:D60Q:V106M,0.306683394258446,L3N:Q46C:R59N:D60Q:V106M,9,0.5796561561195794,0.3225488282360581,-1.5277866342080346,0.7113215544013937
L3N:Q46C:R59N:I91C:V106M,0.2073052862985608,L3N:Q46C:R59N:I91C:V106M,8,0.4982742978474486,0.1616064539452468,-2.0111030044757565,0.6618849128246688
L3N:Q46C:R59N:R97D:T112E,0.335393988778799,L3N:Q46C:R59N:R97D:T112E,7,0.5119627942530829,0.24498459978945508,-1.8483153709390674,0.6645339825337792
L3N:Q46C:R59N:V106M:T112E,0.3613398462400369,L3N:Q46C:R59N:V106M:T112E,7,0.5369211402423277,0.2432902319717637,-1.773978841080102,0.677099225563248
L3N:Q46C:R97D:T112E,0.5878874326966944,L3N:Q46C:R97D:T112E,7,0.6359271944137928,0.5722663486230437,-0.9932445676241037,0.7201252643826044
L3N:Q46C:V106M:T112E,0.6067868709480831,L3N:Q46C:V106M:T112E,9,0.6608855404030376,0.5732916738443922,-0.9149718469855158,0.7222815305029198
L3N:Q46C:V106M:V108Q:T112E,0.5391181132482374,L3N:Q46C:V106M:V108Q:T112E,7,0.6059694591594171,0.5138262561869649,-1.1699947456848876,0.7022284881490825
L3N:Q46I:D60Q:D95Q,0.4470638293333633,L3N:Q46I:D60Q:D95Q,8,0.6009372341040342,0.40873963036817895,-1.337568341872423,0.7411241344300583
L3N:Q46I:D60Q:D95Q:T112E,0.4523608396390453,L3N:Q46I:D60Q:D95Q:T112E,7,0.6176192143290268,0.4521505591148992,-1.2234149701150532,0.7342866241062801
L3N:Q46I:D60Q:I91C:R97D,0.4660535690831881,L3N:Q46I:D60Q:I91C:R97D,9,0.6543911747718664,0.5330134567681363,-0.9932472672101293,0.7415756769232112
L3N:Q46I:D60Q:I91C:V108Q,0.4232464727288557,L3N:Q46I:D60Q:I91C:V108Q,7,0.5845298738720127,0.4209244148715201,-1.3704135491338416,0.7323701143864627
L3N:Q46I:D60Q:V106M,0.7271538817571659,L3N:Q46I:D60Q:V106M,7,0.7013143829309978,0.6187164503448466,-0.7248424178436191,0.7141634237260565
L3N:Q46I:D95Q:R97D,0.4297491522310319,L3N:Q46I:D95Q:R97D,9,0.5564654576580232,0.39255569741676555,-1.4978165262682892,0.7375401162500661
L3N:Q46I:D95Q:R97D:V108Q,0.334921774516814,L3N:Q46I:D95Q:R97D:V108Q,7,0.5015493764144028,0.20154793049680164,-1.9432196534951742,0.6896509145755184
L3N:Q46I:D95Q:T112E,0.4460228870430365,L3N:Q46I:D95Q:T112E,8,0.5582022182267825,0.3952518693885882,-1.4885709256144017,0.7496548821143487
L3N:Q46I:D95Q:V106M:V108Q,0.330366033393052,L3N:Q46I:D95Q:V106M:V108Q,9,0.5265077224036476,0.29092405114537406,-1.737077507395345,0.6831417287471142
L3N:Q46I:I91C:D95Q,0.3305070358360973,L3N:Q46I:I91C:D95Q,7,0.5195553758319034,0.31596465772764193,-1.72222655697519,0.7480196645364505
L3N:Q46I:I91C:D95Q:V106M,0.4441016439416839,L3N:Q46I:I91C:D95Q:V106M,7,0.5594589414773815,0.40915063654987693,-1.4645888151578086,0.7125196053028844
L3N:Q46I:I91C:R97D:T112E,0.475501772632014,L3N:Q46I:I91C:R97D:T112E,9,0.6116561588946148,0.49956605409873006,-1.1731372865767398,0.7530192557210273
L3N:Q46I:I91C:R97D:V108Q,0.364177012299189,L3N:Q46I:I91C:R97D:V108Q,8,0.5400580974260016,0.29705167264684706,-1.686518917427046,0.7302390008814224
L3N:Q46I:I91C:T112E,0.554533822821421,L3N:Q46I:I91C:T112E,9,0.5967109392383815,0.48361825094594,-1.2422000365372854,0.7811028313667812
L3N:Q46I:I91C:V108Q:T112E,0.4903404986741477,L3N:Q46I:I91C:V108Q:T112E,7,0.541794857994761,0.3849315508306861,-1.55398759513003,0.7560182283189487
L3N:Q46I:R59N:D60Q:R97D,0.3161364756926315,L3N:Q46I:R59N:D60Q:R97D,7,0.5523916367810432,0.31723051487064813,-1.6193679145915136,0.7299696700990578
L3N:Q46I:R59N:D60Q:T112E,0.4408006122086902,L3N:Q46I:R59N:D60Q:T112E,8,0.5541283973498025,0.3857977421240082,-1.5147876431783356,0.719814382552718
L3N:Q46I:R59N:D95Q,0.1492539728442029,L3N:Q46I:R59N:D95Q,9,0.4175558378410802,0.10778420055045623,-2.3373441867995486,0.7432198937306403
L3N:Q46I:R59N:I91C:D95Q,0.1608473621031269,L3N:Q46I:R59N:I91C:D95Q,9,0.3955909756711936,-0.011875321259993132,-2.5781052824908297,0.7260432029170076
L3N:Q46I:R97D:V106M:T112E,0.8127382261754306,L3N:Q46I:R97D:V106M:T112E,9,0.6735245867099794,0.6229440985546671,-0.8042240090280092,0.730159999584398
L3N:Q46I:R97D:V108Q,0.2900056192700926,L3N:Q46I:R97D:V108Q,8,0.5620229595958883,0.32067201526289707,-1.5847545857827017,0.7368721609754076
L3N:Q46R:D60Q:D95Q,0.6213071818592767,L3N:Q46R:D60Q:D95Q,9,0.7635638639019008,0.6123359209424071,-0.5425553468489609,0.7435312447084024
L3N:Q46R:D60Q:D95Q:V106M,0.7456792811163865,L3N:Q46R:D60Q:D95Q:V106M,7,0.8034674295473788,0.7291814785592853,-0.2506752789438875,0.6850044787392368
L3N:Q46R:D95Q:R97D:V108Q,0.5537559218664817,L3N:Q46R:D95Q:R97D:V108Q,8,0.6641760062122694,0.4571384228603565,-1.072955850847762,0.6752106015927456
L3N:Q46R:D95Q:V106M,0.7311305877734222,L3N:Q46R:D95Q:V106M,8,0.7440504334451346,0.643417323967336,-0.5576079993290843,0.7129101705481136
L3N:Q46R:I91C:D95Q:T112E,0.5819476682175199,L3N:Q46R:I91C:D95Q:T112E,9,0.6988639858547625,0.5404681082780061,-0.8456297213399782,0.7069863252712287
L3N:Q46R:I91C:D95Q:V106M,0.6902564327623869,L3N:Q46R:I91C:D95Q:V106M,8,0.722085571275248,0.6387515688644966,-0.631939502514453,0.6888753337447168
L3N:Q46R:I91C:D95Q:V108Q,0.5174713470943726,L3N:Q46R:I91C:D95Q:V108Q,8,0.6272659243861495,0.39744844864753304,-1.2729050997169091,0.6961750254585104
L3N:Q46R:I91C:R97D:V106M,0.8341622105395345,L3N:Q46R:I91C:R97D:V106M,9,0.7975043741129667,0.8306064890042631,-0.12223003983279378,0.683961803659841
L3N:Q46R:I91C:V106M,0.8443879656411457,L3N:Q46R:I91C:V106M,7,0.7825591544567335,0.7393375205699422,-0.3003045319406295,0.7386554314318273
L3N:Q46R:I91C:V106M:V108Q,0.7255992494818985,L3N:Q46R:I91C:V106M:V108Q,7,0.7276430732131131,0.6678847484997319,-0.5726766363166546,0.7188439912228664
L3N:Q46R:I91C:V108Q,0.7141524785994451,L3N:Q46R:I91C:V108Q,9,0.6877395075676349,0.5555734347520609,-0.8579943280070821,0.7561268467459848
L3N:Q46R:R59N,0.5686219683891303,L3N:Q46R:R59N,9,0.6406560508204322,0.4081836808007146,-1.216170983540497,0.7784858978186158
L3N:Q46R:R59N:D60Q:D95Q,0.2665563779305155,L3N:Q46R:R59N:D60Q:D95Q,7,0.6395994637411909,0.31119697935883317,-1.3597898666665458,0.7568325852827958
L3N:Q46R:R59N:D60Q:T112E,0.5773898590235488,L3N:Q46R:R59N:D60Q:T112E,7,0.716755027147669,0.5205463365340012,-0.8194173883280784,0.7141157491104634
L3N:Q46R:R59N:D60Q:V106M,0.5228717261219615,L3N:Q46R:R59N:D60Q:V106M,8,0.7399766125681545,0.5430885910118489,-0.7153468335024241,0.7145080505801562
L3N:Q46R:R59N:I91C:R97D,0.3981420737635114,L3N:Q46R:R59N:I91C:R97D,7,0.6336364083067788,0.302117602701126,-1.3912767755507258,0.7049855827083539
L3N:Q46R:R59N:I91C:V106M,0.4230622541875037,L3N:Q46R:R59N:I91C:V106M,7,0.6585947542960237,0.3753146903981282,-1.208550419179014,0.7152166367212751
L3N:Q46R:R59N:R97D,0.4364401896378957,L3N:Q46R:R59N:R97D,9,0.6556012704766654,0.3705690476357242,-1.2246287349533724,0.7423982061987654
L3N:Q46R:R59N:R97D:V108Q,0.3388875598673243,L3N:Q46R:R59N:R97D:V108Q,7,0.600685189233045,0.22989241379267045,-1.5971880010895094,0.7051805792364799
L3N:Q46R:R59N:V106M,0.5507361630381808,L3N:Q46R:R59N:V106M,9,0.6805596164659102,0.43094593542001347,-1.0604569551331209,0.7465336351732451
L3N:Q46R:R97D,0.7789306531345646,L3N:Q46R:R97D,9,0.7795656706373753,0.6870042177953035,-0.3852561013782405,0.7610804902471032
L3N:Q46R:R97D:V106M:T112E,0.8208164484300118,L3N:Q46R:R97D:V106M:T112E,8,0.836151216507846,0.8604087721951881,0.039806435844621166,0.6889397406218081
L3N:Q46R:V106M,0.8643004190355575,L3N:Q46R:V106M,9,0.8045240166266201,0.7501007986186325,-0.21714813077836662,0.7548069423124296
L3N:Q46R:V106M:V108Q,0.7324233068291546,L3N:Q46R:V106M:V108Q,9,0.7496079353829996,0.6617080425212816,-0.5140373435109016,0.7323164112811384
L3N:Q46R:V106M:V108Q:T112E,0.718407074689503,L3N:Q46R:V106M:V108Q:T112E,8,0.7662899156079922,0.7066116450546359,-0.3977236364834871,0.7005398252611961
L3N:Q46R:V108Q,0.7847076325152552,L3N:Q46R:V108Q,7,0.7097043697375216,0.6025456798262387,-0.7224329678661764,0.7605105182458538
L3N:Q46R:V108Q:T112E,0.7621105339268534,L3N:Q46R:V108Q:T112E,8,0.7263863499625142,0.6239667202999257,-0.640105391969873,0.7319140327583564
L3N:Q46V:D60Q,0.7478115455822096,L3N:Q46V:D60Q,8,0.6834696624001559,0.6029383595346445,-0.8025803728207015,0.7037981878003219
L3N:Q46V:D60Q:D95Q,0.4831978589834177,L3N:Q46V:D60Q:D95Q,9,0.6229960792186704,0.4569441537848052,-1.199934359593281,0.6261750300912523
L3N:Q46V:D60Q:D95Q:V106M,0.5572834521712368,L3N:Q46V:D60Q:D95Q:V106M,9,0.6628996448641485,0.5406306875422497,-0.9560450914230433,0.517016763922839
L3N:Q46V:D60Q:D95Q:V108Q,0.3605186299398959,L3N:Q46V:D60Q:D95Q:V108Q,7,0.5680799979750499,0.34566537199436664,-1.5299463409700085,0.5476700980835774
L3N:Q46V:D60Q:I91C:T112E,0.6576494351919869,L3N:Q46V:D60Q:I91C:T112E,9,0.6781867804552619,0.5830733603213203,-0.8475845558218091,0.5595407146816372
L3N:Q46V:D60Q:R97D,0.6109649914758292,L3N:Q46V:D60Q:R97D,8,0.6984148820563892,0.6009838123054735,-0.7594275566267716,0.6449326249451379
L3N:Q46V:D60Q:R97D:T112E,0.6912014773375231,L3N:Q46V:D60Q:R97D:T112E,9,0.7150968622813818,0.6658052382455294,-0.614286937253658,0.5707852956448798
L3N:Q46V:D60Q:R97D:V108Q,0.450506780429379,L3N:Q46V:D60Q:R97D:V108Q,8,0.6434988008127688,0.47818949711953135,-1.1061058807573194,0.5804982549251292
L3N:Q46V:D95Q,0.5273642571162976,L3N:Q46V:D95Q,8,0.5635790831164262,0.4330294316128881,-1.4173528729992333,0.6912903442534375
L3N:Q46V:I91C:D95Q:T112E,0.4707913421884857,L3N:Q46V:I91C:D95Q:T112E,9,0.5582962011715322,0.3850195782806785,-1.503090886504864,0.5344594426068666
L3N:Q46V:I91C:R97D,0.6073440002657504,L3N:Q46V:I91C:R97D,9,0.6170330237842584,0.503537086410944,-1.1508471642172475,0.6271492474091127
L3N:Q46V:I91C:T112E,0.6209829207354899,L3N:Q46V:I91C:T112E,8,0.6187697843530177,0.5041108253147158,-1.1446733445889778,0.6425566934129474
L3N:Q46V:I91C:V106M:T112E,0.5915933553614171,L3N:Q46V:I91C:V106M:T112E,8,0.6586733499984958,0.5824336769404083,-0.9085468922397797,0.551941625730886
L3N:Q46V:I91C:V108Q:T112E,0.5027245578968383,L3N:Q46V:I91C:V108Q:T112E,8,0.5638537031093973,0.42715613877108893,-1.4250083273890253,0.5881550094537931
L3N:Q46V:R59N:D60Q:D95Q,0.2535435114246475,L3N:Q46V:R59N:D60Q:D95Q,9,0.49903167905796064,0.12085661022483968,-2.067749721765317,0.6697543032803617
L3N:Q46V:R59N:D95Q:T112E,0.263233825167136,L3N:Q46V:R59N:D95Q:T112E,7,0.456296663180709,0.08246171569403915,-2.2548002079815075,0.6269852986400393
L3N:Q46V:R59N:I91C:R97D,0.2592573407738411,L3N:Q46V:R59N:I91C:R97D,9,0.49306862362354853,0.10728534730177802,-2.105737703030461,0.623579408404123
L3N:Q46V:R59N:R97D,0.2860052179865532,L3N:Q46V:R59N:R97D,9,0.5150334857934351,0.18789674243259535,-1.9214906602089719,0.7278868119362816
L3N:Q46V:R59N:R97D:V106M,0.3328918085747652,L3N:Q46V:R59N:R97D:V106M,7,0.5549370514389133,0.25668640893736466,-1.6991615132301843,0.6272349653738133
L3N:Q46V:R59N:R97D:V108Q,0.1692433872291495,L3N:Q46V:R59N:R97D:V108Q,7,0.4601174045498147,0.03278673308250907,-2.314939239504387,0.6653261306160525
L3N:Q46V:R59N:V106M,0.3894547118890979,L3N:Q46V:R59N:V106M,7,0.53999183178268,0.23191202166276736,-1.7809989103796224,0.7272488954358735
L3N:Q46V:R59N:V106M:V108Q,0.2158206318809604,L3N:Q46V:R59N:V106M:V108Q,9,0.48507575053905955,0.1279405900435156,-2.100435020158188,0.6720995874337535
L3N:Q46V:R97D:T112E,0.6167048641771548,L3N:Q46V:R97D:T112E,8,0.6556798661791375,0.5651866685855939,-0.9427183381105071,0.6486053587290566
L3N:Q46V:R97D:V106M:T112E,0.6707481990797771,L3N:Q46V:R97D:V106M:T112E,8,0.6955834318246157,0.6695470049035623,-0.6689080347902139,0.5490109558875486
L3N:Q46V:V106M:V108Q,0.5529650956860168,L3N:Q46V:V106M:V108Q,9,0.6090401506997694,0.48318935523339474,-1.2048877695622295,0.6574106845711073
L3N:Q46V:V108Q,0.5444650236035752,L3N:Q46V:V108Q,7,0.5691365850542913,0.4571860163977856,-1.3652925941826686,0.7362362917350704
L3N:R4D:A28H:D60Q:D95Q,1.0207643367955346,L3N:R4D:A28H:D60Q:D95Q,7,0.962899761596519,1.3174795444396314,1.0912858080570866,0.5123445671773946
L3N:R4D:A28H:D60Q:T112E,1.1316542367624562,L3N:R4D:A28H:D60Q:T112E,9,1.0400553250029971,1.4809543163213188,1.5652643525731702,0.5487845036646142
L3N:R4D:A28H:D95Q:R97D,1.1834464640190163,L3N:R4D:A28H:D95Q:R97D,8,0.918427985150508,1.276188910438615,0.8947008886842915,0.5293577519655834
L3N:R4D:A28H:G33T:D95Q,0.9045323581950836,L3N:R4D:A28H:G33T:D95Q,9,0.9644821926710574,1.3188681917020635,1.0981642162296716,0.4350690549732428
L3N:R4D:A28H:Q46C:D95Q,0.7060321254217763,L3N:R4D:A28H:Q46C:D95Q,8,0.7314011217761394,0.7297784379402914,-0.47153607396782815,0.4441029912135447
L3N:R4D:A28H:Q46C:V108Q,0.6612006650296509,L3N:R4D:A28H:Q46C:V108Q,7,0.7369586237140044,0.7777987382209268,-0.38493802358899076,0.48783082631912217
L3N:R4D:A28H:Q46I:D95Q,0.6033285457781308,L3N:R4D:A28H:Q46I:D95Q,8,0.7290949484268481,0.7017106335978274,-0.5192537420069449,0.4676222962943813
L3N:R4D:A28H:Q46I:I91C,0.8397048181406247,L3N:R4D:A28H:Q46I:I91C,9,0.7676036694384469,0.8264979134980852,-0.22017116738845952,0.5210963114781038
L3N:R4D:A28H:Q46I:T112E,0.8008721871166796,L3N:R4D:A28H:Q46I:T112E,8,0.8062505118333261,0.9086563006797339,0.017639894180458696,0.5402984417943623
L3N:R4D:A28H:Q46I:V106M,0.8569036482383219,L3N:R4D:A28H:Q46I:V106M,7,0.8294720972538117,0.9384251415389069,0.13216943179350948,0.5028732442508255
L3N:R4D:A28H:Q46R:D95Q,0.8325261835822124,L3N:R4D:A28H:Q46R:D95Q,9,0.8917215782247145,0.8464085005587764,0.19051601834517218,0.5692546135333552
L3N:R4D:A28H:Q46R:T112E,0.9680015052388872,L3N:R4D:A28H:Q46R:T112E,9,0.9688771416311925,1.034352413007121,0.6999085614637482,0.6242697944951049
L3N:R4D:A28H:Q46R:V108Q,0.8573871643234214,L3N:R4D:A28H:Q46R:V108Q,8,0.8972790801625796,0.9187856281942604,0.3123655172804472,0.616170212085436
L3N:R4D:A28H:Q46V:D95Q,0.6612877429472279,L3N:R4D:A28H:Q46V:D95Q,9,0.7511537935414843,0.7332267237140959,-0.40577280065568866,0.586476888886626
L3N:R4D:A28H:R59N:V108Q,1.1731505645865796,L3N:R4D:A28H:R59N:V108Q,9,0.78507586727143,1.0638166990053852,0.17705479589803655,0.5914249683506905
L3N:R4D:A28H:R97D,1.0632085075401505,L3N:R4D:A28H:R97D,7,0.9789015683319935,1.2022401524475383,0.9737331187392446,0.5637937344230742
L3N:R4D:A28H:V106M,1.1929420381961542,L3N:R4D:A28H:V106M,7,1.0038599143212383,1.2684586190490117,1.1463593705710713,0.5477825955152819
L3N:R4D:A28H:V106M:V108Q,0.8536114840779515,L3N:R4D:A28H:V106M:V108Q,9,0.9489438330776179,1.3401065503099698,1.0810958115066567,0.572426461923194
L3N:R4D:A28H:V108Q,1.0411809464062955,L3N:R4D:A28H:V108Q,7,0.9090402674321398,1.1366089208736057,0.6638048677288155,0.5656340468477185
L3N:R4D:A28K:D60Q:V106M,0.9249419480075528,L3N:R4D:A28K:D60Q:V106M,9,1.0199731485686836,1.448375584003402,1.4563270289143073,0.6582353658738347
L3N:R4D:A28K:D95Q:R97D,0.9409975304661472,L3N:R4D:A28K:D95Q:R97D,7,0.8751242232957089,1.2305643159979525,0.6954370656837073,0.6544505682944827
L3N:R4D:A28K:D95Q:V106M,0.9269712899359338,L3N:R4D:A28K:D95Q:V106M,9,0.9000825692849538,1.2573934394773727,0.811055424717767,0.6557297300413533
L3N:R4D:A28K:G33T:I91C,1.0049242792544029,L3N:R4D:A28K:G33T:I91C,7,0.9596871518278572,1.3717891605959323,1.1600035336596808,0.5715277838832009
L3N:R4D:A28K:G33T:Q46C,0.7031537553126402,L3N:R4D:A28K:G33T:Q46C,9,0.8095703702796084,0.9162269697447671,0.03881099814541995,0.4760570814347663
L3N:R4D:A28K:G33T:Q46I,0.8456278189945402,L3N:R4D:A28K:G33T:Q46I,9,0.807264196930317,1.0441931397137654,0.21692009885424854,0.4675023670169006
L3N:R4D:A28K:G33T:T112E,0.7918442298047654,L3N:R4D:A28K:G33T:T112E,8,0.9983339942227364,1.4119200673902308,1.3369885466941436,0.6201719204910077
L3N:R4D:A28K:I91C:T112E,0.8862759402922413,L3N:R4D:A28K:I91C:T112E,9,0.9153697048760672,1.2624148576065857,0.8653564668025269,0.6627068742775636
L3N:R4D:A28K:I91C:V108Q,0.9223075978601732,L3N:R4D:A28K:I91C:V108Q,8,0.8437716434074541,1.1708082763785899,0.5124908406494315,0.6591260565895276
L3N:R4D:A28K:Q46C:D95Q,0.6728392646143674,L3N:R4D:A28K:Q46C:D95Q,9,0.6880973599213404,0.6999122108588975,-0.6479929333107202,0.6083387642994138
L3N:R4D:A28K:Q46C:V108Q,0.7082882643261457,L3N:R4D:A28K:Q46C:V108Q,8,0.6936548618592053,0.7234717397779256,-0.5967967688483935,0.6077467282292144
L3N:R4D:A28K:Q46I:D60Q,0.8520251859765006,L3N:R4D:A28K:Q46I:D60Q,9,0.8056817658557787,0.9767083436771569,0.11438124384486681,0.5404314709427761
L3N:R4D:A28K:Q46I:D95Q,0.7968301430872344,L3N:R4D:A28K:Q46I:D95Q,9,0.685791186572049,0.7291233651587439,-0.6128112058526737,0.5388184275733485
L3N:R4D:A28K:Q46I:V106M,0.8360850949589267,L3N:R4D:A28K:Q46I:V106M,8,0.7861683353990125,0.941673520985024,0.003639087323205892,0.5420606944753759
L3N:R4D:A28K:Q46R,0.9713054248953804,L3N:R4D:A28K:Q46R,7,0.908891399551401,0.9326594354579248,0.36817233053616394,0.7337867470894455
L3N:R4D:A28K:Q46R:D60Q,0.9263276882299784,L3N:R4D:A28K:Q46R:D60Q,8,0.9683083956536451,1.0950541842043924,0.7860119193871136,0.7391095532246151
L3N:R4D:A28K:Q46R:R97D,0.8616684958397094,L3N:R4D:A28K:Q46R:R97D,7,0.9238366192076342,0.9875534226525599,0.49360159257232045,0.7169465247816257
L3N:R4D:A28K:Q46V:D60Q,0.901242278503884,L3N:R4D:A28K:Q46V:D60Q,8,0.8277406109704148,0.9419902981694466,0.13200203105482355,0.7527578775035524
L3N:R4D:A28K:Q46V:R97D,0.753999169275999,L3N:R4D:A28K:Q46V:R97D,9,0.7832688345244039,0.8397743488742457,-0.15275962770148385,0.7409687639885499
L3N:R4D:A28K:Q46V:V106M,0.8122649345111447,L3N:R4D:A28K:Q46V:V106M,7,0.8082271805136487,0.9049064722384327,0.018294367933510598,0.7468711736554683
L3N:R4D:A28K:R59N:D60Q,0.9607463505660704,L3N:R4D:A28K:R59N:D60Q,7,0.8561051827624956,1.2264149548726417,0.630916277940321,0.7120005841695528
L3N:R4D:A28K:R59N:D95Q,0.7600209914102788,L3N:R4D:A28K:R59N:D95Q,9,0.7362146034787659,0.9755418147571668,-0.10103510270070323,0.6984850171666945
L3N:R4D:A28K:R59N:V106M,0.7351286898846224,L3N:R4D:A28K:R59N:V106M,8,0.8365917523057295,1.1441654720555547,0.45184070761822986,0.6932670793689748
L3N:R4D:A28K:R97D:T112E,0.9052344055159616,L3N:R4D:A28K:R97D:T112E,7,0.952279786702187,1.3180845805683064,1.0594872370127943,0.6753402912010398
L3N:R4D:A28K:R97D:V106M,1.026820392757558,L3N:R4D:A28K:R97D:V106M,8,0.9755013721226725,1.3908232707511328,1.2362067064606703,0.6460815896279324
L3N:R4D:A28K:T112E,0.8428877474904037,L3N:R4D:A28K:T112E,9,0.9373345670459537,1.1627627291440559,0.78870950089393,0.6873117753583479
L3N:R4D:A28K:V108Q:T112E,0.8432374109849431,L3N:R4D:A28K:V108Q:T112E,9,0.8824184858023333,1.229963490434371,0.7170095869973393,0.6846311869924084
L3N:R4D:D60Q:D95Q,0.9825232199201558,L3N:R4D:D60Q:D95Q,8,0.9203621054738135,1.118289246360429,0.6721245855133142,0.7175560062743567
L3N:R4D:D60Q:D95Q:R97D,0.9494877562518096,L3N:R4D:D60Q:D95Q:R97D,8,0.9353073251300467,1.3211056828698309,1.0116408686706242,0.7426558077583144
L3N:R4D:D60Q:D95Q:T112E,0.9906826939109296,L3N:R4D:D60Q:D95Q:T112E,9,0.937044085698806,1.280614869746537,0.9583822785607226,0.727512880006875
L3N:R4D:D60Q:D95Q:V106M,0.9956891054214944,L3N:R4D:D60Q:D95Q:V106M,8,0.9602656711192915,1.3357969876475075,1.1096922562219755,0.7043309484668812
L3N:R4D:D60Q:D95Q:V108Q,0.9460284018337328,L3N:R4D:D60Q:D95Q:V108Q,8,0.865446024230193,1.1560750430867417,0.5578526200514382,0.7046858932338013
L3N:R4D:D60Q:I91C:R97D,1.0709310676927315,L3N:R4D:D60Q:I91C:R97D,7,0.9738160461416456,1.3643766084494164,1.192745451780643,0.7477151320898465
L3N:R4D:D60Q:I91C:V106M,1.0797232676549735,L3N:R4D:D60Q:I91C:V106M,9,0.9987743921308905,1.42354817069746,1.3551727732395606,0.7233760091747391
L3N:R4D:D60Q:R97D:V106M,1.0881303925082368,L3N:R4D:D60Q:R97D:V106M,9,1.0356844739570104,1.497491381076755,1.5757506209884018,0.7393469702908055
L3N:R4D:D60Q:R97D:V108Q,1.0030177132237212,L3N:R4D:D60Q:R97D:V108Q,7,0.9408648270679117,1.2692954577615447,0.9537549688682749,0.7600509604850803
L3N:R4D:D60Q:T112E,1.0777730254071425,L3N:R4D:D60Q:T112E,8,0.9975176688802915,1.2503164825194546,1.1005893538875524,0.747721875431421
L3N:R4D:D60Q:V106M,1.093419732555079,L3N:R4D:D60Q:V106M,9,1.0207392543007772,1.2893765567660664,1.228566021991429,0.7284157635844204
L3N:R4D:D95Q:R97D,0.923655096651963,L3N:R4D:D95Q:R97D,7,0.8758903290278025,1.0997368681715276,0.5084485685745764,0.7250267309788019
L3N:R4D:D95Q:V106M:T112E,0.9015229938438808,L3N:R4D:D95Q:V106M:T112E,8,0.9175306552420399,1.2646429681405105,0.8752297408433571,0.7273963791723596
L3N:R4D:G33T:D60Q:D95Q,0.8946975358546756,L3N:R4D:G33T:D60Q:D95Q,9,0.9813615326505961,1.3430040699416206,1.18502816817337,0.6684552711036951
L3N:R4D:G33T:D60Q:R97D,1.0532846123911377,L3N:R4D:G33T:D60Q:R97D,8,1.0567803354883147,1.4922100642637428,1.6330121691376704,0.7492659005538702
L3N:R4D:G33T:D60Q:T112E,1.0399858971963198,L3N:R4D:G33T:D60Q:T112E,9,1.0585170960570742,1.4961052976323148,1.6439931621120658,0.7307161074147546
L3N:R4D:G33T:I91C,0.9713726890756246,L3N:R4D:G33T:I91C,9,0.9604532575599507,1.1953245633275502,0.9069647418065848,0.7159625711061067
L3N:R4D:G33T:I91C:R97D,0.9858676203660702,L3N:R4D:G33T:I91C:R97D,7,0.975398477216184,1.3699252701616507,1.2056446168126818,0.7341411627878637
L3N:R4D:G33T:I91C:V106M,0.9797194306771158,L3N:R4D:G33T:I91C:V106M,7,1.0003568232054287,1.4308634481292501,1.3706287475903842,0.7232116516705052
L3N:R4D:G33T:Q46C:V106M,0.7397680568971396,L3N:R4D:G33T:Q46C:V106M,9,0.85024004165718,0.9263478576626555,0.1785863340084647,0.6654023818161541
L3N:R4D:G33T:Q46I,1.0748326678865356,L3N:R4D:G33T:Q46I,7,0.8080303026624106,0.9080636981426103,0.02225806705129379,0.7058002112801003
L3N:R4D:G33T:Q46I:R97D,0.8953442432206328,L3N:R4D:G33T:Q46I:R97D,7,0.8229755223186438,0.9457730600705534,0.12281615334994767,0.7428364068165729
L3N:R4D:G33T:Q46R,0.9887608180750744,L3N:R4D:G33T:Q46R,8,0.9706569324602771,0.9992430770679586,0.6545709320401586,0.7375857034599437
L3N:R4D:G33T:Q46R:D95Q,0.7966715798208529,L3N:R4D:G33T:Q46R:D95Q,7,0.9101833492787916,0.9265406255570093,0.36329153644987455,0.6831282387706834
L3N:R4D:G33T:Q46R:V108Q,1.0107063521715385,L3N:R4D:G33T:Q46R:V108Q,8,0.9157408512166566,0.9909163138920737,0.4735606139383448,0.7572647108716686
L3N:R4D:G33T:Q46V:I91C,0.7948219172391573,L3N:R4D:G33T:Q46V:I91C,8,0.8081242856071602,0.8938721482828574,0.0020079014761706544,0.8122612079937125
L3N:R4D:G33T:Q46V:T112E,0.8377710908794603,L3N:R4D:G33T:Q46V:T112E,7,0.8467711280020394,0.9575838948644579,0.21312128223970078,0.8519721220143389
L3N:R4D:G33T:Q46V:V108Q,0.8290707883284764,L3N:R4D:G33T:Q46V:V108Q,8,0.7751730665334263,0.8399348796405932,-0.17743535797344412,0.8644374166296028
L3N:R4D:G33T:R59N,1.0488896243164911,L3N:R4D:G33T:R59N,9,0.8584537195691275,1.0357105731346758,0.36213698543426154,0.794335449831155
L3N:R4D:G33T:R59N:I91C,1.0454247028774988,L3N:R4D:G33T:R59N:I91C,7,0.836488857399241,1.0981896460346268,0.3849836744529789,0.7746240524598454
L3N:R4D:G33T:R59N:R97D,0.9588988151098046,L3N:R4D:G33T:R59N:R97D,9,0.8733989392253608,1.1606141141143689,0.5888905352258944,0.8130518939471979
L3N:R4D:G33T:R59N:V108Q,0.8589244161639307,L3N:R4D:G33T:R59N:V108Q,9,0.8035376383255071,1.0966935916477274,0.2814381803250911,0.8162094608308962
L3N:R4D:G33T:R97D,1.00823725151689,L3N:R4D:G33T:R97D,9,0.9973633393860706,1.2222494791485898,1.0594933741266428,0.7538714461846502
L3N:R4D:G33T:R97D:V106M,1.0342837791703237,L3N:R4D:G33T:R97D:V106M,9,1.0372669050315486,1.483825848642566,1.5608412308815374,0.7521411915896019
L3N:R4D:G33T:T112E,0.8975710588857497,L3N:R4D:G33T:T112E,8,0.9991000999548298,1.2303185271207766,1.0765150968167712,0.7502169400314134
L3N:R4D:G33T:V106M,0.984301898695856,L3N:R4D:G33T:V106M,9,1.0223216853753154,1.2703674572034764,1.2059229283528852,0.7368463100288501
L3N:R4D:I91C:D95Q:R97D,0.9734234929791712,L3N:R4D:I91C:D95Q:R97D,9,0.8539254668579159,1.2057527532627468,0.5943057504178557,0.7027701789285501
L3N:R4D:I91C:D95Q:T112E,0.8325314044238912,L3N:R4D:I91C:D95Q:T112E,8,0.8556622274266752,1.146767320978621,0.514280040501228,0.7140085241654825
L3N:R4D:I91C:D95Q:V108Q,0.9401441446168044,L3N:R4D:I91C:D95Q:V108Q,9,0.7840641659580622,1.0292520387442508,0.1239169510133388,0.7002869024623443
L3N:R4D:I91C:R97D:V106M,1.0654522618159783,L3N:R4D:I91C:R97D:V106M,8,0.9543026156848795,1.3947231856800175,1.176629291590369,0.7319553527135194
L3N:R4D:I91C:V108Q:T112E,0.9154383152100382,L3N:R4D:I91C:V108Q:T112E,9,0.8612197293645403,1.1877818137404654,0.5907386396392695,0.7680109671098367
L3N:R4D:Q46C:D60Q:I91C,0.7357773930895242,L3N:R4D:Q46C:D60Q:I91C,9,0.7867891827672769,0.824983672304907,-0.1633350845781251,0.7213987867598566
L3N:R4D:Q46C:D60Q:R97D,0.7501881188400559,L3N:R4D:Q46C:D60Q:R97D,9,0.8236992645933968,0.9022400330563863,0.062037860175891045,0.7582900463428458
L3N:R4D:Q46C:D60Q:V108Q,0.8365180817671602,L3N:R4D:Q46C:D60Q:V108Q,7,0.7538379636935432,0.8010606747672662,-0.2993389207239904,0.735299609890478
L3N:R4D:Q46C:D95Q,0.6625880868565828,L3N:R4D:Q46C:D95Q,9,0.6888634656534338,0.6369180945012848,-0.7368067724544491,0.6864320446890914
L3N:R4D:Q46C:D95Q:V108Q,0.7096900167601369,L3N:R4D:Q46C:D95Q:V108Q,7,0.6339473844098134,0.5687622924586124,-1.0044071975134332,0.6854046834027526
L3N:R4D:Q46C:I91C:T112E,0.7255573820796973,L3N:R4D:Q46C:I91C:T112E,9,0.7440541668900253,0.7585836343121775,-0.3909171991415241,0.7229060234212877
L3N:R4D:Q46C:R59N,0.4923222851304296,L3N:R4D:Q46C:R59N,8,0.6253726486742095,0.4320120924681741,-1.2287064026492858,0.7096681645232341
L3N:R4D:Q46C:R97D:V106M,0.7062500648730599,L3N:R4D:Q46C:R97D:V106M,8,0.8041858341366307,0.9003922928139163,-0.0006728876294922106,0.7391832782325675
L3N:R4D:Q46C:V106M,0.7657294971636062,L3N:R4D:Q46C:V106M,8,0.7892406144803974,0.7847899491868131,-0.2139648861603109,0.7309501365449952
L3N:R4D:Q46C:V108Q,0.625288370479563,L3N:R4D:Q46C:V108Q,8,0.6944209675912989,0.660697690946965,-0.6852921059564627,0.7197529548758538
L3N:R4D:Q46C:V108Q:T112E,0.7070056212474471,L3N:R4D:Q46C:V108Q:T112E,9,0.7111029478162915,0.7405064384789329,-0.5184604515236904,0.7432059141732605
L3N:R4D:Q46I:D60Q:I91C,0.7449736171135286,L3N:R4D:Q46I:D60Q:I91C,7,0.7844830094179855,0.8662689978485084,-0.11067850211290037,0.7406956386787646
L3N:R4D:Q46I:D60Q:R97D,0.7052750071647821,L3N:R4D:Q46I:D60Q:R97D,7,0.8213930912441054,0.898598938168652,0.04967278051791404,0.7427838459498405
L3N:R4D:Q46I:D60Q:V108Q,0.8046849719560977,L3N:R4D:Q46I:D60Q:V108Q,9,0.7515317903442518,0.8127095133260769,-0.2895749975167833,0.713665836458181
L3N:R4D:Q46I:D95Q,0.7756957548117952,L3N:R4D:Q46I:D95Q,7,0.6865572923041425,0.6380038072284234,-0.7423307798724198,0.6967462354592431
L3N:R4D:Q46I:D95Q:T112E,0.7493947926236696,L3N:R4D:Q46I:D95Q:T112E,8,0.703239272529135,0.7141532027457609,-0.580795277414382,0.7362424932654363
L3N:R4D:Q46I:I91C,0.8325250278819791,L3N:R4D:Q46I:I91C,8,0.7250660133157414,0.7420612924080214,-0.4732502774259239,0.7430847419694031
L3N:R4D:Q46I:R59N:D95Q,0.3723374725026618,L3N:R4D:Q46I:R59N:D95Q,9,0.5625928921434327,0.40430912678338277,-1.4619537402157503,0.715693615104808
L3N:R4D:Q46I:R59N:T112E,0.7260720931606772,L3N:R4D:Q46I:R59N:T112E,9,0.6397484555499107,0.6184528102013016,-0.9146424704473941,0.7492801043871041
L3N:R4D:Q46I:R97D:V106M,0.861078211139308,L3N:R4D:Q46I:R97D:V106M,8,0.8018796607873393,0.9006771566298201,-0.007355957505992182,0.7449187520861873
L3N:R4D:Q46I:T112E,0.8907635629730867,L3N:R4D:Q46I:T112E,7,0.7637128557106205,0.8135019385876682,-0.25095091982686135,0.7631483136290689
L3N:R4D:Q46R,0.915973724245196,L3N:R4D:Q46R,7,0.9096575052834944,0.8681419709271462,0.2771537613191149,0.7731631973164349
L3N:R4D:Q46R:D60Q,1.0449451849161229,L3N:R4D:Q46R:D60Q,8,0.9690745013857387,0.9989301564249036,0.6492494147151091,0.7675597361852812
L3N:R4D:Q46R:D95Q:R97D,0.7937879686794089,L3N:R4D:Q46R:D95Q:R97D,8,0.8641291417582422,0.8784840128707344,0.15204563856965342,0.7529137811793438
L3N:R4D:Q46R:I91C,0.9624074440472024,L3N:R4D:Q46R:I91C,7,0.8876926431136078,0.8637216222150196,0.20317743291211943,0.7875747790454022
L3N:R4D:Q46R:I91C:R97D,0.8528767988421521,L3N:R4D:Q46R:I91C:R97D,7,0.9026378627698411,0.9371694262690837,0.35545949112805186,0.7837792559352761
L3N:R4D:Q46R:I91C:V108Q,0.8164673823771348,L3N:R4D:Q46R:I91C:V108Q,7,0.8327765618699874,0.832132971128511,-0.01149963632523314,0.7990237658174656
L3N:R4D:Q46R:R59N:V106M,0.6651855726121461,L3N:R4D:Q46R:R59N:V106M,7,0.8255966707682627,0.7040612870971963,-0.2189470054283883,0.8005650380866179
L3N:R4D:Q46R:R59N:V108Q,0.5666052808664285,L3N:R4D:Q46R:R59N:V108Q,7,0.7307770238791642,0.5606786119229414,-0.7181930970171796,0.7963399614611439
L3N:R4D:Q46R:R97D,0.907617280430288,L3N:R4D:Q46R:R97D,9,0.9246027249397277,0.9012610238412953,0.3710683287513557,0.7845520478031535
L3N:R4D:Q46R:T112E,0.8307271413721931,L3N:R4D:Q46R:T112E,8,0.926339485508487,0.9279732887386513,0.41507223564755996,0.7941655332644971
L3N:R4D:Q46V:D95Q:V106M,0.685856408026307,L3N:R4D:Q46V:D95Q:V106M,8,0.7485197030642567,0.7596544098546276,-0.375628460385414,0.688255316321972
L3N:R4D:Q46V:D95Q:V108Q,0.5647060758841077,L3N:R4D:Q46V:D95Q:V108Q,8,0.6537000561751583,0.566515540895028,-0.946886307858293,0.702225140296918
L3N:R4D:Q46V:I91C:V106M,0.7652721955296312,L3N:R4D:Q46V:I91C:V106M,9,0.7870284240758556,0.8530433822013574,-0.12198841435889939,0.728404720224446
L3N:R4D:Q46V:I91C:V108Q,0.6824276819394126,L3N:R4D:Q46V:I91C:V108Q,9,0.6922087771867571,0.6812345806153527,-0.6623754196744172,0.7643141071804892
L3N:R4D:Q46V:R59N,0.7215055135555608,L3N:R4D:Q46V:R59N,7,0.6451253204395544,0.45109888026516054,-1.1403096458567863,0.8826918965017261
L3N:R4D:Q46V:R59N:D60Q,0.6880663918161515,L3N:R4D:Q46V:R59N:D60Q,8,0.7045423165417986,0.5914838501625094,-0.7543246403444104,0.8314134595230616
L3N:R4D:Q46V:R97D,0.8250778547339445,L3N:R4D:Q46V:R97D,7,0.7840349402564974,0.7601585437260721,-0.265629908958349,0.7962220688415079
L3N:R4D:Q46V:V106M:T112E,0.7262478889867874,L3N:R4D:Q46V:V106M:T112E,8,0.8256752664707349,0.8898095697227926,0.05012686639778485,0.7632909448534342
L3N:R4D:Q46V:V108Q,0.8656883814594734,L3N:R4D:Q46V:V108Q,7,0.7141736393566437,0.6808748954965578,-0.5953171973997959,0.8141182146709388
L3N:R4D:R59N:D60Q:D95Q,0.8640553403454623,L3N:R4D:R59N:D60Q:D95Q,8,0.7963977053131036,1.0606920792780052,0.20736619939307727,0.7712351874641733
L3N:R4D:R59N:I91C,1.0383146733277264,L3N:R4D:R59N:I91C,8,0.7754894302224583,0.8923142517432664,-0.10065374735748159,0.7573206308774015
L3N:R4D:R59N:I91C:D95Q,0.8240873419996302,L3N:R4D:R59N:I91C:D95Q,9,0.7150158470409728,0.871552506122915,-0.316759759525849,0.7292451131815176
L3N:R4D:R59N:T112E,0.9847749774580156,L3N:R4D:R59N:T112E,9,0.8141362726173375,0.9877913664011306,0.15643340586429974,0.7699715707242863
L3N:R4D:R59N:V106M:T112E,0.9086891417778976,L3N:R4D:R59N:V106M:T112E,9,0.8540398382628156,1.134698366750297,0.491821168206375,0.7801409157081606
L3N:R4D:R59N:V108Q,1.009692810081534,L3N:R4D:R59N:V108Q,8,0.7425382111487244,0.8983737542862953,-0.19326414215776408,0.7826398705171312
L3N:R4D:R97D:T112E,0.9920373675802092,L3N:R4D:R97D:T112E,9,0.9530458924342805,1.1719689105301843,0.850372213695489,0.7759226608640659
L3N:R4D:R97D:V108Q:T112E,0.8987748258974851,L3N:R4D:R97D:V108Q:T112E,9,0.8981298111906602,1.2003122410675453,0.7224342396744374,0.7765859431588419
L3N:R4D:T112E,0.931524197546624,L3N:R4D:T112E,7,0.9381006727780473,1.03842199338642,0.6111091721805413,0.7596650722268357
L3N:R4D:T6H:A28H,1.0745602963003065,L3N:R4D:T6H:A28H,7,0.8939686062508604,1.2149671044835002,0.7308414259995967,0.8089771812069144
L3N:R4D:T6H:A28H:D95Q,0.9671372771165224,L3N:R4D:T6H:A28H:D95Q,8,0.833495023069375,1.2465660177682878,0.5905165920152697,0.8001900905740211
L3N:R4D:T6H:A28H:R97D,0.9693143340663872,L3N:R4D:T6H:A28H:R97D,7,0.9089138259070937,1.37814883624224,1.0129947063646147,0.8252329986823367
L3N:R4D:T6H:A28H:V106M,1.0788190478682866,L3N:R4D:T6H:A28H:V106M,7,0.9338721718963385,1.4690564222743996,1.2213533305138622,0.8113923133397878
L3N:R4D:T6H:A28K:G33T,0.9029424694793664,L3N:R4D:T6H:A28K:G33T,9,0.9116642715728439,1.4461722626470608,1.1199067208781326,0.7615499340057601
L3N:R4D:T6H:A28K:I91C,0.9173779930192788,L3N:R4D:T6H:A28K:I91C,8,0.8286999822261747,1.3102978372256626,0.6680023701660712,0.8004651775842431
L3N:R4D:T6H:D60Q,0.9500317998616272,L3N:R4D:T6H:D60Q,7,0.9108479462303991,1.2526010514972672,0.8372410288748849,0.8672378072441083
L3N:R4D:T6H:D60Q:V108Q,0.8312293482923158,L3N:R4D:T6H:D60Q:V108Q,7,0.8559318649867786,1.3530397922492567,0.8136461865478846,0.8729462733612074
L3N:R4D:T6H:D95Q,1.0209098088561486,L3N:R4D:T6H:D95Q,7,0.7909573669466694,1.0438157717749257,0.16620308428544592,0.852247533079508
L3N:R4D:T6H:G33T,0.8432885137515085,L3N:R4D:T6H:G33T,7,0.9124303773049375,1.233024352043597,0.8137764522874521,0.8311551025063728
L3N:R4D:T6H:G33T:Q46C,0.6544960025502452,L3N:R4D:T6H:G33T:Q46C,9,0.7403487335868021,0.8983994451485656,-0.19996327577870637,0.725095272891421
L3N:R4D:T6H:G33T:Q46I,0.7275162305594741,L3N:R4D:T6H:G33T:Q46I,9,0.7380425602375107,0.9743040248790807,-0.09720251347705099,0.7630036387356224
L3N:R4D:T6H:G33T:Q46R,0.8385388484604771,L3N:R4D:T6H:G33T:Q46R,8,0.9006691900353773,1.1173308390835408,0.6101487450963963,0.8209374984167983
L3N:R4D:T6H:G33T:Q46V,0.6951735957205618,L3N:R4D:T6H:G33T:Q46V,8,0.7601014053521469,0.930987746802813,-0.09202588201246278,1.0333497576997008
L3N:R4D:T6H:G33T:T112E,0.9408040249937542,L3N:R4D:T6H:G33T:T112E,8,0.92911235752993,1.4481615345041918,1.1764679078597218,0.8670979461247867
L3N:R4D:T6H:G33T:V106M,0.8560352396130299,L3N:R4D:T6H:G33T:V106M,9,0.9523339429504156,1.4903179744694164,1.308925922210028,0.8426362601138224
L3N:R4D:T6H:G33T:V108Q,0.8088298774771392,L3N:R4D:T6H:G33T:V108Q,7,0.857514296061317,1.342494570584075,0.8032527981743851,0.8569620913981282
L3N:R4D:T6H:I91C:D95Q,0.80459893930644,L3N:R4D:T6H:I91C:D95Q,9,0.7689925047767827,1.168536186769412,0.27913118813557297,0.8209901599018581
L3N:R4D:T6H:I91C:T112E,0.8711579776604091,L3N:R4D:T6H:I91C:T112E,7,0.8461480681832608,1.3197694319535742,0.7353926653857443,0.8609644602445534
L3N:R4D:T6H:Q46C:D95Q,0.5115116382549221,L3N:R4D:T6H:Q46C:D95Q,9,0.618875723228534,0.6858539949004947,-0.8813119158866387,0.810247139036635
L3N:R4D:T6H:Q46C:R59N,0.3345431298862163,L3N:R4D:T6H:Q46C:R59N,8,0.5553849062493097,0.4702676068576914,-1.3886691864587895,0.7846339593522165
L3N:R4D:T6H:Q46C:R97D,0.6297720193981479,L3N:R4D:T6H:Q46C:R97D,8,0.6942945260662527,0.8175706232666604,-0.4586401395113251,0.8201587840717168
L3N:R4D:T6H:Q46C:T112E,0.5880992856686246,L3N:R4D:T6H:Q46C:T112E,9,0.696031286635012,0.8503016111087627,-0.40592538127265576,0.8402986055023458
L3N:R4D:T6H:Q46I,0.7642229673084652,L3N:R4D:T6H:Q46I,8,0.677043133060728,0.7569200382980414,-0.5994962322323544,0.7844325194667808
L3N:R4D:T6H:Q46I:D95Q,0.5283015278252813,L3N:R4D:T6H:Q46I:D95Q,9,0.6165695498792426,0.6630035589618578,-0.9214785268357656,0.787189882572637
L3N:R4D:T6H:Q46R,0.8101830018711063,L3N:R4D:T6H:Q46R,7,0.8396697628585946,0.9134509547023644,0.12739940940314132,0.8680058090468408
L3N:R4D:T6H:Q46R:D60Q,0.8704011476649317,L3N:R4D:T6H:Q46R:D60Q,8,0.8990867589608388,1.1104753354836094,0.5953581978697715,0.8776514956721855
L3N:R4D:T6H:Q46R:D95Q,0.6326414369065183,L3N:R4D:T6H:Q46R:D95Q,8,0.7791961796771091,0.8483240990255144,-0.1529158847079349,0.8620164342476289
L3N:R4D:T6H:Q46R:R59N,0.5708487191219425,L3N:R4D:T6H:Q46R:R59N,9,0.7157053626978848,0.6765193480543125,-0.5969083292926425,0.8626285032204608
L3N:R4D:T6H:Q46R:R97D,0.8000197760102419,L3N:R4D:T6H:Q46R:R97D,9,0.8546149825148278,0.9967845768625745,0.2939891359918893,0.8723675344529638
L3N:R4D:T6H:Q46R:T112E,0.8137644262731984,L3N:R4D:T6H:Q46R:T112E,8,0.8563517430835872,1.0460784513080919,0.37067523239132194,0.895242529487952
L3N:R4D:T6H:Q46R:V106M,0.8187872736193728,L3N:R4D:T6H:Q46R:V106M,9,0.8795733285040727,1.094151491178381,0.5116962961956402,0.8730659317472163
L3N:R4D:T6H:Q46V:V106M,0.7078769589358302,L3N:R4D:T6H:Q46V:V106M,7,0.7390055438208424,0.8868923689727609,-0.220749939861314,0.9598591064777076
L3N:R4D:T6H:R59N:I91C,0.9065896249957682,L3N:R4D:T6H:R59N:I91C,8,0.7055016877975584,1.0444734003629121,-0.09576467899604327,0.8281729778927934
L3N:R4D:T6H:R59N:R97D,0.8674245092901265,L3N:R4D:T6H:R59N:R97D,8,0.7424117696236783,1.097403931858182,0.09440168051084913,0.8656043945736295
L3N:R4D:T6H:R59N:V108Q,0.9293743221126628,L3N:R4D:T6H:R59N:V108Q,8,0.6725504687238246,1.038841521875317,-0.20529591947751427,0.8742946675358952
L3N:R4D:T6H:T112E,0.978011879790773,L3N:R4D:T6H:T112E,9,0.8681129303531474,1.1834862225294709,0.6057298182512798,0.8880368950937605
L3N:R4D:T6H:V106M:V108Q,0.9105212278956288,L3N:R4D:T6H:V106M:V108Q,8,0.8364184345300125,1.3173822206484775,0.702002730329145,0.8846191387349999
L3N:R4D:T6H:V108Q:T112E,0.8082244277184683,L3N:R4D:T6H:V108Q:T112E,7,0.8131968491095269,1.2859980304880123,0.585135310118924,0.8932081945585248
L3N:R4D:T6S,1.2284520956973406,L3N:R4D:T6S,9,1.1146279179763696,1.2218708325665344,1.4197306232291655,0.8010270865055014
L3N:R4D:T6S:A28H:G33T,1.3406152290566864,L3N:R4D:T6S:A28H:G33T,9,1.2181650012758576,1.7137256419946365,2.450138487973239,0.45595357698334005
L3N:R4D:T6S:A28H:Q46I,1.1211082010295284,L3N:R4D:T6S:A28H:Q46I,8,0.9827777570316483,1.2141628704479812,1.0029145582300187,0.4742521941560095
L3N:R4D:T6S:A28H:Q46R,1.1315242944237267,L3N:R4D:T6S:A28H:Q46R,9,1.1454043868295147,1.3205731924121953,1.6572710497215664,0.6281737912688996
L3N:R4D:T6S:A28H:R97D,1.1175161753148797,L3N:R4D:T6S:A28H:R97D,8,1.1721107937553084,1.6273477773916247,2.1834305374668492,0.5590010279519801
L3N:R4D:T6S:A28K:I91C,0.9812993341314424,L3N:R4D:T6S:A28K:I91C,9,1.0918969500743894,1.4934711294005836,1.742879788248418,0.6977377002159197
L3N:R4D:T6S:A28K:Q46C,0.9537665979696784,L3N:R4D:T6S:A28K:Q46C,9,0.9417801685261407,1.0639273012615522,0.6593434286107311,0.6928693829531339
L3N:R4D:T6S:A28K:Q46I,1.0304715021299662,L3N:R4D:T6S:A28K:Q46I,9,0.9394739951768493,1.1938895726196355,0.8403414714796213,0.5943387053243057
L3N:R4D:T6S:A28K:R59N,1.2199250498823708,L3N:R4D:T6S:A28K:R59N,7,0.9898974120835662,1.3483971778514752,1.2190957177713062,0.7592215590401655
L3N:R4D:T6S:A28K:R97D,1.0327213695216115,L3N:R4D:T6S:A28K:R97D,9,1.1288070319005092,1.5340371535617001,1.9151510915615964,0.7329842241702084
L3N:R4D:T6S:A28K:V108Q,1.1279209960818026,L3N:R4D:T6S:A28K:V108Q,9,1.0589457310006556,1.4413878827783209,1.5661198405827403,0.7478039058521233
L3N:R4D:T6S:D60Q:D95Q,1.0698482859637508,L3N:R4D:T6S:D60Q:D95Q,7,1.1135713308971282,1.5371424715497766,1.872770059667288,0.8216240704076679
L3N:R4D:T6S:D60Q:T112E,1.1272679534083168,L3N:R4D:T6S:D60Q:T112E,7,1.1907268943036062,1.6826291777571838,2.3207146153346354,0.8639467884716419
L3N:R4D:T6S:D60Q:V106M,1.175567071970195,L3N:R4D:T6S:D60Q:V106M,8,1.2139484797240918,1.7169243272751673,2.441795044593468,0.8492925681282375
L3N:R4D:T6S:D95Q:T112E,1.0648774203874445,L3N:R4D:T6S:D95Q:T112E,9,1.0708363150198765,1.4653769860059553,1.6374225742050421,0.857924179643475
L3N:R4D:T6S:D95Q:V108Q,1.035618854658564,L3N:R4D:T6S:D95Q:V108Q,8,0.9992382535512636,1.3295686100074189,1.2205840310642282,0.8383121649329945
L3N:R4D:T6S:G33T:D60Q,1.1968397149620833,L3N:R4D:T6S:G33T:D60Q,9,1.2350443412553964,1.7409137673655635,2.5414199336719943,0.7924930719705278
L3N:R4D:T6S:G33T:D95Q,1.062500725511865,L3N:R4D:T6S:G33T:D95Q,7,1.1151537619716667,1.5065412268304845,1.833349743663251,0.7687616678836343
L3N:R4D:T6S:G33T:I91C,1.090927497989511,L3N:R4D:T6S:G33T:I91C,8,1.1536624829832656,1.5895285081721535,2.071935502445254,0.808436878283385
L3N:R4D:T6S:G33T:Q46C,0.9244640715537996,L3N:R4D:T6S:G33T:Q46C,8,1.0035457014350166,1.128508434405706,0.9428438150417862,0.7734799660957765
L3N:R4D:T6S:G33T:Q46R,1.1674566450934882,L3N:R4D:T6S:G33T:Q46R,9,1.1638661578835918,1.3619514093499023,1.7739583352968955,0.8844723802361677
L3N:R4D:T6S:G33T:R97D,1.049368915725738,L3N:R4D:T6S:G33T:R97D,8,1.1905725648093854,1.6313970229217443,2.24609189035118,0.8683493085265557
L3N:R4D:T6S:G33T:T112E,1.1045724151708778,L3N:R4D:T6S:G33T:T112E,9,1.1923093253781447,1.6394871636081854,2.2631441403641253,0.8643178643500626
L3N:R4D:T6S:G33T:V106M,1.209615257780463,L3N:R4D:T6S:G33T:V106M,8,1.2155309107986303,1.674771168962257,2.385655733055196,0.8555991258510957
L3N:R4D:T6S:G33T:V108Q,0.9862055072259408,L3N:R4D:T6S:G33T:V108Q,8,1.1207112639095316,1.5402610513572392,1.899250825671527,0.8642862242466638
L3N:R4D:T6S:I91C:D95Q,1.0811661582587273,L3N:R4D:T6S:I91C:D95Q,8,1.0321894726249974,1.3926890768513744,1.4133180625127686,0.8128069856567676
L3N:R4D:T6S:Q46C:I91C,0.9259204034290164,L3N:R4D:T6S:Q46C:I91C,9,0.9205814120883475,1.0059267536922296,0.5101779513222394,0.8419588385243836
L3N:R4D:T6S:Q46C:R97D,0.8986053686966128,L3N:R4D:T6S:Q46C:R97D,9,0.9574914939144674,1.076470678718929,0.7258360395724438,0.8956577376248668
L3N:R4D:T6S:Q46C:V106M,0.7664964562194617,L3N:R4D:T6S:Q46C:V106M,9,0.9824498399037123,1.106558439032651,0.8461705985883388,0.905762609961113
L3N:R4D:T6S:Q46I,1.0320512160009214,L3N:R4D:T6S:Q46I,7,0.9402401009089427,1.0745810220909102,0.6700241856740392,0.8104795515228873
L3N:R4D:T6S:Q46I:D95Q,0.910277943517354,L3N:R4D:T6S:Q46I:D95Q,8,0.8797665177274573,1.0029985407144666,0.3803657142298309,0.8191345353782034
L3N:R4D:T6S:Q46I:I91C,0.9259082900942796,L3N:R4D:T6S:Q46I:I91C,7,0.9182752387390561,1.1055508042996407,0.647267721060751,0.8560032736539019
L3N:R4D:T6S:Q46I:T112E,1.0179785503894618,L3N:R4D:T6S:Q46I:T112E,8,0.9569220811339353,1.1919561421220928,0.8912253615684984,0.8976934624549388
L3N:R4D:T6S:Q46I:V108Q,0.9816796687082148,L3N:R4D:T6S:Q46I:V108Q,9,0.8853240196653223,1.0382052420315573,0.4484187415600769,0.8635144319760283
L3N:R4D:T6S:Q46R,1.2234364581119963,L3N:R4D:T6S:Q46R,8,1.1028667307068092,1.1697665818787202,1.3081351653567188,0.9114470155704628
L3N:R4D:T6S:Q46R:V106M,1.106575916127376,L3N:R4D:T6S:Q46R:V106M,8,1.1427702963522872,1.338130176194811,1.6745768908197682,0.9658195738304767
L3N:R4D:T6S:Q46V:D60Q,1.1059171328693975,L3N:R4D:T6S:Q46V:D60Q,9,1.021715942125823,1.2224629828846933,1.134727475308777,0.9332925889963678
L3N:R4D:T6S:Q46V:D95Q,0.9311199056035576,L3N:R4D:T6S:Q46V:D95Q,7,0.9018253628420935,0.9843531354768508,0.4212483098597819,0.9221165456743857
L3N:R4D:T6S:Q46V:T112E,0.9401325139613316,L3N:R4D:T6S:Q46V:T112E,7,0.9789809262485716,1.1467131937196935,0.8936135379154575,1.0006995233670408
L3N:R4D:T6S:R59N,1.2928237711597816,L3N:R4D:T6S:R59N,7,0.9906635178156598,1.1953997096407094,1.0000207209843675,0.8704323593924503
L3N:R4D:T6S:V108Q:T112E,1.1478047105329132,L3N:R4D:T6S:V108Q:T112E,8,1.0763938169577416,1.489995060622398,1.6901507636989308,0.9140081401589538
L3N:R4D:V106M:T112E,1.0901362992777208,L3N:R4D:V106M:T112E,9,0.9780042384235254,1.1974171014891184,0.963991959733011,0.7740719614641153
L3N:R59N:D60Q:D95Q:T112E,0.8129500153525562,L3N:R59N:D60Q:D95Q:T112E,7,0.6680426312357437,0.8079068831068448,-0.5533950038235658,0.7016272502045446
L3N:R59N:D60Q:I91C:V106M,0.7484490094317178,L3N:R59N:D60Q:I91C:V106M,9,0.7297729376678281,0.9002027324735172,-0.22989170265090383,0.6804776977388154
L3N:R59N:D60Q:I91C:V108Q,0.7574922186310855,L3N:R59N:D60Q:I91C:V108Q,7,0.6349532907787296,0.7595240271455347,-0.7252243595158145,0.7065445013267716
L3N:R59N:D60Q:R97D,0.8758649991105412,L3N:R59N:D60Q:R97D,9,0.72677945384847,0.836340510670011,-0.3315289877663636,0.7469845464791091
L3N:R59N:D60Q:V108Q,0.7165261735077519,L3N:R59N:D60Q:V108Q,7,0.6569181529486162,0.7659212276020151,-0.6483869488112546,0.7364562479782536
L3N:R59N:I91C,0.7422730179100681,L3N:R59N:I91C,8,0.6304523759201058,0.618809089380432,-0.9427278670639883,0.7425144623071964
L3N:R59N:I91C:D95Q:R97D,0.7015417224059947,L3N:R59N:I91C:D95Q:R97D,7,0.5849240123948536,0.6751233526805327,-1.0013007480693454,0.6660756742627666
L3N:R59N:I91C:T112E,0.7645623936801048,L3N:R59N:I91C:T112E,9,0.6471343561450984,0.6750144267523768,-0.8100572462868132,0.6972404309871894
L3N:R59N:I91C:V106M:T112E,0.7123846150811362,L3N:R59N:I91C:V106M:T112E,9,0.6870379217905764,0.8041238927277325,-0.5004277183103861,0.6606895148049674
L3N:R59N:R97D,0.8218092224199907,L3N:R59N:R97D,8,0.6673624577462257,0.6786849416973674,-0.7425095982469879,0.7514321324515413
L3N:R59N:R97D:V106M:T112E,0.7910281212598221,L3N:R59N:R97D:V106M:T112E,7,0.7239480036166963,0.920084527466099,-0.2190383760393338,0.6600182979236802
L3N:R59N:T112E,0.9267392406474272,L3N:R59N:T112E,7,0.669099218314985,0.7021243457338422,-0.7032424776566883,0.7367675027346876
L3N:R97D:T112E,0.9473774227904136,L3N:R97D:T112E,9,0.8080088381319281,0.8742139500676486,-0.026798451951162195,0.735646925624097
L3N:R97D:V106M:V108Q,0.7979604048341326,L3N:R97D:V106M:V108Q,8,0.7763143423087931,0.8998439134845244,-0.08721813768620265,0.696511756301029
L3N:T6H:A28H:D60Q:T112E,1.143128687859872,L3N:T6H:A28H:D60Q:T112E,7,0.8250305282757447,1.2745324458609886,0.604949669327904,0.913526714246169
L3N:T6H:A28H:D60Q:V108Q,0.9224931690788816,L3N:T6H:A28H:D60Q:V108Q,8,0.7534324668071317,1.1662261166642776,0.22791462661459097,0.9083542042034781
L3N:T6H:A28H:G33T,1.0527857872591977,L3N:T6H:A28H:G33T,8,0.8099309791252906,1.1120357125321836,0.32331295986833897,0.8709234998879815
L3N:T6H:A28H:G33T:D60Q,1.0538384271279273,L3N:T6H:A28H:G33T:D60Q,7,0.8693479752275348,1.3649177759642876,0.8721141420409217,0.8483515240940066
L3N:T6H:A28H:G33T:D95Q,1.0260063236557346,L3N:T6H:A28H:G33T:D95Q,7,0.7494573959438051,1.1153508270971177,0.14205320192910403,0.8330493284467382
L3N:T6H:A28H:G33T:I91C,0.9793319459634838,L3N:T6H:A28H:G33T:I91C,8,0.787966116955404,1.2408227282936144,0.4421266236744915,0.8242892678974054
L3N:T6H:A28H:G33T:Q46R,0.8986709838806908,L3N:T6H:A28H:G33T:Q46R,9,0.7981697918557303,0.9337940220472838,0.0291597572918165,0.8598544173836874
L3N:T6H:A28H:G33T:R97D,0.9942757575945378,L3N:T6H:A28H:G33T:R97D,8,0.8248761987815239,1.2622848265813205,0.5867489622706594,0.8671467336002276
L3N:T6H:A28H:G33T:T112E,1.046747504738262,L3N:T6H:A28H:G33T:T112E,7,0.8266129593502831,1.2881354725354293,0.6295058547092485,0.8697038752772028
L3N:T6H:A28H:G33T:V106M,1.0058926976582154,L3N:T6H:A28H:G33T:V106M,8,0.8498345447707687,1.3420559326026855,0.7789898447090934,0.8344579587662391
L3N:T6H:A28H:I91C,1.0057693784145731,L3N:T6H:A28H:I91C,7,0.7269666897786213,0.9865938177097493,-0.11349246969258028,0.9003213089161098
L3N:T6H:A28H:I91C:R97D,0.9510461391497091,L3N:T6H:A28H:I91C:R97D,7,0.7419119094348546,1.1287390292437571,0.13821481704178637,0.868562731850677
L3N:T6H:A28H:I91C:V106M,1.0517890735371735,L3N:T6H:A28H:I91C:V106M,9,0.7668702554240995,1.2228856011268383,0.3512612004560375,0.856016179882887
L3N:T6H:A28H:Q46C,0.4861726328057633,L3N:T6H:A28H:Q46C,9,0.5768499082303726,0.5924449505421933,-1.1458019750415165,0.8474793598881709
L3N:T6H:A28H:Q46C:I91C,0.6281557160312653,L3N:T6H:A28H:Q46C:I91C,7,0.5548850460604859,0.594700508214529,-1.2101163155774761,0.7999969191671025
L3N:T6H:A28H:Q46C:R59N,0.2908620887877662,L3N:T6H:A28H:Q46C:R59N,9,0.45288550806966277,0.27437313878266933,-1.9875433073935966,0.80223484818607
L3N:T6H:A28H:Q46C:R97D,0.5589712642056787,L3N:T6H:A28H:Q46C:R97D,7,0.5917951278866058,0.6448380167793438,-1.0239922766370302,0.8366408537272375
L3N:T6H:A28H:Q46C:V108Q,0.4821237294603502,L3N:T6H:A28H:Q46C:V108Q,7,0.5219338269867522,0.5481754555678743,-1.3788319319292544,0.8410921721812397
L3N:T6H:A28H:Q46I:V106M,0.5819468000204696,L3N:T6H:A28H:Q46I:V106M,7,0.6144473005265593,0.6496018456814427,-0.9474041995095368,0.831256054700772
L3N:T6H:A28H:Q46R:D60Q,0.8089072811448467,L3N:T6H:A28H:Q46R:D60Q,7,0.796587360781192,0.8998801193311101,-0.02479220248535891,0.9361463536779834
L3N:T6H:A28H:Q46R:V108Q,0.7521485300555647,L3N:T6H:A28H:Q46R:V108Q,8,0.6822542834353272,0.7031279969313435,-0.6613160114110153,0.9327312282964798
L3N:T6H:A28H:Q46V:D95Q,0.4171804673366989,L3N:T6H:A28H:Q46V:D95Q,9,0.536128996814232,0.4572788542109876,-1.466711926603815,0.9800198485599838
L3N:T6H:A28H:Q46V:V106M,0.6969091456063065,L3N:T6H:A28H:Q46V:V106M,8,0.6365061456411956,0.6961346974327826,-0.8121896147509986,0.9606168058345046
L3N:T6H:A28H:Q46V:V108Q,0.5473022490023227,L3N:T6H:A28H:Q46V:V108Q,8,0.541686498752097,0.5214798396060698,-1.3566956953342597,1.0102405733552406
L3N:T6H:A28H:R59N,1.0058165173720048,L3N:T6H:A28H:R59N,9,0.6249671517877982,0.8054977946208944,-0.6894110067518888,0.9218468774253328
L3N:T6H:A28H:R59N:I91C,0.8008631861721544,L3N:T6H:A28H:R59N:I91C,7,0.6030022896179115,0.8416594145414378,-0.7046533646490204,0.8654042151327183
L3N:T6H:A28H:R59N:R97D,0.8406236803042257,L3N:T6H:A28H:R59N:R97D,7,0.6399123714440313,0.8979458403004948,-0.5096300452319865,0.8906261527941859
L3N:T6H:A28H:R59N:V108Q,0.7928836873729176,L3N:T6H:A28H:R59N:V108Q,7,0.5700510705441777,0.8348542042514162,-0.8158827592073866,0.9054906266639646
L3N:T6H:A28H:R97D:V106M,1.1494209144633174,L3N:T6H:A28H:R97D:V106M,9,0.8037803372502194,1.2697099593194687,0.5325901423913084,0.8717398159760992
L3N:T6H:A28H:V106M,1.029937003094992,L3N:T6H:A28H:V106M,7,0.7888351175939861,1.0887070631804718,0.2246444281343862,0.9063821031625372
L3N:T6H:A28H:V106M:V108Q,0.8565851531979906,L3N:T6H:A28H:V106M:V108Q,7,0.7339190363503656,1.143520773148074,0.13501683030314543,0.8968621864413041
L3N:T6H:A28K:D60Q:I91C,1.1016434383400682,L3N:T6H:A28K:D60Q:I91C,9,0.7430799240260665,1.154547373063194,0.17916063811567484,0.765020445667343
L3N:T6H:A28K:D60Q:R97D,1.0918145879706571,L3N:T6H:A28K:D60Q:R97D,7,0.7799900058521864,1.1911337301765146,0.34567219997471,0.7892617228549408
L3N:T6H:A28K:D60Q:V106M,1.071921503361405,L3N:T6H:A28K:D60Q:V106M,7,0.8049483518414312,1.2614089349139235,0.5241697376526963,0.7683437482157501
L3N:T6H:A28K:D95Q:R97D,0.9639725192381196,L3N:T6H:A28K:D95Q:R97D,7,0.6600994265684567,1.0316371100958839,-0.2540306472942786,0.7892786200277696
L3N:T6H:A28K:D95Q:V108Q,0.907599989194506,L3N:T6H:A28K:D95Q:V108Q,9,0.5902381256686029,0.8630975625792375,-0.7128973110394053,0.7916196822808136
L3N:T6H:A28K:G33T,0.8950000192521913,L3N:T6H:A28K:G33T,9,0.7666272172704915,1.075871217143106,0.13774066533315538,0.7306071159366545
L3N:T6H:A28K:G33T:D95Q,0.7138611570177239,L3N:T6H:A28K:G33T:D95Q,8,0.706153634089006,1.0902684720653886,-0.027479996257001205,0.7189755502895859
L3N:T6H:A28K:G33T:Q46C,0.5836893724534652,L3N:T6H:A28K:G33T:Q46C,9,0.5945455735523562,0.7209779640058471,-0.9053332840777102,0.5952102799534205
L3N:T6H:A28K:I91C,1.1555729526947154,L3N:T6H:A28K:I91C,8,0.6836629279238222,0.9523840921732231,-0.29623564088205995,0.7590456260689229
L3N:T6H:A28K:I91C:R97D,1.073315316517752,L3N:T6H:A28K:I91C:R97D,8,0.6986081475800555,1.0891763775141794,-0.05227560298152795,0.6963405617507009
L3N:T6H:A28K:I91C:T112E,1.022258229117916,L3N:T6H:A28K:I91C:T112E,9,0.7003449081488149,1.0960303974634233,-0.03701238098696996,0.7387136652008381
L3N:T6H:A28K:I91C:V108Q,0.9561588604838166,L3N:T6H:A28K:I91C:V108Q,8,0.6287468466802019,0.986447154841495,-0.41589549066172626,0.7346069233611678
L3N:T6H:A28K:Q46C:D95Q,0.4910336590848984,L3N:T6H:A28K:Q46C:D95Q,9,0.473072563194088,0.48305540483456677,-1.623410018394495,0.7693613992782691
L3N:T6H:A28K:Q46C:R97D,0.6231738191673153,L3N:T6H:A28K:Q46C:R97D,8,0.5484913660318067,0.6151771813686697,-1.200151874197474,0.6979040306720371
L3N:T6H:A28K:Q46C:V106M,0.5457533440407114,L3N:T6H:A28K:Q46C:V106M,8,0.5734497120210515,0.673932616098844,-1.0383268108888224,0.7132507228423015
L3N:T6H:A28K:Q46I:T112E,0.6185030301328304,L3N:T6H:A28K:Q46I:T112E,9,0.5479219532512747,0.6449121179436089,-1.1588686289549188,0.6666639312658422
L3N:T6H:A28K:Q46R:D95Q,0.6407258183456761,L3N:T6H:A28K:Q46R:D95Q,8,0.6333930196426631,0.6453541427805354,-0.8952620041663211,0.853048588439082
L3N:T6H:A28K:Q46R:R59N,0.4574056826375762,L3N:T6H:A28K:Q46R:R59N,7,0.5699022026634388,0.48002350755845413,-1.329884510911685,0.796941711665692
L3N:T6H:A28K:Q46R:R97D,0.8606631349357315,L3N:T6H:A28K:Q46R:R97D,9,0.7088118224803819,0.7942197687855328,-0.4477706156447889,0.7820306750031033
L3N:T6H:A28K:Q46R:V106M,1.0334264623097706,L3N:T6H:A28K:Q46R:V106M,7,0.7337701684696267,0.8908214060727317,-0.23117103498792893,0.7900753920464707
L3N:T6H:A28K:Q46V,0.6629505109234896,L3N:T6H:A28K:Q46V,9,0.5532988181409184,0.5630785685886924,-1.2607628165007712,0.9320455885182839
L3N:T6H:A28K:Q46V:V106M,0.610211292639317,L3N:T6H:A28K:Q46V:V106M,7,0.5932023837863964,0.6702644670925066,-0.9828630988004265,0.8327614370299775
L3N:T6H:A28K:R59N:D60Q,1.0684230256656395,L3N:T6H:A28K:R59N:D60Q,7,0.6410803860352433,1.0070715881910903,-0.3480995872232011,0.8117389003066323
L3N:T6H:A28K:R59N:T112E,1.0042011172750962,L3N:T6H:A28K:R59N:T112E,7,0.5983453701579916,0.9335426890862718,-0.5859992475448237,0.7557756810767844
L3N:T6H:A28K:R97D,1.064727342398817,L3N:T6H:A28K:R97D,8,0.7205730097499421,0.9673144146332125,-0.1610666911127049,0.7780909876093876
L3N:T6H:A28K:T112E,1.076400418098826,L3N:T6H:A28K:T112E,9,0.7223097703187015,0.9968368683469034,-0.11299561959568671,0.8089781050570317
L3N:T6H:A28K:V108Q:T112E,0.8727684770271619,L3N:T6H:A28K:V108Q:T112E,7,0.667393689075081,1.0472034083438626,-0.20905957225910363,0.772133733561947
L3N:T6H:D60Q:D95Q:R97D,0.8534644931701556,L3N:T6H:D60Q:D95Q:R97D,8,0.7202825284027944,1.1011407812123148,0.03172546072544008,0.8230947561135435
L3N:T6H:D60Q:D95Q:T112E,0.7452406446288876,L3N:T6H:D60Q:D95Q:T112E,7,0.7220192889715537,1.0729431103081835,-0.003741359371791819,0.8141711154091991
L3N:T6H:D60Q:I91C,0.9693607099507484,L3N:T6H:D60Q:I91C,9,0.74384602975816,1.006554872744531,-0.03267070720530385,0.7891557617851842
L3N:T6H:D60Q:I91C:V108Q,0.8538648293613819,L3N:T6H:D60Q:I91C:V108Q,9,0.6889299485145396,1.0597574762177473,-0.12463004705197112,0.7667622803163389
L3N:T6H:D60Q:R97D,0.9566590392410296,L3N:T6H:D60Q:R97D,9,0.7807561115842799,1.043768495658974,0.13474869161448705,0.8199084508115003
L3N:T6H:D60Q:R97D:V106M,1.0443258624890268,L3N:T6H:D60Q:R97D:V106M,7,0.820659677229758,1.3021918855553016,0.6315332652920447,0.7579167254412915
L3N:T6H:D60Q:V106M,0.9245088821430532,L3N:T6H:D60Q:V106M,9,0.8057144575735247,1.105227763363199,0.30048699155290726,0.7868426647595124
L3N:T6H:D60Q:V106M:T112E,0.8844914606445367,L3N:T6H:D60Q:V106M:T112E,8,0.8223964377985172,1.2660724421779461,0.5846013249331596,0.767895359567243
L3N:T6H:D95Q:V106M,0.8471535169608422,L3N:T6H:D95Q:V106M,9,0.685823878289795,0.9367486097712006,-0.3122162072548636,0.7946736137808996
L3N:T6H:D95Q:V108Q:T112E,0.6802363264220784,L3N:T6H:D95Q:V108Q:T112E,8,0.607686211625689,0.902628304295062,-0.6020026439958759,0.7665738850047643
L3N:T6H:G33T:D60Q,0.98109272048557,L3N:T6H:G33T:D60Q,8,0.8268103191048293,1.127642622789395,0.39783300216859574,0.7858958308684348
L3N:T6H:G33T:D60Q:D95Q,0.7975296731201041,L3N:T6H:G33T:D60Q:D95Q,9,0.7663367359233437,1.1350894678023475,0.22255306587096663,0.7662629381050272
L3N:T6H:G33T:D60Q:V106M,0.9862598380285744,L3N:T6H:G33T:D60Q:V106M,8,0.8667138847503073,1.3537569646468597,0.8478569395671952,0.7407230285691526
L3N:T6H:G33T:D95Q,0.8045633604794666,L3N:T6H:G33T:D95Q,8,0.7069197398210996,0.9267730096942425,-0.26174865910310996,0.7673328816844611
L3N:T6H:G33T:D95Q:V106M,0.8996481121237615,L3N:T6H:G33T:D95Q:V106M,8,0.7468233054665776,1.1553481370795866,0.19183675422914392,0.7293929264060561
L3N:T6H:G33T:I91C:R97D,0.8207880987013726,L3N:T6H:G33T:I91C:R97D,9,0.7603736804889317,1.1949651208855938,0.2908642402185495,0.7297587581187167
L3N:T6H:G33T:Q46C,0.570839020131443,L3N:T6H:G33T:Q46C,7,0.5953116792844497,0.6157918196940109,-1.0552113201815578,0.7019921155535798
L3N:T6H:G33T:Q46C:I91C,0.5698244691735267,L3N:T6H:G33T:Q46C:I91C,9,0.573346817114563,0.6439062309997443,-1.0821003411015493,0.6455814009784072
L3N:T6H:G33T:Q46C:V106M,0.6207233621414303,L3N:T6H:G33T:Q46C:V106M,9,0.6352152449299278,0.7378739108606553,-0.7557524576184478,0.6903859150449398
L3N:T6H:G33T:Q46I,0.5655147540879677,L3N:T6H:G33T:Q46I,7,0.5930055059351582,0.635641110342225,-1.0335789458514837,0.7567177942136597
L3N:T6H:G33T:Q46I:R97D,0.5339562022333676,L3N:T6H:G33T:Q46I:R97D,7,0.6079507255913915,0.6621997701515823,-0.9491591848106649,0.7538968437255262
L3N:T6H:G33T:Q46I:T112E,0.6348974840525359,L3N:T6H:G33T:Q46I:T112E,8,0.6096874861601509,0.7318635981634319,-0.842991811569253,0.7758662537757773
L3N:T6H:G33T:Q46R:D95Q,0.5926865745081296,L3N:T6H:G33T:Q46R:D95Q,9,0.6951585525515392,0.7273669240090822,-0.5865329277770643,0.7332806355531387
L3N:T6H:G33T:Q46R:R59N,0.40770073294505,L3N:T6H:G33T:Q46R:R59N,8,0.6316677355723149,0.5458266708125419,-1.044615489718509,0.7747063228361435
L3N:T6H:G33T:Q46R:T112E,0.7522359265679976,L3N:T6H:G33T:Q46R:T112E,9,0.7723141159580174,0.9267879352527642,-0.060529668005342166,0.761097848279519
L3N:T6H:G33T:Q46R:V108Q,0.7672717089790747,L3N:T6H:G33T:Q46R:V108Q,8,0.7007160544894043,0.7956165939365446,-0.4706570665797204,0.7538723154432804
L3N:T6H:G33T:Q46V:D60Q,0.6095111483563233,L3N:T6H:G33T:Q46V:D60Q,7,0.6744813471520388,0.7665559508857983,-0.5934320386198131,0.85220921371207
L3N:T6H:G33T:Q46V:R97D,0.6386703641516074,L3N:T6H:G33T:Q46V:R97D,8,0.6300095707060277,0.6814168521588345,-0.8534785031292664,0.8627809894466363
L3N:T6H:G33T:Q46V:T112E,0.632691540379132,L3N:T6H:G33T:Q46V:T112E,9,0.6317463312747871,0.7238445796550677,-0.786729728304495,0.8725428019890555
L3N:T6H:G33T:R59N,0.7982932637534049,L3N:T6H:G33T:R59N,9,0.6434289228418753,0.8439402109814504,-0.5769726827309386,0.8226114796341423
L3N:T6H:G33T:R59N:R97D,0.7708749524366127,L3N:T6H:G33T:R59N:R97D,9,0.6583741424981084,0.9576930498425575,-0.3663574581971416,0.8014707777255792
L3N:T6H:G33T:R59N:V106M,0.8178872014428978,L3N:T6H:G33T:R59N:V106M,9,0.6833324884873533,1.0181992402272992,-0.20199853971955786,0.7922235803804936
L3N:T6H:G33T:R97D,0.8180977167145579,L3N:T6H:G33T:R97D,9,0.7823385426588183,1.0477479292185428,0.1453767248323906,0.7951485802909124
L3N:T6H:G33T:R97D:V106M,0.9093935721617564,L3N:T6H:G33T:R97D:V106M,7,0.8222421083042963,1.3132815019628277,0.6524518113604133,0.7509301415728192
L3N:T6H:G33T:T112E,0.8216204559631375,L3N:T6H:G33T:T112E,8,0.7840753032275776,1.068110119409892,0.1801902175351892,0.7977133611847707
L3N:T6H:I91C,0.9575164414141,L3N:T6H:I91C,8,0.6844290336559158,0.8359981551032704,-0.4623230507480824,0.7941072094530875
L3N:T6H:I91C:D95Q:T112E,0.7452230671222144,L3N:T6H:I91C:D95Q:T112E,8,0.6406374306994229,0.9624925136363159,-0.41398136894087884,0.7577148430036319
L3N:T6H:I91C:R97D:T112E,0.8007343601951086,L3N:T6H:I91C:R97D:T112E,9,0.7160562335371417,1.1148302834758834,0.03853522659886266,0.7423192108741021
L3N:T6H:I91C:R97D:V106M,0.961880844951323,L3N:T6H:I91C:R97D:V106M,8,0.7392778189576271,1.2228206422546126,0.2662741643844194,0.7075731912998305
L3N:T6H:I91C:T112E,0.7917305848109923,L3N:T6H:I91C:T112E,9,0.7011110138809084,0.9521053173107901,-0.24295698044194142,0.7811031418583226
L3N:T6H:Q46C,0.7305530946422695,L3N:T6H:Q46C,8,0.5343122521076671,0.5202117015245525,-1.3812192387079898,0.788779137014001
L3N:T6H:Q46C:D60Q,0.559139055158298,L3N:T6H:Q46C:D60Q,9,0.5937292482099112,0.6055487397535197,-1.0749046805439202,0.8108075811300555
L3N:T6H:Q46C:D60Q:D95Q,0.4570832976308348,L3N:T6H:Q46C:D60Q:D95Q,8,0.5332556650284257,0.5135166933541859,-1.3941596498777624,0.832478629206226
L3N:T6H:Q46C:D60Q:R97D,0.547163300600317,L3N:T6H:Q46C:D60Q:R97D,9,0.6086744678661445,0.6739030320437764,-0.9299944226572177,0.8056854228373391
L3N:T6H:Q46C:D95Q,0.5571591399846856,L3N:T6H:Q46C:D95Q,7,0.47383866892618154,0.42287914416356503,-1.7081455967151342,0.7957731985011234
L3N:T6H:Q46C:D95Q:V106M,0.4681206433160607,L3N:T6H:Q46C:D95Q:V106M,7,0.5137422345716596,0.5403118380101319,-1.4154157710688349,0.7736265583612449
L3N:T6H:Q46C:I91C:D95Q,0.5015872520849768,L3N:T6H:Q46C:I91C:D95Q,9,0.45187380675629496,0.40933364954745705,-1.7953286784778846,0.7368362152724856
L3N:T6H:Q46C:I91C:T112E,0.5513643659295696,L3N:T6H:Q46C:I91C:T112E,9,0.5290293701627731,0.5659367276147783,-1.3312954834715556,0.7335687703987013
L3N:T6H:Q46C:I91C:V108Q,0.503956754830979,L3N:T6H:Q46C:I91C:V108Q,8,0.45743130869416,0.4478296886668247,-1.7225150178914097,0.7271747499935292
L3N:T6H:Q46C:V106M:T112E,0.7194071424257458,L3N:T6H:Q46C:V106M:T112E,7,0.5908977979781377,0.6666066933215399,-0.9952474333262104,0.7747836749047343
L3N:T6H:Q46C:V106M:V108Q,0.5808320642985807,L3N:T6H:Q46C:V106M:V108Q,8,0.5192997365095247,0.5500494259844587,-1.3842239952349495,0.7647128880425754
L3N:T6H:Q46C:V108Q,0.4566792844701163,L3N:T6H:Q46C:V108Q,8,0.4793961708640466,0.45053272220164314,-1.651024146508275,0.7755493164770424
L3N:T6H:Q46I,0.5693816586289352,L3N:T6H:Q46I,8,0.5320060787583756,0.49013630460189295,-1.431842480019521,0.7891442855497698
L3N:T6H:Q46I:D60Q,0.49811742830437,L3N:T6H:Q46I:D60Q,7,0.5914230748606198,0.5690554067270095,-1.1348165513270707,0.7808097133685625
L3N:T6H:Q46I:D60Q:D95Q,0.3039209593102119,L3N:T6H:Q46I:D60Q:D95Q,8,0.5309494916791344,0.42819303222939753,-1.5247432782700892,0.7958756692608447
L3N:T6H:Q46I:D60Q:I91C,0.5044185580273209,L3N:T6H:Q46I:D60Q:I91C,9,0.5694582126907333,0.5686326618603985,-1.20300717849079,0.7657344880041835
L3N:T6H:Q46I:D60Q:V106M,0.5455550626788125,L3N:T6H:Q46I:D60Q:V106M,9,0.631326640506098,0.6815353376454842,-0.8492548213045679,0.7423088841571706
L3N:T6H:Q46I:D95Q,0.3295913435064693,L3N:T6H:Q46I:D95Q,7,0.47153249557689014,0.34397341914262736,-1.829440595635842,0.7895332548530037
L3N:T6H:Q46I:I91C:T112E,0.5935432986362712,L3N:T6H:Q46I:I91C:T112E,7,0.5267231968134816,0.5371267141237472,-1.3800873450925237,0.7809050053255553
L3N:T6H:Q46I:R59N:D95Q,0.1446329741853934,L3N:T6H:Q46I:R59N:D95Q,9,0.34756809541618033,0.08185922435582249,-2.5901949001079556,0.7556223841706877
L3N:T6H:Q46I:R97D:V106M,0.4537436954452638,L3N:T6H:Q46I:R97D:V106M,8,0.586854864060087,0.6201614725615008,-1.0749060462784221,0.7359794322505988
L3N:T6H:Q46I:V106M,0.5545770274499338,L3N:T6H:Q46I:V106M,8,0.5719096444038537,0.5628490306622838,-1.2038355191738423,0.7696659036374164
L3N:T6H:Q46R:D60Q:D95Q,0.5729538901333383,L3N:T6H:Q46R:D60Q:D95Q,7,0.6935761214770009,0.6836367580827372,-0.6546918896620461,0.8244311470405211
L3N:T6H:Q46R:D60Q:V106M,0.8851352799922025,L3N:T6H:Q46R:D60Q:V106M,8,0.7939532703039645,0.9452307648286776,0.03273919105716055,0.766518091846951
L3N:T6H:Q46R:D95Q:T112E,0.616732907349482,L3N:T6H:Q46R:D95Q:T112E,9,0.6508411055997492,0.6584833177090703,-0.8225781213046744,0.7975159401792437
L3N:T6H:Q46R:R59N:R97D,0.3743011587709151,L3N:T6H:Q46R:R59N:R97D,7,0.5856135280517656,0.4151678727289353,-1.3754108940579,0.752172536175229
L3N:T6H:Q46R:R59N:T112E,0.4674957344357535,L3N:T6H:Q46R:R59N:T112E,8,0.5873502886205249,0.47643604851859356,-1.2813944835874833,0.756616250614033
L3N:T6H:Q46R:T112E,0.7208437071063475,L3N:T6H:Q46R:T112E,8,0.7113146887812347,0.7497506327773976,-0.50442994173379,0.8137874893662462
L3N:T6H:Q46R:V106M:T112E,0.7202918619512052,L3N:T6H:Q46R:V106M:T112E,8,0.7512182544267128,0.882987245886643,-0.18882722551098005,0.7780359989264838
L3N:T6H:Q46R:V106M:V108Q,0.6784584223788261,L3N:T6H:Q46R:V106M:V108Q,9,0.6796201929580998,0.7574800698301013,-0.5907569213485544,0.7679783467362157
L3N:T6H:Q46V,0.5871502487520575,L3N:T6H:Q46V,9,0.5540649238730119,0.5080555534076158,-1.338040142330631,0.9073883394098801
L3N:T6H:Q46V:D60Q:I91C,0.5935932602057312,L3N:T6H:Q46V:D60Q:I91C,8,0.5915170578053695,0.5973001135203239,-1.0936490496280693,0.7479402960062903
L3N:T6H:Q46V:D95Q:V106M,0.453998173678923,L3N:T6H:Q46V:D95Q:V106M,8,0.5334949063370045,0.5071220575095587,-1.402678488771961,0.7418451076113559
L3N:T6H:Q46V:D95Q:V108Q,0.3030069191048758,L3N:T6H:Q46V:D95Q:V108Q,8,0.4386752594479059,0.2931917640062943,-2.0040276047847945,0.7641393325802015
L3N:T6H:Q46V:I91C:V106M,0.501825801808129,L3N:T6H:Q46V:I91C:V106M,9,0.5720036273486033,0.6207606333960327,-1.119731347569627,0.7169539636567226
L3N:T6H:Q46V:R59N:T112E,0.2567066129131327,L3N:T6H:Q46V:R59N:T112E,8,0.4467825039372946,0.25078708487904655,-2.040456195454347,0.823351552585122
L3N:T6H:Q46V:R97D,0.5755449466428122,L3N:T6H:Q46V:R97D,7,0.5690101435292452,0.5132264888978624,-1.28457466990016,0.8330618891476327
L3N:T6H:Q46V:R97D:V106M,0.6414929269828118,L3N:T6H:Q46V:R97D:V106M,9,0.6089137091747232,0.6690079518329108,-0.9363429662370502,0.7317909153232176
L3N:T6H:Q46V:R97D:V108Q,0.3392659809791268,L3N:T6H:Q46V:R97D:V108Q,7,0.5140940622856247,0.4066036795752022,-1.6078480981994723,0.7744341857194177
L3N:T6H:Q46V:V106M,0.5671684705957356,L3N:T6H:Q46V:V106M,7,0.59396848951849,0.5846505805977603,-1.1044143569737677,0.8241854493033148
L3N:T6H:R59N,0.8821041883439058,L3N:T6H:R59N,8,0.5824294956650926,0.6849226481581259,-0.9947931261066905,0.822439428160872
L3N:T6H:R59N:D60Q:D95Q,0.708621648770524,L3N:T6H:R59N:D60Q:D95Q,8,0.5813729085858513,0.8234583653973111,-0.7975422274230547,0.8386730315161275
L3N:T6H:R59N:D60Q:I91C,0.7871709705937403,L3N:T6H:R59N:D60Q:I91C,7,0.6198816295974502,0.9014214224471746,-0.5662279897459267,0.7680311954204154
L3N:T6H:R59N:D95Q:V108Q,0.5290055104132164,L3N:T6H:R59N:D95Q:V108Q,7,0.46703983123998666,0.625991057974982,-1.4351011181212217,0.7764680379995599
L3N:T6H:R59N:I91C:R97D,0.7279478281955521,L3N:T6H:R59N:I91C:R97D,8,0.5754098531514392,0.8048346291903522,-0.8428426143416641,0.7133030365972406
L3N:T6H:R59N:V106M,0.9338465471164414,L3N:T6H:R59N:V106M,8,0.6223330613105706,0.8123042896979337,-0.6876642651225986,0.7933006895541463
L3N:T6H:R59N:V106M:T112E,0.8337568730441738,L3N:T6H:R59N:V106M:T112E,7,0.6390150415355632,0.9471280505483,-0.4412098058158081,0.754779329789095
L3N:T6H:R59N:V106M:V108Q,0.7459364810089284,L3N:T6H:R59N:V106M:V108Q,8,0.5674169800669502,0.840563215302077,-0.8157243977531395,0.7696224173900007
L3N:T6H:R97D,0.916795835663226,L3N:T6H:R97D,8,0.7213391154820357,0.8515557433643822,-0.3262462640179716,0.8196639828322706
L3N:T6H:R97D:V106M,0.9647526586039272,L3N:T6H:R97D:V106M,8,0.7612426811275137,1.0702119284026261,0.11298354048276218,0.7766947047611003
L3N:T6H:R97D:V108Q:T112E,0.7674093584506099,L3N:T6H:R97D:V108Q:T112E,7,0.6831050144634078,1.009219312545062,-0.21569498401675202,0.7725498625369509
L3N:T6H:T112E,0.911166891415542,L3N:T6H:T112E,9,0.7230758760507949,0.8753139882758785,-0.2865176874859864,0.829649920758696
L3N:T6H:V108Q,0.8312599829745411,L3N:T6H:V108Q,8,0.651477814582182,0.7819593687406269,-0.6419132360121873,0.8230724397805985
L3N:T6H:V108Q:T112E,0.9120240734823176,L3N:T6H:V108Q:T112E,7,0.6681597948071745,0.9136496749285061,-0.39999380149451885,0.8040401818151859
L3N:T6S:A28H:D60Q:D95Q,1.0950765670457678,L3N:T6S:A28H:D60Q:D95Q,8,1.0110719327174813,1.3778077945661753,1.326808642678579,0.6581244105881624
L3N:T6S:A28H:D60Q:I91C,1.2121915915296737,L3N:T6S:A28H:D60Q:I91C,9,1.0495806537290802,1.466617115809589,1.5738205949503934,0.653028409766819
L3N:T6S:A28H:D60Q:R97D,1.2465798718981744,L3N:T6S:A28H:D60Q:R97D,7,1.0864907355552,1.5328223346889465,1.7831993072241499,0.687772782187591
L3N:T6S:A28H:D60Q:V108Q,1.2386270826470376,L3N:T6S:A28H:D60Q:V108Q,7,1.0166294346553464,1.4334692263981403,1.4244656438752061,0.6741490508949224
L3N:T6S:A28H:G33T,1.2494034887181331,L3N:T6S:A28H:G33T,7,1.0731279469735053,1.3486158364384515,1.4754856740051256,0.6176606197170034
L3N:T6S:A28H:G33T:Q46C,0.9878018788398416,L3N:T6S:A28H:G33T:Q46C,7,0.9010463032553699,1.0166359947393495,0.46557412841627865,0.5588015772563093
L3N:T6S:A28H:G33T:Q46I,1.0020604053534012,L3N:T6S:A28H:G33T:Q46I,7,0.8987401299060784,1.083188705943695,0.5548000034580292,0.6244883843745723
L3N:T6S:A28H:G33T:Q46V,1.006337818560565,L3N:T6S:A28H:G33T:Q46V,8,0.9207989750207147,1.072609565150024,0.6073568414655182,0.8198455546602106
L3N:T6S:A28H:G33T:R59N,1.0441141329358714,L3N:T6S:A28H:G33T:R59N,9,0.9491635468127955,1.2760034716580198,0.9889959079516684,0.6955569964919881
L3N:T6S:A28H:G33T:R97D,1.0934433536952637,L3N:T6S:A28H:G33T:R97D,9,1.0880731666297385,1.5159609597727224,1.7636645989176434,0.6610917890737912
L3N:T6S:A28H:I91C:D95Q,0.9538116060100136,L3N:T6S:A28H:I91C:D95Q,9,0.9296900744453505,1.2359867251527696,0.871166389626441,0.656186013964096
L3N:T6S:A28H:I91C:V106M,1.0475705354460607,L3N:T6S:A28H:I91C:V106M,8,1.030067223272314,1.4521575383426364,1.4928568323067493,0.6743345100993616
L3N:T6S:A28H:Q46C:R97D,0.7374792048132502,L3N:T6S:A28H:Q46C:R97D,8,0.8549920957348205,0.9435280594851138,0.2180716444089072,0.6952264969317743
L3N:T6S:A28H:Q46I:T112E,0.8811616331880221,L3N:T6S:A28H:Q46I:T112E,7,0.8544226829542885,0.9690047051701347,0.2531918980574681,0.7202347871449766
L3N:T6S:A28H:Q46R:V106M,1.0819446236033636,L3N:T6S:A28H:Q46R:V106M,9,1.0402708981726405,1.1802771753803887,1.1307598923341007,0.784236238351695
L3N:T6S:A28H:Q46R:V108Q,0.9238560789133656,L3N:T6S:A28H:Q46R:V108Q,7,0.9454512512835419,1.0002099554815986,0.5784205418272561,0.8029328271423892
L3N:T6S:A28H:Q46V,0.9500812451007746,L3N:T6S:A28H:Q46V,9,0.8597995478439321,0.9058349629370341,0.17830969475064634,0.8161923602734767
L3N:T6S:A28H:R59N:D95Q,1.0202033738177183,L3N:T6S:A28H:R59N:D95Q,7,0.8276905364545273,1.045904323249052,0.2822419357502308,0.7101755597194345
L3N:T6S:A28H:R59N:V108Q,1.1002892765458916,L3N:T6S:A28H:R59N:V108Q,8,0.8332480383923924,1.1003017699785527,0.3780695810473199,0.7359708656596856
L3N:T6S:A28H:R97D:T112E,1.1363556323260358,L3N:T6S:A28H:R97D:T112E,7,1.0437557196779483,1.4460581499356984,1.5261443199640827,0.7215413041746428
L3N:T6S:A28K:D60Q:T112E,1.1921704215508169,L3N:T6S:A28K:D60Q:T112E,9,1.0449237342691604,1.43502128910249,1.5137643602438824,0.7292941642679037
L3N:T6S:A28K:D95Q:T112E,0.8864494854793554,L3N:T6S:A28K:D95Q:T112E,7,0.9250331549854306,1.2362587955759987,0.8572323168881212,0.7506119780439111
L3N:T6S:A28K:G33T:D95Q,0.9116819317080463,L3N:T6S:A28K:G33T:D95Q,9,0.9693506019372207,1.3069192556826041,1.0958491372389996,0.6399602697510808
L3N:T6S:A28K:G33T:I91C,0.913801107148311,L3N:T6S:A28K:G33T:I91C,8,1.0078593229488195,1.3928123419687881,1.3386404451273899,0.61613355524108
L3N:T6S:A28K:G33T:Q46V,0.8974818892948339,L3N:T6S:A28K:G33T:Q46V,9,0.8774952131659156,1.0161070633131692,0.39234950690688075,0.8417766613542037
L3N:T6S:A28K:G33T:R97D,1.1343135217679938,L3N:T6S:A28K:G33T:R97D,8,1.0447694047749394,1.4321801999418011,1.5091776517486368,0.6581788967526884
L3N:T6S:A28K:I91C:R97D,0.9732351532744874,L3N:T6S:A28K:I91C:R97D,9,0.9618051154282702,1.3056179279262454,1.0707507089088435,0.6809043709350922
L3N:T6S:A28K:Q46C,0.855449357986434,L3N:T6S:A28K:Q46C,7,0.7967431142237882,0.8074677364964142,-0.1580607290323742,0.7194167105287678
L3N:T6S:A28K:Q46C:V106M,0.746981221696897,L3N:T6S:A28K:Q46C:V106M,7,0.8366466798692662,0.9009263691107618,0.09997162251747944,0.742290844844948
L3N:T6S:A28K:Q46I:R97D,0.9284802388748964,L3N:T6S:A28K:Q46I:R97D,7,0.8093821605307301,0.8983716684921298,0.01239009756822247,0.6410638208968534
L3N:T6S:A28K:Q46I:T112E,0.8803992863164309,L3N:T6S:A28K:Q46I:T112E,8,0.8111189210994894,0.954635243192414,0.09916338744344197,0.6777171199039893
L3N:T6S:A28K:Q46I:V108Q,0.7684620479901829,L3N:T6S:A28K:Q46I:V108Q,7,0.7395208596308763,0.7928536707512616,-0.35526596278008804,0.6487225552091099
L3N:T6S:A28K:Q46R:D95Q,0.918960262758458,L3N:T6S:A28K:Q46R:D95Q,7,0.8965899874908778,0.9215304169213403,0.31421791310864,0.8538240842465641
L3N:T6S:A28K:Q46R:R59N,0.8249146958718434,L3N:T6S:A28K:Q46R:R59N,8,0.8330991705116535,0.7500618245299958,-0.129288011753609,0.8519826785152601
L3N:T6S:A28K:Q46R:R97D,0.9598737912024408,L3N:T6S:A28K:Q46R:R97D,8,0.9720087903285966,1.0651580542517318,0.7541284009811672,0.8241164857056671
L3N:T6S:A28K:Q46V,0.9780230889076188,L3N:T6S:A28K:Q46V,8,0.816495785989133,0.8507836061054171,-0.034597408823273335,0.8624530456122049
L3N:T6S:A28K:Q46V:R97D,0.7509479307923854,L3N:T6S:A28K:Q46V:R97D,8,0.8314410056453663,0.8948254851612839,0.07512568072131165,0.8071054581999608
L3N:T6S:A28K:R59N:I91C,0.919978494477534,L3N:T6S:A28K:R59N:I91C,9,0.8228954956113271,1.0468691738981577,0.268885563576895,0.7142322590808965
L3N:T6S:A28K:R59N:V106M,0.9631843112040164,L3N:T6S:A28K:R59N:V106M,7,0.8847639234266919,1.1625058012643907,0.6265947478208669,0.7576937843617156
L3N:T6S:A28K:R97D,1.0652855611573293,L3N:T6S:A28K:R97D,7,0.9837699775981568,1.1904222664858164,0.9716077074873688,0.7202923466702169
L3N:T6S:A28K:V106M,0.948511488148496,L3N:T6S:A28K:V106M,7,1.0087283235874016,1.2345864014467252,1.1123148950688504,0.7289350815716292
L3N:T6S:A28K:V106M:V108Q,1.1209853585880654,L3N:T6S:A28K:V106M:V108Q,9,0.9538122423437811,1.2769978245304663,1.0047375629927027,0.7450116021396945
L3N:T6S:A28K:V108Q,1.2499460374630655,L3N:T6S:A28K:V108Q,7,0.9139086766983031,1.0949621457611705,0.6185083350466796,0.7371610108878678
L3N:T6S:A28K:V108Q:T112E,1.0775163901886728,L3N:T6S:A28K:V108Q:T112E,8,0.9305906569232957,1.2487270874829575,0.8923762194830838,0.744370347696776
L3N:T6S:D60Q,1.1209180583869804,L3N:T6S:D60Q,8,1.0290078597762613,1.1686398365237498,1.0792645274553454,0.8098841116892012
L3N:T6S:D60Q:D95Q:V108Q,0.984715654925208,L3N:T6S:D60Q:D95Q:V108Q,9,0.9136181953511553,1.1963859916465682,0.7644045683527395,0.8195073331821814
L3N:T6S:D60Q:I91C:T112E,1.0560629216290345,L3N:T6S:D60Q:I91C:T112E,9,1.0237249778313673,1.392095525197743,1.3864165011989025,0.8247399129795402
L3N:T6S:D60Q:R97D:V108Q,0.9323075664651668,L3N:T6S:D60Q:R97D:V108Q,8,0.989036998188874,1.3139259184139334,1.166558513738435,0.8569445602222379
L3N:T6S:D60Q:V106M,1.2024297465592044,L3N:T6S:D60Q:V106M,8,1.0689114254217393,1.3355398485152477,1.4435880214972063,0.8152729055964804
L3N:T6S:D95Q:V106M,1.103599638245352,L3N:T6S:D95Q:V106M,8,0.9490208461380096,1.1714031080857865,0.8371695638004124,0.8335237758800584
L3N:T6S:D95Q:V108Q,0.958843294671514,L3N:T6S:D95Q:V108Q,8,0.8542011992489111,0.9927998359704879,0.28694897364060445,0.8267313527657665
L3N:T6S:D95Q:V108Q:T112E,0.9186355594314568,L3N:T6S:D95Q:V108Q:T112E,9,0.8708831794739037,1.1451315813411989,0.5587426040411612,0.833354802262826
L3N:T6S:G33T:D60Q,1.2360022544192883,L3N:T6S:G33T:D60Q,7,1.090007286953044,1.3585965931913755,1.5418630276892669,0.7851073114415119
L3N:T6S:G33T:D95Q,1.0217003828907294,L3N:T6S:G33T:D95Q,7,0.9701167076693142,1.16206939325876,0.8885661075285376,0.7769642835197288
L3N:T6S:G33T:D95Q:V106M,0.9781963842238492,L3N:T6S:G33T:D95Q:V106M,9,1.0100202733147923,1.3783075784841783,1.324296359531342,0.7883367638009623
L3N:T6S:G33T:I91C:D95Q,1.0597554767702253,L3N:T6S:G33T:I91C:D95Q,7,0.9481518454994275,1.268389055291209,0.9748629433981961,0.7612379591451449
L3N:T6S:G33T:I91C:T112E,0.9463827351458816,L3N:T6S:G33T:I91C:T112E,9,1.0253074089059055,1.3934904539279631,1.3933040004914168,0.8234752442720782
L3N:T6S:G33T:Q46I,1.1058687312867113,L3N:T6S:G33T:Q46I,8,0.8562024737833729,0.9577792861771108,0.24242127759965942,0.8429418524736862
L3N:T6S:G33T:Q46I:D60Q,1.024270171274035,L3N:T6S:G33T:Q46I:D60Q,7,0.9156194698856172,1.1085822544779336,0.6434841719286185,0.8225273439585041
L3N:T6S:G33T:Q46R,1.0650621523205666,L3N:T6S:G33T:Q46R,7,1.0188291035812393,1.0815703976241582,0.9219328517872465,0.8719753238882431
L3N:T6S:G33T:Q46R:I91C,1.0474628435597393,L3N:T6S:G33T:Q46R:I91C,7,0.9968642414113529,1.1177825769931764,0.9067636681903226,0.8777327596960336
L3N:T6S:G33T:Q46R:R59N,0.8632368258927418,L3N:T6S:G33T:Q46R:R59N,7,0.8948647034205296,0.8228155308213914,0.16604047682213613,0.9384876473552317
L3N:T6S:G33T:Q46R:R97D,1.0288349217787822,L3N:T6S:G33T:Q46R:R97D,7,1.0337743232374728,1.1690674113598996,1.0945482229234953,0.9035124011757317
L3N:T6S:G33T:Q46R:V108Q,0.9538334346394196,L3N:T6S:G33T:Q46R:V108Q,7,0.963913022337619,1.0573857572753154,0.7179715502411318,0.9011642508417231
L3N:T6S:G33T:Q46V:I91C,0.9393757843502494,L3N:T6S:G33T:Q46V:I91C,7,0.8562964567281225,0.9465210727403756,0.22641650722762488,0.9023204730575339
L3N:T6S:G33T:Q46V:V106M,0.9139471781975876,L3N:T6S:G33T:Q46V:V106M,9,0.9181648845434872,1.0336043163038358,0.5428005991033866,0.9283182020976406
L3N:T6S:G33T:Q46V:V108Q,0.921919659757908,L3N:T6S:G33T:Q46V:V108Q,7,0.8233452376543887,0.8838508277117012,0.03433407834329178,0.9673036898870269
L3N:T6S:G33T:R97D:T112E,1.0490403525760827,L3N:T6S:G33T:R97D:T112E,9,1.0622174907320254,1.4635328754312535,1.6082362665563763,0.8714224457562194
L3N:T6S:G33T:R97D:V106M,1.159025739850008,L3N:T6S:G33T:R97D:V106M,8,1.085439076152511,1.5310029546928134,1.7773305160136061,0.851184293862807
L3N:T6S:G33T:R97D:V108Q,0.9746832289834544,L3N:T6S:G33T:R97D:V108Q,8,0.9906194292634125,1.297250188054794,1.147292487368969,0.8768991882847842
L3N:T6S:G33T:V108Q:T112E,1.0239843553830086,L3N:T6S:G33T:V108Q:T112E,9,0.9923561898321718,1.355121900176687,1.236393222143462,0.8639897055076011
L3N:T6S:I91C,1.04891980598925,L3N:T6S:I91C,9,0.9476260015041305,1.0539892961775044,0.6629459717677384,0.8201097653667099
L3N:T6S:I91C:D95Q:T112E,0.8629537581074782,L3N:T6S:I91C:D95Q:T112E,9,0.9038343985476375,1.1973531451215167,0.7357027370639303,0.8231845077143548
L3N:T6S:I91C:D95Q:V108Q,0.8877111748559078,L3N:T6S:I91C:D95Q:V108Q,8,0.8322363370790246,1.0683020531623848,0.32864395904711924,0.8190411764828419
L3N:T6S:I91C:R97D,1.1240000508007602,L3N:T6S:I91C:R97D,7,0.9625712211603636,1.1861026565231083,0.900134237574551,0.8328417094875681
L3N:T6S:I91C:R97D:V106M,1.184413262432919,L3N:T6S:I91C:R97D:V106M,7,1.0024747868058417,1.4455708504540545,1.3984309480809876,0.830096118417633
L3N:T6S:I91C:T112E,0.8791497913215068,L3N:T6S:I91C:T112E,8,0.964307981729123,1.164631950836251,0.8744033024036655,0.8406751858195856
L3N:T6S:I91C:V108Q,0.9687342895222192,L3N:T6S:I91C:V108Q,9,0.89270992026051,1.0769978496218426,0.5272870159654808,0.8505793978814298
L3N:T6S:Q46C,1.044700180637501,L3N:T6S:Q46C,7,0.7975092199558818,0.7781879966436983,-0.1980800108365913,0.8571535058307821
L3N:T6S:Q46C:D60Q:D95Q,0.7223649592477935,L3N:T6S:Q46C:D60Q:D95Q,9,0.7964526328766405,0.8118185712302746,-0.15265751679893444,0.9022283182597362
L3N:T6S:Q46C:D60Q:V106M,0.8239796997841523,L3N:T6S:Q46C:D60Q:V106M,8,0.8968297817036041,0.98415158582863,0.40558681775890054,0.8945925978329884
L3N:T6S:Q46C:D60Q:V108Q,0.725541512529619,L3N:T6S:Q46C:D60Q:V108Q,8,0.8020101348145054,0.8439843786166328,-0.08900555182394057,0.8959141202553829
L3N:T6S:Q46C:D95Q:T112E,0.7652520718234859,L3N:T6S:Q46C:D95Q:T112E,7,0.7537176169993888,0.771538602701999,-0.34243625608679795,0.8952425738147318
L3N:T6S:Q46C:D95Q:V108Q,0.5724910969326299,L3N:T6S:Q46C:D95Q:V108Q,8,0.6821195555307757,0.6191757580268203,-0.7832339541878186,0.8785277463227807
L3N:T6S:Q46C:I91C:T112E,0.7629459062277684,L3N:T6S:Q46C:I91C:T112E,8,0.7922263380109876,0.8117822137446131,-0.16571308198007337,0.8778750773866847
L3N:T6S:Q46C:R97D:V108Q,0.6342870411418154,L3N:T6S:Q46C:R97D:V108Q,9,0.7575383583684945,0.7250199990813114,-0.3980070846167638,0.9133586410992225
L3N:T6S:Q46I:D60Q:I91C,0.8532823254469261,L3N:T6S:Q46I:D60Q:I91C,8,0.8326551805389479,0.9137911779619433,0.10631020605195489,0.8697050205792937
L3N:T6S:Q46I:D60Q:T112E,1.0197514857369196,L3N:T6S:Q46I:D60Q:T112E,7,0.8713020229338271,1.0055168775296575,0.35796796511916684,0.8832979386221911
L3N:T6S:Q46I:D95Q:T112E,0.7659436026703659,L3N:T6S:Q46I:D95Q:T112E,9,0.7514114436500974,0.7719679779163884,-0.34891017572975896,0.9009891454430657
L3N:T6S:Q46I:D95Q:V108Q,0.5245141993878766,L3N:T6S:Q46I:D95Q:V108Q,8,0.6798133821814843,0.5842777044688615,-0.8408369892880826,0.8618537767330842
L3N:T6S:Q46I:I91C,0.8726071499195973,L3N:T6S:Q46I:I91C,9,0.7732381844367037,0.7954474391663114,-0.24777469551900805,0.8793240465938974
L3N:T6S:Q46I:R59N:D95Q,0.4705718477743882,L3N:T6S:Q46I:R59N:D95Q,8,0.610765063264395,0.4542224958509189,-1.2415042827022145,0.8878134796759729
L3N:T6S:Q46I:R59N:I91C,0.5731395769031117,L3N:T6S:Q46I:R59N:I91C,9,0.6492737842759939,0.530412516296815,-1.012756147240406,0.8836307704764231
L3N:T6S:Q46I:R59N:R97D,0.6082403895956486,L3N:T6S:Q46I:R59N:R97D,9,0.6861838661021138,0.5896561821754259,-0.8134528369844696,0.8916899067809578
L3N:T6S:Q46I:R59N:V108Q,0.4994605277192303,L3N:T6S:Q46I:R59N:V108Q,7,0.61632256520226,0.5021053800703361,-1.15510511352996,0.8896849993999241
L3N:T6S:Q46I:R97D,0.9702589654445648,L3N:T6S:Q46I:R97D,7,0.8101482662628235,0.8191915527862199,-0.09984961371592901,0.886864216489623
L3N:T6S:Q46I:V106M,0.8768718242616895,L3N:T6S:Q46I:V106M,7,0.8351066122520684,0.8843453212472379,0.07123570870092916,0.8851087221613338
L3N:T6S:Q46R:D60Q:I91C,1.035927711564658,L3N:T6S:Q46R:D60Q:I91C,9,0.9952818103368144,1.0960767722212235,0.870480394501977,0.9114665257288254
L3N:T6S:Q46R:D60Q:V108Q,0.9453259205565177,L3N:T6S:Q46R:D60Q:V108Q,7,0.9623305912630806,1.052972851709254,0.7067161563282204,0.906204590151195
L3N:T6S:Q46R:D95Q:T112E,0.9512647970271796,L3N:T6S:Q46R:D95Q:T112E,8,0.9140380734479638,0.9478406842484043,0.4059786894357199,0.9205076064081391
L3N:T6S:Q46R:D95Q:V108Q,0.8820641123149829,L3N:T6S:Q46R:D95Q:V108Q,9,0.8424400119793508,0.7865279308537649,-0.047772142594136396,0.9038059135880788
L3N:T6S:Q46R:I91C:T112E,0.9235848823648736,L3N:T6S:Q46R:I91C:T112E,9,0.9525467944595627,1.0228890692337855,0.6330745446920549,0.9382976403284499
L3N:T6S:Q46R:I91C:V108Q,0.9752651684134211,L3N:T6S:Q46R:I91C:V108Q,8,0.8809487329909498,0.9022729732355422,0.23822367133610406,0.9420209692184284
L3N:T6S:Q46R:R59N:D95Q,0.7338318140238842,L3N:T6S:Q46R:R59N:D95Q,9,0.7733916930622615,0.5704613916264897,-0.5729229720646204,0.9432948639019783
L3N:T6S:Q46R:R59N:V106M,0.6971869904644739,L3N:T6S:Q46R:R59N:V106M,8,0.8737688418892251,0.7765808547028284,0.03422022904404515,0.9514785034979314
L3N:T6S:Q46R:T112E,0.9913612763083208,L3N:T6S:Q46R:T112E,7,0.9745116566294494,1.0167740013569917,0.6918030458474018,0.9308815348456818
L3N:T6S:Q46V:D60Q,0.8440183711519582,L3N:T6S:Q46V:D60Q,7,0.8766788878234707,0.9172481821625965,0.24676024033402677,0.8573770253701081
L3N:T6S:Q46V:R97D:T112E,0.8397468035584744,L3N:T6S:Q46V:R97D:T112E,7,0.8488890916024523,0.9299109609095001,0.17958674858158613,0.8714420321597112
L3N:T6S:Q46V:V106M,0.8555432909543531,L3N:T6S:Q46V:V106M,8,0.8571654573667046,0.8786642759018611,0.1308815225099274,0.892552024330647
L3N:T6S:Q46V:V108Q:T112E,0.8463752713433333,L3N:T6S:Q46V:V108Q:T112E,7,0.7790277907025986,0.8143599745916845,-0.20258997882795282,0.8860786694064992
L3N:T6S:R59N:D95Q:T112E,0.9905386731110252,L3N:T6S:R59N:D95Q:T112E,7,0.8018348605568143,1.0325252959446887,0.18332900275795894,0.8616435120304133
L3N:T6S:R59N:I91C:T112E,0.881157830714338,L3N:T6S:R59N:I91C:T112E,8,0.8403435815684132,1.056909883326479,0.33709953411732785,0.8431210382093336
L3N:T6S:R59N:R97D,1.0075637802871973,L3N:T6S:R59N:R97D,9,0.8605716831695405,1.008192325954571,0.32882632875349915,0.8795124222976229
L3N:T6S:R59N:V106M:V108Q,1.0081351760379524,L3N:T6S:R59N:V106M:V108Q,9,0.8306139479151649,1.0700561005677975,0.3261910105077762,0.9064117532021461
L3N:T6S:R59N:V108Q,1.18635541326245,L3N:T6S:R59N:V108Q,7,0.7907103822696868,0.9306994008657036,0.0017307401156299793,0.8867174448219836
L3N:T6S:R97D:V106M,1.1392985880867503,L3N:T6S:R97D:V106M,7,1.0244396489757284,1.299628438042606,1.254788410889033,0.8568551817553408
L3N:T6S:R97D:V106M:T112E,1.099547623552436,L3N:T6S:R97D:V106M:T112E,8,1.041121629200721,1.4638009524901752,1.543719095139029,0.8736309498095862
L3N:T6S:V106M:V108Q:T112E,1.026684179948813,L3N:T6S:V106M:V108Q:T112E,8,0.9712603283008673,1.3087463235301964,1.104369050116968,0.8856752304249105
L3N:T6S:V108Q,1.061590828651115,L3N:T6S:V108Q,9,0.9146747824303966,1.0075931553757966,0.49441692853586006,0.8503862482415597
L3N:T6S:V108Q:T112E,0.9796973603289107,L3N:T6S:V108Q:T112E,8,0.9313567626553891,1.133818954014903,0.7284276233833156,0.8649234783237876
L3N:V106M:T112E,0.9635854260141498,L3N:V106M:T112E,9,0.8329671841211729,0.8900809269647911,0.07295447679990247,0.7289947345604637
L3N:V106M:V108Q:T112E,0.8680785802638199,L3N:V106M:V108Q:T112E,7,0.7780511028775525,0.905386713927073,-0.07385263358047588,0.7062883517650743
Q46C:D60Q:D95Q:R97D,0.6392212949461484,Q46C:D60Q:D95Q:R97D,9,0.6644218063430991,0.5979731460700332,-0.868370593435158,0.8786734112900582
Q46C:D60Q:D95Q:R97D:V108Q,0.4978221361833058,Q46C:D60Q:D95Q:R97D:V108Q,7,0.6095057250994786,0.457318632934238,-1.2408978444421244,0.8376994044888306
Q46C:D60Q:D95Q:V108Q,0.3704201897031504,Q46C:D60Q:D95Q:V108Q,7,0.5945605054432455,0.4016462503733085,-1.3674536720942267,0.8402012489980282
Q46C:D60Q:I91C:D95Q:V106M,0.4841061725386397,Q46C:D60Q:I91C:D95Q:V106M,9,0.6674152901624573,0.5530485356377727,-0.9241796523901853,0.8232466918342682
Q46C:D60Q:I91C:R97D,0.652170530637089,Q46C:D60Q:I91C:R97D,8,0.702930527354698,0.6157973659772439,-0.7240948313728023,0.8347169251145803
Q46C:D60Q:I91C:R97D:T112E,0.5737603068919502,Q46C:D60Q:I91C:R97D:T112E,7,0.7196125075796905,0.6860234320500215,-0.5711321179794355,0.8270434358136851
Q46C:D60Q:R97D:V106M:T112E,0.698368399719613,Q46C:D60Q:R97D:V106M:T112E,9,0.7814809353950553,0.8254149255280119,-0.17904269904791986,0.8259670447830747
Q46C:D60Q:R97D:V108Q,0.6070700072677354,Q46C:D60Q:R97D:V108Q,8,0.6699793082809642,0.5294309852326292,-0.9504724948953425,0.8421711954603515
Q46C:D60Q:T112E,0.6956280587227137,Q46C:D60Q:T112E,9,0.7266321500933439,0.6510216759220568,-0.6001927154908187,0.8522283098151082
Q46C:D60Q:V106M,0.7929370628649417,Q46C:D60Q:V106M,8,0.7498537355138294,0.6615692670001962,-0.5134819445822775,0.8419019244179742
Q46C:D60Q:V106M:T112E,0.55473758655526,Q46C:D60Q:V106M:T112E,7,0.766535715738822,0.6899099626525498,-0.42113960506321957,0.8390546616395227
Q46C:D60Q:V108Q:T112E,0.666110636142624,Q46C:D60Q:V108Q:T112E,9,0.6717160688497235,0.585748245563831,-0.8636215062201545,0.8313798108182658
Q46C:D95Q:R97D:T112E,0.7376677115408844,Q46C:D95Q:R97D:T112E,9,0.6216867904658474,0.5937096035243579,-1.006023036912182,0.8167067962772996
Q46C:D95Q:R97D:V106M,0.6468397182797923,Q46C:D95Q:R97D:V106M,8,0.644908375886333,0.6510061259620817,-0.8516528978567965,0.8013053695694871
Q46C:D95Q:R97D:V108Q,0.4549038360054847,Q46C:D95Q:R97D:V108Q,8,0.5500887289972345,0.38212827273340155,-1.5325271936782676,0.7903495584210374
Q46C:D95Q:R97D:V108Q:T112E,0.5700925562703495,Q46C:D95Q:R97D:V108Q:T112E,7,0.5667707092222269,0.4551281575951147,-1.3755499537245042,0.7751956228237372
Q46C:D95Q:T112E,0.589074955920776,Q46C:D95Q:T112E,7,0.6067415708096142,0.5065921149768262,-1.178089124167852,0.8240595806826427
Q46C:D95Q:V106M,0.6066851469567164,Q46C:D95Q:V106M,8,0.6299631562300997,0.532409816774269,-1.0692780396745256,0.822418298232143
Q46C:D95Q:V108Q:T112E,0.5131158280026928,Q46C:D95Q:V108Q:T112E,7,0.5518254895659938,0.39483724645620555,-1.5087901422008283,0.7904391691199395
Q46C:I91C:D95Q:T112E,0.513395152464284,Q46C:I91C:D95Q:T112E,9,0.5847767086397275,0.4296110639068563,-1.3570819980026052,0.7979574408145333
Q46C:I91C:D95Q:V106M:V108Q,0.3902782842365895,Q46C:I91C:D95Q:V106M:V108Q,8,0.5530822128165926,0.38717105385436323,-1.5160188318470795,0.7692316660518587
Q46C:I91C:R97D,0.704245261952757,Q46C:I91C:R97D,7,0.6435135312524538,0.5556448590140245,-0.9939600114878142,0.7896168076438361
Q46C:I91C:R97D:V108Q,0.4741827269865925,Q46C:I91C:R97D:V108Q,7,0.5885974500088333,0.41607097976921303,-1.3649232693908606,0.7824726268561286
Q46C:I91C:V106M:T112E,0.636412272728094,Q46C:I91C:V106M:T112E,8,0.6851538574666911,0.585667494344981,-0.8223946382855303,0.8038025626293125
Q46C:R59N:D60Q:D95Q:V108Q,0.2202412988337071,Q46C:R59N:D60Q:D95Q:V108Q,9,0.4705961052825356,0.06445898849483628,-2.236860648115088,0.8414439350814215
Q46C:R59N:D60Q:I91C:R97D,0.260643375703618,Q46C:R59N:D60Q:I91C:R97D,8,0.5789661271939881,0.25127022052597947,-1.633070610229285,0.8066833154215957
Q46C:R59N:D60Q:R97D:T112E,0.3708055216975979,Q46C:R59N:D60Q:R97D:T112E,9,0.6176129695888674,0.4005753785331928,-1.298078544623849,0.8183050753227001
Q46C:R59N:I91C:R97D,0.2248619557684893,Q46C:R59N:I91C:R97D,7,0.5195491310917439,0.1594387016012203,-1.9487845802630994,0.7510261041460152
Q46C:R59N:I91C:R97D:V106M,0.2269215437331841,Q46C:R59N:I91C:R97D:V106M,7,0.559452696737222,0.2553245004579621,-1.687239409712431,0.728660627272255
Q46C:R59N:I91C:V106M,0.2346324823302941,Q46C:R59N:I91C:V106M,7,0.5445074770809888,0.17965590278834398,-1.8427356054164945,0.775704961754037
Q46C:R59N:I91C:V106M:T112E,0.1790967124326676,Q46C:R59N:I91C:V106M:T112E,8,0.5611894573059814,0.19963599785178465,-1.7624934987096674,0.7495852568084519
Q46C:R59N:I91C:V108Q,0.2092615304715618,Q46C:R59N:I91C:V108Q,9,0.44968783019189024,0.04906393782544893,-2.3234698006713694,0.7734332134002142
Q46C:R59N:R97D,0.2658266952311427,Q46C:R59N:R97D,9,0.5415139932616305,0.2647168088257891,-1.7288375950902828,0.7958963916651907
Q46C:R59N:R97D:V106M,0.3308876321327139,Q46C:R59N:R97D:V106M,9,0.5814175589071087,0.307453656629903,-1.5442144918747656,0.7826196633498337
Q46C:R59N:R97D:V106M:T112E,0.3161435636461455,Q46C:R59N:R97D:V106M:T112E,8,0.5980995391321012,0.3574810494224986,-1.420485162684982,0.7558904065380633
Q46C:R97D:V106M,0.7320149956238186,Q46C:R97D:V106M,7,0.7053819590678184,0.6708799548230442,-0.6368319607727164,0.8102824235296922
Q46C:R97D:V106M:T112E,0.6920549497316751,Q46C:R97D:V106M:T112E,8,0.722063939292811,0.7080129936569923,-0.5317645307137024,0.8095887459501149
Q46C:R97D:V106M:V108Q,0.5019614907032267,Q46C:R97D:V106M:V108Q,9,0.6504658778241981,0.5386780918733043,-0.997125756294768,0.7999797633469047
Q46C:R97D:V108Q:T112E,0.5422644773687608,Q46C:R97D:V108Q:T112E,8,0.6272442924037125,0.506435074123555,-1.115236151057521,0.8022581809694745
Q46C:V106M:T112E,0.6879932119711715,Q46C:V106M:T112E,8,0.7071187196365778,0.6155971173081738,-0.7114989338090352,0.8311101251330305
Q46I:D60Q:D95Q,0.4207618650075356,Q46I:D60Q:D95Q,7,0.6471704133375744,0.4579197485490605,-1.1241457649486295,0.8284986855946381
Q46I:D60Q:D95Q:R97D,0.4780765265829889,Q46I:D60Q:D95Q:R97D,9,0.6621156329938077,0.4932795089093124,-1.026988238894744,0.8318251359265161
Q46I:D60Q:D95Q:R97D:V108Q,0.2885427124539654,Q46I:D60Q:D95Q:R97D:V108Q,9,0.6071995517501872,0.32077572961076195,-1.4456106874140893,0.7826610890362132
Q46I:D60Q:D95Q:V106M,0.5110876068912046,Q46I:D60Q:D95Q:V106M,7,0.6870739789830526,0.5130614862056369,-0.9215691602318055,0.7975941956226997
Q46I:D60Q:D95Q:V106M:V108Q,0.334152952045999,Q46I:D60Q:D95Q:V106M:V108Q,7,0.6321578977394321,0.39169628463792105,-1.266179139234301,0.755841522050506
Q46I:D60Q:D95Q:V108Q,0.2708367951809939,Q46I:D60Q:D95Q:V108Q,7,0.592254332093954,0.3122425466591326,-1.5039423146886293,0.7872254005951945
Q46I:D60Q:I91C:D95Q:V106M,0.3622270618201667,Q46I:D60Q:I91C:D95Q:V106M,9,0.665109116813166,0.490789341508175,-1.021382255416712,0.8020801267320031
Q46I:D60Q:I91C:D95Q:V108Q,0.2847925108865549,Q46I:D60Q:I91C:D95Q:V108Q,7,0.5702894699240674,0.2537614349361833,-1.6561603688521782,0.8034791710852313
Q46I:D60Q:R97D:V106M:T112E,0.738176839296779,Q46I:D60Q:R97D:V106M:T112E,9,0.7791747620457639,0.7705378016749495,-0.2655612886435478,0.7908330206817399
Q46I:D60Q:V108Q,0.5935457276732199,Q46I:D60Q:V108Q,8,0.6527279152754395,0.5070732749994193,-1.035907605066086,0.7944027948103264
Q46I:D95Q:R97D:T112E,0.531135503575456,Q46I:D95Q:R97D:T112E,9,0.619380617116556,0.49891206507708086,-1.1503181349552243,0.8144520383399745
Q46I:D95Q:V106M:T112E,0.5175696997246421,Q46I:D95Q:V106M:T112E,7,0.6443389631058009,0.497790870997009,-1.0751520551622207,0.8088051465897564
Q46I:D95Q:V108Q:T112E,0.3259455728018052,Q46I:D95Q:V108Q:T112E,9,0.5495193162167024,0.31532964145547354,-1.6309562373786863,0.7820568381433228
Q46I:I91C:D95Q:V108Q:T112E,0.2416040144969019,Q46I:I91C:D95Q:V108Q:T112E,9,0.5275544540468158,0.25307579523467993,-1.7886345411112905,0.7913743743596734
Q46I:I91C:R97D:V106M,0.5399310303467031,Q46I:I91C:R97D:V106M,7,0.6811109235486404,0.6094686360875293,-0.8003862320500442,0.7852279513525824
Q46I:I91C:R97D:V108Q,0.2645540405419604,Q46I:I91C:R97D:V108Q,7,0.586291276659542,0.3325635614699016,-1.4928782635363897,0.797143005146791
Q46I:R59N:D60Q:I91C:V108Q,0.2668624866360548,Q46I:R59N:D60Q:I91C:V108Q,8,0.506798652944843,0.1597774837423086,-1.9875233695440138,0.7991552778305081
Q46I:R59N:D60Q:R97D:T112E,0.3600230749315327,Q46I:R59N:D60Q:R97D:T112E,7,0.615306796239576,0.4217771062436733,-1.274488798554355,0.7936105910226632
Q46I:R59N:D60Q:V106M:T112E,0.3685530148314616,Q46I:R59N:D60Q:V106M:T112E,7,0.6402651422288208,0.44627439501365607,-1.1622452859280104,0.7788065778939762
Q46I:R59N:D95Q:R97D:T112E,0.2725227343213077,Q46I:R59N:D95Q:R97D:T112E,9,0.4954162169558462,0.20830390465942272,-1.9523115363331582,0.7730894505873264
Q46I:R59N:D95Q:R97D:V108Q,0.1331405472666408,Q46I:R59N:D95Q:R97D:V108Q,8,0.42381815548723323,-0.0526445088773978,-2.550264291574069,0.7430315281323415
Q46I:R59N:D95Q:V108Q:T112E,0.1672440394755728,Q46I:R59N:D95Q:V108Q:T112E,9,0.4255549160559925,0.03294459573743924,-2.421048388212601,0.7480250489403484
Q46I:R59N:I91C,0.2174961944598047,Q46I:R59N:I91C,9,0.5022977380862192,0.23202446131258042,-1.8968087379415248,0.8062434380901303
Q46I:R59N:I91C:D95Q:R97D,0.2284529250297998,Q46I:R59N:I91C:D95Q:R97D,8,0.45676937456096706,0.05078160112861463,-2.2991962133401396,0.7703088581430245
Q46I:R59N:I91C:D95Q:V108Q,0.1089401976525328,Q46I:R59N:I91C:D95Q:V108Q,8,0.38690807366111335,-0.13350232115734806,-2.780849589375336,0.7685265594196838
Q46I:R59N:R97D:V108Q,0.1984819682164956,Q46I:R59N:R97D:V108Q,9,0.4842917386687187,0.09934988058095184,-2.1442262851527807,0.7620053882214622
Q46I:R59N:V106M,0.3713749905229642,Q46I:R59N:V106M,7,0.564166165901584,0.3409025335140257,-1.5488811585115285,0.7988587801021875
Q46I:R59N:V106M:V108Q,0.1885043445712207,Q46I:R59N:V106M:V108Q,9,0.5092500846579635,0.2025326817952845,-1.9181018366533669,0.780941119108299
Q46I:R59N:V108Q,0.2634596037012521,Q46I:R59N:V108Q,9,0.4693465190124855,0.2171622468140756,-2.019698972609997,0.7857504943291926
Q46I:R97D:T112E,0.7012100609900891,Q46I:R97D:T112E,8,0.6798542002980416,0.5837382656906805,-0.8414921307045897,0.8261583647910749
Q46I:R97D:V106M,0.6804763401080262,Q46I:R97D:V106M,9,0.703075785718527,0.6189426044642398,-0.7190958388416485,0.7912809145966635
Q46I:V106M:V108Q:T112E,0.5931062826126411,Q46I:V106M:V108Q:T112E,8,0.6498964650436659,0.5102960388202176,-1.0399547823378061,0.8080730680327379
Q46R:D60Q:D95Q:R97D:T112E,0.9067911980937484,Q46R:D60Q:D95Q:R97D:T112E,9,0.8414242430166667,0.8484893660026245,0.03877897181102655,0.8174487407345792
Q46R:D60Q:D95Q:T112E,0.7542873078477026,Q46R:D60Q:D95Q:T112E,7,0.8264790233604336,0.7215796458964994,-0.19087810557227897,0.8312801377321578
Q46R:D60Q:D95Q:V106M:T112E,0.8689178647123997,Q46R:D60Q:D95Q:V106M:T112E,7,0.8663825890059116,0.8372452706019303,0.09929425452167627,0.7841025392328105
Q46R:D60Q:I91C,0.910375891766292,Q46R:D60Q:I91C,9,0.8483057641470398,0.7635378245905239,-0.0629985199869002,0.853524210707124
Q46R:D60Q:I91C:D95Q:T112E,0.5158443533107486,Q46R:D60Q:I91C:D95Q:T112E,7,0.8045141611905469,0.6807957162036646,-0.3174831645439768,0.8282215448027844
Q46R:D60Q:I91C:R97D,0.6989205198654357,Q46R:D60Q:I91C:R97D,9,0.8632509838032731,0.8091806327883236,0.04904158196932462,0.832715868513515
Q46R:D60Q:I91C:R97D:V108Q,0.5190340523035611,Q46R:D60Q:I91C:R97D:V108Q,9,0.8083349025596527,0.7050932706086923,-0.2705623132160103,0.8042182097706896
Q46R:D60Q:I91C:V106M:T112E,0.9893178614166824,Q46R:D60Q:I91C:V106M:T112E,8,0.9048913100175104,0.9259088925661387,0.34609533734933906,0.7935047127728326
Q46R:D60Q:V106M:V108Q,0.939271345904168,Q46R:D60Q:V106M:V108Q,9,0.8552581107187841,0.8081458983885407,0.022952528050294047,0.7890278161835641
Q46R:D95Q:R97D,0.866541741146311,Q46R:D95Q:R97D,9,0.76532526668943,0.690936077060053,-0.42337867864230694,0.8153150944186196
Q46R:D95Q:R97D:V106M,0.8734893459007973,Q46R:D95Q:R97D:V106M,9,0.805228832334908,0.8225383705926368,-0.11014130055003958,0.772271960032906
Q46R:D95Q:V106M:V108Q:T112E,0.6076633416062525,Q46R:D95Q:V106M:V108Q:T112E,8,0.752049511660047,0.6529095731866644,-0.5192593581949541,0.745556676817806
Q46R:I91C:D95Q:V106M:V108Q,0.4549021671978561,Q46R:I91C:D95Q:V106M:V108Q,9,0.7134026692651677,0.5810803458726953,-0.7421211062756263,0.7627522650509289
Q46R:I91C:R97D:V108Q:T112E,0.6035089308489173,Q46R:I91C:R97D:V108Q:T112E,7,0.765599886682401,0.6699950608104067,-0.4528415330204485,0.775531287150225
Q46R:I91C:V106M:T112E,0.9032154577803037,Q46R:I91C:V106M:T112E,7,0.8454743139152663,0.8085673995217183,-0.006539021668399508,0.8126618570454485
Q46R:I91C:V108Q,0.852343419107404,Q46R:I91C:V108Q,8,0.7339726868011751,0.6164476294069311,-0.6276470043076874,0.8357798974819886
Q46R:I91C:V108Q:T112E,0.7277545451992455,Q46R:I91C:V108Q:T112E,9,0.7506546670261678,0.6465603014432499,-0.5327400970215491,0.816972093021698
Q46R:R59N:D60Q,0.733494779056894,Q46R:R59N:D60Q,7,0.7463062261562167,0.5415297634737573,-0.6981287344485555,0.857652907728587
Q46R:R59N:D60Q:I91C:V106M,0.3855141261499243,Q46R:R59N:D60Q:I91C:V106M,7,0.7642449296318081,0.523135942045305,-0.669558369564885,0.8054763502444425
Q46R:R59N:D60Q:R97D:V106M,0.5598648968985622,Q46R:R59N:D60Q:R97D:V106M,7,0.801155011457928,0.6545288060683222,-0.36583408075857626,0.7828688923092679
Q46R:R59N:D60Q:R97D:V108Q,0.3177881335145672,Q46R:R59N:D60Q:R97D:V108Q,9,0.7063353645688294,0.4153027595955094,-1.0037935451353925,0.7988899457912235
Q46R:R59N:D60Q:V106M,0.4523031535899011,Q46R:R59N:D60Q:V106M,7,0.7862097918016947,0.5793967279800256,-0.5205537758065844,0.8212074657864408
Q46R:R59N:D95Q:R97D:V106M,0.5252978862377337,Q46R:R59N:D95Q:R97D:V106M,7,0.6812644321741983,0.457101806932126,-1.0204332733735146,0.7622626280766781
Q46R:R59N:D95Q:T112E,0.3630007989555154,Q46R:R59N:D95Q:T112E,8,0.6430976270974795,0.32905221138798263,-1.3231854073077485,0.8028148490235645
Q46R:R59N:D95Q:V106M:T112E,0.3781190980030404,Q46R:R59N:D95Q:V106M:T112E,8,0.6830011927429576,0.39286252348179757,-1.1080628416010119,0.7704221535698502
Q46R:R59N:D95Q:V108Q,0.2492497893079418,Q46R:R59N:D95Q:V108Q,9,0.5714995656288664,0.16901551041729518,-1.775089418496659,0.7987734248888231
Q46R:R59N:D95Q:V108Q:T112E,0.2662089659280973,Q46R:R59N:D95Q:V108Q:T112E,8,0.5881815458538591,0.2204681657683979,-1.649297317787881,0.7497146482055228
Q46R:R59N:I91C:D95Q:V106M,0.2070169817466153,Q46R:R59N:I91C:D95Q:V106M,7,0.6443543503480784,0.2795744525646735,-1.3909276545798335,0.7860821646764689
Q46R:R59N:I91C:T112E,0.4403362884066312,Q46R:R59N:I91C:T112E,9,0.6816063481090784,0.37154556290069923,-1.1432062011533455,0.7990098135268379
Q46R:R59N:I91C:V106M:V108Q,0.2642571646414097,Q46R:R59N:I91C:V106M:V108Q,8,0.6499118522859434,0.32776623034943214,-1.3040814261305473,0.7884022793278747
Q46R:R59N:I91C:V108Q:T112E,0.316881124577317,Q46R:R59N:I91C:V108Q:T112E,9,0.6266902668654579,0.295212545321374,-1.4226414472514433,0.7705500274096518
Q46R:R59N:R97D:T112E,0.4958848507266316,Q46R:R59N:R97D:T112E,7,0.7185164299351983,0.48529220530726436,-0.8650211529248547,0.7795762232377912
Q46R:R59N:R97D:V108Q,0.2512621924360287,Q46R:R59N:R97D:V108Q,8,0.6469183684665852,0.2921383025680548,-1.3648554350586724,0.7859995199660846
Q46R:R59N:R97D:V108Q:T112E,0.2766838686529167,Q46R:R59N:R97D:V108Q:T112E,7,0.6636003486915778,0.36519262629217597,-1.2077994061588078,0.7405465844074158
Q46R:R59N:V106M:T112E,0.5373339229995495,Q46R:R59N:V106M:T112E,9,0.7434747759244431,0.5063103560937439,-0.7578129698945792,0.7919853196085663
Q46R:V106M:V108Q,0.8872965085315806,Q46R:V106M:V108Q,8,0.7958411146165398,0.7199823349911852,-0.2874528382110415,0.8141506937887678
Q46R:V106M:V108Q:T112E,0.778200791468489,Q46R:V106M:V108Q:T112E,7,0.8125230948415324,0.755917251711703,-0.18411944105502437,0.795861176390384
Q46V:D60Q:D95Q,0.5072304927199217,Q46V:D60Q:D95Q,8,0.6692292584522106,0.5123162700174322,-0.9775501515997822,0.7038049174487192
Q46V:D60Q:D95Q:R97D,0.6431716437550011,Q46V:D60Q:D95Q:R97D,8,0.6841744781084439,0.5747209597136177,-0.8412507077045988,0.6484233051873176
Q46V:D60Q:D95Q:R97D:T112E,0.6090733957065028,Q46V:D60Q:D95Q:R97D:T112E,9,0.7008564583334365,0.6566796465724416,-0.671307462649781,0.5798492639234497
Q46V:D60Q:D95Q:T112E,0.5461195406271298,Q46V:D60Q:D95Q:T112E,9,0.6859112386772033,0.546567341771633,-0.8766537702891524,0.6395388156453884
Q46V:D60Q:D95Q:V106M:T112E,0.5497978071539782,Q46V:D60Q:D95Q:V106M:T112E,9,0.7258148043226813,0.6290739426176303,-0.6344722099300331,0.5417297169467932
Q46V:D60Q:I91C:D95Q,0.3428218104885525,Q46V:D60Q:I91C:D95Q,8,0.647264396282324,0.44171207275291025,-1.1473138540568462,0.6375499320719503
Q46V:D60Q:I91C:D95Q:R97D,0.5082226058222672,Q46V:D60Q:I91C:D95Q:R97D,8,0.6622096159385573,0.5444455135890108,-0.9526469193779714,0.566983946213704
Q46V:D60Q:I91C:D95Q:T112E,0.4131368287215153,Q46V:D60Q:I91C:D95Q:T112E,7,0.6639463765073166,0.4936234618825792,-1.0208578314849854,0.5695854426742677
Q46V:D60Q:I91C:R97D,0.6213927141036251,Q46V:D60Q:I91C:R97D,7,0.7226831991200429,0.6175732550416095,-0.6607520049320819,0.6349225421304135
Q46V:D60Q:I91C:R97D:V106M,0.7286350479165621,Q46V:D60Q:I91C:R97D:V106M,7,0.7625867647655209,0.7667046902395082,-0.3221448351731529,0.5249263119661718
Q46V:D60Q:I91C:V106M:T112E,0.6855634857921794,Q46V:D60Q:I91C:V106M:T112E,8,0.7643235253342802,0.7079608660598524,-0.40182086754182017,0.5464300832570315
Q46V:D60Q:R97D:V106M:T112E,0.7595377679471131,Q46V:D60Q:R97D:V106M:T112E,8,0.8012336071604,0.8292640104442247,-0.1126993522252108,0.5437307323642495
Q46V:D60Q:V106M:V108Q,0.7004060511819631,Q46V:D60Q:V106M:V108Q,9,0.7146903260355538,0.5979034867768959,-0.7138113997771571,0.6280128700093783
Q46V:D95Q:R97D:V106M,0.7637260084352353,Q46V:D95Q:R97D:V106M,9,0.6646610476516778,0.6296308950704232,-0.8218165089444125,0.5847810103326878
Q46V:I91C:D95Q:R97D:T112E,0.6152865676554491,Q46V:I91C:D95Q:R97D:T112E,8,0.6194746000613056,0.5401828597106174,-1.0902980766936858,0.5279675350658927
Q46V:I91C:D95Q:R97D:V108Q,0.3953134664456703,Q46V:I91C:D95Q:R97D:V108Q,9,0.5478765385926927,0.3144769515502952,-1.6372446254537558,0.5271658135980712
Q46V:I91C:D95Q:V106M:T112E,0.506605499854181,Q46V:I91C:D95Q:V106M:T112E,8,0.6444329460505505,0.5287192373370785,-1.030100513679335,0.523399822753184
Q46V:I91C:D95Q:V106M:V108Q,0.3466306575865508,Q46V:I91C:D95Q:V106M:V108Q,9,0.5728348845819374,0.37837695995254667,-1.4679738603094785,0.5288816356753798
Q46V:I91C:R97D,0.5470353109703151,Q46V:I91C:R97D,8,0.6632662030177986,0.5579073798136062,-0.9299128866863111,0.6763940217704588
Q46V:I91C:R97D:V108Q:T112E,0.4387845512590316,Q46V:I91C:R97D:V108Q:T112E,7,0.6250321019991707,0.47605749491315336,-1.166007583277564,0.5641190184037149
Q46V:I91C:T112E,0.6751873046268707,Q46V:I91C:T112E,9,0.6650029635865579,0.5590412439228023,-0.9229284021641078,0.6979050968617926
Q46V:R59N:D60Q:D95Q,0.2296543794087767,Q46V:R59N:D60Q:D95Q,8,0.5452648582915008,0.1650666388100936,-1.8615203172177393,0.7535146773280076
Q46V:R59N:D60Q:I91C,0.3138112380097309,Q46V:R59N:D60Q:I91C,9,0.5837735793030997,0.22236146206861918,-1.6601190550539329,0.7293533017009667
Q46V:R59N:D60Q:R97D:T112E,0.3895168052776734,Q46V:R59N:D60Q:R97D:T112E,8,0.6373656413542121,0.39182647037612994,-1.249968176106031,0.6500659643317332
Q46V:R59N:D60Q:R97D:V106M,0.397406406580639,Q46V:R59N:D60Q:R97D:V106M,9,0.6605872267746977,0.40697375268200175,-1.156600307525135,0.6316167783833818
Q46V:R59N:D60Q:R97D:V108Q,0.2064369292399459,Q46V:R59N:D60Q:R97D:V108Q,7,0.5657675798855991,0.18647335456159014,-1.7674582853263932,0.6729262777066416
Q46V:R59N:D60Q:T112E,0.3821944685142125,Q46V:R59N:D60Q:T112E,8,0.622420421697979,0.36497062823343085,-1.3348180468480457,0.7205025482759533
Q46V:R59N:D95Q,0.287681778721849,Q46V:R59N:D95Q,7,0.48584786218925663,0.1329433790588529,-2.0908189838138203,0.7814236855799708
Q46V:R59N:D95Q:R97D:T112E,0.2454032537940026,Q46V:R59N:D95Q:R97D:T112E,8,0.5174750620704824,0.19882833640834557,-1.8981575062880205,0.6148136939928929
Q46V:R59N:D95Q:R97D:V106M,0.3149356522471153,Q46V:R59N:D95Q:R97D:V106M,9,0.540696647490968,0.22924572943352073,-1.7826893241223392,0.6050496109911758
Q46V:R59N:D95Q:R97D:V108Q,0.1424924046408106,Q46V:R59N:D95Q:R97D:V108Q,7,0.4458770006018694,-0.04019689237716506,-2.464381005160892,0.6263543507276976
Q46V:R59N:D95Q:V106M,0.2680631287450761,Q46V:R59N:D95Q:V106M,9,0.5257514278347347,0.14011210523356687,-1.957673348973031,0.7015795904594537
Q46V:R59N:D95Q:V108Q,0.1440619232867911,Q46V:R59N:D95Q:V108Q,7,0.43093178094563617,-0.02331750342359229,-2.485933212925991,0.7127070083689849
Q46V:R59N:I91C,0.3796981270988573,Q46V:R59N:I91C,8,0.5243565832008554,0.1741056614057196,-1.9127662238069978,0.7687014498626435
Q46V:R59N:I91C:D95Q:V106M,0.1334677414347697,Q46V:R59N:I91C:D95Q:V106M,9,0.5037865656648481,0.056355840175165595,-2.146471937808859,0.6078325222735795
Q46V:R59N:I91C:R97D:T112E,0.238684961692054,Q46V:R59N:I91C:R97D:T112E,9,0.5559837830820813,0.19798569259537374,-1.78089815225596,0.5950219666098149
Q46V:R59N:I91C:T112E,0.2318671854314825,Q46V:R59N:I91C:T112E,9,0.5410385634258481,0.17389018583940313,-1.8617530108617,0.6890766864773474
Q46V:R59N:R97D:T112E,0.3032071099504935,Q46V:R59N:R97D:T112E,9,0.577948645251968,0.28299936313687096,-1.5902797301530078,0.6906797215056879
Q46V:R59N:R97D:V106M:T112E,0.3173416696984049,Q46V:R59N:R97D:V106M:T112E,7,0.617852210897446,0.3506090967301928,-1.3696582909853392,0.6013770424130376
Q46V:R59N:V108Q:T112E,0.308850502157344,Q46V:R59N:V108Q:T112E,7,0.5080873443521142,0.19152623040731692,-1.9376087655889425,0.713068136478916
Q46V:R97D:T112E,0.7598700422860591,Q46V:R97D:T112E,7,0.7019130454126777,0.6326508689615675,-0.7028333499082735,0.6989891654813242
Q46V:R97D:V106M:V108Q,0.5558632077751796,Q46V:R97D:V106M:V108Q,8,0.6702185495895429,0.529609564503695,-0.9494779702005385,0.623493086010628
R4D:A28H:D60Q:I91C:V106M,1.2642701427606962,R4D:A28H:D60Q:I91C:V106M,9,1.0875452274871362,1.6107467005109481,1.8992229727946093,0.7225148213136803
R4D:A28H:D60Q:I91C:V108Q,1.1814272172155895,R4D:A28H:D60Q:I91C:V108Q,7,0.9927255805980377,1.4460873130444987,1.3691832594466558,0.7553524461078708
R4D:A28H:D60Q:R97D:V106M,1.357943503741971,R4D:A28H:D60Q:R97D:V106M,9,1.124455309313256,1.702452977897373,2.145509170554879,0.7326673836066446
R4D:A28H:D60Q:R97D:V108Q,1.1454429406082631,R4D:A28H:D60Q:R97D:V108Q,9,1.0296356624241576,1.4679895443028843,1.5144425990999753,0.7639144908470925
R4D:A28H:D60Q:V106M:V108Q,1.1152069436820848,R4D:A28H:D60Q:V106M:V108Q,7,1.0545940084134022,1.566891023013779,1.7343707225286105,0.7350043441001064
R4D:A28H:D95Q,1.2030518520701956,R4D:A28H:D95Q,7,0.949715944727815,1.076015509472075,0.7012544213263138,0.6854450873508282
R4D:A28H:D95Q:R97D,1.14523836972322,R4D:A28H:D95Q:R97D,7,0.9646611643840483,1.25334190891011,1.0038791702360779,0.7122119805006284
R4D:A28H:D95Q:T112E,1.1254620343458677,R4D:A28H:D95Q:T112E,8,0.9663979249528075,1.223073491358615,0.9654153744716343,0.7180603296056839
R4D:A28H:D95Q:V106M,1.2926045615946995,R4D:A28H:D95Q:V106M,9,0.9896195103732931,1.272766634001076,1.1087812005349007,0.6954565587231553
R4D:A28H:D95Q:V108Q,1.0717718358207773,R4D:A28H:D95Q:V108Q,9,0.8947998634841945,1.0953739898698396,0.5603127429282945,0.6965215845498745
R4D:A28H:G33T:D60Q:D95Q,1.2653233722337114,R4D:A28H:G33T:D60Q:D95Q,7,1.0701323680068417,1.5501363258634493,1.7579282959316662,0.6481763124972115
R4D:A28H:G33T:I91C:V106M,1.2463382014431423,R4D:A28H:G33T:I91C:V106M,7,1.0891276585616745,1.6363969587743885,1.9412150236283796,0.6853387767136605
R4D:A28H:G33T:I91C:V108Q,1.1380758142045115,R4D:A28H:G33T:I91C:V108Q,9,0.994308011672576,1.4736588662484706,1.413955985643895,0.7205016376303915
R4D:A28H:G33T:Q46C:I91C,0.8533859366459654,R4D:A28H:G33T:Q46C:I91C,7,0.8771424491980612,0.9965585096028444,0.36297169487232067,0.5636964685066854
R4D:A28H:G33T:Q46C:R59N,0.5920279192189273,R4D:A28H:G33T:Q46C:R59N,7,0.7751429112072379,0.6785931620620295,-0.4110367608607431,0.6097575080024581
R4D:A28H:G33T:Q46C:R97D,0.940482421828837,R4D:A28H:G33T:Q46C:R97D,9,0.914052531024181,1.0705971274954742,0.5836876251800772,0.6077279080696031
R4D:A28H:G33T:Q46I:I91C,0.8489638013700056,R4D:A28H:G33T:Q46I:I91C,7,0.8748362758487698,1.0688660166591604,0.4605264416087732,0.6393676855553245
R4D:A28H:G33T:Q46I:R59N,0.7202610356949828,R4D:A28H:G33T:Q46I:R59N,7,0.7728367378579465,0.8267003224596401,-0.2037777598949503,0.6540063375396289
R4D:A28H:G33T:Q46I:T112E,0.9139865869878342,R4D:A28H:G33T:Q46I:T112E,8,0.9134831182436489,1.1613974808813252,0.7133503776517937,0.6704421856801007
R4D:A28H:G33T:Q46I:V106M,1.1139356478317186,R4D:A28H:G33T:Q46I:V106M,7,0.9367047036641345,1.1773133013533639,0.8078305455988425,0.6274337467220783
R4D:A28H:G33T:Q46I:V108Q,0.95039912522744,R4D:A28H:G33T:Q46I:V108Q,7,0.8418850567750359,1.010920728303418,0.27528240611043653,0.6398692561695858
R4D:A28H:G33T:Q46R:D60Q,1.192983382537833,R4D:A28H:G33T:Q46R:D60Q,9,1.118844763918767,1.371983547432239,1.649961472790806,0.7129942040548934
R4D:A28H:G33T:Q46R:V108Q,0.963713318956632,R4D:A28H:G33T:Q46R:V108Q,8,1.0045116865729025,1.1653237532973852,0.999098366903554,0.7407673408660603
R4D:A28H:G33T:Q46V:R59N,0.6533830459735069,R4D:A28H:G33T:Q46V:R59N,8,0.7948955829725828,0.7274603990010843,-0.27953898948925526,0.92323728492842
R4D:A28H:G33T:Q46V:T112E,1.0610976132911412,R4D:A28H:G33T:Q46V:T112E,7,0.9355419633582851,1.1467609297501513,0.7600349569409739,0.8289243195354319
R4D:A28H:G33T:R59N:D95Q,1.1077743996401284,R4D:A28H:G33T:R59N:D95Q,8,0.8867509717438877,1.194266497433306,0.6786752650192275,0.7102164990423531
R4D:A28H:G33T:R97D,1.2345695273800863,R4D:A28H:G33T:R97D,9,1.0861341747423163,1.4265354687008514,1.6282741224993171,0.7059660905239395
R4D:A28H:G33T:R97D:V106M,1.2968211175916626,R4D:A28H:G33T:R97D:V106M,9,1.1260377403877944,1.707122426294834,2.157135856930961,0.7084499178096553
R4D:A28H:G33T:R97D:V108Q,1.1792409597847011,R4D:A28H:G33T:R97D:V108Q,7,1.0312180934986959,1.4745802876408771,1.5288499608395263,0.7420222611726436
R4D:A28H:G33T:T112E,1.2163129634032563,R4D:A28H:G33T:T112E,8,1.0878709353110756,1.440653097641222,1.6540499098191699,0.7084075742413188
R4D:A28H:G33T:V106M:T112E,1.2121317637571802,R4D:A28H:G33T:V106M:T112E,8,1.1277745009565536,1.6655361815499674,2.1022918570756772,0.7257793847124393
R4D:A28H:G33T:V106M:V108Q,1.157965604802682,R4D:A28H:G33T:V106M:V108Q,9,1.0561764394879407,1.575248382071328,1.7513348935869477,0.7265217262234066
R4D:A28H:G33T:V108Q,1.1368058350106611,R4D:A28H:G33T:V108Q,9,1.0162728738424627,1.3495358599000373,1.3018925067240468,0.7064492037925909
R4D:A28H:I91C:D95Q,1.128235419155687,R4D:A28H:I91C:D95Q,9,0.9277510825579284,1.141538625871526,0.7285067310468929,0.6942921617128334
R4D:A28H:I91C:D95Q:V108Q,1.0734775164671595,R4D:A28H:I91C:D95Q:V108Q,9,0.8728350013143079,1.1778370902964315,0.6120821610053834,0.7080477497342098
R4D:A28H:I91C:T112E,1.1049455398920278,R4D:A28H:I91C:T112E,7,1.0049066459644065,1.281111852000847,1.1678927525617753,0.748075239743082
R4D:A28H:I91C:V106M:T112E,1.1174348449963794,R4D:A28H:I91C:V106M:T112E,7,1.0448102116098845,1.5122664992561798,1.6252114851261463,0.7576074623027222
R4D:A28H:I91C:V108Q:T112E,1.05991270868738,R4D:A28H:I91C:V108Q:T112E,7,0.949990564720786,1.3659648217946994,1.121740744018551,0.7740655736779842
R4D:A28H:Q46C:D60Q,0.9764506569339668,R4D:A28H:Q46C:D60Q,7,0.8975248802934094,0.9643266045725277,0.379032869161364,0.6845747389960294
R4D:A28H:Q46C:D60Q:D95Q,0.7866168607704325,R4D:A28H:Q46C:D60Q:D95Q,8,0.8370512971119238,0.8870524349803552,0.08113686121812894,0.704767862557146
R4D:A28H:Q46C:D60Q:R97D,1.060521034331006,R4D:A28H:Q46C:D60Q:R97D,9,0.9124700999496426,1.0614306484366471,0.5655524209783218,0.7294105807202294
R4D:A28H:Q46C:D95Q:R97D,0.9326232301726348,R4D:A28H:Q46C:D95Q:R97D,7,0.7925795206659129,0.8740666977253331,-0.07448259918908907,0.6780332336183709
R4D:A28H:Q46C:R97D:V108Q,0.7002186321889234,R4D:A28H:Q46C:R97D:V108Q,8,0.798137022603778,0.815825072718094,-0.14167661450996832,0.7042169852148442
R4D:A28H:Q46C:V106M:T112E,0.8595537085909558,R4D:A28H:Q46C:V106M:T112E,9,0.8946934300616358,1.012691939967635,0.44032018789658317,0.722556012923827
R4D:A28H:Q46C:V106M:V108Q,0.7893162160226003,R4D:A28H:Q46C:V106M:V108Q,8,0.8230953685930228,0.9032067814217538,0.061579034549332404,0.7115715052773133
R4D:A28H:Q46C:V108Q,0.8220713297728981,R4D:A28H:Q46C:V108Q,8,0.7831918029475446,0.7886366927892405,-0.22700776462761438,0.6757056677079712
R4D:A28H:Q46I,1.097060408206631,R4D:A28H:Q46I,8,0.8358017108418737,0.8533339716614727,0.02849181541308085,0.6285846078510458
R4D:A28H:Q46I:D60Q:R97D,1.0227851192242712,R4D:A28H:Q46I:D60Q:R97D,7,0.9101639266003512,1.032469111386903,0.5165412604783477,0.685555199035382
R4D:A28H:Q46I:D60Q:T112E,1.0188712937467492,R4D:A28H:Q46I:D60Q:T112E,8,0.9119006871691105,1.0951106182643056,0.6125452824502658,0.6999271819558426
R4D:A28H:Q46I:I91C,0.90169642234243,R4D:A28H:Q46I:I91C,8,0.8138368486719871,0.831772756715706,-0.0702923566200534,0.6718503273981535
R4D:A28H:Q46I:I91C:D95Q,0.5215176524840528,R4D:A28H:Q46I:I91C:D95Q,9,0.7533632654905016,0.7064652710094528,-0.4377066128688734,0.6628780462635391
R4D:A28H:Q46I:I91C:R97D,0.7454415430944398,R4D:A28H:Q46I:I91C:R97D,8,0.8287820683282203,0.8789772655837967,0.0440079826830666,0.6910055661492573
R4D:A28H:Q46I:I91C:V106M,0.9325822784581188,R4D:A28H:Q46I:I91C:V106M,8,0.8537404143174652,0.9726878186784225,0.2564233194643983,0.6899854629312059
R4D:A28H:Q46I:R59N:T112E,0.7959386801760389,R4D:A28H:Q46I:R59N:T112E,7,0.7285192909061564,0.7126918939275111,-0.5051317609433073,0.681218333939761
R4D:A28H:Q46I:R97D:T112E,0.8675065964254459,R4D:A28H:Q46I:R97D:T112E,7,0.8674289107230996,0.981608423703465,0.31144912788377904,0.722223162992745
R4D:A28H:Q46I:R97D:V106M,0.8841732284615501,R4D:A28H:Q46I:R97D:V106M,8,0.890650496143585,1.0271622760446408,0.44882419098805615,0.6720800205725999
R4D:A28H:Q46I:R97D:V108Q,0.5451028072802312,R4D:A28H:Q46I:R97D:V108Q,8,0.7958308492544865,0.7614322056094451,-0.22749434305070176,0.6825345797381834
R4D:A28H:Q46I:V106M:T112E,1.0264268707614572,R4D:A28H:Q46I:V106M:T112E,9,0.8923872567123444,1.0382737238404218,0.47024915550057267,0.716235273664344
R4D:A28H:Q46I:V108Q,0.8456490323311141,R4D:A28H:Q46I:V108Q,8,0.7808856295982533,0.781383025289892,-0.24460129279078485,0.6560857292810941
R4D:A28H:Q46R,1.1182135454243969,R4D:A28H:Q46R,9,0.9984283406397403,0.9850757097766432,0.7195102703162715,0.7590961489997824
R4D:A28H:Q46R:D60Q,1.0850818160595357,R4D:A28H:Q46R:D60Q,8,1.0578453367419844,1.1422595371778368,1.1298081328553993,0.7733168543485218
R4D:A28H:Q46R:D60Q:I91C,1.0383861509984045,R4D:A28H:Q46R:D60Q:I91C,8,1.0358804745720978,1.1591082227871699,1.086614313939681,0.8068855355722356
R4D:A28H:Q46R:D95Q,0.9269133018804788,R4D:A28H:Q46R:D95Q,8,0.9379547574582547,0.8824603247838726,0.38493811658289256,0.7492604558828942
R4D:A28H:Q46R:I91C:R97D,0.9093626118700904,R4D:A28H:Q46R:I91C:R97D,7,0.9914086981260869,1.0715381970220044,0.8230495874586191,0.7957323144263462
R4D:A28H:Q46R:I91C:V106M,1.0602768651671364,R4D:A28H:Q46R:I91C:V106M,9,1.0163670441153316,1.1584477304645673,1.025621860900739,0.7944691110822502
R4D:A28H:Q46R:I91C:V108Q,0.8633255909127427,R4D:A28H:Q46R:I91C:V108Q,7,0.9215473972262331,0.9616457702468829,0.44906244967488607,0.8156331692431623
R4D:A28H:Q46R:R59N,0.8310327920443067,R4D:A28H:Q46R:R59N,9,0.8744639404790304,0.7080022573441673,-0.06289445248234479,0.7837137928840354
R4D:A28H:Q46R:R59N:R97D,0.5716318346623093,R4D:A28H:Q46R:R59N:R97D,9,0.8894091601352636,0.7493519449991008,0.04293224919154329,0.7905569762005057
R4D:A28H:Q46R:R97D:V106M,1.0886707847423174,R4D:A28H:Q46R:R97D:V106M,9,1.0532771259414515,1.2397876837902488,1.256904957722499,0.7766486458574531
R4D:A28H:Q46R:R97D:V108Q,0.7514026613914664,R4D:A28H:Q46R:R97D:V108Q,9,0.958457479052353,0.9731816774445252,0.5793186883896957,0.7962221864646224
R4D:A28H:Q46R:T112E,1.0339699220028036,R4D:A28H:Q46R:T112E,8,1.0151103208647327,1.0685546580116085,0.8916537779468598,0.7962953288107708
R4D:A28H:Q46R:V106M:T112E,1.0245641809583823,R4D:A28H:Q46R:V106M:T112E,8,1.0550138865102108,1.2168446559705515,1.2290431420732908,0.8072461043748174
R4D:A28H:Q46R:V106M:V108Q,0.9988274097841412,R4D:A28H:Q46R:V106M:V108Q,9,0.9834158250415979,1.0984095887052097,0.837348854797205,0.7962747314001942
R4D:A28H:Q46R:V108Q,0.9341312827614164,R4D:A28H:Q46R:V108Q,7,0.9435122593961198,0.949290152483722,0.49875905106438095,0.7826232438764528
R4D:A28H:Q46R:V108Q:T112E,1.032427687816497,R4D:A28H:Q46R:V108Q:T112E,8,0.9601942396211123,1.0660125620745151,0.7190155641677289,0.8100958457224418
R4D:A28H:Q46V:D60Q:R97D,0.9746693713869072,R4D:A28H:Q46V:D60Q:R97D,8,0.9322227717149875,1.0767470612743844,0.6484923431437943,0.7506881951307378
R4D:A28H:Q46V:I91C:V106M,0.936178486002778,R4D:A28H:Q46V:I91C:V106M,7,0.8757992594321015,0.9926887344766574,0.35323843775189,0.7264809291946818
R4D:A28H:Q46V:R59N:I91C,0.3127788638450919,R4D:A28H:Q46V:R59N:I91C,9,0.7119312936259135,0.49100135000212486,-0.8770186908804443,0.8118003907834425
R4D:A28H:Q46V:R59N:R97D,0.4548209152720801,R4D:A28H:Q46V:R59N:R97D,7,0.7488413754520333,0.5771659057851355,-0.6387529840967203,0.8245148524442881
R4D:A28H:Q46V:R59N:V106M,0.470809389672337,R4D:A28H:Q46V:R59N:V106M,7,0.7737997214412782,0.6321739377218285,-0.4823515079765851,0.8227916554960163
R4D:A28H:R59N:D95Q:V106M,1.0733750077902176,R4D:A28H:R59N:D95Q:V106M,7,0.8656551102125832,1.152118318646792,0.5527693733425304,0.7372361549311224
R4D:A28H:R59N:D95Q:V108Q,0.8326146061198525,R4D:A28H:R59N:D95Q:V108Q,9,0.7708354633234847,0.9856684822542194,0.02013835705956657,0.7352230023983619
R4D:A28H:R59N:I91C:D95Q,0.9277968524348688,R4D:A28H:R59N:I91C:D95Q,9,0.8037866823972185,0.9881104512975794,0.1250528661812874,0.7251438146028382
R4D:A28H:R59N:I91C:T112E,1.0188534416285624,R4D:A28H:R59N:I91C:T112E,9,0.8809422458036966,1.1663292294855743,0.6203702974189673,0.746111303745557
R4D:A28H:R59N:I91C:V108Q,0.9941166516457548,R4D:A28H:R59N:I91C:V108Q,8,0.8093441843350836,1.0652867314196792,0.25384814153201013,0.7637174370190946
R4D:A28H:R59N:T112E,1.007491455178848,R4D:A28H:R59N:T112E,7,0.9029071079735832,1.1341112856297009,0.6413203072976812,0.7482447786264768
R4D:A28H:R97D,1.194655545792033,R4D:A28H:R97D,8,1.0251347475655337,1.1865122575112612,1.0932148284078196,0.7251805863026874
R4D:A28H:R97D:V106M:T112E,1.0657892282485797,R4D:A28H:R97D:V106M:T112E,9,1.0817202934360044,1.6123640397184287,1.8836422932796935,0.7619545570823683
R4D:A28H:V108Q:T112E,1.1181690445195809,R4D:A28H:V108Q:T112E,9,0.9719554268906726,1.2719389269384902,1.0532365826571246,0.7583544701652063
R4D:A28K:D60Q:D95Q:V106M,1.0674433261032996,R4D:A28K:D60Q:D95Q:V106M,7,1.0057327446207383,1.4426648136381708,1.4042487480851629,0.8816755911507758
R4D:A28K:D60Q:I91C:V106M,1.1630717428542106,R4D:A28K:D60Q:I91C:V106M,8,1.044241465632337,1.5256237897048277,1.642793540860739,0.8472053367726319
R4D:A28K:D95Q,1.0198408477549576,R4D:A28K:D95Q,8,0.906412182873016,1.0328128789703828,0.5054958880728844,0.8496818485129752
R4D:A28K:D95Q:R97D:T112E,1.0606895388754365,R4D:A28K:D95Q:R97D:T112E,9,0.9380393827542417,1.3944747760529133,1.1262330514537298,0.8637718886896177
R4D:A28K:D95Q:V106M,1.2560893823489587,R4D:A28K:D95Q:V106M,8,0.946315748518494,1.2164817917419328,0.8940888830059748,0.8539272446250604
R4D:A28K:D95Q:V106M:V108Q,1.0627434045504345,R4D:A28K:D95Q:V106M:V108Q,8,0.8913996672748735,1.2467736414576507,0.768970985778028,0.8464470878697546
R4D:A28K:D95Q:V108Q:T112E,0.9554655531459528,R4D:A28K:D95Q:V108Q:T112E,7,0.868178081854388,1.21401699845264,0.6501172251409209,0.8555320761055883
R4D:A28K:G33T:D60Q:I91C,1.1526873222059888,R4D:A28K:G33T:D60Q:I91C,7,1.0653373271636417,1.5830558341840333,1.7908196535892218,0.7900253315449364
R4D:A28K:G33T:D60Q:R97D,1.2059007678431777,R4D:A28K:G33T:D60Q:R97D,9,1.1022474089897616,1.6435433006251687,1.9919231068155674,0.821654113735317
R4D:A28K:G33T:D95Q,1.0619561017769306,R4D:A28K:G33T:D95Q,9,0.9674116100497985,1.2469148989029195,1.0030396417860203,0.76662164990293
R4D:A28K:G33T:D95Q:V106M,1.047796583283356,R4D:A28K:G33T:D95Q:V106M,9,1.0073151756952767,1.4774611993805105,1.4594779187464,0.7696178853680921
R4D:A28K:G33T:D95Q:V108Q,1.0869440195812623,R4D:A28K:G33T:D95Q:V108Q,7,0.9124955288061781,1.2930966202341898,0.9009190333126186,0.7705299931823658
R4D:A28K:G33T:I91C,1.116699245399979,R4D:A28K:G33T:I91C,8,1.0059203310613973,1.326615194855717,1.2368681719415908,0.7622513134511403
R4D:A28K:G33T:I91C:D95Q,1.0403799481300275,R4D:A28K:G33T:I91C:D95Q,7,0.9454467478799119,1.3606990690173768,1.1001398026872398,0.7448227894550109
R4D:A28K:G33T:I91C:T112E,1.0268576781192509,R4D:A28K:G33T:I91C:T112E,9,1.02260231128639,1.5051869731674015,1.5466387998329076,0.7944205603303922
R4D:A28K:G33T:Q46C:I91C,0.7522191747916996,R4D:A28K:G33T:Q46C:I91C,8,0.833838687343262,0.9517316597520963,0.16486244146993767,0.6602686371935083
R4D:A28K:G33T:Q46C:R59N,0.5499760903139237,R4D:A28K:G33T:Q46C:R59N,8,0.7318391493524389,0.6571405903398054,-0.5753166016312088,0.7242033156938456
R4D:A28K:G33T:Q46C:R97D,0.92337617467587,R4D:A28K:G33T:Q46C:R97D,8,0.8707487691693819,1.0199137266043612,0.3771022305828733,0.6986424670442317
R4D:A28K:G33T:Q46C:T112E,0.9347298020155635,R4D:A28K:G33T:Q46C:T112E,7,0.8724855297381412,1.0329913841857739,0.4013728753680938,0.7251044304773664
R4D:A28K:G33T:Q46I:D95Q,0.7551775834930334,R4D:A28K:G33T:Q46I:D95Q,7,0.7930237929823718,0.9582580257899562,0.04873374373741468,0.6287153912746887
R4D:A28K:G33T:Q46I:T112E,0.9386939312605312,R4D:A28K:G33T:Q46I:T112E,7,0.8701793563888498,1.1682687916719576,0.5900634738009951,0.6892259215859293
R4D:A28K:G33T:Q46R:I91C,1.1243650973744463,R4D:A28K:G33T:Q46R:I91C,9,0.9941591437918371,1.1909566753428549,1.0043452646010347,0.8231129769813476
R4D:A28K:G33T:Q46R:R97D,1.075773252607647,R4D:A28K:G33T:Q46R:R97D,7,1.031069225617957,1.241077817723247,1.1904456168888704,0.8267687316539664
R4D:A28K:G33T:Q46R:V106M,1.155133011210078,R4D:A28K:G33T:Q46R:V106M,9,1.0560275716072018,1.3058825997396941,1.3610258539135116,0.8305437174362188
R4D:A28K:G33T:Q46R:V108Q,1.073786951602537,R4D:A28K:G33T:Q46R:V108Q,7,0.9612079247181033,1.1383176715324128,0.8267809738391256,0.8397870182039521
R4D:A28K:G33T:Q46V:D95Q,0.8971381861119142,R4D:A28K:G33T:Q46V:D95Q,8,0.815082638097008,0.9244599498160535,0.06768599576510154,0.865914158579128
R4D:A28K:G33T:Q46V:R97D,0.9039148154818883,R4D:A28K:G33T:Q46V:R97D,7,0.8905014409347267,1.071414253248582,0.5124111418546227,0.8959014054022467
R4D:A28K:G33T:Q46V:T112E,0.9118882472340673,R4D:A28K:G33T:Q46V:T112E,8,0.892238201503486,1.1078731725332711,0.5705213065456893,0.9264487395062886
R4D:A28K:G33T:R59N:D60Q,1.1489052325258915,R4D:A28K:G33T:R59N:D60Q,7,0.9633377891728184,1.4379420712029745,1.266977964333403,0.880566896661031
R4D:A28K:G33T:R97D:T112E,1.1252361381752696,R4D:A28K:G33T:R97D:T112E,9,1.0595123931125099,1.574065702684361,1.7598868634525304,0.8202438750074543
R4D:A28K:G33T:T112E,1.1482439183299025,R4D:A28K:G33T:T112E,7,1.0445671734562767,1.3798400086233271,1.4328038956473517,0.8120344824498685
R4D:A28K:I91C:D95Q:V106M,1.04705857787397,R4D:A28K:I91C:D95Q:V106M,8,0.9243508863486074,1.3356574840413256,0.9989921524226926,0.8283966928880674
R4D:A28K:I91C:D95Q:V108Q,0.91198300754382,R4D:A28K:I91C:D95Q:V108Q,8,0.8295312394595088,1.121759453637794,0.39768973054550855,0.8289183679741599
R4D:A28K:I91C:R97D,1.0811981077964263,R4D:A28K:I91C:R97D,7,0.9598661235408481,1.227132529899998,0.95119374485984,0.8084854035652307
R4D:A28K:I91C:R97D:T112E,1.006002194378235,R4D:A28K:I91C:R97D:T112E,8,0.9765481037658406,1.4083753243814083,1.2648301138728857,0.8309704308356786
R4D:A28K:I91C:V106M:T112E,1.1428285062888623,R4D:A28K:I91C:V106M:T112E,8,1.0015064497550854,1.4403259683333853,1.3878608100245358,0.8545089963551702
R4D:A28K:I91C:V106M:V108Q,1.0860354990957906,R4D:A28K:I91C:V106M:V108Q,9,0.9299083882864725,1.3458511046529085,1.0308439407786558,0.8480563881021801
R4D:A28K:Q46C:D60Q:V108Q,0.9664245829830788,R4D:A28K:Q46C:D60Q:V108Q,8,0.7993050371949898,0.8798778047789535,-0.045379985014942746,0.8569411615848556
R4D:A28K:Q46C:I91C,0.8277301443026535,R4D:A28K:Q46C:I91C,7,0.7728392601664794,0.7660142323847537,-0.2916005101325656,0.7714413878053836
R4D:A28K:Q46C:I91C:V108Q,0.6447701049568239,R4D:A28K:Q46C:I91C:V108Q,7,0.717923178922859,0.7294739051988101,-0.5134441020349743,0.7917343747652353
R4D:A28K:Q46C:R59N:R97D,0.4652825962629807,R4D:A28K:Q46C:R59N:R97D,7,0.6857849418318895,0.5472161776458796,-0.8761032897587084,0.7833431888233137
R4D:A28K:Q46C:R59N:T112E,0.5524036637737312,R4D:A28K:Q46C:R59N:T112E,8,0.6875217024006488,0.585952658620579,-0.8146968275827591,0.8058372512193811
R4D:A28K:Q46C:R97D:V106M,0.8260118746568553,R4D:A28K:Q46C:R97D:V106M,9,0.8496529076380774,0.9898833867474213,0.2687343938185719,0.8041717903699438
R4D:A28K:Q46C:R97D:V108Q,0.7119793196732839,R4D:A28K:Q46C:R97D:V108Q,7,0.7548332607489788,0.7532141858279601,-0.36552456768988595,0.801383857452606
R4D:A28K:Q46C:V106M:V108Q,0.7435854507926964,R4D:A28K:Q46C:V106M:V108Q,9,0.7797916067382237,0.8328666089672203,-0.17345545407224683,0.8339187895076221
R4D:A28K:Q46C:V108Q,0.6998761076458251,R4D:A28K:Q46C:V108Q,7,0.7398880410927455,0.7313787320921581,-0.4431084689736974,0.8038190271985219
R4D:A28K:Q46I:D95Q:T112E,0.7741532959691934,R4D:A28K:Q46I:D95Q:T112E,7,0.7487063460305817,0.8411305851033855,-0.2571343795694524,0.7525446746530837
R4D:A28K:Q46I:D95Q:V106M,0.7375985118092079,R4D:A28K:Q46I:D95Q:V106M,8,0.7719279314510672,0.8633226218548045,-0.15357069216076058,0.7165574500517036
R4D:A28K:Q46I:R59N:T112E,0.8736058008045126,R4D:A28K:Q46I:R59N:T112E,8,0.6852155290513574,0.7448922526992192,-0.591760128816484,0.7169164099542943
R4D:A28K:Q46I:R97D,0.853170632972297,R4D:A28K:Q46I:R97D,9,0.8074431686433079,0.8682564321460838,-0.03716110418281271,0.6851287160114562
R4D:A28K:Q46I:V106M:V108Q,0.7656343805319065,R4D:A28K:Q46I:V106M:V108Q,7,0.7774854333889323,0.8803999227099695,-0.11175620642839644,0.7121378672232067
R4D:A28K:Q46I:V108Q:T112E,0.9730244105027814,R4D:A28K:Q46I:V108Q:T112E,8,0.7542638479684467,0.883261390646525,-0.1790601495444562,0.7350020827393442
R4D:A28K:Q46R:D60Q:V108Q,1.1105197725588765,R4D:A28K:Q46R:D60Q:V108Q,9,0.9596254936435649,1.0938298842375147,0.7575255123850613,0.9287551067869707
R4D:A28K:Q46R:I91C:V106M,1.0690495655316925,R4D:A28K:Q46R:I91C:V106M,8,0.9730632822605326,1.1336928377989544,0.8565625964739509,0.9048406796456422
R4D:A28K:Q46R:R59N:I91C,0.5427167785517263,R4D:A28K:Q46R:R59N:I91C,8,0.8091953164543447,0.6707551461746684,-0.31761240027036813,0.907601545144651
R4D:A28K:Q46R:R59N:R97D,0.8026646640545401,R4D:A28K:Q46R:R59N:R97D,8,0.8461053982804646,0.7557006160264115,-0.08111106716166636,0.8936217717759152
R4D:A28K:Q46R:R97D:T112E,1.0463647302234973,R4D:A28K:Q46R:R97D:T112E,7,0.9867517786661669,1.144373970383514,0.914136402865003,0.9139194594260152
R4D:A28K:Q46R:V108Q,1.013666389394034,R4D:A28K:Q46R:V108Q,8,0.9002084975413207,0.9237352157239874,0.32854188898467046,0.9059724998590796
R4D:A28K:Q46V:D60Q:R97D,0.9991571843715408,R4D:A28K:Q46V:D60Q:R97D,7,0.8889190098601883,1.020775142986365,0.43425291806713384,0.8693846879000443
R4D:A28K:Q46V:D60Q:V108Q,0.8729594726052985,R4D:A28K:Q46V:D60Q:V108Q,7,0.8190577089603346,0.9166911259337268,0.06867224691979024,0.8871832268961567
R4D:A28K:Q46V:D95Q,0.8847340932351797,R4D:A28K:Q46V:D95Q,7,0.7540832109202253,0.7383597524767052,-0.38933093586856643,0.8947398543488115
R4D:A28K:Q46V:D95Q:R97D,0.8098426814242862,R4D:A28K:Q46V:D95Q:R97D,7,0.7690284305764586,0.8408155612913804,-0.19506581587509014,0.8355254279104142
R4D:A28K:Q46V:D95Q:T112E,0.8446383534239792,R4D:A28K:Q46V:D95Q:T112E,8,0.7707651911452179,0.8328884340842039,-0.20119523426831953,0.8694796274021322
R4D:A28K:Q46V:D95Q:V106M,0.8033652696886687,R4D:A28K:Q46V:D95Q:V106M,7,0.7939867765657035,0.8591539431450596,-0.09173604177309999,0.8406835547076519
R4D:A28K:Q46V:D95Q:V108Q,0.5906331330259256,R4D:A28K:Q46V:D95Q:V108Q,9,0.6991671296766049,0.6594511446593736,-0.6724938138726919,0.8528853056074108
R4D:A28K:Q46V:I91C:D95Q,0.6981058880801656,R4D:A28K:Q46V:I91C:D95Q,7,0.7321183487503388,0.7282165838096709,-0.4715898575008255,0.8250037053880545
R4D:A28K:Q46V:I91C:T112E,0.7590599872329628,R4D:A28K:Q46V:I91C:T112E,9,0.8092739121568168,0.9021186094248373,0.017479970999642987,0.8576282574896629
R4D:A28K:Q46V:I91C:V106M,0.8037056548782102,R4D:A28K:Q46V:I91C:V106M,8,0.8324954975773023,0.9477507085084941,0.15496828001140628,0.8273176435241241
R4D:A28K:Q46V:R59N:D95Q,0.3805468456899664,R4D:A28K:Q46V:R59N:D95Q,9,0.6301188107595155,0.4244644029436485,-1.2250277066207587,0.9490002019670868
R4D:A28K:Q46V:R59N:R97D,0.4552685560218132,R4D:A28K:Q46V:R59N:R97D,8,0.7055376135972343,0.563331443509896,-0.792007193763625,0.9180447937857479
R4D:A28K:Q46V:R59N:T112E,0.7549053116276575,R4D:A28K:Q46V:R59N:T112E,9,0.7072743741659936,0.6254491861878718,-0.6967612116818296,0.9446242268527226
R4D:A28K:Q46V:R97D:V106M,0.9068026889314844,R4D:A28K:Q46V:R97D:V106M,8,0.8694055794034222,1.0185966456847133,0.37106346811854646,0.8248761939045198
R4D:A28K:Q46V:R97D:V108Q,0.7279932074401289,R4D:A28K:Q46V:R97D:V108Q,8,0.7745859325143236,0.770419868444583,-0.27985031993063464,0.8574269902316334
R4D:A28K:R59N:D95Q:T112E,0.913007397404764,R4D:A28K:R59N:D95Q:T112E,7,0.7991297629372986,1.1030057370370394,0.2770120897753096,0.8848257449462926
R4D:A28K:R59N:I91C,1.0646414421731445,R4D:A28K:R59N:I91C,7,0.8209565037239049,0.9849192799606337,0.1732603071861285,0.8406062870234249
R4D:A28K:R59N:I91C:V106M,0.9902365246125352,R4D:A28K:R59N:I91C:V106M,9,0.8608600693693831,1.1674210456453162,0.5601640991334981,0.8433149906018628
R4D:A28K:R59N:I91C:V108Q,0.97048154390616,R4D:A28K:R59N:I91C:V108Q,9,0.7660404224802845,1.0220048573795306,0.057974919715959694,0.8509302109288396
R4D:A28K:R97D:V106M,1.1691361821929265,R4D:A28K:R97D:V106M,7,1.0217345513562128,1.34750191858966,1.3157526181003365,0.8301951670902673
R4D:A28K:R97D:V106M:T112E,1.1397166895669792,R4D:A28K:R97D:V106M:T112E,8,1.0384165315812053,1.5345669577552692,1.6378154769832616,0.853198481422622
R4D:A28K:V106M,1.202779990463236,R4D:A28K:V106M,9,1.0067893316999794,1.1702300575433893,1.0132068021847436,0.8485433559708286
R4D:A28K:V106M:V108Q:T112E,1.0324923566003843,R4D:A28K:V106M:V108Q:T112E,8,0.9685552306813516,1.3884338366890403,1.2113774615938193,0.8806091989219407
R4D:A28K:V108Q,1.048333059672896,R4D:A28K:V108Q,7,0.9119696848108809,1.0500800285644276,0.5475851404222064,0.8474689152765518
R4D:D60Q:D95Q:R97D,1.3266908290168218,R4D:D60Q:D95Q:R97D,7,0.981540504363587,1.3075215740087762,1.1342252634075678,0.9286468499034481
R4D:D60Q:D95Q:R97D:V106M,1.3471674806292857,R4D:D60Q:D95Q:R97D:V106M,7,1.021444070009065,1.5795532560696444,1.6507050134802472,0.9118829763803858
R4D:D60Q:D95Q:V106M:T112E,1.2043976996856107,R4D:D60Q:D95Q:V106M:T112E,8,1.0231808305778243,1.4839186944665377,1.5176373010891424,0.9177316609018502
R4D:D60Q:D95Q:V106M:V108Q,1.0376984221512502,R4D:D60Q:D95Q:V106M:V108Q,7,0.9515827691092114,1.3565105853542614,1.1129563994870735,0.8920328835638226
R4D:D60Q:I91C:D95Q:R97D,1.2621448250087752,R4D:D60Q:I91C:D95Q:R97D,7,0.9595756421937003,1.41290791818716,1.2191713155384392,0.9219761807631681
R4D:D60Q:I91C:R97D,1.2203227398688965,R4D:D60Q:I91C:R97D,8,1.0200492253751858,1.3358490133944416,1.2937022540916807,0.9245868338101859
R4D:D60Q:I91C:V106M:T112E,1.2744356012501363,R4D:D60Q:I91C:V106M:T112E,7,1.0616895515894231,1.5482807619664336,1.7292669313889517,0.9318727741757303
R4D:D60Q:I91C:V108Q,1.2649923369168905,R4D:D60Q:I91C:V108Q,8,0.9501879244753321,1.2334911029457123,0.9306197637321769,0.9230733452059456
R4D:D60Q:I91C:V108Q:T112E,1.2070457499805474,R4D:D60Q:I91C:V108Q:T112E,9,0.9668699047003246,1.4116458725186756,1.2397868580890785,0.9410061025858398
R4D:D60Q:V106M:T112E,1.3135415481750845,R4D:D60Q:V106M:T112E,7,1.0836544137593098,1.4185114234457197,1.6090315594222826,0.9282628799491259
R4D:D95Q:R97D:V106M,1.3399576269031137,R4D:D95Q:R97D:V106M,8,0.9620270739068207,1.341887710895473,1.1239265809360486,0.8866271347945262
R4D:D95Q:R97D:V108Q,1.1392251984677697,R4D:D95Q:R97D:V108Q,8,0.8672074270177222,1.0767456523332408,0.44845907195028145,0.8807116634967094
R4D:D95Q:R97D:V108Q:T112E,1.0491404251066996,R4D:D95Q:R97D:V108Q:T112E,7,0.8838894072427148,1.2721383944439348,0.7825745511390084,0.896582613084661
R4D:D95Q:V106M:T112E,1.1443779304245367,R4D:D95Q:V106M:T112E,7,0.9637638344755801,1.2504269638959817,0.996899598260679,0.9073711063018695
R4D:G33T:D60Q:R97D,1.2697404031669743,R4D:G33T:D60Q:R97D,9,1.1030135147218552,1.4717637352129462,1.7456649254687826,0.929964189454862
R4D:G33T:D60Q:R97D:V106M,1.3344572483345056,R4D:G33T:D60Q:R97D:V106M,9,1.1429170803673332,1.748444814593892,2.268873712458272,0.9237407555630381
R4D:G33T:D60Q:V106M,1.1667922046677015,R4D:G33T:D60Q:V106M,7,1.1279718607110998,1.5014261476464195,1.8653838817749835,0.892628672141759
R4D:G33T:D60Q:V106M:V108Q,1.277287764586274,R4D:G33T:D60Q:V106M:V108Q,9,1.0730557794674795,1.6063704541179653,1.848309909997611,0.9200641719658802
R4D:G33T:D60Q:V108Q:T112E,1.188858273975996,R4D:G33T:D60Q:V108Q:T112E,8,1.049834194046994,1.590094861292104,1.753309046294993,0.9357063358351171
R4D:G33T:D95Q:R97D,1.2994289932743233,R4D:G33T:D95Q:R97D,7,0.9831229354381253,1.314897102768452,1.1497684390409921,0.8717975222612566
R4D:G33T:D95Q:R97D:V106M,1.3193787538325157,R4D:G33T:D95Q:R97D:V106M,9,1.0230265010836035,1.5940389676772768,1.6765387019641362,0.8728069353903101
R4D:G33T:D95Q:T112E,1.1956398313761316,R4D:G33T:D95Q:T112E,8,0.9848596960068846,1.2757441747340503,1.0984461597115713,0.8702323535506278
R4D:G33T:D95Q:V106M,1.1378942938137044,R4D:G33T:D95Q:V106M,9,1.00808128142737,1.3162213393128308,1.22847377173423,0.8540281032357759
R4D:G33T:D95Q:V106M:V108Q,1.1016528881232257,R4D:G33T:D95Q:V106M:V108Q,7,0.9531652001837497,1.3746842076219816,1.1441275726532167,0.8686916904940364
R4D:G33T:D95Q:V108Q:T112E,0.9615249457753166,R4D:G33T:D95Q:V108Q:T112E,8,0.9299436147632641,1.343138504076817,1.027026395365813,0.8756487514166388
R4D:G33T:I91C:D95Q:V106M,1.1341660372798903,R4D:G33T:I91C:D95Q:V106M,9,0.9861164192574835,1.4607522603983076,1.3700734684059297,0.8448581551852737
R4D:G33T:I91C:R97D:T112E,1.1963109593553518,R4D:G33T:I91C:R97D:T112E,7,1.0383136366747168,1.5496270730405493,1.659295291376329,0.9357274765061417
R4D:G33T:I91C:V106M,1.2858042088991035,R4D:G33T:I91C:V106M,8,1.0465900024389692,1.3966913167216681,1.4634162559305777,0.8967545931649519
R4D:G33T:I91C:V108Q,1.1880710906400165,R4D:G33T:I91C:V108Q,8,0.9517703555498704,1.2522168229182808,0.9625899836525237,0.9147596351301562
R4D:G33T:Q46C:D95Q:V108Q,0.65743235417421,R4D:G33T:Q46C:D95Q:V108Q,7,0.7411799908201362,0.7500781808131898,-0.41206998858609767,0.8073009567373715
R4D:G33T:Q46C:I91C,0.8634768378724392,R4D:G33T:Q46C:I91C,8,0.8346047930753556,0.8569897889757881,0.030100321978839786,0.8087397588405553
R4D:G33T:Q46C:I91C:D95Q,0.6891210825030034,R4D:G33T:Q46C:I91C:D95Q,9,0.7741312098938701,0.8033064582574065,-0.23365284663449773,0.7832181749728887
R4D:G33T:Q46C:I91C:T112E,0.7785505881453467,R4D:G33T:Q46C:I91C:T112E,7,0.8512867733003482,0.9572833056494572,0.2265794249511458,0.8570842572784355
R4D:G33T:Q46C:R59N:T112E,0.4986468606289465,R4D:G33T:Q46C:R59N:T112E,9,0.7492872353095249,0.6645725108355319,-0.510878311211679,0.8876147553349284
R4D:G33T:Q46C:R59N:V108Q,0.3928158258154695,R4D:G33T:Q46C:R59N:V108Q,8,0.6776891738409119,0.5425903649441637,-0.9077062580522618,0.8940493660730923
R4D:G33T:Q46C:V106M:T112E,0.8395828510055883,R4D:G33T:Q46C:V106M:T112E,7,0.9131552011157128,1.0500575254132818,0.5512000228315828,0.9014169355261362
R4D:G33T:Q46I,1.0749111914232194,R4D:G33T:Q46I,8,0.8542634818959508,0.9541531744140758,0.23120758175360423,0.8368684158855055
R4D:G33T:Q46I:D60Q,1.0767432056888524,R4D:G33T:Q46I:D60Q,7,0.9136804779981951,1.0873496349775376,0.6067887130959504,0.8503330421996744
R4D:G33T:Q46I:D60Q:D95Q,0.9540354651072838,R4D:G33T:Q46I:D60Q:D95Q,8,0.8532068948167095,0.9840389641766805,0.2712102775698444,0.8407666786599622
R4D:G33T:Q46I:D95Q,0.8524710574394182,R4D:G33T:Q46I:D95Q,9,0.7937898987144653,0.8455419926515649,-0.11204224244580435,0.8126250657567451
R4D:G33T:Q46I:D95Q:R97D,1.0217447292850974,R4D:G33T:Q46I:D95Q:R97D,7,0.8087351183706986,0.9476105915048647,0.08166247155410365,0.8531452118870001
R4D:G33T:Q46I:D95Q:T112E,1.0100588443845862,R4D:G33T:Q46I:D95Q:T112E,8,0.8104718789394578,0.9577593012909633,0.1016940727632957,0.8709846723327641
R4D:G33T:Q46I:D95Q:V106M,0.9181786143090124,R4D:G33T:Q46I:D95Q:V106M,9,0.8336934643599434,0.9787403985825368,0.20350517682228458,0.8371253750446154
R4D:G33T:Q46I:D95Q:V108Q,0.7058659990111597,R4D:G33T:Q46I:D95Q:V108Q,9,0.7388738174708449,0.7730723898560394,-0.38588599809569335,0.8222313419402323
R4D:G33T:Q46I:I91C,0.9686411140346616,R4D:G33T:Q46I:I91C,8,0.8322986197260642,0.9584508131017068,0.16984872933643833,0.8712058615785093
R4D:G33T:Q46I:I91C:T112E,0.990908841279495,R4D:G33T:Q46I:I91C:T112E,7,0.8489805999510568,1.0622224923849688,0.37136175025366847,0.933780861145345
R4D:G33T:Q46I:R59N:D60Q,0.7473858591556581,R4D:G33T:Q46I:R59N:D60Q,7,0.7897160778374852,0.9111811075708983,-0.029577089205436304,0.9166728838803805
R4D:G33T:Q46I:R59N:T112E,0.7249923174656366,R4D:G33T:Q46I:R59N:T112E,7,0.7469810619602335,0.8453113509123381,-0.25639173167981627,0.9328889716903696
R4D:G33T:Q46I:T112E,1.0786927663844628,R4D:G33T:Q46I:T112E,9,0.8709454621209434,1.0402645363218697,0.407160961409603,0.9031418030466929
R4D:G33T:Q46R,1.2453852805320411,R4D:G33T:Q46R,7,1.0168901116938174,1.0611660481529792,0.8864361417858782,0.8887863940700437
R4D:G33T:Q46R:D60Q:I91C,1.1290709661576788,R4D:G33T:Q46R:D60Q:I91C,8,1.0543422456261748,1.2650835798897542,1.2967925427417302,0.9269149165926415
R4D:G33T:Q46R:D95Q:T112E,1.060640492709286,R4D:G33T:Q46R:D95Q:T112E,9,0.9730985087373244,1.1033496677149726,0.812755540711413,0.8877482101689347
R4D:G33T:Q46R:I91C,1.1500092343216557,R4D:G33T:Q46R:I91C,7,0.9949252495239307,1.0824405355223972,0.8496477516558417,0.910188954760319
R4D:G33T:Q46R:I91C:V106M,1.1904625009768994,R4D:G33T:Q46R:I91C:V106M,7,1.0348288151694087,1.263601227109221,1.2346106173946245,0.9242971077729835
R4D:G33T:Q46R:R59N,0.8441656369556428,R4D:G33T:Q46R:R59N,9,0.8929257115331075,0.803472567254127,0.13207990246131182,0.9541243627635461
R4D:G33T:Q46R:R59N:V108Q,0.7750328336123568,R4D:G33T:Q46R:R59N:V108Q,7,0.838009630289487,0.7813340975355114,-0.06891999209783001,0.9744022136592954
R4D:G33T:Q46R:R97D,1.155498901429768,R4D:G33T:Q46R:R97D,9,1.0318353313500506,1.1331889437039118,1.0366559409044334,0.9203561212716563
R4D:G33T:Q46R:R97D:V106M,1.24724438815731,R4D:G33T:Q46R:R97D:V106M,7,1.0717388969955286,1.3403871199830115,1.4593026576143109,0.9254849391248741
R4D:G33T:Q46R:R97D:V108Q,0.9550119133148004,R4D:G33T:Q46R:R97D:V108Q,7,0.9769192501064301,1.085369196591542,0.7984877314526986,0.9400589328894315
R4D:G33T:Q46R:V108Q,1.2155277868072651,R4D:G33T:Q46R:V108Q,9,0.9619740304501968,1.040172878449232,0.6870938311134887,0.9163799675786781
R4D:G33T:Q46R:V108Q:T112E,1.0343890974728327,R4D:G33T:Q46R:V108Q:T112E,8,0.9786560106751894,1.1693155707386256,0.9253261236657548,0.9465190743315666
R4D:G33T:Q46V:D60Q:D95Q,0.8274081034845231,R4D:G33T:Q46V:D60Q:D95Q,9,0.8752657399313457,0.9771999587630616,0.32918018469439014,0.8681749756180116
R4D:G33T:Q46V:D60Q:T112E,0.9027759061738698,R4D:G33T:Q46V:D60Q:T112E,7,0.9524213033378238,1.1789397202299574,0.8585393537977346,0.9375772522754199
R4D:G33T:Q46V:D95Q:T112E,0.896647175227385,R4D:G33T:Q46V:D95Q:T112E,9,0.8325307240540941,0.944797820329027,0.1508029682016627,0.88368589000323
R4D:G33T:Q46V:I91C:V106M,0.8227890252104763,R4D:G33T:Q46V:I91C:V106M,7,0.8942610304861784,1.0720926975473104,0.5249600927094391,0.909409437836059
R4D:G33T:Q46V:R59N:D60Q,0.6961510024616054,R4D:G33T:Q46V:R59N:D60Q,8,0.8117749229521214,0.7931411866651137,-0.13254741024736896,1.0548540449878097
R4D:G33T:Q46V:R59N:V106M,0.4668368961038059,R4D:G33T:Q46V:R59N:V106M,7,0.7922614924953553,0.7050990186927075,-0.3200066891609539,1.0553687628007469
R4D:G33T:Q46V:R97D,1.0575622151816728,R4D:G33T:Q46V:R97D,7,0.8912675466668203,0.9702019728923377,0.3682844484342854,0.9771365768513668
R4D:G33T:Q46V:R97D:V106M,1.035128943736757,R4D:G33T:Q46V:R97D:V106M,7,0.9311711123122983,1.1442411253120037,0.7429403654093268,0.9316338945053367
R4D:G33T:Q46V:V106M,1.0259587789898876,R4D:G33T:Q46V:V106M,9,0.9162258926560651,1.0098292093214836,0.5024254177284587,0.963990405745934
R4D:G33T:Q46V:V108Q,1.0650124473522,R4D:G33T:Q46V:V108Q,7,0.8214062457669665,0.8795499474359418,0.022143795227996914,0.9936755235248049
R4D:G33T:Q46V:V108Q:T112E,0.8654226597943782,R4D:G33T:Q46V:V108Q:T112E,8,0.8380882259919591,0.9987135995198806,0.2459334997814123,0.9793066726198814
R4D:G33T:R59N:D60Q,1.2962226180541865,R4D:G33T:R59N:D60Q,9,0.9641038949049119,1.272181478004816,1.0294309950946456,0.9712985717358545
R4D:G33T:R59N:D60Q:I91C,1.2277636578083766,R4D:G33T:R59N:D60Q:I91C,7,0.9421390327350253,1.3340310099919315,1.0513665544009552,0.9671730572745169
R4D:G33T:R59N:D95Q,0.9622511657344072,R4D:G33T:R59N:D95Q,7,0.8442133156211822,1.0270856740817815,0.3058411086094075,0.9216880716594945
R4D:G33T:R59N:D95Q:V106M,1.0488972958076228,R4D:G33T:R59N:D95Q:V106M,7,0.8841168812666603,1.2149529954921705,0.70051042801591,0.9365280242529924
R4D:G33T:R59N:I91C:V106M,1.1479671844302926,R4D:G33T:R59N:I91C:V106M,8,0.9226256022782592,1.2763062040278395,0.9077853599206548,0.9573090169554641
R4D:G33T:R97D:V106M:T112E,1.2642905248689769,R4D:G33T:R97D:V106M:T112E,7,1.1001820644900815,1.6667499940206971,2.0191555769155296,0.9564270241414123
R4D:G33T:R97D:V106M:V108Q,1.187409700610679,R4D:G33T:R97D:V106M:V108Q,8,1.0285840030214684,1.509134833916518,1.570756243164259,0.9494536856333975
R4D:G33T:V106M,1.2605992389884588,R4D:G33T:V106M,8,1.0685548646088556,1.2582579185820422,1.3306414572357719,0.8980412152926595
R4D:G33T:V106M:V108Q:T112E,1.158307554434206,R4D:G33T:V106M:V108Q:T112E,7,1.0303207635902278,1.522130172173343,1.594907747825291,0.9649549756789243
R4D:G33T:V108Q:T112E,1.1895807477676636,R4D:G33T:V108Q:T112E,7,0.9904171979447497,1.316608171013506,1.1746869464502574,0.9377473676590548
R4D:I91C:D95Q:V106M:V108Q,0.9817854988858272,R4D:I91C:D95Q:V106M:V108Q,8,0.8702009108370805,1.2444772088023828,0.7004256447932822,0.8832664156582524
R4D:I91C:D95Q:V108Q:T112E,0.9546204435586974,R4D:I91C:D95Q:V108Q:T112E,7,0.8469793254165949,1.1792836603512016,0.5346262008367872,0.8889883967497163
R4D:I91C:R97D,1.2665396746875606,R4D:I91C:R97D,9,0.9606322292729416,1.1218181321666956,0.8011300885673223,0.8917476848350013
R4D:I91C:R97D:T112E,1.1321473601744951,R4D:I91C:R97D:T112E,8,0.9773142094979341,1.2755217835654253,1.0749092679914198,0.9215606053787692
R4D:I91C:R97D:V106M:T112E,1.2653414082477688,R4D:I91C:R97D:V106M:T112E,8,1.0172177751434122,1.5421897834945413,1.5836262022430598,0.9233399303420586
R4D:I91C:R97D:V106M:V108Q,1.259257074030037,R4D:I91C:R97D:V106M:V108Q,9,0.9456197136747992,1.3886890170391677,1.1411815987174787,0.9172112389370011
R4D:I91C:R97D:V108Q,1.0494929231570194,R4D:I91C:R97D:V108Q,9,0.9057161480293211,1.1211915788475069,0.6312642248594451,0.9127312020140164
R4D:I91C:V106M:T112E,1.1379565529929383,R4D:I91C:V106M:T112E,8,1.002272555487179,1.2986564904842186,1.185180726403504,0.9329513594854634
R4D:Q46C:D60Q:D95Q:V108Q,0.6414906663906889,R4D:Q46C:D60Q:D95Q:V108Q,9,0.7395975597455978,0.7274075278841036,-0.4497496795779136,0.9281073566607945
R4D:Q46C:D60Q:I91C,0.8778545327017201,R4D:Q46C:D60Q:I91C,8,0.8330223620008171,0.8356883332823853,-0.005597740403710916,0.916843911892522
R4D:Q46C:D60Q:I91C:V108Q,0.7622735659576788,R4D:Q46C:D60Q:I91C:V108Q,8,0.7781062807571968,0.8182875469013862,-0.19974082237311958,0.9391821200912835
R4D:Q46C:D60Q:T112E,1.0173361983223006,R4D:Q46C:D60Q:T112E,7,0.8716692043956964,0.9320141646975022,0.2527177540413098,0.946857228737538
R4D:Q46C:D60Q:V108Q:T112E,0.7330667752579997,R4D:Q46C:D60Q:V108Q:T112E,9,0.8167531231520759,0.9309168556451901,0.08217056918815044,0.95678976814897
R4D:Q46C:D95Q:R97D:T112E,0.8438749314250876,R4D:Q46C:D95Q:R97D:T112E,9,0.7667238447681999,0.8982220230619866,-0.11907235281372451,0.9285773599786293
R4D:Q46C:D95Q:T112E,0.8120783330963952,R4D:Q46C:D95Q:T112E,7,0.7517786251119666,0.7497392631498077,-0.37995192448373827,0.903100123439962
R4D:Q46C:D95Q:V108Q:T112E,0.7301638480355734,R4D:Q46C:D95Q:V108Q:T112E,7,0.6968625438683462,0.702160515935101,-0.6177713366405373,0.9002607502855333
R4D:Q46C:I91C,0.8008263232970051,R4D:Q46C:I91C,7,0.773605365898573,0.7285331661202638,-0.3434895084596802,0.8622207867805128
R4D:Q46C:I91C:D95Q:V108Q,0.6124223266262484,R4D:Q46C:I91C:D95Q:V108Q,8,0.658215701473467,0.5870050034552593,-0.9033388834040691,0.8729841855514752
R4D:Q46C:I91C:R97D:V106M,0.8911919738074798,R4D:Q46C:I91C:R97D:V106M,9,0.8284541512002843,0.9746694061608295,0.1814935852451156,0.9002246581104878
R4D:Q46C:I91C:R97D:V108Q,0.6726701288521016,R4D:Q46C:I91C:R97D:V108Q,7,0.7336345043111858,0.7203512561852196,-0.4783085642436175,0.9043579357437168
R4D:Q46C:I91C:V108Q,0.7316257912942143,R4D:Q46C:I91C:V108Q,7,0.7186892846549525,0.6799619855899885,-0.5827452617072044,0.8937484062919392
R4D:Q46C:R59N:D60Q:I91C,0.431780186380588,R4D:Q46C:R59N:D60Q:I91C,8,0.7090579618401074,0.529806934115013,-0.8296959825407412,0.9292151770557362
R4D:Q46C:R59N:D60Q:R97D,0.4451084204646976,R4D:Q46C:R59N:D60Q:R97D,8,0.7459680436662273,0.6550966288930822,-0.5348047635565039,0.9616608063509569
R4D:Q46C:R59N:D60Q:V106M,0.5147386264958865,R4D:Q46C:R59N:D60Q:V106M,8,0.7709263896554721,0.6687529625607248,-0.43825128171804506,0.9575893209587132
R4D:Q46C:R59N:I91C,0.3299878410135873,R4D:Q46C:R59N:I91C,7,0.6496409657378631,0.39097275499135153,-1.2134365405155134,0.8640349581388909
R4D:Q46C:R59N:R97D,0.3216647195095722,R4D:Q46C:R59N:R97D,7,0.686551047563983,0.4946064151160897,-0.949887933620956,0.8912846717869781
R4D:Q46C:R59N:R97D:T112E,0.4526838646792492,R4D:Q46C:R59N:R97D:T112E,8,0.7032330277889756,0.592804984542664,-0.7564408316573821,0.9076077589782129
R4D:Q46C:R59N:V106M,0.5121415163997739,R4D:Q46C:R59N:V106M,7,0.7115093935532278,0.5115846304522917,-0.8485267180393551,0.9146693960202409
R4D:Q46C:R97D:T112E,0.9404310587643028,R4D:Q46C:R97D:T112E,8,0.8271974279496854,0.8819714894542261,0.043466072814823516,0.9313102004432191
R4D:Q46C:T112E,0.9645068400647244,R4D:Q46C:T112E,8,0.8122522082934521,0.8073767774856644,-0.11047589638860597,0.9019334749642745
R4D:Q46C:V108Q,0.993298928324444,R4D:Q46C:V108Q,7,0.7406541468248391,0.704269012564945,-0.4799870970812556,0.8841153977694056
R4D:Q46I:D60Q:D95Q:V108Q,0.5791238862704444,R4D:Q46I:D60Q:D95Q:V108Q,9,0.7372913863963064,0.6940591132522286,-0.5051099342007348,0.8583141954420824
R4D:Q46I:D60Q:I91C:R97D,0.7765579820712559,R4D:Q46I:D60Q:I91C:R97D,8,0.845661408307759,0.9439724686547762,0.1900073206259988,0.9194580548282242
R4D:Q46I:D60Q:I91C:T112E,0.8861646895468681,R4D:Q46I:D60Q:I91C:T112E,9,0.8473981688765183,0.9784570860049727,0.24526009333966617,0.9453236629680607
R4D:Q46I:D60Q:I91C:V106M,0.8765934040179894,R4D:Q46I:D60Q:I91C:V106M,8,0.8706197542970039,1.017815917483259,0.3736691504829606,0.904014342564416
R4D:Q46I:D60Q:I91C:V108Q,0.8186723078930414,R4D:Q46I:D60Q:I91C:V108Q,8,0.7758001074079053,0.8315566811898248,-0.18763185764112547,0.9087346363185898
R4D:Q46I:D60Q:R97D:T112E,0.8839364211991663,R4D:Q46I:D60Q:R97D:T112E,7,0.8843082507026382,1.0533681058221585,0.46723864423080097,0.9418377216763736
R4D:Q46I:D60Q:R97D:V106M,1.0921471162565293,R4D:Q46I:D60Q:R97D:V106M,8,0.9075298361231238,1.0887171242635658,0.5898443298622333,0.8921586179794675
R4D:Q46I:D60Q:T112E,1.1061247541508905,R4D:Q46I:D60Q:T112E,7,0.869363031046405,0.9828235069362538,0.31915837248496853,0.9060897009207449
R4D:Q46I:D60Q:V106M,1.2160740343237773,R4D:Q46I:D60Q:V106M,8,0.8925846164668905,0.98669370473738,0.39620500355434163,0.8701707414811517
R4D:Q46I:D60Q:V108Q:T112E,0.9069302905791162,R4D:Q46I:D60Q:V108Q:T112E,9,0.8144469498027845,0.9498769317211864,0.10251599011943027,0.9078322002431016
R4D:Q46I:D95Q:R97D:V108Q,0.5848375412977278,R4D:Q46I:D95Q:R97D:V108Q,8,0.6928196099502955,0.6050933967459736,-0.7706946331372992,0.8516363050888471
R4D:Q46I:D95Q:V106M:T112E,0.9231818891626942,R4D:Q46I:D95Q:V106M:T112E,9,0.7893760174081533,0.86793979367873,-0.09320616580572551,0.9086598891388903
R4D:Q46I:D95Q:V108Q,0.6064403804156425,R4D:Q46I:D95Q:V108Q,8,0.6778743902940623,0.5782840289563408,-0.8554772419062153,0.8318043580302857
R4D:Q46I:I91C,0.977043523001556,R4D:Q46I:I91C,9,0.7712991925492816,0.7800695026753087,-0.27599671674368687,0.8703263593941557
R4D:Q46I:I91C:R97D,0.7896038920108772,R4D:Q46I:I91C:R97D,7,0.7862444122055148,0.8001461510698619,-0.20095832087831766,0.8867641836870089
R4D:Q46I:I91C:R97D:T112E,0.721568315701571,R4D:Q46I:I91C:R97D:T112E,8,0.8029263924305073,0.9065888465228497,0.004420441160641883,0.9396549636450405
R4D:Q46I:I91C:R97D:V108Q,0.5454545792262379,R4D:Q46I:I91C:R97D:V108Q,7,0.7313283309618943,0.6928991269682088,-0.5251351704175666,0.9022110012185007
R4D:Q46I:I91C:V106M:V108Q,0.8198596685493817,R4D:Q46I:I91C:V106M:V108Q,7,0.7562866769511392,0.8212030351960856,-0.2626531373006126,0.9216348718983083
R4D:Q46I:R59N:D95Q:R97D,0.4865663589831552,R4D:Q46I:R59N:D95Q:R97D,8,0.623771291033206,0.4903662660809802,-1.1491777174360394,0.871261247431396
R4D:Q46I:R59N:D95Q:V106M,0.5249845633161548,R4D:Q46I:R59N:D95Q:V106M,8,0.6487296370224509,0.5203316460686158,-1.0290202785231244,0.8796969853259219
R4D:Q46I:R59N:D95Q:V108Q,0.2544236479616817,R4D:Q46I:R59N:D95Q:V108Q,8,0.5539099901333524,0.33228196084905864,-1.5929125895822203,0.8495665017531445
R4D:Q46I:R59N:I91C:T112E,0.4861671846536218,R4D:Q46I:R59N:I91C:T112E,8,0.6640167726135643,0.5877254000167389,-0.8844482353989997,0.9046218686895707
R4D:Q46I:R59N:I91C:V106M,0.3613159773143855,R4D:Q46I:R59N:I91C:V106M,9,0.6872383580340498,0.6012498368477901,-0.7934290985694623,0.8976715059043414
R4D:Q46I:R59N:R97D,0.5712115889941476,R4D:Q46I:R59N:R97D,9,0.6842448742146916,0.574803205403129,-0.8409150880531855,0.8659053898393692
R4D:Q46I:R59N:R97D:T112E,0.6953573782201591,R4D:Q46I:R59N:R97D:T112E,8,0.7009268544396842,0.6764799374392962,-0.6424340681446874,0.8964589781595593
R4D:Q46I:R59N:R97D:V106M,0.5877992828747344,R4D:Q46I:R59N:R97D:V106M,9,0.7241484398601696,0.6859945612334685,-0.557218302827012,0.8811388320810685
R4D:Q46I:R59N:V106M:V108Q,0.3311013025456358,R4D:Q46I:R59N:V106M:V108Q,9,0.654287138960316,0.5622349125355911,-0.9512753640498262,0.8950946164861651
R4D:Q46I:R59N:V108Q:T112E,0.5260304707001923,R4D:Q46I:R59N:V108Q:T112E,8,0.6310655535398304,0.5931305704153155,-0.9780056400701879,0.8874074289150935
R4D:Q46I:R97D,0.9297914560541546,R4D:Q46I:R97D,7,0.8082092743754015,0.8032771901100084,-0.12884800042518924,0.8622540543215206
R4D:Q46I:R97D:V106M:V108Q,0.5901846590572741,R4D:Q46I:R97D:V106M:V108Q,9,0.793196758777259,0.8266816458872983,-0.14116357714687544,0.8940133789530371
R4D:Q46I:V106M:T112E,0.9736779394576156,R4D:Q46I:V106M:T112E,8,0.8498496005896388,0.9321796457269014,0.18582537478810457,0.9258879331252526
R4D:Q46I:V106M:V108Q,1.0194199593991662,R4D:Q46I:V106M:V108Q,9,0.7782515391210258,0.7945738902963787,-0.23361450175545437,0.8883500266720482
R4D:Q46I:V108Q,1.058777983010414,R4D:Q46I:V108Q,9,0.7383479734755477,0.7261688621351992,-0.45538696462328,0.8512903450318436
R4D:Q46R:D60Q,1.074603490975692,R4D:Q46R:D60Q,7,1.015307680619279,1.0513639799096777,0.8673810542547746,0.9292350154894772
R4D:Q46R:D60Q:D95Q:T112E,1.0114463861230008,R4D:Q46R:D60Q:D95Q:T112E,9,0.971516077662786,1.0687641760182274,0.757831595377384,0.9577547003754662
R4D:Q46R:D60Q:I91C:R97D,1.0282117327988225,R4D:Q46R:D60Q:I91C:R97D,9,1.0082880381056256,1.1533221698471627,0.9933471825059398,0.9712541588788175
R4D:Q46R:D95Q,0.9623605193189808,R4D:Q46R:D95Q,7,0.8954171013355492,0.8402621032877308,0.19299031682238,0.9019178634871444
R4D:Q46R:D95Q:V108Q,0.8139214111632198,R4D:Q46R:D95Q:V108Q,7,0.8405010200919287,0.7637560176331003,-0.08669540936758276,0.8966410016552618
R4D:Q46R:I91C:D95Q:R97D,0.9728783298795446,R4D:Q46R:I91C:D95Q:R97D,9,0.8883974588218958,0.9576837257147278,0.34133655176676997,0.9204825830076108
R4D:Q46R:I91C:D95Q:V108Q,0.6398876413483615,R4D:Q46R:I91C:D95Q:V108Q,7,0.8185361579220422,0.7603105831078174,-0.1592607519838685,0.918196384514402
R4D:Q46R:I91C:R97D:V108Q,0.7394124311951468,R4D:Q46R:I91C:R97D:V108Q,8,0.8939549607597609,0.9104006853086719,0.2900028115010932,0.9500095898768968
R4D:Q46R:I91C:T112E,0.9195630327561712,R4D:Q46R:I91C:T112E,7,0.9506078025721406,0.9860862766699987,0.5738444943560442,0.9657398994501187
R4D:Q46R:I91C:V106M:T112E,1.052667570652002,R4D:Q46R:I91C:V106M:T112E,7,0.9905113682176188,1.1438521426104489,0.9249482091986496,0.9779171125772611
R4D:Q46R:I91C:V106M:V108Q,1.033724440922002,R4D:Q46R:I91C:V106M:V108Q,8,0.9189133067490057,1.031903573884486,0.5426417812788356,0.96919036043066
R4D:Q46R:R59N,0.9713947594238296,R4D:Q46R:R59N,8,0.8319262843563249,0.6750947572710762,-0.24139586271414612,0.9360423420132846
R4D:Q46R:R59N:D60Q:R97D,0.7727431768418466,R4D:Q46R:R59N:D60Q:R97D,7,0.9062885001148023,0.8714023940561967,0.2715072050280802,0.9802047179770405
R4D:Q46R:R59N:D60Q:T112E,0.8549037821638072,R4D:Q46R:R59N:D60Q:T112E,8,0.9080252606835616,0.9167637382285015,0.34250178066402576,0.9696374874703697
R4D:Q46R:R59N:D95Q:R97D,0.4303515402182515,R4D:Q46R:R59N:D95Q:R97D,9,0.7863979208310726,0.6336692687896572,-0.44142673336852684,0.9367772305584631
R4D:Q46R:R59N:D95Q:V108Q,0.4100913455151051,R4D:Q46R:R59N:D95Q:V108Q,9,0.7165366199312189,0.4679080079951449,-0.8962724041479647,0.9239583661957531
R4D:Q46R:R59N:I91C:D95Q,0.3501977017107402,R4D:Q46R:R59N:I91C:D95Q,9,0.7494878390049527,0.4803060081390255,-0.7769486079276744,0.9402617551059631
R4D:Q46R:R59N:R97D:T112E,0.6085371131659602,R4D:Q46R:R59N:R97D:T112E,7,0.8635534842375506,0.8007811855144114,0.03781582285399726,0.944313996748395
R4D:Q46R:R59N:V106M:T112E,0.6611129610129891,R4D:Q46R:R59N:V106M:T112E,7,0.8885118302267955,0.8313805503626822,0.15889082317072944,0.9615245847828526
R4D:Q46R:R97D:V106M,1.261815118671389,R4D:Q46R:R97D:V106M,8,1.010739469818746,1.1279572992630837,0.9641790649369536,0.933339533036164
R4D:Q46R:R97D:V106M:V108Q,0.7905450390362684,R4D:Q46R:R97D:V106M:V108Q,8,0.9558233885751255,1.0642476805351615,0.7030135667306742,0.9416538446191977
R4D:Q46R:R97D:V108Q:T112E,0.8899105718363235,R4D:Q46R:R97D:V108Q:T112E,7,0.93260180315464,1.0114286000990103,0.5551235949845772,0.9562101418358913
R4D:Q46R:V106M,1.0545973814998757,R4D:Q46R:V106M,8,0.9957942501625128,1.0251806216222914,0.7694495539637969,0.9326353267332356
R4D:Q46R:V106M:V108Q:T112E,1.0240984618227085,R4D:Q46R:V106M:V108Q:T112E,9,0.9575601491438849,1.0958862357171555,0.7541472555977817,0.9704231262793048
R4D:Q46V:D60Q,1.0822506244359644,R4D:Q46V:D60Q,7,0.8747398959360486,0.8953351907760132,0.20908008451288146,0.9006539717880371
R4D:Q46V:D60Q:D95Q:T112E,0.8580566303200143,R4D:Q46V:D60Q:D95Q:T112E,9,0.8309482929795556,0.9003730950048748,0.08163877585195368,0.8224727262042508
R4D:Q46V:D60Q:I91C,0.8682233116222013,R4D:Q46V:D60Q:I91C,7,0.852775033766162,0.8781253509548321,0.11659362416934282,0.8637566563852289
R4D:Q46V:D60Q:I91C:D95Q,0.6294349574155271,R4D:Q46V:D60Q:I91C:D95Q,8,0.7923014505846765,0.783355967681698,-0.20662307173022137,0.8020859432114189
R4D:Q46V:D60Q:I91C:V106M,0.7978781288737749,R4D:Q46V:D60Q:I91C:V106M,9,0.8926785994116401,1.019016835834265,0.4432751773228245,0.8094600225465299
R4D:Q46V:D60Q:I91C:V108Q,0.7758696590698151,R4D:Q46V:D60Q:I91C:V108Q,7,0.7978589525225416,0.8506073119827045,-0.09219207951974819,0.8485877435835936
R4D:Q46V:D60Q:R97D,1.096976818054341,R4D:Q46V:D60Q:R97D,9,0.8896851155922818,0.9452171038932284,0.3272554103558233,0.8820018694109231
R4D:Q46V:D60Q:R97D:V106M,1.1047655797723688,R4D:Q46V:D60Q:R97D:V106M,9,0.92958868123776,1.1121460734649378,0.6916208144804007,0.8187259004127775
R4D:Q46V:D60Q:R97D:V108Q,0.7219685519823603,R4D:Q46V:D60Q:R97D:V108Q,9,0.8347690343486615,0.8739325034853378,0.05512669953087741,0.8562631038960984
R4D:Q46V:D95Q:V106M:V108Q,0.6362455808850714,R4D:Q46V:D95Q:V106M:V108Q,7,0.7398368010541765,0.727508148557015,-0.4488679837615318,0.7983015736040933
R4D:Q46V:D95Q:V108Q:T112E,0.6551288845488283,R4D:Q46V:D95Q:V108Q:T112E,8,0.716615215633691,0.7132258287607645,-0.5409839987669621,0.8090970887979029
R4D:Q46V:I91C:D95Q,0.7230099654821573,R4D:Q46V:I91C:D95Q,9,0.7328844544824322,0.6713869212931388,-0.5514819300987103,0.819357428621151
R4D:Q46V:I91C:D95Q:T112E,0.657128362640973,R4D:Q46V:I91C:D95Q:T112E,8,0.7495664347074248,0.7560367771934251,-0.37764377682618055,0.7977267073534398
R4D:Q46V:I91C:D95Q:V108Q,0.4910479215367356,R4D:Q46V:I91C:D95Q:V108Q,9,0.6779683732388118,0.5973874441586163,-0.8275398610914415,0.7914166032536549
R4D:Q46V:I91C:V106M:T112E,0.9110182827928364,R4D:Q46V:I91C:V106M:T112E,7,0.8499435835343884,0.9546075667776246,0.21857428730135336,0.8435339006293611
R4D:Q46V:I91C:V108Q:T112E,0.7564669531793398,R4D:Q46V:I91C:V108Q:T112E,7,0.7551239366452899,0.8045557529310328,-0.29032399730086156,0.8662821082474962
R4D:Q46V:R59N:D60Q:I91C,0.4922475534507613,R4D:Q46V:R59N:D60Q:I91C,9,0.7288106336054522,0.5610362824437247,-0.7237253914515378,0.9172792727314532
R4D:Q46V:R59N:D60Q:R97D,0.4686689189006907,R4D:Q46V:R59N:D60Q:R97D,7,0.765720715431572,0.6636275876408239,-0.46168537681219896,0.9360434521659563
R4D:Q46V:R59N:D60Q:V108Q,0.4511302589979392,R4D:Q46V:R59N:D60Q:V108Q,9,0.6958594145317183,0.5775107662239641,-0.8012622641567226,0.9441783494687783
R4D:Q46V:R59N:D95Q,0.3377621723089101,R4D:Q46V:R59N:D95Q,9,0.630884916491609,0.37428097844230274,-1.2953007301498596,0.9322869363941804
R4D:Q46V:R59N:D95Q:V106M,0.3357904781338321,R4D:Q46V:R59N:D95Q:V106M,7,0.6707884821370871,0.4523961900434552,-1.0594747936082702,0.8900743538813564
R4D:Q46V:R59N:I91C:R97D,0.3009351880408549,R4D:Q46V:R59N:I91C:R97D,8,0.6843388571594412,0.4604418980712741,-1.0061401717896312,0.8817538914624123
R4D:Q46V:R59N:I91C:T112E,0.415590230925078,R4D:Q46V:R59N:I91C:T112E,7,0.6860756177282005,0.4941269981826088,-0.9520445342153282,0.8989181310106614
R4D:Q46V:R59N:R97D,0.4488365051411854,R4D:Q46V:R59N:R97D,8,0.7063037193293278,0.5036240055990475,-0.876064248515868,0.9522389147127671
R4D:Q46V:R59N:R97D:T112E,0.4710720435941048,R4D:Q46V:R59N:R97D:T112E,7,0.7229856995543203,0.6051095664555318,-0.6778599091827127,0.9118768429318459
R4D:Q46V:R59N:R97D:V106M,0.4883075694492091,R4D:Q46V:R59N:R97D:V106M,8,0.7462072849748059,0.6186976625591407,-0.5867486387785096,0.9037478487602548
R4D:Q46V:R59N:T112E,0.5787253121618656,R4D:Q46V:R59N:T112E,9,0.7080404798980872,0.5599775394748292,-0.7891607614191041,0.9579171682585232
R4D:Q46V:R59N:V108Q,0.4394589686045405,R4D:Q46V:R59N:V108Q,8,0.6364424184294741,0.42942587655955555,-1.1983913042185397,0.9779969856547217
R4D:Q46V:R59N:V108Q:T112E,0.3934485789921517,R4D:Q46V:R59N:V108Q:T112E,9,0.6531243986544667,0.5164472836672446,-1.0211208231568132,0.9322162753693379
R4D:Q46V:R97D,0.9220309320209936,R4D:Q46V:R97D,8,0.8302681194900376,0.816892533812992,-0.0412746714290428,0.9087544257625702
R4D:Q46V:R97D:V106M,0.9690814640714648,R4D:Q46V:R97D:V106M,8,0.8701716851355157,0.944054298526617,0.2655359635187098,0.8645009040634632
R4D:Q46V:R97D:V106M:V108Q,0.8923287365577734,R4D:Q46V:R97D:V106M:V108Q,8,0.8152556038918952,0.8659113042916625,-0.016518847846847456,0.8474721612885532
R4D:Q46V:R97D:V108Q:T112E,0.6782600035689828,R4D:Q46V:R97D:V108Q:T112E,7,0.7920340184714098,0.83627220750949,-0.1308606078569592,0.8681520010466824
R4D:Q46V:V106M:V108Q,0.799185498174131,R4D:Q46V:V106M:V108Q,8,0.800310384235662,0.8067586193648092,-0.14811169029672425,0.9005168716008439
R4D:R59N:D60Q:D95Q:R97D,1.1905781506252435,R4D:R59N:D60Q:D95Q:R97D,7,0.8575761042028771,1.229393904564487,0.6397532394106371,0.9738099966208849
R4D:R59N:D60Q:D95Q:V108Q,1.0566468564239873,R4D:R59N:D60Q:D95Q:V108Q,7,0.7877148033030233,1.06944878397142,0.1933252235302254,0.9437020072088953
R4D:R59N:D60Q:I91C:D95Q,1.0132514861852844,R4D:R59N:D60Q:I91C:D95Q,7,0.8206660223767572,1.065664319853112,0.28922826391297957,0.9493214936506233
R4D:R59N:D60Q:I91C:T112E,1.219146954225309,R4D:R59N:D60Q:I91C:T112E,7,0.8978215857832352,1.2460503232798201,0.7876823035397442,0.9428764042147276
R4D:R59N:D60Q:I91C:V106M,1.0874349097011842,R4D:R59N:D60Q:I91C:V106M,8,0.9210431712037208,1.279922760333134,0.9081509443055444,0.9410201657631676
R4D:R59N:D60Q:T112E,1.2239361922962035,R4D:R59N:D60Q:T112E,9,0.9197864479531219,1.2142979027849292,0.8093060617918577,0.9453432490010878
R4D:R59N:D60Q:V106M:T112E,1.2547060313509737,R4D:R59N:D60Q:V106M:T112E,9,0.9596900135986,1.3763096130210648,1.1665547543685273,0.9510194146881863
R4D:R59N:D60Q:V106M:V108Q,1.193599144589211,R4D:R59N:D60Q:V106M:V108Q,8,0.8880919521299869,1.2762788406799959,0.8014968613275614,0.9580880372628238
R4D:R59N:I91C,1.1622802066840192,R4D:R59N:I91C,7,0.8217226094559985,0.8856238544413952,0.031907863001639225,0.906290167648474
R4D:R59N:I91C:D95Q:T112E,0.9089696452584768,R4D:R59N:I91C:D95Q:T112E,9,0.7779310064995055,1.002739339213175,0.06667557308026373,0.8998535267949653
R4D:R59N:I91C:R97D:V106M,1.1433066431353762,R4D:R59N:I91C:R97D:V106M,9,0.8765713947577098,1.2239920120036152,0.6903775002701217,0.9051301217632268
R4D:R59N:I91C:T112E,1.121422662020087,R4D:R59N:I91C:T112E,8,0.8384045896809911,1.0045142446941495,0.25530207781231845,0.9143754484205857
R4D:R59N:I91C:V106M:T112E,1.0413768931437648,R4D:R59N:I91C:V106M:T112E,8,0.8783081553264691,1.1799077011248293,0.6319180685473165,0.9299853128483199
R4D:R59N:I91C:V108Q,0.9874273057017324,R4D:R59N:I91C:V108Q,9,0.766806528212378,0.9106785785159608,-0.100789685813645,0.9278487241054634
R4D:R97D:V106M,1.3222030294546907,R4D:R97D:V106M,7,1.0225006570883062,1.233998849624296,1.1538375610290081,0.907821048785959
R4D:R97D:V106M:V108Q,1.1732544951388084,R4D:R97D:V106M:V108Q,9,0.9675845758446858,1.240744312600179,0.994641159702126,0.925646086569894
R4D:R97D:V106M:V108Q:T112E,1.14982783716004,R4D:R97D:V106M:V108Q:T112E,8,0.9842665560696784,1.4335136700389355,1.3249598344688622,0.946250716210569
R4D:T6H:A28H:D60Q,1.1959954395416623,R4D:T6H:A28H:D60Q,7,0.9996187815866449,1.4039058273443894,1.3293424748829779,0.931933289823526
R4D:T6H:A28H:D95Q:T112E,1.0638944694702817,R4D:T6H:A28H:D95Q:T112E,8,0.8964101825279077,1.3826287403207813,0.981008761870368,0.9538715604935817
R4D:T6H:A28H:G33T,1.2437842195734437,R4D:T6H:A28H:G33T,7,1.0012012126611833,1.4026641087223692,1.3324139747784915,0.8588388979900046
R4D:T6H:A28H:G33T:Q46C,0.8586172737550575,R4D:T6H:A28H:G33T:Q46C,7,0.8291195689430478,1.041278808486987,0.2799441356250352,0.734793271317361
R4D:T6H:A28H:G33T:Q46I,0.9285084495441328,R4D:T6H:A28H:G33T:Q46I,7,0.8268133955937564,1.0918629460554923,0.34605881708469355,0.7443524558697205
R4D:T6H:A28H:G33T:Q46V,0.8860446284830501,R4D:T6H:A28H:G33T:Q46V,8,0.8488722407083927,1.0794699678468334,0.39599050217745124,1.07979511649452
R4D:T6H:A28H:I91C:R97D,1.1514077112289438,R4D:T6H:A28H:I91C:R97D,8,0.9331821429707473,1.4507353193246355,1.192714343084031,0.9033417366963321
R4D:T6H:A28H:I91C:T112E,1.108114681885899,R4D:T6H:A28H:I91C:T112E,7,0.9349189035395066,1.4681621787688672,1.223279554213838,0.9379518730224164
R4D:T6H:A28H:Q46C,0.8237331777958491,R4D:T6H:A28H:Q46C,8,0.7681201417662653,0.8290888867417352,-0.2148322531147429,0.8277702027887234
R4D:T6H:A28H:Q46C:D60Q,0.7544713106431776,R4D:T6H:A28H:Q46C:D60Q,9,0.8275371378685095,1.0309133135996844,0.26007360505338456,0.8875795833524034
R4D:T6H:A28H:Q46C:V106M,0.6983604088752916,R4D:T6H:A28H:Q46C:V106M,8,0.8080237074117433,0.9942506637287836,0.14697550679862728,0.8592587574154633
R4D:T6H:A28H:Q46I,0.7966621624564518,R4D:T6H:A28H:Q46I,8,0.7658139684169738,0.8297483367393664,-0.22097318729669063,0.7829688572167718
R4D:T6H:A28H:Q46I:D95Q,0.524233612774989,R4D:T6H:A28H:Q46I:D95Q,7,0.7053403852354884,0.7298815313245902,-0.5515673429851942,0.8036293048892722
R4D:T6H:A28H:Q46V:D60Q,0.8677081189046659,R4D:T6H:A28H:Q46V:D60Q,8,0.8472898096338543,1.0444402497878449,0.34042363145220045,1.0423011468401826
R4D:T6H:A28H:Q46V:R59N,0.3943650332573502,R4D:T6H:A28H:Q46V:R59N,9,0.6639084133709002,0.5519382174838796,-0.9365761353483154,1.09685904325202
R4D:T6H:A28H:R59N:D95Q,0.8493205586951436,R4D:T6H:A28H:R59N:D95Q,9,0.7557638021422053,1.0750721892669024,0.1031610162432326,0.9339391775728085
R4D:T6H:A28H:R59N:T112E,1.042122521700523,R4D:T6H:A28H:R59N:T112E,7,0.8329193655486834,1.2829861485821745,0.6414560543191008,0.9352067099958132
R4D:T6H:A28H:R97D,1.0412937077519735,R4D:T6H:A28H:R97D,8,0.9551470051406339,1.2919476936879382,1.030481027766115,0.92598090473262
R4D:T6H:A28H:T112E,1.2028216296070575,R4D:T6H:A28H:T112E,7,0.9568837657093932,1.3320429868966168,1.093854088418382,0.9491050550562115
R4D:T6H:A28H:V106M,1.180405236769715,R4D:T6H:A28H:V106M,8,0.9801053511298787,1.367721595767244,1.2169367877384638,0.9192860478582747
R4D:T6H:A28H:V106M:T112E,1.1699637117141333,R4D:T6H:A28H:V106M:T112E,9,0.9967873313548713,1.584952371776069,1.5826582851215294,0.9628693546589029
R4D:T6H:A28H:V106M:V108Q,1.0977934844483554,R4D:T6H:A28H:V106M:V108Q,8,0.9251892698862583,1.4740450205128974,1.2018588032128243,0.9484617356422256
R4D:T6H:A28H:V108Q:T112E,1.165143351636957,R4D:T6H:A28H:V108Q:T112E,7,0.9019676844657727,1.4472978726758863,1.091702538627998,0.9690335534479128
R4D:T6H:A28K:D60Q:D95Q,1.0222059742532017,R4D:T6H:A28K:D60Q:D95Q,7,0.8958414365503603,1.3778834106768465,0.9723910350292804,1.0480616432895669
R4D:T6H:A28K:D60Q:T112E,1.1399767979528166,R4D:T6H:A28K:D60Q:T112E,7,0.9729969999568383,1.5646072653838545,1.4800177979796092,1.0247259790427798
R4D:T6H:A28K:D95Q:T112E,1.039606848942724,R4D:T6H:A28K:D95Q:T112E,7,0.8531064206731086,1.340008385882351,0.7860929522767435,1.014853659941532
R4D:T6H:A28K:G33T:D60Q,1.077916743821569,R4D:T6H:A28K:G33T:D60Q,7,1.0173144469086284,1.6538314248134602,1.7455017173236431,0.9190718006846923
R4D:T6H:A28K:G33T:Q46V,0.6494508213349793,R4D:T6H:A28K:G33T:Q46V,7,0.8055684788535936,1.051318833000448,0.2220158826111573,1.094140211780555
R4D:T6H:A28K:G33T:R97D,1.1630673312491535,R4D:T6H:A28K:G33T:R97D,8,0.9728426704626174,1.5493202902774408,1.4574182546531609,0.8847766884512595
R4D:T6H:A28K:I91C:V106M,0.8888270622019876,R4D:T6H:A28K:I91C:V106M,9,0.914836727105193,1.4781255127643544,1.1759130353352203,0.9164647142280543
R4D:T6H:A28K:I91C:V108Q,1.044022950917466,R4D:T6H:A28K:I91C:V108Q,9,0.8200170802160944,1.2942047280957159,0.6179964502294626,0.9286320397089919
R4D:T6H:A28K:Q46C:V106M,0.5494423719832737,R4D:T6H:A28K:Q46C:V106M,7,0.7647199455569442,0.9429485714953872,-0.06050531501112253,0.9064663138278649
R4D:T6H:A28K:Q46I:D95Q,0.6788115005542631,R4D:T6H:A28K:Q46I:D95Q,8,0.6620366233806892,0.7600227498483038,-0.6411758886732057,0.7898059005491888
R4D:T6H:A28K:Q46I:I91C,0.6605358394652447,R4D:T6H:A28K:Q46I:I91C,7,0.7005453443922882,0.8867831058504605,-0.3392376962153884,0.7366944943647836
R4D:T6H:A28K:Q46I:T112E,0.7396329970396689,R4D:T6H:A28K:Q46I:T112E,8,0.7391921867871674,0.9902174997555311,-0.07063403405155616,0.8027064453151632
R4D:T6H:A28K:Q46V:D60Q,0.8063394370338084,R4D:T6H:A28K:Q46V:D60Q,9,0.8039860477790552,0.9994807069097552,0.14212233245377273,1.0987271336627689
R4D:T6H:A28K:Q46V:D95Q,0.5861160570516348,R4D:T6H:A28K:Q46V:D95Q,9,0.6840954684953255,0.7540241717516373,-0.5819896375684953,1.0837013800677058
R4D:T6H:A28K:Q46V:V108Q,0.7520158334496128,R4D:T6H:A28K:Q46V:V108Q,8,0.6896529704331905,0.8001468010323094,-0.49813807180596986,1.0844620677343157
R4D:T6H:A28K:R59N:R97D,0.8757877591480749,R4D:T6H:A28K:R59N:R97D,7,0.7878788431251249,1.1905277418409796,0.3690665639062491,0.9298870541215
R4D:T6H:A28K:R59N:T112E,1.0074218240502095,R4D:T6H:A28K:R59N:T112E,8,0.7896156036938843,1.2531615567622332,0.46505945336930066,0.9625309651135585
R4D:T6H:A28K:R59N:V106M,1.117376319661649,R4D:T6H:A28K:R59N:V106M,9,0.8128371891143698,1.255852665316846,0.5403995976573137,0.958781586148855
R4D:T6H:A28K:R59N:V108Q,0.9472380862164544,R4D:T6H:A28K:R59N:V108Q,9,0.7180175422252713,1.1190836554123584,0.05072541285384058,0.9561028938895796
R4D:T6H:A28K:R97D,1.1063294454213748,R4D:T6H:A28K:R97D,9,0.9118432432858348,1.2379694458527244,0.8191270265741699,0.9398115796482939
R4D:T6H:A28K:R97D:T112E,1.0772536949377305,R4D:T6H:A28K:R97D:T112E,8,0.9285252235108273,1.474348101752889,1.2125611029857204,0.9722293790061427
R4D:T6H:A28K:R97D:V108Q,0.8948272050037664,R4D:T6H:A28K:R97D:V108Q,9,0.8569271620422143,1.2797756618632845,0.710673782964249,0.9434986287325334
R4D:T6H:A28K:V106M,1.0356052463641507,R4D:T6H:A28K:V106M,7,0.9368015892750796,1.3060140623676306,0.9943962511048571,0.9582971347664955
R4D:T6H:A28K:V106M:T112E,1.1572127900882234,R4D:T6H:A28K:V106M:T112E,8,0.9534835695000722,1.5181676652228393,1.35276959490333,0.9918427730524363
R4D:T6H:A28K:V106M:V108Q,1.0960675032145424,R4D:T6H:A28K:V106M:V108Q,7,0.8818855080314592,1.3989588561090254,0.9599554770117861,0.9693955571688444
R4D:T6H:D60Q:D95Q:T112E,1.1319612954702707,R4D:T6H:D60Q:D95Q:T112E,8,0.9132895225074463,1.4399562661367484,1.1159107296031099,1.0243389789179214
R4D:T6H:D60Q:D95Q:V106M,1.2062545436854222,R4D:T6H:D60Q:D95Q:V106M,7,0.9365111079279319,1.4815520847619656,1.2475573610077233,0.9911081907502308
R4D:T6H:D60Q:I91C:D95Q,1.0652287629271142,R4D:T6H:D60Q:I91C:D95Q,7,0.8746426801125672,1.3378940238509052,0.8492929719050822,0.9789891618031172
R4D:T6H:D60Q:R97D,1.2566710288726166,R4D:T6H:D60Q:R97D,8,0.9720263451201725,1.3548057594222613,1.1733873033087754,0.9930946922481199
R4D:T6H:D60Q:R97D:V106M,1.212182669736206,R4D:T6H:D60Q:R97D:V106M,8,1.0119299107656505,1.6595131397739133,1.7371583397449042,0.983263747487867
R4D:T6H:D95Q:R97D:V106M,1.161453465829638,R4D:T6H:D95Q:R97D:V106M,8,0.8920393314819209,1.5003389747864135,1.1379221792476235,0.9579912336274448
R4D:T6H:G33T:D60Q,1.1255357642670003,R4D:T6H:G33T:D60Q,9,1.018080552640722,1.4447412802650337,1.4452442222785176,0.9460408458432259
R4D:T6H:G33T:D95Q,1.1162538884663318,R4D:T6H:G33T:D95Q,9,0.8981899733569922,1.222377694357406,0.7545544997706835,0.9067076850441876
R4D:T6H:G33T:D95Q:R97D,1.0834691033069197,R4D:T6H:G33T:D95Q:R97D,9,0.9131351930132254,1.4712234562230089,1.1606886708508493,0.936527475835976
R4D:T6H:G33T:D95Q:V108Q,0.9892087618738268,R4D:T6H:G33T:D95Q:V108Q,7,0.8432738921133718,1.3038704623569024,0.7035392970615157,0.9184679161543272
R4D:T6H:G33T:I91C:T112E,1.1186170470891783,R4D:T6H:G33T:I91C:T112E,7,0.9533806745935837,1.543250602928659,1.3887553629577898,0.9465302502906631
R4D:T6H:G33T:Q46C:D60Q,0.7074665263873577,R4D:T6H:G33T:Q46C:D60Q,7,0.8459989089225866,1.076033190845214,0.3821761667619831,0.8961556176379522
R4D:T6H:G33T:Q46C:V106M,0.7633906704290042,R4D:T6H:G33T:Q46C:V106M,8,0.8264854784658204,1.0385486805163824,0.267888596199062,0.8776334073713393
R4D:T6H:G33T:Q46R:R97D,0.9961366283451624,R4D:T6H:G33T:Q46R:R97D,7,0.9618475889251507,1.2310180273475304,0.9629135248501034,0.9360418453185854
R4D:T6H:G33T:Q46V:R97D,0.9080485029756656,R4D:T6H:G33T:Q46V:R97D,7,0.8212798042419204,1.0182360229996765,0.22247406402360762,1.0727188000653205
R4D:T6H:G33T:R59N:D60Q,1.1758107586443842,R4D:T6H:G33T:R59N:D60Q,9,0.8941161524800121,1.4338490714871068,1.0480815624413178,1.0094554986291067
R4D:T6H:G33T:R59N:T112E,1.014994006672436,R4D:T6H:G33T:R59N:T112E,7,0.8513811366027604,1.351595690642192,0.7975550269211336,0.9934336859274133
R4D:T6H:G33T:R97D,1.1569405663770238,R4D:T6H:G33T:R97D,8,0.973608776194711,1.3500617746972385,1.1713900004590756,0.9509010736706549
R4D:T6H:G33T:R97D:V106M,1.2128746338758818,R4D:T6H:G33T:R97D:V106M,8,1.013512341840189,1.6618793378968473,1.7454515497456689,0.9588434155625178
R4D:T6H:G33T:V108Q:T112E,1.076003986945888,R4D:T6H:G33T:V108Q:T112E,7,0.9204294555198498,1.5113198307914542,1.2411619363354827,0.9906066832022276
R4D:T6H:I91C,1.1431755377026622,R4D:T6H:I91C,9,0.8756992671918085,1.066006973779886,0.45904371671266997,0.9162963886203221
R4D:T6H:I91C:V106M,0.99397160519981,R4D:T6H:I91C:V106M,7,0.9156028328372865,1.304909664581178,0.9275761330008797,0.9344672263185546
R4D:T6H:I91C:V108Q,1.0110820495390411,R4D:T6H:I91C:V108Q,9,0.820783185948188,1.1395488978818777,0.3965213188934889,0.9417879229693257
R4D:T6H:I91C:V108Q:T112E,0.9938778391600496,R4D:T6H:I91C:V108Q:T112E,8,0.8374651661731806,1.3515845743260346,0.7547239887058932,0.9724165895016801
R4D:T6H:Q46C:D60Q,0.7518041184943771,R4D:T6H:Q46C:D60Q,8,0.7849994817458039,0.8686629372385148,-0.10562475341737676,0.963328040903376
R4D:T6H:Q46C:D60Q:R97D,0.6754543238005614,R4D:T6H:Q46C:D60Q:R97D,8,0.7999447014020372,0.9888536898751579,0.11430801411833823,0.9984193430887296
R4D:T6H:Q46C:I91C:D95Q,0.4661386571336968,R4D:T6H:Q46C:I91C:D95Q,8,0.6431440402921875,0.6883831618230206,-0.802985693039745,0.9024088437125453
R4D:T6H:Q46C:I91C:V108Q,0.6334907582779574,R4D:T6H:Q46C:I91C:V108Q,7,0.6487015422300526,0.7332616161895855,-0.7209348120437896,0.9076072124807189
R4D:T6H:Q46C:R59N:D95Q,0.2736743549100172,R4D:T6H:Q46C:R59N:D95Q,8,0.5411445023013643,0.36691354380797636,-1.5820658524290545,0.9241832186102207
R4D:T6H:Q46C:R59N:I91C,0.2567066367058458,R4D:T6H:Q46C:R59N:I91C,7,0.5796532233129632,0.4177883028060261,-1.3899562998015529,0.8541766124143005
R4D:T6H:Q46C:R59N:V108Q,0.2300796083706526,R4D:T6H:Q46C:R59N:V108Q,9,0.5467020042392294,0.42555543517840977,-1.4800952551074398,0.9047234383650482
R4D:T6H:Q46C:V108Q:T112E,0.6386255699613155,R4D:T6H:Q46C:V108Q:T112E,8,0.6873483846249318,0.8421716026347138,-0.44440636698726943,0.9653338110944428
R4D:T6H:Q46I:D60Q:D95Q,0.4974819109073382,R4D:T6H:Q46I:D60Q:D95Q,9,0.7222197252150271,0.7963228932351403,-0.4034749904966952,0.9138602910738141
R4D:T6H:Q46I:D95Q:R97D,0.5703743138449318,R4D:T6H:Q46I:D95Q:R97D,8,0.6777479487690161,0.7493325222493572,-0.6083090952899277,0.8836074784616794
R4D:T6H:Q46I:D95Q:T112E,0.6215163660660848,R4D:T6H:Q46I:D95Q:T112E,9,0.6794847093377754,0.7854588963037641,-0.5506802207483209,0.9221296055136555
R4D:T6H:Q46I:R59N:I91C,0.419624491609202,R4D:T6H:Q46I:R59N:I91C,9,0.5773470499636719,0.5189753648586259,-1.2506043956417354,0.8302289355444554
R4D:T6H:Q46I:R59N:V108Q,0.3202889274849879,R4D:T6H:Q46I:R59N:V108Q,9,0.544395830889938,0.4971060102462186,-1.3836360102056409,0.8398451361439979
R4D:T6H:Q46I:R97D:V108Q,0.4667579615503726,R4D:T6H:Q46I:R97D:V108Q,9,0.6833054507068811,0.6996349521179155,-0.6631373658227204,0.8726672096289596
R4D:T6H:Q46I:V108Q,0.6398445512282053,R4D:T6H:Q46I:V108Q,7,0.6683602310506478,0.6964990630258386,-0.7136575312815605,0.8559628987107165
R4D:T6H:Q46R:D60Q,1.0807940440169477,R4D:T6H:Q46R:D60Q,7,0.945319938194379,1.0924359113503588,0.7114944491423624,0.9786878291470515
R4D:T6H:Q46R:D60Q:I91C,0.984462412301173,R4D:T6H:Q46R:D60Q:I91C,9,0.9233550760244924,1.146419302768579,0.7220454038134987,0.9845000990617477
R4D:T6H:Q46R:D60Q:V106M,1.0423221198137296,R4D:T6H:Q46R:D60Q:V106M,9,0.9852235038398571,1.288241157713345,1.1176522661694568,0.9792547725506515
R4D:T6H:Q46R:D95Q:V108Q,0.618534236124546,R4D:T6H:Q46R:D95Q:V108Q,7,0.7705132776670288,0.8174718570401796,-0.2242825839040712,0.9492113257197875
R4D:T6H:Q46R:I91C:D95Q,0.7025846484019304,R4D:T6H:Q46R:I91C:D95Q,9,0.8034644967407627,0.8852839051730108,-0.024758463005714527,0.9525620295851082
R4D:T6H:Q46R:I91C:V106M,1.0475331988968577,R4D:T6H:Q46R:I91C:V106M,8,0.9038416455677263,1.1606193370537676,0.6825604764306781,0.9554679957959182
R4D:T6H:Q46R:R59N,0.5429716726365111,R4D:T6H:Q46R:R59N,8,0.761938541931425,0.6707883106559049,-0.4629582447372989,0.94314611128012
R4D:T6H:Q46R:R59N:D60Q,0.6440897848382484,R4D:T6H:Q46R:R59N:D60Q,7,0.8213555380336692,0.8760212290164736,0.01688069691946007,0.9899981038156866
R4D:T6H:Q46R:R59N:I91C,0.4914797774801576,R4D:T6H:Q46R:R59N:I91C,8,0.7399736797615384,0.6584706832276177,-0.548364243780079,0.9305550469441141
R4D:T6H:Q46R:R97D:V106M,1.0186267586869722,R4D:T6H:Q46R:R97D:V106M,8,0.9407517273938462,1.2279112933430856,0.8935120153843408,0.9556594023412924
R4D:T6H:Q46R:R97D:V108Q,0.6585167831931065,R4D:T6H:Q46R:R97D:V108Q,8,0.8459320805047476,0.9520070970557031,0.20246854739339054,0.9595490507914164
R4D:T6H:Q46R:V106M:T112E,0.9624009678792288,R4D:T6H:Q46R:V106M:T112E,9,0.9424884879626054,1.2220614193087904,0.8903889895025705,0.9995260096491846
R4D:T6H:Q46R:V106M:V108Q,0.954122082906018,R4D:T6H:Q46R:V106M:V108Q,8,0.8708904264939924,1.0853789051494904,0.4722853129370929,0.9748046498719817
R4D:T6H:Q46R:V108Q,0.8862258958748479,R4D:T6H:Q46R:V108Q,8,0.8309868608485144,0.9050288633223762,0.08849569434931899,0.955694647742093
R4D:T6H:Q46R:V108Q:T112E,0.8094105928620674,R4D:T6H:Q46R:V108Q:T112E,7,0.8476688410735069,1.061931135471095,0.3669042129388619,0.9866918588397635
R4D:T6H:Q46V:D60Q:D95Q,0.6328214935241135,R4D:T6H:Q46V:D60Q:D95Q,8,0.7442785703296633,0.8172833856987577,-0.3052710842951262,0.997965300245941
R4D:T6H:Q46V:D60Q:I91C,0.7244969195270969,R4D:T6H:Q46V:D60Q:I91C,7,0.7827872913412621,0.9284355299024155,-0.025922536508877762,0.9689207744855851
R4D:T6H:Q46V:D60Q:V106M,0.9243046056809858,R4D:T6H:Q46V:D60Q:V106M,9,0.8446557191566268,1.049258311183967,0.33929252833637963,0.9799387278169882
R4D:T6H:Q46V:D60Q:V108Q,0.7240395409222731,R4D:T6H:Q46V:D60Q:V108Q,9,0.7498360722675282,0.8894959656937041,-0.18365973389212897,1.0087725362677997
R4D:T6H:Q46V:D95Q,0.624078314229058,R4D:T6H:Q46V:D95Q,9,0.684861574227419,0.6605111959000233,-0.7149731869039653,1.0032254845785091
R4D:T6H:Q46V:D95Q:V106M,0.5665387813707136,R4D:T6H:Q46V:D95Q:V106M,7,0.7247651398728971,0.825618203931455,-0.3532446936780529,0.9603937748037387
R4D:T6H:Q46V:I91C:T112E,0.7299400041997646,R4D:T6H:Q46V:I91C:T112E,7,0.7400522754640104,0.8868708871549265,-0.21756057489553673,0.9781375425383735
R4D:T6H:Q46V:R59N:T112E,0.3943865792179493,R4D:T6H:Q46V:R59N:T112E,9,0.6380527374731872,0.5786722381176007,-0.977433763138869,1.0511518211854325
R4D:T6H:Q46V:R97D:T112E,0.7875538472939422,R4D:T6H:Q46V:R97D:T112E,7,0.7769623572901303,0.953535191372026,-0.007517431949810666,1.0077353576943964
R4D:T6H:Q46V:R97D:V106M,0.740341044958633,R4D:T6H:Q46V:R97D:V106M,8,0.8001839427106159,0.9942132590703393,0.1228009456097494,0.9667172725356162
R4D:T6H:Q46V:T112E,0.7863748465059559,R4D:T6H:Q46V:T112E,9,0.7620171376338971,0.84882018043077,-0.20505227777348206,1.0461562869391106
R4D:T6H:Q46V:V108Q,0.6320895221742787,R4D:T6H:Q46V:V108Q,8,0.6904190761652841,0.7068538927073477,-0.6308031191057801,1.037899118502081
R4D:T6H:Q46V:V108Q:T112E,0.6990586356172733,R4D:T6H:Q46V:V108Q:T112E,9,0.7071010563902766,0.8537771246506116,-0.36683718851508784,1.0243883719419393
R4D:T6H:R59N:D95Q:T112E,1.0574542493473795,R4D:T6H:R59N:D95Q:T112E,7,0.7299081262444923,1.113309449635735,0.07895193868653907,0.975823927471129
R4D:T6H:R59N:I91C:R97D,0.9589190370201364,R4D:T6H:R59N:I91C:R97D,9,0.7666800866873319,1.124795152135381,0.20871056161085916,0.9075945166263641
R4D:T6H:R59N:R97D,1.1341881853572775,R4D:T6H:R59N:R97D,7,0.7886449488572185,1.0327740687061735,0.1431079483802587,0.9489703888187945
R4D:T6H:R59N:R97D:T112E,1.1393179786739978,R4D:T6H:R59N:R97D:T112E,8,0.805326929082211,1.254507935482305,0.5153467343336303,0.96268050221777
R4D:T6H:R59N:T112E,1.229259769204123,R4D:T6H:R59N:T112E,8,0.7903817094259777,1.0896436748252325,0.23075834285827745,0.9607131202896345
R4D:T6H:R59N:V106M:V108Q,1.1328600448287702,R4D:T6H:R59N:V106M:V108Q,7,0.7586872136028429,1.1690516955310506,0.24817122506681755,0.9807344417743906
R4D:T6H:R97D:V106M:V108Q,0.9690013480344596,R4D:T6H:R97D:V106M:V108Q,7,0.8975968334197859,1.4149992732663488,1.03150932658584,0.9718780377976215
R4D:T6H:R97D:V108Q:T112E,1.0273311218294008,R4D:T6H:R97D:V108Q:T112E,8,0.8743752479993004,1.3678300716238807,0.8917963808843924,0.9931850384977547
R4D:T6H:V108Q,1.2155530497394478,R4D:T6H:V108Q,9,0.8427480481180746,1.0260486145922498,0.29983202520644026,0.9501348431712136
R4D:T6S:A28H:D60Q:T112E,1.3702962491000077,R4D:T6S:A28H:D60Q:T112E,9,1.279497729659852,1.919738847662699,2.937000823369541,0.7815933328005263
R4D:T6S:A28H:D95Q,1.183647910570096,R4D:T6S:A28H:D95Q,8,1.1429251701511298,1.4557510347974525,1.845285149876879,0.7012305272635653
R4D:T6S:A28H:D95Q:T112E,1.2606760837643871,R4D:T6S:A28H:D95Q:T112E,9,1.1596071503761223,1.6701406879294418,2.206894712011721,0.7736496420591107
R4D:T6S:A28H:G33T:D95Q,1.220394400487528,R4D:T6S:A28H:G33T:D95Q,9,1.2039245973279125,1.7323879210655972,2.4333351337938667,0.651102765820451
R4D:T6S:A28H:G33T:Q46I,1.0808836667121215,R4D:T6S:A28H:G33T:Q46I,8,1.090010363441971,1.4599861365732998,1.6886127979626782,0.6272473811081152
R4D:T6S:A28H:G33T:T112E,1.2983283594271555,R4D:T6S:A28H:G33T:T112E,9,1.2810801607343905,1.8949318143453509,2.9059664248819774,0.7449527215831613
R4D:T6S:A28H:Q46C:I91C,1.0668522411714867,R4D:T6S:A28H:Q46C:I91C,9,1.0093522474445933,1.1660687403786445,1.0150694244855605,0.7215178282681693
R4D:T6S:A28H:Q46C:R59N,0.6465593631482014,R4D:T6S:A28H:Q46C:R59N,9,0.9073527094537701,0.8692896694967821,0.27172370371649274,0.7396228590571365
R4D:T6S:A28H:Q46C:T112E,1.2740171651552563,R4D:T6S:A28H:Q46C:T112E,8,1.0479990898394724,1.2705947843888525,1.2852530234351753,0.7819956922498946
R4D:T6S:A28H:Q46I:D95Q,1.0425877953152738,R4D:T6S:A28H:Q46I:D95Q,8,0.968537353083703,1.1320337767121318,0.8402366268050708,0.6723281755813794
R4D:T6S:A28H:Q46I:R59N,0.8948619018888951,R4D:T6S:A28H:Q46I:R59N,7,0.9050465361044787,1.0193929312834777,0.48187164684234707,0.6938957253833447
R4D:T6S:A28H:Q46I:R97D,1.111574602115548,R4D:T6S:A28H:Q46I:R97D,9,1.0439561559214217,1.283752920426539,1.2918578895205055,0.7202905300713136
R4D:T6S:A28H:Q46R,1.1537605584122093,R4D:T6S:A28H:Q46R,8,1.191637566063055,1.3318104009449374,1.8157791458693282,0.8198241902770038
R4D:T6S:A28H:Q46R:D60Q,1.3326608150760548,R4D:T6S:A28H:Q46R:D60Q,7,1.2510545621652993,1.5732220084268218,2.34797922552732,0.8447717428695105
R4D:T6S:A28H:Q46R:D95Q,0.994046735194142,R4D:T6S:A28H:Q46R:D95Q,9,1.1311639828815694,1.2830672171492348,1.5591758138323621,0.8376355207938958
R4D:T6S:A28H:Q46R:R59N,1.0155428969811484,R4D:T6S:A28H:Q46R:R59N,8,1.0676731659023453,1.0917908065305737,1.0870021862729264,0.877505029318562
R4D:T6S:A28H:Q46R:T112E,1.3622395160258056,R4D:T6S:A28H:Q46R:T112E,9,1.2083195462880476,1.4826210204253525,2.08537126248944,0.896827242628682
R4D:T6S:A28H:Q46V:D95Q,1.0540896440536365,R4D:T6S:A28H:Q46V:D95Q,9,0.9905961981983392,1.1443116713421249,0.9258742760631911,0.8404067275382827
R4D:T6S:A28H:Q46V:R97D,1.0673596060864003,R4D:T6S:A28H:Q46V:R97D,8,1.066015001036058,1.296669372407365,1.378419717912275,0.900600730151969
R4D:T6S:A28H:Q46V:V108Q,1.0735130159534918,R4D:T6S:A28H:Q46V:V108Q,8,0.9961537001362043,1.1935374181450624,1.0142169599055495,0.9232633683021102
R4D:T6S:A28H:R59N,1.2851878325976025,R4D:T6S:A28H:R59N,7,1.0794343531719055,1.3631820786625395,1.5159700606310582,0.7549529464549077
R4D:T6S:A28H:R59N:I91C,1.1618172327155658,R4D:T6S:A28H:R59N:I91C,9,1.0574694910020188,1.4301066847455888,1.5452507355719498,0.7746951145676586
R4D:T6S:A28H:R59N:R97D,1.2087320504667671,R4D:T6S:A28H:R59N:R97D,7,1.0943795728281387,1.5245625939736602,1.7955164543101707,0.8111536179463726
R4D:T6S:A28H:R59N:V106M,1.3652119083966283,R4D:T6S:A28H:R59N:V106M,9,1.1193379188173835,1.5681838515688664,1.9354379396632497,0.8169722378962772
R4D:T6S:A28H:V106M,1.364862146982278,R4D:T6S:A28H:V106M,7,1.2433023189780934,1.6260271108050117,2.4005524930613786,0.7489094561863414
R4D:T6S:A28H:V106M:V108Q,1.3145719887789165,R4D:T6S:A28H:V106M:V108Q,9,1.188386237734473,1.733326879671063,2.386887563858264,0.8217588466411929
R4D:T6S:A28H:V108Q,1.290824865704211,R4D:T6S:A28H:V108Q,9,1.1484826720889947,1.491924998688992,1.9147380888781727,0.7559813995191681
R4D:T6S:A28H:V108Q:T112E,1.1229418703579954,R4D:T6S:A28H:V108Q:T112E,8,1.1651646523139874,1.713452166445205,2.2866777209326736,0.8265877169348824
R4D:T6S:A28K,1.2321880303577046,R4D:T6S:A28K,8,1.1600949914778163,1.3180485702541984,1.698815432660694,0.8957797615430427
R4D:T6S:A28K:D60Q:R97D,1.238519625844097,R4D:T6S:A28K:D60Q:R97D,9,1.2344572072362936,1.791876746770594,2.6133718392046337,0.9869348837502183
R4D:T6S:A28K:D60Q:T112E,1.2773245456561984,R4D:T6S:A28K:D60Q:T112E,8,1.236193967805053,1.805513461581186,2.6384516032099983,1.0024341182291314
R4D:T6S:A28K:D60Q:V108Q,1.1840332766895505,R4D:T6S:A28K:D60Q:V108Q,9,1.16459590633644,1.6841711881002455,2.242549738778682,0.9846625183558508
R4D:T6S:A28K:D95Q,1.159815297717717,R4D:T6S:A28K:D95Q,9,1.0996214082963307,1.3759445152638463,1.5965500900678586,0.9406002741092162
R4D:T6S:A28K:D95Q:T112E,1.1776791880840345,R4D:T6S:A28K:D95Q:T112E,8,1.1163033885213234,1.5852569952422195,1.9508114986181089,1.0029817203900744
R4D:T6S:A28K:G33T,1.1121045103891791,R4D:T6S:A28K:G33T,7,1.221094418654599,1.5692717041138762,2.250084288534961,0.8480411084609214
R4D:T6S:A28K:G33T:D95Q,0.798058116388231,R4D:T6S:A28K:G33T:D95Q,8,1.1606208354731133,1.651130256526753,2.1824998430001283,0.8661429340213668
R4D:T6S:A28K:G33T:Q46C,0.8120505464303696,R4D:T6S:A28K:G33T:Q46C,7,1.0490127749364635,1.251610697649085,1.2608962828512378,0.8169262143191789
R4D:T6S:A28K:G33T:R97D,0.8816453415106607,R4D:T6S:A28K:G33T:R97D,7,1.236039638310832,1.7831003616014822,2.605538474262657,0.9007392510429902
R4D:T6S:A28K:G33T:V108Q,0.8429233907757235,R4D:T6S:A28K:G33T:V108Q,7,1.1661783374109784,1.6790827135912212,2.2400538585189596,0.9142017335689122
R4D:T6S:A28K:I91C:R97D,1.251751587785857,R4D:T6S:A28K:I91C:R97D,8,1.1530753489641627,1.6360695231302327,2.1374875329059435,0.9301148714909561
R4D:T6S:A28K:I91C:T112E,1.180015557628557,R4D:T6S:A28K:I91C:T112E,9,1.154812109532922,1.6312116187799928,2.1358001771045814,0.971995378958241
R4D:T6S:A28K:I91C:V106M,1.097743053375676,R4D:T6S:A28K:I91C:V106M,8,1.1780336949534076,1.6875013881127918,2.2887132501484437,0.956800551562696
R4D:T6S:A28K:I91C:V108Q,1.3080890460432244,R4D:T6S:A28K:I91C:V108Q,8,1.083214048064309,1.5168938897244773,1.7500648816946613,0.9633291441548958
R4D:T6S:A28K:Q46C:D95Q,0.9176515504494972,R4D:T6S:A28K:Q46C:D95Q,7,0.9275397645781953,1.0349466388196555,0.5735868122782093,0.9735448155395525
R4D:T6S:A28K:Q46C:T112E,0.8787072833519765,R4D:T6S:A28K:Q46C:T112E,7,1.0046953279846733,1.1850343925104987,1.028190428516341,0.9932816342908639
R4D:T6S:A28K:Q46I:D95Q,0.9704064688910058,R4D:T6S:A28K:Q46I:D95Q,7,0.9252335912289039,1.1199116569870533,0.6894606773170715,0.8268547501243091
R4D:T6S:A28K:Q46I:I91C,1.0031249870787082,R4D:T6S:A28K:Q46I:I91C,8,0.9637423122405029,1.2176717135889321,0.9494269599059836,0.8102081733140057
R4D:T6S:A28K:Q46I:T112E,0.9471720115770754,R4D:T6S:A28K:Q46I:T112E,9,1.002389154635382,1.3223079013857677,1.2197699691093047,0.8674271621884643
R4D:T6S:A28K:Q46I:V108Q,0.9324247315481922,R4D:T6S:A28K:Q46I:V108Q,8,0.930791093166769,1.1493509908418573,0.7491666381578721,0.8237688899066501
R4D:T6S:A28K:Q46R,1.1746411714291314,R4D:T6S:A28K:Q46R,7,1.148333804208256,1.283030206157548,1.6119482468014599,1.0363836973247365
R4D:T6S:A28K:Q46R:D60Q,1.2565669210599353,R4D:T6S:A28K:Q46R:D60Q,8,1.2077508003105002,1.50618226060249,2.117721416042598,1.0790825628090597
R4D:T6S:A28K:Q46R:I91C,1.1801257918278916,R4D:T6S:A28K:Q46R:I91C,7,1.1263689420383693,1.3313164443435261,1.6142537554972791,1.0596029097278397
R4D:T6S:A28K:Q46R:R59N,1.0543807730186523,R4D:T6S:A28K:Q46R:R59N,9,1.0243694040475462,1.0668885147190217,0.9177295921979605,1.0866492978302644
R4D:T6S:A28K:Q46R:T112E,1.1711421932332646,R4D:T6S:A28K:Q46R:T112E,8,1.1650157844332485,1.4287636524843466,1.8741922098369779,1.1033490811617273
R4D:T6S:A28K:Q46R:V106M,1.2080333418986466,R4D:T6S:A28K:Q46R:V106M,7,1.188237369853734,1.4573221768161941,1.986970065665762,1.0892042622052722
R4D:T6S:A28K:Q46V:V106M,1.1080325325672336,R4D:T6S:A28K:Q46V:V106M,7,1.0476695851705038,1.2676077255213332,1.279916096632745,1.0940020873284249
R4D:T6S:A28K:R59N:D60Q,1.3374717945680046,R4D:T6S:A28K:R59N:D60Q,7,1.0955475874193505,1.5931934198661528,1.8984389237325887,1.0140425972546632
R4D:T6S:A28K:R59N:D95Q,0.920902911718298,R4D:T6S:A28K:R59N:D95Q,9,0.9756570081356208,1.3283160686570439,1.1462193562810001,1.0122653711918634
R4D:T6S:A28K:R59N:I91C,1.0852826019125652,R4D:T6S:A28K:R59N:I91C,8,1.0141657291472197,1.3635995526777853,1.3157637767677408,0.9551181395425095
R4D:T6S:A28K:R97D,1.1360594035683242,R4D:T6S:A28K:R97D,8,1.1750402111340494,1.48344457408676,1.9841734119367438,0.9356804669442773
R4D:T6S:A28K:T112E,1.2305966959739871,R4D:T6S:A28K:T112E,9,1.1767769717028087,1.501255103500967,2.015293905657842,0.9660749884090691
R4D:T6S:A28K:V106M:V108Q,1.2089948888531556,R4D:T6S:A28K:V106M:V108Q,8,1.1450824758796738,1.6159773770183987,2.083816833857237,1.011042647050825
R4D:T6S:A28K:V108Q,1.1934198072509272,R4D:T6S:A28K:V108Q,8,1.1051789102341958,1.3876577077937788,1.6306011431526433,0.9510312751890422
R4D:T6S:D60Q:D95Q:V106M,1.294689460171795,R4D:T6S:D60Q:D95Q:V106M,8,1.1997080757761465,1.7565654442551861,2.4553542008737255,1.0791035805718128
R4D:T6S:D60Q:I91C,1.3859023617084996,R4D:T6S:D60Q:I91C,7,1.1983132311422673,1.5615349660173445,2.1687966057142445,1.0310987066615829
R4D:T6S:D60Q:I91C:V106M,1.3938123515655807,R4D:T6S:D60Q:I91C:V106M,9,1.2382167967877455,1.8278679195167946,2.67702862984983,1.0795595326204148
R4D:T6S:D60Q:R97D:V106M,1.4550448401547802,R4D:T6S:D60Q:R97D:V106M,7,1.2751268786138652,1.9292885105925277,2.9373742789619017,1.1125694522045309
R4D:T6S:D60Q:V106M,1.4605668454465033,R4D:T6S:D60Q:V106M,9,1.260181658957632,1.6633919187689046,2.506562573063554,1.05407399540014
R4D:T6S:D60Q:V106M:T112E,1.3043217457619456,R4D:T6S:D60Q:V106M:T112E,8,1.2768636391826247,1.8814571429156883,2.8734917608070973,1.1220554903476299
R4D:T6S:D60Q:V106M:V108Q,1.307850713203449,R4D:T6S:D60Q:V106M:V108Q,7,1.2052655777140115,1.7764525974356415,2.501235364226007,1.1108913417122992
R4D:T6S:D60Q:V108Q,1.3495927562438377,R4D:T6S:D60Q:V108Q,7,1.1653620120685335,1.5389565946666077,2.034738836688071,1.0538211557678139
R4D:T6S:D95Q,1.1395442066154962,R4D:T6S:D95Q,9,1.1003875140284243,1.2621164175522668,1.434164621396545,0.9867722325305409
R4D:T6S:D95Q:R97D,1.256140270317564,R4D:T6S:D95Q:R97D,7,1.1153327336846575,1.4796255350479595,1.794945508535263,1.0510025217860366
R4D:T6S:D95Q:V108Q:T112E,1.1199390944081224,R4D:T6S:D95Q:V108Q:T112E,8,1.0621534130097963,1.519400455985917,1.688895838951914,1.0912798164387678
R4D:T6S:G33T:D60Q,1.4613501944587923,R4D:T6S:G33T:D60Q,8,1.2812775204889366,1.698062527048446,2.6216462345616893,0.9989198546514569
R4D:T6S:G33T:D95Q,1.2266725799110547,R4D:T6S:G33T:D95Q,8,1.161386941205207,1.4800413543033553,1.937241253164831,0.9700066151146094
R4D:T6S:G33T:D95Q:T112E,1.1664929056072866,R4D:T6S:G33T:D95Q:T112E,9,1.1780689214301994,1.7068512901339448,2.3168265947485907,1.0450922348170544
R4D:T6S:G33T:I91C,1.3150330498511504,R4D:T6S:G33T:I91C,9,1.1998956622168058,1.5480851494511039,2.154199419520929,1.0005624850895656
R4D:T6S:G33T:Q46I:R59N,1.032939677617761,R4D:T6S:G33T:Q46I:R59N,7,0.9235083071585557,1.123632024398772,0.6895369941538528,1.0621704270400536
R4D:T6S:G33T:Q46I:R97D,1.151785155607216,R4D:T6S:G33T:Q46I:R97D,9,1.0624179269754987,1.3899168351897164,1.5023090163718567,1.0579249296413569
R4D:T6S:G33T:Q46I:T112E,1.1305837845880478,R4D:T6S:G33T:Q46I:T112E,8,1.0641546875442582,1.4478687389020823,1.5915258118173492,1.0794017437087557
R4D:T6S:G33T:Q46I:V106M,1.3178359603752627,R4D:T6S:G33T:Q46I:V106M,7,1.0873762729647436,1.4479628678106686,1.6631073674739163,1.0540701576171965
R4D:T6S:G33T:Q46I:V108Q,0.8678131664821201,R4D:T6S:G33T:Q46I:V108Q,7,0.9925566260756451,1.285585391099388,1.136370245979339,1.0451830420189208
R4D:T6S:G33T:Q46R:D95Q,1.208084230815169,R4D:T6S:G33T:Q46R:D95Q,7,1.1496257539356467,1.3659913012442324,1.7359921128252087,1.0634419397602164
R4D:T6S:G33T:R59N,1.306214501591923,R4D:T6S:G33T:R59N,9,1.0978961242259824,1.384058542812472,1.6029853173667536,1.0876037540321417
R4D:T6S:G33T:R59N:V106M,1.4283409132019813,R4D:T6S:G33T:R59N:V106M,7,1.1377996898714606,1.592264620353719,2.0270907618072562,1.1586890709480873
R4D:T6S:G33T:R97D,1.2575122586361722,R4D:T6S:G33T:R97D,9,1.2368057440429256,1.6024874459685818,2.3464958532042184,1.0555103186361585
R4D:T6S:G33T:R97D:V106M,1.4158437015231171,R4D:T6S:G33T:R97D:V106M,9,1.2767093096884037,1.9019680670082648,2.9027022411613626,1.1127650960876596
R4D:T6S:G33T:R97D:V108Q,1.1561228250452926,R4D:T6S:G33T:R97D:V108Q,7,1.1818896627993052,1.6734410246929727,2.280227363063755,1.1250148144048648
R4D:T6S:I91C:D95Q,1.2299048361051657,R4D:T6S:I91C:D95Q,9,1.0784226518585376,1.358107938320067,1.5055136179942754,1.01022534570709
R4D:T6S:I91C:D95Q:R97D,1.159197521343016,R4D:T6S:I91C:D95Q:R97D,9,1.0933678715147708,1.6159458069556747,1.924661995916685,1.0592712613657411
R4D:T6S:I91C:R97D,1.3186633638235277,R4D:T6S:I91C:R97D,8,1.1538414546962563,1.490315211927542,1.928895501446816,1.0489118773680266
R4D:T6S:Q46C:D60Q:R97D,1.1536555083701712,R4D:T6S:Q46C:D60Q:R97D,9,1.0631416692502518,1.304284855458072,1.38060123331066,1.1631468752724756
R4D:T6S:Q46C:D60Q:V108Q,1.0786646407433689,R4D:T6S:Q46C:D60Q:V108Q,9,0.9932803683503981,1.1809755672611109,0.9871959753707042,1.1407977127690414
R4D:T6S:Q46C:D95Q,1.0721073159197454,R4D:T6S:Q46C:D95Q,7,0.9283058703102889,0.9671769382964021,0.47786130696838164,1.0554629644607743
R4D:T6S:Q46C:I91C,1.0600392167233328,R4D:T6S:Q46C:I91C,8,0.9668145913218877,1.0081681667673423,0.6556665020185806,1.0438666848656601
R4D:T6S:Q46C:I91C:D95Q,0.8533682346778088,R4D:T6S:Q46C:I91C:D95Q,7,0.9063410081404022,0.9843944298428,0.43520125804365406,1.072710811637502
R4D:T6S:Q46C:I91C:R97D,1.1182883426999115,R4D:T6S:Q46C:I91C:R97D,8,0.9817598109781209,1.1426945933023909,0.8963471799282179,1.102547786772243
R4D:T6S:Q46C:R59N:T112E,0.8817129717763954,R4D:T6S:Q46C:R59N:T112E,7,0.8814970335560571,0.8592322375965907,0.17761809015912072,1.1292132650456503
R4D:T6S:Q46C:R59N:V106M,0.6886947309231926,R4D:T6S:Q46C:R59N:V106M,8,0.9047186189765426,0.8384732560316597,0.21901909970476052,1.155656997907661
R4D:T6S:Q46C:R97D:T112E,1.0776103619263917,R4D:T6S:Q46C:R97D:T112E,9,1.020406653373,1.2438817602753052,1.161698447868474,1.1747635262336833
R4D:T6S:Q46C:V108Q,1.195160578831476,R4D:T6S:Q46C:V108Q,8,0.9338633722481539,0.9798552777423353,0.5133092097480432,1.0878749984052638
R4D:T6S:Q46C:V108Q:T112E,1.0300000822223083,R4D:T6S:Q46C:V108Q:T112E,7,0.9505453524731464,1.1180270107069163,0.7646091632989407,1.164618898864919
R4D:T6S:Q46I:D60Q,1.2598359962406451,R4D:T6S:Q46I:D60Q,9,1.045890276244727,1.2662500621254122,1.272476801565149,0.9902341754101803
R4D:T6S:Q46I:D60Q:I91C,1.1346468993873708,R4D:T6S:Q46I:D60Q:I91C,9,1.0239254140748406,1.2965903034213075,1.2488092072394537,1.0513437804511667
R4D:T6S:Q46I:D60Q:T112E,1.2963046574144963,R4D:T6S:Q46I:D60Q:T112E,8,1.0625722564697198,1.413571768266787,1.5370194407924438,1.0844736303043792
R4D:T6S:Q46I:D60Q:V106M,1.0484650248662004,R4D:T6S:Q46I:D60Q:V106M,7,1.0857938418902053,1.4126770413392853,1.6071698330167736,1.0532065623683824
R4D:T6S:Q46I:D95Q,0.9256538637116724,R4D:T6S:Q46I:D95Q,7,0.9259996969609975,1.024016514891092,0.5530294371312261,0.9886074265417476
R4D:T6S:Q46I:D95Q:V108Q,0.6369557550763397,R4D:T6S:Q46I:D95Q:V108Q,9,0.871083615717377,0.9596632842907578,0.29093244442116317,1.027595549213273
R4D:T6S:Q46I:I91C:D95Q,1.0053459278395145,R4D:T6S:Q46I:I91C:D95Q,9,0.9040348347911109,1.0390212272595256,0.5071668499521379,1.038595858980605
R4D:T6S:Q46I:I91C:V108Q,0.8999514128151924,R4D:T6S:Q46I:I91C:V108Q,8,0.9095923367289759,1.0795230897222714,0.582883523208213,1.0799853617650323
R4D:T6S:Q46I:R59N:D95Q,0.7123928849921805,R4D:T6S:Q46I:R59N:D95Q,9,0.8020352968002876,0.8162136048167904,-0.12912056345581188,1.0467484880347966
R4D:T6S:Q46I:R59N:I91C,0.77293226549564,R4D:T6S:Q46I:R59N:I91C,8,0.8405440178118865,0.8847056133348761,0.08848629865760049,1.0525523886589965
R4D:T6S:Q46I:R59N:T112E,0.8808276540206071,R4D:T6S:Q46I:R59N:T112E,7,0.8791908602067657,1.041967179062482,0.43499361185104524,1.084511518190129
R4D:T6S:Q46I:T112E,0.946343965062014,R4D:T6S:Q46I:T112E,7,1.0031552603674756,1.2111245370781099,1.061212202715286,1.0591860455846098
R4D:T6S:Q46I:V108Q,0.9871749645466296,R4D:T6S:Q46I:V108Q,8,0.9315571988988625,1.0536759162725482,0.6130539000076857,1.0194345125810502
R4D:T6S:Q46R:D60Q:T112E,1.3028442723074616,R4D:T6S:Q46R:D60Q:T112E,7,1.2251988862675862,1.562392223824507,2.2527557918552965,1.1791893667521691
R4D:T6S:Q46R:D95Q:T112E,1.2218488594686163,R4D:T6S:Q46R:D95Q:T112E,9,1.1053083069838565,1.3081254431275136,1.515892821349321,1.167340135214092
R4D:T6S:Q46R:D95Q:V106M,1.2096651229467783,R4D:T6S:Q46R:D95Q:V106M,8,1.128529892404342,1.3497542828827307,1.647587243980949,1.1580728646730651
R4D:T6S:Q46R:I91C:V106M,1.1511983220825113,R4D:T6S:Q46R:I91C:V106M,9,1.167038613415941,1.4364712459631026,1.8915709424054317,1.184334967146067
R4D:T6S:Q46R:R59N,0.9666311151081016,R4D:T6S:Q46R:R59N,7,1.0251355097796395,0.9818395039561802,0.7969958743189239,1.1405012887386148
R4D:T6S:Q46R:R59N:I91C,0.8118222698509577,R4D:T6S:Q46R:R59N:I91C,7,1.003170647609753,0.9628555750873551,0.7019417885664418,1.1702726745261707
R4D:T6S:Q46R:R59N:R97D,0.8750768849202069,R4D:T6S:Q46R:R59N:R97D,9,1.040080729435873,1.0633719096687715,0.9609787142217674,1.1848078681607805
R4D:T6S:Q46R:R59N:V106M,1.0044773137058476,R4D:T6S:Q46R:R59N:V106M,7,1.0650390754251178,1.1134524955476246,1.1102487356293502,1.2051655707474862
R4D:T6S:Q46R:R97D:V108Q,1.0727592381555051,R4D:T6S:Q46R:R97D:V108Q,7,1.1091290483529623,1.2649346029710338,1.465138239240019,1.1876227747738077
R4D:T6S:Q46R:T112E,1.2053686063711757,R4D:T6S:Q46R:T112E,8,1.165781890165342,1.3319314607052468,1.7364047848648818,1.1538782931935805
R4D:T6S:Q46R:V106M,1.3805511757741735,R4D:T6S:Q46R:V106M,9,1.1890034755858276,1.357438256806105,1.8447658979391321,1.1484868423455468
R4D:T6S:Q46R:V106M:V108Q,1.219170487209226,R4D:T6S:Q46R:V106M:V108Q,9,1.134087394342207,1.368873459619761,1.692356920944073,1.2049828737694692
R4D:T6S:Q46V:D60Q:I91C,1.0451718830243828,R4D:T6S:Q46V:D60Q:I91C,8,1.0459842591894768,1.268478727104539,1.2759914864052915,1.0794825917992639
R4D:T6S:Q46V:D60Q:T112E,1.0877572943287588,R4D:T6S:Q46V:D60Q:T112E,9,1.084631101584356,1.3804521222847677,1.5569535793199445,1.1215264465958408
R4D:T6S:Q46V:I91C:R97D,0.9797716988126663,R4D:T6S:Q46V:I91C:R97D,7,1.0015124827434658,1.192014567858625,1.028500194964615,1.0986147888177964
R4D:T6S:Q46V:R59N:D95Q,0.5795492828240209,R4D:T6S:Q46V:R59N:D95Q,8,0.8240941419149238,0.718965654123855,-0.20199882621498394,1.1798189879562144
R4D:T6S:Q46V:R59N:V108Q,0.7696601300601458,R4D:T6S:Q46V:R59N:V108Q,9,0.8296516438527889,0.7685565951769956,-0.11312759954820172,1.2381729715330052
R4D:T6S:Q46V:R97D:T112E,1.22281678590358,R4D:T6S:Q46V:R97D:T112E,8,1.040159325138345,1.2938846069538457,1.294839778465819,1.1612344490894266
R4D:T6S:Q46V:R97D:V106M,1.198234971795805,R4D:T6S:Q46V:R97D:V106M,7,1.0633809105588305,1.327690240041006,1.4152117343661428,1.135959311442644
R4D:T6S:Q46V:T112E,1.1566611915810476,R4D:T6S:Q46V:T112E,8,1.0252141054821118,1.1720735867274557,1.07256201013195,1.1524474426895992
R4D:T6S:Q46V:V106M,1.0960262185916256,R4D:T6S:Q46V:V106M,7,1.0484356909025974,1.174400399174335,1.1473749114702152,1.1409324493001294
R4D:T6S:R59N:D60Q:I91C,1.1836621710313078,R4D:T6S:R59N:D60Q:I91C,7,1.0743488309815574,1.5107128004324912,1.7138436270586976,1.102026072472179
R4D:T6S:R59N:D60Q:R97D,1.3338289586139327,R4D:T6S:R59N:D60Q:R97D,9,1.1112589128076773,1.6215954590746513,1.9878836536525335,1.1445342936245506
R4D:T6S:R59N:D60Q:V106M,1.273358403699366,R4D:T6S:R59N:D60Q:V106M,9,1.1362172587969221,1.6453496124037144,2.0990516320812427,1.1359293045286987
R4D:T6S:R59N:D60Q:V108Q,1.3743297424454348,R4D:T6S:R59N:D60Q:V108Q,7,1.0413976119078237,1.531857096040081,1.6430653370294015,1.1325982865368929
R4D:T6S:R59N:D95Q:V106M,1.1882701446489463,R4D:T6S:R59N:D95Q:V106M,7,1.0163266795131924,1.4022886891002115,1.3784068126374898,1.1296328790477124
R4D:T6S:R59N:D95Q:V108Q,1.0722796244545267,R4D:T6S:R59N:D95Q:V108Q,7,0.921507032624094,1.2398539490463039,0.8515868143483538,1.1062971014691687
R4D:T6S:R59N:I91C:D95Q,0.9916584141182996,R4D:T6S:R59N:I91C:D95Q,7,0.9544582516978277,1.2498555626736476,0.9674423388278983,1.0773756273681867
R4D:T6S:R59N:I91C:R97D,1.27247829796963,R4D:T6S:R59N:I91C:R97D,8,1.0298770545355465,1.398445619666657,1.4145348984416948,1.0946356282112282
R4D:T6S:R59N:I91C:V106M,1.3866502102865392,R4D:T6S:R59N:I91C:V106M,8,1.0548354005247913,1.4383418545769926,1.5490651871650067,1.1195824737793239
R4D:T6S:R59N:R97D:T112E,1.2389469884720286,R4D:T6S:R59N:R97D:T112E,9,1.0685238969304258,1.5293601969053463,1.7229104182039556,1.140928651726713
R4D:T6S:R59N:V108Q:T112E,1.0831163730169695,R4D:T6S:R59N:V108Q:T112E,9,0.998662596030572,1.4370763724993483,1.3744080749512455,1.141197179773725
R4D:T6S:R97D:V106M:T112E,1.335846178771117,R4D:T6S:R97D:V106M:T112E,9,1.2323918627366135,1.839553263627698,2.6760192962556424,1.161398830110316
R4D:T6S:R97D:V108Q,1.176579199768247,R4D:T6S:R97D:V108Q,8,1.1208902356225225,1.3908441697523044,1.683551562409777,1.0913551961722423
R4D:T6S:R97D:V108Q:T112E,1.1412870266443749,R4D:T6S:R97D:V108Q:T112E,9,1.137572215847515,1.6274626363768432,2.077332715034924,1.1549437988860523
R4D:T6S:T112E,1.3715685298359892,R4D:T6S:T112E,9,1.1775430774349023,1.3721387835776901,1.830781910778354,1.042253153809101
R4D:T6S:V108Q:T112E,1.2439672244020508,R4D:T6S:V108Q:T112E,9,1.1226269961912818,1.462960529128767,1.7932684653979476,1.0990127220416754
R4D:V106M:V108Q:T112E,1.1119709962997286,R4D:V106M:V108Q:T112E,8,0.9693213364134451,1.2571357055771504,1.0237077481923436,0.9485685336479881
R4D:V108Q:T112E,1.1355518547575398,R4D:V108Q:T112E,8,0.929417770767967,1.0984910921233546,0.6713322288445991,0.9201117649811955
R59N:D60Q:D95Q:R97D:V108Q,0.88074982360073,R59N:D60Q:D95Q:R97D:V108Q,9,0.6576229686569042,0.7643474859485058,-0.6484961225240282,0.800744298741463
R59N:D60Q:D95Q:V106M:T112E,0.9449295089306669,R59N:D60Q:D95Q:V106M:T112E,8,0.754179376114762,0.9367129231013922,-0.1019600511079371,0.7804718421382473
R59N:D60Q:D95Q:V106M:V108Q,0.7738294271881941,R59N:D60Q:D95Q:V106M:V108Q,9,0.682581314646149,0.8027427774033319,-0.516138137698805,0.7825841264818133
R59N:D60Q:D95Q:V108Q,0.7347188680789815,R59N:D60Q:D95Q:V108Q,9,0.642677749000671,0.6686201239451265,-0.8330232132915463,0.8236283617208741
R59N:D60Q:I91C:D95Q,0.8292721026451543,R59N:D60Q:I91C:D95Q,9,0.6756289680744048,0.6695199007435403,-0.7303407071230358,0.8385545425197101
R59N:D60Q:I91C:D95Q:R97D,1.0692847749854204,R59N:D60Q:I91C:D95Q:R97D,7,0.6905741877306381,0.8324025912954572,-0.4486202267924799,0.8083768678343135
R59N:D60Q:I91C:D95Q:V108Q,0.7208090304118479,R59N:D60Q:I91C:D95Q:V108Q,7,0.6207128868307843,0.646257853648349,-0.9329667465619069,0.7981813253772349
R59N:D60Q:I91C:R97D,0.9492475124116488,R59N:D60Q:I91C:R97D,8,0.7510477709121235,0.8333412907258473,-0.26120395663430135,0.806575905028617
R59N:D60Q:I91C:V106M:T112E,0.9774237371928872,R59N:D60Q:I91C:V106M:T112E,7,0.7926880971263609,0.9747127474620098,0.07151570782275976,0.7535615079368789
R59N:D60Q:V106M:V108Q:T112E,0.94237070548187,R59N:D60Q:V106M:V108Q:T112E,9,0.7597368780526271,0.9819677308725095,-0.01936447672945138,0.7552944947087793
R59N:D60Q:V108Q:T112E,1.0393557637774582,R59N:D60Q:V108Q:T112E,7,0.719833312407149,0.8665905057406001,-0.30911943834282574,0.7877292302021235
R59N:D95Q:R97D:V106M,0.9313203403481828,R59N:D95Q:R97D:V106M,8,0.6930256194437585,0.8411203729501925,-0.4284607843898939,0.7751982727900039
R59N:I91C:D95Q:R97D:T112E,0.8269128729481005,R59N:I91C:D95Q:R97D:T112E,9,0.6478391718533864,0.7925341472653995,-0.6378033698449515,0.7242517256888235
R59N:I91C:D95Q:V106M:T112E,0.6000790684940853,R59N:I91C:D95Q:V106M:T112E,7,0.6727975178426312,0.7717078895257077,-0.5911562768550525,0.7333598537031043
R59N:I91C:R97D:V106M,0.92633859401343,R59N:I91C:R97D:V106M,9,0.7315343404553574,0.8378739889515854,-0.31468034500720365,0.7442268008509653
R59N:I91C:R97D:V106M:V108Q,0.7917777586517646,R59N:I91C:R97D:V106M:V108Q,7,0.6766182592117369,0.7962380146338267,-0.543898827740506,0.7266341684360708
R59N:I91C:V108Q,0.8352152627520975,R59N:I91C:V108Q,7,0.6217694739100256,0.592696190949103,-1.0072353508520036,0.8066258983366307
R59N:R97D:V106M,1.0810565657991054,R59N:R97D:V106M,9,0.7534992026252441,0.8112291159021239,-0.2856644726919967,0.7919805709287223
R59N:R97D:V108Q,0.9242277941769396,R59N:R97D:V108Q,7,0.6586795557361455,0.6213392635981624,-0.8522200433934952,0.8000091190712082
R97D:V106M:T112E,1.0673800166321872,R97D:V106M:T112E,8,0.8941455830109464,1.0445221959201407,0.4847023235198584,0.7846093897536183
R97D:V106M:V108Q:T112E,1.0244912112665696,R97D:V106M:V108Q:T112E,8,0.8392295017673259,1.0203349989459378,0.28073732178955896,0.7619268111642792
R97D:V108Q:T112E,1.0721101786286569,R97D:V108Q:T112E,8,0.7993259361218479,0.8534504351736764,-0.08356381416363282,0.7891696388230294
T6H:A28H:D60Q:I91C,1.0286972738239142,T6H:A28H:D60Q:I91C,9,0.8326168651144058,1.1045101490341476,0.3822184191617937,0.9452709116846072
T6H:A28H:D60Q:I91C:R97D,1.0430275197269507,T6H:A28H:D60Q:I91C:R97D,9,0.847562084770639,1.280215636076538,0.6824972340507955,0.9293295364797016
T6H:A28H:D60Q:I91C:V106M,1.2136774464650162,T6H:A28H:D60Q:I91C:V106M,9,0.8725204307598838,1.3559066423382058,0.8688330195450058,0.8964726033546089
T6H:A28H:D60Q:R97D:T112E,1.004475056715809,T6H:A28H:D60Q:R97D:T112E,8,0.8862089271655182,1.3682042012388838,0.9287462672884875,0.9663269016303864
T6H:A28H:D60Q:T112E,1.112673372358173,T6H:A28H:D60Q:T112E,8,0.871263707509285,1.185119850231785,0.6177880794389883,0.9713918426989842
T6H:A28H:D95Q:R97D,1.0905495426840524,T6H:A28H:D95Q:R97D,9,0.7496363676567959,0.9869998932707871,-0.043157477430021005,0.9565489707083378
T6H:A28H:D95Q:R97D:T112E,1.006694909268062,T6H:A28H:D95Q:R97D:T112E,8,0.7663183478817885,1.182907930362527,0.2917037842143229,0.9512184145251454
T6H:A28H:G33T:D60Q:T112E,1.144943445299105,T6H:A28H:G33T:D60Q:T112E,9,0.9322631346860676,1.4765388854793886,1.2272321536745272,0.9147101266879217
T6H:A28H:G33T:D95Q,0.943175423383889,T6H:A28H:G33T:D95Q,8,0.7956905751773453,1.0372769582887698,0.17130206400085068,0.8884201762393303
T6H:A28H:G33T:D95Q:T112E,0.9005609924580302,T6H:A28H:G33T:D95Q:T112E,7,0.8123725554023379,1.2305139792107833,0.5022975845234641,0.8927738396649421
T6H:A28H:G33T:I91C,0.9182276504272436,T6H:A28H:G33T:I91C,7,0.8341992961889442,1.147805373291346,0.44974789332033227,0.870540775265203
T6H:A28H:G33T:I91C:V106M,0.9982555315437048,T6H:A28H:G33T:I91C:V106M,7,0.8741028618344223,1.4063120494433614,0.9466530065540096,0.8395157535873204
T6H:A28H:G33T:Q46C:R97D,0.7232822776339998,T6H:A28H:G33T:Q46C:R97D,7,0.6990277342969287,0.796782609900714,-0.47416391698900107,0.7965328990380737
T6H:A28H:G33T:Q46C:V106M,0.8039399954713461,T6H:A28H:G33T:Q46C:V106M,7,0.7239860802861735,0.8465783802934308,-0.3253061068399431,0.7797984098562372
T6H:A28H:G33T:Q46I,0.780760721326888,T6H:A28H:G33T:Q46I,9,0.681776341291404,0.700014549512984,-0.6672925535917256,0.8135670258523512
T6H:A28H:G33T:Q46I:I91C,0.6986546367700995,T6H:A28H:G33T:Q46I:I91C,7,0.6598114791215175,0.7257521640889003,-0.6976214941050856,0.8058161493547206
T6H:A28H:G33T:Q46I:R97D,0.5403621629347707,T6H:A28H:G33T:Q46I:R97D,7,0.6967215609476373,0.7441722587776181,-0.5574018238784867,0.8208469293565279
T6H:A28H:G33T:Q46I:V108Q,0.5118398822409712,T6H:A28H:G33T:Q46I:V108Q,9,0.6268602600477836,0.6514312537858119,-0.9065658410703683,0.8178134756152458
T6H:A28H:G33T:Q46R:D60Q,0.9206818587393026,T6H:A28H:G33T:Q46R:D60Q,9,0.9038199671915148,1.0994298319041427,0.593934679738078,0.9022483891856622
T6H:A28H:G33T:Q46R:V108Q,0.7631349920378112,T6H:A28H:G33T:Q46R:V108Q,8,0.7894868898456501,0.8997913679179909,-0.04676650912571351,0.898565365078918
T6H:A28H:G33T:Q46V:I91C,0.7254968986331135,T6H:A28H:G33T:Q46V:I91C,8,0.6818703242361537,0.7536645151133957,-0.5893562165738209,0.9586752342853557
T6H:A28H:G33T:Q46V:V106M,0.7855339015914161,T6H:A28H:G33T:Q46V:V106M,8,0.7437387520515183,0.8655930050481032,-0.2370137910625544,0.9660178069547378
T6H:A28H:G33T:Q46V:V108Q,0.6303939241403484,T6H:A28H:G33T:Q46V:V108Q,8,0.6489191051624198,0.6962587198963663,-0.7738194478094012,1.021185144679035
T6H:A28H:G33T:R59N:D60Q,1.0765222879775926,T6H:A28H:G33T:R59N:D60Q,8,0.7916167543003652,1.202201058109209,0.39746161087788845,0.9433250728150065
T6H:A28H:G33T:R59N:V108Q,0.8821753527280622,T6H:A28H:G33T:R59N:V108Q,9,0.6772836769545005,0.9980023321382054,-0.24983961001884653,0.9311581694962924
T6H:A28H:G33T:V108Q,0.9426982113250618,T6H:A28H:G33T:V108Q,7,0.8012480771152104,1.0991181253713553,0.2779029484096028,0.9146101204355599
T6H:A28H:I91C:D95Q:R97D,0.9954758648888676,T6H:A28H:I91C:D95Q:R97D,7,0.7276715054869093,1.0923931614641436,0.04179859577436959,0.904552132698089
T6H:A28H:I91C:D95Q:V106M,0.9767560321414416,T6H:A28H:I91C:D95Q:V106M,9,0.7526298514761541,1.1397459918367172,0.18712075765561673,0.8912612978606185
T6H:A28H:I91C:R97D,0.9516575445752072,T6H:A28H:I91C:R97D,8,0.7881450886683948,1.0401741900051977,0.1522801784449171,0.9060230553412445
T6H:A28H:I91C:R97D:T112E,0.936017644418228,T6H:A28H:I91C:R97D:T112E,9,0.8048270688933874,1.2276365977408008,0.47491814579739017,0.9049078921488687
T6H:A28H:I91C:R97D:V106M,1.0411136680072983,T6H:A28H:I91C:R97D:V106M,8,0.8280486543138729,1.330989914196076,0.6959459279575521,0.8581791105924349
T6H:A28H:I91C:V106M:T112E,1.0027059319941205,T6H:A28H:I91C:V106M:T112E,7,0.8297854148826322,1.2824244326260723,0.6310009324216656,0.9006350075773744
T6H:A28H:Q46C:D60Q:I91C,0.5513985834531432,T6H:A28H:Q46C:D60Q:I91C,9,0.6605352213962704,0.6785336570141391,-0.7637337541734781,0.901121123345278
T6H:A28H:Q46C:D60Q:R97D,0.5519947742443202,T6H:A28H:Q46C:D60Q:R97D,9,0.6974453032223903,0.7628609820001722,-0.5281270573659885,0.9379963768559686
T6H:A28H:Q46C:D60Q:V106M,0.5804475471334641,T6H:A28H:Q46C:D60Q:V106M,9,0.7224036492116351,0.8108901366733327,-0.3818260565357163,0.9078522758763831
T6H:A28H:Q46C:I91C:D95Q,0.3831985449908479,T6H:A28H:Q46C:I91C:D95Q,7,0.5406446421125407,0.448182564514694,-1.465983733426311,0.8730444862009682
T6H:A28H:Q46C:I91C:V108Q,0.4661502895902115,T6H:A28H:Q46C:I91C:V108Q,8,0.5462021440504057,0.5053720075333822,-1.366115253412772,0.8602371352823046
T6H:A28H:Q46C:R59N:D60Q,0.3273976775365853,T6H:A28H:Q46C:R59N:D60Q,7,0.5585356834054472,0.37935275280928143,-1.5105556298043097,0.9044607499492888
T6H:A28H:Q46C:R59N:V108Q,0.2382846821862559,T6H:A28H:Q46C:R59N:V108Q,8,0.4442026060595825,0.17785985919828823,-2.153940720375383,0.8462627013255986
T6H:A28H:Q46C:R97D:T112E,0.6703448906004509,T6H:A28H:Q46C:R97D:T112E,7,0.6547102873451386,0.7271021871459251,-0.7113623368319795,0.899140586620838
T6H:A28H:Q46C:T112E,0.6812066726991969,T6H:A28H:Q46C:T112E,9,0.6397650676889054,0.636530316822412,-0.8884279242153237,0.9069035927082487
T6H:A28H:Q46C:V106M:T112E,0.6208805168981526,T6H:A28H:Q46C:V106M:T112E,9,0.6796686333343834,0.7542281704426892,-0.5953143348716423,0.8975805341948506
T6H:A28H:Q46C:V108Q:T112E,0.5869953402739135,T6H:A28H:Q46C:V108Q:T112E,7,0.5848489864452849,0.6128378766760585,-1.091676868200877,0.8987043931332275
T6H:A28H:Q46I:D60Q:V106M,0.5491664392629922,T6H:A28H:Q46I:D60Q:V106M,9,0.7200974758623437,0.7465843840845996,-0.4819906278510069,0.8403838847724117
T6H:A28H:Q46I:D95Q:T112E,0.3275416296125176,T6H:A28H:Q46I:D95Q:T112E,8,0.5769853111581285,0.45860537554108183,-1.33909036957224,0.9035283343658407
T6H:A28H:Q46I:D95Q:V108Q,0.1936609069652193,T6H:A28H:Q46I:D95Q:V108Q,9,0.5053872496895155,0.2535696978216518,-1.8561210530834737,0.8528491060966099
T6H:A28H:Q46I:I91C:V106M,0.6262247668300368,T6H:A28H:Q46I:I91C:V106M,8,0.6387156175902129,0.6326315719588143,-0.8972993668612776,0.8364341699860601
T6H:A28H:Q46I:R59N:D60Q,0.2723639616600922,T6H:A28H:Q46I:R59N:D60Q,7,0.5562295100561558,0.39112585178409126,-1.5006118654544789,0.8474318986466156
T6H:A28H:Q46I:R59N:I91C,0.2221711015294958,T6H:A28H:Q46I:R59N:I91C,8,0.474847651784025,0.18724431452902734,-2.0460737554255104,0.8078259037434247
T6H:A28H:Q46I:R59N:T112E,0.3643687461149746,T6H:A28H:Q46I:R59N:T112E,9,0.5134944941789041,0.3418599690624161,-1.7033958491161802,0.8293186545876774
T6H:A28H:Q46R:D60Q:I91C,0.7158857053305541,T6H:A28H:Q46R:D60Q:I91C,8,0.8208556778448455,0.8851963105134066,0.028621813202127554,0.9729686093060981
T6H:A28H:Q46R:D60Q:R97D,0.6693787469127225,T6H:A28H:Q46R:D60Q:R97D,8,0.8577657596709654,0.9514627110275669,0.23808907318451722,0.9751257876386841
T6H:A28H:Q46R:D60Q:T112E,0.865127201977447,T6H:A28H:Q46R:D60Q:T112E,7,0.8595025202397247,0.992342884508654,0.3025980850073817,0.9821592630318596
T6H:A28H:Q46R:D95Q:T112E,0.5956106632160774,T6H:A28H:Q46R:D95Q:T112E,9,0.7396119409559949,0.7228816954795699,-0.4562556356016685,0.9787392399334075
T6H:A28H:Q46R:R97D:T112E,0.7152857049563165,T6H:A28H:Q46R:R97D:T112E,8,0.8150307437937138,0.9073743519819528,0.04279847964532204,0.9544323235476517
T6H:A28H:Q46R:V108Q,0.7654762332114421,T6H:A28H:Q46R:V108Q,9,0.7284874626688674,0.6828581697046707,-0.5484078053498317,0.9629096954678136
T6H:A28H:Q46V,0.6685492039213174,T6H:A28H:Q46V,9,0.6428357592292576,0.558621669710897,-0.9917369820687842,1.0465216333251854
T6H:A28H:Q46V:D60Q:D95Q,0.3566852166286055,T6H:A28H:Q46V:D60Q:D95Q,9,0.6417791721500163,0.5494613895169809,-1.0082453624428247,0.9638319765522384
T6H:A28H:Q46V:D60Q:R97D,0.5267006976844387,T6H:A28H:Q46V:D60Q:R97D,8,0.7171979749877351,0.7357267895802514,-0.5066255690995062,0.946010812866874
T6H:A28H:Q46V:R59N:D95Q,0.1561873689885295,T6H:A28H:Q46V:R59N:D95Q,8,0.4583977758870623,0.06672206330748137,-2.2711156399364265,1.002691312304457
T6H:A28H:Q46V:R59N:I91C,0.1712350161905431,T6H:A28H:Q46V:R59N:I91C,7,0.4969064968986612,0.15610921818086188,-2.0232673935042853,0.951169987652129
T6H:A28H:Q46V:R97D:V106M,0.6950814927061371,T6H:A28H:Q46V:R97D:V106M,7,0.697684544530969,0.7561837056914753,-0.5370549596260341,0.8852391451115974
T6H:A28H:Q46V:V106M,0.6218706697084357,T6H:A28H:Q46V:V106M,9,0.6827393248747358,0.6542272850010479,-0.7305973190351719,0.9675328250993843
T6H:A28H:R59N:D60Q:V106M,0.9611261069135594,T6H:A28H:R59N:D60Q:V106M,9,0.7705208927690607,1.130720025670193,0.22910250612543925,0.923951073753873
T6H:A28H:R59N:D95Q:T112E,0.7917955966459902,T6H:A28H:R59N:D95Q:T112E,8,0.6274087280648454,0.8449392499545857,-0.6248157501617835,0.9357399177617867
T6H:A28H:R59N:D95Q:V106M,0.6316455488200775,T6H:A28H:R59N:D95Q:V106M,9,0.650630313485331,0.8724646940345995,-0.513533063421388,0.9260838567125119
T6H:A28H:R59N:D95Q:V108Q,0.5995309972803298,T6H:A28H:R59N:D95Q:V108Q,9,0.5558106665962324,0.6852234330983622,-1.0762553482443065,0.9323951051736511
T6H:A28H:R59N:I91C:T112E,0.7542066106428719,T6H:A28H:R59N:I91C:T112E,7,0.6659174490764443,0.9041104452633937,-0.42069882918742507,0.8787687828153731
T6H:A28H:R59N:R97D:V108Q,0.7602524135569924,T6H:A28H:R59N:R97D:V108Q,8,0.6312294694339511,0.810144931894747,-0.663418110537502,0.9055364801889771
T6H:A28H:R59N:V106M,1.042328125814942,T6H:A28H:R59N:V106M,8,0.7111038966668164,0.8837545011791847,-0.31113571482581354,0.9207815551154204
T6H:A28H:R59N:V108Q,0.7829812993199127,T6H:A28H:R59N:V108Q,8,0.6162842497777179,0.7540522746420298,-0.7905821985127278,0.9372645271769235
T6H:A28H:R97D:T112E,1.102592195052412,T6H:A28H:R97D:T112E,9,0.826791931063274,1.1106805351178273,0.37322732930866254,0.9527197918306747
T6H:A28H:R97D:V106M,1.1645889198062924,T6H:A28H:R97D:V106M,8,0.8500135164837596,1.1785452178959426,0.542892685394904,0.9113813712382924
T6H:A28H:R97D:V106M:T112E,1.124049313091954,T6H:A28H:R97D:V106M:T112E,7,0.8666954967087521,1.3718298703157448,0.8739571426172567,0.9107844951078234
T6H:A28H:T112E,1.1310926254095093,T6H:A28H:T112E,7,0.8118467114070407,0.9706852706373721,0.12463164437912982,0.9662184952257402
T6H:A28H:V106M,1.1430866979868128,T6H:A28H:V106M,8,0.8350682968275263,1.0070711327752067,0.24873794590331286,0.9386402188906708
T6H:A28K:D60Q:D95Q,0.8287508869586946,T6H:A28K:D60Q:D95Q,9,0.7508043822480078,0.9568222892668614,-0.08323968725794004,0.9321556532647048
T6H:A28K:D60Q:D95Q:T112E,0.888534787110699,T6H:A28K:D60Q:D95Q:T112E,8,0.7674863624730004,1.1388608100233901,0.23154833026185456,0.914633843367951
T6H:A28K:D60Q:D95Q:V108Q,0.6682074917429665,T6H:A28K:D60Q:D95Q:V108Q,9,0.6958883010043874,0.9771383115162873,-0.22279552271210196,0.8818016906403392
T6H:A28K:D60Q:T112E,0.9017940352183834,T6H:A28K:D60Q:T112E,9,0.8279599456544858,1.1241388114033055,0.39629899280039727,0.8713161393499798
T6H:A28K:D60Q:V106M,0.9515782219446124,T6H:A28K:D60Q:V106M,8,0.8511815310749714,1.1533715678723608,0.5100526596062684,0.8354485336297283
T6H:A28K:D95Q,0.8231047396314962,T6H:A28K:D95Q,8,0.6913873861457636,0.7942620236707655,-0.5013188273700168,0.888092481651185
T6H:A28K:D95Q:R97D:V108Q,0.808228194740062,T6H:A28K:D95Q:R97D:V108Q,8,0.6514165245583764,0.9174038454886908,-0.4460740580635454,0.79500042832103
T6H:A28K:G33T,1.0603303703341866,T6H:A28K:G33T,8,0.8128603965040317,1.0019854926729042,0.1730509964350098,0.7727080446542735
T6H:A28K:G33T:D60Q,1.032496457288712,T6H:A28K:G33T:D60Q,7,0.8722773926062759,1.21313752868585,0.6614566314620663,0.7945365938575008
T6H:A28K:G33T:D60Q:V106M,1.0052108989789248,T6H:A28K:G33T:D60Q:V106M,7,0.912180958251754,1.44518024688587,1.1200606622619194,0.7478117981787407
T6H:A28K:G33T:D60Q:V108Q,1.0468185520546864,T6H:A28K:G33T:D60Q:V108Q,9,0.8173613113626554,1.288966466886159,0.6022442115254781,0.7770530665736521
T6H:A28K:G33T:I91C,0.8421454940864103,T6H:A28K:G33T:I91C,8,0.7908955343341451,1.1092135404955008,0.26066253205945467,0.7131329713537398
T6H:A28K:G33T:I91C:D95Q,0.8296483448752668,T6H:A28K:G33T:I91C:D95Q,9,0.7304219511526596,1.1225892117714067,0.09396334032940404,0.7150854564393084
T6H:A28K:G33T:Q46C:D95Q,0.5941246865682102,T6H:A28K:G33T:Q46C:D95Q,9,0.5803051696044108,0.6085575488708351,-1.111851611562966,0.6876891364596387
T6H:A28K:G33T:Q46C:R59N,0.4567949571528403,T6H:A28K:G33T:Q46C:R59N,8,0.5168143526251865,0.38269771874298664,-1.634077555705873,0.6542236992649356
T6H:A28K:G33T:Q46C:R97D,0.6107576324829312,T6H:A28K:G33T:Q46C:R97D,8,0.6557239724421295,0.7627396672307207,-0.6566657046208431,0.6416639549185968
T6H:A28K:G33T:Q46C:V106M,0.5676909727001632,T6H:A28K:G33T:Q46C:V106M,8,0.6806823184313744,0.8048061520590378,-0.5189944299134468,0.6501098777293073
T6H:A28K:G33T:Q46I:D95Q,0.5929108074638086,T6H:A28K:G33T:Q46I:D95Q,7,0.5779989962551194,0.6115350279010716,-1.114637680186902,0.6144208998370866
T6H:A28K:G33T:Q46R:D95Q,0.7844682745033981,T6H:A28K:G33T:Q46R:D95Q,8,0.740625626052986,0.8269434419089625,-0.3025290899326776,0.7786756162480466
T6H:A28K:G33T:Q46R:R97D,0.9552216323363,T6H:A28K:G33T:Q46R:R97D,7,0.8160444288907047,0.9978694097397424,0.17689006133395588,0.7330898898772578
T6H:A28K:G33T:Q46V,0.6905898995807404,T6H:A28K:G33T:Q46V,7,0.6605314245512411,0.7059398762097674,-0.7240806259687851,0.9080343612189005
T6H:A28K:G33T:Q46V:D95Q,0.5171984088434455,T6H:A28K:G33T:Q46V:D95Q,8,0.6000578413697557,0.6152777844175873,-1.041352870555468,0.8549106231601942
T6H:A28K:G33T:Q46V:V108Q,0.5162963016790597,T6H:A28K:G33T:Q46V:V108Q,9,0.6056153433076207,0.6657099630499633,-0.9512641272221627,0.8648864646888714
T6H:A28K:G33T:R59N,1.278637197223246,T6H:A28K:G33T:R59N,8,0.6888959963433219,0.9258929024304602,-0.31847567311378333,0.7891565777918608
T6H:A28K:G33T:R97D:T112E,0.9245354832494644,T6H:A28K:G33T:R97D:T112E,9,0.8444875963852575,1.3471143856521448,0.7698600703672727,0.7432900666833459
T6H:A28K:G33T:V106M:V108Q,1.0311933256506691,T6H:A28K:G33T:V106M:V108Q,8,0.7978478809058893,1.2632315503880858,0.5049617375808393,0.736232191730618
T6H:A28K:I91C,0.8935635471830667,T6H:A28K:I91C,7,0.7298961071573624,0.8704171016988431,-0.2726212638002789,0.7973199676058894
T6H:A28K:I91C:D95Q:R97D,0.919482113644004,T6H:A28K:I91C:D95Q:R97D,8,0.6843677436321103,1.0609816878378333,-0.13689468698654575,0.7667700259727466
T6H:A28K:I91C:R97D:T112E,0.7519107840711163,T6H:A28K:I91C:R97D:T112E,8,0.7615233070385883,1.1800658106035256,0.27283761310280297,0.730845511114664
T6H:A28K:I91C:R97D:V108Q,0.7523240470993269,T6H:A28K:I91C:R97D:V108Q,9,0.6899252455699753,0.9922506547533257,-0.21926994179466525,0.7175834443200224
T6H:A28K:I91C:V106M,0.8784970106522404,T6H:A28K:I91C:V106M,9,0.7697996728028406,1.0689641783873665,0.13750478313061337,0.7617780313146878
T6H:A28K:I91C:V106M:V108Q,0.7947711402716162,T6H:A28K:I91C:V106M:V108Q,7,0.7148835915592201,1.1146728348499881,0.03469951151787565,0.7447745061310923
T6H:A28K:I91C:V108Q,0.8045914182497136,T6H:A28K:I91C:V108Q,7,0.6749800259137421,0.8918137578392528,-0.4106131061505203,0.7807958309950439
T6H:A28K:Q46C:D60Q:D95Q,0.3993438405758848,T6H:A28K:Q46C:D60Q:D95Q,7,0.5787227385298724,0.5445089836254147,-1.209417236225108,0.9169928542632279
T6H:A28K:Q46C:D95Q:T112E,0.3533601594688872,T6H:A28K:Q46C:D95Q:T112E,7,0.5359877226526208,0.5381194758464649,-1.3501465728032622,0.8404990172343817
T6H:A28K:Q46C:I91C:V106M,0.4751698240920922,T6H:A28K:Q46C:I91C:V106M,9,0.5977180290847052,0.6529147092398195,-0.9940800864910451,0.7101511285078504
T6H:A28K:Q46C:R59N:V106M,0.3319457417660894,T6H:A28K:Q46C:R59N:V106M,7,0.495718491093882,0.3016250642690986,-1.8163185411240232,0.7288963512959219
T6H:A28K:Q46C:V106M,0.5012657881690462,T6H:A28K:Q46C:V106M,7,0.6196828912545918,0.61906916845369,-0.9754856851085305,0.7796631590972796
T6H:A28K:Q46C:V106M:V108Q,0.4605967663473347,T6H:A28K:Q46C:V106M:V108Q,7,0.5647668100109713,0.5730666362694617,-1.211023853396771,0.762633883532906
T6H:A28K:Q46C:V108Q:T112E,0.4248928160549269,T6H:A28K:Q46C:V108Q:T112E,8,0.5415452245904858,0.5671432010464794,-1.2910421191661907,0.7709965810149855
T6H:A28K:Q46I,0.5482152400532804,T6H:A28K:Q46I,9,0.5774731522598223,0.5398192082081721,-1.220049285701969,0.6705485177754995
T6H:A28K:Q46I:D60Q:D95Q,0.3102337684115621,T6H:A28K:Q46I:D60Q:D95Q,7,0.576416565180581,0.49114383898092656,-1.2937475499622693,0.759001071219103
T6H:A28K:Q46I:D60Q:T112E,0.4959365171245606,T6H:A28K:Q46I:D60Q:T112E,7,0.6535721285870592,0.7355460172789648,-0.7026433937016812,0.71325925506868
T6H:A28K:Q46I:I91C:V108Q,0.3437678612774335,T6H:A28K:Q46I:I91C:V108Q,9,0.5005922088463153,0.43307920412165424,-1.6110711208556103,0.6208049847482345
T6H:A28K:Q46I:R59N:R97D,0.2572339463602022,T6H:A28K:Q46I:R59N:R97D,7,0.46845397175534575,0.28905380064248876,-1.918396960535102,0.5742269098862036
T6H:A28K:Q46I:R59N:T112E,0.3155226988635297,T6H:A28K:Q46I:R59N:T112E,8,0.4701907323241051,0.39070078605524383,-1.7659406100239954,0.6192332275081052
T6H:A28K:Q46I:R59N:V106M,0.2540522367898358,T6H:A28K:Q46I:R59N:V106M,9,0.4934123177445906,0.37460308058985686,-1.7177933714955516,0.6000695324329721
T6H:A28K:Q46I:R97D:T112E,0.4707991768161088,T6H:A28K:Q46I:R97D:T112E,8,0.6091003521410481,0.647655298885487,-0.9666722561526995,0.6497079121476055
T6H:A28K:Q46I:R97D:V108Q,0.3601867346729014,T6H:A28K:Q46I:R97D:V108Q,9,0.5375022906724352,0.40120096154689233,-1.5436478465916794,0.6014538078744949
T6H:A28K:Q46I:T112E,0.5622784625170005,T6H:A28K:Q46I:T112E,8,0.5941551324848149,0.6095755543643256,-1.067766394324646,0.690479872537589
T6H:A28K:Q46I:V106M,0.6145203776445404,T6H:A28K:Q46I:V106M,7,0.6173767179053005,0.6184603106111183,-0.9834622314550372,0.6495181424836681
T6H:A28K:Q46R:D60Q:I91C,0.4528812142388767,T6H:A28K:Q46R:D60Q:I91C,7,0.7775519159900465,0.8719045347894221,-0.1238469704006544,0.8610740629274429
T6H:A28K:Q46R:D60Q:V108Q,0.6581173380437267,T6H:A28K:Q46R:D60Q:V108Q,7,0.7446006969163126,0.8201828082375253,-0.30008369285407605,0.8605504330729916
T6H:A28K:Q46R:D95Q:R97D,0.5829011665995709,T6H:A28K:Q46R:D95Q:R97D,7,0.6945714185324365,0.7358031752368216,-0.5761296282584567,0.8517639060107532
T6H:A28K:Q46R:R59N:T112E,0.4819948254697471,T6H:A28K:Q46R:R59N:T112E,9,0.6328173621219716,0.5507656060987625,-1.0339303768809274,0.8010216300973506
T6H:A28K:Q46R:R97D:T112E,0.6905146201947115,T6H:A28K:Q46R:R97D:T112E,7,0.7717269819389146,0.9014084051009291,-0.099067688320022,0.8090911860502987
T6H:A28K:Q46R:T112E,0.6525580315600993,T6H:A28K:Q46R:T112E,9,0.7567817622826813,0.8194863159385175,-0.2636145140772011,0.8627130543092019
T6H:A28K:Q46R:V106M:V108Q,0.5967383224572418,T6H:A28K:Q46R:V106M:V108Q,8,0.7250872664595465,0.8139381188804016,-0.3691581112337238,0.8058726764967895
T6H:A28K:Q46R:V108Q:T112E,0.6597430598177189,T6H:A28K:Q46R:V108Q:T112E,7,0.7018656810390609,0.7867313677038094,-0.47997955619058974,0.8242725227101254
T6H:A28K:Q46V:D60Q,0.6613793447980097,T6H:A28K:Q46V:D60Q,9,0.6589489934767028,0.6358891842342362,-0.8303330823998272,0.9056621237383333
T6H:A28K:Q46V:D60Q:D95Q,0.3684976573400791,T6H:A28K:Q46V:D60Q:D95Q,8,0.5984754102952172,0.5265649960004809,-1.1746148353712103,0.8939340592744033
T6H:A28K:Q46V:D60Q:R97D,0.5502121714719943,T6H:A28K:Q46V:D60Q:R97D,7,0.673894213132936,0.6963953295133517,-0.6967813872108046,0.818923802542075
T6H:A28K:Q46V:D60Q:V106M,0.4863546647872988,T6H:A28K:Q46V:D60Q:V106M,9,0.6988525591221808,0.75817979262502,-0.5305724344648874,0.8018847929532515
T6H:A28K:Q46V:D95Q,0.3977294731396013,T6H:A28K:Q46V:D95Q,7,0.5390584141929731,0.4282779896785821,-1.499671782574081,0.9062247463083808
T6H:A28K:Q46V:I91C:T112E,0.4806181274262299,T6H:A28K:Q46V:I91C:T112E,7,0.5942491154295645,0.6134288902670348,-1.061900335775218,0.7704347426146136
T6H:A28K:Q46V:R59N:D60Q,0.3134003863872154,T6H:A28K:Q46V:R59N:D60Q,9,0.5349845933159929,0.3510045304209817,-1.6240428967699727,0.9108413051782274
T6H:A28K:Q46V:R97D:T112E,0.5972340392750126,T6H:A28K:Q46V:R97D:T112E,7,0.6311591972556844,0.6775925377075568,-0.8554763741141711,0.782165469039074
T6H:A28K:Q46V:V106M:T112E,0.4811644080250405,T6H:A28K:Q46V:V106M:T112E,9,0.6561175432449292,0.7184738294428288,-0.7195204202381889,0.7937105080038489
T6H:A28K:R59N,0.8716569745548838,T6H:A28K:R59N,7,0.6278965691665392,0.7235958618772871,-0.7989341711308979,0.8305016255792185
T6H:A28K:R59N:D60Q,0.8484655018579635,T6H:A28K:R59N:D60Q,8,0.6873135652687835,0.912534628473269,-0.3426776297733212,0.8704449044085262
T6H:A28K:R59N:D60Q:I91C,0.7006003586868099,T6H:A28K:R59N:D60Q:I91C,8,0.6653487030988969,0.9485703323282906,-0.3581022250218738,0.8042992474852885
T6H:A28K:R59N:D95Q:T112E,0.5968968066673574,T6H:A28K:R59N:D95Q:T112E,9,0.5841049662100464,0.8371778074962344,-0.7692805250415402,0.8367402687791106
T6H:A28K:R59N:I91C:T112E,0.5766480443154771,T6H:A28K:R59N:I91C:T112E,8,0.6226136872216452,0.8857704872950074,-0.5804738080552745,0.7282376504979272
T6H:A28K:R59N:I91C:V106M,0.6713500320616763,T6H:A28K:R59N:I91C:V106M,7,0.6458352726421308,0.9246574827939875,-0.452747635489239,0.7213386414320394
T6H:A28K:R59N:R97D:V106M,0.8304879580614131,T6H:A28K:R59N:R97D:V106M,7,0.6827453544682506,1.0136586239728427,-0.21037656051856848,0.7269590375252887
T6H:A28K:R59N:R97D:V108Q,0.5988333103769987,T6H:A28K:R59N:R97D:V108Q,7,0.5879257075791521,0.7776469650353534,-0.8436838665830108,0.7413081412924224
T6H:A28K:R59N:V106M:V108Q,0.6995441626131956,T6H:A28K:R59N:V106M:V108Q,7,0.6128840535683969,0.884529252180263,-0.6122051806015529,0.7728125549742042
T6H:A28K:R97D,0.8389261511740724,T6H:A28K:R97D,9,0.7668061889834823,0.8978812059267198,-0.11931226825356037,0.8114007324497763
T6H:A28K:R97D:V106M,1.017137230573805,T6H:A28K:R97D:V106M,9,0.8067097546289604,1.1224657673075193,0.328497629648427,0.7668794609991281
T6H:A28K:R97D:V106M:V108Q,0.9209470155407424,T6H:A28K:R97D:V106M:V108Q,7,0.75179367338534,1.1244078623343776,0.16234935089983346,0.7393060831023432
T6H:A28K:V106M:T112E,0.9183054971512908,T6H:A28K:V106M:T112E,8,0.8084465151977197,1.0968444725413975,0.29675957888424204,0.818758190719676
T6H:A28K:V106M:V108Q,0.9579611935767915,T6H:A28K:V106M:V108Q,9,0.7368484537291067,0.9851132808153156,-0.08523224097857751,0.8054021798983699
T6H:A28K:V108Q:T112E,0.8703477156770628,T6H:A28K:V108Q:T112E,8,0.7136268683086212,0.9656639183149316,-0.18482647707660094,0.8194616735867444
T6H:D60Q:D95Q:R97D,1.057934098131739,T6H:D60Q:D95Q:R97D,9,0.7665157076363346,1.036782320835126,0.0808245277396333,0.8728112336389942
T6H:D60Q:D95Q:R97D:V106M,1.2054429704486862,T6H:D60Q:D95Q:R97D:V106M,7,0.8064192732818127,1.3127712061463028,0.6030315075854411,0.8135591759928869
T6H:D60Q:D95Q:R97D:V108Q,0.962508499567601,T6H:D60Q:D95Q:R97D:V108Q,9,0.7115996263927141,1.0182409123315976,-0.11496936783899,0.8258011416753438
T6H:D60Q:D95Q:T112E,1.066035717912918,T6H:D60Q:D95Q:T112E,8,0.7682524682050939,1.0091447751364186,0.04616837253633488,0.8699912220221488
T6H:D60Q:D95Q:V106M,1.1025096438169986,T6H:D60Q:D95Q:V106M,7,0.7914740536255794,1.0514478470288435,0.17883860614504982,0.8390011647173254
T6H:D60Q:D95Q:V108Q,0.8481496582358757,T6H:D60Q:D95Q:V108Q,7,0.6966544067364808,0.862930566367665,-0.38573045219378843,0.8410658085727917
T6H:D60Q:I91C:D95Q:R97D,1.1253234659637303,T6H:D60Q:I91C:D95Q:R97D,9,0.744550845466448,1.1417100656674999,0.1651068525706247,0.820481025723305
T6H:D60Q:I91C:D95Q:V106M,1.0582575548532802,T6H:D60Q:I91C:D95Q:V106M,9,0.7695091914556929,1.1691957917739304,0.2816755075275017,0.7927665818400778
T6H:D60Q:I91C:D95Q:V108Q,0.7986518940674624,T6H:D60Q:I91C:D95Q:V108Q,7,0.6746895445665942,0.9444695440872646,-0.3352985097899788,0.8065990650762773
T6H:D60Q:V106M,1.238844398274237,T6H:D60Q:V106M,8,0.8519476368070649,1.0328547256253837,0.3379866225069902,0.8222375940977347
T6H:D60Q:V106M:T112E,1.0893567627870349,T6H:D60Q:V106M:T112E,7,0.8686296170320575,1.1847307186272946,0.6091206460158463,0.816777357527024
T6H:D95Q:R97D:V106M,1.1633876503658946,T6H:D95Q:R97D:V106M,8,0.7470022771795685,1.0989612124141896,0.11077903083152987,0.7910109566182617
T6H:D95Q:T112E,1.0717560586925927,T6H:D95Q:T112E,7,0.7088354721028497,0.8392758008660047,-0.3824886053250173,0.8433158423343637
T6H:D95Q:V106M:V108Q,0.8955531780305155,T6H:D95Q:V106M:V108Q,8,0.6771409762797147,0.8821537149014044,-0.4179454650287834,0.7944774003362913
T6H:D95Q:V106M:V108Q:T112E,0.8651054799886874,T6H:D95Q:V106M:V108Q:T112E,7,0.6938229565047074,1.054463844067719,-0.11723727369829903,0.7778383298748239
T6H:G33T:D60Q:D95Q,1.0925082176002523,T6H:G33T:D60Q:D95Q,8,0.8125699151568839,1.0662784916614494,0.26520804112786955,0.8247705995077081
T6H:G33T:D60Q:I91C:D95Q,1.077880636720531,T6H:G33T:D60Q:I91C:D95Q,8,0.7906050529869973,1.178634914221601,0.36024183399482335,0.7822677079195344
T6H:G33T:D60Q:I91C:R97D,1.1378026330972857,T6H:G33T:D60Q:I91C:R97D,9,0.8660238558247161,1.3692199330789223,0.8681133783352433,0.7824551974679829
T6H:G33T:D60Q:I91C:T112E,0.98329557973231,T6H:G33T:D60Q:I91C:T112E,8,0.8677606163934755,1.363300000107634,0.8648889566937816,0.7877143064659542
T6H:G33T:D60Q:I91C:V108Q,0.973306081153388,T6H:G33T:D60Q:I91C:V108Q,7,0.7961625549248624,1.2529477217381433,0.4848928275071527,0.7847467460403607
T6H:G33T:D60Q:R97D:V106M,1.2211746156866845,T6H:G33T:D60Q:R97D:V106M,7,0.9278922836400808,1.5032705649559612,1.2524730094241106,0.783547518715338
T6H:G33T:D60Q:V106M,1.0876038597665374,T6H:G33T:D60Q:V106M,9,0.9129470639838475,1.2674026001270748,0.8651215039986577,0.7922925813186649
T6H:G33T:D95Q:R97D,0.9791978915614242,T6H:G33T:D95Q:R97D,9,0.768098138710873,1.0689129984365167,0.13219563954829017,0.7961811008295341
T6H:G33T:D95Q:R97D:V106M,1.1709078653422147,T6H:G33T:D95Q:R97D:V106M,7,0.8080017043563511,1.3520120665956503,0.6646931322445623,0.7547023298355424
T6H:G33T:D95Q:T112E,1.0318918749687578,T6H:G33T:D95Q:T112E,8,0.7698348992796323,1.0420532126212776,0.09866513023153987,0.8008352191660002
T6H:G33T:D95Q:V106M:V108Q,1.0090307233333058,T6H:G33T:D95Q:V106M:V108Q,9,0.7381404034564973,1.1269737873655852,0.12405628942465213,0.7562804478347295
T6H:G33T:I91C,1.1123306274244051,T6H:G33T:I91C,8,0.7916616400662386,0.9712311282174774,0.06331871002995981,0.7741764213340663
T6H:G33T:I91C:D95Q:V108Q,0.7381379929056043,T6H:G33T:I91C:D95Q:V108Q,9,0.6762719756411326,1.006612509343123,-0.2404908453097002,0.7371088762384431
T6H:G33T:I91C:R97D:V108Q,0.9534479585616098,T6H:G33T:I91C:R97D:V108Q,8,0.7516907784788515,1.147893419239951,0.19602324203023583,0.7576101520371382
T6H:G33T:I91C:V106M:T112E,0.9954055104996664,T6H:G33T:I91C:V106M:T112E,7,0.8482471859367092,1.3617223586876193,0.8025691208329717,0.7561457664202986
T6H:G33T:Q46C:D60Q:V108Q,0.6468031044224016,T6H:G33T:Q46C:D60Q:V108Q,9,0.6460457733766136,0.7120595950032722,-0.7597912775581646,0.7758645172513028
T6H:G33T:Q46C:D95Q:R97D,0.6379204822919073,T6H:G33T:Q46C:D95Q:R97D,9,0.5960164949927376,0.6648419093357767,-0.9820530129274427,0.7428082694340876
T6H:G33T:Q46C:I91C,0.5675362236616348,T6H:G33T:Q46C:I91C,8,0.6195799963481032,0.6133256880613349,-0.9841147544438316,0.6942773727972936
T6H:G33T:Q46C:I91C:T112E,0.55680104846657,T6H:G33T:Q46C:I91C:T112E,7,0.6362619765730958,0.7147616448355805,-0.7859822067166911,0.7089840122576628
T6H:G33T:Q46C:R59N,0.3010656101203061,T6H:G33T:Q46C:R59N,8,0.5175804583572801,0.29741994166847585,-1.755142365305098,0.7399463509391562
T6H:G33T:Q46C:R97D,0.6232850861220666,T6H:G33T:Q46C:R97D,8,0.6564900781742231,0.671442917942146,-0.7864417263280957,0.7449650072375388
T6H:G33T:Q46C:R97D:V106M,0.6678225579683909,T6H:G33T:Q46C:R97D:V106M,8,0.6963936438197011,0.8480489498825798,-0.40807078440096795,0.7298199910133121
T6H:G33T:Q46C:T112E,0.6459588508040688,T6H:G33T:Q46C:T112E,7,0.6582268387429824,0.6910495089405265,-0.7527218065152377,0.7567450781965497
T6H:G33T:Q46C:V108Q:T112E,0.6140393474714008,T6H:G33T:Q46C:V108Q:T112E,9,0.6033107574993619,0.6821494563833471,-0.9345618419212894,0.7526123572534926
T6H:G33T:Q46I:D60Q:R97D,0.53270852325756,T6H:G33T:Q46I:D60Q:R97D,9,0.713600900927176,0.8004160795366998,-0.42406829412441005,0.7752646896747103
T6H:G33T:Q46I:D60Q:T112E,0.6953909974186119,T6H:G33T:Q46I:D60Q:T112E,8,0.7153376614959353,0.8664662181503586,-0.3231309857047991,0.7884424418265815
T6H:G33T:Q46I:D95Q:T112E,0.4500329312951889,T6H:G33T:Q46I:D95Q:T112E,8,0.5954470822122055,0.6149965991892664,-1.0559456455830962,0.7713708407508275
T6H:G33T:Q46I:I91C,0.5988634415257893,T6H:G33T:Q46I:I91C,8,0.6172738229988118,0.6347952744391774,-0.9601373385889693,0.7401893411169764
T6H:G33T:Q46I:R59N:I91C,0.3342890633328486,T6H:G33T:Q46I:R59N:I91C,8,0.49330942283810203,0.3536602537560392,-1.748420337821572,0.7279483510935978
T6H:G33T:Q46I:R59N:V106M,0.3732953805939363,T6H:G33T:Q46I:R59N:V106M,8,0.5551778506534668,0.4775286924293981,-1.378797316500552,0.7440001129369521
T6H:G33T:Q46I:R97D:T112E,0.5470918674817313,T6H:G33T:Q46I:R97D:T112E,9,0.6708658850499243,0.7829475010016461,-0.5808322844414137,0.7844015119684474
T6H:G33T:Q46I:R97D:V106M,0.6709455885467043,T6H:G33T:Q46I:R97D:V106M,8,0.6940874704704099,0.8221001384288739,-0.45272165035944983,0.7318075649704449
T6H:G33T:Q46I:V106M,0.750565948736114,T6H:G33T:Q46I:V106M,8,0.6791422508141766,0.7258838538928734,-0.6379563549411849,0.7453131596423684
T6H:G33T:Q46I:V106M:T112E,0.6846029292212037,T6H:G33T:Q46I:V106M:T112E,7,0.6958242310391691,0.8366202179609108,-0.42636339939924095,0.7747685872935998
T6H:G33T:Q46I:V108Q:T112E,0.4886144913726209,T6H:G33T:Q46I:V108Q:T112E,7,0.6010045841500706,0.6774607183859918,-0.9484431673795206,0.7718242013509259
T6H:G33T:Q46R,0.9904792017552704,T6H:G33T:Q46R,7,0.801865314966565,0.8319261979746716,-0.10690282768811155,0.7832832171511177
T6H:G33T:Q46R:D60Q:I91C,0.8079199307559626,T6H:G33T:Q46R:D60Q:I91C,8,0.8393174488989226,1.011529578923379,0.26826389017757374,0.7730445786870719
T6H:G33T:Q46R:D60Q:T112E,0.8453321689400706,T6H:G33T:Q46R:D60Q:T112E,9,0.8779642912938017,1.105237581983829,0.5227906218157767,0.7938300111738371
T6H:G33T:Q46R:I91C,0.9622642593099668,T6H:G33T:Q46R:I91C,7,0.7799004527966784,0.8527420859980799,-0.14435494511802754,0.7590262390659838
T6H:G33T:Q46R:I91C:V108Q,0.7625689760943918,T6H:G33T:Q46R:I91C:V108Q,7,0.724984371553058,0.8318546790281174,-0.34354418620073296,0.755135120267803
T6H:G33T:Q46R:R59N:T112E,0.5092989602009922,T6H:G33T:Q46R:R59N:T112E,8,0.6945828950308477,0.6557492277268449,-0.6919557801763504,0.775955182024923
T6H:G33T:Q46R:V106M,0.9094638869280334,T6H:G33T:Q46R:V106M,7,0.841768880612043,0.9638951417591761,0.206865200488647,0.7639919345991404
T6H:G33T:Q46R:V106M:T112E,0.9193899194399776,T6H:G33T:Q46R:V106M:T112E,8,0.8584508608370356,1.0844193748529856,0.43262406345409893,0.7670396598070722
T6H:G33T:Q46R:V108Q,0.8958158578304135,T6H:G33T:Q46R:V108Q,9,0.7469492337229445,0.7940988069775685,-0.3306091771273266,0.7767130075306068
T6H:G33T:Q46V:D60Q,0.69849503562955,T6H:G33T:Q46V:D60Q,8,0.7207145263855789,0.7445925993106586,-0.4829748572992216,0.8639074019960653
T6H:G33T:Q46V:I91C:R97D,0.6531066055489563,T6H:G33T:Q46V:I91C:R97D,7,0.6542778877696813,0.7223798529147546,-0.7195272887156909,0.7488772734355795
T6H:G33T:Q46V:I91C:V106M,0.6346162496332675,T6H:G33T:Q46V:I91C:V106M,7,0.6792362337589262,0.7899351946255082,-0.5449661878390933,0.7391956892701493
T6H:G33T:Q46V:I91C:V108Q,0.5028692560781296,T6H:G33T:Q46V:I91C:V108Q,9,0.5844165868698277,0.6026555411708145,-1.1077440378581511,0.7889730474236532
T6H:G33T:Q46V:R59N,0.3641888663786651,T6H:G33T:Q46V:R59N,9,0.5373331301226248,0.308258788603612,-1.678682789769918,0.9521166296869961
T6H:G33T:Q46V:R59N:T112E,0.4013268633053329,T6H:G33T:Q46V:R59N:T112E,8,0.5540151103476174,0.40821577339094695,-1.4826907468036576,0.8878009185373679
T6H:G33T:Q46V:R59N:V106M,0.2356140196190466,T6H:G33T:Q46V:R59N:V106M,7,0.577236695768103,0.39498060077515085,-1.4304005865383898,0.8779563026823657
T6H:G33T:Q46V:R97D,0.620845199696232,T6H:G33T:Q46V:R97D,7,0.6762427499395679,0.6733951639476503,-0.7228436598453312,0.8552134051593053
T6H:G33T:Q46V:R97D:T112E,0.6609599081768864,T6H:G33T:Q46V:R97D:T112E,8,0.6929247301645605,0.808165409880961,-0.4764666522656523,0.8126253337813332
T6H:G33T:Q46V:R97D:V108Q,0.4078814932013289,T6H:G33T:Q46V:R97D:V108Q,9,0.6213266686959475,0.5943078200348924,-1.0062652212231695,0.8154093792899916
T6H:G33T:Q46V:T112E,0.6633262016555743,T6H:G33T:Q46V:T112E,8,0.6779795105083273,0.7163830166493077,-0.6552842201266261,0.8710788467892235
T6H:G33T:Q46V:V106M:T112E,0.6507191884066295,T6H:G33T:Q46V:V106M:T112E,8,0.7178830761538053,0.8386754986340457,-0.3555208605535928,0.7979759635055534
T6H:G33T:Q46V:V106M:V108Q,0.591610932583715,T6H:G33T:Q46V:V106M:V108Q,9,0.6462850146851924,0.7001815395637675,-0.776246227381183,0.807043543404229
T6H:G33T:Q46V:V108Q:T112E,0.6036157234465155,T6H:G33T:Q46V:V108Q:T112E,8,0.6230634292647068,0.6973657115009999,-0.8517668772523599,0.8294390048457696
T6H:G33T:R59N:D60Q,1.165794372403785,T6H:G33T:R59N:D60Q,9,0.7490790981776596,1.005781212893398,-0.017689956583591987,0.8605924147079244
T6H:G33T:R59N:D60Q:I91C,0.9712555341353096,T6H:G33T:R59N:D60Q:I91C,9,0.727114236007773,1.0671721455345038,0.003581875422837416,0.8108073614711775
T6H:G33T:R59N:D60Q:R97D,1.092806270149999,T6H:G33T:R59N:D60Q:R97D,7,0.7640243178338929,1.1530943272628882,0.24149679610484143,0.8552689146598886
T6H:G33T:R59N:D60Q:V106M,1.14466766026427,T6H:G33T:R59N:D60Q:V106M,9,0.7889826638231378,1.1951449520262165,0.3791451166623843,0.8257113361575
T6H:G33T:R59N:D95Q,0.9507869075869656,T6H:G33T:R59N:D95Q,7,0.6291885188939299,0.7638327575266679,-0.736724709754242,0.8330705459244969
T6H:G33T:R59N:D95Q:T112E,0.796455041769852,T6H:G33T:R59N:D95Q:T112E,8,0.6458704991189225,0.9373478161710322,-0.43427263327439974,0.808678854876548
T6H:G33T:R59N:D95Q:V108Q,0.6919028191238836,T6H:G33T:R59N:D95Q:V108Q,9,0.5742724376503094,0.7800041042053824,-0.882279102226339,0.806734016013477
T6H:G33T:R59N:I91C:D95Q,0.6652280614686393,T6H:G33T:R59N:I91C:D95Q,9,0.6072236567240433,0.8098881612403122,-0.7376478706012048,0.7721643200856212
T6H:G33T:R59N:I91C:V106M,0.8411198910814712,T6H:G33T:R59N:I91C:V106M,8,0.7076008055510069,1.0372600942627785,-0.09974613349404768,0.7611627592403142
T6H:G33T:R59N:V106M,0.958442318257242,T6H:G33T:R59N:V106M,8,0.7295656677208935,0.9441532624423574,-0.16692014200534278,0.8232744077147987
T6H:G33T:R97D:T112E,1.0882926711347434,T6H:G33T:R97D:T112E,9,0.8452537021173511,1.1822200960925633,0.5335668957095852,0.8181728217757107
T6H:G33T:R97D:V106M:V108Q,0.894036916007785,T6H:G33T:R97D:V106M:V108Q,8,0.8135592062942161,1.2709819144272896,0.5645174571535588,0.7778042878677863
T6H:G33T:V106M:T112E,1.0926766899155094,T6H:G33T:V106M:T112E,7,0.8702120481065959,1.2060872425185352,0.6448984081768157,0.8067903149177672
T6H:G33T:V106M:V108Q:T112E,0.9483889006966678,T6H:G33T:V106M:V108Q:T112E,9,0.8152959668629755,1.2962703949032768,0.6064607318272606,0.7995248649604082
T6H:G33T:V108Q:T112E,0.9617846418173206,T6H:G33T:V108Q:T112E,9,0.7753924012174973,1.086791190493131,0.18051270067909864,0.8148054410635835
T6H:I91C:D95Q,0.9458088422029556,T6H:I91C:D95Q,8,0.6701886297079704,0.7668576369343315,-0.6062027168346179,0.8066645533002077
T6H:I91C:D95Q:R97D:T112E,1.0239331839872627,T6H:I91C:D95Q:R97D:T112E,7,0.7018158295891963,1.1271862631510692,0.012604813895284839,0.7639337933513949
T6H:I91C:D95Q:T112E,0.8972678295724583,T6H:I91C:D95Q:T112E,9,0.6868706099329631,0.9001020600606193,-0.3620340208467724,0.799233773741833
T6H:I91C:R97D,1.0550123558023898,T6H:I91C:R97D,7,0.7456074325456893,0.8951840339748476,-0.18843759613450503,0.7735791429246743
T6H:I91C:R97D:T112E,1.057036966867316,T6H:I91C:R97D:T112E,8,0.7622894127706819,1.0500301254741538,0.08699502804442684,0.7697542044909311
T6H:I91C:R97D:V108Q,0.948979830170116,T6H:I91C:R97D:V108Q,9,0.6906913513020688,0.877723259362303,-0.38266749860920835,0.7603988769745441
T6H:I91C:T112E,1.0202843647819837,T6H:I91C:T112E,8,0.7473441931144486,0.8968339703273212,-0.1807062042310465,0.801154695941092
T6H:Q46C:D60Q:D95Q:T112E,0.454417443277096,T6H:Q46C:D60Q:D95Q:T112E,8,0.5961708244869586,0.5921507481279634,-1.0867835483994082,0.8994219718058772
T6H:Q46C:D60Q:D95Q:V106M,0.6048804063445054,T6H:Q46C:D60Q:D95Q:V106M,9,0.619392409907444,0.6209278927429867,-0.9736892851192973,0.874128710707349
T6H:Q46C:D60Q:D95Q:V108Q,0.4027039198510058,T6H:Q46C:D60Q:D95Q:V108Q,9,0.5245727630183455,0.42190445329483545,-1.5534638261184623,0.8643025405127638
T6H:Q46C:D60Q:I91C:D95Q,0.3547272657313016,T6H:Q46C:D60Q:I91C:D95Q,7,0.5575239820920794,0.4742154534805068,-1.3763742524753502,0.8574174298253369
T6H:Q46C:D60Q:R97D,0.6259663396695389,T6H:Q46C:D60Q:R97D,8,0.6549076470996847,0.6463671232730077,-0.8276023604281899,0.8598913866537439
T6H:Q46C:D60Q:T112E,0.6802918429739097,T6H:Q46C:D60Q:T112E,7,0.656644407668444,0.6651959543879203,-0.7950080865018794,0.8641973276594432
T6H:Q46C:D60Q:V106M:T112E,0.545756935508103,T6H:Q46C:D60Q:V106M:T112E,7,0.6965479733139222,0.7789879297951606,-0.5075474446003518,0.8461670079685057
T6H:Q46C:D60Q:V108Q,0.5700798950396688,T6H:Q46C:D60Q:V108Q,8,0.585046346199831,0.5363666502995158,-1.2017458726423071,0.8431254396596868
T6H:Q46C:D95Q:R97D:T112E,0.5481440525399526,T6H:Q46C:D95Q:R97D:T112E,7,0.5516990480409476,0.623400459190123,-1.178381385300161,0.8281489441688611
T6H:Q46C:I91C:D95Q:T112E,0.4434143913279591,T6H:Q46C:I91C:D95Q:T112E,9,0.5147889662148277,0.46812063136974236,-1.516677092756552,0.7922415190624478
T6H:Q46C:I91C:D95Q:V106M,0.4980018746800034,T6H:Q46C:I91C:D95Q:V106M,8,0.5380105516353133,0.53153447672687,-1.3534533993751119,0.7741188196394954
T6H:Q46C:I91C:V106M:V108Q,0.4853350451283594,T6H:Q46C:I91C:V106M:V108Q,9,0.5435680535731783,0.5465672258468516,-1.3145979776153984,0.7622147555074281
T6H:Q46C:R59N,0.3590757017986349,T6H:Q46C:R59N,9,0.4565810311804974,0.20456311965677892,-2.077208878285944,0.773073857792825
T6H:Q46C:R59N:I91C:V106M,0.1544416610361511,T6H:Q46C:R59N:I91C:V106M,7,0.4745197346560889,0.20959259412406217,-2.0147381577335635,0.7100486844749889
T6H:Q46C:R59N:T112E,0.2900453915864541,T6H:Q46C:R59N:T112E,8,0.47326301140549,0.25619651407930655,-1.951155195311724,0.7600670254670858
T6H:Q46C:R59N:V106M,0.3008593038838707,T6H:Q46C:R59N:V106M,9,0.4964845968259755,0.243017220392736,-1.8987841619027468,0.7730085416799657
T6H:Q46C:R59N:V108Q,0.2070746605915913,T6H:Q46C:R59N:V108Q,9,0.40166494993687696,0.1210724337911388,-2.3670033625435574,0.7604428807398907
T6H:Q46C:R97D,0.6332828135672329,T6H:Q46C:R97D,9,0.5954906509974405,0.541411472899613,-1.1623107847835528,0.8027799681058359
T6H:Q46C:R97D:V108Q:T112E,0.536738766290873,T6H:Q46C:R97D:V108Q:T112E,8,0.5572565499788127,0.5519296265645499,-1.26472193087336,0.7885681812558448
T6H:Q46C:V106M:T112E,0.6039858639358132,T6H:Q46C:V106M:T112E,8,0.6371309772116779,0.638438889167297,-0.8937699084168043,0.8229733237055151
T6H:Q46I:D60Q:D95Q,0.2819992446581392,T6H:Q46I:D60Q:D95Q,9,0.5771826709126746,0.4068999027922544,-1.4133160896133705,0.8226112745960947
T6H:Q46I:D60Q:D95Q:R97D,0.3710604113271734,T6H:Q46I:D60Q:D95Q:R97D,9,0.5921278905689078,0.49247423239856725,-1.243483404402978,0.818910599847377
T6H:Q46I:D60Q:R97D:T112E,0.46030781351505,T6H:Q46I:D60Q:R97D:T112E,7,0.6692834539753859,0.6954077556459145,-0.7123965130729597,0.8027665401554015
T6H:Q46I:D60Q:V106M,0.5720374678129381,T6H:Q46I:D60Q:V106M,8,0.6775598197396382,0.6426988198294543,-0.76321804347329,0.7621063808392518
T6H:Q46I:D95Q:R97D:T112E,0.3624224854971137,T6H:Q46I:D95Q:R97D:T112E,7,0.5493928746916561,0.5046667720770706,-1.3573190868743592,0.7925227389973863
T6H:Q46I:D95Q:T112E,0.3701827011729206,T6H:Q46I:D95Q:T112E,9,0.5344476550354229,0.414473913892778,-1.5338361329089738,0.8089651155331088
T6H:Q46I:I91C,0.550008900844505,T6H:Q46I:I91C,7,0.5562743958220293,0.45551436661312245,-1.4072847650540394,0.761798266311126
T6H:Q46I:I91C:D95Q:T112E,0.2886667745800495,T6H:Q46I:I91C:D95Q:T112E,7,0.5124827928655363,0.39431336468802575,-1.6305931322075482,0.7914183662028864
T6H:Q46I:I91C:V108Q:T112E,0.4921336000048427,T6H:Q46I:I91C:V108Q:T112E,8,0.5180402948034013,0.451380680431505,-1.5309014060584039,0.7648063450803898
T6H:Q46I:R59N,0.3070600858011494,T6H:Q46I:R59N,9,0.454274857831206,0.25190767180504225,-2.015782823843347,0.7332029084767284
T6H:Q46I:R59N:D60Q:D95Q,0.1717844899420817,T6H:Q46I:R59N:D60Q:D95Q,7,0.45321827075196475,0.16530263231961606,-2.1443764076126035,0.8053879844087938
T6H:Q46I:R59N:D60Q:I91C,0.2744003730576086,T6H:Q46I:R59N:D60Q:I91C,8,0.49172699176356366,0.27168200688352856,-1.8719354525508123,0.7441819655006339
T6H:Q46I:R59N:D95Q:T112E,0.1934883684658083,T6H:Q46I:R59N:D95Q:T112E,9,0.4104832548747131,0.1540919854172475,-2.292083341696239,0.7551491523087785
T6H:Q46I:R59N:I91C:V108Q,0.1750565993098623,T6H:Q46I:R59N:I91C:V108Q,9,0.377393914417699,0.06472134730452123,-2.5232339986771595,0.6939304587726053
T6H:Q46I:R59N:R97D,0.2510732665395599,T6H:Q46I:R59N:R97D,7,0.46922007748743927,0.2111364522266022,-2.0288090784502772,0.7103214391792616
T6H:Q46I:R59N:R97D:V106M,0.284578840758008,T6H:Q46I:R59N:R97D:V106M,9,0.5091236431329174,0.3262850113072505,-1.7393850634509755,0.683066697297916
T6H:Q46I:R59N:V106M,0.4019044679115081,T6H:Q46I:R59N:V106M,9,0.4941784234766841,0.2878697951407865,-1.840964727150293,0.7240162503132327
T6H:Q46I:R59N:V108Q:T112E,0.3125985167857714,T6H:Q46I:R59N:V108Q:T112E,8,0.4160407568125781,0.2249227381645953,-2.1724718992214354,0.7038789821729357
T6H:Q46I:R97D,0.4479051952177799,T6H:Q46I:R97D,7,0.5931844776481491,0.46802995127524594,-1.2756106466934976,0.759528353989294
T6H:Q46I:V108Q,0.3681649763448011,T6H:Q46I:V108Q,7,0.5233231767482954,0.3852381041256668,-1.6103753244005787,0.7542580075950778
T6H:Q46R:D60Q:I91C:R97D,0.6546328838299585,T6H:Q46R:D60Q:I91C:R97D,9,0.7932632413783732,0.8877178693625443,-0.05262177570099827,0.8000151023271449
T6H:Q46R:D60Q:I91C:V108Q,0.6442343801705607,T6H:Q46R:D60Q:I91C:V108Q,7,0.7234019404785195,0.7619416071602323,-0.4495974661103699,0.8038609280285127
T6H:Q46R:D60Q:R97D:V108Q,0.5287922033368262,T6H:Q46R:D60Q:R97D:V108Q,7,0.7603120223046393,0.7792121609993868,-0.3110415174979009,0.7963020557744336
T6H:Q46R:D60Q:V106M,1.0206940146355064,T6H:Q46R:D60Q:V106M,9,0.8401864495375047,0.9222277418262028,0.14169166393184698,0.806448074533727
T6H:Q46R:D60Q:V106M:V108Q,0.7431934483073191,T6H:Q46R:D60Q:V106M:V108Q,9,0.7852703682938842,0.8996808733628232,-0.05989930298379772,0.7792999535658098
T6H:Q46R:D60Q:V108Q,0.7382534990393365,T6H:Q46R:D60Q:V108Q,7,0.7453668026484062,0.7505101121040636,-0.3985633890475956,0.8168439113426529
T6H:Q46R:D95Q:R97D:V106M,0.8632730044667113,T6H:Q46R:D95Q:R97D:V106M,9,0.7352410899100081,0.8822480227542631,-0.23905367607040023,0.7653999721832491
T6H:Q46R:D95Q:V106M,0.7293772199892893,T6H:Q46R:D95Q:V106M,9,0.720295870253775,0.7167339992884395,-0.5245824642523055,0.808452400845204
T6H:Q46R:D95Q:V106M:T112E,0.7780565532164572,T6H:Q46R:D95Q:V106M:T112E,8,0.7369778504787675,0.8183275801789562,-0.3262217883562111,0.7982100653197004
T6H:Q46R:D95Q:V106M:V108Q,0.5053384790140525,T6H:Q46R:D95Q:V106M:V108Q,7,0.6653797890101545,0.647705692662665,-0.7934456584715908,0.768532367311426
T6H:Q46R:D95Q:V108Q:T112E,0.5478097188516325,T6H:Q46R:D95Q:V108Q:T112E,8,0.6421582035896689,0.6074286260627033,-0.9231836702313003,0.7820546651093339
T6H:Q46R:I91C:D95Q,0.5539555870922017,T6H:Q46R:I91C:D95Q,7,0.6584274424384102,0.5685704349255791,-0.9293676337849298,0.8115008762898205
T6H:Q46R:I91C:D95Q:T112E,0.5513691704461644,T6H:Q46R:I91C:D95Q:T112E,8,0.6751094226634028,0.6643417711318969,-0.7394334477587148,0.8007402537024102
T6H:Q46R:I91C:R97D:T112E,0.7576160541102489,T6H:Q46R:I91C:R97D:T112E,9,0.7505282255011215,0.8571065758684414,-0.22840711611098188,0.7628505830955661
T6H:Q46R:I91C:T112E,0.8203130458075646,T6H:Q46R:I91C:T112E,7,0.7355830058448883,0.756630669846601,-0.4198067380479358,0.8034277521567756
T6H:Q46R:I91C:V106M:T112E,0.7691499566571651,T6H:Q46R:I91C:V106M:T112E,9,0.7754865714903664,0.9183537390373598,-0.06297579343220287,0.773116781160873
T6H:Q46R:R59N:D60Q,0.4867547008680478,T6H:Q46R:R59N:D60Q,9,0.6763184837313168,0.5316769669863701,-0.9277183059060294,0.829064564712815
T6H:Q46R:R59N:D60Q:R97D,0.3850600990947354,T6H:Q46R:R59N:D60Q:R97D,7,0.6912637033875499,0.5778371785758237,-0.8149293700077612,0.8017669498728962
T6H:Q46R:R59N:D60Q:V106M,0.5120446006218777,T6H:Q46R:R59N:D60Q:V106M,7,0.7162220493767948,0.6444476201693857,-0.6417358157901303,0.7877624512553165
T6H:Q46R:R59N:D60Q:V108Q,0.4143097642634855,T6H:Q46R:R59N:D60Q:V108Q,7,0.6214024024876963,0.48367279818591014,-1.166153427445931,0.7950801097047628
T6H:Q46R:R59N:D95Q:V108Q,0.1653009483125185,T6H:Q46R:R59N:D95Q:V108Q,9,0.5015118232039666,0.17180662189630636,-1.9863795593782085,0.7733025922800022
T6H:Q46R:R59N:I91C:R97D,0.2723411001804774,T6H:Q46R:R59N:I91C:R97D,8,0.6098818451154192,0.3881261637365933,-1.3398823720730704,0.7151881829945775
T6H:Q46R:R59N:I91C:T112E,0.458928114177177,T6H:Q46R:R59N:I91C:T112E,7,0.6116186056841785,0.42728603096722884,-1.277863146231181,0.7372215125233736
T6H:Q46R:R59N:R97D:T112E,0.43222125778212,T6H:Q46R:R59N:R97D:T112E,7,0.6485286875102984,0.5322139615766731,-1.0124413516367219,0.7349459918779742
T6H:Q46R:R59N:V108Q:T112E,0.4750062755413708,T6H:Q46R:R59N:V108Q:T112E,7,0.5786673866104446,0.43550411981533177,-1.3673494357044695,0.7404636868445106
T6H:Q46R:R97D:V106M:T112E,0.9491837204508556,T6H:Q46R:R97D:V106M:T112E,9,0.8123966533164863,1.0138196020803774,0.18875162368049303,0.7613429589472179
T6H:Q46R:T112E,0.870845256097285,T6H:Q46R:T112E,9,0.7575478680147749,0.7659118933154171,-0.3387953030595975,0.8260260605669318
T6H:Q46R:V106M:T112E,0.9154346049686644,T6H:Q46R:V106M:T112E,9,0.797451433660253,0.8744860114535479,-0.058886425779016816,0.8048038381294326
T6H:Q46R:V108Q,0.6760395940207838,T6H:Q46R:V108Q,8,0.6859498065461619,0.6358775582813045,-0.7472771212027435,0.8076951938923196
T6H:Q46R:V108Q:T112E,0.8540515005428121,T6H:Q46R:V108Q:T112E,9,0.7026317867711545,0.7211260917363774,-0.5725725065181017,0.7988201615194299
T6H:Q46V:D60Q:D95Q:T112E,0.4248850358377315,T6H:Q46V:D60Q:D95Q:T112E,7,0.6159234962523034,0.5703960765518813,-1.057496321065924,0.7459306558082512
T6H:Q46V:D60Q:I91C,0.6381072731004452,T6H:Q46V:D60Q:I91C,9,0.6377502370389097,0.567255495941006,-0.9948878223275508,0.7558118971096329
T6H:Q46V:D60Q:I91C:T112E,0.6437042620281374,T6H:Q46V:D60Q:I91C:T112E,8,0.6544322172639022,0.6658571171332928,-0.8008573866490556,0.7019955727901679
T6H:Q46V:D60Q:R97D:T112E,0.5799699785631066,T6H:Q46V:D60Q:R97D:T112E,8,0.6913422990900221,0.7523040650282681,-0.5621829759375732,0.72543362670048
T6H:Q46V:D60Q:V106M,0.6272080154878845,T6H:Q46V:D60Q:V106M,7,0.6996186648542744,0.6766236721853108,-0.6462509190926737,0.7506726818845095
T6H:Q46V:D60Q:V108Q,0.5274678922976335,T6H:Q46V:D60Q:V108Q,7,0.6047990179651759,0.5236316908155728,-1.1594044854965584,0.7863569645347396
T6H:Q46V:D95Q:R97D:V106M,0.6035245455989442,T6H:Q46V:D95Q:R97D:V106M,7,0.5946733052267779,0.6395455136957698,-1.0227968528211209,0.6578055216500556
T6H:Q46V:D95Q:V106M,0.595193300731831,T6H:Q46V:D95Q:V106M,9,0.5797280855705447,0.4908289055352627,-1.284014871259092,0.7467161050363704
T6H:Q46V:D95Q:V108Q,0.2842292635239028,T6H:Q46V:D95Q:V108Q,7,0.4849084386814461,0.28889470047525045,-1.8680021409002714,0.7623956280998624
T6H:Q46V:I91C:D95Q,0.4199984514451041,T6H:Q46V:I91C:D95Q,9,0.51785965775518,0.363664414835617,-1.6584082432810154,0.7335013006384876
T6H:Q46V:I91C:D95Q:V106M,0.4797744285288424,T6H:Q46V:I91C:D95Q:V106M,7,0.557763223400658,0.5109738884932382,-1.3224379844207514,0.6439493296976209
T6H:Q46V:I91C:D95Q:V108Q,0.2776652739916425,T6H:Q46V:I91C:D95Q:V108Q,7,0.4629435765115595,0.27283071640773865,-1.958830213040573,0.6713966921418462
T6H:Q46V:I91C:V106M:T112E,0.6106623354626535,T6H:Q46V:I91C:V106M:T112E,9,0.6349187868071361,0.672692906556742,-0.8510005288772897,0.6621707204644435
T6H:Q46V:I91C:V106M:V108Q,0.4757578353087013,T6H:Q46V:I91C:V106M:V108Q,8,0.5633207253385231,0.5383133411352691,-1.2657711654791917,0.6720829474660764
T6H:Q46V:I91C:V108Q,0.5914198229711806,T6H:Q46V:I91C:V108Q,8,0.523417159693045,0.4089198575413992,-1.5758117499664817,0.7503247067015317
T6H:Q46V:R59N:D60Q,0.3398997523133062,T6H:Q46V:R59N:D60Q,7,0.5357506990480865,0.28428331922852024,-1.7182509315501653,0.8541986048775613
T6H:Q46V:R59N:D60Q:R97D,0.2951465086171775,T6H:Q46V:R59N:D60Q:R97D,9,0.5506959187043197,0.3136461155126573,-1.6297727653958316,0.7810428353132826
T6H:Q46V:R59N:D60Q:T112E,0.3440213679911049,T6H:Q46V:R59N:D60Q:T112E,8,0.552432679273079,0.37811897700398645,-1.5311182380021318,0.7780450889202548
T6H:Q46V:R59N:D95Q:V106M,0.1800761369095352,T6H:Q46V:R59N:D95Q:V106M,7,0.4557636854098348,0.12066997184048767,-2.201141493846351,0.7545313302231764
T6H:Q46V:R59N:T112E,0.2624550627453563,T6H:Q46V:R59N:T112E,9,0.4930156831708348,0.24614476100788318,-1.904930424199779,0.8118434606641789
T6H:Q46V:R59N:V108Q:T112E,0.1928087013671564,T6H:Q46V:R59N:V108Q:T112E,7,0.43809960192721437,0.18578028390694268,-2.1612545247043142,0.7519787846458483
T6H:Q46V:R97D:T112E,0.5673772161066218,T6H:Q46V:R97D:T112E,7,0.6319253029877778,0.6089197744670611,-0.9525088751363845,0.7613553299227726
T6H:Q46V:R97D:V106M:T112E,0.6065707252398699,T6H:Q46V:R97D:V106M:T112E,7,0.671828868633256,0.7635213044906624,-0.6059848792843925,0.6714335235681756
T6H:Q46V:R97D:V106M:V108Q,0.3617897580089784,T6H:Q46V:R97D:V106M:V108Q,8,0.6002308071646429,0.5553278799042712,-1.1275857455051068,0.6713854497228046
T6H:Q46V:T112E,0.6449982268362046,T6H:Q46V:T112E,9,0.6169800833315446,0.5655700348904522,-1.0612302365457127,0.8326062801114974
T6H:Q46V:V106M:V108Q:T112E,0.5154392010383421,T6H:Q46V:V106M:V108Q:T112E,7,0.6019675677334022,0.606077952405289,-1.0487921048802467,0.7077242154965546
T6H:R59N:D60Q,1.111755738600028,T6H:R59N:D60Q,8,0.688079671000877,0.8068526954735398,-0.4932732170250056,0.8518033756446085
T6H:R59N:D60Q:D95Q,0.8788249083642611,T6H:R59N:D60Q:D95Q,9,0.6276060878193915,0.7574666283910096,-0.7508069890894522,0.8871365561976973
T6H:R59N:D60Q:D95Q:R97D,0.9866635425475636,T6H:R59N:D60Q:D95Q:R97D,9,0.6425513074756248,0.9302351370490727,-0.45477884038608024,0.8651161300285499
T6H:R59N:D60Q:R97D:V108Q,0.877867829226279,T6H:R59N:D60Q:R97D:V108Q,8,0.6481088094134898,0.9013574916827078,-0.4794745942280688,0.8013179477177284
T6H:R59N:D60Q:T112E,1.0598368810262404,T6H:R59N:D60Q:T112E,9,0.7047616512258695,0.9481404803744309,-0.23746342551649108,0.8234876603741497
T6H:R59N:D60Q:V108Q:T112E,1.0239412043117984,T6H:R59N:D60Q:V108Q:T112E,7,0.6498455699822492,1.0038348546336038,-0.32581644470423615,0.7892873536019994
T6H:R59N:D95Q,0.7839924308573472,T6H:R59N:D95Q,8,0.5681890917171473,0.5948339140820842,-1.1689909836653753,0.8434425580456649
T6H:R59N:D95Q:R97D:T112E,0.8759447129464233,T6H:R59N:D95Q:R97D:T112E,9,0.5998162915983731,0.900699411027594,-0.6290075202803979,0.7789124588932967
T6H:R59N:D95Q:V106M,0.830616332924826,T6H:R59N:D95Q:V106M,8,0.6080926573626254,0.7397810510367411,-0.8364397165130334,0.8170434871630408
T6H:R59N:D95Q:V106M:T112E,0.7374832423703153,T6H:R59N:D95Q:V106M:T112E,9,0.624774637587618,0.8917420728058754,-0.5651826315245391,0.7840954154343797
T6H:R59N:D95Q:V108Q:T112E,0.6798071700510764,T6H:R59N:D95Q:V108Q:T112E,7,0.5299549906985195,0.7325253098883293,-1.0873452762993772,0.7667023675114379
T6H:R59N:I91C,0.9920278495470382,T6H:R59N:I91C,9,0.6066978127287461,0.6417209440263687,-0.9826528405711368,0.7751205214348722
T6H:R59N:I91C:D95Q:R97D,0.7802266870555494,T6H:R59N:I91C:D95Q:R97D,8,0.561169449203494,0.7631400621993704,-0.9469999667648947,0.7422548273836584
T6H:R59N:I91C:D95Q:T112E,0.5502935314602921,T6H:R59N:I91C:D95Q:T112E,7,0.5629062097722533,0.7392706660129711,-0.9762025082133767,0.7544270306855505
T6H:R59N:I91C:D95Q:V108Q,0.5542540307524437,T6H:R59N:I91C:D95Q:V108Q,8,0.4913081483036402,0.5860413476961265,-1.4182542469396275,0.7533268389254368
T6H:R59N:I91C:V106M:T112E,0.7354472438853822,T6H:R59N:I91C:V106M:T112E,8,0.6632833585992168,0.9411044340606881,-0.3752619604974967,0.722689623534162
T6H:R59N:I91C:V106M:V108Q,0.8179411472964954,T6H:R59N:I91C:V106M:V108Q,9,0.5916852971306038,0.8301215447511118,-0.7561707680387278,0.7383376870271003
T6H:R59N:R97D:V106M,0.944838322172677,T6H:R59N:R97D:V106M,7,0.6835114602003441,0.8872174486276678,-0.3910168392626945,0.763554110203974
T6H:R59N:R97D:V106M:V108Q,0.7599676609443055,T6H:R59N:R97D:V106M:V108Q,7,0.6285953789567237,0.8759833902953263,-0.5762348632431562,0.7398996422458786
T6H:V106M:V108Q,1.1908543489518288,T6H:V106M:V108Q,7,0.7376145594612002,0.8841721484727174,-0.22896650396801455,0.8143521401842743
T6S:A28H:D60Q:D95Q:V106M,1.1867242742535726,T6S:A28H:D60Q:D95Q:V106M,7,1.0972086775964995,1.5569228939684914,1.8510555094336887,0.815534001728059
T6S:A28H:D60Q:I91C:R97D,1.2458424238639008,T6S:A28H:D60Q:I91C:R97D,8,1.1107590526188538,1.5954516348680419,1.9485079898497095,0.8347719454116755
T6S:A28H:D60Q:I91C:T112E,1.1699227730808697,T6S:A28H:D60Q:I91C:T112E,7,1.112495813187613,1.5758556955457528,1.9254903895928126,0.8338061246284302
T6S:A28H:D95Q:V106M,1.2921786616024802,T6S:A28H:D95Q:V106M,8,1.0377916814942554,1.3183442856801664,1.32295560767971,0.8127668908181253
T6S:A28H:D95Q:V106M:T112E,1.277286876388178,T6S:A28H:D95Q:V106M:T112E,7,1.054473661719248,1.4845627621781774,1.6148473970407629,0.8421336616106655
T6S:A28H:G33T:D60Q:D95Q,1.190831650134747,T6S:A28H:G33T:D60Q:D95Q,8,1.1183045391278041,1.5874342902969645,1.960119575522604,0.7490377183488671
T6S:A28H:G33T:D95Q:V106M,1.2328331076858328,T6S:A28H:G33T:D95Q:V106M,9,1.098791108671038,1.569979378813645,1.8748206890367205,0.7503923581231362
T6S:A28H:G33T:D95Q:V108Q,0.9506813911698332,T6S:A28H:G33T:D95Q:V108Q,7,1.0039714617819395,1.3784330806507914,1.305867757006895,0.7663013241639318
T6S:A28H:G33T:I91C:D95Q,1.2394732984532664,T6S:A28H:G33T:I91C:D95Q,7,1.0369226808556733,1.4408862499688162,1.497636013887817,0.7349987244019671
T6S:A28H:G33T:I91C:T112E,1.2520915183544732,T6S:A28H:G33T:I91C:T112E,9,1.1140782442621515,1.5955856051076234,1.9589139653682746,0.7955297688251823
T6S:A28H:G33T:Q46C:D95Q,0.8389991097752578,T6S:A28H:G33T:Q46C:D95Q,9,0.8868058993074246,0.9569379247942531,0.33536044488815486,0.7164888702806806
T6S:A28H:G33T:Q46C:T112E,1.1248782057176028,T6S:A28H:G33T:Q46C:T112E,7,0.9639614627139026,1.1248516509571655,0.8157634537324232,0.7670970808269113
T6S:A28H:G33T:Q46I:D60Q,1.0977839635714337,T6S:A28H:G33T:Q46I:D60Q,7,1.0043903052418628,1.2615085991870616,1.137932502056179,0.7359549599636291
T6S:A28H:G33T:Q46I:D95Q,1.0570175355196438,T6S:A28H:G33T:Q46I:D95Q,9,0.8844997259581332,0.9784933828079133,0.3594621420998779,0.7340162896125284
T6S:A28H:G33T:Q46R:I91C,1.1788591805826374,T6S:A28H:G33T:Q46R:I91C,9,1.0856350767675986,1.2712075192369747,1.401933614688018,0.860342081106687
T6S:A28H:G33T:Q46R:R97D,1.2156154823874668,T6S:A28H:G33T:Q46R:R97D,7,1.1225451585937185,1.3402554206108275,1.6154265194326192,0.8803033237632832
T6S:A28H:G33T:Q46V,1.0672464011156328,T6S:A28H:G33T:Q46V,7,0.9670321542542549,1.0799228462408772,0.7601858676612812,0.9221578084774439
T6S:A28H:G33T:Q46V:D60Q,1.0839193458040528,T6S:A28H:G33T:Q46V:D60Q,8,1.0264491503564992,1.263052760813771,1.2080353022442107,0.8653588856286268
T6S:A28H:G33T:R59N:D95Q,1.0174559097943814,T6S:A28H:G33T:R59N:D95Q,9,0.9349231428648501,1.2252049549603887,0.8716624792657605,0.8256126690816391
T6S:A28H:G33T:R59N:T112E,1.1432904735696123,T6S:A28H:G33T:R59N:T112E,7,1.0120787062713281,1.4069870677282525,1.3721370971846776,0.8491431862888817
T6S:A28H:G33T:R97D:T112E,1.2634585733156274,T6S:A28H:G33T:R97D:T112E,7,1.1509883260882714,1.6833910936180434,2.1995545814446626,0.8376585714862217
T6S:A28H:G33T:R97D:V106M,1.324763381325675,T6S:A28H:G33T:R97D:V106M,8,1.1742099115087568,1.7462241305561492,2.361937675276497,0.805437657610647
T6S:A28H:G33T:V108Q,1.2270160452616343,T6S:A28H:G33T:V108Q,8,1.064445044963425,1.375214118731464,1.4872666759292414,0.798771822078809
T6S:A28H:G33T:V108Q:T112E,1.1800625790442985,T6S:A28H:G33T:V108Q:T112E,7,1.0811270251884175,1.570124146728928,1.8206835267012993,0.8348821761722303
T6S:A28H:I91C:D95Q:T112E,1.2167342119674536,T6S:A28H:I91C:D95Q:T112E,7,0.9926052339038833,1.348767347487498,1.227962555229615,0.830329637449996
T6S:A28H:I91C:R97D,1.27941292687983,T6S:A28H:I91C:R97D,7,1.0513420565166094,1.3374186039994984,1.3922518521956035,0.8159877647859491
T6S:A28H:Q46C,0.9440947450027912,T6S:A28H:Q46C,7,0.8862800553121275,0.8853085188763137,0.23007390536375227,0.7962936572637491
T6S:A28H:Q46C:D60Q:T112E,0.9919150208992632,T6S:A28H:Q46C:D60Q:T112E,9,0.9623790316393642,1.1198389048803528,0.8036399152701924,0.8764704528830165
T6S:A28H:Q46C:D60Q:V108Q,0.8759500662120874,T6S:A28H:Q46C:D60Q:V108Q,8,0.8907809701707512,0.9902436205734125,0.3957935318615091,0.8696356370951799
T6S:A28H:Q46C:D95Q,0.8007712625035992,T6S:A28H:Q46C:D95Q,8,0.825806472130642,0.8043596333964735,-0.07314049056928205,0.8270884240669755
T6S:A28H:Q46C:D95Q:V106M,0.7687494851034117,T6S:A28H:Q46C:D95Q:V106M,8,0.8657100377761201,0.9284659731831211,0.2292480514243175,0.8584683013674993
T6S:A28H:Q46C:I91C:R97D,0.8089331820250749,T6S:A28H:Q46C:I91C:R97D,9,0.8792604127984741,0.9591241979659026,0.3153095945084414,0.8320901983177029
T6S:A28H:Q46C:R97D:V106M,1.1901455242149996,T6S:A28H:Q46C:R97D:V106M,7,0.9411288406138388,1.1063335685259257,0.7187137667024737,0.8651479201422524
T6S:A28H:Q46I:D60Q,1.021442497369924,T6S:A28H:Q46I:D60Q,8,0.9433908780650803,1.029075946243134,0.6138589644268571,0.7730329324411291
T6S:A28H:Q46I:D60Q:D95Q,0.8922795204301306,T6S:A28H:Q46I:D60Q:D95Q,7,0.8829172948835948,0.9045972436266694,0.24764419955794878,0.8118995936495152
T6S:A28H:Q46I:D95Q:R97D,0.9274263975215492,T6S:A28H:Q46I:D95Q:R97D,8,0.8384455184375839,0.8626995166776011,0.050180639239211046,0.8280462263021191
T6S:A28H:Q46I:I91C,0.9602275016384222,T6S:A28H:Q46I:I91C,7,0.8620090197929494,0.8770835016850639,0.1434957585003296,0.8060342695504344
T6S:A28H:Q46I:R59N,0.6495229688985009,T6S:A28H:Q46I:R59N,9,0.7600094818021262,0.6663186329642881,-0.47536227023765826,0.7884329031854597
T6S:A28H:Q46I:R97D,0.9329033545812626,T6S:A28H:Q46I:R97D,7,0.8989191016190693,0.9185906823121021,0.31712919031483733,0.8077560406230583
T6S:A28H:Q46I:R97D:V108Q,0.7293572860560987,T6S:A28H:Q46I:R97D:V108Q,7,0.8440030203754488,0.8039552813589408,-0.017740800112675453,0.8368763197040028
T6S:A28H:Q46I:V106M:V108Q,0.7731733725088917,T6S:A28H:Q46I:V106M:V108Q,7,0.8689613663646937,0.9216591661955229,0.22939990082536155,0.8366454265822765
T6S:A28H:Q46I:V108Q,0.9141755235957636,T6S:A28H:Q46I:V108Q,7,0.8290578007192156,0.8179607938728396,-0.04345234710512032,0.8030766796269778
T6S:A28H:Q46R:D60Q:I91C,1.0660043731461744,T6S:A28H:Q46R:D60Q:I91C,9,1.0840526456930601,1.2311667336333716,1.3391142645167258,0.9310875342352646
T6S:A28H:Q46R:D95Q:V108Q,1.0001995876861207,T6S:A28H:Q46R:D95Q:V108Q,9,0.9312108473355967,0.9021790196564653,0.3927279968733669,0.9203437862927942
T6S:A28H:Q46R:I91C:D95Q,0.992216236647565,T6S:A28H:Q46R:I91C:D95Q,9,0.9641620664093304,0.963521754030787,0.582889129816391,0.9284185157226315
T6S:A28H:Q46R:I91C:V106M,1.2673036151021817,T6S:A28H:Q46R:I91C:V106M,8,1.064539215236294,1.2279904690460073,1.2744807536635232,0.9327252839058376
T6S:A28H:Q46R:R59N,1.072624341055359,T6S:A28H:Q46R:R59N,8,0.9226361115999927,0.7808261620704843,0.19071324675987691,0.9257476443865422
T6S:A28H:Q46R:R59N:R97D,0.8057008581497003,T6S:A28H:Q46R:R59N:R97D,8,0.937581331256226,0.828121156891966,0.30514454568612764,0.9399416173229481
T6S:A28H:Q46R:R59N:T112E,0.9260706507155944,T6S:A28H:Q46R:R59N:T112E,7,0.9393180918249853,0.8728773968159009,0.3752633586058569,0.9368428740354672
T6S:A28H:Q46R:R59N:V106M,0.8663466376756785,T6S:A28H:Q46R:R59N:V106M,8,0.9625396772454708,0.8851657513066111,0.4644935229884812,0.9424652276662218
T6S:A28H:Q46R:T112E,1.2104040838563577,T6S:A28H:Q46R:T112E,7,1.0632824919856951,1.149279968841017,1.1566971213601691,0.9309559679197423
T6S:A28H:Q46R:V106M:T112E,1.0948790552975658,T6S:A28H:Q46R:V106M:T112E,7,1.1031860576311732,1.2891902278903427,1.4819585539302782,0.948730994920382
T6S:A28H:Q46R:V108Q,1.0870759260037215,T6S:A28H:Q46R:V108Q,8,0.9916844305170821,1.0184796535883687,0.7471067059487675,0.9268621734570497
T6S:A28H:Q46R:V108Q:T112E,1.044240295930088,T6S:A28H:Q46R:V108Q:T112E,7,1.0083664107420747,1.1308799957309654,0.9611079241367366,0.9542664043731682
T6S:A28H:Q46V:D60Q,1.0393226227082686,T6S:A28H:Q46V:D60Q,9,0.9654497231797166,1.056367204004247,0.7212253384636769,0.8530887036518473
T6S:A28H:Q46V:D60Q:I91C,1.0618260949798548,T6S:A28H:Q46V:D60Q:I91C,7,0.9434848610098299,1.0539310386308132,0.6501207033142408,0.8164655161819664
T6S:A28H:Q46V:D60Q:V106M,1.0102403534003912,T6S:A28H:Q46V:D60Q:V106M,9,1.0053532888251946,1.179403081992556,1.0220646093446633,0.8043898836866457
T6S:A28H:Q46V:I91C:D95Q,0.6478113655727983,T6S:A28H:Q46V:I91C:D95Q,7,0.8235942817261002,0.805985034915944,-0.07759425536835929,0.8078355945097172
T6S:A28H:Q46V:I91C:T112E,0.9103779522531662,T6S:A28H:Q46V:I91C:T112E,9,0.9007498451325783,0.9900985115198928,0.4262545274668985,0.8513934201591593
T6S:A28H:Q46V:R97D:T112E,0.9923267315240352,T6S:A28H:Q46V:R97D:T112E,9,0.937659926958698,1.0838810207264515,0.6755456395426658,0.8736272418167937
T6S:A28H:Q46V:V108Q:T112E,0.8479092216842176,T6S:A28H:Q46V:V108Q:T112E,7,0.8677986260588444,0.9634740627740872,0.2863409018026788,0.8929202239982086
T6S:A28H:R59N,1.39653059889552,T6S:A28H:R59N,9,0.934397298869553,1.0403730184795519,0.6025387895058547,0.8262636273095294
T6S:A28H:R59N:D60Q:D95Q,1.2886785278959636,T6S:A28H:R59N:D60Q:D95Q,7,0.9333407117903118,1.2396796343005239,0.8877429414549612,0.8815998019480511
T6S:A28H:R59N:D60Q:T112E,1.2785666807402618,T6S:A28H:R59N:D60Q:T112E,9,1.0104962751967899,1.434002516498094,1.4063677183403516,0.8518968407528393
T6S:A28H:R59N:D95Q:R97D,1.167704338612236,T6S:A28H:R59N:D95Q:R97D,8,0.8888689353443008,1.1830925107988342,0.669019530690358,0.8687243115414196
T6S:A28H:R59N:D95Q:T112E,1.1537569259948095,T6S:A28H:R59N:D95Q:T112E,7,0.89060569591306,1.164819487305734,0.647916576319715,0.8557644420270346
T6S:A28H:R59N:I91C:V108Q,1.1437287154393234,T6S:A28H:R59N:I91C:V108Q,7,0.857516355456046,1.0824120754236075,0.42684374300928873,0.8624425601998859
T6S:A28H:R59N:R97D:V108Q,1.0258383745905837,T6S:A28H:R59N:R97D:V108Q,7,0.8944264372821658,1.1312280322404604,0.6110551102877301,0.8769755339725667
T6S:A28H:R59N:T112E,1.245511027390757,T6S:A28H:R59N:T112E,8,0.9510792790945456,1.1698973401449384,0.8413234113134646,0.8406886999874901
T6S:A28H:R59N:V106M:T112E,1.138211479117313,T6S:A28H:R59N:V106M:T112E,8,0.9909828447400236,1.327435189684494,1.1920971197759669,0.8618963782887215
T6S:A28H:R59N:V108Q,1.2374526383058042,T6S:A28H:R59N:V108Q,9,0.8794812176259326,1.0580393657026093,0.45914809980230664,0.8614956453159713
T6S:A28H:R97D,1.2370879358259377,T6S:A28H:R97D,7,1.073306918686496,1.244789160192531,1.32576876367781,0.8177388267498417
T6S:A28H:R97D:V106M:V108Q,1.2252427534974382,T6S:A28H:R97D:V106M:V108Q,7,1.0582944030883537,1.4864160613223705,1.6292848506672062,0.8624736562747914
T6S:A28H:R97D:V108Q,1.0311503774336668,T6S:A28H:R97D:V108Q,7,1.0183908374428756,1.236774230021834,1.145209759081669,0.8523958054783094
T6S:A28H:V106M,1.303904351427693,T6S:A28H:V106M,9,1.098265264675741,1.2815488967649855,1.455759622524055,0.8083469781269104
T6S:A28H:V106M:V108Q,1.2661657755183373,T6S:A28H:V106M:V108Q,7,1.0433491834321205,1.324672544325123,1.3492130874447634,0.8504153301734874
T6S:A28H:V106M:V108Q:T112E,1.3198107745238874,T6S:A28H:V106M:V108Q:T112E,8,1.0600311636571131,1.4980285354473573,1.6514349467254743,0.8779693035861965
T6S:A28H:V108Q,1.326685920703331,T6S:A28H:V108Q,9,1.0034456177866424,1.1542171487694908,0.9797439141654734,0.8222693956591555
T6S:A28H:V108Q:T112E,1.347128023590071,T6S:A28H:V108Q:T112E,8,1.0201275980116349,1.3040905778320575,1.2479796423150722,0.8530034696043096
T6S:A28K:D60Q,1.235271466448859,T6S:A28K:D60Q,7,1.074474933277708,1.230749190076497,1.3090424270321341,0.865146170708449
T6S:A28K:D60Q:R97D:V106M,1.2797970531240344,T6S:A28K:D60Q:R97D:V106M,7,1.1293237185794194,1.6298838331500125,2.0554589305631694,0.8664193343020923
T6S:A28K:D60Q:T112E,1.271488530582341,T6S:A28K:D60Q:T112E,8,1.0911569135027006,1.3812172565526484,1.5781387693286142,0.889107629444504
T6S:A28K:D60Q:V108Q,1.1528538607708554,T6S:A28K:D60Q:V108Q,7,1.0195588520340875,1.2673526004594398,1.1930592029260223,0.8804272346335094
T6S:A28K:D60Q:V108Q:T112E,1.1441138976629073,T6S:A28K:D60Q:V108Q:T112E,8,1.0362408322590801,1.4510641282914187,1.5102685506952618,0.894662115404565
T6S:A28K:D95Q:R97D,1.1696606105592011,T6S:A28K:D95Q:R97D,7,0.9695295736502115,1.23906616994295,0.9981965272676814,0.8859056004772063
T6S:A28K:D95Q:R97D:T112E,0.9461166184838314,T6S:A28K:D95Q:R97D:T112E,8,0.9862115538752041,1.4244325263323003,1.3178008956572185,0.9041068638269673
T6S:A28K:D95Q:R97D:V106M,0.9644184866302232,T6S:A28K:D95Q:R97D:V106M,7,1.0094331392956897,1.493541779549787,1.4892675089506975,0.878907164308035
T6S:A28K:D95Q:T112E,1.1525878677171637,T6S:A28K:D95Q:T112E,8,0.9712663342189708,1.1988061308161453,0.9452719345847382,0.9052436077705575
T6S:A28K:D95Q:V106M:V108Q,0.9518941048104578,T6S:A28K:D95Q:V106M:V108Q,7,0.9395718383958359,1.2508705359361108,0.9231106126439103,0.8958338152953875
T6S:A28K:G33T:D95Q,1.060903221137319,T6S:A28K:G33T:D95Q,8,1.0155837811707609,1.2644539499536176,1.1766339982843932,0.7972794542674584
T6S:A28K:G33T:I91C:T112E,0.985272324787574,T6S:A28K:G33T:I91C:T112E,8,1.0707744824073524,1.5096532609093694,1.701313046722816,0.7964342752820448
T6S:A28K:G33T:I91C:V106M,1.1917626665830932,T6S:A28K:G33T:I91C:V106M,9,1.0939960678278378,1.5684910722805194,1.8579138813756086,0.7768547379541768
T6S:A28K:G33T:I91C:V108Q,1.14134085315524,T6S:A28K:G33T:I91C:V108Q,7,0.9991764209387393,1.397978422244453,1.3194027862112092,0.8023920768547097
T6S:A28K:G33T:Q46C,0.993676553754836,T6S:A28K:G33T:Q46C,9,0.903975720634111,0.9429708481451303,0.3679720011651915,0.7568403124995076
T6S:A28K:G33T:Q46C:D60Q,1.0602464967547562,T6S:A28K:G33T:Q46C:D60Q,8,0.9633927167363552,1.1083278414162978,0.7900988236920519,0.8043642996532964
T6S:A28K:G33T:Q46C:R59N,0.8964646511822085,T6S:A28K:G33T:Q46C:R59N,9,0.7800113204734012,0.6650689231287557,-0.41563176362055426,0.8079590319385639
T6S:A28K:G33T:Q46C:V106M,1.0035415567252943,T6S:A28K:G33T:Q46C:V106M,9,0.9438792862795891,1.0586443734944042,0.6581557958001046,0.7929945541710278
T6S:A28K:G33T:Q46I,1.2088189090363834,T6S:A28K:G33T:Q46I,9,0.9016695472848196,1.0706355928993792,0.5456448514832549,0.687933182208342
T6S:A28K:G33T:Q46I:D60Q,1.1340084934980894,T6S:A28K:G33T:Q46I:D60Q,8,0.9610865433870639,1.229574650066696,0.9584830445384961,0.7050941530648692
T6S:A28K:G33T:Q46I:V106M,1.0232037496421067,T6S:A28K:G33T:Q46I:V106M,7,0.9415731129302977,1.1838171408484404,0.8322220264280253,0.7149660818292258
T6S:A28K:G33T:Q46R:R59N,1.1281571705148925,T6S:A28K:G33T:Q46R:R59N,8,0.9403317769219763,0.9417480342477056,0.4780580833771842,0.9403209489992362
T6S:A28K:G33T:Q46V,1.0871570183950907,T6S:A28K:G33T:Q46V,8,0.9237283923994558,1.020489382149941,0.5409365740159632,0.9522863727518956
T6S:A28K:G33T:Q46V:R59N,0.6064207783481442,T6S:A28K:G33T:Q46V:R59N,8,0.799763992238746,0.7313797877898314,-0.2588879642536324,1.044556443373962
T6S:A28K:G33T:R59N,1.1933221793978874,T6S:A28K:G33T:R59N,7,0.9520929641915366,1.1749452542118553,0.8517480003256599,0.8581576474387685
T6S:A28K:G33T:R59N:R97D,1.114790819556422,T6S:A28K:G33T:R59N:R97D,7,0.9670381838477697,1.3180402256203219,1.1048298672082404,0.8633792479142683
T6S:A28K:G33T:R59N:V106M,1.186213878848464,T6S:A28K:G33T:R59N:V106M,7,0.9919965298370146,1.3427957176403336,1.217447075408844,0.8755301903652801
T6S:A28K:G33T:R59N:V108Q,1.049662264712035,T6S:A28K:G33T:R59N:V108Q,9,0.8971768829479161,1.219434842368418,0.7471783805467287,0.8862215115256
T6S:A28K:G33T:R97D:V106M,1.3693971528039377,T6S:A28K:G33T:R97D:V106M,9,1.1309061496539576,1.6464301967136958,2.0842749847453144,0.8049561476097608
T6S:A28K:G33T:R97D:V108Q,0.9195462839184156,T6S:A28K:G33T:R97D:V108Q,9,1.0360865027648591,1.4061135005495902,1.4447370314739643,0.8289029689565509
T6S:A28K:G33T:V108Q,1.1977663425553768,T6S:A28K:G33T:V108Q,9,1.021141283108626,1.280476691835254,1.2169222289399575,0.8169256092093518
T6S:A28K:I91C:D95Q:T112E,1.1385737994821157,T6S:A28K:I91C:D95Q:T112E,8,0.9493014720490842,1.2753682886518305,0.988500963917953,0.8818063283457684
T6S:A28K:I91C:R97D:V106M,1.2862431711856266,T6S:A28K:I91C:R97D:V106M,8,1.0479418603072885,1.518058222040549,1.6432288731933111,0.8160154467000318
T6S:A28K:I91C:T112E,1.1351611442828402,T6S:A28K:I91C:T112E,7,1.0097750552305698,1.2375152800878089,1.1197742939937019,0.8551513160901801
T6S:A28K:Q46C:D60Q:V106M,0.7631483003165391,T6S:A28K:Q46C:D60Q:V106M,9,0.9422968552050507,1.0358343635497989,0.6202744144735015,0.9385133359192471
T6S:A28K:Q46C:D60Q:V108Q,0.6382692935143996,T6S:A28K:Q46C:D60Q:V108Q,7,0.8474772083159522,0.8891032268117155,0.11618212026394845,0.9380667852664547
T6S:A28K:Q46C:D95Q,0.7378434648055276,T6S:A28K:Q46C:D95Q,7,0.7825027102758428,0.745939564033326,-0.290923105833481,0.9220881305222108
T6S:A28K:Q46C:D95Q:T112E,0.7232397018535306,T6S:A28K:Q46C:D95Q:T112E,8,0.7991846905008354,0.8328591867627183,-0.11379993651819431,0.9534446916178172
T6S:A28K:Q46C:I91C:R97D,0.7169978550404629,T6S:A28K:Q46C:I91C:R97D,8,0.835956650943675,0.8847726868996687,0.07446952642231583,0.8446119341853793
T6S:A28K:Q46C:R59N:D95Q,0.4059396949020771,T6S:A28K:Q46C:R59N:D95Q,7,0.6585383101151331,0.43102841029271666,-1.128090042188289,0.9425019684211411
T6S:A28K:Q46C:R59N:T112E,0.5660801365385508,T6S:A28K:Q46C:R59N:T112E,9,0.7356938735216111,0.60035438347167,-0.6456430991193509,0.8919193486169849
T6S:A28K:Q46C:R97D:V108Q,0.6457628889947215,T6S:A28K:Q46C:R97D:V108Q,8,0.8030054318699412,0.7742488816721254,-0.1868709914165715,0.897090193478106
T6S:A28K:Q46C:V106M:T112E,0.7707555729250155,T6S:A28K:Q46C:V106M:T112E,9,0.899561839327799,0.9688986848565057,0.3919170712513953,0.9385444013915826
T6S:A28K:Q46I:D60Q:D95Q,0.7920818875381543,T6S:A28K:Q46I:D60Q:D95Q,8,0.8396135330287957,0.88519657986889,0.08633406937406145,0.8316109711896653
T6S:A28K:Q46I:D60Q:T112E,0.9412147324381154,T6S:A28K:Q46I:D60Q:T112E,8,0.9167690964352737,1.1018002526584154,0.6372056628052327,0.8135410223374231
T6S:A28K:Q46I:D60Q:V106M,1.006352245855144,T6S:A28K:Q46I:D60Q:V106M,7,0.9399906818557593,1.1046645072291104,0.712796399988197,0.7757613171558724
T6S:A28K:Q46I:D95Q,0.837242026915375,T6S:A28K:Q46I:D95Q,9,0.7801965369265514,0.7748492931184229,-0.25617762876619965,0.7922153779228457
T6S:A28K:Q46I:D95Q:R97D,0.8625321029817404,T6S:A28K:Q46I:D95Q:R97D,9,0.7951417565827847,0.8562054797637125,-0.09244982936165888,0.7990598036976635
T6S:A28K:Q46I:D95Q:T112E,0.6407708717912286,T6S:A28K:Q46I:D95Q:T112E,8,0.796878517151544,0.8652470784574081,-0.07402054150598894,0.8378024401474075
T6S:A28K:Q46I:D95Q:V108Q,0.5279630542048757,T6S:A28K:Q46I:D95Q:V108Q,9,0.7252804556829311,0.6583507945565065,-0.593744066007323,0.7891878296345219
T6S:A28K:Q46I:I91C:T112E,0.7740391242180223,T6S:A28K:Q46I:I91C:T112E,9,0.835387238163143,0.9473160314370408,0.1632361277135435,0.8062653060793767
T6S:A28K:Q46I:I91C:V106M,0.9281524161430992,T6S:A28K:Q46I:I91C:V106M,8,0.8586088235836284,0.9848169867498402,0.2889562949978365,0.7756561625734019
T6S:A28K:Q46I:R59N:D95Q,0.5487278025859099,T6S:A28K:Q46I:R59N:D95Q,9,0.6562321367658417,0.5335250135411437,-0.9868428491460286,0.8139474135724376
T6S:A28K:Q46I:R97D:V106M,0.8478373178301202,T6S:A28K:Q46I:R97D:V106M,8,0.8955189054097483,1.0465051010287894,0.49179743658861785,0.7627409887743849
T6S:A28K:Q46I:V106M:T112E,0.7044685184592807,T6S:A28K:Q46I:V106M:T112E,9,0.8972556659785076,1.047624927249261,0.49876160418263493,0.8203859000544247
T6S:A28K:Q46I:V108Q:T112E,0.7719258663383275,T6S:A28K:Q46I:V108Q:T112E,7,0.8024360190894091,0.8898942117536037,-0.021250295608796828,0.8044911379442651
T6S:A28K:Q46R,1.0230019030701132,T6S:A28K:Q46R,7,1.0032967499059036,1.0323239022711,0.8028707392980546,0.9578181561917607
T6S:A28K:Q46R:D60Q:I91C,1.056096001083628,T6S:A28K:Q46R:D60Q:I91C,8,1.040748883838261,1.1756116196605948,1.125478077113955,0.9875429667396227
T6S:A28K:Q46R:D60Q:R97D,1.0575330923320445,T6S:A28K:Q46R:D60Q:R97D,8,1.077658965664381,1.259783779860062,1.3608602051214236,0.9888880208809944
T6S:A28K:Q46R:I91C:V108Q,0.8985833083015349,T6S:A28K:Q46R:I91C:V108Q,9,0.9264158064923964,0.9730361786248886,0.4805262239963404,0.9772018644028514
T6S:A28K:Q46R:R59N:V106M,0.736133632472891,T6S:A28K:Q46R:R59N:V106M,7,0.9192359153906717,0.8581622567418494,0.29217987435898296,0.993276911023086
T6S:A28K:Q46R:R97D:V106M,1.1877591340457967,T6S:A28K:Q46R:R97D:V106M,7,1.0581455352076148,1.266166306591134,1.3100610592909918,0.9528331315929292
T6S:A28K:Q46R:R97D:V108Q,0.8963708025788897,T6S:A28K:Q46R:R97D:V108Q,9,0.9633258883185163,0.9917857427352617,0.6212227327782736,0.9627811501839005
T6S:A28K:Q46R:T112E,1.0475028361719787,T6S:A28K:Q46R:T112E,8,1.019978730130896,1.1064036099042525,0.9614107984286715,0.9849112965581914
T6S:A28K:Q46R:V106M,1.2175430760578096,T6S:A28K:Q46R:V106M,7,1.0432003155513816,1.1356693875033075,1.0752122564615567,0.9730072084646035
T6S:A28K:Q46R:V108Q,0.9869405248013904,T6S:A28K:Q46R:V108Q,7,0.9483806686622831,0.9673018368009618,0.5398057470344313,0.9727779052285843
T6S:A28K:Q46V:D95Q,0.8108993366688264,T6S:A28K:Q46V:D95Q,8,0.8022553820411877,0.7768565504884897,-0.18540459367705245,0.9362807032950886
T6S:A28K:Q46V:I91C,0.8542559172017828,T6S:A28K:Q46V:I91C,9,0.8407641030527866,0.8457816593247258,0.03282909118969439,0.8916382219087968
T6S:A28K:Q46V:I91C:R97D,0.7601906857799491,T6S:A28K:Q46V:I91C:R97D,7,0.8557093227090198,0.9206234785022467,0.18712869675263955,0.8284897004337677
T6S:A28K:Q46V:I91C:V106M,0.8597641114396765,T6S:A28K:Q46V:I91C:V106M,7,0.8806676686982646,0.9691170717501276,0.3341018759535125,0.8471070254239887
T6S:A28K:Q46V:R59N:R97D,0.5308659593408391,T6S:A28K:Q46V:R59N:R97D,7,0.7537097847181966,0.5939242800629546,-0.5995201940897188,0.9489626439844676
T6S:A28K:Q46V:R97D:V106M,0.8864559279962809,T6S:A28K:Q46V:R97D:V106M,7,0.9175777505243845,1.0530332168794425,0.569113475322597,0.8553134540761678
T6S:A28K:R59N:D60Q,1.0549341630886897,T6S:A28K:R59N:D60Q,7,0.9505105331169982,1.1912736219618612,0.8705112914674261,0.9148299982469559
T6S:A28K:R59N:D60Q:R97D,1.1128031582906208,T6S:A28K:R59N:D60Q:R97D,9,0.9654557527732314,1.329025026241927,1.1158594548183274,0.9156879238680891
T6S:A28K:R59N:D60Q:T112E,1.1624614455435196,T6S:A28K:R59N:D60Q:T112E,8,0.9671925133419907,1.35463604239666,1.1582695328946757,0.9127558777508179
T6S:A28K:R59N:D60Q:V108Q,1.11096877802451,T6S:A28K:R59N:D60Q:V108Q,7,0.8955944518733777,1.2267317323299354,0.7528704834745612,0.9227953395591312
T6S:A28K:R59N:D95Q,0.9993327006569694,T6S:A28K:R59N:D95Q,9,0.8306199538332684,0.9642416113552159,0.1730649938638512,0.9286411483492668
T6S:A28K:R59N:D95Q:V106M,1.162711487052325,T6S:A28K:R59N:D95Q:V106M,7,0.8705235194787465,1.1274426774636168,0.5320350320302254,0.9354732516445399
T6S:A28K:R59N:I91C,1.1478214270467042,T6S:A28K:R59N:I91C,8,0.8691286748448673,0.9922796211098475,0.33212309527308226,0.8523879664513686
T6S:A28K:R59N:I91C:V106M,1.132250803497459,T6S:A28K:R59N:I91C:V106M,8,0.9090322404903454,1.1664016478849129,0.7068989556641296,0.8619209214664
T6S:A28K:R59N:R97D:T112E,1.207024140319935,T6S:A28K:R59N:R97D:T112E,9,0.9227207368959798,1.251160351938492,0.8716846604597641,0.8719126479277807
T6S:A28K:R97D:T112E,1.183247070655851,T6S:A28K:R97D:T112E,7,1.0466851370566896,1.3187889927705123,1.3509615212432773,0.8734680145888618
T6S:A28K:T112E,1.2897635514483137,T6S:A28K:T112E,9,1.0317399174004562,1.1670506451979745,1.085370162637381,0.8707052695921746
T6S:A28K:V106M,1.1526707895880683,T6S:A28K:V106M,8,1.0549615028209418,1.1885590341208214,1.1879444118114242,0.8631415340235481
T6S:A28K:V106M:T112E,1.2198348063016549,T6S:A28K:V106M:T112E,7,1.0716434830459345,1.3235943907336114,1.434705112034783,0.8903844168865694
T6S:A28K:V106M:V108Q:T112E,1.2036505620452145,T6S:A28K:V106M:V108Q:T112E,9,1.016727401802314,1.386582868645318,1.3569087928608194,0.904648925586545
T6S:A28K:V108Q:T112E,1.2110519689142192,T6S:A28K:V108Q:T112E,9,0.9768238361568359,1.2057271227874693,0.9723872727259141,0.8854491668649
T6S:D60Q:D95Q,1.2156039926872308,T6S:D60Q:D95Q,8,1.014767455828316,1.158167948067728,1.0202955170987684,0.9589514438156994
T6S:D60Q:D95Q:R97D,1.165073574529122,T6S:D60Q:D95Q:R97D,8,1.0297126754845491,1.3574008807254172,1.3546254227431098,0.9987854744536524
T6S:D60Q:D95Q:V106M:T112E,1.3053393771652757,T6S:D60Q:D95Q:V106M:T112E,7,1.0713530016987867,1.5151508876588173,1.7110496367006225,0.9872753763388417
T6S:D60Q:D95Q:V106M:V108Q,1.1887263893556248,T6S:D60Q:D95Q:V106M:V108Q,8,0.9997549402301736,1.3762069688217793,1.2896730465696309,0.9711548894724396
T6S:D60Q:I91C,1.3565469406788189,T6S:D60Q:I91C,7,1.0532761768399148,1.211303988396562,1.2156778047726884,0.9376005938959989
T6S:D60Q:I91C:D95Q:V108Q,0.9785842888646494,T6S:D60Q:I91C:D95Q:V108Q,8,0.9378865124148089,1.242302137372282,0.905524431316123,0.971401523040856
T6S:D60Q:I91C:R97D,1.2781451487489237,T6S:D60Q:I91C:R97D,7,1.0682213964961482,1.3769776242505491,1.501437598734138,0.9661497398773844
T6S:D60Q:I91C:R97D:T112E,1.1995339553496769,T6S:D60Q:I91C:R97D:T112E,8,1.0849033767211407,1.5652744801241107,1.825283256447088,0.9894327648318706
T6S:D60Q:I91C:R97D:V108Q,1.126732703623191,T6S:D60Q:I91C:R97D:V108Q,7,1.0133053152525278,1.3916635879076782,1.3537334228600744,0.9874537652854901
T6S:D60Q:I91C:V106M,1.3712266257044743,T6S:D60Q:I91C:V106M,7,1.0931797424853928,1.4066904564695732,1.6212295272074724,0.9484299072471379
T6S:D60Q:I91C:V108Q,1.2107301871617662,T6S:D60Q:I91C:V108Q,7,0.9983600955962945,1.2528165294623137,1.106799527677971,0.9667953811949638
T6S:D60Q:I91C:V108Q:T112E,1.154152844324727,T6S:D60Q:I91C:V108Q:T112E,8,1.015042075821287,1.4266492315870805,1.409711327119493,0.9846597676449875
T6S:D60Q:R97D:V106M,1.3528682004779164,T6S:D60Q:R97D:V106M,7,1.1300898243115127,1.5062376565698514,1.8788638319956217,0.97008414993841
T6S:D60Q:R97D:V106M:V108Q,1.2511434100172605,T6S:D60Q:R97D:V106M:V108Q,9,1.0751737430678925,1.5282956365220521,1.7418291185025534,0.9882296959514355
T6S:D60Q:R97D:V108Q,1.153207740883954,T6S:D60Q:R97D:V108Q,7,1.0352701774224142,1.2825596834345525,1.2634069743591696,0.9868591063324931
T6S:D60Q:R97D:V108Q:T112E,1.1764958778764285,T6S:D60Q:R97D:V108Q:T112E,8,1.051952157647407,1.486439683288474,1.6098059962836486,1.0041139409163315
T6S:D60Q:T112E,1.3342182111925052,T6S:D60Q:T112E,8,1.0919230192347942,1.2823977424839628,1.437475108119517,0.9557900041778621
T6S:D60Q:V106M,1.3495296809081891,T6S:D60Q:V106M,7,1.1151446046552795,1.3017063361108754,1.5368656105116174,0.9444187140780295
T6S:D60Q:V106M:V108Q,1.3341877603113586,T6S:D60Q:V106M:V108Q,7,1.060228523411659,1.3505908934716986,1.4386567957978942,0.9704550219819142
T6S:D60Q:V108Q,1.2345200328492625,T6S:D60Q:V108Q,7,1.020324957766181,1.184041376129103,1.074840569960758,0.951016348645122
T6S:D95Q:R97D:V108Q,1.0455144867185389,T6S:D95Q:R97D:V108Q,7,0.9153795981386845,1.1166310485217792,0.6543951215835837,0.967590130312634
T6S:D95Q:V106M:V108Q,1.0910848986358663,T6S:D95Q:V106M:V108Q,7,0.9403379441279294,1.1563240826698309,0.7886313194093448,0.9707521442496774
T6S:D95Q:V106M:V108Q:T112E,1.04587126840514,T6S:D95Q:V106M:V108Q:T112E,8,0.9570199243529219,1.3231697042873727,1.0814307710696154,0.9876825618358506
T6S:G33T:D60Q:R97D:T112E,1.2904062987968046,T6S:G33T:D60Q:R97D:T112E,9,1.16786766606781,1.7248949247782552,2.311555037826867,1.0047871247882574
T6S:G33T:D60Q:R97D:V108Q,1.0950396305174783,T6S:G33T:D60Q:R97D:V108Q,8,1.0962696045991969,1.547169638913017,1.834050474014164,1.0019634781389195
T6S:G33T:D60Q:V108Q:T112E,1.1717366584365934,T6S:G33T:D60Q:V108Q:T112E,9,1.0980063651679561,1.601427661636719,1.917921143966856,0.9802623374633566
T6S:G33T:D95Q,1.2130584861421598,T6S:G33T:D95Q,8,1.0163498869028544,1.155268416833521,1.0209676775744425,0.9025736119603507
T6S:G33T:D95Q:T112E,1.2379647333258397,T6S:G33T:D95Q:T112E,7,1.033031867127847,1.310424613970465,1.296849115253301,0.9377869881922354
T6S:G33T:D95Q:V106M,1.154301963969411,T6S:G33T:D95Q:V106M,8,1.0562534525483325,1.3468441070878248,1.4210040906350176,0.928475360243847
T6S:G33T:D95Q:V106M:T112E,1.1572367619576456,T6S:G33T:D95Q:V106M:T112E,9,1.072935432773325,1.5254828662844357,1.7308716594449869,0.9605086359432868
T6S:G33T:D95Q:V106M:V108Q,1.0674740168074115,T6S:G33T:D95Q:V106M:V108Q,8,1.001337371304712,1.3894490982240175,1.3137069081097024,0.9526488670438628
T6S:G33T:I91C,1.2263754345177411,T6S:G33T:I91C,9,1.0548586079144533,1.21606673771516,1.22743952485303,0.9140235316867628
T6S:G33T:I91C:D95Q:T112E,1.1642653512305623,T6S:G33T:I91C:D95Q:T112E,9,1.0110670049579604,1.4123420005922342,1.3767745718414979,0.9307103124539372
T6S:G33T:I91C:D95Q:V108Q,1.1081675310944834,T6S:G33T:I91C:D95Q:V108Q,8,0.9394689434893473,1.2747584609209435,0.9573668479950975,0.9265273100114998
T6S:G33T:I91C:R97D,1.1475094685566507,T6S:G33T:I91C:R97D,9,1.0698038275706865,1.3870839406975475,1.5209330223461577,0.9469363525225148
T6S:G33T:I91C:V106M,1.0387294665781208,T6S:G33T:I91C:V106M,7,1.0947621735599313,1.4185633886361282,1.643281760138279,0.9426261316900174
T6S:G33T:I91C:V106M:V108Q,1.2268447623728935,T6S:G33T:I91C:V106M:V108Q,7,1.0398460923163109,1.4934194078125804,1.5826612419949986,0.9914400531908886
T6S:G33T:Q46C,1.0701819868227764,T6S:G33T:Q46C,7,0.9047418263662045,0.8920946330843436,0.2966963071975015,0.920558974397684
T6S:G33T:Q46C:D60Q,1.0995212648283652,T6S:G33T:Q46C:D60Q,8,0.9641588224684488,1.025845063106801,0.6730791942694064,0.9571566942851493
T6S:G33T:Q46C:D60Q:R97D,1.1432657992937985,T6S:G33T:Q46C:D60Q:R97D,8,0.9791040421246819,1.150199207318975,0.8990376063526209,1.0194233483518687
T6S:G33T:Q46C:D60Q:T112E,1.0725545070725129,T6S:G33T:Q46C:D60Q:T112E,7,0.9808408026934413,1.1430714668798339,0.8940651342693341,1.0026696847280996
T6S:G33T:Q46C:D60Q:V106M,1.146742014214237,T6S:G33T:Q46C:D60Q:V106M,8,1.0040623881139268,1.150694922000489,0.9765438257376615,0.990369750039372
T6S:G33T:Q46C:D95Q:T112E,0.9867228992053784,T6S:G33T:Q46C:D95Q:T112E,7,0.8609502234097116,0.9383566530757061,0.22891834363957042,0.9722600808011632
T6S:G33T:Q46C:I91C:T112E,0.8185730080094558,T6S:G33T:Q46C:I91C:T112E,8,0.8994589444213105,0.987451599388864,0.4184519870820412,0.9671348736847203
T6S:G33T:Q46C:I91C:V106M,0.9125576110452228,T6S:G33T:Q46C:I91C:V106M,7,0.922680529841796,1.0297117552516233,0.5510601086516977,0.9620055006715685
T6S:G33T:Q46C:R59N,0.5703352392901694,T6S:G33T:Q46C:R59N,7,0.7807774262054947,0.5984367460015468,-0.5097109400841321,0.9823283659865574
T6S:G33T:Q46C:V106M,0.9837601168156618,T6S:G33T:Q46C:V106M,7,0.9446453920116826,0.9771772871199477,0.542606169488933,0.9727944774509453
T6S:G33T:Q46C:V106M:V108Q,0.7910351104403996,T6S:G33T:Q46C:V106M:V108Q,7,0.8897293107680622,0.9603221176495502,0.3492527546701504,1.0215826485710382
T6S:G33T:Q46C:V108Q,0.8773084279414866,T6S:G33T:Q46C:V108Q,7,0.8498257451225841,0.8509274632917343,0.0681563216412154,0.9698265340905269
T6S:G33T:Q46C:V108Q:T112E,0.8999975438526291,T6S:G33T:Q46C:V108Q:T112E,8,0.8665077253475766,0.9624820564975665,0.28093349390966993,1.0120744712278888
T6S:G33T:Q46I:D60Q:D95Q,0.9997167046198988,T6S:G33T:Q46I:D60Q:D95Q,7,0.9013790659376719,1.0172815544576201,0.4675322453972298,0.9534333414843849
T6S:G33T:Q46I:D60Q:I91C,0.9812028627369694,T6S:G33T:Q46I:D60Q:I91C,8,0.9398877869492708,1.137572219958887,0.7601069046433703,0.9719992789134296
T6S:G33T:Q46I:D95Q:V108Q,0.7472361520868974,T6S:G33T:Q46I:D95Q:V108Q,8,0.7870459885918072,0.7963210696088764,-0.2040281399705483,0.9516378470303752
T6S:G33T:Q46I:I91C:R97D,1.0763762623335331,T6S:G33T:Q46I:I91C:R97D,7,0.8954160105032598,1.0632612833831134,0.5157319557821762,0.9991127797375148
T6S:G33T:Q46I:I91C:V108Q,1.0062448885834734,T6S:G33T:Q46I:I91C:V108Q,9,0.825554709603406,0.9327302222387439,0.11187468150064325,1.0062833390699892
T6S:G33T:Q46I:R59N:D60Q,0.8170815478521481,T6S:G33T:Q46I:R59N:D60Q,8,0.8378882489584475,0.9305744292265643,0.14670093885197974,1.0113657583373101
T6S:G33T:Q46I:R59N:R97D,0.6525680044985707,T6S:G33T:Q46I:R59N:R97D,9,0.7934164725124365,0.7963203667081562,-0.18442923431219427,1.0316978644701795
T6S:G33T:Q46I:R97D,1.1527258095262576,T6S:G33T:Q46I:R97D,7,0.9173808726731464,1.0257597943421153,0.5290351314252333,0.9832567962932032
T6S:G33T:Q46I:R97D:V108Q,0.9782210954684206,T6S:G33T:Q46I:R97D:V108Q,7,0.8624647914295259,0.9259167809781279,0.21557404957722184,1.0164435540061116
T6S:G33T:Q46I:V106M:V108Q,0.9898827772077964,T6S:G33T:Q46I:V106M:V108Q,9,0.8874231374187708,1.0255201772681233,0.4365180529096745,1.015198663636378
T6S:G33T:Q46I:V108Q,0.8306334991303743,T6S:G33T:Q46I:V108Q,7,0.8475195717732926,0.9186175003105199,0.15902823957088175,0.972563891206503
T6S:G33T:Q46R:D95Q:T112E,1.0174340593628874,T6S:G33T:Q46R:D95Q:T112E,8,1.0212706798582867,1.1707458897142702,1.0585077965642025,1.0048244040221654
T6S:G33T:Q46R:D95Q:V106M,1.1434071773015029,T6S:G33T:Q46R:D95Q:V106M,9,1.0444922652787723,1.2149227715078383,1.1938899808047614,0.9911724235488156
T6S:G33T:Q46R:D95Q:V108Q,0.890879754166332,T6S:G33T:Q46R:D95Q:V108Q,9,0.9496726183896737,1.000900688607472,0.5924080187047579,0.9880830399911804
T6S:G33T:Q46R:I91C:D95Q,1.0125241922363937,T6S:G33T:Q46R:I91C:D95Q,7,0.9826238374634075,1.0733098890260178,0.7985855626842497,0.9831630169349495
T6S:G33T:Q46R:R59N:D60Q,0.903584523711051,T6S:G33T:Q46R:R59N:D60Q,7,1.000514878756314,1.0483666258870765,0.8175303298918553,1.0701104254130134
T6S:G33T:Q46R:R59N:R97D,0.923398975678389,T6S:G33T:Q46R:R59N:R97D,8,0.9560431023103031,0.9299413760793357,0.5093090753996566,1.0775691348381438
T6S:G33T:Q46R:R97D,1.1315839705295228,T6S:G33T:Q46R:R97D,8,1.080007502471013,1.209226745243968,1.2949150882414613,1.019572845843535
T6S:G33T:Q46R:R97D:V108Q,0.986551680774984,T6S:G33T:Q46R:R97D:V108Q,8,1.0250914212273925,1.1455491209586401,1.0337958953454252,1.0487855770030654
T6S:G33T:Q46R:T112E,0.9931734127574414,T6S:G33T:Q46R:T112E,9,1.0817442630397722,1.2228357060118566,1.3199546840346712,1.0204496428100043
T6S:G33T:Q46R:V108Q,1.1838485201105895,T6S:G33T:Q46R:V108Q,8,1.010146201571159,1.094407495649782,0.9137973977538527,1.0177558220723764
T6S:G33T:Q46V,1.1446555515743255,T6S:G33T:Q46V,8,0.9244944981315494,0.9625154917080958,0.4593884691582785,1.0422576726134267
T6S:G33T:Q46V:D60Q:V106M,1.1025031742844429,T6S:G33T:Q46V:D60Q:V106M,9,1.0238150598792717,1.2220194726185658,1.1405438941586965,0.9526510008994769
T6S:G33T:Q46V:D95Q:V108Q,0.6304867944934698,T6S:G33T:Q46V:D95Q:V108Q,7,0.8091048337064434,0.8153410106078153,-0.10863277895147075,0.9621523564127136
T6S:G33T:Q46V:I91C:R97D,1.1080939338817108,T6S:G33T:Q46V:I91C:R97D,8,0.917474855617896,1.0660046666468261,0.5875703802051994,0.971346353110451
T6S:G33T:Q46V:I91C:T112E,1.0185451231392435,T6S:G33T:Q46V:I91C:T112E,7,0.9192116161866553,1.0637635687501297,0.5896703082210326,0.9850593331459612
T6S:G33T:Q46V:I91C:V106M,1.097425503124077,T6S:G33T:Q46V:I91C:V106M,8,0.9424332016071408,1.1041270569125199,0.7195333972421496,0.9637692688601173
T6S:G33T:Q46V:R59N:D60Q,0.8519554286801281,T6S:G33T:Q46V:R59N:D60Q,9,0.8599470940730838,0.8225927455303451,0.05828782702271862,1.1057616319668222
T6S:G33T:Q46V:R97D:T112E,1.0247101743732685,T6S:G33T:Q46V:R97D:T112E,9,0.9561216980127751,1.1529920175047976,0.8323703636947268,1.0263014513802835
T6S:G33T:Q46V:R97D:V108Q,0.8802976839427971,T6S:G33T:Q46V:R97D:V108Q,8,0.8845236365441621,0.9455752793278996,0.31189358972994746,1.0391897115122017
T6S:G33T:Q46V:T112E,1.0800618474420671,T6S:G33T:Q46V:T112E,9,0.941176478356542,1.0441136149880104,0.6288098733235554,1.0375470287436321
T6S:G33T:Q46V:V106M,1.2018009098906044,T6S:G33T:Q46V:V106M,8,0.9643980637770274,1.0489884694732408,0.7073105362707514,1.02164732542184
T6S:G33T:R59N:D60Q:T112E,1.3945625196961715,T6S:G33T:R59N:D60Q:T112E,9,1.028958046250867,1.4723306257063136,1.5186406065004847,1.0243479191413232
T6S:G33T:R59N:D60Q:V106M,1.175082298757758,T6S:G33T:R59N:D60Q:V106M,8,1.0521796316713523,1.4684975463921903,1.5845383439562504,1.0281492232250882
T6S:G33T:R59N:D95Q:T112E,1.1673754484312648,T6S:G33T:R59N:D95Q:T112E,7,0.9090674669671371,1.2219152583106965,0.7873517567896797,1.0057937156943293
T6S:G33T:R59N:I91C,1.168758407939588,T6S:G33T:R59N:I91C,9,0.9308942077537434,1.0955462592235754,0.671612714967036,0.9861203411943453
T6S:G33T:R59N:R97D,1.113601072045433,T6S:G33T:R59N:R97D,7,0.9678042895798633,1.1835747170243007,0.9125760327792599,1.0302314642569033
T6S:G33T:R59N:R97D:V106M,1.2217735588492502,T6S:G33T:R59N:R97D:V106M,9,1.0077078552253413,1.4000207448840132,1.348607093825209,1.045617184847306
T6S:G33T:R59N:R97D:V108Q,1.0004149344900062,T6S:G33T:R59N:R97D:V108Q,9,0.9128882083362428,1.1892068744279094,0.7517683528758674,1.06163919900445
T6S:G33T:R59N:V106M,1.3394612587716694,T6S:G33T:R59N:V106M,9,0.9927626355691082,1.1995142720111285,1.0124340032402976,1.0302345952951175
T6S:G33T:R59N:V106M:V108Q,1.0165011527683263,T6S:G33T:R59N:V106M:V108Q,9,0.9378465543254877,1.256285007145572,0.9256387928537553,1.0690537033607734
T6S:G33T:R97D,1.3489722508165027,T6S:G33T:R97D,7,1.0917686897405732,1.2685956432571825,1.4170246142123961,0.9576156883405116
T6S:G33T:R97D:V108Q,1.075690996174376,T6S:G33T:R97D:V108Q,9,1.0368526084969527,1.2753731006756597,1.2578745181957567,0.9963391457009434
T6S:G33T:V106M,1.2047402976922654,T6S:G33T:V106M,7,1.116727035729818,1.2872548912830502,1.5208187754530564,0.9472098424695726
T6S:G33T:V106M:T112E,1.2202270817870873,T6S:G33T:V106M:T112E,8,1.1334090159548105,1.4397877037480566,1.7929034087099245,0.9871568987541808
T6S:G33T:V106M:V108Q:T112E,1.0608870070194627,T6S:G33T:V106M:V108Q:T112E,8,1.07849293471119,1.530947200253196,1.755878787682894,1.0235651514677222
T6S:G33T:V108Q,1.1431798914847908,T6S:G33T:V108Q,9,1.0219073888407195,1.1715112262418095,1.061574410265666,0.9561327131592057
T6S:I91C:D95Q:T112E,1.1023010310144723,T6S:I91C:D95Q:T112E,8,0.9500675777811778,1.173502216879263,0.843428043218365,0.9584543175958826
T6S:I91C:D95Q:V106M:V108Q,0.9858305539731717,T6S:I91C:D95Q:V106M:V108Q,7,0.9183730819580428,1.262912658128208,0.8753173516083177,0.9663212556389871
T6S:I91C:D95Q:V108Q,1.006079451497996,T6S:I91C:D95Q:V108Q,7,0.8784695163125648,1.0407534042051052,0.43101758250237543,0.9487384838397208
T6S:I91C:R97D,1.173037012678242,T6S:I91C:R97D,8,1.0088044003939038,1.168810709667658,1.0173523069518402,0.9405405136261651
T6S:I91C:R97D:V106M,1.253622861923998,T6S:I91C:R97D:V106M,8,1.048707966039382,1.4036164086274898,1.4799551785160485,0.9523241905584929
T6S:I91C:R97D:V108Q,1.1390190625719936,T6S:I91C:R97D:V108Q,8,0.9538883191502835,1.1523262791755116,0.8245354597996624,0.9710339503469354
T6S:I91C:R97D:V108Q:T112E,1.105730762935945,T6S:I91C:R97D:V108Q:T112E,9,0.9705702993752761,1.334951324481873,1.1401723497811407,0.9910519219958334
T6S:I91C:V106M:V108Q,1.147015969769536,T6S:I91C:V106M:V108Q,8,0.9788466651395282,1.2364995707939301,1.0231475915329895,0.9881817006603045
T6S:I91C:V106M:V108Q:T112E,1.105440753460739,T6S:I91C:V106M:V108Q:T112E,7,0.9955286453645209,1.3948995630553356,1.3037237489013906,1.0093275112372944
T6S:I91C:V108Q,1.21930136040231,T6S:I91C:V108Q,8,0.9389430994940502,1.0565683072567906,0.6399640675375253,0.9588093285828767
T6S:Q46C:D60Q,1.1776443995353454,T6S:Q46C:D60Q,9,0.9031593952916661,0.902049047250803,0.30623462443039035,1.0152330528597775
T6S:Q46C:D60Q:D95Q,0.8116831480749588,T6S:Q46C:D60Q:D95Q,8,0.8426858121101807,0.8252318922189815,0.009000050138962823,1.0642690983408398
T6S:Q46C:D60Q:I91C,1.0146395511738042,T6S:Q46C:D60Q:I91C,9,0.8811945331217795,0.8751101873354706,0.19966742826863557,1.022127728587468
T6S:Q46C:D60Q:I91C:D95Q,0.8683037544061474,T6S:Q46C:D60Q:I91C:D95Q,8,0.820720949940294,0.8043905552495001,-0.08874224804589814,1.0632804481457354
T6S:Q46C:D60Q:I91C:T112E,0.8694869180658072,T6S:Q46C:D60Q:I91C:T112E,8,0.8978765133467721,0.9649603095490745,0.38103188690733597,1.0585660512877995
T6S:Q46C:D60Q:I91C:V106M,0.9496996971904242,T6S:Q46C:D60Q:I91C:V106M,9,0.9210980987672576,1.0062316095757458,0.5122088450447542,1.0475011964302103
T6S:Q46C:D60Q:R97D,0.985957571988394,T6S:Q46C:D60Q:R97D,9,0.9181046149478994,0.9779705378079331,0.4620968300619599,1.0647022697456627
T6S:Q46C:D60Q:V106M,1.0941693660605625,T6S:Q46C:D60Q:V106M,7,0.9430629609371443,0.9800215184384502,0.5418539738713573,1.0496952692609234
T6S:Q46C:D60Q:V106M:V108Q,0.9781712795937818,T6S:Q46C:D60Q:V106M:V108Q,9,0.8881468796935238,0.9541348711795643,0.33542937083864105,1.07838491760636
T6S:Q46C:D95Q:R97D:V106M,0.8932804746582191,T6S:Q46C:D95Q:R97D:V106M,9,0.8381176013096477,1.0064133770479082,0.25716770684109336,1.0661997013663953
T6S:Q46C:I91C:R97D:V108Q,0.7934091598696114,T6S:Q46C:I91C:R97D:V108Q,8,0.7818066754321481,0.75572450687675,-0.2789029080211497,1.0337323843243187
T6S:Q46C:I91C:T112E,0.8800992179266942,T6S:Q46C:I91C:T112E,9,0.8384595172445278,0.8247538371087796,-0.0046947806108048745,1.0176343735591666
T6S:Q46C:I91C:V106M:T112E,0.8008292122632134,T6S:Q46C:I91C:V106M:T112E,7,0.878363082890006,0.939590616550638,0.2842779981196011,1.0588501881685028
T6S:Q46C:R59N:D60Q:I91C,0.5028205954297655,T6S:Q46C:R59N:D60Q:I91C,7,0.7572301329610697,0.5570053146168106,-0.6421217529548611,1.041803835214347
T6S:Q46C:R59N:D60Q:R97D,0.7152152959671041,T6S:Q46C:R59N:D60Q:R97D,7,0.7941402147871895,0.6953652173479755,-0.3283141227086791,1.0848973427813509
T6S:Q46C:R59N:D95Q,0.5421939307420207,T6S:Q46C:R59N:D95Q,9,0.6593044158472265,0.4094061168063423,-1.1570267608686589,1.0365012660918294
T6S:Q46C:R59N:I91C,0.3741651128903287,T6S:Q46C:R59N:I91C,8,0.6978131368588255,0.4240351021380044,-1.0173754371875716,0.9838535390214669
T6S:Q46C:R59N:I91C:T112E,0.3784669031065796,T6S:Q46C:R59N:I91C:T112E,9,0.7144951170838181,0.48786430638722733,-0.8736708526223336,1.0007178071490166
T6S:Q46C:R59N:R97D:T112E,0.4709859506569349,T6S:Q46C:R59N:R97D:T112E,7,0.751405198909938,0.6346154721942163,-0.5477186119828746,1.0380058472027018
T6S:Q46C:R97D:V106M:T112E,0.9536317473174584,T6S:Q46C:R97D:V106M:T112E,9,0.9152731647161259,1.0768797147912004,0.5965358612772971,1.0866399266539324
T6S:Q46C:V106M:V108Q,0.8374884660557448,T6S:Q46C:V106M:V108Q,8,0.8287298835912795,0.8033391235282504,-0.0656230730999204,1.0624414205093538
T6S:Q46C:V108Q:T112E,1.0262855553162655,T6S:Q46C:V108Q:T112E,7,0.8055082981707941,0.8073398511474104,-0.13127817445557055,1.0463078023710146
T6S:Q46I:D60Q,1.070169779549479,T6S:Q46I:D60Q,9,0.9008532219423747,0.9452457267576196,0.3616574947592112,0.9414369036432562
T6S:Q46I:D60Q:D95Q:T112E,0.8789972207855016,T6S:Q46I:D60Q:D95Q:T112E,9,0.8570616189858817,0.921372157806853,0.19237283373410072,1.0303212877789003
T6S:Q46I:D60Q:I91C,1.1533953061405648,T6S:Q46I:D60Q:I91C,9,0.8788883597724881,0.9160940876643228,0.25188776034309535,0.981072164633076
T6S:Q46I:D60Q:I91C:V106M,1.045018186837109,T6S:Q46I:D60Q:I91C:V106M,7,0.9187919254179662,1.044723532504385,0.5608225574290712,0.9973242904251821
T6S:Q46I:D60Q:R97D:T112E,1.0803994518227142,T6S:Q46I:D60Q:R97D:T112E,8,0.9324804218236006,1.0974036002578011,0.6791810990797993,1.038902925442459
T6S:Q46I:D60Q:T112E,1.0954604705295103,T6S:Q46I:D60Q:T112E,8,0.9175352021673673,1.0209136942053483,0.5224962300816042,0.9958041150668948
T6S:Q46I:D60Q:V106M:V108Q,0.9193896062482476,T6S:Q46I:D60Q:V106M:V108Q,7,0.8858407063442324,0.9629903071234127,0.34115042396494,0.9872773862501268
T6S:Q46I:D60Q:V108Q,1.0088636463516638,T6S:Q46I:D60Q:V108Q,9,0.8459371406987543,0.8631978130137663,0.0739511234766119,0.9624159004723677
T6S:Q46I:D60Q:V108Q:T112E,1.0004588135613637,T6S:Q46I:D60Q:V108Q:T112E,8,0.8626191209237468,0.9721092418173228,0.2829028642717645,1.007056533931007
T6S:Q46I:D95Q,0.8532083957049197,T6S:Q46I:D95Q,7,0.780962642658645,0.740857520125763,-0.3030165998266982,0.9553985309399339
T6S:Q46I:D95Q:R97D,0.9386949309336496,T6S:Q46I:D95Q:R97D,9,0.7959078623148783,0.8004387724905665,-0.17080349502607378,0.9904720295092901
T6S:Q46I:I91C:R97D,0.8221441001177956,T6S:Q46I:I91C:R97D,8,0.8344165833264772,0.8472427788120084,0.015414488618538183,0.9878305924550825
T6S:Q46I:I91C:V106M:V108Q,0.840713916870357,T6S:Q46I:I91C:V106M:V108Q,8,0.8044588480721016,0.838116739689109,-0.08996384005674181,1.0316846620247948
T6S:Q46I:I91C:V108Q,0.8395944733193926,T6S:Q46I:I91C:V108Q,8,0.7645552824266234,0.7249424993849186,-0.376530438703398,0.9968894775064
T6S:Q46I:R59N:D60Q,0.8909403520264806,T6S:Q46I:R59N:D60Q,9,0.776888821781665,0.7455956951754845,-0.30869290760567614,0.9775966955921647
T6S:Q46I:R59N:D60Q:I91C,0.6029451057309402,T6S:Q46I:R59N:D60Q:I91C,7,0.7549239596117783,0.6715760891089928,-0.48339970490542233,1.002066469010617
T6S:Q46I:R59N:D60Q:V108Q,0.6717345991820111,T6S:Q46I:R59N:D60Q:V108Q,7,0.7219727405380445,0.662402481416763,-0.5980568627750281,0.991259969808391
T6S:Q46I:R59N:D95Q:V106M,0.4888147628859632,T6S:Q46I:R59N:D95Q:V106M,7,0.6969018081434133,0.5496304500438434,-0.8384061222283323,1.0161174158573238
T6S:Q46I:R59N:I91C:D95Q,0.4294924113198328,T6S:Q46I:R59N:I91C:D95Q,9,0.6350333803280486,0.39442214348810845,-1.253387092855554,1.001129839555666
T6S:Q46I:R59N:I91C:R97D,0.4492689386503488,T6S:Q46I:R59N:I91C:R97D,8,0.7104521831657673,0.5616773535806464,-0.7792806009795541,0.9836212818652286
T6S:Q46I:R59N:R97D:T112E,0.5617179557715681,T6S:Q46I:R59N:R97D:T112E,9,0.7490990255606464,0.7141559249685063,-0.4396956786400945,1.0080589461132752
T6S:Q46I:R59N:V108Q:T112E,0.6232366853925051,T6S:Q46I:R59N:V108Q:T112E,7,0.6792377246607928,0.6090033736050197,-0.8068228312622578,1.001166526790629
T6S:Q46I:R97D:V106M,0.9831848146995348,T6S:Q46I:R97D:V106M,8,0.8962850111418419,0.9723984433129571,0.38690050196149584,0.9929127896731399
T6S:Q46I:R97D:V106M:T112E,0.9319240145637868,T6S:Q46I:R97D:V106M:T112E,9,0.9129669913668343,1.0803413160019475,0.5944504589549554,1.0462534857632078
T6S:Q46I:V106M:V108Q:T112E,0.8553514600718811,T6S:Q46I:V106M:V108Q:T112E,9,0.8431056904669807,0.9120912145161449,0.13600270822002966,1.0496189630359876
T6S:Q46R:D60Q:D95Q,1.0557022070353892,T6S:Q46R:D60Q:D95Q,7,1.0030062685587557,1.0295301076779018,0.7979335845572427,1.0499499951923166
T6S:Q46R:D60Q:I91C:D95Q,1.0230557238934772,T6S:Q46R:D60Q:I91C:D95Q,7,0.9810414063888692,1.0234528402122431,0.7215592104051514,1.0687670452566136
T6S:Q46R:D60Q:I91C:T112E,1.0847668109647006,T6S:Q46R:D60Q:I91C:T112E,9,1.0581969697953473,1.217329330586127,1.239537927843659,1.0672272771732898
T6S:Q46R:D60Q:I91C:V108Q,1.0616974617143062,T6S:Q46R:D60Q:I91C:V108Q,8,0.9865989083267341,1.085270636099105,0.8281262698624117,1.0626502168853658
T6S:Q46R:D60Q:R97D:T112E,1.2449317563467457,T6S:Q46R:D60Q:R97D:T112E,7,1.0951070516214672,1.3321760543158716,1.5193151152948403,1.0744741912871947
T6S:Q46R:D60Q:R97D:V108Q,1.006983761336785,T6S:Q46R:D60Q:R97D:V108Q,8,1.023508990152854,1.1263035006639315,1.001073227694781,1.0599368301522667
T6S:Q46R:D60Q:V106M,1.2093893180056896,T6S:Q46R:D60Q:V106M,8,1.1033834173857193,1.2389097859252896,1.4097952699623564,1.028513646155756
T6S:Q46R:D95Q:R97D,1.0895088219218951,T6S:Q46R:D95Q:R97D,8,0.9585344921127448,1.0261994492516158,0.6562878453445378,1.043680771053438
T6S:Q46R:D95Q:T112E,1.078624723964478,T6S:Q46R:D95Q:T112E,7,0.960271252681504,0.9954223635276388,0.6170878580534515,1.0479644334075833
T6S:Q46R:D95Q:V106M,1.199664780199001,T6S:Q46R:D95Q:V106M,8,0.9834928381019896,1.0377584565500633,0.7498058828891803,1.0409378937294238
T6S:Q46R:D95Q:V108Q,0.8908719779303873,T6S:Q46R:D95Q:V108Q,8,0.888673191212891,0.8304118894179736,0.15798534332441716,1.0256902380628738
T6S:Q46R:D95Q:V108Q:T112E,0.9569029581548492,T6S:Q46R:D95Q:V108Q:T112E,9,0.9053551714378836,0.9363018620558782,0.3625641538919468,1.0424709131524565
T6S:Q46R:I91C,1.2242008563704605,T6S:Q46R:I91C,7,0.9820979934681104,0.9913263803931597,0.6783136100809811,1.025912480857701
T6S:Q46R:I91C:D95Q,0.961761521177237,T6S:Q46R:I91C:D95Q,8,0.9216244102866249,0.8952655329065909,0.3532277879763035,1.0370363837379637
T6S:Q46R:I91C:D95Q:T112E,0.9492478991617268,T6S:Q46R:I91C:D95Q:T112E,7,0.9383063905116175,0.9855723615641357,0.5352532343323049,1.0598452491981942
T6S:Q46R:I91C:D95Q:V106M,1.056091581895236,T6S:Q46R:I91C:D95Q:V106M,8,0.9615279759321029,1.06339708826372,0.7193336852419542,1.047428348555983
T6S:Q46R:I91C:R97D:V108Q,1.0885792273488362,T6S:Q46R:I91C:R97D:V108Q,9,0.9421271318807232,0.9742511683995595,0.5306233467523696,1.057833897421439
T6S:Q46R:I91C:T112E,1.1234646948489462,T6S:Q46R:I91C:T112E,8,0.9987799736931029,1.0555272623190999,0.8225561208838807,1.0566351269030996
T6S:Q46R:I91C:V106M:T112E,1.1506816182907125,T6S:Q46R:I91C:V106M:T112E,8,1.0386835393385812,1.204913389349933,1.161531904170165,1.0756365914668353
T6S:Q46R:I91C:V106M:V108Q,1.0709954776953163,T6S:Q46R:I91C:V106M:V108Q,9,0.967085477869968,1.0814290108992084,0.7625297877214283,1.0764881297918598
T6S:Q46R:I91C:V108Q,1.020563985088426,T6S:Q46R:I91C:V108Q,9,0.92718191222449,0.9312134456058306,0.42235356482875186,1.054785953268429
T6S:Q46R:R59N,1.0850689120673476,T6S:Q46R:R59N,7,0.8800984554772872,0.7437592376036337,0.006191933652185955,1.0376078705116485
T6S:Q46R:R59N:D60Q:R97D,0.8378571568957915,T6S:Q46R:R59N:D60Q:R97D,8,0.9544606712357646,0.940148214910447,0.5192127249047132,1.081891113371375
T6S:Q46R:R59N:D60Q:V106M,0.760570073103405,T6S:Q46R:R59N:D60Q:V106M,8,0.9794190172250095,0.9773257050589491,0.6498081952826966,1.0699911146688916
T6S:Q46R:R59N:D60Q:V108Q,0.8336111337657973,T6S:Q46R:R59N:D60Q:V108Q,8,0.884599370335911,0.8298641693557973,0.1446588002788704,1.0716700402296002
T6S:Q46R:R59N:D95Q,0.7255860143823519,T6S:Q46R:R59N:D95Q,8,0.8196248722958017,0.6158496690711875,-0.3649882970214131,1.0633951089700426
T6S:Q46R:R59N:I91C:D95Q,0.4659348546300584,T6S:Q46R:R59N:I91C:D95Q,8,0.797660010125915,0.5434713827590214,-0.5373196248874216,1.0638088247836375
T6S:Q46R:R59N:R97D,0.909786013911806,T6S:Q46R:R59N:R97D,9,0.8950436751335205,0.7639263719515779,0.08136128914068586,1.0490844289898038
T6S:Q46R:R59N:R97D:V108Q,0.7842745728122152,T6S:Q46R:R59N:R97D:V108Q,9,0.8401275938899,0.6589015757136174,-0.23959934713415162,1.0600723260744576
T6S:Q46R:R59N:V106M:V108Q,0.6592099143132263,T6S:Q46R:R59N:V106M:V108Q,7,0.8650859398791448,0.7505395252615136,-0.03018367349617601,1.0830399103155903
T6S:Q46R:R97D,1.210864018803364,T6S:Q46R:R97D,9,1.0190080752942303,1.0544697717404183,0.8832609629595255,1.0285730311906578
T6S:Q46R:R97D:T112E,1.10179134275534,T6S:Q46R:R97D:T112E,8,1.0356900555192228,1.1487179513955135,1.0709906962453821,1.0586861253698712
T6S:Q46R:R97D:V106M:V108Q,1.067731999963653,T6S:Q46R:R97D:V106M:V108Q,7,1.003995559696088,1.12684332550298,0.9418179844352121,1.0595994922521808
T6S:Q46R:R97D:V108Q,1.0833594473368684,T6S:Q46R:R97D:V108Q,9,0.9640919940506099,0.9505902755173261,0.5639579105714407,1.0468766508881966
T6S:Q46R:T112E,1.0892672007585396,T6S:Q46R:T112E,8,1.0207448358629896,1.071474787228454,0.913215642581922,1.0368709851896942
T6S:Q46R:V106M,1.2699213965160083,T6S:Q46R:V106M,7,1.0439664212834752,1.0976888365965196,1.0226003578602736,1.0337202652045276
T6S:Q46R:V106M:T112E,1.1720928941230844,T6S:Q46R:V106M:T112E,8,1.0606484015084676,1.167711963206659,1.1752693585330531,1.064961198311833
T6S:Q46V:D60Q,1.1892823340615943,T6S:Q46V:D60Q,8,0.9229120670570109,0.9478056827028695,0.4332304462375672,0.9466514693861402
T6S:Q46V:D60Q:D95Q,0.980487169394587,T6S:Q46V:D60Q:D95Q,9,0.8624384838755255,0.8485645715578705,0.10354185304461241,0.9181427119662827
T6S:Q46V:D60Q:D95Q:R97D,1.011081574632695,T6S:Q46V:D60Q:D95Q:R97D,7,0.8773837035317587,0.978279839785251,0.33725937860650057,0.9029419102688272
T6S:Q46V:D60Q:D95Q:V106M,0.9357956663671708,T6S:Q46V:D60Q:D95Q:V106M,9,0.9023420495210035,0.9701553568610218,0.40228965241709896,0.8679694778444187
T6S:Q46V:D60Q:D95Q:V108Q,0.6813139452271003,T6S:Q46V:D60Q:D95Q:V108Q,7,0.807522402631905,0.7729376273725254,-0.1748714984708148,0.887843304005547
T6S:Q46V:D60Q:R97D:T112E,1.104542778550312,T6S:Q46V:D60Q:R97D:T112E,7,0.9545392669382368,1.1268173143593017,0.7896192878241102,0.9144937684909522
T6S:Q46V:D60Q:R97D:V106M,1.215697119831029,T6S:Q46V:D60Q:R97D:V106M,8,0.9777608523587222,1.1621821336487248,0.9122478419011266,0.8788984390674096
T6S:Q46V:D60Q:T112E,1.1307198969176058,T6S:Q46V:D60Q:T112E,9,0.9395940472820035,1.0232824789709152,0.5937925009846174,0.9301030207086675
T6S:Q46V:D60Q:V108Q,0.9847295845634364,T6S:Q46V:D60Q:V108Q,8,0.8679959858133905,0.8874897825306433,0.17697665074766558,0.9383133853039299
T6S:Q46V:D95Q:V106M:T112E,1.0831951155224473,T6S:Q46V:D95Q:V106M:T112E,9,0.8596070336437519,0.9318661572688355,0.21539213767116422,0.8935503748208142
T6S:Q46V:D95Q:V108Q,0.637736238535967,T6S:Q46V:D95Q:V108Q,8,0.7481054065296607,0.657095205352858,-0.5253362635450711,0.9247719701312435
T6S:Q46V:I91C:R97D:V108Q,0.6717782590001989,T6S:Q46V:I91C:R97D:V108Q,7,0.8015593471974929,0.7743603705071412,-0.19115877030050274,0.9063556675356648
T6S:Q46V:I91C:V106M:T112E,0.883657829572098,T6S:Q46V:I91C:V106M:T112E,8,0.8981157546553508,0.993115318204975,0.42251648228681765,0.9002201128063049
T6S:Q46V:I91C:V106M:V108Q,0.717297311455076,T6S:Q46V:I91C:V106M:V108Q,9,0.8265176931867377,0.8651766044526729,0.01706764067765399,0.9202365544311976
T6S:Q46V:I91C:V108Q:T112E,0.8543005950826762,T6S:Q46V:I91C:V108Q:T112E,8,0.8032961077662523,0.8355853660950422,-0.09720485420337714,0.9256539885296019
T6S:Q46V:R59N:D60Q:D95Q,0.4476674049656143,T6S:Q46V:R59N:D60Q:D95Q,7,0.7384740837148156,0.5383687983686438,-0.7268005493711317,1.0009156670028763
T6S:Q46V:R59N:D60Q:V108Q,0.5065717322119482,T6S:Q46V:R59N:D60Q:V108Q,8,0.7440315856526807,0.6018999074265747,-0.6177538249628038,1.006990608072302
T6S:Q46V:R59N:D95Q:R97D,0.4735807612963332,T6S:Q46V:R59N:D95Q:R97D,8,0.6940023072688046,0.4992755255229575,-0.9202052448749255,0.9798167428245899
T6S:Q46V:R59N:D95Q:T112E,0.5266537217687064,T6S:Q46V:R59N:D95Q:T112E,7,0.6957390678375639,0.49757958357198195,-0.9173163168593862,0.9740615441756488
T6S:Q46V:R59N:R97D:T112E,0.5839306481011259,T6S:Q46V:R59N:R97D:T112E,8,0.7711578706752827,0.6528437911943075,-0.46056431046544805,0.9796915234076445
T6S:Q46V:R59N:V108Q:T112E,0.5189094761221649,T6S:Q46V:R59N:V108Q:T112E,8,0.701296569775429,0.542378324066514,-0.8353808051362126,1.0021900857669561
T6S:Q46V:V106M,0.9775400560705334,T6S:Q46V:V106M,9,0.9033986366002448,0.9080297558532356,0.3156265261999126,0.9697065242435563
T6S:Q46V:V106M:T112E,0.9124547004515332,T6S:Q46V:V106M:T112E,8,0.9200806168252373,0.9680738422579201,0.45385293887384154,0.9564394996930498
T6S:Q46V:V106M:V108Q,0.8299323292961319,T6S:Q46V:V106M:V108Q,7,0.8484825553566243,0.8408554618539456,0.04944663016939958,0.9700784629012608
T6S:Q46V:V108Q,1.027223778776483,T6S:Q46V:V108Q,7,0.8085789897111463,0.7769478714726297,-0.16581672565328825,0.9899190380186745
T6S:R59N:D60Q:D95Q,1.13547959031587,T6S:R59N:D60Q:D95Q,8,0.8908030556676062,1.0771852197866436,0.5216913884461447,1.02606595315936
T6S:R59N:D60Q:D95Q:T112E,1.1057430185530022,T6S:R59N:D60Q:D95Q:T112E,7,0.9074850358925988,1.2391144438703663,0.8073753758375469,1.0234059453513733
T6S:R59N:D60Q:I91C:R97D,1.2591379161414014,T6S:R59N:D60Q:I91C:R97D,7,0.9442569963354384,1.2675097123818038,0.9616070833591388,0.996672230831782
T6S:R59N:D60Q:I91C:T112E,1.0970975921412205,T6S:R59N:D60Q:I91C:T112E,8,0.9459937569041976,1.2646880859698952,0.9628668169279941,0.9843249911957852
T6S:R59N:D60Q:I91C:V106M,1.16416652331478,T6S:R59N:D60Q:I91C:V106M,9,0.9692153423246832,1.2945028515617887,1.077462821052852,0.9893613751106889
T6S:R59N:D60Q:R97D:V108Q,1.0015405355192968,T6S:R59N:D60Q:R97D:V108Q,9,0.9113057772617045,1.216814438524134,0.7868559379810482,1.0252313622453733
T6S:R59N:D60Q:V108Q,1.0573887463966574,T6S:R59N:D60Q:V108Q,9,0.8963605576054712,1.1276645459331767,0.6118483680134084,1.0040351257205609
T6S:R59N:D95Q,1.0872437252980094,T6S:R59N:D95Q,7,0.8313860595653619,0.8965609206805154,0.07746831182199561,0.9868942555200582
T6S:R59N:I91C,1.199493124778935,T6S:R59N:I91C,8,0.8698947805769608,0.9144476512245221,0.2218345450473291,0.9550370482833673
T6S:R59N:I91C:D95Q:V108Q,0.8920096354194033,T6S:R59N:I91C:D95Q:V108Q,9,0.7545051161518549,0.8820783969744177,-0.18002998283943417,0.9828146891942924
T6S:R59N:I91C:T112E,1.1067529092672694,T6S:R59N:I91C:T112E,7,0.8865767608019534,1.0290159740290798,0.4389734649426292,0.9630539581256086
T6S:R59N:I91C:V106M,1.0968306047227443,T6S:R59N:I91C:V106M,8,0.9097983462224389,1.0579788066859177,0.552336473094895,0.9806512646801396
T6S:R59N:R97D:V106M,1.3150994959791462,T6S:R59N:R97D:V106M,8,0.9467084280485588,1.1713695243915672,0.8300063942462217,0.9976285581330873
T6S:R59N:R97D:V106M:V108Q,1.0525222151851612,T6S:R59N:R97D:V106M:V108Q,8,0.8917923468049384,1.1611118101796236,0.6462014255882846,1.0176477928458925
T6S:R59N:R97D:V108Q:T112E,1.0176007088340264,T6S:R59N:R97D:V108Q:T112E,9,0.8685707613844528,1.1450902515932806,0.5515682236831365,0.9991730801923733
T6S:R59N:V106M,1.2353425687444612,T6S:R59N:V106M,8,0.9317632083923255,1.019295705173727,0.5639295101129559,0.9950434057617332
T6S:R59N:V106M:V108Q:T112E,0.8324741658862956,T6S:R59N:V106M:V108Q:T112E,9,0.8935291073736976,1.1894985972149905,0.6926288554723035,1.0217620213045462
T6S:R97D:V106M:T112E,1.265766281646031,T6S:R97D:V106M:T112E,7,1.0873548084342612,1.4349404176369218,1.644194036245386,0.9969980543413677
T6S:R97D:V106M:V108Q:T112E,1.223703347895036,T6S:R97D:V106M:V108Q:T112E,7,1.0324387271906408,1.4590714647956744,1.5101596569469613,1.0146064337020584
T6S:V108Q:T112E,1.148779015500414,T6S:V108Q:T112E,7,0.9775899418889293,1.1264833186231624,0.8600553856266571,0.974292441416156
