candidate_id,mutant,mutation_count,scoreable,structural_exploration,exploration_rank,exploitation_raw,exploitation_rank,acquisition_score
F29S:S77N:S84N,F29S:S77N:S84N,3,True,0.10309770789882407,0.8440826549780839,9.580119270723118,0.8621231155778895,0.8531028852779867
F29S:I52S:S77N:R87T,F29S:I52S:S77N:R87T,4,True,0.10811161790364979,0.930181590482154,9.271710701092042,0.7732412060301508,0.8517113982561524
F29S:T76S:S84N,F29S:T76S:S84N,3,True,0.10381617361781197,0.8625547902316844,9.440446454662002,0.8219221105527639,0.8422384503922241
F29S:I52S:S77N,F29S:I52S:S77N,3,True,0.0986831842017839,0.730745147150908,9.87292601514465,0.9494346733668342,0.840089910258871
F29S:S30N:S77N,F29S:S30N:S77N,3,True,0.10811483305037327,0.9304946775203506,9.196420934383434,0.7471733668341709,0.8388340221772608
F29S:S84N:Y95F,F29S:S84N:Y95F,3,True,0.10764928792425939,0.9251721978710081,9.213578257904388,0.7518844221105527,0.8385283099907804
F29S:T71S:S84N,F29S:T71S:S84N,3,True,0.10579276356626226,0.8976205385097057,9.276317466899396,0.7770100502512562,0.8373152943804809
F29S:I52S:K74I:S77N,F29S:I52S:K74I:S77N,4,True,0.09806578645073649,0.706011271133375,9.900123760636047,0.9566582914572864,0.8313347812953307
F29S:I52S:R87T,F29S:I52S:R87T,3,True,0.09901057394138231,0.7395115842204133,9.735991026003578,0.9026381909547738,0.8210748875875935
F29S:S31N:S84N,F29S:S31N:S84N,3,True,0.10454574777993601,0.8778960551033187,9.233595048151184,0.7584798994974874,0.818187977300403
F29S:K74I:S77N,F29S:K74I:S77N,3,True,0.09769514471160239,0.6919223544145272,9.810189009958044,0.9274497487437185,0.8096860515791229
F29S:S75F:S77N:R87T,F29S:S75F:S77N:R87T,4,True,0.09682249788798991,0.6678146524733876,9.861392183892049,0.945037688442211,0.8064261704577993
F29S:I52S:K74I:R87T,F29S:I52S:K74I:R87T,4,True,0.09826222029449554,0.7116468378209142,9.72821195778069,0.9001256281407035,0.8058862329808089
F29S:K74I:T76S:S84N,F29S:K74I:T76S:S84N,4,True,0.09914464911533283,0.7457733249843457,9.553260672849296,0.8542713567839196,0.8000223408841327
F29S:K74I:S77N:S84N,F29S:K74I:S77N:S84N,4,True,0.10093887550599004,0.7971195992485911,9.359149787511795,0.7977386934673367,0.7974291463579639
F29S:I52S:S84N:R87T,F29S:I52S:S84N:R87T,4,True,0.1024608429829595,0.832498434564809,9.232228746525086,0.7581658291457286,0.7953321318552689
F29S:T76S:R87T,F29S:T76S:R87T,3,True,0.1032166360056146,0.8459611772072636,9.182508598211786,0.7399497487437185,0.7929554629754911
F29S:S31N:I52S:S77N,F29S:S31N:I52S:S77N,4,True,0.1050881315454143,0.8876017532874139,9.069225815337765,0.6909547738693468,0.7892782635783804
F29S:I52S:A58T:S77N,F29S:I52S:A58T:S77N,4,True,0.10411338091192068,0.86944270507201,9.097817780752562,0.7035175879396985,0.7864801465058543
F29S:S30N:S84N,F29S:S30N:S84N,3,True,0.10747316632707005,0.922041327489042,8.946509620800857,0.6451005025125628,0.7835709150008023
N59A:S77N:R87T,N59A:S77N:R87T,3,True,0.09985187537886413,0.7673763306199123,9.371052430100832,0.7993090452261307,0.7833426879230214
F29S:I52S:N59A,F29S:I52S:N59A,3,True,0.10293980491540683,0.8412648716343143,9.146056675817531,0.7251884422110553,0.7832266569226848
F29S:I52S:K74I:T76S,F29S:I52S:K74I:T76S,4,True,0.09447922057359993,0.5854727614276769,10.017906444969661,0.9795854271356784,0.7825290942816776
F29S:S30N:R87T,F29S:S30N:R87T,3,True,0.10723027307821931,0.9179711959924859,8.949838102171508,0.6469849246231156,0.7824780603078008
F29S:T57S:K74I:S77N,F29S:T57S:K74I:S77N,4,True,0.1051075124618485,0.8879148403256105,9.032885233939517,0.6739949748743719,0.7809549075999912
F29S:S77N:Y95F,F29S:S77N:Y95F,3,True,0.10887404300881211,0.9380087664370695,8.889558374771761,0.6215452261306532,0.7797769962838614
F29S:I52S:T76S:S84N,F29S:I52S:T76S:S84N,4,True,0.1013976879794701,0.8080776455854728,9.208763195349917,0.7496859296482412,0.778881787616857
F29S:S75F:T76S:S77N,F29S:S75F:T76S:S77N,4,True,0.0955153875042674,0.6192861615529117,9.836809621954176,0.9368718592964824,0.7780790104246971
F29S:S30N:I52S:R87T,F29S:S30N:I52S:R87T,4,True,0.10669103742119641,0.9095178459611772,8.943097085592994,0.6435301507537688,0.776523998357473
F29S:S30N:S75F:S77N,F29S:S30N:S75F:S77N,4,True,0.0957658450762616,0.6311834690043833,9.780110231918801,0.9180276381909548,0.774605553597669
F29S:T71S:S77N,F29S:T71S:S77N,3,True,0.10513015478389597,0.8885410144020037,8.976136565366904,0.6560929648241206,0.7723169896130622
F29S:T57S:R87T,F29S:T57S:R87T,3,True,0.10517057566029671,0.8888541014402004,8.953258019519886,0.6488693467336684,0.7688617240869344
F29S:I52S:T71S:S84N,F29S:I52S:T71S:S84N,4,True,0.10175776191312572,0.815278647463995,9.137873128933794,0.7217336683417085,0.7685061579028518
F29S:S30N:S75F:R87T,F29S:S30N:S75F:R87T,4,True,0.0951089901447431,0.606762680025047,9.806577823257548,0.9255653266331658,0.7661640033291064
F29S:I52S:A58T:S84N,F29S:I52S:A58T:S84N,4,True,0.10277897230277855,0.839073262366938,9.065752010462896,0.6893844221105527,0.7642288422387453
F29S:I52S:Y95F,F29S:I52S:Y95F,3,True,0.09808247525329877,0.7069505322479649,9.433618892640737,0.8187814070351759,0.7628659696415704
F29S:S30N:I52S:Y95F,F29S:S30N:I52S:Y95F,4,True,0.10313629697196591,0.8443957420162805,9.042080185261069,0.6796482412060302,0.7620219916111554
F29S:S30N:I52S:T76S,F29S:S30N:I52S:T76S,4,True,0.10436824083763803,0.8747651847213526,8.948506347131623,0.6466708542713567,0.7607180194963546
F29S:S31N:S75F:S77N,F29S:S31N:S75F:S77N,4,True,0.09585257551546388,0.6346274264245461,9.6711860987587,0.8831658291457286,0.7588966277851373
F29S:K74I:S77N:R87T,F29S:K74I:S77N:R87T,4,True,0.10684188746806791,0.9110832811521603,8.855507456757211,0.6061557788944724,0.7586195300233163
F29S:S30N:K74I:S77N,F29S:S30N:K74I:S77N,4,True,0.10404344264907713,0.8681903569192235,8.947874284444062,0.6463567839195979,0.7572735704194107
F29S:S77N:S84N:R87T,F29S:S77N:S84N:R87T,4,True,0.11026579322651756,0.9571070757670632,8.73220778656153,0.5555904522613065,0.7563487640141848
F29S:T71S:S75F:S84N,F29S:T71S:S75F:S84N,4,True,0.09333847226936262,0.5413274890419537,9.971451920274344,0.9707914572864321,0.756059473164193
S77N:S84N:R87T,S77N:S84N:R87T,3,True,0.09572526587714891,0.6299311208515967,9.665176846899687,0.8815954773869347,0.7557632991192658
F29S:I52S:T57S,F29S:I52S:T57S,3,True,0.09843150882577456,0.7191609267376331,9.330394783976232,0.7914572864321608,0.7553091065848969
F29S:K74I:R87T,F29S:K74I:R87T,3,True,0.09735551022725286,0.6834690043832186,9.440529017028158,0.8222361809045227,0.7528525926438706
I52S:K74I:S77N:R87T,I52S:K74I:S77N:R87T,4,True,0.09641421018494392,0.6534126487163432,9.532513801977622,0.847675879396985,0.7505442640566641
F29S:T71S:R87T,F29S:T71S:R87T,3,True,0.10050201573710442,0.7861615529117094,9.117039209194012,0.7132537688442211,0.7497076608779653
F29S:S30N:I52S:S84N,F29S:S30N:I52S:S84N,4,True,0.10408346352980939,0.8688165309956167,8.9062280831421,0.6293969849246231,0.7491067579601199
F29S:S75F:S84N:Y95F,F29S:S75F:S84N:Y95F,4,True,0.09445238688416091,0.5842204132748904,9.76900335522182,0.9139447236180904,0.7490825684464903
F29S:S31N:I52S,F29S:S31N:I52S,3,True,0.09607176062136465,0.6440200375704446,9.539939803252803,0.8514447236180904,0.7477323805942675
I52S:T76S:S77N:R87T,I52S:T76S:S77N:R87T,4,True,0.10031704552885239,0.7808390732623669,9.11302014063695,0.7119974874371859,0.7464182803497764
F29S:K74I:T76S:R87T,F29S:K74I:T76S:R87T,4,True,0.10115270707034574,0.8030682529743268,9.062730272397749,0.6881281407035176,0.7455981968389223
F29S:S30N:T57S,F29S:S30N:T57S,3,True,0.10480939503779423,0.8816530995616781,8.859359902086148,0.6070979899497487,0.7443755447557134
F29S:T71S:S75F:S77N,F29S:T71S:S75F:S77N,4,True,0.09410524032823711,0.569818409517846,9.77827692548519,0.917713567839196,0.7437659886785211
A58T:S77N:S84N,A58T:S77N:S84N,3,True,0.09789734168304402,0.700375704445836,9.298031639944362,0.7836055276381909,0.7419906160420134
F29S:T57S:S75F:S77N,F29S:T57S:S75F:S77N,4,True,0.0970147322578323,0.6725109580463369,9.405431188277468,0.8099874371859297,0.7412491976161333
F29S:T76S:S84N:Y95F,F29S:T76S:S84N:Y95F,4,True,0.10854759867781882,0.9355040701314965,8.712103895387525,0.5464824120603015,0.740993241095899
F29S:R87T:Y95F,F29S:R87T:Y95F,3,True,0.10621552200252109,0.9032561051972449,8.780350642204978,0.5750628140703518,0.7391594596337983
F29S:T57S:T76S,F29S:T57S:T76S,3,True,0.10362178560489581,0.8569192235441453,8.885874281351528,0.6184045226130653,0.7376618730786053
S77N:R87T:Y95F,S77N:R87T:Y95F,3,True,0.09664581580699849,0.6612398246712586,9.411110862083625,0.8109296482412061,0.7360847364562324
F29S:I52S:N59A:R87T,F29S:I52S:N59A:R87T,4,True,0.10787368080967774,0.9276768941765811,8.702503183917724,0.5423994974874372,0.7350381958320091
K74I:T76S:S77N:R87T,K74I:T76S:S77N:R87T,4,True,0.09721941729312814,0.6790857858484659,9.326940142629136,0.7908291457286433,0.7349574657885546
F29S:I52S:T57S:T76S,F29S:I52S:T57S:T76S,4,True,0.10214157153092791,0.8237319974953037,8.946694430414402,0.6454145728643216,0.7345732851798126
F29S:S31N:S75F:S84N,F29S:S31N:S75F:S84N,4,True,0.09284161184109967,0.5194113963681903,9.871164625252714,0.9491206030150754,0.7342659996916329
F29S:T71S:K74I:S84N,F29S:T71S:K74I:S84N,4,True,0.09948270225888813,0.756105197244834,9.108651667503214,0.7094849246231156,0.7327950609339748
T71S:S77N:S84N,T71S:S77N:S84N,3,True,0.09592407122523726,0.638697557921102,9.450468341096936,0.824748743718593,0.7317231508198475
F29S:N59A:S75F:S77N,F29S:N59A:S75F:S77N,4,True,0.10138901806143533,0.8077645585472761,8.970848665305407,0.6542085427135679,0.7309865506304221
S77N:S84N:Y95F,S77N:S84N:Y95F,3,True,0.09469200975018438,0.5958046336881653,9.591422806798395,0.8655778894472361,0.7306912615677007
N59A:S77N:S84N:R87T,N59A:S77N:S84N:R87T,4,True,0.10663646185554129,0.9088916718847839,8.720605424214016,0.5511934673366834,0.7300425696107337
F29S:N59A:K74I:S77N,F29S:N59A:K74I:S77N,4,True,0.10916366693792998,0.9436443331246086,8.634457031349163,0.5157035175879398,0.7296739253562742
T76S:S77N:S84N,T76S:S77N:S84N,3,True,0.09417706508742453,0.5732623669380088,9.673833928057212,0.8850502512562815,0.7291563090971451
F29S:N59A:K74I,F29S:N59A:K74I,3,True,0.09976984172140484,0.7642454602379462,9.07104531094727,0.6915829145728644,0.7279141874054053
F29S:I52S:A58T,F29S:I52S:A58T,3,True,0.09402707765620184,0.5685660613650595,9.678452501924049,0.8863065326633166,0.7274362970141881
F29S:S31N:I52S:K74I,F29S:S31N:I52S:K74I,4,True,0.09373800916648525,0.5582341891045711,9.708393928351912,0.8960427135678392,0.7271384513362051
F29S:T76S:Y95F,F29S:T76S:Y95F,3,True,0.102188138203426,0.8249843456480902,8.905365173448871,0.6287688442211056,0.7268765949345979
F29S:T71S:S77N:S84N,F29S:T71S:S77N:S84N,4,True,0.11038507643537057,0.9580463368816531,8.584948055179593,0.4956030150753769,0.726824675978515
F29S:I52S:K74I:Y95F,F29S:I52S:K74I:Y95F,4,True,0.09478432600881201,0.5995616781465247,9.543400180100992,0.8527010050251256,0.7261313415858252
F29S:S31N:K74I:S77N,F29S:S31N:K74I:S77N,4,True,0.10326118716705875,0.84815278647464,8.845896213210452,0.6023869346733668,0.7252698605740033
F29S:S30N:Y95F,F29S:S30N:Y95F,3,True,0.10401128583915287,0.8672510958046337,8.798026318183389,0.5813442211055276,0.7242976584550807
F29S:S75F:T76S:R87T,F29S:S75F:T76S:R87T,4,True,0.09296780004492727,0.5244207889793363,9.800890350926407,0.9236809045226131,0.7240508467509748
S30N:T76S:S77N:S84N,S30N:T76S:S77N:S84N,4,True,0.10057630523604896,0.7877269881026926,8.984409225343985,0.6595477386934674,0.7236373633980799
N59A:S84N:R87T,N59A:S84N:R87T,3,True,0.09654172705621794,0.6577958672510958,9.316833688391824,0.7883165829145728,0.7230562250828343
T71S:S77N:S84N:R87T,T71S:S77N:S84N:R87T,4,True,0.10144217073795588,0.8090169067000627,8.92774104881063,0.6369346733668342,0.7229757900334484
T57S:S77N:S84N,T57S:S77N:S84N,3,True,0.09524564331841628,0.6123982467125861,9.4867713552369,0.8326005025125628,0.7224993746125745
F29S:T71S:S84N:R87T,F29S:T71S:S84N:R87T,4,True,0.10804952552329035,0.9289292423293676,8.631248857377555,0.5150753768844221,0.7220023096068948
F29S:T71S:K74I:S77N,F29S:T71S:K74I:S77N,4,True,0.10145291751179968,0.8096430807764559,8.918536909480064,0.634108040201005,0.7218755604887304
F29S:I52S:T57S:S77N,F29S:I52S:T57S:S77N,4,True,0.10716211884252635,0.9167188478396995,8.663235908107929,0.5266959798994975,0.7217074138695985
F29S:S30N:K74I:R87T,F29S:S30N:K74I:R87T,4,True,0.10351270666578476,0.853788353162179,8.815474923271806,0.5891959798994975,0.7214921665308383
F29S:S75F:T76S:S84N,F29S:S75F:T76S:S84N,4,True,0.09228930823217756,0.4937382592360676,9.86964096111342,0.9484924623115578,0.7211153607738128
F29S:K74I:T76S,F29S:K74I:T76S,3,True,0.09314498170825532,0.5306825297432687,9.752646932576035,0.9092336683417085,0.7199580990424885
F29S:S75F:S77N:Y95F,F29S:S75F:S77N:Y95F,4,True,0.0963515732631868,0.65184721352536,9.311511898520068,0.7870603015075377,0.7194537575164488
T76S:S77N:S84N:Y95F,T76S:S77N:S84N:Y95F,4,True,0.09896464431281202,0.7379461490294302,9.08914377704874,0.7000628140703518,0.719004481549891
F29S:T71S:S77N:R87T,F29S:T71S:S77N:R87T,4,True,0.11008700677142702,0.9552285535378835,8.55010636019832,0.4824120603015075,0.7188203069196955
F29S:I52S:T57S:S84N,F29S:I52S:T57S:S84N,4,True,0.103412531164457,0.8512836568566061,8.798295436260053,0.5816582914572864,0.7164709741569463
F29S:S31N:I52S:T76S,F29S:S31N:I52S:T76S,4,True,0.09960873235687975,0.7595491546649968,9.022781994812423,0.6724246231155779,0.7159868888902874
F29S:T76S:S77N:S84N,F29S:T76S:S77N:S84N,4,True,0.10971792605731563,0.9517845961177207,8.538863426065914,0.4783291457286432,0.7150568709231819
F29S:I52S:T71S:T76S,F29S:I52S:T71S:T76S,4,True,0.09849053913217695,0.7226048841577959,9.101291621619156,0.7050879396984925,0.7138464119281442
F29S:I52S:T57S:K74I,F29S:I52S:T57S:K74I,4,True,0.09523711179854494,0.6114589855979963,9.424529523564795,0.8159547738693468,0.7137068797336715
F29S:S77N:R87T:Y95F,F29S:S77N:R87T:Y95F,4,True,0.11363938963020763,0.9834063869755792,8.46378993729486,0.4437814070351759,0.7135938970053776
F29S:T57S:K74I:S84N,F29S:T57S:K74I:S84N,4,True,0.10134323956777655,0.8061991233562931,8.886771753483028,0.6190326633165829,0.7126158933364379
S30N:I52S:S77N:R87T,S30N:I52S:S77N:R87T,4,True,0.1010061799294828,0.7989981214777708,8.894836730646478,0.6243718592964824,0.7116849903871266
F29S:I52S:T71S:R87T,F29S:I52S:T71S:R87T,4,True,0.10133662305632851,0.8058860363180964,8.883701070064426,0.6168341708542714,0.7113601035861838
F29S:T57S:S75F:R87T,F29S:T57S:S75F:R87T,4,True,0.09365380810637665,0.5557294927989981,9.587277206651013,0.8649497487437185,0.7103396207713584
F29S:T57S:T76S:S84N,F29S:T57S:T76S:S84N,4,True,0.10928000707262724,0.945835942391985,8.5275295376121,0.4729899497487437,0.7094129460703643
F29S:K74I:S77N:Y95F,F29S:K74I:S77N:Y95F,4,True,0.10385142202148075,0.8638071383844709,8.731033956011142,0.554962311557789,0.7093847249711299
F29S:K74I:S84N:Y95F,F29S:K74I:S84N:Y95F,4,True,0.1007487884484178,0.7921102066374452,8.8993959285183,0.6265703517587939,0.7093402791981196
F29S:S75F:R87T:Y95F,F29S:S75F:R87T:Y95F,4,True,0.09463034171118608,0.5917345021916093,9.457436498990836,0.8266331658291457,0.7091838340103775
F29S:I52S:T71S:S77N,F29S:I52S:T71S:S77N,4,True,0.10371329195003468,0.8600500939261114,8.73658067732839,0.5577889447236181,0.7089195193248647
I52S:A58T:S77N:R87T,I52S:A58T:S77N:R87T,4,True,0.09851320507607624,0.7235441452723858,9.066587480342626,0.6896984924623115,0.7066213188673487
F29S:I52S:A58T:R87T,F29S:I52S:A58T:R87T,4,True,0.10359264945889321,0.8559799624295554,8.724684386178325,0.5524497487437185,0.704214855586637
I52S:T76S:S77N:S84N,I52S:T76S:S77N:S84N,4,True,0.09589091506834185,0.6365059486537258,9.26622876806758,0.7713567839195979,0.7039313662866619
K74I:S77N:S84N:R87T,K74I:S77N:S84N:R87T,4,True,0.0963330424468683,0.6515341264871635,9.223688880612187,0.7562814070351759,0.7039077667611697
S30N:S77N:S84N:R87T,S30N:S77N:S84N:R87T,4,True,0.10227032839459627,0.8271759549154665,8.791513662459426,0.5797738693467337,0.7034749121311001
F29S:T71S:K74I:T76S,F29S:T71S:K74I:T76S,4,True,0.09486132694702035,0.6017532874139011,9.378536542712787,0.801821608040201,0.701787447727051
F29S:S30N:S75F:T76S:S77N,F29S:S30N:S75F:T76S:S77N,5,True,0.10073860313199554,0.7914840325610519,8.861449904940942,0.6080402010050251,0.6997621167830386
F29S:S31N:I52S:K74I:S77N,F29S:S31N:I52S:K74I:S77N,5,True,0.10220657706059827,0.8256105197244834,8.762490237341147,0.5703517587939698,0.6979811392592266
F29S:T57S:K74I:R87T,F29S:T57S:K74I:R87T,4,True,0.10187270725861894,0.8190356919223544,8.783569338074246,0.5763190954773869,0.6976773936998706
S77N:S84N:Y106S,S77N:S84N:Y106S,3,True,0.09331122579721163,0.5397620538509705,9.556332784227147,0.855213567839196,0.6974878108450833
F29S:T71S:S75F:S77N:R87T,F29S:T71S:S75F:S77N:R87T,5,True,0.09975114635794272,0.7633061991233563,8.907838512183313,0.6300251256281407,0.6966656623757486
F29S:S30N:I52S:S75F,F29S:S30N:I52S:S75F,4,True,0.0899945063412955,0.4007514088916719,10.161874939431007,0.9915201005025126,0.6961357546970922
F29S:S31N:K74I,F29S:S31N:K74I,3,True,0.09348800700261235,0.5472761427676894,9.518319113156766,0.8432788944723618,0.6952775186200256
F29S:I52S:S77N:Y95F,F29S:I52S:S77N:Y95F,4,True,0.10641883942410538,0.906386975579211,8.555345729947222,0.48335427135678394,0.6948706234679974
F29S:S30N:K74I:T76S,F29S:S30N:K74I:T76S,4,True,0.10022128686967355,0.778334376956794,8.87003848334544,0.6108668341708543,0.6946006055638241
S30N:S77N:S84N:Y95F,S30N:S77N:S84N:Y95F,4,True,0.09865249348203715,0.7294927989981215,8.975842433719626,0.6557788944723618,0.6926358467352416
F29S:S30N:S31N:S75F,F29S:S30N:S31N:S75F,4,True,0.09235457887463766,0.49530369442705074,9.684722342401303,0.8888190954773869,0.6920613949522189
F29S:S30N:S31N:S84N,F29S:S30N:S31N:S84N,4,True,0.1085371455007429,0.9351909830933,8.473502543499839,0.4484924623115578,0.6918417227024289
F29S:I52S:T71S:K74I,F29S:I52S:T71S:K74I,4,True,0.09205088605954054,0.4849718221665623,9.717599064072493,0.8976130653266332,0.6912924437465977
F29S:S30N:S75F:T76S,F29S:S30N:S75F:T76S,4,True,0.09377817185151754,0.5604257983719474,9.438736261831165,0.821608040201005,0.6910169192864761
K74I:S77N:R87T:Y95F,K74I:S77N:R87T:Y95F,4,True,0.09633211785427594,0.6512210394489668,9.162542069877304,0.7305276381909548,0.6908743388199607
S77N:S84N:R87T:Y95F,S77N:S84N:R87T:Y95F,4,True,0.10200898377675507,0.821853475266124,8.738177100975516,0.5596733668341709,0.6907634210501474
F29S:T71S:T76S,F29S:T71S:T76S,3,True,0.09785301354601361,0.6981840951784596,9.048084549809577,0.6824748743718593,0.6903294847751594
F29S:N59A:S75F:S84N,F29S:N59A:S75F:S84N,4,True,0.10018457417801108,0.7770820288040076,8.84736994790054,0.6033291457286433,0.6902055872663254
S30N:K74I:S77N:R87T,S30N:K74I:S77N:R87T,4,True,0.09736878912085031,0.6844082654978084,9.078113272662018,0.6953517587939698,0.6898800121458891
F29S:S31N:K74I:R87T,F29S:S31N:K74I:R87T,4,True,0.10061656183466883,0.7886662492172825,8.819268605817348,0.5910804020100503,0.6898733256136664
F29S:T57S:S75F:S77N:R87T,F29S:T57S:S75F:S77N:R87T,5,True,0.10182428537721383,0.8171571696931748,8.742184907744623,0.5612437185929648,0.6892004441430698
S30N:S84N:R87T,S30N:S84N:R87T,3,True,0.0934093927927902,0.5438321853475266,9.493805190831294,0.8341708542713567,0.6890015198094417
N59A:K74I:S77N:R87T,N59A:K74I:S77N:R87T,4,True,0.09837505550081523,0.7163431433938635,8.983759453795614,0.6586055276381909,0.6874743355160272
F29S:I52S:R87T:Y95F,F29S:I52S:R87T:Y95F,4,True,0.10522394135469948,0.8894802755165936,8.559589946610526,0.48523869346733667,0.6873594844919652
F29S:T76S:S77N:R87T,F29S:T76S:S77N:R87T,4,True,0.11223458252354838,0.9755792110206637,8.373666651827989,0.39729899497487436,0.686439102997769
F29S:S30N:K74I:Y95F,F29S:S30N:K74I:Y95F,4,True,0.09866027924951147,0.7298058860363181,8.938873684205573,0.6419597989949749,0.6858828425156465
K74I:S77N:S84N:Y95F,K74I:S77N:S84N:Y95F,4,True,0.09279205369785616,0.5156543519098309,9.55789863703332,0.8558417085427136,0.6857480302262722
I52S:T57S:S77N:R87T,I52S:T57S:S77N:R87T,4,True,0.09884349133128403,0.7332498434564809,8.924868132007349,0.635678391959799,0.68446411770814
F29S:A58T:R87T,F29S:A58T:R87T,3,True,0.10697908683716036,0.9132748904195366,8.4831817593517,0.45540201005025127,0.6843384502348939
F29S:I52S:N59A:K74I,F29S:I52S:N59A:K74I,4,True,0.09781802570949676,0.6975579211020664,9.017165256822162,0.6695979899497487,0.6835779555259076
A58T:K74I:S77N:S84N,A58T:K74I:S77N:S84N,4,True,0.09517687156904535,0.6092673763306199,9.231461811983104,0.757537688442211,0.6834025323864155
F29S:S30N:S31N:I52S:K74I,F29S:S30N:S31N:I52S:K74I,5,True,0.09855420516046062,0.7251095804633688,8.93795934842143,0.6413316582914573,0.6832206193774131
F29S:S31N:T57S:S75F,F29S:S31N:T57S:S75F,4,True,0.09125449219962954,0.45272385723231057,9.768810235147544,0.9136306532663316,0.6831772552493212
F29S:S30N:I52S:A58T,F29S:S30N:I52S:A58T,4,True,0.10084762355889842,0.7943018159048215,8.765550170186897,0.5719221105527639,0.6831119632287928
F29S:T71S:S75F:T76S:S77N,F29S:T71S:S75F:T76S:S77N,5,True,0.09802081275192377,0.704445835942392,8.985833653306678,0.6604899497487438,0.6824678928455679
S31N:I52S:S77N:R87T,S31N:I52S:S77N:R87T,4,True,0.09775899063865268,0.69536631183469,9.01522239159311,0.6689698492462312,0.6821680805404606
T57S:S77N:S84N:R87T,T57S:S77N:S84N:R87T,4,True,0.1012353305931748,0.80463368816531,8.737333457824539,0.5584170854271356,0.6815253867962228
F29S:K74I:R87T:Y95F,F29S:K74I:R87T:Y95F,4,True,0.10225630941770611,0.8259236067626801,8.684525568010633,0.5345477386934674,0.6802356727280737
I52S:T57S:S77N:S84N,I52S:T57S:S77N:S84N,4,True,0.09589595113494401,0.637132122730119,9.141394396982909,0.722675879396985,0.679904001063552
F29S:T71S:S75F:R87T,F29S:T71S:S75F:R87T,4,True,0.09120223795193606,0.44990607388854104,9.754571174884655,0.9098618090452262,0.6798839414668836
F29S:A58T:K74I,F29S:A58T:K74I,3,True,0.09446095151043989,0.5848465873512837,9.273475513368178,0.7744974874371859,0.6796720373942349
F29S:N59A:S75F:R87T,F29S:N59A:S75F:R87T,4,True,0.0973940283270828,0.6859737006887915,9.028299284134842,0.6733668341708543,0.679670267429823
F29S:T76S:S84N:R87T,F29S:T76S:S84N:R87T,4,True,0.10773779006219635,0.9264245460237946,8.441304780647839,0.4315326633165829,0.6789786046701888
S77N:S84N:R87T:Y106S,S77N:S84N:R87T:Y106S,4,True,0.10014390885683984,0.775829680651221,8.798614501844197,0.5819723618090452,0.6789010212301332
I52S:A58T:S77N:S84N,I52S:A58T:S77N:S84N,4,True,0.09566698473283013,0.6268002504696305,9.158468007194926,0.7289572864321608,0.6778787684508957
F29S:S31N:I52S:K74I:R87T,F29S:S31N:I52S:K74I:R87T,5,True,0.10071030319525084,0.7905447714464621,8.746291353546678,0.5628140703517588,0.6766794208991105
F29S:I52S:A58T:K74I:S77N,F29S:I52S:A58T:K74I:S77N,5,True,0.10175774782136232,0.8149655604257984,8.691896872796663,0.5383165829145728,0.6766410716701856
F29S:S30N:S31N:K74I,F29S:S30N:S31N:K74I,4,True,0.09814751746719617,0.7078897933625548,8.944099869014515,0.6444723618090452,0.6761810775857999
F29S:I52S:T57S:K74I:T76S,F29S:I52S:T57S:K74I:T76S,5,True,0.0988141689758499,0.7326236693800877,8.88405028560214,0.6180904522613065,0.6753570608206971
F29S:S31N:R87T,F29S:S31N:R87T,3,True,0.10321575613606943,0.845648090169067,8.605795931660975,0.5050251256281407,0.6753366078986038
F29S:S31N:I52S:T57S,F29S:S31N:I52S:T57S,4,True,0.09987464828120904,0.7689417658108955,8.797626696525647,0.5810301507537688,0.6749859582823321
S30N:I52S:K74I:S77N,S30N:I52S:K74I:S77N,4,True,0.09113113916319877,0.4464621164683782,9.736965051692744,0.9032663316582915,0.6748642240633349
S77N:R87T:Y106S,S77N:R87T:Y106S,3,True,0.09509130494310529,0.6064495929868503,9.181566875570663,0.7396356783919598,0.673042635689405
S77N:S84N:Y95F:Y106S,S77N:S84N:Y95F:Y106S,4,True,0.0981969080748051,0.7100814026299311,8.925850762164607,0.6359924623115578,0.6730369324707445
A58T:S77N:S84N:R87T,A58T:S77N:S84N:R87T,4,True,0.10473412959892273,0.8800876643706951,8.508158442573816,0.46576633165829145,0.6729269980144933
F29S:S30N:S31N:S75F:S77N,F29S:S30N:S31N:S75F:S77N,5,True,0.09944367208673213,0.7551659361302442,8.8168574724672,0.5901381909547738,0.6726520635425091
N59A:K74I:S77N:S84N,N59A:K74I:S77N:S84N,4,True,0.09780349202234886,0.6969317470256732,8.950265957916614,0.6472989949748744,0.6721153710002739
F29S:I52S:T57S:S75F,F29S:I52S:T57S:S75F,4,True,0.08910421038833022,0.37006887914840325,9.987149593125096,0.9736180904522613,0.6718434848003323
S30N:K74I:S77N:S84N,S30N:K74I:S77N:S84N,4,True,0.09311420136069798,0.5294301815904822,9.418644881290618,0.8140703517587939,0.671750266674638
S31N:S77N:S84N,S31N:S77N:S84N,3,True,0.09222247194164244,0.4918597370068879,9.537762447241143,0.8498743718592965,0.6708670544330921
F29S:S30N:I52S:S75F:Y95F,F29S:S30N:I52S:S75F:Y95F,5,True,0.09434135780598828,0.580463368816531,9.237078244681133,0.7600502512562815,0.6702568100364062
F29S:T57S:S75F:T76S,F29S:T57S:S75F:T76S,4,True,0.09245982975397182,0.49906073888541014,9.510867387333096,0.8407663316582915,0.6699135352718508
F29S:S30N:N59A:S75F,F29S:S30N:N59A:S75F,4,True,0.09671976709990596,0.6643706950532248,9.028205494443085,0.6730527638190955,0.6687117294361602
F29S:I52S:S75F:Y95F,F29S:I52S:S75F:Y95F,4,True,0.08924435604431954,0.376017532874139,9.90765132060666,0.9588567839195979,0.6674371583968685
F29S:N59A:T71S:S75F,F29S:N59A:T71S:S75F,4,True,0.09326944994906354,0.5366311834690044,9.357189402721458,0.7974246231155779,0.6670279032922912
F29S:T57S:S84N:Y95F,F29S:T57S:S84N:Y95F,4,True,0.11058860724680149,0.960551033187226,8.312786602478775,0.37248743718592964,0.6665192351865779
S30N:N59A:S84N:R87T,S30N:N59A:S84N:R87T,4,True,0.1003506871644434,0.7820914214151534,8.718942018825775,0.5499371859296482,0.6660143036724009
I52S:N59A:S77N,I52S:N59A:S77N,3,True,0.09331556955366005,0.5403882279273639,9.316342994461262,0.7880025125628141,0.6641953702450889
S30N:N59A:S77N:S84N,S30N:N59A:S77N:S84N,4,True,0.1044599484945787,0.8763306199123356,8.475289717441452,0.4494346733668342,0.662882646639585
F29S:I52S:K74I:T76S:Y95F,F29S:I52S:K74I:T76S:Y95F,5,True,0.09825809650156324,0.7113337507827175,8.87968543812522,0.6140075376884422,0.6626706442355799
F29S:N59A:S84N,F29S:N59A:S84N,3,True,0.11746209710531103,0.9974953036944271,8.219141906832448,0.32694723618090454,0.6622212699376658
F29S:S30N:S77N:R87T,F29S:S30N:S77N:R87T,4,True,0.11377060721280338,0.9843456480901691,8.246271710234481,0.3398241206030151,0.6620848843465921
S31N:T76S:S77N:S84N,S31N:T76S:S77N:S84N,4,True,0.09674725429798169,0.6653099561678146,8.983480384303995,0.6582914572864321,0.6618007067271234
S31N:S77N:R87T,S31N:S77N:R87T,3,True,0.09428005227632826,0.577958672510958,9.192945204994944,0.7449748743718593,0.6614667734414086
F29S:S30N:T57S:K74I,F29S:S30N:T57S:K74I,4,True,0.09938251041494373,0.7536005009392611,8.76051210993763,0.5687814070351759,0.6611909539872185
F29S:S30N:I52S:T71S,F29S:S30N:I52S:T71S,4,True,0.10024080179804158,0.7792736380713838,8.703033689011068,0.542713567839196,0.6609936029552899
S31N:I52S:S77N:S84N,S31N:I52S:S77N:S84N,4,True,0.09377113259714369,0.5594865372573575,9.23802145636238,0.7609924623115578,0.6602394997844576
F29S:S30N:T57S:S75F:S77N,F29S:S30N:T57S:S75F:S77N,5,True,0.10024964726659367,0.7795867251095805,8.695026959460572,0.5392587939698492,0.6594227595397149
F29S:S31N:S75F:S77N:R87T,F29S:S31N:S75F:S77N:R87T,5,True,0.10100420854655057,0.7986850344395742,8.644041167989936,0.5201005025125628,0.6593927684760685
T76S:S77N:S84N:Y106S,T76S:S77N:S84N:Y106S,4,True,0.09798502039760618,0.7031934877896056,8.881253003825979,0.6155778894472361,0.6593856886184208
F29S:S31N:S75F:R87T,F29S:S31N:S75F:R87T,4,True,0.09308183123484784,0.5284909204758923,9.322367866278134,0.789572864321608,0.6590318923987502
S30N:I52S:T76S:S77N,S30N:I52S:T76S:S77N,4,True,0.09756093526608206,0.6897307451471509,8.904267964423553,0.628140703517588,0.6589357243323695
F29S:N59A:T71S,F29S:N59A:T71S,3,True,0.10487568984203387,0.8835316217908579,8.442220710775091,0.43278894472361806,0.658160283257238
I52S:N59A:S77N:S84N,I52S:N59A:S77N:S84N,4,True,0.10045590741507768,0.7852222917971196,8.674153356860376,0.530464824120603,0.6578435579588613
F29S:S31N:T57S:K74I,F29S:S31N:T57S:K74I,4,True,0.09686261342338873,0.6693800876643707,8.944428074653338,0.644786432160804,0.6570832599125873
F29S:A58T:Y95F,F29S:A58T:Y95F,3,True,0.10233672477906076,0.8290544771446462,8.548477274523115,0.48178391959798994,0.655419198371318
K74I:S77N:R87T:Y106S,K74I:S77N:R87T:Y106S,4,True,0.0959526658864421,0.6402629931120851,9.01750090548393,0.6705402010050251,0.6554015970585552
F29S:S30N:S75F:Y95F,F29S:S30N:S75F:Y95F,4,True,0.09277610355025387,0.5150281778334377,9.34908117105805,0.7949120603015075,0.6549701190674726
F29S:T57S:S75F,F29S:T57S:S75F,3,True,0.0877938465231299,0.3306199123356293,10.01773670266203,0.9792713567839196,0.6549456345597745
T71S:S84N:R87T,T71S:S84N:R87T,3,True,0.09144020675956856,0.4596117720726362,9.539039927641753,0.8501884422110553,0.6549001071418458
F29S:S75F:S77N,F29S:S75F:S77N,3,True,0.08701985531852101,0.30964308077645586,10.32298359947385,0.9990577889447236,0.6543504348605897
F29S:S30N:S75F,F29S:S30N:S75F,3,True,0.08739818845010984,0.3174702567313713,10.143577113528115,0.9896356783919598,0.6535529675616656
F29S:T71S:S75F:T76S:R87T,F29S:T71S:S75F:T76S:R87T,5,True,0.09460701928738689,0.5895428929242329,9.128121168403027,0.7167085427135679,0.6531257178189004
F29S:T57S:N59A:S75F,F29S:T57S:N59A:S75F,4,True,0.09608932937698297,0.6446462116468378,8.990074037538001,0.6614321608040201,0.653039186225429
F29S:T57S:S75F:T76S:R87T,F29S:T57S:S75F:T76S:R87T,5,True,0.09681496197749756,0.6668753913587977,8.932285198464847,0.6391331658291457,0.6530042785939717
F29S:S30N:T57S:S75F:R87T,F29S:S30N:T57S:S75F:R87T,5,True,0.09779106097050144,0.6959924859110833,8.868747307015559,0.6099246231155779,0.6529585545133306
F29S:S30N:S84N:R87T,F29S:S30N:S84N:R87T,4,True,0.11095056066126503,0.9639949906073888,8.250677016313585,0.3417085427135678,0.6528517666604783
F29S:N59A:S77N:R87T,F29S:N59A:S77N:R87T,4,True,0.11856767430095039,0.9987476518472135,8.179123090903781,0.30590452261306533,0.6523260872301394
F29S:T57S:S75F:T76S:S84N,F29S:T57S:S75F:T76S:S84N,5,True,0.09802741092745394,0.7050720100187852,8.837604179564751,0.5992462311557789,0.6521591205872821
T57S:S77N:S84N:Y106S,T57S:S77N:S84N:Y106S,4,True,0.0981673753916263,0.7082028804007514,8.828786591425022,0.5954773869346733,0.6518401336677124
S31N:I52S:K74I:S77N:R87T,S31N:I52S:K74I:S77N:R87T,5,True,0.09719890455867944,0.678146524733876,8.896652164365344,0.6253140703517588,0.6517302975428174
F29S:T57S:T71S:S75F,F29S:T57S:T71S:S75F,4,True,0.08999434586548509,0.4004383218534753,9.736548507310474,0.9029522613065326,0.6516952915800039
S30N:S77N:S84N:Y106S,S30N:S77N:S84N:Y106S,4,True,0.09855914188723888,0.7254226675015655,8.785279000557402,0.5769472361809045,0.6511849518412349
I52S:T71S:S84N:R87T,I52S:T71S:S84N:R87T,4,True,0.09382313457058247,0.5613650594865373,9.185324553514441,0.740891959798995,0.6511285096427661
A58T:K74I:S77N:R87T,A58T:K74I:S77N:R87T,4,True,0.09763756259392528,0.6906700062617408,8.870693529152943,0.6114949748743719,0.6510824905680563
F29S:I52S:T57S:T71S,F29S:I52S:T57S:T71S,4,True,0.0989869975389117,0.7385723231058234,8.747785603471195,0.5631281407035176,0.6508502319046705
N59A:S75F:S77N:R87T,N59A:S75F:S77N:R87T,4,True,0.08914187812668847,0.3716343143393864,9.810040547068898,0.9265075376884422,0.6490709260139143
N59A:S75F:S77N:S84N,N59A:S75F:S77N:S84N,4,True,0.08989988079048529,0.3979336255479023,9.725101993076636,0.8994974874371859,0.6487155564925441
F29S:K74I:T76S:S77N:S84N,F29S:K74I:T76S:S77N:S84N,5,True,0.1057997681691853,0.8979336255479023,8.375271306056636,0.39886934673366836,0.6484014861407854
F29S:I52S:K74I:R87T:Y95F,F29S:I52S:K74I:R87T:Y95F,5,True,0.10219037564223261,0.8252974326862867,8.522205289343676,0.47141959798994976,0.6483585153381183
F29S:S75F:Y95F,F29S:S75F:Y95F,3,True,0.08757834699027989,0.32404508453350034,9.980789065554175,0.9723618090452262,0.6482034467893633
F29S:S30N:S31N:S75F:R87T,F29S:S30N:S31N:S75F:R87T,5,True,0.09737853903786634,0.6850344395742016,8.869431391201152,0.6105527638190955,0.6477936016966486
F29S:S30N:T57S:S75F:S84N,F29S:S30N:T57S:S75F:S84N,5,True,0.09886085217511918,0.7341891045710708,8.741553091198524,0.5609296482412061,0.6475593764061385
S30N:S75F:S77N:R87T,S30N:S75F:S77N:R87T,4,True,0.08763266305040267,0.32686286787726987,9.960150332894703,0.967964824120603,0.6474138459989365
F29S:I52S:N59A:S77N,F29S:I52S:N59A:S77N,4,True,0.11134233706143537,0.9668127739511584,8.220821158331194,0.3275753768844221,0.6471940754177903
F29S:S31N:T71S:S84N,F29S:S31N:T71S:S84N,4,True,0.10675016821611161,0.9098309329993738,8.341559368211001,0.38347989949748745,0.6466554162484306
S30N:S84N:R87T:Y106S,S30N:S84N:R87T:Y106S,4,True,0.09568703419132377,0.628052598622417,9.000603052097045,0.6652010050251256,0.6466268018237713
S30N:I52S:S77N,S30N:I52S:S77N,3,True,0.09121853258303825,0.45084533500313084,9.516362967869313,0.8423366834170855,0.6465910092101081
F29S:S30N:I52S:T71S:K74I,F29S:S30N:I52S:T71S:K74I,5,True,0.09725117590785724,0.6797119599248591,8.8768213270519,0.6130653266331658,0.6463886432790125
N59A:T71S:S84N,N59A:T71S:S84N,3,True,0.0943949977071955,0.5826549780839073,9.108701058397164,0.7101130653266332,0.6463840217052703
S31N:K74I:T76S:S77N:R87T,S31N:K74I:T76S:S77N:R87T,5,True,0.0969129621746378,0.6703193487789606,8.889889601335721,0.621859296482412,0.6460893226306863
S30N:I52S:K74I:T76S:S77N,S30N:I52S:K74I:T76S:S77N,5,True,0.09590828687281644,0.6380713838447089,8.963334052681262,0.6526381909547738,0.6453547873997414
F29S:I52S:A58T:S75F,F29S:I52S:A58T:S75F,4,True,0.08650873452395358,0.29649342517219784,10.196330739342772,0.9940326633165829,0.6452630442443904
F29S:S31N:A58T,F29S:S31N:A58T,3,True,0.10074636161710178,0.7917971195992486,8.588568867789428,0.4981155778894472,0.6449563487443479
F29S:N59A:K74I:S75F,F29S:N59A:K74I:S75F,4,True,0.08959018691010662,0.3879148403256105,9.731338864135322,0.9010678391959799,0.6444913397607952
F29S:S30N:K74I:S75F,F29S:S30N:K74I:S75F,4,True,0.08698199152706104,0.30807764558547274,10.029131908243151,0.9808417085427136,0.6444596770640931
F29S:S31N:T71S,F29S:S31N:T71S,3,True,0.09801833538836197,0.7041327489041954,8.805592056798837,0.5844849246231156,0.6443088367636556
F29S:I52S:T57S:A58T,F29S:I52S:T57S:A58T,4,True,0.09893020208923106,0.7373199749530369,8.719466822979248,0.5505653266331658,0.6439426507931014
K74I:T76S:S77N:Y95F,K74I:T76S:S77N:Y95F,4,True,0.09056793367292668,0.4245460237946149,9.579580007750174,0.8614949748743719,0.6430204993344935
F29S:S31N:T71S:S75F:S77N,F29S:S31N:T71S:S75F:S77N,5,True,0.09781744516928474,0.6972448340638697,8.813451966275572,0.5882537688442211,0.6427493014540454
F29S:S31N:T57S:S84N,F29S:S31N:T57S:S84N,4,True,0.10765642241334765,0.9254852849092048,8.28574499352908,0.3599246231155779,0.6427049540123914
F29S:A58T:S75F:S77N:R87T,F29S:A58T:S75F:S77N:R87T,5,True,0.10230842558696258,0.8287413901064495,8.485141882238464,0.4566582914572864,0.642699840781868
F29S:S31N:T57S:S75F:S77N,F29S:S31N:T57S:S75F:S77N,5,True,0.0993846091952325,0.7539135879774578,8.675820601357787,0.5314070351758794,0.6426603115766686
T57S:S77N:S84N:Y95F,T57S:S77N:S84N:Y95F,4,True,0.09899584576340995,0.73888541014402,8.711974096916393,0.5461683417085427,0.6425268759262813
F29S:S77N:S84N:Y95F,F29S:S77N:S84N:Y95F,4,True,0.11162327014969942,0.969630557294928,8.20247600490529,0.31532663316582915,0.6424785952303785
F29S:S31N:S75F,F29S:S31N:S75F,3,True,0.08695381590995933,0.30745147150907953,9.997988045546293,0.9764447236180904,0.641948097563585
I52S:T57S:K74I:S77N:R87T,I52S:T57S:K74I:S77N:R87T,5,True,0.09797740749337616,0.7028804007514089,8.794465089148733,0.5807160804020101,0.6417982405767095
K74I:S77N:S84N:Y106S,K74I:S77N:S84N:Y106S,4,True,0.09251683787657461,0.5050093926111459,9.28067820417528,0.7785804020100503,0.641794897310598
F29S:T71S:T76S:R87T,F29S:T71S:T76S:R87T,4,True,0.10276163943298369,0.8384470882905448,8.466366987159903,0.44503768844221103,0.641742388366378
S30N:K74I:T76S:S77N:R87T,S30N:K74I:T76S:S77N:R87T,5,True,0.10022545860190629,0.7786474639949906,8.605399046449024,0.5040829145728644,0.6413651892839275
F29S:S75F:T76S:S77N:Y95F,F29S:S75F:T76S:S77N:Y95F,5,True,0.09983771534790913,0.7670632435817157,8.631012297578845,0.5147613065326633,0.6409122750571895
F29S:A58T:S75F:S77N:S84N,F29S:A58T:S75F:S77N:S84N,5,True,0.10099178510093826,0.7977457733249843,8.556951365396829,0.4839824120603015,0.6408640926926429
S30N:T76S:S84N,S30N:T76S:S84N,3,True,0.09182167882056073,0.4765184721352536,9.386672539404985,0.804962311557789,0.6407403918465213
F29S:T57S:S84N:R87T,F29S:T57S:S84N:R87T,4,True,0.10971474221051147,0.9511584220413275,8.221979336263416,0.3282035175879397,0.6396809698146336
S30N:S31N:S77N:S84N,S30N:S31N:S77N:S84N,4,True,0.09712396476948812,0.6753287413901065,8.849721643452202,0.6039572864321608,0.6396430139111337
I52S:S75F:S77N:R87T,I52S:S75F:S77N:R87T,4,True,0.08702228984926144,0.30995616781465246,9.962230563761171,0.9689070351758794,0.6394316014952659
K74I:T76S:S77N:R87T:Y95F,K74I:T76S:S77N:R87T:Y95F,5,True,0.09824297118215353,0.711020663744521,8.75885733433069,0.5678391959798995,0.6394299298622103
I52S:K74I:S77N:R87T:Y95F,I52S:K74I:S77N:R87T:Y95F,5,True,0.09842537607134863,0.7188478396994364,8.738073255962949,0.559359296482412,0.6391035680909243
S31N:T76S:S77N:R87T,S31N:T76S:S77N:R87T,4,True,0.09696322752527939,0.6709455228553538,8.858493234566334,0.6067839195979899,0.6388647212266718
F29S:S30N:A58T:S75F:S77N,F29S:S30N:A58T:S75F:S77N,5,True,0.09955831091515534,0.7576706324358171,8.643155391061676,0.5188442211055276,0.6382574267706724
S31N:K74I:S77N:S84N,S31N:K74I:S77N:S84N,4,True,0.0914704429495647,0.46180338134001253,9.4208032418914,0.8146984924623115,0.638250936901162
F29S:S30N:T76S:S77N,F29S:S30N:T76S:S77N,4,True,0.11196309846353247,0.9730745147150908,8.169559336432808,0.3021356783919598,0.6376050965535253
S30N:K74I:T76S:S77N,S30N:K74I:T76S:S77N,4,True,0.09295492124489677,0.5231684408265498,9.212813227822338,0.7515703517587939,0.6373693962926719
F29S:S30N:I52S:N59A:S75F,F29S:S30N:I52S:N59A:S75F,5,True,0.09679083658862345,0.6662492172824045,8.865027400526795,0.6083542713567839,0.6373017443195942
I52S:S77N:S84N,I52S:S77N:S84N,3,True,0.08715999444561677,0.3118346900438322,9.93400896272695,0.9626256281407035,0.6372301590922679
F29S:I52S:S75F:T76S:Y95F,F29S:I52S:S75F:T76S:Y95F,5,True,0.09346237356433926,0.5463368816530996,9.15705663747751,0.7280150753768844,0.637175978514992
I52S:S84N:R87T:Y106S,I52S:S84N:R87T:Y106S,4,True,0.09322647362535039,0.5353788353162179,9.178793028840527,0.7386934673366834,0.6370361513264506
N59A:S77N:S84N:Y106S,N59A:S77N:S84N:Y106S,4,True,0.1030890444958779,0.8434564809016907,8.440515250980228,0.43027638190954776,0.6368664314056192
F29S:S30N:A58T,F29S:S30N:A58T,3,True,0.10367921481169018,0.8584846587351284,8.411187731024246,0.41520100502512564,0.636842831880127
N59A:K74I:S77N,N59A:K74I:S77N,3,True,0.08938050627095666,0.3804007514088917,9.701227649941774,0.8932160804020101,0.6368084159054509
F29S:I52S:A58T:K74I:R87T,F29S:I52S:A58T:K74I:R87T,5,True,0.10141059351934399,0.8083907326236693,8.506187853152007,0.4651381909547739,0.6367644617892216
F29S:A58T:N59A,F29S:A58T:N59A,3,True,0.10777316056756502,0.9267376330619912,8.264624082685696,0.34673366834170855,0.6367356507018499
F29S:A58T:S75F,F29S:A58T:S75F,3,True,0.08650136245065304,0.29618033813400124,9.999098268232629,0.977072864321608,0.6366266012278046
F29S:S30N:S75F:S77N:Y95F,F29S:S30N:S75F:S77N:Y95F,5,True,0.09980754127016332,0.7661239824671259,8.610527827171044,0.5069095477386935,0.6365167651029097
F29S:S30N:T76S:S84N,F29S:S30N:T76S:S84N,4,True,0.11037898558256005,0.9577332498434565,8.202320957158374,0.31501256281407036,0.6363729063287634
F29S:S75F:T76S:Y95F,F29S:S75F:T76S:Y95F,4,True,0.09194920711256477,0.48058860363180966,9.335018889644504,0.7920854271356784,0.636337015383744
S30N:T57S:S77N:S84N,S30N:T57S:S77N:S84N,4,True,0.09898467362297629,0.7382592360676268,8.681845090695772,0.5336055276381909,0.6359323818529088
F29S:S31N:T71S:S75F,F29S:S31N:T71S:S75F,4,True,0.08956188453517402,0.38697557921102066,9.671412156857603,0.8834798994974874,0.635227739354254
F29S:T71S:S75F:S84N:Y95F,F29S:T71S:S75F:S84N:Y95F,5,True,0.09777299132784142,0.6956793988728867,8.775261640244969,0.5741206030150754,0.634900000943981
F29S:S30N:S75F:R87T:Y95F,F29S:S30N:S75F:R87T:Y95F,5,True,0.09844208337370773,0.720100187852223,8.715586394204928,0.5474246231155779,0.6337624054839004
F29S:T57S:T71S:S84N,F29S:T57S:T71S:S84N,4,True,0.1088918207382257,0.9386349405134627,8.222184755460187,0.3288316582914573,0.63373329940246
A58T:T76S:S77N:R87T,A58T:T76S:S77N:R87T,4,True,0.10017486601862846,0.7767689417658109,8.570448718638973,0.4902638190954774,0.6335163804306442
S30N:I52S:K74I:R87T,S30N:I52S:K74I:R87T,4,True,0.09064584994695415,0.4283030682529743,9.50328994109798,0.8376256281407035,0.6329643481968389
F29S:T71S:K74I:T76S:S84N,F29S:T71S:K74I:T76S:S84N,5,True,0.1019087884352598,0.8196618659987477,8.46674126706601,0.44566582914572866,0.6326638475722381
F29S:S30N:I52S:N59A,F29S:S30N:I52S:N59A,4,True,0.10696601336069948,0.91296180338134,8.275217859320957,0.35175879396984927,0.6323602986755946
S30N:N59A:S77N:R87T,S30N:N59A:S77N:R87T,4,True,0.1018591430952079,0.8184095178459612,8.467356706459729,0.44629396984924624,0.6323517438476037
N59A:S77N:S84N:Y95F,N59A:S77N:S84N:Y95F,4,True,0.10364248493823014,0.8572323105823418,8.391865676704228,0.40734924623115576,0.6322907784067489
F29S:S75F:S84N:R87T:Y95F,F29S:S75F:S84N:R87T:Y95F,5,True,0.09922991299940821,0.7485911083281153,8.632229460979216,0.5153894472361809,0.631990277782148
S30N:S77N:R87T:Y95F,S30N:S77N:R87T:Y95F,4,True,0.09902018876061977,0.7398246712586098,8.648254969820375,0.522927135678392,0.6313759034685009
F29S:S31N:I52S:T57S:K74I,F29S:S31N:I52S:T57S:K74I,5,True,0.09694580860007078,0.6706324358171571,8.819694594079142,0.5913944723618091,0.6310134540894832
F29S:S30N:A58T:S75F,F29S:S30N:A58T:S75F,4,True,0.09227447797166846,0.493425172197871,9.25670450157266,0.7685301507537688,0.6309776614758199
I52S:T57S:T76S:S77N,I52S:T57S:T76S:S77N,4,True,0.09553508660870405,0.6211646837820914,8.937102219965091,0.6403894472361809,0.6307770655091361
F29S:I52S:T57S:Y95F,F29S:I52S:T57S:Y95F,4,True,0.10215113780722931,0.8240450845335003,8.448958495998008,0.4371859296482412,0.6306155070908708
I52S:K74I:S77N:Y95F,I52S:K74I:S77N:Y95F,4,True,0.0898229660332055,0.3948027551659361,9.595434621533181,0.8662060301507538,0.6305043926583449
S30N:K74I:S84N:R87T,S30N:K74I:S84N:R87T,4,True,0.09267003012607934,0.5103318722604884,9.209569704583885,0.7506281407035176,0.630480006482003
F29S:A58T:T71S:S75F,F29S:A58T:T71S:S75F,4,True,0.08936372196250335,0.3800876643706951,9.662456251121817,0.8806532663316583,0.6303704653511767
F29S:T71S:K74I:T76S:R87T,F29S:T71S:K74I:T76S:R87T,5,True,0.10069195966947503,0.7899185973700689,8.521484357103663,0.4707914572864322,0.6303550273282506
F29S:I52S:A58T:T71S,F29S:I52S:A58T:T71S,4,True,0.09648920537767246,0.6556042579837195,8.851293738977848,0.6048994974874372,0.6302518777355783
I52S:T71S:S77N:R87T,I52S:T71S:S77N:R87T,4,True,0.09772464304594915,0.6934877896055104,8.757845449362861,0.5668969849246231,0.6301923872650668
S31N:N59A:S84N,S31N:N59A:S84N,3,True,0.09205466265138322,0.4852849092047589,9.274139451800245,0.7748115577889447,0.6300482334968518
S84N:R87T:Y95F,S84N:R87T:Y95F,3,True,0.09217776332501622,0.4884157795867251,9.26656555499644,0.7716708542713567,0.6300433169290409
N59A:T71S:S84N:R87T,N59A:T71S:S84N:R87T,4,True,0.09773281710498505,0.6944270507201001,8.754657361883858,0.565640703517588,0.6300338771188441
S30N:I52S:T76S:R87T,S30N:I52S:T76S:R87T,4,True,0.09485795822933316,0.6014402003757044,8.983459709484674,0.6576633165829145,0.6295517584793096
F29S:N59A:K74I:R87T,F29S:N59A:K74I:R87T,4,True,0.1052947961518036,0.8910457107075767,8.300394928098326,0.36683417085427134,0.628939940780924
T57S:N59A:S84N,T57S:N59A:S84N,3,True,0.09356721563091493,0.5513462742642454,9.102582280109937,0.7060301507537688,0.6286882125090072
S31N:S77N:S84N:Y106S,S31N:S77N:S84N:Y106S,4,True,0.096353472565562,0.6521603005635567,8.8530111599554,0.605213567839196,0.6286869342013763
F29S:T57S:T71S:S75F:R87T,F29S:T57S:T71S:S75F:R87T,5,True,0.09458849371318895,0.5892298058860364,9.013754000530609,0.6680276381909548,0.6286287220384956
I52S:T57S:S84N:R87T,I52S:T57S:S84N:R87T,4,True,0.09314792521475693,0.5309956167814652,9.149543523857544,0.7261306532663316,0.6285631350238985
F29S:A58T:T71S,F29S:A58T:T71S,3,True,0.09861095110997853,0.7279273638071384,8.667018087550133,0.5288944723618091,0.6284109180844737
S31N:N59A:S84N:R87T,S31N:N59A:S84N:R87T,4,True,0.09646087416718271,0.6546649968691296,8.845283375747655,0.6017587939698492,0.6282118954194894
N59A:T76S:S77N:S84N,N59A:T76S:S77N:S84N,4,True,0.10365673071812946,0.8578584846587352,8.375107925907477,0.3985552763819096,0.6282068805203224
S31N:I52S:A58T:S77N,S31N:I52S:A58T:S77N,4,True,0.08983691228622907,0.39542892924232936,9.577906008348068,0.8602386934673367,0.6278338113548331
F29S:T57S:T76S:R87T,F29S:T57S:T76S:R87T,4,True,0.10642311926762449,0.9067000626174077,8.268830734905388,0.34861809045226133,0.6276590765348344
S31N:I52S:K74I:T76S:S77N,S31N:I52S:K74I:T76S:S77N,5,True,0.09281040969707566,0.5159674389480275,9.179827051185288,0.7390075376884422,0.6274874883182349
I52S:K74I:S77N:Y106S,I52S:K74I:S77N:Y106S,4,True,0.09084678410979682,0.43519098309329995,9.43489411481649,0.8197236180904522,0.6274573005918761
I52S:K74I:S77N:R87T:Y106S,I52S:K74I:S77N:R87T:Y106S,5,True,0.09841685175698846,0.7185347526612398,8.687086358664141,0.5361180904522613,0.6273264215567506
S31N:N59A:S77N:S84N,S31N:N59A:S77N:S84N,4,True,0.10268402484641556,0.8368816530995616,8.41359422506405,0.4167713567839196,0.6268265049417406
N59A:S84N:Y106S,N59A:S84N:Y106S,3,True,0.09252256356793613,0.5053224796493425,9.200828893094954,0.7478015075376885,0.6265619935935155
N59A:T71S:S77N:R87T,N59A:T71S:S77N:R87T,4,True,0.09845870773234788,0.7210394489668128,8.674557296144371,0.5307788944723618,0.6259091717195873
F29S:T57S:S75F:Y95F,F29S:T57S:S75F:Y95F,4,True,0.09269927159468169,0.5122103944896681,9.176734810836138,0.7380653266331658,0.625137860561417
F29S:I52S:A58T:T76S,F29S:I52S:A58T:T76S,4,True,0.09933027692455304,0.7523481527864746,8.58705538398404,0.49685929648241206,0.6246037246344434
I52S:S84N:R87T,I52S:S84N:R87T,3,True,0.08763165876633805,0.32654978083907327,9.794311218288978,0.9224246231155779,0.6244872019773255
F29S:S30N:T57S:S77N,F29S:S30N:T57S:S77N,4,True,0.11171602039678956,0.9705698184095178,8.114870568520319,0.2776381909547739,0.6241040046821459
F29S:S31N:S84N:R87T,F29S:S31N:S84N:R87T,4,True,0.10743357414717965,0.9211020663744521,8.216250851235099,0.32569095477386933,0.6233965105741608
I52S:S75F:S77N:R87T:Y95F,I52S:S75F:S77N:R87T:Y95F,5,True,0.09143431243259689,0.45929868503443955,9.311517515118586,0.7873743718592965,0.623336528446868
T76S:S77N:R87T:Y106S,T76S:S77N:R87T:Y106S,4,True,0.09803449291162854,0.7053850970569818,8.698553776031677,0.5411432160804021,0.6232641565686919
K74I:T76S:S84N:R87T,K74I:T76S:S84N:R87T,4,True,0.09084391238854347,0.4348778960551033,9.412951472357502,0.8115577889447236,0.6232178424999135
K74I:S77N:S84N,K74I:S77N:S84N,3,True,0.08538237950672956,0.26080150281778336,10.079056406577237,0.9855527638190955,0.6231771333184395
F29S:T71S:S84N:Y95F,F29S:T71S:S84N:Y95F,4,True,0.10868560180561875,0.936756418284283,8.186409589143333,0.3087311557788945,0.6227437870315887
F29S:S75F:T76S,F29S:S75F:T76S,3,True,0.08552716323960648,0.2654978083907326,10.023429520086093,0.9798994974874372,0.6226986529390849
T71S:S75F:S77N:S84N,T71S:S75F:S77N:S84N,4,True,0.08590247946922505,0.2748904195366312,9.968990434048273,0.9704773869346733,0.6226839032356523
I52S:N59A:S75F:S77N:R87T,I52S:N59A:S75F:S77N:R87T,5,True,0.09243344053435636,0.4971822166562304,9.20298521255487,0.7481155778894473,0.6226488972728388
I52S:N59A:S84N:R87T,I52S:N59A:S84N:R87T,4,True,0.09707381591199375,0.6737633061991234,8.765074689227205,0.5712939698492462,0.6225286380241848
I52S:S77N:Y106S,I52S:S77N:Y106S,3,True,0.09090176091429765,0.4370695053224796,9.399163071771888,0.8077889447236181,0.6224292250230489
F29S:T71S:K74I:T76S:S77N,F29S:T71S:K74I:T76S:S77N,5,True,0.1040216738351945,0.8675641828428303,8.321616298368872,0.3768844221105528,0.6222243024766916
S30N:T71S:S77N:S84N,S30N:T71S:S77N:S84N,4,True,0.09907750356768466,0.7423293675641829,8.59910567827189,0.5012562814070352,0.621792824485609
N59A:S84N:Y95F,N59A:S84N:Y95F,3,True,0.09344496430518985,0.5453976205385097,9.08562624365612,0.698178391959799,0.6217880062491543
F29S:S75F:T76S:R87T:Y95F,F29S:S75F:T76S:R87T:Y95F,5,True,0.09721176909957244,0.6787726988102692,8.753313249433013,0.5646984924623115,0.6217355956362904
F29S:I52S:T57S:T71S:K74I,F29S:I52S:T57S:T71S:K74I,5,True,0.09614585243082915,0.6458985597996243,8.830734704175994,0.5973618090452262,0.6216301844224252
S75F:T76S:S77N:R87T:Y95F,S75F:T76S:S77N:R87T:Y95F,5,True,0.09116831005064048,0.4477144646211647,9.348563056429912,0.7945979899497487,0.6211562272854567
S30N:I52S:R87T,S30N:I52S:R87T,3,True,0.09040971722263054,0.4176581089542893,9.450099321882782,0.8244346733668342,0.6210463911605617
I52S:T76S:S84N:R87T,I52S:T76S:S84N:R87T,4,True,0.09395622584027033,0.5644959298685035,9.039888189317944,0.6774497487437185,0.620972839306111
T57S:S75F:S77N:R87T,T57S:S75F:S77N:R87T,4,True,0.08637830166136831,0.2908578584846587,9.878708823077652,0.9506909547738693,0.620774406629264
N59A:S84N:R87T:Y106S,N59A:S84N:R87T:Y106S,4,True,0.09687880199712876,0.6696931747025673,8.765282846087931,0.571608040201005,0.6206506074517861
F29S:T57S:T71S:K74I,F29S:T57S:T71S:K74I,4,True,0.09554153262121197,0.621477770820288,8.886961862261602,0.6193467336683417,0.6204122522443148
K74I:T76S:S77N:Y106S,K74I:T76S:S77N:Y106S,4,True,0.09107393270980221,0.4445835942391985,9.35501322932184,0.7961683417085427,0.6203759679738706
S30N:I52S:K74I:T76S:R87T,S30N:I52S:K74I:T76S:R87T,5,True,0.09410630218165046,0.5701314965560426,9.017379315574592,0.6699120603015075,0.620021778428775
F29S:I52S:T57S:S75F:Y95F,F29S:I52S:T57S:S75F:Y95F,5,True,0.09353834263775528,0.5497808390732624,9.066862294256607,0.6900125628140703,0.6198967009436663
S30N:T57S:S77N:R87T,S30N:T57S:S77N:R87T,4,True,0.09837431562311298,0.7160300563556669,8.651514599560556,0.5235552763819096,0.6197926663687883
I52S:N59A:K74I:S77N:R87T,I52S:N59A:K74I:S77N:R87T,5,True,0.0996077042519086,0.7592360676268003,8.54496711860896,0.4798994974874372,0.6195677825571188
F29S:S30N,F29S:S30N,2,True,0.10060217359947293,0.7883531621790858,8.475956889531396,0.45006281407035176,0.6192079881247188
S31N:I52S:S77N,S31N:I52S:S77N,3,True,0.08874077607466296,0.35785848465873515,9.657985534624721,0.8797110552763819,0.6187847699675586
F29S:K74I:T76S:S77N:R87T,F29S:K74I:T76S:S77N:R87T,5,True,0.10905605949489468,0.9420788979336255,8.155042047945917,0.29459798994974873,0.6183384439416871
S30N:S77N:R87T:Y106S,S30N:S77N:R87T:Y106S,4,True,0.09882260101926925,0.7329367564182843,8.602187454762012,0.5028266331658291,0.6178816947920567
F29S:T57S:A58T:S75F,F29S:T57S:A58T:S75F,4,True,0.09126538371116548,0.4530369442705072,9.29434927643549,0.7823492462311558,0.6176930952508315
T57S:A58T:S77N:S84N,T57S:A58T:S77N:S84N,4,True,0.10013134776338564,0.7752035065748278,8.49235301741763,0.46011306532663315,0.6176582859507305
S30N:I52S:S77N:Y106S,S30N:I52S:S77N:Y106S,4,True,0.09554377191727201,0.6217908578584846,8.877045995980428,0.6133793969849246,0.6175851274217046
T57S:S77N:R87T:Y95F,T57S:S77N:R87T:Y95F,4,True,0.09767096415981409,0.6916092673763307,8.703099526404278,0.5430276381909548,0.6173184527836427
T57S:S75F:T76S:S77N:R87T,T57S:S75F:T76S:S77N:R87T,5,True,0.09075889937378415,0.43237319974953037,9.37906599846624,0.8021356783919598,0.6172544390707451
F29S:I52S:T71S:K74I:Y95F,F29S:I52S:T71S:K74I:Y95F,5,True,0.09594057293134346,0.6393237319974953,8.825583778181127,0.5951633165829145,0.6172435242902049
A58T:T71S:S77N:S84N,A58T:T71S:S77N:S84N,4,True,0.1008880963139452,0.7952410770194114,8.45329729996355,0.439070351758794,0.6171557143891027
I52S:T76S:S77N:Y106S,I52S:T76S:S77N:Y106S,4,True,0.09528265885836071,0.613337507827176,8.887927766604014,0.6199748743718593,0.6166561910995176
T71S:S77N:S84N:Y106S,T71S:S77N:S84N:Y106S,4,True,0.09844871029401084,0.7207263619286162,8.62426755160289,0.5125628140703518,0.616644587999484
F29S:S31N:S75F:T76S:R87T,F29S:S31N:S75F:T76S:R87T,5,True,0.09568898389554353,0.6283656856606137,8.850801657912223,0.6042713567839196,0.6163185212222666
A58T:S75F:S77N:R87T,A58T:S75F:S77N:R87T,4,True,0.08791518366441804,0.3337507827175955,9.717817873515765,0.8982412060301508,0.6159959943738731
S30N:I52S:A58T:S84N,S30N:I52S:A58T:S84N,4,True,0.09206739586130208,0.4855979962429555,9.19436223950826,0.7462311557788944,0.615914576010925
F29S:N59A:K74I:S84N,F29S:N59A:K74I:S84N,4,True,0.10675577586046867,0.9101440200375704,8.210306176067563,0.32160804020100503,0.6158760301192877
S30N:S31N:S77N:R87T,S30N:S31N:S77N:R87T,4,True,0.09755392461479377,0.6891045710707576,8.701645193230299,0.5417713567839196,0.6154379639273386
F29S:I52S:T57S:N59A,F29S:I52S:T57S:N59A,4,True,0.10542724842861209,0.8926111458985598,8.24277683778325,0.3376256281407035,0.6151183870196317
F29S:T71S:S75F:Y95F,F29S:T71S:S75F:Y95F,4,True,0.09000991268627948,0.402316844082655,9.46392690436517,0.8278894472361809,0.6151031456594179
F29S:I52S:A58T:K74I:T76S,F29S:I52S:A58T:K74I:T76S,5,True,0.09708547461508395,0.6740763932373199,8.732396411995033,0.5559045226130653,0.6149904579251926
F29S:S31N:T57S:S77N,F29S:S31N:T57S:S77N,4,True,0.11003691203435313,0.9542892924232936,8.112325668048083,0.2751256281407035,0.6147074602819986
F29S:S31N:A58T:K74I,F29S:S31N:A58T:K74I,4,True,0.09667550876192824,0.6618659987476518,8.75857383542478,0.5675251256281407,0.6146955621878962
S31N:I52S:S77N:Y106S,S31N:I52S:S77N:Y106S,4,True,0.09300777243587723,0.5262993112085159,9.09353336439144,0.7016331658291457,0.6139662385188308
F29S:S31N:T57S:S75F:R87T,F29S:S31N:T57S:S75F:R87T,5,True,0.0955167633330753,0.6195992485911084,8.859620049179158,0.6077261306532663,0.6136626896221873
S30N:I52S:N59A:S77N,S30N:I52S:N59A:S77N,4,True,0.09717225691537278,0.676581089542893,8.717811983414123,0.5493090452261307,0.6129450673845118
F29S:S31N:S75F:Y95F,F29S:S31N:S75F:Y95F,4,True,0.0916839383705931,0.47025673137132123,9.220307611048613,0.7553391959798995,0.6127979636756103
I52S:K74I:S77N,I52S:K74I:S77N,3,True,0.08469342757792837,0.23763306199123357,10.121892882274114,0.987751256281407,0.6126921591363204
S30N:S31N:N59A:S84N,S30N:S31N:N59A:S84N,4,True,0.09461376125773828,0.5898559799624296,8.920055433350832,0.6344221105527639,0.6121390452575968
F29S:S31N:S77N:R87T,F29S:S31N:S77N:R87T,4,True,0.11171525101080604,0.9702567313713212,8.061723785193058,0.2537688442211055,0.6120127877962134
S31N:S77N:S84N:Y95F,S31N:S77N:S84N:Y95F,4,True,0.09667062808115941,0.6615529117094552,8.744190507308346,0.5618718592964824,0.6117123855029688
F29S:I52S:T76S:S77N:R87T,F29S:I52S:T76S:S77N:R87T,5,True,0.11099956642129977,0.9649342517219787,8.074651734071441,0.25847989949748745,0.611707075609733
I52S:T57S:S75F:S77N:R87T,I52S:T57S:S75F:S77N:R87T,5,True,0.09059105622414294,0.4257983719474014,9.357173430111988,0.7971105527638191,0.6114544623556103
S30N:K74I:T76S:S77N:S84N,S30N:K74I:T76S:S77N:S84N,5,True,0.09806811674414728,0.7063243581715717,8.63572701681831,0.5160175879396985,0.6111709730556352
F29S:S84N:R87T:Y95F,F29S:S84N:R87T:Y95F,4,True,0.11046949006191956,0.9586725109580463,8.087987487493054,0.2635050251256281,0.6110887680418372
F29S:S30N:T57S:S75F:T76S,F29S:S30N:T57S:S75F:T76S,5,True,0.09648500694575647,0.6552911709455228,8.757697889251952,0.5665829145728644,0.6109370427591936
S75F:S77N:R87T:Y106S,S75F:S77N:R87T:Y106S,4,True,0.08646784761118746,0.2952410770194114,9.80921294105461,0.9261934673366834,0.6107172721780474
S31N:T71S:S77N:S84N,S31N:T71S:S77N:S84N,4,True,0.09740986496619111,0.6862867877269881,8.685428065153147,0.5348618090452262,0.6105742983861071
F29S:T71S:S75F:S77N:Y95F,F29S:T71S:S75F:S77N:Y95F,5,True,0.09819898333637542,0.7103944896681278,8.6179901607284,0.5103643216080402,0.610379405638084
F29S:I52S:T57S:N59A:S75F,F29S:I52S:T57S:N59A:S75F,5,True,0.09561875090882326,0.6261740763932373,8.822583472839154,0.5935929648241206,0.609883520608679
T57S:T71S:S77N:S84N,T57S:T71S:S77N:S84N,4,True,0.09915221075466416,0.7460864120225422,8.529197423462328,0.47361809045226133,0.6098522512374018
S30N:A58T:S84N,S30N:A58T:S84N,3,True,0.09250617381440383,0.504070131496556,9.119591611898075,0.714824120603015,0.6094471260497856
I52S:T76S:S77N:Y95F,I52S:T76S:S77N:Y95F,4,True,0.0949632488756937,0.6045710707576706,8.879943411266643,0.614321608040201,0.6094463393989358
F29S:S30N:T71S,F29S:S30N:T71S,3,True,0.09995081811448069,0.7711333750782717,8.46925178929499,0.4475502512562814,0.6093418131672765
F29S:S30N:S31N:T57S:S75F,F29S:S30N:S31N:T57S:S75F,5,True,0.09416172552346722,0.5723231058234189,8.947740389713662,0.6460427135678392,0.609182909695629
I52S:K74I:T76S:S77N:Y106S,I52S:K74I:T76S:S77N:Y106S,5,True,0.09432657456623043,0.5798371947401377,8.931641751487307,0.6381909547738693,0.6090140747570035
T57S:K74I:S77N,T57S:K74I:S77N,3,True,0.08670672267834696,0.30118973074514716,9.774448369124748,0.9164572864321608,0.608823508588654
I52S:K74I:T76S:S84N,I52S:K74I:T76S:S84N,4,True,0.08521520869084906,0.2551659361302442,9.925814992225407,0.9619974874371859,0.6085817117837151
F29S:S30N:A58T:S75F:S84N,F29S:S30N:A58T:S75F:S84N,5,True,0.09977963520296569,0.7645585472761428,8.477435277196502,0.45163316582914576,0.6080958565526443
S30N:A58T:S75F:S77N:R87T,S30N:A58T:S75F:S77N:R87T,5,True,0.0913822112871371,0.4580463368816531,9.231850316674285,0.7578517587939698,0.6079490478378115
S31N:S77N:R87T:Y95F,S31N:S77N:R87T:Y95F,4,True,0.09638606432273251,0.6530995616781465,8.745067413936217,0.5621859296482412,0.6076427456631939
F29S:N59A:K74I:S75F:R87T,F29S:N59A:K74I:S75F:R87T,5,True,0.0956904288911032,0.6289918597370069,8.810055182861841,0.5860552763819096,0.6075235680594582
F29S:S31N:T71S:S75F:R87T,F29S:S31N:T71S:S75F:R87T,5,True,0.09425488049056392,0.5767063243581716,8.929662812096694,0.6378768844221105,0.6072916043901411
F29S:S31N:I52S:S75F:Y95F,F29S:S31N:I52S:S75F:Y95F,5,True,0.09265417668053888,0.5093926111458985,9.098017733391023,0.7038316582914573,0.6066121347186779
F29S:S75F:S84N,F29S:S75F:S84N,3,True,0.08364157794335542,0.21352536005009393,10.418726853871524,0.9996859296482412,0.6066056448491676
T71S:T76S:S77N:R87T,T71S:T76S:S77N:R87T,4,True,0.09706437975493834,0.6731371321227301,8.6961736994615,0.5398869346733668,0.6065120333980485
F29S:S31N:I52S:A58T:K74I,F29S:S31N:I52S:A58T:K74I,5,True,0.0956077485451701,0.6252348152786474,8.810713638515592,0.5869974874371859,0.6061161513579167
I52S:A58T:K74I:S77N,I52S:A58T:K74I:S77N,4,True,0.08823703331381312,0.34408265497808393,9.602086716987685,0.8680904522613065,0.6060865536196952
N59A:S75F:S77N:R87T:Y95F,N59A:S75F:S77N:R87T:Y95F,5,True,0.09177931992735663,0.4743268628678773,9.176035900592254,0.7374371859296482,0.6058820243987628
S31N:N59A:S77N:R87T,S31N:N59A:S77N:R87T,4,True,0.09943096041003527,0.7548528490920476,8.484585849477057,0.45603015075376885,0.6054414999229083
F29S:S30N:S84N:Y95F,F29S:S30N:S84N:Y95F,4,True,0.11044607561476076,0.9583594239198497,8.059392634224004,0.2518844221105528,0.6051219230152013
T76S:S84N:R87T,T76S:S84N:R87T,3,True,0.09028555881669074,0.4148403256105197,9.341525598365115,0.7933417085427136,0.6040910170766166
F29S:S31N:K74I:T76S:R87T,F29S:S31N:K74I:T76S:R87T,5,True,0.10181454725631986,0.8162179085785849,8.358739411308385,0.39195979899497485,0.6040888537867799
K74I:T76S:S77N:R87T:Y106S,K74I:T76S:S77N:R87T:Y106S,5,True,0.0978892341746495,0.6997495303694427,8.612308072530286,0.507537688442211,0.6036436094058268
N59A:K74I:T76S:S77N,N59A:K74I:T76S:S77N,4,True,0.09267547964599718,0.510644959298685,9.082344729592142,0.696608040201005,0.6036264997498451
I52S:A58T:K74I:T76S:S77N,I52S:A58T:K74I:T76S:S77N,5,True,0.0928293010759,0.5181590482154039,9.065256005834582,0.6890703517587939,0.6036146999870989
T76S:S84N:Y95F,T76S:S84N:Y95F,3,True,0.08833952217712719,0.34721352536005007,9.577800140340731,0.8599246231155779,0.603569074237814
S30N:K74I:S77N:S84N:R87T,S30N:K74I:S77N:S84N:R87T,5,True,0.10068100273121211,0.7896055103318722,8.41537530937892,0.4173994974874372,0.6035025039096547
T57S:T71S:S84N:R87T,T57S:T71S:S84N:R87T,4,True,0.09343086756264311,0.5447714464621165,8.99074447596511,0.6620603015075377,0.6034158739848271
N59A:K74I:S84N:R87T,N59A:K74I:S84N:R87T,4,True,0.0940211859848962,0.5682529743268628,8.93204852420903,0.6385050251256281,0.6033789997262455
I52S:T76S:R87T,I52S:T76S:R87T,3,True,0.0878075639644001,0.3312460864120225,9.634249027187876,0.8753140703517588,0.6032800783818907
S31N:I52S:T57S:S77N,S31N:I52S:T57S:S77N,4,True,0.09165766297424147,0.4686912961803381,9.176319769430329,0.737751256281407,0.6032212762308726
F29S:A58T:K74I:S75F:R87T,F29S:A58T:K74I:S75F:R87T,5,True,0.09418001964499154,0.5735754539762054,8.915405519762908,0.632537688442211,0.6030565712092082
K74I:S84N:R87T,K74I:S84N:R87T,3,True,0.08518701960350293,0.2548528490920476,9.879186697935753,0.9510050251256281,0.6029289371088379
T57S:S84N:R87T,T57S:S84N:R87T,3,True,0.0899985758941566,0.40137758296806514,9.38535110873589,0.8043341708542714,0.6028558769111683
I52S:K74I:R87T,I52S:K74I:R87T,3,True,0.08442953770532509,0.2313713212273012,9.985042556775367,0.9733040201005025,0.6023376706639019
S84N:R87T:Y106S,S84N:R87T:Y106S,3,True,0.08906930512515752,0.36944270507201,9.4959920581791,0.8351130653266332,0.6022778851993216
A58T:K74I:S84N:R87T,A58T:K74I:S84N:R87T,4,True,0.09434249033032284,0.5807764558547276,8.893706695155247,0.6234296482412061,0.6021030520479669
S30N:S84N:R87T:Y95F,S30N:S84N:R87T:Y95F,4,True,0.09681699033425359,0.6671884783969944,8.68877848756976,0.5367462311557789,0.6019673547763866
S30N:I52S:S75F:T76S:S77N,S30N:I52S:S75F:T76S:S77N,5,True,0.08970579169297406,0.3919849718221666,9.413064015522412,0.8118718592964824,0.6019284155593245
F29S:T57S:T71S:S75F:T76S,F29S:T57S:T71S:S75F:T76S,5,True,0.09293358146138184,0.5216030056355667,9.046976493177763,0.6821608040201005,0.6018819048278337
F29S:S30N:A58T:S75F:R87T,F29S:S30N:A58T:S75F:R87T,5,True,0.09864229742961868,0.7288666249217283,8.530982536453187,0.4748743718592965,0.6018704983905123
F29S:S31N:T57S:R87T,F29S:S31N:T57S:R87T,4,True,0.10436126218934338,0.8744520976831559,8.222656020730925,0.32914572864321606,0.601798913163186
I52S:A58T:S84N,I52S:A58T:S84N,3,True,0.08529600176930034,0.2573575453976205,9.86562408902769,0.9459798994974874,0.601668722447554
K74I:S77N:S84N:R87T:Y95F,K74I:S77N:S84N:R87T:Y95F,5,True,0.10007507525087815,0.7739511584220413,8.439872018214755,0.42933417085427134,0.6016426646381563
I52S:S77N:Y95F,I52S:S77N:Y95F,3,True,0.09011748837081564,0.40670006261740765,9.355331779008543,0.7964824120603015,0.6015912373388546
F29S:A58T:S77N:S84N,F29S:A58T:S77N:S84N,4,True,0.11328856222809629,0.9818409517845961,7.980581224152293,0.2198492462311558,0.600845099007876
S30N:I52S:S77N:Y95F,S30N:I52S:S77N:Y95F,4,True,0.0943380896141974,0.5801502817783344,8.889217791140869,0.6212311557788944,0.6006907187786144
S30N:S75F:S84N:R87T,S30N:S75F:S84N:R87T,4,True,0.08413735124966878,0.22510958046336882,9.995904735936998,0.9758165829145728,0.6004630816889709
I52S:N59A:T76S:S77N,I52S:N59A:T76S:S77N,4,True,0.09668204756964496,0.6628052598622417,8.691666954650808,0.5380025125628141,0.6004038862125278
S30N:I52S:S84N,S30N:I52S:S84N,3,True,0.0874701538143517,0.31966186599874763,9.662635130247482,0.8809673366834171,0.6003146013410824
S30N:S31N:S84N:R87T,S30N:S31N:S84N:R87T,4,True,0.09423894889308929,0.5754539762053851,8.895504536304635,0.625,0.6002269881026925
T57S:K74I:S84N:R87T,T57S:K74I:S84N:R87T,4,True,0.09021935903048693,0.4113963681903569,9.320168645089662,0.7889447236180904,0.6001705459042237
F29S:N59A:S75F:Y95F,F29S:N59A:S75F:Y95F,4,True,0.09568499972784154,0.6277395115842204,8.769277863811947,0.5725502512562815,0.6001448814202509
A58T:S77N:S84N:Y106S,A58T:S77N:S84N:Y106S,4,True,0.09917552251662543,0.7470256731371321,8.481257654454224,0.4532035175879397,0.6001145953625359
S30N:T76S:S84N:Y95F,S30N:T76S:S84N:Y95F,4,True,0.0937489429608075,0.5588603631809643,8.937931177081941,0.6410175879396985,0.5999389755603315
F29S:S30N:S31N:S75F:T76S,F29S:S30N:S31N:S75F:T76S,5,True,0.09537313051460417,0.6149029430181591,8.807603800926502,0.5847989949748744,0.5998509689965168
S31N:S77N:R87T:Y106S,S31N:S77N:R87T:Y106S,4,True,0.09596467266058284,0.6408891671884784,8.73740566010591,0.5587311557788944,0.5998101614836864
K74I:S84N:R87T:Y106S,K74I:S84N:R87T:Y106S,4,True,0.08997168547334214,0.399812147777082,9.373039580328783,0.7996231155778895,0.5997176316774857
I52S:T57S:S77N:Y95F,I52S:T57S:S77N:Y95F,4,True,0.09355375109879288,0.5507201001878522,8.952474202301294,0.6476130653266332,0.5991665827572428
F29S:S31N:S75F:S77N:Y95F,F29S:S31N:S75F:S77N:Y95F,5,True,0.09931500045925118,0.7510958046336882,8.468814445104202,0.4472361809045226,0.5991659927691054
S30N:S75F:T76S:S77N,S30N:S75F:T76S:S77N,4,True,0.08517939667733479,0.254539762053851,9.853930632911927,0.9428391959798995,0.5986894790168753
S31N:I52S:S84N:R87T,S31N:I52S:S84N:R87T,4,True,0.09161328654779627,0.46743894802755165,9.160560149254145,0.7298994974874372,0.5986692227574945
F29S:I52S:T76S:S77N:S84N,F29S:I52S:T76S:S77N:S84N,5,True,0.10748625555001293,0.9223544145272385,8.111786288452143,0.2748115577889447,0.5985829861580916
S30N:I52S:T76S:S77N:R87T,S30N:I52S:T76S:S77N:R87T,5,True,0.1037474057770118,0.8603631809643081,8.241796424821258,0.33668341708542715,0.5985232990248677
S31N:K74I:T76S:S77N:S84N,S31N:K74I:T76S:S77N:S84N,5,True,0.09519045967488511,0.6105197244834064,8.809182063429692,0.5857412060301508,0.5981304652567786
S31N:K74I:S77N:S84N:R87T,S31N:K74I:S77N:S84N:R87T,5,True,0.09841147353325329,0.7182216656230432,8.53878739834098,0.4780150753768844,0.5981183704999639
F29S:S30N:S77N:Y95F,F29S:S30N:S77N:Y95F,4,True,0.11070329560266923,0.9614902943018159,8.009420325320368,0.2346105527638191,0.5980504235328175
N59A:K74I:S77N:Y106S,N59A:K74I:S77N:Y106S,4,True,0.09196531872346421,0.4818409517845961,9.117364831966384,0.7138819095477387,0.5978614306661674
I52S:N59A:S84N,I52S:N59A:S84N,3,True,0.09014200658306006,0.4079524107701941,9.316261343374466,0.7876884422110553,0.5978204264906247
S30N:I52S:R87T:Y106S,S30N:I52S:R87T:Y106S,4,True,0.0926305462397309,0.509079524107702,9.058380833564893,0.6865577889447236,0.5978186565262128
S31N:I52S:T76S:S77N:R87T,S31N:I52S:T76S:S77N:R87T,5,True,0.09980079478795173,0.7654978083907327,8.43994341878538,0.4296482412060301,0.5975730247983814
F29S:I52S:A58T:S75F:Y95F,F29S:I52S:A58T:S75F:Y95F,5,True,0.0915916287366756,0.46681277395115844,9.157847541306317,0.7283291457286433,0.5975709598399008
F29S:S31N:K74I:T76S:S77N,F29S:S31N:K74I:T76S:S77N,5,True,0.10505608935824931,0.886662492172824,8.185832224844962,0.3084170854271357,0.5975397887999798
F29S:T57S:K74I:Y95F,F29S:T57S:K74I:Y95F,4,True,0.09839862992513994,0.7175954915466499,8.537785471565407,0.47738693467336685,0.5974912131100084
N59A:S75F:S77N:S84N:Y95F,N59A:S75F:S77N:S84N:Y95F,5,True,0.09329739634271343,0.5388227927363807,8.972002907480107,0.6551507537688442,0.5969867732526124
A58T:N59A:S77N:R87T,A58T:N59A:S77N:R87T,4,True,0.10083772238151172,0.793988728866625,8.375604419961759,0.39918341708542715,0.5965860729760261
F29S:S31N:K74I:T76S:S84N,F29S:S31N:K74I:T76S:S84N,5,True,0.10144707354798814,0.8093299937382592,8.339104167424905,0.3828517587939699,0.5960908762661146
F29S:S30N:T57S:N59A,F29S:S30N:T57S:N59A,4,True,0.1090642109924022,0.9427050720100187,8.048040998115587,0.24937185929648242,0.5960384656532506
T71S:K74I:T76S:S77N:R87T,T71S:K74I:T76S:S77N:R87T,5,True,0.09677220798670037,0.6659361302442078,8.65939207604039,0.5257537688442211,0.5958449495442144
I52S:N59A:K74I:T76S:S77N,I52S:N59A:K74I:T76S:S77N,5,True,0.09497019860903183,0.6051972448340639,8.81018941606253,0.5863693467336684,0.5957832957838661
N59A:S77N:R87T:Y106S,N59A:S77N:R87T:Y106S,4,True,0.0996694793462223,0.7601753287413902,8.44102301015244,0.4312185929648241,0.5956969608531071
F29S:A58T:S75F:Y95F,F29S:A58T:S75F:Y95F,4,True,0.09159918616395271,0.46712586098935505,9.144558383225686,0.7242462311557789,0.595686046072567
S30N:A58T:S84N:R87T,S30N:A58T:S84N:R87T,4,True,0.09955892125553847,0.7579837194740138,8.442575790977067,0.4331030150753769,0.5955433672746954
F29S:I52S:A58T:T71S:K74I,F29S:I52S:A58T:T71S:K74I,5,True,0.09462615970015363,0.5914214151534126,8.837819979200821,0.5995603015075377,0.5954908583304752
F29S:A58T:T71S:K74I,F29S:A58T:T71S:K74I,4,True,0.09508197894608919,0.6061365059486538,8.802380907539565,0.5835427135678392,0.5948396097582465
S31N:K74I:S77N:R87T:Y95F,S31N:K74I:S77N:R87T:Y95F,5,True,0.09606436720575089,0.6437069505322479,8.710715761571779,0.5455402010050251,0.5946235757686364
A58T:N59A:S77N:S84N,A58T:N59A:S77N:S84N,4,True,0.10523242451615489,0.8897933625547902,8.164107134845182,0.29930904522613067,0.5945512038904605
F29S:S31N:S75F:S84N:Y95F,F29S:S31N:S75F:S84N:Y95F,5,True,0.09739287804039072,0.6856606136505948,8.60193552733843,0.5025125628140703,0.5940865882323325
S31N:I52S:K74I:T76S:R87T,S31N:I52S:K74I:T76S:R87T,5,True,0.08959916543984468,0.3882279273638071,9.373255697842193,0.7999371859296482,0.5940825566467277
I52S:A58T:T76S:S77N:R87T,I52S:A58T:T76S:S77N:R87T,5,True,0.10093584064408144,0.7968065122103944,8.356627408614456,0.3903894472361809,0.5935979797232876
F29S:I52S:A58T:N59A,F29S:I52S:A58T:N59A,4,True,0.10217630021564603,0.8243581715716969,8.289394533068359,0.36275125628140703,0.593554713926552
F29S:I52S:N59A:K74I:R87T,F29S:I52S:N59A:K74I:R87T,5,True,0.10403640321449803,0.867877269881027,8.206351988189896,0.31909547738693467,0.5934863736339808
F29S:S30N:N59A:S75F:S77N,F29S:S30N:N59A:S75F:S77N,5,True,0.1037760501966415,0.8616155291170946,8.215534309600269,0.32506281407035176,0.5933391715937232
S30N:S31N:I52S:S84N,S30N:S31N:I52S:S84N,4,True,0.09023223169860514,0.41233562930494677,9.273452342893469,0.7741834170854272,0.5932595231951869
S30N:I52S:S84N:Y106S,S30N:I52S:S84N:Y106S,4,True,0.09249015630055424,0.5028177833437696,9.04815667698516,0.6827889447236181,0.5928033640336938
F29S:I52S:T71S:T76S:R87T,F29S:I52S:T71S:T76S:R87T,5,True,0.10356270562056137,0.8553537883531622,8.22360808820449,0.3297738693467337,0.592563828849948
F29S:S30N:T71S:R87T,F29S:S30N:T71S:R87T,4,True,0.10503889714757775,0.8860363180964308,8.161912967285623,0.29836683417085424,0.5922015761336425
I52S:T76S:S77N:S84N:R87T,I52S:T76S:S77N:S84N:R87T,5,True,0.10230436638161411,0.8281152160300563,8.280419417842568,0.35615577889447236,0.5921354974622643
F29S:S31N:T57S:S75F:T76S,F29S:S31N:T57S:S75F:T76S,5,True,0.09360258143702692,0.5529117094552286,8.911473431425938,0.6309673366834171,0.5919395230693228
S30N:I52S:S75F:S77N,S30N:I52S:S75F:S77N,4,True,0.08348101083477874,0.2082028804007514,9.995227266573291,0.9755025125628141,0.5918526964817827
F29S:T57S:N59A:K74I,F29S:T57S:N59A:K74I,4,True,0.10206348782564197,0.8224796493425173,8.28636080846724,0.36023869346733667,0.591359171404927
F29S:N59A:T71S:S75F:S77N,F29S:N59A:T71S:S75F:S77N,5,True,0.10171140807160829,0.8140262993112085,8.302248074329238,0.36840452261306533,0.5912154109621369
F29S:T57S:T71S:S77N,F29S:T57S:T71S:S77N,4,True,0.10902811474374145,0.9414527238572323,8.02387012513286,0.24089195979899497,0.5911723418281136
F29S:I52S:T71S:T76S:S84N,F29S:I52S:T71S:T76S:S84N,5,True,0.10452251484076872,0.8772698810269255,8.176740646539566,0.30496231155778897,0.5911160962923572
F29S:N59A:T71S:K74I,F29S:N59A:T71S:K74I,4,True,0.0984985053772689,0.7232310582341891,8.489841949366095,0.458856783919598,0.5910439210768935
T57S:S75F:S77N:R87T:Y95F,T57S:S75F:S77N:R87T:Y95F,5,True,0.0898791470206855,0.3973074514715091,9.302715634968111,0.7845477386934674,0.5909275950824883
F29S:T57S:T71S:R87T,F29S:T57S:T71S:R87T,4,True,0.1032202068030467,0.8465873512836568,8.23810863280242,0.33479899497487436,0.5906931731292656
S30N:T57S:S84N:R87T,S30N:T57S:S84N:R87T,4,True,0.09550947787573781,0.6186599874765185,8.7458727887184,0.5625,0.5905799937382592
I52S:T71S:K74I:S77N:R87T,I52S:T71S:K74I:S77N:R87T,5,True,0.0969678171558337,0.671571696931747,8.61741054600581,0.5094221105527639,0.5904969037422554
T76S:S84N:R87T:Y106S,T76S:S84N:R87T:Y106S,4,True,0.09322218017386938,0.5347526612398247,8.947476807336697,0.6457286432160804,0.5902406522279525
F29S:K74I:S77N:S84N:R87T,F29S:K74I:S77N:S84N:R87T,5,True,0.1076485501633532,0.9248591108328115,8.066958149271485,0.2553391959798995,0.5900991534063555
F29S:S30N:I52S:S77N:R87T,F29S:S30N:I52S:S77N:R87T,5,True,0.11235130283065937,0.976205385097057,7.946145355694169,0.2032035175879397,0.5897044513424984
F29S:T71S:K74I:S77N:S84N,F29S:T71S:K74I:S77N:S84N,5,True,0.10567926787087865,0.895742016280526,8.130765163073848,0.2832914572864322,0.589516736783479
F29S:I52S:T57S:K74I:Y95F,F29S:I52S:T57S:K74I:Y95F,5,True,0.09835672699286181,0.7147777082028804,8.503926467577275,0.4641959798994975,0.589486844051189
S31N:K74I:S84N:R87T,S31N:K74I:S84N:R87T,4,True,0.08891238236584852,0.36474639949906074,9.418266464260567,0.8137562814070352,0.589251340453048
K74I:S77N:Y95F,K74I:S77N:Y95F,3,True,0.08553451295624688,0.2661239824671259,9.761221570644434,0.9123743718592965,0.5892491771632111
F29S:S30N:S31N:T71S:S75F,F29S:S30N:S31N:T71S:S75F,5,True,0.09282383588090738,0.5175328741390106,8.986170287641615,0.6608040201005025,0.5891684471197566
T57S:A58T:S77N:R87T,T57S:A58T:S77N:R87T,4,True,0.09772709302824993,0.6938008766437069,8.557313477409458,0.4842964824120603,0.5890486795278836
S30N:S84N:Y95F,S30N:S84N:Y95F,3,True,0.08927286671634882,0.3769567939887289,9.375313880960004,0.8008793969849246,0.5889180954868267
S30N:T71S:S84N:R87T,S30N:T71S:S84N:R87T,4,True,0.09606022959560079,0.6433938634940514,8.683870214796341,0.5342336683417085,0.5888137659178799
I52S:A58T:R87T,I52S:A58T:R87T,3,True,0.08524573728545853,0.25547902316844084,9.791720640521147,0.9221105527638191,0.5887947879661299
A58T:T76S:S84N,A58T:T76S:S84N,3,True,0.09168636572830742,0.47056981840951784,9.103923753132904,0.7069723618090452,0.5887710901092815
T71S:K74I:S84N:R87T,T71S:K74I:S84N:R87T,4,True,0.09068880032875529,0.42986850344395744,9.198018813398729,0.7474874371859297,0.5886779703149436
S30N:I52S:K74I:S77N:Y95F,S30N:I52S:K74I:S77N:Y95F,5,True,0.09329590360437097,0.5385097056981841,8.932219784178896,0.6388190954773869,0.5886644005877855
S31N:S84N:R87T:Y106S,S31N:S84N:R87T:Y106S,4,True,0.09136747552054933,0.4571070757670632,9.134935135613555,0.7201633165829145,0.5886351961749889
F29S:S31N:I52S:N59A,F29S:S31N:I52S:N59A,4,True,0.10425963216984532,0.873512836568566,8.173107609923964,0.30370603015075376,0.5886094333596599
F29S:A58T:S75F:S84N:R87T,F29S:A58T:S75F:S84N:R87T,5,True,0.10058796348785319,0.7880400751408891,8.35378367157514,0.38913316582914576,0.5885866204850174
S31N:K74I:S77N:R87T:Y106S,S31N:K74I:S77N:R87T:Y106S,5,True,0.09615227579798583,0.646211646837821,8.672030419490262,0.5301507537688442,0.5881812003033327
F29S:S31N:N59A:K74I,F29S:S31N:N59A:K74I,4,True,0.10112353356919745,0.8015028177833438,8.316691141344478,0.3746859296482412,0.5880943737157924
F29S:S31N:I52S:N59A:S75F,F29S:S31N:I52S:N59A:S75F,5,True,0.09524094996498379,0.6117720726361928,8.752233145058595,0.5643844221105527,0.5880782473733728
F29S:T57S:A58T:S75F:S84N,F29S:T57S:A58T:S75F:S84N,5,True,0.09910690569596373,0.7429555416405761,8.441425388736123,0.4318467336683417,0.5874011376544589
F29S:T57S:K74I:T76S:S77N,F29S:T57S:K74I:T76S:S77N,5,True,0.10703163305571067,0.9148403256105198,8.079177140459262,0.2597361809045226,0.5872882532575212
S31N:I52S:K74I:R87T,S31N:I52S:K74I:R87T,4,True,0.08655787202700545,0.29774577332498436,9.639193049685186,0.8759422110552764,0.5868439921901304
N59A:S77N:Y95F,N59A:S77N:Y95F,3,True,0.09248373502178618,0.5021916092673764,9.018347842238134,0.6708542713567839,0.5865229403120802
S30N:K74I:T76S:R87T,S30N:K74I:T76S:R87T,4,True,0.0898517296737791,0.3960551033187226,9.27594652729503,0.7766959798994975,0.5863755416091101
F29S:K74I:T76S:S77N:Y95F,F29S:K74I:T76S:S77N:Y95F,5,True,0.10594002414766743,0.9001252348152786,8.107335973108118,0.27261306532663315,0.5863691500709559
F29S:A58T:T71S:S75F:R87T,F29S:A58T:T71S:S75F:R87T,5,True,0.09543993110251531,0.6164683782091421,8.733290287774643,0.5562185929648241,0.5863434855869831
F29S:I52S:N59A:K74I:S77N,F29S:I52S:N59A:K74I:S77N,5,True,0.1063488407156698,0.9048215403882279,8.098530896837513,0.2672738693467337,0.5860477048674808
A58T:K74I:T76S:S77N,A58T:K74I:T76S:S77N,4,True,0.09128411876718998,0.4533500313087038,9.131651409761915,0.717964824120603,0.5856574277146535
I52S:S77N:Y95F:Y106S,I52S:S77N:Y95F:Y106S,4,True,0.09419551263768677,0.573888541014402,8.830473233696093,0.5970477386934674,0.5854681398539348
T57S:K74I:S77N:S84N:R87T,T57S:K74I:S77N:S84N:R87T,5,True,0.09972155022598962,0.7626800250469631,8.39554523527753,0.4079773869346734,0.5853287059908182
I52S:T71S:K74I:T76S:S77N,I52S:T71S:K74I:T76S:S77N,5,True,0.09283859193847116,0.5190983093299938,8.958550412336518,0.6513819095477387,0.5852401094388662
A58T:S84N:Y95F,A58T:S84N:Y95F,3,True,0.09094680538969867,0.44051346274264247,9.158959112651697,0.7292713567839196,0.584892409763281
F29S:S30N:N59A:S75F:R87T,F29S:S30N:N59A:S75F:R87T,5,True,0.10089475351195139,0.795554164057608,8.313983132569644,0.3731155778894472,0.5843348709735277
T71S:S75F:T76S:S77N:R87T,T71S:S75F:T76S:S77N:R87T,5,True,0.08979899457167492,0.3944896681277395,9.272644734567551,0.7738693467336684,0.5841795074307039
N59A:T76S:S84N,N59A:T76S:S84N,3,True,0.09281116645254761,0.5162805259862242,8.960304568166011,0.6516959798994975,0.5839882529428608
F29S:I52S:T71S:S84N:R87T,F29S:I52S:T71S:S84N:R87T,5,True,0.10609021152663223,0.9013775829680651,8.096707167396408,0.2663316582914573,0.5838546206297612
T57S:S75F:T76S:S77N,T57S:S75F:T76S:S77N,4,True,0.08406187522912119,0.2232310582341891,9.858738848147219,0.9444095477386935,0.5838203029864413
A58T:T76S:S77N,A58T:T76S:S77N,3,True,0.09117196251281606,0.4483406386975579,9.13373763405634,0.7192211055276382,0.5837808721125981
I52S:N59A:S77N:Y106S,I52S:N59A:S77N:Y106S,4,True,0.0961143613473934,0.6455854727614276,8.645875214693273,0.5216708542713567,0.5836281635163922
F29S:S30N:K74I:T76S:S84N,F29S:S30N:K74I:T76S:S84N,5,True,0.1047248155392324,0.8797745773324984,8.139337530758862,0.2873743718592965,0.5835744745958975
F29S:N59A:S75F:T76S,F29S:N59A:S75F:T76S,4,True,0.09477750205499275,0.5992485911083281,8.758475206320506,0.5672110552763819,0.583229823192355
I52S:A58T:N59A:S77N,I52S:A58T:N59A:S77N,4,True,0.09298795687921597,0.5259862241703194,8.934696608313018,0.6397613065326633,0.5828737653514913
S30N:S31N:I52S:K74I:R87T,S30N:S31N:I52S:K74I:R87T,5,True,0.0908700000534999,0.4361302442078898,9.1581849381433,0.7286432160804021,0.5823867301441459
F29S:A58T:S75F:S77N:Y95F,F29S:A58T:S75F:S77N:Y95F,5,True,0.09942653841856032,0.754539762053851,8.400656653285345,0.4101758793969849,0.582357820725418
F29S:I52S:T57S:A58T:K74I,F29S:I52S:T57S:A58T:K74I,5,True,0.09651718232184524,0.656856606136506,8.611648573942356,0.5072236180904522,0.5820401121134791
S30N:S75F:T76S:S84N:R87T,S30N:S75F:T76S:S84N:R87T,5,True,0.08950268182889595,0.38353162179085787,9.286164400613696,0.7801507537688442,0.581841187779851
F29S:T57S:K74I:T76S:R87T,F29S:T57S:K74I:T76S:R87T,5,True,0.10339663770655477,0.8506574827802129,8.19660765015249,0.3128140703517588,0.5817357765659859
F29S:A58T:S75F:T76S,F29S:A58T:S75F:T76S,4,True,0.09151570340585448,0.46399499060738886,9.08832803249245,0.6994346733668342,0.5817148319871115
S30N:S31N:S84N,S30N:S31N:S84N,3,True,0.0869324506946514,0.30651221039448967,9.558817561110738,0.8567839195979899,0.5816480649962398
S30N:K74I:S77N:R87T:Y95F,S30N:K74I:S77N:R87T:Y95F,5,True,0.09814540660822639,0.7075767063243582,8.484130105830552,0.45571608040201006,0.5816463933631841
F29S:T71S:K74I:S77N:R87T,F29S:T71S:K74I:S77N:R87T,5,True,0.10705907510980388,0.9157795867251096,8.041907628971895,0.24748743718592964,0.5816335119555196
I52S:A58T:K74I:R87T,I52S:A58T:K74I:R87T,4,True,0.08736153409346466,0.31590482154038824,9.531153192284757,0.8473618090452262,0.5816333152928073
N59A:S75F:S77N:S84N:Y106S,N59A:S75F:S77N:S84N:Y106S,5,True,0.09294631173526091,0.5225422667501566,8.937568210394398,0.6407035175879398,0.5816228921690482
S31N:S75F:S77N:R87T:Y95F,S31N:S75F:S77N:R87T:Y95F,5,True,0.08942315702463619,0.38134001252348154,9.292736653896762,0.7817211055276382,0.5815305590255598
S30N:I52S:S75F:R87T,S30N:I52S:S75F:R87T,4,True,0.082869602670308,0.1931747025673137,9.964029875475639,0.9692211055276382,0.581197904047476
A58T:S75F:T76S:S77N,A58T:S75F:T76S:S77N,4,True,0.08352234134056838,0.20914214151534127,9.883727965355153,0.9528894472361809,0.581015794375761
I52S:T71S:T76S:S77N,I52S:T71S:T76S:S77N,4,True,0.09375611104195526,0.5591734502191609,8.846721923656578,0.6027010050251256,0.5809372276221432
A58T:K74I:T76S:S77N:R87T,A58T:K74I:T76S:S77N:R87T,5,True,0.09925505901996363,0.7492172824045085,8.405069318145692,0.4114321608040201,0.5803247216042643
N59A:S75F:S77N:Y95F,N59A:S75F:S77N:Y95F,4,True,0.08431949966139235,0.22792736380713838,9.826210282018085,0.9321608040201005,0.5800440839136194
I52S:K74I:T76S:R87T:Y95F,I52S:K74I:T76S:R87T:Y95F,5,True,0.09123322910596358,0.4511584220413275,9.107100450554393,0.7088567839195979,0.5800076029804627
F29S:S31N:T71S:K74I:T76S,F29S:S31N:T71S:K74I:T76S,5,True,0.09624503550333899,0.6468378209142142,8.625083041966043,0.5128768844221105,0.5798573526681623
N59A:T71S:S75F:S77N:S84N,N59A:T71S:S75F:S77N:S84N,5,True,0.09359455697049528,0.5519724483406387,8.859394985741412,0.6074120603015075,0.5796922543210732
I52S:T71S:S75F:S77N:R87T,I52S:T71S:S75F:S77N:R87T,5,True,0.09007820123356955,0.40513462742642453,9.218334832180187,0.7537688442211056,0.5794517358237651
F29S:S30N:A58T:K74I,F29S:S30N:A58T:K74I,4,True,0.09892265534450727,0.7370068879148404,8.426164814414287,0.4217964824120603,0.5794016851634504
I52S:N59A:S84N:Y106S,I52S:N59A:S84N:Y106S,4,True,0.09340563520952758,0.54351909830933,8.880365548440516,0.6152638190954773,0.5793914587024036
T71S:S75F:S77N:R87T,T71S:S75F:S77N:R87T,4,True,0.08579878833892993,0.2714464621164684,9.683472353698072,0.887248743718593,0.5793476029175306
I52S:S84N:Y95F:Y106S,I52S:S84N:Y95F:Y106S,4,True,0.0907920440042193,0.43362554790231683,9.145500132008525,0.7245603015075377,0.5790929247049272
K74I:S77N:S84N:Y95F:Y106S,K74I:S77N:S84N:Y95F:Y106S,5,True,0.0959551711013573,0.6405760801502818,8.639649230734705,0.5175879396984925,0.5790820099243872
S84N:R87T:Y95F:Y106S,S84N:R87T:Y95F:Y106S,4,True,0.09426042375840774,0.5773324984345648,8.791595385035347,0.5800879396984925,0.5787102190665286
I52S:T71S:S84N,I52S:T71S:S84N,3,True,0.08645985698328175,0.2943018159048215,9.5801279805536,0.8624371859296482,0.5783695009172349
I52S:A58T:S77N:Y106S,I52S:A58T:S77N:Y106S,4,True,0.09120337648892554,0.45021916092673764,9.10287020691795,0.7063442211055276,0.5782816910161326
T71S:S75F:S84N:R87T,T71S:S75F:S84N:R87T,4,True,0.08308604184159772,0.19787100814026298,9.90520786925883,0.9582286432160804,0.5780498256781716
S30N:K74I:S77N:R87T:Y106S,S30N:K74I:S77N:R87T:Y106S,5,True,0.09838251781432741,0.7166562304320601,8.453374583642125,0.4393844221105528,0.5780203262713064
T71S:K74I:T76S:S77N,T71S:K74I:T76S:S77N,4,True,0.08966783880357784,0.3907326236693801,9.245412235908269,0.7650753768844221,0.5779040002769011
S30N:K74I:T76S:S84N:R87T,S30N:K74I:T76S:S84N:R87T,5,True,0.096293544040732,0.650281778334377,8.60580298441672,0.5053391959798995,0.5778104871571382
F29S:A58T:S75F:T76S:R87T,F29S:A58T:S75F:T76S:R87T,5,True,0.0974573977367335,0.6875391358797746,8.513810301795631,0.46796482412060303,0.5777519800001888
K74I:S77N:Y95F:Y106S,K74I:S77N:Y95F:Y106S,4,True,0.08965772273463833,0.38979336255479025,9.247031052330463,0.7657035175879398,0.577748440071365
S30N:T57S:K74I:S77N:R87T,S30N:T57S:K74I:S77N:R87T,5,True,0.09787706828072015,0.6984971822166562,8.485659435580333,0.4569723618090452,0.5777347720128507
F29S:T71S:S75F:T76S:Y95F,F29S:T71S:S75F:T76S:Y95F,5,True,0.09268974406078,0.5115842204132749,8.943269409165564,0.6438442211055276,0.5777142207594013
F29S:S31N:I52S:T76S:S77N,F29S:S31N:I52S:T76S:S77N,5,True,0.10737107224650357,0.9201628052598623,8.009936335242758,0.2352386934673367,0.5777007493635995
N59A:S77N:Y106S,N59A:S77N:Y106S,3,True,0.09311528162049797,0.5297432686286788,8.89709595033434,0.6256281407035176,0.5776857046660981
I52S:T57S:S75F:T76S:S77N,I52S:T57S:S75F:T76S:S77N,5,True,0.08820898352964678,0.3428303068252974,9.415163624608281,0.8125,0.5776651534126487
S31N:A58T:S77N:R87T,S31N:A58T:S77N:R87T,4,True,0.09708846001440156,0.6743894802755166,8.545154282990444,0.480213567839196,0.5773015240573562
T57S:A58T:S75F:S77N:R87T,T57S:A58T:S75F:S77N:R87T,5,True,0.08971497762490419,0.3926111458985598,9.239097581371823,0.7619346733668342,0.577272909632697
S30N:N59A:S75F:S84N:R87T,S30N:N59A:S75F:S84N:R87T,5,True,0.09093198372013024,0.439261114589856,9.120179184995072,0.7151381909547738,0.5771996527723149
F29S:S31N:T71S:S75F:T76S,F29S:S31N:T71S:S75F:T76S,5,True,0.09190061374023961,0.47902316844082654,9.035174857761062,0.6749371859296482,0.5769801771852374
S31N:I52S:K74I:S84N,S31N:I52S:K74I:S84N,4,True,0.08307861249671633,0.19724483406386975,9.89842917149234,0.9563442211055276,0.5767945275846987
F29S:N59A:T71S:S75F:S84N,F29S:N59A:T71S:S75F:S84N,5,True,0.10174857772680872,0.8146524733876017,8.245336261793732,0.33888190954773867,0.5767671914676702
N59A:S84N:R87T:Y95F,N59A:S84N:R87T:Y95F,4,True,0.09846884698761256,0.7213525360050094,8.441588379280164,0.4321608040201005,0.5767566700125549
K74I:S77N:Y106S,K74I:S77N:Y106S,3,True,0.08662976725674314,0.29931120851596743,9.548119086112088,0.8533291457286433,0.5763201771223053
N59A:S75F:S77N:R87T:Y106S,N59A:S75F:S77N:R87T:Y106S,5,True,0.09135874455553594,0.45648090169067,9.078732010644002,0.6956658291457286,0.5760733654181993
S30N:T71S:S75F:S77N:R87T,S30N:T71S:S75F:S77N:R87T,5,True,0.08966541977376173,0.39041953663118345,9.23856954585357,0.7616206030150754,0.5760200698231295
F29S:S30N:I52S:N59A:K74I,F29S:S30N:I52S:N59A:K74I,5,True,0.10191563260173005,0.8202880400751409,8.228764393942146,0.3316582914572864,0.5759731657662137
S31N:I52S:K74I:S77N:Y106S,S31N:I52S:K74I:S77N:Y106S,5,True,0.09245290540860826,0.4981214777708203,8.965552568844256,0.6532663316582915,0.575693904714556
F29S:S31N:T71S:K74I:R87T,F29S:S31N:T71S:K74I:R87T,5,True,0.09990636992225374,0.7698810269254853,8.332824379538467,0.3809673366834171,0.5754241818044512
S31N:T76S:S77N,S31N:T76S:S77N,3,True,0.08911212917489715,0.3706950532247965,9.285071642726125,0.7798366834170855,0.575265868320941
S31N:I52S:S75F:S77N,S31N:I52S:S75F:S77N,4,True,0.08237590818514826,0.18190356919223544,9.961509859744138,0.9685929648241206,0.575248267008178
S30N:S31N:I52S:S77N:R87T,S30N:S31N:I52S:S77N:R87T,5,True,0.10052231279748429,0.7874139010644959,8.290105723405302,0.3630653266331658,0.5752396138488309
S31N:I52S:N59A:S77N,S31N:I52S:N59A:S77N,4,True,0.09506600310749176,0.6058234189104571,8.708209338430928,0.5445979899497487,0.5752107044301029
F29S:S30N:K74I:S77N:R87T,F29S:S30N:K74I:S77N:R87T,5,True,0.11004795418898214,0.9546023794614903,7.924794427215383,0.19566582914572864,0.5751341043036095
S30N:I52S:A58T:S77N:S84N,S30N:I52S:A58T:S77N:S84N,5,True,0.09979161521234951,0.765184721352536,8.345372794191613,0.3850502512562814,0.5751174863044087
F29S:S31N:T71S:K74I:S84N,F29S:S31N:T71S:K74I:S84N,5,True,0.10141538030070621,0.808703819661866,8.25023752953863,0.34139447236180903,0.5750491460118375
I52S:N59A:K74I:R87T,I52S:N59A:K74I:R87T,4,True,0.0880376926272534,0.3371947401377583,9.415963701046703,0.8128140703517588,0.5750044052447585
S31N:N59A:S75F:S77N:R87T,S31N:N59A:S75F:S77N:R87T,5,True,0.09134942227298411,0.4561678146524734,9.074586463504678,0.6937814070351759,0.5749746108438246
A58T:N59A:S75F:S77N:S84N,A58T:N59A:S75F:S77N:S84N,5,True,0.09415576741992471,0.5716969317470256,8.787509035223808,0.5782035175879398,0.5749502246674827
S31N:S84N:R87T,S31N:S84N:R87T,3,True,0.08795903763544882,0.3353162179085786,9.42046016262899,0.8143844221105527,0.5748503200095656
A58T:K74I:S77N,A58T:K74I:S77N,3,True,0.08637367641824267,0.2905447714464621,9.566707733794049,0.8583542713567839,0.574449521401623
I52S:K74I:S84N:R87T:Y95F,I52S:K74I:S84N:R87T:Y95F,5,True,0.09349090452611569,0.5475892298058861,8.839031233341641,0.6001884422110553,0.5738888360084706
I52S:S84N:Y106S,I52S:S84N:Y106S,3,True,0.0850163464483961,0.24921728240450847,9.719425517303717,0.8985552763819096,0.573886279393209
T57S:N59A:S75F:S77N:S84N,T57S:N59A:S75F:S77N:S84N,5,True,0.09346915918997727,0.5466499686912962,8.842373885556544,0.6008165829145728,0.5737332758029345
F29S:S30N:S31N:K74I:R87T,F29S:S30N:S31N:K74I:R87T,5,True,0.10364997539572479,0.8575453976205385,8.145630623016714,0.28988693467336685,0.5737161661469526
F29S:S31N:K74I:S77N:S84N,F29S:S31N:K74I:S77N:S84N,5,True,0.1053886505640582,0.8913587977457733,8.067622111199757,0.2556532663316583,0.5735060320387158
F29S:I52S:N59A:K74I:T76S,F29S:I52S:N59A:K74I:T76S,5,True,0.10014719629151615,0.7761427676894177,8.309255318262283,0.3706030150753769,0.5733728913823973
F29S:A58T:K74I:T76S,F29S:A58T:K74I:T76S,4,True,0.0979450712830701,0.7013149655604258,8.465635467777162,0.44440954773869346,0.5728622566495596
T57S:S77N:Y95F,T57S:S77N:Y95F,3,True,0.0894587070333197,0.382592360676268,9.240750789920533,0.7628768844221105,0.5727346225491893
S75F:T76S:S77N:Y106S,S75F:T76S:S77N:Y106S,4,True,0.0835497159374332,0.21039448966812774,9.831434876263513,0.934359296482412,0.5723768930752698
F29S:S31N:S75F:R87T:Y95F,F29S:S31N:S75F:R87T:Y95F,5,True,0.09654028299673058,0.6574827802128992,8.565177817521679,0.48712311557788945,0.5723029478953943
S30N:I52S:S84N:Y95F,S30N:I52S:S84N:Y95F,4,True,0.09221684239905893,0.4915466499686913,8.963549966358189,0.6529522613065326,0.572249455637612
I52S:S77N:S84N:R87T:Y106S,I52S:S77N:S84N:R87T:Y106S,5,True,0.10155484857734437,0.8121477770820288,8.232149845543892,0.332286432160804,0.5722171046214164
A58T:S84N:R87T:Y95F,A58T:S84N:R87T:Y95F,4,True,0.0980365566430563,0.7056981840951785,8.450100945338304,0.43844221105527637,0.5720701975752274
F29S:S31N:T71S:R87T,F29S:S31N:T71S:R87T,4,True,0.10211887212610156,0.823418910457107,8.209371244026613,0.3203517587939699,0.5718853346255385
F29S:T71S:S77N:Y95F,F29S:T71S:S77N:Y95F,4,True,0.1081602564901255,0.9314339386349405,7.968099459937926,0.21231155778894473,0.5718727482119426
I52S:N59A:R87T,I52S:N59A:R87T,3,True,0.08694319618852897,0.3068252974326863,9.501879105559034,0.8366834170854272,0.5717543572590567
S31N:K74I:S77N,S31N:K74I:S77N,3,True,0.08539192236720927,0.26111458985597996,9.66702035245499,0.8822236180904522,0.5716691039732161
S30N:S31N:K74I:S77N,S30N:S31N:K74I:S77N,4,True,0.08927065145767572,0.37664370695053223,9.248765336565208,0.7663316582914573,0.5714876826209948
F29S:T57S:T71S:T76S,F29S:T57S:T71S:T76S,4,True,0.10100254274450027,0.7983719474013776,8.258630605533671,0.34453517587939697,0.5714535616403873
S31N:T57S:S75F:S77N:R87T,S31N:T57S:S75F:S77N:R87T,5,True,0.0883870338061994,0.3484658735128366,9.348266077637637,0.7942839195979899,0.5713748965554133
S30N:T71S:S84N,S30N:T71S:S84N,3,True,0.09018834869164565,0.41045710707576705,9.163960075641686,0.7317839195979899,0.5711205133368785
F29S:I52S:N59A:S75F:Y95F,F29S:I52S:N59A:S75F:Y95F,5,True,0.09552882805986185,0.6205385097056982,8.64528673441851,0.5213567839195979,0.5709476468126481
S75F:S77N:R87T,S75F:S77N:R87T,3,True,0.08070816947702496,0.14495929868503443,10.23284503179151,0.996859296482412,0.5709092975837232
S30N:T57S:S84N,S30N:T57S:S84N,3,True,0.08893673482635485,0.365372573575454,9.27575601523403,0.7763819095477387,0.5708772415615964
F29S:S30N:S31N:N59A,F29S:S30N:S31N:N59A,4,True,0.10816070441794759,0.9317470256731372,7.95718165992779,0.208856783919598,0.5703019047963676
A58T:K74I:S84N,A58T:K74I:S84N,3,True,0.08494030017483269,0.2470256731371321,9.702229383402297,0.8935301507537688,0.5702779119454505
I52S:T71S:T76S:S84N,I52S:T71S:T76S:S84N,4,True,0.0910905362371545,0.4452097683155917,9.077653745950338,0.695037688442211,0.5701237283789014
T71S:S77N:R87T:Y95F,T71S:S77N:R87T:Y95F,4,True,0.09630387968462777,0.6505948653725736,8.56995692434026,0.4896356783919598,0.5701152718822667
N59A:S75F:T76S:S77N,N59A:S75F:T76S:S77N,4,True,0.08540290377475607,0.2620538509705698,9.65171487190725,0.8778266331658291,0.5699402420681995
F29S:S30N:T71S:K74I:T76S,F29S:S30N:T71S:K74I:T76S,5,True,0.09912480316617711,0.7442078897933626,8.369101505870612,0.39541457286432163,0.5698112313288421
S30N:K74I:S77N:S84N:Y95F,S30N:K74I:S77N:S84N:Y95F,5,True,0.09632175607428374,0.6509079524107702,8.567173914294791,0.4883793969849246,0.5696436746978474
F29S:S30N:S31N:K74I:S77N,F29S:S30N:S31N:K74I:S77N,5,True,0.10563102914577316,0.8948027551659361,8.033589220925284,0.2443467336683417,0.5695747444171388
F29S:I52S:T71S:T76S:S77N,F29S:I52S:T71S:T76S:S77N,5,True,0.1066256100967017,0.9082654978083907,8.00146323292715,0.23084170854271358,0.5695536031755521
F29S:T57S:A58T:S75F:R87T,F29S:T57S:A58T:S75F:R87T,5,True,0.09684118333449772,0.6687539135879774,8.520161669002727,0.47016331658291455,0.5694586150854459
S30N:N59A:K74I:S77N:R87T,S30N:N59A:K74I:S77N:R87T,5,True,0.10011757743356507,0.774264245460238,8.292315012069333,0.3646356783919598,0.5694499619260989
N59A:T71S:S75F:S77N,N59A:T71S:S75F:S77N,4,True,0.08375710138244433,0.21540388227927365,9.7996993964173,0.9233668341708543,0.569385358225064
F29S:S31N:I52S:T76S:R87T,F29S:S31N:I52S:T76S:R87T,5,True,0.10439633983415325,0.8753913587977458,8.086266926968875,0.26319095477386933,0.5692911567858076
S30N:I52S:K74I:R87T:Y95F,S30N:I52S:K74I:R87T:Y95F,5,True,0.09204482285143128,0.48465873512836566,8.967114542626218,0.6538944723618091,0.5692766037450874
I52S:T57S:T76S:R87T,I52S:T57S:T76S:R87T,4,True,0.09012804035201795,0.40701314965560426,9.163048731392138,0.7311557788944724,0.5690844642750383
A58T:N59A:S75F:S77N,A58T:N59A:S75F:S77N,4,True,0.08372573648321757,0.21509079524107702,9.797481792402007,0.9230527638190955,0.5690717795300863
F29S:T71S:R87T:Y95F,F29S:T71S:R87T:Y95F,4,True,0.10399204114888567,0.8669380087664371,8.103432169386613,0.2710427135678392,0.5689903611671382
S30N:S75F:S77N:Y95F,S30N:S75F:S77N:Y95F,4,True,0.08218642658985859,0.17752035065748278,9.918151117944314,0.960427135678392,0.5689737431679374
F29S:T57S:K74I:S77N:S84N,F29S:T57S:K74I:S77N:S84N,5,True,0.10735838499311501,0.919536631183469,7.977138092030494,0.217964824120603,0.5687507276520359
S30N:T76S:R87T,S30N:T76S:R87T,3,True,0.08847476753848743,0.3512836568566061,9.305272615271086,0.7861180904522613,0.5687008736544337
F29S:S30N:S31N:T76S,F29S:S30N:S31N:T76S,4,True,0.10419115369318807,0.8716343143393863,8.093399090569694,0.2657035175879397,0.568668915963663
I52S:N59A:S77N:Y95F,I52S:N59A:S77N:Y95F,4,True,0.09536876789187279,0.6145898559799624,8.645979596446141,0.5226130653266332,0.5686014606532979
T57S:N59A:S75F:S77N,T57S:N59A:S75F:S77N,4,True,0.08470492397836157,0.23794614902943018,9.724104054280042,0.8991834170854272,0.5685647830574286
S30N:I52S:T57S:R87T,S30N:I52S:T57S:R87T,4,True,0.09101229069664621,0.44207889793362554,9.075838649734951,0.6947236180904522,0.5684012580120389
F29S:S30N:T71S:K74I:R87T,F29S:S30N:T71S:K74I:R87T,5,True,0.10217800971378851,0.8246712586098935,8.192828181282758,0.3118718592964824,0.5682715589531879
I52S:K74I:S84N:Y95F,I52S:K74I:S84N:Y95F,4,True,0.08485630523291254,0.24452097683155918,9.700604785488387,0.8919597989949749,0.568240387913267
S31N:N59A:K74I:S77N,S31N:N59A:K74I:S77N,4,True,0.09147084445362308,0.46211646837820913,9.033871594011588,0.6743090452261307,0.5682127568021699
A58T:K74I:T76S:S77N:S84N,A58T:K74I:T76S:S77N:S84N,5,True,0.09829364831905286,0.7128991859737007,8.428873625721097,0.42336683417085424,0.5681330100722775
S31N:S75F:T76S:S77N,S31N:S75F:T76S:S77N,4,True,0.08284017334345764,0.19192235441452724,9.85833504703857,0.9440954773869347,0.568008915900731
S30N:I52S:T57S:S84N,S30N:I52S:T57S:S84N,4,True,0.09174571788936323,0.4733876017532874,8.991119558210498,0.6623743718592965,0.567880986806292
F29S:S30N:I52S:S84N:R87T,F29S:S30N:I52S:S84N:R87T,5,True,0.10890254159208132,0.9389480275516594,7.925556095968173,0.19597989949748743,0.5674639635245734
T71S:K74I:S77N:S84N:R87T,T71S:K74I:S77N:S84N:R87T,5,True,0.09959575217519112,0.758609893550407,8.319851920683732,0.37625628140703515,0.567433087478721
S30N:K74I:S77N:Y106S,S30N:K74I:S77N:Y106S,4,True,0.09079528319580529,0.4339386349405135,9.089361315530857,0.7006909547738693,0.5673147948571914
I52S:A58T:T76S:S77N:S84N,I52S:A58T:T76S:S77N:S84N,5,True,0.09971741039759324,0.7623669380087664,8.312268249237999,0.37217336683417085,0.5672701524214686
I52S:S75F:S77N:Y106S,I52S:S75F:S77N:Y106S,4,True,0.08344796357656976,0.20726361928616155,9.81015853884812,0.9271356783919598,0.5671996488390607
F29S:S31N:S77N:Y95F,F29S:S31N:S77N:Y95F,4,True,0.10958293313090636,0.949906073888541,7.891306665174633,0.18435929648241206,0.5671326851854765
F29S:S30N:T71S:K74I:S77N,F29S:S30N:T71S:K74I:S77N,5,True,0.10424723552762691,0.8728866624921728,8.083724021810028,0.2613065326633166,0.5670965975777447
N59A:T76S:S84N:R87T,N59A:T76S:S84N:R87T,4,True,0.09765673686017248,0.691296180338134,8.459511818450755,0.4428391959798995,0.5670676881590168
T71S:K74I:S75F:S77N:R87T,T71S:K74I:S75F:S77N:R87T,5,True,0.08765770801615601,0.32748904195366313,9.394682935789287,0.8062185929648241,0.5668538174592437
F29S:T57S:S75F:T76S:Y95F,F29S:T57S:S75F:T76S:Y95F,5,True,0.09505621258686511,0.6055103318722604,8.664913733096492,0.5279522613065326,0.5667312965893965
I52S:T57S:K74I:S84N,I52S:T57S:K74I:S84N,4,True,0.08462854636946429,0.2366938008766437,9.714021719850104,0.8966708542713567,0.5666823275740003
S30N:K74I:S77N:S84N:Y106S,S30N:K74I:S77N:S84N:Y106S,5,True,0.09662835804475296,0.660926737633062,8.526122561999845,0.4723618090452261,0.566644273339144
S31N:S75F:S77N:R87T:Y106S,S31N:S75F:S77N:R87T:Y106S,5,True,0.0891601049373187,0.3725735754539762,9.237686319780037,0.760678391959799,0.5666259837068877
T71S:T76S:S84N:R87T,T71S:T76S:S84N:R87T,4,True,0.09431685373890988,0.5792110206637445,8.727532123085357,0.5537060301507538,0.5664585254072492
T57S:N59A:S84N:R87T,T57S:N59A:S84N:R87T,4,True,0.09743636445852819,0.6869129618033814,8.467200656320156,0.44597989949748745,0.5664464306504344
S31N:K74I:S77N:S84N:Y106S,S31N:K74I:S77N:S84N:Y106S,5,True,0.09483295538641771,0.6005009392611146,8.678168036874995,0.5323492462311558,0.5664250927461352
T57S:S75F:S77N:R87T:Y106S,T57S:S75F:S77N:R87T:Y106S,5,True,0.08927521836257718,0.3775829680651221,9.220192453960218,0.7550251256281407,0.5663040468466314
I52S:T71S:K74I:T76S:R87T,I52S:T71S:K74I:T76S:R87T,5,True,0.08953917561745016,0.3854101440200376,9.195395628594765,0.746859296482412,0.5661347202512248
S30N:I52S:R87T:Y95F,S30N:I52S:R87T:Y95F,4,True,0.09246146848478784,0.49937382592360674,8.912855609678799,0.6322236180904522,0.5657987220070295
F29S:S31N:T57S:K74I:R87T,F29S:S31N:T57S:K74I:R87T,5,True,0.10166498811173418,0.8134001252348153,8.205116622152516,0.3181532663316583,0.5657766957832369
F29S:S30N:S31N:K74I:S84N,F29S:S30N:S31N:K74I:S84N,5,True,0.10313984394205443,0.8447088290544772,8.136843475075601,0.2867462311557789,0.5657275301051281
S30N:S75F:T76S:S84N,S30N:S75F:T76S:S84N,4,True,0.08292001854716684,0.1947401377582968,9.836731319476542,0.9365577889447236,0.5656489633515103
F29S:S30N:K74I:S84N:R87T,F29S:S30N:K74I:S84N:R87T,5,True,0.10658940280640235,0.9079524107701941,7.9868606298080715,0.22330402010050251,0.5656282154353482
I52S:S75F:T76S:S77N:Y95F,I52S:S75F:T76S:S77N:Y95F,5,True,0.08806080224062306,0.33876017532874136,9.33579212655296,0.7923994974874372,0.5655798364080893
S31N:I52S:S77N:S84N:R87T,S31N:I52S:S77N:S84N:R87T,5,True,0.10039653779262125,0.7842830306825297,8.263994951223326,0.34610552763819097,0.5651942791603604
T57S:K74I:S75F:T76S:S77N,T57S:K74I:S75F:T76S:S77N,5,True,0.08527992020890278,0.2570444583594239,9.62581335803125,0.8731155778894473,0.5650800181244355
S31N:N59A:S75F:S77N:S84N,S31N:N59A:S75F:S77N:S84N,5,True,0.09282598897719223,0.5178459611772073,8.873811440988435,0.6121231155778895,0.5649845383775484
I52S:S75F:R87T:Y95F,I52S:S75F:R87T:Y95F,4,True,0.08127480173435409,0.15842204132748905,9.972933354953572,0.9711055276381909,0.5647637844828399
S77N:Y95F:Y106S,S77N:Y95F:Y106S,3,True,0.08946812481148801,0.3829054477144646,9.195238431676431,0.7465452261306532,0.5647253369225589
F29S:S30N:S31N:I52S:S84N,F29S:S30N:S31N:I52S:S84N,5,True,0.10582445868958254,0.8982467125860989,8.00196346111895,0.23115577889447236,0.5647012457402856
S31N:N59A:K74I:S77N:R87T,S31N:N59A:K74I:S77N:R87T,5,True,0.09817383253289932,0.7085159674389481,8.422295764013912,0.42085427135678394,0.564685119397866
F29S:S30N:I52S:T57S:R87T,F29S:S30N:I52S:T57S:R87T,5,True,0.10761201865796119,0.9245460237946149,7.948434841384172,0.20477386934673367,0.5646599465706743
K74I:T76S:S84N:Y106S,K74I:T76S:S84N:Y106S,4,True,0.08632888596726818,0.28991859737006886,9.505731254959112,0.8388819095477387,0.5644002534589038
N59A:S75F:S84N:Y106S,N59A:S75F:S84N:Y106S,4,True,0.08320527699196154,0.2028804007514089,9.807845807527219,0.9258793969849246,0.5643798988681668
I52S:S84N:Y95F,I52S:S84N:Y95F,3,True,0.08578602124087957,0.27113337507827173,9.56272937945729,0.8574120603015075,0.5642727176898896
I52S:A58T:S75F:S77N,I52S:A58T:S75F:S77N,4,True,0.08060065212633347,0.1408891671884784,10.117986762050291,0.9874371859296482,0.5641631765590633
I52S:T76S:S77N:R87T:Y106S,I52S:T76S:S77N:R87T:Y106S,5,True,0.10114632276800378,0.8027551659361303,8.215980800273671,0.32537688442211055,0.5640660251791204
F29S:I52S:T71S:S77N:R87T,F29S:I52S:T71S:S77N:R87T,5,True,0.10901726256294249,0.9411396368190357,7.899663705379771,0.18687185929648242,0.564005748057759
S30N:I52S:S77N:S84N:Y106S,S30N:I52S:S77N:S84N:Y106S,5,True,0.09998826880780197,0.7723857232310583,8.279931584102368,0.3555276381909548,0.5639566807110066
T57S:S75F:S77N:Y95F,T57S:S75F:S77N:Y95F,4,True,0.0823104152836185,0.1797119599248591,9.869076922326839,0.948178391959799,0.5639451759423291
S30N:S75F:S84N:R87T:Y95F,S30N:S75F:S84N:R87T:Y95F,5,True,0.08867985130985762,0.3569192235441453,9.263874827370499,0.7707286432160804,0.5638239333801128
F29S:N59A:K74I:T76S,F29S:N59A:K74I:T76S,4,True,0.1007176683768279,0.7908578584846587,8.241328088789068,0.3360552763819096,0.5634565674332841
S30N:I52S:A58T:S75F:R87T,S30N:I52S:A58T:S75F:R87T,5,True,0.08511007283110075,0.252035065748278,9.631321311931599,0.8743718592964824,0.5632034625223802
S30N:I52S:S75F:S77N:Y95F,S30N:I52S:S75F:S77N:Y95F,5,True,0.08746603463712752,0.319348778960551,9.396751667645725,0.8068467336683417,0.5630977563144464
S30N:S75F:T76S:S77N:Y106S,S30N:S75F:T76S:S77N:Y106S,5,True,0.08835553343386854,0.34783969943644333,9.278882388263721,0.7782663316582915,0.5630530155473674
F29S:S77N,F29S:S77N,2,True,0.09765278929917065,0.6909830932999373,8.445294843384717,0.43498743718592964,0.5629852652429335
I52S:A58T:K74I:T76S:R87T,I52S:A58T:K74I:T76S:R87T,5,True,0.09076717638199815,0.43268628678772697,9.073299780248337,0.6931532663316583,0.5629197765596926
S30N:S75F:T76S:S77N:Y95F,S30N:S75F:T76S:S77N:Y95F,5,True,0.08787908223751367,0.33281152160300564,9.340464353540717,0.7930276381909548,0.5629195798969802
S30N:N59A:S75F:T76S:S77N,S30N:N59A:S75F:T76S:S77N,5,True,0.08971112520173936,0.3922980588603632,9.164790201412432,0.7327261306532663,0.5625120947568147
S31N:K74I:T76S:R87T,S31N:K74I:T76S:R87T,4,True,0.08452963106958375,0.23418910457107076,9.693466573899226,0.8907035175879398,0.5624463110795053
K74I:T76S:R87T:Y95F,K74I:T76S:R87T:Y95F,4,True,0.08640036548132672,0.2917971195992486,9.488180428225883,0.8329145728643216,0.562355846231785
S30N:I52S:T57S:K74I:R87T,S30N:I52S:T57S:K74I:R87T,5,True,0.09124094809016846,0.4517845961177207,9.027820836711616,0.6727386934673367,0.5622616447925287
F29S:I52S:T57S:S77N:R87T,F29S:I52S:T57S:S77N:R87T,5,True,0.1114499582241446,0.9683782091421416,7.822434189446617,0.1560929648241206,0.562235586983131
I52S:K74I:S77N:Y95F:Y106S,I52S:K74I:S77N:Y95F:Y106S,5,True,0.09313799091859214,0.530369442705072,8.821721975763818,0.5932788944723618,0.5618241685887169
S30N:I52S:T57S:S75F:R87T,S30N:I52S:T57S:S75F:R87T,5,True,0.08493171219362615,0.24639949906073888,9.645903071494372,0.8768844221105527,0.5616419605856457
S30N:I52S:S75F:R87T:Y95F,S30N:I52S:S75F:R87T:Y95F,5,True,0.08613087458537043,0.28115216030056356,9.514763757751528,0.8420226130653267,0.5615873866829451
I52S:T57S:A58T:S75F:R87T,I52S:T57S:A58T:S75F:R87T,5,True,0.08201671707917717,0.17094552285535378,9.88103314710617,0.9519472361809045,0.5614463795181291
I52S:T57S:S77N:S84N:R87T,I52S:T57S:S77N:S84N:R87T,5,True,0.10185838915357243,0.8180964308077645,8.175093380674603,0.3046482412060301,0.5613723360068973
K74I:T76S:S84N,K74I:T76S:S84N,3,True,0.08116563373571141,0.15497808390732623,9.959975157700825,0.9676507537688442,0.5613144188380852
F29S:S31N:K74I:S84N:R87T,F29S:S31N:K74I:S84N:R87T,5,True,0.10391978868646143,0.8650594865372574,8.073714958619375,0.25753768844221103,0.5612985874897343
T57S:T71S:S84N,T57S:T71S:S84N,3,True,0.08862704010701365,0.35597996242955543,9.248200990655151,0.7660175879396985,0.560998775184627
A58T:S75F:S84N:R87T,A58T:S75F:S84N:R87T,4,True,0.08582355859485268,0.27269881026925485,9.53772004551415,0.8492462311557789,0.5609725207125169
S30N:I52S:T57S:S77N:R87T,S30N:I52S:T57S:S77N:R87T,5,True,0.10127651727752106,0.8049467752035065,8.203968245402256,0.3168969849246231,0.5609218800640648
I52S:N59A:S75F:R87T,I52S:N59A:S75F:R87T,4,True,0.08076439404692813,0.14652473387601753,9.994992112718844,0.9751884422110553,0.5608565880435364
S31N:S77N:Y106S,S31N:S77N:Y106S,3,True,0.088455826287531,0.3509705698184095,9.26095291659385,0.769786432160804,0.5603785009896067
I52S:N59A:K74I:S77N:S84N,I52S:N59A:K74I:S77N:S84N,5,True,0.09739112203913268,0.6853475266123983,8.445383662029041,0.4353015075376884,0.5603245170750434
F29S:N59A:S75F:T76S:S77N,F29S:N59A:S75F:T76S:S77N,5,True,0.10306264520290458,0.843143393863494,8.114226824198132,0.2773241206030151,0.5602337572332545
S30N:T57S:T76S:S77N,S30N:T57S:T76S:S77N,4,True,0.09555749082531742,0.6227301189730745,8.587850291280002,0.49748743718592964,0.5601087780795021
N59A:K74I:S77N:Y95F,N59A:K74I:S77N:Y95F,4,True,0.09103313621373504,0.4423919849718222,9.039999452115067,0.6777638190954773,0.5600779020336497
F29S:T57S:S77N:Y95F,F29S:T57S:S77N:Y95F,4,True,0.11185731957246862,0.9715090795241077,7.798940879033889,0.14855527638190955,0.5600321779530086
I52S:T57S:S75F:T76S:R87T,I52S:T57S:S75F:T76S:R87T,5,True,0.08452020672637196,0.23387601753287413,9.675189339673771,0.8859924623115578,0.559934239922216
K74I:S75F:T76S:S77N,K74I:S75F:T76S:S77N,4,True,0.0811456312568621,0.15466499686912963,9.949555628108286,0.9651381909547738,0.5599015939119517
S30N:S31N:T76S:S77N,S30N:S31N:T76S:S77N,4,True,0.09368806806922245,0.5563556668753914,8.748112810271712,0.5634422110552764,0.5598989389653339
F29S:I52S:T71S:S77N:S84N,F29S:I52S:T71S:S77N:S84N,5,True,0.10738043577843984,0.9204758922980588,7.9388004284548614,0.19912060301507536,0.559798247656567
I52S:T57S:R87T,I52S:T57S:R87T,3,True,0.08511941566270143,0.25266123982467126,9.596731463725396,0.8668341708542714,0.5597477053394713
I52S:R87T:Y106S,I52S:R87T:Y106S,3,True,0.08659131027286691,0.2986850344395742,9.437467652793675,0.8206658291457286,0.5596754317926514
S30N:S75F:S84N:Y95F,S30N:S75F:S84N:Y95F,4,True,0.08125394135275461,0.15779586725109582,9.919951583548942,0.9610552763819096,0.5594255718165027
S31N:T71S:S77N:R87T,S31N:T71S:S77N:R87T,4,True,0.09481111206331252,0.6001878522229179,8.642690230003383,0.5185301507537688,0.5593590014883434
F29S:A58T:S84N:R87T,F29S:A58T:S84N:R87T,4,True,0.11280894875669482,0.9793362554790231,7.765215290520341,0.13913316582914573,0.5592347106540845
F29S:S30N:I52S:T76S:S84N,F29S:S30N:I52S:T76S:S84N,5,True,0.10768370313327993,0.926111458985598,7.912256579490877,0.1922110552763819,0.55916125713099
F29S:I52S:A58T:S77N:S84N,F29S:I52S:A58T:S77N:S84N,5,True,0.10822928213527779,0.9336255479023169,7.891431802549583,0.18467336683417085,0.5591494573682438
F29S:S30N:T71S:T76S,F29S:S30N:T71S:T76S,4,True,0.10268439314821058,0.8371947401377583,8.121600179405913,0.2810929648241206,0.5591438524809395
S30N:T57S:K74I:S77N,S30N:T57S:K74I:S77N,4,True,0.0901063376717822,0.406386975579211,9.112689871412057,0.7116834170854272,0.559035196332319
F29S:I52S:S75F,F29S:I52S:S75F,3,True,0.07922105405590306,0.11803381340012524,10.48147457772216,1.0,0.5590169067000627
S30N:I52S:N59A:R87T,S30N:I52S:N59A:R87T,4,True,0.09302187760361147,0.5272385723231058,8.817130497774077,0.5907663316582915,0.5590024519906986
I52S:T57S:S84N,I52S:T57S:S84N,3,True,0.08500081372472006,0.2485911083281152,9.605978681991822,0.8693467336683417,0.5589689209982285
F29S:S31N:I52S:S77N:R87T,F29S:S31N:I52S:S77N:R87T,5,True,0.11002199435698559,0.9539762053850971,7.840420324415069,0.16394472361809045,0.5589604645015938
F29S:I52S:T57S:T76S:S84N,F29S:I52S:T57S:T76S:S84N,5,True,0.10619925692880652,0.9029430181590482,7.972487544155706,0.21482412060301506,0.5588835693810317
S30N:A58T:S75F:T76S:S77N,S30N:A58T:S75F:T76S:S77N,5,True,0.08794358128142887,0.33469004383218537,9.294946696849966,0.7829773869346733,0.5588337153834293
A58T:N59A:S84N,A58T:N59A:S84N,3,True,0.09588189685827532,0.6361928616155291,8.547177283245636,0.48146984924623115,0.5588313554308801
T57S:T71S:S77N:R87T,T57S:T71S:S77N:R87T,4,True,0.09551314000661656,0.6189730745147151,8.589130979200814,0.498429648241206,0.5587013613779606
N59A:K74I:S77N:R87T:Y95F,N59A:K74I:S77N:R87T:Y95F,5,True,0.09866455492507119,0.7301189730745147,8.349635698988056,0.3869346733668342,0.5585268232206744
S30N:S31N:S75F:T76S:S77N,S30N:S31N:S75F:T76S:S77N,5,True,0.08736122183494534,0.31559173450219163,9.377291536935758,0.8011934673366834,0.5583926009194375
N59A:S75F:S77N,N59A:S75F:S77N,3,True,0.0800155705544607,0.12993112085159675,10.105556802328408,0.9868090452261307,0.5583700830388637
S30N:S31N:K74I:T76S:S77N,S30N:S31N:K74I:T76S:S77N,5,True,0.09321386355715067,0.534439574201628,8.798986786966935,0.582286432160804,0.558363003181216
S30N:I52S:A58T:S84N:R87T,S30N:I52S:A58T:S84N:R87T,5,True,0.09928420054765857,0.7504696305572949,8.297809465761997,0.36620603015075376,0.5583378303540243
I52S:T71S:S75F:S77N,I52S:T71S:S75F:S77N,4,True,0.082222469644597,0.17814652473387602,9.844720392673889,0.9384422110552764,0.5582943678945762
F29S:S30N:S31N:I52S:T76S,F29S:S30N:S31N:I52S:T76S,5,True,0.10392488230534626,0.8653725735754539,8.054805354562061,0.25094221105527637,0.5581573923153651
S30N:S77N:Y95F,S30N:S77N:Y95F,3,True,0.08888645323103168,0.3638071383844709,9.215469001824342,0.7521984924623115,0.5580028154233911
I52S:N59A:S75F:S84N,I52S:N59A:S75F:S84N,4,True,0.08164546590357866,0.16468378209142143,9.879413887218128,0.9513190954773869,0.5580014387844041
S31N:I52S:N59A:S84N,S31N:I52S:N59A:S84N,4,True,0.09217786807586693,0.4887288666249217,8.90281107424706,0.6271984924623115,0.5579636795436166
I52S:T57S:A58T:S84N,I52S:T57S:A58T:S84N,4,True,0.0893393027032081,0.3794614902943018,9.170712804384081,0.7358668341708543,0.5576641622325781
I52S:T71S:K74I:S84N:R87T,I52S:T71S:K74I:S84N:R87T,5,True,0.09278829115736836,0.5153412648716343,8.838331658288668,0.5998743718592965,0.5576078183654654
S30N:S31N:I52S:R87T,S30N:S31N:I52S:R87T,4,True,0.0905391223510571,0.42360676268002506,9.069296138984104,0.6912688442211056,0.5574378034505654
S30N:K74I:S75F:T76S:R87T,S30N:K74I:S75F:T76S:R87T,5,True,0.08414151479909084,0.22542266750156542,9.689657445000705,0.8894472361809045,0.5574349518412349
K74I:S84N:Y95F:Y106S,K74I:S84N:Y95F:Y106S,4,True,0.08623956888516826,0.2855353788353162,9.471322558424257,0.8291457286432161,0.5573405537392662
I52S:T71S:S77N,I52S:T71S:S77N,3,True,0.08890396024629882,0.36443331246086413,9.209296577880306,0.75,0.557216656230432
S30N:T57S:S75F:S77N,S30N:T57S:S75F:S77N,4,True,0.08229682097739639,0.17908578584846588,9.834462803900411,0.9353015075376885,0.5571936466930771
F29S:I52S:N59A:T71S:K74I,F29S:I52S:N59A:T71S:K74I,5,True,0.09811716760153379,0.7072636192861615,8.391161134737626,0.40703517587939697,0.5571493975827793
S31N:T76S:S84N:R87T,S31N:T76S:S84N:R87T,4,True,0.09197150589376121,0.48246712586098933,8.911763669571554,0.6312814070351759,0.5568742664480826
T71S:S75F:S77N:S84N:Y95F,T71S:S75F:S77N:S84N:Y95F,5,True,0.09028266996323349,0.4145272385723231,9.086618934850488,0.6988065326633166,0.5566668856178199
S30N:S31N:I52S:S75F:R87T,S30N:S31N:I52S:S75F:R87T,5,True,0.08501687652523844,0.24953036944270507,9.58574537346529,0.8636934673366834,0.5566119183896943
T71S:S84N:R87T:Y95F,T71S:S84N:R87T:Y95F,4,True,0.09488324656166328,0.6023794614902943,8.618664821079376,0.510678391959799,0.5565289267250466
F29S:A58T:R87T:Y95F,F29S:A58T:R87T:Y95F,4,True,0.1079916941749495,0.9279899812147777,7.891637150087471,0.18498743718592964,0.5564887092003536
F29S:S30N:N59A:S75F:S84N,F29S:S30N:N59A:S75F:S84N,5,True,0.10329150964957413,0.8490920475892298,8.089565110943735,0.2638190954773869,0.5564555715333084
S30N:I52S:S84N:R87T:Y106S,S30N:I52S:S84N:R87T:Y106S,5,True,0.09834034003343774,0.7144646211646838,8.374318012993841,0.39792713567839194,0.5561958784215378
S30N:K74I:S77N:Y95F,S30N:K74I:S77N:Y95F,4,True,0.08940301183852215,0.3807138384470883,9.163940406687292,0.7314698492462312,0.5560918438466598
T71S:S84N:Y95F,T71S:S84N:Y95F,3,True,0.08920461623118157,0.37476518472135256,9.17162726997445,0.7368090452261307,0.5557871149737417
T57S:K74I:S75F:S77N,T57S:K74I:S75F:S77N,4,True,0.08004347050405533,0.13024420788979335,10.032211117052725,0.9811557788944724,0.5556999933921328
I52S:T57S:T76S:S84N,I52S:T57S:T76S:S84N,4,True,0.09107545416274292,0.4448966812773951,9.005718327459189,0.6664572864321608,0.5556769838547779
F29S:I52S:T57S:T76S:S77N,F29S:I52S:T57S:T76S:S77N,5,True,0.10949839061217977,0.9489668127739511,7.837419302673629,0.16237437185929648,0.5556705923166239
S30N:S31N:K74I:R87T,S30N:S31N:K74I:R87T,4,True,0.08594430306528215,0.2764558547276143,9.49494039345501,0.8347989949748744,0.5556274248512444
S30N:I52S:N59A:S75F:R87T,S30N:I52S:N59A:S75F:R87T,5,True,0.08640081518806562,0.2921102066374452,9.434526019915342,0.8190954773869347,0.5556028420121899
S31N:I52S:S77N:R87T:Y106S,S31N:I52S:S77N:R87T:Y106S,5,True,0.09913509154482071,0.7448340638697558,8.297695114177882,0.36589195979899497,0.5553630118343754
F29S:S31N:A58T:S84N,F29S:S31N:A58T:S84N,4,True,0.1092601645267264,0.9452097683155918,7.842871809714669,0.16520100502512564,0.5552053866703587
I52S:T76S:S77N:S84N:Y106S,I52S:T76S:S77N:S84N:Y106S,5,True,0.09927780119819052,0.7498434564809017,8.286428592485318,0.36055276381909546,0.5551981101499985
A58T:K74I:S75F:T76S:S77N,A58T:K74I:S75F:T76S:S77N,5,True,0.08506573299335154,0.2514088916718848,9.569901238509404,0.8589824120603015,0.5551956518660931
S31N:K74I:S77N:Y95F,S31N:K74I:S77N:Y95F,4,True,0.08804198812061384,0.3375078271759549,9.271096967343569,0.7726130653266332,0.555060446251294
N59A:S75F:S77N:Y106S,N59A:S75F:S77N:Y106S,4,True,0.08472524115179289,0.2385723231058234,9.615813643827781,0.8715452261306532,0.5550587746182383
T71S:S84N:Y106S,T71S:S84N:Y106S,3,True,0.08834430479748397,0.3475266123982467,9.240622170652264,0.7625628140703518,0.5550447132342993
I52S:A58T:S75F:R87T,I52S:A58T:S75F:R87T,4,True,0.07959903395775887,0.12273011897307451,10.111976144580316,0.9871231155778895,0.554926617275482
F29S:T76S,F29S:T76S,2,True,0.09597014936597618,0.6415153412648716,8.513817112584348,0.4682788944723618,0.5548971178686167
S30N:T71S:S75F:S77N,S30N:T71S:S75F:S77N,4,True,0.08160329745488529,0.16405760801502817,9.862579261630026,0.9453517587939698,0.554704683404499
F29S:S31N:I52S:T76S:S84N,F29S:S31N:I52S:T76S:S84N,5,True,0.10377184658024412,0.861302442078898,8.041974904720252,0.24780150753768845,0.5545519748082932
A58T:T71S:S77N:R87T,A58T:T71S:S77N:R87T,4,True,0.0971477057128037,0.6756418284283031,8.443238547951905,0.4334170854271357,0.5545294569277194
F29S:A58T:S75F:R87T:Y95F,F29S:A58T:S75F:R87T:Y95F,5,True,0.09780094051936881,0.6963055729492799,8.407918017721089,0.4126884422110553,0.5544970075801676
F29S:I52S:A58T:S77N:R87T,F29S:I52S:A58T:S77N:R87T,5,True,0.110689319595055,0.9608641202254227,7.795891568440871,0.14792713567839197,0.5543956279519073
I52S:T71S:K74I:R87T,I52S:T71S:K74I:R87T,4,True,0.08621124092273684,0.28459611772072635,9.448655019907035,0.8241206030150754,0.5543583603679009
A58T:T71S:S75F:S77N,A58T:T71S:S75F:S77N,4,True,0.0812326096108347,0.15685660613650595,9.880463050091674,0.9516331658291457,0.5542448859828258
F29S:S31N:I52S:S77N:S84N,F29S:S31N:I52S:S77N:S84N,5,True,0.10680086509836645,0.9104571070757671,7.935829042836177,0.1978643216080402,0.5541607143419036
A58T:T71S:S75F:S84N,A58T:T71S:S75F:S84N,4,True,0.08283622942505067,0.191296180338134,9.775372553851685,0.9167713567839196,0.5540337685610268
I52S:A58T:T76S:R87T,I52S:A58T:T76S:R87T,4,True,0.09003519742104096,0.40356919223544147,9.098616548184497,0.7044597989949749,0.5540144956152082
T57S:S75F:S84N:Y95F,T57S:S75F:S84N:Y95F,4,True,0.08036643770875582,0.13650594865372573,9.974596724425469,0.9714195979899497,0.5539627733218377
F29S:T57S:T71S:K74I:T76S,F29S:T57S:T71S:K74I:T76S,5,True,0.09773411559276207,0.6947401377582968,8.408702089158279,0.41300251256281406,0.5538713251605554
S30N:K74I:S84N:R87T:Y106S,S30N:K74I:S84N:R87T:Y106S,5,True,0.09471361958080957,0.5964308077645586,8.622861216012106,0.5113065326633166,0.5538686702139376
I52S:T57S:S75F:R87T,I52S:T57S:S75F:R87T,4,True,0.07947605814673764,0.12179085785848466,10.09366197614171,0.9858668341708543,0.5538288460146695
S30N:T57S:S75F:S84N:R87T,S30N:T57S:S75F:S84N:R87T,5,True,0.08757513247119722,0.3237319974953037,9.298393576565402,0.7839195979899497,0.5538257977426266
S30N:I52S:S75F:S84N,S30N:I52S:S75F:S84N,4,True,0.08006765024527257,0.1308703819661866,9.998723345764724,0.9767587939698492,0.5538145879680179
S31N:I52S:A58T:S77N:S84N,S31N:I52S:A58T:S77N:S84N,5,True,0.09732063695162374,0.6815904821540388,8.433029907190306,0.4258793969849246,0.5537349395694817
F29S:S30N:T71S:S75F:Y95F,F29S:S30N:T71S:S75F:Y95F,5,True,0.09315372533326023,0.5316217908578584,8.782780050276692,0.5756909547738693,0.5536563728158639
A58T:T71S:S75F:S77N:R87T,A58T:T71S:S75F:S77N:R87T,5,True,0.08956176328092322,0.38666249217282406,9.135611912127478,0.7204773869346733,0.5535699395537487
S30N:I52S:S77N:R87T:Y95F,S30N:I52S:S77N:R87T:Y95F,5,True,0.10188672961965853,0.819348778960551,8.140692523811945,0.2876884422110553,0.5535186105858032
I52S:T57S:K74I:S77N:Y106S,I52S:T57S:K74I:S77N:Y106S,5,True,0.09318610267422069,0.5331872260488416,8.773580910588164,0.5738065326633166,0.553496879356079
F29S:S31N:T57S:K74I:T76S,F29S:S31N:T57S:K74I:T76S,5,True,0.09844373854709537,0.7204132748904195,8.349299233318447,0.3863065326633166,0.5533599037768681
S30N:S31N:S75F:S77N,S30N:S31N:S75F:S77N,4,True,0.08214530331571122,0.17532874139010646,9.82352190158163,0.9312185929648241,0.5532736671774653
S30N:T57S:S77N,S30N:T57S:S77N,3,True,0.0896530535427194,0.3894802755165936,9.129715812291218,0.7170226130653267,0.5532514442909602
F29S:S30N:T57S:K74I:R87T,F29S:S30N:T57S:K74I:R87T,5,True,0.1045186096966408,0.8769567939887288,7.998343375741912,0.2292713567839196,0.5531140753863242
S31N:T71S:S84N,S31N:T71S:S84N,3,True,0.08682002775033544,0.3036944270507201,9.382282134654169,0.8024497487437185,0.5530720878972193
N59A:T71S:S75F:S84N,N59A:T71S:S75F:S84N,4,True,0.0843019239443437,0.22730118973074515,9.652348509252878,0.8784547738693468,0.552877981800046
T57S:A58T:S84N:R87T,T57S:A58T:S84N:R87T,4,True,0.09626594201204329,0.6484032561051972,8.487459470245822,0.457286432160804,0.5528448441330006
I52S:T71S:K74I:S77N:S84N,I52S:T71S:K74I:S77N:S84N,5,True,0.09431502725405667,0.5788979336255479,8.662473573538053,0.5263819095477387,0.5526399215866433
A58T:S75F:S77N:R87T:Y106S,A58T:S75F:S77N:R87T:Y106S,5,True,0.08991122510209201,0.39855979962429555,9.103639302601868,0.7066582914572864,0.552609045540791
S30N:S31N:S75F:S84N:R87T,S30N:S31N:S75F:S84N:R87T,5,True,0.08712872304476992,0.3112085159674389,9.342291326948978,0.7939698492462312,0.552589182606835
T57S:K74I:S77N:S84N:Y106S,T57S:K74I:S77N:S84N:Y106S,5,True,0.09609772641006974,0.6452723857232311,8.49133491404348,0.4594849246231156,0.5523786551731733
S30N:T71S:S75F:S84N,S30N:T71S:S75F:S84N,4,True,0.0818032305379327,0.16687539135879775,9.840225049394771,0.9378140703517588,0.5523447308552782
I52S:T57S:A58T:K74I:S77N,I52S:T57S:A58T:K74I:S77N,5,True,0.09092113737040482,0.43863494051346275,9.004392735882067,0.6658291457286433,0.552232043121053
T71S:S75F:S77N:R87T:Y95F,T71S:S75F:S77N:R87T:Y95F,5,True,0.08920080123687782,0.3741390106449593,9.16105253298058,0.730213567839196,0.5521762892420776
F29S:S31N:T57S:T71S,F29S:S31N:T57S:T71S,4,True,0.09904040669335529,0.741390106449593,8.288237674064018,0.36243718592964824,0.5519136461896206
F29S:T57S:T71S:K74I:R87T,F29S:T57S:T71S:K74I:R87T,5,True,0.10069609551315965,0.7902316844082655,8.197858122670628,0.31344221105527637,0.5518369477317709
F29S:A58T:K74I:S75F:T76S,F29S:A58T:K74I:S75F:T76S,5,True,0.09051621960095337,0.4226675015654352,9.044223574217337,0.6809045226130653,0.5517860120892503
F29S:S30N:I52S:T57S:S77N,F29S:S30N:I52S:T57S:S77N,5,True,0.10971971596565683,0.9520976831559174,7.811487107537902,0.1513819095477387,0.551739796351828
I52S:T76S:S77N:S84N:Y95F,I52S:T76S:S77N:S84N:Y95F,5,True,0.09968644014413207,0.7608015028177834,8.25104910210132,0.34233668341708545,0.5515690931174344
S30N:I52S:A58T:K74I:R87T,S30N:I52S:A58T:K74I:R87T,5,True,0.09153335554621574,0.4655604257983719,8.928676638428405,0.6375628140703518,0.5515616199343618
S30N:I52S:K74I:T76S:S84N,S30N:I52S:K74I:T76S:S84N,5,True,0.09203100645246058,0.48403256105197245,8.88615275424236,0.6187185929648241,0.5513755770083983
S31N:I52S:N59A:K74I:S77N,S31N:I52S:N59A:K74I:S77N,5,True,0.09353575742496316,0.5494677520350657,8.726755633408194,0.5530778894472361,0.5512728207411509
S31N:K74I:S77N:S84N:Y95F,S31N:K74I:S77N:S84N:Y95F,5,True,0.0946755560298146,0.593613024420789,8.615086874509693,0.5087939698492462,0.5512034971350176
F29S:S30N:T57S:S75F:Y95F,F29S:S30N:T57S:S75F:Y95F,5,True,0.09515611580511787,0.60832811521603,8.580654595512142,0.4940326633165829,0.5511803892663065
S30N:K74I:R87T,S30N:K74I:R87T,3,True,0.08480855288675009,0.2417031934877896,9.578000500876746,0.8605527638190955,0.5511279786534425
F29S:N59A:S75F:T76S:R87T,F29S:N59A:S75F:T76S:R87T,5,True,0.09892086016633336,0.7366938008766437,8.294850631051336,0.3652638190954774,0.5509788099860605
T57S:S75F:T76S:S77N:Y95F,T57S:S75F:T76S:S77N:Y95F,5,True,0.08692458340578177,0.30619912335629307,9.352451370874595,0.7952261306532663,0.5507126270047797
S30N:I52S:T76S:S84N:R87T,S30N:I52S:T76S:S84N:R87T,5,True,0.09982528135983922,0.7667501565435191,8.23778734714959,0.3344849246231156,0.5506175405833174
F29S:S30N:N59A:S77N,F29S:S30N:N59A:S77N,4,True,0.11681155720716732,0.9962429555416406,7.616182527375763,0.10489949748743718,0.5505712265145388
I52S:A58T:S84N:Y95F,I52S:A58T:S84N:Y95F,4,True,0.09027352938540102,0.4139010644959299,9.059178873341976,0.6868718592964824,0.5503864618962062
F29S:S30N:S31N:I52S:T57S,F29S:S30N:S31N:I52S:T57S,5,True,0.10261364055378734,0.8353162179085786,8.091981092124506,0.26476130653266333,0.550038762220621
S30N:T57S:S75F:S84N,S30N:T57S:S75F:S84N,4,True,0.08070269641928343,0.1443331246086412,9.897500898135743,0.9557160804020101,0.5500246025053256
N59A:K74I:S77N:S84N:R87T,N59A:K74I:S77N:S84N:R87T,5,True,0.10323959523901557,0.8472135253600501,8.060696498560706,0.25282663316582915,0.5500200792629396
I52S:N59A:S75F:T76S:R87T,I52S:N59A:S75F:T76S:R87T,5,True,0.08499151536819732,0.2482780212899186,9.541462914090443,0.8517587939698492,0.550018407629884
K74I:S84N:Y95F,K74I:S84N:Y95F,3,True,0.0811785704663065,0.15529117094552286,9.859804530388766,0.9447236180904522,0.5500073945179875
F29S:I52S:N59A:Y95F,F29S:I52S:N59A:Y95F,4,True,0.10494279835569517,0.8844708829054477,7.973165781586306,0.21545226130653267,0.5499615721059902
F29S:S30N:I52S:T71S:R87T,F29S:S30N:I52S:T71S:R87T,5,True,0.105408597380147,0.8922980588603632,7.95508145966338,0.20760050251256282,0.549949280686463
T71S:S75F:S77N:S84N:Y106S,T71S:S75F:S77N:S84N:Y106S,5,True,0.08995642107720342,0.3994990607388854,9.08922614558721,0.7003768844221105,0.549937972580498
F29S:I52S:T57S:T71S:T76S,F29S:I52S:T57S:T71S:T76S,5,True,0.10112811217391243,0.802128991859737,8.161262866902065,0.29773869346733667,0.5499338426635368
N59A:K74I:T76S:S77N:S84N,N59A:K74I:T76S:S77N:S84N,5,True,0.09976957059937441,0.7639323731997495,8.240885334643764,0.33542713567839194,0.5496797544390707
N59A:K74I:S84N,N59A:K74I:S84N,3,True,0.08618246794035238,0.2836568566061365,9.424357637542743,0.815640703517588,0.5496487800618622
S30N:A58T:S75F:S84N,S30N:A58T:S75F:S84N,4,True,0.08289154264947979,0.19380087664370696,9.742184481661523,0.905464824120603,0.549632850382155
I52S:S75F:S77N:Y95F:Y106S,I52S:S75F:S77N:Y95F:Y106S,5,True,0.08747566048147738,0.3199749530369443,9.282073093764827,0.7792085427135679,0.5495917478752561
T71S:S77N:R87T:Y106S,T71S:S77N:R87T:Y106S,4,True,0.09568345667785692,0.6274264245460238,8.523345019754126,0.47173366834170855,0.5495800464438662
S31N:T57S:K74I:S77N:S84N,S31N:T57S:K74I:S77N:S84N,5,True,0.09468675596082327,0.5954915466499687,8.60363506372049,0.5034547738693468,0.5494731602596578
I52S:T57S:R87T:Y106S,I52S:T57S:R87T:Y106S,4,True,0.08840701972740381,0.34971822166562305,9.204667815756956,0.7487437185929648,0.5492309701292939
S30N:K74I:S84N,S30N:K74I:S84N,3,True,0.08251153834241484,0.18378209142141516,9.770688322494845,0.914572864321608,0.5491774778715116
N59A:S75F:S84N,N59A:S75F:S84N,3,True,0.0788232775472515,0.11020663744520977,10.124526294508989,0.9880653266331658,0.5491359820391878
I52S:T76S:S84N:Y95F,I52S:T76S:S84N:Y95F,4,True,0.09116525575074155,0.44740137758296805,8.955751044235669,0.6507537688442211,0.5490775732135946
S30N:T71S:S75F:T76S:S77N,S30N:T71S:S75F:T76S:S77N,5,True,0.08717098217484592,0.3121477770820288,9.304790792271179,0.7854899497487438,0.5488188634153863
F29S:R87T,F29S:R87T,2,True,0.09697352033047162,0.6718847839699437,8.43250276979988,0.4255653266331658,0.5487250553015548
S31N:K74I:T76S:S77N:Y106S,S31N:K74I:T76S:S77N:Y106S,5,True,0.09178159068578072,0.4746399499060739,8.893163314989188,0.6228015075376885,0.5487207287218812
S30N:I52S:K74I:Y95F,S30N:I52S:K74I:Y95F,4,True,0.08219264382552961,0.17783343769567939,9.785033365301782,0.9195979899497487,0.5487157138227141
I52S:N59A:K74I:S77N:Y106S,I52S:N59A:K74I:S77N:Y106S,5,True,0.09449675799400985,0.5864120225422668,8.6201247389718,0.5109924623115578,0.5487022424269123
S30N:K74I:T76S:S77N:Y106S,S30N:K74I:T76S:S77N:Y106S,5,True,0.09461996057342568,0.5907952410770194,8.609601411723634,0.5062814070351759,0.5485383240560977
F29S:T57S:N59A:S75F:R87T,F29S:T57S:N59A:S75F:R87T,5,True,0.09934607710855041,0.7529743268628679,8.257067582684355,0.3439070351758794,0.5484406810193736
I52S:N59A:S75F:S77N:Y95F,I52S:N59A:S75F:S77N:Y95F,5,True,0.08813628948696518,0.34095178459611775,9.220742382053743,0.7556532663316583,0.548302525463888
N59A:K74I:S77N:R87T:Y106S,N59A:K74I:S77N:R87T:Y106S,5,True,0.09859494023280294,0.7266750156543519,8.306699748852042,0.3696608040201005,0.5481679098372262
I52S:S77N:S84N:Y95F:Y106S,I52S:S77N:S84N:Y95F:Y106S,5,True,0.09917461598546079,0.7467125860989355,8.27009964409725,0.3495603015075377,0.5481364438032366
F29S:A58T:T76S:S77N,F29S:A58T:T76S:S77N,4,True,0.11047822387701196,0.9592986850344396,7.759109195183131,0.13693467336683418,0.5481166792006369
S31N:I52S:T76S:S84N,S31N:I52S:T76S:S84N,4,True,0.08849178374800645,0.3519098309329994,9.191818785135736,0.7440326633165829,0.5479712471247912
S30N:A58T:S75F:S84N:R87T,S30N:A58T:S75F:S84N:R87T,5,True,0.09030621661597564,0.41546649968691296,9.04236750524966,0.6802763819095478,0.5478714407982304
S30N:T76S:S84N:Y106S,S30N:T76S:S84N:Y106S,4,True,0.09350443782258702,0.5485284909204758,8.713351971481842,0.5471105527638191,0.5478195218421475
S31N:I52S:T57S:S75F:S77N,S31N:I52S:T57S:S75F:S77N,5,True,0.08570040718110353,0.2680025046963056,9.46236547986305,0.8275753768844221,0.5477889407903638
S31N:I52S:S75F:S77N:Y106S,S31N:I52S:S75F:S77N:Y106S,5,True,0.08685139970929286,0.30432060112711334,9.32736837950378,0.7911432160804021,0.5477319086037578
I52S:S77N:S84N:R87T:Y95F,I52S:S77N:S84N:R87T:Y95F,5,True,0.10255378819309217,0.8334376956793988,8.08457812829145,0.2619346733668342,0.5476861845231165
F29S:N59A:S77N:S84N,F29S:N59A:S77N:S84N,4,True,0.11952005549839559,0.9993738259236068,7.546335637302139,0.09579145728643217,0.5475826416050195
S31N:K74I:S75F:T76S:R87T,S31N:K74I:S75F:T76S:R87T,5,True,0.08084781656655705,0.14809016906700062,9.866839397503114,0.946608040201005,0.5473491046340028
F29S:S30N:T76S:Y95F,F29S:S30N:T76S:Y95F,4,True,0.10559969474204225,0.8941765810895429,7.940316689813062,0.20037688442211055,0.5472767327558268
S31N:I52S:K74I:R87T:Y95F,S31N:I52S:K74I:R87T:Y95F,5,True,0.0887691431344185,0.35879774577332496,9.169375511584999,0.7355527638190955,0.5471752547962102
S30N:N59A:S84N:Y106S,S30N:N59A:S84N:Y106S,4,True,0.09567642661207929,0.6271133375078272,8.510293635630767,0.4670226130653266,0.5470679752865769
I52S:T57S:N59A:K74I:S77N,I52S:T57S:N59A:K74I:S77N,5,True,0.09410346624798945,0.5695053224796494,8.65678330778062,0.5244974874371859,0.5470014049584176
S31N:I52S:K74I:R87T:Y106S,S31N:I52S:K74I:R87T:Y106S,5,True,0.08910149539084916,0.36975579211020665,9.144128311531869,0.7239321608040201,0.5468439764571134
I52S:T57S:N59A:S75F:S77N,I52S:T57S:N59A:S75F:S77N,5,True,0.0882136087811451,0.3431433938634941,9.20932377391599,0.7503140703517588,0.5467287321076264
S31N:I52S:T76S:R87T,S31N:I52S:T76S:R87T,4,True,0.08858468778245045,0.35472761427676897,9.177014017940277,0.7383793969849246,0.5465535056308468
F29S:S30N:S31N:N59A:S75F,F29S:S30N:S31N:N59A:S75F,5,True,0.09782463889999987,0.697871008140263,8.368997230766523,0.3951005025125628,0.5464857553264129
T71S:S75F:T76S:S77N,T71S:S75F:T76S:S77N,4,True,0.08282223462526886,0.19067000626174077,9.733790122374996,0.9016959798994975,0.5461829930806191
F29S:S31N:R87T:Y95F,F29S:S31N:R87T:Y95F,4,True,0.10554697588535156,0.893237319974953,7.936790549124257,0.1984924623115578,0.5458648911432554
F29S:A58T:N59A:S75F:S77N,F29S:A58T:N59A:S75F:S77N,5,True,0.10283684715081823,0.8400125234815279,8.058368206763681,0.25125628140703515,0.5456344024442815
F29S:S31N:A58T:K74I:S75F,F29S:S31N:A58T:K74I:S75F,5,True,0.08974621732795723,0.39292423293675643,9.084957412327151,0.6978643216080402,0.5453942772723983
F29S:S30N:T57S:N59A:S75F,F29S:S30N:T57S:N59A:S75F,5,True,0.09802636672096457,0.7047589229805886,8.349126834661208,0.3859924623115578,0.5453756926460732
F29S:T57S:T71S:K74I:S84N,F29S:T57S:T71S:K74I:S84N,5,True,0.10289865112172476,0.8409517845961177,8.048371264828614,0.2496859296482412,0.5453188571221794
S31N:N59A:S75F:S77N,S31N:N59A:S75F:S77N,4,True,0.08484844500797946,0.24358171571696932,9.530877936276859,0.8470477386934674,0.5453147272052183
A58T:S75F:S84N:Y95F,A58T:S75F:S84N:Y95F,4,True,0.08208612380651861,0.17345021916092673,9.775859359579014,0.9170854271356784,0.5452678231483026
I52S:T76S:S84N:Y106S,I52S:T76S:S84N:Y106S,4,True,0.09055229733182923,0.42423293675641827,9.005073874203667,0.6661432160804021,0.5451880764184102
F29S:S31N:I52S:T57S:T76S,F29S:S31N:I52S:T57S:T76S,5,True,0.10154878175499277,0.8115216030056356,8.116347123069435,0.27858040201005024,0.5450510025078429
T57S:K74I:S75F:T76S:R87T,T57S:K74I:S75F:T76S:R87T,5,True,0.08132433371604879,0.15904821540388228,9.820867941392793,0.9305904522613065,0.5448193338325944
I52S:A58T:S75F:R87T:Y95F,I52S:A58T:S75F:R87T:Y95F,5,True,0.0835246142525863,0.20945522855353788,9.659874624449186,0.8800251256281407,0.5447401770908393
T57S:K74I:S77N:R87T:Y106S,T57S:K74I:S77N:R87T:Y106S,5,True,0.09672350159152522,0.6646837820914214,8.430946814679876,0.42462311557788945,0.5446534488346555
K74I:S75F:S77N:Y95F,K74I:S75F:S77N:Y95F,4,True,0.07968971047027008,0.12460864120225423,9.944108644839446,0.9645100502512562,0.5445593457267552
S30N:T57S:K74I:S77N:S84N,S30N:T57S:K74I:S77N:S84N,5,True,0.09670545326574147,0.6637445209768316,8.43156935290727,0.42525125628140703,0.5444978886291193
S30N:S31N:K74I:S84N,S30N:S31N:K74I:S84N,4,True,0.08602294173119637,0.27770820288040077,9.412600091906283,0.8112437185929648,0.5444759607366828
S31N:I52S:S75F:T76S:R87T,S31N:I52S:S75F:T76S:R87T,5,True,0.08389191490866536,0.2201001878522229,9.60473977232801,0.8687185929648241,0.5444093904085235
I52S:T71S:S77N:Y106S,I52S:T71S:S77N:Y106S,4,True,0.09297996109715069,0.5250469630557295,8.748317571164128,0.5637562814070352,0.5444016222313823
S31N:I52S:S84N,S31N:I52S:S84N,3,True,0.0825563467858297,0.18503443957420163,9.737048831486868,0.9035804020100503,0.5443074207921259
T57S:S75F:T76S:S84N,T57S:S75F:T76S:S84N,4,True,0.08079100476119454,0.14683782091421416,9.852033796176572,0.9415829145728644,0.5442103677435393
F29S:N59A:T71S:S84N,F29S:N59A:T71S:S84N,4,True,0.11480447961885047,0.9912335629304947,7.560602407008613,0.09704773869346733,0.544140650811981
F29S:A58T:N59A:R87T,F29S:A58T:N59A:R87T,4,True,0.11098889730576544,0.9646211646837821,7.693250267436137,0.12342964824120603,0.5440254064624941
I52S:T57S:S75F:R87T:Y95F,I52S:T57S:S75F:R87T:Y95F,5,True,0.08365902703673406,0.21415153412648716,9.628881538057426,0.8737437185929648,0.543947626359726
S30N:K74I:S75F:R87T,S30N:K74I:S75F:R87T,4,True,0.07899781326848399,0.11490294301815905,9.98231987983127,0.9729899497487438,0.5439464463834514
S30N:A58T:S77N,S30N:A58T:S77N,3,True,0.08919719408255632,0.37351283656856604,9.118182282822197,0.7141959798994975,0.5438544082340317
S30N:I52S:K74I,S30N:I52S:K74I,3,True,0.07831367321827896,0.1023794614902943,10.069806323292063,0.9852386934673367,0.5438090774788155
T57S:K74I:S77N:Y106S,T57S:K74I:S77N:Y106S,4,True,0.08999933574378045,0.40169067000626174,9.056452873130194,0.6856155778894473,0.5436531239478545
I52S:A58T:T71S:S75F:S77N,I52S:A58T:T71S:S75F:S77N,5,True,0.08455889614658574,0.234815278647464,9.54325617215852,0.8523869346733668,0.5436011066604154
S31N:T76S:S77N:S84N:R87T,S31N:T76S:S77N:S84N:R87T,5,True,0.1017015689441707,0.8137132122730119,8.107778838045725,0.27324120603015073,0.5434772091515813
T57S:A58T:S75F:S77N,T57S:A58T:S75F:S77N,4,True,0.08126221452749464,0.15810895428929242,9.81502022863093,0.9287060301507538,0.5434074922200232
S31N:S84N:R87T:Y95F,S31N:S84N:R87T:Y95F,4,True,0.09272123558427832,0.513149655604258,8.772376139417696,0.5734924623115578,0.5433210589579078
S30N:K74I:S84N:Y106S,S30N:K74I:S84N:Y106S,4,True,0.08772698236308493,0.32936756418284285,9.230938932037137,0.7572236180904522,0.5432955911366475
S31N:I52S:S77N:S84N:Y106S,S31N:I52S:S77N:S84N:Y106S,5,True,0.09755875158767516,0.6894176581089543,8.373490783713398,0.3969849246231156,0.5432012913660349
F29S:I52S:T57S:S84N:R87T,F29S:I52S:T57S:S84N:R87T,5,True,0.10732686876039409,0.9185973700688791,7.847292114721751,0.16771356783919597,0.5431554689540375
F29S:I52S:A58T:T76S:S77N,F29S:I52S:A58T:T76S:S77N,5,True,0.1073534747220218,0.9192235441452724,7.84582943544499,0.1670854271356784,0.5431544856404754
F29S:I52S:T57S:T71S:R87T,F29S:I52S:T57S:T71S:R87T,5,True,0.10344434328594145,0.8525360050093926,8.007423756617143,0.23366834170854273,0.5431021733589677
I52S:T57S:S77N:R87T:Y95F,I52S:T57S:S77N:R87T:Y95F,5,True,0.10023545268793653,0.7789605510331872,8.181808018985132,0.3068467336683417,0.5429036423507645
S30N:I52S:S75F:T76S,S30N:I52S:S75F:T76S,4,True,0.07990104846295265,0.12773951158422042,9.903833525392645,0.9579145728643216,0.542827042224271
S31N:I52S:N59A:S75F:S77N,S31N:I52S:N59A:S75F:S77N,5,True,0.0881020123263997,0.3403256105197245,9.19315165817912,0.7452889447236181,0.5428072776216712
I52S:N59A:K74I:S77N:Y95F,I52S:N59A:K74I:S77N:Y95F,5,True,0.09363085932332803,0.5535378835316218,8.676862298542234,0.532035175879397,0.5427865297055094
S31N:A58T:S84N:R87T,S31N:A58T:S84N:R87T,4,True,0.0951771710238656,0.6095804633688165,8.53303653155383,0.47581658291457285,0.5426985231416948
S31N:K74I:T76S:S77N:Y95F,S31N:K74I:T76S:S77N:Y95F,5,True,0.09110338142373955,0.445835942391985,8.93406374240183,0.6394472361809045,0.5426415892864447
F29S:I52S:T76S:S84N:Y95F,F29S:I52S:T76S:S84N:Y95F,5,True,0.10589061491606713,0.8988728866624922,7.897256660793148,0.18624371859296482,0.5425583026277285
T57S:S75F:S84N:R87T:Y95F,T57S:S75F:S84N:R87T:Y95F,5,True,0.08695979762573942,0.30776455854727613,9.27704293968186,0.777324120603015,0.5425443395751456
F29S:S30N:A58T:T71S:S75F,F29S:S30N:A58T:T71S:S75F,5,True,0.09281930828086996,0.5169067000626174,8.759865829587874,0.5681532663316583,0.5425299831971379
T76S:S77N:S84N:R87T:Y95F,T76S:S77N:S84N:R87T:Y95F,5,True,0.10396235683948817,0.8659987476518473,7.979538421877719,0.2189070351758794,0.5424528914138633
F29S:S31N:T57S:K74I:S84N,F29S:S31N:T57S:K74I:S84N,5,True,0.1022832412461828,0.8274890419536631,8.073700256626942,0.25722361809045224,0.5423563300220577
S30N:N59A:K74I:S77N:S84N,S30N:N59A:K74I:S77N:S84N,5,True,0.10027292735159138,0.779899812147777,8.174625665644225,0.30433417085427134,0.5421169915010242
S30N:I52S:N59A:K74I:R87T,S30N:I52S:N59A:K74I:R87T,5,True,0.09249796353292697,0.5037570444583594,8.792157220873172,0.5804020100502513,0.5420795272543053
I52S:T57S:A58T:S77N:S84N,I52S:T57S:A58T:S77N:S84N,5,True,0.09864721466545931,0.7291797119599248,8.278707992003167,0.3548994974874372,0.5420396047236811
T57S:T76S:S77N:Y95F,T57S:T76S:S77N:Y95F,4,True,0.0935038230566228,0.5482154038822793,8.686213835452893,0.5358040201005025,0.5420097119913909
I52S:T71S:K74I:T76S,I52S:T71S:K74I:T76S,4,True,0.08075879787190268,0.14621164683782092,9.840122171374402,0.9375,0.5418558234189105
S31N:K74I:S84N:R87T:Y106S,S31N:K74I:S84N:R87T:Y106S,5,True,0.09150895735640927,0.4633688165309956,8.888805693526217,0.6202889447236181,0.5418288806273068
F29S:S30N:I52S:T71S:S84N,F29S:S30N:I52S:T71S:S84N,5,True,0.10622574885501572,0.9038822792736381,7.880886074645687,0.17964824120603015,0.5417652602398341
S30N:I52S:K74I:Y106S,S30N:I52S:K74I:Y106S,4,True,0.08395158067910634,0.22072636192861617,9.580653479873378,0.862751256281407,0.5417388091050116
S31N:T57S:S75F:T76S:S77N,S31N:T57S:S75F:T76S:S77N,5,True,0.08572455319025617,0.26988102692548527,9.416859086949804,0.8134422110552764,0.5416616189903808
S30N:S31N:T76S:S77N:R87T,S30N:S31N:T76S:S77N:R87T,5,True,0.09999180405523542,0.7726988102692548,8.190794127700281,0.3106155778894472,0.541657194079351
I52S:N59A:S75F:S77N:Y106S,I52S:N59A:S75F:S77N:Y106S,5,True,0.08865122747809459,0.35629304946775203,9.15195348181968,0.7267587939698492,0.5415259217188007
F29S:S30N:S31N:T71S,F29S:S30N:S31N:T71S,4,True,0.100504001674528,0.7864746399499061,8.160307093736286,0.2964824120603015,0.5414785260051038
T57S:K74I:T76S:R87T,T57S:K74I:T76S:R87T,4,True,0.08584532163682893,0.2736380713838447,9.402284727268983,0.8090452261306532,0.541341648757249
F29S:T57S:A58T:K74I:S75F,F29S:T57S:A58T:K74I:S75F,5,True,0.09004776406813665,0.40419536631183467,9.040496080762221,0.678391959798995,0.5412936630554148
K74I:S84N:Y106S,K74I:S84N:Y106S,3,True,0.08071987743083725,0.14527238572323106,9.8377189314764,0.9371859296482412,0.5412291576857361
S31N:N59A:K74I:S75F:S77N,S31N:N59A:K74I:S75F:S77N,5,True,0.08536451269029008,0.2595491546649969,9.442080375827267,0.8228643216080402,0.5412067381365185
T71S:S75F:T76S:S84N,T71S:S75F:T76S:S84N,4,True,0.0813454217985026,0.1612398246712586,9.788801458199904,0.9211683417085427,0.5412040831899007
K74I:S75F:T76S:R87T:Y95F,K74I:S75F:T76S:R87T:Y95F,5,True,0.08192740681203053,0.16938008766437068,9.767603554241585,0.9130025125628141,0.5411913001135924
F29S:N59A:T71S:S77N,F29S:N59A:T71S:S77N,4,True,0.11358439180775556,0.9830932999373826,7.572492580631943,0.0992462311557789,0.5411697655465807
I52S:A58T:S77N:R87T:Y106S,I52S:A58T:S77N:R87T:Y106S,5,True,0.09924931990725143,0.7489041953663118,8.235295296861814,0.3332286432160804,0.5410664192911961
S75F:S77N:Y95F,S75F:S77N:Y95F,3,True,0.07662757743675212,0.08641202254226675,10.217520853100833,0.9949748743718593,0.540693448457063
I52S:S75F:T76S:S84N,I52S:S75F:T76S:S84N,4,True,0.0789873370520893,0.11458985597996243,9.956956340191608,0.9667085427135679,0.5406491993467651
T71S:K74I:T76S:S84N,T71S:K74I:T76S:S84N,4,True,0.08698757878277452,0.308703819661866,9.270168599279266,0.7722989949748744,0.5405014073183703
T57S:N59A:K74I:S77N:R87T,T57S:N59A:K74I:S77N:R87T,5,True,0.09857956988385258,0.7263619286161553,8.278341651082505,0.35458542713567837,0.5404736778759168
F29S:I52S:T57S:S77N:S84N,F29S:I52S:T57S:S77N:S84N,5,True,0.10892237419563813,0.9398872886662493,7.769639937599712,0.14101758793969849,0.5404524383029738
I52S:T76S:R87T:Y95F,I52S:T76S:R87T:Y95F,4,True,0.0911958952184625,0.4492798998121478,8.912579168190264,0.6315954773869347,0.5404376885995412
N59A:K74I:T76S:R87T,N59A:K74I:T76S:R87T,4,True,0.08623415327204548,0.2852222917971196,9.353037937449914,0.7955402010050251,0.5403812464010723
S30N:I52S:S75F:T76S:S84N,S30N:I52S:S75F:T76S:S84N,5,True,0.08663080940197629,0.29962429555416403,9.289637663839704,0.7807788944723618,0.5402015950132629
F29S:S30N:N59A:T71S:S75F,F29S:S30N:N59A:T71S:S75F,5,True,0.0959369625694288,0.6390106449592987,8.456670672461897,0.4412688442211055,0.5401397445902021
I52S:A58T:K74I:S77N:Y95F,I52S:A58T:K74I:S77N:Y95F,5,True,0.09094061851369582,0.4402003757044458,8.936774701848162,0.6400753768844221,0.540137876294434
F29S:S31N:N59A:S75F:S77N,F29S:S31N:N59A:S75F:S77N,5,True,0.1034208038875391,0.852222917971196,7.996126827423914,0.22801507537688442,0.5401189966740402
S30N:S31N:K74I:T76S:R87T,S30N:S31N:K74I:T76S:R87T,5,True,0.08951783941521875,0.3841577958672511,9.078888274606221,0.6959798994974874,0.5400688476823692
I52S:T57S:S75F:S77N:Y106S,I52S:T57S:S75F:S77N:Y106S,5,True,0.0871284846066244,0.3108954289292423,9.25925964259246,0.7691582914572864,0.5400268601932644
S31N:I52S:S75F:S77N:Y95F,S31N:I52S:S75F:S77N:Y95F,5,True,0.08617893843366024,0.2830306825297433,9.357007044014553,0.7967964824120602,0.5399135824709018
S30N:N59A:T76S:S84N,S30N:N59A:T76S:S84N,4,True,0.09734724811752851,0.6831559173450219,8.37222409222974,0.3966708542713568,0.5399133858081894
I52S:T57S:A58T:K74I:R87T,I52S:T57S:A58T:K74I:R87T,5,True,0.08831678821509259,0.34627426424546026,9.165374092888294,0.7333542713567839,0.5398142678011221
A58T:S75F:T76S:S84N,A58T:S75F:T76S:S84N,4,True,0.08266664994156896,0.18722604884157795,9.700987835092617,0.8922738693467337,0.5397499590941558
T57S:K74I:T76S:S84N,T57S:K74I:T76S:S84N,4,True,0.0871782647659201,0.31277395115842205,9.250880786915662,0.7666457286432161,0.5397098399008191
S30N:S31N:I52S:S84N:R87T,S30N:S31N:I52S:S84N:R87T,5,True,0.09674359877879547,0.6649968691296181,8.410626849019758,0.41425879396984927,0.5396278315497337
S31N:A58T:K74I:S77N:R87T,S31N:A58T:K74I:S77N:R87T,5,True,0.09684037680784584,0.6684408265497809,8.402442627270883,0.4108040201005025,0.5396224233251417
T71S:K74I:S75F:S77N,T71S:K74I:S75F:S77N,4,True,0.07926863655994962,0.11897307451471509,9.915756587060022,0.9601130653266332,0.5395430699206741
T71S:K74I:S77N,T71S:K74I:S77N,3,True,0.08483272310571277,0.2429555416405761,9.500880667961617,0.8360552763819096,0.5395054090112428
I52S:N59A:S84N:Y95F,I52S:N59A:S84N:Y95F,4,True,0.09359241015558625,0.5516593613024421,8.663775433767642,0.527324120603015,0.5394917409527286
I52S:N59A:T71S:S84N,I52S:N59A:T71S:S84N,4,True,0.09370321565766863,0.5569818409517846,8.645894933623639,0.5219849246231156,0.5394833827874501
I52S:K74I:S84N,I52S:K74I:S84N,3,True,0.07620269283398436,0.08140262993112085,10.255187802014984,0.9974874371859297,0.5394450335585252
F29S:I52S:A58T:T71S:S84N,F29S:I52S:A58T:T71S:S84N,5,True,0.1050640844681464,0.8869755792110207,7.911529780596846,0.19189698492462312,0.5394362820678219
A58T:S75F:S84N,A58T:S75F:S84N,3,True,0.07676577385609767,0.08829054477144646,10.158466909548514,0.9905778894472361,0.5394342171093413
I52S:S75F:S84N:Y95F,I52S:S75F:S84N:Y95F,4,True,0.0791873729130512,0.11709455228553538,9.924209503769028,0.9616834170854272,0.5393889846854812
F29S:S30N:I52S:R87T:Y95F,F29S:S30N:I52S:R87T:Y95F,5,True,0.10820962744531716,0.9329993738259236,7.786289086683257,0.1457286432160804,0.539364008521002
S31N:K74I:R87T,S31N:K74I:R87T,3,True,0.0803929338676911,0.1374452097683156,9.851582457806217,0.9412688442211056,0.5393570269947106
I52S:A58T:N59A:S84N,I52S:A58T:N59A:S84N,4,True,0.09296513889084769,0.5241077019411396,8.729051507574992,0.5543341708542714,0.5392209363977055
F29S:I52S:A58T:S84N:R87T,F29S:I52S:A58T:S84N:R87T,5,True,0.10817634951058928,0.9320601127113337,7.789085681880301,0.146356783919598,0.5392084483154659
S30N:I52S:T71S:S84N,S30N:I52S:T71S:S84N,4,True,0.09230691704511602,0.4940513462742642,8.802632615252092,0.5838567839195979,0.5389540650969311
F29S:T57S:N59A:S84N,F29S:T57S:N59A:S84N,4,True,0.11683800557955042,0.9965560425798372,7.442821595233019,0.08134422110552764,0.5389501318426824
S31N:T57S:K74I:S75F:R87T,S31N:T57S:K74I:S75F:R87T,5,True,0.07894125899984103,0.11208515967438948,9.95336834378315,0.9657663316582915,0.5389257456663405
S30N:T57S:T76S:S84N,S30N:T57S:T76S:S84N,4,True,0.09392858674850821,0.5635566687539136,8.627349475399653,0.5141331658291457,0.5388449172915297
N59A:S75F:S84N:R87T:Y95F,N59A:S75F:S84N:R87T:Y95F,5,True,0.08976422507681764,0.3938634940513463,9.049385148376759,0.6837311557788944,0.5387973249151203
I52S:T71S:S77N:S84N:R87T,I52S:T71S:S77N:S84N:R87T,5,True,0.10186976980781205,0.8187226048841578,8.075912379410227,0.25879396984924624,0.5387582873667021
T57S:S75F:S77N,T57S:S75F:S77N,3,True,0.07681156808264847,0.08860363180964308,10.130260860404093,0.9886934673366834,0.5386485495731632
A58T:N59A:S84N:R87T,A58T:N59A:S84N:R87T,4,True,0.1007329531819157,0.7911709455228554,8.136276915878646,0.28611809045226133,0.5386445179875583
S30N:A58T:K74I:S77N:S84N,S30N:A58T:K74I:S77N:S84N,5,True,0.09800801141853697,0.7038196618659988,8.31416723667923,0.373429648241206,0.5386246550536024
T76S:S77N:S84N:R87T:Y106S,T76S:S77N:S84N:R87T:Y106S,5,True,0.10261820453059654,0.8356293049467752,8.02464450867982,0.24152010050251257,0.5385747027246439
F29S:S30N:I52S:S77N:Y95F,F29S:S30N:I52S:S77N:Y95F,5,True,0.10922419635337617,0.9442705072010019,7.739514609307154,0.13285175879396985,0.5385611329974859
S31N:T57S:K74I:T76S:S77N,S31N:T57S:K74I:T76S:S77N,5,True,0.09145398333326193,0.46117720726361927,8.88127996019088,0.615891959798995,0.5385345835313071
F29S:T71S:K74I:R87T:Y95F,F29S:T71S:K74I:R87T:Y95F,5,True,0.101048407979554,0.8005635566687539,8.112791620909384,0.2760678391959799,0.5383156979323669
F29S:T71S:K74I:S84N:Y95F,F29S:T71S:K74I:S84N:Y95F,5,True,0.10259892806915515,0.8340638697557922,8.02574238777864,0.24246231155778894,0.5382630906567906
S30N:T57S:K74I:T76S:S77N,S30N:T57S:K74I:T76S:S77N,5,True,0.09451564786748982,0.58703819661866,8.569738930302677,0.48932160804020103,0.5381799023294305
T57S:T71S:S75F:S84N,T57S:T71S:S75F:S84N,4,True,0.08064708179954061,0.1424546023794615,9.829078644071862,0.9337311557788944,0.5380928790791779
S30N:S77N:S84N:R87T:Y106S,S30N:S77N:S84N:R87T:Y106S,5,True,0.10368000217269423,0.858797745773325,7.9761642500236345,0.21733668341708542,0.5380672145952052
S31N:S75F:S77N,S31N:S75F:S77N,3,True,0.07663704869221298,0.08672510958046337,10.14164650998208,0.989321608040201,0.5380233588103321
I52S:S75F:R87T:Y106S,I52S:S75F:R87T:Y106S,4,True,0.0807355742434852,0.14558547276142766,9.818810697048946,0.9302763819095478,0.5379309273354878
S30N:S75F:S77N,S30N:S75F:S77N,3,True,0.07608120892740827,0.07952410770194114,10.228144083418806,0.9962311557788944,0.5378776317404178
S31N:T57S:T76S:S77N:R87T,S31N:T57S:T76S:S77N:R87T,5,True,0.09737299321416917,0.684721352536005,8.357718428583544,0.3910175879396985,0.5378694702378517
K74I:S75F:R87T:Y95F,K74I:S75F:R87T:Y95F,4,True,0.07761371115094835,0.09517845961177207,10.028652636746857,0.9805276381909548,0.5378530489013634
S31N:T71S:S75F:S84N,S31N:T71S:S75F:S84N,4,True,0.08016378922854125,0.13212273011897308,9.857246989694906,0.9431532663316583,0.5376379982253157
I52S:A58T:S77N:S84N:Y95F,I52S:A58T:S77N:S84N:Y95F,5,True,0.0989141262702976,0.7360676268002505,8.24555489559425,0.3391959798994975,0.537631803349874
F29S:S31N:N59A:S84N,F29S:S31N:N59A:S84N,4,True,0.11487302868372425,0.9924859110832811,7.4524914338992705,0.08260050251256282,0.537543206797922
F29S:S30N:K74I:T76S:Y95F,F29S:S30N:K74I:T76S:Y95F,5,True,0.10116978527855248,0.8033813400125235,8.10655649397609,0.2716708542713568,0.5375260971419401
F29S:S31N:I52S:T71S:T76S,F29S:S31N:I52S:T71S:T76S,5,True,0.09948725741627448,0.7564182842830307,8.205179772475333,0.3184673366834171,0.5374428104832238
F29S:S31N:T71S:S75F:Y95F,F29S:S31N:T71S:S75F:Y95F,5,True,0.09208473864269556,0.4862241703193488,8.814359090994692,0.5885678391959799,0.5373960047576644
F29S:T57S:N59A:T71S:S75F,F29S:T57S:N59A:T71S:S75F,5,True,0.09512808949162846,0.6073888541014402,8.510337834117252,0.46733668341708545,0.5373627687592628
S30N:S31N:T76S:S77N:S84N,S30N:S31N:T76S:S77N:S84N,5,True,0.1003842141407075,0.7839699436443331,8.146714199634996,0.2905150753768844,0.5372425095106088
S31N:S77N:Y95F,S31N:S77N:Y95F,3,True,0.08743047147756118,0.31840951784596117,9.222722725723306,0.7559673366834171,0.5371884272646892
F29S:S30N:I52S:T57S:S84N,F29S:S30N:I52S:T57S:S84N,5,True,0.10753841288882603,0.9232936756418284,7.809030897989121,0.1507537688442211,0.5370237222430247
T71S:K74I:S77N:R87T:Y95F,T71S:K74I:S77N:R87T:Y95F,5,True,0.09580138843930433,0.6330619912335629,8.456340092781629,0.44095477386934673,0.5370083825514548
S31N:S75F:T76S:S77N:Y95F,S31N:S75F:T76S:S77N:Y95F,5,True,0.08576923891121527,0.27050720100187853,9.383418099857737,0.803391959798995,0.5369495804004367
A58T:S75F:S77N,A58T:S75F:S77N,3,True,0.07619340477611254,0.08108954289292424,10.180272428046703,0.9927763819095478,0.536932962401236
S31N:K74I:T76S:S84N,S31N:K74I:T76S:S84N,4,True,0.0848222563535059,0.24232936756418283,9.482971804809791,0.8313442211055276,0.5368367943348552
F29S:N59A:K74I:Y95F,F29S:N59A:K74I:Y95F,4,True,0.1010662267307783,0.8011897307451471,8.106819394343558,0.27229899497487436,0.5367443628600107
S31N:I52S:T57S:S75F:R87T,S31N:I52S:T57S:S75F:R87T,5,True,0.08186285916364477,0.16844082654978085,9.737563097553936,0.9045226130653267,0.5364817198075538
S31N:S75F:T76S:S77N:Y106S,S31N:S75F:T76S:S77N:Y106S,5,True,0.08609648749370405,0.2802128991859737,9.339124018936475,0.792713567839196,0.5364632335125848
K74I:S84N:R87T:Y95F:Y106S,K74I:S84N:R87T:Y95F:Y106S,5,True,0.09333084822375907,0.5410144020037571,8.676678058738949,0.5317211055276382,0.5363677537656977
S30N:I52S:A58T:K74I,S30N:I52S:A58T:K74I,4,True,0.08062349620525447,0.14182842830306824,9.822379090484,0.9309045226130653,0.5363664754580668
F29S:S30N:T57S:A58T:S75F,F29S:S30N:T57S:A58T:S75F,5,True,0.09429656731290087,0.5782717595491547,8.581101802196272,0.4943467336683417,0.5363092466087482
F29S:S31N:I52S:S84N:R87T,F29S:S31N:I52S:S84N:R87T,5,True,0.10559881291034885,0.8938634940513462,7.877959571605524,0.17870603015075376,0.53628476210105
F29S:S30N:I52S:T71S:S77N,F29S:S30N:I52S:T71S:S77N,5,True,0.10721101350440622,0.9173450219160927,7.8192126650160345,0.1551507537688442,0.5362478878424685
I52S:T71S:S75F:T76S:R87T,I52S:T71S:S75F:T76S:R87T,5,True,0.08387254806495904,0.21947401377582967,9.546355368847218,0.8530150753768844,0.5362445445763571
T57S:N59A:S75F:T76S:S77N,T57S:N59A:S75F:T76S:S77N,5,True,0.08838755585844028,0.3487789605510332,9.143363830361732,0.7236180904522613,0.5361985255016473
T71S:S75F:S84N,T71S:S75F:S84N,3,True,0.07571657357781071,0.07576706324358172,10.232025095586833,0.9965452261306532,0.5361561446871175
F29S:S30N:K74I:S77N:Y95F,F29S:S30N:K74I:S77N:Y95F,5,True,0.1060557230670038,0.9007514088916719,7.855824526627525,0.1708542713567839,0.535802840124228
I52S:T57S:S77N:R87T:Y106S,I52S:T57S:S77N:R87T:Y106S,5,True,0.09985809200657494,0.7680025046963056,8.172582143669933,0.30339195979899497,0.5356972322476503
K74I:R87T:Y95F,K74I:R87T:Y95F,3,True,0.08228471233775417,0.17877269881026925,9.7010107043777,0.8925879396984925,0.5356803192543809
I52S:T76S:R87T:Y106S,I52S:T76S:R87T:Y106S,4,True,0.09047870065299793,0.4207889793362555,8.955613077728112,0.6504396984924623,0.5356143389143588
T71S:S75F:S84N:Y106S,T71S:S75F:S84N:Y106S,4,True,0.08085381994447108,0.14840325610519725,9.794890632344464,0.9227386934673367,0.535570974786267
I52S:A58T:T71S:S75F:R87T,I52S:A58T:T71S:S75F:R87T,5,True,0.08217574887589253,0.17720726361928615,9.702375403386602,0.8938442211055276,0.5355257423624069
I52S:K74I:R87T:Y95F:Y106S,I52S:K74I:R87T:Y95F:Y106S,5,True,0.09048625605324326,0.4211020663744521,8.954157877402459,0.6494974874371859,0.535299776905819
F29S:I52S:T76S:R87T:Y95F,F29S:I52S:T76S:R87T:Y95F,5,True,0.1064735984588276,0.9073262366938009,7.840076526283097,0.16300251256281406,0.5351643746283075
F29S:S31N:I52S:T71S:S84N,F29S:S31N:I52S:T71S:S84N,5,True,0.10375483385969571,0.8606762680025047,7.96173167337179,0.20948492462311558,0.5350805963128101
S30N:K74I:S75F:S84N,S30N:K74I:S75F:S84N,4,True,0.07658139016181473,0.08609893550407013,10.047478573144303,0.9839824120603015,0.5350406737821858
S30N:N59A:K74I:T76S:S77N,S30N:N59A:K74I:T76S:S77N,5,True,0.09580779174054457,0.6333750782717595,8.447137682188005,0.43655778894472363,0.5349664336082416
S31N:T57S:S75F:S77N,S31N:T57S:S75F:S77N,4,True,0.08124603729003521,0.15716969317470256,9.766447026815907,0.9126884422110553,0.534929067692879
I52S:A58T:S77N:S84N:Y106S,I52S:A58T:S77N:S84N:Y106S,5,True,0.09843407174894779,0.7197871008140263,8.272072356984795,0.3498743718592965,0.5348307363366613
I52S:A58T:K74I:S77N:Y106S,I52S:A58T:K74I:S77N:Y106S,5,True,0.09145097929373361,0.46055103318722607,8.868454839287377,0.6089824120603015,0.5347667226237638
T71S:S75F:S77N,T71S:S75F:S77N,3,True,0.07617940687743696,0.08046336881653099,10.139200594960966,0.9890075376884422,0.5347354532524866
F29S:S30N:K74I:R87T:Y95F,F29S:S30N:K74I:R87T:Y95F,5,True,0.1047743444693656,0.8807138384470883,7.902658367018171,0.18875628140703518,0.5347350599270617
T57S:K74I:T76S:S77N:Y95F,T57S:K74I:T76S:S77N:Y95F,5,True,0.09271483828658696,0.5128365685660614,8.7343445780082,0.5565326633165829,0.5346846159413221
N59A:T71S:S75F:S84N:R87T,N59A:T71S:S75F:S84N:R87T,5,True,0.0892735384883993,0.3772698810269255,9.071186510246177,0.6918969849246231,0.5345834329757744
S31N:T76S:S84N,S31N:T76S:S84N,3,True,0.08485100398496097,0.24389480275516592,9.451472317389891,0.8250628140703518,0.5344788084127589
T57S:A58T:S75F:S84N,T57S:A58T:S75F:S84N,4,True,0.08107177670055021,0.1527864746399499,9.773999481403107,0.9161432160804021,0.534464845360176
T71S:S75F:S77N:R87T:Y106S,T71S:S75F:S77N:R87T:Y106S,5,True,0.08880506158647956,0.3600500939261115,9.10582376683914,0.7085427135678392,0.5342964037469753
F29S:A58T:K74I:S77N:S84N,F29S:A58T:K74I:S77N:S84N,5,True,0.10802411859016567,0.9283030682529744,7.767040378937777,0.14007537688442212,0.5341892225686983
I52S:N59A:T71S:S75F:S77N,I52S:N59A:T71S:S75F:S77N,5,True,0.08745521427491916,0.3190356919223544,9.206068338791027,0.7490577889447236,0.5340467404335391
S30N:A58T:K74I:S77N:R87T,S30N:A58T:K74I:S77N:R87T,5,True,0.0991120798647864,0.7432686286787727,8.21541739812243,0.32474874371859297,0.5340086861986828
F29S:S31N:S75F:T76S:Y95F,F29S:S31N:S75F:T76S:Y95F,5,True,0.09363466360320456,0.554164057608015,8.62656441450162,0.5138190954773869,0.533991576542701
N59A:T71S:K74I:S77N,N59A:T71S:K74I:S77N,4,True,0.09031856636005564,0.41577958672510956,8.961213645543738,0.6520100502512562,0.5338948184881829
S30N:S31N:S75F:T76S:R87T,S30N:S31N:S75F:T76S:R87T,5,True,0.08358111839419599,0.2113337507827176,9.55794584153969,0.8561557788944724,0.533744764838595
T57S:K74I:S75F:S77N:Y95F,T57S:K74I:S75F:S77N:Y95F,5,True,0.08364846074471201,0.21383844708829056,9.548889655532397,0.8536432160804021,0.5337408315843463
S31N:K74I:S75F:R87T:Y95F,S31N:K74I:S75F:R87T:Y95F,5,True,0.08017104463740318,0.1324358171571697,9.834257530043296,0.9349874371859297,0.5337116271715497
I52S:T57S:N59A:S75F:R87T,I52S:T57S:N59A:S75F:R87T,5,True,0.08355989712786203,0.21070757670632437,9.55869520577098,0.8564698492462312,0.5335887129762777
I52S:T57S:K74I:T76S,I52S:T57S:K74I:T76S,4,True,0.08227517228516418,0.17845961177207265,9.684358897535082,0.8885050251256281,0.5334823184488504
S31N:T57S:K74I:S75F:S77N,S31N:T57S:K74I:S75F:S77N,5,True,0.08304561670687895,0.1963055729492799,9.613906264369263,0.8706030150753769,0.5334542940123284
S30N:A58T:T76S:S77N,S30N:A58T:T76S:S77N,4,True,0.09511533924458833,0.6070757670632436,8.49189015729084,0.45979899497487436,0.533437381019059
S31N:K74I:S75F:S77N:Y95F,S31N:K74I:S75F:S77N:Y95F,5,True,0.08318227394480446,0.20194113963681903,9.58700243067007,0.864321608040201,0.53313137383851
I52S:S75F:S77N,I52S:S75F:S77N,3,True,0.07506392025883953,0.06825297432686286,10.257110379211825,0.9978015075376885,0.5330272409322757
F29S:I52S:T76S:S77N:Y95F,F29S:I52S:T76S:S77N:Y95F,5,True,0.10874865571876773,0.9370695053224797,7.718598657456767,0.12845477386934673,0.5327621395959132
I52S:N59A:S75F:R87T:Y95F,I52S:N59A:S75F:R87T:Y95F,5,True,0.08457570623331874,0.23512836568566062,9.47836096378584,0.8300879396984925,0.5326081526920765
S30N:S31N:I52S:T76S:S77N,S30N:S31N:I52S:T76S:S77N,5,True,0.09710728669410533,0.6750156543519098,8.355668850479821,0.3900753768844221,0.532545515618166
A58T:K74I:S75F:S84N,A58T:K74I:S75F:S84N,4,True,0.0778664665110195,0.09674389480275516,9.96057365663374,0.9682788944723618,0.5325113946375585
S30N:A58T:K74I:S77N,S30N:A58T:K74I:S77N,4,True,0.09005107506091033,0.4045084533500313,8.985519857887091,0.660175879396985,0.5323421663735082
N59A:T71S:K74I:S75F:S77N,N59A:T71S:K74I:S75F:S77N,5,True,0.0844287612655566,0.23105823418910457,9.489060577815946,0.8332286432160804,0.5321434387025925
S30N:S75F:T76S:S84N:Y95F,S30N:S75F:T76S:S84N:Y95F,5,True,0.08645801684811734,0.2939887288666249,9.261027986135083,0.7701005025125628,0.5320446156895938
F29S:S30N:A58T:S75F:T76S,F29S:S30N:A58T:S75F:T76S,5,True,0.09595196614380531,0.6399499060738886,8.428469368145757,0.42305276381909546,0.531501334946492
I52S:S75F:R87T,I52S:S75F:R87T,3,True,0.07458983213919272,0.06418284283030683,10.276028539442875,0.9987437185929648,0.5314632807116358
S75F:S77N:S84N,S75F:S77N:S84N,3,True,0.07449215285470003,0.06324358171571696,10.398641389013953,0.9993718592964824,0.5313077205060996
S30N:I52S:T57S:S75F,S30N:I52S:T57S:S75F,4,True,0.0762430271075705,0.08234189104571071,10.025939694648757,0.980213567839196,0.5312777294424533
S30N:S75F:R87T:Y106S,S30N:S75F:R87T:Y106S,4,True,0.07961269776767713,0.12335629304946776,9.84747489575296,0.9390703517587939,0.5312133224041309
S31N:S84N:Y106S,S31N:S84N:Y106S,3,True,0.0848522419167359,0.24420788979336255,9.430700510779998,0.8181532663316583,0.5311805780625104
S31N:A58T:K74I:S77N,S31N:A58T:K74I:S77N,4,True,0.08840405586130443,0.34940513462742645,9.115334639419014,0.7123115577889447,0.5308583462081856
F29S:A58T:N59A:S77N,F29S:A58T:N59A:S77N,4,True,0.11557493338867834,0.9949906073888541,7.325722442426791,0.06658291457286432,0.5307867609808592
T71S:K74I:T76S:R87T,T71S:K74I:T76S:R87T,4,True,0.08431849978767761,0.22761427676894178,9.491887511490498,0.8338567839195979,0.5307355303442699
S30N:T71S:K74I:S77N:S84N,S30N:T71S:K74I:S77N:S84N,5,True,0.09650364841489449,0.6562304320601127,8.38653045517562,0.40483668341708545,0.530533557738599
I52S:T57S:K74I:R87T:Y106S,I52S:T57S:K74I:R87T:Y106S,5,True,0.08944123940923515,0.3822792736380714,9.040199406229569,0.6780778894472361,0.5301785815426537
F29S:S30N:I52S:A58T:S84N,F29S:S30N:I52S:A58T:S84N,5,True,0.10721241707783417,0.9176581089542893,7.7727974989295285,0.14227386934673367,0.5299659891505115
S31N:I52S:A58T:T76S:S77N,S31N:I52S:A58T:T76S:S77N,5,True,0.09353880884821077,0.550093926111459,8.617653602606854,0.5097361809045227,0.5299150535079908
F29S:T76S:S77N:S84N:R87T,F29S:T76S:S77N:S84N:R87T,5,True,0.11327347170954302,0.9815278647463995,7.42666748156778,0.0782035175879397,0.5298656911671696
S75F:S84N:Y95F,S75F:S84N:Y95F,3,True,0.07427738027020686,0.06073888541014402,10.273661256078434,0.9984296482412061,0.529584266825675
I52S:A58T:N59A:R87T,I52S:A58T:N59A:R87T,4,True,0.08844736756335081,0.3506574827802129,9.10554735237902,0.7079145728643216,0.5292860278222673
F29S:S31N:K74I:R87T:Y95F,F29S:S31N:K74I:R87T:Y95F,5,True,0.10229322014490799,0.8278021289918598,7.999991520084939,0.2305276381909548,0.5291648835914073
S30N:S77N:S84N:R87T:Y95F,S30N:S77N:S84N:R87T:Y95F,5,True,0.1044333062679808,0.876017532874139,7.885151154349514,0.18216080402010051,0.5290891684471197
S30N:T57S:S75F:T76S:R87T,S30N:T57S:S75F:T76S:R87T,5,True,0.08403333708902784,0.22260488415779586,9.498286927454407,0.835427135678392,0.5290160099180939
S31N:I52S:T71S:S75F:S77N,S31N:I52S:T71S:S75F:S77N,5,True,0.08569352718385351,0.26768941765810894,9.325876362561832,0.7902010050251256,0.5289452113416173
S30N:I52S:T76S,S30N:I52S:T76S,3,True,0.08590330074231205,0.2752035065748278,9.294834296376875,0.7826633165829145,0.5289334115788712
S30N:K74I:S84N:Y95F,S30N:K74I:S84N:Y95F,4,True,0.0872670794073811,0.3143393863494051,9.189201507271939,0.7434045226130653,0.5288719544812353
S75F:S84N:R87T,S75F:S84N:R87T,3,True,0.07408659470442985,0.06011271133375078,10.233401855785035,0.9971733668341709,0.5286430390839608
S30N:S84N:Y95F:Y106S,S30N:S84N:Y95F:Y106S,4,True,0.09187807143960292,0.47839699436443334,8.78948563641114,0.5788316582914573,0.5286143263279454
F29S:N59A:T71S:R87T,F29S:N59A:T71S:R87T,4,True,0.10714241828416397,0.9164057608015028,7.7695211064571,0.1407035175879397,0.5285546391947212
I52S:T57S:T71S:S75F:S77N,I52S:T57S:T71S:S75F:S77N,5,True,0.08592290738945754,0.27582968065122104,9.290734022971941,0.7810929648241206,0.5284613227376709
F29S:S30N:T57S:K74I:S84N,F29S:S30N:T57S:K74I:S84N,5,True,0.10470202347308306,0.8794614902943018,7.8731423498526,0.1774497487437186,0.5284556195190102
F29S:N59A:K74I:S77N:R87T,F29S:N59A:K74I:S77N:R87T,5,True,0.11289383578158693,0.9796493425172198,7.418051194986867,0.07726130653266332,0.5284553245249416
F29S:N59A:T76S:S77N,F29S:N59A:T76S:S77N,4,True,0.11547445757281494,0.9946775203506575,7.297675074049865,0.062185929648241205,0.5284317249994493
S30N:S31N:S75F:R87T,S30N:S31N:S75F:R87T,4,True,0.07869283597509155,0.10676268002504696,9.874169153544544,0.9500628140703518,0.5284127470476994
S31N:T57S:S77N,S31N:T57S:S77N,3,True,0.08726582863812626,0.3140262993112085,9.189057681637275,0.7427763819095478,0.5284013406103781
T71S:K74I:S84N,T71S:K74I:S84N,3,True,0.08236414448269139,0.18096430807764557,9.636306077127541,0.8756281407035176,0.5282962243905815
S30N:N59A:K74I:S75F:R87T,S30N:N59A:K74I:S75F:R87T,5,True,0.08276239130058531,0.18879148403256105,9.60111359784713,0.8677763819095478,0.5282839329710544
S30N:I52S:T57S:T76S:S77N,S30N:I52S:T57S:T76S:S77N,5,True,0.09856084567265931,0.725735754539762,8.224856632295065,0.33071608040201006,0.5282259174708861
F29S:S30N:T76S:S77N:R87T,F29S:S30N:T76S:S77N:R87T,5,True,0.11509994591059176,0.9937382592360676,7.301710584245743,0.0625,0.5281191296180339
S30N:I52S:T57S:T76S:R87T,S30N:I52S:T57S:T76S:R87T,5,True,0.09473817797308011,0.597683155917345,8.489246131092832,0.4585427135678392,0.5281129347425921
S31N:S77N:S84N:R87T:Y106S,S31N:S77N:S84N:R87T:Y106S,5,True,0.10103586570103969,0.8002504696305573,8.068856645929083,0.2559673366834171,0.5281089031569872
S31N:I52S:A58T:K74I:R87T,S31N:I52S:A58T:K74I:R87T,5,True,0.08806701217473792,0.3393863494051346,9.124565271730697,0.7163944723618091,0.5278904108834719
I52S:N59A:K74I:T76S,I52S:N59A:K74I:T76S,4,True,0.0818228289381479,0.16781465247338762,9.684062972404105,0.8878768844221105,0.5278457684477491
N59A:K74I:S75F:R87T,N59A:K74I:S75F:R87T,4,True,0.07749205074264162,0.09423919849718222,9.924067041256551,0.9613693467336684,0.5278042726154253
K74I:S75F:S77N:Y106S,K74I:S75F:S77N:Y106S,4,True,0.0803736765817413,0.13713212273011896,9.781133566767949,0.9183417085427136,0.5277369156364162
S30N:S31N:I52S:K74I:T76S,S30N:S31N:I52S:K74I:T76S,5,True,0.08646569991889409,0.2949279899812148,9.237669352130439,0.7603643216080402,0.5276461557946275
N59A:K74I:S75F:S84N,N59A:K74I:S75F:S84N,4,True,0.07875865191765831,0.10801502817783344,9.867692959972011,0.9472361809045227,0.527625604541178
N59A:S75F:S77N:Y95F:Y106S,N59A:S75F:S77N:Y95F:Y106S,5,True,0.08725912750810116,0.3137132122730119,9.18609379668851,0.7415201005025126,0.5276166563877622
S31N:K74I:R87T:Y106S,S31N:K74I:R87T:Y106S,4,True,0.08378312599609045,0.21665623043206012,9.504505838280616,0.8385678391959799,0.52761203481402
I52S:T71S:S84N:Y106S,I52S:T71S:S84N:Y106S,4,True,0.09070891078383461,0.43049467752035064,8.894952132466127,0.6246859296482412,0.5275903035842959
S77N:S84N:R87T:Y95F:Y106S,S77N:S84N:R87T:Y95F:Y106S,5,True,0.10304735059263233,0.8425172197871008,7.9681150617343945,0.21262562814070352,0.5275714239639022
F29S:S31N:T76S:Y95F,F29S:S31N:T76S:Y95F,4,True,0.1014532511142268,0.8099561678146525,8.03502943212328,0.2449748743718593,0.527465521093256
S30N:T76S:S77N:S84N:Y106S,S30N:T76S:S77N:S84N:Y106S,5,True,0.10173067474339666,0.8143393863494052,8.022736799246879,0.24057788944723618,0.5274586378983207
N59A:K74I:S77N:S84N:Y106S,N59A:K74I:S77N:S84N:Y106S,5,True,0.09929612998435243,0.7507827175954915,8.174444368978747,0.30402010050251255,0.527401409049002
S31N:N59A:S75F:T76S:S77N,S31N:N59A:S75F:T76S:S77N,5,True,0.0877385763772507,0.32968065122103946,9.1456677666558,0.7248743718592965,0.527277511540168
S30N:N59A:S75F:R87T,S30N:N59A:S75F:R87T,4,True,0.0804578282575963,0.13901064495929868,9.772914585389698,0.9155150753768844,0.5272628601680915
F29S:S31N:N59A:S75F:S84N,F29S:S31N:N59A:S75F:S84N,5,True,0.10196184313241306,0.8209142141515341,8.006761635161222,0.2333542713567839,0.527134242754159
N59A:K74I:R87T:Y95F,N59A:K74I:R87T:Y95F,4,True,0.08541816574712273,0.2623669380087664,9.332766304399033,0.7917713567839196,0.527069147396343
S30N:I52S:N59A:S77N:R87T,S30N:I52S:N59A:S77N:R87T,5,True,0.10359973559225102,0.8562930494677521,7.933435717352367,0.1975502512562814,0.5269216503620168
S30N:K74I:R87T:Y95F,S30N:K74I:R87T:Y95F,4,True,0.08712617617474386,0.3105823418910457,9.189198553342464,0.7430904522613065,0.5268363970761761
T57S:T71S:S75F:T76S:S77N,T57S:T71S:S75F:T76S:S77N,5,True,0.0860373866135185,0.27833437695679397,9.27432436269192,0.7751256281407035,0.5267300025487487
F29S:S30N:T76S:S77N:S84N,F29S:S30N:T76S:S77N:S84N,5,True,0.11395856717010716,0.9859110832811522,7.327259582049211,0.0675251256281407,0.5267181044546464
A58T:S75F:S77N:Y106S,A58T:S75F:S77N:Y106S,4,True,0.08148735696688855,0.16217908578584847,9.693784514860441,0.8910175879396985,0.5265983368627735
T57S:K74I:S84N,T57S:K74I:S84N,3,True,0.08124804798672496,0.1574827802128992,9.707542878010685,0.8954145728643216,0.5264486765386104
S30N:I52S:A58T:T76S:S77N,S30N:I52S:A58T:T76S:S77N,5,True,0.09705275433824624,0.6728240450845335,8.33190922583414,0.3800251256281407,0.5264245853563372
S31N:I52S:T57S:S77N:S84N,S31N:I52S:T57S:S77N:S84N,5,True,0.09719507085025522,0.6778334376956794,8.316948632248437,0.375,0.5264167188478397
I52S:A58T:K74I:S75F:T76S,I52S:A58T:K74I:S75F:T76S,5,True,0.07745000439314666,0.09329993738259236,9.90971007211118,0.9594849246231156,0.526392431002854
F29S:S31N:K74I:T76S:Y95F,F29S:S31N:K74I:T76S:Y95F,5,True,0.09808053308279154,0.7066374452097683,8.262972161048106,0.3457914572864322,0.5262144512481003
F29S:T57S:A58T:S75F:T76S,F29S:T57S:A58T:S75F:T76S,5,True,0.0942420786758982,0.5757670632435817,8.535889670012846,0.4764447236180904,0.526105893430836
S31N:T71S:K74I:S75F:R87T,S31N:T71S:K74I:S75F:R87T,5,True,0.07910248148098932,0.1158422041327489,9.836315716997698,0.9362437185929648,0.5260429613628569
S31N:S75F:T76S:S84N,S31N:S75F:T76S:S84N,4,True,0.07911916490120167,0.11615529117094553,9.835940838736128,0.9359296482412061,0.5260424697060758
F29S:T71S:T76S:S77N:R87T,F29S:T71S:T76S:S77N:R87T,5,True,0.11103349173495211,0.9652473387601753,7.477542243341013,0.08668341708542714,0.5259653779228012
S30N:S31N:I52S:A58T:S77N,S30N:S31N:I52S:A58T:S77N,5,True,0.09333871650174207,0.5416405760801503,8.617903608351721,0.5100502512562815,0.5258454136682158
S31N:S75F:S77N:Y95F:Y106S,S31N:S75F:S77N:Y95F:Y106S,5,True,0.08526791171320827,0.25579211020663745,9.353611548107228,0.7958542713567839,0.5258231907817107
T57S:N59A:S75F:S77N:Y95F,T57S:N59A:S75F:S77N:Y95F,5,True,0.08700444084306831,0.30932999373825926,9.18731239471689,0.7421482412060302,0.5257391174721447
S31N:I52S:N59A:S75F:R87T,S31N:I52S:N59A:S75F:R87T,5,True,0.08384175392034306,0.21790857858484658,9.490274717211124,0.8335427135678392,0.5257256460763429
T57S:S75F:S84N,T57S:S75F:S84N,3,True,0.07335863871442157,0.0554164057608015,10.225027868883295,0.9959170854271356,0.5256667455939685
F29S:S31N:A58T:T71S:S75F,F29S:S31N:A58T:T71S:S75F,5,True,0.09155965793584023,0.4658735128365686,8.808282358972335,0.585427135678392,0.5256503242574803
F29S:T57S:T76S:S77N:R87T,F29S:T57S:T76S:S77N:R87T,5,True,0.11391323720769006,0.9855979962429555,7.318429722747219,0.06564070351758794,0.5256193498802717
F29S:S30N:S77N:S84N:R87T,F29S:S30N:S77N:S84N:R87T,5,True,0.11483388040605023,0.9921728240450846,7.271780126843149,0.059045226130653265,0.5256090250878689
S31N:T71S:K74I:S75F:S77N,S31N:T71S:K74I:S75F:S77N,5,True,0.08290155800459084,0.19411396368190356,9.559404270852257,0.8570979899497487,0.5256059768158261
S30N:T71S:K74I:T76S:S77N,S30N:T71S:K74I:T76S:S77N,5,True,0.09298300091836305,0.5256731371321227,8.658737678832255,0.5254396984924623,0.5255564178122925
I52S:T57S:K74I,I52S:T57S:K74I,3,True,0.07517069820129357,0.06919223544145273,10.03431704089274,0.9817839195979899,0.5254880775197214
S30N:S31N:I52S:S75F,S30N:S31N:I52S:S75F,4,True,0.07643873210861543,0.08390732623669381,9.958755282388346,0.9670226130653267,0.5254649696510102
S30N:S31N:N59A:S77N,S30N:S31N:N59A:S77N,4,True,0.09467116792021121,0.5932999373825923,8.48793299816505,0.4576005025125628,0.5254502199475776
I52S:A58T:T71S:S77N,I52S:A58T:T71S:S77N,4,True,0.09014956262863061,0.4082654978083907,8.940963464004996,0.6425879396984925,0.5254267187534416
F29S:N59A:S77N:Y95F,F29S:N59A:S77N:Y95F,4,True,0.11612422068606416,0.9956167814652473,7.2428350331534475,0.05496231155778895,0.5252895465115182
S30N:I52S:N59A:K74I,S30N:I52S:N59A:K74I,4,True,0.08313701319005974,0.20006261740763934,9.539224364342694,0.8505025125628141,0.5252825649852267
T71S:S75F:S84N:R87T:Y95F,T71S:S75F:S84N:R87T:Y95F,5,True,0.087477490269372,0.3206011271133375,9.159761665663837,0.7295854271356784,0.5250932771245079
F29S:S30N:K74I:S84N:Y95F,F29S:S30N:K74I:S84N:Y95F,5,True,0.1043057227268439,0.8741390106449592,7.869931295376694,0.17587939698492464,0.525009203814942
N59A:K74I:T76S:S84N,N59A:K74I:T76S:S84N,4,True,0.08955754380064411,0.3863494051346274,8.997711866156122,0.6636306532663316,0.5249900292004795
F29S:I52S:A58T:T71S:R87T,F29S:I52S:A58T:T71S:R87T,5,True,0.10305100183642946,0.8428303068252975,7.954655867499639,0.2069723618090452,0.5249013343171713
S30N:N59A:T71S:S77N,S30N:N59A:T71S:S77N,4,True,0.09356375256624852,0.5510331872260489,8.58977546969846,0.49874371859296485,0.5248884529095068
S75F:T76S:S84N,S75F:T76S:S84N,3,True,0.07333287800811442,0.055103318722604884,10.21569609658926,0.9946608040201005,0.5248820613713527
T71S:S75F:S84N:Y95F,T71S:S75F:S84N:Y95F,4,True,0.08134319327351616,0.16061365059486538,9.687834385495362,0.8891331658291457,0.5248734082120056
T71S:S75F:T76S:S77N:Y106S,T71S:S75F:T76S:S77N:Y106S,5,True,0.08600071378710616,0.2767689417658109,9.271387000883236,0.772927135678392,0.5248480387221015
F29S:I52S:A58T:T71S:S77N,F29S:I52S:A58T:T71S:S77N,5,True,0.10511355796342459,0.8882279273638072,7.836364802906768,0.1614321608040201,0.5248300440839136
N59A:S75F:T76S:S84N,N59A:S75F:T76S:S84N,4,True,0.08348841512344007,0.20851596743894804,9.510934866096672,0.8410804020100503,0.5247981847244991
T57S:T76S:S77N:S84N:R87T,T57S:T76S:S77N:S84N:R87T,5,True,0.10370080333156605,0.8597370068879149,7.905011995535653,0.18969849246231155,0.5247177496751132
T71S:S75F:T76S:S77N:Y95F,T71S:S75F:T76S:S77N:Y95F,5,True,0.08580615276769817,0.271759549154665,9.278165867847346,0.7776381909547738,0.5246988700547194
S31N:I52S:T57S:K74I:S75F,S31N:I52S:T57S:K74I:S75F,5,True,0.0760870102395506,0.07983719474013776,9.964145419264193,0.969535175879397,0.5246861853097674
S30N:I52S:T57S:S75F:T76S,S30N:I52S:T57S:S75F:T76S,5,True,0.08253383422612795,0.1844082654978084,9.587219205734929,0.8646356783919598,0.524521971944884
S31N:I52S:S75F:S84N,S31N:I52S:S75F:S84N,4,True,0.07750091728355406,0.09455228553537884,9.890140860664058,0.9544597989949749,0.5245060422651768
F29S:S31N:I52S:T71S:S77N,F29S:S31N:I52S:T71S:S77N,5,True,0.1057145187171449,0.8963681903569192,7.814320991226845,0.15263819095477388,0.5245031906558465
T71S:K74I:S75F:R87T,T71S:K74I:S75F:R87T,4,True,0.07601086641632755,0.07858484658735128,9.967157309454702,0.9701633165829145,0.5243740815851329
F29S:N59A:T76S:S84N,F29S:N59A:T76S:S84N,4,True,0.11423523417069445,0.9884157795867251,7.287187211646438,0.06030150753768844,0.5243586435622067
T57S:T71S:K74I:S77N:R87T,T57S:T71S:K74I:S77N:R87T,5,True,0.09543647241812851,0.6161552911709455,8.441681337357569,0.4324748743718593,0.5243150827714024
S31N:I52S:R87T,S31N:I52S:R87T,3,True,0.0844088117990927,0.23074514715090796,9.430685707853682,0.8178391959798995,0.5242921715654038
A58T:N59A:S75F:S84N,A58T:N59A:S75F:S84N,4,True,0.08489168047288377,0.24577332498434565,9.382601517231755,0.8027638190954773,0.5242685720399115
F29S:T71S:K74I:S77N:Y95F,F29S:T71S:K74I:S77N:Y95F,5,True,0.10382721820704723,0.862867877269881,7.8951157997649455,0.18561557788944724,0.5242417275796641
F29S:I52S:T57S:A58T:R87T,F29S:I52S:T57S:A58T:R87T,5,True,0.10481181071034285,0.8819661865998748,7.845139323258771,0.16645728643216082,0.5242117365160178
S31N:I52S:S84N:R87T:Y106S,S31N:I52S:S84N:R87T:Y106S,5,True,0.0945015632472459,0.5867251095804634,8.49941839892873,0.46168341708542715,0.5242042633329453
N59A:K74I:S75F:R87T:Y95F,N59A:K74I:S75F:R87T:Y95F,5,True,0.08107774822478393,0.15309956167814653,9.70642774682324,0.8951005025125628,0.5241000320953546
I52S:T57S:T71S:S75F:R87T,I52S:T57S:T71S:S75F:R87T,5,True,0.08199718730820878,0.17063243581715717,9.651340994141465,0.8775125628140703,0.5240724993156137
I52S:T71S:S75F:S77N:Y95F,I52S:T71S:S75F:S77N:Y95F,5,True,0.0861255190752348,0.28083907326236696,9.252233015265466,0.7672738693467337,0.5240564713045504
A58T:K74I:S77N:R87T:Y95F,A58T:K74I:S77N:R87T:Y95F,5,True,0.09789870773252499,0.7006887914840325,8.264817320469756,0.34704773869346733,0.52386826508875
F29S:S30N:I52S:T76S:Y95F,F29S:S30N:I52S:T76S:Y95F,5,True,0.1052508170628726,0.8904195366311835,7.824992515449464,0.15672110552763818,0.5235703210794108
I52S:T57S:A58T:K74I,I52S:T57S:A58T:K74I,4,True,0.07749122209074823,0.09392611145898559,9.885212526094094,0.9532035175879398,0.5235648145234627
T71S:S75F:S77N:Y95F,T71S:S75F:S77N:Y95F,4,True,0.08149311320721844,0.16249217282404507,9.67250163758858,0.8844221105527639,0.5234571416884045
I52S:A58T:T71S:S77N:R87T,I52S:A58T:T71S:S77N:R87T,5,True,0.09836714708325524,0.7154038822792737,8.226039654855706,0.33134422110552764,0.5233740516924006
S30N:I52S:T76S:S77N:Y106S,S30N:I52S:T76S:S77N:Y106S,5,True,0.09888263969042065,0.7351283656856606,8.192086815548448,0.31155778894472363,0.5233430773151921
F29S:A58T:K74I:S77N:R87T,F29S:A58T:K74I:S77N:R87T,5,True,0.11022713650436547,0.95648090169067,7.501798601367124,0.08951005025125629,0.5229954759709632
T57S:S75F:S77N:Y95F:Y106S,T57S:S75F:S77N:Y95F:Y106S,5,True,0.08567859604017329,0.26706324358171574,9.282052473495686,0.7788944723618091,0.5229788579717625
S30N:T76S:S77N:R87T:Y95F,S30N:T76S:S77N:R87T:Y95F,5,True,0.1014597583722562,0.8102692548528491,8.011198702203192,0.23555276381909548,0.5229110093359722
I52S:N59A:S75F:R87T:Y106S,I52S:N59A:S75F:R87T:Y106S,5,True,0.08439957452569376,0.23043206011271133,9.421812127393583,0.8150125628140703,0.5227223114633908
N59A:S75F:T76S:S77N:Y106S,N59A:S75F:T76S:S77N:Y106S,5,True,0.08804611633064828,0.33813400125234816,9.104983862009343,0.707286432160804,0.522710216706576
K74I:S75F:S77N,K74I:S75F:S77N,3,True,0.07292011635797073,0.05103318722604884,10.209045135992326,0.9943467336683417,0.5226899604471953
F29S:T71S,F29S:T71S,2,True,0.0934549705222097,0.5460237946149029,8.591853559303402,0.49905778894472363,0.5225407917798133
S31N:N59A:K74I:S75F:R87T,S31N:N59A:K74I:S75F:R87T,5,True,0.08083744459465428,0.14777708202880402,9.715123931191194,0.8972989949748744,0.5225380385018392
S30N:I52S:K74I:S84N:Y95F,S30N:I52S:K74I:S84N:Y95F,5,True,0.09030321844605778,0.41515341264871636,8.907042660403926,0.6297110552763819,0.5224322339625491
S30N:T71S:K74I:S75F:R87T,S30N:T71S:K74I:S75F:R87T,5,True,0.08095523815580728,0.14996869129618035,9.706176106774375,0.894786432160804,0.5223775617284921
S75F:S84N:Y106S,S75F:S84N:Y106S,3,True,0.07294128553585656,0.051972448340638695,10.17607004799579,0.992462311557789,0.5222173799492138
S31N:N59A:K74I:S77N:S84N,S31N:N59A:K74I:S77N:S84N,5,True,0.09876402180893197,0.7316844082654979,8.196310453405163,0.3125,0.5220922041327489
S31N:I52S:A58T:K74I,S31N:I52S:A58T:K74I,4,True,0.07718451653384265,0.09048215403882279,9.885273333595833,0.9535175879396985,0.5219998709892607
S30N:I52S:T71S:K74I:R87T,S30N:I52S:T71S:K74I:R87T,5,True,0.09046063213601394,0.4198497182216656,8.894158298371561,0.6240577889447236,0.5219537535831946
I52S:T57S:S84N:R87T:Y106S,I52S:T57S:S84N:R87T:Y106S,5,True,0.09552465569188634,0.6202254226675016,8.429576779467384,0.4236809045226131,0.5219531635950574
F29S:S31N:I52S:T71S:R87T,F29S:S31N:I52S:T71S:R87T,5,True,0.10250284302682067,0.8331246086412023,7.963932137682867,0.21074120603015076,0.5219329073356765
S31N:T71S:S75F:S84N:R87T,S31N:T71S:S75F:S84N:R87T,5,True,0.08590869302062482,0.27551659361302444,9.256592518896769,0.7682160804020101,0.5218663370075173
I52S:K74I:S75F:T76S,I52S:K74I:S75F:T76S,4,True,0.07436718566051456,0.061991233562930494,10.033147371386535,0.9814698492462312,0.5217305414045809
A58T:T71S:S75F:S84N:R87T,A58T:T71S:S75F:S84N:R87T,5,True,0.08900747881202958,0.3678772698810269,9.036961008352508,0.6755653266331658,0.5217212982570963
F29S:S31N:N59A:R87T,F29S:S31N:N59A:R87T,4,True,0.1095874210602125,0.9502191609267376,7.5265883286246975,0.09296482412060302,0.5215919925236703
F29S:S30N:T76S:S84N:R87T,F29S:S30N:T76S:S84N:R87T,5,True,0.11242050631157254,0.9768315591734502,7.323619867997436,0.06626884422110553,0.5215502016972778
S30N:T57S:T76S:S77N:R87T,S30N:T57S:T76S:S77N:R87T,5,True,0.10128339156171637,0.8055729492798999,8.012944196453292,0.23743718592964824,0.5215050676047741
S31N:I52S:A58T:K74I:S75F,S31N:I52S:A58T:K74I:S75F,5,True,0.07532085320184563,0.07075767063243582,9.976406606839262,0.9720477386934674,0.5214027046629516
S30N:I52S:K74I:S75F,S30N:I52S:K74I:S75F,4,True,0.07459472785006818,0.06449592986850344,10.003082981569596,0.9777010050251256,0.5210984674468145
T57S:T76S:S84N:Y95F,T57S:T76S:S84N:Y95F,4,True,0.09152506596306387,0.4646211646837821,8.786751793920489,0.5775753768844221,0.5210982707841021
N59A:S75F:T76S:S84N:R87T,N59A:S75F:T76S:S84N:R87T,5,True,0.08931401161311432,0.37883531621790856,8.997000491915475,0.6633165829145728,0.5210759495662407
I52S:K74I:T76S:Y95F,I52S:K74I:T76S:Y95F,4,True,0.08199382818084189,0.17000626174076394,9.620017667120344,0.871859296482412,0.520932779111588
I52S:T57S:N59A:S77N:R87T,I52S:T57S:N59A:S77N:R87T,5,True,0.10157938814896185,0.8130870381966186,7.99747105265336,0.228643216080402,0.5208651271385103
S30N:T57S:S75F:T76S:S84N,S30N:T57S:S75F:T76S:S84N,5,True,0.08634473550693464,0.2902316844082655,9.210857583630037,0.7512562814070352,0.5207439829076503
F29S:S31N:N59A:S75F:R87T,F29S:S31N:N59A:S75F:R87T,5,True,0.09913024763678399,0.7445209768315592,8.160731289186705,0.2967964824120603,0.5206587296218097
T57S:A58T:K74I:S75F:S77N,T57S:A58T:K74I:S75F:S77N,5,True,0.08325740604827835,0.20381966186599876,9.503281811044335,0.8373115577889447,0.5205656098274718
S30N:T57S:S75F:R87T,S30N:T57S:S75F:R87T,4,True,0.07825417376593706,0.1008140262993112,9.850282924727786,0.9400125628140703,0.5204132945566907
T57S:K74I:S75F:S77N:Y106S,T57S:K74I:S75F:S77N:Y106S,5,True,0.08410443815235948,0.22417031934877896,9.424692557308378,0.8165829145728644,0.5203766169608217
T57S:N59A:T76S:S77N,T57S:N59A:T76S:S77N,4,True,0.09585377995039135,0.6349405134627426,8.389185256345632,0.4057788944723618,0.5203597039675523
T57S:A58T:K74I:S77N:R87T,T57S:A58T:K74I:S77N:R87T,5,True,0.09732163462335391,0.6819035691922355,8.284903438928254,0.3586683417085427,0.5202859554503891
I52S:N59A:S75F:T76S,I52S:N59A:S75F:T76S,4,True,0.07651013186070828,0.08547276142767689,9.891908786542222,0.9550879396984925,0.5202803505630846
S31N:I52S:R87T:Y106S,S31N:I52S:R87T:Y106S,4,True,0.08798065740923858,0.33562930494677523,9.099982733691995,0.7047738693467337,0.5202015871467545
S30N:S31N:T57S:S75F:S77N,S30N:S31N:T57S:S75F:S77N,5,True,0.0848099454315519,0.24201628052598623,9.365723019302598,0.7983668341708543,0.5201915573484203
I52S:T57S:S77N:S84N:Y95F,I52S:T57S:S77N:S84N:Y95F,5,True,0.09928316719653542,0.7501565435190983,8.146516434292021,0.29020100502512564,0.520178774272112
F29S:S30N:N59A:K74I:S77N,F29S:S30N:N59A:K74I:S77N,5,True,0.11020743207228242,0.9558547276142768,7.46565683854113,0.08448492462311558,0.5201698261186962
F29S:T57S:K74I:T76S:Y95F,F29S:T57S:K74I:T76S:Y95F,5,True,0.09995819443473296,0.771759549154665,8.100924279804467,0.26853015075376885,0.520144849954217
F29S:A58T:T76S:R87T,F29S:A58T:T76S:R87T,4,True,0.10733959006911142,0.9189104571070758,7.683207679887899,0.12123115577889447,0.5200708064429851
S31N:T71S:K74I:S84N,S31N:T71S:K74I:S84N,4,True,0.0851557697872157,0.2536005009392611,9.305737657030996,0.7864321608040201,0.5200163308716406
S30N:S75F:T76S:R87T:Y106S,S30N:S75F:T76S:R87T:Y106S,5,True,0.08458403544677504,0.23544145272385722,9.384589370481722,0.8040201005025126,0.5197307766131849
S30N:A58T:T76S:S84N,S30N:A58T:T76S:S84N,4,True,0.09590161423670633,0.6374452097683156,8.380220563113154,0.4020100502512563,0.519727630009786
S30N:T76S:S77N:R87T:Y106S,S30N:T76S:S77N:R87T:Y106S,5,True,0.10122726418240771,0.8043206011271133,8.009486911949857,0.23492462311557788,0.5196226121213456
S31N:T71S:K74I:T76S:S77N,S31N:T71S:K74I:T76S:S77N,5,True,0.09050331817750701,0.42172824045084534,8.883864882685328,0.617462311557789,0.5195952760043172
S75F:T76S:R87T,S75F:T76S:R87T,3,True,0.07305730461866439,0.052598622417031934,10.100785582875105,0.9864949748743719,0.5195467986457019
I52S:T71S:T76S:S77N:S84N,I52S:T71S:T76S:S77N:S84N,5,True,0.09955377440205365,0.7573575453976206,8.124599645693149,0.2817211055276382,0.5195393254626294
S31N:N59A:K74I:S84N:R87T,S31N:N59A:K74I:S84N:R87T,5,True,0.0946152546894434,0.5901690670006262,8.474295347424528,0.4488065326633166,0.5194877998319714
S31N:I52S:T57S:S75F,S31N:I52S:T57S:S75F,4,True,0.07340028294840341,0.05572949279899812,10.039779976103578,0.9827261306532663,0.5192278117261322
I52S:K74I:T76S:Y106S,I52S:K74I:T76S:Y106S,4,True,0.08286649271401099,0.1928616155291171,9.526124187447259,0.8454773869346733,0.5191695012318952
S31N:I52S:N59A:S77N:R87T,S31N:I52S:N59A:S77N:R87T,5,True,0.10102187612979371,0.799624295554164,8.018274743423914,0.23869346733668342,0.5191588814454238
S31N:N59A:S75F:S77N:Y95F,S31N:N59A:S75F:S77N:Y95F,5,True,0.0867592449586894,0.302128991859737,9.170768378020696,0.7361809045226131,0.519154948191175
S30N:T57S:N59A:S84N,S30N:T57S:N59A:S84N,4,True,0.09556809907288116,0.6233562930494677,8.410846423816364,0.41457286432160806,0.5189645786855379
T57S:N59A:S75F:S84N:R87T,T57S:N59A:S75F:S84N:R87T,5,True,0.08884285952444486,0.3622417031934878,9.035477132679182,0.675251256281407,0.5187464797374475
I52S:T57S:K74I:S75F:Y95F,I52S:T57S:K74I:S75F:Y95F,5,True,0.0769939089359868,0.08985597996242956,9.866952605019195,0.9469221105527639,0.5183890452575968
I52S:N59A:K74I:R87T:Y95F,I52S:N59A:K74I:R87T:Y95F,5,True,0.09015435536849899,0.4092047589229806,8.903594414851003,0.6275125628140703,0.5183586608685254
S31N:T57S:K74I:S84N,S31N:T57S:K74I:S84N,4,True,0.08392736599896229,0.22041327489041954,9.424635250610642,0.8162688442211056,0.5183410595557626
S31N:S75F:S84N,S31N:S75F:S84N,3,True,0.07243388936677055,0.045084533500313086,10.159419386789827,0.990891959798995,0.517988246649654
S31N:T76S:S77N:Y95F,S31N:T76S:S77N:Y95F,4,True,0.09116989147176544,0.4480275516593613,8.812220482610146,0.5879396984924623,0.5179836250759118
T57S:T71S:K74I:S75F:R87T,T57S:T71S:K74I:S75F:R87T,5,True,0.07878663377115207,0.10895428929242329,9.810062761259127,0.926821608040201,0.5178879486663122
I52S:A58T:K74I:R87T:Y95F,I52S:A58T:K74I:R87T:Y95F,5,True,0.08942939775802022,0.38196618659987475,8.966432840819097,0.6535804020100503,0.5177732943049626
