target_budget_percent,selection_rank,candidate_id,mutation_count,scoreable_before_reveal,structural_exploration,exploration_rank,exploitation_raw,exploitation_rank,acquisition_score
10,1,F29S:I52S:K74I:S75F:S84N,5,True,0.19639309145986641,0.9990342829550941,10.592784645949317,1.0,0.999517141477547
10,2,I52S:K74I:S75F:S77N:S84N,5,True,0.1929292226338018,0.9929985514244326,10.352297388463537,0.9968538238141336,0.9949261876192831
10,3,I52S:K74I:S75F:S84N:Y106S,5,True,0.19538465828579188,0.9980685659101883,10.057120534118514,0.9842691190706679,0.9911688424904281
10,4,F29S:I52S:K74I:S75F:S77N,5,True,0.1905399127161674,0.978029937228392,10.46411980226029,0.9987899322362053,0.9884099347322987
10,5,S30N:K74I:S75F:S77N:S84N,5,True,0.19361653605467055,0.9956542732979237,9.986042041645387,0.9779767666989352,0.9868155199984294
10,6,F29S:K74I:S75F:T76S:S84N,5,True,0.19259247365113705,0.9917914051183003,9.97272126732507,0.9753146176185866,0.9835530113684434
10,7,F29S:K74I:S75F:S77N:S84N,5,True,0.19782543611782386,0.9997585707387735,9.883342519009343,0.9668441432720233,0.9833013570053983
10,8,F29S:I52S:K74I:S75F:T76S,5,True,0.1893777834307306,0.969097054563013,10.413959089031106,0.9973378509196515,0.9832174527413322
10,9,K74I:S75F:T76S:S77N:S84N,5,True,0.1911738793327879,0.9826170931916949,10.04245144687192,0.9828170377541142,0.9827170654729045
10,10,F29S:I52S:T71S:K74I:S75F,5,True,0.18848076035992628,0.9584741670690488,10.489263663257894,0.9995159728944821,0.9789950699817654
10,11,I52S:A58T:K74I:S75F:S84N,5,True,0.1883362541199132,0.9567841622404636,10.489375420380382,0.999757986447241,0.9782710743438523
10,12,K74I:S75F:S84N:Y95F:Y106S,5,True,0.19136849553479357,0.9845485272815065,9.924131118339545,0.9712003872216844,0.9778744572515955
10,13,F29S:I52S:T71S:S75F:S84N,5,True,0.1936472238415834,0.9961371318203767,9.850206500790442,0.9588576960309777,0.9774974139256771
10,14,S31N:K74I:S75F:S77N:S84N,5,True,0.18962039029206026,0.9715113471752777,9.985217445429852,0.9774927395934172,0.9745020433843474
10,15,I52S:S75F:S77N:S84N:R87T,5,True,0.18922829802598143,0.9671656204732013,10.023582498549205,0.9816069699903195,0.9743862952317603
10,16,F29S:I52S:N59A:K74I:S75F,5,True,0.18824903393581544,0.9553355866731048,10.163713323093603,0.9903194578896418,0.9728275222813734
10,17,F29S:I52S:S75F:S77N:R87T,5,True,0.18873003442682398,0.9618541767262192,10.032919331667074,0.9820909970958374,0.9719725869110283
10,18,I52S:K74I:S75F:T76S:S84N,5,True,0.18760159044496005,0.9461612747464992,10.351427036363999,0.9966118102613747,0.971386542503937
10,19,I52S:T71S:K74I:S75F:S84N,5,True,0.18778556854181913,0.9490584258812168,10.234632377757466,0.9927395934172314,0.970899009649224
10,20,F29S:I52S:S75F:T76S:S84N,5,True,0.19124327249589917,0.9833413809753743,9.84399982008001,0.957405614714424,0.9703734978448991
10,21,S30N:I52S:S75F:S77N:S84N,5,True,0.18989753644308288,0.9734427812650893,9.866583345801558,0.96297192642788,0.9682073538464846
10,22,I52S:T57S:K74I:S75F:S84N,5,True,0.18731491157901647,0.94133268952197,10.293140287024526,0.994675701839303,0.9680041956806364
10,23,T57S:K74I:S75F:S77N:S84N,5,True,0.19002764648552836,0.9741670690487687,9.846352134745684,0.9581316553727008,0.9661493622107348
10,24,K74I:S75F:S77N:S84N:Y95F,5,True,0.18723858585158418,0.9406084017382906,10.112642484874431,0.9881413359148112,0.964374868826551
10,25,F29S:K74I:S75F:S84N:R87T,5,True,0.1933944695953561,0.9949299855142443,9.75433017742425,0.9332042594385286,0.9640671224763864
10,26,I52S:S75F:S84N:R87T:Y106S,5,True,0.19229875708513397,0.9901014002897152,9.766699388722285,0.9365924491771539,0.9633469247334345
10,27,F29S:S31N:I52S:K74I:S75F,5,True,0.18624416243505454,0.9258812168034766,10.439814381860225,0.9980638915779284,0.9619725541907025
10,28,F29S:K74I:S75F:S84N,4,True,0.1901615765241244,0.975857073877354,9.798726984869507,0.9450629235237173,0.9604599987005357
10,29,S31N:I52S:K74I:S75F:S84N,5,True,0.18596807238527768,0.920811202317721,10.426977646330894,0.9975798644724104,0.9591955333950657
10,30,F29S:I52S:S75F:T76S:R87T,5,True,0.18750298155216788,0.9442298406566876,9.946155355392957,0.972894482090997,0.9585621613738423
10,31,F29S:I52S:T57S:K74I:S75F,5,True,0.18609122633868366,0.9237083534524384,10.242365632514101,0.9932236205227493,0.9584659869875938
10,32,F29S:I52S:A58T:K74I:S75F,5,True,0.18584663844016172,0.9174311926605505,10.443083983298388,0.9983059051306873,0.9578685488956189
10,33,K74I:S75F:S84N:R87T:Y106S,5,True,0.19099261510038248,0.9809270883631096,9.747179227799707,0.9315101645692159,0.9562186264661627
10,34,I52S:K74I:S75F:S77N:R87T,5,True,0.18578819141590008,0.9157411878319652,10.327076536483656,0.9963697967086157,0.9560554922702904
10,35,T57S:K74I:S75F:S84N:Y106S,5,True,0.19212391353904498,0.9891356832448093,9.713146561927587,0.9227976766698935,0.9559666799573514
10,36,A58T:K74I:S75F:S77N:S84N,5,True,0.1901558611859095,0.975374215354901,9.759004599530096,0.9351403678606002,0.9552572916077506
10,37,F29S:I52S:K74I:S75F,4,True,0.1858081714233684,0.9162240463544181,10.263342135255096,0.9941916747337851,0.9552078605441017
10,38,S30N:K74I:S75F:S84N:Y106S,5,True,0.19293500501726893,0.9932399806856591,9.694584501241456,0.9152952565343659,0.9542676186100125
10,39,T71S:K74I:S75F:S77N:S84N,5,True,0.18866559260754467,0.9606470304200869,9.804153948312855,0.9472410454985479,0.9539440379593174
10,40,I52S:K74I:S75F:R87T:Y106S,5,True,0.18631998143159875,0.9275712216320618,10.003666385736377,0.9794288480154889,0.9535000348237754
10,41,S31N:K74I:S75F:S84N:Y106S,5,True,0.18813799932815073,0.953887011105746,9.826999678399611,0.9528073572120038,0.953347184158875
10,42,F29S:I52S:T71S:S75F:R87T,5,True,0.18700276840116908,0.9389183969097055,9.877215934995602,0.9651500484027106,0.952034222656208
10,43,K74I:S75F:T76S:S84N:Y106S,5,True,0.19203959811978366,0.9881699661999034,9.696890076173167,0.9155372700871249,0.9518536181435142
10,44,I52S:K74I:S75F:S84N,4,True,0.18539403634870305,0.9097054563013037,10.247530363271347,0.9937076476282671,0.9517065519647854
10,45,I52S:K74I:S75F:S77N:Y106S,5,True,0.1864204787689275,0.9307098020280058,9.91866232633703,0.9702323330106486,0.9504710675193272
10,46,I52S:T57S:A58T:S75F:S84N,5,True,0.18581969020876923,0.9164654756156446,10.015487733577995,0.9808809293320426,0.9486732024738436
10,47,S30N:I52S:K74I:S75F:Y106S,5,True,0.1863166294353542,0.9273297923708353,9.914784679563633,0.9699903194578896,0.9486600559143625
10,48,F29S:I52S:S75F:S84N:Y95F,5,True,0.18723907772122125,0.9408498309995171,9.820032855575226,0.9513552758954501,0.9461025534474836
10,49,I52S:K74I:S75F:S84N:Y95F,5,True,0.18458412504241742,0.8923225494929986,10.45801910877563,0.9985479186834463,0.9454352340882224
10,50,S31N:I52S:S75F:S77N:S84N,5,True,0.1866663668420926,0.9338483824239497,9.837860144402187,0.9557115198451114,0.9447799511345305
10,51,S75F:T76S:S77N:S84N:R87T,5,True,0.1861741112237644,0.9249154997585708,9.865603913276388,0.962487899322362,0.9437016995404663
10,52,I52S:T57S:S75F:S84N:R87T,5,True,0.1852351692912188,0.9060840173829068,9.983512696156993,0.9767666989351403,0.9414253581590235
10,53,F29S:I52S:K74I:S75F:Y95F,5,True,0.1839801673351536,0.8819410912602608,10.467976358176735,0.9990319457889641,0.9404865185246125
10,54,N59A:K74I:S75F:S84N:Y106S,5,True,0.18891771090838005,0.9635441815548045,9.700168182895496,0.9167473378509197,0.9401457597028621
10,55,F29S:T71S:K74I:S75F:S77N,5,True,0.18757004386929202,0.9456784162240464,9.75676094114172,0.9336882865440465,0.9396833513840464
10,56,K74I:S75F:T76S:S84N:R87T,5,True,0.18431028399210686,0.8879768227909223,10.118453975216594,0.9888673765730881,0.9384220996820052
10,57,I52S:S75F:T76S:S77N:S84N,5,True,0.18736030190150424,0.9420569773056494,9.758054375132286,0.9344143272023233,0.9382356522539863
10,58,I52S:K74I:S75F:T76S:S77N,5,True,0.18399503754622604,0.8824239497827137,10.235318982028428,0.9929816069699903,0.937702778376352
10,59,K74I:S75F:T76S:S77N:R87T,5,True,0.18468966519239788,0.8954611298889426,9.997674882309628,0.978702807357212,0.9370819686230774
10,60,S30N:S31N:S75F:S77N:S84N,5,True,0.18827481001058335,0.9560598744567842,9.69329033620569,0.9145692158760891,0.9353145451664366
10,61,F29S:S30N:I52S:S75F:R87T,5,True,0.18530269520460008,0.9068083051665862,9.861622199474953,0.9615198451113263,0.9341640751389562
10,62,I52S:K74I:S75F:Y95F:Y106S,5,True,0.18407513762974986,0.8843553838725253,10.052288737541364,0.9833010648596321,0.9338282243660787
10,63,I52S:K74I:S75F:T76S:Y106S,5,True,0.186048385384904,0.9225012071463061,9.798626257905124,0.9448209099709584,0.9336610585586322
10,64,F29S:I52S:S75F:R87T,4,True,0.1855251274693873,0.9118783196523419,9.837652987607754,0.9552274927395934,0.9335529061959676
10,65,S30N:I52S:S75F:S84N:Y106S,5,True,0.19294230350081723,0.9934814099468856,9.582764027499143,0.8734269119070668,0.9334541609269762
10,66,F29S:T71S:K74I:S75F:T76S,5,True,0.18594206437028718,0.9198454852728151,9.803930150685762,0.9469990319457889,0.933422258609302
10,67,S31N:I52S:S75F:S84N:Y106S,5,True,0.18891027397331903,0.963302752293578,9.665225899896127,0.9031945788964182,0.9332486655949981
10,68,F29S:I52S:S75F:T76S:S77N,5,True,0.18696871991744138,0.9379526798647996,9.732888781749205,0.9278799612778316,0.9329163205713156
10,69,F29S:I52S:T71S:S75F:T76S,5,True,0.18692319905341342,0.9372283920811202,9.725914600475686,0.92594385285576,0.9315861224684401
10,70,T57S:S75F:S77N:S84N:R87T,5,True,0.18671398428574687,0.9343312409464027,9.735249655529229,0.9281219748305906,0.9312266078884966
10,71,T57S:S75F:S84N:R87T:Y106S,5,True,0.18942527474642593,0.9700627716079189,9.627234626182407,0.8918199419167473,0.930941356762333
10,72,F29S:S31N:K74I:S75F:S77N,5,True,0.18810573978547734,0.9534041525832931,9.673175773971193,0.9077928363988383,0.9305984944910657
10,73,S30N:S31N:K74I:S75F:S77N,5,True,0.18445735965804702,0.8891839690970545,9.921347823975859,0.9709583736689255,0.93007117138299
10,74,T57S:K74I:S75F:S84N:R87T,5,True,0.18407188668728558,0.8841139546112989,9.962878620057122,0.9743465634075508,0.9292302590094248
10,75,F29S:I52S:T57S:S75F:R87T,5,True,0.18590253036936294,0.9193626267503622,9.763489366773626,0.9356243949661182,0.9274935108582402
10,76,F29S:I52S:A58T:S75F:S77N,5,True,0.18408447333880032,0.8845968131337518,9.914608935040105,0.9697483059051307,0.9271725595194413
10,77,I52S:T57S:S75F:S84N:Y106S,5,True,0.19367445855101703,0.996378561081603,9.543178904702984,0.8572120038722169,0.9267952824769099
10,78,F29S:I52S:A58T:S75F:R87T,5,True,0.18413667074550613,0.8853211009174312,9.894080465643158,0.968054211035818,0.9266876559766246
10,79,S30N:K74I:S75F:S84N:R87T,5,True,0.1838500010195289,0.8778367938194109,9.954192761304595,0.9741045498547919,0.9259706718371015
10,80,S31N:I52S:S75F:S84N:R87T,5,True,0.18335446275789685,0.8638338966682761,10.058388934764123,0.9845111326234269,0.9241725146458515
10,81,S31N:K74I:S75F:T76S:S84N,5,True,0.18322180314807193,0.8587638821825205,10.085527803259234,0.9869312681510165,0.9228475751667685
10,82,S31N:I52S:T57S:S75F:S84N,5,True,0.18345150847413372,0.8664896185417673,10.00073978504372,0.9791868344627299,0.9228382265022486
10,83,I52S:T71S:S75F:S84N:R87T,5,True,0.184416530264585,0.8887011105746017,9.841634567429713,0.9564375605033882,0.922569335538995
10,84,S30N:I52S:S75F:S84N:R87T,5,True,0.1834700370950384,0.8667310478029937,9.986535258196474,0.9782187802516941,0.9224749140273438
10,85,S30N:K74I:S75F:T76S:S77N,5,True,0.1845741847389829,0.8920811202317721,9.815670765986495,0.9506292352371732,0.9213551777344726
10,86,F29S:S31N:K74I:S75F:T76S,5,True,0.18587265554489388,0.9183969097054563,9.71824507031987,0.9240077444336883,0.9212023270695723
10,87,S30N:S75F:S77N:S84N:Y95F,5,True,0.18589300557010727,0.9191211974891357,9.715679991125787,0.9230396902226524,0.921080443855894
10,88,T71S:K74I:S75F:S84N:Y106S,5,True,0.18764719140166783,0.9464027040077257,9.646544019554243,0.8956921587608906,0.9210474313843082
10,89,K74I:S75F:S84N:R87T:Y95F,5,True,0.18320006850130685,0.8580395943988411,10.05356215548484,0.9837850919651501,0.9209123431819957
10,90,T57S:K74I:S75F:T76S:S84N,5,True,0.18362905934154,0.8722839208112023,9.903497869755324,0.9687802516940949,0.9205320862526486
10,91,F29S:S31N:I52S:S75F:S77N,5,True,0.18477468192203597,0.8966682761950748,9.790886078938982,0.9428848015488868,0.9197765388719807
10,92,I52S:S75F:S77N:S84N:Y106S,5,True,0.1944496309827115,0.9978271366489618,9.51299852850906,0.8417231364956438,0.9197751365723028
10,93,I52S:T71S:S75F:S77N:S84N,5,True,0.18807814733794645,0.9529212940608401,9.608430455538286,0.8840755082284608,0.9184984011446504
10,94,S31N:T57S:K74I:S75F:S84N,5,True,0.18282209320978365,0.8459681313375181,10.131289070986371,0.989593417231365,0.9177807742844415
10,95,S31N:K74I:S75F:S84N:R87T,5,True,0.18296945052076735,0.852728150651859,10.021644496292117,0.9813649564375605,0.9170465535447098
10,96,S30N:K74I:S75F:S77N:Y106S,5,True,0.1912520083792765,0.9835828102366007,9.526200138591607,0.8489835430784124,0.9162831766575066
10,97,I52S:S75F:S77N:S84N,4,True,0.18503210353351934,0.9014968614196041,9.744875242686561,0.931026137463698,0.916261499441651
10,98,S30N:S75F:S84N:R87T:Y106S,5,True,0.18923020731178958,0.9674070497344278,9.558937866167737,0.8635043562439496,0.9154557029891888
10,99,S30N:S75F:S77N:S84N,4,True,0.1866439672768808,0.9333655239014969,9.64752059409247,0.8964181994191674,0.9148918616603321
10,100,S75F:S77N:S84N:R87T:Y106S,5,True,0.19216270357241544,0.9893771125060358,9.509054141204096,0.8390609874152952,0.9142190499606655
10,101,I52S:T57S:T71S:S75F:S84N,5,True,0.18580287197025835,0.9159826170931917,9.682949779562465,0.9121490803484995,0.9140658487208456
10,102,S30N:I52S:A58T:S75F:S84N,5,True,0.18298360305744218,0.8532110091743119,9.96680937596294,0.9745885769603098,0.9138997930673108
10,103,F29S:I52S:K74I:T76S:S84N,5,True,0.19140169088970857,0.9852728150651859,9.51413493320959,0.8422071636011617,0.9137399893331738
10,104,S31N:I52S:A58T:S75F:S84N,5,True,0.1823924354780626,0.834379526798648,10.135052923552646,0.9900774443368828,0.9122284855677654
10,105,S31N:S75F:T76S:S77N:S84N,5,True,0.18638447388093257,0.929261226460647,9.64431353435622,0.8949661181026137,0.9121136722816303
10,106,F29S:I52S:T71S:S75F,4,True,0.18374779660888768,0.8754225012071463,9.808335564858773,0.9486931268151017,0.912057814011124
10,107,S75F:T76S:S84N:R87T:Y106S,5,True,0.1876548534179226,0.9466441332689522,9.588952439482014,0.8772991287512101,0.9119716310100812
10,108,K74I:S75F:S77N:Y95F:Y106S,5,True,0.18460437962386467,0.8935296957991309,9.72827896555863,0.9264278799612778,0.9099787878802044
10,109,F29S:A58T:K74I:S75F:S84N,5,True,0.19050845532400051,0.9777885079671657,9.509286344131507,0.8395450145208132,0.9086667612439894
10,110,S75F:S77N:S84N:R87T:Y95F,5,True,0.18423734380503834,0.88676967648479,9.741302348477898,0.9303000968054211,0.9085348866451055
10,111,S75F:S84N:R87T:Y95F:Y106S,5,True,0.18898227689541025,0.9642684693384839,9.529614531984391,0.851161665053243,0.9077150671958634
10,112,S30N:S75F:T76S:S77N:S84N,5,True,0.18670552918227726,0.9340898116851762,9.598279430174948,0.8797192642787997,0.906904537981988
10,113,S30N:I52S:S75F:R87T:Y106S,5,True,0.1849902750513643,0.9010140028971512,9.6849577932584,0.9126331074540174,0.9068235551755843
10,114,F29S:K74I:S75F:S77N,4,True,0.18639036193922173,0.9295026557218735,9.600888783661368,0.8814133591481123,0.9054580074349929
10,115,I52S:N59A:K74I:S75F:Y106S,5,True,0.18235887056969538,0.8329309512312892,9.985702488131652,0.9777347531461762,0.9053328521887327
10,116,F29S:I52S:S75F:R87T:Y95F,5,True,0.18410389151906856,0.8848382423949783,9.725401569094991,0.925701839303001,0.9052700408489897
10,117,I52S:S75F:S77N:S84N:Y95F,5,True,0.18351628457103555,0.8686624818928054,9.785359119640148,0.941190706679574,0.9049265942861897
10,118,F29S:I52S:T57S:T71S:S75F,5,True,0.18549591349583364,0.9116368903911154,9.651369183549246,0.8978702807357212,0.9047535855634183
10,119,S31N:S75F:S84N:R87T:Y106S,5,True,0.1849054931959485,0.9002897151134718,9.673472403634296,0.9082768635043562,0.904283289308914
10,120,T57S:T71S:K74I:S75F:S84N,5,True,0.18280687852553879,0.8452438435538387,9.865846272352098,0.962729912875121,0.9039868782144799
10,121,F29S:S31N:I52S:T71S:S75F,5,True,0.1832359896783903,0.8592467407049734,9.80782594707359,0.9482090997095838,0.9037279202072785
10,122,S31N:K74I:S75F:S77N:R87T,5,True,0.18260230881208708,0.8413809753742153,9.877836298106919,0.9656340755082284,0.9035075254412219
10,123,K74I:S75F:T76S:S77N:Y106S,5,True,0.18749545545767987,0.9437469821342347,9.551464265720128,0.861568247821878,0.9026576149780563
10,124,S30N:K74I:S75F:Y95F:Y106S,5,True,0.18454881185141364,0.8913568324480927,9.685512451841223,0.9131171345595354,0.902236983503814
10,125,S31N:I52S:K74I:S75F:S77N,5,True,0.18161499657757235,0.8078223080637373,10.312168064805418,0.9956437560503388,0.901733032057038
10,126,F29S:I52S:A58T:T71S:S75F,5,True,0.18217727135708278,0.8261709319169483,9.98185014762926,0.9765246853823815,0.9013478086496649
10,127,S30N:T57S:S75F:S77N:S84N,5,True,0.18918539355539313,0.9664413326895219,9.49913148256783,0.8339787028073572,0.9002100177484396
10,128,F29S:T71S:K74I:S75F:R87T,5,True,0.18462821239714372,0.8942539835828103,9.670422827274388,0.9058567279767668,0.9000553557797886
10,129,I52S:S75F:S84N:R87T:Y95F,5,True,0.18281680290785546,0.8457267020762916,9.835559587444838,0.9542594385285575,0.8999930703024246
10,130,F29S:S30N:T71S:K74I:S75F,5,True,0.18404825437430505,0.8836310960888459,9.697942979655972,0.9160212971926428,0.8998261966407444
10,131,I52S:A58T:S75F:T76S:S84N,5,True,0.18257103784352047,0.8392081120231772,9.856903426485005,0.9603097773475314,0.8997589446853543
10,132,S31N:S75F:S84N:Y95F:Y106S,5,True,0.1855928127458111,0.9130854659584742,9.609257176981659,0.8843175217812197,0.898701493869847
10,133,I52S:K74I:T76S:S77N:S84N,5,True,0.1896226523964409,0.9717527764365042,9.480654607527942,0.8250242013552759,0.89838848889589
10,134,S30N:I52S:K74I:S75F:R87T,5,True,0.18143340863327803,0.8020280057943022,10.259615352676608,0.9939496611810261,0.8979888334876642
10,135,I52S:N59A:S75F:S84N:Y106S,5,True,0.18934380513609084,0.9688556253017866,9.483743591439394,0.8269603097773476,0.8979079675395671
10,136,F29S:I52S:N59A:S75F:R87T,5,True,0.1856320698958965,0.9140511830033801,9.600950990388606,0.8816553727008712,0.8978532778521257
10,137,S30N:S31N:S75F:S84N:Y106S,5,True,0.1873817504524181,0.9425398358281024,9.533215484509089,0.8530977734753146,0.8978188046517085
10,138,T57S:A58T:K74I:S75F:S84N,5,True,0.18365024869197571,0.8730082085948817,9.711220407777232,0.9225556631171346,0.8977819358560082
10,139,I52S:S75F:S84N:R87T,4,True,0.18227442291700657,0.8300338000965717,9.87564343281777,0.9646660212971926,0.8973499106968821
10,140,I52S:K74I:S77N:S84N:R87T,5,True,0.18899817843530695,0.9647513278609368,9.48817569356582,0.8291384317521782,0.8969448798065575
10,141,F29S:S75F:S77N:S84N:R87T,5,True,0.19363711450699092,0.9958957025591502,9.436005043647734,0.797676669893514,0.8967861862263321
10,142,S30N:T71S:K74I:S75F:S77N,5,True,0.1837204043070712,0.8751810719459199,9.704719826281412,0.9181994191674734,0.8966902455566966
10,143,I52S:T57S:K74I:S75F:Y106S,5,True,0.18230627065013588,0.8307580878802511,9.86301096957083,0.9620038722168441,0.8963809800485476
10,144,N59A:K74I:S75F:T76S:S77N,5,True,0.18288771002384552,0.850072428778368,9.788067074093497,0.9424007744433688,0.8962366016108684
10,145,I52S:S75F:S77N:R87T:Y106S,5,True,0.18447910097777523,0.889425398358281,9.66253004909599,0.9019845111326235,0.8957049547454523
10,146,S30N:T71S:K74I:S75F:S84N,5,True,0.1828128814038386,0.8454852728150651,9.799106627380517,0.9453049370764763,0.8953951049457707
10,147,I52S:T71S:K74I:S75F:S77N,5,True,0.1814119085661797,0.8013037180106228,10.127735423332242,0.989351403678606,0.8953275608446144
10,148,S30N:S31N:K74I:S75F:S84N,5,True,0.18152925258688032,0.8044422984065669,10.07141205532094,0.9862052274927396,0.8953237629496533
10,149,F29S:K74I:S75F:R87T:Y95F,5,True,0.18486419152599357,0.8990825688073395,9.624162498309072,0.8906098741529526,0.894846221480146
10,150,I52S:N59A:S75F:S84N:R87T,5,True,0.181964830591649,0.819169483341381,9.913481940598453,0.9695062923523717,0.8943378878468764
10,151,S31N:I52S:S75F:T76S:S84N,5,True,0.1822133940643023,0.8283437952679865,9.850989587222852,0.9595837366892546,0.8939637659786206
10,152,K74I:S75F:R87T:Y95F:Y106S,5,True,0.18356574049969077,0.8701110574601642,9.704017345726168,0.9177153920619555,0.8939132247610598
10,153,I52S:A58T:K74I:S77N:S84N,5,True,0.19062025374424396,0.9787542250120714,9.454931543405431,0.8080832526621491,0.8934187388371102
10,154,I52S:A58T:S75F:S84N,4,True,0.1815447718606123,0.8056494447126992,10.011929877804732,0.9803969022265246,0.8930231734696119
10,155,F29S:S30N:K74I:S75F:R87T,5,True,0.1860596935425642,0.922984065668759,9.557301760345538,0.8630203291384317,0.8930021974035953
10,156,F29S:T57S:K74I:S75F:S77N,5,True,0.1870132206888357,0.939159826170932,9.523177889131269,0.8468054211035818,0.8929826236372569
10,157,S30N:S75F:S84N:Y95F:Y106S,5,True,0.19061224665906099,0.978512795750845,9.453166926235218,0.8068731848983544,0.8926929903245997
10,158,F29S:K74I:S75F:T76S:Y95F,5,True,0.18213521010513906,0.8237566393046837,9.848622458764508,0.9586156824782188,0.8911861608914513
10,159,F29S:S75F:T76S:S84N:R87T,5,True,0.1883392284510848,0.95702559150169,9.478124139127575,0.8235721200387222,0.8902988557702061
10,160,S31N:I52S:K74I:S75F:Y106S,5,True,0.181320234665345,0.7964751327860937,10.054220829901002,0.984027105517909,0.8902511191520013
10,161,I52S:S75F:T76S:S77N:R87T,5,True,0.18137371275869202,0.7996137131820377,10.010537033688538,0.9801548886737658,0.8898843009279017
10,162,S30N:I52S:K74I:S77N:S84N,5,True,0.19255089489678445,0.9915499758570738,9.419716609957952,0.7879961277831559,0.8897730518201148
10,163,S30N:N59A:K74I:S75F:S77N,5,True,0.18304684490494416,0.8546595847416707,9.720325808473994,0.9247337850919651,0.889696684916818
10,164,S75F:S77N:S84N:Y95F:Y106S,5,True,0.192071292579833,0.9884113954611299,9.42157545937931,0.7899322362052275,0.8891718158331787
10,165,I52S:S75F:T76S:R87T:Y106S,5,True,0.18404208400453242,0.883148237566393,9.638029056889952,0.893756050338819,0.8884521439526061
10,166,T57S:K74I:S75F:S84N:Y95F,5,True,0.18113546874235767,0.7899565427329792,10.07400797403099,0.9864472410454985,0.8882018918892389
10,167,F29S:I52S:N59A:T71S:S75F,5,True,0.18599540296912095,0.9220183486238532,9.533655648059797,0.8538238141335914,0.8879210813787224
10,168,S30N:S75F:S84N:Y106S,4,True,0.18751455344941367,0.9444712699179141,9.48869673464957,0.829622458857696,0.8870468643878051
10,169,F29S:I52S:T71S:K74I:S84N,5,True,0.19098056424498905,0.9806856591018831,9.427283116287205,0.7918683446272992,0.8862770018645911
10,170,S75F:S77N:S84N:R87T,4,True,0.18369184439942388,0.8744567841622405,9.650196717116982,0.8971442400774443,0.8858005121198425
10,171,I52S:T71S:K74I:S75F:Y106S,5,True,0.181581136411985,0.8068565910188314,9.875087711713244,0.9644240077444337,0.8856402993816326
10,172,S30N:A58T:S75F:S77N:S84N,5,True,0.18881028090443258,0.9625784645098986,9.454715806432931,0.8075992255566312,0.8850888450332649
10,173,S30N:K74I:S75F:S84N:Y95F,5,True,0.18091358307460098,0.7810236600676002,10.122642256712906,0.9891093901258471,0.8850665250967236
10,174,I52S:T71S:S75F:T76S:S84N,5,True,0.18423027930173477,0.8865282472235635,9.605112717023534,0.882865440464666,0.8846968438441147
10,175,F29S:I52S:T57S:A58T:S75F,5,True,0.18232792423648592,0.8314823756639305,9.758146630021693,0.9346563407550823,0.8830693582095064
10,176,K74I:S75F:T76S:R87T:Y106S,5,True,0.18363173834310223,0.8725253500724288,9.62927754530089,0.8927879961277831,0.882656673100106
10,177,S31N:I52S:K74I:S84N:Y106S,5,True,0.18734485500705053,0.941815548044423,9.478002388008624,0.8233301064859632,0.8825728272651931
10,178,F29S:I52S:K74I:S77N:S84N,5,True,0.19345849072367646,0.9951714147754708,9.390487052410444,0.7696030977734754,0.882387256274473
10,179,K74I:S75F:T76S:Y95F:Y106S,5,True,0.1826857380424565,0.8418638338966683,9.710183714952242,0.9220716360116167,0.8819677349541425
10,180,S31N:I52S:K74I:S77N:S84N,5,True,0.18594376792658407,0.9200869145340416,9.514905912384256,0.8426911907066795,0.8813890526203605
10,181,S30N:I52S:T57S:S75F:S84N,5,True,0.1824655878678871,0.8355866731047803,9.730658445559213,0.9271539206195547,0.8813702968621675
10,182,F29S:S31N:I52S:K74I:S84N,5,True,0.1869692263928293,0.9381941091260261,9.477435504447579,0.8230880929332043,0.8806411010296151
10,183,F29S:I52S:K74I:S84N,4,True,0.1879363754994674,0.9500241429261227,9.456427543990031,0.8097773475314618,0.8799007452287922
10,184,I52S:T57S:S75F:T76S:S84N,5,True,0.18339892062457414,0.8655239014968614,9.640821787341642,0.8939980638915779,0.8797609826942197
10,185,S75F:S84N:R87T:Y106S,4,True,0.18460096857408398,0.8930468372766779,9.565216024722172,0.8664085188770572,0.8797276780768675
10,186,F29S:S30N:S31N:K74I:S75F,5,True,0.1823455237890165,0.8324480927088364,9.729848825216955,0.9266698935140368,0.8795589931114366
10,187,S75F:T76S:S84N:Y95F:Y106S,5,True,0.18802743218337284,0.9517141477547079,9.45369474360129,0.8071151984511132,0.8794146731029105
10,188,N59A:T71S:K74I:S75F:S84N,5,True,0.18143094055698403,0.8017865765330758,9.841559524198876,0.9561955469506292,0.8789910617418526
10,189,S31N:S75F:S77N:S84N:Y106S,5,True,0.1906069313013868,0.9782713664896185,9.404837625841543,0.7775895450145208,0.8779304557520697
10,190,S30N:T71S:S75F:S77N:S84N,5,True,0.1891527231668541,0.9657170449058425,9.42127559491562,0.7896902226524686,0.8777036337791555
10,191,S31N:I52S:K74I:T76S:S84N,5,True,0.18272134341531462,0.8428295509415741,9.682654544896602,0.9116650532429816,0.8772473020922779
10,192,S31N:I52S:T71S:S75F:S84N,5,True,0.18204317286270535,0.8206180589087397,9.756351931728311,0.9334462729912875,0.8770321659500135
10,193,N59A:S75F:S77N:S84N:R87T,5,True,0.18347740585039884,0.8674553355866731,9.618672119753784,0.8862536302032914,0.8768544828949822
10,194,F29S:K74I:S75F:T76S,4,True,0.1830407355783466,0.8541767262192178,9.65599957684883,0.8993223620522749,0.8767495441357464
10,195,S30N:K74I:S75F:T76S:S84N,5,True,0.18089955475884495,0.7802993722839208,9.949145917535397,0.973136495643756,0.8767179339638385
10,196,S30N:S31N:S75F:S77N:R87T,5,True,0.1823693769353504,0.8336552390149686,9.706610200983231,0.9194094869312681,0.8765323629731183
10,197,K74I:S75F:T76S:S84N:Y95F,5,True,0.18036440546535773,0.7590535972959923,10.243381452395571,0.9934656340755083,0.8762596156857503
10,198,I52S:A58T:K74I:S84N,4,True,0.18367902003031866,0.8739739256397876,9.590447811917794,0.8780251694094869,0.8759995475246373
10,199,F29S:S75F:S77N:S84N,4,True,0.1910644346429753,0.981651376146789,9.391420368512025,0.7698451113262342,0.8757482437365116
10,200,S31N:I52S:A58T:K74I:S84N,5,True,0.18251642408999705,0.837518107194592,9.687991242022765,0.9138431752178122,0.8756806412062021
10,201,I52S:K74I:S84N:Y95F:Y106S,5,True,0.19139860147265858,0.9850313858039594,9.382101742117232,0.765972894482091,0.8755021401430252
10,202,S30N:K74I:S75F:R87T:Y106S,5,True,0.18448535157023818,0.8896668276195074,9.550046857801677,0.8608422071636012,0.8752545173915542
10,203,A58T:K74I:S75F:S84N:Y95F,5,True,0.1808274277938097,0.7776436504104297,9.934501105150753,0.9716844143272023,0.874664032368816
10,204,F29S:S31N:T71S:K74I:S75F,5,True,0.18139530101394813,0.8005794302269436,9.807303614806354,0.9479670861568248,0.8742732581918842
10,205,I52S:N59A:T71S:S75F:S84N,5,True,0.1833024832174423,0.8616610333172381,9.617887909461368,0.8860116166505324,0.8738363249838852
10,206,F29S:S30N:K74I:S75F:T76S,5,True,0.18321592889697477,0.8582810236600676,9.62178157503587,0.888673765730881,0.8734773946954744
10,207,F29S:I52S:K74I:T76S:R87T,5,True,0.18635741077203039,0.9285369386769676,9.467943806730108,0.8177637947725073,0.8731503667247374
10,208,S31N:K74I:S75F:S77N:Y106S,5,True,0.18284733375707565,0.8476581361661033,9.651362774480717,0.8976282671829623,0.8726432016745328
10,209,F29S:S31N:T57S:S75F:S84N,5,True,0.1895332562783471,0.9705456301303718,9.401895904762611,0.7746853823814134,0.8726155062558926
10,210,T57S:S75F:T76S:S77N:S84N,5,True,0.1866304174409337,0.9331240946402704,9.457857404961954,0.8114714424007744,0.8722977685205224
10,211,S31N:T57S:S75F:S84N:R87T,5,True,0.18059574599044168,0.7691936262675036,9.967030127190956,0.9748305905130688,0.8720121083902862
10,212,S30N:I52S:A58T:S75F:S77N,5,True,0.18061701386279685,0.7704007725736359,9.939797014901375,0.9719264278799613,0.8711636002267986
10,213,N59A:K74I:S75F:S84N:Y95F,5,True,0.1802788768164856,0.7563978754225013,10.052919217622783,0.9835430784123911,0.8699704769174461
10,214,S30N:K74I:S75F:S77N,4,True,0.18182544886044416,0.8143408981168517,9.720220916022514,0.9244917715392061,0.8694163348280289
10,215,S31N:A58T:K74I:S75F:S84N,5,True,0.18100126432807287,0.7844036697247706,9.834641962832617,0.9540174249757987,0.8692105473502847
10,216,F29S:T57S:K74I:S75F:R87T,5,True,0.1851162821789033,0.9031868662481893,9.496210656033897,0.8334946757018393,0.8683407709750144
10,217,I52S:K74I:S84N:R87T:Y106S,5,True,0.19122581744369951,0.9830999517141478,9.360883583586123,0.7533881897386253,0.8682440707263865
10,218,F29S:T57S:K74I:S75F:T76S,5,True,0.18478013644825228,0.8971511347175277,9.509198818567372,0.8393030009680542,0.868227067842791
10,219,S30N:S75F:S77N:R87T:Y106S,5,True,0.1886917340833028,0.9611298889425398,9.399630257561656,0.7734753146176185,0.8673026017800791
10,220,F29S:S75F:T76S:S77N:S84N,5,True,0.19319437906370432,0.9944471269917914,9.330357513888183,0.7388673765730881,0.8666572517824398
10,221,I52S:K74I:S84N:Y106S,4,True,0.19020827654254185,0.9768227909222598,9.36570030053614,0.7562923523717329,0.8665575716469963
10,222,F29S:I52S:K74I:S84N:R87T,5,True,0.19110463806921568,0.9821342346692419,9.35479459687203,0.75,0.8660671173346209
10,223,F29S:N59A:T71S:K74I:S75F,5,True,0.1845008947221363,0.8901496861419604,9.51137338416426,0.8409970958373669,0.8655733909896637
10,224,F29S:S31N:I52S:A58T:S75F,5,True,0.18040044479588896,0.7602607436021246,9.91909464203139,0.9704743465634076,0.865367545082766
10,225,F29S:I52S:T71S:S75F:Y95F,5,True,0.18178003219757374,0.8121680347658136,9.704266704872802,0.9179574056147144,0.865062720190264
10,226,N59A:K74I:S75F:S77N:R87T,5,True,0.18091195865136891,0.7807822308063738,9.80992450232649,0.9491771539206195,0.8649796923634967
10,227,S30N:T57S:S75F:S84N:Y106S,5,True,0.191870992014654,0.9876871076774505,9.335995799370712,0.7415295256534365,0.8646083166654435
10,228,I52S:N59A:S75F:T76S:S84N,5,True,0.1821130578874909,0.8232737807822308,9.669423043693385,0.9056147144240078,0.8644442476031193
10,229,S75F:T76S:S77N:S84N:Y106S,5,True,0.19356894709274908,0.9954128440366973,9.322287077005315,0.7333010648596321,0.8643569544481646
10,230,I52S:T71S:S75F:S84N,4,True,0.18195857138536026,0.8189280540801546,9.677749633284199,0.9097289448209099,0.8643284994505323
10,231,S31N:I52S:S75F:S77N:R87T,5,True,0.1801459103596972,0.7508450024142926,9.983796648262917,0.9770087124878993,0.863926857451096
10,232,I52S:T71S:K74I:S75F:R87T,5,True,0.179800668053067,0.7361178174794785,10.18240267416316,0.9915295256534365,0.8638236715664576
10,233,S31N:T57S:S75F:T76S:S84N,5,True,0.18123910657651116,0.7935779816513762,9.756938594042854,0.9339303000968054,0.8637541408740907
10,234,S31N:S75F:S77N:S84N:Y95F,5,True,0.18167443158336527,0.8085465958474167,9.701943726103412,0.9172313649564375,0.8628889804019271
10,235,F29S:S30N:S75F:S77N:R87T,5,True,0.18933863249523064,0.9686141960405601,9.366289628925207,0.7567763794772507,0.8626952877589054
10,236,S31N:N59A:K74I:S75F:S84N,5,True,0.18028443429689925,0.7566393046837276,9.903072736043187,0.9685382381413359,0.8625887714125318
10,237,F29S:S75F:T76S:S77N:R87T,5,True,0.18805060997165207,0.9524384355383873,9.39520699693287,0.7720232333010648,0.862230834419726
10,238,T71S:K74I:S75F:T76S:S77N,5,True,0.1809184870842561,0.7815065185900532,9.786576113468092,0.9419167473378509,0.861711632963952
10,239,I52S:A58T:K74I:S84N:R87T,5,True,0.1853517080435491,0.9080154514727184,9.463907953128755,0.8151016456921588,0.8615585485824386
10,240,S30N:I52S:A58T:S75F:Y106S,5,True,0.18238503369616763,0.8341380975374215,9.621921111535015,0.8889157792836399,0.8615269384105306
10,241,I52S:A58T:K74I:T76S:S84N,5,True,0.18567997586590004,0.9142926122646065,9.455741879372729,0.808567279767667,0.8614299460161368
10,242,F29S:N59A:K74I:S75F:S77N,5,True,0.18920478855018932,0.9669241912119749,9.365517768734385,0.7558083252662149,0.8613662582390949
10,243,S30N:N59A:K74I:S75F:S84N,5,True,0.18076563624570527,0.7759536455818445,9.803251350153122,0.9467570183930301,0.8613553319874373
10,244,F29S:I52S:T71S:K74I:T76S,5,True,0.1854450203684833,0.910912602607436,9.457006375900999,0.8105033881897387,0.8607079953985873
10,245,I52S:N59A:K74I:S75F:R87T,5,True,0.17956894162895617,0.7262192177691936,10.295089325432267,0.994917715392062,0.8605684665806278
10,246,S30N:A58T:K74I:S75F:S77N,5,True,0.18283222956394649,0.8466924191211975,9.58422762411442,0.8743949661181026,0.8605436926196501
10,247,T57S:S75F:S77N:S84N:Y95F,5,True,0.18331027491382532,0.8619024625784645,9.54668593644481,0.8589060987415296,0.860404280659997
10,248,I52S:K74I:T76S:S77N:R87T,5,True,0.18233207407968177,0.8322066634476099,9.61987574282401,0.8872216844143272,0.8597141739309686
10,249,T57S:S75F:S77N:S84N:Y106S,5,True,0.19443153287881412,0.9975857073877354,9.29193390000904,0.7195062923523717,0.8585459998700535
10,250,N59A:K74I:S75F:S77N:Y106S,5,True,0.18298014692537715,0.8529695799130854,9.560206225917879,0.8637463697967086,0.8583579748548971
10,251,F29S:I52S:T57S:S75F:T76S,5,True,0.1841729633178128,0.8860453887011106,9.486777836357174,0.8286544046466602,0.8573498966738854
10,252,S30N:I52S:T71S:S75F:S77N,5,True,0.18233174053384762,0.831723804925157,9.602587267873872,0.8821393998063891,0.856931602365773
10,253,A58T:S75F:S77N:S84N:Y95F,5,True,0.18287086201040148,0.8491067117334621,9.560515369581278,0.8644724104549855,0.8567895610942238
10,254,S31N:T71S:K74I:S75F:S84N,5,True,0.17982544978478954,0.7380492515692902,9.949721617247858,0.9736205227492739,0.855834887159282
10,255,S31N:K74I:S75F:S84N:Y95F,5,True,0.17933831277843063,0.7175277643650411,10.224200239128134,0.9924975798644724,0.8550126721147567
10,256,S31N:S75F:T76S:S77N:R87T,5,True,0.18052083447604889,0.7658136166103332,9.794573369626388,0.9440948693126815,0.8549542429615073
10,257,F29S:S30N:K74I:S75F:Y95F,5,True,0.18084980651969645,0.7783679381941091,9.739755328318305,0.9295740561471443,0.8539709971706266
10,258,I52S:T57S:S75F:S84N:Y95F,5,True,0.1809966061761268,0.7841622404635442,9.717923783222462,0.9237657308809293,0.8539639856722367
10,259,N59A:S75F:S84N:R87T:Y106S,5,True,0.18379080404516274,0.8761467889908257,9.488428066179772,0.829380445304937,0.8527636171478814
10,260,F29S:S30N:I52S:K74I:S77N,5,True,0.18817873226205187,0.9543698696281989,9.35611715459379,0.7509680542110359,0.8526689619196174
10,261,F29S:I52S:A58T:K74I:S84N,5,True,0.19133329205725352,0.9840656687590535,9.295875180442629,0.7212003872216844,0.852633027990369
10,262,F29S:T71S:S75F:T76S:S84N,5,True,0.1891528672732295,0.965958474167069,9.328533542885738,0.7381413359148112,0.8520499050409401
10,263,S31N:I52S:S75F:R87T:Y106S,5,True,0.18046617185463223,0.7631578947368421,9.784508628783414,0.9407066795740562,0.8519322871554491
10,264,S30N:N59A:S75F:S77N:S84N,5,True,0.1862591905159019,0.9263640753259295,9.404383260466044,0.777105517909003,0.8517347966174662
10,265,I52S:K74I:T76S:S84N:Y106S,5,True,0.19337184922781273,0.9946885562530179,9.262491714148677,0.7071636011616651,0.8509260787073415
10,266,I52S:K74I:S77N:S84N:Y95F,5,True,0.18438521374507308,0.8884596813133752,9.459632462379748,0.8129235237173281,0.8506916025153517
10,267,T57S:S75F:T76S:S84N:R87T,5,True,0.18025047355253918,0.7551907291163689,9.800051409902316,0.9457889641819942,0.8504898466491815
10,268,I52S:A58T:S75F:S77N:Y106S,5,True,0.1818738596225785,0.816030902945437,9.612550927491117,0.8848015488867377,0.8504162259160873
10,269,S31N:I52S:K74I:S84N:R87T,5,True,0.1813699420232981,0.7991308546595848,9.658379761526696,0.9007744433688286,0.8499526490142066
10,270,T57S:A58T:S75F:S84N:Y106S,5,True,0.1906566940759042,0.9794785127957508,9.29268400405594,0.7199903194578896,0.8497344161268202
10,271,S31N:I52S:T57S:K74I:S84N,5,True,0.1812023969607574,0.7921294060840174,9.672522906393935,0.9073088092933205,0.849719107688669
10,272,F29S:T57S:S75F:S84N,4,True,0.18903335406656457,0.9652341863833896,9.322992837518134,0.734027105517909,0.8496306459506493
10,273,F29S:K74I:S75F:R87T,4,True,0.18471235972452874,0.8959439884113954,9.444812616577375,0.8030009680542111,0.8494724782328033
10,274,F29S:I52S:K74I:T76S:S77N,5,True,0.18708507095639415,0.9398841139546112,9.369625681305052,0.7587124878993223,0.8492983009269668
10,275,I52S:T57S:N59A:S75F:S84N,5,True,0.18117613495802753,0.791405118300338,9.67111980889368,0.9065827686350436,0.8489939434676907
10,276,S30N:S31N:I52S:K74I:S84N,5,True,0.1815143786325839,0.8042008691453404,9.635700155805479,0.893272023233301,0.8487364461893208
10,277,F29S:T71S:S75F:S77N:S84N,5,True,0.19290606558728624,0.9925156929019797,9.257761773378746,0.7045014520813165,0.8485085724916481
10,278,T57S:K74I:S75F:S84N,4,True,0.1798742665760873,0.7402221149203283,9.8376822314598,0.9554695062923524,0.8478458106063403
10,279,F29S:A58T:K74I:S75F:S77N,5,True,0.18587550494979818,0.9186383389666828,9.401395986374824,0.7744433688286544,0.8465408538976686
10,280,I52S:T57S:K74I:S75F:S77N,5,True,0.17902237454493705,0.7052148720424916,10.087877423318119,0.9874152952565344,0.846315083649513
10,281,F29S:S31N:S75F:S77N:S84N,5,True,0.19182689299622496,0.9872042491549976,9.257906517235508,0.7049854791868344,0.8460948641709161
10,282,T57S:S75F:T76S:S84N:Y106S,5,True,0.190863265724592,0.9802028005794302,9.275079098607064,0.7117618586640851,0.8459823296217577
10,283,F29S:S75F:S77N:S84N:Y95F,5,True,0.18827235621036528,0.9558184451955577,9.325406382785813,0.7359632139399807,0.8458908295677692
10,284,F29S:S30N:I52S:S75F:T76S,5,True,0.18106550923811154,0.7865765330758088,9.669027440530508,0.9051306873184899,0.8458536101971493
10,285,F29S:S30N:S75F:S84N:R87T,5,True,0.186766104950552,0.9350555287300821,9.366131539824202,0.7565343659244917,0.845794947327287
10,286,I52S:K74I:S75F:S77N:Y95F,5,True,0.17875759889485823,0.6953162723322066,10.30642231229813,0.9954017424975798,0.8453590074148932
10,287,N59A:S75F:S84N:Y95F:Y106S,5,True,0.18646213938187065,0.9311926605504587,9.366862227364047,0.7575024201355276,0.8443475403429932
10,288,F29S:S30N:I52S:T57S:S75F,5,True,0.18140504936643997,0.8010622887493964,9.61994326682492,0.8874636979670861,0.8442629933582413
10,289,S31N:K74I:S75F:T76S:Y106S,5,True,0.1814042854179055,0.80082085948817,9.619325087615302,0.8869796708615683,0.843900265174869
10,290,N59A:K74I:S75F:Y95F:Y106S,5,True,0.18003944407329087,0.7477064220183486,9.782958175460092,0.9399806389157793,0.843843530467064
10,291,F29S:T71S:S75F:S84N:R87T,5,True,0.18791385755488915,0.9497827136648962,9.327625993180435,0.7371732817037754,0.8434779976843358
10,292,T71S:S75F:S84N:R87T:Y106S,5,True,0.1836592566196123,0.8734910671173346,9.457221974846215,0.8112294288480155,0.8423602479826751
10,293,F29S:T71S:K74I:S75F,4,True,0.18018596260284964,0.7525350072428778,9.74927617973738,0.9317521781219749,0.8421435926824263
10,294,S30N:I52S:A58T:K74I:S84N,5,True,0.1864835490385867,0.9314340898116852,9.359299853527702,0.7524201355275896,0.8419271126696374
10,295,A58T:S75F:S77N:S84N,4,True,0.1829621933430296,0.8524867213906325,9.491088376372257,0.8308325266214908,0.8416596240060616
10,296,I52S:K74I:S75F:R87T,4,True,0.17868058947296736,0.6921776919362627,10.16528898226179,0.9908034849951597,0.8414905884657111
10,297,N59A:K74I:S75F:T76S:Y106S,5,True,0.18218399699813484,0.8264123611781748,9.53030384595235,0.8518877057115198,0.8391500334448474
10,298,A58T:S75F:T76S:S77N:S84N,5,True,0.18490940681936446,0.9007725736359247,9.403912034418171,0.776863504356244,0.8388180389960843
10,299,I52S:T57S:K74I:S84N:Y106S,5,True,0.1923369281308051,0.9903428295509416,9.221216978397518,0.6865924491771539,0.8384676393640478
10,300,S31N:S75F:S84N:Y106S,4,True,0.18226731016754116,0.8295509415741188,9.52406118257699,0.8472894482090997,0.8384201948916092
10,301,S30N:S31N:T57S:S75F:S84N,5,True,0.1796588754078963,0.730082085948817,9.801983676109739,0.9462729912875121,0.8381775386181645
10,302,I52S:T71S:K74I:T76S:S84N,5,True,0.18489810007278853,0.9000482858522453,9.402481360226158,0.7758954501452081,0.8379718679987267
10,303,K74I:S75F:T76S:S84N,4,True,0.1790644569831136,0.7071463061323032,9.884410540395768,0.9670861568247822,0.8371162314785427
10,304,T71S:S75F:S84N:Y95F:Y106S,5,True,0.18633059195632018,0.9278126508932882,9.345349873368791,0.7463697967086157,0.837091223800952
10,305,I52S:K74I:T76S:S84N:Y95F,5,True,0.1806871959915656,0.7732979237083535,9.645149300910452,0.8952081316553727,0.8342530276818632
10,306,F29S:I52S:A58T:N59A:S75F,5,True,0.181175082589882,0.7911636890391115,9.588817452519624,0.8770571151984511,0.8341104021187813
10,307,S31N:I52S:N59A:S75F:S84N,5,True,0.17978939877698805,0.7356349589570256,9.745287124048991,0.9312681510164569,0.8334515549867412
10,308,F29S:S30N:S31N:S75F:S84N,5,True,0.18466319885144322,0.8949782713664897,9.394686962658984,0.771539206195547,0.8332587387810183
10,309,I52S:T57S:K74I:S84N:R87T,5,True,0.18347853710267656,0.8676967648478996,9.436201261899626,0.797918683446273,0.8328077241470864
10,310,T57S:T71S:S75F:S84N:R87T,5,True,0.17982510265634352,0.7378078223080637,9.732532211405962,0.9276379477250726,0.8327228850165682
10,311,K74I:T76S:S84N:Y95F:Y106S,5,True,0.19015874898422264,0.9756156446161275,9.223121249876845,0.6878025169409487,0.8317090807785381
10,312,A58T:T71S:K74I:S75F:S84N,5,True,0.17999241094056692,0.7457749879285369,9.703895866380092,0.9174733785091965,0.8316241832188667
10,313,S30N:T71S:S75F:S84N:Y106S,5,True,0.18872365336672153,0.9616127474649928,9.25371586214292,0.7015972894482091,0.831605018456601
10,314,S31N:T71S:S75F:S77N:S84N,5,True,0.18352198785723337,0.8689039111540319,9.430291623429227,0.7942884801548886,0.8315961956544602
10,315,S30N:S75F:S77N:Y106S,4,True,0.18573649598879186,0.9150169000482858,9.344216188376604,0.7458857696030978,0.8304513348256919
10,316,S75F:S77N:R87T:Y95F:Y106S,5,True,0.18336268439398695,0.8643167551907291,9.433081548867804,0.7964666021297193,0.8303916786602242
20,1,T57S:A58T:T71S:S75F:Y95F,5,True,0.13313261440703908,0.7004704652378463,9.521696241469925,0.8909853249475891,0.7957278950927177
20,2,A58T:N59A:T71S:S75F:Y95F,5,True,0.1338016608775662,0.7195504443282802,9.454568863780256,0.8692348008385744,0.7943926225834272
20,3,T57S:A58T:N59A:S75F:Y95F,5,True,0.1338431943765022,0.7205959226346054,9.421353227427717,0.8592767295597484,0.7899363260971769
20,4,A58T:N59A:S75F:Y95F:Y106S,5,True,0.13369820529598123,0.7151071615263983,9.43166645647531,0.8632075471698113,0.7891573543481047
20,5,T57S:A58T:N59A:S75F:Y106S,5,True,0.13333247459580716,0.7051751176163095,9.433932728732906,0.8637316561844863,0.7844533869003979
20,6,S31N:T57S:A58T:Y106S,4,True,0.14352814202457015,0.932305279665447,8.9288548305958,0.6333857442348009,0.7828455119501239
20,7,T57S:A58T:S75F:Y95F:Y106S,5,True,0.13385492523249923,0.721118661787768,9.377141174175492,0.8414570230607966,0.7812878424242823
20,8,N59A:T71S:S75F:T76S:Y95F,5,True,0.13340835894425115,0.7067433350757972,9.409565268864824,0.8529874213836478,0.7798653782297225
20,9,S31N:T57S:T71S:Y106S,4,True,0.13878309485948853,0.8502352326189232,9.096979188492655,0.7080712788259959,0.7791532557224595
20,10,A58T:N59A:S75F:T76S:Y95F,5,True,0.13389646168711355,0.7219027705175117,9.352346652214106,0.8330712788259959,0.7774870246717538
20,11,S31N:T57S:A58T:T71S:S75F,5,True,0.12967522191864836,0.5844223732357554,9.767784496402202,0.964622641509434,0.7745225073725948
20,12,S30N:A58T:N59A:S75F:Y95F,5,True,0.13373659482117736,0.7166753789858861,9.318209425800735,0.8197064989517819,0.768190938968834
20,13,S31N:T57S:A58T:S75F:Y106S,5,True,0.13091488578891336,0.627025614218505,9.558918789138193,0.904874213836478,0.7659499140274915
20,14,T57S:A58T:T71S:Y106S,4,True,0.14523658922506497,0.9563512807109252,8.813597175164421,0.5744234800838575,0.7653873803973914
20,15,S30N:T57S:A58T:T71S:S75F,5,True,0.13206978346361023,0.6620491374803973,9.451266265777805,0.8679245283018868,0.764986832891142
20,16,S30N:T57S:A58T:S75F:Y95F,5,True,0.13304634738269813,0.6962885520125457,9.343822826964592,0.8278301886792453,0.7620593703458955
20,17,I52S:T57S:A58T:Y106S,4,True,0.1347537490367288,0.7451646628332462,9.243095194421453,0.7772536687631028,0.7612091657981745
20,18,S30N:T57S:A58T:S75F:Y106S,5,True,0.13270300041606023,0.6860951385258756,9.357884394533516,0.835691823899371,0.7608934812126233
20,19,A58T:N59A:T71S:S75F:Y106S,5,True,0.13163890880062212,0.6479351803450079,9.466766934253137,0.8736897274633124,0.7608124539041601
20,20,S30N:N59A:T71S:S75F:Y95F,5,True,0.133735135052924,0.7164140094093048,9.284629214302583,0.80083857442348,0.7586262919163924
20,21,S30N:A58T:T71S:S75F:Y95F,5,True,0.1327966446885475,0.6889702038682697,9.326283961923435,0.8215408805031447,0.7552555421857072
20,22,A58T:T71S:S75F:Y95F:Y106S,5,True,0.13147759699986147,0.6419236800836383,9.420579907892098,0.8587526205450734,0.7503381503143558
20,23,S31N:T57S:A58T:N59A:S75F,5,True,0.13127893035194693,0.6364349189754313,9.434064930293458,0.8639937106918238,0.7502143148336275
20,24,S31N:T57S:T71S:Y95F,4,True,0.14090815333914794,0.8910088865656037,8.880387609469233,0.6087526205450734,0.7498807535553386
20,25,S31N:T57S:T71S:T76S,4,True,0.14046813481760842,0.8855201254573968,8.880668186097571,0.6092767295597484,0.7473984275085725
20,26,A58T:N59A:S75F:T76S:Y106S,5,True,0.13326779610571496,0.7046523784631469,9.266102188164558,0.7885220125786163,0.7465871955208816
20,27,T57S:A58T:N59A:S75F:T76S,5,True,0.13283771203499883,0.6918452692106639,9.283300755906739,0.8000524109014675,0.7459488400560657
20,28,S30N:I52S:A58T:Y95F,4,True,0.13455047573587736,0.740460010454783,9.184148771258691,0.7484276729559748,0.7444438417053789
20,29,S30N:S31N:T57S:A58T:S75F,5,True,0.1300830208469095,0.5985363303711448,9.514136410069739,0.889412997903564,0.7439746641373544
20,30,S31N:I52S:T57S:A58T:Y106S,5,True,0.1389663308148706,0.8554626241505489,8.927644750621376,0.6323375262054507,0.7439000751779998
20,31,S31N:N59A:T71S:S75F:Y95F,5,True,0.13113079875800088,0.6338212232096184,9.411013686698544,0.8537735849056604,0.7437974040576394
20,32,S30N:A58T:N59A:T71S:S75F,5,True,0.1323328275241189,0.6722425509670674,9.306586172349775,0.8115828092243187,0.741912680095693
20,33,N59A:T71S:K74I:Y95F,4,True,0.1323106337921505,0.6714584422373235,9.307671880980589,0.8118448637316562,0.7416516529844899
20,34,S31N:T57S:A58T:T71S:Y106S,5,True,0.14773080149135245,0.9796131730266597,8.689522650500168,0.5036687631027253,0.7416409680646925
20,35,S31N:A58T:T71S:S75F:Y95F,5,True,0.12978630598360588,0.5878201777313121,9.531649251349434,0.8951781970649895,0.7414991873981508
20,36,S30N:A58T:S75F:Y95F:Y106S,5,True,0.13238496867878163,0.6756403554626241,9.291611534882568,0.8045073375262054,0.7400738464944148
20,37,S31N:T57S:N59A:T71S:S75F,5,True,0.1299087488776201,0.5933089388395191,9.500776106226299,0.884958071278826,0.7391335050591725
20,38,T57S:N59A:T71S:S75F:Y106S,5,True,0.13063319574506277,0.619707266074229,9.419890792456528,0.8582285115303984,0.7389678888023137
20,39,S30N:S31N:T57S:T71S,4,True,0.14121205709231438,0.8972817564035547,8.821285730947075,0.5780922431865828,0.7376869997950688
20,40,S30N:A58T:N59A:S75F:Y106S,5,True,0.13214027806952378,0.6646628332462101,9.295315663795543,0.8068658280922432,0.7357643306692266
20,41,T57S:A58T:T71S:S75F:T76S,5,True,0.13067941837337294,0.6210141139571353,9.392439573689021,0.8477463312368972,0.7343802225970163
20,42,T71S:T76S:S77N:Y106S,4,True,0.13424191179613698,0.7328802927339257,9.154697036200236,0.7342767295597484,0.7335785111468371
20,43,S31N:T57S:N59A:S75F:Y95F,5,True,0.13047362536199925,0.6139571353894406,9.393433279270624,0.8485324947589099,0.7312448150741753
20,44,S31N:T57S:A58T:K74I:Y106S,5,True,0.13806480241803404,0.8316779926816519,8.91748807631921,0.6270964360587002,0.7293872143701761
20,45,S31N:T71S:T76S:Y106S,4,True,0.13744008456857315,0.8186095138525875,8.94349028772422,0.6381027253668763,0.7283561196097319
20,46,T71S:T76S:Y106S,3,True,0.1302485624520758,0.6066387872451646,9.39171031149813,0.8474842767295597,0.7270615319873621
20,47,T57S:T71S:Y106S,3,True,0.1335019189619809,0.7090956612650288,9.174383662267026,0.7437106918238994,0.7264031765444641
20,48,S31N:T71S:T76S:Y95F,4,True,0.13974206174928797,0.8721902770517512,8.82604996882416,0.5801886792452831,0.7261894781485172
20,49,S31N:A58T:T71S:Y95F,4,True,0.13997272439158268,0.8768949294302143,8.813886209181577,0.5749475890985325,0.7259212592643733
20,50,T57S:T71S:T76S:Y106S,4,True,0.1421899889896259,0.9137480397281756,8.745518320386847,0.5364255765199162,0.7250868081240459
20,51,S31N:T57S:T76S:Y106S,4,True,0.13970695735403768,0.8714061683220073,8.823449328714547,0.5786163522012578,0.7250112602616325
20,52,I52S:A58T:N59A:S75F:Y95F,5,True,0.12573830467660208,0.45844223732357553,9.873770887234112,0.985062893081761,0.7217525652026683
20,53,S30N:T57S:N59A:T71S:S75F,5,True,0.1318973080125635,0.6578672242550967,9.261377849378606,0.785377358490566,0.7216222913728314
20,54,S31N:I52S:T57S:A58T:Y95F,5,True,0.13929837875729284,0.8625196027182436,8.82536544354865,0.5799266247379455,0.7212231137280946
20,55,S30N:S31N:T57S:T71S:S75F,5,True,0.1288129829779638,0.5564558285415577,9.502902139731274,0.8857442348008385,0.7211000316711982
20,56,S31N:A58T:N59A:S75F:T76S,5,True,0.13247657345207992,0.6798222686879247,9.209721868855151,0.7602201257861635,0.720021197237044
20,57,N59A:T71S:Y95F:Y106S,4,True,0.1421390305168298,0.9129639309984318,8.725682026695129,0.5251572327044025,0.7190605818514171
20,58,S30N:T57S:T71S:S75F:Y95F,5,True,0.13221912120739968,0.6670151594354418,9.231826103857317,0.7709643605870021,0.718989760011222
20,59,S30N:N59A:T71S:S75F:Y106S,5,True,0.1303669092312056,0.6105593308938839,9.341041809522993,0.8265199161425576,0.7185396235182208
20,60,A58T:T71S:S75F:T76S:Y95F,5,True,0.13062720221006444,0.6189231573444851,9.312696253137004,0.8170859538784067,0.7180045556114458
20,61,N59A:T71S:K74I:T76S:Y106S,5,True,0.13753400554122386,0.8201777313120753,8.888565122326947,0.6139937106918238,0.7170857210019496
20,62,S30N:N59A:T71S:S75F:T76S,5,True,0.1322253267478717,0.6677992681651855,9.222381211256089,0.7662473794549266,0.7170233238100561
20,63,T57S:T71S:S75F:Y95F:Y106S,5,True,0.13032987997470968,0.608729743857815,9.337450062759793,0.8244234800838575,0.7165766119708362
20,64,S31N:T57S:A58T:Y95F,4,True,0.14299533689913235,0.9244641923680084,8.69732414179992,0.5086477987421384,0.7165559955550733
20,65,S31N:N59A:S75F:T76S:Y95F,5,True,0.1315912886756171,0.6461055933089388,9.260641345946603,0.7851153039832285,0.7156104486460837
20,66,S30N:A58T:Y106S,3,True,0.13686191096419695,0.8013591217982227,8.91543826977969,0.6263102725366876,0.7138346971674552
20,67,S31N:T57S:T71S:S75F:T76S,5,True,0.12840520685861653,0.5431259801359122,9.493236482508587,0.8828616352201258,0.712993807678019
20,68,T57S:A58T:S75F:T76S:Y106S,5,True,0.13180942953601307,0.6531625718766335,9.233857898143635,0.7727987421383647,0.7129806570074991
20,69,S30N:S31N:T57S:S75F:Y95F,5,True,0.12890226622010495,0.560376372190277,9.440317124989594,0.8647798742138365,0.7125781232020567
20,70,T57S:A58T:T71S:K74I:Y95F,5,True,0.1400964993727441,0.8787245164662834,8.764115683243729,0.5458595387840671,0.7122920276251752
20,71,S30N:N59A:T71S:K74I:Y95F,5,True,0.1409198157987504,0.891270256142185,8.738477031301885,0.5327568134171907,0.7120135347796879
20,72,S31N:N59A:T71S:K74I:T76S,5,True,0.13756084398196772,0.8207004704652379,8.870426563276745,0.6032494758909853,0.7119749731781115
20,73,S31N:T57S:T71S:K74I:T76S,5,True,0.13483746103672567,0.7485624673288029,9.01915986889963,0.6740041928721174,0.7112833301004602
20,74,S30N:T57S:T71S:Y106S,4,True,0.14439256786729526,0.9448510193413486,8.639440948773446,0.47562893081761004,0.7102399750794793
20,75,S30N:I52S:A58T:Y106S,4,True,0.1338795357823936,0.7213800313643491,9.080426006638266,0.6981132075471698,0.7097466194557595
20,76,S31N:T57S:T71S:Y95F:Y106S,5,True,0.1463990827587712,0.9675901725039205,8.597540381525079,0.4499475890985325,0.7087688808012265
20,77,T57S:N59A:S75F:Y95F:Y106S,5,True,0.1307040062768398,0.6215368531102979,9.274781428682546,0.7945492662473794,0.7080430596788387
20,78,S30N:S31N:I52S:T57S:A58T,5,True,0.13845037711854324,0.8426555148980659,8.812438951490982,0.5731132075471698,0.7078843612226178
20,79,S31N:T57S:T71S:K74I:Y106S,5,True,0.13378860252323896,0.7187663355985363,9.073596049751972,0.6957547169811321,0.7072605262898342
20,80,S30N:T71S:Y106S,3,True,0.13295327882512165,0.6939362258233142,9.124380285024838,0.720125786163522,0.7070310059934181
20,81,N59A:S75F:T76S:Y95F:Y106S,5,True,0.13055934800023253,0.6173549398849973,9.27805108754505,0.7966457023060797,0.7070003210955385
20,82,S30N:S31N:T71S:S75F:Y95F,5,True,0.12935127042089187,0.575013068478829,9.364321518484754,0.8377882599580713,0.7064006642184502
20,83,S30N:A58T:Y95F,3,True,0.13626201582155129,0.7838473601672765,8.921988858804175,0.6286687631027253,0.7062580616350009
20,84,N59A:T71S:T76S,3,True,0.1372146470399497,0.8105070569785677,8.868871561516588,0.6019392033542977,0.7062231301664328
20,85,S31N:I52S:T57S:A58T,4,True,0.12984554687554792,0.5917407213800313,9.31694788939835,0.8191823899371069,0.705461555658569
20,86,S31N:A58T:T71S:K74I:Y95F,5,True,0.1361618929640488,0.7820177731312076,8.917888660061966,0.6281446540880503,0.7050812136096289
20,87,S31N:A58T:Y95F:Y106S,4,True,0.14176254052833862,0.9043387349712494,8.689469030924913,0.5034067085953878,0.7038727217833186
20,88,S30N:S31N:T57S:Y106S,4,True,0.1397056883134584,0.8708834291688448,8.742606667688328,0.5351153039832285,0.7029993665760366
20,89,S30N:S31N:T57S:K74I:Y95F,5,True,0.13631709152022006,0.785154208050183,8.893029885695187,0.6171383647798742,0.7011462864150286
20,90,S30N:S31N:T57S:A58T:K74I,5,True,0.13785503378660574,0.8280188186095139,8.813400447956043,0.5738993710691824,0.7009590948393482
20,91,S30N:T57S:A58T:Y106S,4,True,0.14708453247326664,0.9728175640355463,8.559398210545561,0.4289832285115304,0.7009003962735384
20,92,A58T:N59A:K74I:S75F:Y95F,5,True,0.12460054605009288,0.42106638787245165,9.835050677904132,0.9803459119496856,0.7007061499110686
20,93,T57S:N59A:S75F:T76S:Y95F,5,True,0.13129403366554804,0.6369576581285938,9.21118665990847,0.7625786163522013,0.6997681372403975
20,94,S30N:T57S:T71S:S75F:Y106S,5,True,0.130103865170697,0.5990590695243073,9.282522994196452,0.7990041928721174,0.6990316311982123
20,95,S31N:A58T:N59A:S75F:Y106S,5,True,0.13036151524758638,0.6100365917407213,9.265297157292046,0.7877358490566038,0.6988862203986625
20,96,A58T:N59A:S75F:R87T:Y95F,5,True,0.13092313534261868,0.6278097229482488,9.229194374571996,0.7691299790356394,0.698469850991944
20,97,S31N:T57S:N59A:S75F:T76S,5,True,0.13072111280551155,0.6223209618400418,9.235863488500412,0.77437106918239,0.6983460155112159
20,98,S31N:T57S:A58T:T71S:Y95F,5,True,0.14836923677765496,0.9848405645582854,8.526265548562256,0.41168763102725364,0.6982640977927695
20,99,T57S:A58T:K74I:Y106S,4,True,0.13379598093295858,0.7190277051751176,9.025035024089053,0.6761006289308176,0.6975641670529675
20,100,T71S:Y95F:Y106S,3,True,0.13103068425661804,0.6314688970203868,9.214815563656947,0.7636268343815513,0.697547865700969
20,101,S31N:T76S:Y95F:Y106S,4,True,0.13741354484239335,0.8173026659696812,8.813466078347362,0.57416142557652,0.6957320457731005
20,102,S30N:T71S:T76S:Y106S,4,True,0.141086220472417,0.8946680606377417,8.677729257841476,0.49633123689727465,0.6954996487675082
20,103,S30N:T57S:A58T:T71S:K74I,5,True,0.14002872106072942,0.8782017773131208,8.69971956494995,0.5107442348008385,0.6944730060569797
20,104,S31N:T71S:S75F:T76S:Y95F,5,True,0.12816441691329886,0.5360690015682175,9.395090442422504,0.8490566037735849,0.6925628026709012
20,105,S30N:S31N:T57S:A58T,4,True,0.14191037563365932,0.9064296915838996,8.645846783337703,0.4782494758909853,0.6923395837374424
20,106,A58T:N59A:T71S:K74I:Y95F,5,True,0.14034847663155955,0.883951907997909,8.684994864184695,0.500524109014675,0.692238008506292
20,107,T57S:A58T:S75F:R87T:Y95F,5,True,0.13018013339522708,0.6019341348667016,9.255704814113875,0.7824947589098532,0.6922144468882774
20,108,N59A:T71S:K74I:Y106S,4,True,0.12845853460778658,0.5452169367485624,9.366357939204878,0.8383123689727463,0.6917646528606544
20,109,I52S:A58T:N59A:S75F:T76S,5,True,0.12395274084884003,0.40407736539466804,9.820388746731407,0.9785115303983228,0.6912944478964954
20,110,S31N:T57S:T76S:Y95F,4,True,0.13953088609037892,0.8685311029796132,8.70511155114756,0.5133647798742138,0.6909479414269135
20,111,S31N:T57S:S75F:Y95F:Y106S,5,True,0.12769184127791836,0.5222164140094093,9.421472762916823,0.859538784067086,0.6908775990382476
20,112,S30N:N59A:T71S:K74I,4,True,0.13227543786438306,0.669106116048092,9.109591725591931,0.7125262054507338,0.6908161607494129
20,113,I52S:T57S:A58T:N59A:S75F,5,True,0.12364042965483134,0.39492943021432303,9.885192868488634,0.9866352201257862,0.6907823251700547
20,114,T57S:N59A:T71S:K74I:T76S,5,True,0.13895309224379598,0.854678515420805,8.726108143638314,0.5256813417190775,0.6901799285699413
20,115,T57S:T71S:K74I:Y95F:Y106S,5,True,0.1373095336216722,0.8136434918975431,8.80257220120211,0.5660377358490566,0.6898406138732999
20,116,S31N:T57S:A58T:S75F:R87T,5,True,0.12714994428480692,0.5041819132253006,9.470856095965813,0.8752620545073375,0.6897219838663191
20,117,A58T:T71S:K74I:Y95F:Y106S,5,True,0.1383642202623431,0.8403031887088342,8.751923953610426,0.5387840670859538,0.6895436278973941
20,118,S31N:T57S:N59A:K74I:Y95F,5,True,0.13692654684305058,0.8031887088342917,8.813073101823955,0.5736373165618449,0.6884130126980683
20,119,S30N:I52S:T57S:A58T:Y106S,5,True,0.14228894721795435,0.9153162571876634,8.615038102115255,0.4606918238993711,0.6880040405435173
20,120,S30N:S31N:N59A:T71S:S75F,5,True,0.1299323462186792,0.5943544171458442,9.251174293289976,0.7811844863731656,0.687769451759505
20,121,T57S:A58T:S75F:Y106S,4,True,0.12489426931829721,0.43021432305279667,9.705304079186723,0.9449685534591195,0.687591438255958
20,122,A58T:N59A:S75F:T76S,4,True,0.12517226978143187,0.4391008886565604,9.662308472562287,0.9360587002096437,0.687579794433102
20,123,S30N:S31N:Y95F:Y106S,4,True,0.13858089188418274,0.8463146889702039,8.732638214194505,0.5288259958071279,0.6875703423886659
20,124,A58T:N59A:T71S:K74I:Y106S,5,True,0.13855868087545406,0.8447464715107161,8.73401960687697,0.529874213836478,0.6873103426735971
20,125,S31N:T57S:T71S:T76S:Y106S,5,True,0.14629431085975403,0.9660219550444328,8.52257767019212,0.4082809224318658,0.6871514387381493
20,126,T71S:T76S:Y95F,3,True,0.13165931205895473,0.6487192890747517,9.131990698886076,0.7237945492662474,0.6862569191704996
20,127,S31N:A58T:S75F:T76S:Y95F,5,True,0.12992109775685362,0.5935703084161004,9.243495420079991,0.7777777777777778,0.685674043096939
20,128,S31N:I52S:A58T:T71S:Y95F,5,True,0.13749705088573252,0.8191322530057501,8.7731749441924,0.5521488469601677,0.685640549982959
20,129,T57S:T76S:Y106S,3,True,0.1318702445344986,0.6565603763721902,9.114852595802592,0.714622641509434,0.6855915089408121
20,130,T57S:N59A:T71S:Y106S,4,True,0.14195532261691263,0.9082592786199687,8.619046753192444,0.46226415094339623,0.6852617147816824
20,131,S31N:T57S:K74I:Y95F:Y106S,5,True,0.13448457026745791,0.7386304234187141,8.925797131723533,0.6307651991614256,0.6846978112900699
20,132,S31N:T57S:A58T:K74I,4,True,0.12994911014411023,0.5948771562990068,9.234865317518398,0.7738469601677149,0.6843620582333609
20,133,S31N:I52S:A58T:Y106S,4,True,0.12919249955859605,0.5705697856769472,9.27239208738957,0.7924528301886793,0.6815113079328132
20,134,I52S:A58T:N59A:K74I:Y95F,5,True,0.13199317632017235,0.6607422895974908,9.086334264715349,0.7020440251572327,0.6813931573773617
20,135,S30N:I52S:A58T:N59A:S75F,5,True,0.12366918395248247,0.3957135389440669,9.773722866483663,0.9669811320754716,0.6813473355097692
20,136,S30N:T71S:K74I:Y95F,4,True,0.13135410094917663,0.6390486147412441,9.131762467496229,0.7232704402515723,0.6811595274964082
20,137,S30N:T71S:K74I:Y95F:Y106S,5,True,0.137310321687733,0.8139048614741244,8.766424634726954,0.5479559748427673,0.6809304181584459
20,138,I52S:T57S:A58T:T71S:K74I,5,True,0.12840965609467744,0.5436487192890748,9.314676226640415,0.8181341719077568,0.6808914455984159
20,139,T57S:A58T:T71S:S75F:R87T,5,True,0.12723157409856994,0.5062728698379508,9.414719215443101,0.8553459119496856,0.6808093908938182
20,140,I52S:A58T:Y95F:Y106S,4,True,0.13430188525258221,0.7339257710402509,8.914990128502357,0.625524109014675,0.679724940027463
20,141,S31N:N59A:T71S:T76S,4,True,0.14307526273788493,0.9257710402509148,8.568745180046186,0.4331761006289308,0.6794735704399228
20,142,S30N:S31N:I52S:A58T:Y95F,5,True,0.1394326571539561,0.8661787767903816,8.66580884487876,0.4916142557651992,0.6788965162777904
20,143,T57S:A58T:N59A:K74I:S75F,5,True,0.12339688164486896,0.387611082070047,9.78278111878859,0.970125786163522,0.6788684341167845
20,144,S30N:T57S:T71S:K74I:Y95F,5,True,0.13982087116493777,0.8734971249346576,8.655024084900083,0.4832285115303983,0.678362818232528
20,145,S30N:N59A:S75F:T76S:Y95F,5,True,0.13112136125701584,0.6335598536330371,9.13145475578766,0.7227463312368972,0.6781530924349672
20,146,I52S:T57S:A58T:T71S:Y95F,5,True,0.14106350998963788,0.893883951907998,8.618392025742319,0.4620020964360587,0.6779430241720283
20,147,S30N:S31N:A58T:N59A:S75F,5,True,0.13037661768057976,0.6108207004704652,9.177018626376501,0.7447589098532494,0.6777898051618574
20,148,S31N:A58T:T71S:T76S,4,True,0.139124864534403,0.8580763199163617,8.680021085333188,0.4973794549266247,0.6777278874214931
20,149,N59A:T71S:S75F:Y95F,4,True,0.1250564748913519,0.4362258233141662,9.597919975368582,0.9187631027253669,0.6774944630197666
20,150,S30N:A58T:T71S:K74I:Y95F,5,True,0.14030536426160467,0.8826450601150027,8.634544737126705,0.4722222222222222,0.6774336411686124
20,151,N59A:T71S:T76S:Y95F,4,True,0.14525095219176126,0.9568740198640878,8.508198951155325,0.3977987421383648,0.6773363810012263
20,152,S30N:N59A:T71S:K74I:T76S,5,True,0.13937364430688343,0.8643491897543126,8.663938403164394,0.48977987421383645,0.6770645319840746
20,153,S31N:T57S:S75F:R87T:Y95F,5,True,0.12594798869005025,0.4647151071615264,9.514026372498686,0.8891509433962265,0.6769330252788764
20,154,S30N:T71S:Y95F,3,True,0.13678315635763796,0.7995295347621537,8.775992816010538,0.5534591194968553,0.6764943271295045
20,155,T57S:A58T:N59A:T71S:K74I,5,True,0.1393880709932316,0.8648719289074752,8.660953161377567,0.48742138364779874,0.676146656277637
20,156,T57S:A58T:Y95F:Y106S,4,True,0.14731984075080384,0.9759539989545217,8.465496414849463,0.3757861635220126,0.6758700812382672
20,157,N59A:T71S:S75F:T76S,4,True,0.1247869009896645,0.4273392577104025,9.618265613549847,0.9240041928721174,0.67567172529126
20,158,S31N:T57S:N59A:S75F:Y106S,5,True,0.1282142836034422,0.5373758494511239,9.30960187825161,0.8136792452830188,0.6755275473670714
20,159,S31N:T57S:K74I:Y95F,4,True,0.12731350691177554,0.5094093047569263,9.373937695026754,0.8406708595387841,0.6750400821478552
20,160,S31N:N59A:K74I:Y95F:Y106S,5,True,0.13476710029943495,0.7462101411395714,8.871286411488203,0.6037735849056604,0.6749918630226159
20,161,A58T:T71S:T76S:Y106S,4,True,0.14229698492963994,0.9158389963408259,8.569443012999308,0.4337002096436059,0.6747696029922159
20,162,N59A:K74I:T76S:Y95F,4,True,0.13097068969298,0.6296393099843178,9.12345281281569,0.7198637316561844,0.6747515208202511
20,163,T57S:A58T:K74I:Y95F:Y106S,5,True,0.14114292182282,0.8957135389440669,8.602234588227267,0.4530922431865828,0.6744028910653248
20,164,A58T:Y95F:Y106S,3,True,0.137254091426759,0.8115525352848928,8.746976299316334,0.5369496855345912,0.674251110409742
20,165,S31N:T57S:A58T:Y95F:Y106S,5,True,0.1497936377505097,0.9939884997386305,8.424118141512494,0.3529874213836478,0.6734879605611391
20,166,I52S:N59A:T71S:S75F:Y95F,5,True,0.12481363365543201,0.42838473601672766,9.595771435429201,0.9179769392033543,0.673180837610041
20,167,T57S:A58T:R87T:Y106S,4,True,0.14061709539000428,0.8881338212232096,8.611601532305732,0.45754716981132076,0.6728404955172652
20,168,S31N:T57S:T76S,3,True,0.13023565246264135,0.6055933089388396,9.161976227610372,0.7392557651991615,0.6724245370690005
20,169,T57S:T71S:S75F:T76S:Y106S,5,True,0.12872365131604074,0.5533193936225823,9.270608429797655,0.7908805031446541,0.6720999483836182
20,170,T57S:T71S:K74I:Y95F,4,True,0.13036532846060345,0.6102979613173026,9.152797566270973,0.7337526205450734,0.672025290931188
20,171,A58T:S75F:T76S:Y95F:Y106S,5,True,0.1307123204104887,0.6220595922634605,9.128244610345146,0.7219601677148847,0.6720098799891726
20,172,S31N:N59A:T71S:K74I:Y106S,5,True,0.13364392917724546,0.7127548353371668,8.926194764679565,0.6310272536687631,0.6718910445029649
20,173,I52S:A58T:N59A:Y106S,4,True,0.1339564031633444,0.7229482488238369,8.90464140500825,0.6208071278825996,0.6718776883532183
20,174,S31N:A58T:S77N:Y106S,4,True,0.13587366904260212,0.7760062728698379,8.805644147173867,0.5676100628930818,0.6718081678814598
20,175,S30N:N59A:T71S:Y106S,4,True,0.14268358364290426,0.9200209095661265,8.548734248868037,0.4229559748427673,0.6714884422044469
20,176,T71S:K74I:Y95F:Y106S,4,True,0.12659950424479627,0.48588604286461057,9.415430550444675,0.8558700209643606,0.6708780319144856
20,177,T57S:A58T:S75F:S77N:Y95F,5,True,0.12854348099881507,0.5480920020909567,9.273648468952262,0.7935010482180294,0.670796525154493
20,178,I52S:T57S:A58T:N59A:T71S,5,True,0.1397111730490184,0.8716675378985886,8.630078682572675,0.4698637316561845,0.6707656347773866
20,179,T57S:A58T:T76S:Y106S,4,True,0.14561191805751084,0.9600104547830632,8.474699560932656,0.3812893081761006,0.6706498814795819
20,180,T57S:A58T:K74I:Y95F,4,True,0.13311076183470175,0.6989022477783586,8.944662471546412,0.6388888888888888,0.6688955683336237
20,181,S30N:S31N:T57S:N59A:S75F,5,True,0.12879957958043955,0.555671719811814,9.252059190541043,0.7814465408805031,0.6685591303461585
20,182,S30N:T57S:T71S:K74I:Y106S,5,True,0.13807857144907362,0.8324621014113958,8.690144281358023,0.5044549266247379,0.6684585140180668
20,183,S31N:T71S:T76S,3,True,0.12951960344923005,0.5802404600104548,9.201860014615194,0.7565513626834381,0.6683959113469464
20,184,S30N:S31N:A58T:Y95F,4,True,0.14235291864770752,0.9168844746471511,8.540803498258215,0.419811320754717,0.6683478977009341
20,185,S31N:T76S:R87T:Y95F,4,True,0.13603589670003216,0.778881338212232,8.783931550985976,0.5573899371069182,0.6681356376595751
20,186,S31N:N59A:T71S:S75F:Y106S,5,True,0.12721942470319475,0.5060115002613695,9.347280852608183,0.8301886792452831,0.6681000897533262
20,187,S30N:S31N:T57S:R87T,4,True,0.1353272354754696,0.7624150548876111,8.811216970860483,0.5723270440251572,0.6673710494563841
20,188,S30N:A58T:K74I:Y95F,4,True,0.13271066930463554,0.6863565081024569,8.964894782299348,0.6483228511530398,0.6673396796277483
20,189,S30N:S31N:Y95F,3,True,0.13047629511704278,0.6142185049660219,9.122003577238575,0.7193396226415094,0.6667790638037656
20,190,S31N:I52S:A58T:Y95F:Y106S,5,True,0.13847651451009704,0.8431782540512285,8.664342333124583,0.49030398322851154,0.66674111863987
20,191,A58T:T71S:Y106S,3,True,0.1327139971056012,0.6866178776790381,8.959520313496665,0.6467505241090147,0.6666842008940264
20,192,I52S:T57S:A58T:T71S:S75F,5,True,0.1216888705431727,0.3353371667537899,9.989260494610624,0.9979035639412998,0.6666203653475449
20,193,S30N:T57S:N59A:T71S:K74I,5,True,0.13953220678245196,0.8687924725561944,8.620290578826586,0.4643605870020964,0.6665765297791454
20,194,T57S:A58T:T71S:K74I,4,True,0.13100579313704708,0.6312075274438056,9.085258195079955,0.7012578616352201,0.6662326945395128
20,195,S31N:T57S:K74I:T76S:Y95F,5,True,0.13440704262257913,0.7360167276529012,8.859918337454129,0.5961740041928721,0.6660953659228867
20,196,A58T:N59A:S75F:Y106S,4,True,0.12434707417932059,0.41374803972817564,9.595858966504254,0.9182389937106918,0.6659935167194337
20,197,S31N:T57S:T71S:K74I:R87T,5,True,0.13133379722693483,0.6374803972817564,9.068744875012092,0.6941823899371069,0.6658313936094317
20,198,A58T:N59A:T71S:K74I:T76S,5,True,0.13947400391729864,0.8680083638264506,8.619664614581968,0.4635744234800839,0.6657913936532672
20,199,S31N:T57S:N59A:Y106S,4,True,0.1385804266932829,0.8460533193936226,8.657726708781071,0.485062893081761,0.6655581062376918
20,200,S30N:N59A:K74I:Y95F:Y106S,5,True,0.1378981222691574,0.8282801881860952,8.686285183026907,0.5015723270440252,0.6649262576150602
20,201,S30N:N59A:K74I:Y95F,4,True,0.13196589788721932,0.6602195504443282,9.007849334541183,0.6692872117400419,0.6647533810921851
20,202,T57S:A58T:N59A:K74I:Y106S,5,True,0.14065361999847828,0.8889179299529535,8.579715835352498,0.43946540880503143,0.6641916693789924
20,203,I52S:T57S:A58T:Y95F:Y106S,5,True,0.14257051353141345,0.9189754312598014,8.52308032586438,0.40854297693920333,0.6637592040995024
20,204,A58T:N59A:K74I:S75F:T76S,5,True,0.12303831932337854,0.3750653423941453,9.725415582962793,0.9523060796645703,0.6636857110293578
20,205,S31N:T57S:A58T:S75F:S77N,5,True,0.1265737931662875,0.4848405645582854,9.37884377390147,0.8422431865828093,0.6635418755705473
20,206,S31N:A58T:T76S:Y106S,4,True,0.14152623117692892,0.9012023000522739,8.55408423133635,0.4258385744234801,0.663520437237877
20,207,N59A:T71S:K74I:T76S:R87T,5,True,0.13452364703336822,0.7391531625718767,8.844919930386034,0.5877882599580713,0.663470711264974
20,208,I52S:A58T:T71S:Y95F,4,True,0.13238816526244507,0.6761630946157867,8.96853136577701,0.65041928721174,0.6632911909137633
20,209,T57S:A58T:K74I:S75F:Y95F,5,True,0.12272707535933727,0.36722425509670675,9.74732287707574,0.9583333333333334,0.6627787942150201
20,210,I52S:T57S:A58T:N59A:Y106S,5,True,0.14143730314596475,0.9001568217459488,8.550787804943337,0.42426624737945495,0.6622115345627019
20,211,T57S:N59A:T71S:K74I,4,True,0.13087002533465852,0.6251960271824359,9.082160015588595,0.69916142557652,0.6621787263794779
20,212,S31N:T57S:Y95F,3,True,0.13042120027728024,0.6126502875065343,9.106015951851465,0.7112159329140462,0.6619331102102902
20,213,T57S:A58T:N59A:S75F:R87T,5,True,0.12830083177824886,0.5399895452169368,9.25694071384937,0.7838050314465409,0.6618972883317389
20,214,I52S:A58T:N59A:T71S:Y106S,5,True,0.1399574844842525,0.876633559853633,8.59326317673677,0.4470649895178197,0.6618492746857263
20,215,S30N:A58T:S75F:S77N:Y95F,5,True,0.12676156642702716,0.4911134343962363,9.351693614485947,0.8325471698113207,0.6618303021037785
20,216,S31N:I52S:A58T:Y95F,4,True,0.13067816186171138,0.6204913748039729,9.088069869876051,0.7030922431865828,0.6617918089952779
20,217,S30N:S31N:A58T:K74I:Y95F,5,True,0.1379431032054718,0.8285415577626765,8.675737677207845,0.4947589098532495,0.661650233807963
20,218,S30N:S31N:A58T:S75F:Y106S,5,True,0.12864921611915336,0.5507056978567695,9.232235764503212,0.7714884696016772,0.6610970837292234
20,219,T57S:A58T:T71S:S75F,4,True,0.12259024895930934,0.36199686356508104,9.753100313159269,0.959643605870021,0.660820234717551
20,220,I52S:A58T:T71S:Y106S,4,True,0.13086757232102555,0.6249346576058546,9.07532304231531,0.6965408805031447,0.6607377690544997
20,221,S30N:S31N:T57S:A58T:T71S,5,True,0.14812152250957766,0.9830109775222164,8.399295609116022,0.3380503144654088,0.6605306459938126
20,222,S31N:T57S:A58T:K74I:T76S,5,True,0.13690248482363868,0.8024046001045478,8.714888146406999,0.5186058700209644,0.660505235062756
20,223,N59A:T76S:Y95F:Y106S,4,True,0.14247509555041557,0.9179299529534762,8.516407044879815,0.4030398322851153,0.6604848926192958
20,224,S31N:T71S:T76S:S77N,4,True,0.13380453639442952,0.7198118139048615,8.867178647656404,0.6003668763102725,0.660089345107567
20,225,I52S:A58T:N59A:Y95F,4,True,0.13487840233791384,0.7496079456351281,8.80932062096583,0.5704926624737946,0.6600503040544614
20,226,T57S:A58T:N59A:S75F,4,True,0.1239848087462602,0.4051228437009932,9.587629130444999,0.9145702306079665,0.6598465371544798
20,227,S30N:I52S:T57S:A58T:S75F,5,True,0.12195141361630552,0.34265551489806584,9.812277098426703,0.9769392033542977,0.6597973591261818
20,228,S30N:I52S:A58T:N59A:K74I,5,True,0.13091910822746688,0.6275483533716676,9.063652371719085,0.6918238993710691,0.6596861263713684
20,229,N59A:T71S:T76S:R87T,4,True,0.1382602387581504,0.8374281233664401,8.653475001445837,0.48191823899371067,0.6596731811800753
20,230,S31N:T57S:T71S:T76S:Y95F,5,True,0.1471705687205759,0.9733403031887088,8.411342601671894,0.34591194968553457,0.6596261264371217
20,231,S31N:T57S:T71S:R87T:Y95F,5,True,0.14383953575192265,0.9377940407736539,8.473746797056627,0.3802410901467505,0.6590175654602022
20,232,S31N:T57S:A58T:T71S:T76S,5,True,0.1474174975036406,0.9772608468374281,8.403454528387876,0.34067085953878407,0.6589658531881061
20,233,T71S:S75F:T76S:Y95F:Y106S,5,True,0.12762654219051636,0.5206481965499216,9.278488456531049,0.7971698113207547,0.6589090039353381
20,234,A58T:N59A:S75F:T76S:S77N,5,True,0.1289355442937,0.5619445896497648,9.19997409529385,0.7557651991614256,0.6588548944055952
20,235,S30N:T57S:S75F:Y95F:Y106S,5,True,0.12969908246023604,0.5854678515420805,9.151162028927182,0.7321802935010482,0.6588240725215644
20,236,S30N:T57S:T71S:K74I,4,True,0.13093913614786373,0.6285938316779927,9.052947555643682,0.6884171907756813,0.658505511226837
20,237,T57S:T71S:S75F:R87T:Y95F,5,True,0.12735971087440728,0.5101934134866701,9.295307229816817,0.8066037735849056,0.6583985935357879
20,238,T76S:Y95F:Y106S,3,True,0.12851932480344777,0.5473078933612128,9.226318794449563,0.7683438155136268,0.6578258544374198
20,239,S31N:T57S:T71S:S75F:R87T,5,True,0.1238867100703399,0.40224777835859904,9.583572322811065,0.9129979035639413,0.6576228409612701
20,240,I52S:N59A:T71S:K74I:Y95F,5,True,0.13076016235564397,0.6236278097229483,9.063615807335102,0.6915618448637316,0.65759482729334
20,241,I52S:N59A:T71S:K74I:T76S,5,True,0.1293775023788844,0.5752744380554103,9.162951091253989,0.7397798742138365,0.6575271561346234
20,242,S31N:A58T:T71S:K74I:Y106S,5,True,0.13399632178891266,0.7239937271301621,8.851414094782733,0.5909329140461216,0.6574633205881418
20,243,S30N:A58T:N59A:K74I:S75F,5,True,0.12265611945440753,0.36461055933089387,9.722426226175514,0.95020964360587,0.657410101468382
20,244,T57S:N59A:T71S:K74I:S75F,5,True,0.12158786696113284,0.3314166231050706,9.850781688402188,0.9832285115303984,0.6573225673177345
20,245,S31N:N59A:S75F:R87T:Y95F,5,True,0.12754730981764856,0.5172503920543648,9.2783017421334,0.7969077568134172,0.657079074433891
20,246,S31N:N59A:S75F:T76S:R87T,5,True,0.12682444565010256,0.4932043910088866,9.321116884134481,0.8204926624737946,0.6568485267413406
20,247,T57S:A58T:T71S:S75F:S77N,5,True,0.1278493525933172,0.5282279142707789,9.258352575946965,0.7845911949685535,0.6564095546196662
20,248,I52S:T57S:A58T:K74I:Y95F,5,True,0.13028647278568858,0.6074228959749085,9.092521302241297,0.7051886792452831,0.6563057876100957
20,249,S30N:T71S:T76S,3,True,0.13220436917158765,0.6662310507056979,8.957324934389675,0.6459643605870021,0.65609770564635
20,250,T57S:N59A:T71S:S75F:R87T,5,True,0.12630617566447416,0.47699947726084685,9.356800083416688,0.8349056603773585,0.6559525688191027
20,251,T57S:T71S:R87T:Y106S,4,True,0.1349353362657509,0.7503920543648719,8.789678030858862,0.5605345911949685,0.6554633227799203
20,252,S30N:I52S:A58T:T71S:Y95F,5,True,0.14204189136661097,0.9098274960794563,8.512805325200157,0.4009433962264151,0.6553854461529357
20,253,T71S:S77N:Y95F:Y106S,4,True,0.13510662407051047,0.7548353371667538,8.781266266533233,0.5558176100628931,0.6553264736148234
20,254,N59A:K74I:Y95F:Y106S,4,True,0.1291322884280738,0.5690015682174595,9.165582976633628,0.7410901467505241,0.6550458574839918
20,255,S31N:I52S:A58T:T71S:T76S,5,True,0.13576523012545946,0.7726084683742812,8.748341521118533,0.5374737945492662,0.6550411314617737
20,256,S31N:T57S:A58T:K74I:R87T,5,True,0.13490537438476016,0.7498693152117094,8.785665296579738,0.5589622641509434,0.6544157896813264
20,257,S30N:A58T:K74I:Y95F:Y106S,5,True,0.14021779987645455,0.8810768426555149,8.5565829506781,0.4271488469601677,0.6541128448078413
20,258,I52S:T57S:A58T:T71S:T76S,5,True,0.13835061366810925,0.8395190799790905,8.626865696919342,0.46829140461215935,0.6539052422956249
20,259,S30N:I52S:T57S:A58T:K74I,5,True,0.1296184071030016,0.5825927861996864,9.132332004481924,0.7243186582809225,0.6534557222403043
20,260,A58T:N59A:S75F:R87T:Y106S,5,True,0.12752048947993103,0.5162049137480397,9.269516516142739,0.790356394129979,0.6532806539390094
20,261,S30N:N59A:K74I:S75F:Y95F,5,True,0.12180991356521778,0.3384736016727653,9.777248119996896,0.9680293501048218,0.6532514758887935
20,262,S30N:I52S:T57S:A58T:Y95F,5,True,0.14207784692728886,0.9108729743857815,8.500313618651843,0.39544025157232704,0.6531566129790543
20,263,A58T:T71S:S75F:Y95F,4,True,0.12303973572975942,0.3755880815473079,9.640440850775855,0.9300314465408805,0.6528097640440942
20,264,S31N:T57S:N59A:K74I:T76S,5,True,0.13713767109974817,0.8086774699424987,8.679307632834398,0.4968553459119497,0.6527664079272242
20,265,A58T:N59A:K74I:Y95F,4,True,0.13381741755568113,0.7203345530580241,8.841837222489643,0.585167714884696,0.6527511339713601
20,266,A58T:K74I:Y95F:Y106S,4,True,0.13200280122399177,0.6610036591740721,8.952457729131483,0.6438679245283019,0.6524357918511869
20,267,S31N:T57S:A58T:S75F,4,True,0.12181395295250688,0.3387349712493466,9.771630836781519,0.9659329140461216,0.6523339426477341
20,268,N59A:S75F:R87T:Y95F:Y106S,5,True,0.1257483403411704,0.4587036069001568,9.386070560837341,0.8459119496855346,0.6523077782928457
20,269,S30N:S31N:T57S:T76S,4,True,0.1388746265605077,0.8525875588081547,8.600184664957094,0.45178197064989517,0.652184764729025
20,270,T71S:K74I:T76S:Y95F,4,True,0.1268649287383084,0.494511238891793,9.300897931346277,0.809748427672956,0.6521298332823745
20,271,A58T:N59A:K74I:Y106S,4,True,0.13262318197641446,0.6847882906429692,8.901237602224368,0.6189727463312369,0.651880518487103
20,272,T57S:N59A:S75F:R87T:Y95F,5,True,0.12769345237551985,0.5224777835859906,9.251021691242002,0.7809224318658281,0.6517001077259094
20,273,I52S:A58T:N59A:T76S,4,True,0.13356037744770693,0.7109252483010977,8.852388516744387,0.5922431865828093,0.6515842174419535
20,274,S30N:T57S:A58T:K74I:Y95F,5,True,0.1409564402835945,0.8920543648719289,8.525320409173691,0.4109014675052411,0.651477916188585
20,275,S31N:A58T:N59A:K74I:Y95F,5,True,0.13886087132889813,0.8518034500784109,8.597941148912785,0.45073375262054505,0.651268601349478
20,276,S30N:S31N:T57S:S75F:Y106S,5,True,0.126810297275605,0.4929430214323053,9.300079950089996,0.8094863731656184,0.6512146972989619
20,277,S31N:T76S:S77N:Y106S,4,True,0.13155953047459046,0.6447987454260324,8.980143752218012,0.6572327044025157,0.6510157249142741
20,278,S30N:A58T:T71S:K74I,4,True,0.1306782854033821,0.6207527443805541,9.035991693476504,0.6810796645702306,0.6509162044753923
20,279,S30N:S31N:T57S:K74I:Y106S,5,True,0.1345980788965587,0.7417668583376895,8.787745601690983,0.559748427672956,0.6507576430053228
20,280,S30N:S31N:I52S:A58T:Y106S,5,True,0.13801501224057533,0.8306325143753267,8.630104423480681,0.470125786163522,0.6503791502694244
20,281,T57S:A58T:N59A:Y106S,4,True,0.14479750263095573,0.9500784108729744,8.420970640388846,0.3503668763102725,0.6502226435916234
20,282,T57S:N59A:K74I:S75F:Y95F,5,True,0.12167315560752047,0.3340303188708834,9.771377466477446,0.9654088050314465,0.649719561951165
20,283,A58T:S75F:Y95F:Y106S,4,True,0.12377641664542342,0.39858860428646103,9.545198674362426,0.90041928721174,0.6495039457491005
20,284,A58T:N59A:K74I:S75F:Y106S,5,True,0.12256269038056425,0.36042864610559333,9.674792447482641,0.9384171907756813,0.6494229184406373
20,285,S30N:A58T:N59A:T71S:K74I,5,True,0.13987469590952642,0.8758494511238892,8.548124320423423,0.4226939203354298,0.6492716857296595
20,286,S30N:T57S:A58T:S75F:R87T,5,True,0.12773882021693675,0.5232618923157345,9.235963870723259,0.7746331236897275,0.6489475080027309
20,287,S31N:A58T:T71S:K74I:T76S,5,True,0.13465340930482353,0.7435964453737585,8.77634966834595,0.5537211740041929,0.6486588096889756
20,288,S30N:N59A:S75F:R87T:Y95F,5,True,0.12834596049973965,0.5410350235232619,9.20148581895397,0.7560272536687631,0.6485311385960125
20,289,S31N:T71S:K74I:Y95F,4,True,0.12603075829088434,0.4683742812336644,9.344708200826938,0.8286163522012578,0.6484953167174612
20,290,S31N:I52S:T57S:A58T:N59A,5,True,0.13816516837184417,0.8337689492943021,8.619345037176698,0.46278825995807127,0.6482786046261867
20,291,A58T:N59A:S75F:S77N:Y106S,5,True,0.12864904002005784,0.5504443282801882,9.180712670983297,0.7460691823899371,0.6482567553350627
20,292,T57S:T71S:T76S:Y95F,4,True,0.14204884836427129,0.9100888656560376,8.482712487770328,0.38548218029350106,0.6477855229747693
20,293,I52S:T57S:N59A:T71S:S75F,5,True,0.12271575863366128,0.36670151594354417,9.638757760112458,0.9287211740041929,0.6477113449738685
20,294,S30N:S31N:T57S:A58T:Y106S,5,True,0.14945682960942228,0.9913748039728175,8.342257267421946,0.3039832285115304,0.6476790162421739
20,295,T57S:N59A:K74I:Y95F:Y106S,5,True,0.13766796403992984,0.8227914270778881,8.634824618545016,0.4724842767295597,0.6476378519037239
20,296,I52S:A58T:N59A:K74I:Y106S,5,True,0.1305097679079471,0.6155253528489284,9.030618578422676,0.6792452830188679,0.6473853179338982
20,297,S31N:N59A:T71S:Y95F,4,True,0.14109265150009465,0.8951907997909043,8.50976198439916,0.39937106918238996,0.6472809344866471
20,298,S30N:N59A:T71S:S75F,4,True,0.12352870001646325,0.3923157344485102,9.546485076409933,0.9006813417190775,0.6464985380837939
20,299,S30N:I52S:A58T:T71S:S75F,5,True,0.12148825467765706,0.3264506011500261,9.772072620898534,0.9661949685534591,0.6463227848517425
20,300,T57S:T71S:Y95F,3,True,0.1346178040671009,0.7425509670674334,8.769276459683677,0.54979035639413,0.6461706617307816
20,301,S31N:T71S:R87T:Y95F,4,True,0.13598328309543598,0.777835859905907,8.706103713608394,0.5138888888888888,0.6458623743973979
20,302,I52S:A58T:N59A:K74I:T76S,5,True,0.13017124930559557,0.6016727652901203,9.060000382814538,0.6899895178197065,0.6458311415549134
20,303,I52S:A58T:T71S:K74I:Y95F,5,True,0.1289463472769629,0.5624673288029274,9.14239462365695,0.7285115303983228,0.645489429600625
20,304,T57S:A58T:N59A:S75F:S77N,5,True,0.12951743249745426,0.5799790904338735,9.104568729930106,0.710691823899371,0.6453354571666223
20,305,T57S:T71S:K74I:Y106S,4,True,0.12839268395376302,0.5426032409827496,9.18381570047372,0.7479035639412998,0.6452534024620247
20,306,S30N:A58T:S75F:R87T:Y95F,5,True,0.12967736134385388,0.5846837428123366,9.092650143092637,0.7057127882599581,0.6451982655361473
20,307,S31N:N59A:K74I:T76S,4,True,0.13020107684195317,0.6032409827496079,9.051003347401256,0.6871069182389937,0.6451739504943008
20,308,S30N:T71S:R87T:Y106S,4,True,0.13506933854766998,0.7535284892838474,8.744833858270018,0.5361635220125787,0.644846005648213
20,309,S31N:N59A:S75F:T76S:Y106S,5,True,0.12921400111635645,0.5710925248301097,9.121337125853339,0.7185534591194969,0.6448229919748033
20,310,S30N:S31N:T57S:T71S:Y95F,5,True,0.14883209366118685,0.9874542603240982,8.340104921016081,0.30162473794549266,0.6445394991347955
20,311,S31N:A58T:N59A:T71S:K74I,5,True,0.13635635357715978,0.7864610559330893,8.688027919650805,0.5023584905660378,0.6444097732495635
20,312,T71S:T76S:R87T:Y106S,4,True,0.13276556574234838,0.6881860951385259,8.86759880207652,0.60062893081761,0.644407512978068
20,313,S31N:N59A:T76S:Y106S,4,True,0.14107543566374653,0.8941453214845791,8.497641275717932,0.3938679245283019,0.6440066230064405
20,314,T71S:T76S:R87T:Y95F,4,True,0.1369623142399827,0.8042341871406168,8.65514482542035,0.4834905660377358,0.6438623765891763
20,315,S31N:I52S:T57S:T71S,4,True,0.12776241145482783,0.5253528489283847,9.21082360247486,0.7623165618448637,0.6438347053866242
20,316,N59A:T71S:K74I:R87T:Y95F,5,True,0.13609657713492737,0.7799268165185572,8.694573431616492,0.5070754716981132,0.6435011441083351
20,317,S30N:T71S:S75F:T76S:Y95F,5,True,0.12946921361078959,0.5784108729743858,9.096950006445716,0.7078092243186582,0.643110048646522
20,318,S30N:N59A:T71S:T76S,4,True,0.1449689828443133,0.951646628332462,8.392861164555002,0.33438155136268344,0.6430140898475727
20,319,S31N:T57S:A58T:R87T:Y106S,5,True,0.1446511389346453,0.947987454260324,8.39809123463723,0.33752620545073375,0.6427568298555288
20,320,S30N:T71S:S77N:Y106S,4,True,0.13646950754418014,0.7909043387349712,8.675293417124918,0.4944968553459119,0.6427005970404416
20,321,S31N:I52S:A58T:S75F:Y95F,5,True,0.12136679595649702,0.3220073183481443,9.7611896463934,0.9627882599580713,0.6423977891531077
20,322,N59A:K74I:S75F:T76S:Y95F,5,True,0.12123461349951493,0.3178254051228437,9.772185384094803,0.9664570230607966,0.6421412140918201
20,323,S30N:T57S:A58T:S75F:S77N,5,True,0.1271446079681932,0.503659174072138,9.248372166775317,0.7801362683438156,0.6418977212079768
20,324,S30N:T57S:A58T:S75F:T76S,5,True,0.12948218553360874,0.5789336121275483,9.089145159455711,0.7033542976939203,0.6411439549107343
20,325,S30N:N59A:T71S:S75F:R87T,5,True,0.12700707365296143,0.5005227391531626,9.252635459743214,0.7817085953878407,0.6411156672705016
20,326,S31N:T76S:Y106S,3,True,0.12767299880573518,0.5214323052796654,9.20985840307911,0.760482180293501,0.6409572427865833
20,327,S30N:T57S:T71S:Y95F,4,True,0.14570290399732308,0.9607945635128071,8.370462359166527,0.3210167714884696,0.6409056675006384
20,328,S31N:T57S:K74I:T76S:R87T,5,True,0.13097191728984178,0.6299006795608991,8.971803192325424,0.6517295597484277,0.6408151196546634
20,329,S31N:T71S:T76S:R87T:Y95F,5,True,0.14291697028037628,0.9231573444851019,8.431172294939968,0.35744234800838576,0.6402998462467439
20,330,S30N:S31N:N59A:S75F:T76S,5,True,0.129752727280937,0.5870360690015682,9.067129733302416,0.6933962264150944,0.6402161477083312
20,331,S30N:I52S:N59A:S75F:Y95F,5,True,0.12398641188109365,0.4053842132775745,9.46914127458162,0.8747379454926625,0.6400610793851185
20,332,S31N:A58T:N59A:K74I:Y106S,5,True,0.1370943626649954,0.8068478829064297,8.63582917752169,0.47327044025157233,0.640059161579001
20,333,A58T:T71S:K74I:S75F:Y95F,5,True,0.12117320271713886,0.316257187663356,9.764279933324113,0.9635744234800838,0.6399158055717199
20,334,S30N:N59A:S75F:Y95F,4,True,0.12329242708363375,0.3844746471510716,9.531456406583686,0.8946540880503144,0.639564367600693
20,335,S31N:T57S:S75F:T76S:Y106S,5,True,0.12689931536644786,0.4958180867746994,9.25646870740742,0.7832809224318659,0.6395495046032826
20,336,S30N:T57S:A58T:S75F,4,True,0.12246084842279792,0.35729221118661786,9.606569271474966,0.9216457023060797,0.6394689567463487
20,337,S30N:S31N:R87T:Y95F,4,True,0.13758729834248756,0.8212232096184005,8.6108180414427,0.45728511530398325,0.6392541624611918
20,338,S31N:T57S:A58T:T71S:R87T,5,True,0.14315016556826554,0.9268165185572399,8.42248101445654,0.35141509433962265,0.6391158064484312
20,339,A58T:N59A:T71S:S75F:S77N,5,True,0.1286968216102725,0.5527966544694197,9.13323708469288,0.725104821802935,0.6389507381361774
20,340,T71S:R87T:Y95F:Y106S,4,True,0.13527011529550306,0.7603240982749608,8.713092933978904,0.5172955974842768,0.6388098478796188
20,341,S30N:S31N:T71S:Y95F:Y106S,5,True,0.14623832034392625,0.9654992158912703,8.357156855192061,0.3121069182389937,0.638803067065132
20,342,S31N:T71S:T76S:R87T:Y106S,5,True,0.13914878633756184,0.8585990590695243,8.53912908932962,0.4187631027253669,0.6386810808974456
20,343,T57S:A58T:Y95F,3,True,0.13641143856207982,0.7877679038159958,8.663700425985622,0.48951781970649894,0.6386428617612474
20,344,A58T:N59A:Y95F:Y106S,4,True,0.14498121053087284,0.9519079979090433,8.379788753346507,0.3249475890985325,0.6384277935037879
20,345,S30N:A58T:N59A:K74I:Y106S,5,True,0.14000625807954706,0.8774176685833769,8.508563195298077,0.39832285115303984,0.6378702598682083
20,346,S31N:A58T:K74I:Y95F,4,True,0.1294404092054535,0.5776267642446419,9.079335046149646,0.6978511530398323,0.6377389586422371
20,347,T57S:N59A:T71S:T76S,4,True,0.1440277158639331,0.9391008886565604,8.395838810120544,0.3362159329140461,0.6376584107853033
20,348,T57S:N59A:S75F:T76S:R87T,5,True,0.1259895126467183,0.46680606377417666,9.29730217892492,0.8081761006289309,0.6374910822015538
20,349,S30N:N59A:S75F:T76S:Y106S,5,True,0.1292872219308429,0.5734448510193414,9.085645158610674,0.7015199161425576,0.6374823835809496
20,350,N59A:K74I:T76S:Y106S,4,True,0.12941972025193432,0.5765812859383168,9.08072309190043,0.6983752620545073,0.637478273996412
20,351,A58T:S75F:S77N:Y95F:Y106S,5,True,0.1267721995287952,0.4913748039728176,9.25664877254374,0.7835429769392034,0.6374588904560105
20,352,A58T:N59A:T71S:Y106S,4,True,0.14225715393817814,0.9147935180345008,8.434306776668905,0.360062893081761,0.6374282055581308
20,353,S31N:A58T:S75F:T76S:Y106S,5,True,0.12891665675642439,0.5611604809200209,9.113162874620196,0.7133123689727463,0.6372364249463836
20,354,S30N:S31N:S75F:Y95F:Y106S,5,True,0.12630369175631714,0.47647673810768426,9.279584586898798,0.7979559748427673,0.6372163564752258
20,355,S31N:T57S:A58T:K74I:S75F,5,True,0.1202070672728462,0.2895974908520648,9.863350725603043,0.9842767295597484,0.6369371102059066
20,356,S31N:T57S:S77N:Y95F,4,True,0.13526874469832056,0.7600627286983795,8.705557733922971,0.5136268343815513,0.6368447815399654
20,357,S31N:I52S:T57S:T71S:Y106S,5,True,0.13557447458264163,0.7684265551489806,8.690120477043848,0.5041928721174004,0.6363097136331906
20,358,S30N:S31N:T57S:K74I:R87T,5,True,0.1321703514176718,0.665446941975954,8.875952831519871,0.6066561844863732,0.6360515632311636
20,359,A58T:S77N:Y95F:Y106S,4,True,0.1393684793880078,0.8640878201777313,8.521420524340769,0.4077568134171908,0.635922316797461
20,360,S31N:T57S:S75F:T76S:R87T,5,True,0.12361003801628438,0.3938839519079979,9.475843841685846,0.8778825995807128,0.6358832757443553
20,361,S31N:N59A:T76S:Y95F,4,True,0.14277881907761125,0.921327757449033,8.420815470239976,0.350104821802935,0.635716289625984
20,362,S31N:N59A:T76S,3,True,0.13512868205102915,0.7550967067433351,8.708243822280567,0.5162473794549266,0.6356720430991308
20,363,S31N:T57S:K74I:Y106S,4,True,0.12537579304323931,0.4453737584945112,9.338126297733412,0.825733752620545,0.6355537555575281
20,364,S31N:N59A:T76S:R87T,4,True,0.13766251105095603,0.8225300575013068,8.595111842125783,0.44837526205450734,0.6354526597779071
20,365,S30N:A58T:K74I:S75F:Y95F,5,True,0.12170855314144163,0.3355985363303711,9.658668036988287,0.9350104821802935,0.6353045092553323
20,366,S30N:A58T:T71S:S75F:S77N,5,True,0.1261158278857968,0.47151071615263984,9.28144801680317,0.7987421383647799,0.6351264272587098
20,367,S31N:T57S:A58T:S77N,4,True,0.13819157050870898,0.8350757971772086,8.571292139070033,0.43474842767295596,0.6349121124250823
20,368,T57S:A58T:S75F:T76S:R87T,5,True,0.12658921293644554,0.485363303711448,9.257959281020646,0.7840670859538784,0.6347151948326633
20,369,T57S:N59A:K74I:Y95F,4,True,0.13063307015389602,0.6194458964976477,8.967993484433162,0.649895178197065,0.6346705373473563
20,370,S31N:A58T:N59A:K74I:S75F,5,True,0.12168388735879283,0.334553058024046,9.658114745244902,0.934748427672956,0.634650742848501
20,371,S30N:T76S:Y95F:Y106S,4,True,0.13933528801988312,0.8633037114479875,8.519946058745616,0.4056603773584906,0.6344820444032391
20,372,I52S:N59A:S75F:T76S:Y95F,5,True,0.12331246884277733,0.3849973863042342,9.497253885735516,0.8839098532494759,0.6344536197768551
20,373,T57S:T71S:S77N:Y106S,4,True,0.13825421904288313,0.8371667537898588,8.563637101621516,0.4305555555555556,0.6338611546727072
20,374,I52S:A58T:N59A:T71S,4,True,0.13171399334045103,0.6497647673810768,8.897226788288004,0.6176624737945493,0.6337136205878131
20,375,S30N:T57S:T71S:S75F:T76S,5,True,0.12909422639612753,0.567694720334553,9.08258779888047,0.6994234800838575,0.6335591002092053
20,376,S30N:S31N:T71S:S75F:T76S,5,True,0.12720745117087529,0.5057501306847882,9.210213662353706,0.7610062893081762,0.6333782099964822
20,377,S30N:S31N:K74I:Y95F:Y106S,5,True,0.13364125535320887,0.7124934657605855,8.77711462783568,0.5542452830188679,0.6333693743897266
20,378,S30N:S31N:T76S:R87T,4,True,0.13402530368122578,0.725823314166231,8.754547596838837,0.5406184486373166,0.6332208814017738
20,379,S31N:Y95F:Y106S,3,True,0.12642086374228131,0.48013591217982227,9.26219191626411,0.785901467505241,0.6330186898425316
20,380,S30N:T57S:N59A:S75F:T76S,5,True,0.12963540822693054,0.5831155253528489,9.038471845075096,0.6826519916142557,0.6328837584835523
20,381,T57S:N59A:K74I:T76S:Y95F,5,True,0.13784867192098474,0.8277574490329326,8.576541976212436,0.43736897274633124,0.632563210889632
20,382,S31N:T57S:T76S:R87T:Y106S,5,True,0.14094475709455623,0.8917929952953476,8.457641187778746,0.3731656184486373,0.6324793068719925
20,383,S31N:N59A:T71S:K74I,4,True,0.12788978865387463,0.5300575013068479,9.155059188505035,0.7348008385744235,0.6324291699406357
20,384,S30N:S31N:T71S:K74I:T76S,5,True,0.13418453995633653,0.7302665969681129,8.742016149671201,0.5345911949685535,0.6324288959683332
20,385,S30N:T57S:K74I:Y95F,4,True,0.12998879110374414,0.5956612650287506,9.007590996432407,0.6690251572327044,0.6323432111307274
20,386,S30N:A58T:N59A:S75F,4,True,0.1231841043463171,0.38003136434918977,9.499377886537054,0.8844339622641509,0.6322326633066704
20,387,S30N:S31N:T71S,3,True,0.1297932254840035,0.5880815473078934,9.024390395124811,0.6755765199161425,0.631829033612018
20,388,T57S:T76S:Y95F:Y106S,4,True,0.14051164133349325,0.8857814950339781,8.467128658985773,0.3768343815513627,0.6313079382926704
20,389,S30N:I52S:A58T:N59A:Y106S,5,True,0.14155945771514608,0.9019864087820177,8.436728740398918,0.36032494758909855,0.6311556781855582
20,390,A58T:N59A:K74I:T76S:Y95F,5,True,0.1403580695580694,0.8842132775744903,8.469489175697213,0.3778825995807128,0.6310479385776016
20,391,T57S:A58T:T71S:Y95F:Y106S,5,True,0.1517463052980381,0.9994772608468374,8.261995447595663,0.26257861635220126,0.6310279385995193
20,392,S30N:S31N:T57S:S75F:R87T,5,True,0.12377705632588554,0.39884997386304233,9.429877679742415,0.8626834381551363,0.6307667060090894
20,393,S30N:T71S:K74I:Y106S,4,True,0.12775306098589842,0.5240460010454783,9.158279654826705,0.7374213836477987,0.6307336923466385
20,394,S30N:I52S:N59A:K74I:Y95F,5,True,0.13087914851649693,0.6262415054887611,8.9327401056362,0.634958071278826,0.6305997883837935
20,395,S30N:T57S:Y95F,3,True,0.1335042066289859,0.7093570308416101,8.770734069485664,0.5511006289308176,0.6302288298862138
20,396,S30N:T57S:Y95F:Y106S,4,True,0.1434205056512599,0.9304756926293779,8.385560411048507,0.32966457023060797,0.6300701314299929
20,397,S30N:S31N:T71S:K74I:Y106S,5,True,0.1329936774732574,0.694720334553058,8.797871942526392,0.564727463312369,0.6297238989327135
20,398,S30N:S77N:Y95F:Y106S,4,True,0.13500120726135845,0.7511761630946158,8.69611646438264,0.5081236897274634,0.6296499264110396
20,399,S30N:A58T:T71S,3,True,0.13336074449614502,0.7059592263460533,8.774486149064352,0.5531970649895178,0.6295781456677856
20,400,S30N:T71S:S75F:R87T:Y95F,5,True,0.12778284883546034,0.5258755880815473,9.152468521486565,0.7329664570230608,0.629421022552304
20,401,S31N:T57S:N59A:S75F:R87T,5,True,0.1251135800352879,0.4372713016204914,9.323290286135684,0.8210167714884696,0.6291440365544805
20,402,S31N:I52S:A58T:N59A:Y95F,5,True,0.13983121084470973,0.8742812336644015,8.480163947008055,0.3839098532494759,0.6290955434569387
20,403,N59A:S75F:T76S:R87T:Y106S,5,True,0.12461947376360594,0.42263460533193936,9.35716991035381,0.8354297693920335,0.6290321873619864
20,404,S31N:I52S:A58T:N59A:K74I,5,True,0.12841237435591532,0.5439100888656561,9.11336173995167,0.7138364779874213,0.6288732834265387
20,405,A58T:N59A:K74I:T76S:Y106S,5,True,0.14010236029750933,0.8789858860428647,8.470399874049157,0.37866876310272535,0.628827324572795
20,406,I52S:T57S:A58T:N59A,4,True,0.1320964779556017,0.6630946157867225,8.855587558026128,0.5943396226415094,0.6287171192141159
20,407,S30N:S31N:T76S:Y106S,4,True,0.137337034366364,0.8146889702038683,8.583032391687,0.44261006289308175,0.628649516548475
20,408,I52S:T57S:N59A:S75F:Y95F,5,True,0.12308013743528376,0.3768949294302143,9.482689559019372,0.8802410901467506,0.6285680097884825
20,409,S30N:I52S:A58T:N59A,4,True,0.13326730019885566,0.7043910088865656,8.773634115208798,0.5524109014675053,0.6284009551770354
20,410,S30N:S31N:N59A:T71S,4,True,0.14078755163823337,0.89022477783586,8.448212689335346,0.3663522012578616,0.6282884895468608
20,411,N59A:T71S:Y95F,3,True,0.13539673545703504,0.7639832723470988,8.668209832043335,0.49240041928721173,0.6281918458171553
20,412,A58T:T71S:K74I:T76S:Y95F,5,True,0.13710450596489274,0.8073706220595923,8.596315774385305,0.4488993710691824,0.6281349965643873
20,413,S30N:N59A:S75F:T76S:R87T,5,True,0.125698427769572,0.4568740198640878,9.283032574574147,0.799266247379455,0.6280701336217713
20,414,S31N:T57S:N59A:T76S,4,True,0.1418384434227969,0.9051228437009932,8.422124818156059,0.3508909853249476,0.6280069145129704
20,415,N59A:T76S:Y95F,3,True,0.13503556950116521,0.7524830109775222,8.68845116187298,0.5031446540880503,0.6278138325327862
20,416,T57S:N59A:T71S,3,True,0.13247832321830008,0.680083638264506,8.8142280454788,0.5754716981132075,0.6277776681888567
20,417,N59A:T76S:Y106S,3,True,0.1346224761723697,0.7428123366440146,8.703410213079186,0.5125786163522013,0.627695476498108
20,418,S31N:A58T:S75F:Y95F,4,True,0.12198057904994312,0.3434396236278097,9.577634359202957,0.9114255765199162,0.6274326000738629
20,419,S30N:S31N:T71S:R87T,4,True,0.13493285335966718,0.7501306847882906,8.690468973331205,0.5047169811320755,0.6274238329601831
20,420,I52S:T57S:A58T:T76S:Y106S,5,True,0.14026531754706484,0.8823836905384214,8.455633031988286,0.3723794549266247,0.627381572732523
20,421,N59A:T71S:T76S:Y95F:Y106S,5,True,0.14940831442469835,0.9911134343962362,8.263603755260393,0.2636268343815514,0.6273701343888938
20,422,S30N:T57S:T71S:S75F:R87T,5,True,0.1258443077085432,0.4613173026659697,9.273042226737228,0.7932389937106918,0.6272781481883307
20,423,S31N:T71S:R87T:Y95F:Y106S,5,True,0.14022390984763727,0.8813382122320962,8.457430059821624,0.3729035639412998,0.627120888086698
20,424,S30N:T57S:A58T:K74I:S75F,5,True,0.12118865117367038,0.31704129639309986,9.668558471219626,0.9371069182389937,0.6270741073160468
20,425,A58T:T71S:R87T:Y106S,4,True,0.13598321462406487,0.7775744903293257,8.641181478560322,0.47641509433962265,0.6269947923344742
20,426,S31N:T71S:K74I:T76S:R87T,5,True,0.12999940212328676,0.5959226346053319,8.981059081491347,0.6574947589098532,0.6267086967575926
20,427,S31N:T57S:R87T,3,True,0.12432333398757779,0.41348667015159435,9.37019651421747,0.8393605870020965,0.6264236285768454
20,428,S30N:T71S:S75F:Y95F,4,True,0.12265708631978231,0.36487192890747516,9.510096919057496,0.8875786163522013,0.6262252726298382
20,429,S30N:S31N:I52S:A58T:K74I,5,True,0.1266024371877672,0.4866701515943544,9.220744612343523,0.7657232704402516,0.626196711017303
20,430,S31N:T57S:A58T:T76S:Y106S,5,True,0.14924959881367533,0.9900679560899112,8.261959617946118,0.26231656184486374,0.6261922589673874
20,431,I52S:A58T:T71S:T76S:Y106S,5,True,0.13826910926195699,0.8376894929430214,8.532040071772666,0.41457023060796644,0.6261298617754939
20,432,S30N:R87T:Y95F:Y106S,4,True,0.13698268460158727,0.8044955567171981,8.593672690068406,0.44758909853249473,0.6260423276248464
20,433,S30N:T57S:T71S:R87T,4,True,0.13817464026065496,0.8348144276006273,8.53709406395477,0.4169287211740042,0.6258715743873158
20,434,A58T:T71S:S75F:T76S:R87T,5,True,0.12531936420279208,0.4430214323052797,9.299305450162281,0.8087002096436059,0.6258608209744427
20,435,I52S:T57S:N59A:T71S:K74I,5,True,0.12911250535793525,0.5684788290642969,9.03883820271352,0.6831761006289309,0.6258274648466139
20,436,N59A:T71S:S75F:S77N:Y95F,5,True,0.12877009981780352,0.5538421327757449,9.079174291271919,0.6975890985324947,0.6257156156541198
20,437,S30N:T76S:Y106S,3,True,0.12884164723355537,0.5582854155776268,9.066561756932222,0.6931341719077568,0.6257097937426919
20,438,S30N:T71S:K74I:T76S:Y95F,5,True,0.13658438235745096,0.794302143230528,8.610299940078972,0.45676100628930816,0.625531574759918
20,439,T71S:S75F:T76S:R87T:Y95F,5,True,0.12536752119211436,0.4448510193413487,9.293307618841443,0.8052935010482181,0.6250722601947833
20,440,A58T:N59A:Y106S,3,True,0.1353074170419041,0.7611082070047046,8.66265237397376,0.4889937106918239,0.6250509588482642
20,441,A58T:S75F:T76S:R87T:Y95F,5,True,0.1277486766751169,0.5235232618923157,9.136382327698541,0.7261530398322851,0.6248381508623004
20,442,S30N:I52S:A58T:K74I:Y106S,5,True,0.1292662660650895,0.5726607422895975,9.026065314011586,0.6768867924528302,0.6247737673712139
20,443,S31N:N59A:K74I:T76S:R87T,5,True,0.13376925571194825,0.7177208572922111,8.73683747694995,0.5314465408805031,0.6245836990863571
20,444,S31N:I52S:A58T:N59A:Y106S,5,True,0.13824619311727185,0.836382645060115,8.529410675063504,0.41273584905660377,0.6245592470583594
20,445,S30N:S31N:T71S:K74I,4,True,0.1263346620440507,0.47830632514375326,9.231185505337306,0.7707023060796646,0.6245043156117089
20,446,S30N:A58T:R87T:Y106S,4,True,0.13936223265328396,0.86382645060115,8.482427685476447,0.384958071278826,0.624392260939988
20,447,S31N:I52S:T57S:N59A:T71S,5,True,0.13737098761672512,0.8157344485101934,8.568575620515452,0.4329140461215933,0.6243242473158933
20,448,A58T:T76S:Y95F:Y106S,4,True,0.14360136621888034,0.9330893883951908,8.361204472655341,0.31551362683438156,0.6243015076147862
20,449,S30N:S31N:T71S:S75F:Y106S,5,True,0.1256072691801429,0.4539989545216937,9.274242985319688,0.7940251572327044,0.6240120558771991
20,450,S31N:A58T:Y95F,3,True,0.13218738295782317,0.6659696811291166,8.831791146986838,0.5820230607966457,0.6239963709628811
20,451,T57S:T71S:K74I:S75F:Y95F,5,True,0.12009229426855603,0.2861996863565081,9.757445269460117,0.9612159329140462,0.6237078096352772
20,452,S31N:T76S:Y95F,3,True,0.12902553068210723,0.5648196549921589,9.037550914333865,0.6823899371069182,0.6236047960495386
20,453,S30N:A58T:T71S:S75F:R87T,5,True,0.1267771919114642,0.49163617354939887,9.198648652194198,0.754979035639413,0.6233076045944059
20,454,S30N:A58T:S75F:S77N:Y106S,5,True,0.12575982586740125,0.4592263460533194,9.263546011552162,0.7869496855345912,0.6230880157939553
20,455,S31N:A58T:T71S:T76S:Y106S,5,True,0.14617706770442088,0.965237846314689,8.295398017584155,0.2809224318658281,0.6230801390902585
20,456,T57S:T71S:R87T:Y95F,4,True,0.13895516606232988,0.8549398849973863,8.492354221958735,0.3909853249475891,0.6229626049724877
20,457,S31N:T71S:S75F:T76S:R87T,5,True,0.12303889617756851,0.3753267119707266,9.461395899311537,0.8705450733752621,0.6229358926729943
20,458,S30N:S31N:A58T:T71S:Y106S,5,True,0.1466925189283487,0.970726607422896,8.282354618265504,0.274895178197065,0.6228108928099805
20,459,S31N:I52S:A58T:T71S:K74I,5,True,0.12447241684887046,0.4181913225300575,9.343508600239433,0.8273060796645703,0.6227487010973138
20,460,I52S:T57S:A58T:T71S:R87T,5,True,0.1348606187536542,0.7490852064819655,8.676376773327387,0.49580712788259956,0.6224461671822825
20,461,S30N:I52S:A58T:N59A:Y95F,5,True,0.14260132720949625,0.9192368008363826,8.380071087816228,0.32547169811320753,0.6223542494747951
20,462,S31N:T57S:T76S:S77N,4,True,0.13476197681788912,0.7459487715629901,8.68120402208011,0.49842767295597484,0.6221882222594824
20,463,S31N:I52S:A58T:T71S,4,True,0.12650275000125158,0.48274960794563515,9.210301589728662,0.7612683438155137,0.6220089758805745
20,464,S31N:S75F:T76S:R87T:Y95F,5,True,0.12458092797294656,0.4200209095661265,9.336692850975522,0.8238993710691824,0.6219601403176545
20,465,T76S:R87T:Y95F:Y106S,4,True,0.1339726263561684,0.7234709879769995,8.719193609356742,0.5204402515723271,0.6219556197746633
20,466,S31N:K74I:T76S:Y95F:Y106S,5,True,0.1319197802375771,0.6586513329848406,8.839510716390791,0.5849056603773585,0.6217784966810995
20,467,S30N:S31N:A58T:K74I:Y106S,5,True,0.1363439673556262,0.786199686356508,8.608960079892556,0.45649895178197064,0.6213493190692394
20,468,T57S:T76S:R87T:Y106S,4,True,0.1341656583418291,0.7297438578149503,8.703818752973778,0.5128406708595388,0.6212922643372445
20,469,S30N:N59A:K74I:T76S:Y95F,5,True,0.13822083411980474,0.8355985363303712,8.520828727058076,0.40670859538784065,0.6211535658591059
20,470,K74I:T76S:Y95F:Y106S,4,True,0.12396944404724555,0.40460010454783063,9.363782992234526,0.8375262054507338,0.6210631549992822
20,471,N59A:S75F:Y95F:Y106S,4,True,0.1213919620903516,0.3230527966544694,9.599203144374197,0.9190251572327044,0.6210389769435869
20,472,S31N:T71S:S75F:T76S:Y106S,5,True,0.12538806684280482,0.4456351280710925,9.277890237075955,0.7963836477987422,0.6210093879349173
20,473,S30N:N59A:T71S:Y95F,4,True,0.14587337445045553,0.9631468897020387,8.288905178407191,0.2777777777777778,0.6204623337399082
20,474,N59A:T76S:R87T:Y95F,4,True,0.13919739543787651,0.860167276529012,8.473903076834421,0.3805031446540881,0.6203352105915501
20,475,S30N:N59A:T71S:S75F:S77N,5,True,0.12789113438958946,0.5303188708834292,9.10378399828089,0.710167714884696,0.6202432928840627
20,476,T57S:N59A:T76S:Y106S,4,True,0.14281919866591125,0.9221118661787768,8.365374365847641,0.31787211740041926,0.6199919917895981
20,477,S30N:S31N:N59A:Y95F,4,True,0.14119739341805693,0.8970203868269734,8.405107545982139,0.34250524109014674,0.61976281395856
20,478,S30N:T71S:S77N:Y95F,4,True,0.13876743406368994,0.8499738630423419,8.489202543475802,0.38941299790356393,0.6196934304729529
20,479,I52S:A58T:T71S:S75F:Y106S,5,True,0.12042035250522302,0.2974385781495034,9.691603545974601,0.9418238993710691,0.6196312387602863
20,480,S31N:T57S:S77N:R87T,4,True,0.13050432939398898,0.6152639832723471,8.90817566006678,0.6229035639412998,0.6190837736068234
20,481,S30N:K74I:Y95F:Y106S,4,True,0.12771342494282859,0.5230005227391532,9.115371484166403,0.715146750524109,0.6190736366316312
20,482,A58T:N59A:T71S:K74I,4,True,0.13107164379107064,0.632514375326712,8.874326243698322,0.6056079664570231,0.6190611708918675
20,483,S31N:T71S:K74I:T76S,4,True,0.12475562319152837,0.42681651855723995,9.304613496104842,0.8110587002096437,0.6189376093834418
20,484,A58T:T71S:S75F:Y106S,4,True,0.1206874719023848,0.30318870883429166,9.654807594666444,0.9342243186582809,0.6187065137462863
20,485,S30N:N59A:T76S,3,True,0.1333766374831569,0.7062205959226346,8.735220680390418,0.5309224318658281,0.6185715138942314
20,486,T57S:N59A:T71S:Y95F,4,True,0.14351671796802612,0.9320439100888657,8.344090477957273,0.3050314465408805,0.618537678314873
20,487,S30N:S31N:S77N:Y95F,4,True,0.13384627418559064,0.7208572922111867,8.70772670675544,0.5157232704402516,0.6182902813257192
20,488,S30N:T57S:N59A:K74I:Y95F,5,True,0.13889864341970554,0.8531102979613173,8.479948046989056,0.3833857442348008,0.6182480210980591
20,489,I52S:A58T:T76S:Y106S,4,True,0.13142384032990118,0.6408782017773131,8.858029781900226,0.595125786163522,0.6180019939704176
20,490,S30N:S31N:T57S:S75F:T76S,5,True,0.12659107415603119,0.4856246732880293,9.188045763286947,0.7502620545073375,0.6179433638976835
20,491,S30N:S31N:T57S:A58T:Y95F,5,True,0.1495288295704343,0.9924202822791427,8.2242305772915,0.2431865828092243,0.6178034325441835
20,492,N59A:T71S:R87T:Y106S,4,True,0.13330548380472845,0.7049137480397282,8.734678049864959,0.5306603773584906,0.6177870626991093
20,493,S31N:I52S:N59A:S75F:Y95F,5,True,0.1223936840469856,0.3549398849973863,9.48410878153353,0.8805031446540881,0.6177215148257372
20,494,I52S:A58T:N59A:S75F:R87T,5,True,0.11974980004506972,0.2780972294824882,9.744275922374037,0.9572851153039832,0.6176911723932357
20,495,N59A:T76S:R87T:Y106S,4,True,0.1355992407070923,0.7692106638787245,8.62284404849016,0.4659329140461216,0.617571788962423
20,496,I52S:A58T:N59A:T76S:Y106S,5,True,0.14155691696049486,0.9017250392054365,8.392119629071978,0.3333333333333333,0.6175291862693849
20,497,A58T:T71S:S77N:Y106S,4,True,0.13778146592905532,0.8259278619968635,8.524281842839823,0.4090670859538784,0.6174974739753709
20,498,S30N:N59A:S75F:S77N:Y95F,5,True,0.12697559034520833,0.498170412963931,9.157723490754554,0.7366352201257862,0.6174028165448586
20,499,S31N:T57S:N59A:K74I:S75F,5,True,0.11960346429121763,0.2726084683742812,9.758414263810518,0.9620020964360587,0.6173052824051699
20,500,S30N:T71S:S77N,3,True,0.1277560389948075,0.5245687401986409,9.103481481111542,0.709643605870021,0.6171061730343309
20,501,S31N:T57S:T76S:Y95F:Y106S,5,True,0.145849414330997,0.9628855201254574,8.276343272165706,0.27122641509433965,0.6170559676098986
20,502,S31N:T57S:N59A:T71S:Y95F,5,True,0.1475545722643848,0.978044955567172,8.247547912126088,0.2560272536687631,0.6170361046179675
20,503,S31N:A58T:T76S:Y95F,4,True,0.14117034475254653,0.8962362780972295,8.399195086700754,0.33778825995807127,0.6170122690276504
20,504,S30N:S31N:A58T:S75F:T76S,5,True,0.12803822200200374,0.5342394145321484,9.082820559263936,0.699685534591195,0.6169624745616717
20,505,S30N:S31N:T57S:S77N,4,True,0.1350685853206975,0.7532671197072661,8.649620874871117,0.4803459119496855,0.6168065158284758
20,506,A58T:T71S:K74I:T76S:Y106S,5,True,0.13644973419309933,0.7890747516989023,8.587601219177264,0.4441823899371069,0.6166285708180046
20,507,S30N:T57S:T71S:S75F,4,True,0.12156679448237642,0.3298484056455829,9.553762917145674,0.9033018867924528,0.6165751462190179
20,508,A58T:N59A:T76S,3,True,0.13584569792277287,0.775222164140094,8.611850604824134,0.4578092243186583,0.6165156942293761
20,509,S31N:T57S:S75F:Y95F,4,True,0.11971413117954385,0.2762676424464192,9.742605177134879,0.9567610062893082,0.6165143243678637
20,510,I52S:T57S:A58T:S75F:T76S,5,True,0.12021388159642471,0.2901202300052274,9.69355066832555,0.9423480083857443,0.6162341191954859
20,511,S30N:S31N:I52S:Y95F,4,True,0.12983198712019187,0.5909566126502875,8.948970988499768,0.6415094339622641,0.6162330233062758
20,512,I52S:T57S:A58T:N59A:Y95F,5,True,0.14139357566935637,0.8991113434396236,8.391403348446069,0.33254716981132076,0.6158292566254722
20,513,S30N:T71S:T76S:S77N,4,True,0.13562472256041164,0.7697334030318871,8.616497856340516,0.46147798742138363,0.6156056952266353
20,514,T57S:A58T:T71S:R87T:Y106S,5,True,0.14535420287753661,0.9584422373235756,8.277558938509738,0.2720125786163522,0.6152274079699639
20,515,T57S:N59A:K74I:S75F:T76S,5,True,0.12038282310456623,0.29639309984317824,9.653106831557968,0.9339622641509434,0.6151776819970608
20,516,S31N:N59A:K74I:R87T:Y95F,5,True,0.134528483066309,0.7396759017250392,8.665429137266173,0.49056603773584906,0.6151209697304441
20,517,N59A:T71S:K74I:S75F:Y106S,5,True,0.11898176662676332,0.25771040250914795,9.79105666321905,0.9722222222222222,0.6149663123656851
20,518,S31N:N59A:T71S:K74I:S75F,5,True,0.11943206098140946,0.2663355985363304,9.76333352833235,0.9633123689727463,0.6148239837545384
20,519,S30N:T57S:S75F:R87T:Y95F,5,True,0.12675599117735087,0.490852064819655,9.160429222947087,0.7387316561844863,0.6147918605020707
20,520,S31N:N59A:T71S:S75F:R87T,5,True,0.12505882781996763,0.4364871928907475,9.272958836723125,0.7929769392033543,0.6147320660470509
20,521,I52S:N59A:T71S:Y95F,4,True,0.13469813406823228,0.7443805541035023,8.657009433229572,0.48480083857442346,0.6145906963389629
20,522,S30N:T57S:T76S:Y106S,4,True,0.14070503479155785,0.8894406691061161,8.402282149904732,0.33962264150943394,0.614531655307775
20,523,S31N:A58T:N59A:K74I:T76S,5,True,0.13880010136183563,0.8504966021955045,8.46994362631823,0.37840670859538783,0.6144516553954462
20,524,T57S:N59A:S75F:T76S,4,True,0.1222562181385656,0.3512807109252483,9.475368113081862,0.8773584905660378,0.6143196007456431
20,525,I52S:A58T:T71S:T76S,4,True,0.128898569833994,0.5598536330371144,9.004402948725208,0.6687631027253669,0.6143083678812407
20,526,S30N:T57S:T71S:S77N,4,True,0.139706884525783,0.871144798745426,8.431130149876939,0.35718029350104824,0.6141625461232372
20,527,T71S:K74I:T76S:R87T:Y95F,5,True,0.13246610709903267,0.6790381599581808,8.768322264745104,0.549266247379455,0.6141522036688178
20,528,S31N:I52S:T57S:A58T:S77N,5,True,0.1340176170377702,0.724777835859906,8.688336773602773,0.5028825995807128,0.6138302177203094
20,529,S30N:A58T:S75F:R87T:Y106S,5,True,0.12644208829522335,0.4811813904861474,9.180996074049368,0.7463312368972747,0.613756313691711
20,530,S31N:T57S:S75F:S77N:Y95F,5,True,0.1240640092182088,0.40773653946680605,9.31805989521965,0.8194444444444444,0.6135904919556252
20,531,S30N:S31N:I52S:T57S:Y95F,5,True,0.1380758686699585,0.8322007318348145,8.498503102254123,0.394916142557652,0.6135584371962333
20,532,I52S:A58T:T71S:S75F:T76S,5,True,0.11944250222959536,0.26659696811291167,9.755732818342471,0.9604297693920335,0.6135133687524725
20,533,S30N:S31N:N59A:S75F:Y106S,5,True,0.12710389410927522,0.5023523261892315,9.132427011993652,0.72458071278826,0.6134665194887458
20,534,S30N:I52S:T57S:T71S,4,True,0.1327641421481344,0.6879247255619446,8.751445390130344,0.5385220125786163,0.6132233690702804
20,535,I52S:N59A:T71S:T76S:Y106S,5,True,0.13987290586677548,0.8755880815473079,8.420168746861329,0.3498427672955975,0.6127154244214528
20,536,T57S:S75F:T76S:Y95F:Y106S,5,True,0.12784801164551496,0.5279665446941976,9.078637788734142,0.6973270440251572,0.6126467943596774
20,537,S31N:T57S:K74I:R87T:Y106S,5,True,0.12982088941572692,0.590433873497125,8.93208004192591,0.6346960167714885,0.6125649451343067
20,538,F29S:T57S:A58T:T71S:S75F,5,True,0.12828247309059532,0.5389440669106116,9.047372377908486,0.6860587002096437,0.6125013835601276
20,539,S31N:I52S:A58T:T76S,4,True,0.128409120554058,0.5433873497124935,9.036798695111884,0.6816037735849056,0.6124955616486996
20,540,S30N:S31N:T76S,3,True,0.12793176479898857,0.5318870883429169,9.066264357652082,0.6928721174004193,0.6123796028716681
20,541,S30N:I52S:N59A:T71S,4,True,0.13447589694781345,0.7381076842655515,8.660092309087288,0.48663522012578614,0.6123714521956688
20,542,S31N:I52S:A58T:N59A:T76S,5,True,0.13954710377659946,0.8690538421327757,8.428813119846124,0.3556079664570231,0.6123309042948994
20,543,T57S:T71S:K74I:T76S,4,True,0.12761858001936416,0.5203868269733403,9.089226254731372,0.7036163522012578,0.612001589587299
20,544,A58T:T76S:R87T:Y106S,4,True,0.13778842430987595,0.8264506011500261,8.507665446308234,0.39753668763102723,0.6119936443905267
20,545,T57S:N59A:T76S:Y95F,4,True,0.14207946427370655,0.9111343439623628,8.357932638701596,0.31263102725366876,0.6118826856080157
20,546,N59A:S75F:T76S:Y106S,4,True,0.12173393869443416,0.3361212754835337,9.508652621330715,0.8870545073375262,0.6115878914105299
20,547,T57S:A58T:T71S:T76S:Y106S,5,True,0.15038856361400524,0.9968635650810246,8.19074399997311,0.22562893081761007,0.6112462479493174
20,548,T57S:N59A:K74I:T76S,4,True,0.13005789225090086,0.5974908520648197,8.913293169165732,0.625,0.6112454260324098
20,549,A58T:T71S:S75F:R87T:Y106S,5,True,0.12494120347359548,0.4312598013591218,9.270779607687441,0.7911425576519916,0.6112011795055567
20,550,S31N:A58T:N59A:S75F,4,True,0.12255123658384029,0.36016727652901204,9.429632016506991,0.8621593291404612,0.6111633028347366
20,551,T57S:R87T:Y95F:Y106S,4,True,0.13692126711606942,0.8029273392577104,8.540293591544302,0.4192872117400419,0.6111072754988762
20,552,S30N:S31N:K74I:R87T:Y95F,5,True,0.13347010073851776,0.7088342916884475,8.703961213353091,0.5131027253668763,0.6109685085276619
20,553,S31N:A58T:N59A:S75F:R87T,5,True,0.12749629562738957,0.5148980658651333,9.094900958510962,0.7070230607966457,0.6109605633308894
20,554,S30N:T57S:K74I:Y106S,4,True,0.1288657995848395,0.5588081547307894,8.9905701450562,0.6629979035639413,0.6109030291473654
20,555,S30N:S31N:I52S:A58T:S75F,5,True,0.11952374168633327,0.2699947726084684,9.724630682672883,0.9517819706498952,0.6108883716291817
20,556,S31N:A58T:S75F:T76S:R87T,5,True,0.12586286335421834,0.46210141139571353,9.208892602090938,0.7594339622641509,0.6107676868299322
20,557,S30N:T71S:S75F:T76S:Y106S,5,True,0.12723601177338328,0.5065342394145321,9.115011818938921,0.7148846960167715,0.6107094677156518
20,558,S31N:I52S:T57S:Y95F,4,True,0.12895509436991462,0.5627286983795087,8.981634025109676,0.6582809224318659,0.6105048104056873
20,559,S30N:T71S:R87T:Y95F,4,True,0.14071756380068673,0.8897020386826974,8.388444022674602,0.3309748427672956,0.6103384407249965
20,560,S30N:T71S:K74I:S75F:Y95F,5,True,0.11999968206308663,0.2841087297438578,9.66249044437966,0.9363207547169812,0.6102147422304195
20,561,T57S:A58T:S75F:T76S:S77N,5,True,0.12604578539255432,0.46889702038682696,9.188528790075283,0.7507861635220126,0.6098415919544198
20,562,T57S:A58T:S75F:T76S,4,True,0.12141738048355522,0.3240982749607946,9.532399208608531,0.8954402515723271,0.6097692632665608
20,563,T57S:N59A:T71S:S75F:S77N,5,True,0.12846937892151689,0.5454783063251437,9.016656514884055,0.6729559748427673,0.6092171405839555
20,564,T57S:A58T:K74I:T76S:Y106S,5,True,0.13906106293951911,0.856508102456874,8.439508899710095,0.3618972746331237,0.6092026885449988
20,565,T57S:T71S:S77N,3,True,0.12908457417684252,0.5669106116048092,8.97169744477878,0.6514675052410901,0.6091890584229496
20,566,S31N:T71S:R87T:Y106S,4,True,0.12952033549278763,0.5805018295870361,8.941498585102872,0.6378406708595388,0.6091712502232874
20,567,S31N:A58T:K74I:T76S:Y95F,5,True,0.13621147685425902,0.7828018818609513,8.572169358308695,0.43553459119496857,0.6091682365279599
20,568,I52S:A58T:S75F:T76S:Y95F,5,True,0.120848916792497,0.30763199163617355,9.574181450997429,0.910377358490566,0.6090046750633697
20,569,S30N:A58T:T76S:Y106S,4,True,0.14311928452166253,0.9262937794040773,8.320365777099223,0.2916666666666667,0.608980223035372
20,570,S30N:S31N:T57S:R87T:Y106S,5,True,0.14139787305516607,0.8993727130162049,8.366133001452267,0.31839622641509435,0.6088844697156497
20,571,S30N:S31N:S75F:T76S:Y95F,5,True,0.12677748758868407,0.49189754312598016,9.13521751472923,0.72562893081761,0.6087632369717951
20,572,S30N:T57S:N59A:K74I:Y106S,5,True,0.1375554062150748,0.8204391008886566,8.504965099685048,0.3970125786163522,0.6087258397525044
20,573,S31N:A58T:S77N:Y95F,4,True,0.13632845430664634,0.7856769472033456,8.566443479931772,0.43134171907756813,0.6085093331404569
20,574,S31N:A58T:T71S:S75F:R87T,5,True,0.12442294366845191,0.41583899634082594,9.285022346236024,0.8011006289308176,0.6084698126358218
20,575,S31N:I52S:T57S:T71S:K74I,5,True,0.12460072936101985,0.42132775744903295,9.276151274895838,0.7953354297693921,0.6083315936092125
20,576,S30N:S31N:T57S:T71S:T76S,5,True,0.14720865560956653,0.9741244119184527,8.221147411355147,0.24240041928721173,0.6082624156028322
20,577,S30N:T57S:N59A:T71S,4,True,0.14348152204025874,0.9312598013591218,8.304874182352654,0.2851153039832285,0.6081875526711751
20,578,T57S:N59A:S75F:R87T:Y106S,5,True,0.12417092973901649,0.41008886565603764,9.294446594602263,0.8060796645702306,0.6080842651131342
20,579,S31N:T71S:Y106S,3,True,0.12409897111349048,0.40852064819654993,9.29626238324567,0.8073899371069182,0.6079552926517341
20,580,T76S:S77N:Y106S,3,True,0.1215373911057012,0.3285415577626764,9.509831970252502,0.8873165618448637,0.6079290598037701
20,581,S30N:S31N:I52S:T57S,4,True,0.12835856706707255,0.5412963930998432,9.021200459435288,0.6745283018867925,0.6079123474933179
20,582,S31N:N59A:K74I:S75F:T76S,5,True,0.12030929797273365,0.29273392577104024,9.612685882394407,0.9229559748427673,0.6078449503069038
20,583,T71S:S75F:R87T:Y95F:Y106S,5,True,0.12390457051340119,0.4030318870883429,9.308458412043207,0.8126310272536688,0.6078314571710058
20,584,S30N:S31N:T71S:S77N,4,True,0.13457347553950924,0.7412441191845269,8.637454213420934,0.4740566037735849,0.6076503614790559
20,585,S30N:S31N:N59A:K74I,4,True,0.12828615167784657,0.5392054364871929,9.024563372068775,0.67583857442348,0.6075220054553365
20,586,S30N:T57S:A58T,3,True,0.13505300967644804,0.7530057501306848,8.615150582929555,0.4609538784067086,0.6069798142686967
20,587,S31N:A58T:R87T:Y106S,4,True,0.13586631215751183,0.7757449032932566,8.576639453648417,0.43763102725366876,0.6066879652734627
20,588,S31N:T71S:S77N:Y95F,4,True,0.1340602450537753,0.7266074228959749,8.65991375105531,0.4863731656184486,0.6064902942572118
20,589,S30N:S31N:A58T:T71S:Y95F,5,True,0.14841655118560976,0.9851019341348667,8.193400633827588,0.22746331236897274,0.6062826232519197
20,590,S31N:N59A:T71S:T76S:Y95F,5,True,0.14911673082356006,0.9892838473601673,8.185306602084525,0.22327044025157233,0.6062771438058698
20,591,N59A:S75F:T76S:S77N:Y95F,5,True,0.12694035675113388,0.4968635650810246,9.116075030946316,0.7156708595387841,0.6062672123099043
20,592,T57S:N59A:S75F:Y106S,4,True,0.12084336604009052,0.30710925248301096,9.559180661515196,0.9053983228511531,0.606253787667082
20,593,I52S:A58T:T71S:T76S:Y95F,5,True,0.13874239009728562,0.8489283847360167,8.443753405655784,0.3632075471698113,0.606067965952914
20,594,S30N:T76S:S77N:Y106S,4,True,0.13247004626385012,0.6795608991113434,8.738030987254184,0.5324947589098532,0.6060278290105983
20,595,S31N:A58T:T76S,3,True,0.13132209958378405,0.6372190277051751,8.813797774950215,0.574685534591195,0.605952281148185
20,596,S31N:I52S:A58T:T76S:Y95F,5,True,0.13760238783012985,0.8214845791949817,8.491383546321863,0.39019916142557654,0.6058418703102791
20,597,S30N:N59A:K74I:S77N,4,True,0.1258612697397245,0.46184004181913224,9.18577955573514,0.749475890985325,0.6056579664022286
20,598,S31N:I52S:A58T:N59A,4,True,0.1303326797724736,0.6089911134343963,8.869259494486645,0.6022012578616353,0.6055961856480158
20,599,S31N:T76S:R87T:Y95F:Y106S,5,True,0.14062749532210653,0.8886565603763722,8.373848712242326,0.3223270440251572,0.6054918022007647
20,600,S31N:K74I:T76S:Y95F,4,True,0.12475080063726438,0.42629377940407737,9.258069549488992,0.7843291404612159,0.6053114599326467
20,601,S31N:I52S:A58T:T76S:Y106S,5,True,0.137152394087004,0.8092002090956613,8.51296124095119,0.40120545073375263,0.605202829914707
20,602,S31N:T57S:S75F:R87T:Y106S,5,True,0.12204969063451625,0.3457919498170413,9.439340162331936,0.864517819706499,0.6051548847617702
20,603,N59A:T71S:T76S:R87T:Y106S,5,True,0.1429008056825144,0.9226346053319394,8.309977876706572,0.28721174004192873,0.6049231726869341
20,604,T57S:S75F:R87T:Y95F:Y106S,5,True,0.12500533839377878,0.4343962362780972,9.236762615928079,0.7751572327044025,0.6047767344912498
20,605,I52S:N59A:S75F:Y95F:Y106S,5,True,0.12215687798795907,0.34892838473601673,9.423009857280332,0.860587002096436,0.6047576934162264
20,606,S30N:T57S:S77N:Y106S,4,True,0.13750799716677528,0.8193936225823314,8.489760024842992,0.389937106918239,0.6046653647502852
20,607,S30N:S31N:T57S:N59A,4,True,0.13908840168087394,0.8572922111866179,8.4227799808184,0.3519392033542977,0.6046157072704578
20,608,T57S:A58T:S84N:Y106S,4,True,0.13241248547596302,0.6769472033455306,8.737750056319078,0.5322327044025157,0.6045899538740231
20,609,S30N:S31N:A58T:Y95F:Y106S,5,True,0.1487069653232385,0.9861474124411919,8.184893432005108,0.22274633123689727,0.6044468718390446
20,610,I52S:T57S:T71S:S75F:Y95F,5,True,0.12186409450219146,0.3403031887088343,9.45257458360139,0.8684486373165619,0.6043759130126981
20,611,S31N:A58T:T71S:T76S:Y95F,5,True,0.14693344879142697,0.9722948248823837,8.210446865025409,0.2358490566037736,0.6040719407430787
20,612,S31N:T57S:N59A:K74I:R87T,5,True,0.13254497130801038,0.6824359644537376,8.725730414152125,0.52541928721174,0.6039276258327388
20,613,S31N:T57S:A58T:N59A:T71S,5,True,0.14646855147591875,0.9686356508102457,8.215488186912696,0.23873165618448638,0.6036836534973661
20,614,S30N:T57S:T71S:K74I:R87T,5,True,0.13442452745775238,0.736800836382645,8.631056813786484,0.47038784067085954,0.6035943385267523
20,615,I52S:N59A:T71S:S75F:Y106S,5,True,0.1211853598523034,0.31651855723993727,9.518320551769701,0.890461215932914,0.6034898865864257
20,616,S31N:T57S:K74I:S75F:Y95F,5,True,0.11788876504347003,0.22582331416623105,9.838835665275509,0.9811320754716981,0.6034776948189646
20,617,S30N:A58T:T71S:S77N,4,True,0.13837884109594917,0.8408259278619968,8.44769335428652,0.3660901467505241,0.6034580373062605
20,618,S30N:S31N:T57S:R87T:Y95F,5,True,0.1444816758719865,0.9461578672242551,8.257597850997058,0.26048218029350106,0.603320023758878
20,619,F29S:S31N:T57S:T71S:S75F,5,True,0.12562824669882658,0.4547830632514375,9.191735299616834,0.7518343815513627,0.6033087224014001
20,620,T57S:N59A:Y106S,3,True,0.13147913391330981,0.6421850496602195,8.795862443883907,0.5639412997903563,0.6030631747252879
20,621,S30N:N59A:T71S:K74I:R87T,5,True,0.135170224190459,0.755880815473079,8.597637268746626,0.45020964360587,0.6030452295394745
20,622,I52S:N59A:T71S:Y106S,4,True,0.13111827128856562,0.6332984840564558,8.811712514243341,0.5725890985324947,0.6029437912944753
20,623,S31N:A58T:N59A:S75F:S77N,5,True,0.1274518149564043,0.5135912179822268,9.063784896742199,0.6920859538784067,0.6028385859303167
20,624,S30N:S31N:I52S:T71S:Y95F,5,True,0.13873862000421822,0.8486670151594354,8.42983526642304,0.3561320754716981,0.6023995453155668
20,625,S31N:I52S:T71S:T76S:Y95F,5,True,0.13642170770578285,0.7880292733925771,8.534441052007892,0.4158805031446541,0.6019548882686157
20,626,N59A:K74I:R87T:Y95F:Y106S,5,True,0.1332405498718695,0.7036069001568217,8.68384521626015,0.4997379454926625,0.6016724228247421
20,627,S30N:T71S:K74I:S77N,4,True,0.12381322289967098,0.3998954521693675,9.28911793650439,0.8031970649895178,0.6015462585794427
20,628,S31N:I52S:N59A:T71S:S75F,5,True,0.12092809995872787,0.30920020909566126,9.527071716469283,0.8930817610062893,0.6011409850509752
20,629,S30N:S31N:N59A:Y106S,4,True,0.13804253324880977,0.8311552535284893,8.451797340304475,0.37054507337526205,0.6008501634518757
20,630,S30N:T57S:T71S:K74I:S75F,5,True,0.1194797800953154,0.2679038159958181,9.649596085955082,0.9331761006289309,0.6005399583123745
20,631,I52S:N59A:T71S:T76S:R87T,5,True,0.13540073570326935,0.7642446419236801,8.57478350406146,0.4363207547169811,0.6002826983203307
20,632,S30N:S31N:T57S:K74I:T76S,5,True,0.13396953626933167,0.7232096184004182,8.641578027540493,0.4769392033542977,0.6000744108773579
40,1,F29S:S77N:S84N,3,True,0.10309770789882407,0.8440826549780839,9.580119270723118,0.8621231155778895,0.8531028852779867
40,2,F29S:I52S:S77N:R87T,4,True,0.10811161790364979,0.930181590482154,9.271710701092042,0.7732412060301508,0.8517113982561524
40,3,F29S:T76S:S84N,3,True,0.10381617361781197,0.8625547902316844,9.440446454662002,0.8219221105527639,0.8422384503922241
40,4,F29S:I52S:S77N,3,True,0.0986831842017839,0.730745147150908,9.87292601514465,0.9494346733668342,0.840089910258871
40,5,F29S:S30N:S77N,3,True,0.10811483305037327,0.9304946775203506,9.196420934383434,0.7471733668341709,0.8388340221772608
40,6,F29S:S84N:Y95F,3,True,0.10764928792425939,0.9251721978710081,9.213578257904388,0.7518844221105527,0.8385283099907804
40,7,F29S:T71S:S84N,3,True,0.10579276356626226,0.8976205385097057,9.276317466899396,0.7770100502512562,0.8373152943804809
40,8,F29S:I52S:K74I:S77N,4,True,0.09806578645073649,0.706011271133375,9.900123760636047,0.9566582914572864,0.8313347812953307
40,9,F29S:I52S:R87T,3,True,0.09901057394138231,0.7395115842204133,9.735991026003578,0.9026381909547738,0.8210748875875935
40,10,F29S:S31N:S84N,3,True,0.10454574777993601,0.8778960551033187,9.233595048151184,0.7584798994974874,0.818187977300403
40,11,F29S:K74I:S77N,3,True,0.09769514471160239,0.6919223544145272,9.810189009958044,0.9274497487437185,0.8096860515791229
40,12,F29S:S75F:S77N:R87T,4,True,0.09682249788798991,0.6678146524733876,9.861392183892049,0.945037688442211,0.8064261704577993
40,13,F29S:I52S:K74I:R87T,4,True,0.09826222029449554,0.7116468378209142,9.72821195778069,0.9001256281407035,0.8058862329808089
40,14,F29S:K74I:T76S:S84N,4,True,0.09914464911533283,0.7457733249843457,9.553260672849296,0.8542713567839196,0.8000223408841327
40,15,F29S:K74I:S77N:S84N,4,True,0.10093887550599004,0.7971195992485911,9.359149787511795,0.7977386934673367,0.7974291463579639
40,16,F29S:I52S:S84N:R87T,4,True,0.1024608429829595,0.832498434564809,9.232228746525086,0.7581658291457286,0.7953321318552689
40,17,F29S:T76S:R87T,3,True,0.1032166360056146,0.8459611772072636,9.182508598211786,0.7399497487437185,0.7929554629754911
40,18,F29S:S31N:I52S:S77N,4,True,0.1050881315454143,0.8876017532874139,9.069225815337765,0.6909547738693468,0.7892782635783804
40,19,F29S:I52S:A58T:S77N,4,True,0.10411338091192068,0.86944270507201,9.097817780752562,0.7035175879396985,0.7864801465058543
40,20,F29S:S30N:S84N,3,True,0.10747316632707005,0.922041327489042,8.946509620800857,0.6451005025125628,0.7835709150008023
40,21,N59A:S77N:R87T,3,True,0.09985187537886413,0.7673763306199123,9.371052430100832,0.7993090452261307,0.7833426879230214
40,22,F29S:I52S:N59A,3,True,0.10293980491540683,0.8412648716343143,9.146056675817531,0.7251884422110553,0.7832266569226848
40,23,F29S:I52S:K74I:T76S,4,True,0.09447922057359993,0.5854727614276769,10.017906444969661,0.9795854271356784,0.7825290942816776
40,24,F29S:S30N:R87T,3,True,0.10723027307821931,0.9179711959924859,8.949838102171508,0.6469849246231156,0.7824780603078008
40,25,F29S:T57S:K74I:S77N,4,True,0.1051075124618485,0.8879148403256105,9.032885233939517,0.6739949748743719,0.7809549075999912
40,26,F29S:S77N:Y95F,3,True,0.10887404300881211,0.9380087664370695,8.889558374771761,0.6215452261306532,0.7797769962838614
40,27,F29S:I52S:T76S:S84N,4,True,0.1013976879794701,0.8080776455854728,9.208763195349917,0.7496859296482412,0.778881787616857
40,28,F29S:S75F:T76S:S77N,4,True,0.0955153875042674,0.6192861615529117,9.836809621954176,0.9368718592964824,0.7780790104246971
40,29,F29S:S30N:I52S:R87T,4,True,0.10669103742119641,0.9095178459611772,8.943097085592994,0.6435301507537688,0.776523998357473
40,30,F29S:S30N:S75F:S77N,4,True,0.0957658450762616,0.6311834690043833,9.780110231918801,0.9180276381909548,0.774605553597669
40,31,F29S:T71S:S77N,3,True,0.10513015478389597,0.8885410144020037,8.976136565366904,0.6560929648241206,0.7723169896130622
40,32,F29S:T57S:R87T,3,True,0.10517057566029671,0.8888541014402004,8.953258019519886,0.6488693467336684,0.7688617240869344
40,33,F29S:I52S:T71S:S84N,4,True,0.10175776191312572,0.815278647463995,9.137873128933794,0.7217336683417085,0.7685061579028518
40,34,F29S:S30N:S75F:R87T,4,True,0.0951089901447431,0.606762680025047,9.806577823257548,0.9255653266331658,0.7661640033291064
40,35,F29S:I52S:A58T:S84N,4,True,0.10277897230277855,0.839073262366938,9.065752010462896,0.6893844221105527,0.7642288422387453
40,36,F29S:I52S:Y95F,3,True,0.09808247525329877,0.7069505322479649,9.433618892640737,0.8187814070351759,0.7628659696415704
40,37,F29S:S30N:I52S:Y95F,4,True,0.10313629697196591,0.8443957420162805,9.042080185261069,0.6796482412060302,0.7620219916111554
40,38,F29S:S30N:I52S:T76S,4,True,0.10436824083763803,0.8747651847213526,8.948506347131623,0.6466708542713567,0.7607180194963546
40,39,F29S:S31N:S75F:S77N,4,True,0.09585257551546388,0.6346274264245461,9.6711860987587,0.8831658291457286,0.7588966277851373
40,40,F29S:K74I:S77N:R87T,4,True,0.10684188746806791,0.9110832811521603,8.855507456757211,0.6061557788944724,0.7586195300233163
40,41,F29S:S30N:K74I:S77N,4,True,0.10404344264907713,0.8681903569192235,8.947874284444062,0.6463567839195979,0.7572735704194107
40,42,F29S:S77N:S84N:R87T,4,True,0.11026579322651756,0.9571070757670632,8.73220778656153,0.5555904522613065,0.7563487640141848
40,43,F29S:T71S:S75F:S84N,4,True,0.09333847226936262,0.5413274890419537,9.971451920274344,0.9707914572864321,0.756059473164193
40,44,S77N:S84N:R87T,3,True,0.09572526587714891,0.6299311208515967,9.665176846899687,0.8815954773869347,0.7557632991192658
40,45,F29S:I52S:T57S,3,True,0.09843150882577456,0.7191609267376331,9.330394783976232,0.7914572864321608,0.7553091065848969
40,46,F29S:K74I:R87T,3,True,0.09735551022725286,0.6834690043832186,9.440529017028158,0.8222361809045227,0.7528525926438706
40,47,I52S:K74I:S77N:R87T,4,True,0.09641421018494392,0.6534126487163432,9.532513801977622,0.847675879396985,0.7505442640566641
40,48,F29S:T71S:R87T,3,True,0.10050201573710442,0.7861615529117094,9.117039209194012,0.7132537688442211,0.7497076608779653
40,49,F29S:S30N:I52S:S84N,4,True,0.10408346352980939,0.8688165309956167,8.9062280831421,0.6293969849246231,0.7491067579601199
40,50,F29S:S75F:S84N:Y95F,4,True,0.09445238688416091,0.5842204132748904,9.76900335522182,0.9139447236180904,0.7490825684464903
40,51,F29S:S31N:I52S,3,True,0.09607176062136465,0.6440200375704446,9.539939803252803,0.8514447236180904,0.7477323805942675
40,52,I52S:T76S:S77N:R87T,4,True,0.10031704552885239,0.7808390732623669,9.11302014063695,0.7119974874371859,0.7464182803497764
40,53,F29S:K74I:T76S:R87T,4,True,0.10115270707034574,0.8030682529743268,9.062730272397749,0.6881281407035176,0.7455981968389223
40,54,F29S:S30N:T57S,3,True,0.10480939503779423,0.8816530995616781,8.859359902086148,0.6070979899497487,0.7443755447557134
40,55,F29S:T71S:S75F:S77N,4,True,0.09410524032823711,0.569818409517846,9.77827692548519,0.917713567839196,0.7437659886785211
40,56,A58T:S77N:S84N,3,True,0.09789734168304402,0.700375704445836,9.298031639944362,0.7836055276381909,0.7419906160420134
40,57,F29S:T57S:S75F:S77N,4,True,0.0970147322578323,0.6725109580463369,9.405431188277468,0.8099874371859297,0.7412491976161333
40,58,F29S:T76S:S84N:Y95F,4,True,0.10854759867781882,0.9355040701314965,8.712103895387525,0.5464824120603015,0.740993241095899
40,59,F29S:R87T:Y95F,3,True,0.10621552200252109,0.9032561051972449,8.780350642204978,0.5750628140703518,0.7391594596337983
40,60,F29S:T57S:T76S,3,True,0.10362178560489581,0.8569192235441453,8.885874281351528,0.6184045226130653,0.7376618730786053
40,61,S77N:R87T:Y95F,3,True,0.09664581580699849,0.6612398246712586,9.411110862083625,0.8109296482412061,0.7360847364562324
40,62,F29S:I52S:N59A:R87T,4,True,0.10787368080967774,0.9276768941765811,8.702503183917724,0.5423994974874372,0.7350381958320091
40,63,K74I:T76S:S77N:R87T,4,True,0.09721941729312814,0.6790857858484659,9.326940142629136,0.7908291457286433,0.7349574657885546
40,64,F29S:I52S:T57S:T76S,4,True,0.10214157153092791,0.8237319974953037,8.946694430414402,0.6454145728643216,0.7345732851798126
40,65,F29S:S31N:S75F:S84N,4,True,0.09284161184109967,0.5194113963681903,9.871164625252714,0.9491206030150754,0.7342659996916329
40,66,F29S:T71S:K74I:S84N,4,True,0.09948270225888813,0.756105197244834,9.108651667503214,0.7094849246231156,0.7327950609339748
40,67,T71S:S77N:S84N,3,True,0.09592407122523726,0.638697557921102,9.450468341096936,0.824748743718593,0.7317231508198475
40,68,F29S:N59A:S75F:S77N,4,True,0.10138901806143533,0.8077645585472761,8.970848665305407,0.6542085427135679,0.7309865506304221
40,69,S77N:S84N:Y95F,3,True,0.09469200975018438,0.5958046336881653,9.591422806798395,0.8655778894472361,0.7306912615677007
40,70,N59A:S77N:S84N:R87T,4,True,0.10663646185554129,0.9088916718847839,8.720605424214016,0.5511934673366834,0.7300425696107337
40,71,F29S:N59A:K74I:S77N,4,True,0.10916366693792998,0.9436443331246086,8.634457031349163,0.5157035175879398,0.7296739253562742
40,72,T76S:S77N:S84N,3,True,0.09417706508742453,0.5732623669380088,9.673833928057212,0.8850502512562815,0.7291563090971451
40,73,F29S:N59A:K74I,3,True,0.09976984172140484,0.7642454602379462,9.07104531094727,0.6915829145728644,0.7279141874054053
40,74,F29S:I52S:A58T,3,True,0.09402707765620184,0.5685660613650595,9.678452501924049,0.8863065326633166,0.7274362970141881
40,75,F29S:S31N:I52S:K74I,4,True,0.09373800916648525,0.5582341891045711,9.708393928351912,0.8960427135678392,0.7271384513362051
40,76,F29S:T76S:Y95F,3,True,0.102188138203426,0.8249843456480902,8.905365173448871,0.6287688442211056,0.7268765949345979
40,77,F29S:T71S:S77N:S84N,4,True,0.11038507643537057,0.9580463368816531,8.584948055179593,0.4956030150753769,0.726824675978515
40,78,F29S:I52S:K74I:Y95F,4,True,0.09478432600881201,0.5995616781465247,9.543400180100992,0.8527010050251256,0.7261313415858252
40,79,F29S:S31N:K74I:S77N,4,True,0.10326118716705875,0.84815278647464,8.845896213210452,0.6023869346733668,0.7252698605740033
40,80,F29S:S30N:Y95F,3,True,0.10401128583915287,0.8672510958046337,8.798026318183389,0.5813442211055276,0.7242976584550807
40,81,F29S:S75F:T76S:R87T,4,True,0.09296780004492727,0.5244207889793363,9.800890350926407,0.9236809045226131,0.7240508467509748
40,82,S30N:T76S:S77N:S84N,4,True,0.10057630523604896,0.7877269881026926,8.984409225343985,0.6595477386934674,0.7236373633980799
40,83,N59A:S84N:R87T,3,True,0.09654172705621794,0.6577958672510958,9.316833688391824,0.7883165829145728,0.7230562250828343
40,84,T71S:S77N:S84N:R87T,4,True,0.10144217073795588,0.8090169067000627,8.92774104881063,0.6369346733668342,0.7229757900334484
40,85,T57S:S77N:S84N,3,True,0.09524564331841628,0.6123982467125861,9.4867713552369,0.8326005025125628,0.7224993746125745
40,86,F29S:T71S:S84N:R87T,4,True,0.10804952552329035,0.9289292423293676,8.631248857377555,0.5150753768844221,0.7220023096068948
40,87,F29S:T71S:K74I:S77N,4,True,0.10145291751179968,0.8096430807764559,8.918536909480064,0.634108040201005,0.7218755604887304
40,88,F29S:I52S:T57S:S77N,4,True,0.10716211884252635,0.9167188478396995,8.663235908107929,0.5266959798994975,0.7217074138695985
40,89,F29S:S30N:K74I:R87T,4,True,0.10351270666578476,0.853788353162179,8.815474923271806,0.5891959798994975,0.7214921665308383
40,90,F29S:S75F:T76S:S84N,4,True,0.09228930823217756,0.4937382592360676,9.86964096111342,0.9484924623115578,0.7211153607738128
40,91,F29S:K74I:T76S,3,True,0.09314498170825532,0.5306825297432687,9.752646932576035,0.9092336683417085,0.7199580990424885
40,92,F29S:S75F:S77N:Y95F,4,True,0.0963515732631868,0.65184721352536,9.311511898520068,0.7870603015075377,0.7194537575164488
40,93,T76S:S77N:S84N:Y95F,4,True,0.09896464431281202,0.7379461490294302,9.08914377704874,0.7000628140703518,0.719004481549891
40,94,F29S:T71S:S77N:R87T,4,True,0.11008700677142702,0.9552285535378835,8.55010636019832,0.4824120603015075,0.7188203069196955
40,95,F29S:I52S:T57S:S84N,4,True,0.103412531164457,0.8512836568566061,8.798295436260053,0.5816582914572864,0.7164709741569463
40,96,F29S:S31N:I52S:T76S,4,True,0.09960873235687975,0.7595491546649968,9.022781994812423,0.6724246231155779,0.7159868888902874
40,97,F29S:T76S:S77N:S84N,4,True,0.10971792605731563,0.9517845961177207,8.538863426065914,0.4783291457286432,0.7150568709231819
40,98,F29S:I52S:T71S:T76S,4,True,0.09849053913217695,0.7226048841577959,9.101291621619156,0.7050879396984925,0.7138464119281442
40,99,F29S:I52S:T57S:K74I,4,True,0.09523711179854494,0.6114589855979963,9.424529523564795,0.8159547738693468,0.7137068797336715
40,100,F29S:S77N:R87T:Y95F,4,True,0.11363938963020763,0.9834063869755792,8.46378993729486,0.4437814070351759,0.7135938970053776
40,101,F29S:T57S:K74I:S84N,4,True,0.10134323956777655,0.8061991233562931,8.886771753483028,0.6190326633165829,0.7126158933364379
40,102,S30N:I52S:S77N:R87T,4,True,0.1010061799294828,0.7989981214777708,8.894836730646478,0.6243718592964824,0.7116849903871266
40,103,F29S:I52S:T71S:R87T,4,True,0.10133662305632851,0.8058860363180964,8.883701070064426,0.6168341708542714,0.7113601035861838
40,104,F29S:T57S:S75F:R87T,4,True,0.09365380810637665,0.5557294927989981,9.587277206651013,0.8649497487437185,0.7103396207713584
40,105,F29S:T57S:T76S:S84N,4,True,0.10928000707262724,0.945835942391985,8.5275295376121,0.4729899497487437,0.7094129460703643
40,106,F29S:K74I:S77N:Y95F,4,True,0.10385142202148075,0.8638071383844709,8.731033956011142,0.554962311557789,0.7093847249711299
40,107,F29S:K74I:S84N:Y95F,4,True,0.1007487884484178,0.7921102066374452,8.8993959285183,0.6265703517587939,0.7093402791981196
40,108,F29S:S75F:R87T:Y95F,4,True,0.09463034171118608,0.5917345021916093,9.457436498990836,0.8266331658291457,0.7091838340103775
40,109,F29S:I52S:T71S:S77N,4,True,0.10371329195003468,0.8600500939261114,8.73658067732839,0.5577889447236181,0.7089195193248647
40,110,I52S:A58T:S77N:R87T,4,True,0.09851320507607624,0.7235441452723858,9.066587480342626,0.6896984924623115,0.7066213188673487
40,111,F29S:I52S:A58T:R87T,4,True,0.10359264945889321,0.8559799624295554,8.724684386178325,0.5524497487437185,0.704214855586637
40,112,I52S:T76S:S77N:S84N,4,True,0.09589091506834185,0.6365059486537258,9.26622876806758,0.7713567839195979,0.7039313662866619
40,113,K74I:S77N:S84N:R87T,4,True,0.0963330424468683,0.6515341264871635,9.223688880612187,0.7562814070351759,0.7039077667611697
40,114,S30N:S77N:S84N:R87T,4,True,0.10227032839459627,0.8271759549154665,8.791513662459426,0.5797738693467337,0.7034749121311001
40,115,F29S:T71S:K74I:T76S,4,True,0.09486132694702035,0.6017532874139011,9.378536542712787,0.801821608040201,0.701787447727051
40,116,F29S:S30N:S75F:T76S:S77N,5,True,0.10073860313199554,0.7914840325610519,8.861449904940942,0.6080402010050251,0.6997621167830386
40,117,F29S:S31N:I52S:K74I:S77N,5,True,0.10220657706059827,0.8256105197244834,8.762490237341147,0.5703517587939698,0.6979811392592266
40,118,F29S:T57S:K74I:R87T,4,True,0.10187270725861894,0.8190356919223544,8.783569338074246,0.5763190954773869,0.6976773936998706
40,119,S77N:S84N:Y106S,3,True,0.09331122579721163,0.5397620538509705,9.556332784227147,0.855213567839196,0.6974878108450833
40,120,F29S:T71S:S75F:S77N:R87T,5,True,0.09975114635794272,0.7633061991233563,8.907838512183313,0.6300251256281407,0.6966656623757486
40,121,F29S:S30N:I52S:S75F,4,True,0.0899945063412955,0.4007514088916719,10.161874939431007,0.9915201005025126,0.6961357546970922
40,122,F29S:S31N:K74I,3,True,0.09348800700261235,0.5472761427676894,9.518319113156766,0.8432788944723618,0.6952775186200256
40,123,F29S:I52S:S77N:Y95F,4,True,0.10641883942410538,0.906386975579211,8.555345729947222,0.48335427135678394,0.6948706234679974
40,124,F29S:S30N:K74I:T76S,4,True,0.10022128686967355,0.778334376956794,8.87003848334544,0.6108668341708543,0.6946006055638241
40,125,S30N:S77N:S84N:Y95F,4,True,0.09865249348203715,0.7294927989981215,8.975842433719626,0.6557788944723618,0.6926358467352416
40,126,F29S:S30N:S31N:S75F,4,True,0.09235457887463766,0.49530369442705074,9.684722342401303,0.8888190954773869,0.6920613949522189
40,127,F29S:S30N:S31N:S84N,4,True,0.1085371455007429,0.9351909830933,8.473502543499839,0.4484924623115578,0.6918417227024289
40,128,F29S:I52S:T71S:K74I,4,True,0.09205088605954054,0.4849718221665623,9.717599064072493,0.8976130653266332,0.6912924437465977
40,129,F29S:S30N:S75F:T76S,4,True,0.09377817185151754,0.5604257983719474,9.438736261831165,0.821608040201005,0.6910169192864761
40,130,K74I:S77N:R87T:Y95F,4,True,0.09633211785427594,0.6512210394489668,9.162542069877304,0.7305276381909548,0.6908743388199607
40,131,S77N:S84N:R87T:Y95F,4,True,0.10200898377675507,0.821853475266124,8.738177100975516,0.5596733668341709,0.6907634210501474
40,132,F29S:T71S:T76S,3,True,0.09785301354601361,0.6981840951784596,9.048084549809577,0.6824748743718593,0.6903294847751594
40,133,F29S:N59A:S75F:S84N,4,True,0.10018457417801108,0.7770820288040076,8.84736994790054,0.6033291457286433,0.6902055872663254
40,134,S30N:K74I:S77N:R87T,4,True,0.09736878912085031,0.6844082654978084,9.078113272662018,0.6953517587939698,0.6898800121458891
40,135,F29S:S31N:K74I:R87T,4,True,0.10061656183466883,0.7886662492172825,8.819268605817348,0.5910804020100503,0.6898733256136664
40,136,F29S:T57S:S75F:S77N:R87T,5,True,0.10182428537721383,0.8171571696931748,8.742184907744623,0.5612437185929648,0.6892004441430698
40,137,S30N:S84N:R87T,3,True,0.0934093927927902,0.5438321853475266,9.493805190831294,0.8341708542713567,0.6890015198094417
40,138,N59A:K74I:S77N:R87T,4,True,0.09837505550081523,0.7163431433938635,8.983759453795614,0.6586055276381909,0.6874743355160272
40,139,F29S:I52S:R87T:Y95F,4,True,0.10522394135469948,0.8894802755165936,8.559589946610526,0.48523869346733667,0.6873594844919652
40,140,F29S:T76S:S77N:R87T,4,True,0.11223458252354838,0.9755792110206637,8.373666651827989,0.39729899497487436,0.686439102997769
40,141,F29S:S30N:K74I:Y95F,4,True,0.09866027924951147,0.7298058860363181,8.938873684205573,0.6419597989949749,0.6858828425156465
40,142,K74I:S77N:S84N:Y95F,4,True,0.09279205369785616,0.5156543519098309,9.55789863703332,0.8558417085427136,0.6857480302262722
40,143,I52S:T57S:S77N:R87T,4,True,0.09884349133128403,0.7332498434564809,8.924868132007349,0.635678391959799,0.68446411770814
40,144,F29S:A58T:R87T,3,True,0.10697908683716036,0.9132748904195366,8.4831817593517,0.45540201005025127,0.6843384502348939
40,145,F29S:I52S:N59A:K74I,4,True,0.09781802570949676,0.6975579211020664,9.017165256822162,0.6695979899497487,0.6835779555259076
40,146,A58T:K74I:S77N:S84N,4,True,0.09517687156904535,0.6092673763306199,9.231461811983104,0.757537688442211,0.6834025323864155
40,147,F29S:S30N:S31N:I52S:K74I,5,True,0.09855420516046062,0.7251095804633688,8.93795934842143,0.6413316582914573,0.6832206193774131
40,148,F29S:S31N:T57S:S75F,4,True,0.09125449219962954,0.45272385723231057,9.768810235147544,0.9136306532663316,0.6831772552493212
40,149,F29S:S30N:I52S:A58T,4,True,0.10084762355889842,0.7943018159048215,8.765550170186897,0.5719221105527639,0.6831119632287928
40,150,F29S:T71S:S75F:T76S:S77N,5,True,0.09802081275192377,0.704445835942392,8.985833653306678,0.6604899497487438,0.6824678928455679
40,151,S31N:I52S:S77N:R87T,4,True,0.09775899063865268,0.69536631183469,9.01522239159311,0.6689698492462312,0.6821680805404606
40,152,T57S:S77N:S84N:R87T,4,True,0.1012353305931748,0.80463368816531,8.737333457824539,0.5584170854271356,0.6815253867962228
40,153,F29S:K74I:R87T:Y95F,4,True,0.10225630941770611,0.8259236067626801,8.684525568010633,0.5345477386934674,0.6802356727280737
40,154,I52S:T57S:S77N:S84N,4,True,0.09589595113494401,0.637132122730119,9.141394396982909,0.722675879396985,0.679904001063552
40,155,F29S:T71S:S75F:R87T,4,True,0.09120223795193606,0.44990607388854104,9.754571174884655,0.9098618090452262,0.6798839414668836
40,156,F29S:A58T:K74I,3,True,0.09446095151043989,0.5848465873512837,9.273475513368178,0.7744974874371859,0.6796720373942349
40,157,F29S:N59A:S75F:R87T,4,True,0.0973940283270828,0.6859737006887915,9.028299284134842,0.6733668341708543,0.679670267429823
40,158,F29S:T76S:S84N:R87T,4,True,0.10773779006219635,0.9264245460237946,8.441304780647839,0.4315326633165829,0.6789786046701888
40,159,S77N:S84N:R87T:Y106S,4,True,0.10014390885683984,0.775829680651221,8.798614501844197,0.5819723618090452,0.6789010212301332
40,160,I52S:A58T:S77N:S84N,4,True,0.09566698473283013,0.6268002504696305,9.158468007194926,0.7289572864321608,0.6778787684508957
40,161,F29S:S31N:I52S:K74I:R87T,5,True,0.10071030319525084,0.7905447714464621,8.746291353546678,0.5628140703517588,0.6766794208991105
40,162,F29S:I52S:A58T:K74I:S77N,5,True,0.10175774782136232,0.8149655604257984,8.691896872796663,0.5383165829145728,0.6766410716701856
40,163,F29S:S30N:S31N:K74I,4,True,0.09814751746719617,0.7078897933625548,8.944099869014515,0.6444723618090452,0.6761810775857999
40,164,F29S:I52S:T57S:K74I:T76S,5,True,0.0988141689758499,0.7326236693800877,8.88405028560214,0.6180904522613065,0.6753570608206971
40,165,F29S:S31N:R87T,3,True,0.10321575613606943,0.845648090169067,8.605795931660975,0.5050251256281407,0.6753366078986038
40,166,F29S:S31N:I52S:T57S,4,True,0.09987464828120904,0.7689417658108955,8.797626696525647,0.5810301507537688,0.6749859582823321
40,167,S30N:I52S:K74I:S77N,4,True,0.09113113916319877,0.4464621164683782,9.736965051692744,0.9032663316582915,0.6748642240633349
40,168,S77N:R87T:Y106S,3,True,0.09509130494310529,0.6064495929868503,9.181566875570663,0.7396356783919598,0.673042635689405
40,169,S77N:S84N:Y95F:Y106S,4,True,0.0981969080748051,0.7100814026299311,8.925850762164607,0.6359924623115578,0.6730369324707445
40,170,A58T:S77N:S84N:R87T,4,True,0.10473412959892273,0.8800876643706951,8.508158442573816,0.46576633165829145,0.6729269980144933
40,171,F29S:S30N:S31N:S75F:S77N,5,True,0.09944367208673213,0.7551659361302442,8.8168574724672,0.5901381909547738,0.6726520635425091
40,172,N59A:K74I:S77N:S84N,4,True,0.09780349202234886,0.6969317470256732,8.950265957916614,0.6472989949748744,0.6721153710002739
40,173,F29S:I52S:T57S:S75F,4,True,0.08910421038833022,0.37006887914840325,9.987149593125096,0.9736180904522613,0.6718434848003323
40,174,S30N:K74I:S77N:S84N,4,True,0.09311420136069798,0.5294301815904822,9.418644881290618,0.8140703517587939,0.671750266674638
40,175,S31N:S77N:S84N,3,True,0.09222247194164244,0.4918597370068879,9.537762447241143,0.8498743718592965,0.6708670544330921
40,176,F29S:S30N:I52S:S75F:Y95F,5,True,0.09434135780598828,0.580463368816531,9.237078244681133,0.7600502512562815,0.6702568100364062
40,177,F29S:T57S:S75F:T76S,4,True,0.09245982975397182,0.49906073888541014,9.510867387333096,0.8407663316582915,0.6699135352718508
40,178,F29S:S30N:N59A:S75F,4,True,0.09671976709990596,0.6643706950532248,9.028205494443085,0.6730527638190955,0.6687117294361602
40,179,F29S:I52S:S75F:Y95F,4,True,0.08924435604431954,0.376017532874139,9.90765132060666,0.9588567839195979,0.6674371583968685
40,180,F29S:N59A:T71S:S75F,4,True,0.09326944994906354,0.5366311834690044,9.357189402721458,0.7974246231155779,0.6670279032922912
40,181,F29S:T57S:S84N:Y95F,4,True,0.11058860724680149,0.960551033187226,8.312786602478775,0.37248743718592964,0.6665192351865779
40,182,S30N:N59A:S84N:R87T,4,True,0.1003506871644434,0.7820914214151534,8.718942018825775,0.5499371859296482,0.6660143036724009
40,183,I52S:N59A:S77N,3,True,0.09331556955366005,0.5403882279273639,9.316342994461262,0.7880025125628141,0.6641953702450889
40,184,S30N:N59A:S77N:S84N,4,True,0.1044599484945787,0.8763306199123356,8.475289717441452,0.4494346733668342,0.662882646639585
40,185,F29S:I52S:K74I:T76S:Y95F,5,True,0.09825809650156324,0.7113337507827175,8.87968543812522,0.6140075376884422,0.6626706442355799
40,186,F29S:N59A:S84N,3,True,0.11746209710531103,0.9974953036944271,8.219141906832448,0.32694723618090454,0.6622212699376658
40,187,F29S:S30N:S77N:R87T,4,True,0.11377060721280338,0.9843456480901691,8.246271710234481,0.3398241206030151,0.6620848843465921
40,188,S31N:T76S:S77N:S84N,4,True,0.09674725429798169,0.6653099561678146,8.983480384303995,0.6582914572864321,0.6618007067271234
40,189,S31N:S77N:R87T,3,True,0.09428005227632826,0.577958672510958,9.192945204994944,0.7449748743718593,0.6614667734414086
40,190,F29S:S30N:T57S:K74I,4,True,0.09938251041494373,0.7536005009392611,8.76051210993763,0.5687814070351759,0.6611909539872185
40,191,F29S:S30N:I52S:T71S,4,True,0.10024080179804158,0.7792736380713838,8.703033689011068,0.542713567839196,0.6609936029552899
40,192,S31N:I52S:S77N:S84N,4,True,0.09377113259714369,0.5594865372573575,9.23802145636238,0.7609924623115578,0.6602394997844576
40,193,F29S:S30N:T57S:S75F:S77N,5,True,0.10024964726659367,0.7795867251095805,8.695026959460572,0.5392587939698492,0.6594227595397149
40,194,F29S:S31N:S75F:S77N:R87T,5,True,0.10100420854655057,0.7986850344395742,8.644041167989936,0.5201005025125628,0.6593927684760685
40,195,T76S:S77N:S84N:Y106S,4,True,0.09798502039760618,0.7031934877896056,8.881253003825979,0.6155778894472361,0.6593856886184208
40,196,F29S:S31N:S75F:R87T,4,True,0.09308183123484784,0.5284909204758923,9.322367866278134,0.789572864321608,0.6590318923987502
40,197,S30N:I52S:T76S:S77N,4,True,0.09756093526608206,0.6897307451471509,8.904267964423553,0.628140703517588,0.6589357243323695
40,198,F29S:N59A:T71S,3,True,0.10487568984203387,0.8835316217908579,8.442220710775091,0.43278894472361806,0.658160283257238
40,199,I52S:N59A:S77N:S84N,4,True,0.10045590741507768,0.7852222917971196,8.674153356860376,0.530464824120603,0.6578435579588613
40,200,F29S:S31N:T57S:K74I,4,True,0.09686261342338873,0.6693800876643707,8.944428074653338,0.644786432160804,0.6570832599125873
40,201,F29S:A58T:Y95F,3,True,0.10233672477906076,0.8290544771446462,8.548477274523115,0.48178391959798994,0.655419198371318
40,202,K74I:S77N:R87T:Y106S,4,True,0.0959526658864421,0.6402629931120851,9.01750090548393,0.6705402010050251,0.6554015970585552
40,203,F29S:S30N:S75F:Y95F,4,True,0.09277610355025387,0.5150281778334377,9.34908117105805,0.7949120603015075,0.6549701190674726
40,204,F29S:T57S:S75F,3,True,0.0877938465231299,0.3306199123356293,10.01773670266203,0.9792713567839196,0.6549456345597745
40,205,T71S:S84N:R87T,3,True,0.09144020675956856,0.4596117720726362,9.539039927641753,0.8501884422110553,0.6549001071418458
40,206,F29S:S75F:S77N,3,True,0.08701985531852101,0.30964308077645586,10.32298359947385,0.9990577889447236,0.6543504348605897
40,207,F29S:S30N:S75F,3,True,0.08739818845010984,0.3174702567313713,10.143577113528115,0.9896356783919598,0.6535529675616656
40,208,F29S:T71S:S75F:T76S:R87T,5,True,0.09460701928738689,0.5895428929242329,9.128121168403027,0.7167085427135679,0.6531257178189004
40,209,F29S:T57S:N59A:S75F,4,True,0.09608932937698297,0.6446462116468378,8.990074037538001,0.6614321608040201,0.653039186225429
40,210,F29S:T57S:S75F:T76S:R87T,5,True,0.09681496197749756,0.6668753913587977,8.932285198464847,0.6391331658291457,0.6530042785939717
40,211,F29S:S30N:T57S:S75F:R87T,5,True,0.09779106097050144,0.6959924859110833,8.868747307015559,0.6099246231155779,0.6529585545133306
40,212,F29S:S30N:S84N:R87T,4,True,0.11095056066126503,0.9639949906073888,8.250677016313585,0.3417085427135678,0.6528517666604783
40,213,F29S:N59A:S77N:R87T,4,True,0.11856767430095039,0.9987476518472135,8.179123090903781,0.30590452261306533,0.6523260872301394
40,214,F29S:T57S:S75F:T76S:S84N,5,True,0.09802741092745394,0.7050720100187852,8.837604179564751,0.5992462311557789,0.6521591205872821
40,215,T57S:S77N:S84N:Y106S,4,True,0.0981673753916263,0.7082028804007514,8.828786591425022,0.5954773869346733,0.6518401336677124
40,216,S31N:I52S:K74I:S77N:R87T,5,True,0.09719890455867944,0.678146524733876,8.896652164365344,0.6253140703517588,0.6517302975428174
40,217,F29S:T57S:T71S:S75F,4,True,0.08999434586548509,0.4004383218534753,9.736548507310474,0.9029522613065326,0.6516952915800039
40,218,S30N:S77N:S84N:Y106S,4,True,0.09855914188723888,0.7254226675015655,8.785279000557402,0.5769472361809045,0.6511849518412349
40,219,I52S:T71S:S84N:R87T,4,True,0.09382313457058247,0.5613650594865373,9.185324553514441,0.740891959798995,0.6511285096427661
40,220,A58T:K74I:S77N:R87T,4,True,0.09763756259392528,0.6906700062617408,8.870693529152943,0.6114949748743719,0.6510824905680563
40,221,F29S:I52S:T57S:T71S,4,True,0.0989869975389117,0.7385723231058234,8.747785603471195,0.5631281407035176,0.6508502319046705
40,222,N59A:S75F:S77N:R87T,4,True,0.08914187812668847,0.3716343143393864,9.810040547068898,0.9265075376884422,0.6490709260139143
40,223,N59A:S75F:S77N:S84N,4,True,0.08989988079048529,0.3979336255479023,9.725101993076636,0.8994974874371859,0.6487155564925441
40,224,F29S:K74I:T76S:S77N:S84N,5,True,0.1057997681691853,0.8979336255479023,8.375271306056636,0.39886934673366836,0.6484014861407854
40,225,F29S:I52S:K74I:R87T:Y95F,5,True,0.10219037564223261,0.8252974326862867,8.522205289343676,0.47141959798994976,0.6483585153381183
40,226,F29S:S75F:Y95F,3,True,0.08757834699027989,0.32404508453350034,9.980789065554175,0.9723618090452262,0.6482034467893633
40,227,F29S:S30N:S31N:S75F:R87T,5,True,0.09737853903786634,0.6850344395742016,8.869431391201152,0.6105527638190955,0.6477936016966486
40,228,F29S:S30N:T57S:S75F:S84N,5,True,0.09886085217511918,0.7341891045710708,8.741553091198524,0.5609296482412061,0.6475593764061385
40,229,S30N:S75F:S77N:R87T,4,True,0.08763266305040267,0.32686286787726987,9.960150332894703,0.967964824120603,0.6474138459989365
40,230,F29S:I52S:N59A:S77N,4,True,0.11134233706143537,0.9668127739511584,8.220821158331194,0.3275753768844221,0.6471940754177903
40,231,F29S:S31N:T71S:S84N,4,True,0.10675016821611161,0.9098309329993738,8.341559368211001,0.38347989949748745,0.6466554162484306
40,232,S30N:S84N:R87T:Y106S,4,True,0.09568703419132377,0.628052598622417,9.000603052097045,0.6652010050251256,0.6466268018237713
40,233,S30N:I52S:S77N,3,True,0.09121853258303825,0.45084533500313084,9.516362967869313,0.8423366834170855,0.6465910092101081
40,234,F29S:S30N:I52S:T71S:K74I,5,True,0.09725117590785724,0.6797119599248591,8.8768213270519,0.6130653266331658,0.6463886432790125
40,235,N59A:T71S:S84N,3,True,0.0943949977071955,0.5826549780839073,9.108701058397164,0.7101130653266332,0.6463840217052703
40,236,S31N:K74I:T76S:S77N:R87T,5,True,0.0969129621746378,0.6703193487789606,8.889889601335721,0.621859296482412,0.6460893226306863
40,237,S30N:I52S:K74I:T76S:S77N,5,True,0.09590828687281644,0.6380713838447089,8.963334052681262,0.6526381909547738,0.6453547873997414
40,238,F29S:I52S:A58T:S75F,4,True,0.08650873452395358,0.29649342517219784,10.196330739342772,0.9940326633165829,0.6452630442443904
40,239,F29S:S31N:A58T,3,True,0.10074636161710178,0.7917971195992486,8.588568867789428,0.4981155778894472,0.6449563487443479
40,240,F29S:N59A:K74I:S75F,4,True,0.08959018691010662,0.3879148403256105,9.731338864135322,0.9010678391959799,0.6444913397607952
40,241,F29S:S30N:K74I:S75F,4,True,0.08698199152706104,0.30807764558547274,10.029131908243151,0.9808417085427136,0.6444596770640931
40,242,F29S:S31N:T71S,3,True,0.09801833538836197,0.7041327489041954,8.805592056798837,0.5844849246231156,0.6443088367636556
40,243,F29S:I52S:T57S:A58T,4,True,0.09893020208923106,0.7373199749530369,8.719466822979248,0.5505653266331658,0.6439426507931014
40,244,K74I:T76S:S77N:Y95F,4,True,0.09056793367292668,0.4245460237946149,9.579580007750174,0.8614949748743719,0.6430204993344935
40,245,F29S:S31N:T71S:S75F:S77N,5,True,0.09781744516928474,0.6972448340638697,8.813451966275572,0.5882537688442211,0.6427493014540454
40,246,F29S:S31N:T57S:S84N,4,True,0.10765642241334765,0.9254852849092048,8.28574499352908,0.3599246231155779,0.6427049540123914
40,247,F29S:A58T:S75F:S77N:R87T,5,True,0.10230842558696258,0.8287413901064495,8.485141882238464,0.4566582914572864,0.642699840781868
40,248,F29S:S31N:T57S:S75F:S77N,5,True,0.0993846091952325,0.7539135879774578,8.675820601357787,0.5314070351758794,0.6426603115766686
40,249,T57S:S77N:S84N:Y95F,4,True,0.09899584576340995,0.73888541014402,8.711974096916393,0.5461683417085427,0.6425268759262813
40,250,F29S:S77N:S84N:Y95F,4,True,0.11162327014969942,0.969630557294928,8.20247600490529,0.31532663316582915,0.6424785952303785
40,251,F29S:S31N:S75F,3,True,0.08695381590995933,0.30745147150907953,9.997988045546293,0.9764447236180904,0.641948097563585
40,252,I52S:T57S:K74I:S77N:R87T,5,True,0.09797740749337616,0.7028804007514089,8.794465089148733,0.5807160804020101,0.6417982405767095
40,253,K74I:S77N:S84N:Y106S,4,True,0.09251683787657461,0.5050093926111459,9.28067820417528,0.7785804020100503,0.641794897310598
40,254,F29S:T71S:T76S:R87T,4,True,0.10276163943298369,0.8384470882905448,8.466366987159903,0.44503768844221103,0.641742388366378
40,255,S30N:K74I:T76S:S77N:R87T,5,True,0.10022545860190629,0.7786474639949906,8.605399046449024,0.5040829145728644,0.6413651892839275
40,256,F29S:S75F:T76S:S77N:Y95F,5,True,0.09983771534790913,0.7670632435817157,8.631012297578845,0.5147613065326633,0.6409122750571895
40,257,F29S:A58T:S75F:S77N:S84N,5,True,0.10099178510093826,0.7977457733249843,8.556951365396829,0.4839824120603015,0.6408640926926429
40,258,S30N:T76S:S84N,3,True,0.09182167882056073,0.4765184721352536,9.386672539404985,0.804962311557789,0.6407403918465213
40,259,F29S:T57S:S84N:R87T,4,True,0.10971474221051147,0.9511584220413275,8.221979336263416,0.3282035175879397,0.6396809698146336
40,260,S30N:S31N:S77N:S84N,4,True,0.09712396476948812,0.6753287413901065,8.849721643452202,0.6039572864321608,0.6396430139111337
40,261,I52S:S75F:S77N:R87T,4,True,0.08702228984926144,0.30995616781465246,9.962230563761171,0.9689070351758794,0.6394316014952659
40,262,K74I:T76S:S77N:R87T:Y95F,5,True,0.09824297118215353,0.711020663744521,8.75885733433069,0.5678391959798995,0.6394299298622103
40,263,I52S:K74I:S77N:R87T:Y95F,5,True,0.09842537607134863,0.7188478396994364,8.738073255962949,0.559359296482412,0.6391035680909243
40,264,S31N:T76S:S77N:R87T,4,True,0.09696322752527939,0.6709455228553538,8.858493234566334,0.6067839195979899,0.6388647212266718
40,265,F29S:S30N:A58T:S75F:S77N,5,True,0.09955831091515534,0.7576706324358171,8.643155391061676,0.5188442211055276,0.6382574267706724
40,266,S31N:K74I:S77N:S84N,4,True,0.0914704429495647,0.46180338134001253,9.4208032418914,0.8146984924623115,0.638250936901162
40,267,F29S:S30N:T76S:S77N,4,True,0.11196309846353247,0.9730745147150908,8.169559336432808,0.3021356783919598,0.6376050965535253
40,268,S30N:K74I:T76S:S77N,4,True,0.09295492124489677,0.5231684408265498,9.212813227822338,0.7515703517587939,0.6373693962926719
40,269,F29S:S30N:I52S:N59A:S75F,5,True,0.09679083658862345,0.6662492172824045,8.865027400526795,0.6083542713567839,0.6373017443195942
40,270,I52S:S77N:S84N,3,True,0.08715999444561677,0.3118346900438322,9.93400896272695,0.9626256281407035,0.6372301590922679
40,271,F29S:I52S:S75F:T76S:Y95F,5,True,0.09346237356433926,0.5463368816530996,9.15705663747751,0.7280150753768844,0.637175978514992
40,272,I52S:S84N:R87T:Y106S,4,True,0.09322647362535039,0.5353788353162179,9.178793028840527,0.7386934673366834,0.6370361513264506
40,273,N59A:S77N:S84N:Y106S,4,True,0.1030890444958779,0.8434564809016907,8.440515250980228,0.43027638190954776,0.6368664314056192
40,274,F29S:S30N:A58T,3,True,0.10367921481169018,0.8584846587351284,8.411187731024246,0.41520100502512564,0.636842831880127
40,275,N59A:K74I:S77N,3,True,0.08938050627095666,0.3804007514088917,9.701227649941774,0.8932160804020101,0.6368084159054509
40,276,F29S:I52S:A58T:K74I:R87T,5,True,0.10141059351934399,0.8083907326236693,8.506187853152007,0.4651381909547739,0.6367644617892216
40,277,F29S:A58T:N59A,3,True,0.10777316056756502,0.9267376330619912,8.264624082685696,0.34673366834170855,0.6367356507018499
40,278,F29S:A58T:S75F,3,True,0.08650136245065304,0.29618033813400124,9.999098268232629,0.977072864321608,0.6366266012278046
40,279,F29S:S30N:S75F:S77N:Y95F,5,True,0.09980754127016332,0.7661239824671259,8.610527827171044,0.5069095477386935,0.6365167651029097
40,280,F29S:S30N:T76S:S84N,4,True,0.11037898558256005,0.9577332498434565,8.202320957158374,0.31501256281407036,0.6363729063287634
40,281,F29S:S75F:T76S:Y95F,4,True,0.09194920711256477,0.48058860363180966,9.335018889644504,0.7920854271356784,0.636337015383744
40,282,S30N:T57S:S77N:S84N,4,True,0.09898467362297629,0.7382592360676268,8.681845090695772,0.5336055276381909,0.6359323818529088
40,283,F29S:S31N:T71S:S75F,4,True,0.08956188453517402,0.38697557921102066,9.671412156857603,0.8834798994974874,0.635227739354254
40,284,F29S:T71S:S75F:S84N:Y95F,5,True,0.09777299132784142,0.6956793988728867,8.775261640244969,0.5741206030150754,0.634900000943981
40,285,F29S:S30N:S75F:R87T:Y95F,5,True,0.09844208337370773,0.720100187852223,8.715586394204928,0.5474246231155779,0.6337624054839004
40,286,F29S:T57S:T71S:S84N,4,True,0.1088918207382257,0.9386349405134627,8.222184755460187,0.3288316582914573,0.63373329940246
40,287,A58T:T76S:S77N:R87T,4,True,0.10017486601862846,0.7767689417658109,8.570448718638973,0.4902638190954774,0.6335163804306442
40,288,S30N:I52S:K74I:R87T,4,True,0.09064584994695415,0.4283030682529743,9.50328994109798,0.8376256281407035,0.6329643481968389
40,289,F29S:T71S:K74I:T76S:S84N,5,True,0.1019087884352598,0.8196618659987477,8.46674126706601,0.44566582914572866,0.6326638475722381
40,290,F29S:S30N:I52S:N59A,4,True,0.10696601336069948,0.91296180338134,8.275217859320957,0.35175879396984927,0.6323602986755946
40,291,S30N:N59A:S77N:R87T,4,True,0.1018591430952079,0.8184095178459612,8.467356706459729,0.44629396984924624,0.6323517438476037
40,292,N59A:S77N:S84N:Y95F,4,True,0.10364248493823014,0.8572323105823418,8.391865676704228,0.40734924623115576,0.6322907784067489
40,293,F29S:S75F:S84N:R87T:Y95F,5,True,0.09922991299940821,0.7485911083281153,8.632229460979216,0.5153894472361809,0.631990277782148
40,294,S30N:S77N:R87T:Y95F,4,True,0.09902018876061977,0.7398246712586098,8.648254969820375,0.522927135678392,0.6313759034685009
40,295,F29S:S31N:I52S:T57S:K74I,5,True,0.09694580860007078,0.6706324358171571,8.819694594079142,0.5913944723618091,0.6310134540894832
40,296,F29S:S30N:A58T:S75F,4,True,0.09227447797166846,0.493425172197871,9.25670450157266,0.7685301507537688,0.6309776614758199
40,297,I52S:T57S:T76S:S77N,4,True,0.09553508660870405,0.6211646837820914,8.937102219965091,0.6403894472361809,0.6307770655091361
40,298,F29S:I52S:T57S:Y95F,4,True,0.10215113780722931,0.8240450845335003,8.448958495998008,0.4371859296482412,0.6306155070908708
40,299,I52S:K74I:S77N:Y95F,4,True,0.0898229660332055,0.3948027551659361,9.595434621533181,0.8662060301507538,0.6305043926583449
40,300,S30N:K74I:S84N:R87T,4,True,0.09267003012607934,0.5103318722604884,9.209569704583885,0.7506281407035176,0.630480006482003
40,301,F29S:A58T:T71S:S75F,4,True,0.08936372196250335,0.3800876643706951,9.662456251121817,0.8806532663316583,0.6303704653511767
40,302,F29S:T71S:K74I:T76S:R87T,5,True,0.10069195966947503,0.7899185973700689,8.521484357103663,0.4707914572864322,0.6303550273282506
40,303,F29S:I52S:A58T:T71S,4,True,0.09648920537767246,0.6556042579837195,8.851293738977848,0.6048994974874372,0.6302518777355783
40,304,I52S:T71S:S77N:R87T,4,True,0.09772464304594915,0.6934877896055104,8.757845449362861,0.5668969849246231,0.6301923872650668
40,305,S31N:N59A:S84N,3,True,0.09205466265138322,0.4852849092047589,9.274139451800245,0.7748115577889447,0.6300482334968518
40,306,S84N:R87T:Y95F,3,True,0.09217776332501622,0.4884157795867251,9.26656555499644,0.7716708542713567,0.6300433169290409
40,307,N59A:T71S:S84N:R87T,4,True,0.09773281710498505,0.6944270507201001,8.754657361883858,0.565640703517588,0.6300338771188441
40,308,S30N:I52S:T76S:R87T,4,True,0.09485795822933316,0.6014402003757044,8.983459709484674,0.6576633165829145,0.6295517584793096
40,309,F29S:N59A:K74I:R87T,4,True,0.1052947961518036,0.8910457107075767,8.300394928098326,0.36683417085427134,0.628939940780924
40,310,T57S:N59A:S84N,3,True,0.09356721563091493,0.5513462742642454,9.102582280109937,0.7060301507537688,0.6286882125090072
40,311,S31N:S77N:S84N:Y106S,4,True,0.096353472565562,0.6521603005635567,8.8530111599554,0.605213567839196,0.6286869342013763
40,312,F29S:T57S:T71S:S75F:R87T,5,True,0.09458849371318895,0.5892298058860364,9.013754000530609,0.6680276381909548,0.6286287220384956
40,313,I52S:T57S:S84N:R87T,4,True,0.09314792521475693,0.5309956167814652,9.149543523857544,0.7261306532663316,0.6285631350238985
40,314,F29S:A58T:T71S,3,True,0.09861095110997853,0.7279273638071384,8.667018087550133,0.5288944723618091,0.6284109180844737
40,315,S31N:N59A:S84N:R87T,4,True,0.09646087416718271,0.6546649968691296,8.845283375747655,0.6017587939698492,0.6282118954194894
40,316,N59A:T76S:S77N:S84N,4,True,0.10365673071812946,0.8578584846587352,8.375107925907477,0.3985552763819096,0.6282068805203224
40,317,S31N:I52S:A58T:S77N,4,True,0.08983691228622907,0.39542892924232936,9.577906008348068,0.8602386934673367,0.6278338113548331
40,318,F29S:T57S:T76S:R87T,4,True,0.10642311926762449,0.9067000626174077,8.268830734905388,0.34861809045226133,0.6276590765348344
40,319,S31N:I52S:K74I:T76S:S77N,5,True,0.09281040969707566,0.5159674389480275,9.179827051185288,0.7390075376884422,0.6274874883182349
40,320,I52S:K74I:S77N:Y106S,4,True,0.09084678410979682,0.43519098309329995,9.43489411481649,0.8197236180904522,0.6274573005918761
40,321,I52S:K74I:S77N:R87T:Y106S,5,True,0.09841685175698846,0.7185347526612398,8.687086358664141,0.5361180904522613,0.6273264215567506
40,322,S31N:N59A:S77N:S84N,4,True,0.10268402484641556,0.8368816530995616,8.41359422506405,0.4167713567839196,0.6268265049417406
40,323,N59A:S84N:Y106S,3,True,0.09252256356793613,0.5053224796493425,9.200828893094954,0.7478015075376885,0.6265619935935155
40,324,N59A:T71S:S77N:R87T,4,True,0.09845870773234788,0.7210394489668128,8.674557296144371,0.5307788944723618,0.6259091717195873
40,325,F29S:T57S:S75F:Y95F,4,True,0.09269927159468169,0.5122103944896681,9.176734810836138,0.7380653266331658,0.625137860561417
40,326,F29S:I52S:A58T:T76S,4,True,0.09933027692455304,0.7523481527864746,8.58705538398404,0.49685929648241206,0.6246037246344434
40,327,I52S:S84N:R87T,3,True,0.08763165876633805,0.32654978083907327,9.794311218288978,0.9224246231155779,0.6244872019773255
40,328,F29S:S30N:T57S:S77N,4,True,0.11171602039678956,0.9705698184095178,8.114870568520319,0.2776381909547739,0.6241040046821459
40,329,F29S:S31N:S84N:R87T,4,True,0.10743357414717965,0.9211020663744521,8.216250851235099,0.32569095477386933,0.6233965105741608
40,330,I52S:S75F:S77N:R87T:Y95F,5,True,0.09143431243259689,0.45929868503443955,9.311517515118586,0.7873743718592965,0.623336528446868
40,331,T76S:S77N:R87T:Y106S,4,True,0.09803449291162854,0.7053850970569818,8.698553776031677,0.5411432160804021,0.6232641565686919
40,332,K74I:T76S:S84N:R87T,4,True,0.09084391238854347,0.4348778960551033,9.412951472357502,0.8115577889447236,0.6232178424999135
40,333,K74I:S77N:S84N,3,True,0.08538237950672956,0.26080150281778336,10.079056406577237,0.9855527638190955,0.6231771333184395
40,334,F29S:T71S:S84N:Y95F,4,True,0.10868560180561875,0.936756418284283,8.186409589143333,0.3087311557788945,0.6227437870315887
40,335,F29S:S75F:T76S,3,True,0.08552716323960648,0.2654978083907326,10.023429520086093,0.9798994974874372,0.6226986529390849
40,336,T71S:S75F:S77N:S84N,4,True,0.08590247946922505,0.2748904195366312,9.968990434048273,0.9704773869346733,0.6226839032356523
40,337,I52S:N59A:S75F:S77N:R87T,5,True,0.09243344053435636,0.4971822166562304,9.20298521255487,0.7481155778894473,0.6226488972728388
40,338,I52S:N59A:S84N:R87T,4,True,0.09707381591199375,0.6737633061991234,8.765074689227205,0.5712939698492462,0.6225286380241848
40,339,I52S:S77N:Y106S,3,True,0.09090176091429765,0.4370695053224796,9.399163071771888,0.8077889447236181,0.6224292250230489
40,340,F29S:T71S:K74I:T76S:S77N,5,True,0.1040216738351945,0.8675641828428303,8.321616298368872,0.3768844221105528,0.6222243024766916
40,341,S30N:T71S:S77N:S84N,4,True,0.09907750356768466,0.7423293675641829,8.59910567827189,0.5012562814070352,0.621792824485609
40,342,N59A:S84N:Y95F,3,True,0.09344496430518985,0.5453976205385097,9.08562624365612,0.698178391959799,0.6217880062491543
40,343,F29S:S75F:T76S:R87T:Y95F,5,True,0.09721176909957244,0.6787726988102692,8.753313249433013,0.5646984924623115,0.6217355956362904
40,344,F29S:I52S:T57S:T71S:K74I,5,True,0.09614585243082915,0.6458985597996243,8.830734704175994,0.5973618090452262,0.6216301844224252
40,345,S75F:T76S:S77N:R87T:Y95F,5,True,0.09116831005064048,0.4477144646211647,9.348563056429912,0.7945979899497487,0.6211562272854567
40,346,S30N:I52S:R87T,3,True,0.09040971722263054,0.4176581089542893,9.450099321882782,0.8244346733668342,0.6210463911605617
40,347,I52S:T76S:S84N:R87T,4,True,0.09395622584027033,0.5644959298685035,9.039888189317944,0.6774497487437185,0.620972839306111
40,348,T57S:S75F:S77N:R87T,4,True,0.08637830166136831,0.2908578584846587,9.878708823077652,0.9506909547738693,0.620774406629264
40,349,N59A:S84N:R87T:Y106S,4,True,0.09687880199712876,0.6696931747025673,8.765282846087931,0.571608040201005,0.6206506074517861
40,350,F29S:T57S:T71S:K74I,4,True,0.09554153262121197,0.621477770820288,8.886961862261602,0.6193467336683417,0.6204122522443148
40,351,K74I:T76S:S77N:Y106S,4,True,0.09107393270980221,0.4445835942391985,9.35501322932184,0.7961683417085427,0.6203759679738706
40,352,S30N:I52S:K74I:T76S:R87T,5,True,0.09410630218165046,0.5701314965560426,9.017379315574592,0.6699120603015075,0.620021778428775
40,353,F29S:I52S:T57S:S75F:Y95F,5,True,0.09353834263775528,0.5497808390732624,9.066862294256607,0.6900125628140703,0.6198967009436663
40,354,S30N:T57S:S77N:R87T,4,True,0.09837431562311298,0.7160300563556669,8.651514599560556,0.5235552763819096,0.6197926663687883
40,355,I52S:N59A:K74I:S77N:R87T,5,True,0.0996077042519086,0.7592360676268003,8.54496711860896,0.4798994974874372,0.6195677825571188
40,356,F29S:S30N,2,True,0.10060217359947293,0.7883531621790858,8.475956889531396,0.45006281407035176,0.6192079881247188
40,357,S31N:I52S:S77N,3,True,0.08874077607466296,0.35785848465873515,9.657985534624721,0.8797110552763819,0.6187847699675586
40,358,F29S:K74I:T76S:S77N:R87T,5,True,0.10905605949489468,0.9420788979336255,8.155042047945917,0.29459798994974873,0.6183384439416871
40,359,S30N:S77N:R87T:Y106S,4,True,0.09882260101926925,0.7329367564182843,8.602187454762012,0.5028266331658291,0.6178816947920567
40,360,F29S:T57S:A58T:S75F,4,True,0.09126538371116548,0.4530369442705072,9.29434927643549,0.7823492462311558,0.6176930952508315
40,361,T57S:A58T:S77N:S84N,4,True,0.10013134776338564,0.7752035065748278,8.49235301741763,0.46011306532663315,0.6176582859507305
40,362,S30N:I52S:S77N:Y106S,4,True,0.09554377191727201,0.6217908578584846,8.877045995980428,0.6133793969849246,0.6175851274217046
40,363,T57S:S77N:R87T:Y95F,4,True,0.09767096415981409,0.6916092673763307,8.703099526404278,0.5430276381909548,0.6173184527836427
40,364,T57S:S75F:T76S:S77N:R87T,5,True,0.09075889937378415,0.43237319974953037,9.37906599846624,0.8021356783919598,0.6172544390707451
40,365,F29S:I52S:T71S:K74I:Y95F,5,True,0.09594057293134346,0.6393237319974953,8.825583778181127,0.5951633165829145,0.6172435242902049
40,366,A58T:T71S:S77N:S84N,4,True,0.1008880963139452,0.7952410770194114,8.45329729996355,0.439070351758794,0.6171557143891027
40,367,I52S:T76S:S77N:Y106S,4,True,0.09528265885836071,0.613337507827176,8.887927766604014,0.6199748743718593,0.6166561910995176
40,368,T71S:S77N:S84N:Y106S,4,True,0.09844871029401084,0.7207263619286162,8.62426755160289,0.5125628140703518,0.616644587999484
40,369,F29S:S31N:S75F:T76S:R87T,5,True,0.09568898389554353,0.6283656856606137,8.850801657912223,0.6042713567839196,0.6163185212222666
40,370,A58T:S75F:S77N:R87T,4,True,0.08791518366441804,0.3337507827175955,9.717817873515765,0.8982412060301508,0.6159959943738731
40,371,S30N:I52S:A58T:S84N,4,True,0.09206739586130208,0.4855979962429555,9.19436223950826,0.7462311557788944,0.615914576010925
40,372,F29S:N59A:K74I:S84N,4,True,0.10675577586046867,0.9101440200375704,8.210306176067563,0.32160804020100503,0.6158760301192877
40,373,S30N:S31N:S77N:R87T,4,True,0.09755392461479377,0.6891045710707576,8.701645193230299,0.5417713567839196,0.6154379639273386
40,374,F29S:I52S:T57S:N59A,4,True,0.10542724842861209,0.8926111458985598,8.24277683778325,0.3376256281407035,0.6151183870196317
40,375,F29S:T71S:S75F:Y95F,4,True,0.09000991268627948,0.402316844082655,9.46392690436517,0.8278894472361809,0.6151031456594179
40,376,F29S:I52S:A58T:K74I:T76S,5,True,0.09708547461508395,0.6740763932373199,8.732396411995033,0.5559045226130653,0.6149904579251926
40,377,F29S:S31N:T57S:S77N,4,True,0.11003691203435313,0.9542892924232936,8.112325668048083,0.2751256281407035,0.6147074602819986
40,378,F29S:S31N:A58T:K74I,4,True,0.09667550876192824,0.6618659987476518,8.75857383542478,0.5675251256281407,0.6146955621878962
40,379,S31N:I52S:S77N:Y106S,4,True,0.09300777243587723,0.5262993112085159,9.09353336439144,0.7016331658291457,0.6139662385188308
40,380,F29S:S31N:T57S:S75F:R87T,5,True,0.0955167633330753,0.6195992485911084,8.859620049179158,0.6077261306532663,0.6136626896221873
40,381,S30N:I52S:N59A:S77N,4,True,0.09717225691537278,0.676581089542893,8.717811983414123,0.5493090452261307,0.6129450673845118
40,382,F29S:S31N:S75F:Y95F,4,True,0.0916839383705931,0.47025673137132123,9.220307611048613,0.7553391959798995,0.6127979636756103
40,383,I52S:K74I:S77N,3,True,0.08469342757792837,0.23763306199123357,10.121892882274114,0.987751256281407,0.6126921591363204
40,384,S30N:S31N:N59A:S84N,4,True,0.09461376125773828,0.5898559799624296,8.920055433350832,0.6344221105527639,0.6121390452575968
40,385,F29S:S31N:S77N:R87T,4,True,0.11171525101080604,0.9702567313713212,8.061723785193058,0.2537688442211055,0.6120127877962134
40,386,S31N:S77N:S84N:Y95F,4,True,0.09667062808115941,0.6615529117094552,8.744190507308346,0.5618718592964824,0.6117123855029688
40,387,F29S:I52S:T76S:S77N:R87T,5,True,0.11099956642129977,0.9649342517219787,8.074651734071441,0.25847989949748745,0.611707075609733
40,388,I52S:T57S:S75F:S77N:R87T,5,True,0.09059105622414294,0.4257983719474014,9.357173430111988,0.7971105527638191,0.6114544623556103
40,389,S30N:K74I:T76S:S77N:S84N,5,True,0.09806811674414728,0.7063243581715717,8.63572701681831,0.5160175879396985,0.6111709730556352
40,390,F29S:S84N:R87T:Y95F,4,True,0.11046949006191956,0.9586725109580463,8.087987487493054,0.2635050251256281,0.6110887680418372
40,391,F29S:S30N:T57S:S75F:T76S,5,True,0.09648500694575647,0.6552911709455228,8.757697889251952,0.5665829145728644,0.6109370427591936
40,392,S75F:S77N:R87T:Y106S,4,True,0.08646784761118746,0.2952410770194114,9.80921294105461,0.9261934673366834,0.6107172721780474
40,393,S31N:T71S:S77N:S84N,4,True,0.09740986496619111,0.6862867877269881,8.685428065153147,0.5348618090452262,0.6105742983861071
40,394,F29S:T71S:S75F:S77N:Y95F,5,True,0.09819898333637542,0.7103944896681278,8.6179901607284,0.5103643216080402,0.610379405638084
40,395,F29S:I52S:T57S:N59A:S75F,5,True,0.09561875090882326,0.6261740763932373,8.822583472839154,0.5935929648241206,0.609883520608679
40,396,T57S:T71S:S77N:S84N,4,True,0.09915221075466416,0.7460864120225422,8.529197423462328,0.47361809045226133,0.6098522512374018
40,397,S30N:A58T:S84N,3,True,0.09250617381440383,0.504070131496556,9.119591611898075,0.714824120603015,0.6094471260497856
40,398,I52S:T76S:S77N:Y95F,4,True,0.0949632488756937,0.6045710707576706,8.879943411266643,0.614321608040201,0.6094463393989358
40,399,F29S:S30N:T71S,3,True,0.09995081811448069,0.7711333750782717,8.46925178929499,0.4475502512562814,0.6093418131672765
40,400,F29S:S30N:S31N:T57S:S75F,5,True,0.09416172552346722,0.5723231058234189,8.947740389713662,0.6460427135678392,0.609182909695629
40,401,I52S:K74I:T76S:S77N:Y106S,5,True,0.09432657456623043,0.5798371947401377,8.931641751487307,0.6381909547738693,0.6090140747570035
40,402,T57S:K74I:S77N,3,True,0.08670672267834696,0.30118973074514716,9.774448369124748,0.9164572864321608,0.608823508588654
40,403,I52S:K74I:T76S:S84N,4,True,0.08521520869084906,0.2551659361302442,9.925814992225407,0.9619974874371859,0.6085817117837151
40,404,F29S:S30N:A58T:S75F:S84N,5,True,0.09977963520296569,0.7645585472761428,8.477435277196502,0.45163316582914576,0.6080958565526443
40,405,S30N:A58T:S75F:S77N:R87T,5,True,0.0913822112871371,0.4580463368816531,9.231850316674285,0.7578517587939698,0.6079490478378115
40,406,S31N:S77N:R87T:Y95F,4,True,0.09638606432273251,0.6530995616781465,8.745067413936217,0.5621859296482412,0.6076427456631939
40,407,F29S:N59A:K74I:S75F:R87T,5,True,0.0956904288911032,0.6289918597370069,8.810055182861841,0.5860552763819096,0.6075235680594582
40,408,F29S:S31N:T71S:S75F:R87T,5,True,0.09425488049056392,0.5767063243581716,8.929662812096694,0.6378768844221105,0.6072916043901411
40,409,F29S:S31N:I52S:S75F:Y95F,5,True,0.09265417668053888,0.5093926111458985,9.098017733391023,0.7038316582914573,0.6066121347186779
40,410,F29S:S75F:S84N,3,True,0.08364157794335542,0.21352536005009393,10.418726853871524,0.9996859296482412,0.6066056448491676
40,411,T71S:T76S:S77N:R87T,4,True,0.09706437975493834,0.6731371321227301,8.6961736994615,0.5398869346733668,0.6065120333980485
40,412,F29S:S31N:I52S:A58T:K74I,5,True,0.0956077485451701,0.6252348152786474,8.810713638515592,0.5869974874371859,0.6061161513579167
40,413,I52S:A58T:K74I:S77N,4,True,0.08823703331381312,0.34408265497808393,9.602086716987685,0.8680904522613065,0.6060865536196952
40,414,N59A:S75F:S77N:R87T:Y95F,5,True,0.09177931992735663,0.4743268628678773,9.176035900592254,0.7374371859296482,0.6058820243987628
40,415,S31N:N59A:S77N:R87T,4,True,0.09943096041003527,0.7548528490920476,8.484585849477057,0.45603015075376885,0.6054414999229083
40,416,F29S:S30N:S84N:Y95F,4,True,0.11044607561476076,0.9583594239198497,8.059392634224004,0.2518844221105528,0.6051219230152013
40,417,T76S:S84N:R87T,3,True,0.09028555881669074,0.4148403256105197,9.341525598365115,0.7933417085427136,0.6040910170766166
40,418,F29S:S31N:K74I:T76S:R87T,5,True,0.10181454725631986,0.8162179085785849,8.358739411308385,0.39195979899497485,0.6040888537867799
40,419,K74I:T76S:S77N:R87T:Y106S,5,True,0.0978892341746495,0.6997495303694427,8.612308072530286,0.507537688442211,0.6036436094058268
40,420,N59A:K74I:T76S:S77N,4,True,0.09267547964599718,0.510644959298685,9.082344729592142,0.696608040201005,0.6036264997498451
40,421,I52S:A58T:K74I:T76S:S77N,5,True,0.0928293010759,0.5181590482154039,9.065256005834582,0.6890703517587939,0.6036146999870989
40,422,T76S:S84N:Y95F,3,True,0.08833952217712719,0.34721352536005007,9.577800140340731,0.8599246231155779,0.603569074237814
40,423,S30N:K74I:S77N:S84N:R87T,5,True,0.10068100273121211,0.7896055103318722,8.41537530937892,0.4173994974874372,0.6035025039096547
40,424,T57S:T71S:S84N:R87T,4,True,0.09343086756264311,0.5447714464621165,8.99074447596511,0.6620603015075377,0.6034158739848271
40,425,N59A:K74I:S84N:R87T,4,True,0.0940211859848962,0.5682529743268628,8.93204852420903,0.6385050251256281,0.6033789997262455
40,426,I52S:T76S:R87T,3,True,0.0878075639644001,0.3312460864120225,9.634249027187876,0.8753140703517588,0.6032800783818907
40,427,S31N:I52S:T57S:S77N,4,True,0.09165766297424147,0.4686912961803381,9.176319769430329,0.737751256281407,0.6032212762308726
40,428,F29S:A58T:K74I:S75F:R87T,5,True,0.09418001964499154,0.5735754539762054,8.915405519762908,0.632537688442211,0.6030565712092082
40,429,K74I:S84N:R87T,3,True,0.08518701960350293,0.2548528490920476,9.879186697935753,0.9510050251256281,0.6029289371088379
40,430,T57S:S84N:R87T,3,True,0.0899985758941566,0.40137758296806514,9.38535110873589,0.8043341708542714,0.6028558769111683
40,431,I52S:K74I:R87T,3,True,0.08442953770532509,0.2313713212273012,9.985042556775367,0.9733040201005025,0.6023376706639019
40,432,S84N:R87T:Y106S,3,True,0.08906930512515752,0.36944270507201,9.4959920581791,0.8351130653266332,0.6022778851993216
40,433,A58T:K74I:S84N:R87T,4,True,0.09434249033032284,0.5807764558547276,8.893706695155247,0.6234296482412061,0.6021030520479669
40,434,S30N:S84N:R87T:Y95F,4,True,0.09681699033425359,0.6671884783969944,8.68877848756976,0.5367462311557789,0.6019673547763866
40,435,S30N:I52S:S75F:T76S:S77N,5,True,0.08970579169297406,0.3919849718221666,9.413064015522412,0.8118718592964824,0.6019284155593245
40,436,F29S:T57S:T71S:S75F:T76S,5,True,0.09293358146138184,0.5216030056355667,9.046976493177763,0.6821608040201005,0.6018819048278337
40,437,F29S:S30N:A58T:S75F:R87T,5,True,0.09864229742961868,0.7288666249217283,8.530982536453187,0.4748743718592965,0.6018704983905123
40,438,F29S:S31N:T57S:R87T,4,True,0.10436126218934338,0.8744520976831559,8.222656020730925,0.32914572864321606,0.601798913163186
40,439,I52S:A58T:S84N,3,True,0.08529600176930034,0.2573575453976205,9.86562408902769,0.9459798994974874,0.601668722447554
40,440,K74I:S77N:S84N:R87T:Y95F,5,True,0.10007507525087815,0.7739511584220413,8.439872018214755,0.42933417085427134,0.6016426646381563
40,441,I52S:S77N:Y95F,3,True,0.09011748837081564,0.40670006261740765,9.355331779008543,0.7964824120603015,0.6015912373388546
40,442,F29S:A58T:S77N:S84N,4,True,0.11328856222809629,0.9818409517845961,7.980581224152293,0.2198492462311558,0.600845099007876
40,443,S30N:I52S:S77N:Y95F,4,True,0.0943380896141974,0.5801502817783344,8.889217791140869,0.6212311557788944,0.6006907187786144
40,444,S30N:S75F:S84N:R87T,4,True,0.08413735124966878,0.22510958046336882,9.995904735936998,0.9758165829145728,0.6004630816889709
40,445,I52S:N59A:T76S:S77N,4,True,0.09668204756964496,0.6628052598622417,8.691666954650808,0.5380025125628141,0.6004038862125278
40,446,S30N:I52S:S84N,3,True,0.0874701538143517,0.31966186599874763,9.662635130247482,0.8809673366834171,0.6003146013410824
40,447,S30N:S31N:S84N:R87T,4,True,0.09423894889308929,0.5754539762053851,8.895504536304635,0.625,0.6002269881026925
40,448,T57S:K74I:S84N:R87T,4,True,0.09021935903048693,0.4113963681903569,9.320168645089662,0.7889447236180904,0.6001705459042237
40,449,F29S:N59A:S75F:Y95F,4,True,0.09568499972784154,0.6277395115842204,8.769277863811947,0.5725502512562815,0.6001448814202509
40,450,A58T:S77N:S84N:Y106S,4,True,0.09917552251662543,0.7470256731371321,8.481257654454224,0.4532035175879397,0.6001145953625359
40,451,S30N:T76S:S84N:Y95F,4,True,0.0937489429608075,0.5588603631809643,8.937931177081941,0.6410175879396985,0.5999389755603315
40,452,F29S:S30N:S31N:S75F:T76S,5,True,0.09537313051460417,0.6149029430181591,8.807603800926502,0.5847989949748744,0.5998509689965168
40,453,S31N:S77N:R87T:Y106S,4,True,0.09596467266058284,0.6408891671884784,8.73740566010591,0.5587311557788944,0.5998101614836864
40,454,K74I:S84N:R87T:Y106S,4,True,0.08997168547334214,0.399812147777082,9.373039580328783,0.7996231155778895,0.5997176316774857
40,455,I52S:T57S:S77N:Y95F,4,True,0.09355375109879288,0.5507201001878522,8.952474202301294,0.6476130653266332,0.5991665827572428
40,456,F29S:S31N:S75F:S77N:Y95F,5,True,0.09931500045925118,0.7510958046336882,8.468814445104202,0.4472361809045226,0.5991659927691054
40,457,S30N:S75F:T76S:S77N,4,True,0.08517939667733479,0.254539762053851,9.853930632911927,0.9428391959798995,0.5986894790168753
40,458,S31N:I52S:S84N:R87T,4,True,0.09161328654779627,0.46743894802755165,9.160560149254145,0.7298994974874372,0.5986692227574945
40,459,F29S:I52S:T76S:S77N:S84N,5,True,0.10748625555001293,0.9223544145272385,8.111786288452143,0.2748115577889447,0.5985829861580916
40,460,S30N:I52S:T76S:S77N:R87T,5,True,0.1037474057770118,0.8603631809643081,8.241796424821258,0.33668341708542715,0.5985232990248677
40,461,S31N:K74I:T76S:S77N:S84N,5,True,0.09519045967488511,0.6105197244834064,8.809182063429692,0.5857412060301508,0.5981304652567786
40,462,S31N:K74I:S77N:S84N:R87T,5,True,0.09841147353325329,0.7182216656230432,8.53878739834098,0.4780150753768844,0.5981183704999639
40,463,F29S:S30N:S77N:Y95F,4,True,0.11070329560266923,0.9614902943018159,8.009420325320368,0.2346105527638191,0.5980504235328175
40,464,N59A:K74I:S77N:Y106S,4,True,0.09196531872346421,0.4818409517845961,9.117364831966384,0.7138819095477387,0.5978614306661674
40,465,I52S:N59A:S84N,3,True,0.09014200658306006,0.4079524107701941,9.316261343374466,0.7876884422110553,0.5978204264906247
40,466,S30N:I52S:R87T:Y106S,4,True,0.0926305462397309,0.509079524107702,9.058380833564893,0.6865577889447236,0.5978186565262128
40,467,S31N:I52S:T76S:S77N:R87T,5,True,0.09980079478795173,0.7654978083907327,8.43994341878538,0.4296482412060301,0.5975730247983814
40,468,F29S:I52S:A58T:S75F:Y95F,5,True,0.0915916287366756,0.46681277395115844,9.157847541306317,0.7283291457286433,0.5975709598399008
40,469,F29S:S31N:K74I:T76S:S77N,5,True,0.10505608935824931,0.886662492172824,8.185832224844962,0.3084170854271357,0.5975397887999798
40,470,F29S:T57S:K74I:Y95F,4,True,0.09839862992513994,0.7175954915466499,8.537785471565407,0.47738693467336685,0.5974912131100084
40,471,N59A:S75F:S77N:S84N:Y95F,5,True,0.09329739634271343,0.5388227927363807,8.972002907480107,0.6551507537688442,0.5969867732526124
40,472,A58T:N59A:S77N:R87T,4,True,0.10083772238151172,0.793988728866625,8.375604419961759,0.39918341708542715,0.5965860729760261
40,473,F29S:S31N:K74I:T76S:S84N,5,True,0.10144707354798814,0.8093299937382592,8.339104167424905,0.3828517587939699,0.5960908762661146
40,474,F29S:S30N:T57S:N59A,4,True,0.1090642109924022,0.9427050720100187,8.048040998115587,0.24937185929648242,0.5960384656532506
40,475,T71S:K74I:T76S:S77N:R87T,5,True,0.09677220798670037,0.6659361302442078,8.65939207604039,0.5257537688442211,0.5958449495442144
40,476,I52S:N59A:K74I:T76S:S77N,5,True,0.09497019860903183,0.6051972448340639,8.81018941606253,0.5863693467336684,0.5957832957838661
40,477,N59A:S77N:R87T:Y106S,4,True,0.0996694793462223,0.7601753287413902,8.44102301015244,0.4312185929648241,0.5956969608531071
40,478,F29S:A58T:S75F:Y95F,4,True,0.09159918616395271,0.46712586098935505,9.144558383225686,0.7242462311557789,0.595686046072567
40,479,S30N:A58T:S84N:R87T,4,True,0.09955892125553847,0.7579837194740138,8.442575790977067,0.4331030150753769,0.5955433672746954
40,480,F29S:I52S:A58T:T71S:K74I,5,True,0.09462615970015363,0.5914214151534126,8.837819979200821,0.5995603015075377,0.5954908583304752
40,481,F29S:A58T:T71S:K74I,4,True,0.09508197894608919,0.6061365059486538,8.802380907539565,0.5835427135678392,0.5948396097582465
40,482,S31N:K74I:S77N:R87T:Y95F,5,True,0.09606436720575089,0.6437069505322479,8.710715761571779,0.5455402010050251,0.5946235757686364
40,483,A58T:N59A:S77N:S84N,4,True,0.10523242451615489,0.8897933625547902,8.164107134845182,0.29930904522613067,0.5945512038904605
40,484,F29S:S31N:S75F:S84N:Y95F,5,True,0.09739287804039072,0.6856606136505948,8.60193552733843,0.5025125628140703,0.5940865882323325
40,485,S31N:I52S:K74I:T76S:R87T,5,True,0.08959916543984468,0.3882279273638071,9.373255697842193,0.7999371859296482,0.5940825566467277
40,486,I52S:A58T:T76S:S77N:R87T,5,True,0.10093584064408144,0.7968065122103944,8.356627408614456,0.3903894472361809,0.5935979797232876
40,487,F29S:I52S:A58T:N59A,4,True,0.10217630021564603,0.8243581715716969,8.289394533068359,0.36275125628140703,0.593554713926552
40,488,F29S:I52S:N59A:K74I:R87T,5,True,0.10403640321449803,0.867877269881027,8.206351988189896,0.31909547738693467,0.5934863736339808
40,489,F29S:S30N:N59A:S75F:S77N,5,True,0.1037760501966415,0.8616155291170946,8.215534309600269,0.32506281407035176,0.5933391715937232
40,490,S30N:S31N:I52S:S84N,4,True,0.09023223169860514,0.41233562930494677,9.273452342893469,0.7741834170854272,0.5932595231951869
40,491,S30N:I52S:S84N:Y106S,4,True,0.09249015630055424,0.5028177833437696,9.04815667698516,0.6827889447236181,0.5928033640336938
40,492,F29S:I52S:T71S:T76S:R87T,5,True,0.10356270562056137,0.8553537883531622,8.22360808820449,0.3297738693467337,0.592563828849948
40,493,F29S:S30N:T71S:R87T,4,True,0.10503889714757775,0.8860363180964308,8.161912967285623,0.29836683417085424,0.5922015761336425
40,494,I52S:T76S:S77N:S84N:R87T,5,True,0.10230436638161411,0.8281152160300563,8.280419417842568,0.35615577889447236,0.5921354974622643
40,495,F29S:S31N:T57S:S75F:T76S,5,True,0.09360258143702692,0.5529117094552286,8.911473431425938,0.6309673366834171,0.5919395230693228
40,496,S30N:I52S:S75F:S77N,4,True,0.08348101083477874,0.2082028804007514,9.995227266573291,0.9755025125628141,0.5918526964817827
40,497,F29S:T57S:N59A:K74I,4,True,0.10206348782564197,0.8224796493425173,8.28636080846724,0.36023869346733667,0.591359171404927
40,498,F29S:N59A:T71S:S75F:S77N,5,True,0.10171140807160829,0.8140262993112085,8.302248074329238,0.36840452261306533,0.5912154109621369
40,499,F29S:T57S:T71S:S77N,4,True,0.10902811474374145,0.9414527238572323,8.02387012513286,0.24089195979899497,0.5911723418281136
40,500,F29S:I52S:T71S:T76S:S84N,5,True,0.10452251484076872,0.8772698810269255,8.176740646539566,0.30496231155778897,0.5911160962923572
40,501,F29S:N59A:T71S:K74I,4,True,0.0984985053772689,0.7232310582341891,8.489841949366095,0.458856783919598,0.5910439210768935
40,502,T57S:S75F:S77N:R87T:Y95F,5,True,0.0898791470206855,0.3973074514715091,9.302715634968111,0.7845477386934674,0.5909275950824883
40,503,F29S:T57S:T71S:R87T,4,True,0.1032202068030467,0.8465873512836568,8.23810863280242,0.33479899497487436,0.5906931731292656
40,504,S30N:T57S:S84N:R87T,4,True,0.09550947787573781,0.6186599874765185,8.7458727887184,0.5625,0.5905799937382592
40,505,I52S:T71S:K74I:S77N:R87T,5,True,0.0969678171558337,0.671571696931747,8.61741054600581,0.5094221105527639,0.5904969037422554
40,506,T76S:S84N:R87T:Y106S,4,True,0.09322218017386938,0.5347526612398247,8.947476807336697,0.6457286432160804,0.5902406522279525
40,507,F29S:K74I:S77N:S84N:R87T,5,True,0.1076485501633532,0.9248591108328115,8.066958149271485,0.2553391959798995,0.5900991534063555
40,508,F29S:S30N:I52S:S77N:R87T,5,True,0.11235130283065937,0.976205385097057,7.946145355694169,0.2032035175879397,0.5897044513424984
40,509,F29S:T71S:K74I:S77N:S84N,5,True,0.10567926787087865,0.895742016280526,8.130765163073848,0.2832914572864322,0.589516736783479
40,510,F29S:I52S:T57S:K74I:Y95F,5,True,0.09835672699286181,0.7147777082028804,8.503926467577275,0.4641959798994975,0.589486844051189
40,511,S31N:K74I:S84N:R87T,4,True,0.08891238236584852,0.36474639949906074,9.418266464260567,0.8137562814070352,0.589251340453048
40,512,K74I:S77N:Y95F,3,True,0.08553451295624688,0.2661239824671259,9.761221570644434,0.9123743718592965,0.5892491771632111
40,513,F29S:S30N:S31N:T71S:S75F,5,True,0.09282383588090738,0.5175328741390106,8.986170287641615,0.6608040201005025,0.5891684471197566
40,514,T57S:A58T:S77N:R87T,4,True,0.09772709302824993,0.6938008766437069,8.557313477409458,0.4842964824120603,0.5890486795278836
40,515,S30N:S84N:Y95F,3,True,0.08927286671634882,0.3769567939887289,9.375313880960004,0.8008793969849246,0.5889180954868267
40,516,S30N:T71S:S84N:R87T,4,True,0.09606022959560079,0.6433938634940514,8.683870214796341,0.5342336683417085,0.5888137659178799
40,517,I52S:A58T:R87T,3,True,0.08524573728545853,0.25547902316844084,9.791720640521147,0.9221105527638191,0.5887947879661299
40,518,A58T:T76S:S84N,3,True,0.09168636572830742,0.47056981840951784,9.103923753132904,0.7069723618090452,0.5887710901092815
40,519,T71S:K74I:S84N:R87T,4,True,0.09068880032875529,0.42986850344395744,9.198018813398729,0.7474874371859297,0.5886779703149436
40,520,S30N:I52S:K74I:S77N:Y95F,5,True,0.09329590360437097,0.5385097056981841,8.932219784178896,0.6388190954773869,0.5886644005877855
40,521,S31N:S84N:R87T:Y106S,4,True,0.09136747552054933,0.4571070757670632,9.134935135613555,0.7201633165829145,0.5886351961749889
40,522,F29S:S31N:I52S:N59A,4,True,0.10425963216984532,0.873512836568566,8.173107609923964,0.30370603015075376,0.5886094333596599
40,523,F29S:A58T:S75F:S84N:R87T,5,True,0.10058796348785319,0.7880400751408891,8.35378367157514,0.38913316582914576,0.5885866204850174
40,524,S31N:K74I:S77N:R87T:Y106S,5,True,0.09615227579798583,0.646211646837821,8.672030419490262,0.5301507537688442,0.5881812003033327
40,525,F29S:S31N:N59A:K74I,4,True,0.10112353356919745,0.8015028177833438,8.316691141344478,0.3746859296482412,0.5880943737157924
40,526,F29S:S31N:I52S:N59A:S75F,5,True,0.09524094996498379,0.6117720726361928,8.752233145058595,0.5643844221105527,0.5880782473733728
40,527,F29S:T57S:A58T:S75F:S84N,5,True,0.09910690569596373,0.7429555416405761,8.441425388736123,0.4318467336683417,0.5874011376544589
40,528,F29S:T57S:K74I:T76S:S77N,5,True,0.10703163305571067,0.9148403256105198,8.079177140459262,0.2597361809045226,0.5872882532575212
40,529,S31N:I52S:K74I:R87T,4,True,0.08655787202700545,0.29774577332498436,9.639193049685186,0.8759422110552764,0.5868439921901304
40,530,N59A:S77N:Y95F,3,True,0.09248373502178618,0.5021916092673764,9.018347842238134,0.6708542713567839,0.5865229403120802
40,531,S30N:K74I:T76S:R87T,4,True,0.0898517296737791,0.3960551033187226,9.27594652729503,0.7766959798994975,0.5863755416091101
40,532,F29S:K74I:T76S:S77N:Y95F,5,True,0.10594002414766743,0.9001252348152786,8.107335973108118,0.27261306532663315,0.5863691500709559
40,533,F29S:A58T:T71S:S75F:R87T,5,True,0.09543993110251531,0.6164683782091421,8.733290287774643,0.5562185929648241,0.5863434855869831
40,534,F29S:I52S:N59A:K74I:S77N,5,True,0.1063488407156698,0.9048215403882279,8.098530896837513,0.2672738693467337,0.5860477048674808
40,535,A58T:K74I:T76S:S77N,4,True,0.09128411876718998,0.4533500313087038,9.131651409761915,0.717964824120603,0.5856574277146535
40,536,I52S:S77N:Y95F:Y106S,4,True,0.09419551263768677,0.573888541014402,8.830473233696093,0.5970477386934674,0.5854681398539348
40,537,T57S:K74I:S77N:S84N:R87T,5,True,0.09972155022598962,0.7626800250469631,8.39554523527753,0.4079773869346734,0.5853287059908182
40,538,I52S:T71S:K74I:T76S:S77N,5,True,0.09283859193847116,0.5190983093299938,8.958550412336518,0.6513819095477387,0.5852401094388662
40,539,A58T:S84N:Y95F,3,True,0.09094680538969867,0.44051346274264247,9.158959112651697,0.7292713567839196,0.584892409763281
40,540,F29S:S30N:N59A:S75F:R87T,5,True,0.10089475351195139,0.795554164057608,8.313983132569644,0.3731155778894472,0.5843348709735277
40,541,T71S:S75F:T76S:S77N:R87T,5,True,0.08979899457167492,0.3944896681277395,9.272644734567551,0.7738693467336684,0.5841795074307039
40,542,N59A:T76S:S84N,3,True,0.09281116645254761,0.5162805259862242,8.960304568166011,0.6516959798994975,0.5839882529428608
40,543,F29S:I52S:T71S:S84N:R87T,5,True,0.10609021152663223,0.9013775829680651,8.096707167396408,0.2663316582914573,0.5838546206297612
40,544,T57S:S75F:T76S:S77N,4,True,0.08406187522912119,0.2232310582341891,9.858738848147219,0.9444095477386935,0.5838203029864413
40,545,A58T:T76S:S77N,3,True,0.09117196251281606,0.4483406386975579,9.13373763405634,0.7192211055276382,0.5837808721125981
40,546,I52S:N59A:S77N:Y106S,4,True,0.0961143613473934,0.6455854727614276,8.645875214693273,0.5216708542713567,0.5836281635163922
40,547,F29S:S30N:K74I:T76S:S84N,5,True,0.1047248155392324,0.8797745773324984,8.139337530758862,0.2873743718592965,0.5835744745958975
40,548,F29S:N59A:S75F:T76S,4,True,0.09477750205499275,0.5992485911083281,8.758475206320506,0.5672110552763819,0.583229823192355
40,549,I52S:A58T:N59A:S77N,4,True,0.09298795687921597,0.5259862241703194,8.934696608313018,0.6397613065326633,0.5828737653514913
40,550,S30N:S31N:I52S:K74I:R87T,5,True,0.0908700000534999,0.4361302442078898,9.1581849381433,0.7286432160804021,0.5823867301441459
40,551,F29S:A58T:S75F:S77N:Y95F,5,True,0.09942653841856032,0.754539762053851,8.400656653285345,0.4101758793969849,0.582357820725418
40,552,F29S:I52S:T57S:A58T:K74I,5,True,0.09651718232184524,0.656856606136506,8.611648573942356,0.5072236180904522,0.5820401121134791
40,553,S30N:S75F:T76S:S84N:R87T,5,True,0.08950268182889595,0.38353162179085787,9.286164400613696,0.7801507537688442,0.581841187779851
40,554,F29S:T57S:K74I:T76S:R87T,5,True,0.10339663770655477,0.8506574827802129,8.19660765015249,0.3128140703517588,0.5817357765659859
40,555,F29S:A58T:S75F:T76S,4,True,0.09151570340585448,0.46399499060738886,9.08832803249245,0.6994346733668342,0.5817148319871115
40,556,S30N:S31N:S84N,3,True,0.0869324506946514,0.30651221039448967,9.558817561110738,0.8567839195979899,0.5816480649962398
40,557,S30N:K74I:S77N:R87T:Y95F,5,True,0.09814540660822639,0.7075767063243582,8.484130105830552,0.45571608040201006,0.5816463933631841
40,558,F29S:T71S:K74I:S77N:R87T,5,True,0.10705907510980388,0.9157795867251096,8.041907628971895,0.24748743718592964,0.5816335119555196
40,559,I52S:A58T:K74I:R87T,4,True,0.08736153409346466,0.31590482154038824,9.531153192284757,0.8473618090452262,0.5816333152928073
40,560,N59A:S75F:S77N:S84N:Y106S,5,True,0.09294631173526091,0.5225422667501566,8.937568210394398,0.6407035175879398,0.5816228921690482
40,561,S31N:S75F:S77N:R87T:Y95F,5,True,0.08942315702463619,0.38134001252348154,9.292736653896762,0.7817211055276382,0.5815305590255598
40,562,S30N:I52S:S75F:R87T,4,True,0.082869602670308,0.1931747025673137,9.964029875475639,0.9692211055276382,0.581197904047476
40,563,A58T:S75F:T76S:S77N,4,True,0.08352234134056838,0.20914214151534127,9.883727965355153,0.9528894472361809,0.581015794375761
40,564,I52S:T71S:T76S:S77N,4,True,0.09375611104195526,0.5591734502191609,8.846721923656578,0.6027010050251256,0.5809372276221432
40,565,A58T:K74I:T76S:S77N:R87T,5,True,0.09925505901996363,0.7492172824045085,8.405069318145692,0.4114321608040201,0.5803247216042643
40,566,N59A:S75F:S77N:Y95F,4,True,0.08431949966139235,0.22792736380713838,9.826210282018085,0.9321608040201005,0.5800440839136194
40,567,I52S:K74I:T76S:R87T:Y95F,5,True,0.09123322910596358,0.4511584220413275,9.107100450554393,0.7088567839195979,0.5800076029804627
40,568,F29S:S31N:T71S:K74I:T76S,5,True,0.09624503550333899,0.6468378209142142,8.625083041966043,0.5128768844221105,0.5798573526681623
40,569,N59A:T71S:S75F:S77N:S84N,5,True,0.09359455697049528,0.5519724483406387,8.859394985741412,0.6074120603015075,0.5796922543210732
40,570,I52S:T71S:S75F:S77N:R87T,5,True,0.09007820123356955,0.40513462742642453,9.218334832180187,0.7537688442211056,0.5794517358237651
40,571,F29S:S30N:A58T:K74I,4,True,0.09892265534450727,0.7370068879148404,8.426164814414287,0.4217964824120603,0.5794016851634504
40,572,I52S:N59A:S84N:Y106S,4,True,0.09340563520952758,0.54351909830933,8.880365548440516,0.6152638190954773,0.5793914587024036
40,573,T71S:S75F:S77N:R87T,4,True,0.08579878833892993,0.2714464621164684,9.683472353698072,0.887248743718593,0.5793476029175306
40,574,I52S:S84N:Y95F:Y106S,4,True,0.0907920440042193,0.43362554790231683,9.145500132008525,0.7245603015075377,0.5790929247049272
40,575,K74I:S77N:S84N:Y95F:Y106S,5,True,0.0959551711013573,0.6405760801502818,8.639649230734705,0.5175879396984925,0.5790820099243872
40,576,S84N:R87T:Y95F:Y106S,4,True,0.09426042375840774,0.5773324984345648,8.791595385035347,0.5800879396984925,0.5787102190665286
40,577,I52S:T71S:S84N,3,True,0.08645985698328175,0.2943018159048215,9.5801279805536,0.8624371859296482,0.5783695009172349
40,578,I52S:A58T:S77N:Y106S,4,True,0.09120337648892554,0.45021916092673764,9.10287020691795,0.7063442211055276,0.5782816910161326
40,579,T71S:S75F:S84N:R87T,4,True,0.08308604184159772,0.19787100814026298,9.90520786925883,0.9582286432160804,0.5780498256781716
40,580,S30N:K74I:S77N:R87T:Y106S,5,True,0.09838251781432741,0.7166562304320601,8.453374583642125,0.4393844221105528,0.5780203262713064
40,581,T71S:K74I:T76S:S77N,4,True,0.08966783880357784,0.3907326236693801,9.245412235908269,0.7650753768844221,0.5779040002769011
40,582,S30N:K74I:T76S:S84N:R87T,5,True,0.096293544040732,0.650281778334377,8.60580298441672,0.5053391959798995,0.5778104871571382
40,583,F29S:A58T:S75F:T76S:R87T,5,True,0.0974573977367335,0.6875391358797746,8.513810301795631,0.46796482412060303,0.5777519800001888
40,584,K74I:S77N:Y95F:Y106S,4,True,0.08965772273463833,0.38979336255479025,9.247031052330463,0.7657035175879398,0.577748440071365
40,585,S30N:T57S:K74I:S77N:R87T,5,True,0.09787706828072015,0.6984971822166562,8.485659435580333,0.4569723618090452,0.5777347720128507
40,586,F29S:T71S:S75F:T76S:Y95F,5,True,0.09268974406078,0.5115842204132749,8.943269409165564,0.6438442211055276,0.5777142207594013
40,587,F29S:S31N:I52S:T76S:S77N,5,True,0.10737107224650357,0.9201628052598623,8.009936335242758,0.2352386934673367,0.5777007493635995
40,588,N59A:S77N:Y106S,3,True,0.09311528162049797,0.5297432686286788,8.89709595033434,0.6256281407035176,0.5776857046660981
40,589,I52S:T57S:S75F:T76S:S77N,5,True,0.08820898352964678,0.3428303068252974,9.415163624608281,0.8125,0.5776651534126487
40,590,S31N:A58T:S77N:R87T,4,True,0.09708846001440156,0.6743894802755166,8.545154282990444,0.480213567839196,0.5773015240573562
40,591,T57S:A58T:S75F:S77N:R87T,5,True,0.08971497762490419,0.3926111458985598,9.239097581371823,0.7619346733668342,0.577272909632697
40,592,S30N:N59A:S75F:S84N:R87T,5,True,0.09093198372013024,0.439261114589856,9.120179184995072,0.7151381909547738,0.5771996527723149
40,593,F29S:S31N:T71S:S75F:T76S,5,True,0.09190061374023961,0.47902316844082654,9.035174857761062,0.6749371859296482,0.5769801771852374
40,594,S31N:I52S:K74I:S84N,4,True,0.08307861249671633,0.19724483406386975,9.89842917149234,0.9563442211055276,0.5767945275846987
40,595,F29S:N59A:T71S:S75F:S84N,5,True,0.10174857772680872,0.8146524733876017,8.245336261793732,0.33888190954773867,0.5767671914676702
40,596,N59A:S84N:R87T:Y95F,4,True,0.09846884698761256,0.7213525360050094,8.441588379280164,0.4321608040201005,0.5767566700125549
40,597,K74I:S77N:Y106S,3,True,0.08662976725674314,0.29931120851596743,9.548119086112088,0.8533291457286433,0.5763201771223053
40,598,N59A:S75F:S77N:R87T:Y106S,5,True,0.09135874455553594,0.45648090169067,9.078732010644002,0.6956658291457286,0.5760733654181993
40,599,S30N:T71S:S75F:S77N:R87T,5,True,0.08966541977376173,0.39041953663118345,9.23856954585357,0.7616206030150754,0.5760200698231295
40,600,F29S:S30N:I52S:N59A:K74I,5,True,0.10191563260173005,0.8202880400751409,8.228764393942146,0.3316582914572864,0.5759731657662137
40,601,S31N:I52S:K74I:S77N:Y106S,5,True,0.09245290540860826,0.4981214777708203,8.965552568844256,0.6532663316582915,0.575693904714556
40,602,F29S:S31N:T71S:K74I:R87T,5,True,0.09990636992225374,0.7698810269254853,8.332824379538467,0.3809673366834171,0.5754241818044512
40,603,S31N:T76S:S77N,3,True,0.08911212917489715,0.3706950532247965,9.285071642726125,0.7798366834170855,0.575265868320941
40,604,S31N:I52S:S75F:S77N,4,True,0.08237590818514826,0.18190356919223544,9.961509859744138,0.9685929648241206,0.575248267008178
40,605,S30N:S31N:I52S:S77N:R87T,5,True,0.10052231279748429,0.7874139010644959,8.290105723405302,0.3630653266331658,0.5752396138488309
40,606,S31N:I52S:N59A:S77N,4,True,0.09506600310749176,0.6058234189104571,8.708209338430928,0.5445979899497487,0.5752107044301029
40,607,F29S:S30N:K74I:S77N:R87T,5,True,0.11004795418898214,0.9546023794614903,7.924794427215383,0.19566582914572864,0.5751341043036095
40,608,S30N:I52S:A58T:S77N:S84N,5,True,0.09979161521234951,0.765184721352536,8.345372794191613,0.3850502512562814,0.5751174863044087
40,609,F29S:S31N:T71S:K74I:S84N,5,True,0.10141538030070621,0.808703819661866,8.25023752953863,0.34139447236180903,0.5750491460118375
40,610,I52S:N59A:K74I:R87T,4,True,0.0880376926272534,0.3371947401377583,9.415963701046703,0.8128140703517588,0.5750044052447585
40,611,S31N:N59A:S75F:S77N:R87T,5,True,0.09134942227298411,0.4561678146524734,9.074586463504678,0.6937814070351759,0.5749746108438246
40,612,A58T:N59A:S75F:S77N:S84N,5,True,0.09415576741992471,0.5716969317470256,8.787509035223808,0.5782035175879398,0.5749502246674827
40,613,S31N:S84N:R87T,3,True,0.08795903763544882,0.3353162179085786,9.42046016262899,0.8143844221105527,0.5748503200095656
40,614,A58T:K74I:S77N,3,True,0.08637367641824267,0.2905447714464621,9.566707733794049,0.8583542713567839,0.574449521401623
40,615,I52S:K74I:S84N:R87T:Y95F,5,True,0.09349090452611569,0.5475892298058861,8.839031233341641,0.6001884422110553,0.5738888360084706
40,616,I52S:S84N:Y106S,3,True,0.0850163464483961,0.24921728240450847,9.719425517303717,0.8985552763819096,0.573886279393209
40,617,T57S:N59A:S75F:S77N:S84N,5,True,0.09346915918997727,0.5466499686912962,8.842373885556544,0.6008165829145728,0.5737332758029345
40,618,F29S:S30N:S31N:K74I:R87T,5,True,0.10364997539572479,0.8575453976205385,8.145630623016714,0.28988693467336685,0.5737161661469526
40,619,F29S:S31N:K74I:S77N:S84N,5,True,0.1053886505640582,0.8913587977457733,8.067622111199757,0.2556532663316583,0.5735060320387158
40,620,F29S:I52S:N59A:K74I:T76S,5,True,0.10014719629151615,0.7761427676894177,8.309255318262283,0.3706030150753769,0.5733728913823973
40,621,F29S:A58T:K74I:T76S,4,True,0.0979450712830701,0.7013149655604258,8.465635467777162,0.44440954773869346,0.5728622566495596
40,622,T57S:S77N:Y95F,3,True,0.0894587070333197,0.382592360676268,9.240750789920533,0.7628768844221105,0.5727346225491893
40,623,S75F:T76S:S77N:Y106S,4,True,0.0835497159374332,0.21039448966812774,9.831434876263513,0.934359296482412,0.5723768930752698
40,624,F29S:S31N:S75F:R87T:Y95F,5,True,0.09654028299673058,0.6574827802128992,8.565177817521679,0.48712311557788945,0.5723029478953943
40,625,S30N:I52S:S84N:Y95F,4,True,0.09221684239905893,0.4915466499686913,8.963549966358189,0.6529522613065326,0.572249455637612
40,626,I52S:S77N:S84N:R87T:Y106S,5,True,0.10155484857734437,0.8121477770820288,8.232149845543892,0.332286432160804,0.5722171046214164
40,627,A58T:S84N:R87T:Y95F,4,True,0.0980365566430563,0.7056981840951785,8.450100945338304,0.43844221105527637,0.5720701975752274
40,628,F29S:S31N:T71S:R87T,4,True,0.10211887212610156,0.823418910457107,8.209371244026613,0.3203517587939699,0.5718853346255385
40,629,F29S:T71S:S77N:Y95F,4,True,0.1081602564901255,0.9314339386349405,7.968099459937926,0.21231155778894473,0.5718727482119426
40,630,I52S:N59A:R87T,3,True,0.08694319618852897,0.3068252974326863,9.501879105559034,0.8366834170854272,0.5717543572590567
40,631,S31N:K74I:S77N,3,True,0.08539192236720927,0.26111458985597996,9.66702035245499,0.8822236180904522,0.5716691039732161
40,632,S30N:S31N:K74I:S77N,4,True,0.08927065145767572,0.37664370695053223,9.248765336565208,0.7663316582914573,0.5714876826209948
40,633,F29S:T57S:T71S:T76S,4,True,0.10100254274450027,0.7983719474013776,8.258630605533671,0.34453517587939697,0.5714535616403873
40,634,S31N:T57S:S75F:S77N:R87T,5,True,0.0883870338061994,0.3484658735128366,9.348266077637637,0.7942839195979899,0.5713748965554133
40,635,S30N:T71S:S84N,3,True,0.09018834869164565,0.41045710707576705,9.163960075641686,0.7317839195979899,0.5711205133368785
40,636,F29S:I52S:N59A:S75F:Y95F,5,True,0.09552882805986185,0.6205385097056982,8.64528673441851,0.5213567839195979,0.5709476468126481
40,637,S75F:S77N:R87T,3,True,0.08070816947702496,0.14495929868503443,10.23284503179151,0.996859296482412,0.5709092975837232
40,638,S30N:T57S:S84N,3,True,0.08893673482635485,0.365372573575454,9.27575601523403,0.7763819095477387,0.5708772415615964
40,639,F29S:S30N:S31N:N59A,4,True,0.10816070441794759,0.9317470256731372,7.95718165992779,0.208856783919598,0.5703019047963676
40,640,A58T:K74I:S84N,3,True,0.08494030017483269,0.2470256731371321,9.702229383402297,0.8935301507537688,0.5702779119454505
40,641,I52S:T71S:T76S:S84N,4,True,0.0910905362371545,0.4452097683155917,9.077653745950338,0.695037688442211,0.5701237283789014
40,642,T71S:S77N:R87T:Y95F,4,True,0.09630387968462777,0.6505948653725736,8.56995692434026,0.4896356783919598,0.5701152718822667
40,643,N59A:S75F:T76S:S77N,4,True,0.08540290377475607,0.2620538509705698,9.65171487190725,0.8778266331658291,0.5699402420681995
40,644,F29S:S30N:T71S:K74I:T76S,5,True,0.09912480316617711,0.7442078897933626,8.369101505870612,0.39541457286432163,0.5698112313288421
40,645,S30N:K74I:S77N:S84N:Y95F,5,True,0.09632175607428374,0.6509079524107702,8.567173914294791,0.4883793969849246,0.5696436746978474
40,646,F29S:S30N:S31N:K74I:S77N,5,True,0.10563102914577316,0.8948027551659361,8.033589220925284,0.2443467336683417,0.5695747444171388
40,647,F29S:I52S:T71S:T76S:S77N,5,True,0.1066256100967017,0.9082654978083907,8.00146323292715,0.23084170854271358,0.5695536031755521
40,648,F29S:T57S:A58T:S75F:R87T,5,True,0.09684118333449772,0.6687539135879774,8.520161669002727,0.47016331658291455,0.5694586150854459
40,649,S30N:N59A:K74I:S77N:R87T,5,True,0.10011757743356507,0.774264245460238,8.292315012069333,0.3646356783919598,0.5694499619260989
40,650,N59A:T71S:S75F:S77N,4,True,0.08375710138244433,0.21540388227927365,9.7996993964173,0.9233668341708543,0.569385358225064
40,651,F29S:S31N:I52S:T76S:R87T,5,True,0.10439633983415325,0.8753913587977458,8.086266926968875,0.26319095477386933,0.5692911567858076
40,652,S30N:I52S:K74I:R87T:Y95F,5,True,0.09204482285143128,0.48465873512836566,8.967114542626218,0.6538944723618091,0.5692766037450874
40,653,I52S:T57S:T76S:R87T,4,True,0.09012804035201795,0.40701314965560426,9.163048731392138,0.7311557788944724,0.5690844642750383
40,654,A58T:N59A:S75F:S77N,4,True,0.08372573648321757,0.21509079524107702,9.797481792402007,0.9230527638190955,0.5690717795300863
40,655,F29S:T71S:R87T:Y95F,4,True,0.10399204114888567,0.8669380087664371,8.103432169386613,0.2710427135678392,0.5689903611671382
40,656,S30N:S75F:S77N:Y95F,4,True,0.08218642658985859,0.17752035065748278,9.918151117944314,0.960427135678392,0.5689737431679374
40,657,F29S:T57S:K74I:S77N:S84N,5,True,0.10735838499311501,0.919536631183469,7.977138092030494,0.217964824120603,0.5687507276520359
40,658,S30N:T76S:R87T,3,True,0.08847476753848743,0.3512836568566061,9.305272615271086,0.7861180904522613,0.5687008736544337
40,659,F29S:S30N:S31N:T76S,4,True,0.10419115369318807,0.8716343143393863,8.093399090569694,0.2657035175879397,0.568668915963663
40,660,I52S:N59A:S77N:Y95F,4,True,0.09536876789187279,0.6145898559799624,8.645979596446141,0.5226130653266332,0.5686014606532979
40,661,T57S:N59A:S75F:S77N,4,True,0.08470492397836157,0.23794614902943018,9.724104054280042,0.8991834170854272,0.5685647830574286
40,662,S30N:I52S:T57S:R87T,4,True,0.09101229069664621,0.44207889793362554,9.075838649734951,0.6947236180904522,0.5684012580120389
40,663,F29S:S30N:T71S:K74I:R87T,5,True,0.10217800971378851,0.8246712586098935,8.192828181282758,0.3118718592964824,0.5682715589531879
40,664,I52S:K74I:S84N:Y95F,4,True,0.08485630523291254,0.24452097683155918,9.700604785488387,0.8919597989949749,0.568240387913267
40,665,S31N:N59A:K74I:S77N,4,True,0.09147084445362308,0.46211646837820913,9.033871594011588,0.6743090452261307,0.5682127568021699
40,666,A58T:K74I:T76S:S77N:S84N,5,True,0.09829364831905286,0.7128991859737007,8.428873625721097,0.42336683417085424,0.5681330100722775
40,667,S31N:S75F:T76S:S77N,4,True,0.08284017334345764,0.19192235441452724,9.85833504703857,0.9440954773869347,0.568008915900731
40,668,S30N:I52S:T57S:S84N,4,True,0.09174571788936323,0.4733876017532874,8.991119558210498,0.6623743718592965,0.567880986806292
40,669,F29S:S30N:I52S:S84N:R87T,5,True,0.10890254159208132,0.9389480275516594,7.925556095968173,0.19597989949748743,0.5674639635245734
40,670,T71S:K74I:S77N:S84N:R87T,5,True,0.09959575217519112,0.758609893550407,8.319851920683732,0.37625628140703515,0.567433087478721
40,671,S30N:K74I:S77N:Y106S,4,True,0.09079528319580529,0.4339386349405135,9.089361315530857,0.7006909547738693,0.5673147948571914
40,672,I52S:A58T:T76S:S77N:S84N,5,True,0.09971741039759324,0.7623669380087664,8.312268249237999,0.37217336683417085,0.5672701524214686
40,673,I52S:S75F:S77N:Y106S,4,True,0.08344796357656976,0.20726361928616155,9.81015853884812,0.9271356783919598,0.5671996488390607
40,674,F29S:S31N:S77N:Y95F,4,True,0.10958293313090636,0.949906073888541,7.891306665174633,0.18435929648241206,0.5671326851854765
40,675,F29S:S30N:T71S:K74I:S77N,5,True,0.10424723552762691,0.8728866624921728,8.083724021810028,0.2613065326633166,0.5670965975777447
40,676,N59A:T76S:S84N:R87T,4,True,0.09765673686017248,0.691296180338134,8.459511818450755,0.4428391959798995,0.5670676881590168
40,677,T71S:K74I:S75F:S77N:R87T,5,True,0.08765770801615601,0.32748904195366313,9.394682935789287,0.8062185929648241,0.5668538174592437
40,678,F29S:T57S:S75F:T76S:Y95F,5,True,0.09505621258686511,0.6055103318722604,8.664913733096492,0.5279522613065326,0.5667312965893965
40,679,I52S:T57S:K74I:S84N,4,True,0.08462854636946429,0.2366938008766437,9.714021719850104,0.8966708542713567,0.5666823275740003
40,680,S30N:K74I:S77N:S84N:Y106S,5,True,0.09662835804475296,0.660926737633062,8.526122561999845,0.4723618090452261,0.566644273339144
40,681,S31N:S75F:S77N:R87T:Y106S,5,True,0.0891601049373187,0.3725735754539762,9.237686319780037,0.760678391959799,0.5666259837068877
40,682,T71S:T76S:S84N:R87T,4,True,0.09431685373890988,0.5792110206637445,8.727532123085357,0.5537060301507538,0.5664585254072492
40,683,T57S:N59A:S84N:R87T,4,True,0.09743636445852819,0.6869129618033814,8.467200656320156,0.44597989949748745,0.5664464306504344
40,684,S31N:K74I:S77N:S84N:Y106S,5,True,0.09483295538641771,0.6005009392611146,8.678168036874995,0.5323492462311558,0.5664250927461352
40,685,T57S:S75F:S77N:R87T:Y106S,5,True,0.08927521836257718,0.3775829680651221,9.220192453960218,0.7550251256281407,0.5663040468466314
40,686,I52S:T71S:K74I:T76S:R87T,5,True,0.08953917561745016,0.3854101440200376,9.195395628594765,0.746859296482412,0.5661347202512248
40,687,S30N:I52S:R87T:Y95F,4,True,0.09246146848478784,0.49937382592360674,8.912855609678799,0.6322236180904522,0.5657987220070295
40,688,F29S:S31N:T57S:K74I:R87T,5,True,0.10166498811173418,0.8134001252348153,8.205116622152516,0.3181532663316583,0.5657766957832369
40,689,F29S:S30N:S31N:K74I:S84N,5,True,0.10313984394205443,0.8447088290544772,8.136843475075601,0.2867462311557789,0.5657275301051281
40,690,S30N:S75F:T76S:S84N,4,True,0.08292001854716684,0.1947401377582968,9.836731319476542,0.9365577889447236,0.5656489633515103
40,691,F29S:S30N:K74I:S84N:R87T,5,True,0.10658940280640235,0.9079524107701941,7.9868606298080715,0.22330402010050251,0.5656282154353482
40,692,I52S:S75F:T76S:S77N:Y95F,5,True,0.08806080224062306,0.33876017532874136,9.33579212655296,0.7923994974874372,0.5655798364080893
40,693,S31N:I52S:S77N:S84N:R87T,5,True,0.10039653779262125,0.7842830306825297,8.263994951223326,0.34610552763819097,0.5651942791603604
40,694,T57S:K74I:S75F:T76S:S77N,5,True,0.08527992020890278,0.2570444583594239,9.62581335803125,0.8731155778894473,0.5650800181244355
40,695,S31N:N59A:S75F:S77N:S84N,5,True,0.09282598897719223,0.5178459611772073,8.873811440988435,0.6121231155778895,0.5649845383775484
40,696,I52S:S75F:R87T:Y95F,4,True,0.08127480173435409,0.15842204132748905,9.972933354953572,0.9711055276381909,0.5647637844828399
40,697,S77N:Y95F:Y106S,3,True,0.08946812481148801,0.3829054477144646,9.195238431676431,0.7465452261306532,0.5647253369225589
40,698,F29S:S30N:S31N:I52S:S84N,5,True,0.10582445868958254,0.8982467125860989,8.00196346111895,0.23115577889447236,0.5647012457402856
40,699,S31N:N59A:K74I:S77N:R87T,5,True,0.09817383253289932,0.7085159674389481,8.422295764013912,0.42085427135678394,0.564685119397866
40,700,F29S:S30N:I52S:T57S:R87T,5,True,0.10761201865796119,0.9245460237946149,7.948434841384172,0.20477386934673367,0.5646599465706743
40,701,K74I:T76S:S84N:Y106S,4,True,0.08632888596726818,0.28991859737006886,9.505731254959112,0.8388819095477387,0.5644002534589038
40,702,N59A:S75F:S84N:Y106S,4,True,0.08320527699196154,0.2028804007514089,9.807845807527219,0.9258793969849246,0.5643798988681668
40,703,I52S:S84N:Y95F,3,True,0.08578602124087957,0.27113337507827173,9.56272937945729,0.8574120603015075,0.5642727176898896
40,704,I52S:A58T:S75F:S77N,4,True,0.08060065212633347,0.1408891671884784,10.117986762050291,0.9874371859296482,0.5641631765590633
40,705,I52S:T76S:S77N:R87T:Y106S,5,True,0.10114632276800378,0.8027551659361303,8.215980800273671,0.32537688442211055,0.5640660251791204
40,706,F29S:I52S:T71S:S77N:R87T,5,True,0.10901726256294249,0.9411396368190357,7.899663705379771,0.18687185929648242,0.564005748057759
40,707,S30N:I52S:S77N:S84N:Y106S,5,True,0.09998826880780197,0.7723857232310583,8.279931584102368,0.3555276381909548,0.5639566807110066
40,708,T57S:S75F:S77N:Y95F,4,True,0.0823104152836185,0.1797119599248591,9.869076922326839,0.948178391959799,0.5639451759423291
40,709,S30N:S75F:S84N:R87T:Y95F,5,True,0.08867985130985762,0.3569192235441453,9.263874827370499,0.7707286432160804,0.5638239333801128
40,710,F29S:N59A:K74I:T76S,4,True,0.1007176683768279,0.7908578584846587,8.241328088789068,0.3360552763819096,0.5634565674332841
40,711,S30N:I52S:A58T:S75F:R87T,5,True,0.08511007283110075,0.252035065748278,9.631321311931599,0.8743718592964824,0.5632034625223802
40,712,S30N:I52S:S75F:S77N:Y95F,5,True,0.08746603463712752,0.319348778960551,9.396751667645725,0.8068467336683417,0.5630977563144464
40,713,S30N:S75F:T76S:S77N:Y106S,5,True,0.08835553343386854,0.34783969943644333,9.278882388263721,0.7782663316582915,0.5630530155473674
40,714,F29S:S77N,2,True,0.09765278929917065,0.6909830932999373,8.445294843384717,0.43498743718592964,0.5629852652429335
40,715,I52S:A58T:K74I:T76S:R87T,5,True,0.09076717638199815,0.43268628678772697,9.073299780248337,0.6931532663316583,0.5629197765596926
40,716,S30N:S75F:T76S:S77N:Y95F,5,True,0.08787908223751367,0.33281152160300564,9.340464353540717,0.7930276381909548,0.5629195798969802
40,717,S30N:N59A:S75F:T76S:S77N,5,True,0.08971112520173936,0.3922980588603632,9.164790201412432,0.7327261306532663,0.5625120947568147
40,718,S31N:K74I:T76S:R87T,4,True,0.08452963106958375,0.23418910457107076,9.693466573899226,0.8907035175879398,0.5624463110795053
40,719,K74I:T76S:R87T:Y95F,4,True,0.08640036548132672,0.2917971195992486,9.488180428225883,0.8329145728643216,0.562355846231785
40,720,S30N:I52S:T57S:K74I:R87T,5,True,0.09124094809016846,0.4517845961177207,9.027820836711616,0.6727386934673367,0.5622616447925287
40,721,F29S:I52S:T57S:S77N:R87T,5,True,0.1114499582241446,0.9683782091421416,7.822434189446617,0.1560929648241206,0.562235586983131
40,722,I52S:K74I:S77N:Y95F:Y106S,5,True,0.09313799091859214,0.530369442705072,8.821721975763818,0.5932788944723618,0.5618241685887169
40,723,S30N:I52S:T57S:S75F:R87T,5,True,0.08493171219362615,0.24639949906073888,9.645903071494372,0.8768844221105527,0.5616419605856457
40,724,S30N:I52S:S75F:R87T:Y95F,5,True,0.08613087458537043,0.28115216030056356,9.514763757751528,0.8420226130653267,0.5615873866829451
40,725,I52S:T57S:A58T:S75F:R87T,5,True,0.08201671707917717,0.17094552285535378,9.88103314710617,0.9519472361809045,0.5614463795181291
40,726,I52S:T57S:S77N:S84N:R87T,5,True,0.10185838915357243,0.8180964308077645,8.175093380674603,0.3046482412060301,0.5613723360068973
40,727,K74I:T76S:S84N,3,True,0.08116563373571141,0.15497808390732623,9.959975157700825,0.9676507537688442,0.5613144188380852
40,728,F29S:S31N:K74I:S84N:R87T,5,True,0.10391978868646143,0.8650594865372574,8.073714958619375,0.25753768844221103,0.5612985874897343
40,729,T57S:T71S:S84N,3,True,0.08862704010701365,0.35597996242955543,9.248200990655151,0.7660175879396985,0.560998775184627
40,730,A58T:S75F:S84N:R87T,4,True,0.08582355859485268,0.27269881026925485,9.53772004551415,0.8492462311557789,0.5609725207125169
40,731,S30N:I52S:T57S:S77N:R87T,5,True,0.10127651727752106,0.8049467752035065,8.203968245402256,0.3168969849246231,0.5609218800640648
40,732,I52S:N59A:S75F:R87T,4,True,0.08076439404692813,0.14652473387601753,9.994992112718844,0.9751884422110553,0.5608565880435364
40,733,S31N:S77N:Y106S,3,True,0.088455826287531,0.3509705698184095,9.26095291659385,0.769786432160804,0.5603785009896067
40,734,I52S:N59A:K74I:S77N:S84N,5,True,0.09739112203913268,0.6853475266123983,8.445383662029041,0.4353015075376884,0.5603245170750434
40,735,F29S:N59A:S75F:T76S:S77N,5,True,0.10306264520290458,0.843143393863494,8.114226824198132,0.2773241206030151,0.5602337572332545
40,736,S30N:T57S:T76S:S77N,4,True,0.09555749082531742,0.6227301189730745,8.587850291280002,0.49748743718592964,0.5601087780795021
40,737,N59A:K74I:S77N:Y95F,4,True,0.09103313621373504,0.4423919849718222,9.039999452115067,0.6777638190954773,0.5600779020336497
40,738,F29S:T57S:S77N:Y95F,4,True,0.11185731957246862,0.9715090795241077,7.798940879033889,0.14855527638190955,0.5600321779530086
40,739,I52S:T57S:S75F:T76S:R87T,5,True,0.08452020672637196,0.23387601753287413,9.675189339673771,0.8859924623115578,0.559934239922216
40,740,K74I:S75F:T76S:S77N,4,True,0.0811456312568621,0.15466499686912963,9.949555628108286,0.9651381909547738,0.5599015939119517
40,741,S30N:S31N:T76S:S77N,4,True,0.09368806806922245,0.5563556668753914,8.748112810271712,0.5634422110552764,0.5598989389653339
40,742,F29S:I52S:T71S:S77N:S84N,5,True,0.10738043577843984,0.9204758922980588,7.9388004284548614,0.19912060301507536,0.559798247656567
40,743,I52S:T57S:R87T,3,True,0.08511941566270143,0.25266123982467126,9.596731463725396,0.8668341708542714,0.5597477053394713
40,744,I52S:R87T:Y106S,3,True,0.08659131027286691,0.2986850344395742,9.437467652793675,0.8206658291457286,0.5596754317926514
40,745,S30N:S75F:S84N:Y95F,4,True,0.08125394135275461,0.15779586725109582,9.919951583548942,0.9610552763819096,0.5594255718165027
40,746,S31N:T71S:S77N:R87T,4,True,0.09481111206331252,0.6001878522229179,8.642690230003383,0.5185301507537688,0.5593590014883434
40,747,F29S:A58T:S84N:R87T,4,True,0.11280894875669482,0.9793362554790231,7.765215290520341,0.13913316582914573,0.5592347106540845
40,748,F29S:S30N:I52S:T76S:S84N,5,True,0.10768370313327993,0.926111458985598,7.912256579490877,0.1922110552763819,0.55916125713099
40,749,F29S:I52S:A58T:S77N:S84N,5,True,0.10822928213527779,0.9336255479023169,7.891431802549583,0.18467336683417085,0.5591494573682438
40,750,F29S:S30N:T71S:T76S,4,True,0.10268439314821058,0.8371947401377583,8.121600179405913,0.2810929648241206,0.5591438524809395
40,751,S30N:T57S:K74I:S77N,4,True,0.0901063376717822,0.406386975579211,9.112689871412057,0.7116834170854272,0.559035196332319
40,752,F29S:I52S:S75F,3,True,0.07922105405590306,0.11803381340012524,10.48147457772216,1.0,0.5590169067000627
40,753,S30N:I52S:N59A:R87T,4,True,0.09302187760361147,0.5272385723231058,8.817130497774077,0.5907663316582915,0.5590024519906986
40,754,I52S:T57S:S84N,3,True,0.08500081372472006,0.2485911083281152,9.605978681991822,0.8693467336683417,0.5589689209982285
40,755,F29S:S31N:I52S:S77N:R87T,5,True,0.11002199435698559,0.9539762053850971,7.840420324415069,0.16394472361809045,0.5589604645015938
40,756,F29S:I52S:T57S:T76S:S84N,5,True,0.10619925692880652,0.9029430181590482,7.972487544155706,0.21482412060301506,0.5588835693810317
40,757,S30N:A58T:S75F:T76S:S77N,5,True,0.08794358128142887,0.33469004383218537,9.294946696849966,0.7829773869346733,0.5588337153834293
40,758,A58T:N59A:S84N,3,True,0.09588189685827532,0.6361928616155291,8.547177283245636,0.48146984924623115,0.5588313554308801
40,759,T57S:T71S:S77N:R87T,4,True,0.09551314000661656,0.6189730745147151,8.589130979200814,0.498429648241206,0.5587013613779606
40,760,N59A:K74I:S77N:R87T:Y95F,5,True,0.09866455492507119,0.7301189730745147,8.349635698988056,0.3869346733668342,0.5585268232206744
40,761,S30N:S31N:S75F:T76S:S77N,5,True,0.08736122183494534,0.31559173450219163,9.377291536935758,0.8011934673366834,0.5583926009194375
40,762,N59A:S75F:S77N,3,True,0.0800155705544607,0.12993112085159675,10.105556802328408,0.9868090452261307,0.5583700830388637
40,763,S30N:S31N:K74I:T76S:S77N,5,True,0.09321386355715067,0.534439574201628,8.798986786966935,0.582286432160804,0.558363003181216
40,764,S30N:I52S:A58T:S84N:R87T,5,True,0.09928420054765857,0.7504696305572949,8.297809465761997,0.36620603015075376,0.5583378303540243
40,765,I52S:T71S:S75F:S77N,4,True,0.082222469644597,0.17814652473387602,9.844720392673889,0.9384422110552764,0.5582943678945762
40,766,F29S:S30N:S31N:I52S:T76S,5,True,0.10392488230534626,0.8653725735754539,8.054805354562061,0.25094221105527637,0.5581573923153651
40,767,S30N:S77N:Y95F,3,True,0.08888645323103168,0.3638071383844709,9.215469001824342,0.7521984924623115,0.5580028154233911
40,768,I52S:N59A:S75F:S84N,4,True,0.08164546590357866,0.16468378209142143,9.879413887218128,0.9513190954773869,0.5580014387844041
40,769,S31N:I52S:N59A:S84N,4,True,0.09217786807586693,0.4887288666249217,8.90281107424706,0.6271984924623115,0.5579636795436166
40,770,I52S:T57S:A58T:S84N,4,True,0.0893393027032081,0.3794614902943018,9.170712804384081,0.7358668341708543,0.5576641622325781
40,771,I52S:T71S:K74I:S84N:R87T,5,True,0.09278829115736836,0.5153412648716343,8.838331658288668,0.5998743718592965,0.5576078183654654
40,772,S30N:S31N:I52S:R87T,4,True,0.0905391223510571,0.42360676268002506,9.069296138984104,0.6912688442211056,0.5574378034505654
40,773,S30N:K74I:S75F:T76S:R87T,5,True,0.08414151479909084,0.22542266750156542,9.689657445000705,0.8894472361809045,0.5574349518412349
40,774,K74I:S84N:Y95F:Y106S,4,True,0.08623956888516826,0.2855353788353162,9.471322558424257,0.8291457286432161,0.5573405537392662
40,775,I52S:T71S:S77N,3,True,0.08890396024629882,0.36443331246086413,9.209296577880306,0.75,0.557216656230432
40,776,S30N:T57S:S75F:S77N,4,True,0.08229682097739639,0.17908578584846588,9.834462803900411,0.9353015075376885,0.5571936466930771
40,777,F29S:I52S:N59A:T71S:K74I,5,True,0.09811716760153379,0.7072636192861615,8.391161134737626,0.40703517587939697,0.5571493975827793
40,778,S31N:T76S:S84N:R87T,4,True,0.09197150589376121,0.48246712586098933,8.911763669571554,0.6312814070351759,0.5568742664480826
40,779,T71S:S75F:S77N:S84N:Y95F,5,True,0.09028266996323349,0.4145272385723231,9.086618934850488,0.6988065326633166,0.5566668856178199
40,780,S30N:S31N:I52S:S75F:R87T,5,True,0.08501687652523844,0.24953036944270507,9.58574537346529,0.8636934673366834,0.5566119183896943
40,781,T71S:S84N:R87T:Y95F,4,True,0.09488324656166328,0.6023794614902943,8.618664821079376,0.510678391959799,0.5565289267250466
40,782,F29S:A58T:R87T:Y95F,4,True,0.1079916941749495,0.9279899812147777,7.891637150087471,0.18498743718592964,0.5564887092003536
40,783,F29S:S30N:N59A:S75F:S84N,5,True,0.10329150964957413,0.8490920475892298,8.089565110943735,0.2638190954773869,0.5564555715333084
40,784,S30N:I52S:S84N:R87T:Y106S,5,True,0.09834034003343774,0.7144646211646838,8.374318012993841,0.39792713567839194,0.5561958784215378
40,785,S30N:K74I:S77N:Y95F,4,True,0.08940301183852215,0.3807138384470883,9.163940406687292,0.7314698492462312,0.5560918438466598
40,786,T71S:S84N:Y95F,3,True,0.08920461623118157,0.37476518472135256,9.17162726997445,0.7368090452261307,0.5557871149737417
40,787,T57S:K74I:S75F:S77N,4,True,0.08004347050405533,0.13024420788979335,10.032211117052725,0.9811557788944724,0.5556999933921328
40,788,I52S:T57S:T76S:S84N,4,True,0.09107545416274292,0.4448966812773951,9.005718327459189,0.6664572864321608,0.5556769838547779
40,789,F29S:I52S:T57S:T76S:S77N,5,True,0.10949839061217977,0.9489668127739511,7.837419302673629,0.16237437185929648,0.5556705923166239
40,790,S30N:S31N:K74I:R87T,4,True,0.08594430306528215,0.2764558547276143,9.49494039345501,0.8347989949748744,0.5556274248512444
40,791,S30N:I52S:N59A:S75F:R87T,5,True,0.08640081518806562,0.2921102066374452,9.434526019915342,0.8190954773869347,0.5556028420121899
40,792,S31N:I52S:S77N:R87T:Y106S,5,True,0.09913509154482071,0.7448340638697558,8.297695114177882,0.36589195979899497,0.5553630118343754
40,793,F29S:S31N:A58T:S84N,4,True,0.1092601645267264,0.9452097683155918,7.842871809714669,0.16520100502512564,0.5552053866703587
40,794,I52S:T76S:S77N:S84N:Y106S,5,True,0.09927780119819052,0.7498434564809017,8.286428592485318,0.36055276381909546,0.5551981101499985
40,795,A58T:K74I:S75F:T76S:S77N,5,True,0.08506573299335154,0.2514088916718848,9.569901238509404,0.8589824120603015,0.5551956518660931
40,796,S31N:K74I:S77N:Y95F,4,True,0.08804198812061384,0.3375078271759549,9.271096967343569,0.7726130653266332,0.555060446251294
40,797,N59A:S75F:S77N:Y106S,4,True,0.08472524115179289,0.2385723231058234,9.615813643827781,0.8715452261306532,0.5550587746182383
40,798,T71S:S84N:Y106S,3,True,0.08834430479748397,0.3475266123982467,9.240622170652264,0.7625628140703518,0.5550447132342993
40,799,I52S:A58T:S75F:R87T,4,True,0.07959903395775887,0.12273011897307451,10.111976144580316,0.9871231155778895,0.554926617275482
40,800,F29S:T76S,2,True,0.09597014936597618,0.6415153412648716,8.513817112584348,0.4682788944723618,0.5548971178686167
40,801,S30N:T71S:S75F:S77N,4,True,0.08160329745488529,0.16405760801502817,9.862579261630026,0.9453517587939698,0.554704683404499
40,802,F29S:S31N:I52S:T76S:S84N,5,True,0.10377184658024412,0.861302442078898,8.041974904720252,0.24780150753768845,0.5545519748082932
40,803,A58T:T71S:S77N:R87T,4,True,0.0971477057128037,0.6756418284283031,8.443238547951905,0.4334170854271357,0.5545294569277194
40,804,F29S:A58T:S75F:R87T:Y95F,5,True,0.09780094051936881,0.6963055729492799,8.407918017721089,0.4126884422110553,0.5544970075801676
40,805,F29S:I52S:A58T:S77N:R87T,5,True,0.110689319595055,0.9608641202254227,7.795891568440871,0.14792713567839197,0.5543956279519073
40,806,I52S:T71S:K74I:R87T,4,True,0.08621124092273684,0.28459611772072635,9.448655019907035,0.8241206030150754,0.5543583603679009
40,807,A58T:T71S:S75F:S77N,4,True,0.0812326096108347,0.15685660613650595,9.880463050091674,0.9516331658291457,0.5542448859828258
40,808,F29S:S31N:I52S:S77N:S84N,5,True,0.10680086509836645,0.9104571070757671,7.935829042836177,0.1978643216080402,0.5541607143419036
40,809,A58T:T71S:S75F:S84N,4,True,0.08283622942505067,0.191296180338134,9.775372553851685,0.9167713567839196,0.5540337685610268
40,810,I52S:A58T:T76S:R87T,4,True,0.09003519742104096,0.40356919223544147,9.098616548184497,0.7044597989949749,0.5540144956152082
40,811,T57S:S75F:S84N:Y95F,4,True,0.08036643770875582,0.13650594865372573,9.974596724425469,0.9714195979899497,0.5539627733218377
40,812,F29S:T57S:T71S:K74I:T76S,5,True,0.09773411559276207,0.6947401377582968,8.408702089158279,0.41300251256281406,0.5538713251605554
40,813,S30N:K74I:S84N:R87T:Y106S,5,True,0.09471361958080957,0.5964308077645586,8.622861216012106,0.5113065326633166,0.5538686702139376
40,814,I52S:T57S:S75F:R87T,4,True,0.07947605814673764,0.12179085785848466,10.09366197614171,0.9858668341708543,0.5538288460146695
40,815,S30N:T57S:S75F:S84N:R87T,5,True,0.08757513247119722,0.3237319974953037,9.298393576565402,0.7839195979899497,0.5538257977426266
40,816,S30N:I52S:S75F:S84N,4,True,0.08006765024527257,0.1308703819661866,9.998723345764724,0.9767587939698492,0.5538145879680179
40,817,S31N:I52S:A58T:S77N:S84N,5,True,0.09732063695162374,0.6815904821540388,8.433029907190306,0.4258793969849246,0.5537349395694817
40,818,F29S:S30N:T71S:S75F:Y95F,5,True,0.09315372533326023,0.5316217908578584,8.782780050276692,0.5756909547738693,0.5536563728158639
40,819,A58T:T71S:S75F:S77N:R87T,5,True,0.08956176328092322,0.38666249217282406,9.135611912127478,0.7204773869346733,0.5535699395537487
40,820,S30N:I52S:S77N:R87T:Y95F,5,True,0.10188672961965853,0.819348778960551,8.140692523811945,0.2876884422110553,0.5535186105858032
40,821,I52S:T57S:K74I:S77N:Y106S,5,True,0.09318610267422069,0.5331872260488416,8.773580910588164,0.5738065326633166,0.553496879356079
40,822,F29S:S31N:T57S:K74I:T76S,5,True,0.09844373854709537,0.7204132748904195,8.349299233318447,0.3863065326633166,0.5533599037768681
40,823,S30N:S31N:S75F:S77N,4,True,0.08214530331571122,0.17532874139010646,9.82352190158163,0.9312185929648241,0.5532736671774653
40,824,S30N:T57S:S77N,3,True,0.0896530535427194,0.3894802755165936,9.129715812291218,0.7170226130653267,0.5532514442909602
40,825,F29S:S30N:T57S:K74I:R87T,5,True,0.1045186096966408,0.8769567939887288,7.998343375741912,0.2292713567839196,0.5531140753863242
40,826,S31N:T71S:S84N,3,True,0.08682002775033544,0.3036944270507201,9.382282134654169,0.8024497487437185,0.5530720878972193
40,827,N59A:T71S:S75F:S84N,4,True,0.0843019239443437,0.22730118973074515,9.652348509252878,0.8784547738693468,0.552877981800046
40,828,T57S:A58T:S84N:R87T,4,True,0.09626594201204329,0.6484032561051972,8.487459470245822,0.457286432160804,0.5528448441330006
40,829,I52S:T71S:K74I:S77N:S84N,5,True,0.09431502725405667,0.5788979336255479,8.662473573538053,0.5263819095477387,0.5526399215866433
40,830,A58T:S75F:S77N:R87T:Y106S,5,True,0.08991122510209201,0.39855979962429555,9.103639302601868,0.7066582914572864,0.552609045540791
40,831,S30N:S31N:S75F:S84N:R87T,5,True,0.08712872304476992,0.3112085159674389,9.342291326948978,0.7939698492462312,0.552589182606835
40,832,T57S:K74I:S77N:S84N:Y106S,5,True,0.09609772641006974,0.6452723857232311,8.49133491404348,0.4594849246231156,0.5523786551731733
40,833,S30N:T71S:S75F:S84N,4,True,0.0818032305379327,0.16687539135879775,9.840225049394771,0.9378140703517588,0.5523447308552782
40,834,I52S:T57S:A58T:K74I:S77N,5,True,0.09092113737040482,0.43863494051346275,9.004392735882067,0.6658291457286433,0.552232043121053
40,835,T71S:S75F:S77N:R87T:Y95F,5,True,0.08920080123687782,0.3741390106449593,9.16105253298058,0.730213567839196,0.5521762892420776
40,836,F29S:S31N:T57S:T71S,4,True,0.09904040669335529,0.741390106449593,8.288237674064018,0.36243718592964824,0.5519136461896206
40,837,F29S:T57S:T71S:K74I:R87T,5,True,0.10069609551315965,0.7902316844082655,8.197858122670628,0.31344221105527637,0.5518369477317709
40,838,F29S:A58T:K74I:S75F:T76S,5,True,0.09051621960095337,0.4226675015654352,9.044223574217337,0.6809045226130653,0.5517860120892503
40,839,F29S:S30N:I52S:T57S:S77N,5,True,0.10971971596565683,0.9520976831559174,7.811487107537902,0.1513819095477387,0.551739796351828
40,840,I52S:T76S:S77N:S84N:Y95F,5,True,0.09968644014413207,0.7608015028177834,8.25104910210132,0.34233668341708545,0.5515690931174344
40,841,S30N:I52S:A58T:K74I:R87T,5,True,0.09153335554621574,0.4655604257983719,8.928676638428405,0.6375628140703518,0.5515616199343618
40,842,S30N:I52S:K74I:T76S:S84N,5,True,0.09203100645246058,0.48403256105197245,8.88615275424236,0.6187185929648241,0.5513755770083983
40,843,S31N:I52S:N59A:K74I:S77N,5,True,0.09353575742496316,0.5494677520350657,8.726755633408194,0.5530778894472361,0.5512728207411509
40,844,S31N:K74I:S77N:S84N:Y95F,5,True,0.0946755560298146,0.593613024420789,8.615086874509693,0.5087939698492462,0.5512034971350176
40,845,F29S:S30N:T57S:S75F:Y95F,5,True,0.09515611580511787,0.60832811521603,8.580654595512142,0.4940326633165829,0.5511803892663065
40,846,S30N:K74I:R87T,3,True,0.08480855288675009,0.2417031934877896,9.578000500876746,0.8605527638190955,0.5511279786534425
40,847,F29S:N59A:S75F:T76S:R87T,5,True,0.09892086016633336,0.7366938008766437,8.294850631051336,0.3652638190954774,0.5509788099860605
40,848,T57S:S75F:T76S:S77N:Y95F,5,True,0.08692458340578177,0.30619912335629307,9.352451370874595,0.7952261306532663,0.5507126270047797
40,849,S30N:I52S:T76S:S84N:R87T,5,True,0.09982528135983922,0.7667501565435191,8.23778734714959,0.3344849246231156,0.5506175405833174
40,850,F29S:S30N:N59A:S77N,4,True,0.11681155720716732,0.9962429555416406,7.616182527375763,0.10489949748743718,0.5505712265145388
40,851,I52S:A58T:S84N:Y95F,4,True,0.09027352938540102,0.4139010644959299,9.059178873341976,0.6868718592964824,0.5503864618962062
40,852,F29S:S30N:S31N:I52S:T57S,5,True,0.10261364055378734,0.8353162179085786,8.091981092124506,0.26476130653266333,0.550038762220621
40,853,S30N:T57S:S75F:S84N,4,True,0.08070269641928343,0.1443331246086412,9.897500898135743,0.9557160804020101,0.5500246025053256
40,854,N59A:K74I:S77N:S84N:R87T,5,True,0.10323959523901557,0.8472135253600501,8.060696498560706,0.25282663316582915,0.5500200792629396
40,855,I52S:N59A:S75F:T76S:R87T,5,True,0.08499151536819732,0.2482780212899186,9.541462914090443,0.8517587939698492,0.550018407629884
40,856,K74I:S84N:Y95F,3,True,0.0811785704663065,0.15529117094552286,9.859804530388766,0.9447236180904522,0.5500073945179875
40,857,F29S:I52S:N59A:Y95F,4,True,0.10494279835569517,0.8844708829054477,7.973165781586306,0.21545226130653267,0.5499615721059902
40,858,F29S:S30N:I52S:T71S:R87T,5,True,0.105408597380147,0.8922980588603632,7.95508145966338,0.20760050251256282,0.549949280686463
40,859,T71S:S75F:S77N:S84N:Y106S,5,True,0.08995642107720342,0.3994990607388854,9.08922614558721,0.7003768844221105,0.549937972580498
40,860,F29S:I52S:T57S:T71S:T76S,5,True,0.10112811217391243,0.802128991859737,8.161262866902065,0.29773869346733667,0.5499338426635368
40,861,N59A:K74I:T76S:S77N:S84N,5,True,0.09976957059937441,0.7639323731997495,8.240885334643764,0.33542713567839194,0.5496797544390707
40,862,N59A:K74I:S84N,3,True,0.08618246794035238,0.2836568566061365,9.424357637542743,0.815640703517588,0.5496487800618622
40,863,S30N:A58T:S75F:S84N,4,True,0.08289154264947979,0.19380087664370696,9.742184481661523,0.905464824120603,0.549632850382155
40,864,I52S:S75F:S77N:Y95F:Y106S,5,True,0.08747566048147738,0.3199749530369443,9.282073093764827,0.7792085427135679,0.5495917478752561
40,865,T71S:S77N:R87T:Y106S,4,True,0.09568345667785692,0.6274264245460238,8.523345019754126,0.47173366834170855,0.5495800464438662
40,866,S31N:T57S:K74I:S77N:S84N,5,True,0.09468675596082327,0.5954915466499687,8.60363506372049,0.5034547738693468,0.5494731602596578
40,867,I52S:T57S:R87T:Y106S,4,True,0.08840701972740381,0.34971822166562305,9.204667815756956,0.7487437185929648,0.5492309701292939
40,868,S30N:K74I:S84N,3,True,0.08251153834241484,0.18378209142141516,9.770688322494845,0.914572864321608,0.5491774778715116
40,869,N59A:S75F:S84N,3,True,0.0788232775472515,0.11020663744520977,10.124526294508989,0.9880653266331658,0.5491359820391878
40,870,I52S:T76S:S84N:Y95F,4,True,0.09116525575074155,0.44740137758296805,8.955751044235669,0.6507537688442211,0.5490775732135946
40,871,S30N:T71S:S75F:T76S:S77N,5,True,0.08717098217484592,0.3121477770820288,9.304790792271179,0.7854899497487438,0.5488188634153863
40,872,F29S:R87T,2,True,0.09697352033047162,0.6718847839699437,8.43250276979988,0.4255653266331658,0.5487250553015548
40,873,S31N:K74I:T76S:S77N:Y106S,5,True,0.09178159068578072,0.4746399499060739,8.893163314989188,0.6228015075376885,0.5487207287218812
40,874,S30N:I52S:K74I:Y95F,4,True,0.08219264382552961,0.17783343769567939,9.785033365301782,0.9195979899497487,0.5487157138227141
40,875,I52S:N59A:K74I:S77N:Y106S,5,True,0.09449675799400985,0.5864120225422668,8.6201247389718,0.5109924623115578,0.5487022424269123
40,876,S30N:K74I:T76S:S77N:Y106S,5,True,0.09461996057342568,0.5907952410770194,8.609601411723634,0.5062814070351759,0.5485383240560977
40,877,F29S:T57S:N59A:S75F:R87T,5,True,0.09934607710855041,0.7529743268628679,8.257067582684355,0.3439070351758794,0.5484406810193736
40,878,I52S:N59A:S75F:S77N:Y95F,5,True,0.08813628948696518,0.34095178459611775,9.220742382053743,0.7556532663316583,0.548302525463888
40,879,N59A:K74I:S77N:R87T:Y106S,5,True,0.09859494023280294,0.7266750156543519,8.306699748852042,0.3696608040201005,0.5481679098372262
40,880,I52S:S77N:S84N:Y95F:Y106S,5,True,0.09917461598546079,0.7467125860989355,8.27009964409725,0.3495603015075377,0.5481364438032366
40,881,F29S:A58T:T76S:S77N,4,True,0.11047822387701196,0.9592986850344396,7.759109195183131,0.13693467336683418,0.5481166792006369
40,882,S31N:I52S:T76S:S84N,4,True,0.08849178374800645,0.3519098309329994,9.191818785135736,0.7440326633165829,0.5479712471247912
40,883,S30N:A58T:S75F:S84N:R87T,5,True,0.09030621661597564,0.41546649968691296,9.04236750524966,0.6802763819095478,0.5478714407982304
40,884,S30N:T76S:S84N:Y106S,4,True,0.09350443782258702,0.5485284909204758,8.713351971481842,0.5471105527638191,0.5478195218421475
40,885,S31N:I52S:T57S:S75F:S77N,5,True,0.08570040718110353,0.2680025046963056,9.46236547986305,0.8275753768844221,0.5477889407903638
40,886,S31N:I52S:S75F:S77N:Y106S,5,True,0.08685139970929286,0.30432060112711334,9.32736837950378,0.7911432160804021,0.5477319086037578
40,887,I52S:S77N:S84N:R87T:Y95F,5,True,0.10255378819309217,0.8334376956793988,8.08457812829145,0.2619346733668342,0.5476861845231165
40,888,F29S:N59A:S77N:S84N,4,True,0.11952005549839559,0.9993738259236068,7.546335637302139,0.09579145728643217,0.5475826416050195
40,889,S31N:K74I:S75F:T76S:R87T,5,True,0.08084781656655705,0.14809016906700062,9.866839397503114,0.946608040201005,0.5473491046340028
40,890,F29S:S30N:T76S:Y95F,4,True,0.10559969474204225,0.8941765810895429,7.940316689813062,0.20037688442211055,0.5472767327558268
40,891,S31N:I52S:K74I:R87T:Y95F,5,True,0.0887691431344185,0.35879774577332496,9.169375511584999,0.7355527638190955,0.5471752547962102
40,892,S30N:N59A:S84N:Y106S,4,True,0.09567642661207929,0.6271133375078272,8.510293635630767,0.4670226130653266,0.5470679752865769
40,893,I52S:T57S:N59A:K74I:S77N,5,True,0.09410346624798945,0.5695053224796494,8.65678330778062,0.5244974874371859,0.5470014049584176
40,894,S31N:I52S:K74I:R87T:Y106S,5,True,0.08910149539084916,0.36975579211020665,9.144128311531869,0.7239321608040201,0.5468439764571134
40,895,I52S:T57S:N59A:S75F:S77N,5,True,0.0882136087811451,0.3431433938634941,9.20932377391599,0.7503140703517588,0.5467287321076264
40,896,S31N:I52S:T76S:R87T,4,True,0.08858468778245045,0.35472761427676897,9.177014017940277,0.7383793969849246,0.5465535056308468
40,897,F29S:S30N:S31N:N59A:S75F,5,True,0.09782463889999987,0.697871008140263,8.368997230766523,0.3951005025125628,0.5464857553264129
40,898,T71S:S75F:T76S:S77N,4,True,0.08282223462526886,0.19067000626174077,9.733790122374996,0.9016959798994975,0.5461829930806191
40,899,F29S:S31N:R87T:Y95F,4,True,0.10554697588535156,0.893237319974953,7.936790549124257,0.1984924623115578,0.5458648911432554
40,900,F29S:A58T:N59A:S75F:S77N,5,True,0.10283684715081823,0.8400125234815279,8.058368206763681,0.25125628140703515,0.5456344024442815
40,901,F29S:S31N:A58T:K74I:S75F,5,True,0.08974621732795723,0.39292423293675643,9.084957412327151,0.6978643216080402,0.5453942772723983
40,902,F29S:S30N:T57S:N59A:S75F,5,True,0.09802636672096457,0.7047589229805886,8.349126834661208,0.3859924623115578,0.5453756926460732
40,903,F29S:T57S:T71S:K74I:S84N,5,True,0.10289865112172476,0.8409517845961177,8.048371264828614,0.2496859296482412,0.5453188571221794
40,904,S31N:N59A:S75F:S77N,4,True,0.08484844500797946,0.24358171571696932,9.530877936276859,0.8470477386934674,0.5453147272052183
40,905,A58T:S75F:S84N:Y95F,4,True,0.08208612380651861,0.17345021916092673,9.775859359579014,0.9170854271356784,0.5452678231483026
40,906,I52S:T76S:S84N:Y106S,4,True,0.09055229733182923,0.42423293675641827,9.005073874203667,0.6661432160804021,0.5451880764184102
40,907,F29S:S31N:I52S:T57S:T76S,5,True,0.10154878175499277,0.8115216030056356,8.116347123069435,0.27858040201005024,0.5450510025078429
40,908,T57S:K74I:S75F:T76S:R87T,5,True,0.08132433371604879,0.15904821540388228,9.820867941392793,0.9305904522613065,0.5448193338325944
40,909,I52S:A58T:S75F:R87T:Y95F,5,True,0.0835246142525863,0.20945522855353788,9.659874624449186,0.8800251256281407,0.5447401770908393
40,910,T57S:K74I:S77N:R87T:Y106S,5,True,0.09672350159152522,0.6646837820914214,8.430946814679876,0.42462311557788945,0.5446534488346555
40,911,K74I:S75F:S77N:Y95F,4,True,0.07968971047027008,0.12460864120225423,9.944108644839446,0.9645100502512562,0.5445593457267552
40,912,S30N:T57S:K74I:S77N:S84N,5,True,0.09670545326574147,0.6637445209768316,8.43156935290727,0.42525125628140703,0.5444978886291193
40,913,S30N:S31N:K74I:S84N,4,True,0.08602294173119637,0.27770820288040077,9.412600091906283,0.8112437185929648,0.5444759607366828
40,914,S31N:I52S:S75F:T76S:R87T,5,True,0.08389191490866536,0.2201001878522229,9.60473977232801,0.8687185929648241,0.5444093904085235
40,915,I52S:T71S:S77N:Y106S,4,True,0.09297996109715069,0.5250469630557295,8.748317571164128,0.5637562814070352,0.5444016222313823
40,916,S31N:I52S:S84N,3,True,0.0825563467858297,0.18503443957420163,9.737048831486868,0.9035804020100503,0.5443074207921259
40,917,T57S:S75F:T76S:S84N,4,True,0.08079100476119454,0.14683782091421416,9.852033796176572,0.9415829145728644,0.5442103677435393
40,918,F29S:N59A:T71S:S84N,4,True,0.11480447961885047,0.9912335629304947,7.560602407008613,0.09704773869346733,0.544140650811981
40,919,F29S:A58T:N59A:R87T,4,True,0.11098889730576544,0.9646211646837821,7.693250267436137,0.12342964824120603,0.5440254064624941
40,920,I52S:T57S:S75F:R87T:Y95F,5,True,0.08365902703673406,0.21415153412648716,9.628881538057426,0.8737437185929648,0.543947626359726
40,921,S30N:K74I:S75F:R87T,4,True,0.07899781326848399,0.11490294301815905,9.98231987983127,0.9729899497487438,0.5439464463834514
40,922,S30N:A58T:S77N,3,True,0.08919719408255632,0.37351283656856604,9.118182282822197,0.7141959798994975,0.5438544082340317
40,923,S30N:I52S:K74I,3,True,0.07831367321827896,0.1023794614902943,10.069806323292063,0.9852386934673367,0.5438090774788155
40,924,T57S:K74I:S77N:Y106S,4,True,0.08999933574378045,0.40169067000626174,9.056452873130194,0.6856155778894473,0.5436531239478545
40,925,I52S:A58T:T71S:S75F:S77N,5,True,0.08455889614658574,0.234815278647464,9.54325617215852,0.8523869346733668,0.5436011066604154
40,926,S31N:T76S:S77N:S84N:R87T,5,True,0.1017015689441707,0.8137132122730119,8.107778838045725,0.27324120603015073,0.5434772091515813
40,927,T57S:A58T:S75F:S77N,4,True,0.08126221452749464,0.15810895428929242,9.81502022863093,0.9287060301507538,0.5434074922200232
40,928,S31N:S84N:R87T:Y95F,4,True,0.09272123558427832,0.513149655604258,8.772376139417696,0.5734924623115578,0.5433210589579078
40,929,S30N:K74I:S84N:Y106S,4,True,0.08772698236308493,0.32936756418284285,9.230938932037137,0.7572236180904522,0.5432955911366475
40,930,S31N:I52S:S77N:S84N:Y106S,5,True,0.09755875158767516,0.6894176581089543,8.373490783713398,0.3969849246231156,0.5432012913660349
40,931,F29S:I52S:T57S:S84N:R87T,5,True,0.10732686876039409,0.9185973700688791,7.847292114721751,0.16771356783919597,0.5431554689540375
40,932,F29S:I52S:A58T:T76S:S77N,5,True,0.1073534747220218,0.9192235441452724,7.84582943544499,0.1670854271356784,0.5431544856404754
40,933,F29S:I52S:T57S:T71S:R87T,5,True,0.10344434328594145,0.8525360050093926,8.007423756617143,0.23366834170854273,0.5431021733589677
40,934,I52S:T57S:S77N:R87T:Y95F,5,True,0.10023545268793653,0.7789605510331872,8.181808018985132,0.3068467336683417,0.5429036423507645
40,935,S30N:I52S:S75F:T76S,4,True,0.07990104846295265,0.12773951158422042,9.903833525392645,0.9579145728643216,0.542827042224271
40,936,S31N:I52S:N59A:S75F:S77N,5,True,0.0881020123263997,0.3403256105197245,9.19315165817912,0.7452889447236181,0.5428072776216712
40,937,I52S:N59A:K74I:S77N:Y95F,5,True,0.09363085932332803,0.5535378835316218,8.676862298542234,0.532035175879397,0.5427865297055094
40,938,S31N:A58T:S84N:R87T,4,True,0.0951771710238656,0.6095804633688165,8.53303653155383,0.47581658291457285,0.5426985231416948
40,939,S31N:K74I:T76S:S77N:Y95F,5,True,0.09110338142373955,0.445835942391985,8.93406374240183,0.6394472361809045,0.5426415892864447
40,940,F29S:I52S:T76S:S84N:Y95F,5,True,0.10589061491606713,0.8988728866624922,7.897256660793148,0.18624371859296482,0.5425583026277285
40,941,T57S:S75F:S84N:R87T:Y95F,5,True,0.08695979762573942,0.30776455854727613,9.27704293968186,0.777324120603015,0.5425443395751456
40,942,F29S:S30N:A58T:T71S:S75F,5,True,0.09281930828086996,0.5169067000626174,8.759865829587874,0.5681532663316583,0.5425299831971379
40,943,T76S:S77N:S84N:R87T:Y95F,5,True,0.10396235683948817,0.8659987476518473,7.979538421877719,0.2189070351758794,0.5424528914138633
40,944,F29S:S31N:T57S:K74I:S84N,5,True,0.1022832412461828,0.8274890419536631,8.073700256626942,0.25722361809045224,0.5423563300220577
40,945,S30N:N59A:K74I:S77N:S84N,5,True,0.10027292735159138,0.779899812147777,8.174625665644225,0.30433417085427134,0.5421169915010242
40,946,S30N:I52S:N59A:K74I:R87T,5,True,0.09249796353292697,0.5037570444583594,8.792157220873172,0.5804020100502513,0.5420795272543053
40,947,I52S:T57S:A58T:S77N:S84N,5,True,0.09864721466545931,0.7291797119599248,8.278707992003167,0.3548994974874372,0.5420396047236811
40,948,T57S:T76S:S77N:Y95F,4,True,0.0935038230566228,0.5482154038822793,8.686213835452893,0.5358040201005025,0.5420097119913909
40,949,I52S:T71S:K74I:T76S,4,True,0.08075879787190268,0.14621164683782092,9.840122171374402,0.9375,0.5418558234189105
40,950,S31N:K74I:S84N:R87T:Y106S,5,True,0.09150895735640927,0.4633688165309956,8.888805693526217,0.6202889447236181,0.5418288806273068
40,951,F29S:S30N:I52S:T71S:S84N,5,True,0.10622574885501572,0.9038822792736381,7.880886074645687,0.17964824120603015,0.5417652602398341
40,952,S30N:I52S:K74I:Y106S,4,True,0.08395158067910634,0.22072636192861617,9.580653479873378,0.862751256281407,0.5417388091050116
40,953,S31N:T57S:S75F:T76S:S77N,5,True,0.08572455319025617,0.26988102692548527,9.416859086949804,0.8134422110552764,0.5416616189903808
40,954,S30N:S31N:T76S:S77N:R87T,5,True,0.09999180405523542,0.7726988102692548,8.190794127700281,0.3106155778894472,0.541657194079351
40,955,I52S:N59A:S75F:S77N:Y106S,5,True,0.08865122747809459,0.35629304946775203,9.15195348181968,0.7267587939698492,0.5415259217188007
40,956,F29S:S30N:S31N:T71S,4,True,0.100504001674528,0.7864746399499061,8.160307093736286,0.2964824120603015,0.5414785260051038
40,957,T57S:K74I:T76S:R87T,4,True,0.08584532163682893,0.2736380713838447,9.402284727268983,0.8090452261306532,0.541341648757249
40,958,F29S:T57S:A58T:K74I:S75F,5,True,0.09004776406813665,0.40419536631183467,9.040496080762221,0.678391959798995,0.5412936630554148
40,959,K74I:S84N:Y106S,3,True,0.08071987743083725,0.14527238572323106,9.8377189314764,0.9371859296482412,0.5412291576857361
40,960,S31N:N59A:K74I:S75F:S77N,5,True,0.08536451269029008,0.2595491546649969,9.442080375827267,0.8228643216080402,0.5412067381365185
40,961,T71S:S75F:T76S:S84N,4,True,0.0813454217985026,0.1612398246712586,9.788801458199904,0.9211683417085427,0.5412040831899007
40,962,K74I:S75F:T76S:R87T:Y95F,5,True,0.08192740681203053,0.16938008766437068,9.767603554241585,0.9130025125628141,0.5411913001135924
40,963,F29S:N59A:T71S:S77N,4,True,0.11358439180775556,0.9830932999373826,7.572492580631943,0.0992462311557789,0.5411697655465807
40,964,I52S:A58T:S77N:R87T:Y106S,5,True,0.09924931990725143,0.7489041953663118,8.235295296861814,0.3332286432160804,0.5410664192911961
40,965,S75F:S77N:Y95F,3,True,0.07662757743675212,0.08641202254226675,10.217520853100833,0.9949748743718593,0.540693448457063
40,966,I52S:S75F:T76S:S84N,4,True,0.0789873370520893,0.11458985597996243,9.956956340191608,0.9667085427135679,0.5406491993467651
40,967,T71S:K74I:T76S:S84N,4,True,0.08698757878277452,0.308703819661866,9.270168599279266,0.7722989949748744,0.5405014073183703
40,968,T57S:N59A:K74I:S77N:R87T,5,True,0.09857956988385258,0.7263619286161553,8.278341651082505,0.35458542713567837,0.5404736778759168
40,969,F29S:I52S:T57S:S77N:S84N,5,True,0.10892237419563813,0.9398872886662493,7.769639937599712,0.14101758793969849,0.5404524383029738
40,970,I52S:T76S:R87T:Y95F,4,True,0.0911958952184625,0.4492798998121478,8.912579168190264,0.6315954773869347,0.5404376885995412
40,971,N59A:K74I:T76S:R87T,4,True,0.08623415327204548,0.2852222917971196,9.353037937449914,0.7955402010050251,0.5403812464010723
40,972,S30N:I52S:S75F:T76S:S84N,5,True,0.08663080940197629,0.29962429555416403,9.289637663839704,0.7807788944723618,0.5402015950132629
40,973,F29S:S30N:N59A:T71S:S75F,5,True,0.0959369625694288,0.6390106449592987,8.456670672461897,0.4412688442211055,0.5401397445902021
40,974,I52S:A58T:K74I:S77N:Y95F,5,True,0.09094061851369582,0.4402003757044458,8.936774701848162,0.6400753768844221,0.540137876294434
40,975,F29S:S31N:N59A:S75F:S77N,5,True,0.1034208038875391,0.852222917971196,7.996126827423914,0.22801507537688442,0.5401189966740402
40,976,S30N:S31N:K74I:T76S:R87T,5,True,0.08951783941521875,0.3841577958672511,9.078888274606221,0.6959798994974874,0.5400688476823692
40,977,I52S:T57S:S75F:S77N:Y106S,5,True,0.0871284846066244,0.3108954289292423,9.25925964259246,0.7691582914572864,0.5400268601932644
40,978,S31N:I52S:S75F:S77N:Y95F,5,True,0.08617893843366024,0.2830306825297433,9.357007044014553,0.7967964824120602,0.5399135824709018
40,979,S30N:N59A:T76S:S84N,4,True,0.09734724811752851,0.6831559173450219,8.37222409222974,0.3966708542713568,0.5399133858081894
40,980,I52S:T57S:A58T:K74I:R87T,5,True,0.08831678821509259,0.34627426424546026,9.165374092888294,0.7333542713567839,0.5398142678011221
40,981,A58T:S75F:T76S:S84N,4,True,0.08266664994156896,0.18722604884157795,9.700987835092617,0.8922738693467337,0.5397499590941558
40,982,T57S:K74I:T76S:S84N,4,True,0.0871782647659201,0.31277395115842205,9.250880786915662,0.7666457286432161,0.5397098399008191
40,983,S30N:S31N:I52S:S84N:R87T,5,True,0.09674359877879547,0.6649968691296181,8.410626849019758,0.41425879396984927,0.5396278315497337
40,984,S31N:A58T:K74I:S77N:R87T,5,True,0.09684037680784584,0.6684408265497809,8.402442627270883,0.4108040201005025,0.5396224233251417
40,985,T71S:K74I:S75F:S77N,4,True,0.07926863655994962,0.11897307451471509,9.915756587060022,0.9601130653266332,0.5395430699206741
40,986,T71S:K74I:S77N,3,True,0.08483272310571277,0.2429555416405761,9.500880667961617,0.8360552763819096,0.5395054090112428
40,987,I52S:N59A:S84N:Y95F,4,True,0.09359241015558625,0.5516593613024421,8.663775433767642,0.527324120603015,0.5394917409527286
40,988,I52S:N59A:T71S:S84N,4,True,0.09370321565766863,0.5569818409517846,8.645894933623639,0.5219849246231156,0.5394833827874501
40,989,I52S:K74I:S84N,3,True,0.07620269283398436,0.08140262993112085,10.255187802014984,0.9974874371859297,0.5394450335585252
40,990,F29S:I52S:A58T:T71S:S84N,5,True,0.1050640844681464,0.8869755792110207,7.911529780596846,0.19189698492462312,0.5394362820678219
40,991,A58T:S75F:S84N,3,True,0.07676577385609767,0.08829054477144646,10.158466909548514,0.9905778894472361,0.5394342171093413
40,992,I52S:S75F:S84N:Y95F,4,True,0.0791873729130512,0.11709455228553538,9.924209503769028,0.9616834170854272,0.5393889846854812
40,993,F29S:S30N:I52S:R87T:Y95F,5,True,0.10820962744531716,0.9329993738259236,7.786289086683257,0.1457286432160804,0.539364008521002
40,994,S31N:K74I:R87T,3,True,0.0803929338676911,0.1374452097683156,9.851582457806217,0.9412688442211056,0.5393570269947106
40,995,I52S:A58T:N59A:S84N,4,True,0.09296513889084769,0.5241077019411396,8.729051507574992,0.5543341708542714,0.5392209363977055
40,996,F29S:I52S:A58T:S84N:R87T,5,True,0.10817634951058928,0.9320601127113337,7.789085681880301,0.146356783919598,0.5392084483154659
40,997,S30N:I52S:T71S:S84N,4,True,0.09230691704511602,0.4940513462742642,8.802632615252092,0.5838567839195979,0.5389540650969311
40,998,F29S:T57S:N59A:S84N,4,True,0.11683800557955042,0.9965560425798372,7.442821595233019,0.08134422110552764,0.5389501318426824
40,999,S31N:T57S:K74I:S75F:R87T,5,True,0.07894125899984103,0.11208515967438948,9.95336834378315,0.9657663316582915,0.5389257456663405
40,1000,S30N:T57S:T76S:S84N,4,True,0.09392858674850821,0.5635566687539136,8.627349475399653,0.5141331658291457,0.5388449172915297
40,1001,N59A:S75F:S84N:R87T:Y95F,5,True,0.08976422507681764,0.3938634940513463,9.049385148376759,0.6837311557788944,0.5387973249151203
40,1002,I52S:T71S:S77N:S84N:R87T,5,True,0.10186976980781205,0.8187226048841578,8.075912379410227,0.25879396984924624,0.5387582873667021
40,1003,T57S:S75F:S77N,3,True,0.07681156808264847,0.08860363180964308,10.130260860404093,0.9886934673366834,0.5386485495731632
40,1004,A58T:N59A:S84N:R87T,4,True,0.1007329531819157,0.7911709455228554,8.136276915878646,0.28611809045226133,0.5386445179875583
40,1005,S30N:A58T:K74I:S77N:S84N,5,True,0.09800801141853697,0.7038196618659988,8.31416723667923,0.373429648241206,0.5386246550536024
40,1006,T76S:S77N:S84N:R87T:Y106S,5,True,0.10261820453059654,0.8356293049467752,8.02464450867982,0.24152010050251257,0.5385747027246439
40,1007,F29S:S30N:I52S:S77N:Y95F,5,True,0.10922419635337617,0.9442705072010019,7.739514609307154,0.13285175879396985,0.5385611329974859
40,1008,S31N:T57S:K74I:T76S:S77N,5,True,0.09145398333326193,0.46117720726361927,8.88127996019088,0.615891959798995,0.5385345835313071
40,1009,F29S:T71S:K74I:R87T:Y95F,5,True,0.101048407979554,0.8005635566687539,8.112791620909384,0.2760678391959799,0.5383156979323669
40,1010,F29S:T71S:K74I:S84N:Y95F,5,True,0.10259892806915515,0.8340638697557922,8.02574238777864,0.24246231155778894,0.5382630906567906
40,1011,S30N:T57S:K74I:T76S:S77N,5,True,0.09451564786748982,0.58703819661866,8.569738930302677,0.48932160804020103,0.5381799023294305
40,1012,T57S:T71S:S75F:S84N,4,True,0.08064708179954061,0.1424546023794615,9.829078644071862,0.9337311557788944,0.5380928790791779
40,1013,S30N:S77N:S84N:R87T:Y106S,5,True,0.10368000217269423,0.858797745773325,7.9761642500236345,0.21733668341708542,0.5380672145952052
40,1014,S31N:S75F:S77N,3,True,0.07663704869221298,0.08672510958046337,10.14164650998208,0.989321608040201,0.5380233588103321
40,1015,I52S:S75F:R87T:Y106S,4,True,0.0807355742434852,0.14558547276142766,9.818810697048946,0.9302763819095478,0.5379309273354878
40,1016,S30N:S75F:S77N,3,True,0.07608120892740827,0.07952410770194114,10.228144083418806,0.9962311557788944,0.5378776317404178
40,1017,S31N:T57S:T76S:S77N:R87T,5,True,0.09737299321416917,0.684721352536005,8.357718428583544,0.3910175879396985,0.5378694702378517
40,1018,K74I:S75F:R87T:Y95F,4,True,0.07761371115094835,0.09517845961177207,10.028652636746857,0.9805276381909548,0.5378530489013634
40,1019,S31N:T71S:S75F:S84N,4,True,0.08016378922854125,0.13212273011897308,9.857246989694906,0.9431532663316583,0.5376379982253157
40,1020,I52S:A58T:S77N:S84N:Y95F,5,True,0.0989141262702976,0.7360676268002505,8.24555489559425,0.3391959798994975,0.537631803349874
40,1021,F29S:S31N:N59A:S84N,4,True,0.11487302868372425,0.9924859110832811,7.4524914338992705,0.08260050251256282,0.537543206797922
40,1022,F29S:S30N:K74I:T76S:Y95F,5,True,0.10116978527855248,0.8033813400125235,8.10655649397609,0.2716708542713568,0.5375260971419401
40,1023,F29S:S31N:I52S:T71S:T76S,5,True,0.09948725741627448,0.7564182842830307,8.205179772475333,0.3184673366834171,0.5374428104832238
40,1024,F29S:S31N:T71S:S75F:Y95F,5,True,0.09208473864269556,0.4862241703193488,8.814359090994692,0.5885678391959799,0.5373960047576644
40,1025,F29S:T57S:N59A:T71S:S75F,5,True,0.09512808949162846,0.6073888541014402,8.510337834117252,0.46733668341708545,0.5373627687592628
40,1026,S30N:S31N:T76S:S77N:S84N,5,True,0.1003842141407075,0.7839699436443331,8.146714199634996,0.2905150753768844,0.5372425095106088
40,1027,S31N:S77N:Y95F,3,True,0.08743047147756118,0.31840951784596117,9.222722725723306,0.7559673366834171,0.5371884272646892
40,1028,F29S:S30N:I52S:T57S:S84N,5,True,0.10753841288882603,0.9232936756418284,7.809030897989121,0.1507537688442211,0.5370237222430247
40,1029,T71S:K74I:S77N:R87T:Y95F,5,True,0.09580138843930433,0.6330619912335629,8.456340092781629,0.44095477386934673,0.5370083825514548
40,1030,S31N:S75F:T76S:S77N:Y95F,5,True,0.08576923891121527,0.27050720100187853,9.383418099857737,0.803391959798995,0.5369495804004367
40,1031,A58T:S75F:S77N,3,True,0.07619340477611254,0.08108954289292424,10.180272428046703,0.9927763819095478,0.536932962401236
40,1032,S31N:K74I:T76S:S84N,4,True,0.0848222563535059,0.24232936756418283,9.482971804809791,0.8313442211055276,0.5368367943348552
40,1033,F29S:N59A:K74I:Y95F,4,True,0.1010662267307783,0.8011897307451471,8.106819394343558,0.27229899497487436,0.5367443628600107
40,1034,S31N:I52S:T57S:S75F:R87T,5,True,0.08186285916364477,0.16844082654978085,9.737563097553936,0.9045226130653267,0.5364817198075538
40,1035,S31N:S75F:T76S:S77N:Y106S,5,True,0.08609648749370405,0.2802128991859737,9.339124018936475,0.792713567839196,0.5364632335125848
40,1036,K74I:S84N:R87T:Y95F:Y106S,5,True,0.09333084822375907,0.5410144020037571,8.676678058738949,0.5317211055276382,0.5363677537656977
40,1037,S30N:I52S:A58T:K74I,4,True,0.08062349620525447,0.14182842830306824,9.822379090484,0.9309045226130653,0.5363664754580668
40,1038,F29S:S30N:T57S:A58T:S75F,5,True,0.09429656731290087,0.5782717595491547,8.581101802196272,0.4943467336683417,0.5363092466087482
40,1039,F29S:S31N:I52S:S84N:R87T,5,True,0.10559881291034885,0.8938634940513462,7.877959571605524,0.17870603015075376,0.53628476210105
40,1040,F29S:S30N:I52S:T71S:S77N,5,True,0.10721101350440622,0.9173450219160927,7.8192126650160345,0.1551507537688442,0.5362478878424685
40,1041,I52S:T71S:S75F:T76S:R87T,5,True,0.08387254806495904,0.21947401377582967,9.546355368847218,0.8530150753768844,0.5362445445763571
40,1042,T57S:N59A:S75F:T76S:S77N,5,True,0.08838755585844028,0.3487789605510332,9.143363830361732,0.7236180904522613,0.5361985255016473
40,1043,T71S:S75F:S84N,3,True,0.07571657357781071,0.07576706324358172,10.232025095586833,0.9965452261306532,0.5361561446871175
40,1044,F29S:S30N:K74I:S77N:Y95F,5,True,0.1060557230670038,0.9007514088916719,7.855824526627525,0.1708542713567839,0.535802840124228
40,1045,I52S:T57S:S77N:R87T:Y106S,5,True,0.09985809200657494,0.7680025046963056,8.172582143669933,0.30339195979899497,0.5356972322476503
40,1046,K74I:R87T:Y95F,3,True,0.08228471233775417,0.17877269881026925,9.7010107043777,0.8925879396984925,0.5356803192543809
40,1047,I52S:T76S:R87T:Y106S,4,True,0.09047870065299793,0.4207889793362555,8.955613077728112,0.6504396984924623,0.5356143389143588
40,1048,T71S:S75F:S84N:Y106S,4,True,0.08085381994447108,0.14840325610519725,9.794890632344464,0.9227386934673367,0.535570974786267
40,1049,I52S:A58T:T71S:S75F:R87T,5,True,0.08217574887589253,0.17720726361928615,9.702375403386602,0.8938442211055276,0.5355257423624069
40,1050,I52S:K74I:R87T:Y95F:Y106S,5,True,0.09048625605324326,0.4211020663744521,8.954157877402459,0.6494974874371859,0.535299776905819
40,1051,F29S:I52S:T76S:R87T:Y95F,5,True,0.1064735984588276,0.9073262366938009,7.840076526283097,0.16300251256281406,0.5351643746283075
40,1052,F29S:S31N:I52S:T71S:S84N,5,True,0.10375483385969571,0.8606762680025047,7.96173167337179,0.20948492462311558,0.5350805963128101
40,1053,S30N:K74I:S75F:S84N,4,True,0.07658139016181473,0.08609893550407013,10.047478573144303,0.9839824120603015,0.5350406737821858
40,1054,S30N:N59A:K74I:T76S:S77N,5,True,0.09580779174054457,0.6333750782717595,8.447137682188005,0.43655778894472363,0.5349664336082416
40,1055,S31N:T57S:S75F:S77N,4,True,0.08124603729003521,0.15716969317470256,9.766447026815907,0.9126884422110553,0.534929067692879
40,1056,I52S:A58T:S77N:S84N:Y106S,5,True,0.09843407174894779,0.7197871008140263,8.272072356984795,0.3498743718592965,0.5348307363366613
40,1057,I52S:A58T:K74I:S77N:Y106S,5,True,0.09145097929373361,0.46055103318722607,8.868454839287377,0.6089824120603015,0.5347667226237638
40,1058,T71S:S75F:S77N,3,True,0.07617940687743696,0.08046336881653099,10.139200594960966,0.9890075376884422,0.5347354532524866
40,1059,F29S:S30N:K74I:R87T:Y95F,5,True,0.1047743444693656,0.8807138384470883,7.902658367018171,0.18875628140703518,0.5347350599270617
40,1060,T57S:K74I:T76S:S77N:Y95F,5,True,0.09271483828658696,0.5128365685660614,8.7343445780082,0.5565326633165829,0.5346846159413221
40,1061,N59A:T71S:S75F:S84N:R87T,5,True,0.0892735384883993,0.3772698810269255,9.071186510246177,0.6918969849246231,0.5345834329757744
40,1062,S31N:T76S:S84N,3,True,0.08485100398496097,0.24389480275516592,9.451472317389891,0.8250628140703518,0.5344788084127589
40,1063,T57S:A58T:S75F:S84N,4,True,0.08107177670055021,0.1527864746399499,9.773999481403107,0.9161432160804021,0.534464845360176
40,1064,T71S:S75F:S77N:R87T:Y106S,5,True,0.08880506158647956,0.3600500939261115,9.10582376683914,0.7085427135678392,0.5342964037469753
40,1065,F29S:A58T:K74I:S77N:S84N,5,True,0.10802411859016567,0.9283030682529744,7.767040378937777,0.14007537688442212,0.5341892225686983
40,1066,I52S:N59A:T71S:S75F:S77N,5,True,0.08745521427491916,0.3190356919223544,9.206068338791027,0.7490577889447236,0.5340467404335391
40,1067,S30N:A58T:K74I:S77N:R87T,5,True,0.0991120798647864,0.7432686286787727,8.21541739812243,0.32474874371859297,0.5340086861986828
40,1068,F29S:S31N:S75F:T76S:Y95F,5,True,0.09363466360320456,0.554164057608015,8.62656441450162,0.5138190954773869,0.533991576542701
40,1069,N59A:T71S:K74I:S77N,4,True,0.09031856636005564,0.41577958672510956,8.961213645543738,0.6520100502512562,0.5338948184881829
40,1070,S30N:S31N:S75F:T76S:R87T,5,True,0.08358111839419599,0.2113337507827176,9.55794584153969,0.8561557788944724,0.533744764838595
40,1071,T57S:K74I:S75F:S77N:Y95F,5,True,0.08364846074471201,0.21383844708829056,9.548889655532397,0.8536432160804021,0.5337408315843463
40,1072,S31N:K74I:S75F:R87T:Y95F,5,True,0.08017104463740318,0.1324358171571697,9.834257530043296,0.9349874371859297,0.5337116271715497
40,1073,I52S:T57S:N59A:S75F:R87T,5,True,0.08355989712786203,0.21070757670632437,9.55869520577098,0.8564698492462312,0.5335887129762777
40,1074,I52S:T57S:K74I:T76S,4,True,0.08227517228516418,0.17845961177207265,9.684358897535082,0.8885050251256281,0.5334823184488504
40,1075,S31N:T57S:K74I:S75F:S77N,5,True,0.08304561670687895,0.1963055729492799,9.613906264369263,0.8706030150753769,0.5334542940123284
40,1076,S30N:A58T:T76S:S77N,4,True,0.09511533924458833,0.6070757670632436,8.49189015729084,0.45979899497487436,0.533437381019059
40,1077,S31N:K74I:S75F:S77N:Y95F,5,True,0.08318227394480446,0.20194113963681903,9.58700243067007,0.864321608040201,0.53313137383851
40,1078,I52S:S75F:S77N,3,True,0.07506392025883953,0.06825297432686286,10.257110379211825,0.9978015075376885,0.5330272409322757
40,1079,F29S:I52S:T76S:S77N:Y95F,5,True,0.10874865571876773,0.9370695053224797,7.718598657456767,0.12845477386934673,0.5327621395959132
40,1080,I52S:N59A:S75F:R87T:Y95F,5,True,0.08457570623331874,0.23512836568566062,9.47836096378584,0.8300879396984925,0.5326081526920765
40,1081,S30N:S31N:I52S:T76S:S77N,5,True,0.09710728669410533,0.6750156543519098,8.355668850479821,0.3900753768844221,0.532545515618166
40,1082,A58T:K74I:S75F:S84N,4,True,0.0778664665110195,0.09674389480275516,9.96057365663374,0.9682788944723618,0.5325113946375585
40,1083,S30N:A58T:K74I:S77N,4,True,0.09005107506091033,0.4045084533500313,8.985519857887091,0.660175879396985,0.5323421663735082
40,1084,N59A:T71S:K74I:S75F:S77N,5,True,0.0844287612655566,0.23105823418910457,9.489060577815946,0.8332286432160804,0.5321434387025925
40,1085,S30N:S75F:T76S:S84N:Y95F,5,True,0.08645801684811734,0.2939887288666249,9.261027986135083,0.7701005025125628,0.5320446156895938
40,1086,F29S:S30N:A58T:S75F:T76S,5,True,0.09595196614380531,0.6399499060738886,8.428469368145757,0.42305276381909546,0.531501334946492
40,1087,I52S:S75F:R87T,3,True,0.07458983213919272,0.06418284283030683,10.276028539442875,0.9987437185929648,0.5314632807116358
40,1088,S75F:S77N:S84N,3,True,0.07449215285470003,0.06324358171571696,10.398641389013953,0.9993718592964824,0.5313077205060996
40,1089,S30N:I52S:T57S:S75F,4,True,0.0762430271075705,0.08234189104571071,10.025939694648757,0.980213567839196,0.5312777294424533
40,1090,S30N:S75F:R87T:Y106S,4,True,0.07961269776767713,0.12335629304946776,9.84747489575296,0.9390703517587939,0.5312133224041309
40,1091,S31N:S84N:Y106S,3,True,0.0848522419167359,0.24420788979336255,9.430700510779998,0.8181532663316583,0.5311805780625104
40,1092,S31N:A58T:K74I:S77N,4,True,0.08840405586130443,0.34940513462742645,9.115334639419014,0.7123115577889447,0.5308583462081856
40,1093,F29S:A58T:N59A:S77N,4,True,0.11557493338867834,0.9949906073888541,7.325722442426791,0.06658291457286432,0.5307867609808592
40,1094,T71S:K74I:T76S:R87T,4,True,0.08431849978767761,0.22761427676894178,9.491887511490498,0.8338567839195979,0.5307355303442699
40,1095,S30N:T71S:K74I:S77N:S84N,5,True,0.09650364841489449,0.6562304320601127,8.38653045517562,0.40483668341708545,0.530533557738599
40,1096,I52S:T57S:K74I:R87T:Y106S,5,True,0.08944123940923515,0.3822792736380714,9.040199406229569,0.6780778894472361,0.5301785815426537
40,1097,F29S:S30N:I52S:A58T:S84N,5,True,0.10721241707783417,0.9176581089542893,7.7727974989295285,0.14227386934673367,0.5299659891505115
40,1098,S31N:I52S:A58T:T76S:S77N,5,True,0.09353880884821077,0.550093926111459,8.617653602606854,0.5097361809045227,0.5299150535079908
40,1099,F29S:T76S:S77N:S84N:R87T,5,True,0.11327347170954302,0.9815278647463995,7.42666748156778,0.0782035175879397,0.5298656911671696
40,1100,S75F:S84N:Y95F,3,True,0.07427738027020686,0.06073888541014402,10.273661256078434,0.9984296482412061,0.529584266825675
40,1101,I52S:A58T:N59A:R87T,4,True,0.08844736756335081,0.3506574827802129,9.10554735237902,0.7079145728643216,0.5292860278222673
40,1102,F29S:S31N:K74I:R87T:Y95F,5,True,0.10229322014490799,0.8278021289918598,7.999991520084939,0.2305276381909548,0.5291648835914073
40,1103,S30N:S77N:S84N:R87T:Y95F,5,True,0.1044333062679808,0.876017532874139,7.885151154349514,0.18216080402010051,0.5290891684471197
40,1104,S30N:T57S:S75F:T76S:R87T,5,True,0.08403333708902784,0.22260488415779586,9.498286927454407,0.835427135678392,0.5290160099180939
40,1105,S31N:I52S:T71S:S75F:S77N,5,True,0.08569352718385351,0.26768941765810894,9.325876362561832,0.7902010050251256,0.5289452113416173
40,1106,S30N:I52S:T76S,3,True,0.08590330074231205,0.2752035065748278,9.294834296376875,0.7826633165829145,0.5289334115788712
40,1107,S30N:K74I:S84N:Y95F,4,True,0.0872670794073811,0.3143393863494051,9.189201507271939,0.7434045226130653,0.5288719544812353
40,1108,S75F:S84N:R87T,3,True,0.07408659470442985,0.06011271133375078,10.233401855785035,0.9971733668341709,0.5286430390839608
40,1109,S30N:S84N:Y95F:Y106S,4,True,0.09187807143960292,0.47839699436443334,8.78948563641114,0.5788316582914573,0.5286143263279454
40,1110,F29S:N59A:T71S:R87T,4,True,0.10714241828416397,0.9164057608015028,7.7695211064571,0.1407035175879397,0.5285546391947212
40,1111,I52S:T57S:T71S:S75F:S77N,5,True,0.08592290738945754,0.27582968065122104,9.290734022971941,0.7810929648241206,0.5284613227376709
40,1112,F29S:S30N:T57S:K74I:S84N,5,True,0.10470202347308306,0.8794614902943018,7.8731423498526,0.1774497487437186,0.5284556195190102
40,1113,F29S:N59A:K74I:S77N:R87T,5,True,0.11289383578158693,0.9796493425172198,7.418051194986867,0.07726130653266332,0.5284553245249416
40,1114,F29S:N59A:T76S:S77N,4,True,0.11547445757281494,0.9946775203506575,7.297675074049865,0.062185929648241205,0.5284317249994493
40,1115,S30N:S31N:S75F:R87T,4,True,0.07869283597509155,0.10676268002504696,9.874169153544544,0.9500628140703518,0.5284127470476994
40,1116,S31N:T57S:S77N,3,True,0.08726582863812626,0.3140262993112085,9.189057681637275,0.7427763819095478,0.5284013406103781
40,1117,T71S:K74I:S84N,3,True,0.08236414448269139,0.18096430807764557,9.636306077127541,0.8756281407035176,0.5282962243905815
40,1118,S30N:N59A:K74I:S75F:R87T,5,True,0.08276239130058531,0.18879148403256105,9.60111359784713,0.8677763819095478,0.5282839329710544
40,1119,S30N:I52S:T57S:T76S:S77N,5,True,0.09856084567265931,0.725735754539762,8.224856632295065,0.33071608040201006,0.5282259174708861
40,1120,F29S:S30N:T76S:S77N:R87T,5,True,0.11509994591059176,0.9937382592360676,7.301710584245743,0.0625,0.5281191296180339
40,1121,S30N:I52S:T57S:T76S:R87T,5,True,0.09473817797308011,0.597683155917345,8.489246131092832,0.4585427135678392,0.5281129347425921
40,1122,S31N:S77N:S84N:R87T:Y106S,5,True,0.10103586570103969,0.8002504696305573,8.068856645929083,0.2559673366834171,0.5281089031569872
40,1123,S31N:I52S:A58T:K74I:R87T,5,True,0.08806701217473792,0.3393863494051346,9.124565271730697,0.7163944723618091,0.5278904108834719
40,1124,I52S:N59A:K74I:T76S,4,True,0.0818228289381479,0.16781465247338762,9.684062972404105,0.8878768844221105,0.5278457684477491
40,1125,N59A:K74I:S75F:R87T,4,True,0.07749205074264162,0.09423919849718222,9.924067041256551,0.9613693467336684,0.5278042726154253
40,1126,K74I:S75F:S77N:Y106S,4,True,0.0803736765817413,0.13713212273011896,9.781133566767949,0.9183417085427136,0.5277369156364162
40,1127,S30N:S31N:I52S:K74I:T76S,5,True,0.08646569991889409,0.2949279899812148,9.237669352130439,0.7603643216080402,0.5276461557946275
40,1128,N59A:K74I:S75F:S84N,4,True,0.07875865191765831,0.10801502817783344,9.867692959972011,0.9472361809045227,0.527625604541178
40,1129,N59A:S75F:S77N:Y95F:Y106S,5,True,0.08725912750810116,0.3137132122730119,9.18609379668851,0.7415201005025126,0.5276166563877622
40,1130,S31N:K74I:R87T:Y106S,4,True,0.08378312599609045,0.21665623043206012,9.504505838280616,0.8385678391959799,0.52761203481402
40,1131,I52S:T71S:S84N:Y106S,4,True,0.09070891078383461,0.43049467752035064,8.894952132466127,0.6246859296482412,0.5275903035842959
40,1132,S77N:S84N:R87T:Y95F:Y106S,5,True,0.10304735059263233,0.8425172197871008,7.9681150617343945,0.21262562814070352,0.5275714239639022
40,1133,F29S:S31N:T76S:Y95F,4,True,0.1014532511142268,0.8099561678146525,8.03502943212328,0.2449748743718593,0.527465521093256
40,1134,S30N:T76S:S77N:S84N:Y106S,5,True,0.10173067474339666,0.8143393863494052,8.022736799246879,0.24057788944723618,0.5274586378983207
40,1135,N59A:K74I:S77N:S84N:Y106S,5,True,0.09929612998435243,0.7507827175954915,8.174444368978747,0.30402010050251255,0.527401409049002
40,1136,S31N:N59A:S75F:T76S:S77N,5,True,0.0877385763772507,0.32968065122103946,9.1456677666558,0.7248743718592965,0.527277511540168
40,1137,S30N:N59A:S75F:R87T,4,True,0.0804578282575963,0.13901064495929868,9.772914585389698,0.9155150753768844,0.5272628601680915
40,1138,F29S:S31N:N59A:S75F:S84N,5,True,0.10196184313241306,0.8209142141515341,8.006761635161222,0.2333542713567839,0.527134242754159
40,1139,N59A:K74I:R87T:Y95F,4,True,0.08541816574712273,0.2623669380087664,9.332766304399033,0.7917713567839196,0.527069147396343
40,1140,S30N:I52S:N59A:S77N:R87T,5,True,0.10359973559225102,0.8562930494677521,7.933435717352367,0.1975502512562814,0.5269216503620168
40,1141,S30N:K74I:R87T:Y95F,4,True,0.08712617617474386,0.3105823418910457,9.189198553342464,0.7430904522613065,0.5268363970761761
40,1142,T57S:T71S:S75F:T76S:S77N,5,True,0.0860373866135185,0.27833437695679397,9.27432436269192,0.7751256281407035,0.5267300025487487
40,1143,F29S:S30N:T76S:S77N:S84N,5,True,0.11395856717010716,0.9859110832811522,7.327259582049211,0.0675251256281407,0.5267181044546464
40,1144,A58T:S75F:S77N:Y106S,4,True,0.08148735696688855,0.16217908578584847,9.693784514860441,0.8910175879396985,0.5265983368627735
40,1145,T57S:K74I:S84N,3,True,0.08124804798672496,0.1574827802128992,9.707542878010685,0.8954145728643216,0.5264486765386104
40,1146,S30N:I52S:A58T:T76S:S77N,5,True,0.09705275433824624,0.6728240450845335,8.33190922583414,0.3800251256281407,0.5264245853563372
40,1147,S31N:I52S:T57S:S77N:S84N,5,True,0.09719507085025522,0.6778334376956794,8.316948632248437,0.375,0.5264167188478397
40,1148,I52S:A58T:K74I:S75F:T76S,5,True,0.07745000439314666,0.09329993738259236,9.90971007211118,0.9594849246231156,0.526392431002854
40,1149,F29S:S31N:K74I:T76S:Y95F,5,True,0.09808053308279154,0.7066374452097683,8.262972161048106,0.3457914572864322,0.5262144512481003
40,1150,F29S:T57S:A58T:S75F:T76S,5,True,0.0942420786758982,0.5757670632435817,8.535889670012846,0.4764447236180904,0.526105893430836
40,1151,S31N:T71S:K74I:S75F:R87T,5,True,0.07910248148098932,0.1158422041327489,9.836315716997698,0.9362437185929648,0.5260429613628569
40,1152,S31N:S75F:T76S:S84N,4,True,0.07911916490120167,0.11615529117094553,9.835940838736128,0.9359296482412061,0.5260424697060758
40,1153,F29S:T71S:T76S:S77N:R87T,5,True,0.11103349173495211,0.9652473387601753,7.477542243341013,0.08668341708542714,0.5259653779228012
40,1154,S30N:S31N:I52S:A58T:S77N,5,True,0.09333871650174207,0.5416405760801503,8.617903608351721,0.5100502512562815,0.5258454136682158
40,1155,S31N:S75F:S77N:Y95F:Y106S,5,True,0.08526791171320827,0.25579211020663745,9.353611548107228,0.7958542713567839,0.5258231907817107
40,1156,T57S:N59A:S75F:S77N:Y95F,5,True,0.08700444084306831,0.30932999373825926,9.18731239471689,0.7421482412060302,0.5257391174721447
40,1157,S31N:I52S:N59A:S75F:R87T,5,True,0.08384175392034306,0.21790857858484658,9.490274717211124,0.8335427135678392,0.5257256460763429
40,1158,T57S:S75F:S84N,3,True,0.07335863871442157,0.0554164057608015,10.225027868883295,0.9959170854271356,0.5256667455939685
40,1159,F29S:S31N:A58T:T71S:S75F,5,True,0.09155965793584023,0.4658735128365686,8.808282358972335,0.585427135678392,0.5256503242574803
40,1160,F29S:T57S:T76S:S77N:R87T,5,True,0.11391323720769006,0.9855979962429555,7.318429722747219,0.06564070351758794,0.5256193498802717
40,1161,F29S:S30N:S77N:S84N:R87T,5,True,0.11483388040605023,0.9921728240450846,7.271780126843149,0.059045226130653265,0.5256090250878689
40,1162,S31N:T71S:K74I:S75F:S77N,5,True,0.08290155800459084,0.19411396368190356,9.559404270852257,0.8570979899497487,0.5256059768158261
40,1163,S30N:T71S:K74I:T76S:S77N,5,True,0.09298300091836305,0.5256731371321227,8.658737678832255,0.5254396984924623,0.5255564178122925
40,1164,I52S:T57S:K74I,3,True,0.07517069820129357,0.06919223544145273,10.03431704089274,0.9817839195979899,0.5254880775197214
40,1165,S30N:S31N:I52S:S75F,4,True,0.07643873210861543,0.08390732623669381,9.958755282388346,0.9670226130653267,0.5254649696510102
40,1166,S30N:S31N:N59A:S77N,4,True,0.09467116792021121,0.5932999373825923,8.48793299816505,0.4576005025125628,0.5254502199475776
40,1167,I52S:A58T:T71S:S77N,4,True,0.09014956262863061,0.4082654978083907,8.940963464004996,0.6425879396984925,0.5254267187534416
40,1168,F29S:N59A:S77N:Y95F,4,True,0.11612422068606416,0.9956167814652473,7.2428350331534475,0.05496231155778895,0.5252895465115182
40,1169,S30N:I52S:N59A:K74I,4,True,0.08313701319005974,0.20006261740763934,9.539224364342694,0.8505025125628141,0.5252825649852267
40,1170,T71S:S75F:S84N:R87T:Y95F,5,True,0.087477490269372,0.3206011271133375,9.159761665663837,0.7295854271356784,0.5250932771245079
40,1171,F29S:S30N:K74I:S84N:Y95F,5,True,0.1043057227268439,0.8741390106449592,7.869931295376694,0.17587939698492464,0.525009203814942
40,1172,N59A:K74I:T76S:S84N,4,True,0.08955754380064411,0.3863494051346274,8.997711866156122,0.6636306532663316,0.5249900292004795
40,1173,F29S:I52S:A58T:T71S:R87T,5,True,0.10305100183642946,0.8428303068252975,7.954655867499639,0.2069723618090452,0.5249013343171713
40,1174,S30N:N59A:T71S:S77N,4,True,0.09356375256624852,0.5510331872260489,8.58977546969846,0.49874371859296485,0.5248884529095068
40,1175,S75F:T76S:S84N,3,True,0.07333287800811442,0.055103318722604884,10.21569609658926,0.9946608040201005,0.5248820613713527
40,1176,T71S:S75F:S84N:Y95F,4,True,0.08134319327351616,0.16061365059486538,9.687834385495362,0.8891331658291457,0.5248734082120056
40,1177,T71S:S75F:T76S:S77N:Y106S,5,True,0.08600071378710616,0.2767689417658109,9.271387000883236,0.772927135678392,0.5248480387221015
40,1178,F29S:I52S:A58T:T71S:S77N,5,True,0.10511355796342459,0.8882279273638072,7.836364802906768,0.1614321608040201,0.5248300440839136
40,1179,N59A:S75F:T76S:S84N,4,True,0.08348841512344007,0.20851596743894804,9.510934866096672,0.8410804020100503,0.5247981847244991
40,1180,T57S:T76S:S77N:S84N:R87T,5,True,0.10370080333156605,0.8597370068879149,7.905011995535653,0.18969849246231155,0.5247177496751132
40,1181,T71S:S75F:T76S:S77N:Y95F,5,True,0.08580615276769817,0.271759549154665,9.278165867847346,0.7776381909547738,0.5246988700547194
40,1182,S31N:I52S:T57S:K74I:S75F,5,True,0.0760870102395506,0.07983719474013776,9.964145419264193,0.969535175879397,0.5246861853097674
40,1183,S30N:I52S:T57S:S75F:T76S,5,True,0.08253383422612795,0.1844082654978084,9.587219205734929,0.8646356783919598,0.524521971944884
40,1184,S31N:I52S:S75F:S84N,4,True,0.07750091728355406,0.09455228553537884,9.890140860664058,0.9544597989949749,0.5245060422651768
40,1185,F29S:S31N:I52S:T71S:S77N,5,True,0.1057145187171449,0.8963681903569192,7.814320991226845,0.15263819095477388,0.5245031906558465
40,1186,T71S:K74I:S75F:R87T,4,True,0.07601086641632755,0.07858484658735128,9.967157309454702,0.9701633165829145,0.5243740815851329
40,1187,F29S:N59A:T76S:S84N,4,True,0.11423523417069445,0.9884157795867251,7.287187211646438,0.06030150753768844,0.5243586435622067
40,1188,T57S:T71S:K74I:S77N:R87T,5,True,0.09543647241812851,0.6161552911709455,8.441681337357569,0.4324748743718593,0.5243150827714024
40,1189,S31N:I52S:R87T,3,True,0.0844088117990927,0.23074514715090796,9.430685707853682,0.8178391959798995,0.5242921715654038
40,1190,A58T:N59A:S75F:S84N,4,True,0.08489168047288377,0.24577332498434565,9.382601517231755,0.8027638190954773,0.5242685720399115
40,1191,F29S:T71S:K74I:S77N:Y95F,5,True,0.10382721820704723,0.862867877269881,7.8951157997649455,0.18561557788944724,0.5242417275796641
40,1192,F29S:I52S:T57S:A58T:R87T,5,True,0.10481181071034285,0.8819661865998748,7.845139323258771,0.16645728643216082,0.5242117365160178
40,1193,S31N:I52S:S84N:R87T:Y106S,5,True,0.0945015632472459,0.5867251095804634,8.49941839892873,0.46168341708542715,0.5242042633329453
40,1194,N59A:K74I:S75F:R87T:Y95F,5,True,0.08107774822478393,0.15309956167814653,9.70642774682324,0.8951005025125628,0.5241000320953546
40,1195,I52S:T57S:T71S:S75F:R87T,5,True,0.08199718730820878,0.17063243581715717,9.651340994141465,0.8775125628140703,0.5240724993156137
40,1196,I52S:T71S:S75F:S77N:Y95F,5,True,0.0861255190752348,0.28083907326236696,9.252233015265466,0.7672738693467337,0.5240564713045504
40,1197,A58T:K74I:S77N:R87T:Y95F,5,True,0.09789870773252499,0.7006887914840325,8.264817320469756,0.34704773869346733,0.52386826508875
40,1198,F29S:S30N:I52S:T76S:Y95F,5,True,0.1052508170628726,0.8904195366311835,7.824992515449464,0.15672110552763818,0.5235703210794108
40,1199,I52S:T57S:A58T:K74I,4,True,0.07749122209074823,0.09392611145898559,9.885212526094094,0.9532035175879398,0.5235648145234627
40,1200,T71S:S75F:S77N:Y95F,4,True,0.08149311320721844,0.16249217282404507,9.67250163758858,0.8844221105527639,0.5234571416884045
40,1201,I52S:A58T:T71S:S77N:R87T,5,True,0.09836714708325524,0.7154038822792737,8.226039654855706,0.33134422110552764,0.5233740516924006
40,1202,S30N:I52S:T76S:S77N:Y106S,5,True,0.09888263969042065,0.7351283656856606,8.192086815548448,0.31155778894472363,0.5233430773151921
40,1203,F29S:A58T:K74I:S77N:R87T,5,True,0.11022713650436547,0.95648090169067,7.501798601367124,0.08951005025125629,0.5229954759709632
40,1204,T57S:S75F:S77N:Y95F:Y106S,5,True,0.08567859604017329,0.26706324358171574,9.282052473495686,0.7788944723618091,0.5229788579717625
40,1205,S30N:T76S:S77N:R87T:Y95F,5,True,0.1014597583722562,0.8102692548528491,8.011198702203192,0.23555276381909548,0.5229110093359722
40,1206,I52S:N59A:S75F:R87T:Y106S,5,True,0.08439957452569376,0.23043206011271133,9.421812127393583,0.8150125628140703,0.5227223114633908
40,1207,N59A:S75F:T76S:S77N:Y106S,5,True,0.08804611633064828,0.33813400125234816,9.104983862009343,0.707286432160804,0.522710216706576
40,1208,K74I:S75F:S77N,3,True,0.07292011635797073,0.05103318722604884,10.209045135992326,0.9943467336683417,0.5226899604471953
40,1209,F29S:T71S,2,True,0.0934549705222097,0.5460237946149029,8.591853559303402,0.49905778894472363,0.5225407917798133
40,1210,S31N:N59A:K74I:S75F:R87T,5,True,0.08083744459465428,0.14777708202880402,9.715123931191194,0.8972989949748744,0.5225380385018392
40,1211,S30N:I52S:K74I:S84N:Y95F,5,True,0.09030321844605778,0.41515341264871636,8.907042660403926,0.6297110552763819,0.5224322339625491
40,1212,S30N:T71S:K74I:S75F:R87T,5,True,0.08095523815580728,0.14996869129618035,9.706176106774375,0.894786432160804,0.5223775617284921
40,1213,S75F:S84N:Y106S,3,True,0.07294128553585656,0.051972448340638695,10.17607004799579,0.992462311557789,0.5222173799492138
40,1214,S31N:N59A:K74I:S77N:S84N,5,True,0.09876402180893197,0.7316844082654979,8.196310453405163,0.3125,0.5220922041327489
40,1215,S31N:I52S:A58T:K74I,4,True,0.07718451653384265,0.09048215403882279,9.885273333595833,0.9535175879396985,0.5219998709892607
40,1216,S30N:I52S:T71S:K74I:R87T,5,True,0.09046063213601394,0.4198497182216656,8.894158298371561,0.6240577889447236,0.5219537535831946
40,1217,I52S:T57S:S84N:R87T:Y106S,5,True,0.09552465569188634,0.6202254226675016,8.429576779467384,0.4236809045226131,0.5219531635950574
40,1218,F29S:S31N:I52S:T71S:R87T,5,True,0.10250284302682067,0.8331246086412023,7.963932137682867,0.21074120603015076,0.5219329073356765
40,1219,S31N:T71S:S75F:S84N:R87T,5,True,0.08590869302062482,0.27551659361302444,9.256592518896769,0.7682160804020101,0.5218663370075173
40,1220,I52S:K74I:S75F:T76S,4,True,0.07436718566051456,0.061991233562930494,10.033147371386535,0.9814698492462312,0.5217305414045809
40,1221,A58T:T71S:S75F:S84N:R87T,5,True,0.08900747881202958,0.3678772698810269,9.036961008352508,0.6755653266331658,0.5217212982570963
40,1222,F29S:S31N:N59A:R87T,4,True,0.1095874210602125,0.9502191609267376,7.5265883286246975,0.09296482412060302,0.5215919925236703
40,1223,F29S:S30N:T76S:S84N:R87T,5,True,0.11242050631157254,0.9768315591734502,7.323619867997436,0.06626884422110553,0.5215502016972778
40,1224,S30N:T57S:T76S:S77N:R87T,5,True,0.10128339156171637,0.8055729492798999,8.012944196453292,0.23743718592964824,0.5215050676047741
40,1225,S31N:I52S:A58T:K74I:S75F,5,True,0.07532085320184563,0.07075767063243582,9.976406606839262,0.9720477386934674,0.5214027046629516
40,1226,S30N:I52S:K74I:S75F,4,True,0.07459472785006818,0.06449592986850344,10.003082981569596,0.9777010050251256,0.5210984674468145
40,1227,T57S:T76S:S84N:Y95F,4,True,0.09152506596306387,0.4646211646837821,8.786751793920489,0.5775753768844221,0.5210982707841021
40,1228,N59A:S75F:T76S:S84N:R87T,5,True,0.08931401161311432,0.37883531621790856,8.997000491915475,0.6633165829145728,0.5210759495662407
40,1229,I52S:K74I:T76S:Y95F,4,True,0.08199382818084189,0.17000626174076394,9.620017667120344,0.871859296482412,0.520932779111588
40,1230,I52S:T57S:N59A:S77N:R87T,5,True,0.10157938814896185,0.8130870381966186,7.99747105265336,0.228643216080402,0.5208651271385103
40,1231,S30N:T57S:S75F:T76S:S84N,5,True,0.08634473550693464,0.2902316844082655,9.210857583630037,0.7512562814070352,0.5207439829076503
40,1232,F29S:S31N:N59A:S75F:R87T,5,True,0.09913024763678399,0.7445209768315592,8.160731289186705,0.2967964824120603,0.5206587296218097
40,1233,T57S:A58T:K74I:S75F:S77N,5,True,0.08325740604827835,0.20381966186599876,9.503281811044335,0.8373115577889447,0.5205656098274718
40,1234,S30N:T57S:S75F:R87T,4,True,0.07825417376593706,0.1008140262993112,9.850282924727786,0.9400125628140703,0.5204132945566907
40,1235,T57S:K74I:S75F:S77N:Y106S,5,True,0.08410443815235948,0.22417031934877896,9.424692557308378,0.8165829145728644,0.5203766169608217
40,1236,T57S:N59A:T76S:S77N,4,True,0.09585377995039135,0.6349405134627426,8.389185256345632,0.4057788944723618,0.5203597039675523
40,1237,T57S:A58T:K74I:S77N:R87T,5,True,0.09732163462335391,0.6819035691922355,8.284903438928254,0.3586683417085427,0.5202859554503891
40,1238,I52S:N59A:S75F:T76S,4,True,0.07651013186070828,0.08547276142767689,9.891908786542222,0.9550879396984925,0.5202803505630846
40,1239,S31N:I52S:R87T:Y106S,4,True,0.08798065740923858,0.33562930494677523,9.099982733691995,0.7047738693467337,0.5202015871467545
40,1240,S30N:S31N:T57S:S75F:S77N,5,True,0.0848099454315519,0.24201628052598623,9.365723019302598,0.7983668341708543,0.5201915573484203
40,1241,I52S:T57S:S77N:S84N:Y95F,5,True,0.09928316719653542,0.7501565435190983,8.146516434292021,0.29020100502512564,0.520178774272112
40,1242,F29S:S30N:N59A:K74I:S77N,5,True,0.11020743207228242,0.9558547276142768,7.46565683854113,0.08448492462311558,0.5201698261186962
40,1243,F29S:T57S:K74I:T76S:Y95F,5,True,0.09995819443473296,0.771759549154665,8.100924279804467,0.26853015075376885,0.520144849954217
40,1244,F29S:A58T:T76S:R87T,4,True,0.10733959006911142,0.9189104571070758,7.683207679887899,0.12123115577889447,0.5200708064429851
40,1245,S31N:T71S:K74I:S84N,4,True,0.0851557697872157,0.2536005009392611,9.305737657030996,0.7864321608040201,0.5200163308716406
40,1246,S30N:S75F:T76S:R87T:Y106S,5,True,0.08458403544677504,0.23544145272385722,9.384589370481722,0.8040201005025126,0.5197307766131849
40,1247,S30N:A58T:T76S:S84N,4,True,0.09590161423670633,0.6374452097683156,8.380220563113154,0.4020100502512563,0.519727630009786
40,1248,S30N:T76S:S77N:R87T:Y106S,5,True,0.10122726418240771,0.8043206011271133,8.009486911949857,0.23492462311557788,0.5196226121213456
40,1249,S31N:T71S:K74I:T76S:S77N,5,True,0.09050331817750701,0.42172824045084534,8.883864882685328,0.617462311557789,0.5195952760043172
40,1250,S75F:T76S:R87T,3,True,0.07305730461866439,0.052598622417031934,10.100785582875105,0.9864949748743719,0.5195467986457019
40,1251,I52S:T71S:T76S:S77N:S84N,5,True,0.09955377440205365,0.7573575453976206,8.124599645693149,0.2817211055276382,0.5195393254626294
40,1252,S31N:N59A:K74I:S84N:R87T,5,True,0.0946152546894434,0.5901690670006262,8.474295347424528,0.4488065326633166,0.5194877998319714
40,1253,S31N:I52S:T57S:S75F,4,True,0.07340028294840341,0.05572949279899812,10.039779976103578,0.9827261306532663,0.5192278117261322
40,1254,I52S:K74I:T76S:Y106S,4,True,0.08286649271401099,0.1928616155291171,9.526124187447259,0.8454773869346733,0.5191695012318952
40,1255,S31N:I52S:N59A:S77N:R87T,5,True,0.10102187612979371,0.799624295554164,8.018274743423914,0.23869346733668342,0.5191588814454238
40,1256,S31N:N59A:S75F:S77N:Y95F,5,True,0.0867592449586894,0.302128991859737,9.170768378020696,0.7361809045226131,0.519154948191175
40,1257,S30N:T57S:N59A:S84N,4,True,0.09556809907288116,0.6233562930494677,8.410846423816364,0.41457286432160806,0.5189645786855379
40,1258,T57S:N59A:S75F:S84N:R87T,5,True,0.08884285952444486,0.3622417031934878,9.035477132679182,0.675251256281407,0.5187464797374475
40,1259,I52S:T57S:K74I:S75F:Y95F,5,True,0.0769939089359868,0.08985597996242956,9.866952605019195,0.9469221105527639,0.5183890452575968
40,1260,I52S:N59A:K74I:R87T:Y95F,5,True,0.09015435536849899,0.4092047589229806,8.903594414851003,0.6275125628140703,0.5183586608685254
40,1261,S31N:T57S:K74I:S84N,4,True,0.08392736599896229,0.22041327489041954,9.424635250610642,0.8162688442211056,0.5183410595557626
40,1262,S31N:S75F:S84N,3,True,0.07243388936677055,0.045084533500313086,10.159419386789827,0.990891959798995,0.517988246649654
40,1263,S31N:T76S:S77N:Y95F,4,True,0.09116989147176544,0.4480275516593613,8.812220482610146,0.5879396984924623,0.5179836250759118
40,1264,T57S:T71S:K74I:S75F:R87T,5,True,0.07878663377115207,0.10895428929242329,9.810062761259127,0.926821608040201,0.5178879486663122
40,1265,I52S:A58T:K74I:R87T:Y95F,5,True,0.08942939775802022,0.38196618659987475,8.966432840819097,0.6535804020100503,0.5177732943049626
