candidate_id,mutant,mutation_count,P05_B3,P05_B5,P05_V83,A05_B3,A05_B5,A05_V83,P10_B3,P10_B5,P10_V83,A10_B3,A10_B5,A10_V83,P20_B3,P20_B5,P20_V83,A20_B3,A20_B5,A20_V83,P40_B3,P40_B5,P40_V83,A40_B3,A40_B5,A40_V83,RANDOM_HASH,SHUFFLE40_V83
F29S:T57S:K74I:S75F:Y95F,F29S:T57S:K74I:S75F:Y95F,5,9.629143972448643,9.5789099433974,9.5789099433974,9.629143972448643,9.5789099433974,9.5789099433974,9.544834440857263,9.606538757865865,9.606538757865865,8.722632042471881,9.286883692830791,9.286883692830791,9.672000314428425,9.694782793670786,9.694782793670786,8.19968291325006,9.089067981282204,9.089067981282204,9.625299924789035,9.611362634657443,9.611362634657443,8.828422768226458,9.470916020484534,8.828422768226458,0.7333036041818559,8.873637776464765
S30N:T57S:K74I:S75F:R87T,S30N:T57S:K74I:S75F:R87T,5,9.69611645326989,9.716687137510574,9.716687137510574,9.69611645326989,9.716687137510574,9.716687137510574,10.007567755570287,10.03455312451684,10.03455312451684,9.05613288335507,9.53472762688572,9.53472762688572,10.1111266339945,10.01938228920647,10.01938228920647,9.046125180067298,9.745072046628568,9.745072046628568,10.092732663653017,9.891351414276688,9.891351414276688,9.182979799285759,9.790522526837892,9.182979799285759,0.42601651372388005,8.607091073990732
F29S:K74I:S75F:S84N:Y95F,F29S:K74I:S75F:S84N:Y95F,5,10.055076950707253,10.00735488409965,10.00735488409965,10.055076950707253,10.00735488409965,10.00735488409965,9.652511423755138,9.75790396968506,9.75790396968506,8.679995682278165,9.358541841158514,9.358541841158514,9.731430423537832,9.75961186239092,9.75961186239092,7.861707763248338,9.149774944696475,9.149774944696475,9.721228138243694,9.650740439856797,9.650740439856797,8.801861459576669,9.49924912122447,8.801861459576669,0.8080931412987411,8.90929504608243
T57S:A58T:T71S:K74I:S75F,T57S:A58T:T71S:K74I:S75F,5,9.618904263200983,9.585048526156099,9.585048526156099,9.618904263200983,9.585048526156099,9.585048526156099,9.68437974519245,9.685884251154157,9.685884251154157,9.597595783994844,9.86025065310886,9.86025065310886,9.70792997667147,9.661557550191105,9.661557550191105,9.198439681617868,9.718312127193439,9.718312127193439,9.752044923750624,9.617123886787317,9.617123886787317,8.965914739777137,9.611195507323815,8.965914739777137,0.045196074526757,8.498675456732228
S30N:K74I:S75F:R87T:Y95F,S30N:K74I:S75F:R87T:Y95F,5,9.923358641087452,9.847929892541154,9.847929892541154,9.923358641087452,9.847929892541154,9.847929892541154,10.095916185921814,10.036464106109062,10.036464106109062,9.01477717423693,9.501327250369844,9.501327250369844,10.174696293839418,10.020426174209268,10.020426174209268,9.018509380323149,9.702916755057384,9.702916755057384,10.08453552360155,9.853710949169594,9.853710949169594,9.198931579163926,9.768606691905415,9.198931579163926,0.2199744307436049,8.767554181322208
F29S:T57S:K74I:S75F:S84N,F29S:T57S:K74I:S75F:S84N,5,9.80933155947297,9.770259735585142,9.770259735585142,9.80933155947297,9.770259735585142,9.770259735585142,9.558029276525385,9.662588386762275,9.662588386762275,8.80952059399134,9.435649663827597,9.435649663827597,9.62498145686537,9.671721852868002,9.671721852868002,7.992063311961612,9.18596648860589,9.18596648860589,9.653943140064639,9.583992333085531,9.583992333085531,8.799493045523203,9.494168431122857,8.799493045523203,0.06529519008472562,9.090492979669293
T57S:K74I:S75F:R87T:Y95F,T57S:K74I:S75F:R87T:Y95F,5,9.869077446062256,9.83997413717853,9.83997413717853,9.869077446062256,9.83997413717853,9.83997413717853,9.918292840729771,9.920445986809801,9.920445986809801,9.071102362139007,9.590383613879947,9.590383613879947,10.015894538057905,9.892959831308591,9.892959831308591,9.110048024454612,9.766714993078777,9.766714993078777,9.949498332235441,9.766694316661635,9.766694316661635,9.089183319433257,9.676245450499254,9.089183319433257,0.6483125181403011,8.811606764601196
K74I:S75F:S77N:S84N:R87T,K74I:S75F:S77N:S84N:R87T,5,10.107720951695661,9.975637434364176,9.975637434364176,10.107720951695661,9.975637434364176,9.975637434364176,10.04307870607626,9.993318210383132,9.993318210383132,8.74947260199179,9.409159718047027,9.409159718047027,10.124493989491707,10.035237556068928,10.035237556068928,8.143190746612682,9.3113694773828,9.3113694773828,9.993766960364148,9.79315156103488,9.79315156103488,9.037288320332312,9.677997321585659,9.037288320332312,0.6257974219042808,8.350294835884606
F29S:T57S:T71S:K74I:S75F,F29S:T57S:T71S:K74I:S75F,5,9.700912109417608,9.645039576979142,9.645039576979142,9.700912109417608,9.645039576979142,9.645039576979142,9.667574711869763,9.700015181617117,9.700015181617117,9.195813685578813,9.575816965542327,9.575816965542327,9.744345354266455,9.711306804957193,9.711306804957193,8.653613369701967,9.50481355329255,9.50481355329255,9.764844814082835,9.655599859925893,9.655599859925893,8.930493865061207,9.57528770404335,8.930493865061207,0.17027173331007361,8.621836852120836
T57S:K74I:S75F:R87T,T57S:K74I:S75F:R87T,4,9.751590832171145,9.698274714636149,9.698274714636149,9.751590832171145,9.698274714636149,9.698274714636149,9.879135009785925,9.830838059631951,9.830838059631951,9.33901769147491,9.863576455143832,9.863576455143832,9.979562735275536,9.70594867195491,9.70594867195491,9.322975889523507,10.121106393150214,10.121106393150214,9.939247621044746,9.60353742104729,9.60353742104729,9.430246541360216,9.89977458408976,9.430246541360216,0.23410514928400517,8.779911669242106
I52S:T57S:A58T:S75F:Y95F,I52S:T57S:A58T:S75F:Y95F,5,9.885929955823322,9.870828841184183,9.870828841184183,9.885929955823322,9.870828841184183,9.870828841184183,9.908043470212377,9.939663954815531,9.939663954815531,9.378046117774803,9.80293533307713,9.80293533307713,9.90570240358384,9.97174139990441,9.97174139990441,9.261639471583946,9.951735702824845,9.951735702824845,9.899971219732855,9.886026529857233,9.886026529857233,9.070961047780308,9.894844028122726,9.070961047780308,0.5015856120735407,8.825213744944229
S30N:T57S:K74I:S75F:S84N,S30N:T57S:K74I:S75F:S84N,5,9.898076057733235,9.844088653056358,9.844088653056358,9.898076057733235,9.844088653056358,9.844088653056358,9.935760163968963,9.945433988711088,9.945433988711088,9.042243611946096,9.581729628462417,9.581729628462417,9.997588916836662,9.974881961546295,9.974881961546295,8.609004049069178,9.47137730145821,9.47137730145821,9.956179863357516,9.794439881399345,9.794439881399345,9.084193716877866,9.709220997036637,9.084193716877866,0.1485249358229339,8.717374362589265
T57S:S75F:S84N:Y106S,T57S:S75F:S84N:Y106S,4,9.48157055713329,9.516252526756443,9.516252526756443,9.48157055713329,9.516252526756443,9.516252526756443,9.398785899339025,9.494978796224167,9.494978796224167,9.043730014627515,9.873477156187898,9.873477156187898,9.427183602787329,9.50593556605687,9.50593556605687,8.890389740770253,9.951460976702577,9.951460976702577,9.3508021182021,9.491622414840156,9.491622414840156,8.957829824401669,9.85811527673627,8.957829824401669,0.6921651898883283,8.855010702315514
I52S:T57S:A58T:S75F:S77N,I52S:T57S:A58T:S75F:S77N,5,9.956647374093647,9.853449592934625,9.853449592934625,9.956647374093647,9.853449592934625,9.853449592934625,10.006677140336038,10.030601753159806,10.030601753159806,9.194532541881145,9.614460907759927,9.614460907759927,9.997253592786496,10.023419384285097,10.023419384285097,8.789370809962541,9.640914324257869,9.640914324257869,9.962884441232099,9.9111469597862,9.9111469597862,8.999012738482577,9.778158618389599,8.999012738482577,0.8740224936045706,8.763569575259629
S30N:S31N:K74I:S75F:R87T,S30N:S31N:K74I:S75F:R87T,5,9.988761683650079,9.912196132673962,9.912196132673962,9.988761683650079,9.912196132673962,9.912196132673962,10.156264397785487,10.114052456132091,10.114052456132091,9.002493909483816,9.50743001889668,9.50743001889668,10.122429891512816,9.950746147428525,9.950746147428525,9.120856047693156,9.825302320084418,9.825302320084418,10.162351782225088,9.8538027242972,9.8538027242972,9.314030683138977,9.787817096008162,9.314030683138977,0.6071723191998899,8.723554298812243
S30N:A58T:T71S:K74I:S75F,S30N:A58T:T71S:K74I:S75F,5,9.504950232219363,9.464425720991898,9.464425720991898,9.504950232219363,9.464425720991898,9.464425720991898,9.688716850349556,9.637083653097413,9.637083653097413,9.356162205212076,9.686053557317399,9.686053557317399,9.736727576407834,9.678820907372359,9.678820907372359,9.036859200021322,9.607880930597322,9.607880930597322,9.797959951708394,9.649177828122083,9.649177828122083,8.951854043324085,9.570118983562532,8.951854043324085,0.61001859116368,8.631807960437145
S30N:N59A:K74I:S75F:Y106S,S30N:N59A:K74I:S75F:Y106S,5,9.452571298900368,9.495628173344032,9.495628173344032,9.452571298900368,9.495628173344032,9.495628173344032,9.415494052111232,9.477666425762463,9.477666425762463,9.178231154730824,9.626177009642129,9.626177009642129,9.535796595008426,9.536809145923995,9.536809145923995,8.995248315546746,9.625745303503288,9.625745303503288,9.612527195140819,9.582305528708265,9.582305528708265,8.841315350443878,9.556993002676931,8.841315350443878,0.5076607116498053,8.625649248082032
T57S:N59A:K74I:S75F:S77N,T57S:N59A:K74I:S75F:S77N,5,9.546889802201884,9.615952662595303,9.615952662595303,9.546889802201884,9.615952662595303,9.615952662595303,9.483369917529684,9.57708353362018,9.57708353362018,8.876173767689801,9.468675286647306,9.468675286647306,9.69109332687487,9.656645499664151,9.656645499664151,8.499868400033737,9.438324352572675,9.438324352572675,9.71170184475359,9.63102466197292,9.63102466197292,8.746571774120483,9.50460895329336,8.746571774120483,0.13636800437234342,8.573831989741095
T57S:K74I:S75F:T76S:Y95F,T57S:K74I:S75F:T76S:Y95F,5,9.870403000872432,9.792398195779958,9.792398195779958,9.870403000872432,9.792398195779958,9.792398195779958,9.91750607169283,9.919471070369053,9.919471070369053,8.979769103189488,9.51896786604747,9.51896786604747,9.952456606629344,9.836943403840632,9.836943403840632,9.238172838054787,9.809817938141585,9.809817938141585,9.911229846493278,9.757034374095033,9.757034374095033,9.116160020507312,9.74790678199261,9.116160020507312,0.4119276856072247,8.826513417129387
N59A:T71S:K74I:S75F:Y95F,N59A:T71S:K74I:S75F:Y95F,5,9.867923782333948,9.946155202499401,9.946155202499401,9.867923782333948,9.946155202499401,9.946155202499401,9.764724890176748,9.856680858189526,9.856680858189526,9.538513396207033,9.931645573096786,9.931645573096786,9.837254784052266,9.799182235632873,9.799182235632873,9.22880926422495,9.809239333700948,9.809239333700948,9.865509478612458,9.77492671403873,9.77492671403873,8.977134204572986,9.692349096614482,8.977134204572986,0.13586728204973042,8.717977181067559
A58T:K74I:S75F:T76S:S84N,A58T:K74I:S75F:T76S:S84N,5,9.831554766111292,9.728618685278976,9.728618685278976,9.831554766111292,9.728618685278976,9.728618685278976,9.76577982362657,9.744627132260185,9.744627132260185,8.94063685535784,9.43001699189927,9.43001699189927,9.82523782825977,9.727664645170176,9.727664645170176,8.44475807456668,9.362264127821494,9.362264127821494,9.749007949770169,9.619312419100629,9.619312419100629,8.906932291820485,9.462690973929828,8.906932291820485,0.042694877134636045,8.659549917142662
I52S:A58T:T71S:S75F:S84N,I52S:A58T:T71S:S75F:S84N,5,9.91983475664344,9.976439026370675,9.976439026370675,9.91983475664344,9.976439026370675,9.976439026370675,9.860285527231177,9.993253228290252,9.993253228290252,9.262405685773667,9.693390740602236,9.693390740602236,9.86557977180777,9.898589534322976,9.898589534322976,8.486698423819735,9.43332932975034,9.43332932975034,9.965213708821858,9.896933355799831,9.896933355799831,8.90607563472557,9.635194455017281,8.90607563472557,0.5840164017863572,8.690486769164433
T57S:T71S:S75F:Y95F,T57S:T71S:S75F:Y95F,4,9.418462182688353,9.39812398427054,9.39812398427054,9.418462182688353,9.39812398427054,9.39812398427054,9.517459713993798,9.577742316263233,9.577742316263233,9.179178427406407,9.579734039748237,9.579734039748237,9.552684531097709,9.535063459870113,9.535063459870113,9.333689151967395,9.75816680299242,9.75816680299242,9.529719029324356,9.544524357442613,9.544524357442613,9.079468842800656,9.851628281173529,9.079468842800656,0.31867022439837456,8.194542426801503
I52S:A58T:T71S:K74I:S75F,I52S:A58T:T71S:K74I:S75F,5,10.365508134370687,10.361023495898026,10.361023495898026,10.365508134370687,10.361023495898026,10.361023495898026,10.348029792447484,10.302839034448594,10.302839034448594,9.721319638431359,10.040394748931696,10.040394748931696,10.315200475269611,10.194512181816028,10.194512181816028,9.251055668161555,9.948352623110969,9.948352623110969,10.397784297195509,10.075649861181775,10.075649861181775,9.50000722753296,10.00889373365356,9.50000722753296,0.8705527377314866,8.599735019394391
F29S:I52S:S75F:S77N:S84N,F29S:I52S:S75F:S77N:S84N,5,9.911691720200668,9.9264181617799,9.9264181617799,9.911691720200668,9.9264181617799,9.9264181617799,9.641106525652775,9.768066372841242,9.768066372841242,8.646204955388008,9.453790063229592,9.453790063229592,9.660735838195153,9.722532250875558,9.722532250875558,7.708704909479621,9.29940796669549,9.29940796669549,9.698439999886872,9.671758654551736,9.671758654551736,8.441027222549682,9.392230898680886,8.441027222549682,0.9911198997870088,8.609589984239005
A58T:N59A:K74I:S75F:S84N,A58T:N59A:K74I:S75F:S84N,5,9.648621407361432,9.636911949707267,9.636911949707267,9.648621407361432,9.636911949707267,9.636911949707267,9.459540373904938,9.550388841549621,9.550388841549621,9.27606072886719,9.612561659220516,9.612561659220516,9.4879964381845,9.552073355990546,9.552073355990546,8.241135252997111,9.097466211585383,9.097466211585383,9.541594543586575,9.5186492900554,9.5186492900554,8.597857936065235,9.285637753006444,8.597857936065235,0.9801493366248906,8.388519490014042
S31N:K74I:S75F:Y106S,S31N:K74I:S75F:Y106S,4,9.738682870652546,9.61084836304898,9.61084836304898,9.738682870652546,9.61084836304898,9.61084836304898,9.744283135385647,9.543531731521137,9.543531731521137,9.108149337080238,9.711458952331295,9.711458952331295,9.7665699496139,9.42986691234715,9.42986691234715,9.390153435923564,9.834690450174941,9.834690450174941,9.7943277615516,9.40265004605742,9.40265004605742,9.406069809660808,9.753041007580087,9.406069809660808,0.8671940476633608,8.978250351315822
F29S:T57S:K74I:S75F,F29S:T57S:K74I:S75F,4,9.60583778427519,9.507191841970986,9.507191841970986,9.60583778427519,9.507191841970986,9.507191841970986,9.605470184744757,9.626379746995513,9.626379746995513,9.247380853694287,9.863477261704814,9.863477261704814,9.741801422236383,9.725776269090634,9.725776269090634,8.877863741652481,9.966385419143412,9.966385419143412,9.755144873348945,9.570065611822768,9.570065611822768,9.277260578948717,9.842158955375071,9.277260578948717,0.0928938442375511,9.043146023358078
A58T:K74I:S75F:T76S:Y95F,A58T:K74I:S75F:T76S:Y95F,5,9.783781121757393,9.709859857571683,9.709859857571683,9.783781121757393,9.709859857571683,9.709859857571683,9.73716331297025,9.768037615159766,9.768037615159766,9.052224853631557,9.518448859977852,9.518448859977852,9.751508159495131,9.71253529048756,9.71253529048756,9.038546381448842,9.648590124116476,9.648590124116476,9.67817741271575,9.611649591201424,9.611649591201424,8.901319925128949,9.565445976057244,8.901319925128949,0.936603961745277,8.930932510957854
I52S:A58T:S75F:S84N:Y95F,I52S:A58T:S75F:S84N:Y95F,5,10.076407649847807,10.039217629278564,10.039217629278564,10.076407649847807,10.039217629278564,10.039217629278564,9.807298480721434,9.867418389301964,9.867418389301964,9.158313451044684,9.627703776120349,9.627703776120349,9.87315758412016,9.902169587047883,9.902169587047883,8.505552332999468,9.436289414273027,9.436289414273027,9.913364662620388,9.837131979282736,9.837131979282736,8.840852787609244,9.557789575036775,8.840852787609244,0.5151490322314203,8.778165894705657
F29S:N59A:K74I:S75F:T76S,F29S:N59A:K74I:S75F:T76S,5,9.391420758107547,9.36852980507068,9.36852980507068,9.391420758107547,9.36852980507068,9.36852980507068,9.190483829401364,9.28431115674151,9.28431115674151,8.822281139281738,9.230737882038161,9.230737882038161,9.391147555721531,9.528024714872569,9.528024714872569,8.051921667110951,8.852154727784482,8.852154727784482,9.422465567670878,9.477829372306905,9.477829372306905,8.664153346617535,9.311084586259575,8.664153346617535,0.19676686241291463,8.532380971506292
F29S:I52S:N59A:S75F:S77N,F29S:I52S:N59A:S75F:S77N,5,9.418644124558071,9.546095121598814,9.546095121598814,9.418644124558071,9.546095121598814,9.546095121598814,9.119125996858726,9.367640536369011,9.367640536369011,8.403301946955207,9.039958889535757,9.039958889535757,9.339294996907002,9.607532414769626,9.607532414769626,7.336993366854054,8.65178521338582,8.65178521338582,9.39193633629088,9.556343273535145,9.556343273535145,8.217559843221443,9.184703837531353,8.217559843221443,0.3521623178385198,8.704182431323966
F29S:S30N:T57S:K74I:S75F,F29S:S30N:T57S:K74I:S75F,5,9.575912477660498,9.493816668544364,9.493816668544364,9.575912477660498,9.493816668544364,9.493816668544364,9.595853592489402,9.620587641836773,9.620587641836773,8.871180804907501,9.440341020150859,9.440341020150859,9.775842815376949,9.788401925711236,9.788401925711236,8.377719335143647,9.299684162573842,9.299684162573842,9.86621664839179,9.821513585141343,9.821513585141343,8.973140611038428,9.666603586535967,8.973140611038428,0.4845197007525712,8.903255734697558
T57S:N59A:K74I:S75F:S84N,T57S:N59A:K74I:S75F:S84N,5,9.798391001811938,9.834489544985848,9.834489544985848,9.798391001811938,9.834489544985848,9.834489544985848,9.674967259094474,9.817430535663247,9.817430535663247,9.165224011076127,9.615290252522948,9.615290252522948,9.735060332879872,9.746891799748868,9.746891799748868,8.395653332732184,9.257377218166775,9.257377218166775,9.705547091270404,9.652767893806873,9.652767893806873,8.762625497622542,9.449139784796408,8.762625497622542,0.18954194081015885,8.62254183796205
S30N:T71S:K74I:S75F:Y106S,S30N:T71S:K74I:S75F:Y106S,5,9.488676897447744,9.463616456185505,9.463616456185505,9.488676897447744,9.463616456185505,9.463616456185505,9.720396540365797,9.658137450563919,9.658137450563919,9.027456822938188,9.514497694822527,9.514497694822527,9.77335046145213,9.664414967196997,9.664414967196997,9.110037878303741,9.702897967621512,9.702897967621512,9.778423933259248,9.639570759271502,9.639570759271502,9.017076784473588,9.643833837406444,9.017076784473588,0.45903846342116594,8.751383421747688
N59A:K74I:S75F:S77N:S84N,N59A:K74I:S75F:S77N:S84N,5,9.849427496668696,9.846832756135619,9.846832756135619,9.849427496668696,9.846832756135619,9.846832756135619,9.715551285466985,9.822033125666755,9.822033125666755,8.90448479404723,9.487629574016495,9.487629574016495,9.765787241243197,9.793189327136592,9.793189327136592,8.018579410892606,9.202374032895563,9.202374032895563,9.783566722530242,9.73461554662588,9.73461554662588,8.760326687739381,9.550262485293837,8.760326687739381,0.7745939751621336,8.399219918705958
S30N:I52S:A58T:S75F:Y95F,S30N:I52S:A58T:S75F:Y95F,5,9.916385946479183,9.946659016873374,9.946659016873374,9.916385946479183,9.946659016873374,9.946659016873374,9.842081132867627,9.959730896920385,9.959730896920385,9.241055320457054,9.755637157789424,9.755637157789424,9.870230735478323,9.940713321385504,9.940713321385504,9.081545911854075,9.757236067714828,9.757236067714828,9.884758712805919,9.802093600587893,9.802093600587893,8.950470779985842,9.740121138735823,8.950470779985842,0.16949084890075028,8.740634560556023
S30N:K74I:S75F:S77N:Y95F,S30N:K74I:S75F:S77N:Y95F,5,10.03338239337303,9.961806013417082,9.961806013417082,10.03338239337303,9.961806013417082,9.961806013417082,10.097188132877418,10.034481878816951,10.034481878816951,9.045939760345272,9.597674064044005,9.597674064044005,10.116068307427819,10.036308936205547,10.036308936205547,8.758650030239965,9.582646005859726,9.582646005859726,10.04717918825472,9.866121837577605,9.866121837577605,9.096561860860952,9.716089529540907,9.096561860860952,0.8006895650178194,8.827190077332318
S30N:S31N:T71S:S75F,S30N:S31N:T71S:S75F,4,9.538748082573857,9.497332192058408,9.497332192058408,9.538748082573857,9.497332192058408,9.497332192058408,9.61995511500537,9.600186971426188,9.600186971426188,9.105381276868814,9.606229735407528,9.606229735407528,9.599372868170118,9.555999165694226,9.555999165694226,9.248338830237369,9.73231208451876,9.73231208451876,9.617613263371474,9.386325190514297,9.386325190514297,9.107159069282499,9.846409514644344,9.107159069282499,0.30141623760573566,8.804109486782831
S30N:T57S:K74I:S75F:T76S,S30N:T57S:K74I:S75F:T76S,5,9.549307534406706,9.53005337518246,9.53005337518246,9.549307534406706,9.53005337518246,9.53005337518246,9.8627729588311,9.859192223302262,9.859192223302262,8.856139005385014,9.347578864847227,9.347578864847227,9.991279907811904,9.896914585232116,9.896914585232116,9.097085513490049,9.690948606315382,9.690948606315382,10.037336117586877,9.843533114004233,9.843533114004233,9.149159348888718,9.751729294644102,9.149159348888718,0.4527854567859322,8.637673932221515
N59A:K74I:S75F:S77N:Y95F,N59A:K74I:S75F:S77N:Y95F,5,9.88390737984535,9.889141246790336,9.889141246790336,9.88390737984535,9.889141246790336,9.889141246790336,9.655082840926248,9.74982969796701,9.74982969796701,9.102794621683303,9.613255287460131,9.613255287460131,9.782665703430348,9.79672847401918,9.79672847401918,8.614040061590384,9.519843221512257,9.519843221512257,9.821482459890177,9.739213369013594,9.739213369013594,8.838511389147158,9.563563196757118,8.838511389147158,0.9645067227538675,8.788888461297176
F29S:S30N:I52S:T71S:S75F,F29S:S30N:I52S:T71S:S75F,5,9.87993220199622,9.745531545644376,9.745531545644376,9.87993220199622,9.745531545644376,9.745531545644376,9.707230101062084,9.715963306923705,9.715963306923705,9.06813061745984,9.518126986243445,9.518126986243445,9.727944230746132,9.700096527170084,9.700096527170084,8.52450506721634,9.40650930031716,9.40650930031716,9.743918762170408,9.690851868453295,9.690851868453295,8.754107721801175,9.509652367960802,8.754107721801175,0.40887183998711407,8.661091228246946
N59A:T71S:K74I:S75F,N59A:T71S:K74I:S75F,4,9.733791462580164,9.815840265042812,9.815840265042812,9.733791462580164,9.815840265042812,9.815840265042812,9.714946387246192,9.795077140578767,9.795077140578767,9.654708972421183,9.944675110895995,9.944675110895995,9.748363780688214,9.669668434962432,9.669668434962432,9.389636191525325,10.030350549405872,10.030350549405872,9.828299043453185,9.658519674376382,9.658519674376382,9.285426411584838,9.939672024591456,9.285426411584838,0.9505815715529025,8.642385839322381
A58T:K74I:S75F:R87T:Y95F,A58T:K74I:S75F:R87T:Y95F,5,9.693612221776664,9.631499302659892,9.631499302659892,9.693612221776664,9.631499302659892,9.631499302659892,9.612617867164474,9.663874250524259,9.663874250524259,8.990453931645558,9.420787489116545,9.420787489116545,9.756246501206611,9.712770774437146,9.712770774437146,8.836815785374009,9.529919739416746,9.529919739416746,9.681451889538655,9.554096233448018,9.554096233448018,8.845764937015536,9.524298375957512,8.845764937015536,0.4044046029448509,8.982844783120386
N59A:K74I:S75F:S84N:R87T,N59A:K74I:S75F:S84N:R87T,5,9.927658689383065,9.897749532179644,9.897749532179644,9.927658689383065,9.897749532179644,9.897749532179644,9.755999904431912,9.833053891010783,9.833053891010783,9.050531532820036,9.538855914776073,9.538855914776073,9.821141519681447,9.805266191297685,9.805266191297685,8.229350878743961,9.248318686039891,9.248318686039891,9.840830709879645,9.708641557010266,9.708641557010266,8.846490393958625,9.543534435284238,8.846490393958625,0.20710621331818402,8.421997045357866
K74I:S75F:S77N:S84N:Y106S,K74I:S75F:S77N:S84N:Y106S,5,9.739933501856608,9.674914879471517,9.674914879471517,9.739933501856608,9.674914879471517,9.674914879471517,9.705032071274612,9.688926598831745,9.688926598831745,8.566656311321674,9.318867339623282,9.318867339623282,9.82981937657236,9.799944561366864,9.799944561366864,8.338208938689698,9.380885789186793,9.380885789186793,9.713003064201072,9.617710575568038,9.617710575568038,8.95873934051136,9.629959588614224,8.95873934051136,0.33567035221494734,8.609931058375611
S30N:A58T:K74I:S75F:S84N,S30N:A58T:K74I:S75F:S84N,5,9.72809153983116,9.64464285077348,9.64464285077348,9.72809153983116,9.64464285077348,9.64464285077348,9.67080013964514,9.649008745704352,9.649008745704352,9.12330529955942,9.53582235104238,9.53582235104238,9.729600689661805,9.706441884252879,9.706441884252879,8.413525431657465,9.333829460256442,9.333829460256442,9.732082826394054,9.592773834485167,9.592773834485167,8.91758688576313,9.542665473687924,8.91758688576313,0.13281730911694467,8.390667086359114
F29S:S30N:N59A:K74I:S75F,F29S:S30N:N59A:K74I:S75F,5,9.390242489920606,9.305247493795617,9.305247493795617,9.390242489920606,9.305247493795617,9.305247493795617,9.156510141547752,9.217791514941958,9.217791514941958,8.792194121316104,9.302621632915857,9.302621632915857,9.35144385666015,9.43647996681288,9.43647996681288,7.8857077011904675,8.916253368175582,8.916253368175582,9.484042846662678,9.587327656757418,9.587327656757418,8.568816805795121,9.386279905275098,8.568816805795121,0.7600125425960869,8.665470777081879
S75F:S77N:Y95F:Y106S,S75F:S77N:Y95F:Y106S,4,9.348192742260554,9.425142228577299,9.425142228577299,9.348192742260554,9.425142228577299,9.425142228577299,9.322488664220819,9.482100256986312,9.482100256986312,8.923532115136737,9.682510430370929,9.682510430370929,9.387853780779006,9.524644494979032,9.524644494979032,8.872343107250686,9.800629494351272,9.800629494351272,9.36788991061381,9.420770324287055,9.420770324287055,8.921634532275775,9.81385679860479,8.921634532275775,0.6379422452300787,9.157932200259893
F29S:T57S:N59A:K74I:S75F,F29S:T57S:N59A:K74I:S75F,5,9.160660332386472,9.219781847308694,9.219781847308694,9.160660332386472,9.219781847308694,9.219781847308694,9.05003493509704,9.291231110573214,9.291231110573214,8.697255945593858,9.2216546215552,9.2216546215552,9.268258628831944,9.404056045609831,9.404056045609831,7.8236263280833,8.824142133373192,8.824142133373192,9.305810905623929,9.36989058857999,9.36989058857999,8.424759682744247,9.164527084129073,8.424759682744247,0.6634002290666103,8.71141091609729
S30N:N59A:T71S:K74I:S75F,S30N:N59A:T71S:K74I:S75F,5,9.610009878597088,9.662483947031724,9.662483947031724,9.610009878597088,9.662483947031724,9.662483947031724,9.668182340679435,9.696827507823548,9.696827507823548,9.39193910830434,9.794198269159626,9.794198269159626,9.741111451452536,9.69990547338223,9.69990547338223,9.061485917153933,9.732372760550245,9.732372760550245,9.852827757781789,9.742945307516818,9.742945307516818,8.927469524059552,9.644033357124078,8.927469524059552,0.3503210451453924,8.672372745758363
F29S:N59A:K74I:S75F:S84N,F29S:N59A:K74I:S75F:S84N,5,9.54300763430823,9.496198729027366,9.496198729027366,9.54300763430823,9.496198729027366,9.496198729027366,9.208708685065252,9.355863896847556,9.355863896847556,8.698929842343231,9.178335331699689,9.178335331699689,9.297660592591285,9.389542751461303,9.389542751461303,7.415686101902263,8.609925418435417,8.609925418435417,9.361896309319322,9.432754244497332,9.432754244497332,8.383728064455092,9.125130838995949,8.383728064455092,0.04644523188471794,8.567112258525967
S31N:K74I:S75F:R87T,S31N:K74I:S75F:R87T,4,9.868220367968853,9.690067565878504,9.690067565878504,9.868220367968853,9.690067565878504,9.690067565878504,9.975193870653406,9.797511462768481,9.797511462768481,9.24431353063787,9.73112240497095,9.73112240497095,9.965213913701767,9.517331534251197,9.517331534251197,9.370616441103325,10.014271243889986,10.014271243889986,9.99478856043255,9.47862099285752,9.47862099285752,9.528950475335346,9.762648571528402,9.528950475335346,0.01188117265701294,9.004293085139569
S30N:S31N:S75F:Y95F,S30N:S31N:S75F:Y95F,4,9.697630266214983,9.661648148766615,9.661648148766615,9.697630266214983,9.661648148766615,9.661648148766615,9.675019444517831,9.714477747017769,9.714477747017769,9.097779390153804,9.643471662259708,9.643471662259708,9.612490910587244,9.671639418524276,9.671639418524276,9.268002794867673,9.773423502585787,9.773423502585787,9.633406626814466,9.488330128015308,9.488330128015308,9.151371097058687,9.872133650782187,9.151371097058687,0.13904605875723064,8.808140844079466
I52S:A58T:S75F:S77N:S84N,I52S:A58T:S75F:S77N:S84N,5,10.110041310792601,10.000878656602868,10.000878656602868,10.110041310792601,10.000878656602868,10.000878656602868,10.03028358627118,10.065797839385763,10.065797839385763,9.097999555678609,9.6181400363458,9.6181400363458,9.95551935577158,9.947178086630053,9.947178086630053,8.262283140754732,9.401484597654171,9.401484597654171,9.946904248361266,9.897485333773014,9.897485333773014,8.809152104999306,9.649107255835393,8.809152104999306,0.6314241671934724,8.49567337448454
T57S:A58T:K74I:S75F:Y106S,T57S:A58T:K74I:S75F:Y106S,5,9.36839304440691,9.336104119741817,9.336104119741817,9.36839304440691,9.336104119741817,9.336104119741817,9.445273735363864,9.44813079766308,9.44813079766308,9.253156630145925,9.593412027930864,9.593412027930864,9.540827422470493,9.555353353447993,9.555353353447993,9.026295260875207,9.56120614199077,9.56120614199077,9.486805699779415,9.49088905841055,9.49088905841055,8.811442519957728,9.523345133107563,8.811442519957728,0.3458962580189109,8.59449802239865
T57S:T71S:K74I:S75F:S77N,T57S:T71S:K74I:S75F:S77N,5,9.629276722988696,9.625511795275473,9.625511795275473,9.629276722988696,9.625511795275473,9.625511795275473,9.74435635982112,9.717086708623306,9.717086708623306,8.908184593923199,9.436431372905334,9.436431372905334,9.923512192245445,9.72950453827748,9.72950453827748,8.688210074805802,9.503980817521555,9.503980817521555,9.950502662442467,9.714777044092294,9.714777044092294,9.026899907903202,9.594128600146206,9.026899907903202,0.4015576506499201,8.44075318964677
I52S:A58T:K74I:S75F:R87T,I52S:A58T:K74I:S75F:R87T,5,10.38360307098152,10.343894780321031,10.343894780321031,10.38360307098152,10.343894780321031,10.343894780321031,10.274397327885437,10.207949128130146,10.207949128130146,9.37606748068594,9.758719701040333,9.758719701040333,10.366577818890791,10.24942922366319,10.24942922366319,8.940981434220351,9.737650950317759,9.737650950317759,10.329333943206127,9.99176505667801,9.99176505667801,9.406996882138273,9.915737021938009,9.406996882138273,0.07495665596798062,8.645308816977396
F29S:I52S:T57S:S75F:S77N,F29S:I52S:T57S:S75F:S77N,5,9.621796860966356,9.638446814056365,9.638446814056365,9.621796860966356,9.638446814056365,9.638446814056365,9.520927701131146,9.613312895805128,9.613312895805128,8.504540573087665,9.191084489021694,9.191084489021694,9.725451157687878,9.806272543208072,9.806272543208072,7.859833452271431,9.069940048751814,9.069940048751814,9.727499192365917,9.714537051283884,9.714537051283884,8.581146894924272,9.425240746925606,8.581146894924272,0.23629567306488752,9.07001441025028
F29S:N59A:K74I:S75F:Y95F,F29S:N59A:K74I:S75F:Y95F,5,9.462316176307613,9.434317009182333,9.434317009182333,9.462316176307613,9.434317009182333,9.434317009182333,9.219353519117416,9.327047566154906,9.327047566154906,8.733500229087278,9.168190611580552,9.168190611580552,9.410128305234556,9.50618977579459,9.50618977579459,7.7743747950422115,8.73234318190257,8.73234318190257,9.362304597246958,9.429432754812812,9.429432754812812,8.502963017168174,9.175934863564132,8.502963017168174,0.6678359545767307,8.758843359060096
S30N:A58T:K74I:S75F:T76S,S30N:A58T:K74I:S75F:T76S,5,9.409304240015068,9.38240793422391,9.38240793422391,9.409304240015068,9.38240793422391,9.38240793422391,9.628255768782912,9.618126353989787,9.618126353989787,8.97648118661474,9.364424760939853,9.364424760939853,9.732218635347717,9.660732675319128,9.660732675319128,8.90590148843916,9.508174792918314,9.508174792918314,9.76387375339314,9.622339883202326,9.622339883202326,8.949679379901076,9.563061529685138,8.949679379901076,0.08795103710144758,8.488462051842976
T57S:T71S:S75F:S77N:R87T,T57S:T71S:S75F:S77N:R87T,5,9.370869961054831,9.499919725214923,9.499919725214923,9.370869961054831,9.499919725214923,9.499919725214923,9.341858966560384,9.449744291483082,9.449744291483082,8.481821738836189,9.111376245217036,9.111376245217036,9.507248458056651,9.632633311214972,9.632633311214972,8.268628620659927,9.200033674467532,9.200033674467532,9.49086347660178,9.523554116098369,9.523554116098369,8.484053471569649,9.312644265609103,8.484053471569649,0.3077332454267889,8.487468202555052
S30N:T71S:S75F:S77N:Y95F,S30N:T71S:S75F:S77N:Y95F,5,9.28623607947782,9.388190503252527,9.388190503252527,9.28623607947782,9.388190503252527,9.388190503252527,9.51166240777492,9.59536216506117,9.59536216506117,8.56358013006628,9.16221971999953,9.16221971999953,9.547744350874376,9.569559797861876,9.569559797861876,8.466201052812048,9.271591326656672,9.271591326656672,9.500387695261672,9.501444094479604,9.501444094479604,8.576159674632862,9.35947405018101,8.576159674632862,0.9117665588855743,8.790201602208132
A58T:T71S:K74I:S75F:S77N,A58T:T71S:K74I:S75F:S77N,5,9.637343122185426,9.608134742889677,9.608134742889677,9.637343122185426,9.608134742889677,9.608134742889677,9.670213932599642,9.679880507067098,9.679880507067098,9.11650231059785,9.513302665517442,9.513302665517442,9.666489664509427,9.60389847085771,9.60389847085771,8.648487032977494,9.505370953647425,9.505370953647425,9.75152977802329,9.602371876432795,9.602371876432795,8.915922046363608,9.53299425517889,8.915922046363608,0.9160911659710109,8.581214576421557
S30N:T57S:K74I:S75F:S77N,S30N:T57S:K74I:S75F:S77N,5,9.691303749449688,9.65422244703362,9.65422244703362,9.691303749449688,9.65422244703362,9.65422244703362,9.933482826162821,9.895226520068986,9.895226520068986,8.944294078333447,9.479538960605284,9.479538960605284,10.04511855559321,9.965017150492411,9.965017150492411,8.719606586170407,9.540368454847398,9.540368454847398,9.993091234310782,9.803780141737473,9.803780141737473,9.072511489381172,9.694518333836868,9.072511489381172,0.5990746971219778,8.615598663871436
A58T:K74I:S75F:S77N:Y95F,A58T:K74I:S75F:S77N:Y95F,5,9.887855201629513,9.78780563224598,9.78780563224598,9.887855201629513,9.78780563224598,9.78780563224598,9.714849690168334,9.723737352920978,9.723737352920978,9.098113980376528,9.589351086114418,9.589351086114418,9.681884205713555,9.67028916294226,9.67028916294226,8.660267009405075,9.506725978125385,9.506725978125385,9.667739058671192,9.596116514142265,9.596116514142265,8.824859612256713,9.506003889971682,8.824859612256713,0.8795174560509622,8.878508284710405
S30N:I52S:N59A:K74I:Y106S,S30N:I52S:N59A:K74I:Y106S,5,8.965499288326912,9.027352140045558,9.027352140045558,8.965499288326912,9.027352140045558,9.027352140045558,8.666295605955135,8.844903128879361,8.844903128879361,8.350337306761924,8.84150516549542,8.84150516549542,8.658862989183532,8.91444733069376,8.91444733069376,8.099673533417127,8.889969805968512,8.889969805968512,8.738212138317502,9.00189002511945,9.00189002511945,8.021917560685962,8.909346938065395,8.021917560685962,0.5182576454244554,8.818642348657972
S30N:T57S:S75F:S77N:Y106S,S30N:T57S:S75F:S77N:Y106S,5,9.089362670393333,9.142469990294913,9.142469990294913,9.089362670393333,9.142469990294913,9.142469990294913,9.266455252091847,9.38370439450316,9.38370439450316,8.477823616269543,9.072634318711412,9.072634318711412,9.350838770116379,9.464180964104582,9.464180964104582,8.480210003073015,9.249651280799803,9.249651280799803,9.275911823715733,9.383181247870523,9.383181247870523,8.47447570784125,9.293464248669565,8.47447570784125,0.09104338148608804,8.617792227396828
S31N:T57S:T71S:S75F:S84N,S31N:T57S:T71S:S75F:S84N,5,9.723617893077796,9.7458746009651,9.7458746009651,9.723617893077796,9.7458746009651,9.7458746009651,9.64000931092641,9.724580086968823,9.724580086968823,9.038511733458614,9.578790524692517,9.578790524692517,9.505430778343664,9.601711703826963,9.601711703826963,8.542136178378817,9.397889023016562,9.397889023016562,9.557570538424784,9.556873161205552,9.556873161205552,8.645207941209046,9.349899448285171,8.645207941209046,0.22845059423707426,8.636541712031887
A58T:K74I:S75F:S84N:Y106S,A58T:K74I:S75F:S84N:Y106S,5,9.571309016896498,9.47036857450982,9.47036857450982,9.571309016896498,9.47036857450982,9.47036857450982,9.408887822879398,9.408449397763144,9.408449397763144,8.916028166998005,9.364122602311905,9.364122602311905,9.560391161826663,9.55939274835567,9.55939274835567,8.427186819496013,9.24668725098898,9.24668725098898,9.51951111420017,9.502623163011906,9.502623163011906,8.76911724695099,9.388252367123432,8.76911724695099,0.0701798121444881,8.63961030348809
N59A:K74I:S75F:T76S:R87T,N59A:K74I:S75F:T76S:R87T,5,9.902269993527419,9.915951695168058,9.915951695168058,9.902269993527419,9.915951695168058,9.915951695168058,9.873993592708555,9.93783996238502,9.93783996238502,9.302335016009282,9.74052125836938,9.74052125836938,9.88188158696347,9.839115048147923,9.839115048147923,8.997554054821386,9.69397332521322,9.69397332521322,9.891159601454916,9.731150398239913,9.731150398239913,9.03477895010554,9.659459577733724,9.03477895010554,0.28683207742869854,8.696238501318335
I52S:A58T:N59A:S75F:S84N,I52S:A58T:N59A:S75F:S84N,5,9.885301231148052,9.920400030471363,9.920400030471363,9.885301231148052,9.920400030471363,9.920400030471363,9.723120051070223,9.841352764597284,9.841352764597284,9.340265193234277,9.71196314748379,9.71196314748379,9.724619235140056,9.84201148130453,9.84201148130453,8.32344890207173,9.24022204982428,9.24022204982428,9.799599310995129,9.807496148858576,9.807496148858576,8.692850681498786,9.425964541612768,8.692850681498786,0.39892814960330725,8.519831432124427
T57S:S75F:S84N:R87T,T57S:S75F:S84N:R87T,4,9.71531829397199,9.735293816983758,9.735293816983758,9.71531829397199,9.735293816983758,9.735293816983758,9.579431379607994,9.666231837205636,9.666231837205636,9.090798090317271,9.74807198194007,9.74807198194007,9.576269921051825,9.500070549694932,9.500070549694932,8.802392683528339,9.88453146634097,9.88453146634097,9.54689053371083,9.462495553093007,9.462495553093007,8.983256447810097,9.827812784914416,8.983256447810097,0.5878972774371505,9.152306032476384
F29S:S31N:I52S:S75F:S84N,F29S:S31N:I52S:S75F:S84N,5,9.952303728886925,9.869386443019776,9.869386443019776,9.952303728886925,9.869386443019776,9.869386443019776,9.597184558785164,9.586739895160811,9.586739895160811,8.67854874100521,9.370957371318195,9.370957371318195,9.403131530663499,9.453096816463272,9.453096816463272,7.869455806798198,9.1883096407111,9.1883096407111,9.513639038881223,9.48131764590912,9.48131764590912,8.567695303724113,9.38740956245926,8.567695303724113,0.4456759593449533,8.425601790566143
T71S:K74I:S75F:S84N:Y95F,T71S:K74I:S75F:S84N:Y95F,5,10.123730100346217,10.033013936740039,10.033013936740039,10.123730100346217,10.033013936740039,10.033013936740039,9.947566148215355,9.928330442398646,9.928330442398646,9.066286366826462,9.553250262187346,9.553250262187346,9.99338091571288,9.818087958148665,9.818087958148665,8.656600245761352,9.472100889132216,9.472100889132216,10.012948111660616,9.766997250032569,9.766997250032569,9.08552554678984,9.639662475386155,9.08552554678984,0.6279116512741894,8.622231386712283
F29S:I52S:K74I:S75F:R87T,F29S:I52S:K74I:S75F:R87T,5,10.469930467250972,10.386745500658941,10.386745500658941,10.469930467250972,10.386745500658941,10.386745500658941,10.244091393430395,10.113463485817853,10.113463485817853,9.235527089472495,9.740437273238333,9.740437273238333,10.446738721179987,10.262243356169426,10.262243356169426,8.587667988267729,9.684419425003906,9.684419425003906,10.387566137664576,10.060477486320986,10.060477486320986,9.401216365155856,9.940506273364518,9.401216365155856,0.434652388561517,8.668601324232544
S30N:T57S:N59A:S75F:Y95F,S30N:T57S:N59A:S75F:Y95F,5,9.089652807171504,9.250475515625618,9.250475515625618,9.089652807171504,9.250475515625618,9.250475515625618,9.111664594184031,9.310125286937811,9.310125286937811,8.69631866330497,9.18262533396849,9.18262533396849,9.219283500283051,9.416169235828646,9.416169235828646,8.858171477789394,9.411557697678793,9.411557697678793,9.26298391228739,9.410365819804534,9.410365819804534,8.436527540280226,9.315428737619998,8.436527540280226,0.04720583464950323,8.888398538709124
F29S:S30N:I52S:A58T:S75F,F29S:S30N:I52S:A58T:S75F,5,9.946093585136717,9.851695244353266,9.851695244353266,9.946093585136717,9.851695244353266,9.851695244353266,9.673400440779686,9.754454220183357,9.754454220183357,9.129892072185804,9.637239882428949,9.637239882428949,9.713239902354614,9.820617391557136,9.820617391557136,8.318319529405592,9.339830033171248,9.339830033171248,9.809437722098236,9.794985586375471,9.794985586375471,8.749853932003449,9.545319106557852,8.749853932003449,0.26436802092939615,8.526320240087525
F29S:I52S:T71S:S75F:S77N,F29S:I52S:T71S:S75F:S77N,5,9.728178307826736,9.79644173711527,9.79644173711527,9.728178307826736,9.79644173711527,9.79644173711527,9.650240640622279,9.79084555696201,9.79084555696201,8.761000096341085,9.386378948154142,9.386378948154142,9.733291619049632,9.786703653683514,9.786703653683514,8.071289842948838,9.289750057081056,9.289750057081056,9.74696390762873,9.69902521964505,9.69902521964505,8.647441340102585,9.494614113187744,8.647441340102585,0.7956220107153058,8.610244557766912
S30N:I52S:A58T:S75F,S30N:I52S:A58T:S75F,4,9.983482776477203,9.919998857073903,9.919998857073903,9.983482776477203,9.919998857073903,9.919998857073903,9.975945291746966,9.992172238140432,9.992172238140432,9.610051385269575,9.976582375221978,9.976582375221978,9.928657788999347,9.93907821886775,9.93907821886775,9.396604446849784,9.999796670155288,9.999796670155288,9.961743394472883,9.679725055771968,9.679725055771968,9.375148029365263,9.97593317232016,9.375148029365263,0.01212663622573018,8.707611313204987
S30N:S75F:T76S:R87T,S30N:S75F:T76S:R87T,4,9.58588469730744,9.644636785894363,9.644636785894363,9.58588469730744,9.644636785894363,9.644636785894363,9.64469320237777,9.59610328804161,9.59610328804161,8.970146783101807,9.59576004794756,9.59576004794756,9.6427796503755,9.461578318269769,9.461578318269769,9.063709085684431,9.898405081095975,9.898405081095975,9.637622784610855,9.489465040699006,9.489465040699006,9.084956888689725,9.858905609517747,9.084956888689725,0.7039982699789107,9.081011638464197
K74I:S75F:S84N:Y95F,K74I:S75F:S84N:Y95F,4,10.166626316099018,10.031848968573168,10.031848968573168,10.166626316099018,10.031848968573168,10.031848968573168,9.949582364333539,9.902356237715106,9.902356237715106,9.314033061123016,9.837369421345738,9.837369421345738,9.995952913514143,9.683195015349963,9.683195015349963,9.013864632449248,9.980294502259358,9.980294502259358,9.948237953555978,9.524755594354186,9.524755594354186,9.385121274466128,9.805520215930025,9.385121274466128,0.4319284064695239,8.78522971611435
S30N:I52S:T57S:S75F:S77N,S30N:I52S:T57S:S75F:S77N,5,9.666672140006233,9.634742277417365,9.634742277417365,9.666672140006233,9.634742277417365,9.634742277417365,9.786495203640563,9.76123500483913,9.76123500483913,8.700825688847734,9.278928350297612,9.278928350297612,9.826734536235502,9.74155918537514,9.74155918537514,8.536370786929625,9.41887189916566,9.41887189916566,9.765990408814273,9.620519109449999,9.620519109449999,8.753024549278324,9.449285190963659,8.753024549278324,0.30495704896748066,8.974299096197225
F29S:K74I:S75F:S77N:Y95F,F29S:K74I:S75F:S77N:Y95F,5,9.837554108937065,9.765530933397926,9.765530933397926,9.837554108937065,9.765530933397926,9.765530933397926,9.70724452784568,9.78264559745167,9.78264559745167,8.598560991816726,9.26436631925881,9.26436631925881,9.845400678489119,9.88601503182832,9.88601503182832,7.873730673097361,9.059662951718227,9.059662951718227,9.813597673977164,9.76062233277172,9.76062233277172,8.821525079923504,9.52168598450092,8.821525079923504,0.3452848931774497,8.686494117794735
F29S:I52S:S75F:T76S,F29S:I52S:S75F:T76S,4,9.753907257994127,9.681640062340046,9.681640062340046,9.753907257994127,9.681640062340046,9.681640062340046,9.510485500222607,9.455504757544842,9.455504757544842,9.260320831904876,9.897955303179122,9.897955303179122,9.668263664853537,9.523155215728991,9.523155215728991,8.900192302430508,10.060373509342853,10.060373509342853,9.697877997160838,9.486569536808036,9.486569536808036,9.152429139328614,9.86270186347931,9.152429139328614,0.8164727361872792,8.744047238061492
S30N:T71S:S75F:T76S:S84N,S30N:T71S:S75F:T76S:S84N,5,9.379093926487203,9.368125468866324,9.368125468866324,9.379093926487203,9.368125468866324,9.368125468866324,9.402016564693618,9.40490625996662,9.40490625996662,8.542455572443282,9.149049933413153,9.149049933413153,9.480636258665239,9.52306986383938,9.52306986383938,8.291612002015759,9.182012596760572,9.182012596760572,9.537549876027958,9.53915977688033,9.53915977688033,8.583947381973237,9.304517400399517,8.583947381973237,0.5910134890582412,8.584856915183341
T57S:N59A:K74I:S75F:R87T,T57S:N59A:K74I:S75F:R87T,5,9.643797596838418,9.721586971370288,9.721586971370288,9.643797596838418,9.721586971370288,9.721586971370288,9.65748024396233,9.770629625906546,9.770629625906546,9.195326707030443,9.62821484113424,9.62821484113424,9.792463830673748,9.76491063072332,9.76491063072332,8.927335767428657,9.631084055124507,9.631084055124507,9.81980273702909,9.699440201040739,9.699440201040739,8.878202901731852,9.584177765707146,8.878202901731852,0.8026967563200742,8.66443236873152
T57S:T71S:K74I:S75F,T57S:T71S:K74I:S75F,4,9.762434500971198,9.633804851834249,9.633804851834249,9.762434500971198,9.633804851834249,9.633804851834249,9.848791509073399,9.712251839902649,9.712251839902649,9.560015312303342,9.869499611355526,9.869499611355526,9.916655278549802,9.575563246363757,9.575563246363757,9.4843803044074,9.950304212637608,9.950304212637608,9.93316961786607,9.512987419791724,9.512987419791724,9.416023477972567,9.885887351348373,9.416023477972567,0.5995389446616173,8.293423007169578
F29S:I52S:T57S:S75F:S84N,F29S:I52S:T57S:S75F:S84N,5,9.767101875550077,9.758313852339416,9.758313852339416,9.767101875550077,9.758313852339416,9.758313852339416,9.485803019282969,9.625465584110843,9.625465584110843,8.767141998046142,9.393002633929951,9.393002633929951,9.510581166150544,9.665337962192629,9.665337962192629,7.9205893798850235,9.160741950733254,9.160741950733254,9.561116986849479,9.571608959120795,9.571608959120795,8.532343106905751,9.39043146719017,8.532343106905751,0.4407121301628649,9.098299818651606
S30N:S31N:N59A:K74I:S75F,S30N:S31N:N59A:K74I:S75F,5,9.779075954212372,9.776304973591142,9.776304973591142,9.779075954212372,9.776304973591142,9.776304973591142,9.729068342030024,9.77808102737888,9.77808102737888,9.142801773551884,9.627972427418378,9.627972427418378,9.708007892263405,9.689484229770079,9.689484229770079,9.10017637854211,9.761240721592381,9.761240721592381,9.882025776375082,9.706966418732158,9.706966418732158,9.001439032739711,9.667764890615178,9.001439032739711,0.4277977906167507,8.819399574036682
F29S:A58T:K74I:S75F:Y95F,F29S:A58T:K74I:S75F:Y95F,5,9.525166657987267,9.427467043861935,9.427467043861935,9.525166657987267,9.427467043861935,9.427467043861935,9.299197611848896,9.361553265083671,9.361553265083671,8.730189751864808,9.214701763703774,9.214701763703774,9.360108659343991,9.440023599603812,9.440023599603812,7.942293899317303,8.966023788312087,8.966023788312087,9.297058263012495,9.284424892338949,9.284424892338949,8.546640617349416,9.227911842294212,8.546640617349416,0.8581195275764912,8.804393412192052
A58T:N59A:K74I:S75F:R87T,A58T:N59A:K74I:S75F:R87T,5,9.4351658807278,9.476253453344574,9.476253453344574,9.4351658807278,9.476253453344574,9.476253453344574,9.347163978205714,9.469807623688846,9.469807623688846,9.19233973750239,9.537151576838886,9.537151576838886,9.495627300971966,9.545163118722433,9.545163118722433,8.703506497579754,9.40532559248936,9.40532559248936,9.571490853195728,9.493207778249339,9.493207778249339,8.651983915262281,9.395344662408139,8.651983915262281,0.2624810799024999,8.675134458905715
T57S:K74I:S75F:R87T:Y106S,T57S:K74I:S75F:R87T:Y106S,5,9.594592435185028,9.59224351831106,9.59224351831106,9.594592435185028,9.59224351831106,9.59224351831106,9.777327000126142,9.78701751762474,9.78701751762474,8.905780791188917,9.428090791445843,9.428090791445843,9.882975376574306,9.834733238613124,9.834733238613124,9.00325372566359,9.651474136659347,9.651474136659347,9.784915211870096,9.703649341746777,9.703649341746777,9.010259636269092,9.654665586296334,9.010259636269092,0.8578281828667969,8.710780707313333
I52S:T57S:A58T:K74I:S75F,I52S:T57S:A58T:K74I:S75F,5,10.335959517918436,10.314557511939352,10.314557511939352,10.335959517918436,10.314557511939352,10.314557511939352,10.394120342187646,10.338870679780243,10.338870679780243,9.72544929640743,10.04628084214065,10.04628084214065,10.356755882594884,10.248838362963902,10.248838362963902,9.3238569617876,10.033557000234465,10.033557000234465,10.333245300134644,10.02444994980025,10.02444994980025,9.521262488512921,10.033492188336833,9.521262488512921,0.9627764355391264,8.692398824563849
S30N:K74I:S75F:Y95F,S30N:K74I:S75F:Y95F,4,9.964310012053465,9.836964328000091,9.836964328000091,9.964310012053465,9.836964328000091,9.836964328000091,10.023761107794549,9.705563851873697,9.705563851873697,9.402269776305632,9.923586435728733,9.923586435728733,10.066776137845766,9.734697143637767,9.734697143637767,9.381312673714275,9.96166806910656,9.96166806910656,10.000123620381117,9.590289405600016,9.590289405600016,9.460199196650409,9.921283188011015,9.460199196650409,0.9974886465352029,8.85721655406599
A58T:K74I:S75F:R87T:Y106S,A58T:K74I:S75F:R87T:Y106S,5,9.348461092109366,9.29478770921704,9.29478770921704,9.348461092109366,9.29478770921704,9.29478770921704,9.42369819154122,9.457023869571154,9.457023869571154,8.878281913363958,9.284974556686214,9.284974556686214,9.606571937691493,9.609261480732966,9.609261480732966,8.720914115007378,9.365012325167,9.365012325167,9.559281250908418,9.526127068189188,9.526127068189188,8.754950427284001,9.454408584177223,8.754950427284001,0.45939079811796546,8.757127534798204
T57S:N59A:S75F:Y95F,T57S:N59A:S75F:Y95F,4,9.324099153761832,9.443298444991125,9.443298444991125,9.324099153761832,9.443298444991125,9.443298444991125,9.30500400296522,9.497080563616185,9.497080563616185,9.083579221849543,9.540741402113097,9.540741402113097,9.366889899771119,9.476061000118852,9.476061000118852,9.228117268736112,9.723288638378609,9.723288638378609,9.35079807701284,9.46758693823019,9.46758693823019,8.937485932867135,9.860351973708578,8.937485932867135,0.0048759751953184605,8.576003218393746
S31N:T71S:K74I:S75F:T76S,S31N:T71S:K74I:S75F:T76S,5,10.004715354384093,9.842891428754852,9.842891428754852,10.004715354384093,9.842891428754852,9.842891428754852,10.112202014517244,9.920812284981187,9.920812284981187,9.208974332759217,9.632748558259383,9.632748558259383,10.008933673897209,9.862553160344552,9.862553160344552,9.433494304683869,9.922125270447824,9.922125270447824,10.132763897691316,9.835287340525742,9.835287340525742,9.360010542091318,9.86247739947052,9.360010542091318,0.7255289452150464,8.784435894797761
A58T:K74I:S75F:S84N:R87T,A58T:K74I:S75F:S84N:R87T,5,9.776344446683984,9.654775317836053,9.654775317836053,9.776344446683984,9.654775317836053,9.654775317836053,9.626663612741696,9.621510784608068,9.621510784608068,8.865527036878916,9.331637785925365,9.331637785925365,9.789321329130148,9.705615413788406,9.705615413788406,8.225249985553496,9.17719025419561,9.17719025419561,9.750727780423444,9.617049445262083,9.617049445262083,8.845635467049537,9.483464810670533,8.845635467049537,0.9605240384116769,8.631218217393911
T57S:N59A:T71S:S75F:Y95F,T57S:N59A:T71S:S75F:Y95F,5,9.183460983873742,9.30291210720825,9.30291210720825,9.183460983873742,9.30291210720825,9.30291210720825,9.164798385079896,9.408052636399942,9.408052636399942,8.957730885030534,9.379028547645973,9.379028547645973,9.26911024090231,9.42568157169512,9.42568157169512,8.969228582272684,9.490897160140559,9.490897160140559,9.265752152212775,9.412459147524071,9.412459147524071,8.459974799279887,9.350064668588024,8.459974799279887,0.7360799687448889,8.667615881438342
I52S:A58T:N59A:S75F:S77N,I52S:A58T:N59A:S75F:S77N,5,9.88810415203073,9.902543425440664,9.902543425440664,9.88810415203073,9.902543425440664,9.902543425440664,9.706219491004104,9.840281104819708,9.840281104819708,9.19670661693821,9.665137593411972,9.665137593411972,9.715246090679239,9.869748171543625,9.869748171543625,8.574579768308588,9.49027639022829,9.49027639022829,9.801280666543596,9.857248231369159,9.857248231369159,8.754712700507767,9.563211091796882,8.754712700507767,0.9924665852449834,8.521233212240986
S30N:K74I:S75F:S77N:R87T,S30N:K74I:S75F:S77N:R87T,5,9.939325131404631,9.838810325726136,9.838810325726136,9.939325131404631,9.838810325726136,9.838810325726136,10.167570360441138,10.105373463881376,10.105373463881376,8.97393215728011,9.526288677526697,9.526288677526697,10.205030629768801,10.080902416412329,10.080902416412329,8.60529825473669,9.489237058546133,9.489237058546133,10.068259247506292,9.84526115673631,9.84526115673631,9.164732674183824,9.74076595498091,9.164732674183824,0.14126472640782595,8.528410426109275
F29S:S31N:I52S:T57S:S75F,F29S:S31N:I52S:T57S:S75F,5,9.82789713618362,9.840919293407264,9.840919293407264,9.82789713618362,9.840919293407264,9.840919293407264,9.686374709529844,9.74232422244852,9.74232422244852,8.824674357350517,9.44388038206209,9.44388038206209,9.541653862178999,9.537483270681781,9.537483270681781,8.277787855620119,9.345993973424562,9.345993973424562,9.619586294227728,9.600955676796733,9.600955676796733,8.762778593441103,9.496067506764723,8.762778593441103,0.5857001324184239,8.731051693469272
F29S:S31N:K74I:S75F:Y95F,F29S:S31N:K74I:S75F:Y95F,5,9.901714595175413,9.795079061484602,9.795079061484602,9.901714595175413,9.795079061484602,9.795079061484602,9.81489281671546,9.703918649708134,9.703918649708134,8.719011810989903,9.266553577740607,9.266553577740607,9.698402514465236,9.65771589129708,9.65771589129708,8.268418780489078,9.155526104024116,9.155526104024116,9.717527060543743,9.62550770587321,9.62550770587321,8.981094883459253,9.581882896433976,8.981094883459253,0.23372373217716813,8.674234350828446
F29S:S30N:A58T:K74I:S75F,F29S:S30N:A58T:K74I:S75F,5,9.418553747922525,9.279034709361996,9.279034709361996,9.418553747922525,9.279034709361996,9.279034709361996,9.296042332155428,9.264605015764234,9.264605015764234,8.926624945088085,9.352227749592556,9.352227749592556,9.40583833496254,9.446357467059627,9.446357467059627,8.128772752765947,9.061417156880635,9.061417156880635,9.497565056199043,9.460787808211462,9.460787808211462,8.706718586552105,9.38648357998988,8.706718586552105,0.6566812717355788,8.56479972329397
F29S:I52S:S75F:S84N,F29S:I52S:S75F:S84N,4,9.922275402735746,9.839893822425063,9.839893822425063,9.922275402735746,9.839893822425063,9.839893822425063,9.622794675477135,9.651178203944085,9.651178203944085,9.282445428151519,9.911857618818246,9.911857618818246,9.63649901239891,9.598708696081854,9.598708696081854,8.697985481049551,10.161580631913083,10.161580631913083,9.688553040462226,9.574805588464493,9.574805588464493,9.002413390424971,9.822304550100794,9.002413390424971,0.97654272406362,8.757495542554139
T57S:A58T:S75F:S84N:R87T,T57S:A58T:S75F:S84N:R87T,5,9.516325790820995,9.551189966874732,9.551189966874732,9.516325790820995,9.551189966874732,9.551189966874732,9.354480852895392,9.488352560307282,9.488352560307282,8.832867219525886,9.291287348463444,9.291287348463444,9.411983523166393,9.524952842287234,9.524952842287234,8.221951592551418,9.09443818053265,9.09443818053265,9.379567934118331,9.476324466884197,9.476324466884197,8.457584408434268,9.276693767747469,8.457584408434268,0.01999542908743024,8.940426125901208
F29S:A58T:K74I:S75F,F29S:A58T:K74I:S75F,4,9.47784350009331,9.315849616727201,9.315849616727201,9.47784350009331,9.315849616727201,9.315849616727201,9.384856468476979,9.344592833725153,9.344592833725153,9.246460921611344,9.62588101693535,9.62588101693535,9.44530840956179,9.56847272011649,9.56847272011649,8.651686306150644,9.84173529400114,9.84173529400114,9.462237811128604,9.4223768776106,9.4223768776106,9.023585725887457,9.73975818951963,9.023585725887457,0.9588634306564927,8.964624459887279
S31N:T71S:S75F:S77N:R87T,S31N:T71S:S75F:S77N:R87T,5,9.48304806044688,9.517404807673023,9.517404807673023,9.48304806044688,9.517404807673023,9.517404807673023,9.535462421359952,9.573450674097392,9.573450674097392,8.522312851167678,9.128118581649804,9.128118581649804,9.536595524651563,9.594505565594718,9.594505565594718,8.339005318885366,9.181451540525527,9.181451540525527,9.557749487462472,9.524899775643613,9.524899775643613,8.597979634999403,9.357201730454342,8.597979634999403,0.43127671838738024,8.484018193544715
S31N:I52S:T57S:A58T:S75F,S31N:I52S:T57S:A58T:S75F,5,10.196958641471557,10.217589181000976,10.217589181000976,10.196958641471557,10.217589181000976,10.217589181000976,10.192420991564488,10.258729473296853,10.258729473296853,9.574118920360856,9.979666564026742,9.979666564026742,9.948407803376714,9.995047401120775,9.995047401120775,9.307326237804391,10.012504772056172,10.012504772056172,10.02543619211307,9.922259418946302,9.922259418946302,9.14220533049806,9.87817743780084,9.14220533049806,0.3957245680503547,8.759295076933494
S30N:T57S:S75F:S84N:Y95F,S30N:T57S:S75F:S84N:Y95F,5,9.500320951299251,9.54527285989904,9.54527285989904,9.500320951299251,9.54527285989904,9.54527285989904,9.45051332509866,9.619555931237288,9.619555931237288,8.68557511075733,9.326345409761837,9.326345409761837,9.455359760838228,9.611494072198932,9.611494072198932,8.408412858581688,9.31259940324681,9.31259940324681,9.467175352810626,9.568597194119818,9.568597194119818,8.535886867356448,9.34315573022946,8.535886867356448,0.3803012906573713,9.015521493561264
I52S:A58T:K74I:S75F:Y95F,I52S:A58T:K74I:S75F:Y95F,5,10.53970372839266,10.478681875551288,10.478681875551288,10.53970372839266,10.478681875551288,10.478681875551288,10.298064296772251,10.252067019062768,10.252067019062768,9.546495168285388,9.953198454107575,9.953198454107575,10.340602438743197,10.25534277636904,10.25534277636904,9.213447492784608,9.925777815853227,9.925777815853227,10.318210453770224,10.013997389104475,10.013997389104475,9.419761778704757,9.963187868730527,9.419761778704757,0.6919840392656624,8.809654757706454
T57S:T71S:S75F:T76S:Y95F,T57S:T71S:S75F:T76S:Y95F,5,9.264558313487898,9.274284237489287,9.274284237489287,9.264558313487898,9.274284237489287,9.274284237489287,9.396856149255903,9.470403195996939,9.470403195996939,8.77609277494257,9.230496814278986,9.230496814278986,9.417884616583748,9.545949195871062,9.545949195871062,9.063530452740878,9.556672380298362,9.556672380298362,9.44278966279041,9.538522642040547,9.538522642040547,8.668669669827233,9.47572508010863,8.668669669827233,0.9256508960388601,8.593219862568022
I52S:A58T:T71S:S75F:Y95F,I52S:A58T:T71S:S75F:Y95F,5,9.867250185427476,9.911725041806585,9.911725041806585,9.867250185427476,9.911725041806585,9.911725041806585,9.831895853828739,9.92924847133191,9.92924847133191,9.360566392664262,9.786492984146749,9.786492984146749,9.906455872396572,9.9882976584816,9.9882976584816,9.13937778509445,9.756133329182648,9.756133329182648,9.939123163389759,9.882115485390369,9.882115485390369,9.02465646865013,9.776179776887655,9.02465646865013,0.24718465050682425,8.681690669304707
F29S:K74I:S75F:S77N:R87T,F29S:K74I:S75F:S77N:R87T,5,9.708460717038594,9.65325191699136,9.65325191699136,9.708460717038594,9.65325191699136,9.65325191699136,9.698196132160435,9.777028594852478,9.777028594852478,8.684543557410782,9.362377428786917,9.362377428786917,9.94948803542768,9.936568008863011,9.936568008863011,7.9170403086542915,9.202066221619955,9.202066221619955,9.870265142969657,9.761475193907073,9.761475193907073,8.853639712278909,9.585139677227854,8.853639712278909,0.49868750758469105,8.556132320423584
I52S:A58T:S75F:S77N:Y95F,I52S:A58T:S75F:S77N:Y95F,5,10.06835291067123,9.944473144633182,9.944473144633182,10.06835291067123,9.944473144633182,9.944473144633182,9.88433856711376,9.901361933463194,9.901361933463194,9.110905735439074,9.636717019860335,9.636717019860335,9.904186552192833,9.914367792883748,9.914367792883748,8.708152025109415,9.57648356244567,9.57648356244567,9.916331609526562,9.87565814337977,9.87565814337977,8.88257462339735,9.66878215038552,8.88257462339735,0.13431901205331087,8.661435315745617
S30N:I52S:A58T:K74I:S75F,S30N:I52S:A58T:K74I:S75F,5,10.368496206620657,10.289125286924143,10.289125286924143,10.368496206620657,10.289125286924143,10.289125286924143,10.361781402759888,10.285783316429256,10.285783316429256,9.600723078815147,9.978946191999533,9.978946191999533,10.302899540400068,10.243504807850057,10.243504807850057,9.160982733551501,9.908545521663164,9.908545521663164,10.330751304327356,9.992372210973487,9.992372210973487,9.44237310301003,9.947051142832741,9.44237310301003,0.28155478020198643,8.472655377040745
I52S:A58T:S75F:T76S:R87T,I52S:A58T:S75F:T76S:R87T,5,10.004318354260025,9.990828571753365,9.990828571753365,10.004318354260025,9.990828571753365,9.990828571753365,9.872317154149254,9.876433567531478,9.876433567531478,9.136538126862389,9.664930706524865,9.664930706524865,9.92285295646265,9.900125872570186,9.900125872570186,8.808419644083935,9.61766011428732,9.61766011428732,9.865206773584354,9.778668432813731,9.778668432813731,8.83712373739032,9.593111278374824,8.83712373739032,0.8323108486365527,8.83311747062621
S31N:N59A:K74I:S75F:Y95F,S31N:N59A:K74I:S75F:Y95F,5,10.008902618339908,9.973403891814804,9.973403891814804,10.008902618339908,9.973403891814804,9.973403891814804,9.870613815598867,9.858943781232313,9.858943781232313,9.352126489145665,9.74569930832184,9.74569930832184,9.821920109291549,9.739229783831265,9.739229783831265,9.265202042110177,9.79646241627647,9.79646241627647,9.913203868325061,9.745850478904742,9.745850478904742,9.039059530306497,9.698319053829898,9.039059530306497,0.7960008701775223,8.956808248115575
F29S:I52S:S75F:S77N,F29S:I52S:S75F:S77N,4,9.845029859407465,9.804085440063071,9.804085440063071,9.845029859407465,9.804085440063071,9.804085440063071,9.726300354954313,9.785272567270145,9.785272567270145,9.159469456967026,9.92858724385002,9.92858724385002,9.832675665701078,9.88262072811782,9.88262072811782,8.638039052154372,10.192142765116131,10.192142765116131,9.838936293183323,9.675421057362732,9.675421057362732,9.063732374305907,9.868321867173895,9.063732374305907,0.5261299556586891,8.794826033513186
S31N:T57S:A58T:S75F:T76S,S31N:T57S:A58T:S75F:T76S,5,9.401597120388901,9.448782604534257,9.448782604534257,9.401597120388901,9.448782604534257,9.448782604534257,9.534353071046105,9.636242842620778,9.636242842620778,8.977531820438008,9.406050452475826,9.406050452475826,9.373400705922906,9.480944552432318,9.480944552432318,9.074422581488674,9.565477605543942,9.565477605543942,9.417629575995564,9.472745112992827,9.472745112992827,8.673221520065947,9.47002684855354,8.673221520065947,0.19564596260897815,8.773597661954213
I52S:A58T:N59A:T71S:S75F,I52S:A58T:N59A:T71S:S75F,5,9.765671270707474,9.90255981983078,9.90255981983078,9.765671270707474,9.90255981983078,9.90255981983078,9.687022609265004,9.873838262518817,9.873838262518817,9.580862173608658,9.94202615204791,9.94202615204791,9.72976445509293,9.861240541682665,9.861240541682665,9.04091815551398,9.741973777524077,9.741973777524077,9.8636406479811,9.870862862321122,9.870862862321122,8.895391695236018,9.710589549433406,8.895391695236018,0.6946078548207879,8.606164456161853
S30N:T57S:N59A:K74I:S75F,S30N:T57S:N59A:K74I:S75F,5,9.478227170427548,9.587535859970389,9.587535859970389,9.478227170427548,9.587535859970389,9.587535859970389,9.565358413435222,9.673592571247768,9.673592571247768,9.219183462113248,9.662519260964812,9.662519260964812,9.700763873524608,9.71189696403143,9.71189696403143,9.017336855690857,9.622499459291577,9.622499459291577,9.78226975173758,9.692229384431764,9.692229384431764,8.863625088308185,9.594177462816905,8.863625088308185,0.44171671848744154,8.674427987151928
F29S:S30N:I52S:S75F:S84N,F29S:S30N:I52S:S75F:S84N,5,10.049502471814158,9.865997861190289,9.865997861190289,10.049502471814158,9.865997861190289,9.865997861190289,9.5631929411376,9.577270582405545,9.577270582405545,8.833688986404201,9.498377479700542,9.498377479700542,9.561156060647017,9.557641867802795,9.557641867802795,7.988335533046351,9.288702808095614,9.288702808095614,9.655480746650824,9.625806009882133,9.625806009882133,8.567249520969701,9.440208650103829,8.567249520969701,0.10391734470613301,8.761987308348013
S30N:S75F:T76S:R87T:Y95F,S30N:S75F:T76S:R87T:Y95F,5,9.558282532641194,9.5577954282528,9.5577954282528,9.558282532641194,9.5577954282528,9.5577954282528,9.605701105844883,9.645496138314371,9.645496138314371,8.543661886812266,9.088392846455537,9.088392846455537,9.607573426394733,9.596664178202284,9.596664178202284,8.757672995030916,9.438805425991223,9.438805425991223,9.561062312453569,9.572519629974257,9.572519629974257,8.662752188710105,9.474781914125677,8.662752188710105,0.7998897761572152,8.850546788502177
N59A:T71S:K74I:S75F:T76S,N59A:T71S:K74I:S75F:T76S,5,9.755139679828956,9.777569186093437,9.777569186093437,9.755139679828956,9.777569186093437,9.777569186093437,9.774499168424404,9.745312423581257,9.745312423581257,9.49114579472822,9.856722625569141,9.856722625569141,9.794260174736763,9.766191301490146,9.766191301490146,9.234611651859426,9.827350361407435,9.827350361407435,9.902147277364746,9.816594106835874,9.816594106835874,9.076992055519396,9.755768302928308,9.076992055519396,0.8889841069467366,8.655970056637294
I52S:A58T:K74I:S75F:S77N,I52S:A58T:K74I:S75F:S77N,5,10.530159743123521,10.360116474375953,10.360116474375953,10.530159743123521,10.360116474375953,10.360116474375953,10.44227038872496,10.280752952434199,10.280752952434199,9.410141755784952,9.825586376444015,9.825586376444015,10.385197503566756,10.246287997401957,10.246287997401957,8.84644874833195,9.764620687113233,9.764620687113233,10.360784363133837,10.052137545239425,10.052137545239425,9.412766291743802,9.914806523011407,9.412766291743802,0.17243720032274723,8.704777085990772
S31N:A58T:K74I:S75F:Y95F,S31N:A58T:K74I:S75F:Y95F,5,9.986226680028512,9.873058861160521,9.873058861160521,9.986226680028512,9.873058861160521,9.873058861160521,9.842794821867868,9.785654087047178,9.785654087047178,9.278017393766566,9.680317631427814,9.680317631427814,9.669837547788767,9.609828920756202,9.609828920756202,9.154956141289952,9.707431519702409,9.707431519702409,9.74213309425693,9.604652215712765,9.604652215712765,8.945990309291114,9.563218143470749,8.945990309291114,0.9938256642781198,8.961776552933854
F29S:I52S:N59A:S75F:S84N,F29S:I52S:N59A:S75F:S84N,5,9.514099490151407,9.52098014203583,9.52098014203583,9.514099490151407,9.52098014203583,9.52098014203583,9.101731365495722,9.248506405354467,9.248506405354467,8.634018305103922,9.138402294442525,9.138402294442525,9.184364876753389,9.32833115448356,9.32833115448356,7.29863348208567,8.58217258167567,8.58217258167567,9.255488028688957,9.397187207268871,9.397187207268871,8.144233893797121,9.022188054946385,8.144233893797121,0.7586238821968436,8.69935598998258
A58T:K74I:S75F:T76S,A58T:K74I:S75F:T76S,4,9.619935121790169,9.476510015966824,9.476510015966824,9.619935121790169,9.476510015966824,9.476510015966824,9.712213801627536,9.608645065049748,9.608645065049748,9.335622461888134,9.704941075451472,9.704941075451472,9.73677047571156,9.570213324273398,9.570213324273398,9.268501643425159,9.906969398254441,9.906969398254441,9.704663494269083,9.534959479142554,9.534959479142554,9.26701214839853,9.818856947501946,9.26701214839853,0.47944125114008784,8.918564048565964
F29S:S30N:S75F:T76S:Y95F,F29S:S30N:S75F:T76S:Y95F,5,9.072420710447036,9.100712053003424,9.100712053003424,9.072420710447036,9.100712053003424,9.100712053003424,8.892647118243957,9.040453715795861,9.040453715795861,8.00391309351488,8.610843157774127,8.610843157774127,9.089935618949564,9.225798485796238,9.225798485796238,7.740949019698724,8.633201412687374,8.633201412687374,9.11589071011697,9.292038566740814,9.292038566740814,8.364865128176294,9.202103503903363,8.364865128176294,0.4152723466977477,8.76413959480947
I52S:N59A:K74I:S75F:T76S,I52S:N59A:K74I:S75F:T76S,5,10.228684782925,10.198057401245658,10.198057401245658,10.228684782925,10.198057401245658,10.198057401245658,10.10703879885903,10.042497758393344,10.042497758393344,9.48109228235547,9.868917688803949,9.868917688803949,10.14086273172483,10.045674784087927,10.045674784087927,9.10968648196106,9.835662648948562,9.835662648948562,10.160652772594089,9.930128636909878,9.930128636909878,9.374022126031816,9.891572205790577,9.374022126031816,0.001082154456526041,8.639651716417506
S30N:S75F:S77N:S84N:R87T,S30N:S75F:S77N:S84N:R87T,5,9.781146957655006,9.779264231738992,9.779264231738992,9.781146957655006,9.779264231738992,9.779264231738992,9.710743413166824,9.77519042439641,9.77519042439641,8.646693631705526,9.401128687844158,9.401128687844158,9.654017423873135,9.676686490990438,9.676686490990438,7.985877237259546,9.2424044934822,9.2424044934822,9.521641820851693,9.559433735580178,9.559433735580178,8.524382342080411,9.435586879228032,8.524382342080411,0.7146049542352557,8.470699591726612
N59A:K74I:S75F:T76S:S84N,N59A:K74I:S75F:T76S:S84N,5,9.992471838463223,9.953931244783178,9.953931244783178,9.992471838463223,9.953931244783178,9.953931244783178,9.83714516619467,9.883966479808585,9.883966479808585,9.152787268945875,9.60587924355583,9.60587924355583,9.876218519764901,9.816888716529679,9.816888716529679,8.47900948324338,9.300547183740258,9.300547183740258,9.837864296524334,9.748495898726105,9.748495898726105,8.944854344936413,9.561806117219092,8.944854344936413,0.3195751151069999,8.277793177389919
S31N:T57S:T71S:S75F:S77N,S31N:T57S:T71S:S75F:S77N,5,9.421940147776219,9.507880571394512,9.507880571394512,9.421940147776219,9.507880571394512,9.507880571394512,9.50219801343312,9.593700677857582,9.593700677857582,8.68782026951305,9.272908314517647,9.272908314517647,9.537050136933361,9.562347875960963,9.562347875960963,8.520286147891946,9.303925054223605,9.303925054223605,9.578054066047084,9.569321731118984,9.569321731118984,8.639542653098221,9.38823880258259,8.639542653098221,0.7780618465039879,8.417588878847612
S30N:S31N:S75F:Y106S,S30N:S31N:S75F:Y106S,4,9.495213355147273,9.460173348677767,9.460173348677767,9.495213355147273,9.460173348677767,9.460173348677767,9.43927405112099,9.448598563867316,9.448598563867316,8.97138344347519,9.497576376989892,9.497576376989892,9.421323904775617,9.467065622710546,9.467065622710546,9.208779849182577,9.75548024658882,9.75548024658882,9.467728652690896,9.450183892993415,9.450183892993415,9.062469690422231,9.844111428198278,9.062469690422231,0.2693024023901671,8.600509992243373
S31N:A58T:K74I:S75F,S31N:A58T:K74I:S75F,4,9.762685977569404,9.601360094787934,9.601360094787934,9.762685977569404,9.601360094787934,9.601360094787934,9.752332075625747,9.628340849719937,9.628340849719937,9.410950025695499,9.758046312171883,9.758046312171883,9.627532523702246,9.479046241929046,9.479046241929046,9.324528214111817,9.907456523633265,9.907456523633265,9.717660467540986,9.462969896434053,9.462969896434053,9.282114545840821,9.801770403585515,9.282114545840821,0.2309790828730911,8.777527200239913
F29S:S30N:S75F:S77N:S84N,F29S:S30N:S75F:S77N:S84N,5,9.396875578051453,9.409526217712127,9.409526217712127,9.396875578051453,9.409526217712127,9.409526217712127,9.17271377677066,9.351356532467012,9.351356532467012,8.368538967737981,9.162435649355045,9.162435649355045,9.131038842190929,9.246058546822692,9.246058546822692,7.422776477814815,8.901651936479697,8.901651936479697,9.20311942802744,9.307524458270429,9.307524458270429,8.195610902644601,9.195765813772216,8.195610902644601,0.1607655209954828,8.722767359085458
S30N:A58T:S75F:Y95F,S30N:A58T:S75F:Y95F,4,9.372997576002742,9.509219323551992,9.509219323551992,9.372997576002742,9.509219323551992,9.509219323551992,9.427048989764632,9.610070189672232,9.610070189672232,9.115521087050665,9.611703317094525,9.611703317094525,9.429139974489322,9.581099890238285,9.581099890238285,9.190293796971272,9.81352914571469,9.81352914571469,9.407834280793649,9.53448808631888,9.53448808631888,8.999839535587316,9.896689826213754,8.999839535587316,0.525225255638361,9.053451351783076
A58T:T71S:S75F:R87T:Y95F,A58T:T71S:S75F:R87T:Y95F,5,9.306338677551205,9.365143687845057,9.365143687845057,9.306338677551205,9.365143687845057,9.365143687845057,9.259399093501687,9.400318852401998,9.400318852401998,8.721540877087095,9.188798136929416,9.188798136929416,9.34992719314278,9.469154209270284,9.469154209270284,8.744274383810414,9.367170198118774,9.367170198118774,9.33247482208082,9.409835570269333,9.409835570269333,8.475488540085339,9.32459863160446,8.475488540085339,0.10968814790248871,8.969760614155183
F29S:K74I:S75F:Y95F,F29S:K74I:S75F:Y95F,4,9.819875545335849,9.709096961288962,9.709096961288962,9.819875545335849,9.709096961288962,9.709096961288962,9.73450347280741,9.696090203277436,9.696090203277436,9.146567924340802,9.761685848252103,9.761685848252103,9.847984390068763,9.828809855701774,9.828809855701774,8.750357015749874,9.870649498855201,9.870649498855201,9.768815857278819,9.522633405457325,9.522633405457325,9.27543647859968,9.776630371033605,9.27543647859968,0.9381655079778284,8.668617569360167
S31N:S75F:S84N:R87T:Y95F,S31N:S75F:S84N:R87T:Y95F,5,9.87559000458383,9.780161795685594,9.780161795685594,9.87559000458383,9.780161795685594,9.780161795685594,9.62607485142789,9.684250632233118,9.684250632233118,8.731390544936353,9.313946856637527,9.313946856637527,9.54424954862277,9.558348334706864,9.558348334706864,8.387843713097734,9.220543882008158,9.220543882008158,9.587806958246556,9.545587471647536,9.545587471647536,8.631517256372922,9.375257899421525,8.631517256372922,0.9342561799567193,8.641459160226262
T71S:K74I:S75F:T76S:S84N,T71S:K74I:S75F:T76S:S84N,5,10.06226931758317,9.898385968616806,9.898385968616806,10.06226931758317,9.898385968616806,9.898385968616806,10.02157555897589,9.873676191812514,9.873676191812514,8.999865619272775,9.475541006737952,9.475541006737952,10.01936480987918,9.841781413408945,9.841781413408945,8.716966168180603,9.524866506916986,9.524866506916986,10.058477784293533,9.807806187990385,9.807806187990385,9.214245175726441,9.698917524229762,9.214245175726441,0.16956186527386308,8.611391759564738
K74I:S75F:S77N:R87T:Y95F,K74I:S75F:S77N:R87T:Y95F,5,10.022620597921652,9.947563433416313,9.947563433416313,10.022620597921652,9.947563433416313,9.947563433416313,9.96893458346707,9.973536284209102,9.973536284209102,8.861264547774862,9.4804346207251,9.4804346207251,10.104211388670587,10.051012572614763,10.051012572614763,8.559204130067213,9.490266896963231,9.490266896963231,9.9919083346531,9.780559824414508,9.780559824414508,9.026670973017902,9.63235732886812,9.026670973017902,0.21212466550059617,8.633766489469396
I52S:S75F:T76S:S77N,I52S:S75F:T76S:S77N,4,9.734950561668226,9.598854259388437,9.598854259388437,9.734950561668226,9.598854259388437,9.598854259388437,9.686620590390213,9.382206978912317,9.382206978912317,9.109497689808158,9.742594709908845,9.742594709908845,9.722914870679968,9.455681997081356,9.455681997081356,8.921365108752665,9.957764259305103,9.957764259305103,9.710800178588954,9.380944487662443,9.380944487662443,9.136662901878351,9.777482216965748,9.136662901878351,0.01559852878563106,8.6293984908467
K74I:S75F:T76S:R87T,K74I:S75F:T76S:R87T,4,9.952770880627945,9.774252384068618,9.774252384068618,9.952770880627945,9.774252384068618,9.774252384068618,10.04925150138132,9.948817213341846,9.948817213341846,9.322395022484253,9.75518722634864,9.75518722634864,10.039697543571883,9.671334599045874,9.671334599045874,9.34095719609978,9.946777977812717,9.946777977812717,9.984180344696085,9.450536814750132,9.450536814750132,9.508262090483738,9.739000024525879,9.508262090483738,0.5507242979947478,9.008389639444516
I52S:T57S:K74I:S75F:R87T,I52S:T57S:K74I:S75F:R87T,5,10.237509691505345,10.223475675251864,10.223475675251864,10.237509691505345,10.223475675251864,10.223475675251864,10.248455881447283,10.117951139646935,10.117951139646935,9.169574227610251,9.648507674088536,9.648507674088536,10.321381273783551,10.04501074474058,10.04501074474058,9.026181078291172,9.805267773985893,9.805267773985893,10.253881145961127,9.855416801814467,9.855416801814467,9.433843367675076,9.850684173605234,9.433843367675076,0.34082252415828407,8.86574698887338
S31N:N59A:T71S:S75F:T76S,S31N:N59A:T71S:S75F:T76S,5,9.29724700431838,9.371142741358051,9.371142741358051,9.29724700431838,9.371142741358051,9.371142741358051,9.288052275206407,9.398713164835929,9.398713164835929,8.899212438389151,9.345302552483584,9.345302552483584,9.263135644515936,9.388937053739536,9.388937053739536,8.977172162809756,9.457900709402699,9.457900709402699,9.398317817435467,9.452153505568551,9.452153505568551,8.604164870329553,9.396889838427255,8.604164870329553,0.5961943469010293,8.580592230243674
I52S:S75F:S77N:Y95F,I52S:S75F:S77N:Y95F,4,9.765806233310782,9.612409093461585,9.612409093461585,9.765806233310782,9.612409093461585,9.612409093461585,9.644089847973266,9.53286521186807,9.53286521186807,9.06071586230115,9.686635313219787,9.686635313219787,9.766510264265985,9.522715890222361,9.522715890222361,8.883058850012862,9.82275646138645,9.82275646138645,9.75818257624156,9.484938559972145,9.484938559972145,9.135578389332004,9.786290166464726,9.135578389332004,0.13264999212697148,8.728684985045225
K74I:S75F:S84N:Y106S,K74I:S75F:S84N:Y106S,4,9.804580411222377,9.66871622571982,9.66871622571982,9.804580411222377,9.66871622571982,9.66871622571982,9.700680507119454,9.623678523630616,9.623678523630616,9.083712088065246,9.800460747484202,9.800460747484202,9.799023969351591,9.611336178538547,9.611336178538547,9.029199740302067,9.90655012266099,9.90655012266099,9.717090937955424,9.472007792533487,9.472007792533487,9.3483465346953,9.785177559283749,9.3483465346953,0.4329823856242001,8.75265732365338
T57S:T71S:S75F:R87T:Y106S,T57S:T71S:S75F:R87T:Y106S,5,9.301448961082185,9.452551334948868,9.452551334948868,9.301448961082185,9.452551334948868,9.452551334948868,9.375612454711142,9.547053254475609,9.547053254475609,8.814145539141757,9.362115631169793,9.362115631169793,9.378960465219338,9.536540168345093,9.536540168345093,8.829710081474154,9.493235343013904,9.493235343013904,9.352948893235428,9.495731631328322,9.495731631328322,8.515167937005712,9.42860825762944,8.515167937005712,0.8202815435361117,8.60795300953508
I52S:A58T:N59A:K74I:S75F,I52S:A58T:N59A:K74I:S75F,5,10.339186056055247,10.366666909672016,10.366666909672016,10.339186056055247,10.366666909672016,10.366666909672016,10.180290278405696,10.213739728980233,10.213739728980233,9.870623858871195,10.158026105489286,10.158026105489286,10.165897569585374,10.185195589442522,10.185195589442522,9.176663178398108,9.924882742403957,9.924882742403957,10.24680424598635,10.043776953377336,10.043776953377336,9.315417305457842,9.946994716568096,9.315417305457842,0.19018450286239386,8.471490180142151
F29S:I52S:A58T:S75F:T76S,F29S:I52S:A58T:S75F:T76S,5,9.744270800682003,9.645644386763117,9.645644386763117,9.744270800682003,9.645644386763117,9.645644386763117,9.5316893627283,9.560573684609661,9.560573684609661,9.00261908451006,9.4459597882164,9.4459597882164,9.666443498976417,9.688847136617973,9.688847136617973,8.290810993256141,9.229825356043282,9.229825356043282,9.684794347409646,9.621090572635193,9.621090572635193,8.701346686992938,9.441977434255149,8.701346686992938,0.011405428405851126,8.734658401016723
I52S:A58T:S75F:S84N:R87T,I52S:A58T:S75F:S84N:R87T,5,10.133537493708294,10.121520494857098,10.121520494857098,10.133537493708294,10.121520494857098,10.121520494857098,9.85244555408082,9.89216605559923,9.89216605559923,9.054106254164195,9.59309394007956,9.59309394007956,9.932041465916058,9.961517833509069,9.961517833509069,8.28560471236561,9.389277006173241,9.389277006173241,9.916788620238842,9.852031129095739,9.852031129095739,8.792006242208942,9.58386092572853,8.792006242208942,0.12947236141189933,8.755342759154265
F29S:T71S:K74I:S75F:S84N,F29S:T71S:K74I:S75F:S84N,5,10.013380670204235,9.908628757668293,9.908628757668293,10.013380670204235,9.908628757668293,9.908628757668293,9.76013387816136,9.78997982046393,9.78997982046393,9.021333849748265,9.527320243774218,9.527320243774218,9.721393137058712,9.686163793818112,9.686163793818112,8.291829793281359,9.44072441612248,9.44072441612248,9.784939627905118,9.649481941477466,9.649481941477466,8.913695673952521,9.588181438953093,8.913695673952521,0.1496533597819507,8.65283690871047
S30N:S75F:T76S:S84N:Y106S,S30N:S75F:T76S:S84N:Y106S,5,9.248552972164731,9.280922153276679,9.280922153276679,9.248552972164731,9.280922153276679,9.280922153276679,9.16502640362976,9.286591868807427,9.286591868807427,8.358921748272348,9.11443142554069,9.11443142554069,9.287391918688616,9.4078246582874,9.4078246582874,8.296700950470022,9.208673139824775,9.208673139824775,9.262700438600246,9.40347988720431,9.40347988720431,8.449461644714939,9.310536252275844,8.449461644714939,0.8193373701069504,8.51367191754922
F29S:I52S:S75F:S77N:Y95F,F29S:I52S:S75F:S77N:Y95F,5,9.752463850035335,9.73704402635098,9.73704402635098,9.752463850035335,9.73704402635098,9.73704402635098,9.506176408056287,9.63442277788344,9.63442277788344,8.482236745272875,9.17577757251889,9.17577757251889,9.717784512174944,9.80648033057636,9.80648033057636,7.72224941991049,8.969700807476123,8.969700807476123,9.697777176793615,9.712001491148513,9.712001491148513,8.544753174972623,9.381031579785118,8.544753174972623,0.49401474464684725,8.64536472033193
T57S:A58T:S75F:S77N:S84N,T57S:A58T:S75F:S77N:S84N,5,9.425679459510363,9.414815650962376,9.414815650962376,9.425679459510363,9.414815650962376,9.414815650962376,9.39132077088702,9.508560702589962,9.508560702589962,8.80734490354229,9.290591097260098,9.290591097260098,9.335099340863206,9.471859826865582,9.471859826865582,8.049954687046297,9.08176791209465,9.08176791209465,9.30223521745018,9.408128717479585,9.408128717479585,8.439956945258668,9.264686470293723,8.439956945258668,0.5376249384135008,8.680868621667408
I52S:A58T:T71S:S75F,I52S:A58T:T71S:S75F,4,9.933739749179477,10.002137603854875,10.002137603854875,9.933739749179477,10.002137603854875,10.002137603854875,9.959425670616453,10.021748835054952,10.021748835054952,9.674666015134237,10.065126281799381,10.065126281799381,9.962804151024297,9.96034099575518,9.96034099575518,9.410767436981665,10.018837871281091,10.018837871281091,10.024765146035255,9.76286717326689,9.76286717326689,9.428980017080878,10.023986530872032,9.428980017080878,0.8080450312700123,8.485913641451143
F29S:I52S:N59A:S75F:T76S,F29S:I52S:N59A:S75F:T76S,5,9.351354663009804,9.38100448345768,9.38100448345768,9.351354663009804,9.38100448345768,9.38100448345768,8.992574087322009,9.126725006020305,9.126725006020305,8.732218098862619,9.19690081721612,9.19690081721612,9.233540125226083,9.398327094419416,9.398327094419416,7.833896480272896,8.793748177747382,8.793748177747382,9.264906796767722,9.396002232853522,9.396002232853522,8.401311017203165,9.205818094351745,8.401311017203165,0.12916120397858322,8.56214983359355
N59A:K74I:S75F:S77N,N59A:K74I:S75F:S77N,4,9.702891381831678,9.747200404824433,9.747200404824433,9.702891381831678,9.747200404824433,9.747200404824433,9.643701992321615,9.702543642495336,9.702543642495336,9.301182880761404,9.90501423270003,9.90501423270003,9.718252476349047,9.711486978061966,9.711486978061966,8.950582234420267,10.065092335876173,10.065092335876173,9.770260106642311,9.636251378140393,9.636251378140393,9.205662361108866,9.878371181585106,9.205662361108866,0.02072829008102417,8.562101812862103
T57S:T71S:S75F:T76S:S84N,T57S:T71S:S75F:T76S:S84N,5,9.42532289728651,9.429802459361383,9.429802459361383,9.42532289728651,9.429802459361383,9.429802459361383,9.39389793000573,9.477825800129933,9.477825800129933,8.737863486009095,9.266598091416475,9.266598091416475,9.417479746579476,9.521655606575136,9.521655606575136,8.422808248028907,9.25008435490012,9.25008435490012,9.458694529533636,9.507607884674433,9.507607884674433,8.56530883392549,9.276838339400257,8.56530883392549,0.2625066679902375,8.729020563428955
T57S:S75F:T76S:R87T,T57S:S75F:T76S:R87T,4,9.585366309687524,9.673396436113327,9.673396436113327,9.585366309687524,9.673396436113327,9.673396436113327,9.59735639094249,9.707095590204101,9.707095590204101,9.063613781101084,9.62764419706924,9.62764419706924,9.580320352691711,9.574035082244977,9.574035082244977,9.198960078789668,9.895499367151908,9.895499367151908,9.560635974933312,9.511554081536113,9.511554081536113,9.05264277841693,9.850467400422975,9.05264277841693,0.5530817129183561,8.829063413096272
S30N:N59A:S75F:T76S,S30N:N59A:S75F:T76S,4,9.226609817211157,9.398606848038568,9.398606848038568,9.226609817211157,9.398606848038568,9.398606848038568,9.16506172109518,9.334397765111099,9.334397765111099,8.95457482925969,9.474361341088308,9.474361341088308,9.293993260698329,9.408799459525412,9.408799459525412,9.018744145572626,9.694955173683582,9.694955173683582,9.38610392746888,9.479292052004753,9.479292052004753,8.923378150469452,9.837439840144793,8.923378150469452,0.5341345476917922,8.330364798277628
S31N:T57S:K74I:S75F:T76S,S31N:T57S:K74I:S75F:T76S,5,10.01426132742811,9.92642581850386,9.92642581850386,10.01426132742811,9.92642581850386,9.92642581850386,10.099997663572541,10.0311222486496,10.0311222486496,9.123810767957242,9.638830111752632,9.638830111752632,10.020403920264286,9.83821037945213,9.83821037945213,9.396603527227162,9.940770939505102,9.940770939505102,10.063994826783494,9.801514241088297,9.801514241088297,9.296006772825196,9.842047015452367,9.296006772825196,0.34756872337311506,8.754600069848752
F29S:S31N:I52S:S75F,F29S:S31N:I52S:S75F,4,9.84751940343713,9.704477233670167,9.704477233670167,9.84751940343713,9.704477233670167,9.704477233670167,9.677508014464857,9.421320500029035,9.421320500029035,9.139394595823534,9.775267074602896,9.775267074602896,9.57735744356227,9.429489553865936,9.429489553865936,8.773580864401792,9.965922837194581,9.965922837194581,9.64561912999178,9.434133934050362,9.434133934050362,9.144909750850502,9.843673299922992,9.144909750850502,0.6532761461567134,8.511661663284775
S30N:K74I:S75F:T76S:Y95F,S30N:K74I:S75F:T76S:Y95F,5,9.941749568905758,9.872304401741735,9.872304401741735,9.941749568905758,9.872304401741735,9.872304401741735,10.023888858911775,9.945254339822927,9.945254339822927,8.894339436403465,9.419512030732898,9.419512030732898,10.107473834917723,9.960482633719366,9.960482633719366,9.091593363606169,9.703349748122893,9.703349748122893,10.089030163454328,9.847906646974446,9.847906646974446,9.190095399130271,9.768145380691704,9.190095399130271,0.6592382786329836,8.804103483754494
I52S:T71S:K74I:S75F:T76S,I52S:T71S:K74I:S75F:T76S,5,10.178553846269567,10.080946931363377,10.080946931363377,10.178553846269567,10.080946931363377,10.080946931363377,10.238382546689417,10.014881683320333,10.014881683320333,9.270008561448313,9.718009114539358,9.718009114539358,10.213349523766313,9.954646273013722,9.954646273013722,9.202473930877577,9.887673837586725,9.887673837586725,10.288622117977903,9.894655052141983,9.894655052141983,9.526485227402427,9.915219029599543,9.526485227402427,0.2341556940227747,8.845152587393372
I52S:T71S:S75F:S84N:Y95F,I52S:T71S:S75F:S84N:Y95F,5,9.679615129931008,9.62038894041872,9.62038894041872,9.679615129931008,9.62038894041872,9.62038894041872,9.522213452366136,9.555828856761533,9.555828856761533,8.83104774275714,9.327415234473262,9.327415234473262,9.63536895912987,9.565928854072151,9.565928854072151,8.370887677198427,9.26579027583923,9.26579027583923,9.698015809864078,9.55583566890572,9.55583566890572,8.76066880322074,9.407754288955495,8.76066880322074,0.04582655499689281,8.742143983588177
S30N:S31N:I52S:S75F:S77N,S30N:S31N:I52S:S75F:S77N,5,9.993480586248253,9.88806108333206,9.88806108333206,9.993480586248253,9.88806108333206,9.88806108333206,9.887043874407288,9.82303794664396,9.82303794664396,8.770387096450982,9.370847850931483,9.370847850931483,9.764541241770349,9.652720527949796,9.652720527949796,8.519273235278,9.454495617406675,9.454495617406675,9.748783105994443,9.562408589042304,9.562408589042304,8.79465871287838,9.463309023427746,8.79465871287838,0.257280888967216,8.7319730671307
S30N:T71S:S75F:S77N:Y106S,S30N:T71S:S75F:S77N:Y106S,5,9.01723184564432,9.168540689548587,9.168540689548587,9.01723184564432,9.168540689548587,9.168540689548587,9.25218172031991,9.397633998744007,9.397633998744007,8.500684907550202,9.164778720381634,9.164778720381634,9.280905857281077,9.360498397449069,9.360498397449069,8.421536783032959,9.231237847519925,9.231237847519925,9.238850616409083,9.374114232835726,9.374114232835726,8.463660964455213,9.287575635572127,8.463660964455213,0.6031044884584844,8.759374087967057
A58T:S75F:S84N:Y95F:Y106S,A58T:S75F:S84N:Y95F:Y106S,5,9.330409524857172,9.333827264308164,9.333827264308164,9.330409524857172,9.333827264308164,9.333827264308164,9.06832171706575,9.233900076666432,9.233900076666432,8.786660762463717,9.263841353931388,9.263841353931388,9.158825225128085,9.367730055366327,9.367730055366327,8.334835341442233,9.129190098220887,9.129190098220887,9.16552313857588,9.359138299300982,9.359138299300982,8.352858318261152,9.14792833828201,8.352858318261152,0.5336466510780156,8.986905565606197
S30N:S31N:K74I:S75F:Y106S,S30N:S31N:K74I:S75F:Y106S,5,9.759682017084213,9.674049920448061,9.674049920448061,9.759682017084213,9.674049920448061,9.674049920448061,9.79415344746528,9.726535994841132,9.726535994841132,8.866063716860879,9.390980821477187,9.390980821477187,9.795419348005291,9.716158618224993,9.716158618224993,9.1778364449938,9.76899591125397,9.76899591125397,9.85487220344214,9.64840079416129,9.64840079416129,9.1323336735217,9.712254587049259,9.1323336735217,0.5965647073462605,8.746205816030317
T57S:S75F:Y95F:Y106S,T57S:S75F:Y95F:Y106S,4,9.368726227461238,9.383845351982156,9.383845351982156,9.368726227461238,9.383845351982156,9.383845351982156,9.405157424276146,9.483444392872132,9.483444392872132,9.080982560806824,9.483777908598716,9.483777908598716,9.426418260281894,9.56916254673713,9.56916254673713,9.267764492466025,9.798373484367715,9.798373484367715,9.379649714821117,9.538391094649768,9.538391094649768,9.019462315614582,9.952091137938819,9.019462315614582,0.3357089930213988,8.61351292264972
S31N:S75F:S84N:Y95F,S31N:S75F:S84N:Y95F,4,9.783913012391466,9.69501072386472,9.69501072386472,9.783913012391466,9.69501072386472,9.69501072386472,9.625133257189729,9.668477305790018,9.668477305790018,9.129294977157702,9.708545923579386,9.708545923579386,9.535038105309285,9.535895503828817,9.535895503828817,8.882134711773423,9.76179903550563,9.76179903550563,9.589095992033336,9.44252583083333,9.44252583083333,9.058804266144644,9.774846234849893,9.058804266144644,0.3944419343024492,8.98461168677031
I52S:S75F:T76S:R87T,I52S:S75F:T76S:R87T,4,9.911787573295253,9.90839219071224,9.90839219071224,9.911787573295253,9.90839219071224,9.90839219071224,9.738395324382264,9.607479789784282,9.607479789784282,9.272987711627193,9.866115237759683,9.866115237759683,9.708619201679479,9.588802777930757,9.588802777930757,9.06515516585665,10.008300065017169,10.008300065017169,9.669001374023347,9.511487235537995,9.511487235537995,9.147705521472504,9.777788156228187,9.147705521472504,0.25707170763053,8.679614357725146
I52S:N59A:T71S:S75F:T76S,I52S:N59A:T71S:S75F:T76S,5,9.467258689335333,9.540389451677278,9.540389451677278,9.467258689335333,9.540389451677278,9.540389451677278,9.40890702401613,9.500840278506852,9.500840278506852,9.229037569786811,9.650656228063964,9.650656228063964,9.4876189317083,9.519388537397832,9.519388537397832,8.860160950437768,9.554480761792538,9.554480761792538,9.590841065074763,9.544190301803495,9.544190301803495,8.799587033343416,9.536001766371443,8.799587033343416,0.2638684459961951,8.634549147769931
S30N:A58T:T71S:S75F:T76S,S30N:A58T:T71S:S75F:T76S,5,8.967116091208007,9.054796687276754,9.054796687276754,8.967116091208007,9.054796687276754,9.054796687276754,9.217145235084985,9.308216557825338,9.308216557825338,8.726683891733812,9.15871091647726,9.15871091647726,9.339820443971611,9.418325854285166,9.418325854285166,8.775282845025773,9.328109938146685,9.328109938146685,9.417476041554048,9.477060712406987,9.477060712406987,8.533784213254783,9.340775007602632,8.533784213254783,0.8087869407609105,8.731291887704668
N59A:T71S:S75F:S77N:R87T,N59A:T71S:S75F:S77N:R87T,5,9.23774800581508,9.442046294462596,9.442046294462596,9.23774800581508,9.442046294462596,9.442046294462596,9.060537036339523,9.292561269066605,9.292561269066605,8.42179745814169,9.061139099364675,9.061139099364675,9.182737159288184,9.354977393345102,9.354977393345102,8.002993451987757,9.112337022541565,9.112337022541565,9.27210603798155,9.35649191854813,9.35649191854813,8.26594710962485,9.180507624109202,8.26594710962485,0.9682370151858777,8.50748366678037
I52S:T57S:A58T:S77N:R87T,I52S:T57S:A58T:S77N:R87T,5,8.632866828966677,8.759685452954306,8.759685452954306,8.632866828966677,8.759685452954306,8.759685452954306,8.538030072563044,8.830738539924514,8.830738539924514,7.881999980324071,8.397165663961871,8.397165663961871,8.606694982062024,8.912701787971658,8.912701787971658,7.44160973114602,8.42810988310643,8.42810988310643,8.50902142306568,8.84683921991963,8.84683921991963,7.537645133810315,8.661488243154334,7.537645133810315,0.43574495939537883,8.848160138938761
S30N:T57S:S75F:R87T:Y106S,S30N:T57S:S75F:R87T:Y106S,5,9.274621149803643,9.395281661565326,9.395281661565326,9.274621149803643,9.395281661565326,9.395281661565326,9.484116888844783,9.64265562040963,9.64265562040963,8.671992606468667,9.236615613508995,9.236615613508995,9.468288569890507,9.588588505814691,9.588588505814691,8.839130883247224,9.502976211461494,9.502976211461494,9.424523486500663,9.519873845707442,9.519873845707442,8.597908563793723,9.444215792634626,8.597908563793723,0.1490687681362033,8.681740006016819
F29S:S31N:K74I:S75F:S84N,F29S:S31N:K74I:S75F:S84N,5,9.982861734838764,9.861957445744844,9.861957445744844,9.982861734838764,9.861957445744844,9.861957445744844,9.784274642456962,9.724291185598473,9.724291185598473,8.690013794111469,9.336175050411658,9.336175050411658,9.62246095623982,9.61817974159417,9.61817974159417,8.063420094366148,9.247832988677654,9.247832988677654,9.722696410752766,9.622822519174989,9.622822519174989,8.954441042378468,9.604534125989694,8.954441042378468,0.6240119985304773,8.753236278377297
S30N:I52S:T71S:S75F:Y95F,S30N:I52S:T71S:S75F:Y95F,5,9.58036460644522,9.526141580827801,9.526141580827801,9.58036460644522,9.526141580827801,9.526141580827801,9.669366195634963,9.630775318106336,9.630775318106336,8.930962601252034,9.356345318512668,9.356345318512668,9.760935997329657,9.69115908359118,9.69115908359118,8.93456549684171,9.502050506675781,9.502050506675781,9.729505175902691,9.59064782346865,9.59064782346865,8.852724246164295,9.523760505856547,8.852724246164295,0.12171116145327687,8.738419867389595
S31N:I52S:T57S:A58T:S84N,S31N:I52S:T57S:A58T:S84N,5,8.868105262713383,9.009521562280277,9.009521562280277,8.868105262713383,9.009521562280277,9.009521562280277,8.902947862543122,9.222419033139698,9.222419033139698,8.415699251133296,8.907433596077173,8.907433596077173,8.576238418362008,9.026209421544083,9.026209421544083,7.697448249199994,8.6540033447005,8.6540033447005,8.64854239650253,9.00430601949812,9.00430601949812,7.728790313588349,8.727200171194236,7.728790313588349,0.38765345560386777,8.544028967611526
I52S:T57S:S75F:T76S:Y95F,I52S:T57S:S75F:T76S:Y95F,5,9.513525508345671,9.455366933634261,9.455366933634261,9.513525508345671,9.455366933634261,9.455366933634261,9.519632698492567,9.49859350285735,9.49859350285735,8.728629275489304,9.292856822030082,9.292856822030082,9.628030227601174,9.582922376851881,9.582922376851881,8.953378594246546,9.588406379725535,9.588406379725535,9.636738977606969,9.553674871238544,9.553674871238544,8.828592048490076,9.530735447236976,8.828592048490076,0.2309151333756745,8.75569099898912
S30N:I52S:S75F:T76S:R87T,S30N:I52S:S75F:T76S:R87T,5,9.890341886382021,9.889071601304144,9.889071601304144,9.890341886382021,9.889071601304144,9.889071601304144,9.77068760820303,9.73500030628528,9.73500030628528,8.812302898540446,9.419502981842408,9.419502981842408,9.722698952723961,9.601682420081131,9.601682420081131,8.658496659735947,9.520482213631857,9.520482213631857,9.709749013072058,9.539936446829964,9.539936446829964,8.758206636300148,9.438940788772927,8.758206636300148,0.5687612460460514,8.73023851366797
I52S:A58T:S75F:Y106S,I52S:A58T:S75F:Y106S,4,9.80011430001535,9.61658102929178,9.61658102929178,9.80011430001535,9.61658102929178,9.61658102929178,9.739401970223998,9.613886801239914,9.613886801239914,9.451204866524408,9.793102263505624,9.793102263505624,9.741433498529434,9.628594348050358,9.628594348050358,9.311563004244745,9.891841694396986,9.891841694396986,9.745952391643275,9.634669972267282,9.634669972267282,9.231953671664993,9.93148138768382,9.231953671664993,0.4796135702636093,8.885210500082442
S30N:S31N:N59A:S75F:Y95F,S30N:S31N:N59A:S75F:Y95F,5,9.424533248475583,9.486733766708854,9.486733766708854,9.424533248475583,9.486733766708854,9.486733766708854,9.283143915869916,9.45490729979489,9.45490729979489,8.76284679280716,9.257645276744341,9.257645276744341,9.266972133281133,9.469594600268671,9.469594600268671,8.903674966921438,9.486655786926544,9.486655786926544,9.379187080155878,9.474933088202167,9.474933088202167,8.54463103726041,9.38178279837221,8.54463103726041,0.8016228750348091,8.955087116451075
S30N:S31N:S75F:S77N:Y95F,S30N:S31N:S75F:S77N:Y95F,5,9.662243821793085,9.67354703920157,9.67354703920157,9.662243821793085,9.67354703920157,9.67354703920157,9.676173812907415,9.790444332047837,9.790444332047837,8.704580736592732,9.297028385300573,9.297028385300573,9.582621627278211,9.67055311265956,9.67055311265956,8.568062724165523,9.41385039488724,9.41385039488724,9.594275100145104,9.573535324726736,9.573535324726736,8.669715016240692,9.416794346845405,8.669715016240692,0.29300111532211304,8.803009014377846
I52S:S75F:T76S:S84N:R87T,I52S:S75F:T76S:S84N:R87T,5,10.116212109711679,10.041623857507076,10.041623857507076,10.116212109711679,10.041623857507076,10.041623857507076,9.753380439476642,9.64390564240682,9.64390564240682,8.818950520518147,9.433077266458927,9.433077266458927,9.711201725584786,9.601293105604977,9.601293105604977,8.222626022309026,9.306035402605248,9.306035402605248,9.635850345135074,9.497784238050327,9.497784238050327,8.654341871683759,9.35837765117316,8.654341871683759,0.7944106981158257,8.681392691055407
S30N:T57S:T71S:S75F:S77N,S30N:T57S:T71S:S75F:S77N,5,9.12347294069216,9.269064140619198,9.269064140619198,9.12347294069216,9.269064140619198,9.269064140619198,9.396153535144592,9.531660869706197,9.531660869706197,8.536395755408767,9.112920301392464,9.112920301392464,9.534692200380112,9.592551989906658,9.592551989906658,8.44396434346815,9.25410809714195,9.25410809714195,9.51979539713026,9.534885896269973,9.534885896269973,8.552372902050317,9.322650369811683,8.552372902050317,0.7516491422429681,8.617355727144849
T57S:T71S:S75F:Y106S,T57S:T71S:S75F:Y106S,4,9.312086459363266,9.443958082829692,9.443958082829692,9.312086459363266,9.443958082829692,9.443958082829692,9.374312393733835,9.480352348274772,9.480352348274772,9.163719180083769,9.665533221568747,9.665533221568747,9.43673887733111,9.581198494677007,9.581198494677007,9.214152487840348,9.78492993424558,9.78492993424558,9.409505870778988,9.535793267786815,9.535793267786815,8.982338084920286,9.907766493011138,8.982338084920286,0.09716129815205932,8.647654646570631
S31N:T71S:S75F:Y95F,S31N:T71S:S75F:Y95F,4,9.587117175718797,9.387045384623672,9.387045384623672,9.587117175718797,9.387045384623672,9.387045384623672,9.644721886846376,9.512909279482992,9.512909279482992,9.214882282065794,9.67381056554838,9.67381056554838,9.572806772712289,9.533938525736431,9.533938525736431,9.331433948616821,9.693759382208283,9.693759382208283,9.58623084064212,9.434460383423637,9.434460383423637,9.136959699090598,9.853528163873582,9.136959699090598,0.7940875049680471,8.568260510789216
S75F:T76S:S84N:R87T:Y95F,S75F:T76S:S84N:R87T:Y95F,5,9.909691517299992,9.829046714568777,9.829046714568777,9.909691517299992,9.829046714568777,9.829046714568777,9.57516316203357,9.632899428325059,9.632899428325059,8.629078606645164,9.240677558017547,9.240677558017547,9.551929104768389,9.574748199810493,9.574748199810493,8.289071714734366,9.19712300703535,9.19712300703535,9.492116417988699,9.486633934619432,9.486633934619432,8.528479824100065,9.340118100426885,8.528479824100065,0.9402744336985052,8.730323883729497
N59A:S75F:T76S:Y95F,N59A:S75F:T76S:Y95F,4,9.424586160459532,9.467072069485686,9.467072069485686,9.424586160459532,9.467072069485686,9.467072069485686,9.3314798817067,9.40751536508451,9.40751536508451,9.151030798804575,9.553269650254563,9.553269650254563,9.405125476317338,9.512077479396133,9.512077479396133,9.196176568229104,9.739676443402981,9.739676443402981,9.383580116930546,9.478772255833418,9.478772255833418,9.003673141410971,9.8378232570819,9.003673141410971,0.7089101083111018,8.839614950020149
I52S:A58T:N59A:S75F:Y106S,I52S:A58T:N59A:S75F:Y106S,5,9.60241591937096,9.638978596986512,9.638978596986512,9.60241591937096,9.638978596986512,9.638978596986512,9.449264657982866,9.552224207575822,9.552224207575822,9.369995676737176,9.72893812161983,9.72893812161983,9.51432524194233,9.636489373470466,9.636489373470466,8.963740579991628,9.659736941331401,9.659736941331401,9.575358800131959,9.69817077261919,9.69817077261919,8.710593301083025,9.60084356880585,8.710593301083025,0.11113087134435773,8.792540575034108
I52S:T71S:S75F:Y95F,I52S:T71S:S75F:Y95F,4,9.607385586890572,9.546758628227495,9.546758628227495,9.607385586890572,9.546758628227495,9.546758628227495,9.618924086264563,9.59739017269815,9.59739017269815,9.262526499997067,9.663207411833211,9.663207411833211,9.740069265497889,9.60429471390204,9.60429471390204,9.249456349495718,9.827522885185848,9.827522885185848,9.735310569244277,9.505059916744461,9.505059916744461,9.276392204580224,9.869134984787303,9.276392204580224,0.6880184141919017,8.645491879438502
N59A:S75F:S84N:Y95F,N59A:S75F:S84N:Y95F,4,9.537161875240798,9.522070847678965,9.522070847678965,9.537161875240798,9.522070847678965,9.522070847678965,9.343974857513116,9.545804310822822,9.545804310822822,9.14246391832488,9.619733910312462,9.619733910312462,9.382363488974615,9.479174534032207,9.479174534032207,8.671613138647842,9.761944234375086,9.761944234375086,9.399967460875102,9.47260812977662,9.47260812977662,8.831142697601955,9.737004027769723,8.831142697601955,0.6438316921703517,9.15721026910556
T71S:K74I:S75F:Y106S,T71S:K74I:S75F:Y106S,4,9.603735834646196,9.569465020080322,9.569465020080322,9.603735834646196,9.569465020080322,9.569465020080322,9.68394987288999,9.622155894763045,9.622155894763045,9.28806830078846,9.752206532129051,9.752206532129051,9.73923935891808,9.531788508941673,9.531788508941673,9.349940308234192,9.871254600722848,9.871254600722848,9.744659776388902,9.47107592176106,9.47107592176106,9.323078810119723,9.826871535355039,9.323078810119723,0.34721801010891795,9.081566287679909
S30N:S31N:A58T:S75F:Y95F,S30N:S31N:A58T:S75F:Y95F,5,9.482890197401051,9.526411597953885,9.526411597953885,9.482890197401051,9.526411597953885,9.526411597953885,9.448282119261144,9.605056844976614,9.605056844976614,8.884674817386069,9.351128817595576,9.351128817595576,9.30127460976066,9.470736938209516,9.470736938209516,8.95008728888543,9.492704665231699,9.492704665231699,9.386131495581969,9.439773153209194,9.439773153209194,8.590298564800417,9.411518324330054,8.590298564800417,0.46378706698305905,8.802615929034847
T57S:A58T:S75F:R87T,T57S:A58T:S75F:R87T,4,9.42372808942856,9.49246901709227,9.49246901709227,9.42372808942856,9.49246901709227,9.49246901709227,9.442097960799204,9.56605776334467,9.56605776334467,9.165436923493703,9.570352691745244,9.570352691745244,9.51257574020804,9.627518259849971,9.627518259849971,9.156949112478246,9.812094827476901,9.812094827476901,9.487212410137715,9.480083687167179,9.480083687167179,9.026277562753659,9.911282571639166,9.026277562753659,0.5197214453946799,8.820140366886708
S30N:T71S:S75F:Y95F:Y106S,S30N:T71S:S75F:Y95F:Y106S,5,9.135323513110105,9.206804445759628,9.206804445759628,9.135323513110105,9.206804445759628,9.206804445759628,9.304549621053814,9.382973604980709,9.382973604980709,8.754935886866804,9.28976142799528,9.28976142799528,9.342776869216003,9.443151459766556,9.443151459766556,8.942208170584815,9.495137369661588,9.495137369661588,9.289157057329568,9.42930028551103,9.42930028551103,8.55620796148717,9.405613865862614,8.55620796148717,0.23552882112562656,9.007839541230764
K74I:S75F:S77N:R87T,K74I:S75F:S77N:R87T,4,9.838946759385815,9.663150021800552,9.663150021800552,9.838946759385815,9.663150021800552,9.663150021800552,9.92969896117927,9.771141528271922,9.771141528271922,9.181773072363466,9.719813711178372,9.719813711178372,10.026823509177909,9.832041795818046,9.832041795818046,8.933210975409951,9.84807767340247,9.84807767340247,9.928133838070268,9.50447711328288,9.50447711328288,9.389897978235227,9.745797444417436,9.389897978235227,0.29916026862338185,8.464643880926323
I52S:A58T:S75F:Y95F:Y106S,I52S:A58T:S75F:Y95F:Y106S,5,9.720841245577672,9.679888288032977,9.679888288032977,9.720841245577672,9.679888288032977,9.679888288032977,9.544308492473112,9.62860502137232,9.62860502137232,9.146315615919558,9.554878483656355,9.554878483656355,9.62551700926612,9.724205402601058,9.724205402601058,9.04989788591291,9.651726317662337,9.651726317662337,9.621343185400354,9.664575549249685,9.664575549249685,8.811776290673262,9.613681228367273,8.811776290673262,0.19230517838150263,8.938960050885319
S31N:T57S:S75F:T76S:Y95F,S31N:T57S:S75F:T76S:Y95F,5,9.643033985237786,9.628643091674272,9.628643091674272,9.643033985237786,9.628643091674272,9.628643091674272,9.632848025188322,9.662070917266844,9.662070917266844,8.828243938664244,9.34187707906611,9.34187707906611,9.486662081232742,9.574821354346335,9.574821354346335,9.143365074806042,9.640857968888422,9.640857968888422,9.53662411698131,9.58471607870443,9.58471607870443,8.76901716405303,9.563219092634153,8.76901716405303,0.36851187935099006,8.644153754657642
K74I:S75F:T76S:S77N:Y95F,K74I:S75F:T76S:S77N:Y95F,5,10.103529432477291,10.021940590894626,10.021940590894626,10.103529432477291,10.021940590894626,10.021940590894626,10.030225804734672,10.001225581481291,10.001225581481291,8.908308112334492,9.549481693403393,9.549481693403393,10.065981563498454,9.94812550166697,9.94812550166697,8.834153926548352,9.664144556186278,9.664144556186278,10.0330748045975,9.819107248826734,9.819107248826734,9.136788404386744,9.713030774313353,9.136788404386744,0.37169126281514764,8.714414840673854
I52S:T57S:A58T:K74I:S84N,I52S:T57S:A58T:K74I:S84N,5,9.336793305912309,9.424959845531179,9.424959845531179,9.336793305912309,9.424959845531179,9.424959845531179,9.317297407088827,9.507398593864865,9.507398593864865,8.63420951112669,9.200206269801251,9.200206269801251,9.216090397615048,9.513785881051845,9.513785881051845,7.908221548247843,8.993248263782085,8.993248263782085,9.229296324109441,9.415727850519263,9.415727850519263,8.358695408193523,9.230049599159841,8.358695408193523,0.8109596222639084,8.52853840280915
S31N:I52S:T57S:A58T:K74I,S31N:I52S:T57S:A58T:K74I,5,9.632175584508715,9.76215557781791,9.76215557781791,9.632175584508715,9.76215557781791,9.76215557781791,9.592454153580785,9.79781463798162,9.79781463798162,8.888019061886965,9.425574161016588,9.425574161016588,9.316170558492257,9.503762755514948,9.503762755514948,8.584924644541642,9.521040872240013,9.521040872240013,9.40857628720853,9.556512412853898,9.556512412853898,8.561105229976722,9.51450184500881,8.561105229976722,0.984123854432255,8.50412345797532
S75F:S77N:S84N:Y95F,S75F:S77N:S84N:Y95F,4,9.634970871600526,9.627719776128204,9.627719776128204,9.634970871600526,9.627719776128204,9.627719776128204,9.528074884248944,9.662902285642108,9.662902285642108,8.989649951638647,9.87428560580573,9.87428560580573,9.517884234871568,9.50091508925615,9.50091508925615,8.599591978519456,10.09660582779913,10.09660582779913,9.543117787678021,9.500418837429514,9.500418837429514,8.90650953977834,9.858890091787346,8.90650953977834,0.7225928143598139,8.90419122369412
A58T:K74I:S75F:S77N:R87T,A58T:K74I:S75F:S77N:R87T,5,9.706543145105881,9.558691288178663,9.558691288178663,9.706543145105881,9.558691288178663,9.558691288178663,9.671666473874238,9.6202541863822,9.6202541863822,8.915381200255126,9.372988973895298,9.372988973895298,9.791701988043664,9.692546305307298,9.692546305307298,8.420951263559258,9.304406498195322,9.304406498195322,9.711077545627203,9.546033706023792,9.546033706023792,8.840376937237556,9.493935936364394,8.840376937237556,0.49384078523144126,8.690802815919197
S30N:S75F:R87T:Y95F,S30N:S75F:R87T:Y95F,4,9.551466848093316,9.507901249093333,9.507901249093333,9.551466848093316,9.507901249093333,9.507901249093333,9.666204035164476,9.713630863908083,9.713630863908083,8.996691002125415,9.494910091034924,9.494910091034924,9.690834919284985,9.623253343404887,9.623253343404887,9.144766080607996,9.82171889611743,9.82171889611743,9.614041527401879,9.582326153980787,9.582326153980787,9.116649470058634,9.913102532399504,9.116649470058634,0.4934773889835924,8.877748057631289
F29S:S31N:I52S:S75F:T76S,F29S:S31N:I52S:S75F:T76S,5,9.790717561365849,9.734831701998353,9.734831701998353,9.790717561365849,9.734831701998353,9.734831701998353,9.488182763599886,9.434644629282834,9.434644629282834,8.6865195360307,9.326959999033846,9.326959999033846,9.44813848253653,9.431094367942588,9.431094367942588,8.282983809377042,9.303289438877869,9.303289438877869,9.541052888233823,9.456885100278914,9.456885100278914,8.76044118200335,9.495538582605779,8.76044118200335,0.616350237512961,8.33658091390171
S31N:K74I:S75F:T76S:S77N,S31N:K74I:S75F:T76S:S77N,5,10.02423432052965,9.916089698792067,9.916089698792067,10.02423432052965,9.916089698792067,9.916089698792067,10.113379832018841,10.008271003627273,10.008271003627273,8.868709261569059,9.445068966836306,9.445068966836306,10.080701094361746,9.93257257133243,9.93257257133243,8.942859934164943,9.664750337405742,9.664750337405742,10.109195494567457,9.822480314675618,9.822480314675618,9.31011015559447,9.796687775085603,9.31011015559447,0.5814378298819065,8.642129264898164
S30N:T57S:S75F:S77N:Y95F,S30N:T57S:S75F:S77N:Y95F,5,9.313075396002867,9.382799349080514,9.382799349080514,9.313075396002867,9.382799349080514,9.382799349080514,9.452991922620226,9.571591668945137,9.571591668945137,8.523023053764874,9.143814685390069,9.143814685390069,9.499441172622586,9.573798613888904,9.573798613888904,8.500005954045001,9.332329953443637,9.332329953443637,9.478804041077566,9.519446393732656,9.519446393732656,8.538195500055076,9.34041554825513,8.538195500055076,0.7811364913359284,8.852508665178147
S30N:I52S:T71S:S75F,S30N:I52S:T71S:S75F,4,9.652174859778906,9.572812035711848,9.572812035711848,9.652174859778906,9.572812035711848,9.572812035711848,9.739731796103836,9.645980558651345,9.645980558651345,9.278836819929175,9.67476388220002,9.67476388220002,9.73843055544778,9.63936747454554,9.63936747454554,9.203776188150835,9.812110993226216,9.812110993226216,9.731643390709916,9.590401981003518,9.590401981003518,9.212599216068442,9.798614400091695,9.212599216068442,0.02658517169766128,8.760258258152325
A58T:T71S:S75F:S77N:Y95F,A58T:T71S:S75F:S77N:Y95F,5,9.306415910685063,9.41348284009037,9.41348284009037,9.306415910685063,9.41348284009037,9.41348284009037,9.281500594232067,9.482655373051466,9.482655373051466,8.698915001630874,9.274948534149232,9.274948534149232,9.260946934743055,9.42940247613967,9.42940247613967,8.462513636171296,9.29853186490156,9.29853186490156,9.307643368806698,9.42677283556493,9.42677283556493,8.469998402842819,9.342156783615174,8.469998402842819,0.4115083641372621,8.73436007493517
I52S:K74I:S75F:T76S:R87T,I52S:K74I:S75F:T76S:R87T,5,10.437045729902511,10.368243984314525,10.368243984314525,10.437045729902511,10.368243984314525,10.368243984314525,10.347085611661972,10.206915659423853,10.206915659423853,9.130614958238558,9.663250086611958,9.663250086611958,10.312803917941103,10.107645730816953,10.107645730816953,8.970178138367334,9.788874777874614,9.788874777874614,10.239307268463193,9.858854570675861,9.858854570675861,9.446507751029745,9.81506193767903,9.446507751029745,0.8888458046130836,8.870024420273607
S30N:S31N:I52S:S75F:Y95F,S30N:S31N:I52S:S75F:Y95F,5,10.000357474066591,9.907295459461743,9.907295459461743,10.000357474066591,9.907295459461743,9.907295459461743,9.757727075182734,9.724064093126534,9.724064093126534,8.926573796223817,9.462806981404695,9.462806981404695,9.696803016185594,9.626534612833053,9.626534612833053,8.957203592152863,9.586603825288309,9.586603825288309,9.754276579996827,9.523964791821887,9.523964791821887,8.880569078026388,9.54091869949403,8.880569078026388,0.39311985997483134,8.589269535597122
I52S:N59A:S75F:S77N:S84N,I52S:N59A:S75F:S77N:S84N,5,9.683355340364189,9.71028064215833,9.71028064215833,9.683355340364189,9.71028064215833,9.71028064215833,9.504055888655895,9.612191613069841,9.612191613069841,8.68474862680423,9.286063835680523,9.286063835680523,9.547760971769595,9.588646479721474,9.588646479721474,7.782645106894255,8.98797901925137,8.98797901925137,9.564753516746899,9.558446587541033,9.558446587541033,8.446622910072085,9.291101185498055,8.446622910072085,0.7412922929506749,8.616470880788812
S30N:I52S:N59A:T71S:S75F,S30N:I52S:N59A:T71S:S75F,5,9.488048925671508,9.511207107449401,9.511207107449401,9.488048925671508,9.511207107449401,9.511207107449401,9.423279330742707,9.514265731305507,9.514265731305507,9.108717223005911,9.511125505601415,9.511125505601415,9.479528748074443,9.532894845391398,9.532894845391398,8.795127599771302,9.450275115395147,9.450275115395147,9.570802288636225,9.558552626567895,9.558552626567895,8.695285266163907,9.452571918829642,8.695285266163907,0.02884628251194954,8.81737126489696
F29S:I52S:T57S:K74I:S77N,F29S:I52S:T57S:K74I:S77N,5,9.048682046914017,9.07526253582287,9.07526253582287,9.048682046914017,9.07526253582287,9.07526253582287,8.955838017736594,9.099986973074257,9.099986973074257,7.91287425037503,8.718305515607309,8.718305515607309,9.15300970765898,9.347732459343659,9.347732459343659,7.3081838894520414,8.612647723784702,8.612647723784702,9.19065726938706,9.36153622766675,9.36153622766675,8.129283969297415,9.138902525007659,8.129283969297415,0.4989924989640713,9.066472986288883
F29S:I52S:S75F:S84N:R87T,F29S:I52S:S75F:S84N:R87T,5,9.968125384173577,9.962611692540879,9.962611692540879,9.968125384173577,9.962611692540879,9.962611692540879,9.474123024203077,9.57428284060294,9.57428284060294,8.781310391566102,9.493920372833932,9.493920372833932,9.575605735892186,9.620398114183049,9.620398114183049,7.795098470037901,9.281564978114975,9.281564978114975,9.576796217488912,9.558163958605116,9.558163958605116,8.459318170743437,9.39699791443321,8.459318170743437,0.4891680940054357,8.764832114769668
T57S:N59A:T71S:S75F:T76S,T57S:N59A:T71S:S75F:T76S,5,9.07146355002338,9.215116807649045,9.215116807649045,9.07146355002338,9.215116807649045,9.215116807649045,9.103538122282734,9.27444466881255,9.27444466881255,8.897178168638433,9.322335709473926,9.322335709473926,9.217703184463788,9.358775881488949,9.358775881488949,8.90077552862157,9.434021991237255,9.434021991237255,9.282874000257578,9.381971604372781,9.381971604372781,8.473430094841442,9.32768233835417,8.473430094841442,0.5858276966027915,8.494277274784888
S31N:T57S:S75F:R87T,S31N:T57S:S75F:R87T,4,9.768623025216389,9.835098676255434,9.835098676255434,9.768623025216389,9.835098676255434,9.835098676255434,9.745800348044236,9.794629321259482,9.794629321259482,9.223039577771964,9.788460767612925,9.788460767612925,9.666143351007289,9.460397239702283,9.460397239702283,9.317757637283757,9.869342663343964,9.869342663343964,9.692864796951802,9.46928134079218,9.46928134079218,9.166334526941112,9.887038397829546,9.166334526941112,0.3524538083001971,8.725139127468342
S75F:T76S:S77N:S84N:Y95F,S75F:T76S:S77N:S84N:Y95F,5,9.705330912286778,9.704298217740915,9.704298217740915,9.705330912286778,9.704298217740915,9.704298217740915,9.495555826348092,9.621929541404594,9.621929541404594,8.532315255641102,9.344620198187126,9.344620198187126,9.49626583411628,9.560245114315075,9.560245114315075,8.086866592930415,9.307632674677505,9.307632674677505,9.495595559720364,9.529266905308647,9.529266905308647,8.48209711161487,9.369125666815291,8.48209711161487,0.18297132942825556,8.621713464171842
S31N:K74I:T76S:R87T:Y95F,S31N:K74I:T76S:R87T:Y95F,5,9.401529176244871,9.40942369944739,9.40942369944739,9.401529176244871,9.40942369944739,9.40942369944739,9.225500892153628,9.397661872999986,9.397661872999986,8.238329992449303,8.843329768950277,8.843329768950277,9.102287557581807,9.294731045732762,9.294731045732762,8.414170489124297,9.237009776753231,9.237009776753231,9.141046731940628,9.315924214113519,9.315924214113519,8.282287291635292,9.186019191345522,8.282287291635292,0.3201775597408414,8.903504322210434
S30N:A58T:T71S:S75F,S30N:A58T:T71S:S75F,4,9.280818201062619,9.367871241679408,9.367871241679408,9.280818201062619,9.367871241679408,9.367871241679408,9.415737593056702,9.51064826344431,9.51064826344431,9.211332439043062,9.582026470604822,9.582026470604822,9.471740869031885,9.552604276925454,9.552604276925454,9.177254590243395,9.75358256130583,9.75358256130583,9.49397873252295,9.58835598927989,9.58835598927989,9.009055867788303,9.860668814198803,9.009055867788303,0.09935257770121098,8.850330367852576
S30N:I52S:K74I:S75F:S84N,S30N:I52S:K74I:S75F:S84N,5,10.488114010301972,10.343698681279713,10.343698681279713,10.488114010301972,10.343698681279713,10.343698681279713,10.318743430936646,10.150066597144376,10.150066597144376,9.05636822006912,9.600230617651109,9.600230617651109,10.269141078560788,10.086159137903923,10.086159137903923,8.580983042714982,9.583702588501044,9.583702588501044,10.213050136282565,9.815851197794226,9.815851197794226,9.365333104520529,9.798084534669496,9.365333104520529,0.9692432717420161,8.689409453096415
A58T:S75F:S84N:R87T:Y106S,A58T:S75F:S84N:R87T:Y106S,5,9.319012993202355,9.340097735621555,9.340097735621555,9.319012993202355,9.340097735621555,9.340097735621555,9.13453416047356,9.317005730516975,9.317005730516975,8.602141283307068,9.11044490031899,9.11044490031899,9.272588319532302,9.449996144862498,9.449996144862498,8.114239278219774,8.956445308163444,8.956445308163444,9.231023519459109,9.41610626603402,9.41610626603402,8.322434814101692,9.154708333883212,8.322434814101692,0.07614960661157966,8.660030401884494
S30N:S31N:I52S:T71S:S75F,S30N:S31N:I52S:T71S:S75F,5,9.801943892924081,9.73974225322158,9.73974225322158,9.801943892924081,9.73974225322158,9.73974225322158,9.770285566155467,9.686656738187578,9.686656738187578,8.984693158276881,9.44690129395371,9.44690129395371,9.665948675014475,9.590115010097291,9.590115010097291,8.939013384473727,9.561342022801153,9.561342022801153,9.723665228239378,9.52996645571699,9.52996645571699,8.85709663407719,9.502416635575187,8.85709663407719,0.04022538522258401,8.636121306383444
I52S:K74I:S75F:Y106S,I52S:K74I:S75F:Y106S,4,9.965723291794198,9.909001886837236,9.909001886837236,9.965723291794198,9.909001886837236,9.909001886837236,9.882941454223307,9.634437813846311,9.634437813846311,9.123119911806246,9.657195982901879,9.657195982901879,9.896039646483029,9.506148657357755,9.506148657357755,9.269446129046262,9.720409746905572,9.720409746905572,9.832872985247246,9.398874905144986,9.398874905144986,9.516538547331937,9.637376064943652,9.516538547331937,0.4384513641707599,9.208764169667178
I52S:A58T:N59A:S75F,I52S:A58T:N59A:S75F,4,9.910246892894591,9.932430269887043,9.932430269887043,9.910246892894591,9.932430269887043,9.932430269887043,9.822441590920295,9.921457818264749,9.921457818264749,9.707002191854183,10.065726778370022,10.065726778370022,9.827271242407857,9.912063444700747,9.912063444700747,9.382006303954096,10.089291016440086,10.089291016440086,9.899826831084509,9.79137591546999,9.79137591546999,9.313516170217314,10.051637372365546,9.313516170217314,0.5463294389192015,8.504425407029721
N59A:T71S:S75F:T76S:R87T,N59A:T71S:S75F:T76S:R87T,5,9.426023898677471,9.568893588720972,9.568893588720972,9.426023898677471,9.568893588720972,9.568893588720972,9.288811487146381,9.44735111186392,9.44735111186392,8.967296024503282,9.474172673571772,9.474172673571772,9.256465045229726,9.415489042838912,9.415489042838912,8.729556829424661,9.414150881145943,9.414150881145943,9.351458116858222,9.441478103073708,9.441478103073708,8.485172770541569,9.371788721385933,8.485172770541569,0.8151371916756034,8.689764816222455
S31N:I52S:K74I:S75F:T76S,S31N:I52S:K74I:S75F:T76S,5,10.447329801899519,10.277530598367033,10.277530598367033,10.447329801899519,10.277530598367033,10.277530598367033,10.30676820227263,10.01751425049255,10.01751425049255,9.04285274897572,9.601457970814163,9.601457970814163,10.2052717040606,9.883521520473675,9.883521520473675,9.202048199740537,9.887712988112876,9.887712988112876,10.261987026894513,9.80708126709558,9.80708126709558,9.54114845366001,9.868616644529734,9.54114845366001,0.4713033437728882,8.782804939874064
F29S:T71S:K74I:S75F:Y95F,F29S:T71S:K74I:S75F:Y95F,5,9.898372658341978,9.885224689536349,9.885224689536349,9.898372658341978,9.885224689536349,9.885224689536349,9.816353548795405,9.849961825252024,9.849961825252024,9.024536072331571,9.527858664866276,9.527858664866276,9.850272557490323,9.836520564588678,9.836520564588678,8.527845040368236,9.409587074297296,9.409587074297296,9.761503835233675,9.656855189873948,9.656855189873948,8.951918063679422,9.605806326225785,8.951918063679422,0.6197379496879876,8.518555486470964
S30N:I52S:S75F:S77N:Y106S,S30N:I52S:S75F:S77N:Y106S,5,9.550103317697161,9.50142313295503,9.50142313295503,9.550103317697161,9.50142313295503,9.50142313295503,9.525728207818535,9.535655427491184,9.535655427491184,8.593481389646776,9.233907406486365,9.233907406486365,9.456613240848082,9.413521280910931,9.413521280910931,8.494433090835468,9.342995530985688,9.342995530985688,9.360329114880624,9.336051777139065,9.336051777139065,8.57544038430526,9.274239677693515,8.57544038430526,0.7377536701969802,8.9079104341556
T57S:S75F:S77N:Y106S,T57S:S75F:S77N:Y106S,4,9.251912768419325,9.283896981295092,9.283896981295092,9.251912768419325,9.283896981295092,9.283896981295092,9.299422972628724,9.355307274249887,9.355307274249887,8.799963936376288,9.587009072066985,9.587009072066985,9.42550259981215,9.474814918413347,9.474814918413347,8.816096936170274,9.711355687565998,9.711355687565998,9.354980225572188,9.443442728134247,9.443442728134247,8.913515991752025,9.804268981653816,8.913515991752025,0.07309679966419935,8.520745010513389
T57S:A58T:N59A:S75F:S84N,T57S:A58T:N59A:S75F:S84N,5,9.172608820953627,9.311281565959934,9.311281565959934,9.172608820953627,9.311281565959934,9.311281565959934,9.091832121415807,9.338311592411465,9.338311592411465,8.940786695415644,9.338041499951101,9.338041499951101,9.078739153188364,9.318733803065555,9.318733803065555,8.12226795153582,8.910877730709393,8.910877730709393,9.095407354332327,9.28364078881711,9.28364078881711,8.211481408355278,9.041266648728786,8.211481408355278,0.47171120531857014,8.66207171350141
S31N:T71S:K74I:R87T:Y95F,S31N:T71S:K74I:R87T:Y95F,5,9.10669798154146,9.189616284276491,9.189616284276491,9.10669798154146,9.189616284276491,9.189616284276491,9.064887115285964,9.273620644851388,9.273620644851388,8.321567750414484,8.846999712652433,8.846999712652433,8.992681567865509,9.175288365221043,9.175288365221043,8.338111156109187,9.112049198686861,9.112049198686861,9.052293085970744,9.207017108197329,9.207017108197329,8.139039127077337,9.08420105268248,8.139039127077337,0.32829959387890995,8.89315451075732
S31N:T57S:S75F:S84N,S31N:T57S:S75F:S84N,4,9.808067745862939,9.758751125538991,9.758751125538991,9.808067745862939,9.758751125538991,9.758751125538991,9.713613879417924,9.702549998519412,9.702549998519412,9.249179619051747,9.821197575412995,9.821197575412995,9.571064245277205,9.64323409436943,9.64323409436943,8.94902178725753,9.917012422832489,9.917012422832489,9.579147290376653,9.423445743535558,9.423445743535558,9.08758531981492,9.770138725617254,9.08758531981492,0.0907486192882061,9.08449032752064
S30N:T57S:N59A:S75F:Y106S,S30N:T57S:N59A:S75F:Y106S,5,8.919445434507113,9.112627724461893,9.112627724461893,8.919445434507113,9.112627724461893,9.112627724461893,8.930677122412993,9.175096558375957,9.175096558375957,8.692250182508898,9.171205636770448,9.171205636770448,9.064779930603885,9.289554381847738,9.289554381847738,8.77134249802437,9.373373666080951,9.373373666080951,9.114573321649742,9.320937536117947,9.320937536117947,8.341114385356613,9.256767400198425,8.341114385356613,0.8285049912519753,8.675121841818969
T71S:K74I:S75F:T76S:R87T,T71S:K74I:S75F:T76S:R87T,5,9.954023986006229,9.84311823719188,9.84311823719188,9.954023986006229,9.84311823719188,9.84311823719188,10.09020642040689,9.980561812278843,9.980561812278843,9.167058181071175,9.590651632090054,9.590651632090054,10.031130167066518,9.90099712986631,9.90099712986631,9.163864755558988,9.792447270731254,9.792447270731254,10.083132670995276,9.817007995519448,9.817007995519448,9.246088021139203,9.738188297709279,9.246088021139203,0.6357499728910625,8.872973030619882
I52S:T57S:N59A:K74I:S75F,I52S:T57S:N59A:K74I:S75F,5,10.088953171620636,10.124586723008806,10.124586723008806,10.088953171620636,10.124586723008806,10.124586723008806,10.052143206012628,10.043022229394973,10.043022229394973,9.45467426155478,9.830031310551352,9.830031310551352,10.131257450723627,9.97505924596984,9.97505924596984,9.12601107787902,9.805770382350726,9.805770382350726,10.133949489700575,9.887644670838458,9.887644670838458,9.288731801356692,9.866640784145526,9.288731801356692,0.6337697471026331,8.73572936795801
S30N:S31N:S75F:S84N,S30N:S31N:S75F:S84N,4,9.748968829568591,9.687574309573577,9.687574309573577,9.748968829568591,9.687574309573577,9.687574309573577,9.613609299108058,9.679010538861768,9.679010538861768,9.059541369443068,9.876593683674546,9.876593683674546,9.550716883458996,9.623954986570046,9.623954986570046,8.86926930673449,10.002521741708167,10.002521741708167,9.576337943225406,9.441301970683302,9.441301970683302,9.08537109971215,9.820262434381556,9.08537109971215,0.5732882551383227,8.930107866646106
S30N:A58T:S75F:T76S:R87T,S30N:A58T:S75F:T76S:R87T,5,9.188855167717657,9.295453468278472,9.295453468278472,9.188855167717657,9.295453468278472,9.295453468278472,9.293071735641249,9.437619035561436,9.437619035561436,8.546452026208815,9.070766426842749,9.070766426842749,9.406190300106939,9.46064723057748,9.46064723057748,8.588869200858422,9.278394168777984,9.278394168777984,9.395110907852487,9.45536994930707,9.45536994930707,8.480880354333731,9.329809993530153,8.480880354333731,0.843380359467119,8.793515081461415
I52S:A58T:S75F:R87T:Y106S,I52S:A58T:S75F:R87T:Y106S,5,9.78411936675142,9.793360981004195,9.793360981004195,9.78411936675142,9.793360981004195,9.793360981004195,9.65460213175933,9.734948047903,9.734948047903,9.018232301269864,9.524000492911084,9.524000492911084,9.70815137006448,9.806781475106192,9.806781475106192,8.76705889666028,9.536330424683863,9.536330424683863,9.657375750287223,9.703384499271538,9.703384499271538,8.739612345222996,9.565555910991336,8.739612345222996,0.3222663616761565,8.887708367810271
K74I:S75F:S77N:S84N,K74I:S75F:S77N:S84N,4,9.973796096736795,9.834136711209158,9.834136711209158,9.973796096736795,9.834136711209158,9.834136711209158,9.977815447284641,9.857434410296058,9.857434410296058,9.196199929447806,9.85180203024853,9.85180203024853,9.980630576215237,9.838618520514714,9.838618520514714,8.833971762495857,10.0715827214676,10.0715827214676,9.918255986540416,9.564624915477054,9.564624915477054,9.391786172223036,9.838133742494106,9.391786172223036,0.521680701058358,8.754161990938695
S31N:I52S:A58T:T71S:S75F,S31N:I52S:A58T:T71S:S75F,5,10.037904525636142,10.050814910439101,10.050814910439101,10.037904525636142,10.050814910439101,10.050814910439101,9.9955677807758,9.983070340396512,9.983070340396512,9.43799866754873,9.864683643664682,9.864683643664682,9.839511360067203,9.885311253550414,9.885311253550414,9.138115631209578,9.793254311697705,9.793254311697705,9.985040447355615,9.844207675733962,9.844207675733962,9.033020233860304,9.754259337704154,9.033020233860304,0.7163636852055788,8.65585391538983
I52S:T71S:S75F:Y95F:Y106S,I52S:T71S:S75F:Y95F:Y106S,5,9.336159036265695,9.365072033052362,9.365072033052362,9.336159036265695,9.365072033052362,9.365072033052362,9.291690250933819,9.357618439155384,9.357618439155384,8.820324148089336,9.322377391215705,9.322377391215705,9.391248826490225,9.401398445852166,9.401398445852166,8.910730343434425,9.476352402833436,9.476352402833436,9.376836347994528,9.36241845346603,9.36241845346603,8.729115713134414,9.413437046822267,8.729115713134414,0.20316957752220333,8.845125668517314
I52S:K74I:S75F:Y95F,I52S:K74I:S75F:Y95F,4,10.322117462963623,10.200182227937825,10.200182227937825,10.322117462963623,10.200182227937825,10.200182227937825,10.1368443903719,9.907965146440265,9.907965146440265,9.440121850528316,9.849180149837842,9.849180149837842,10.228011929795189,9.948938929516903,9.948938929516903,9.372308923520968,9.994335568963397,9.994335568963397,10.176216525526886,9.524159941168092,9.524159941168092,9.68206091590348,9.840438151187458,9.68206091590348,0.2006132584065199,8.908488819169406
F29S:S30N:T71S:S75F:S77N,F29S:S30N:T71S:S75F:S77N,5,9.1824539589823,9.254803182975417,9.254803182975417,9.1824539589823,9.254803182975417,9.254803182975417,9.221721047657438,9.383902365690975,9.383902365690975,8.387818323923115,9.016044147278217,9.016044147278217,9.246241343043721,9.324858179735715,9.324858179735715,7.782479126070421,8.883949487511341,8.883949487511341,9.252270897429465,9.325851374366188,9.325851374366188,8.321320266376517,9.250797538829387,8.321320266376517,0.08480839221738279,8.641523821517596
I52S:T57S:A58T:K74I:Y106S,I52S:T57S:A58T:K74I:Y106S,5,9.13031331709465,9.236360225901816,9.236360225901816,9.13031331709465,9.236360225901816,9.236360225901816,9.106873573109057,9.335923162282642,9.335923162282642,8.57854711578321,9.087439619307899,9.087439619307899,9.057380415538914,9.326507733673626,9.326507733673626,8.35010718905317,9.244133895010965,9.244133895010965,9.026831574174636,9.301909173667015,9.301909173667015,8.269772179054918,9.311426767045191,8.269772179054918,0.42969136824831367,8.621806982456826
I52S:K74I:S75F:S77N,I52S:K74I:S75F:S77N,4,10.252435442902737,10.125848287848676,10.125848287848676,10.252435442902737,10.125848287848676,10.125848287848676,10.216495075932423,9.887450671893834,9.887450671893834,9.275034300290239,9.773113092370767,9.773113092370767,10.23590670568851,9.896725858371777,9.896725858371777,9.06215256188809,9.94353177575573,9.94353177575573,10.17337818237944,9.51052119531882,9.51052119531882,9.63629127694342,9.73014011967747,9.63629127694342,0.5730501399375498,8.89098503022013
N59A:T71S:S75F:R87T,N59A:T71S:S75F:R87T,4,9.375299553733097,9.557262417601153,9.557262417601153,9.375299553733097,9.557262417601153,9.557262417601153,9.289889386404987,9.500747573248121,9.500747573248121,9.075957977607224,9.587675412389158,9.587675412389158,9.334527841143387,9.483445114056547,9.483445114056547,8.981955144559535,9.768197887612644,9.768197887612644,9.419495640968183,9.45373884332453,9.45373884332453,8.877400610435402,9.836914734984141,8.877400610435402,0.15290271071717143,8.713791850777499
S31N:K74I:T76S:S84N:R87T,S31N:K74I:T76S:S84N:R87T,5,9.440468420028967,9.449607916812747,9.449607916812747,9.440468420028967,9.449607916812747,9.449607916812747,9.25027084039169,9.47430447893503,9.47430447893503,8.175989990147857,8.865404030704228,8.865404030704228,9.132971269152598,9.355507607610992,9.355507607610992,7.95258442034148,8.908312134352064,8.908312134352064,9.172983376582659,9.341779058735813,9.341779058735813,8.269004997313099,9.102995833301009,8.269004997313099,0.9446182753890753,8.929107435958649
A58T:S75F:T76S:R87T,A58T:S75F:T76S:R87T,4,9.430870294816712,9.478511071826114,9.478511071826114,9.430870294816712,9.478511071826114,9.478511071826114,9.423401060715767,9.53871011046509,9.53871011046509,9.000566209802562,9.603822102803974,9.603822102803974,9.484348932517884,9.45845870069216,9.45845870069216,9.009964721945314,9.725769077256826,9.725769077256826,9.428320066835575,9.452302609355373,9.452302609355373,8.901418168828497,9.814634672315734,8.901418168828497,0.5228901077061892,9.060124047867967
S30N:I52S:S75F:S84N:Y95F,S30N:I52S:S75F:S84N:Y95F,5,9.91125089606796,9.807271652988947,9.807271652988947,9.91125089606796,9.807271652988947,9.807271652988947,9.63422104217924,9.608965065890885,9.608965065890885,8.80470094036698,9.393932724357423,9.393932724357423,9.693752577092807,9.613821094898743,9.613821094898743,8.3786081329477,9.340184295897304,9.340184295897304,9.69809222794103,9.538641048274554,9.538641048274554,8.707708912023232,9.402739710597704,8.707708912023232,0.9166829814203084,8.855000624200468
S31N:A58T:T71S:S75F:Y106S,S31N:A58T:T71S:S75F:Y106S,5,9.252844639267122,9.318291076778362,9.318291076778362,9.252844639267122,9.318291076778362,9.318291076778362,9.24580453510975,9.33365754474545,9.33365754474545,8.971817191439708,9.435912569638438,9.435912569638438,9.186814081674301,9.353132118731965,9.353132118731965,8.90175610027434,9.474601115734082,9.474601115734082,9.298103536804613,9.404059702908674,9.404059702908674,8.468141708970315,9.392627603753025,8.468141708970315,0.8699846621602774,8.90618502563895
S31N:T57S:T71S:S75F:Y95F,S31N:T57S:T71S:S75F:Y95F,5,9.647019284013698,9.622736263765665,9.622736263765665,9.647019284013698,9.622736263765665,9.622736263765665,9.691187313530467,9.745000600642706,9.745000600642706,9.171025430872403,9.615921963878954,9.615921963878954,9.547125397779455,9.61517360979292,9.61517360979292,9.226393136255371,9.68629327183675,9.68629327183675,9.577417042785513,9.598067971153446,9.598067971153446,8.750531550858216,9.573243279376818,8.750531550858216,0.23171890689991415,8.464785006225041
S31N:S75F:S77N:S84N:R87T,S31N:S75F:S77N:S84N:R87T,5,9.786418271798569,9.750261068204559,9.750261068204559,9.786418271798569,9.750261068204559,9.750261068204559,9.675842962837423,9.751197663710423,9.751197663710423,8.544805214236618,9.273451798165492,9.273451798165492,9.622407477367677,9.660711207568678,9.660711207568678,7.975421239110684,9.124645304344483,9.124645304344483,9.569039352583253,9.547602419834138,9.547602419834138,8.546760482420906,9.391362779880291,8.546760482420906,0.6988408530596644,8.253084469829622
S31N:I52S:S75F:T76S:S77N,S31N:I52S:S75F:T76S:S77N,5,9.845354351489211,9.723756586723558,9.723756586723558,9.845354351489211,9.723756586723558,9.723756586723558,9.730839248595656,9.607235407860504,9.607235407860504,8.677268075279303,9.31521391041317,9.31521391041317,9.712329400492171,9.54993635432847,9.54993635432847,8.529041395393776,9.468857920524746,9.468857920524746,9.736582707270145,9.542086836744481,9.542086836744481,8.825806651174386,9.508341153272411,8.825806651174386,0.9419849403202534,8.48593331845937
S31N:A58T:N59A:S75F:Y95F,S31N:A58T:N59A:S75F:Y95F,5,9.317382972298105,9.393763783753462,9.393763783753462,9.317382972298105,9.393763783753462,9.393763783753462,9.199211849543968,9.379014869846024,9.379014869846024,8.932525387058227,9.34949193204486,9.34949193204486,9.058251299662832,9.272089697264873,9.272089697264873,8.926301196470554,9.430307122242734,9.430307122242734,9.184610459296103,9.318165077357756,9.318165077357756,8.38972513129313,9.239482832303787,8.38972513129313,0.5180204808712006,8.98938131916483
S30N:T71S:S75F:S84N:R87T,S30N:T71S:S75F:S84N:R87T,5,9.539208694186115,9.564784717275415,9.564784717275415,9.539208694186115,9.564784717275415,9.564784717275415,9.520144483488219,9.577387620343718,9.577387620343718,8.603028498699771,9.27056347091964,9.27056347091964,9.51962511727155,9.578579770851844,9.578579770851844,8.221895203860196,9.245684274671799,9.245684274671799,9.533342396660682,9.559697923267223,9.559697923267223,8.565819398123857,9.359257184500592,8.565819398123857,0.07450670981779695,8.667808245301272
I52S:T71S:S75F:S84N:Y106S,I52S:T71S:S75F:S84N:Y106S,5,9.40276025748533,9.42741631980965,9.42741631980965,9.40276025748533,9.42741631980965,9.42741631980965,9.290415757186144,9.371385884777293,9.371385884777293,8.617126759269528,9.260634524731834,9.260634524731834,9.30054335439561,9.30214769111784,9.30214769111784,8.348290745952134,9.263063135248668,9.263063135248668,9.311111702429828,9.315503417913858,9.315503417913858,8.6038673010071,9.273099946183947,8.6038673010071,0.4470142319332808,8.762152755215718
S30N:I52S:S75F:S77N:R87T,S30N:I52S:S75F:S77N:R87T,5,10.04852828496494,9.970374425424724,9.970374425424724,10.04852828496494,9.970374425424724,9.970374425424724,9.948033939765605,9.837970554602004,9.837970554602004,8.83230557941848,9.456666392190076,9.456666392190076,9.893848525118372,9.728861905556869,9.728861905556869,8.3545248454934,9.391564832759148,9.391564832759148,9.735632367001417,9.551075439824565,9.551075439824565,8.724279531766316,9.43429366208407,8.724279531766316,0.09965284634381533,8.814508465571976
N59A:T71S:S75F:Y106S,N59A:T71S:S75F:Y106S,4,9.212416246161176,9.508398419522765,9.508398419522765,9.212416246161176,9.508398419522765,9.508398419522765,9.154835519936196,9.460659935018231,9.460659935018231,9.191968748047273,9.71412047255785,9.71412047255785,9.238425994285166,9.44669668275993,9.44669668275993,9.090365085808775,9.688119217934505,9.688119217934505,9.27600889647977,9.458100971475291,9.458100971475291,8.851108862459279,9.808688010634963,8.851108862459279,0.8293777359649539,9.016521656377964
S30N:I52S:T57S:T71S:S75F,S30N:I52S:T57S:T71S:S75F,5,9.479633184859354,9.50930646190815,9.50930646190815,9.479633184859354,9.50930646190815,9.50930646190815,9.713018831475633,9.734930018496724,9.734930018496724,9.019920391876322,9.460228740403421,9.460228740403421,9.765548103428586,9.733332356671632,9.733332356671632,8.999332593550411,9.608827449743012,9.608827449743012,9.785753599624716,9.637326187419946,9.637326187419946,8.857144180494721,9.523306820190436,8.857144180494721,0.9667588691227138,8.846612945840034
A58T:T71S:S75F:T76S,A58T:T71S:S75F:T76S,4,9.301175662826,9.322125982584723,9.322125982584723,9.301175662826,9.322125982584723,9.322125982584723,9.401528035932017,9.456978922289132,9.456978922289132,9.177319243630423,9.603905222480686,9.603905222480686,9.437962871967716,9.428314783618076,9.428314783618076,9.183795737870822,9.697002365845126,9.697002365845126,9.483142919656402,9.424219209274717,9.424219209274717,9.006094557297809,9.802681492092134,9.006094557297809,0.6888594510965049,9.004883147763861
I52S:T71S:S75F:R87T:Y95F,I52S:T71S:S75F:R87T:Y95F,5,9.66392289584423,9.652984216502896,9.652984216502896,9.66392289584423,9.652984216502896,9.652984216502896,9.576663387410363,9.54460197198287,9.54460197198287,8.904570539474301,9.349168273946512,9.349168273946512,9.694114821830773,9.606095303613195,9.606095303613195,8.789464774300884,9.484519447719256,9.484519447719256,9.682785352008688,9.541348243555799,9.541348243555799,8.847287622254925,9.511825336569107,8.847287622254925,0.5684702300932258,8.586183543363763
S30N:A58T:S75F:R87T,S30N:A58T:S75F:R87T,4,9.327548174742654,9.391842695838312,9.391842695838312,9.327548174742654,9.391842695838312,9.391842695838312,9.3991825295114,9.514003385091694,9.514003385091694,9.005572896533048,9.44246206078371,9.44246206078371,9.498755327556012,9.591258095776979,9.591258095776979,9.023217079240947,9.734423761655583,9.734423761655583,9.488669913230979,9.518056117667665,9.518056117667665,8.996099411497687,9.866212215881731,8.996099411497687,0.16553972195833921,8.889772613423107
S31N:S75F:T76S:S84N:R87T,S31N:S75F:T76S:S84N:R87T,5,9.988763196553409,9.92491557418867,9.92491557418867,9.988763196553409,9.92491557418867,9.92491557418867,9.73340771764452,9.772437476631742,9.772437476631742,8.699926163860038,9.336292104408102,9.336292104408102,9.611493896232014,9.683987416559567,9.683987416559567,8.420453865502305,9.286653731980103,9.286653731980103,9.596960361638288,9.603266067703549,9.603266067703549,8.671605904758778,9.38448693856987,8.671605904758778,0.20894564595073462,8.636133062359976
F29S:S31N:I52S:S75F:R87T,F29S:S31N:I52S:S75F:R87T,5,9.878028016591852,9.874587520092616,9.874587520092616,9.878028016591852,9.874587520092616,9.874587520092616,9.594162162888404,9.56031310595873,9.56031310595873,8.740857844242196,9.33221214593868,9.33221214593868,9.557685950332598,9.543164193658848,9.543164193658848,8.110191396425302,9.178491529557286,9.178491529557286,9.580778671410078,9.511764332254655,9.511764332254655,8.662651349274144,9.476863008619782,8.662651349274144,0.9874657266773283,8.423575078926204
T57S:K74I:S75F:T76S:Y106S,T57S:K74I:S75F:T76S:Y106S,5,9.445716173081534,9.3867305321825,9.3867305321825,9.445716173081534,9.3867305321825,9.3867305321825,9.653894696935522,9.629524060475262,9.629524060475262,8.758174745651825,9.336266146157474,9.336266146157474,9.78526898677714,9.693217167730815,9.693217167730815,9.10559923350541,9.63815620887992,9.63815620887992,9.708591617088898,9.6220317473446,9.6220317473446,8.979832939636571,9.569729732330009,8.979832939636571,0.9007973968982697,8.733535701825643
S31N:I52S:S75F:Y95F,S31N:I52S:S75F:Y95F,4,9.891320370881825,9.721141996487926,9.721141996487926,9.891320370881825,9.721141996487926,9.721141996487926,9.69386132120851,9.549426196005147,9.549426196005147,9.239611837337941,9.718532331539366,9.718532331539366,9.681197988496482,9.416783454628076,9.416783454628076,9.244509005806185,9.768844235372612,9.768844235372612,9.733301688318216,9.345317868831998,9.345317868831998,9.271971146935293,9.821246420727624,9.271971146935293,0.10774238500744104,8.497893281600494
S30N:T57S:S75F:T76S:S77N,S30N:T57S:S75F:T76S:S77N,5,9.152579163571376,9.243445661238878,9.243445661238878,9.152579163571376,9.243445661238878,9.243445661238878,9.36962280270448,9.460062030123975,9.460062030123975,8.376213281325516,9.029997055943083,9.029997055943083,9.485352427914385,9.532633685494066,9.532633685494066,8.470184053559848,9.300087263701927,9.300087263701927,9.504406559242078,9.519011679068615,9.519011679068615,8.569284037890842,9.394342203169737,8.569284037890842,0.5543427590746433,8.704569971235431
T57S:K74I:S75F:S77N:R87T,T57S:K74I:S75F:S77N:R87T,5,9.817357940139694,9.769448890268212,9.769448890268212,9.817357940139694,9.769448890268212,9.769448890268212,9.871204377250928,9.82552100064939,9.82552100064939,8.815378352617707,9.456314710042422,9.456314710042422,10.074977572685182,9.92269028451155,9.92269028451155,8.542211089741393,9.50629680549861,9.50629680549861,9.962269813512693,9.769036084451885,9.769036084451885,9.014282891778379,9.670684157220371,9.014282891778379,0.1638161011505872,8.624853676083987
I52S:T57S:A58T:R87T:Y95F,I52S:T57S:A58T:R87T:Y95F,5,8.478428883832697,8.590214091157511,8.590214091157511,8.478428883832697,8.590214091157511,8.590214091157511,8.401931099226989,8.601941305692131,8.601941305692131,7.941553839529624,8.398440945038207,8.398440945038207,8.442388897742417,8.710189430150843,8.710189430150843,7.904618468875444,8.784952755773297,8.784952755773297,8.424012581644618,8.761363610159679,8.761363610159679,7.637355330090468,8.698063082419884,7.637355330090468,0.06419259868562222,8.855234942126767
I52S:N59A:S75F:T76S:S77N,I52S:N59A:S75F:T76S:S77N,5,9.601537787872338,9.616560708851454,9.616560708851454,9.601537787872338,9.616560708851454,9.616560708851454,9.418635305249655,9.469210408910014,9.469210408910014,8.836498141501593,9.319012415247862,9.319012415247862,9.535018437509605,9.597671595298157,9.597671595298157,8.374733544550796,9.251808256600562,9.251808256600562,9.566143352516345,9.551393628776681,9.551393628776681,8.635087066725962,9.37989278818943,8.635087066725962,0.2509526559151709,8.629763425430758
I52S:N59A:K74I:S75F:S84N,I52S:N59A:K74I:S75F:S84N,5,10.360924285058555,10.3041584083247,10.3041584083247,10.360924285058555,10.3041584083247,10.3041584083247,10.124734429685152,10.089618797631653,10.089618797631653,9.308116987684553,9.665680889697217,9.665680889697217,10.126694016982979,10.027494434277424,10.027494434277424,8.430639548575428,9.387220994132282,9.387220994132282,10.125470223579416,9.851769028316879,9.851769028316879,9.202314185684367,9.718769261546184,9.202314185684367,0.9869242182467133,8.5996410955504
S30N:I52S:K74I:S75F:S77N,S30N:I52S:K74I:S75F:S77N,5,10.412016754079989,10.266607336982974,10.266607336982974,10.412016754079989,10.266607336982974,10.266607336982974,10.444522927506974,10.249171514788724,10.249171514788724,9.097926330339673,9.632929617454009,9.632929617454009,10.38194316317511,10.178494169949976,10.178494169949976,8.738985460501647,9.667692367227302,9.667692367227302,10.291960246591517,9.887095828476115,9.887095828476115,9.377564140870044,9.802345578334286,9.377564140870044,0.26481480430811644,8.776069308971525
S30N:I52S:N59A:S75F:S77N,S30N:I52S:N59A:S75F:S77N,5,9.683694868138932,9.673358303337334,9.673358303337334,9.683694868138932,9.673358303337334,9.673358303337334,9.485423777639099,9.55876850961557,9.55876850961557,8.82491624956635,9.34426885913258,9.34426885913258,9.509450141269776,9.542439013146746,9.542439013146746,8.343050584805683,9.273931578645925,9.273931578645925,9.55344834072288,9.538128003048348,9.538128003048348,8.57789467909221,9.365094765821707,8.57789467909221,0.7663213000632823,8.944011139709767
A58T:T71S:S75F:T76S:S77N,A58T:T71S:S75F:T76S:S77N,5,9.196084412297191,9.256755253640867,9.256755253640867,9.196084412297191,9.256755253640867,9.256755253640867,9.302265464611684,9.381514633441878,9.381514633441878,8.730231295688728,9.247108779133509,9.247108779133509,9.29522857162951,9.372106658617568,9.372106658617568,8.513612351192004,9.311599241269322,9.311599241269322,9.371720004595804,9.416342806766963,9.416342806766963,8.543517573274507,9.32702180960247,8.543517573274507,0.9074770433362573,8.561210394693305
A58T:S75F:S77N:S84N:Y106S,A58T:S75F:S77N:S84N:Y106S,5,9.23665034328148,9.216974415297948,9.216974415297948,9.23665034328148,9.216974415297948,9.216974415297948,9.1514941072366,9.278212788092976,9.278212788092976,8.657575956298407,9.205129450625572,9.205129450625572,9.185420436037344,9.34172903033746,9.34172903033746,8.055324871703377,9.027210871682355,9.027210871682355,9.156892266079643,9.33915678680294,9.33915678680294,8.325933773085492,9.186538501226936,8.325933773085492,0.4270918136462569,8.730343383079555
I52S:S75F:T76S:R87T:Y95F,I52S:S75F:T76S:R87T:Y95F,5,9.914794452909804,9.859727553727803,9.859727553727803,9.914794452909804,9.859727553727803,9.859727553727803,9.649375940417448,9.575849589455313,9.575849589455313,8.865592473677854,9.378255879543616,9.378255879543616,9.709278575009233,9.623240615711365,9.623240615711365,8.755238308819079,9.486571243980036,9.486571243980036,9.648243947165875,9.519903482570935,9.519903482570935,8.78601339572488,9.449931529339818,8.78601339572488,0.16708779241889715,8.634229023647858
A58T:S75F:S77N:S84N:R87T,A58T:S75F:S77N:S84N:R87T,5,9.592343169104605,9.535615027503995,9.535615027503995,9.592343169104605,9.535615027503995,9.535615027503995,9.377563936114573,9.462360466807022,9.462360466807022,8.59531204547936,9.174061792827285,9.174061792827285,9.421960599691376,9.487063177158443,9.487063177158443,7.8183577620752835,8.94286018119701,8.94286018119701,9.356810369293449,9.447503607447707,9.447503607447707,8.326779235048518,9.211578090837373,8.326779235048518,0.2056030030362308,8.384514112135538
S31N:I52S:A58T:N59A:S75F,S31N:I52S:A58T:N59A:S75F,5,9.923702012696781,9.95158310811127,9.95158310811127,9.923702012696781,9.95158310811127,9.95158310811127,9.783867088423817,9.87591517722447,9.87591517722447,9.329463530306432,9.735885644956385,9.735885644956385,9.648110954723817,9.725792519505177,9.725792519505177,9.041691135658585,9.729230344313667,9.729230344313667,9.82904863702223,9.789337436175632,9.789337436175632,8.862294398626146,9.664899493515126,8.862294398626146,0.2571357120759785,8.581926412696658
S30N:I52S:T57S:S75F:Y106S,S30N:I52S:T57S:S75F:Y106S,5,9.39075132720176,9.407876797852653,9.407876797852653,9.39075132720176,9.407876797852653,9.407876797852653,9.482350784831846,9.527876713559277,9.527876713559277,8.71608484559747,9.265105826956981,9.265105826956981,9.452171059431244,9.483017485230556,9.483017485230556,8.929184315623276,9.594131255284642,9.594131255284642,9.424519286003864,9.393386313083603,9.393386313083603,8.691560346563158,9.42037086555076,8.691560346563158,0.5583066157996655,8.870122279270266
S30N:I52S:T71S:S75F:S84N,S30N:I52S:T71S:S75F:S84N,5,9.684500508707389,9.632135786411508,9.632135786411508,9.684500508707389,9.632135786411508,9.632135786411508,9.656866091341252,9.645706846820323,9.645706846820323,8.842666306298687,9.3626402224925,9.3626402224925,9.636613856263724,9.5738087905677,9.5738087905677,8.348146247756489,9.284787183855682,9.284787183855682,9.659033308434532,9.55178878967581,9.55178878967581,8.720832446280882,9.382178380007133,8.720832446280882,0.65162657154724,8.712560717942765
I52S:N59A:K74I:S75F:S77N,I52S:N59A:K74I:S75F:S77N,5,10.240098137510067,10.266217663469456,10.266217663469456,10.240098137510067,10.266217663469456,10.266217663469456,10.061193922496834,10.056520459713974,10.056520459713974,9.158574388181432,9.646987115439993,9.646987115439993,10.147999456835754,10.091301932835583,10.091301932835583,8.582254496562419,9.523516235960846,9.523516235960846,10.173623716418287,9.93737958960253,9.93737958960253,9.210173726028517,9.831287778417945,9.210173726028517,0.3344903632532805,8.638910333738961
F29S:S30N:I52S:K74I:T76S,F29S:S30N:I52S:K74I:T76S,5,9.32035182762483,9.319257058972845,9.319257058972845,9.32035182762483,9.319257058972845,9.319257058972845,8.931132485915768,9.037700613959933,9.037700613959933,8.16449847847759,8.909880543721702,8.909880543721702,9.08162696743208,9.301957479341155,9.301957479341155,7.753897731014788,8.906325875016327,8.906325875016327,9.24299858633582,9.419326821542889,9.419326821542889,8.333572609932105,9.278203845812893,8.333572609932105,0.735153388697654,8.793358829451316
T57S:S75F:S84N:Y95F:Y106S,T57S:S75F:S84N:Y95F:Y106S,5,9.424229915524526,9.45091525937052,9.45091525937052,9.424229915524526,9.45091525937052,9.45091525937052,9.23884991118209,9.404845879243618,9.404845879243618,8.695566749958957,9.337320235342933,9.337320235342933,9.269245577848945,9.430308739178892,9.430308739178892,8.481995465295727,9.395327233788377,9.395327233788377,9.223728437087091,9.412967051255958,9.412967051255958,8.474875320670035,9.340732750598344,8.474875320670035,0.594761181389913,8.889898451881605
S31N:T57S:K74I:S75F,S31N:T57S:K74I:S75F,4,9.991548912347675,9.880932133764784,9.880932133764784,9.991548912347675,9.880932133764784,9.880932133764784,10.015682044897437,9.846174600737111,9.846174600737111,9.503887855442441,9.968784965220873,9.968784965220873,9.938367809660551,9.484538179650807,9.484538179650807,9.535444595631585,10.049705934255485,10.049705934255485,9.967961888944403,9.45769181840888,9.45769181840888,9.506608946898105,9.846600908473583,9.506608946898105,0.9913942664861679,8.596077879153366
I52S:T71S:S75F:T76S:S77N,I52S:T71S:S75F:T76S:S77N,5,9.510496414364944,9.548611810718008,9.548611810718008,9.510496414364944,9.548611810718008,9.548611810718008,9.582755148698322,9.516660351494941,9.516660351494941,8.718870633809344,9.320153201128099,9.320153201128099,9.64842880529909,9.518139086572557,9.518139086572557,8.470843014203705,9.358732424343275,9.358732424343275,9.7187410930376,9.512732955992522,9.512732955992522,8.804391784899705,9.469706290907748,8.804391784899705,0.7026780191808939,8.622929176457003
F29S:I52S:T57S:K74I:R87T,F29S:I52S:T57S:K74I:R87T,5,9.013721497062342,9.089236279912015,9.089236279912015,9.013721497062342,9.089236279912015,9.089236279912015,8.8833160860819,9.129233777856209,9.129233777856209,8.182317771054093,8.818587035304002,8.818587035304002,9.07854029089374,9.326114347656977,9.326114347656977,7.580516319195903,8.652699551465105,8.652699551465105,9.115017162860498,9.30881233943296,9.30881233943296,8.193225165136475,9.226102557911403,8.193225165136475,0.6613172465004027,8.998704122822526
S75F:S84N:Y95F:Y106S,S75F:S84N:Y95F:Y106S,4,9.538858542043387,9.532258251778888,9.532258251778888,9.538858542043387,9.532258251778888,9.532258251778888,9.345640994957847,9.478166196709685,9.478166196709685,9.039262265887746,9.796852876454377,9.796852876454377,9.409072542604413,9.513914736865559,9.513914736865559,8.896051273595598,9.910460880785987,9.910460880785987,9.39236010980053,9.439674518175844,9.439674518175844,8.9615663867405,9.809021462239008,8.9615663867405,0.619806335773319,9.174422671435545
K74I:S75F:S84N:R87T,K74I:S75F:S84N:R87T,4,9.983782894083609,9.740868554390325,9.740868554390325,9.983782894083609,9.740868554390325,9.740868554390325,9.93440971018549,9.812322717225518,9.812322717225518,9.190915929300346,9.815212839742044,9.815212839742044,9.996368072307925,9.69733230340904,9.69733230340904,8.905810196828625,9.958446437183703,9.958446437183703,9.933945264500968,9.543161030689127,9.543161030689127,9.427034908839229,9.807552020408671,9.427034908839229,0.014581536874175072,8.668550135615883
A58T:S75F:S77N:Y95F,A58T:S75F:S77N:Y95F,4,9.511329293887588,9.489468520685516,9.489468520685516,9.511329293887588,9.489468520685516,9.489468520685516,9.436292722756939,9.619225102823572,9.619225102823572,9.079965124026296,9.685544592819285,9.685544592819285,9.356537493398111,9.524541468998999,9.524541468998999,8.919400387347629,9.902377979670081,9.902377979670081,9.368358287963858,9.504184992378153,9.504184992378153,8.920509557345069,9.868399077342,8.920509557345069,0.5954856981988996,8.914440403244209
I52S:S75F:R87T:Y95F:Y106S,I52S:S75F:R87T:Y95F:Y106S,5,9.60535469495753,9.587302777384977,9.587302777384977,9.60535469495753,9.587302777384977,9.587302777384977,9.418610048337694,9.451889681942015,9.451889681942015,8.717568860004288,9.28417807675035,9.28417807675035,9.48153484820704,9.480982174911565,9.480982174911565,8.745816552276333,9.458868572603215,9.458868572603215,9.395190721891334,9.379610219138389,9.379610219138389,8.686896610259815,9.379383416882364,8.686896610259815,0.17859717342071235,8.725905437652363
T71S:K74I:T76S:Y95F:Y106S,T71S:K74I:T76S:Y95F:Y106S,5,8.909551198531808,9.12954629741556,9.12954629741556,8.909551198531808,9.12954629741556,9.12954629741556,8.75479409448847,9.038025386583453,9.038025386583453,8.18164484521967,8.890577045242406,8.890577045242406,8.764903506711283,9.094601905719166,9.094601905719166,8.266389605280482,9.055874628990908,9.055874628990908,8.76301537019102,9.074544434561883,9.074544434561883,7.960013834810429,8.958461886717489,7.960013834810429,0.7632790212519467,8.911243223919488
I52S:T71S:K74I:S75F,I52S:T71S:K74I:S75F,4,10.130465912973447,10.09416297593863,10.09416297593863,10.130465912973447,10.09416297593863,10.09416297593863,10.149531431231267,9.923349142005012,9.923349142005012,9.538362163407374,9.803994915507012,9.803994915507012,10.137199358419526,9.652604399171832,9.652604399171832,9.401931221215513,9.95881535383359,9.95881535383359,10.164714555580634,9.501170419774269,9.501170419774269,9.722264182728015,9.847909396897267,9.722264182728015,0.04042942728847265,8.737428352404864
S31N:T57S:N59A:S75F:S84N,S31N:T57S:N59A:S75F:S84N,5,9.504228653635163,9.620198715132501,9.620198715132501,9.504228653635163,9.620198715132501,9.620198715132501,9.398411823823885,9.59759181233463,9.59759181233463,8.770673049778768,9.323005414038104,9.323005414038104,9.28018035807847,9.496866715557672,9.496866715557672,8.246227486571033,9.12815678043017,9.12815678043017,9.323752010131555,9.452118366563743,9.452118366563743,8.36695047991875,9.226939896601834,8.36695047991875,0.9862442186567932,8.7206233021381
I52S:S75F:T76S:Y95F:Y106S,I52S:S75F:T76S:Y95F:Y106S,5,9.377731203892079,9.349530911068914,9.349530911068914,9.377731203892079,9.349530911068914,9.349530911068914,9.23771199671734,9.243285384230633,9.243285384230633,8.583626701766375,9.134983161520225,9.134983161520225,9.369983085255045,9.367736335530074,9.367736335530074,8.794697890792715,9.363227538922306,9.363227538922306,9.33752010758929,9.32205878392857,9.32205878392857,8.625266237136346,9.305167815412661,8.625266237136346,0.9357600579969585,8.834404582970004
S30N:N59A:S75F:S77N:R87T,S30N:N59A:S75F:S77N:R87T,5,9.394298315069053,9.51427149202586,9.51427149202586,9.394298315069053,9.51427149202586,9.51427149202586,9.236551799986039,9.4221192555148,9.4221192555148,8.542130911600399,9.210497700720103,9.210497700720103,9.283603078084688,9.406374770142794,9.406374770142794,8.117368433346206,9.174135304441135,9.174135304441135,9.29585384040374,9.392456342094539,9.392456342094539,8.331046155867371,9.24198942418798,8.331046155867371,0.6184147759340703,8.713285350680719
I52S:A58T:K74I:S75F:Y106S,I52S:A58T:K74I:S75F:Y106S,5,10.109544722072684,10.014045166743706,10.014045166743706,10.109544722072684,10.014045166743706,10.014045166743706,10.007539263210223,9.90666808265089,9.90666808265089,9.283451480633778,9.67072696515009,9.67072696515009,10.033733046043553,9.934013761739761,9.934013761739761,9.086963291865516,9.754524302279089,9.754524302279089,10.01538856830013,9.826719536484113,9.826719536484113,9.243471474529818,9.804937386874395,9.243471474529818,0.5302276946604252,8.763987636759166
S31N:T57S:A58T:S75F:Y95F,S31N:T57S:A58T:S75F:Y95F,5,9.626084421005356,9.642442384430009,9.642442384430009,9.626084421005356,9.642442384430009,9.642442384430009,9.618072555702053,9.684626271080365,9.684626271080365,9.208074451771497,9.608651745344929,9.608651745344929,9.325413185826465,9.426217266224496,9.426217266224496,9.1620015896713,9.602565576527065,9.602565576527065,9.383593206394192,9.438070826608973,9.438070826608973,8.669963617440231,9.460272298066144,8.669963617440231,0.07306237984448671,8.816033675288555
F29S:S31N:K74I:S75F:R87T,F29S:S31N:K74I:S75F:R87T,5,9.675796897841165,9.58653252855371,9.58653252855371,9.675796897841165,9.58653252855371,9.58653252855371,9.741951450911147,9.699070561951414,9.699070561951414,8.711582147690853,9.244139193593817,9.244139193593817,9.754857450150741,9.664254773019122,9.664254773019122,8.329540431829003,9.240222768010504,9.240222768010504,9.799748328114653,9.679638866172231,9.679638866172231,9.01655729983057,9.651090956884547,9.01655729983057,0.16577774519100785,8.516976176424256
S30N:N59A:S75F:S84N,S30N:N59A:S75F:S84N,4,9.434634196642218,9.41231931384659,9.41231931384659,9.434634196642218,9.41231931384659,9.41231931384659,9.262852603227154,9.40717520278891,9.40717520278891,9.052666026370915,9.704057771342285,9.704057771342285,9.287904271788125,9.4119349403544,9.4119349403544,8.604877922570934,9.858330766447036,9.858330766447036,9.338741282138919,9.479530966999839,9.479530966999839,8.803415215326222,9.832371201435537,8.803415215326222,0.34726699185557663,8.92318031700641
S30N:S75F:S77N:S84N:Y106S,S30N:S75F:S77N:S84N:Y106S,5,9.351744909508575,9.36993964744914,9.36993964744914,9.351744909508575,9.36993964744914,9.36993964744914,9.337519956032672,9.471314384983902,9.471314384983902,8.550986572105078,9.298426811676423,9.298426811676423,9.320696745146597,9.432620777130309,9.432620777130309,8.181740458898966,9.246287675768643,9.246287675768643,9.229067277413623,9.381485446386538,9.381485446386538,8.462550382129264,9.346225921489689,8.462550382129264,0.0389609313569963,8.503949276312406
S31N:I52S:A58T:S75F:R87T,S31N:I52S:A58T:S75F:R87T,5,10.175909404763233,10.139976428863351,10.139976428863351,10.175909404763233,10.139976428863351,10.139976428863351,9.95848634416678,9.899588606451681,9.899588606451681,9.160264082909801,9.626830097479537,9.626830097479537,9.884769921841134,9.848891674174078,9.848891674174078,8.913469644714642,9.671347487048447,9.671347487048447,9.95646877112571,9.77287071912992,9.77287071912992,8.945436383822962,9.62171743887233,8.945436383822962,0.3998624859377742,8.835044092233568
I52S:A58T:S75F:S84N:Y106S,I52S:A58T:S75F:S84N:Y106S,5,9.774178166836025,9.722759872813521,9.722759872813521,9.774178166836025,9.722759872813521,9.722759872813521,9.60049096744845,9.643319229016845,9.643319229016845,9.015237805246311,9.477114974703651,9.477114974703651,9.639812668441474,9.682323716702493,9.682323716702493,8.498716348984667,9.345035421791762,9.345035421791762,9.627517898412005,9.668454046010623,9.668454046010623,8.720939376792053,9.429750475405553,8.720939376792053,0.201221470721066,8.825197458529209
I52S:N59A:S75F:S77N,I52S:N59A:S75F:S77N,4,9.663762618319813,9.72322798918411,9.72322798918411,9.663762618319813,9.72322798918411,9.72322798918411,9.518178147389454,9.65086524273853,9.65086524273853,9.09942151316914,9.641004373043616,9.641004373043616,9.606750487019664,9.66971558669826,9.66971558669826,8.775517494253556,9.73055691133363,9.73055691133363,9.643539917061688,9.5576168165685,9.5576168165685,9.050598066984787,9.832154150485373,9.050598066984787,0.7747767651453614,8.74935982460621
F29S:S30N:K74I:S75F:S77N,F29S:S30N:K74I:S75F:S77N,5,9.873988140424265,9.70530580754326,9.70530580754326,9.873988140424265,9.70530580754326,9.70530580754326,9.867624541611372,9.830078953180083,9.830078953180083,8.87474684254153,9.503359779228413,9.503359779228413,9.954830324599262,9.8980945142906,9.8980945142906,8.161784064047737,9.337029365568457,9.337029365568457,9.987630979015535,9.872780934779582,9.872780934779582,9.010508144048892,9.721690093863161,9.010508144048892,0.0889984869863838,8.758986508818095
F29S:K74I:S75F:T76S:R87T,F29S:K74I:S75F:T76S:R87T,5,9.79691253889567,9.750309236439154,9.750309236439154,9.79691253889567,9.750309236439154,9.750309236439154,9.704714400415137,9.813295747653697,9.813295747653697,8.874037959636688,9.434410675509346,9.434410675509346,9.883285935748122,9.832150547442103,9.832150547442103,8.448398587307386,9.418998233439428,9.418998233439428,9.834808254597744,9.715388288713566,9.715388288713566,9.04598313758251,9.654430500889754,9.04598313758251,0.17059691506437957,8.696800198549694
S75F:S77N:S84N:Y106S,S75F:S77N:S84N:Y106S,4,9.384961325675947,9.394485829741097,9.394485829741097,9.384961325675947,9.394485829741097,9.394485829741097,9.364257978736514,9.444443889368078,9.444443889368078,8.881443321984792,9.80950222243992,9.80950222243992,9.398967464583432,9.44439941081037,9.44439941081037,8.673383186676517,9.961223392373267,9.961223392373267,9.338316984793233,9.444996378393338,9.444996378393338,8.895867689565735,9.866453804737137,8.895867689565735,0.040555564686656,8.74275924319894
S30N:S31N:I52S:S75F:T76S,S30N:S31N:I52S:S75F:T76S,5,9.834518405645072,9.756413489551422,9.756413489551422,9.834518405645072,9.756413489551422,9.756413489551422,9.644696822579338,9.591296915715377,9.591296915715377,8.694497199428891,9.300921795168815,9.300921795168815,9.605173533832431,9.534839162464024,9.534839162464024,8.815885075521072,9.546115598543476,9.546115598543476,9.714934036023346,9.533978886254507,9.533978886254507,8.824481819252966,9.495304042861276,8.824481819252966,0.05942633678205311,8.47420152233911
I52S:K74I:S75F:R87T:Y95F,I52S:K74I:S75F:R87T:Y95F,5,10.380740632087509,10.301797979136042,10.301797979136042,10.380740632087509,10.301797979136042,10.301797979136042,10.187024579192425,10.082693298472147,10.082693298472147,9.099318257485603,9.551688230131468,9.551688230131468,10.332950833175767,10.156935990069195,10.156935990069195,8.956170312564396,9.707053505257083,9.707053505257083,10.246678945248098,9.850890595916866,9.850890595916866,9.418024742001624,9.839253240130962,9.418024742001624,0.6863128792028874,8.626353966806523
S31N:I52S:N59A:S75F,S31N:I52S:N59A:S75F,4,9.727086914605685,9.662372165486246,9.662372165486246,9.727086914605685,9.662372165486246,9.662372165486246,9.577268492702837,9.575573323786802,9.575573323786802,9.208227700314833,9.619147213541662,9.619147213541662,9.53768483476594,9.327952425959703,9.327952425959703,9.167533179629054,9.837707365009084,9.837707365009084,9.63801477573845,9.361670999856326,9.361670999856326,9.172753781152972,9.877481328565535,9.172753781152972,0.03351685171946883,8.643586012345512
T57S:N59A:S75F:T76S:Y106S,T57S:N59A:S75F:T76S:Y106S,5,8.891842084020823,9.03928322981962,9.03928322981962,8.891842084020823,9.03928322981962,9.03928322981962,8.958333149798698,9.20348060737395,9.20348060737395,8.65443508578277,9.174275397826916,9.174275397826916,9.11923819357982,9.351333906346529,9.351333906346529,8.764396298594425,9.343574914548974,9.343574914548974,9.073584929165174,9.31422481890824,9.31422481890824,8.334002244029886,9.233095613234935,8.334002244029886,0.18621636601164937,8.497505645698917
S31N:A58T:K74I:S75F:S77N,S31N:A58T:K74I:S75F:S77N,5,9.80998837970694,9.720427520036976,9.720427520036976,9.80998837970694,9.720427520036976,9.720427520036976,9.829309437076404,9.791345291132814,9.791345291132814,9.058817880988627,9.514501558791494,9.514501558791494,9.681713104261105,9.66031818973732,9.66031818973732,8.720906327658364,9.518897605898173,9.518897605898173,9.764432252192975,9.612330652698361,9.612330652698361,8.966030581711172,9.542736119994496,8.966030581711172,0.18256729189306498,8.81092577076382
T57S:T71S:S75F:S84N:Y106S,T57S:T71S:S75F:S84N:Y106S,5,9.2900064884757,9.38216340154253,9.38216340154253,9.2900064884757,9.38216340154253,9.38216340154253,9.211616960840386,9.383979418570222,9.383979418570222,8.74652406510408,9.384897018214161,9.384897018214161,9.262973486182585,9.418326082717808,9.418326082717808,8.417472902937954,9.29088586721776,9.29088586721776,9.234275023495156,9.426579234256709,9.426579234256709,8.46096089020908,9.265304167706521,8.46096089020908,0.49854263640008867,8.61662804612058
S31N:I52S:A58T:S75F,S31N:I52S:A58T:S75F,4,10.124659332353655,10.004726498652357,10.004726498652357,10.124659332353655,10.004726498652357,10.004726498652357,10.021770540567696,9.913329663393906,9.913329663393906,9.54657577384637,9.950858378021298,9.950858378021298,9.864645891063597,9.801004582971185,9.801004582971185,9.39079975926672,10.071502042504623,10.071502042504623,9.965109159911082,9.598183975216811,9.598183975216811,9.3884952068212,9.932747576717086,9.3884952068212,0.49696818296797574,8.811598335403426
S30N:I52S:T71S:K74I:S75F,S30N:I52S:T71S:K74I:S75F,5,10.174152084182989,10.074229019804129,10.074229019804129,10.174152084182989,10.074229019804129,10.074229019804129,10.307334766072206,10.109272356892841,10.109272356892841,9.308749629755196,9.675560380043008,9.675560380043008,10.267506377268942,10.020967299165681,10.020967299165681,9.129331008091476,9.740118151513308,9.740118151513308,10.283954147129029,9.880434430387284,9.880434430387284,9.441516669002647,9.84382902384081,9.441516669002647,0.03947322769090533,8.62352126679845
I52S:K74I:S75F:S84N:R87T,I52S:K74I:S75F:S84N:R87T,5,10.49730612203242,10.398913352441,10.398913352441,10.49730612203242,10.398913352441,10.398913352441,10.260740066007834,10.10700922024311,10.10700922024311,8.928800176756678,9.530982968916511,9.530982968916511,10.291640342481108,10.078115479844948,10.078115479844948,8.413078195000004,9.492008092682237,9.492008092682237,10.20503414891477,9.828201261223,9.828201261223,9.356676266937782,9.791574015170333,9.356676266937782,0.4381201153155416,8.684523420850494
F29S:S31N:N59A:K74I:S75F,F29S:S31N:N59A:K74I:S75F,5,9.338313097550476,9.313744429196646,9.313744429196646,9.338313097550476,9.313744429196646,9.313744429196646,9.286468303645266,9.33494024279823,9.33494024279823,8.571705322473418,9.056543047409221,9.056543047409221,9.240477194500977,9.290747934463264,9.290747934463264,7.9014938228520855,8.827896836507806,8.827896836507806,9.376265386861771,9.408610604958481,9.408610604958481,8.568864628123448,9.280299377436679,8.568864628123448,0.20147993136197329,8.618524166345262
S30N:T57S:N59A:S75F:S77N,S30N:T57S:N59A:S75F:S77N,5,9.02769487042066,9.234379986589435,9.234379986589435,9.02769487042066,9.234379986589435,9.234379986589435,9.005565073876287,9.266035418688261,9.266035418688261,8.381513668426471,8.977910006599553,8.977910006599553,9.16629711647311,9.373586638136908,9.373586638136908,8.23786695522958,9.159017885166284,9.159017885166284,9.223239812375326,9.359265960523363,9.359265960523363,8.28217216720552,9.192469924784302,8.28217216720552,0.6524855769239366,8.70041722917972
T57S:N59A:S75F:S84N,T57S:N59A:S75F:S84N,4,9.401874579529858,9.558673921496778,9.558673921496778,9.401874579529858,9.558673921496778,9.558673921496778,9.316414513037085,9.635384085629251,9.635384085629251,9.04787561529215,9.620777884516402,9.620777884516402,9.328895190300733,9.54759735293554,9.54759735293554,8.6265712466408,9.67500560539707,9.67500560539707,9.318022232215199,9.486230576580644,9.486230576580644,8.76709695862469,9.744338374715305,8.76709695862469,0.39514022087678313,8.799737455402669
I52S:T57S:S75F:S84N,I52S:T57S:S75F:S84N,4,9.792558690851632,9.743266312627778,9.743266312627778,9.792558690851632,9.743266312627778,9.743266312627778,9.746990376532018,9.698621464555949,9.698621464555949,9.226407728175307,9.7613992402767,9.7613992402767,9.726560944736535,9.669213252840088,9.669213252840088,8.921240948790029,9.923147032111086,9.923147032111086,9.694129314164156,9.390662590806285,9.390662590806285,9.161348864457166,9.760483393187414,9.161348864457166,0.37595710810273886,8.934944527793794
A58T:T71S:S75F:T76S:Y106S,A58T:T71S:S75F:T76S:Y106S,5,8.926761614305052,9.033790880583563,9.033790880583563,8.926761614305052,9.033790880583563,9.033790880583563,9.069971992825137,9.219849579652536,9.219849579652536,8.819959900571789,9.271123052656328,9.271123052656328,9.166960427186766,9.301187258599544,9.301187258599544,8.763133388753108,9.35038880630127,9.35038880630127,9.20176484934658,9.359334901953549,9.359334901953549,8.37766892662832,9.29822723829565,8.37766892662832,0.26771402382291853,8.900482778761676
S30N:T57S:N59A:S75F:R87T,S30N:T57S:N59A:S75F:R87T,5,9.195594923569086,9.4272148963635,9.4272148963635,9.195594923569086,9.4272148963635,9.4272148963635,9.191348024139229,9.44286165198716,9.44286165198716,8.628005083135974,9.16155946767287,9.16155946767287,9.290086812556822,9.45371298079928,9.45371298079928,8.655708493748103,9.357237965408585,9.357237965408585,9.372634330872927,9.462540056979275,9.462540056979275,8.42351363500163,9.323103744623992,8.42351363500163,0.20060844905674458,8.84893429873275
I52S:S75F:T76S:Y106S,I52S:S75F:T76S:Y106S,4,9.41344154013651,9.32504323453101,9.32504323453101,9.41344154013651,9.32504323453101,9.32504323453101,9.376393582281818,9.300497027907134,9.300497027907134,8.936582797241492,9.632582208192833,9.632582208192833,9.420027239132647,9.360168480016991,9.360168480016991,9.045610599094685,9.703131632548432,9.703131632548432,9.392964899102244,9.326054010774476,9.326054010774476,8.989987618812298,9.652373879583712,8.989987618812298,0.3587100871372968,9.00267488624222
S30N:I52S:K74I:S75F:T76S,S30N:I52S:K74I:S75F:T76S,5,10.227127506863324,10.115241753500449,10.115241753500449,10.227127506863324,10.115241753500449,10.115241753500449,10.251740583150296,10.079379711732011,10.079379711732011,9.003775512728318,9.53439478462838,9.53439478462838,10.257799394502552,10.063925360811131,10.063925360811131,9.006671544124217,9.731520912719748,9.731520912719748,10.27954553921177,9.897320268420943,9.897320268420943,9.418791428812655,9.822138142191456,9.418791428812655,0.5669722624588758,8.615588221876498
I52S:S75F:S84N:Y106S,I52S:S75F:S84N:Y106S,4,9.620431157745818,9.596538346432396,9.596538346432396,9.620431157745818,9.596538346432396,9.596538346432396,9.446577955860151,9.440460030774656,9.440460030774656,8.970086701351018,9.724925561621417,9.724925561621417,9.448958711945641,9.41787747259908,9.41787747259908,8.86554507975694,9.884984339653245,9.884984339653245,9.395008401951916,9.364417473106004,9.364417473106004,9.016589479122125,9.699512620508889,9.016589479122125,0.13706187577918172,8.891743375893883
S31N:N59A:T71S:S75F,S31N:N59A:T71S:S75F,4,9.35443054619756,9.442547558621184,9.442547558621184,9.35443054619756,9.442547558621184,9.442547558621184,9.350336858192755,9.522700791555538,9.522700791555538,9.081383333093555,9.520201569582591,9.520201569582591,9.33162464262383,9.456142864702795,9.456142864702795,9.18054837308299,9.668781069283437,9.668781069283437,9.432091040658221,9.444822336635937,9.444822336635937,8.942022152991559,9.770280497599257,8.942022152991559,0.3835538770072162,8.746244529114346
S31N:S75F:S77N:S84N,S31N:S75F:S77N:S84N,4,9.590714323492072,9.548644982829845,9.548644982829845,9.590714323492072,9.548644982829845,9.548644982829845,9.62587147960312,9.68396850177409,9.68396850177409,8.957400843776478,9.838942058402292,9.838942058402292,9.547980079679245,9.467172877880841,9.467172877880841,8.628656833169535,10.004331397419891,10.004331397419891,9.556948573835585,9.415488055331522,9.415488055331522,9.015365190916613,9.805615279976575,9.015365190916613,0.07405247213318944,8.383218534201669
I52S:S75F:S84N:Y95F:Y106S,I52S:S75F:S84N:Y95F:Y106S,5,9.61239584055667,9.550455180111712,9.550455180111712,9.61239584055667,9.550455180111712,9.550455180111712,9.268755783849539,9.316413461996948,9.316413461996948,8.615716140291363,9.27674814188377,9.27674814188377,9.390341362417544,9.405641731754145,9.405641731754145,8.424237420045529,9.355961099334838,9.355961099334838,9.371906934418794,9.345895986189037,9.345895986189037,8.610488830333303,9.325829200376054,8.610488830333303,0.09705745126120746,8.960155280054012
S30N:T57S:S75F:S77N:R87T,S30N:T57S:S75F:S77N:R87T,5,9.488008994553793,9.582237008058417,9.582237008058417,9.488008994553793,9.582237008058417,9.582237008058417,9.60149846447178,9.711929230588447,9.711929230588447,8.567142461458925,9.227765089293069,9.227765089293069,9.676517639523736,9.737016068683497,9.737016068683497,8.386869046639015,9.320785637254387,9.320785637254387,9.572395109196151,9.584211851222145,9.584211851222145,8.575504459248462,9.41883916394753,8.575504459248462,0.9884486570954323,8.78751522428278
S30N:S31N:A58T:T71S:S75F,S30N:S31N:A58T:T71S:S75F,5,9.341463969728132,9.386243481815859,9.386243481815859,9.341463969728132,9.386243481815859,9.386243481815859,9.430496244564546,9.49747001760031,9.49747001760031,8.968860861367993,9.388268059585421,9.388268059585421,9.35356717524561,9.468143702550911,9.468143702550911,8.938409201937526,9.490293930042236,9.490293930042236,9.461413945510516,9.468957596833906,9.468957596833906,8.586128719027892,9.438122455834652,8.586128719027892,0.5977594184223562,8.819020680566982
I52S:T57S:N59A:S75F,I52S:T57S:N59A:S75F,4,9.590582147432286,9.643164149385006,9.643164149385006,9.590582147432286,9.643164149385006,9.643164149385006,9.581060171885134,9.655860925009016,9.655860925009016,9.29476103300304,9.73224998694833,9.73224998694833,9.661022029980723,9.598122892026074,9.598122892026074,9.234274328315198,9.896829052859143,9.896829052859143,9.668568148941597,9.563363606873253,9.563363606873253,9.186882586636434,9.94831384652789,9.186882586636434,0.7333593661896884,8.70917355004679
S30N:N59A:S75F:S84N:Y106S,S30N:N59A:S75F:S84N:Y106S,5,9.175325754611034,9.235573811387793,9.235573811387793,9.175325754611034,9.235573811387793,9.235573811387793,8.928387157998067,9.138809301672438,9.138809301672438,8.686523714759945,9.285214822183534,9.285214822183534,9.013799177835272,9.232294467522262,9.232294467522262,8.173908408294334,9.144080566182177,9.144080566182177,9.057259601346733,9.31895305965689,9.31895305965689,8.274471123317468,9.190178297646304,8.274471123317468,0.17208463652059436,8.570237780600905
S30N:A58T:S75F:Y106S,S30N:A58T:S75F:Y106S,4,9.18412669555341,9.246541202023847,9.246541202023847,9.18412669555341,9.246541202023847,9.246541202023847,9.227349831993688,9.354154924738303,9.354154924738303,9.176810936722497,9.561185457802228,9.561185457802228,9.280283632685148,9.380784034356685,9.380784034356685,9.122270790853973,9.69768532681137,9.69768532681137,9.316176079280549,9.464932012184603,9.464932012184603,8.919373032889931,9.823155676525795,8.919373032889931,0.7656723237596452,8.634640400786317
S30N:A58T:S75F:T76S:Y106S,S30N:A58T:S75F:T76S:Y106S,5,8.757385486410069,8.858915506165806,8.858915506165806,8.757385486410069,8.858915506165806,8.858915506165806,8.946025381182102,9.13279365895432,9.13279365895432,8.544230893283949,9.006135692054633,9.006135692054633,9.110664837576863,9.224179894888872,9.224179894888872,8.637542151451395,9.22285614735557,9.22285614735557,9.150955501582219,9.322991151805875,9.322991151805875,8.336598270907057,9.22191880784166,8.336598270907057,0.4686416843906045,8.7043919256384
S31N:T57S:T71S:S75F,S31N:T57S:T71S:S75F,4,9.659556751500185,9.678720723501446,9.678720723501446,9.659556751500185,9.678720723501446,9.678720723501446,9.678905819378686,9.665961319021775,9.665961319021775,9.376519625493904,9.822699284378615,9.822699284378615,9.609354676128802,9.5304131725473,9.5304131725473,9.393733804721384,9.920124507780141,9.920124507780141,9.64690811601365,9.51293221395187,9.51293221395187,9.146684968196123,9.933600509820092,9.146684968196123,0.2862666640430689,8.387915003678575
S30N:T71S:S75F:Y106S,S30N:T71S:S75F:Y106S,4,9.249919035164249,9.340447851224544,9.340447851224544,9.249919035164249,9.340447851224544,9.340447851224544,9.386117252962304,9.466087653462347,9.466087653462347,9.057792949676477,9.678548558593164,9.678548558593164,9.413626460386938,9.474195152586281,9.474195152586281,9.154144678846007,9.78387100179258,9.78387100179258,9.394722842012564,9.50105517981932,9.50105517981932,8.972095637235626,9.848995159715125,8.972095637235626,0.9025393768679351,8.961114312832844
A58T:T71S:S75F:S77N:S84N,A58T:T71S:S75F:S77N:S84N,5,9.327535345730125,9.367963299685426,9.367963299685426,9.327535345730125,9.367963299685426,9.367963299685426,9.310318903428287,9.482360094412005,9.482360094412005,8.659480429686134,9.212398193085159,9.212398193085159,9.281663925670031,9.432283939624366,9.432283939624366,7.936913009006444,9.073731001729657,9.073731001729657,9.37723733628317,9.48537073977713,9.48537073977713,8.423383391296511,9.253873329447703,8.423383391296511,0.7435239707119763,8.478784277023587
S31N:A58T:S75F:Y95F:Y106S,S31N:A58T:S75F:Y95F:Y106S,5,9.37715606265081,9.386672110273516,9.386672110273516,9.37715606265081,9.386672110273516,9.386672110273516,9.264575485631754,9.34984894873361,9.34984894873361,8.924185894411325,9.35848430856289,9.35848430856289,9.1671808033822,9.3289377186412,9.3289377186412,8.958918976124425,9.461721309370295,9.461721309370295,9.244557399358529,9.34326609904781,9.34326609904781,8.492056618326693,9.345608228570267,8.492056618326693,0.7943367827683687,8.814884568913573
T71S:K74I:T76S:S84N:Y106S,T71S:K74I:T76S:S84N:Y106S,5,8.89783998146818,8.966945267612092,8.966945267612092,8.89783998146818,8.966945267612092,8.966945267612092,8.722504833273547,8.89432630147722,8.89432630147722,8.057033815738432,8.724885186347842,8.724885186347842,8.744248345043426,9.017546391860774,9.017546391860774,7.818510978690009,8.72379523984942,8.72379523984942,8.77737234240311,9.065968441633636,9.065968441633636,7.955117426149466,8.819856712875133,7.955117426149466,0.687309383880347,8.648228785837315
A58T:S75F:T76S:Y95F,A58T:S75F:T76S:Y95F,4,9.376751406437318,9.439240267683928,9.439240267683928,9.376751406437318,9.439240267683928,9.439240267683928,9.399243831607286,9.535066643078435,9.535066643078435,8.991601802909582,9.606877146858404,9.606877146858404,9.406619434683222,9.547572186099915,9.547572186099915,9.143538829448334,9.714918404945585,9.714918404945585,9.356241441307185,9.50770448773432,9.50770448773432,8.942893331140638,9.820837109176779,8.942893331140638,0.3694874932989478,8.82780837375624
I52S:K74I:S75F:T76S:Y95F,I52S:K74I:S75F:T76S:Y95F,5,10.406323303118935,10.296235912871081,10.296235912871081,10.406323303118935,10.296235912871081,10.296235912871081,10.205163447329259,10.062083752741655,10.062083752741655,9.071404871371172,9.586384479826432,9.586384479826432,10.299569853014662,10.099132386830442,10.099132386830442,9.123177616361744,9.767081167272245,9.767081167272245,10.259199213640668,9.88519650031002,9.88519650031002,9.444354197476713,9.832834047612367,9.444354197476713,0.2784785511903465,8.866099523364213
I52S:T57S:S75F:S77N,I52S:T57S:S75F:S77N,4,9.670477129624231,9.549044749602782,9.549044749602782,9.670477129624231,9.549044749602782,9.549044749602782,9.698106256812311,9.424297279831181,9.424297279831181,8.991967064756386,9.616690784930105,9.616690784930105,9.805202449615908,9.436168793362556,9.436168793362556,8.90495550322047,9.811083847930561,9.811083847930561,9.759583375992678,9.437232896305987,9.437232896305987,9.166810321268331,9.794080586829251,9.166810321268331,0.4694835334084928,9.101838326314153
A58T:S75F:T76S:S77N:Y95F,A58T:S75F:T76S:S77N:Y95F,5,9.387508038832017,9.36391606822158,9.36391606822158,9.387508038832017,9.36391606822158,9.36391606822158,9.326959693045682,9.427946587407465,9.427946587407465,8.650432519554489,9.246546265047423,9.246546265047423,9.271614010829552,9.388540469974235,9.388540469974235,8.521269837622874,9.346356081929759,9.346356081929759,9.25541963863423,9.377430743279652,9.377430743279652,8.448759778011652,9.305986308483483,8.448759778011652,0.5765564518515021,8.794325548448382
S31N:I52S:K74I:S75F:R87T,S31N:I52S:K74I:S75F:R87T,5,10.45905363816049,10.36620778560315,10.36620778560315,10.45905363816049,10.36620778560315,10.36620778560315,10.318783537139533,10.035303967832476,10.035303967832476,9.073749564481849,9.560008060232649,9.560008060232649,10.239699736367825,9.873879157422037,9.873879157422037,9.028591328852238,9.750227768604024,9.750227768604024,10.261532246904611,9.780820018497858,9.780820018497858,9.499578637284516,9.80916534573865,9.499578637284516,0.5311154953669757,8.77259590231843
I52S:A58T:T71S:K74I:S84N,I52S:A58T:T71S:K74I:S84N,5,9.367080576688902,9.46859237683612,9.46859237683612,9.367080576688902,9.46859237683612,9.46859237683612,9.240591237057382,9.419502275141426,9.419502275141426,8.577870045685506,9.132931620172362,9.132931620172362,9.2049381417783,9.378479159137164,9.378479159137164,7.793878885625287,8.864202525884634,8.864202525884634,9.310565331759783,9.421891119151306,9.421891119151306,8.317328989059563,9.192489896298408,8.317328989059563,0.2013402390293777,8.566281761808304
S30N:N59A:S75F:Y95F:Y106S,S30N:N59A:S75F:Y95F:Y106S,5,9.125323021244427,9.212773771639535,9.212773771639535,9.125323021244427,9.212773771639535,9.212773771639535,8.9846463340982,9.167360820110659,9.167360820110659,8.865633669840955,9.295582543471555,9.295582543471555,9.097153664000482,9.35550530345476,9.35550530345476,8.86123502189633,9.443759008705763,9.443759008705763,9.132470053192643,9.364565729937553,9.364565729937553,8.432824059291976,9.298180807793212,8.432824059291976,0.03192792134359479,9.008135378852744
S30N:I52S:S75F:Y95F:Y106S,S30N:I52S:S75F:Y95F:Y106S,5,9.517678732983551,9.488220182967487,9.488220182967487,9.517678732983551,9.488220182967487,9.488220182967487,9.378532647228704,9.425630199573598,9.425630199573598,8.735592899941345,9.274255560449605,9.274255560449605,9.411922067654267,9.44579814080319,9.44579814080319,8.901553656025524,9.499880871154627,9.499880871154627,9.387718295692553,9.381182141782439,9.381182141782439,8.683610371400007,9.38092568544235,8.683610371400007,0.2956785336136818,8.896072091739985
N59A:T71S:S75F:T76S:S77N,N59A:T71S:S75F:T76S:S77N,5,9.108356053548828,9.282415741392237,9.282415741392237,9.108356053548828,9.282415741392237,9.282415741392237,9.055750696734918,9.236097217620545,9.236097217620545,8.616060896231215,9.104811188917532,9.104811188917532,9.157321917000345,9.330514542293665,9.330514542293665,8.3384312185037,9.153622352527064,9.153622352527064,9.285286941569126,9.385477702767936,9.385477702767936,8.437948011101994,9.253555006594782,8.437948011101994,0.803748716134578,8.546032459900157
I52S:T57S:S75F:Y95F,I52S:T57S:S75F:Y95F,4,9.659897746145656,9.530842709281655,9.530842709281655,9.659897746145656,9.530842709281655,9.530842709281655,9.664027993080834,9.50760352937947,9.50760352937947,9.204214778387687,9.723362152037208,9.723362152037208,9.75035154934349,9.544089678993828,9.544089678993828,9.320381782022098,9.946057916970306,9.946057916970306,9.742082407004496,9.476353041785348,9.476353041785348,9.277532782565165,9.85763788683578,9.277532782565165,0.8148024482652545,8.918225347581235
I52S:N59A:T71S:S75F,I52S:N59A:T71S:S75F,4,9.584011815820102,9.683676575342652,9.683676575342652,9.584011815820102,9.683676575342652,9.683676575342652,9.526258217226674,9.692910355249694,9.692910355249694,9.435727050310314,9.853214358923854,9.853214358923854,9.592558532461515,9.592725290985957,9.592725290985957,9.177027620956773,9.947670366494345,9.947670366494345,9.660236337638713,9.52384235043183,9.52384235043183,9.190009031708476,9.942761506793238,9.190009031708476,0.6582785625942051,8.974417893283821
F29S:I52S:N59A:S75F,F29S:I52S:N59A:S75F,4,9.494465805734,9.490918700708352,9.490918700708352,9.494465805734,9.490918700708352,9.490918700708352,9.266264282691115,9.442269564857865,9.442269564857865,9.104821320208456,9.613309193960355,9.613309193960355,9.42946346019538,9.60912061999197,9.60912061999197,8.39355124487138,9.800541782985416,9.800541782985416,9.455154416352586,9.589822283479506,9.589822283479506,8.850999702493226,9.847645902484558,8.850999702493226,0.17590081715025008,8.841943588826483
S30N:I52S:T57S:A58T:T71S,S30N:I52S:T57S:A58T:T71S,5,8.24690085799624,8.479372263046269,8.479372263046269,8.24690085799624,8.479372263046269,8.479372263046269,8.479489746961347,8.765293794383199,8.765293794383199,8.268901630448749,8.65315961263021,8.65315961263021,8.466537052157555,8.837120062148283,8.837120062148283,8.009660471544388,8.746170023979223,8.746170023979223,8.507370808505867,8.858264324371858,8.858264324371858,7.6604468777487,8.666764510485347,7.6604468777487,0.5542400802951306,8.748361574792332
S31N:S75F:S77N:R87T,S31N:S75F:S77N:R87T,4,9.621048243570563,9.554037116509324,9.554037116509324,9.621048243570563,9.554037116509324,9.554037116509324,9.625171785206108,9.63789094052928,9.63789094052928,8.930321601414082,9.62371695339883,9.62371695339883,9.630218869775133,9.60019107733084,9.60019107733084,8.802188808595533,9.741044917384235,9.741044917384235,9.59392805045158,9.497040277112745,9.497040277112745,9.039570735092129,9.76296573300849,9.039570735092129,0.4271216890774667,8.359739726111227
A58T:S75F:T76S:S77N:Y106S,A58T:S75F:T76S:S77N:Y106S,5,9.004191451203106,9.020448166235392,9.020448166235392,9.004191451203106,9.020448166235392,9.020448166235392,9.100479434970401,9.196297561321487,9.196297561321487,8.60410205808923,9.193265051571888,9.193265051571888,9.165683162820246,9.274449232665082,9.274449232665082,8.438044961802127,9.241952126422277,9.241952126422277,9.12154010368072,9.297103223895304,9.297103223895304,8.326674760131764,9.191351805960494,8.326674760131764,0.21094142855145037,8.794482406779583
T57S:N59A:S75F:T76S:S84N,T57S:N59A:S75F:T76S:S84N,5,9.277435229851491,9.385501684164392,9.385501684164392,9.277435229851491,9.385501684164392,9.385501684164392,9.173926991428724,9.412152965935913,9.412152965935913,8.643186690123045,9.196125275500124,9.196125275500124,9.230321644514635,9.458771959358689,9.458771959358689,8.142151180867556,8.99669575434219,8.99669575434219,9.187456105273757,9.364777464769857,9.364777464769857,8.291516399164264,9.140474702338613,8.291516399164264,0.2781970454379916,8.607652780406307
F29S:I52S:K74I:S84N:Y95F,F29S:I52S:K74I:S84N:Y95F,5,9.426165527468351,9.447529655274348,9.447529655274348,9.426165527468351,9.447529655274348,9.447529655274348,8.90486878676384,9.110677350126277,9.110677350126277,8.017871597303808,8.834036689481302,8.834036689481302,9.00065891435666,9.233607921327263,9.233607921327263,7.241155529311698,8.62125326649092,8.62125326649092,9.07605010025556,9.292196991015908,9.292196991015908,8.083614750468138,9.044212641654145,8.083614750468138,0.5052056680433452,8.78074657483288
S31N:I52S:S75F:R87T:Y95F,S31N:I52S:S75F:R87T:Y95F,5,10.011722633353338,9.910352827592252,9.910352827592252,10.011722633353338,9.910352827592252,9.910352827592252,9.728749734471718,9.593669796242478,9.593669796242478,8.932939942211384,9.441713630845625,9.441713630845625,9.71670087628902,9.523117089221216,9.523117089221216,8.865915816673935,9.53669691847312,9.53669691847312,9.740343912963363,9.504464919355271,9.504464919355271,8.893828116428452,9.526926203197323,8.893828116428452,0.41182311601005495,8.4097660333591
I52S:T57S:A58T:S84N:R87T,I52S:T57S:A58T:S84N:R87T,5,8.607955201878552,8.790626860338664,8.790626860338664,8.607955201878552,8.790626860338664,8.790626860338664,8.527744188860801,8.825504730406598,8.825504730406598,8.080647275155755,8.652902936279434,8.652902936279434,8.492390671892098,8.898793370731953,8.898793370731953,7.392778491088603,8.467169740911146,8.467169740911146,8.506582458307257,8.93473560018618,8.93473560018618,7.532015451775813,8.588489131131581,7.532015451775813,0.3275941153988242,8.930760956867513
F29S:S30N:I52S:K74I:R87T,F29S:S30N:I52S:K74I:R87T,5,9.280020740439081,9.244763006511114,9.244763006511114,9.280020740439081,9.244763006511114,9.244763006511114,9.017063127871086,9.194681072012228,9.194681072012228,8.272250232451823,8.946134464283302,8.946134464283302,9.163116717960293,9.331668755411298,9.331668755411298,7.598089823977738,8.765676731286984,8.765676731286984,9.226326458744685,9.40709061152087,9.40709061152087,8.259315351452052,9.285241910775113,8.259315351452052,0.3292860819492489,8.869412000419697
F29S:S30N:T57S:T71S:S75F,F29S:S30N:T57S:T71S:S75F,5,9.047884208020346,9.113863983957412,9.113863983957412,9.047884208020346,9.113863983957412,9.113863983957412,9.067513377737015,9.230768814698605,9.230768814698605,8.542067964093944,8.973352065573849,8.973352065573849,9.170729800270403,9.299692360205013,9.299692360205013,8.13530589372536,8.937279773478663,8.937279773478663,9.209160182481417,9.358753526956733,9.358753526956733,8.345733074566448,9.18504989609581,8.345733074566448,0.3801094798836857,8.857738766514993
S31N:S75F:T76S:R87T,S31N:S75F:T76S:R87T,4,9.760799431426182,9.711329408901099,9.711329408901099,9.760799431426182,9.711329408901099,9.711329408901099,9.695159617936886,9.66891175865137,9.66891175865137,9.08920447212414,9.676595638699311,9.676595638699311,9.607868964903746,9.597032750471177,9.597032750471177,9.23886078590587,9.81033981801176,9.81033981801176,9.628540194486048,9.605033854677952,9.605033854677952,9.146530665772612,9.818426104110404,9.146530665772612,0.6804722298402339,8.69089523603178
I52S:T57S:S75F:T76S,I52S:T57S:S75F:T76S,4,9.555755900289261,9.49525243347237,9.49525243347237,9.555755900289261,9.49525243347237,9.49525243347237,9.62922606876375,9.60955301158501,9.60955301158501,9.120395230440796,9.789589896623866,9.789589896623866,9.68404002383625,9.575957758150386,9.575957758150386,9.228652101359561,10.016786444856518,10.016786444856518,9.692728412826039,9.511608390792514,9.511608390792514,9.214154579264536,9.848143984919016,9.214154579264536,0.7464944298844784,8.845679936510761
F29S:S30N:I52S:K74I:S84N,F29S:S30N:I52S:K74I:S84N,5,9.480476614532964,9.372868012911324,9.372868012911324,9.480476614532964,9.372868012911324,9.372868012911324,9.014759027206358,9.073573408108516,9.073573408108516,8.281103259262414,9.023961804623186,9.023961804623186,8.995426056064053,9.168918772517666,9.168918772517666,7.491202412656065,8.823193034951949,8.823193034951949,9.152280498250498,9.344573636055948,9.344573636055948,8.17430015422638,9.22396224556063,8.17430015422638,0.5961114058736712,8.936888734127958
S30N:S75F:S77N:Y95F:Y106S,S30N:S75F:S77N:Y95F:Y106S,5,9.27832179337492,9.329879395312908,9.329879395312908,9.27832179337492,9.329879395312908,9.329879395312908,9.321798622959705,9.469211277587972,9.469211277587972,8.613473835895219,9.230320086579246,9.230320086579246,9.328254034932597,9.470715249318689,9.470715249318689,8.539583149527859,9.325619254432981,9.325619254432981,9.275951555257858,9.42680852402782,9.42680852402782,8.49473243959107,9.312790846769834,8.49473243959107,0.1897688121534884,8.988560004621228
F29S:I52S:T71S:K74I:R87T,F29S:I52S:T71S:K74I:R87T,5,9.23968584999636,9.33420413445975,9.33420413445975,9.23968584999636,9.33420413445975,9.33420413445975,9.037918564383991,9.224253863541431,9.224253863541431,8.457007078114396,9.007044085389659,9.007044085389659,9.129795533200168,9.299702261377192,9.299702261377192,7.788014565942821,8.847924015604123,8.847924015604123,9.140753290396193,9.31333596668886,9.31333596668886,8.224244281611057,9.224755295047462,8.224244281611057,0.8385035288520157,8.708675770542502
F29S:S31N:I52S:K74I:Y95F,F29S:S31N:I52S:K74I:Y95F,5,9.48554695093254,9.496647745074506,9.496647745074506,9.48554695093254,9.496647745074506,9.496647745074506,9.152819351941568,9.282411071514291,9.282411071514291,8.076367022274395,8.812777367644834,8.812777367644834,9.076017104837554,9.23538379958018,9.23538379958018,7.574261667824904,8.714811848877606,8.714811848877606,9.136844532829702,9.269281103707929,9.269281103707929,8.318935736890946,9.204199198820017,8.318935736890946,0.15794097585603595,8.467473820927065
T57S:T71S:S75F:S77N:S84N,T57S:T71S:S75F:S77N:S84N,5,9.30446399090855,9.389521138890382,9.389521138890382,9.30446399090855,9.389521138890382,9.389521138890382,9.308207634327418,9.473194345111882,9.473194345111882,8.464364705957088,9.163173212673655,9.163173212673655,9.399335433849092,9.522435506042434,9.522435506042434,7.9279053393902466,9.062209301595173,9.062209301595173,9.426448958429226,9.503305232162509,9.503305232162509,8.437401639949698,9.235726268997812,8.437401639949698,0.6382520964834839,8.510995115943324
S31N:A58T:T71S:S75F:S77N,S31N:A58T:T71S:S75F:S77N,5,9.356768640165505,9.412282302107913,9.412282302107913,9.356768640165505,9.412282302107913,9.412282302107913,9.426721793519928,9.513863906442012,9.513863906442012,8.76530054814536,9.274589356800224,9.274589356800224,9.30302010223104,9.462943505154824,9.462943505154824,8.491086906524226,9.290483968695602,9.290483968695602,9.426893529488668,9.473190593304617,9.473190593304617,8.554889663077423,9.357022314054134,8.554889663077423,0.6729505360126495,8.728944237777645
S31N:A58T:S75F:S84N:Y106S,S31N:A58T:S75F:S84N:Y106S,5,9.376063146633944,9.369733078709931,9.369733078709931,9.376063146633944,9.369733078709931,9.369733078709931,9.229232747021438,9.324978650312634,9.324978650312634,8.740783897258677,9.221491856179798,9.221491856179798,9.203798512111977,9.333512341118144,9.333512341118144,8.35902225734996,9.094154596537221,9.094154596537221,9.271486998549532,9.354786598551296,9.354786598551296,8.439595759943336,9.180685406948427,8.439595759943336,0.3160012308508158,8.73077750688537
S30N:S31N:I52S:K74I:S75F,S30N:S31N:I52S:K74I:S75F,5,10.511884907437008,10.3629159544715,10.3629159544715,10.511884907437008,10.3629159544715,10.3629159544715,10.35786918588542,10.098789146308901,10.098789146308901,9.148100939528963,9.661715164181867,9.661715164181867,10.205237658003602,9.956274218534874,9.956274218534874,9.139844744258387,9.875435164111707,9.875435164111707,10.266891354588216,9.786237472691958,9.786237472691958,9.474022630165868,9.840691707220142,9.474022630165868,0.801141953561455,8.743090502773386
F29S:I52S:A58T:K74I,F29S:I52S:A58T:K74I,4,9.352067502387783,9.329687601871335,9.329687601871335,9.352067502387783,9.329687601871335,9.329687601871335,9.183834413603684,9.275417035637876,9.275417035637876,8.887004662987723,9.462553540328019,9.462553540328019,9.213388182993098,9.425519329268361,9.425519329268361,8.294060648934785,9.609081693309601,9.609081693309601,9.26149889050946,9.414225264253504,9.414225264253504,8.70841724884095,9.785072485307499,8.70841724884095,0.042705120984464884,8.493422396999545
S31N:I52S:T71S:S75F:Y106S,S31N:I52S:T71S:S75F:Y106S,5,9.507845246239981,9.510472159815796,9.510472159815796,9.507845246239981,9.510472159815796,9.510472159815796,9.425571415981558,9.370275214930885,9.370275214930885,8.783409927190519,9.329253134237401,9.329253134237401,9.340541126458728,9.279860930369287,9.279860930369287,8.891956766324999,9.497325062904807,9.497325062904807,9.394794029583457,9.308278347105912,9.308278347105912,8.730152041974188,9.414446188619474,8.730152041974188,0.906419676495716,8.797559959199628
N59A:S75F:T76S:S77N:S84N,N59A:S75F:T76S:S77N:S84N,5,9.38998062856491,9.424308944573998,9.424308944573998,9.38998062856491,9.424308944573998,9.424308944573998,9.219988734899339,9.38897808366989,9.38897808366989,8.563216006834796,9.154527822109216,9.154527822109216,9.253807212436303,9.433309221159663,9.433309221159663,7.819033965411432,8.91354025431641,8.91354025431641,9.256268659853959,9.415769817764614,9.415769817764614,8.273790077514242,9.178916082029307,8.273790077514242,0.15919434279203415,8.422864104607665
I52S:T57S:A58T:S77N,I52S:T57S:A58T:S77N,4,8.707641122464851,8.76257486595325,8.76257486595325,8.707641122464851,8.76257486595325,8.76257486595325,8.831317433871966,9.34379036438015,9.34379036438015,8.464897240314084,8.851793385768124,8.851793385768124,8.779093913513151,9.377474427116724,9.377474427116724,8.265712123326587,9.154557727397682,9.154557727397682,8.751534797243695,9.310875298395475,9.310875298395475,8.297030675882613,9.558004138842906,8.297030675882613,0.698979709064588,8.661203238851678
F29S:K74I:S75F:T76S:S77N,F29S:K74I:S75F:T76S:S77N,5,9.816787277812404,9.730852563896972,9.730852563896972,9.816787277812404,9.730852563896972,9.730852563896972,9.741914674609927,9.739105942826027,9.739105942826027,8.757901614800947,9.404619005521491,9.404619005521491,9.880041099188986,9.843164071603237,9.843164071603237,8.28367230672148,9.392148882451417,9.392148882451417,9.903386823403478,9.794589419611771,9.794589419611771,9.050533590893442,9.71981732377069,9.050533590893442,0.7967592582572252,8.73263273570473
S30N:I52S:T71S:S75F:Y106S,S30N:I52S:T71S:S75F:Y106S,5,9.332905270675068,9.36985142982853,9.36985142982853,9.332905270675068,9.36985142982853,9.36985142982853,9.403516997832837,9.43620824089497,9.43620824089497,8.779240111520977,9.318971478049418,9.318971478049418,9.354566467733292,9.355877321604476,9.355877321604476,8.832895441335147,9.453415074254279,9.453415074254279,9.346400480916962,9.363864129791368,9.363864129791368,8.641721910985455,9.335749797741714,8.641721910985455,0.9651101119816303,8.857305360645299
F29S:S30N:T71S:S75F,F29S:S30N:T71S:S75F,4,9.345344344996496,9.260524551149363,9.260524551149363,9.345344344996496,9.260524551149363,9.260524551149363,9.312326916131328,9.365066746979487,9.365066746979487,8.993005455421775,9.396342020574938,9.396342020574938,9.360358225165706,9.432451446675765,9.432451446675765,8.730313028801843,9.514074690581369,9.514074690581369,9.347439636877391,9.376890061775654,9.376890061775654,8.87641657516167,9.750065252123228,8.87641657516167,0.7061416110955179,8.719423796629862
T57S:N59A:S75F:R87T,T57S:N59A:S75F:R87T,4,9.390718363828476,9.594079724276256,9.594079724276256,9.390718363828476,9.594079724276256,9.594079724276256,9.323697499679774,9.583707991112568,9.583707991112568,9.008287184908038,9.53199637668272,9.53199637668272,9.401859717074347,9.532861307166064,9.532861307166064,9.041859011265746,9.803349970195846,9.803349970195846,9.427822928815539,9.509486506963347,9.509486506963347,8.884756628895289,9.898052738368515,8.884756628895289,0.9369299882091582,8.774282033099015
S31N:K74I:S75F:S77N,S31N:K74I:S75F:S77N,4,9.862048506590648,9.75199094984478,9.75199094984478,9.862048506590648,9.75199094984478,9.75199094984478,9.95165375526575,9.795535110557127,9.795535110557127,9.168778168853061,9.722740896124925,9.722740896124925,9.934892775126478,9.7604631628526,9.7604631628526,9.11274404344087,9.897985990532314,9.897985990532314,9.957667174810384,9.476513933519657,9.476513933519657,9.478413397110767,9.734605084913936,9.478413397110767,0.3337961765937507,8.826806093178025
A58T:T71S:S75F:S77N:Y106S,A58T:T71S:S75F:S77N:Y106S,5,9.023866104619632,9.164309167468385,9.164309167468385,9.023866104619632,9.164309167468385,9.164309167468385,9.055608091175422,9.279205713706668,9.279205713706668,8.683265572478055,9.192928023677498,9.192928023677498,9.111744416211387,9.331924663926,9.331924663926,8.372989284038342,9.16849159606726,9.16849159606726,9.161021157882812,9.365376029809736,9.365376029809736,8.36583270231126,9.212043859058266,8.36583270231126,0.11571784038096666,8.790997865426979
S30N:T71S:S75F:T76S,S30N:T71S:S75F:T76S,4,9.29875777660529,9.308525727146304,9.308525727146304,9.29875777660529,9.308525727146304,9.308525727146304,9.478912736388471,9.365403848767478,9.365403848767478,8.970047771076155,9.45994322525012,9.45994322525012,9.567688141297765,9.469604246564197,9.469604246564197,9.139968155255918,9.70715336927912,9.70715336927912,9.623796099428152,9.472823934808407,9.472823934808407,9.084880475958338,9.821672753232843,9.084880475958338,0.959250072017312,8.714808770269881
F29S:I52S:K74I:S77N:Y95F,F29S:I52S:K74I:S77N:Y95F,5,9.322820850308355,9.328097994465692,9.328097994465692,9.322820850308355,9.328097994465692,9.328097994465692,8.996339574069648,9.177859938024755,9.177859938024755,7.880573899514498,8.695510239506355,8.695510239506355,9.210463288686315,9.416358254054698,9.416358254054698,7.175902481105361,8.501285330721268,8.501285330721268,9.20714321167322,9.401110630373415,9.401110630373415,8.104557700651055,9.082727508999758,8.104557700651055,0.4572565807029605,8.746769607620864
S30N:S31N:I52S:S75F:Y106S,S30N:S31N:I52S:S75F:Y106S,5,9.713977497111959,9.658118441349027,9.658118441349027,9.713977497111959,9.658118441349027,9.658118441349027,9.480821823661717,9.442041506707962,9.442041506707962,8.658010847831552,9.23034217204289,9.23034217204289,9.34960351163735,9.34196487039288,9.34196487039288,8.880094544309996,9.54062421351952,9.54062421351952,9.39820945562649,9.317428251155908,9.317428251155908,8.69801993030493,9.378154190528534,8.69801993030493,0.36003984045237303,8.735642106910076
A58T:S75F:T76S:S84N:R87T,A58T:S75F:T76S:S84N:R87T,5,9.576173211496432,9.55470348024583,9.55470348024583,9.576173211496432,9.55470348024583,9.55470348024583,9.371579505685043,9.47867479214875,9.47867479214875,8.606805142522768,9.150330206057706,9.150330206057706,9.446597457221266,9.519691903416977,9.519691903416977,8.100663701947532,8.993755051675606,8.993755051675606,9.36678291202733,9.447971514477075,9.447971514477075,8.364312371378999,9.170373968356483,8.364312371378999,0.011958758113905787,8.804978554861817
F29S:I52S:T57S:A58T:S77N,F29S:I52S:T57S:A58T:S77N,5,8.0587753646226,8.186977081613467,8.186977081613467,8.0587753646226,8.186977081613467,8.186977081613467,8.058021740574944,8.44681558139412,8.44681558139412,7.506594308546376,8.020978815773406,8.020978815773406,8.078282820041013,8.694629574237792,8.694629574237792,6.631474344087874,7.746957248711088,7.746957248711088,8.104055328687142,8.67398383596031,8.67398383596031,7.211578304262897,8.382296286134101,7.211578304262897,0.8139699420426041,8.839411398859086
S75F:T76S:S84N:Y95F,S75F:T76S:S84N:Y95F,4,9.725070729220858,9.708570317380197,9.708570317380197,9.725070729220858,9.708570317380197,9.708570317380197,9.532354293931945,9.62218094322033,9.62218094322033,8.980417447054291,9.663357246560293,9.663357246560293,9.559533987995747,9.493059989343005,9.493059989343005,8.811751069657248,9.766910681792872,9.766910681792872,9.541137434253185,9.466670651135244,9.466670651135244,8.991418733730049,9.746368543282411,8.991418733730049,0.8262709525879472,8.628515305175807
S30N:S31N:I52S:S75F:S84N,S30N:S31N:I52S:S75F:S84N,5,10.070632504129854,9.961108777274216,9.961108777274216,10.070632504129854,9.961108777274216,9.961108777274216,9.770828467264572,9.725801416086512,9.725801416086512,8.812481706975348,9.46684095386946,9.46684095386946,9.625418737325855,9.57812996891103,9.57812996891103,8.401800904031589,9.445427889757516,9.445427889757516,9.665538270066248,9.492932323783139,9.492932323783139,8.760245826789095,9.423843349637044,8.760245826789095,0.4616973460651934,8.630800073595722
S31N:T71S:S75F:T76S:S77N,S31N:T71S:S75F:T76S:S77N,5,9.38310327274632,9.468500024699008,9.468500024699008,9.38310327274632,9.468500024699008,9.468500024699008,9.505928082760157,9.553169448886328,9.553169448886328,8.612898901419667,9.242498673283187,9.242498673283187,9.484897406807592,9.56321539654301,9.56321539654301,8.599260004391644,9.361122154620515,9.361122154620515,9.585008662349072,9.549710710643192,9.549710710643192,8.744559754494144,9.481803780538927,8.744559754494144,0.9546761913225055,8.531136318873848
S31N:I52S:S75F:T76S,S31N:I52S:S75F:T76S,4,9.811950453447121,9.660785004658864,9.660785004658864,9.811950453447121,9.660785004658864,9.660785004658864,9.65303436992726,9.478328883325469,9.478328883325469,9.133177323187594,9.68186484871997,9.68186484871997,9.616339282515767,9.351066231988337,9.351066231988337,9.182375514399244,9.901820878744715,9.901820878744715,9.679863831073707,9.355165006153802,9.355165006153802,9.233487344466555,9.816332037479745,9.233487344466555,0.3553529910277575,8.468261293615994
F29S:S30N:S31N:S75F:Y95F,F29S:S30N:S31N:S75F:Y95F,5,9.28897483389379,9.295746813029755,9.295746813029755,9.28897483389379,9.295746813029755,9.295746813029755,9.171990714574239,9.307636517436022,9.307636517436022,8.166860964416642,8.831693562861659,8.831693562861659,9.062576061279579,9.199283589936874,9.199283589936874,7.749115191239561,8.742477407486785,8.742477407486785,9.115826607924973,9.22120321940077,9.22120321940077,8.392343439971595,9.241726515469072,8.392343439971595,0.159725557314232,8.813719541853935
I52S:T57S:K74I:S75F:T76S,I52S:T57S:K74I:S75F:T76S,5,10.097892515855282,10.026733592712686,10.026733592712686,10.097892515855282,10.026733592712686,10.026733592712686,10.19382727985497,10.092669489764074,10.092669489764074,9.062104701359225,9.620605684862117,9.620605684862117,10.235376026361546,10.007914387217198,10.007914387217198,9.17106473222825,9.882781657090524,9.882781657090524,10.206510228434782,9.85689473460629,9.85689473460629,9.435188552786778,9.840693027004626,9.435188552786778,0.7283201683312654,8.9617558189197
I52S:S75F:T76S:S77N:Y106S,I52S:S75F:T76S:S77N:Y106S,5,9.365392576004076,9.344762074921478,9.344762074921478,9.365392576004076,9.344762074921478,9.344762074921478,9.346086992676964,9.311927619267312,9.311927619267312,8.422682825354595,9.176685669990434,9.176685669990434,9.420894913796765,9.379292219995937,9.379292219995937,8.407523049831676,9.30465865402413,9.30465865402413,9.343544188752201,9.30930404212286,9.30930404212286,8.52397176445203,9.271156582344139,8.52397176445203,0.40452939458191395,8.834979938115316
S31N:T71S:S75F:R87T,S31N:T71S:S75F:R87T,4,9.56688804203854,9.512647659329204,9.512647659329204,9.56688804203854,9.512647659329204,9.512647659329204,9.600984688206589,9.460338694984628,9.460338694984628,9.089415547071667,9.589433581590768,9.589433581590768,9.547342776627692,9.48963206454406,9.48963206454406,9.197226125304278,9.734065600335638,9.734065600335638,9.606549794232755,9.472973350223505,9.472973350223505,9.091830967916666,9.802409350697822,9.091830967916666,0.059061006642878056,8.7973011958551
S31N:A58T:S75F:S77N,S31N:A58T:S75F:S77N,4,9.502958032080027,9.462251834866974,9.462251834866974,9.502958032080027,9.462251834866974,9.462251834866974,9.529561831358116,9.57185407292787,9.57185407292787,9.076699693229255,9.564203875378908,9.564203875378908,9.376411809657949,9.438271264741712,9.438271264741712,8.921324782422849,9.760037822468417,9.760037822468417,9.453193794307072,9.45011208172391,9.45011208172391,8.998565288992804,9.777997176410285,8.998565288992804,0.0029242553282529116,8.839432178300296
I52S:T57S:A58T:Y95F,I52S:T57S:A58T:Y95F,4,8.657230133445005,8.787704440284406,8.787704440284406,8.657230133445005,8.787704440284406,8.787704440284406,8.74424834953205,8.969968996509596,8.969968996509596,8.509759902201127,8.946783938357317,8.946783938357317,8.680003783568491,9.039655835088453,9.039655835088453,8.569776265672854,9.68988562422192,9.68988562422192,8.679905768357077,9.272084006182434,9.272084006182434,8.355423173438778,9.763525930477838,8.355423173438778,0.09337252588011324,8.81771122406364
F29S:I52S:T57S:N59A:K74I,F29S:I52S:T57S:N59A:K74I,5,8.567329599313105,8.693663641051469,8.693663641051469,8.567329599313105,8.693663641051469,8.693663641051469,8.40739894134191,8.753196883324268,8.753196883324268,7.920153468491519,8.452082921935371,8.452082921935371,8.587816019810866,8.921693420487763,8.921693420487763,7.099734696496144,8.127023299431698,8.127023299431698,8.645669845444251,8.971278676541623,8.971278676541623,7.794467120823684,8.751057352250632,7.794467120823684,0.4087574686855078,8.87142611956093
S30N:S31N:A58T:S75F,S30N:S31N:A58T:S75F,4,9.472017961413053,9.484024643305691,9.484024643305691,9.472017961413053,9.484024643305691,9.484024643305691,9.467358079941576,9.527197634337194,9.527197634337194,9.136587812874245,9.53008940130135,9.53008940130135,9.38098130541315,9.486201390447297,9.486201390447297,9.192308418890859,9.71242176585513,9.71242176585513,9.482299867387773,9.37904642965577,9.37904642965577,9.034912980902781,9.804562188062896,9.034912980902781,0.864442812744528,8.749222484051357
S30N:A58T:S75F:S77N,S30N:A58T:S75F:S77N,4,9.42984894299703,9.451428330578182,9.451428330578182,9.42984894299703,9.451428330578182,9.451428330578182,9.510237923647376,9.605604521220815,9.605604521220815,9.222858382150005,9.620817992812025,9.620817992812025,9.417586932632638,9.491044504064842,9.491044504064842,8.98272976249769,9.866958348998505,9.866958348998505,9.415371679110875,9.440101126655582,9.440101126655582,9.011517934871323,9.840191981891671,9.011517934871323,0.7743260939605534,8.63747950154375
S31N:I52S:T71S:S75F,S31N:I52S:T71S:S75F,4,9.745628327927308,9.676351524628993,9.676351524628993,9.745628327927308,9.676351524628993,9.676351524628993,9.699483354713113,9.49347716635557,9.49347716635557,9.28727391092136,9.7211267887698,9.7211267887698,9.63449394793998,9.392183583003636,9.392183583003636,9.229940896456126,9.893870006949706,9.893870006949706,9.702522488897198,9.403749196112157,9.403749196112157,9.260555833841101,9.846258759202373,9.260555833841101,0.3179787015542388,8.400551006234746
I52S:T57S:A58T:T71S:S77N,I52S:T57S:A58T:T71S:S77N,5,8.379358716989218,8.553486901426293,8.553486901426293,8.379358716989218,8.553486901426293,8.553486901426293,8.491106706106192,8.819293371395727,8.819293371395727,7.983114944832518,8.439830394657493,8.439830394657493,8.527755282944632,8.950392956007212,8.950392956007212,7.559033127838982,8.410078771165367,8.410078771165367,8.528020565671,8.900368621107715,8.900368621107715,7.634205841080111,8.670339920985317,7.634205841080111,0.40318490797653794,8.747951678701074
S31N:S75F:S77N:Y95F,S31N:S75F:S77N:Y95F,4,9.588558962317979,9.547930434469516,9.547930434469516,9.588558962317979,9.547930434469516,9.547930434469516,9.586293470284774,9.665183503594125,9.665183503594125,8.992368327440897,9.600334033881182,9.600334033881182,9.539100293432782,9.481003156254802,9.481003156254802,8.898098017126225,9.815229809718417,9.815229809718417,9.58487210969813,9.459304156721347,9.459304156721347,9.05730740502389,9.794939907162817,9.05730740502389,0.7372207208536565,8.576694204903445
S31N:T71S:K74I:S75F,S31N:T71S:K74I:S75F,4,9.897057836482386,9.735258210926297,9.735258210926297,9.897057836482386,9.735258210926297,9.735258210926297,9.968284288834898,9.76998787414157,9.76998787414157,9.452809348899178,9.807823614760316,9.807823614760316,9.8963329059051,9.741523958487672,9.741523958487672,9.519461134776035,10.019762120427675,10.019762120427675,9.973234285952849,9.478166472556707,9.478166472556707,9.50322478171385,9.838220132420506,9.50322478171385,0.3452185858041048,8.477475654481307
S75F:T76S:S77N:Y95F:Y106S,S75F:T76S:S77N:Y95F:Y106S,5,9.220723172629937,9.344288007626607,9.344288007626607,9.220723172629937,9.344288007626607,9.344288007626607,9.196563464721043,9.337271991159218,9.337271991159218,8.452523146744797,9.231395182371868,9.231395182371868,9.27912770484857,9.433822159510488,9.433822159510488,8.488384472967706,9.341347069817822,9.341347069817822,9.24773803926842,9.378132068862197,9.378132068862197,8.445631184409608,9.320242815116105,8.445631184409608,0.9547764803282917,8.759737163674409
S30N:S31N:S75F:S77N:Y106S,S30N:S31N:S75F:S77N:Y106S,5,9.354318946775104,9.367769058394934,9.367769058394934,9.354318946775104,9.367769058394934,9.367769058394934,9.405637071733512,9.504204973070307,9.504204973070307,8.524845055415444,9.117286705525235,9.117286705525235,9.374953158733032,9.458087433703957,9.458087433703957,8.547959462050128,9.292951179595558,9.292951179595558,9.35977559190791,9.423316258001352,9.423316258001352,8.585669493520424,9.331921438708083,8.585669493520424,0.740630732383579,8.685978120893465
S30N:A58T:N59A:S75F:R87T,S30N:A58T:N59A:S75F:R87T,5,9.027030622930067,9.191972087029654,9.191972087029654,9.027030622930067,9.191972087029654,9.191972087029654,8.915068560958511,9.141248417621139,9.141248417621139,8.677673747406182,9.12605047687287,9.12605047687287,9.051347908680608,9.291751193435871,9.291751193435871,8.506189952143146,9.205884845388793,9.205884845388793,9.166981842924296,9.33965668570134,9.33965668570134,8.284495556586728,9.182145086095694,8.284495556586728,0.39610768132843077,8.763050618993242
A58T:N59A:K74I:S75F:S77N,A58T:N59A:K74I:S75F:S77N,5,9.540214512126507,9.570143538038684,9.570143538038684,9.540214512126507,9.570143538038684,9.570143538038684,9.38603764010791,9.503799029892487,9.503799029892487,9.185632959567945,9.619497429486836,9.619497429486836,9.397261315987866,9.50323025597798,9.50323025597798,8.514460318441516,9.424490626005545,9.424490626005545,9.497911535908877,9.508261531686257,9.508261531686257,8.62619780921761,9.386330005475156,8.62619780921761,0.836899378336966,8.557986065032377
S31N:T57S:S75F:S84N:Y106S,S31N:T57S:S75F:S84N:Y106S,5,9.63657027485694,9.67514067540572,9.67514067540572,9.63657027485694,9.67514067540572,9.67514067540572,9.489305967730994,9.579645599294565,9.579645599294565,8.78529652580686,9.442430832307998,9.442430832307998,9.407436822954683,9.542210643735128,9.542210643735128,8.561526877431753,9.392315037277914,9.392315037277914,9.364949275500923,9.444329707357818,9.444329707357818,8.607128672497366,9.390134068053003,8.607128672497366,0.4443384332116693,8.764277664724471
N59A:T71S:S75F:T76S:Y106S,N59A:T71S:S75F:T76S:Y106S,5,8.97509238898721,9.184714228447747,9.184714228447747,8.97509238898721,9.184714228447747,9.184714228447747,8.978543963736152,9.184875121089286,9.184875121089286,8.909847621829016,9.38647783068128,9.38647783068128,9.083309430712292,9.29006545130028,9.29006545130028,8.787586009653847,9.370245157883016,9.370245157883016,9.136309800049968,9.324407190513575,9.324407190513575,8.39132531774653,9.3062221573507,8.39132531774653,0.4836773588322103,8.732317277135046
T57S:N59A:T71S:S75F,T57S:N59A:T71S:S75F,4,9.280693410729885,9.484607190414588,9.484607190414588,9.280693410729885,9.484607190414588,9.484607190414588,9.256699692650148,9.47938228491681,9.47938228491681,9.16760987007263,9.602609468987703,9.602609468987703,9.365686035377024,9.412753950081866,9.412753950081866,9.173671948903797,9.776225387199451,9.776225387199451,9.397351883857327,9.42471639466672,9.42471639466672,8.893098466555212,9.85830187062809,8.893098466555212,0.5846198773942888,8.833462056897234
S30N:T71S:K74I:T76S:Y106S,S30N:T71S:K74I:T76S:Y106S,5,8.566613563909238,8.748264100454243,8.748264100454243,8.566613563909238,8.748264100454243,8.748264100454243,8.635534620752273,8.836566863272855,8.836566863272855,8.05693414939027,8.59822782479057,8.59822782479057,8.702697882698276,9.000255419151475,9.000255419151475,8.10250662897166,8.856745896202154,8.856745896202154,8.786527922411809,9.088907927093503,9.088907927093503,7.913371454686041,8.880112962517336,7.913371454686041,0.6948189230170101,8.750581485637513
T57S:T71S:S75F:T76S:R87T,T57S:T71S:S75F:T76S:R87T,5,9.486341786745466,9.551298116272369,9.551298116272369,9.486341786745466,9.551298116272369,9.551298116272369,9.514770866908048,9.591410992573637,9.591410992573637,8.875704771079901,9.352162528701484,9.352162528701484,9.486492655825923,9.570593561106305,9.570593561106305,8.945597540780346,9.54982542601025,9.54982542601025,9.538886736837242,9.602305977009625,9.602305977009625,8.640851529555938,9.428281024378169,8.640851529555938,0.6155758849345148,8.655525684845092
S31N:N59A:S75F:S84N:R87T,S31N:N59A:S75F:S84N:R87T,5,9.564803551434883,9.657079049180128,9.657079049180128,9.564803551434883,9.657079049180128,9.657079049180128,9.365232836065823,9.554722264597682,9.554722264597682,8.591507549793112,9.222874536623438,9.222874536623438,9.292801727048557,9.48148539435324,9.48148539435324,8.06894396706031,9.092918984120532,9.092918984120532,9.393979564681949,9.461092806700119,9.461092806700119,8.368312035954382,9.288524462035221,8.368312035954382,0.6992233071941882,8.552172694176276
N59A:T71S:S75F:S84N:Y106S,N59A:T71S:S75F:S84N:Y106S,5,9.133419577285878,9.25857563464216,9.25857563464216,9.133419577285878,9.25857563464216,9.25857563464216,8.961019629945657,9.221485593632133,9.221485593632133,8.759805677316729,9.31364458152928,9.31364458152928,9.042906265209874,9.310148647897286,9.310148647897286,8.145437731643176,9.067064974113928,9.067064974113928,9.094406411019332,9.353629945228807,9.353629945228807,8.259372876020697,9.135412705694769,8.259372876020697,0.2665279593784362,8.742466816744946
S30N:S31N:I52S:N59A:S75F,S30N:S31N:I52S:N59A:S75F,5,9.767182108087214,9.702776020196037,9.702776020196037,9.767182108087214,9.702776020196037,9.702776020196037,9.487713250822694,9.528104396822158,9.528104396822158,8.899743730641342,9.395398953376827,9.395398953376827,9.419393346236209,9.432459248683957,9.432459248683957,8.81321859744427,9.53389130372743,9.53389130372743,9.575361011756158,9.492551236390572,9.492551236390572,8.710295905115428,9.471268887364097,8.710295905115428,0.499778401106596,8.751861282378403
S30N:I52S:A58T:K74I:S77N,S30N:I52S:A58T:K74I:S77N,5,9.397914218456537,9.383612176390399,9.383612176390399,9.397914218456537,9.383612176390399,9.383612176390399,9.34783398659332,9.482546407170238,9.482546407170238,8.570270258176343,9.118758737135945,9.118758737135945,9.238092486465577,9.464531662043704,9.464531662043704,7.979121776233085,8.999002246674916,8.999002246674916,9.237011412767554,9.398104264820258,9.398104264820258,8.310674447519498,9.265575630678256,8.310674447519498,0.5002175176050514,8.656070614997352
T57S:N59A:S75F:S77N:Y106S,T57S:N59A:S75F:S77N:Y106S,5,8.933122792938976,9.096076680470729,9.096076680470729,8.933122792938976,9.096076680470729,9.096076680470729,8.845876008823259,9.072164069588887,9.072164069588887,8.34962003389179,8.967446555207427,8.967446555207427,9.082798859217537,9.282840270673526,9.282840270673526,8.212895148502362,9.064555712417281,9.064555712417281,9.05111693158545,9.249092802998751,9.249092802998751,8.209728555012324,9.14061887808747,8.209728555012324,0.8606334996875376,8.349033462336763
F29S:I52S:N59A:K74I:S84N,F29S:I52S:N59A:K74I:S84N,5,8.886145778118898,8.939788857527848,8.939788857527848,8.886145778118898,8.939788857527848,8.939788857527848,8.52176660968022,8.774991760184108,8.774991760184108,8.009558041499291,8.574243276583807,8.574243276583807,8.573820710500398,8.850395242604906,8.850395242604906,6.774685631736065,7.98690956194805,7.98690956194805,8.675924797316249,9.008637528924819,9.008637528924819,7.691310137648301,8.624502601303877,7.691310137648301,0.11252705659717321,8.760059558980368
N59A:S75F:T76S:S84N:Y106S,N59A:S75F:T76S:S84N:Y106S,5,9.188124336115536,9.245742663345718,9.245742663345718,9.188124336115536,9.245742663345718,9.245742663345718,9.020089643317034,9.203255266557736,9.203255266557736,8.659009895417118,9.220193286435459,9.220193286435459,9.151838293067785,9.367520948647899,9.367520948647899,8.164068596365919,9.037248291981893,9.037248291981893,9.093860944943001,9.322321839219606,9.322321839219606,8.273111752220158,9.12934748984656,8.273111752220158,0.4475103784352541,8.573971231190036
S30N:N59A:S75F:S77N:Y106S,S30N:N59A:S75F:S77N:Y106S,5,9.022036683948905,9.141586817373746,9.141586817373746,9.022036683948905,9.141586817373746,9.141586817373746,8.914503136447065,9.123894234182915,9.123894234182915,8.558003026127931,9.114929241651053,9.114929241651053,9.002428415089367,9.182479284588279,9.182479284588279,8.303425199539575,9.141427375094388,9.141427375094388,9.048325483153214,9.248988894148008,9.248988894148008,8.271057913622373,9.168781472690721,8.271057913622373,0.7450145231559873,8.712858191128655
S31N:I52S:T71S:K74I:S75F,S31N:I52S:T71S:K74I:S75F,5,10.340071307032595,10.254500211226452,10.254500211226452,10.340071307032595,10.254500211226452,10.254500211226452,10.290454444440387,10.035316629359743,10.035316629359743,9.298185050622914,9.693911167461199,9.693911167461199,10.156095784770214,9.837340175377983,9.837340175377983,9.24456905722843,9.86662074543981,9.86662074543981,10.262286946126656,9.802527791180589,9.802527791180589,9.518158259444125,9.879380424370881,9.518158259444125,0.44988788454793394,8.656031938849164
I52S:T57S:S75F:S77N:S84N,I52S:T57S:S75F:S77N:S84N,5,9.74698654965634,9.710467586506551,9.710467586506551,9.74698654965634,9.710467586506551,9.710467586506551,9.715104455175837,9.688469614936919,9.688469614936919,8.592262134142329,9.31024586870959,9.31024586870959,9.767967272292607,9.683294532742302,9.683294532742302,8.06033088512437,9.229805805318039,9.229805805318039,9.687168613854496,9.544641781924792,9.544641781924792,8.633193956083005,9.423364188784323,8.633193956083005,0.18458016333170235,8.820264652258972
I52S:S75F:T76S:S84N:Y106S,I52S:S75F:T76S:S84N:Y106S,5,9.49463752764732,9.412673750987068,9.412673750987068,9.49463752764732,9.412673750987068,9.412673750987068,9.3102587826991,9.28409866736742,9.28409866736742,8.448917927131754,9.177690818813659,9.177690818813659,9.373505224798144,9.359477246567645,9.359477246567645,8.306809607438957,9.262958507010076,9.262958507010076,9.28928039066613,9.277575638173776,9.277575638173776,8.513549147402573,9.232182171201423,8.513549147402573,0.6485740677453578,8.834283850477656
T71S:K74I:S75F:S84N,T71S:K74I:S75F:S84N,4,9.936922504659377,9.733209402565432,9.733209402565432,9.936922504659377,9.733209402565432,9.733209402565432,9.898258664908315,9.787951877125359,9.787951877125359,9.329976594532198,9.747955984802415,9.747955984802415,9.906283932176901,9.578893954940652,9.578893954940652,9.031102615460526,9.949799281132778,9.949799281132778,9.932244402374378,9.494767817901211,9.494767817901211,9.427794757697018,9.793093119664226,9.427794757697018,0.5978104714304209,8.469209951800483
I52S:T57S:A58T:R87T,I52S:T57S:A58T:R87T,4,8.734586045516629,8.96663378324677,8.96663378324677,8.734586045516629,8.96663378324677,8.96663378324677,8.775784636268005,9.096440262476289,9.096440262476289,8.538663894068256,9.050195685091973,9.050195685091973,8.784441544532218,9.15037342445263,9.15037342445263,8.42736247522609,9.570937041304616,9.570937041304616,8.775601224759187,9.199432900918687,9.199432900918687,8.305493249026027,9.591260002341743,8.305493249026027,0.6238977063912898,8.670002677757232
S31N:T71S:K74I:S77N:R87T,S31N:T71S:K74I:S77N:R87T,5,8.885077968628178,8.985877171012438,8.985877171012438,8.885077968628178,8.985877171012438,8.985877171012438,8.958935540230057,9.189817087143334,9.189817087143334,8.009482469136456,8.574669480497572,8.574669480497572,9.008405077757267,9.226555260400074,9.226555260400074,7.7465340088064885,8.610431783114304,8.610431783114304,9.054686417018502,9.202129427120562,9.202129427120562,8.065241164671695,8.941438124124021,8.065241164671695,0.5497298913542181,9.027685588897231
A58T:N59A:T71S:S75F,A58T:N59A:T71S:S75F,4,9.260374749877503,9.47624425353995,9.47624425353995,9.260374749877503,9.47624425353995,9.47624425353995,9.185013249690837,9.457208103808316,9.457208103808316,9.26922933111654,9.550557117109312,9.550557117109312,9.226711656146124,9.441074857001889,9.441074857001889,9.12845933852853,9.770660810346047,9.770660810346047,9.319663309347415,9.475084055488857,9.475084055488857,8.8297556525666,9.806718033661054,8.8297556525666,0.4938226311933249,8.97501564377414
S30N:I52S:T71S:S75F:R87T,S30N:I52S:T71S:S75F:R87T,5,9.72149408364418,9.73022562436299,9.73022562436299,9.72149408364418,9.73022562436299,9.73022562436299,9.770028147762169,9.72624420979191,9.72624420979191,8.918191644445468,9.393166627677674,9.393166627677674,9.73509551528614,9.67225453775694,9.67225453775694,8.733190618456806,9.47393795022284,9.47393795022284,9.724680900177637,9.589565879197645,9.589565879197645,8.815680908120376,9.480488203653348,8.815680908120376,0.5047077988274395,8.752967904648782
F29S:I52S:T71S:K74I:S77N,F29S:I52S:T71S:K74I:S77N,5,9.269210110108906,9.335515006681927,9.335515006681927,9.269210110108906,9.335515006681927,9.335515006681927,9.154006909882089,9.314203857235723,9.314203857235723,8.220564807400576,8.852410244560229,8.852410244560229,9.23080500723981,9.385383706031911,9.385383706031911,7.555954949794817,8.707385001705495,8.707385001705495,9.257446471247478,9.40405372736441,9.40405372736441,8.209809241495593,9.217192754211876,8.209809241495593,0.01158573292195797,8.752327362014789
A58T:S75F:S77N:R87T:Y95F,A58T:S75F:S77N:R87T:Y95F,5,9.48596005097052,9.476375287010796,9.476375287010796,9.48596005097052,9.476375287010796,9.476375287010796,9.289495112268021,9.425026039248536,9.425026039248536,8.579596899731836,9.186045686306203,9.186045686306203,9.347670837967788,9.453772525314147,9.453772525314147,8.287184568049959,9.231426714271965,9.231426714271965,9.271286119345067,9.364340654565055,9.364340654565055,8.36560476085882,9.254274199785664,8.36560476085882,0.8733510351739824,8.763948541175997
T57S:T71S:S75F:S77N,T57S:T71S:S75F:S77N,4,9.278525313987531,9.400910495250695,9.400910495250695,9.278525313987531,9.400910495250695,9.400910495250695,9.351974516401537,9.436447869545352,9.436447869545352,8.854791244753072,9.457107487560545,9.457107487560545,9.500973246241387,9.53477409664332,9.53477409664332,8.804712050803968,9.737345771763664,9.737345771763664,9.524302738203986,9.504869897273915,9.504869897273915,8.98436937156661,9.77480044194368,8.98436937156661,0.07262323843315244,8.309755270758922
F29S:S30N:I52S:T57S:K74I,F29S:S30N:I52S:T57S:K74I,5,9.083995784500733,9.062774191500955,9.062774191500955,9.083995784500733,9.062774191500955,9.062774191500955,8.937406621105033,9.130902499844263,9.130902499844263,8.203321703991769,8.861475730198721,8.861475730198721,9.024900607090894,9.221979141184605,9.221979141184605,7.691188076106621,8.742888828326238,8.742888828326238,9.17853718129599,9.40200462547532,9.40200462547532,8.24323328567522,9.235488369843468,8.24323328567522,0.6428778462577611,9.013283935677322
S31N:T71S:S75F:S77N,S31N:T71S:S75F:S77N,4,9.366550433941345,9.44324409996816,9.44324409996816,9.366550433941345,9.44324409996816,9.44324409996816,9.497314250545452,9.55756920823602,9.55756920823602,8.883594261099667,9.509474944166255,9.509474944166255,9.502403675145736,9.52828529107361,9.52828529107361,8.83414175597164,9.691231336896369,9.691231336896369,9.55830978620393,9.417388990842202,9.417388990842202,9.056709077208394,9.78385777143181,9.056709077208394,0.6616722107864916,8.647625381571302
S31N:N59A:S75F:S84N,S31N:N59A:S75F:S84N,4,9.461698878890479,9.488043496080758,9.488043496080758,9.461698878890479,9.488043496080758,9.488043496080758,9.391443043448632,9.532256461794743,9.532256461794743,8.957451989430663,9.526260324049973,9.526260324049973,9.322009043544366,9.459650025929001,9.459650025929001,8.647605334892324,9.664691582619632,9.664691582619632,9.396673355832837,9.476899512750595,9.476899512750595,8.845129387349257,9.750297035153343,8.845129387349257,0.908151179086417,8.616574547100637
S31N:S75F:S77N:Y106S,S31N:S75F:S77N:Y106S,4,9.340853350218618,9.413812839635208,9.413812839635208,9.340853350218618,9.413812839635208,9.413812839635208,9.385967010922673,9.461591963391145,9.461591963391145,8.805920188556406,9.503871202134611,9.503871202134611,9.423964909336718,9.417506701286912,9.417506701286912,8.856756079101348,9.666810439048533,9.666810439048533,9.424765814580098,9.39985767111722,9.39985767111722,8.99236282755311,9.705383062120625,8.99236282755311,0.007410951890051365,8.75998742975028
T57S:A58T:S75F:R87T:Y106S,T57S:A58T:S75F:R87T:Y106S,5,9.203161403304804,9.31359469829788,9.31359469829788,9.203161403304804,9.31359469829788,9.31359469829788,9.256841229963301,9.459327836469756,9.459327836469756,8.87640658482868,9.331076834190554,9.331076834190554,9.334739468478682,9.536450931570817,9.536450931570817,8.758113941146828,9.429292692602475,9.429292692602475,9.264424636241976,9.44378133826676,9.44378133826676,8.463860969621923,9.418047894400836,8.463860969621923,0.9888502266258001,8.76388822835226
S31N:A58T:S75F:R87T:Y106S,S31N:A58T:S75F:R87T:Y106S,5,9.318398479276285,9.341407663897737,9.341407663897737,9.318398479276285,9.341407663897737,9.341407663897737,9.291459907391621,9.37857355809205,9.37857355809205,8.690385258346572,9.166927764796279,9.166927764796279,9.286025145110022,9.402260672353329,9.402260672353329,8.72704231537323,9.353862701586385,9.353862701586385,9.33835876034392,9.398689835408852,9.398689835408852,8.451522678439668,9.334111921228997,8.451522678439668,0.270346999168396,8.853064138655675
S31N:A58T:S75F:S77N:Y95F,S31N:A58T:S75F:S77N:Y95F,5,9.561321212573933,9.55186290806636,9.55186290806636,9.561321212573933,9.55186290806636,9.55186290806636,9.478422558443386,9.606340621456761,9.606340621456761,8.797490457219673,9.324588579707445,9.324588579707445,9.27430611261601,9.416590554720733,9.416590554720733,8.547057289996408,9.33099832032229,9.33099832032229,9.36238003961133,9.43589495993352,9.43589495993352,8.515445808889258,9.317596161818841,8.515445808889258,0.9796145781874657,8.781900412170343
S31N:I52S:A58T:S75F:S77N,S31N:I52S:A58T:S75F:S77N,5,10.156228157816146,10.040708489661451,10.040708489661451,10.156228157816146,10.040708489661451,10.040708489661451,10.06937852387033,10.0533566857719,10.0533566857719,9.123338022491943,9.682939463963582,9.682939463963582,9.893664169214055,9.883705233679201,9.883705233679201,8.704114109774078,9.689278387479424,9.689278387479424,9.965152291586518,9.867420686077645,9.867420686077645,8.947293905004942,9.713051462083394,8.947293905004942,0.05807422148063779,8.591434702795404
S31N:A58T:S75F:S84N:R87T,S31N:A58T:S75F:S84N:R87T,5,9.616734568839943,9.581221628952072,9.581221628952072,9.616734568839943,9.581221628952072,9.581221628952072,9.429286591042617,9.519673918831911,9.519673918831911,8.665495568327838,9.125697394440067,9.125697394440067,9.393412565174343,9.51421445730886,9.51421445730886,8.193808193086749,9.010980719025655,9.010980719025655,9.461635484029054,9.49636833300298,9.49636833300298,8.467847729380926,9.220377035638915,8.467847729380926,0.5891172015108168,8.718390021802952
F29S:I52S:A58T:K74I:Y95F,F29S:I52S:A58T:K74I:Y95F,5,9.23309466159612,9.250162773922206,9.250162773922206,9.23309466159612,9.250162773922206,9.250162773922206,8.851867112232135,9.063007590558435,9.063007590558435,8.126744535390534,8.738055001551546,8.738055001551546,8.95066942345174,9.164517041646151,9.164517041646151,7.349680118581352,8.546945493371235,8.546945493371235,8.93862475444811,9.158457113418306,9.158457113418306,8.057336201373566,9.001338306349115,8.057336201373566,0.3787620991934091,8.573480044462752
N59A:T71S:S75F:R87T:Y95F,N59A:T71S:S75F:R87T:Y95F,5,9.323304398435097,9.436723753415862,9.436723753415862,9.323304398435097,9.436723753415862,9.436723753415862,9.218562065141102,9.43690923452311,9.43690923452311,8.85044970956728,9.327165015999036,9.327165015999036,9.294621216233496,9.464279801117367,9.464279801117367,8.742868428003868,9.384517863559175,9.384517863559175,9.323127917685229,9.42128389332727,9.42128389332727,8.468147348186912,9.319255630450868,8.468147348186912,0.2640298514161259,8.728030654797413
N59A:S75F:S84N:R87T,N59A:S75F:S84N:R87T,4,9.548020726059745,9.605603425769305,9.605603425769305,9.548020726059745,9.605603425769305,9.605603425769305,9.353358082186034,9.50441826551192,9.50441826551192,9.017265361343124,9.655247379858167,9.655247379858167,9.36212766336598,9.508331017939366,9.508331017939366,8.497658451010583,9.775123587268125,9.775123587268125,9.396781771993334,9.44304704321659,9.44304704321659,8.773193598925776,9.805091202041952,8.773193598925776,0.12917192233726382,8.292608588583644
F29S:S31N:I52S:N59A:K74I,F29S:S31N:I52S:N59A:K74I,5,8.89419502035717,8.967926413084095,8.967926413084095,8.89419502035717,8.967926413084095,8.967926413084095,8.685095400477639,8.885403091065198,8.885403091065198,7.901812817888328,8.467469595122925,8.467469595122925,8.625023411963582,8.834844978799966,8.834844978799966,7.186888473958355,8.220165154419078,8.220165154419078,8.754789385132787,8.999052761631377,8.999052761631377,7.932534263856883,8.871173304510902,7.932534263856883,0.9265051065012813,8.657249550916886
T57S:S75F:T76S:S84N:Y95F,T57S:S75F:T76S:S84N:Y95F,5,9.56005749729576,9.578180001214076,9.578180001214076,9.56005749729576,9.578180001214076,9.578180001214076,9.406550203489369,9.56857477635167,9.56857477635167,8.560445335181987,9.230812726738337,9.230812726738337,9.402350008311055,9.572495277660268,9.572495277660268,8.38854990633413,9.302629794805057,9.302629794805057,9.38565460402319,9.506724892657193,9.506724892657193,8.505493306846406,9.34542882284132,8.505493306846406,0.1098982747644186,8.822629551186159
F29S:T57S:S75F:S77N:Y95F,F29S:T57S:S75F:S77N:Y95F,5,8.900838928271254,8.984157969631989,8.984157969631989,8.900838928271254,8.984157969631989,8.984157969631989,8.84089381905679,9.072442316123345,9.072442316123345,7.886682872936933,8.584556906852766,8.584556906852766,8.98242271000798,9.188513987284953,9.188513987284953,7.247471409313922,8.3708012889961,8.3708012889961,8.988146845075347,9.181852461908568,9.181852461908568,8.097296241856352,8.959020346802767,8.097296241856352,0.5286035537719727,8.872051317327509
A58T:S75F:S84N:R87T:Y95F,A58T:S75F:S84N:R87T:Y95F,5,9.53623459956146,9.499263302180834,9.499263302180834,9.53623459956146,9.499263302180834,9.499263302180834,9.239736315807768,9.42169899196884,9.42169899196884,8.594345259735432,9.101624966858324,9.101624966858324,9.348738406026461,9.486770571850785,9.486770571850785,8.110492731682113,9.028946033094577,9.028946033094577,9.336219036827636,9.449980908287266,9.449980908287266,8.35687243047548,9.190482096318627,8.35687243047548,0.012026406824588776,8.772128291965368
T57S:K74I:S84N:Y106S,T57S:K74I:S84N:Y106S,4,8.990752937991793,9.059255999404371,9.059255999404371,8.990752937991793,9.059255999404371,9.059255999404371,8.864897909240746,9.125981886621263,9.125981886621263,8.604754998676434,9.364584642121415,9.364584642121415,8.87479666995318,9.132485394861158,9.132485394861158,8.373772339243933,9.350882472246774,9.350882472246774,8.841075864441594,9.17163931972811,9.17163931972811,8.45511013159445,9.384854995210194,8.45511013159445,0.20111294509842992,8.995561614638936
T57S:K74I:T76S:Y95F:Y106S,T57S:K74I:T76S:Y95F:Y106S,5,8.758096104873813,8.873874470189824,8.873874470189824,8.758096104873813,8.873874470189824,8.873874470189824,8.65602928005447,8.912041598499457,8.912041598499457,7.957655571099195,8.548751981121768,8.548751981121768,8.672696217686129,8.958966157767307,8.958966157767307,8.220563949723646,8.912069047479484,8.912069047479484,8.651406039165957,8.973715579666262,8.973715579666262,7.892726957130902,8.844512417836501,7.892726957130902,0.6883476520888507,8.753179395843492
F29S:S30N:I52S:K74I,F29S:S30N:I52S:K74I,4,9.504407648304023,9.182611577780786,9.182611577780786,9.504407648304023,9.182611577780786,9.182611577780786,9.24332948662618,9.170594315100928,9.170594315100928,8.877814172660297,9.675627940955955,9.675627940955955,9.300555071009494,9.286012100918683,9.286012100918683,8.456499397465313,9.815988547343741,9.815988547343741,9.396557830613354,9.409489946147636,9.409489946147636,8.82870318460829,9.824102950680329,8.82870318460829,0.33641102397814393,8.922352137234268
S31N:A58T:S75F:S77N:S84N,S31N:A58T:S75F:S77N:S84N,5,9.548579775420086,9.528040547374276,9.528040547374276,9.548579775420086,9.528040547374276,9.528040547374276,9.532842364015155,9.64257116761728,9.64257116761728,8.732260090979807,9.300178427568031,9.300178427568031,9.34796096574918,9.462843652820155,9.462843652820155,8.052473223795502,9.099731320380753,9.099731320380753,9.413707564625385,9.449484571425073,9.449484571425073,8.480399345989065,9.273379498849092,8.480399345989065,0.8136506676673889,8.478611472458642
S31N:S75F:T76S:S84N:Y95F,S31N:S75F:T76S:S84N:Y95F,5,9.866845973046479,9.81345541556173,9.81345541556173,9.866845973046479,9.81345541556173,9.81345541556173,9.606080728591953,9.654202567324946,9.654202567324946,8.680212907688752,9.329640212877822,9.329640212877822,9.529141348727807,9.599705295067356,9.599705295067356,8.469972577064876,9.299394941125268,9.299394941125268,9.56678304253469,9.553127084934701,9.553127084934701,8.673903994476326,9.403562190564204,8.673903994476326,0.4436281770467758,8.566738886964869
T57S:T71S:K74I:T76S:Y106S,T57S:T71S:K74I:T76S:Y106S,5,8.636013231925798,8.794551274901083,8.794551274901083,8.636013231925798,8.794551274901083,8.794551274901083,8.6593194112594,8.889179137449759,8.889179137449759,8.201983124392093,8.713166764686658,8.713166764686658,8.692443688541463,8.980780629514127,8.980780629514127,8.247638007570371,8.94553435281831,8.94553435281831,8.723303598146455,9.009626986931522,9.009626986931522,7.900093865252359,8.878272801725863,7.900093865252359,0.15989587362855673,8.574306235785148
S30N:I52S:T57S:K74I:S77N,S30N:I52S:T57S:K74I:S77N,5,9.151496128251695,9.162172994230207,9.162172994230207,9.151496128251695,9.162172994230207,9.162172994230207,9.238693347404748,9.30884024331268,9.30884024331268,8.144176551717463,8.79922206731757,8.79922206731757,9.27491382961296,9.378395671574715,9.378395671574715,7.894660780880297,8.883081177529116,8.883081177529116,9.250032133291551,9.337009208601295,9.337009208601295,8.266070753733345,9.171152588190397,8.266070753733345,0.1148956986144185,9.088180364231226
F29S:T57S:S75F:T76S:S77N,F29S:T57S:S75F:T76S:S77N,5,8.880858765801223,8.966703114234852,8.966703114234852,8.880858765801223,8.966703114234852,8.966703114234852,8.804529424776216,8.979449552208939,8.979449552208939,8.032838381007865,8.789721558624095,8.789721558624095,9.008650683584829,9.149563897556682,9.149563897556682,7.58315760165245,8.74109495067406,8.74109495067406,9.058420043794179,9.195014643318048,9.195014643318048,8.239902197441438,9.14009484852248,8.239902197441438,0.7574617362115532,8.806626392394584
F29S:I52S:K74I:S77N:R87T,F29S:I52S:K74I:S77N:R87T,5,9.266481569513369,9.380545330609285,9.380545330609285,9.266481569513369,9.380545330609285,9.380545330609285,9.05341245108517,9.302999854675885,9.302999854675885,8.084338941274215,8.905379902469715,8.905379902469715,9.301885526927787,9.506628131423913,9.506628131423913,7.243390238930178,8.712599498699348,8.712599498699348,9.238744676748704,9.403253282348697,9.403253282348697,8.106803427335564,9.225499639079564,8.106803427335564,0.039909711107611656,8.9808854662498
S31N:I52S:A58T:K74I:S77N,S31N:I52S:A58T:K74I:S77N,5,9.629836687928702,9.650782143183335,9.650782143183335,9.629836687928702,9.650782143183335,9.650782143183335,9.517090707543415,9.673417316865212,9.673417316865212,8.46113557797892,9.145292156845551,9.145292156845551,9.347457803953235,9.561097315832171,9.561097315832171,8.051674781251231,9.13983222161064,9.13983222161064,9.411434917491942,9.545234117786427,9.545234117786427,8.425631613989445,9.375519463883178,8.425631613989445,0.3661661767400801,8.745951357800056
S31N:S75F:T76S:Y95F:Y106S,S31N:S75F:T76S:Y95F:Y106S,5,9.4234000326753,9.429039949213875,9.429039949213875,9.4234000326753,9.429039949213875,9.429039949213875,9.361165231082062,9.383181577391758,9.383181577391758,8.631083309436388,9.191828513926762,9.191828513926762,9.350567950760068,9.46256431941596,9.46256431941596,8.993343343476369,9.491763879300274,9.491763879300274,9.376997474260465,9.447551119144284,9.447551119144284,8.646969110692812,9.437359088202145,8.646969110692812,0.5204860814847052,8.6823901111133
S30N:I52S:T57S:A58T,S30N:I52S:T57S:A58T,4,8.55954786324227,8.791468421737632,8.791468421737632,8.55954786324227,8.791468421737632,8.791468421737632,8.753722272265962,9.144138114338244,9.144138114338244,8.607011732352671,9.014343424136214,9.014343424136214,8.671898105466704,9.095726381061628,9.095726381061628,8.5400008080867,9.559178404426314,9.559178404426314,8.725470697137412,9.284219167637882,9.284219167637882,8.32838034851071,9.588013909234991,8.32838034851071,0.8138857437297702,8.448056200430939
F29S:T71S:S75F:T76S,F29S:T71S:S75F:T76S,4,9.26181900192018,9.294664909211757,9.294664909211757,9.26181900192018,9.294664909211757,9.294664909211757,9.173502461356547,9.228390240949972,9.228390240949972,9.030152466688715,9.472460445400948,9.472460445400948,9.222605729590267,9.32383576872801,9.32383576872801,8.804597193349776,9.67285345768822,9.67285345768822,9.244169266013275,9.315028433243567,9.315028433243567,8.90969058115423,9.660040836673932,8.90969058115423,0.4242464127019048,8.894463138371046
F29S:S30N:T71S:S75F:R87T,F29S:S30N:T71S:S75F:R87T,5,9.212413464543465,9.247262043350727,9.247262043350727,9.212413464543465,9.247262043350727,9.247262043350727,9.173806841744208,9.328691836170655,9.328691836170655,8.496495629418241,9.048237745172669,9.048237745172669,9.262210653089456,9.36999918579892,9.36999918579892,8.038860492328215,8.999873766901699,8.999873766901699,9.236981219914172,9.309831647498104,9.309831647498104,8.34596517818222,9.200827508084913,8.34596517818222,0.7511131234932691,8.588572550314128
F29S:S31N:S75F:S84N:R87T,F29S:S31N:S75F:S84N:R87T,5,9.332701642807836,9.31541781399074,9.31541781399074,9.332701642807836,9.31541781399074,9.31541781399074,9.08750281107636,9.227973810255321,9.227973810255321,8.242949859881984,8.953649302613117,8.953649302613117,8.979650474146194,9.160576278877478,9.160576278877478,7.452703417313533,8.706904798483624,8.706904798483624,9.052133835143968,9.186988751993418,9.186988751993418,8.192642056440539,9.115195671597267,8.192642056440539,0.6399750667624176,8.629505251912686
I52S:A58T:K74I:T76S,I52S:A58T:K74I:T76S,4,9.452299122033866,9.467799334939132,9.467799334939132,9.452299122033866,9.467799334939132,9.467799334939132,9.4220170874988,9.551225493367209,9.551225493367209,8.885382709180519,9.418443608706966,9.418443608706966,9.407977959108175,9.538563795793548,9.538563795793548,8.72955558313801,9.80433966091929,9.80433966091929,9.408657339861552,9.542928801310854,9.542928801310854,8.87112772082992,9.786175100826535,8.87112772082992,0.49842436518520117,8.710148949100304
I52S:N59A:K74I:T76S:S84N,I52S:N59A:K74I:T76S:S84N,5,9.293749980223115,9.312789664797815,9.312789664797815,9.293749980223115,9.312789664797815,9.312789664797815,9.061028431554195,9.246578797195367,9.246578797195367,8.372631974017938,8.922717253127475,8.922717253127475,9.055506347639321,9.251780690777561,9.251780690777561,7.656688610005893,8.697628148177296,8.697628148177296,9.056625550732875,9.283194298603664,9.283194298603664,8.171720467607523,9.00833961948853,8.171720467607523,0.8733418034389615,8.587639712200648
I52S:A58T:K74I:S77N:R87T,I52S:A58T:K74I:S77N:R87T,5,9.439334331779989,9.449194062187297,9.449194062187297,9.439334331779989,9.449194062187297,9.449194062187297,9.25411473958454,9.396279078800717,9.396279078800717,8.297460034246258,8.881673280709027,8.881673280709027,9.350335115760135,9.466925497388395,9.466925497388395,7.714101058838113,8.75631348993013,8.75631348993013,9.272198399222376,9.364876203035841,9.364876203035841,8.24467020530619,9.226310833180602,8.24467020530619,0.6802139785140753,8.880217013819843
S31N:T57S:A58T:S75F:S84N,S31N:T57S:A58T:S75F:S84N,5,9.68941873010817,9.704453630564045,9.704453630564045,9.68941873010817,9.704453630564045,9.704453630564045,9.624351521821007,9.698852058671974,9.698852058671974,9.147680332504267,9.555174820463959,9.555174820463959,9.388719697660642,9.520534984879577,9.520534984879577,8.489002692348794,9.260746221257188,9.260746221257188,9.43564606060981,9.444617488312659,9.444617488312659,8.599051506037167,9.305138905043224,8.599051506037167,0.5701435143128037,8.840570229227959
S75F:R87T:Y95F:Y106S,S75F:R87T:Y95F:Y106S,4,9.442465461013859,9.453933840033567,9.453933840033567,9.442465461013859,9.453933840033567,9.453933840033567,9.480964465571784,9.596846933440634,9.596846933440634,9.03068310960464,9.66885446744203,9.66885446744203,9.493669131615471,9.54892440461667,9.54892440461667,9.126620483590624,9.799520673960252,9.799520673960252,9.421101232947755,9.480619199075898,9.480619199075898,9.007216644730372,9.832249539940259,9.007216644730372,0.5861389772035182,8.78947632165563
S31N:A58T:N59A:T71S:S75F,S31N:A58T:N59A:T71S:S75F,5,9.206305573980439,9.32622953591233,9.32622953591233,9.206305573980439,9.32622953591233,9.32622953591233,9.162981619249202,9.332721659435391,9.332721659435391,8.981450713032752,9.360052700320724,9.360052700320724,9.066360096511625,9.304901713947002,9.304901713947002,8.86830500541383,9.41703170328626,9.41703170328626,9.254854247628803,9.391283441459985,9.391283441459985,8.358546986319123,9.264946701686888,8.358546986319123,0.9412560295313597,8.732763314925013
S31N:A58T:S75F:R87T:Y95F,S31N:A58T:S75F:R87T:Y95F,5,9.533316151810174,9.491577589694444,9.491577589694444,9.533316151810174,9.491577589694444,9.491577589694444,9.433171616575496,9.48943247851284,9.48943247851284,8.76083074400557,9.193804104105014,9.193804104105014,9.35839384541211,9.419059371673997,9.419059371673997,8.838428915017507,9.398466595419496,9.398466595419496,9.398859769945693,9.422285290328048,9.422285290328048,8.540263022071631,9.315472369667008,8.540263022071631,0.5381548558361828,8.874995745674605
A58T:S75F:R87T:Y95F:Y106S,A58T:S75F:R87T:Y95F:Y106S,5,9.200981353931287,9.243999787640321,9.243999787640321,9.200981353931287,9.243999787640321,9.243999787640321,9.13622788080909,9.313693708966749,9.313693708966749,8.704597768472327,9.168581264892525,9.168581264892525,9.235335702212106,9.41941254215959,9.41941254215959,8.688378736768012,9.334136459855575,9.334136459855575,9.16989719533378,9.358404795615835,9.358404795615835,8.378674735395162,9.262873136991072,8.378674735395162,0.7699952921830118,8.958400494222097
S31N:A58T:S75F:T76S:S84N,S31N:A58T:S75F:T76S:S84N,5,9.531634035791651,9.494058847704611,9.494058847704611,9.531634035791651,9.494058847704611,9.494058847704611,9.461857213320247,9.570263800810675,9.570263800810675,8.687865971879164,9.216708417966615,9.216708417966615,9.38437968773556,9.509636957443128,9.509636957443128,8.327419189668275,9.140002121108525,9.140002121108525,9.415714391317529,9.456364165483205,9.456364165483205,8.5138284841603,9.214998146781209,8.5138284841603,0.14024778245948255,8.652037939091162
S31N:N59A:S75F:Y95F,S31N:N59A:S75F:Y95F,4,9.482963900483433,9.497743810335592,9.497743810335592,9.482963900483433,9.497743810335592,9.497743810335592,9.423845543303386,9.542570641336194,9.542570641336194,9.109042164385947,9.508000755747656,9.508000755747656,9.388926453677113,9.456339864345804,9.456339864345804,9.246530441822118,9.691616689357874,9.691616689357874,9.45292306569706,9.441805751072028,9.441805751072028,9.013242479969232,9.822742166642973,9.013242479969232,0.3782357689924538,9.113062757926969
F29S:T57S:T71S:S75F:S84N,F29S:T57S:T71S:S75F:S84N,5,9.227217843771976,9.267053893947988,9.267053893947988,9.227217843771976,9.267053893947988,9.267053893947988,8.983377197458827,9.19533999048553,9.19533999048553,8.563205421968338,9.101858244138015,9.101858244138015,8.94253211417788,9.114626238378579,9.114626238378579,7.702510951253112,8.902992877612784,8.902992877612784,9.004231777541383,9.08188327605922,9.08188327605922,8.15507223462199,8.974439780541633,8.15507223462199,0.48667943617329,8.909399585136073
I52S:A58T:T71S:K74I:Y106S,I52S:A58T:T71S:K74I:Y106S,5,9.180488654809347,9.291535939865168,9.291535939865168,9.180488654809347,9.291535939865168,9.291535939865168,9.026637892453147,9.222120648252876,9.222120648252876,8.59460263942405,9.061334733161543,9.061334733161543,9.009852631483627,9.235405629468183,9.235405629468183,8.239291853421939,9.041700585956676,9.041700585956676,9.054663142938386,9.280403711712435,9.280403711712435,8.188919508980781,9.126881355938242,8.188919508980781,0.4697462394833565,8.690907811574895
S31N:I52S:S75F:R87T,S31N:I52S:S75F:R87T,4,9.949021051246902,9.873467745482865,9.873467745482865,9.949021051246902,9.873467745482865,9.873467745482865,9.752255883537126,9.40588621905401,9.40588621905401,9.189870203833081,9.756359972927628,9.756359972927628,9.68847416265632,9.346556737180435,9.346556737180435,9.115449484557054,9.922183243683437,9.922183243683437,9.710142631551555,9.342422131082879,9.342422131082879,9.225952255456201,9.74684768654451,9.225952255456201,0.8102263957262039,8.78949188604262
I52S:T57S:S75F:T76S:Y106S,I52S:T57S:S75F:T76S:Y106S,5,9.222419937570182,9.20795452282274,9.20795452282274,9.222419937570182,9.20795452282274,9.20795452282274,9.334737765089796,9.411486118358027,9.411486118358027,8.540321994140577,9.192914833750619,9.192914833750619,9.39932374562032,9.435409137907794,9.435409137907794,8.822255304273938,9.504169412229183,9.504169412229183,9.338879344785214,9.363104228415198,9.363104228415198,8.619894232176367,9.36045744025361,8.619894232176367,0.6414639018476009,8.951450606719392
F29S:S30N:I52S:A58T:K74I,F29S:S30N:I52S:A58T:K74I,5,9.199945358494547,9.167379344372067,9.167379344372067,9.199945358494547,9.167379344372067,9.167379344372067,8.893601416515693,9.015360355700508,9.015360355700508,8.405175388930834,9.000020199109517,9.000020199109517,8.932831126895596,9.15999453835765,9.15999453835765,7.553071108350571,8.688449407996005,8.688449407996005,9.070799666703595,9.269633100860252,9.269633100860252,8.143628189435352,9.100248436373636,8.143628189435352,0.16739360708743334,8.489119581329845
S31N:I52S:T57S:A58T:R87T,S31N:I52S:T57S:A58T:R87T,5,8.921312109618851,9.10690389218699,9.10690389218699,8.921312109618851,9.10690389218699,9.10690389218699,8.847953191759538,9.10824868250511,9.10824868250511,8.31531580540492,8.83324019067603,8.83324019067603,8.664505939742885,8.97267831248135,8.97267831248135,8.077934747515425,8.977453365995714,8.977453365995714,8.71650653525865,9.037252894932903,9.037252894932903,7.788485478189266,8.86806522939171,7.788485478189266,0.16513302316889167,8.872217440322107
I52S:T57S:A58T:T76S:S77N,I52S:T57S:A58T:T76S:S77N,5,8.363737403295952,8.396281339224545,8.396281339224545,8.363737403295952,8.396281339224545,8.396281339224545,8.506396547484389,8.826913063149545,8.826913063149545,7.859650951038829,8.321724933209255,8.321724933209255,8.49496370712293,8.837743685936402,8.837743685936402,7.644613073026639,8.497188860146013,8.497188860146013,8.453486033684865,8.795295664637678,8.795295664637678,7.592132871867776,8.65002892005759,7.592132871867776,0.15965495049022138,8.788882108316596
I52S:T57S:K74I:T76S:S84N,I52S:T57S:K74I:T76S:S84N,5,9.336447671831085,9.359130463261815,9.359130463261815,9.336447671831085,9.359130463261815,9.359130463261815,9.251454010551539,9.407341797869696,9.407341797869696,8.164056088461198,8.904768627951626,8.904768627951626,9.204859534571602,9.366678577481045,9.366678577481045,7.912159977297554,8.984158565519184,8.984158565519184,9.19707392513509,9.315693881903874,9.315693881903874,8.329167557230502,9.098340762437847,8.329167557230502,0.5357149760238826,9.038838532194704
I52S:A58T:K74I:S84N:Y95F,I52S:A58T:K74I:S84N:Y95F,5,9.552978667884123,9.58506889813069,9.58506889813069,9.552978667884123,9.58506889813069,9.58506889813069,9.174001087301185,9.364531494013596,9.364531494013596,8.41255025413866,9.059389880342087,9.059389880342087,9.207681342411885,9.409128206857163,9.409128206857163,7.781720749153909,8.917750512017392,8.917750512017392,9.257599756819173,9.38029921527742,9.38029921527742,8.249542766228663,9.136653598186003,8.249542766228663,0.14550993544980884,8.574593265536066
S31N:I52S:T57S:A58T:T76S,S31N:I52S:T57S:A58T:T76S,5,8.70049274359176,8.86623078513506,8.86623078513506,8.70049274359176,8.86623078513506,8.86623078513506,8.79685494310175,9.155642262141615,9.155642262141615,8.231162663355427,8.725558079991615,8.725558079991615,8.579143773662143,8.996827718730293,8.996827718730293,8.162686323466303,8.973803791928662,8.973803791928662,8.629361887707518,8.957557984629789,8.957557984629789,7.800057117215731,8.865620221654618,7.800057117215731,0.2798306730110198,8.687753832409374
S30N:S31N:S75F:R87T:Y95F,S30N:S31N:S75F:R87T:Y95F,5,9.718457988596597,9.67850976181854,9.67850976181854,9.718457988596597,9.67850976181854,9.67850976181854,9.73188274708778,9.78222201549173,9.78222201549173,8.74441848600126,9.273794316865494,9.273794316865494,9.650975050992853,9.636867201868641,9.636867201868641,8.942744923300872,9.558106292364421,9.558106292364421,9.654398334958834,9.639275107982481,9.639275107982481,8.775996622967215,9.532140989728147,8.775996622967215,0.736769758630544,8.662835909698083
S30N:I52S:T57S:K74I:Y95F,S30N:I52S:T57S:K74I:Y95F,5,9.182823370243371,9.227586509936266,9.227586509936266,9.182823370243371,9.227586509936266,9.227586509936266,9.13502793722265,9.269010835669578,9.269010835669578,8.259568476170898,8.848009659418022,8.848009659418022,9.167573138234609,9.285278231329416,9.285278231329416,8.299616405547768,9.139761789574539,9.139761789574539,9.216086271024613,9.280946245980287,9.280946245980287,8.319059610032646,9.197460530752098,8.319059610032646,0.4310062467120588,8.970608169244993
F29S:S31N:K74I:S75F,F29S:S31N:K74I:S75F,4,9.751134016596325,9.573136654372039,9.573136654372039,9.751134016596325,9.573136654372039,9.573136654372039,9.778626546257723,9.412436027606256,9.412436027606256,9.13288484927906,9.660839583221183,9.660839583221183,9.690162588994374,9.516838344948226,9.516838344948226,8.906675588138102,9.859654272904375,9.859654272904375,9.762583485660606,9.457505378876851,9.457505378876851,9.373016005961642,9.766637532918669,9.373016005961642,0.6137793518137187,8.77606412107948
S30N:S31N:N59A:S75F:R87T,S30N:S31N:N59A:S75F:R87T,5,9.427353953905765,9.52715146154842,9.52715146154842,9.427353953905765,9.52715146154842,9.52715146154842,9.314189052135537,9.483590914603488,9.483590914603488,8.595345535689807,9.15756303934157,9.15756303934157,9.287651049966646,9.448271314597447,9.448271314597447,8.702234955184519,9.415971459908077,9.415971459908077,9.436927938159112,9.498981221063037,9.498981221063037,8.516286901549915,9.350374457814107,8.516286901549915,0.022367156110703945,8.69891239736213
A58T:N59A:T71S:S75F:R87T,A58T:N59A:T71S:S75F:R87T,5,9.146831094119749,9.32024564798265,9.32024564798265,9.146831094119749,9.32024564798265,9.32024564798265,8.966845978345747,9.217644032374789,9.217644032374789,8.819593773302515,9.247229428314958,9.247229428314958,9.087321444762312,9.321870543781715,9.321870543781715,8.549289780822189,9.278852824192985,9.278852824192985,9.218437478113108,9.363957819646366,9.363957819646366,8.25678721816489,9.205189765132735,8.25678721816489,0.10756271937862039,8.789101124667086
F29S:S30N:T57S:K74I:S77N,F29S:S30N:T57S:K74I:S77N,5,8.183448756411945,8.281470667963811,8.281470667963811,8.183448756411945,8.281470667963811,8.281470667963811,8.169620834528368,8.40240748366987,8.40240748366987,7.554711188053169,8.204376402277797,8.204376402277797,8.355822627601215,8.606349157495105,8.606349157495105,6.822885582772189,7.918595588825357,7.918595588825357,8.488340276240121,8.821696831113508,8.821696831113508,7.624336555175234,8.68894112511111,7.624336555175234,0.20319444849155843,8.926786497084812
S30N:T71S:K74I:R87T:Y95F,S30N:T71S:K74I:R87T:Y95F,5,8.74700453669723,8.860631807778221,8.860631807778221,8.74700453669723,8.860631807778221,8.860631807778221,8.862232091644804,9.023872219476225,9.023872219476225,8.076031114668782,8.559061111273728,8.559061111273728,8.923154825958294,9.095566692602267,9.095566692602267,8.041799469157393,8.753960799935857,8.753960799935857,8.900969619549167,9.069835003456019,9.069835003456019,7.995718122063383,8.891193407312336,7.995718122063383,0.29655874939635396,8.937121322682279
S31N:N59A:S75F:S84N:Y106S,S31N:N59A:S75F:S84N:Y106S,5,9.283876944275804,9.372459347596411,9.372459347596411,9.283876944275804,9.372459347596411,9.372459347596411,9.119280457758991,9.347461463824017,9.347461463824017,8.587042402497046,9.193680017484871,9.193680017484871,9.13781521582475,9.362414549533169,9.362414549533169,8.249532437300287,9.138681613024964,9.138681613024964,9.192706125519862,9.387842024533366,9.387842024533366,8.356658808556581,9.22329760469535,8.356658808556581,0.3203896249178797,8.66265676892241
I52S:A58T:N59A:K74I:S84N,I52S:A58T:N59A:K74I:S84N,5,9.16652988537143,9.26625262539838,9.26625262539838,9.16652988537143,9.26625262539838,9.26625262539838,8.999830245305471,9.226078432912024,9.226078432912024,8.56897237815095,9.032852482507684,9.032852482507684,8.970392192309971,9.240456683458639,9.240456683458639,7.566934647833883,8.580779183536453,8.580779183536453,9.048264351399625,9.225275598805096,9.225275598805096,8.056569562270425,8.896073259417413,8.056569562270425,0.7528313240036368,8.29183460595405
T71S:S75F:R87T:Y106S,T71S:S75F:R87T:Y106S,4,9.354369797316163,9.466668651433597,9.466668651433597,9.354369797316163,9.466668651433597,9.466668651433597,9.43620156798353,9.54475093770243,9.54475093770243,9.017437033954703,9.660861887781495,9.660861887781495,9.411311289293856,9.506464846280247,9.506464846280247,9.038582645642654,9.765792776970676,9.765792776970676,9.405064466106088,9.44309717944846,9.44309717944846,8.946794736327542,9.835237076275812,8.946794736327542,0.05270608747377992,8.816444372858424
S75F:T76S:S84N:Y106S,S75F:T76S:S84N:Y106S,4,9.43141214109863,9.359190193274667,9.359190193274667,9.43141214109863,9.359190193274667,9.359190193274667,9.341128701857492,9.386804391801265,9.386804391801265,8.877982432967894,9.73082984502559,9.73082984502559,9.424012552520468,9.48280923989776,9.48280923989776,8.813339716880941,9.819129705527954,9.819129705527954,9.35736515303608,9.437240297246829,9.437240297246829,8.910345655253078,9.721682063197584,8.910345655253078,0.33244128874503076,8.893422828140395
I52S:T71S:S75F:R87T,I52S:T71S:S75F:R87T,4,9.709192157758592,9.766699853345186,9.766699853345186,9.709192157758592,9.766699853345186,9.766699853345186,9.658596105151124,9.528906787184138,9.528906787184138,9.242777086417997,9.691246528248882,9.691246528248882,9.678395288483829,9.539311731571187,9.539311731571187,9.064286197681735,9.9049254815763,9.9049254815763,9.697860726736387,9.474171151659437,9.474171151659437,9.199633467843054,9.802922825719774,9.199633467843054,0.21640601567924023,9.006824937092196
I52S:T57S:A58T:S77N:Y95F,I52S:T57S:A58T:S77N:Y95F,5,8.472433913867503,8.516155862322991,8.516155862322991,8.472433913867503,8.516155862322991,8.516155862322991,8.436967701868538,8.709339743737571,8.709339743737571,7.830823273520603,8.342358023532718,8.342358023532718,8.421428173868833,8.749965659283335,8.749965659283335,7.616532486626658,8.549068059921447,8.549068059921447,8.418237931159663,8.800344355741819,8.800344355741819,7.582858568629852,8.674234131379382,7.582858568629852,0.8254017266444862,8.73490942611356
I52S:A58T:K74I:S84N:Y106S,I52S:A58T:K74I:S84N:Y106S,5,9.269698166468272,9.283336513251013,9.283336513251013,9.269698166468272,9.283336513251013,9.283336513251013,9.026181578994688,9.190985361944712,9.190985361944712,8.329149328893688,8.993342471319172,8.993342471319172,9.033546881825274,9.257241149563386,9.257241149563386,7.833889909094937,8.901931043078898,8.901931043078898,9.033706536771994,9.267154084572924,9.267154084572924,8.165321541161953,9.038706203264558,8.165321541161953,0.3113786643370986,8.537106101025767
F29S:S30N:S75F:S84N,F29S:S30N:S75F:S84N,4,9.456446750603394,9.3241369280399,9.3241369280399,9.456446750603394,9.3241369280399,9.3241369280399,9.16140103920043,9.310686074554607,9.310686074554607,8.884935368241925,9.682130307672038,9.682130307672038,9.18544400804409,9.291472416612288,9.291472416612288,8.35228645157111,9.843451259205272,9.843451259205272,9.275853259384867,9.389903569236846,9.389903569236846,8.76462121204794,9.788270244152592,8.76462121204794,0.9907145029865205,8.947892054509193
T57S:K74I:T76S:S84N:R87T,T57S:K74I:T76S:S84N:R87T,5,9.099260377336648,9.159184793268095,9.159184793268095,9.099260377336648,9.159184793268095,9.159184793268095,8.943251691961793,9.178245903548936,9.178245903548936,8.079113664911139,8.683268326077043,8.683268326077043,8.886386362978929,9.108693744594525,9.108693744594525,7.738362139121577,8.655364721197369,8.655364721197369,8.88886822154638,9.07010043838443,9.07010043838443,8.002366542424175,8.83045222636974,8.002366542424175,0.5646709501743317,8.877215583168446
F29S:S30N:T71S:S75F:T76S,F29S:S30N:T71S:S75F:T76S,5,9.11467500361614,9.130650064838264,9.130650064838264,9.11467500361614,9.130650064838264,9.130650064838264,9.023535479052399,9.086420169002848,9.086420169002848,8.448898299499364,8.924020125108278,8.924020125108278,9.151349842575485,9.24413889260798,9.24413889260798,8.182481999131475,8.942741897507206,8.942741897507206,9.23158926360124,9.338507591852016,9.338507591852016,8.445127772619754,9.21121794915574,8.445127772619754,0.32484988449141383,8.574016765264068
T57S:A58T:N59A:T71S:S75F,T57S:A58T:N59A:T71S:S75F,5,9.083780406449801,9.280031789994071,9.280031789994071,9.083780406449801,9.280031789994071,9.280031789994071,9.054553959591312,9.280086285953951,9.280086285953951,9.167367990038489,9.503524828225158,9.503524828225158,9.116165539280024,9.292638043577547,9.292638043577547,8.902497413725433,9.457893050475636,9.457893050475636,9.186561758469391,9.305425923557356,9.305425923557356,8.370629347082378,9.298973733317018,8.370629347082378,0.4696323275566101,8.64880355680866
I52S:A58T:N59A:K74I:S77N,I52S:A58T:N59A:K74I:S77N,5,9.172301154746702,9.311500007643776,9.311500007643776,9.172301154746702,9.311500007643776,9.311500007643776,8.963065194723711,9.218192206124582,9.218192206124582,8.422681601523834,8.928101186750872,8.928101186750872,8.975491189491706,9.263057531199541,9.263057531199541,7.762983755222924,8.752415249795451,8.752415249795451,9.043304919406115,9.278972333549648,9.278972333549648,8.086188765258882,9.074007482151679,8.086188765258882,0.346369759645313,8.60087568495581
F29S:S30N:S31N:T71S:K74I,F29S:S30N:S31N:T71S:K74I,5,8.709593539196227,8.789378702941008,8.789378702941008,8.709593539196227,8.789378702941008,8.789378702941008,8.619482482859063,8.759865707016388,8.759865707016388,8.015679996203707,8.479321147739686,8.479321147739686,8.485939478172515,8.774434108871535,8.774434108871535,7.529626274822811,8.354266052706159,8.354266052706159,8.588341508932782,8.83288533124798,8.83288533124798,7.853927583391942,8.75602068055518,7.853927583391942,0.6762321444693953,9.0192382410604
F29S:S30N:K74I:S84N,F29S:S30N:K74I:S84N,4,8.759384143770284,8.708315119286459,8.708315119286459,8.759384143770284,8.708315119286459,8.708315119286459,8.48956692546435,8.581096203809718,8.581096203809718,8.433961759680411,8.997066769378515,8.997066769378515,8.53047282434821,8.782407529742091,8.782407529742091,7.860291092467218,8.946446121614787,8.946446121614787,8.69108363022167,9.08147228097325,9.08147228097325,8.302974237829087,9.49158133454842,8.302974237829087,0.6129982792772353,9.026976544213559
S30N:N59A:S75F:S77N,S30N:N59A:S75F:S77N,4,9.326305772660527,9.426554217946114,9.426554217946114,9.326305772660527,9.426554217946114,9.426554217946114,9.239771551919274,9.448434542706854,9.448434542706854,8.93358856246199,9.55967053759785,9.55967053759785,9.272890232803828,9.403382199763831,9.403382199763831,8.745811690879567,9.871368861377237,9.871368861377237,9.33308542625281,9.441276335755864,9.441276335755864,8.838379227108142,9.851320279701671,8.838379227108142,0.2940930554177612,9.042107037690622
I52S:T57S:S75F:R87T:Y106S,I52S:T57S:S75F:R87T:Y106S,5,9.615243275317122,9.686773617040213,9.686773617040213,9.615243275317122,9.686773617040213,9.686773617040213,9.588403286439295,9.609080444829482,9.609080444829482,8.753820292515082,9.377283403162647,9.377283403162647,9.563499775833215,9.551197599626295,9.551197599626295,8.795497615617824,9.578074531163812,9.578074531163812,9.456441145006176,9.422644217553994,9.422644217553994,8.706508875663223,9.445135060194293,8.706508875663223,0.6345977575983852,9.120032539352868
S31N:I52S:N59A:K74I:R87T,S31N:I52S:N59A:K74I:R87T,5,9.312283153085643,9.40552228786247,9.40552228786247,9.312283153085643,9.40552228786247,9.40552228786247,9.122599185569168,9.306317307006363,9.306317307006363,8.342520437790407,8.869599330851537,8.869599330851537,9.072696515978892,9.210766615746993,9.210766615746993,8.13706449315864,9.013784856874015,9.013784856874015,9.201394032576765,9.260830414237095,9.260830414237095,8.311893048016579,9.232352568080005,8.311893048016579,0.2725584509316832,8.819689358147368
F29S:S30N:T71S:S75F:S84N,F29S:S30N:T71S:S75F:S84N,5,9.363127720352217,9.283762197266102,9.283762197266102,9.363127720352217,9.283762197266102,9.283762197266102,9.097443163898324,9.199049338932408,9.199049338932408,8.513045049135915,9.084424976136122,9.084424976136122,9.07576095060553,9.21114281673719,9.21114281673719,7.771550851053991,8.899369025206905,8.899369025206905,9.147004561107787,9.240373259218892,9.240373259218892,8.254807337735777,9.106520303272816,8.254807337735777,0.13798232865519822,8.65466744420839
S31N:T71S:S75F:T76S:S84N,S31N:T71S:S75F:T76S:S84N,5,9.646983761783302,9.573728869419925,9.573728869419925,9.646983761783302,9.573728869419925,9.573728869419925,9.568224080312756,9.567365552539552,9.567365552539552,8.74594157900038,9.329939652237744,9.329939652237744,9.488173140337038,9.597975659476585,9.597975659476585,8.492694169852843,9.316578181412446,9.316578181412446,9.572437136161811,9.5394802599863,9.5394802599863,8.706886660889666,9.36518711962344,8.706886660889666,0.6591046587564051,8.514297117556948
F29S:I52S:T57S:K74I:S84N,F29S:I52S:T57S:K74I:S84N,5,9.191018713005144,9.228072121663828,9.228072121663828,9.191018713005144,9.228072121663828,9.228072121663828,8.94057782640406,9.11939540957281,9.11939540957281,8.178207875664555,8.90708304833553,8.90708304833553,8.923667574479094,9.20784023868312,9.20784023868312,7.424021575913448,8.673312147743596,8.673312147743596,9.030915851412598,9.24585199125986,9.24585199125986,8.11272299729942,9.08165466532414,8.11272299729942,0.11952747916802764,9.03629884192784
S31N:K74I:S84N:R87T:Y95F,S31N:K74I:S84N:R87T:Y95F,5,9.303976762263384,9.29312501351632,9.29312501351632,9.303976762263384,9.29312501351632,9.29312501351632,9.055809357567188,9.257880121793718,9.257880121793718,8.160064806418314,8.782621375261998,8.782621375261998,8.996752348407117,9.17544343440679,9.17544343440679,7.81944211621556,8.757993441042682,8.757993441042682,9.090268146605423,9.258045058671126,9.258045058671126,8.128458226351164,8.990034962361314,8.128458226351164,0.10488698608241975,8.748198924896675
I52S:A58T:K74I:R87T:Y106S,I52S:A58T:K74I:R87T:Y106S,5,9.172536899129513,9.260902843752353,9.260902843752353,9.172536899129513,9.260902843752353,9.260902843752353,9.021228115117209,9.257742002195126,9.257742002195126,8.29064350851933,8.874709476676642,8.874709476676642,9.08100218526793,9.345218516544346,9.345218516544346,8.016393667564756,8.90137367155052,8.90137367155052,9.052090372050538,9.32523902145603,9.32523902145603,8.15193451982555,9.149396070368567,8.15193451982555,0.8677489431574941,8.772945841345866
N59A:S75F:T76S:S77N:R87T,N59A:S75F:T76S:S77N:R87T,5,9.53882164539004,9.639126015500878,9.639126015500878,9.53882164539004,9.639126015500878,9.639126015500878,9.276193073861219,9.416521681224458,9.416521681224458,8.682473276087997,9.286479244087964,9.286479244087964,9.303877516059783,9.444445460017228,9.444445460017228,8.218265367762266,9.186879079252957,9.186879079252957,9.288363255427246,9.416718427331313,9.416718427331313,8.352870869950376,9.234959783266254,8.352870869950376,0.045914544723927975,8.550622156110013
I52S:N59A:K74I:S84N,I52S:N59A:K74I:S84N,4,9.286630706379048,9.27768200439909,9.27768200439909,9.286630706379048,9.27768200439909,9.27768200439909,9.167319409786797,9.334768249673441,9.334768249673441,8.810287366102102,9.252834184375619,9.252834184375619,9.133434957024237,9.304133189315811,9.304133189315811,8.24300507424704,9.223173633273904,9.223173633273904,9.161403874776317,9.320821415432572,9.320821415432572,8.643754864751843,9.435779499279647,8.643754864751843,0.2605247865431011,8.798633980528908
S31N:A58T:S75F:T76S:S77N,S31N:A58T:S75F:T76S:S77N,5,9.41012008617132,9.363083555778475,9.363083555778475,9.41012008617132,9.363083555778475,9.363083555778475,9.472035740521475,9.515865945588265,9.515865945588265,8.699549201340083,9.251013498913911,9.251013498913911,9.345009764633675,9.44467288650326,9.44467288650326,8.589514221216117,9.360419960199966,9.360419960199966,9.398388005738548,9.464494552115413,9.464494552115413,8.583166427361952,9.400401292973521,8.583166427361952,0.6898590347263962,8.734714032036443
S31N:I52S:K74I:S84N:Y95F,S31N:I52S:K74I:S84N:Y95F,5,9.793471012467643,9.727995620448471,9.727995620448471,9.793471012467643,9.727995620448471,9.727995620448471,9.367829874117945,9.474565150390124,9.474565150390124,8.339648145718431,9.060920128255741,9.060920128255741,9.289504477152281,9.37907953901967,9.37907953901967,7.973260981386818,9.01381929785865,9.01381929785865,9.387803002563343,9.398457518095082,9.398457518095082,8.431881727391032,9.203807680422274,8.431881727391032,0.5784932735841721,8.634064970566904
T71S:S75F:T76S:S77N:S84N,T71S:S75F:T76S:S77N:S84N,5,9.418867670832896,9.450406058436299,9.450406058436299,9.418867670832896,9.450406058436299,9.450406058436299,9.437195223298838,9.491283149624142,9.491283149624142,8.503750570376601,9.21497049758541,9.21497049758541,9.437877078298586,9.508210816880213,9.508210816880213,8.060312671085045,9.188593331774817,9.188593331774817,9.501510542760597,9.531310815655532,9.531310815655532,8.560022525107403,9.337296958882392,8.560022525107403,0.1289369179867208,8.477411365573891
I52S:A58T:T71S:K74I:R87T,I52S:A58T:T71S:K74I:R87T,5,9.261268220862508,9.416646101928936,9.416646101928936,9.261268220862508,9.416646101928936,9.416646101928936,9.140233443735971,9.360678041432028,9.360678041432028,8.511034302315387,9.018632741431162,9.018632741431162,9.219945822132365,9.421529393415751,9.421529393415751,8.07338060896676,9.030888645457013,9.030888645457013,9.290434921710396,9.430620779621046,9.430620779621046,8.314153006830827,9.276779949780813,8.314153006830827,0.47880779625847936,8.819917404896938
S30N:I52S:A58T:K74I:T76S,S30N:I52S:A58T:K74I:T76S,5,9.148835848536315,9.204375557316704,9.204375557316704,9.148835848536315,9.204375557316704,9.204375557316704,9.136640193887736,9.295758659080764,9.295758659080764,8.364248136373492,8.870677121459194,8.870677121459194,9.16233913724608,9.353339916537644,9.353339916537644,8.148879440952491,9.013222319932865,9.013222319932865,9.241841130109306,9.364366743091955,9.364366743091955,8.30587303226222,9.168429094239912,8.30587303226222,0.7354188445024192,8.572140779077776
S30N:S75F:S77N:R87T:Y95F,S30N:S75F:S77N:R87T:Y95F,5,9.623212508474715,9.632508993858016,9.632508993858016,9.623212508474715,9.632508993858016,9.632508993858016,9.663564367016424,9.753259723752238,9.753259723752238,8.621114074020753,9.276899788683197,9.276899788683197,9.663173702626679,9.685006140659256,9.685006140659256,8.388443931044732,9.343474241868451,9.343474241868451,9.53267998380357,9.56656612060625,9.56656612060625,8.576518833849565,9.432054379832882,8.576518833849565,0.8592151273041964,8.82460000360844
S30N:A58T:N59A:S75F:T76S,S30N:A58T:N59A:S75F:T76S,5,8.799307032196136,9.04633386764791,9.04633386764791,8.799307032196136,9.04633386764791,9.04633386764791,8.813808389449985,9.083449980807897,9.083449980807897,8.681722023281576,9.151782999850289,9.151782999850289,8.97153427120283,9.199404547169905,9.199404547169905,8.620042056618558,9.201821850485556,9.201821850485556,9.088299772420141,9.278172515528496,9.278172515528496,8.28935810521987,9.184524783249492,8.28935810521987,0.7407844685949385,8.65581829703036
S30N:N59A:S75F:T76S:S84N,S30N:N59A:S75F:T76S:S84N,5,9.29590529788257,9.375304546769733,9.375304546769733,9.29590529788257,9.375304546769733,9.375304546769733,9.08798415293553,9.242053917761684,9.242053917761684,8.572505961367481,9.181558879843946,9.181558879843946,9.201513750014529,9.340665860540103,9.340665860540103,8.03589960361203,8.98754068379303,8.98754068379303,9.259181621192702,9.390565495912037,9.390565495912037,8.32468395012113,9.211302955534611,8.32468395012113,0.16726886783726513,8.443444906570054
T57S:K74I:T76S:S77N:Y106S,T57S:K74I:T76S:S77N:Y106S,5,8.554612807760039,8.703459972854771,8.703459972854771,8.554612807760039,8.703459972854771,8.703459972854771,8.581061410227461,8.803975768773721,8.803975768773721,7.754660369729316,8.506250291669284,8.506250291669284,8.730491003670222,8.959457802331027,8.959457802331027,7.79931277179107,8.635663806309624,8.635663806309624,8.676594705170622,8.96066916313218,8.96066916313218,7.851389752676307,8.820857176908556,7.851389752676307,0.14689169265329838,8.634378515054454
A58T:N59A:S75F:T76S:S84N,A58T:N59A:S75F:T76S:S84N,5,9.172651814536264,9.294217401162793,9.294217401162793,9.172651814536264,9.294217401162793,9.294217401162793,9.065196636837172,9.287167834015847,9.287167834015847,8.780101908584909,9.2493413550666,9.2493413550666,9.131535724086888,9.365208052516959,9.365208052516959,8.040658404937812,8.823052762943405,8.823052762943405,9.123899492632775,9.331671854090649,9.331671854090649,8.190835312620457,8.988779090820586,8.190835312620457,0.7429590278770775,8.545179686165314
S31N:T57S:T71S:S75F:Y106S,S31N:T57S:T71S:S75F:Y106S,5,9.453332694919684,9.577364706596358,9.577364706596358,9.453332694919684,9.577364706596358,9.577364706596358,9.47537166023117,9.569410505450312,9.569410505450312,9.021838638269779,9.552902077930613,9.552902077930613,9.41397197061792,9.530009897349924,9.530009897349924,9.092035126116139,9.626246058063124,9.626246058063124,9.42370576643922,9.5089701703337,9.5089701703337,8.634197953435379,9.527482100033673,8.634197953435379,0.9706028529908508,8.525134693367342
F29S:S31N:I52S:T71S:K74I,F29S:S31N:I52S:T71S:K74I,5,9.4985372409238,9.508991390956158,9.508991390956158,9.4985372409238,9.508991390956158,9.508991390956158,9.330990642524066,9.36893569121367,9.36893569121367,8.510651286736602,9.038648420584227,9.038648420584227,9.113779370817975,9.236285647385705,9.236285647385705,8.003589651147696,8.95838565514882,8.95838565514882,9.186886902990851,9.312943672379989,9.312943672379989,8.37924453065629,9.266898123806717,8.37924453065629,0.6453988929279149,8.608810040652697
S31N:T57S:K74I:R87T,S31N:T57S:K74I:R87T,4,9.145823120808451,9.265539995713162,9.265539995713162,9.145823120808451,9.265539995713162,9.265539995713162,9.194733792400086,9.333784393339037,9.333784393339037,8.769182477593615,9.521385706057671,9.521385706057671,9.138460299705622,9.26258534354731,9.26258534354731,8.782770316766342,9.731834631904432,9.731834631904432,9.218399301682034,9.330205799276806,9.330205799276806,8.697753205001673,9.718614586336937,8.697753205001673,0.7949503036215901,8.58424061163603
F29S:S75F:S84N:R87T,F29S:S75F:S84N:R87T,4,9.334698062031348,9.270835378667416,9.270835378667416,9.334698062031348,9.270835378667416,9.270835378667416,9.084462463885327,9.252883699167969,9.252883699167969,8.816600709510624,9.670911243979686,9.670911243979686,9.170704272798037,9.234706874491488,9.234706874491488,8.217130325414926,9.90358276214256,9.90358276214256,9.18957486849823,9.267670029274706,9.267670029274706,8.625896586215072,9.66905652108718,8.625896586215072,0.08240597485564649,8.782954167859524
S30N:I52S:K74I:S84N:R87T,S30N:I52S:K74I:S84N:R87T,5,9.465811945565198,9.456641373503132,9.456641373503132,9.465811945565198,9.456641373503132,9.456641373503132,9.27347507766034,9.358036715812375,9.358036715812375,8.242431281637511,8.973276248481337,8.973276248481337,9.216163490435223,9.331723898718202,9.331723898718202,7.697201469836791,8.877075329692733,8.877075329692733,9.228249571629563,9.299712221691916,9.299712221691916,8.31642551119952,9.239339619597821,8.31642551119952,0.13567430572584271,8.844578458680285
T71S:S75F:T76S:R87T:Y106S,T71S:S75F:T76S:R87T:Y106S,5,9.311263127618671,9.41038280237145,9.41038280237145,9.311263127618671,9.41038280237145,9.41038280237145,9.405481640015363,9.519765730240161,9.519765730240161,8.72855301088991,9.297911333641876,9.297911333641876,9.313325301858779,9.433972913636106,9.433972913636106,8.755839174199819,9.407128572176482,9.407128572176482,9.316782446615985,9.422854465539237,9.422854465539237,8.497860750825874,9.362833002052893,8.497860750825874,0.6046644751913846,8.752702489076187
S31N:T71S:K74I:T76S:Y106S,S31N:T71S:K74I:T76S:Y106S,5,9.010043372284127,9.167789860433455,9.167789860433455,9.010043372284127,9.167789860433455,9.167789860433455,8.949585417864409,9.139208680380206,9.139208680380206,8.267707971777625,8.895809421679921,8.895809421679921,8.902911678267586,9.179542932122422,9.179542932122422,8.446372341270163,9.22579049303771,9.22579049303771,8.983809056072928,9.224758764640773,9.224758764640773,8.132628077778518,9.175760590851185,8.132628077778518,0.7242480153217912,8.951308357739201
I52S:K74I:R87T:Y95F,I52S:K74I:R87T:Y95F,4,9.44008855743991,9.437212951469498,9.437212951469498,9.44008855743991,9.437212951469498,9.437212951469498,9.255142440245514,9.372733059355559,9.372733059355559,8.671747786349172,9.221296195492354,9.221296195492354,9.374933348193657,9.448568206858095,9.448568206858095,8.598905219439676,9.472326268538913,9.472326268538913,9.344627175899868,9.361151851124065,9.361151851124065,8.843565122044486,9.77671710326662,8.843565122044486,0.7865176368504763,8.63632822333868
S75F:S77N:R87T:Y95F,S75F:S77N:R87T:Y95F,4,9.593541288110792,9.614599084526356,9.614599084526356,9.593541288110792,9.614599084526356,9.614599084526356,9.533054193225093,9.64264005592153,9.64264005592153,8.930906354196965,9.742924477378248,9.742924477378248,9.594406869053431,9.639274665837492,9.639274665837492,8.758647291247962,9.893530436319072,9.893530436319072,9.517599559257526,9.499640012401844,9.499640012401844,8.94460458259153,9.830707918510415,8.94460458259153,0.2576719862408936,8.510060760950703
K74I:T76S:S84N:Y95F,K74I:T76S:S84N:Y95F,4,9.382094408604795,9.495514796537377,9.495514796537377,9.382094408604795,9.495514796537377,9.495514796537377,9.081859764882962,9.492250984753012,9.492250984753012,8.51916075230992,9.616778693641574,9.616778693641574,9.082031399746036,9.275752394665831,9.275752394665831,8.341963299910708,9.755904612764144,9.755904612764144,9.08922742077544,9.254194554249139,9.254194554249139,8.565132429053714,9.567905913853755,8.565132429053714,0.7582345202099532,8.688270399327319
I52S:K74I:T76S:R87T:Y106S,I52S:K74I:T76S:R87T:Y106S,5,9.324739352538176,9.364143083755572,9.364143083755572,9.324739352538176,9.364143083755572,9.364143083755572,9.186423816757067,9.346667928329156,9.346667928329156,8.140486752414363,8.889168301314788,8.889168301314788,9.089941778607177,9.269879993319224,9.269879993319224,8.129566305827034,9.021571901612555,9.021571901612555,9.022676132712434,9.214146557867611,9.214146557867611,8.214064240587927,9.032421151705291,8.214064240587927,0.8699902794323862,9.021728805358967
T57S:K74I:S77N:Y95F,T57S:K74I:S77N:Y95F,4,8.908607978865406,8.945880730223259,8.945880730223259,8.908607978865406,8.945880730223259,8.945880730223259,8.803008875764894,8.969375620513718,8.969375620513718,8.350493894743286,9.077709824236695,9.077709824236695,8.884446671585575,9.037338104949201,9.037338104949201,8.226427258721777,9.15363202222489,9.15363202222489,8.905158644351173,9.124895263808954,9.124895263808954,8.387480144138134,9.29461107139113,8.387480144138134,0.8590138670988381,9.021448351921126
F29S:S31N:S75F:T76S:S84N,F29S:S31N:S75F:T76S:S84N,5,9.351375337488655,9.330874529352075,9.330874529352075,9.351375337488655,9.330874529352075,9.330874529352075,9.049936009422312,9.150739631038753,9.150739631038753,8.218086715464915,8.954360988180788,8.954360988180788,8.933325163184671,9.158846926719775,9.158846926719775,7.6265144828667255,8.82692523205153,8.82692523205153,9.023065129921525,9.150781795820789,9.150781795820789,8.321805241789635,9.151751982846864,8.321805241789635,0.6200408085715026,8.479743184144743
I52S:A58T:N59A:T71S:K74I,I52S:A58T:N59A:T71S:K74I,5,9.125623302682559,9.321665856884001,9.321665856884001,9.125623302682559,9.321665856884001,9.321665856884001,8.965045243982184,9.2198266177907,9.2198266177907,8.834170778005536,9.212859730931749,9.212859730931749,8.973933512500835,9.21880917210244,9.21880917210244,8.195674547353786,9.016333138818165,9.016333138818165,9.089846856631258,9.287552771297987,9.287552771297987,8.181660777501158,9.145435880273626,8.181660777501158,0.09762143064290285,8.4394769884761
S30N:I52S:T57S:K74I:T76S,S30N:I52S:T57S:K74I:T76S,5,9.015530839196165,9.104011412079025,9.104011412079025,9.015530839196165,9.104011412079025,9.104011412079025,9.11515132819129,9.30442555922974,9.30442555922974,8.097496410385288,8.688615690972943,8.688615690972943,9.143465409491156,9.328558118458632,9.328558118458632,8.22923385138173,9.04952902514422,9.04952902514422,9.254389416702692,9.358745715647162,9.358745715647162,8.338536073003409,9.189783506376099,8.338536073003409,0.23076469940133393,8.961865675482624
S31N:T57S:N59A:S75F,S31N:T57S:N59A:S75F,4,9.451208181268049,9.631363367415528,9.631363367415528,9.451208181268049,9.631363367415528,9.631363367415528,9.437489728740958,9.626070986382455,9.626070986382455,9.063157611073393,9.543127239814144,9.543127239814144,9.389531883914879,9.543015690496894,9.543015690496894,9.232313501634039,9.736422101372868,9.736422101372868,9.453765670596404,9.542122696865748,9.542122696865748,8.966188613269045,9.869927110465182,8.966188613269045,0.6364164804108441,8.67898768184207
S30N:S31N:I52S:K74I:S77N,S30N:S31N:I52S:K74I:S77N,5,9.615845552402721,9.581294923286489,9.581294923286489,9.615845552402721,9.581294923286489,9.581294923286489,9.495368935188361,9.565192519667761,9.565192519667761,8.290034388999016,8.962982241448989,8.962982241448989,9.382638496492982,9.497570431808194,9.497570431808194,8.009339867413459,9.0351846846493,9.0351846846493,9.387721107578798,9.406122990634257,9.406122990634257,8.4212629150243,9.279622344656458,8.4212629150243,0.5199777148663998,9.104054266058071
S31N:S75F:R87T:Y106S,S31N:S75F:R87T:Y106S,4,9.527470987186925,9.528108383336889,9.528108383336889,9.527470987186925,9.528108383336889,9.528108383336889,9.5530838336558,9.570760312614913,9.570760312614913,8.963785735518712,9.63395251015996,9.63395251015996,9.505727769284846,9.53180735425616,9.53180735425616,9.147030763041123,9.790170697039793,9.790170697039793,9.510857433644961,9.423966086794566,9.423966086794566,9.05586445182558,9.826012940182238,9.05586445182558,0.992105474229902,8.655427010879587
I52S:T57S:K74I:R87T:Y95F,I52S:T57S:K74I:R87T:Y95F,5,9.267314710739273,9.301597674698902,9.301597674698902,9.267314710739273,9.301597674698902,9.301597674698902,9.122112262240103,9.221244385750971,9.221244385750971,8.24409261579356,8.795534082370946,8.795534082370946,9.214698192451808,9.290514011458587,9.290514011458587,8.234242503857743,9.056390214277716,9.056390214277716,9.214661235033383,9.296526209435159,9.296526209435159,8.356029033420832,9.223854264506583,8.356029033420832,0.2519543746020645,8.788982450801907
I52S:N59A:K74I:S84N:R87T,I52S:N59A:K74I:S84N:R87T,5,9.234414397993685,9.304869418472373,9.304869418472373,9.234414397993685,9.304869418472373,9.304869418472373,8.976213805918606,9.169511393933496,9.169511393933496,8.284004746863403,8.883842499604812,8.883842499604812,8.983479528095824,9.171053387640889,9.171053387640889,7.415988283338496,8.533409511709246,8.533409511709246,9.039369686839246,9.18897591446154,9.18897591446154,8.07703952536172,8.982730541685712,8.07703952536172,0.4711199451703578,8.808734396613888
S30N:T57S:K74I:S77N:Y95F,S30N:T57S:K74I:S77N:Y95F,5,8.685626058201104,8.765384299054483,8.765384299054483,8.685626058201104,8.765384299054483,8.765384299054483,8.69504741619059,8.874766531771293,8.874766531771293,7.92388778258327,8.5082122681176,8.5082122681176,8.76700639999206,8.973493678354998,8.973493678354998,7.704975409329593,8.501979245359104,8.501979245359104,8.788419750068668,9.029005992037078,9.029005992037078,7.856385763425886,8.769861463610155,7.856385763425886,0.7415071940049529,8.975739020813043
S31N:I52S:T57S:K74I:Y95F,S31N:I52S:T57S:K74I:Y95F,5,9.676367031310951,9.693526737802905,9.693526737802905,9.676367031310951,9.693526737802905,9.693526737802905,9.44032033014719,9.527596102396396,9.527596102396396,8.555706698691349,9.135701877375563,9.135701877375563,9.301986702526477,9.337784383289963,9.337784383289963,8.558897238957787,9.353488113996914,9.353488113996914,9.378813829718284,9.390948057198253,9.390948057198253,8.520745486361395,9.355927410676117,8.520745486361395,0.40492520458064973,8.769158533226037
F29S:S30N:S75F:T76S:R87T,F29S:S30N:S75F:T76S:R87T,5,9.218081169782533,9.304086430646795,9.304086430646795,9.218081169782533,9.304086430646795,9.304086430646795,9.01192910120193,9.216637725399597,9.216637725399597,8.288571302895821,8.964543265013642,8.964543265013642,9.197768186363218,9.30267578002139,9.30267578002139,7.873795567027531,8.958211339541696,8.958211339541696,9.233923884464673,9.420187889830398,9.420187889830398,8.379702671931964,9.278158377734396,8.379702671931964,0.12292847968637943,8.659816130828684
S30N:I52S:K74I:S77N:Y106S,S30N:I52S:K74I:S77N:Y106S,5,9.197348101863914,9.181943947553767,9.181943947553767,9.197348101863914,9.181943947553767,9.181943947553767,9.092167205957114,9.188448089504167,9.188448089504167,8.086510450024168,8.778220343719763,8.778220343719763,9.029123215857883,9.177435317834098,9.177435317834098,7.917030852756227,8.853680121742844,8.853680121742844,8.952532341377566,9.113901890079205,9.113901890079205,8.135846225816055,8.989612076420967,8.135846225816055,0.10031716478988528,9.002636344381612
T71S:S75F:T76S:S84N:R87T,T71S:S75F:T76S:S84N:R87T,5,9.743501021691015,9.700227163555475,9.700227163555475,9.743501021691015,9.700227163555475,9.700227163555475,9.548593021503986,9.542617338770183,9.542617338770183,8.71051406254539,9.288192149802908,9.288192149802908,9.474380383665983,9.520946198637148,9.520946198637148,8.288904223106849,9.222475085418598,9.222475085418598,9.51926342069961,9.531335588675683,9.531335588675683,8.564997673470614,9.3137218188241,8.564997673470614,0.067186389118433,8.754427815686661
I52S:T57S:K74I:Y95F,I52S:T57S:K74I:Y95F,4,9.370453047198012,9.406354936504181,9.406354936504181,9.370453047198012,9.406354936504181,9.406354936504181,9.269003985445371,9.370433072028465,9.370433072028465,8.711425038596872,9.316151713721133,9.316151713721133,9.31292971598444,9.38955247654683,9.38955247654683,8.778338375632572,9.715131318816473,9.715131318816473,9.321253264075482,9.400810794728962,9.400810794728962,8.8539636708706,9.6837992103044,8.8539636708706,0.31180171202868223,8.917048942763007
F29S:S31N:S75F:T76S,F29S:S31N:S75F:T76S,4,9.19858051108543,9.162446557644278,9.162446557644278,9.19858051108543,9.162446557644278,9.162446557644278,9.124289932034275,9.112258407910806,9.112258407910806,8.670354255285625,9.215356202451048,9.215356202451048,9.09278625953191,9.23748698903869,9.23748698903869,8.523365753316133,9.357450617879653,9.357450617879653,9.168681362156894,9.235242813607968,9.235242813607968,8.908186013113564,9.63076364432842,8.908186013113564,0.909290405921638,8.387074320340723
F29S:S30N:S75F:S84N:Y95F,F29S:S30N:S75F:S84N:Y95F,5,9.362339179274771,9.348405439757018,9.348405439757018,9.362339179274771,9.348405439757018,9.348405439757018,8.983474781390065,9.196825385776934,9.196825385776934,8.20020252448134,8.92361932872602,8.92361932872602,9.0355316778225,9.226147494561543,9.226147494561543,7.390602446174627,8.668689500247153,8.668689500247153,9.091540451456806,9.274684483970383,9.274684483970383,8.193262656160151,9.126216538982318,8.193262656160151,0.5169457423035055,9.023480647039113
S31N:A58T:S75F:S77N:R87T,S31N:A58T:S75F:S77N:R87T,5,9.545878605602221,9.479859011769884,9.479859011769884,9.545878605602221,9.479859011769884,9.479859011769884,9.464725362747549,9.507726907454499,9.507726907454499,8.631697010909129,9.159740215749123,9.159740215749123,9.42211364391803,9.469868712863722,9.469868712863722,8.348979384552255,9.17209819615722,9.17209819615722,9.426319974852056,9.438461823077011,9.438461823077011,8.484771049308716,9.289342141878292,8.484771049308716,0.2003588592633605,8.646025754077185
S30N:I52S:T71S:K74I:Y95F,S30N:I52S:T71S:K74I:Y95F,5,9.284415438275156,9.339378619794795,9.339378619794795,9.284415438275156,9.339378619794795,9.339378619794795,9.197994119804632,9.304130240181836,9.304130240181836,8.391650560887275,8.920245649987885,8.920245649987885,9.258159475842827,9.353423687852091,9.353423687852091,8.26451051973211,9.05862302343509,9.05862302343509,9.24393681402607,9.265269959163135,9.265269959163135,8.33223091943863,9.198176125924588,8.33223091943863,0.694546343293041,8.921640838707988
F29S:S31N:S75F:T76S:S77N,F29S:S31N:S75F:T76S:S77N,5,9.131603101392312,9.132362664420754,9.132362664420754,9.131603101392312,9.132362664420754,9.132362664420754,9.094409728052662,9.175776636251358,9.175776636251358,8.142612163073188,8.846231708025387,8.846231708025387,9.058258504697216,9.281587147685029,9.281587147685029,7.6758385329460985,8.802528796198441,8.802528796198441,9.140505696396001,9.30458606851367,9.30458606851367,8.402607115406624,9.28465185231051,8.402607115406624,0.01829795097000897,8.379752804496757
S31N:S75F:T76S:S84N:Y106S,S31N:S75F:T76S:S84N:Y106S,5,9.485876519155322,9.458080735871809,9.458080735871809,9.485876519155322,9.458080735871809,9.458080735871809,9.34218680347817,9.406257898223142,9.406257898223142,8.444050348322367,9.172405981232822,9.172405981232822,9.37641213985759,9.478638637047258,9.478638637047258,8.456739878276386,9.280173918058056,9.280173918058056,9.34951264351666,9.424140828112233,9.424140828112233,8.57362807645689,9.303021367199296,8.57362807645689,0.6884844317100942,8.605987264129265
S75F:T76S:S77N:R87T:Y106S,S75F:T76S:S77N:R87T:Y106S,5,9.445612978885908,9.47669410206478,9.47669410206478,9.445612978885908,9.47669410206478,9.47669410206478,9.452929989819507,9.507483773163099,9.507483773163099,8.541772514039986,9.300638677443548,9.300638677443548,9.432863152608292,9.490175912358199,9.490175912358199,8.358162377003366,9.282009471533257,9.282009471533257,9.284970167062014,9.353594241431963,9.353594241431963,8.416667910626188,9.291898835016184,8.416667910626188,0.3206491959281266,8.573453723998067
I52S:K74I:T76S:S84N:R87T,I52S:K74I:T76S:S84N:R87T,5,9.686121495650818,9.667642733526412,9.667642733526412,9.686121495650818,9.667642733526412,9.667642733526412,9.379512144808656,9.485174924856972,9.485174924856972,8.25120752813325,9.099893036158079,9.099893036158079,9.308495429708453,9.39274541463867,9.39274541463867,7.781603101643754,9.049270679920552,9.049270679920552,9.277611056317005,9.344641123291941,9.344641123291941,8.344706358936683,9.20161724609567,8.344706358936683,0.16645184624940157,8.946322341989475
I52S:T57S:K74I:R87T,I52S:T57S:K74I:R87T,4,9.31612409553378,9.391892278114796,9.391892278114796,9.31612409553378,9.391892278114796,9.391892278114796,9.329262876039724,9.400354773412928,9.400354773412928,8.755996902980115,9.362672032771037,9.362672032771037,9.355885398993,9.406536378025237,9.406536378025237,8.682158492446732,9.593852174347736,9.593852174347736,9.362105111787926,9.421712693049546,9.421712693049546,8.871228194277135,9.76400623352541,8.871228194277135,0.8944548424333334,8.72515560684836
I52S:T71S:K74I:T76S:Y106S,I52S:T71S:K74I:T76S:Y106S,5,9.092294161195895,9.171942826319068,9.171942826319068,9.092294161195895,9.171942826319068,9.171942826319068,9.009498064558404,9.136758385268905,9.136758385268905,8.238587328783417,8.887840858240864,8.887840858240864,8.970715174269264,9.142277786294022,9.142277786294022,8.274686050253257,9.102026372874883,9.102026372874883,9.00611339912561,9.151924248835096,9.151924248835096,8.238016360721156,9.087627018531327,8.238016360721156,0.4570511467754841,8.857250097913894
T57S:A58T:S75F:S77N:Y106S,T57S:A58T:S75F:S77N:Y106S,5,9.102122151461767,9.129955136336173,9.129955136336173,9.102122151461767,9.129955136336173,9.129955136336173,9.14013946925862,9.265323195217164,9.265323195217164,8.758735057252188,9.22436168029579,9.22436168029579,9.201555359623098,9.352114215933275,9.352114215933275,8.482503635086868,9.236077078824541,9.236077078824541,9.139456477936413,9.305166268420644,9.305166268420644,8.421892507213597,9.27220465018696,8.421892507213597,0.9817298795096576,8.678126587096068
S30N:I52S:K74I:S77N:R87T,S30N:I52S:K74I:S77N:R87T,5,9.461673044539047,9.434893302079198,9.434893302079198,9.461673044539047,9.434893302079198,9.434893302079198,9.40871096751386,9.501402813562711,9.501402813562711,8.260785740182213,8.90278947901727,8.90278947901727,9.392703158296568,9.482616667447672,9.482616667447672,7.752020073825993,8.787349014074083,8.787349014074083,9.27798339323396,9.317578386456763,9.317578386456763,8.296946371980356,9.219886369770972,8.296946371980356,0.6037175441160798,9.024093291136445
I52S:T57S:K74I:T76S:R87T,I52S:T57S:K74I:T76S:R87T,5,9.34772494300491,9.435934455724516,9.435934455724516,9.34772494300491,9.435934455724516,9.435934455724516,9.298267370272702,9.484202324247526,9.484202324247526,8.309593766439084,8.956449139444162,8.956449139444162,9.255113403230364,9.392184910693304,9.392184910693304,8.27452704009644,9.200488473789717,9.200488473789717,9.261335434126497,9.35389361108462,9.35389361108462,8.398567609640178,9.217167935958553,8.398567609640178,0.4430377115495503,9.008488624390608
S30N:A58T:N59A:S75F:S77N,S30N:A58T:N59A:S75F:S77N,5,9.061086995816886,9.202127134492956,9.202127134492956,9.061086995816886,9.202127134492956,9.202127134492956,8.94226959903041,9.183199432267084,9.183199432267084,8.743628494102872,9.204676258441117,9.204676258441117,8.930562731411671,9.17817115671805,9.17817115671805,8.3267696018813,9.206993222233603,9.206993222233603,9.052108899415341,9.236291097819844,9.236291097819844,8.248999110357314,9.160933321426382,8.248999110357314,0.074192677391693,8.673476209491911
S31N:T57S:T71S:K74I,S31N:T57S:T71S:K74I,4,9.222582692098108,9.352995551562922,9.352995551562922,9.222582692098108,9.352995551562922,9.352995551562922,9.188216332404826,9.333782171736413,9.333782171736413,8.988764261193674,9.429992791907825,9.429992791907825,9.100951123245475,9.192728575067841,9.192728575067841,8.855855919487416,9.561862639477969,9.561862639477969,9.16145780558622,9.24717014393223,9.24717014393223,8.63271383751753,9.599151139734722,8.63271383751753,0.4416465274989605,8.650377240389844
S30N:I52S:T71S:K74I:S77N,S30N:I52S:T71S:K74I:S77N,5,9.18863638607989,9.251282570145442,9.251282570145442,9.18863638607989,9.251282570145442,9.251282570145442,9.277865106698503,9.368022762998624,9.368022762998624,8.240064429376513,8.842375446922327,8.842375446922327,9.272965677733428,9.356353082854321,9.356353082854321,7.84474005040002,8.764231079902451,8.764231079902451,9.252735404294201,9.282581850976399,9.282581850976399,8.282678143172946,9.14104967714134,8.282678143172946,0.8832879709079862,9.009949844779163
S31N:I52S:K74I:Y95F,S31N:I52S:K74I:Y95F,4,9.739416649843188,9.685444977888142,9.685444977888142,9.739416649843188,9.685444977888142,9.685444977888142,9.454964230589932,9.50699314539422,9.50699314539422,8.823118527225436,9.46373548707536,9.46373548707536,9.413694116482608,9.368087929111972,9.368087929111972,8.834242237601446,9.678236638519902,9.678236638519902,9.46736882249628,9.340873125508667,9.340873125508667,8.961960032931625,9.750228503034363,8.961960032931625,0.9207527870312333,8.88809517966869
I52S:T71S:K74I:S77N,I52S:T71S:K74I:S77N,4,9.273134850302458,9.340892254190594,9.340892254190594,9.273134850302458,9.340892254190594,9.340892254190594,9.295466043975583,9.393214446728091,9.393214446728091,8.606419810296364,9.186274933761888,9.186274933761888,9.35582933422595,9.373687716823683,9.373687716823683,8.378146130030954,9.290948786999138,9.290948786999138,9.371094182853748,9.258915651657368,9.258915651657368,8.807537896842854,9.563226131322438,8.807537896842854,0.19659066339954734,8.871789548331337
S30N:K74I:T76S:R87T:Y95F,S30N:K74I:T76S:R87T:Y95F,5,8.987552659214046,9.031581363276894,9.031581363276894,8.987552659214046,9.031581363276894,9.031581363276894,8.950937927758314,9.129366252690328,9.129366252690328,7.943151541323916,8.481865826238241,8.481865826238241,8.973877913617814,9.155769776146531,9.155769776146531,8.037720195693135,8.799744937886182,8.799744937886182,8.985614576833935,9.17587929745879,9.17587929745879,8.09325085221546,8.993885951078449,8.09325085221546,0.43444780563004315,8.976058731636863
S31N:N59A:S75F:Y95F:Y106S,S31N:N59A:S75F:Y95F:Y106S,5,9.306022114193027,9.411384763516999,9.411384763516999,9.306022114193027,9.411384763516999,9.411384763516999,9.166505328510437,9.330248960743466,9.330248960743466,8.873932141956994,9.34018069138079,9.34018069138079,9.1897869305766,9.392087969565255,9.392087969565255,8.983360662681871,9.528109893725803,9.528109893725803,9.261519965504279,9.394834863466043,9.394834863466043,8.524543728172226,9.410949261191956,8.524543728172226,0.08025156636722386,8.807637224744928
S75F:T76S:S77N:S84N,S75F:T76S:S77N:S84N,4,9.635424697036227,9.570824125910306,9.570824125910306,9.635424697036227,9.570824125910306,9.570824125910306,9.59493702842196,9.5852977422658,9.5852977422658,9.011470778433129,9.920457976447159,9.920457976447159,9.568639731725952,9.587527121287147,9.587527121287147,8.701159815890886,10.1120379059631,10.1120379059631,9.535860283975587,9.541300954904099,9.541300954904099,8.980707846235381,9.85052807064156,8.980707846235381,0.14906908408738673,8.763238613750747
I52S:T57S:A58T:N59A:R87T,I52S:T57S:A58T:N59A:R87T,5,8.245029039807909,8.476506520974384,8.476506520974384,8.245029039807909,8.476506520974384,8.476506520974384,8.179776593519504,8.502977314892632,8.502977314892632,7.929704724177565,8.398185580219746,8.398185580219746,8.24489599012584,8.617437332853326,8.617437332853326,7.675506904489708,8.598703245992093,8.598703245992093,8.27074173720463,8.651330684992663,8.651330684992663,7.440215767414778,8.521375419147189,7.440215767414778,0.9895395212806761,8.848995953072416
I52S:T57S:A58T:T71S,I52S:T57S:A58T:T71S,4,8.680002819490223,8.995521166696484,8.995521166696484,8.680002819490223,8.995521166696484,8.995521166696484,8.825365786528433,9.142315637026709,9.142315637026709,8.767970238099641,9.195446043698224,9.195446043698224,8.79405976912883,9.365167838865334,9.365167838865334,8.560191301738536,9.572527952481467,9.572527952481467,8.800289515256054,9.31602029797943,9.31602029797943,8.375213876783356,9.650774682494669,8.375213876783356,0.03280770150013268,8.861987075944583
I52S:A58T:K74I:Y95F:Y106S,I52S:A58T:K74I:Y95F:Y106S,5,9.324409820952479,9.379661436949196,9.379661436949196,9.324409820952479,9.379661436949196,9.379661436949196,8.957708441254832,9.201871997190768,9.201871997190768,8.423601002229278,8.939910670267977,8.939910670267977,9.012812711209106,9.257373609281258,9.257373609281258,8.265330046449723,9.094436972029907,9.094436972029907,9.003956463266865,9.240454530740028,9.240454530740028,8.176145280822086,9.145218074228044,8.176145280822086,0.17530212085694075,8.854529154704384
F29S:S31N:T71S:K74I,F29S:S31N:T71S:K74I,4,8.80758292662826,8.889221917744251,8.889221917744251,8.80758292662826,8.889221917744251,8.889221917744251,8.822090082618336,8.955379975636113,8.955379975636113,8.540062268993994,9.007995115108898,9.007995115108898,8.655146119918983,8.903911516129954,8.903911516129954,8.212919343530098,9.113424615477864,9.113424615477864,8.700132397477294,9.04153770640471,9.04153770640471,8.391833219020677,9.325998554182107,8.391833219020677,0.20798170263879,8.67694103638337
F29S:S75F:T76S:S84N:Y95F,F29S:S75F:T76S:S84N:Y95F,5,9.323111684095267,9.414412907119567,9.414412907119567,9.323111684095267,9.414412907119567,9.414412907119567,8.887556490152763,9.179421178517627,9.179421178517627,8.119655822458114,8.943859188654896,8.943859188654896,8.968727775226112,9.179360211053325,9.179360211053325,7.417197086408961,8.785106426874133,8.785106426874133,8.97532168382992,9.165853932227838,9.165853932227838,8.175989979091995,9.104943370543005,8.175989979091995,0.5824344952125102,8.782647578177716
S31N:I52S:T71S:K74I:S77N,S31N:I52S:T71S:K74I:S77N,5,9.372835767824007,9.395678629521509,9.395678629521509,9.372835767824007,9.395678629521509,9.395678629521509,9.361048137437143,9.4433338118921,9.4433338118921,8.202842451594483,8.814050289309884,8.814050289309884,9.342406285649036,9.38422396407849,9.38422396407849,7.949262451306522,8.852667301370381,8.852667301370381,9.394672241767674,9.36862799463241,9.36862799463241,8.432244749959613,9.214784501085676,8.432244749959613,0.793714638100937,9.025716482377556
I52S:N59A:K74I:S77N,I52S:N59A:K74I:S77N,4,9.217367142634629,9.39394041835407,9.39394041835407,9.217367142634629,9.39394041835407,9.39394041835407,9.080840749066274,9.31043973989666,9.31043973989666,8.604999569161892,9.220609671982059,9.220609671982059,9.16660873216244,9.353064007934355,9.353064007934355,8.270753682211645,9.319445290402586,9.319445290402586,9.190283251148351,9.387318836967175,9.387318836967175,8.641495666948282,9.82168379821394,8.641495666948282,0.711074547842145,8.784240782546876
A58T:N59A:S75F:S84N:Y95F,A58T:N59A:S75F:S84N:Y95F,5,9.324272549555602,9.388597391559497,9.388597391559497,9.324272549555602,9.388597391559497,9.388597391559497,9.051070301508606,9.301026669742939,9.301026669742939,8.882999394461539,9.324896453485104,9.324896453485104,9.077832596618501,9.325913222624347,9.325913222624347,8.10798771189734,8.953632961054518,8.953632961054518,9.132200551037812,9.341043168642692,9.341043168642692,8.190320964183641,9.015488754389871,8.190320964183641,0.7684267633594573,8.911747355288373
T71S:K74I:S84N:Y106S,T71S:K74I:S84N:Y106S,4,8.99208335366645,9.026044379353905,9.026044379353905,8.99208335366645,9.026044379353905,9.026044379353905,8.834646110365338,9.021743275769788,9.021743275769788,8.602411427348903,9.191316982059366,9.191316982059366,8.854578738721406,9.092120143562758,9.092120143562758,8.338328110690087,9.185555397573069,9.185555397573069,8.883981098963117,9.152031184730738,9.152031184730738,8.445716407799953,9.203111773200163,8.445716407799953,0.05942076584324241,8.778059155623524
I52S:N59A:K74I:T76S:Y95F,I52S:N59A:K74I:T76S:Y95F,5,9.319961136114465,9.378465100335161,9.378465100335161,9.319961136114465,9.378465100335161,9.378465100335161,8.958408947798933,9.164766589470716,9.164766589470716,8.469165671692988,8.962017164596448,8.962017164596448,9.084305748631223,9.255859320729542,9.255859320729542,8.249006764185737,9.049434346974213,9.049434346974213,9.085218155341181,9.277447545189428,9.277447545189428,8.312180866149752,9.16920502104253,8.312180866149752,0.3762606689706445,8.768537676523582
I52S:T57S:T71S:K74I:Y95F,I52S:T57S:T71S:K74I:Y95F,5,9.205820307538756,9.257841887467283,9.257841887467283,9.205820307538756,9.257841887467283,9.257841887467283,9.124184342555875,9.269296905238921,9.269296905238921,8.465328631936183,8.929130072234246,8.929130072234246,9.194835710652976,9.304832892513373,9.304832892513373,8.407682687431665,9.168675707331522,9.168675707331522,9.21581240746433,9.300334928221012,9.300334928221012,8.369570009933083,9.238537201666338,8.369570009933083,0.2036156866233796,8.698235233216561
S30N:K74I:T76S:S77N:Y95F,S30N:K74I:T76S:S77N:Y95F,5,8.99232346649339,9.09273187576563,9.09273187576563,8.99232346649339,9.09273187576563,9.09273187576563,8.888893134564418,9.093951770779535,9.093951770779535,7.94799880460245,8.618809387372886,8.618809387372886,8.926292785324208,9.152313998104429,9.152313998104429,7.804686818846031,8.693828351047081,8.693828351047081,8.953968113203482,9.166485157942166,9.166485157942166,8.025598520107508,9.028983611787366,8.025598520107508,0.4699630772229284,9.043014633423088
S30N:I52S:T57S:K74I:Y106S,S30N:I52S:T57S:K74I:Y106S,5,8.999604524293117,9.03790108060044,9.03790108060044,8.999604524293117,9.03790108060044,9.03790108060044,9.00111076131364,9.130586186236878,9.130586186236878,8.185216492013993,8.748177071153064,8.748177071153064,8.938650154817408,9.128463863643844,9.128463863643844,8.281819812804136,9.081118148234944,9.081118148234944,8.953579981690845,9.12948919167297,9.12948919167297,8.192528378568111,9.056791198311542,8.192528378568111,0.7797992983832955,8.891915159410138
S31N:I52S:T57S:K74I:R87T,S31N:I52S:T57S:K74I:R87T,5,9.608290777238484,9.680801341445992,9.680801341445992,9.608290777238484,9.680801341445992,9.680801341445992,9.506212334581026,9.58022644376595,9.58022644376595,8.529139049117827,9.180201222869995,9.180201222869995,9.378139011511447,9.378169872693974,9.378169872693974,8.448020406521069,9.335992383569877,9.335992383569877,9.440307511513053,9.421802429800401,9.421802429800401,8.546074283377056,9.387574724923812,8.546074283377056,0.8114868642296642,8.867824900648067
I52S:K74I:S84N:R87T,I52S:K74I:S84N:R87T,4,9.484785034330278,9.470230747370337,9.470230747370337,9.484785034330278,9.470230747370337,9.470230747370337,9.340231494809382,9.389683935334574,9.389683935334574,8.695625817063949,9.737258424557993,9.737258424557993,9.329293462955576,9.37519535240839,9.37519535240839,8.347883961172812,9.908646321931917,9.908646321931917,9.33097230342075,9.403496835251131,9.403496835251131,8.80589119686992,9.777174221437923,8.80589119686992,0.6419074637815356,8.895170105222244
S31N:I52S:K74I:S77N,S31N:I52S:K74I:S77N,4,9.564285932995167,9.521719831519228,9.521719831519228,9.564285932995167,9.521719831519228,9.521719831519228,9.499546227861618,9.51858417591041,9.51858417591041,8.637863912287953,9.449298452644747,9.449298452644747,9.47076385712816,9.445343154447551,9.445343154447551,8.515160508043706,9.65130320328278,9.65130320328278,9.47929960111815,9.426577982195163,9.426577982195163,8.913856779187181,9.714146515742177,8.913856779187181,0.49454113421961665,8.96604381896633
F29S:S30N:S75F:T76S:S84N,F29S:S30N:S75F:T76S:S84N,5,9.310567920251177,9.30071122081879,9.30071122081879,9.310567920251177,9.30071122081879,9.30071122081879,8.883283650880553,9.010148697873484,9.010148697873484,8.206570988584605,8.938740919956969,8.938740919956969,9.025844930581004,9.152426524427112,9.152426524427112,7.592931776409722,8.79630497035669,8.79630497035669,9.143914642767022,9.229976865476296,9.229976865476296,8.277420221759371,9.184820041495888,8.277420221759371,0.4764149961993098,8.602314931680214
I52S:K74I:T76S:R87T,I52S:K74I:T76S:R87T,4,9.57398211147226,9.607344498404348,9.607344498404348,9.57398211147226,9.607344498404348,9.607344498404348,9.438978817338743,9.56156607766602,9.56156607766602,8.812716834536246,9.647028811981537,9.647028811981537,9.390847281257404,9.454866006472221,9.454866006472221,8.662849145570394,9.877695191917285,9.877695191917285,9.380043359435104,9.381055018894056,9.381055018894056,8.884215168113034,9.733511055975951,8.884215168113034,0.8703791082371026,9.294514861848967
S31N:I52S:A58T:K74I:Y95F,S31N:I52S:A58T:K74I:Y95F,5,9.744829369984972,9.790255486411828,9.790255486411828,9.744829369984972,9.790255486411828,9.790255486411828,9.407953303879543,9.597590943955813,9.597590943955813,8.61765605517876,9.210128955524018,9.210128955524018,9.253687774377443,9.436828084128809,9.436828084128809,8.427598893628748,9.347818749448193,9.347818749448193,9.354091886359015,9.438111630173568,9.438111630173568,8.434960715734784,9.379558150137058,8.434960715734784,0.9985934812575579,8.752525281389852
I52S:K74I:R87T:Y106S,I52S:K74I:R87T:Y106S,4,9.321232501534505,9.378517048414633,9.378517048414633,9.321232501534505,9.378517048414633,9.378517048414633,9.240549308356718,9.381058153453596,9.381058153453596,8.598579313739457,9.444158900579405,9.444158900579405,9.197847487029449,9.393460548556563,9.393460548556563,8.567080414050025,9.51595277217767,9.51595277217767,9.148667023203915,9.359008543247592,9.359008543247592,8.726839998223864,9.570573013297915,8.726839998223864,0.7960542845539749,9.072637708990813
S30N:I52S:K74I:T76S,S30N:I52S:K74I:T76S,4,9.405144985224224,9.396921437896674,9.396921437896674,9.405144985224224,9.396921437896674,9.396921437896674,9.310270758483902,9.359582017831888,9.359582017831888,8.666046637070563,9.269076499439823,9.269076499439823,9.314129314832462,9.468194446502991,9.468194446502991,8.633995628527696,9.520700496544276,9.520700496544276,9.384609614894353,9.454622851222394,9.454622851222394,8.84337504603254,9.685024628034348,8.84337504603254,0.03959940746426582,8.869096588780453
S31N:I52S:K74I:T76S:Y95F,S31N:I52S:K74I:T76S:Y95F,5,9.784172620171223,9.741973284740826,9.741973284740826,9.784172620171223,9.741973284740826,9.741973284740826,9.40183208960162,9.473343045095474,9.473343045095474,8.339085143231095,9.013266060660891,9.013266060660891,9.3484683337868,9.444524808436256,9.444524808436256,8.47883311160376,9.338415834688643,9.338415834688643,9.42343524533795,9.442670253127131,9.442670253127131,8.569130176875694,9.398271236304923,8.569130176875694,0.7544580274261534,8.82118017467113
S31N:K74I:Y95F:Y106S,S31N:K74I:Y95F:Y106S,4,9.293068616847226,9.422376466579902,9.422376466579902,9.293068616847226,9.422376466579902,9.422376466579902,9.083572165432845,9.319180615419237,9.319180615419237,8.694534927689299,9.31685676696614,9.31685676696614,9.054664899586907,9.38050544379863,9.38050544379863,8.77215656396386,9.594232703094454,9.594232703094454,9.09353472999994,9.291170146172993,9.291170146172993,8.614285432726431,9.698734304942784,8.614285432726431,0.4764738525263965,8.964705212104377
I52S:K74I:T76S:S77N:Y95F,I52S:K74I:T76S:S77N:Y95F,5,9.54693617179781,9.531213182450145,9.531213182450145,9.54693617179781,9.531213182450145,9.531213182450145,9.230146191703197,9.344549066102443,9.344549066102443,8.099537525948271,8.920935884998729,8.920935884998729,9.334171883660957,9.395981550004391,9.395981550004391,7.955005331485059,9.03577906143637,9.03577906143637,9.33135310850517,9.382711624060745,9.382711624060745,8.339105074592194,9.230858628062318,8.339105074592194,0.1686794920824468,8.984034556727371
T57S:K74I:R87T:Y95F:Y106S,T57S:K74I:R87T:Y95F:Y106S,5,8.771507203367792,8.871291719873017,8.871291719873017,8.771507203367792,8.871291719873017,8.871291719873017,8.721950386816886,8.954181792203794,8.954181792203794,8.10275385830608,8.58321051209677,8.58321051209677,8.730885472029808,8.993087608830317,8.993087608830317,8.143935560050748,8.839484756901845,8.839484756901845,8.698404924914035,9.036222714721985,9.036222714721985,7.901205146533058,8.848884883030653,7.901205146533058,0.440637944964692,8.67748274651161
S30N:I52S:K74I:S84N,S30N:I52S:K74I:S84N,4,9.516674019390983,9.422143198097526,9.422143198097526,9.516674019390983,9.422143198097526,9.422143198097526,9.36487182939503,9.351881927087994,9.351881927087994,8.803363108420951,9.560879806049584,9.560879806049584,9.285080756048867,9.35691059276908,9.35691059276908,8.450441886088207,9.760071096503154,9.760071096503154,9.303316275499217,9.321133451554081,9.321133451554081,8.801424234589263,9.700179144193882,8.801424234589263,0.48499682801775634,9.105253069132484
S30N:I52S:K74I:T76S:Y95F,S30N:I52S:K74I:T76S:Y95F,5,9.397374296924143,9.407915774680774,9.407915774680774,9.397374296924143,9.407915774680774,9.407915774680774,9.14607604140199,9.267543758351817,9.267543758351817,8.104885474756168,8.748227741385328,8.748227741385328,9.230201709802076,9.37160550613126,9.37160550613126,8.171231203609379,9.009737616656588,9.009737616656588,9.283932713234051,9.323156445607252,9.323156445607252,8.347995462360213,9.197991956734764,8.347995462360213,0.17489189258776605,8.94788148622598
I52S:T57S:N59A:K74I,I52S:T57S:N59A:K74I,4,9.105795084671707,9.243618300951432,9.243618300951432,9.105795084671707,9.243618300951432,9.243618300951432,9.096043751905167,9.284868535843541,9.284868535843541,8.776441675034922,9.226607742862162,9.226607742862162,9.134849395499863,9.272018537861161,9.272018537861161,8.659548251533385,9.552035337306883,9.552035337306883,9.152168952218295,9.393792308659512,9.393792308659512,8.71834237709409,9.697961826443883,8.71834237709409,0.5278673940338194,8.819515015835542
S30N:I52S:T57S:T71S:K74I,S30N:I52S:T57S:T71S:K74I,5,9.040212202363929,9.121241931827642,9.121241931827642,9.040212202363929,9.121241931827642,9.121241931827642,9.186393906237392,9.299518277106726,9.299518277106726,8.490604874557304,8.9200318513444,8.9200318513444,9.197651355401481,9.324768338452941,9.324768338452941,8.323974992426551,9.03814309681109,9.03814309681109,9.253977279889632,9.286175359868334,9.286175359868334,8.324983402463767,9.16654728888604,8.324983402463767,0.7564267315901816,8.969210111239374
S30N:I52S:A58T:T71S:K74I,S30N:I52S:A58T:T71S:K74I,5,9.203555060764074,9.316564463667934,9.316564463667934,9.203555060764074,9.316564463667934,9.316564463667934,9.207946033246333,9.368164886359708,9.368164886359708,8.712567288647222,9.1741793348715,9.1741793348715,9.184078550344822,9.360342801532534,9.360342801532534,8.251551583876486,9.026002805455889,9.026002805455889,9.2586543678433,9.366069323183382,9.366069323183382,8.326670167684453,9.175701853239826,8.326670167684453,0.37611036212183535,8.647563056571295
I52S:K74I:Y95F:Y106S,I52S:K74I:Y95F:Y106S,4,9.425173535133174,9.489216351049157,9.489216351049157,9.425173535133174,9.489216351049157,9.489216351049157,9.124454123877168,9.308859897615017,9.308859897615017,8.62779008716567,9.310220937889097,9.310220937889097,9.186346967930291,9.400282552001045,9.400282552001045,8.713848096021533,9.500507596878878,9.500507596878878,9.155417108907521,9.345457578054274,9.345457578054274,8.738112669571624,9.569353752059401,8.738112669571624,0.392680159304291,9.108012684997465
S31N:I52S:N59A:K74I:Y106S,S31N:I52S:N59A:K74I:Y106S,5,9.19643365139786,9.336523779525104,9.336523779525104,9.19643365139786,9.336523779525104,9.336523779525104,8.933326502839748,9.14587697913028,9.14587697913028,8.259487059936744,8.882508195225503,8.882508195225503,8.887450741042938,9.074732296670625,9.074732296670625,8.28680052068943,9.103587185598265,9.103587185598265,8.967244084996354,9.168116448921742,9.168116448921742,8.200971634405624,9.159938881520747,8.200971634405624,0.7117839932907373,8.900420988290437
F29S:T57S:T71S:S75F:S77N,F29S:T57S:T71S:S75F:S77N,5,8.95196554208517,9.092936846105022,9.092936846105022,8.95196554208517,9.092936846105022,9.092936846105022,8.936065127944469,9.150751943216575,9.150751943216575,8.2149929201721,8.80182452405161,8.80182452405161,9.081455733238242,9.281268168935421,9.281268168935421,7.60793594408789,8.745330960151673,8.745330960151673,9.108675394307493,9.275878142477325,9.275878142477325,8.192691505851563,9.049163879033623,8.192691505851563,0.8661444559693336,8.609261262266706
S30N:T71S:K74I:S84N:Y106S,S30N:T71S:K74I:S84N:Y106S,5,8.722320711974437,8.798378568508761,8.798378568508761,8.722320711974437,8.798378568508761,8.798378568508761,8.592479550078654,8.764114996267214,8.764114996267214,8.121696779421507,8.662194767800313,8.662194767800313,8.625269054300524,8.871061033529136,8.871061033529136,7.732926030789495,8.54431566499951,8.54431566499951,8.663325213374613,8.958517293451244,8.958517293451244,7.879223680660527,8.69570028357263,7.879223680660527,0.17317513190209866,8.7043123713247
A58T:N59A:S75F:S84N:Y106S,A58T:N59A:S75F:S84N:Y106S,5,9.054003521425614,9.14576712282482,9.14576712282482,9.054003521425614,9.14576712282482,9.14576712282482,8.856180497340079,9.074069109882338,9.074069109882338,8.869881972577401,9.275109661586972,9.275109661586972,8.978117549769921,9.241060358454364,9.241060358454364,8.09112448481698,8.876041899429238,8.876041899429238,9.022403029686751,9.3000780325007,9.3000780325007,8.137217815657852,8.985145944463685,8.137217815657852,0.44066972471773624,8.68263401218067
S31N:I52S:K74I:T76S,S31N:I52S:K74I:T76S,4,9.683365198204486,9.595058897536962,9.595058897536962,9.683365198204486,9.595058897536962,9.595058897536962,9.501265895916553,9.483835491695979,9.483835491695979,8.764073577880946,9.623309445989419,9.623309445989419,9.417809983638127,9.477485300805823,9.477485300805823,8.872640897915852,9.928763008478784,9.928763008478784,9.487492791837276,9.432545436131576,9.432545436131576,9.023934353038964,9.782238904357612,9.023934353038964,0.7226169116329402,9.058169647936438
S30N:I52S:K74I:S84N:Y106S,S30N:I52S:K74I:S84N:Y106S,5,9.26684342096227,9.245906297958062,9.245906297958062,9.26684342096227,9.245906297958062,9.245906297958062,8.980128833162116,9.073107050117923,9.073107050117923,8.110140761913787,8.873881334582427,8.873881334582427,8.90080951971974,9.078363554898266,9.078363554898266,7.894311752055344,8.935789841358107,8.935789841358107,8.896174609842863,9.08808296733978,9.08808296733978,8.172111149091267,9.000436297476107,8.172111149091267,0.2578524760901928,8.713583865275007
S30N:S31N:I52S:K74I,S30N:S31N:I52S:K74I,4,9.67587865327922,9.616048056691513,9.616048056691513,9.67587865327922,9.616048056691513,9.616048056691513,9.47230744589743,9.491076135295726,9.491076135295726,8.823023337751998,9.543656967744429,9.543656967744429,9.350349882552297,9.424306200678506,9.424306200678506,8.784991819326546,9.810606369504955,9.810606369504955,9.4259982020207,9.344707021289189,9.344707021289189,8.925214518924209,9.755590072476515,8.925214518924209,0.4350262291263789,9.149120741086143
S30N:I52S:K74I:Y95F:Y106S,S30N:I52S:K74I:Y95F:Y106S,5,9.27000374440027,9.30817075347638,9.30817075347638,9.27000374440027,9.30817075347638,9.30817075347638,8.952545473118407,9.114791409814192,9.114791409814192,8.194728023312127,8.839434700702729,8.839434700702729,8.963521389580704,9.169916670688885,9.169916670688885,8.25949177722064,9.078882577111017,9.078882577111017,8.962986949237994,9.115384647315935,9.115384647315935,8.196245854710249,9.031539923408628,8.196245854710249,0.9668202213943005,8.983214807192207
S31N:T71S:K74I:T76S:Y95F,S31N:T71S:K74I:T76S:Y95F,5,9.330839269569651,9.380673485284785,9.380673485284785,9.330839269569651,9.380673485284785,9.380673485284785,9.179944838142488,9.362732312303924,9.362732312303924,8.405596861160028,8.983548757193438,8.983548757193438,9.051819070901779,9.294095631500456,9.294095631500456,8.540294049948459,9.264896369374611,9.264896369374611,9.121468973778397,9.331906670590879,9.331906670590879,8.27996772476303,9.233777245538358,8.27996772476303,0.16764754196628928,9.097349552978766
S31N:N59A:K74I:T76S:Y106S,S31N:N59A:K74I:T76S:Y106S,5,8.717052460159131,8.93258980872885,8.93258980872885,8.717052460159131,8.93258980872885,8.93258980872885,8.604393624900878,8.907058218189619,8.907058218189619,8.112079561753527,8.715354296265131,8.715354296265131,8.66164593644175,8.956740800541239,8.956740800541239,8.256831389007608,8.953298195326111,8.953298195326111,8.731537088272033,9.060884436012628,9.060884436012628,7.931397971459523,8.88148905399051,7.931397971459523,0.9701750199310482,8.747388533491192
I52S:T57S:A58T:N59A:S84N,I52S:T57S:A58T:N59A:S84N,5,8.163533687957273,8.373885791912903,8.373885791912903,8.163533687957273,8.373885791912903,8.373885791912903,8.259674746286713,8.601993613487261,8.601993613487261,8.04353655901027,8.437045652363064,8.437045652363064,8.178743047701436,8.663117848633615,8.663117848633615,7.24846849157556,8.11385453903756,8.11385453903756,8.206694408423319,8.657841569460919,8.657841569460919,7.341610139669459,8.262717112304633,7.341610139669459,0.4477497539483011,8.58767274326844
T57S:K74I:T76S:R87T:Y106S,T57S:K74I:T76S:R87T:Y106S,5,8.77413197366469,8.884535927692117,8.884535927692117,8.77413197366469,8.884535927692117,8.884535927692117,8.850367163299603,9.12671730828382,9.12671730828382,8.04780620738938,8.608102611935037,8.608102611935037,8.81447875304152,9.078273385470439,9.078273385470439,8.141033507605592,8.813613027441388,8.813613027441388,8.778202870017074,9.08126592678613,9.08126592678613,7.93039488224902,8.814324892908171,7.93039488224902,0.054220367688685656,8.678960889630565
S31N:I52S:N59A:K74I:S84N,S31N:I52S:N59A:K74I:S84N,5,9.345270864217214,9.359493574568436,9.359493574568436,9.345270864217214,9.359493574568436,9.359493574568436,9.164675317003574,9.36515782830878,9.36515782830878,8.296478417126862,8.895193262197264,8.895193262197264,9.035220185533083,9.244990157373254,9.244990157373254,7.718203538364863,8.74118979523882,8.74118979523882,9.136960383763501,9.281810629335922,9.281810629335922,8.213141957631054,9.05886750504675,8.213141957631054,0.05368796945549548,8.63281978245462
F29S:S31N:T57S:S75F:Y95F,F29S:S31N:T57S:S75F:Y95F,5,9.153331907812726,9.217621998061775,9.217621998061775,9.153331907812726,9.217621998061775,9.217621998061775,9.145581576540456,9.298409338782069,9.298409338782069,8.278616029107305,8.860152023809437,8.860152023809437,8.940362602667676,9.089937573463404,9.089937573463404,7.76231230607934,8.656292813435032,8.656292813435032,8.973841575080838,9.127450915179331,9.127450915179331,8.328419676016601,9.134432685874991,8.328419676016601,0.7084268792532384,8.772873539314201
S30N:T71S:K74I:S77N:R87T,S30N:T71S:K74I:S77N:R87T,5,8.673700393100317,8.8101125064586,8.8101125064586,8.673700393100317,8.8101125064586,8.8101125064586,8.85694559329573,9.077254611436725,9.077254611436725,7.9857256642680285,8.559731766121601,8.559731766121601,8.92882144986239,9.127841287394023,9.127841287394023,7.57316322246321,8.456742835536536,8.456742835536536,8.896819956542236,9.096001129216171,9.096001129216171,7.947772832980675,8.902233230607003,7.947772832980675,0.30137872975319624,8.903478029253
S31N:K74I:T76S:S77N,S31N:K74I:T76S:S77N,4,9.193365000755172,9.232826972699725,9.232826972699725,9.193365000755172,9.232826972699725,9.232826972699725,9.19961767277136,9.325954913189047,9.325954913189047,8.57088972909129,9.201454972919555,9.201454972919555,9.195002432821296,9.372179382582488,9.372179382582488,8.578661816697686,9.397898483248833,9.397898483248833,9.242432969754457,9.388136998640435,9.388136998640435,8.774255225684982,9.750487056219532,8.774255225684982,0.5754537794273347,8.991262248510184
I52S:T57S:A58T:T71S:Y106S,I52S:T57S:A58T:T71S:Y106S,5,8.370301612768692,8.607585167384183,8.607585167384183,8.370301612768692,8.607585167384183,8.607585167384183,8.427348737498555,8.760387141496835,8.760387141496835,8.347549754660273,8.816795620497905,8.816795620497905,8.367720635576603,8.800733415432983,8.800733415432983,8.004024298529274,8.809271191617409,8.809271191617409,8.340021368091433,8.776585751546055,8.776585751546055,7.575323291304199,8.698442730664912,7.575323291304199,0.6714879381470382,8.848506387905228
I52S:N59A:K74I:Y95F:Y106S,I52S:N59A:K74I:Y95F:Y106S,5,9.144663819145544,9.249229317557273,9.249229317557273,9.144663819145544,9.249229317557273,9.249229317557273,8.727531649792182,8.972414937378668,8.972414937378668,8.42787113697516,8.893666145751602,8.893666145751602,8.867388867156864,9.109589288075504,9.109589288075504,8.234948503484391,8.999514516073086,8.999514516073086,8.854819577264538,9.106326827912527,9.106326827912527,8.136558204173793,9.059008970773398,8.136558204173793,0.9351783387828618,9.000463781772384
F29S:T57S:T71S:S75F:Y95F,F29S:T57S:T71S:S75F:Y95F,5,9.012483192426291,9.042982868339305,9.042982868339305,9.012483192426291,9.042982868339305,9.042982868339305,9.013714629276356,9.179551957538873,9.179551957538873,8.420929357064843,8.83877165161862,8.83877165161862,9.040544942108433,9.224909891490977,9.224909891490977,7.974202035615751,8.784910184978692,8.784910184978692,8.963822296604791,9.114462070502476,9.114462070502476,8.267856328696066,9.06766882994581,8.267856328696066,0.6458285436965525,8.729715292232513
F29S:S30N:K74I:T76S:R87T,F29S:S30N:K74I:T76S:R87T,5,8.452997984995964,8.579856740284376,8.579856740284376,8.452997984995964,8.579856740284376,8.579856740284376,8.28141652549638,8.613247117955572,8.613247117955572,7.699388690110647,8.265606023290937,8.265606023290937,8.499515290728153,8.821061817665742,8.821061817665742,7.238035270486719,8.162760643001944,8.162760643001944,8.618385430567,9.034675144899374,9.034675144899374,7.860295496913162,8.868174399603916,7.860295496913162,0.2765079764649272,8.900673772850771
S31N:I52S:T57S:K74I:S77N,S31N:I52S:T57S:K74I:S77N,5,9.496723920002903,9.50924443911758,9.50924443911758,9.496723920002903,9.50924443911758,9.50924443911758,9.443320663622453,9.481351276146817,9.481351276146817,8.21853494336064,8.9408782344316,8.9408782344316,9.41938427989249,9.380539571576895,9.380539571576895,8.031000713681806,9.062710206994145,9.062710206994145,9.419302686039913,9.395293099736655,9.395293099736655,8.44190395673916,9.272178690322109,8.44190395673916,0.4558832983020693,8.997884191601985
S30N:S31N:K74I:Y95F,S30N:S31N:K74I:Y95F,4,9.297038710067499,9.342336058115649,9.342336058115649,9.297038710067499,9.342336058115649,9.342336058115649,9.16751813324519,9.329469298479298,9.329469298479298,8.685144864275506,9.230310581882234,9.230310581882234,9.120436333113599,9.352390423193064,9.352390423193064,8.698547547563882,9.494664290296068,9.494664290296068,9.173840674684447,9.270578083012905,9.270578083012905,8.661507333528526,9.606821272579042,8.661507333528526,0.7332110449206084,9.132962762209358
F29S:S30N:K74I:T76S:S77N,F29S:S30N:K74I:T76S:S77N,5,8.511951281147557,8.563949193628229,8.563949193628229,8.511951281147557,8.563949193628229,8.563949193628229,8.346144313533589,8.557433654829085,8.557433654829085,7.694681985972902,8.303613841255656,8.303613841255656,8.50920680170708,8.81470794249375,8.81470794249375,7.113691849135184,8.102557292848951,8.102557292848951,8.650503602205328,8.997201533227107,8.997201533227107,7.854952783786174,8.937940839261381,7.854952783786174,0.9346956913359463,8.90548306028898
S30N:S31N:I52S:T57S:K74I,S30N:S31N:I52S:T57S:K74I,5,9.538846165745445,9.616420611923864,9.616420611923864,9.538846165745445,9.616420611923864,9.616420611923864,9.457526969757177,9.57150346808989,9.57150346808989,8.518232513621385,9.110618593913575,9.110618593913575,9.287033462846567,9.374904794898063,9.374904794898063,8.477487227455626,9.322855699664773,9.322855699664773,9.398482331024274,9.41885794413195,9.41885794413195,8.488203061838727,9.34963644681179,8.488203061838727,0.36485098535194993,8.981757970797242
S30N:I52S:T71S:K74I:Y106S,S30N:I52S:T71S:K74I:Y106S,5,9.055905084100935,9.128080996521366,9.128080996521366,9.055905084100935,9.128080996521366,9.128080996521366,8.991132926968989,9.094561400322526,9.094561400322526,8.299602791709624,8.824682573553776,8.824682573553776,8.911000401338534,9.054045741239236,9.054045741239236,8.221845608181377,8.944850208240485,8.944850208240485,8.922785663201545,9.079567948676235,9.079567948676235,8.156920770010274,8.956700511851347,8.156920770010274,0.06446495000272989,8.9024755836304
S30N:S31N:K74I:S77N:S84N,S30N:S31N:K74I:S77N:S84N,5,9.103096780050128,9.14351033507011,9.14351033507011,9.103096780050128,9.14351033507011,9.14351033507011,9.100176914134801,9.291332699208123,9.291332699208123,8.163002078124482,8.81116384176398,8.81116384176398,9.01675214008971,9.280115831990782,9.280115831990782,7.596226263196943,8.642464849295116,8.642464849295116,9.037127558850559,9.183686004903645,9.183686004903645,8.133119022664433,9.015168487765399,8.133119022664433,0.46546927466988564,8.798692320132961
S30N:T57S:K74I:T76S:Y106S,S30N:T57S:K74I:T76S:Y106S,5,8.394504405683719,8.503318458336334,8.503318458336334,8.394504405683719,8.503318458336334,8.503318458336334,8.536031115244253,8.759757710664669,8.759757710664669,7.840005033546177,8.331487743257597,8.331487743257597,8.645110663431442,8.90776543256456,8.90776543256456,8.071812361625135,8.729628587014048,8.729628587014048,8.727132564526217,8.997608608906521,8.997608608906521,7.882698498294944,8.768042363908435,7.882698498294944,0.7697139389347285,8.57551898443224
F29S:S75F:S77N:R87T:Y95F,F29S:S75F:S77N:R87T:Y95F,5,9.118598647055101,9.29428986290835,9.29428986290835,9.118598647055101,9.29428986290835,9.29428986290835,8.979023076692448,9.312538105555653,9.312538105555653,8.039629395627244,8.885222675472441,8.885222675472441,9.177241730597274,9.38814640901919,9.38814640901919,7.213756442846092,8.64300292952343,8.64300292952343,9.062158935220586,9.22477930375677,9.22477930375677,8.082263415441982,9.066380136120655,8.082263415441982,0.6235424457117915,8.531014795582289
S30N:S31N:K74I:T76S:S84N,S30N:S31N:K74I:T76S:S84N,5,9.22699098887251,9.270436924851351,9.270436924851351,9.22699098887251,9.270436924851351,9.270436924851351,9.02828131103133,9.211212415841452,9.211212415841452,8.026392389626245,8.706439870537489,8.706439870537489,9.023016355837292,9.254418573747046,9.254418573747046,7.86170870138786,8.809550869646747,8.809550869646747,9.127174260331753,9.277643144458487,9.277643144458487,8.236309150608278,9.109411103133176,8.236309150608278,0.5848487780895084,8.809450812670615
S31N:T57S:K74I:S77N:Y95F,S31N:T57S:K74I:S77N:Y95F,5,9.111102252475229,9.175613179650695,9.175613179650695,9.111102252475229,9.175613179650695,9.175613179650695,8.97383846800514,9.155273387282291,9.155273387282291,8.137342927606175,8.77839446353229,8.77839446353229,8.924256739244992,9.091357911541797,9.091357911541797,7.908655950247832,8.732273854292291,8.732273854292291,8.985603658520336,9.160604072844029,9.160604072844029,8.03177181642018,8.89406221978555,8.03177181642018,0.8599601045716554,8.83001264844802
T57S:T71S:K74I:S84N:Y106S,T57S:T71S:K74I:S84N:Y106S,5,8.785627094848044,8.905624801469806,8.905624801469806,8.785627094848044,8.905624801469806,8.905624801469806,8.604589623599573,8.864062542815812,8.864062542815812,8.224678353339254,8.786460654059104,8.786460654059104,8.62404827813217,8.897346123323313,8.897346123323313,7.773409247110269,8.599277138900968,8.599277138900968,8.632808663750486,8.958259883178023,8.958259883178023,7.834646239507753,8.698035195318981,7.834646239507753,0.5243421101476997,8.725762707962032
T71S:K74I:T76S:S77N:Y106S,T71S:K74I:T76S:S77N:Y106S,5,8.641616091214445,8.95348965344631,8.95348965344631,8.641616091214445,8.95348965344631,8.95348965344631,8.656031801373233,8.939547033190184,8.939547033190184,7.942455436792466,8.72491950371256,8.72491950371256,8.730163803207628,9.01175373468682,9.01175373468682,7.830323582683285,8.734555746881007,8.734555746881007,8.763056764196879,9.01151149141676,9.01151149141676,7.922112710389449,8.880528849021035,7.922112710389449,0.6442731292918324,8.905687603699695
S30N:I52S:N59A:T71S:K74I,S30N:I52S:N59A:T71S:K74I,5,8.996757393688506,9.108559346702853,9.108559346702853,8.996757393688506,9.108559346702853,9.108559346702853,8.861914842567872,9.037467037352423,9.037467037352423,8.54387556446385,8.974929853045591,8.974929853045591,8.8880014254658,9.072899713284583,9.072899713284583,8.092389952269412,8.889433755559907,8.889433755559907,8.989663872965314,9.14904637401686,9.14904637401686,8.129820841590464,9.052325653081965,8.129820841590464,0.5081998985260725,8.843387862356424
T71S:K74I:S84N:Y95F:Y106S,T71S:K74I:S84N:Y95F:Y106S,5,8.969809681947213,9.060112857422325,9.060112857422325,8.969809681947213,9.060112857422325,9.060112857422325,8.626443117489297,8.916756362587527,8.916756362587527,8.139749397659987,8.813455605324055,8.813455605324055,8.670801679881013,8.954368660062128,8.954368660062128,7.78611180051875,8.680266545743008,8.680266545743008,8.703562650428344,8.957556498350629,8.957556498350629,7.8732985521191265,8.752477773117649,7.8732985521191265,0.12010144791565835,8.86426102468935
S31N:T71S:K74I:R87T:Y106S,S31N:T71S:K74I:R87T:Y106S,5,8.93610390116961,9.126914124378828,9.126914124378828,8.93610390116961,9.126914124378828,9.126914124378828,8.957173229161565,9.237568969776245,9.237568969776245,8.239951647619653,8.818573982620366,8.818573982620366,8.878042633599922,9.177239549034264,9.177239549034264,8.269968753189248,9.074421202755131,9.074421202755131,8.952688277304313,9.177928755847292,9.177928755847292,8.049102877799406,9.058895327232927,8.049102877799406,0.344929852290079,8.973477158880998
T71S:S75F:S77N:S84N:R87T,T71S:S75F:S77N:S84N:R87T,5,9.516464531794474,9.556503589512051,9.556503589512051,9.516464531794474,9.556503589512051,9.556503589512051,9.422004593815798,9.502552720889948,9.502552720889948,8.396842194239996,9.14080573698496,9.14080573698496,9.447873303155337,9.500001413588295,9.500001413588295,7.788730059731365,9.107965388485912,9.107965388485912,9.460631233301697,9.474558202958328,9.474558202958328,8.422940929855526,9.316102668515148,8.422940929855526,0.19195848074741662,8.352754842614344
S30N:S31N:N59A:S75F:S77N,S30N:S31N:N59A:S75F:S77N,5,9.281945438648114,9.37219150662722,9.37219150662722,9.281945438648114,9.37219150662722,9.37219150662722,9.195121956853505,9.39119114756286,9.39119114756286,8.441140959615867,9.022177285646807,9.022177285646807,9.19529393676096,9.346675572050556,9.346675572050556,8.31505535287987,9.177495192404733,9.177495192404733,9.316938216925994,9.388357315866545,9.388357315866545,8.405124513537546,9.263944377056077,8.405124513537546,0.5061505255289376,8.81145418204366
I52S:N59A:T71S:K74I:Y106S,I52S:N59A:T71S:K74I:Y106S,5,8.960913988201462,9.170681688838808,9.170681688838808,8.960913988201462,9.170681688838808,9.170681688838808,8.747674748044597,9.011654153393083,9.011654153393083,8.497485187365255,8.991112861090361,8.991112861090361,8.770684110278538,9.003247363741988,9.003247363741988,8.150984230336306,8.898508762176203,8.898508762176203,8.809579629632239,9.075718207422637,9.075718207422637,8.070224820272333,8.986126186972898,8.070224820272333,0.40439070598222315,8.867213487170819
S31N:K74I:T76S:S84N:Y106S,S31N:K74I:T76S:S84N:Y106S,5,9.171681767223529,9.21277445398483,9.21277445398483,9.171681767223529,9.21277445398483,9.21277445398483,8.964811896615661,9.163344081017572,9.163344081017572,7.9846630742238425,8.80564518899301,8.80564518899301,8.97154485460978,9.201397899630523,9.201397899630523,8.013972966703726,8.92655073646327,8.92655073646327,8.97538785872543,9.21154001006365,9.21154001006365,8.158766170307965,9.008029657029851,8.158766170307965,0.9829598520882428,8.726029991762498
S31N:N59A:K74I:R87T,S31N:N59A:K74I:R87T,4,8.77179124568716,8.925151838720318,8.925151838720318,8.77179124568716,8.925151838720318,8.925151838720318,8.80809462774762,9.10883636795738,9.10883636795738,8.445179209094697,8.975669704258635,8.975669704258635,8.82245824950888,9.061053659017132,9.061053659017132,8.498927789760677,9.39264880323358,9.39264880323358,8.954210765711863,9.117579093544451,9.117579093544451,8.443297977083557,9.486258818333363,8.443297977083557,0.30515690660104156,8.855151932926567
I52S:K74I:T76S:S77N,I52S:K74I:T76S:S77N,4,9.507215915591983,9.455285752104151,9.455285752104151,9.507215915591983,9.455285752104151,9.455285752104151,9.426404221019409,9.436375136952975,9.436375136952975,8.687994928784072,9.643373411816274,9.643373411816274,9.440498490080794,9.385402821923046,9.385402821923046,8.549816118824388,9.848691133361367,9.848691133361367,9.426675393055408,9.348188321178627,9.348188321178627,8.872989722265702,9.754019199137414,8.872989722265702,0.5790593640413135,9.289329058267683
N59A:K74I:T76S:Y95F:Y106S,N59A:K74I:T76S:Y95F:Y106S,5,8.730545827712428,8.921849273254962,8.921849273254962,8.730545827712428,8.921849273254962,8.921849273254962,8.438562681134089,8.715694239331837,8.715694239331837,8.243779244059217,8.776255647740024,8.776255647740024,8.55766592577278,8.904751986931434,8.904751986931434,8.132697072873988,8.821617446736823,8.821617446736823,8.524964895495854,8.910738738160738,8.910738738160738,7.797297173484989,8.720365617491673,7.797297173484989,0.8129583783447742,8.845650268541938
F29S:S30N:S31N:A58T:S75F,F29S:S30N:S31N:A58T:S75F,5,8.986223526470686,9.021877750799193,9.021877750799193,8.986223526470686,9.021877750799193,9.021877750799193,8.8532323479039,8.986003406930656,8.986003406930656,8.261610910583563,8.78208662745019,8.78208662745019,8.705766589020518,8.878833479939097,8.878833479939097,7.687291065774788,8.588810478372157,8.588810478372157,8.879843845506167,8.987350583803167,8.987350583803167,8.178243451866102,9.003357542433235,8.178243451866102,0.8691822234541178,8.644049402013975
S31N:K74I:R87T:Y95F,S31N:K74I:R87T:Y95F,4,9.18929573448769,9.205122840245416,9.205122840245416,9.18929573448769,9.205122840245416,9.205122840245416,9.16235973919,9.344894004288108,9.344894004288108,8.624335849024082,9.199642884156153,9.199642884156153,9.140636535438055,9.204836618473168,9.204836618473168,8.705111259737853,9.607587780710583,9.607587780710583,9.18362256064497,9.256090143612761,9.256090143612761,8.676922989219996,9.616330796147336,8.676922989219996,0.4837952321395278,8.749365063963094
S31N:K74I:S77N:Y106S,S31N:K74I:S77N:Y106S,4,8.990545057478721,9.169439994093231,9.169439994093231,8.990545057478721,9.169439994093231,9.169439994093231,8.988341447325636,9.28412947763775,9.28412947763775,8.440509401952584,9.306056797737547,9.306056797737547,9.055968079490297,9.280720354446112,9.280720354446112,8.416833556912,9.325437134046329,9.325437134046329,9.063295050384694,9.277722540246431,9.277722540246431,8.570958316416265,9.530248812745578,8.570958316416265,0.9350178930908442,8.84688684787531
I52S:T57S:K74I:S77N,I52S:T57S:K74I:S77N,4,9.275952203426623,9.24279828826433,9.24279828826433,9.275952203426623,9.24279828826433,9.24279828826433,9.295508421425724,9.160694157316119,9.160694157316119,8.53307126197218,9.459878539264055,9.459878539264055,9.388691269340224,9.256910519937565,9.256910519937565,8.427571737556587,9.640419955928191,9.640419955928191,9.355688806015168,9.292029664597523,9.292029664597523,8.791011567774316,9.690765453092691,8.791011567774316,0.9664827971719205,9.141651588738025
S31N:A58T:K74I:T76S:S84N,S31N:A58T:K74I:T76S:S84N,5,8.91331935716039,8.929939800512,8.929939800512,8.91331935716039,8.929939800512,8.929939800512,8.806419853923027,9.015990842473514,9.015990842473514,8.033299158451713,8.592346309399455,8.592346309399455,8.71206168796044,8.927342974943366,8.927342974943366,7.67727323304851,8.58560117051036,8.58560117051036,8.767773615864257,8.954324840988878,8.954324840988878,7.930011190657193,8.72649107253592,7.930011190657193,0.385864564916119,8.740779212862913
S31N:A58T:N59A:S75F:S84N,S31N:A58T:N59A:S75F:S84N,5,9.28122115237721,9.361753067454895,9.361753067454895,9.28122115237721,9.361753067454895,9.361753067454895,9.181651145942636,9.37081062105238,9.37081062105238,8.750672329527493,9.18886627146528,9.18886627146528,9.056108956416791,9.27738995889654,9.27738995889654,8.102233207296546,8.89952313132122,8.89952313132122,9.207611810308482,9.352734561516767,9.352734561516767,8.228507789880238,9.04331634834738,8.228507789880238,0.39664176851511,8.559569836878975
T57S:T71S:K74I:T76S:Y95F,T57S:T71S:K74I:T76S:Y95F,5,8.872596979802873,8.966970855455966,8.966970855455966,8.872596979802873,8.966970855455966,8.966970855455966,8.805678760891956,9.063803125386853,9.063803125386853,8.20533577009254,8.72004362243437,8.72004362243437,8.782285015136683,9.049129334515307,9.049129334515307,8.341252405105257,9.028894488582196,9.028894488582196,8.829356224976562,9.084788687225691,9.084788687225691,8.027107781730425,8.968218836512875,8.027107781730425,0.27044422132894397,8.862773222505538
K74I:R87T:Y95F:Y106S,K74I:R87T:Y95F:Y106S,4,8.988017188943568,9.084195111534221,9.084195111534221,8.988017188943568,9.084195111534221,9.084195111534221,8.943264696693053,9.183061452250334,9.183061452250334,8.540211254209904,9.094270786529979,9.094270786529979,8.985519027141248,9.338338375968718,9.338338375968718,8.52946691687277,9.286517154057714,9.286517154057714,8.946108920449035,9.276064206050863,9.276064206050863,8.484104413461095,9.42612139646171,8.484104413461095,0.2942481539212167,8.807945503713634
S30N:I52S:N59A:K74I:S77N,S30N:I52S:N59A:K74I:S77N,5,9.116648306896819,9.194621027495,9.194621027495,9.116648306896819,9.194621027495,9.194621027495,8.902882358466693,9.084607948613783,9.084607948613783,8.232740971213032,8.84235479763611,8.84235479763611,8.933998860065694,9.121308885930322,9.121308885930322,7.6739605323783255,8.740879902415521,8.740879902415521,8.988127969264331,9.158417554939266,9.158417554939266,8.057637237004743,9.0606497830951,8.057637237004743,0.2662679930217564,8.973687587069051
S31N:N59A:K74I:Y95F,S31N:N59A:K74I:Y95F,4,9.023444489584634,9.153219871401525,9.153219871401525,9.023444489584634,9.153219871401525,9.153219871401525,8.884813390146482,9.147435361069565,9.147435361069565,8.624533102044808,9.106096525350893,9.106096525350893,8.85205771453344,9.178705642859097,9.178705642859097,8.65026046455901,9.406963324098973,9.406963324098973,8.91699413059466,9.184948516030259,9.184948516030259,8.463404327033574,9.509270041384044,8.463404327033574,0.6152559383772314,8.950495905004018
S31N:N59A:K74I:T76S:Y95F,S31N:N59A:K74I:T76S:Y95F,5,9.041460743865343,9.11964898008193,9.11964898008193,9.041460743865343,9.11964898008193,9.11964898008193,8.802382914878233,9.013394469980499,9.013394469980499,8.245290142316566,8.753562884863987,8.753562884863987,8.756578160539398,9.021769544409585,9.021769544409585,8.33928408923336,9.010374006290533,9.010374006290533,8.823001224950621,9.116850360773531,9.116850360773531,8.057919070237785,8.973248812181215,8.057919070237785,0.717634892091155,8.928856063653233
S75F:T76S:S77N:R87T,S75F:T76S:S77N:R87T,4,9.734231140758856,9.689449696623646,9.689449696623646,9.734231140758856,9.689449696623646,9.689449696623646,9.653398059433938,9.502067727771756,9.502067727771756,9.087137695730288,9.840734042797466,9.840734042797466,9.620339786152428,9.51184583201222,9.51184583201222,8.863151871059564,9.977664309335838,9.977664309335838,9.5403151152792,9.438627372860426,9.438627372860426,8.996866703525082,9.817500163011044,8.996866703525082,0.19353522011078894,8.390575255506713
T57S:K74I:Y95F:Y106S,T57S:K74I:Y95F:Y106S,4,8.9859571840623,9.095734709109985,9.095734709109985,8.9859571840623,9.095734709109985,9.095734709109985,8.858978771413346,9.082654896563042,9.082654896563042,8.605381407518081,9.012594838180814,9.012594838180814,8.867592816006935,9.118927866908624,9.118927866908624,8.631405691366247,9.333178878606384,9.333178878606384,8.846348100567134,9.116440897396412,9.116440897396412,8.436729448586288,9.475164295391217,8.436729448586288,0.523717453237623,8.662205652832927
T57S:K74I:T76S:R87T:Y95F,T57S:K74I:T76S:R87T:Y95F,5,8.961280686191571,9.035974749679653,9.035974749679653,8.961280686191571,9.035974749679653,9.035974749679653,8.874668733797115,9.109956706597858,9.109956706597858,8.025567098814692,8.588440818243484,8.588440818243484,8.826779950745776,9.054148370191163,9.054148370191163,8.202569123069912,8.956614751228745,8.956614751228745,8.833457711837768,9.025576153148714,9.025576153148714,8.01792471836884,8.889035927552822,8.01792471836884,0.49052444752305746,8.90019521429105
F29S:T57S:S75F:S77N:S84N,F29S:T57S:S75F:S77N:S84N,5,9.104677408522345,9.219804914480571,9.219804914480571,9.104677408522345,9.219804914480571,9.219804914480571,8.92811173299424,9.160411194927782,9.160411194927782,8.114213464970558,8.928504958234317,8.928504958234317,8.976618786244975,9.174681903933976,9.174681903933976,7.182590801871312,8.639482298241171,8.639482298241171,9.033038419414543,9.164165951991924,9.164165951991924,8.029670463308793,8.994796887493264,8.029670463308793,0.4072248414158821,8.832570556157398
S30N:S31N:K74I:S77N:R87T,S30N:S31N:K74I:S77N:R87T,5,9.028996606487139,9.073723012146408,9.073723012146408,9.028996606487139,9.073723012146408,9.073723012146408,9.127450506232803,9.331982405892573,9.331982405892573,8.121799446774876,8.682903954123454,8.682903954123454,9.132612000566217,9.37971827689935,9.37971827689935,7.826597492900952,8.661650348320272,8.661650348320272,9.112569937676373,9.290009471121138,9.290009471121138,8.171395190517618,9.094000194877545,8.171395190517618,0.6826132861897349,8.927930541757792
S30N:S31N:K74I:S84N:Y95F,S30N:S31N:K74I:S84N:Y95F,5,9.338202094419769,9.378155228497599,9.378155228497599,9.338202094419769,9.378155228497599,9.378155228497599,9.02985154527079,9.24539239954512,9.24539239954512,8.238040422327838,8.834225316537893,8.834225316537893,8.951320374613816,9.219933967156525,9.219933967156525,7.839233487666675,8.729856729927501,8.729856729927501,9.052830083769555,9.226199897548232,9.226199897548232,8.118824492894927,8.966467233890636,8.118824492894927,0.20560126611962914,8.975316134406679
A58T:N59A:S75F:S77N:R87T,A58T:N59A:S75F:S77N:R87T,5,9.247782623618567,9.36038596328081,9.36038596328081,9.247782623618567,9.36038596328081,9.36038596328081,8.963696165566159,9.236958679097379,9.236958679097379,8.543154896502,9.122456050006425,9.122456050006425,9.072816045377373,9.284952106245075,9.284952106245075,8.057087337841374,9.062553433327958,9.062553433327958,9.117680347803047,9.286309044103058,9.286309044103058,8.1483062894629,9.092476067844535,8.1483062894629,0.8030701046809554,8.58143218375488
S75F:S84N:R87T:Y95F,S75F:S84N:R87T:Y95F,4,9.718850669821421,9.566883704937737,9.566883704937737,9.718850669821421,9.566883704937737,9.566883704937737,9.533009006903603,9.609389574634712,9.609389574634712,9.004651734513653,9.670857982915246,9.670857982915246,9.567399659155635,9.514883905033397,9.514883905033397,8.750255954304555,9.829557887086866,9.829557887086866,9.548693668374552,9.478241326041474,9.478241326041474,8.96775065300021,9.799822594983002,8.96775065300021,0.993781884200871,8.788126746325277
F29S:T71S:S75F:R87T:Y95F,F29S:T71S:S75F:R87T:Y95F,5,9.090247665036255,9.166122183099317,9.166122183099317,9.090247665036255,9.166122183099317,9.166122183099317,9.047314467073507,9.242432130802875,9.242432130802875,8.340667241753554,8.893206907037404,8.893206907037404,9.13779738567241,9.248074797775535,9.248074797775535,7.856191035490543,8.81581514155915,8.81581514155915,9.007119729115805,9.081229520338233,9.081229520338233,8.240105247419356,9.094916687274264,8.240105247419356,0.9050811599008739,8.471214719951881
T57S:K74I:T76S:S77N:S84N,T57S:K74I:T76S:S77N:S84N,5,8.890134131964404,8.920334906800406,8.920334906800406,8.890134131964404,8.920334906800406,8.920334906800406,8.82748761758596,9.013043710568642,9.013043710568642,7.878117038843971,8.617548515189586,8.617548515189586,8.858698540160027,9.03437884654694,9.03437884654694,7.5002548038618935,8.577825656369763,8.577825656369763,8.834895498337342,9.027664445235157,9.027664445235157,7.9477024120841895,8.905410931948687,7.9477024120841895,0.24605136131867766,8.9215231222371
F29S:S30N:S31N:T57S:K74I,F29S:S30N:S31N:T57S:K74I,5,8.494166904688528,8.67084365639403,8.67084365639403,8.494166904688528,8.67084365639403,8.67084365639403,8.429131392241068,8.670493083645912,8.670493083645912,7.801595685684332,8.396194492536651,8.396194492536651,8.339673502634096,8.633550679339947,8.633550679339947,7.276690179218346,8.200464717244127,8.200464717244127,8.56196182684833,8.940900959685388,8.940900959685388,7.840745217865338,8.81893379996101,7.840745217865338,0.3601676153484732,8.880437365585827
I52S:N59A:T71S:K74I:S77N,I52S:N59A:T71S:K74I:S77N,5,8.968096161993863,9.170188008438283,9.170188008438283,8.968096161993863,9.170188008438283,9.170188008438283,8.833126436778398,9.091743240986188,9.091743240986188,8.152415196520536,8.711763846065997,8.711763846065997,8.965878904364782,9.174652419772178,9.174652419772178,7.616451605091484,8.553164960302777,8.553164960302777,9.049538421249933,9.216107249637428,9.216107249637428,8.097234135700315,9.044095144362187,8.097234135700315,0.5561950670089573,8.78694642506911
I52S:N59A:T71S:K74I:R87T,I52S:N59A:T71S:K74I:R87T,5,9.081948739207704,9.258878798379042,9.258878798379042,9.081948739207704,9.258878798379042,9.258878798379042,8.907168833613074,9.150816767338444,9.150816767338444,8.493670326483496,8.948500176724197,8.948500176724197,8.946149759088717,9.151696036201393,9.151696036201393,7.969698579904359,8.877928152240107,8.877928152240107,9.056476362086817,9.209971719256577,9.209971719256577,8.17885957608259,9.130500082752965,8.17885957608259,0.8475148112047464,8.934426145420288
F29S:K74I:T76S:S77N,F29S:K74I:T76S:S77N,4,8.663851225040816,8.666452419615133,8.666452419615133,8.663851225040816,8.666452419615133,8.666452419615133,8.571090799953351,8.819097246401979,8.819097246401979,8.321184923806712,9.003855424845266,9.003855424845266,8.700042776431536,8.956744767449607,8.956744767449607,7.950700172001336,9.079717803726014,9.079717803726014,8.775804837498894,9.127732583027804,9.127732583027804,8.40865025671962,9.636969988625324,8.40865025671962,0.8490590890869498,9.108591264071817
I52S:K74I:S77N:S84N,I52S:K74I:S77N:S84N,4,9.463289744145285,9.373145970726302,9.373145970726302,9.463289744145285,9.373145970726302,9.373145970726302,9.440138747663106,9.47636172962696,9.47636172962696,8.645806376623849,9.755770438423617,9.755770438423617,9.408115558663429,9.411188533003124,9.411188533003124,8.309993105826228,10.021924909003149,10.021924909003149,9.37539290257409,9.378962365260767,9.378962365260767,8.771141991759228,9.776955458889057,8.771141991759228,0.5930068590678275,8.881074116187023
S30N:S31N:N59A:T71S:K74I,S30N:S31N:N59A:T71S:K74I,5,8.633782661555136,8.852461679298688,8.852461679298688,8.633782661555136,8.852461679298688,8.852461679298688,8.545938617467733,8.827926094153934,8.827926094153934,8.224610410115066,8.741184526789334,8.741184526789334,8.558176367801504,8.86887477088649,8.86887477088649,8.104486627855788,8.836655474472776,8.836655474472776,8.711646790872138,8.957273940120727,8.957273940120727,7.802923760155684,8.73176940333725,7.802923760155684,0.8472167998552322,9.14756117895436
K74I:T76S:S84N:R87T:Y106S,K74I:T76S:S84N:R87T:Y106S,5,9.09366278143136,9.121071846099754,9.121071846099754,9.09366278143136,9.121071846099754,9.121071846099754,8.919360129878395,9.155420246174057,9.155420246174057,7.9847938543323,8.768287198977113,8.768287198977113,8.893460092948773,9.152091907707165,9.152091907707165,7.748018474977224,8.735470219944153,8.735470219944153,8.827894473221644,9.12176448837363,9.12176448837363,7.97043553090069,8.860332546056739,7.97043553090069,0.9369473941624165,8.71819133830597
F29S:S30N:S31N:K74I:T76S,F29S:S30N:S31N:K74I:T76S,5,8.6316316182053,8.704435799512172,8.704435799512172,8.6316316182053,8.704435799512172,8.704435799512172,8.404882051661215,8.58815941602078,8.58815941602078,7.609610464726314,8.177131839273164,8.177131839273164,8.437258394283845,8.808827859183639,8.808827859183639,7.385647105360568,8.248504574745555,8.248504574745555,8.663930166219195,8.979606873714305,8.979606873714305,8.010419280999193,8.931371728239016,8.010419280999193,0.35895288130268455,8.88113485025603
K74I:S77N:R87T:Y95F:Y106S,K74I:S77N:R87T:Y95F:Y106S,5,8.849255424355611,8.932645826629267,8.932645826629267,8.849255424355611,8.932645826629267,8.932645826629267,8.70229311619179,8.943634778306164,8.943634778306164,7.910832183288912,8.618193851101314,8.618193851101314,8.816915974525664,9.074906657646771,9.074906657646771,7.640608415822847,8.55252774905333,8.55252774905333,8.725848077748113,8.983993942810343,8.983993942810343,7.821973374961916,8.849081853179367,7.821973374961916,0.9654781168792397,8.90695713781799
I52S:T57S:A58T:T76S,I52S:T57S:A58T:T76S,4,8.528730770426325,8.680701188500901,8.680701188500901,8.528730770426325,8.680701188500901,8.680701188500901,8.744025797474498,9.322946535756092,9.322946535756092,8.481454101807001,8.924635133282113,8.924635133282113,8.706321907186553,9.294609518183917,9.294609518183917,8.491480302562518,9.409720736027987,9.409720736027987,8.701924258798554,9.126614721014073,9.126614721014073,8.298346230678925,9.434263149700575,8.298346230678925,0.001522702630609274,8.838841795579008
T71S:S75F:T76S:R87T,T71S:S75F:T76S:R87T,4,9.58964722838568,9.57098903948782,9.57098903948782,9.58964722838568,9.57098903948782,9.57098903948782,9.594372986847254,9.550239151326222,9.550239151326222,9.155272861836362,9.64356722453717,9.64356722453717,9.536200494829666,9.544152533742333,9.544152533742333,9.163615459972094,9.74860937531909,9.74860937531909,9.57785346722446,9.484066984533877,9.484066984533877,9.071712689690948,9.786923559472186,9.071712689690948,0.09641387336887419,8.812736524844063
F29S:T57S:S75F:S84N:R87T,F29S:T57S:S75F:S84N:R87T,5,9.22826122089019,9.319128819138736,9.319128819138736,9.22826122089019,9.319128819138736,9.319128819138736,8.902126345743278,9.143021468932096,9.143021468932096,8.31873451864666,9.040299205789621,9.040299205789621,8.991850756100717,9.097012868102828,9.097012868102828,7.417659696323836,8.742058449891502,8.742058449891502,9.018842981807158,9.064906515339588,9.064906515339588,8.082734737468513,9.025004050757557,8.082734737468513,0.6913437047041953,9.088507206927979
S31N:R87T:Y95F:Y106S,S31N:R87T:Y95F:Y106S,4,8.570347240924399,8.679629815331728,8.679629815331728,8.570347240924399,8.679629815331728,8.679629815331728,8.518720924884537,8.872340108594464,8.872340108594464,8.287775714553407,8.862710317457353,8.862710317457353,8.404508147409075,8.797107214832453,8.797107214832453,8.31535717647681,9.153604442707602,9.153604442707602,8.409293570257093,8.853830306149373,8.853830306149373,8.007393195536894,9.190134281158748,8.007393195536894,0.8305178419686854,8.797771562504549
S31N:T57S:K74I:T76S:Y106S,S31N:T57S:K74I:T76S:Y106S,5,8.998962624065701,9.14978960452116,9.14978960452116,8.998962624065701,9.14978960452116,9.14978960452116,8.971526197835454,9.201846178940531,9.201846178940531,8.16235922535874,8.784729891482453,8.784729891482453,8.920354301364675,9.186578843606961,9.186578843606961,8.447495605818643,9.140422146809795,9.140422146809795,8.951747413462224,9.227572640130724,9.227572640130724,8.128221717606571,9.088653757412732,8.128221717606571,0.4715426852926612,8.58749845608531
S31N:N59A:K74I:S84N,S31N:N59A:K74I:S84N,4,8.894130892249121,8.98289566725166,8.98289566725166,8.894130892249121,8.98289566725166,8.98289566725166,8.864701553056246,9.196388182813951,9.196388182813951,8.50956906442718,9.048286803890774,9.048286803890774,8.79157881584151,9.235769701420228,9.235769701420228,8.171076757202673,9.058525230306108,9.058525230306108,8.884319781223915,9.215397550817368,9.215397550817368,8.375304408634674,9.315181143085548,8.375304408634674,0.9520876896567643,8.764882550327703
S31N:K74I:S77N:R87T,S31N:K74I:S77N:R87T,4,9.036639926238022,9.053679673923288,9.053679673923288,9.036639926238022,9.053679673923288,9.053679673923288,9.121784251218743,9.292124310385894,9.292124310385894,8.500361915196605,9.170117601839964,9.170117601839964,9.188566698097105,9.29244900848756,9.29244900848756,8.337163752818018,9.24578561763182,9.24578561763182,9.182605085991776,9.256916335469299,9.256916335469299,8.630427222658529,9.58316522774086,8.630427222658529,0.781111913267523,9.102476843859858
S31N:N59A:K74I:T76S:S77N,S31N:N59A:K74I:T76S:S77N,5,8.749029494186294,8.86704560505366,8.86704560505366,8.749029494186294,8.86704560505366,8.86704560505366,8.66796656348049,8.91415620250176,8.91415620250176,7.938645880014674,8.45389907987752,8.45389907987752,8.712031272450496,8.97696226244964,8.97696226244964,7.835269840146449,8.59692506776159,8.59692506776159,8.81110019664708,9.07316175227006,9.07316175227006,7.973058419125899,8.89844324064587,7.973058419125899,0.5852195979095995,8.829674909817909
S31N:I52S:A58T:R87T,S31N:I52S:A58T:R87T,4,8.955973536370982,9.098208336022287,9.098208336022287,8.955973536370982,9.098208336022287,9.098208336022287,8.838764460584121,9.051394099589613,9.051394099589613,8.483513010852102,9.013339705229061,9.013339705229061,8.78174108040739,9.062839897405958,9.062839897405958,8.365960422535931,9.180365436208271,9.180365436208271,8.835019174744138,9.089795576133778,9.089795576133778,8.250526197784339,9.14503220675765,8.250526197784339,0.006950664566829801,9.073580048564311
S30N:T71S:K74I:S84N,S30N:T71S:K74I:S84N,4,8.96658024713545,9.003341724654819,9.003341724654819,8.96658024713545,9.003341724654819,9.003341724654819,8.941313337984283,9.00697339601389,9.00697339601389,8.653832426831446,9.122946309193592,9.122946309193592,8.963672412753313,9.179077486587854,9.179077486587854,8.263002766847915,9.089164338093816,9.089164338093816,9.00507376347887,9.139864118020757,9.139864118020757,8.502703925356688,9.257714189090692,8.502703925356688,0.8724984943401068,8.859239640289061
S30N:K74I:T76S:Y95F:Y106S,S30N:K74I:T76S:Y95F:Y106S,5,8.777298733566376,8.896863636302008,8.896863636302008,8.777298733566376,8.896863636302008,8.896863636302008,8.644037928886096,8.8374700638137,8.8374700638137,7.902213479132739,8.514566960058357,8.514566960058357,8.73289033005914,9.047689466818348,9.047689466818348,8.0919525381408,8.773134360924285,8.773134360924285,8.770986345850318,9.073583689546876,9.073583689546876,7.931508360111829,8.806123071887146,7.931508360111829,0.8636939649004489,8.883017037008923
F29S:T57S:S75F:R87T:Y95F,F29S:T57S:S75F:R87T:Y95F,5,8.928262886455482,9.033881095997526,9.033881095997526,8.928262886455482,9.033881095997526,9.033881095997526,8.873213262910472,9.102972314146218,9.102972314146218,8.121308736050901,8.71879547781515,8.71879547781515,9.03629081323466,9.15279709365175,9.15279709365175,7.6325769594962996,8.613371367320385,8.613371367320385,8.962503218398655,9.091584100343875,9.091584100343875,8.187729345806586,9.037295048108355,8.187729345806586,0.9723721970804036,8.92660583012354
F29S:S31N:K74I:S84N,F29S:S31N:K74I:S84N,4,8.76433936574442,8.772399581711616,8.772399581711616,8.76433936574442,8.772399581711616,8.772399581711616,8.692297006010998,8.87826063579718,8.87826063579718,8.321693574435113,8.988714839615577,8.988714839615577,8.519376602415727,8.807215378670428,8.807215378670428,7.872137290333071,9.031909695815678,9.031909695815678,8.668431313064923,9.073216214588172,9.073216214588172,8.349284717890814,9.454207845477457,8.349284717890814,0.3455173724796623,8.853798963029146
I52S:N59A:T71S:K74I,I52S:N59A:T71S:K74I,4,9.21337136939403,9.388814248530657,9.388814248530657,9.21337136939403,9.388814248530657,9.388814248530657,9.110097749901069,9.346802942234518,9.346802942234518,8.968638726114325,9.384708728349555,9.384708728349555,9.136340736199731,9.304997544833524,9.304997544833524,8.638616213840328,9.53625616303509,9.53625616303509,9.191161627513015,9.3424828933776,9.3424828933776,8.735699649185996,9.754233603950542,8.735699649185996,0.21443276247009635,8.80224931198071
S31N:T57S:K74I:S84N:R87T,S31N:T57S:K74I:S84N:R87T,5,9.228796518410526,9.303991180916238,9.303991180916238,9.228796518410526,9.303991180916238,9.303991180916238,9.122734551610169,9.28038849348419,9.28038849348419,8.333623417347539,9.001490963295867,9.001490963295867,8.994310113834603,9.192235703083764,9.192235703083764,7.899949996054714,8.861918864047638,8.861918864047638,9.071430873393307,9.257560305253627,9.257560305253627,8.145095927730338,9.024072622697139,8.145095927730338,0.8080430028494447,8.84343302806436
S30N:K74I:R87T:Y106S,S30N:K74I:R87T:Y106S,4,8.846542832428376,8.93763456539858,8.93763456539858,8.846542832428376,8.93763456539858,8.93763456539858,8.967411135282592,9.189169012590593,9.189169012590593,8.56860033127395,9.19784449753423,9.19784449753423,8.965951273390194,9.214501030473775,9.214501030473775,8.490039402178946,9.220970685621866,9.220970685621866,8.9779243843517,9.234538947277187,9.234538947277187,8.530670016611486,9.422129356032007,8.530670016611486,0.0012771149631589651,8.874739934079528
S30N:S31N:T71S:K74I:Y95F,S30N:S31N:T71S:K74I:Y95F,5,9.130753564592546,9.229019528526928,9.229019528526928,9.130753564592546,9.229019528526928,9.229019528526928,9.083737054320228,9.241063209351939,9.241063209351939,8.379084905823976,8.889586532260468,8.889586532260468,9.022005815230619,9.2346120702028,9.2346120702028,8.355064042313371,9.055873450426084,9.055873450426084,9.044985300311229,9.170243056739727,9.170243056739727,8.11388821123114,9.053575299378803,8.11388821123114,0.40125888166949153,9.198245942530724
S31N:T71S:K74I:S77N:Y106S,S31N:T71S:K74I:S77N:Y106S,5,8.760234287189723,8.976066495091313,8.976066495091313,8.760234287189723,8.976066495091313,8.976066495091313,8.77696988661907,9.076225962971616,9.076225962971616,7.973890163304633,8.662791950483724,8.662791950483724,8.835182185904888,9.121183495095426,9.121183495095426,7.857629039040318,8.72149630535332,8.72149630535332,8.868489644654007,9.118420785942773,9.118420785942773,7.980791803078539,8.923213380286228,7.980791803078539,0.44804775272496045,9.047297840891757
S31N:T57S:N59A:K74I:Y106S,S31N:T57S:N59A:K74I:Y106S,5,8.696368802794467,9.003676720765753,9.003676720765753,8.696368802794467,9.003676720765753,9.003676720765753,8.598530018860178,9.013931772866743,9.013931772866743,8.23111035619643,8.815198915817325,8.815198915817325,8.59213361361399,8.962404481389765,8.962404481389765,8.229243131539956,8.9639347706547,8.9639347706547,8.646887116248985,9.015544349295704,9.015544349295704,7.805799851238365,8.852984249286106,7.805799851238365,0.7367972342763096,8.671931121773234
I52S:T57S:T71S:K74I,I52S:T57S:T71S:K74I,4,9.280563417506569,9.35481786225871,9.35481786225871,9.280563417506569,9.35481786225871,9.35481786225871,9.313433496991983,9.391068162549569,9.391068162549569,8.932004148513638,9.381258022473558,9.381258022473558,9.32715823376593,9.381271571275981,9.381271571275981,8.806319060840433,9.613298187955325,9.613298187955325,9.358976425276932,9.302337261029408,9.302337261029408,8.871944594156728,9.728642968640418,8.871944594156728,0.9894142271950841,8.912745638254371
F29S:S31N:A58T:S75F:T76S,F29S:S31N:A58T:S75F:T76S,5,8.859159626668811,8.81392930492004,8.81392930492004,8.859159626668811,8.81392930492004,8.81392930492004,8.797374163558086,8.871666469019459,8.871666469019459,8.167584764531664,8.58091435184505,8.58091435184505,8.688495624911171,8.857512344745377,8.857512344745377,7.737850541915394,8.46660990990087,8.46660990990087,8.774956609033897,8.895171801098124,8.895171801098124,8.16824573057791,8.91336453005785,8.16824573057791,0.08098030788823962,8.697256616767806
N59A:K74I:T76S:R87T:Y95F,N59A:K74I:T76S:R87T:Y95F,5,8.907345715989875,9.003933677818244,9.003933677818244,8.907345715989875,9.003933677818244,9.003933677818244,8.644207586035778,8.91161613282264,8.91161613282264,8.2064998120578,8.707064322424062,8.707064322424062,8.66724545242039,8.940167504721105,8.940167504721105,8.021986436460883,8.82005277450706,8.82005277450706,8.658061639937774,8.905162491073757,8.905162491073757,7.88145442556071,8.760638359745045,7.88145442556071,0.9618440703488886,8.855453763790177
F29S:S31N:A58T:S75F:S77N,F29S:S31N:A58T:S75F:S77N,5,8.964071402581524,8.985306869795169,8.985306869795169,8.964071402581524,8.985306869795169,8.985306869795169,8.96897050827666,9.142740276184345,9.142740276184345,8.159344510440551,8.7657792530826,8.7657792530826,8.742589360734046,8.972632406300288,8.972632406300288,7.347653167160642,8.513569896251841,8.513569896251841,8.85776204236005,9.039543622994172,9.039543622994172,8.078722771008973,8.958833531066125,8.078722771008973,0.9707819835748523,8.53260486866184
F29S:S31N:A58T:S75F,F29S:S31N:A58T:S75F,4,9.032883884854241,9.01587336633902,9.01587336633902,9.032883884854241,9.01587336633902,9.01587336633902,9.029047607624035,9.087560888799668,9.087560888799668,8.654415106099124,9.106037817054425,9.106037817054425,8.844088955394687,9.010455508912012,9.010455508912012,8.228531918017849,9.185223520642062,9.185223520642062,8.942613452641945,9.109116164449304,9.109116164449304,8.617822277239998,9.407987585132032,8.617822277239998,0.9226815416477621,8.70323520751555
N59A:T71S:K74I:T76S:S84N,N59A:T71S:K74I:T76S:S84N,5,8.788917008964614,8.902078916972199,8.902078916972199,8.788917008964614,8.902078916972199,8.902078916972199,8.58404102745462,8.818029172837345,8.818029172837345,8.25654722835185,8.708458431661454,8.708458431661454,8.577976745277853,8.879963157914142,8.879963157914142,7.531896870495457,8.388829775555042,8.388829775555042,8.664398241788948,8.978050165176423,8.978050165176423,7.793473363402863,8.669442446977447,7.793473363402863,0.1295609576627612,8.492579347702634
S30N:T57S:T71S:K74I:T76S,S30N:T57S:T71S:K74I:T76S,5,8.503719514657723,8.615335907707829,8.615335907707829,8.503719514657723,8.615335907707829,8.615335907707829,8.695263674398504,8.865177801735246,8.865177801735246,8.100640435167085,8.510401206670357,8.510401206670357,8.803514034080903,9.049833478638288,9.049833478638288,8.177364576323567,8.837309425904852,8.837309425904852,8.940676587522125,9.118060568769431,9.118060568769431,8.008269304727964,8.914973484669442,8.008269304727964,0.5022752343211323,8.849219171912495
S31N:T71S:K74I:S77N,S31N:T71S:K74I:S77N,4,8.967967961614667,9.12500184758308,9.12500184758308,8.967967961614667,9.12500184758308,9.12500184758308,9.05430378522838,9.265833122725915,9.265833122725915,8.519736310760306,9.085808728692333,9.085808728692333,9.080031001886045,9.2734531295918,9.2734531295918,8.366226135477572,9.180951387012945,9.180951387012945,9.136002006586462,9.234166783915231,9.234166783915231,8.602175756035638,9.363287518836195,8.602175756035638,0.5639053438790143,9.073435191770304
F29S:T57S:K74I:T76S:S84N,F29S:T57S:K74I:T76S:S84N,5,8.45400355338576,8.60407668384787,8.60407668384787,8.45400355338576,8.60407668384787,8.60407668384787,8.153707050898959,8.564195043441309,8.564195043441309,7.6332679718576335,8.350085634188682,8.350085634188682,8.195395145481216,8.516942204908519,8.516942204908519,7.0135413540095,8.195666168990295,8.195666168990295,8.310883254730912,8.594098718286043,8.594098718286043,7.657655363439354,8.600520637843049,7.657655363439354,0.820451216539368,8.960143118965112
F29S:T57S:A58T:S75F:S77N,F29S:T57S:A58T:S75F:S77N,5,8.8165853537548,8.88317796723222,8.88317796723222,8.8165853537548,8.88317796723222,8.88317796723222,8.755176698265998,9.00606605173233,9.00606605173233,8.237522275131685,8.733359594934713,8.733359594934713,8.788219442442205,9.011504919025107,9.011504919025107,7.36556127836678,8.480907449206985,8.480907449206985,8.822827717776704,8.975555025437203,8.975555025437203,8.058834989295153,8.930179360090609,8.058834989295153,0.5240484427195042,8.758066341635459
F29S:S31N:T57S:T71S:K74I,F29S:S31N:T57S:T71S:K74I,5,8.655495604560548,8.78598742120186,8.78598742120186,8.655495604560548,8.78598742120186,8.78598742120186,8.60807550521637,8.819675671452126,8.819675671452126,8.180693548689938,8.639252962123345,8.639252962123345,8.392482350688322,8.677672153422701,8.677672153422701,7.559908673097168,8.400568761810616,8.400568761810616,8.475711571471098,8.831450743797715,8.831450743797715,7.788836890121185,8.686375775594142,7.788836890121185,0.21718926494941115,8.578776538027386
S30N:K74I:S84N:R87T:Y95F,S30N:K74I:S84N:R87T:Y95F,5,9.019905906158185,9.023811041467276,9.023811041467276,9.019905906158185,9.023811041467276,9.023811041467276,8.830709093120536,9.016174070306985,9.016174070306985,8.00022535857144,8.577907180954641,8.577907180954641,8.88968480664355,9.089612258012503,9.089612258012503,7.574615259152413,8.493696880846969,8.493696880846969,8.921518218858031,9.126738166290124,9.126738166290124,7.993340157859845,8.927426722796847,7.993340157859845,0.1663874709047377,8.740661633295954
S31N:T57S:N59A:K74I,S31N:T57S:N59A:K74I,4,8.848216956043888,9.069731013517831,9.069731013517831,8.848216956043888,9.069731013517831,9.069731013517831,8.843204726176145,9.155389177652069,9.155389177652069,8.588645071777995,9.108889927626585,9.108889927626585,8.787542918230939,9.022939277129426,9.022939277129426,8.63074090035667,9.353556820967123,9.353556820967123,8.871628777635543,9.147847130620601,9.147847130620601,8.4046830090281,9.418618193281953,8.4046830090281,0.24681218853220344,8.889804928615508
F29S:S31N:K74I:T76S,F29S:S31N:K74I:T76S,4,8.76336861843615,8.824676884175245,8.824676884175245,8.76336861843615,8.824676884175245,8.824676884175245,8.686629410210765,8.86186766436834,8.86186766436834,8.270092108630823,8.916254155916766,8.916254155916766,8.649085511788142,9.025770893599063,9.025770893599063,8.144503100963629,9.047422230653142,9.047422230653142,8.761793589156245,9.089680173933212,9.089680173933212,8.553871242077603,9.531477969774183,8.553871242077603,0.1312058763578534,8.824498668841308
S31N:T57S:N59A:T71S:K74I,S31N:T57S:N59A:T71S:K74I,5,8.752741002957638,8.998221146153178,8.998221146153178,8.752741002957638,8.998221146153178,8.998221146153178,8.68181185183497,8.987296784618458,8.987296784618458,8.449577016456772,8.957911212154253,8.957911212154253,8.625423835374002,8.874334961884104,8.874334961884104,8.271054834869586,8.963764912010967,8.963764912010967,8.729257401190068,8.990128823589053,8.990128823589053,7.810412446133611,8.82301361787087,7.810412446133611,0.4522193802986294,8.684667823844192
T57S:K74I:S77N:S84N:Y95F,T57S:K74I:S77N:S84N:Y95F,5,8.919845162499412,8.962110022171645,8.962110022171645,8.919845162499412,8.962110022171645,8.962110022171645,8.681178125865705,8.88349932247303,8.88349932247303,7.884374544785177,8.654214547983582,8.654214547983582,8.714467192454597,8.939212560888473,8.939212560888473,7.321814204661138,8.468531660577224,8.468531660577224,8.757333159896392,8.977839474585979,8.977839474585979,7.7711574529002725,8.705219213631217,7.7711574529002725,0.6626037305686623,8.821149825640628
T71S:K74I:T76S:S84N:R87T,T71S:K74I:T76S:S84N:R87T,5,9.171811883592078,9.193643052064127,9.193643052064127,9.171811883592078,9.193643052064127,9.193643052064127,8.97818517988863,9.141333460089148,9.141333460089148,8.161512492927024,8.73432061082195,8.73432061082195,8.895894633460468,9.11557995113079,9.11557995113079,7.725572809426608,8.665635104996735,8.665635104996735,8.987714645134503,9.172442576138485,9.172442576138485,8.063069595353902,8.889975001403478,8.063069595353902,0.741018139757216,8.862944054312667
F29S:S30N:T57S:K74I:T76S,F29S:S30N:T57S:K74I:T76S,5,8.113975127451733,8.247092153286152,8.247092153286152,8.113975127451733,8.247092153286152,8.247092153286152,8.02121662565673,8.340571311302861,8.340571311302861,7.486450000637356,8.026274545565878,8.026274545565878,8.251429753302785,8.603424140974715,8.603424140974715,7.205708149107739,8.046390455082713,8.046390455082713,8.475153817451258,8.820571017835105,8.820571017835105,7.773574953036731,8.704721651460737,7.773574953036731,0.3182329381816089,8.88907411337395
F29S:S31N:N59A:T71S:S75F,F29S:S31N:N59A:T71S:S75F,5,8.769495121410865,8.850217815444022,8.850217815444022,8.769495121410865,8.850217815444022,8.850217815444022,8.710814284162701,8.893673479749946,8.893673479749946,8.197390065973039,8.655032904974798,8.655032904974798,8.591381941635259,8.789180132326706,8.789180132326706,7.565464847397786,8.458184889532554,8.458184889532554,8.6597727624004,8.837262727848033,8.837262727848033,7.926834580308769,8.831011538718059,7.926834580308769,0.7925622900947928,8.448472298188447
F29S:S30N:A58T:S75F:Y95F,F29S:S30N:A58T:S75F:Y95F,5,8.869721350481143,8.93862584228211,8.93862584228211,8.869721350481143,8.93862584228211,8.93862584228211,8.726827152190006,8.948558403870583,8.948558403870583,8.157595306993722,8.691226538397977,8.691226538397977,8.794324171911356,8.988187949494295,8.988187949494295,7.547470776738298,8.447547233167986,8.447547233167986,8.792280407306253,8.976575314185622,8.976575314185622,8.099370267709551,8.959689377382565,8.099370267709551,0.9353351066820323,8.851087298999214
S30N:T71S:K74I:S77N:Y106S,S30N:T71S:K74I:S77N:Y106S,5,8.522878105772998,8.698378237437463,8.698378237437463,8.522878105772998,8.698378237437463,8.698378237437463,8.62208117151112,8.858166340588125,8.858166340588125,8.012455390694125,8.613948221732397,8.613948221732397,8.677636377961697,8.917804634533328,8.917804634533328,7.7218260519387485,8.536987024354712,8.536987024354712,8.65774435615899,8.95274594327156,8.95274594327156,7.831774240596371,8.761251179353113,7.831774240596371,0.79010154819116,8.896096109495309
S31N:N59A:T71S:K74I:Y95F,S31N:N59A:T71S:K74I:Y95F,5,8.911391324362093,9.104132281341531,9.104132281341531,8.911391324362093,9.104132281341531,9.104132281341531,8.7431660646683,9.057349099853377,9.057349099853377,8.415000362829826,8.92937789711845,8.92937789711845,8.689682867067992,9.011672594713618,9.011672594713618,8.292312795640802,8.983039838508521,8.983039838508521,8.757610791370153,9.060550180368375,9.060550180368375,7.892382063106339,8.885374972140092,7.892382063106339,0.9635510176885873,8.895868987745432
S31N:A58T:T71S:K74I:S84N,S31N:A58T:T71S:K74I:S84N,5,8.844393738673835,8.919579352660522,8.919579352660522,8.844393738673835,8.919579352660522,8.919579352660522,8.717475610486812,8.910439712080258,8.910439712080258,8.276640716588405,8.769460812588628,8.769460812588628,8.581710898600422,8.854659531681294,8.854659531681294,7.6241608761782445,8.512273071503554,8.512273071503554,8.735861689727615,8.871954286675898,8.871954286675898,7.834449314169204,8.644601799737286,7.834449314169204,0.4291763664223254,8.687101076611848
F29S:K74I:T76S:S84N:R87T,F29S:K74I:T76S:S84N:R87T,5,8.726345734943791,8.808392465413645,8.808392465413645,8.726345734943791,8.808392465413645,8.808392465413645,8.331049332876734,8.671717769599173,8.671717769599173,7.776575824284834,8.52541290287529,8.52541290287529,8.420964481579563,8.667131427469334,8.667131427469334,7.052681052052163,8.306494967900955,8.306494967900955,8.48031412279266,8.750417855039192,8.750417855039192,7.714889541135658,8.706928877658495,7.714889541135658,0.47651872620917857,8.94262588747224
T57S:T71S:K74I:T76S:S77N,T57S:T71S:K74I:T76S:S77N,5,8.64599027303019,8.777521983276147,8.777521983276147,8.64599027303019,8.777521983276147,8.777521983276147,8.67096014512011,8.846947972586367,8.846947972586367,7.95897201049986,8.52250033171449,8.52250033171449,8.789284176734197,8.944395193427908,8.944395193427908,7.842691682305002,8.614237460031378,8.614237460031378,8.873798089109785,9.013821182658162,9.013821182658162,7.996617429904343,8.879288657031776,7.996617429904343,0.08517988678067923,8.907744324039498
F29S:S31N:A58T:S75F:S84N,F29S:S31N:A58T:S75F:S84N,5,9.078546590567331,9.045555864924559,9.045555864924559,9.078546590567331,9.045555864924559,9.045555864924559,8.88191748181924,8.989610139067649,8.989610139067649,8.253845375110052,8.79517191569251,8.79517191569251,8.62952904329399,8.837436356922261,8.837436356922261,7.257634983964092,8.443767883228498,8.443767883228498,8.782247235611415,8.912255305145667,8.912255305145667,7.996865682452855,8.823288885773616,7.996865682452855,0.52396793034859,8.646057899211613
T71S:S75F:T76S:S84N:Y95F,T71S:S75F:T76S:S84N:Y95F,5,9.577477907681144,9.563663598041451,9.563663598041451,9.577477907681144,9.563663598041451,9.563663598041451,9.439988575893475,9.51558180931672,9.51558180931672,8.660808586448313,9.218937074098097,9.218937074098097,9.46097798733567,9.515574641602008,9.515574641602008,8.394533565234271,9.208158485926964,9.208158485926964,9.503376887337243,9.507321476850871,9.507321476850871,8.598035608446242,9.318876789566222,8.598035608446242,0.7891367496922612,8.779000120795047
T57S:N59A:K74I:T76S:Y106S,T57S:N59A:K74I:T76S:Y106S,5,8.352812566109646,8.539785719174231,8.539785719174231,8.352812566109646,8.539785719174231,8.539785719174231,8.322548250810284,8.73067544712837,8.73067544712837,8.056595626490976,8.52575283272478,8.52575283272478,8.449263634424211,8.82061491127934,8.82061491127934,8.037428678871233,8.695349603586772,8.695349603586772,8.425418452979102,8.820665518106935,8.820665518106935,7.680598068121209,8.595404391210455,7.680598068121209,0.22876709466800094,8.51997839920317
F29S:A58T:S75F:S77N,F29S:A58T:S75F:S77N,4,9.072815237881096,9.090505726911989,9.090505726911989,9.072815237881096,9.090505726911989,9.090505726911989,9.01686616992347,9.320289028538845,9.320289028538845,8.742208837298516,9.40479788607628,9.40479788607628,8.992724429635127,9.291174529321651,9.291174529321651,8.122010931406436,9.586505679173579,9.586505679173579,9.040294613938844,9.238257849189184,9.238257849189184,8.580807652612032,9.61556519455854,8.580807652612032,0.44843899412080646,8.552248338385674
S30N:T71S:K74I:R87T,S30N:T71S:K74I:R87T,4,8.807119419387698,8.977967207289204,8.977967207289204,8.807119419387698,8.977967207289204,8.977967207289204,8.980879972342617,9.164540759649906,9.164540759649906,8.577425572584286,9.054496471639307,9.054496471639307,9.034673776816943,9.218994436833317,9.218994436833317,8.471198426106664,9.286532936509776,9.286532936509776,9.064704674299987,9.192126603009951,9.192126603009951,8.534734875492191,9.412089947178334,8.534734875492191,0.590327764628455,9.097157455274631
F29S:A58T:S75F:T76S:S77N,F29S:A58T:S75F:T76S:S77N,5,8.886518059726907,8.816625069984363,8.816625069984363,8.886518059726907,8.816625069984363,8.816625069984363,8.771726196554441,8.901935666782155,8.901935666782155,8.24712586920246,8.80403700271737,8.80403700271737,8.8214094549778,8.994314886478758,8.994314886478758,7.530766304423488,8.614014159722496,8.614014159722496,8.847428491871785,9.009314571765664,9.009314571765664,8.09171894945479,8.971609036485082,8.09171894945479,0.43008529394865036,8.689084087725249
T57S:K74I:R87T:Y95F,T57S:K74I:R87T:Y95F,4,8.901093563261716,8.98754512247595,8.98754512247595,8.901093563261716,8.98754512247595,8.98754512247595,8.902404568214555,9.091002975851888,9.091002975851888,8.49983376211926,9.03406994470895,9.03406994470895,8.94462278140737,9.104171149870515,9.104171149870515,8.563030103692459,9.282658662808792,9.282658662808792,8.956738200919105,9.159462123246175,9.159462123246175,8.49437150500531,9.32942973878261,8.49437150500531,0.24979751650243998,8.839868543991043
S31N:T57S:R87T:Y95F:Y106S,S31N:T57S:R87T:Y95F:Y106S,5,8.48430913846766,8.637171362769354,8.637171362769354,8.48430913846766,8.637171362769354,8.637171362769354,8.396326472546553,8.726806396115753,8.726806396115753,7.948923038295305,8.46330561481562,8.46330561481562,8.153898394541077,8.510927967939992,8.510927967939992,7.978352307001617,8.680373768284348,8.680373768284348,8.163225443704874,8.588790284954559,8.588790284954559,7.392890412304318,8.487338616883433,7.392890412304318,0.370761334663257,8.61413514475594
K74I:S84N:R87T:Y95F,K74I:S84N:R87T:Y95F,4,9.13740484041264,9.072388734936949,9.072388734936949,9.13740484041264,9.072388734936949,9.072388734936949,8.948611895822907,9.142325950290058,9.142325950290058,8.491131295903173,9.197717258515834,9.197717258515834,9.006477611030153,9.176177081611355,9.176177081611355,8.213838643204328,9.315074286661707,9.315074286661707,9.035323172208107,9.143066814155086,9.143066814155086,8.488959410201526,9.395926103018345,8.488959410201526,0.910349614918232,8.812198919988289
N59A:T71S:K74I:T76S,N59A:T71S:K74I:T76S,4,8.849586445369972,9.052982000422414,9.052982000422414,8.849586445369972,9.052982000422414,9.052982000422414,8.745803232173973,8.989460411777412,8.989460411777412,8.773175759279273,9.227515211644695,9.227515211644695,8.774866947315445,9.166089777512031,9.166089777512031,8.587307602470112,9.472626894598593,9.472626894598593,8.844596068949572,9.198511648456426,9.198511648456426,8.439059554477371,9.527129959229185,8.439059554477371,0.46060257055796683,8.96050037381813
S30N:T57S:K74I:R87T,S30N:T57S:K74I:R87T,4,8.733679376223945,8.869061828458976,8.869061828458976,8.733679376223945,8.869061828458976,8.869061828458976,8.935395394046841,9.127888551077094,9.127888551077094,8.548238200087251,8.975541177079101,8.975541177079101,9.00848967061354,9.27174849284511,9.27174849284511,8.523597736525769,9.310190116513047,9.310190116513047,9.076361475146543,9.272088368806912,9.272088368806912,8.568741011277625,9.566526185910206,8.568741011277625,0.20107723935507238,8.668837098023825
S30N:K74I:T76S:S84N,S30N:K74I:T76S:S84N,4,9.100624722783248,9.167719346348234,9.167719346348234,9.100624722783248,9.167719346348234,9.167719346348234,8.984824067846354,9.126764703919697,9.126764703919697,8.491591810463335,9.10481195753987,9.10481195753987,9.043982107131734,9.18653224177268,9.18653224177268,8.280464777696794,9.219133919313842,9.219133919313842,9.095368190002148,9.245965006100421,9.245965006100421,8.598458325942111,9.562351149849661,8.598458325942111,0.26504637068137527,8.371166148737808
T71S:K74I:S77N:S84N:Y95F,T71S:K74I:S77N:S84N:Y95F,5,8.921318822579282,8.980112824787613,8.980112824787613,8.921318822579282,8.980112824787613,8.980112824787613,8.738551366298577,8.985888119481801,8.985888119481801,7.893132039032319,8.558413005020975,8.558413005020975,8.785484715815228,8.988763748580702,8.988763748580702,7.311059715505435,8.37228676948367,8.37228676948367,8.873247851213407,9.04338482849473,9.04338482849473,7.850673708762706,8.777015219324598,7.850673708762706,0.6551720343995839,8.675236349369307
S30N:T57S:K74I:S84N:R87T,S30N:T57S:K74I:S84N:R87T,5,8.780222566843031,8.873880373248012,8.873880373248012,8.780222566843031,8.873880373248012,8.873880373248012,8.789600937141259,8.997086582851837,8.997086582851837,8.084286196555567,8.640349039648303,8.640349039648303,8.818370758150106,9.070030023604003,9.070030023604003,7.618322388987505,8.524938080683519,8.524938080683519,8.886377079835345,9.107178838348494,9.107178838348494,7.985040310138376,8.93785564722138,7.985040310138376,0.7203508946113288,8.778736212245375
T71S:K74I:S77N:S84N,T71S:K74I:S77N:S84N,4,8.883925325352951,8.89396310483613,8.89396310483613,8.883925325352951,8.89396310483613,8.89396310483613,8.917588352537372,9.109763433486032,9.109763433486032,8.447197123450312,9.042577321600879,9.042577321600879,8.93417134030278,9.119603078178589,9.119603078178589,8.04871580476166,9.114204090794336,9.114204090794336,9.000687158062162,9.150876663406374,9.150876663406374,8.466096496832405,9.426327636158934,8.466096496832405,0.17079212376847863,8.714375188069445
F29S:S31N:A58T:S75F:R87T,F29S:S31N:A58T:S75F:R87T,5,8.881883852945515,8.875139522375182,8.875139522375182,8.881883852945515,8.875139522375182,8.875139522375182,8.796946985177666,8.888100124308954,8.888100124308954,8.132238764642727,8.579037784427376,8.579037784427376,8.769400454257612,8.90677629487303,8.90677629487303,7.530334836686171,8.398811415774446,8.398811415774446,8.830477137425632,8.948102898881078,8.948102898881078,8.041230365210382,8.874460883244469,8.041230365210382,0.26210172777064145,8.677078028434606
S31N:A58T:T71S:K74I,S31N:A58T:T71S:K74I,4,8.92704465473694,9.084795862357922,9.084795862357922,8.92704465473694,9.084795862357922,9.084795862357922,8.867804556883296,9.061566340519231,9.061566340519231,8.731614278397979,9.22593709195771,9.22593709195771,8.76282724584825,9.096111396701875,9.096111396701875,8.56282456657513,9.404365450712266,9.404365450712266,8.863123205130327,9.04928572470809,9.04928572470809,8.385059967137211,9.437672600558692,8.385059967137211,0.7573998754378408,9.00250606683136
S30N:S31N:N59A:K74I:Y106S,S30N:S31N:N59A:K74I:Y106S,5,8.608892211542948,8.818460665701178,8.818460665701178,8.608892211542948,8.818460665701178,8.818460665701178,8.392908204413706,8.721814956232071,8.721814956232071,8.101654392195325,8.65452929560299,8.65452929560299,8.440434687164537,8.788171395029915,8.788171395029915,8.11494760232028,8.852661441230621,8.852661441230621,8.613130102156461,8.910203277540338,8.910203277540338,7.803591142594218,8.763492433650912,7.803591142594218,0.3383748750202358,8.978034358632824
S31N:I52S:A58T:S77N:R87T,S31N:I52S:A58T:S77N:R87T,5,8.900898837150036,8.984863305720085,8.984863305720085,8.900898837150036,8.984863305720085,8.984863305720085,8.715989472515727,8.943807605936902,8.943807605936902,7.930824031728374,8.555335472654821,8.555335472654821,8.663343738505782,8.954291506491831,8.954291506491831,7.4518166077275065,8.457596964390858,8.457596964390858,8.630723133175863,8.887069842374855,8.887069842374855,7.554443620140338,8.5972782975279,7.554443620140338,0.8517511687241495,8.80567129723805
F29S:S31N:K74I:S77N:R87T,F29S:S31N:K74I:S77N:R87T,5,8.400589187906832,8.488332222182052,8.488332222182052,8.400589187906832,8.488332222182052,8.488332222182052,8.491357392215088,8.761914447819336,8.761914447819336,7.559263314464712,8.194758600484251,8.194758600484251,8.575072376073066,8.851178820101959,8.851178820101959,6.855812774377545,7.905355476474253,7.905355476474253,8.607314960559279,8.874787471246885,8.874787471246885,7.735821622217225,8.735917301858146,7.735821622217225,0.35828589275479317,8.668286181823149
S31N:K74I:S84N:Y106S,S31N:K74I:S84N:Y106S,4,9.198823923415743,9.249748559106004,9.249748559106004,9.198823923415743,9.249748559106004,9.249748559106004,9.045678293333626,9.26618574885288,9.26618574885288,8.57802195044976,9.468730388970288,9.468730388970288,9.032946052870793,9.24886938290446,9.24886938290446,8.517144127007066,9.51044108834514,9.51044108834514,9.064788628807818,9.260373867236806,9.260373867236806,8.634941997357064,9.53182107278168,8.634941997357064,0.929600587580353,8.958830100912888
S31N:A58T:K74I:Y95F:Y106S,S31N:A58T:K74I:Y95F:Y106S,5,8.862520475562038,8.946983403512059,8.946983403512059,8.862520475562038,8.946983403512059,8.946983403512059,8.568706851828626,8.80461010861998,8.80461010861998,8.245278099393762,8.739068061561458,8.739068061561458,8.478660174122103,8.749893846171064,8.749893846171064,8.147504612165683,8.860918445919436,8.860918445919436,8.56143298098748,8.816119427422475,8.816119427422475,7.763460213776916,8.757032411893446,7.763460213776916,0.4659491088241339,8.91303308006081
S31N:T57S:T71S:K74I:Y95F,S31N:T57S:T71S:K74I:Y95F,5,9.225808648116313,9.32134368247411,9.32134368247411,9.225808648116313,9.32134368247411,9.32134368247411,9.113755376167626,9.34463588496169,9.34463588496169,8.639171813940564,9.122293482349306,9.122293482349306,8.947348958001056,9.170057406810216,9.170057406810216,8.530056951068927,9.190222744206299,9.190222744206299,8.999110097634777,9.21966668607131,9.21966668607131,8.110402086570941,9.096295028181302,8.110402086570941,0.16250493726693094,8.685906747538443
T57S:K74I:T76S:S84N:Y95F,T57S:K74I:T76S:S84N:Y95F,5,9.089372785859029,9.18234417384754,9.18234417384754,9.089372785859029,9.18234417384754,9.18234417384754,8.814060374643491,9.116705536070485,9.116705536070485,7.965086910851749,8.686454510574325,8.686454510574325,8.768354306625998,9.056533611798507,9.056533611798507,7.755001212620858,8.736723502761714,8.736723502761714,8.794679997963678,9.06219110855513,9.06219110855513,7.941381217256098,8.847073058829002,7.941381217256098,0.8622109601274133,8.926631264778404
F29S:S31N:N59A:S75F,F29S:S31N:N59A:S75F,4,8.74822568175497,8.805927852938987,8.805927852938987,8.74822568175497,8.805927852938987,8.805927852938987,8.738071142861758,8.89485783421553,8.89485783421553,8.300719727808964,8.802607698086307,8.802607698086307,8.70258441304488,8.884791367620073,8.884791367620073,7.897614793506634,8.861535879481833,8.861535879481833,8.79208647349027,9.048161843386819,9.048161843386819,8.42570032062489,9.510594788169099,8.42570032062489,0.1341281144414097,8.602208048245467
T57S:T71S:K74I:S77N:Y95F,T57S:T71S:K74I:S77N:Y95F,5,8.684540654009142,8.816353991186052,8.816353991186052,8.684540654009142,8.816353991186052,8.816353991186052,8.581551954829102,8.882414937283263,8.882414937283263,7.901575449296343,8.50582596809343,8.50582596809343,8.718095489823593,8.915917975100664,8.915917975100664,7.678217822679388,8.477371129722812,8.477371129722812,8.753486235477085,8.968338307111656,8.968338307111656,7.814885830246132,8.692944174991991,7.814885830246132,0.25868282024748623,8.62815983668037
I52S:T57S:A58T:N59A:T76S,I52S:T57S:A58T:N59A:T76S,5,7.994762509215122,8.214546579119082,8.214546579119082,7.994762509215122,8.214546579119082,8.214546579119082,8.153426343856905,8.57308554504437,8.57308554504437,7.949228969965608,8.364074376844298,8.364074376844298,8.185816699601235,8.630107075938218,8.630107075938218,7.835441561450255,8.621723898876883,8.621723898876883,8.169518818354474,8.574241592022155,8.574241592022155,7.477208188423645,8.514133992529647,7.477208188423645,0.6184240321163088,8.529730637477234
N59A:T71S:K74I:T76S:Y95F,N59A:T71S:K74I:T76S:Y95F,5,8.83569712993227,9.03640521523371,9.03640521523371,8.83569712993227,9.03640521523371,9.03640521523371,8.598548253660562,8.916652906890967,8.916652906890967,8.379609318211175,8.915085932808829,8.915085932808829,8.637391958921526,8.947446766025674,8.947446766025674,8.20394676748547,8.94663850041565,8.94663850041565,8.653969517755483,8.979689081768678,8.979689081768678,7.907126255093359,8.861825194014973,7.907126255093359,0.1178436717018485,8.828198834426214
S30N:S31N:K74I:S84N:R87T,S30N:S31N:K74I:S84N:R87T,5,9.145399985290506,9.219676707926189,9.219676707926189,9.145399985290506,9.219676707926189,9.219676707926189,9.058380879537802,9.253679967347534,9.253679967347534,8.133966902028277,8.762768736721945,8.762768736721945,9.011113890610517,9.27548219343803,9.27548219343803,7.790114776244457,8.742197003282765,8.742197003282765,9.103865753678896,9.304380236880883,9.304380236880883,8.202214625853621,9.090137224090991,8.202214625853621,0.757806106004864,8.874772672252023
F29S:K74I:T76S:Y95F,F29S:K74I:T76S:Y95F,4,8.737562114330153,9.010022991371592,9.010022991371592,8.737562114330153,9.010022991371592,9.010022991371592,8.51101596858375,9.047058390713692,9.047058390713692,8.10906944979502,9.136484687238232,9.136484687238232,8.62854272280106,9.18569635616391,9.18569635616391,7.854105449064917,9.258638495874479,9.258638495874479,8.613062467943312,9.15927581226007,9.15927581226007,8.361165488434192,9.495388649127257,8.361165488434192,0.02948325825855136,9.045691425742017
F29S:N59A:T71S:S75F:T76S,F29S:N59A:T71S:S75F:T76S,5,8.760811455655983,8.858469449186991,8.858469449186991,8.760811455655983,8.858469449186991,8.858469449186991,8.53416047783155,8.712940066314456,8.712940066314456,8.435741705699673,8.828420544422112,8.828420544422112,8.656426391187674,8.827846202924214,8.827846202924214,7.711941271328014,8.486032646357293,8.486032646357293,8.68788483193768,8.822494642735906,8.822494642735906,8.022693405428745,8.851689817756503,8.022693405428745,0.31127706239931285,8.510016262465077
S31N:T57S:K74I:S77N,S31N:T57S:K74I:S77N,4,9.060992618197133,9.118255011924317,9.118255011924317,9.060992618197133,9.118255011924317,9.118255011924317,9.086697078568264,9.201472200732047,9.201472200732047,8.569128057723237,9.214573834827304,9.214573834827304,9.102336680772165,9.167188657152465,9.167188657152465,8.410170164195826,9.275072692907683,9.275072692907683,9.133939448383185,9.212539396790119,9.212539396790119,8.612942332316626,9.453498781592186,8.612942332316626,0.27255850518122315,8.905813905125164
F29S:S31N:N59A:S75F:Y95F,F29S:S31N:N59A:S75F:Y95F,5,8.710020944760108,8.754944473816911,8.754944473816911,8.710020944760108,8.754944473816911,8.754944473816911,8.625376815441886,8.797438497775472,8.797438497775472,7.8996542632045115,8.36709818453911,8.36709818453911,8.569052057830422,8.75455926192962,8.75455926192962,7.218562869115173,8.043023293199914,8.043023293199914,8.600899746596216,8.777310409036497,8.777310409036497,7.928894176141481,8.777584618402543,7.928894176141481,0.6306502008810639,8.781255814500893
F29S:A58T:S75F:R87T,F29S:A58T:S75F:R87T,4,8.919232723116666,8.928207531377746,8.928207531377746,8.919232723116666,8.928207531377746,8.928207531377746,8.815705430479898,9.012323670592535,9.012323670592535,8.627424626751438,9.103913175156562,9.103913175156562,9.027974921192511,9.211658057953796,9.211658057953796,8.142259662982847,9.181148560331494,9.181148560331494,8.998421189304043,9.127128814520326,9.127128814520326,8.519361546678367,9.528831191214914,8.519361546678367,0.25636715814471245,8.736900671720004
S30N:S31N:N59A:K74I:Y95F,S30N:S31N:N59A:K74I:Y95F,5,8.844362752019855,8.972938845065205,8.972938845065205,8.844362752019855,8.972938845065205,8.972938845065205,8.598907741863783,8.860622409302973,8.860622409302973,8.180584396119949,8.69084600334636,8.69084600334636,8.594793867790601,8.919749425314393,8.919749425314393,8.143078749272885,8.870175075036515,8.870175075036515,8.731194439508268,8.988171486987603,8.988171486987603,7.8836378422737905,8.79390755181842,7.8836378422737905,0.8413773234933615,9.04087491428059
F29S:N59A:T71S:S75F:R87T,F29S:N59A:T71S:S75F:R87T,5,8.777169114768036,8.95018478937983,8.95018478937983,8.777169114768036,8.95018478937983,8.95018478937983,8.545830016829662,8.811756489500397,8.811756489500397,8.27398445815217,8.814293800781932,8.814293800781932,8.685642583537597,8.862193684267062,8.862193684267062,7.409522636246711,8.49114205696916,8.49114205696916,8.702292487628327,8.835270712578673,8.835270712578673,7.8220725166373075,8.753156182694282,7.8220725166373075,0.7167251035571098,8.517373378803555
F29S:N59A:S75F:S77N:R87T,F29S:N59A:S75F:S77N:R87T,5,8.726850252866384,9.010746059604717,9.010746059604717,8.726850252866384,9.010746059604717,9.010746059604717,8.444292794902681,8.843173271276383,8.843173271276383,7.838451712580601,8.64748557848769,8.64748557848769,8.712837884252506,8.971840452504944,8.971840452504944,6.731975416381901,8.233785287828594,8.233785287828594,8.7177632661588,8.9523004447635,8.9523004447635,7.6656335351844636,8.710175227700244,7.6656335351844636,0.43035066733136773,8.546400089705488
T71S:K74I:T76S:S84N:Y95F,T71S:K74I:T76S:S84N:Y95F,5,9.220939812578921,9.296259636317778,9.296259636317778,9.220939812578921,9.296259636317778,9.296259636317778,8.916354699701959,9.167499855241688,9.167499855241688,8.1166811958902,8.795344818585807,8.795344818585807,8.89693712386969,9.116172424951142,9.116172424951142,7.797299541186367,8.768579050118753,8.768579050118753,8.959726767875333,9.14297871709874,9.14297871709874,8.0481543458758,8.905099852313304,8.0481543458758,0.9760566484183073,8.80489843939197
T71S:K74I:S77N:S84N:Y106S,T71S:K74I:S77N:S84N:Y106S,5,8.641868033666189,8.71803768506862,8.71803768506862,8.641868033666189,8.71803768506862,8.71803768506862,8.572110186432186,8.80915352666157,8.80915352666157,7.827713043313091,8.487560181964405,8.487560181964405,8.649400602176106,8.933326851739036,8.933326851739036,7.404473713942448,8.356175965876739,8.356175965876739,8.669864904073503,8.951968403695027,8.951968403695027,7.828068017300739,8.731895812218188,7.828068017300739,0.38220600155182183,8.783942097437848
S31N:A58T:K74I:S84N:Y95F,S31N:A58T:K74I:S84N:Y95F,5,9.040007285100463,9.07144845157449,9.07144845157449,9.040007285100463,9.07144845157449,9.07144845157449,8.724982759204487,8.960974456607342,8.960974456607342,8.173463708390079,8.695445750562627,8.695445750562627,8.557026129537626,8.825291540137655,8.825291540137655,7.612115376878055,8.502214513745654,8.502214513745654,8.6789401282733,8.888430893611597,8.888430893611597,7.800788853138805,8.60910101122293,7.800788853138805,0.22588811675086617,8.666500688497099
I52S:T57S:A58T:N59A:S77N,I52S:T57S:A58T:N59A:S77N,5,8.149839721388577,8.367212000770987,8.367212000770987,8.149839721388577,8.367212000770987,8.367212000770987,8.151455035059385,8.541693297779211,8.541693297779211,7.70460733150313,8.16610252615408,8.16610252615408,8.199931576761212,8.663583488870175,8.663583488870175,7.374923519071618,8.28961110045141,8.28961110045141,8.205100600300288,8.640676570751731,8.640676570751731,7.380838224668314,8.445050238284104,7.380838224668314,0.8272147737443447,8.657738282862658
S31N:A58T:K74I:S84N:Y106S,S31N:A58T:K74I:S84N:Y106S,5,8.753378983802612,8.803486504713614,8.803486504713614,8.753378983802612,8.803486504713614,8.803486504713614,8.545654775982829,8.756507711040399,8.756507711040399,8.098502239578773,8.677839266461497,8.677839266461497,8.521716394292694,8.749209597704153,8.749209597704153,7.6673492929646745,8.532568333731701,8.532568333731701,8.611937940671961,8.838582012547997,8.838582012547997,7.791012529614634,8.6424235458395,7.791012529614634,0.8685624282807112,8.682341688594908
S31N:T71S:K74I:S77N:S84N,S31N:T71S:K74I:S77N:S84N,5,8.929855429342476,8.980014566611251,8.980014566611251,8.929855429342476,8.980014566611251,8.980014566611251,8.989174119948407,9.203046148277819,9.203046148277819,8.016826861205729,8.643588549012298,8.643588549012298,8.942577146655951,9.168826105113903,9.168826105113903,7.493247459603749,8.485715598306868,8.485715598306868,9.03018161095834,9.17129738271703,9.17129738271703,8.06825543487346,8.89997893766713,8.06825543487346,0.8802487424109131,8.762901633155902
S31N:A58T:K74I:Y106S,S31N:A58T:K74I:Y106S,4,8.848061040509007,8.936627214974376,8.936627214974376,8.848061040509007,8.936627214974376,8.936627214974376,8.735754581769587,8.898858466086606,8.898858466086606,8.577182533305876,9.101341974123866,9.101341974123866,8.707229192411955,8.916714597558201,8.916714597558201,8.49479062545971,9.331953252411665,9.331953252411665,8.798082512092547,9.046350239427666,9.046350239427666,8.329733095100273,9.42491396561503,8.329733095100273,0.9494044117163867,8.842582550009213
K74I:T76S:S77N:S84N,K74I:T76S:S77N:S84N,4,9.187368149170199,9.181378375966668,9.181378375966668,9.187368149170199,9.181378375966668,9.181378375966668,9.136868671621853,9.366690142244327,9.366690142244327,8.584108020695371,9.468062707836847,9.468062707836847,9.112047796559605,9.266610672454046,9.266610672454046,8.296031686869986,9.584044262562932,9.584044262562932,9.100884843449345,9.290816345843588,9.290816345843588,8.602191899759596,9.58830244908641,8.602191899759596,0.6426120076794177,9.026005879221001
K74I:S77N:S84N:R87T:Y106S,K74I:S77N:S84N:R87T:Y106S,5,8.861606616750809,8.879717223540405,8.879717223540405,8.861606616750809,8.879717223540405,8.879717223540405,8.77298843565275,8.960539919156382,8.960539919156382,7.8581367844448815,8.599553933669993,8.599553933669993,8.847814876184255,9.083187865585955,9.083187865585955,7.381762773214051,8.42675709285306,8.42675709285306,8.743132497193177,9.02064820260826,9.02064820260826,7.856493445169932,8.93102056433363,7.856493445169932,0.8776987756136805,8.584894730022523
S31N:T57S:A58T:K74I:Y95F,S31N:T57S:A58T:K74I:Y95F,5,8.949028037995289,9.01685669499194,9.01685669499194,8.949028037995289,9.01685669499194,9.01685669499194,8.807963067524529,8.989768240101409,8.989768240101409,8.479488459246271,8.912484603529357,8.912484603529357,8.512561874934024,8.697664939708403,8.697664939708403,8.286279457742472,8.901069615955,8.901069615955,8.592307286003479,8.779988842441865,8.779988842441865,7.8940075758346815,8.782401531976179,7.8940075758346815,0.8021735744550824,8.761367767944105
S31N:A58T:K74I:S84N,S31N:A58T:K74I:S84N,4,8.936813198777559,8.956988456265176,8.956988456265176,8.936813198777559,8.956988456265176,8.956988456265176,8.870694080852472,9.050483809454818,9.050483809454818,8.585181670757501,9.14320016926919,9.14320016926919,8.749660292859573,8.921746104834995,8.921746104834995,8.194616308793627,9.209032505535582,9.209032505535582,8.849961163930884,8.938149230166482,8.938149230166482,8.40193344917354,9.148345600252334,8.40193344917354,0.17654869402758777,8.535275675972697
T71S:K74I:T76S:S77N:Y95F,T71S:K74I:T76S:S77N:Y95F,5,8.980609086681316,9.159844384373962,9.159844384373962,8.980609086681316,9.159844384373962,9.159844384373962,8.848514236389038,9.123665706801804,9.123665706801804,7.999956515393555,8.712773380391353,8.712773380391353,8.878364885180435,9.058904955941715,9.058904955941715,7.870304261779692,8.770876140140265,8.770876140140265,8.936040098215049,9.09945923906737,9.09945923906737,8.045393633915307,8.973979067058448,8.045393633915307,0.4866532958112657,8.845705684929277
S30N:I52S:A58T:T71S:S77N,S30N:I52S:A58T:T71S:S77N,5,8.393875014393078,8.5480597269553,8.5480597269553,8.393875014393078,8.5480597269553,8.5480597269553,8.495261448451524,8.736947977636238,8.736947977636238,7.995480072558217,8.462602973472109,8.462602973472109,8.45316325910281,8.797364802136736,8.797364802136736,7.499260762307521,8.254917364740457,8.254917364740457,8.441686694869455,8.77616905547998,8.77616905547998,7.513983142984607,8.442880098717525,7.513983142984607,0.8538474782835692,8.720329289451673
T71S:K74I:S77N:R87T,T71S:K74I:S77N:R87T,4,8.81740179648132,8.900948754263007,8.900948754263007,8.81740179648132,8.900948754263007,8.900948754263007,8.864702982885495,9.136468575190639,9.136468575190639,8.382813990320669,8.882783201205326,8.882783201205326,8.97951444325062,9.165827486450759,9.165827486450759,8.111314921380963,9.035172901936475,9.035172901936475,8.993635389877836,9.10993558860857,9.10993558860857,8.439070754628611,9.403692430415845,8.439070754628611,0.7125578704290092,9.020138004286906
S30N:I52S:T57S:A58T:N59A,S30N:I52S:T57S:A58T:N59A,5,7.963080276058948,8.209870942258933,8.209870942258933,7.963080276058948,8.209870942258933,8.209870942258933,8.043012152555951,8.37661387480385,8.37661387480385,7.9609789695853665,8.329674149926051,8.329674149926051,8.043660703185711,8.470028330144178,8.470028330144178,7.8111171700469075,8.588908924188127,8.588908924188127,8.151324471206538,8.564252329448058,8.564252329448058,7.434048277077956,8.473106381471746,7.434048277077956,0.706371083157137,8.569200950978013
F29S:S30N:K74I:S77N:S84N,F29S:S30N:K74I:S77N:S84N,5,8.61049616747307,8.635886531359773,8.635886531359773,8.61049616747307,8.635886531359773,8.635886531359773,8.406563384894474,8.608492895261852,8.608492895261852,7.807361043551472,8.483524126731881,8.483524126731881,8.405605424683344,8.69113931727243,8.69113931727243,6.836982459484091,8.099501107515911,8.099501107515911,8.54242773709244,8.849442816027686,8.849442816027686,7.6555759530176175,8.785719920632456,7.6555759530176175,0.2698207579087466,8.846260107545385
T57S:T71S:K74I:S84N:Y95F,T57S:T71S:K74I:S84N:Y95F,5,8.96266863617134,9.059122307074816,9.059122307074816,8.96266863617134,9.059122307074816,9.059122307074816,8.724907718082717,8.991371552492886,8.991371552492886,8.235948916157842,8.742362123590924,8.742362123590924,8.701772636393704,8.93009072924945,8.93009072924945,7.733628967111735,8.535140915719309,8.535140915719309,8.76926090370233,8.984934822863071,8.984934822863071,7.860984923921932,8.667124881445861,7.860984923921932,0.463447438320145,8.722596301583712
S30N:I52S:A58T:S77N:R87T,S30N:I52S:A58T:S77N:R87T,5,8.68593422085143,8.759315123971115,8.759315123971115,8.68593422085143,8.759315123971115,8.759315123971115,8.560696779958715,8.790075514172207,8.790075514172207,7.962902284866052,8.477039570601894,8.477039570601894,8.534555349842272,8.84583196139858,8.84583196139858,7.39787252761475,8.285807477710668,8.285807477710668,8.439117706801353,8.775206042539514,8.775206042539514,7.4592471439142845,8.50812175923823,7.4592471439142845,0.3260250573512167,8.728731718424017
S30N:I52S:A58T:S77N:Y95F,S30N:I52S:A58T:S77N:Y95F,5,8.575552507980488,8.701150750194182,8.701150750194182,8.575552507980488,8.701150750194182,8.701150750194182,8.452915883552626,8.73315836713789,8.73315836713789,7.932795284281669,8.525030333910331,8.525030333910331,8.396776068243206,8.744177428352646,8.744177428352646,7.573280088111062,8.469183309534136,8.469183309534136,8.388260042777123,8.728246886396821,8.728246886396821,7.4881396840815935,8.528007245184776,7.4881396840815935,0.5441224330570549,8.712603950417353
T57S:K74I:S77N:R87T:Y95F,T57S:K74I:S77N:R87T:Y95F,5,8.79714014351928,8.892049607624603,8.892049607624603,8.79714014351928,8.892049607624603,8.892049607624603,8.654564880349975,8.863383650884916,8.863383650884916,7.824470480556417,8.491834945632974,8.491834945632974,8.811792951535486,9.028329185187145,9.028329185187145,7.5873161036284325,8.506910243991388,8.506910243991388,8.78033318463943,9.016237145683014,9.016237145683014,7.818810090002517,8.801875791422422,7.818810090002517,0.06265758094377816,8.845082726246847
S30N:N59A:K74I:T76S:S84N,S30N:N59A:K74I:T76S:S84N,5,8.63693552789664,8.761336153031026,8.761336153031026,8.63693552789664,8.761336153031026,8.761336153031026,8.402293190692813,8.666361705848745,8.666361705848745,7.987966314099739,8.50445588990586,8.50445588990586,8.499950834296149,8.792131230254943,8.792131230254943,7.369102923087755,8.241215422741158,8.241215422741158,8.599637848375457,8.914541790279852,8.914541790279852,7.7422715055460545,8.67413677087973,7.7422715055460545,0.9848347420338541,8.390537616037943
F29S:A58T:S75F:S84N,F29S:A58T:S75F:S84N,4,9.137641528895815,9.059541978235199,9.059541978235199,9.137641528895815,9.059541978235199,9.059541978235199,8.923322717055,9.06218619163221,9.06218619163221,8.806069978279133,9.28251646342441,9.28251646342441,8.908588338382367,9.090574448331013,9.090574448331013,8.060247242844206,9.492573475971042,9.492573475971042,8.981747861734313,9.086558139712007,9.086558139712007,8.49900833592287,9.46755747449099,8.49900833592287,0.9259852999821305,8.72317187174634
T71S:K74I:T76S:S77N:S84N,T71S:K74I:T76S:S77N:S84N,5,8.957249348480707,9.016251733865868,9.016251733865868,8.957249348480707,9.016251733865868,9.016251733865868,8.905987519356197,9.08566945305176,9.08566945305176,7.993517116825101,8.643177197922821,8.643177197922821,8.89474686791597,9.071541195286118,9.071541195286118,7.527738287762782,8.540542716274404,8.540542716274404,8.974794996250187,9.13677132480347,9.13677132480347,8.05791162073751,8.934039816718286,8.05791162073751,0.8186448817141354,8.771608915495888
N59A:K74I:T76S:S77N:Y106S,N59A:K74I:T76S:S77N:Y106S,5,8.47741605056533,8.689041171418532,8.689041171418532,8.47741605056533,8.689041171418532,8.689041171418532,8.322025091101622,8.608360868150829,8.608360868150829,7.9512101712355925,8.574276006130594,8.574276006130594,8.490071985292936,8.791285168722728,8.791285168722728,7.659492615471887,8.501227323415815,8.501227323415815,8.491168160382765,8.818197914085975,8.818197914085975,7.690176900426365,8.636051037239213,7.690176900426365,0.8189303795807064,8.581950448736647
S30N:I52S:A58T:S77N,S30N:I52S:A58T:S77N,4,8.792063436439017,8.829459071885264,8.829459071885264,8.792063436439017,8.829459071885264,8.829459071885264,8.815124511977801,9.050381694555721,9.050381694555721,8.592166205806446,9.044699357170515,9.044699357170515,8.690986729787761,9.211184185457324,9.211184185457324,8.251492342663822,9.132031885067178,9.132031885067178,8.67338774057908,9.199237693246573,9.199237693246573,8.185970510623537,9.381708252010002,8.185970510623537,0.293451888486743,8.623201330699267
T71S:K74I:T76S:Y106S,T71S:K74I:T76S:Y106S,4,8.959499889306327,9.149610905545298,9.149610905545298,8.959499889306327,9.149610905545298,9.149610905545298,8.923856500918372,9.116154337991171,9.116154337991171,8.642892409324046,9.24713870853127,9.24713870853127,8.94010736990118,9.319823471698312,9.319823471698312,8.628210964042378,9.50848227934796,9.50848227934796,8.975777142705626,9.264842653939667,9.264842653939667,8.491052423378386,9.573525182674489,8.491052423378386,0.3382117843721062,8.830851522586261
S30N:T71S:K74I:S84N:Y95F,S30N:T71S:K74I:S84N:Y95F,5,8.956482799855875,9.018674035008747,9.018674035008747,8.956482799855875,9.018674035008747,9.018674035008747,8.794339663979788,8.939475237530099,8.939475237530099,8.12706358293486,8.642230086121891,8.642230086121891,8.837384789655209,9.043752094057245,9.043752094057245,7.657393040012703,8.473248273732496,8.473248273732496,8.872279839520054,9.03721751935933,9.03721751935933,7.92578620128817,8.74253591571061,7.92578620128817,0.8243667096830904,8.941974293228697
S31N:T57S:Y95F:Y106S,S31N:T57S:Y95F:Y106S,4,8.636980025814536,8.79953183868982,8.79953183868982,8.636980025814536,8.79953183868982,8.79953183868982,8.54864663270033,8.855914310039603,8.855914310039603,8.417418889591149,8.80623180029449,8.80623180029449,8.360041754106245,8.757632379323788,8.757632379323788,8.42827701649279,9.038134551955803,9.038134551955803,8.374588814434034,8.734917715926304,8.734917715926304,8.042521570962533,9.169939793834974,8.042521570962533,0.1122605693526566,8.668230269099073
S31N:I52S:A58T:R87T:Y106S,S31N:I52S:A58T:R87T:Y106S,5,8.76470333117014,8.892053826159641,8.892053826159641,8.76470333117014,8.892053826159641,8.892053826159641,8.557805675025483,8.83311170897728,8.83311170897728,8.019795040330061,8.61554800975076,8.61554800975076,8.443052359557742,8.791815375342624,8.791815375342624,7.832209295827004,8.651132790004283,8.651132790004283,8.474450186214675,8.821599784552589,8.821599784552589,7.513886073744202,8.582411758681998,7.513886073744202,0.617785771843046,8.958899249942421
F29S:S31N:T71S:K74I:S77N,F29S:S31N:T71S:K74I:S77N,5,8.515637977819235,8.617365855678592,8.617365855678592,8.515637977819235,8.617365855678592,8.617365855678592,8.601263770064486,8.809900418586386,8.809900418586386,7.73906371865761,8.288413877147146,8.288413877147146,8.49520984515201,8.746129685259614,8.746129685259614,7.117302519569557,8.08885720488922,8.08885720488922,8.572203945473232,8.86263086585373,8.86263086585373,7.7730716690135155,8.711378308273547,7.7730716690135155,0.6193070560693741,8.75267480609594
K74I:T76S:S77N:S84N:R87T,K74I:T76S:S77N:S84N:R87T,5,9.276628273871438,9.259598595917966,9.259598595917966,9.276628273871438,9.259598595917966,9.259598595917966,9.095191012906795,9.289673310509505,9.289673310509505,8.069105551275872,8.791490338317201,8.791490338317201,9.063841094072588,9.252448385737733,9.252448385737733,7.489852046979134,8.610215385029557,8.610215385029557,8.984488348892802,9.19267965288562,9.19267965288562,8.019730142250673,9.041035458519486,8.019730142250673,0.33414016012102365,8.77627642038031
S31N:T57S:T71S:S84N:Y95F,S31N:T57S:T71S:S84N:Y95F,5,8.426013363743989,8.558308342647683,8.558308342647683,8.426013363743989,8.558308342647683,8.558308342647683,8.297594038309882,8.623778515496932,8.623778515496932,8.002465709506883,8.499880285922147,8.499880285922147,8.055542369377887,8.437298545440104,8.437298545440104,7.4450474737837355,8.206992102688133,8.206992102688133,8.126032938903796,8.496471963140465,8.496471963140465,7.272883705511573,8.116313770734108,7.272883705511573,0.9375129600521177,8.70246920656443
I52S:A58T:S77N:S84N:R87T,I52S:A58T:S77N:S84N:R87T,5,8.734619621656392,8.83466862565631,8.83466862565631,8.734619621656392,8.83466862565631,8.83466862565631,8.543258873665343,8.831782406338831,8.831782406338831,7.874959770039757,8.554992440165854,8.554992440165854,8.554804594725638,8.865292639151589,8.865292639151589,6.99479986397807,8.235983922585335,8.235983922585335,8.496718017343163,8.835888206658007,8.835888206658007,7.340364243339917,8.507737757850578,7.340364243339917,0.27484526857733727,8.681666763645342
S30N:S31N:N59A:K74I:S77N,S30N:S31N:N59A:K74I:S77N,5,8.59669471494242,8.761609565126767,8.761609565126767,8.59669471494242,8.761609565126767,8.761609565126767,8.50331195509625,8.79533216251876,8.79533216251876,7.892772499935266,8.487965207424988,8.487965207424988,8.544026324353794,8.849804099586455,8.849804099586455,7.619118775956959,8.50394705268369,8.50394705268369,8.685880149229884,8.89693134571294,8.89693134571294,7.7919016767514755,8.722163311474514,7.7919016767514755,0.708962029311806,8.978852122930137
F29S:A58T:T71S:S75F:T76S,F29S:A58T:T71S:S75F:T76S,5,8.907442474299838,8.904012083917527,8.904012083917527,8.907442474299838,8.904012083917527,8.904012083917527,8.800752489197707,8.913133303041914,8.913133303041914,8.551282269241495,8.9106011266298,8.9106011266298,8.845094897643063,8.977885038469914,8.977885038469914,8.008814560476718,8.791292075599168,8.791292075599168,8.862814961948882,8.968710599908675,8.968710599908675,8.185592344672942,8.964050159728027,8.185592344672942,0.8518668841570616,8.7576529161825
S31N:I52S:A58T:S84N,S31N:I52S:A58T:S84N,4,8.928593721229273,9.046032542881754,9.046032542881754,8.928593721229273,9.046032542881754,9.046032542881754,8.921231205064188,9.23533380662483,9.23533380662483,8.62423630619131,9.20563048696014,9.20563048696014,8.735160082105885,9.089862557803192,9.089862557803192,8.177759299665086,9.257491681703172,9.257491681703172,8.827047305748222,9.0645309341628,9.0645309341628,8.232448617239822,9.211998425550368,8.232448617239822,0.26881686714477837,8.032760263053108
S30N:K74I:S84N:Y95F:Y106S,S30N:K74I:S84N:Y95F:Y106S,5,8.974471633723239,9.018290799882996,9.018290799882996,8.974471633723239,9.018290799882996,9.018290799882996,8.617902836512663,8.831172689277947,8.831172689277947,8.099118790493884,8.732449508766713,8.732449508766713,8.676646452504277,8.957779928181766,8.957779928181766,7.782956514512023,8.64353723188328,8.64353723188328,8.708018080646411,8.989058770211866,8.989058770211866,7.916078548954151,8.80127331122727,7.916078548954151,0.9697213843464851,8.77865509892294
N59A:K74I:S84N:Y106S,N59A:K74I:S84N:Y106S,4,8.79796951363229,8.941900531887205,8.941900531887205,8.79796951363229,8.941900531887205,8.941900531887205,8.617079597723146,8.972434781797237,8.972434781797237,8.600887088196156,9.131674286807735,9.131674286807735,8.681528044097833,9.01359056494969,9.01359056494969,8.134373870107517,9.006962428746819,9.006962428746819,8.690559935018163,9.164942476941281,9.164942476941281,8.252784145329855,9.17033736096312,8.252784145329855,0.0038886750116944313,8.715344056420173
F29S:N59A:S75F:S84N:R87T,F29S:N59A:S75F:S84N:R87T,5,8.864525427874081,8.95637815951388,8.95637815951388,8.864525427874081,8.95637815951388,8.95637815951388,8.454179453471752,8.707693840260582,8.707693840260582,8.036508715127301,8.681277365973349,8.681277365973349,8.59000430023024,8.783369931190386,8.783369931190386,6.719523387355615,8.042666798010666,8.042666798010666,8.649214822945616,8.82395623780816,8.82395623780816,7.6252970911649065,8.624167301634358,7.6252970911649065,0.15241803601384163,8.617704367665006
F29S:N59A:S75F:S77N:S84N,F29S:N59A:S75F:S77N:S84N,5,8.76658372315788,8.888054651105813,8.888054651105813,8.76658372315788,8.888054651105813,8.888054651105813,8.492163555984124,8.777675360140657,8.777675360140657,7.860622225915751,8.555015949540705,8.555015949540705,8.558148732873143,8.815387638955016,8.815387638955016,6.538616333547498,7.965346038327119,7.965346038327119,8.665828868129017,8.888401847142935,8.888401847142935,7.575450627320949,8.576201860481586,7.575450627320949,0.21416856488212943,8.432569113761053
F29S:S30N:T57S:S77N:R87T,F29S:S30N:T57S:S77N:R87T,5,7.314602161803025,7.660017632974735,7.660017632974735,7.314602161803025,7.660017632974735,7.660017632974735,7.24412138069118,7.73397100114993,7.73397100114993,6.795397833244759,7.536627664198761,7.536627664198761,7.437833632819092,7.859899366735436,7.859899366735436,6.006467620734556,7.18691143002542,7.18691143002542,7.471092525318933,7.9186040622184235,7.9186040622184235,6.649180017457407,7.7602286768439805,6.649180017457407,0.6013571543153375,9.024761395945646
S31N:T57S:R87T:Y106S,S31N:T57S:R87T:Y106S,4,8.679994148186916,8.950604216945782,8.950604216945782,8.679994148186916,8.950604216945782,8.950604216945782,8.659456913941364,9.132103346299127,9.132103346299127,8.398617805509087,8.994152896491162,8.994152896491162,8.495866398695028,9.006208104570632,9.006208104570632,8.372686531120015,9.120245615790367,9.120245615790367,8.498118533695969,8.997616004789958,8.997616004789958,8.032017051048529,9.19580887806655,8.032017051048529,0.48726908629760146,8.58487310938109
F29S:S31N:K74I:Y95F,F29S:S31N:K74I:Y95F,4,8.755061239135612,8.792262541985838,8.792262541985838,8.755061239135612,8.792262541985838,8.792262541985838,8.711541612521035,8.896393068705015,8.896393068705015,8.156295479869842,8.76585375069095,8.76585375069095,8.599647555184568,8.88023266294753,8.88023266294753,7.7850651171584735,8.771044544219142,8.771044544219142,8.635272039001691,9.029431539885815,9.029431539885815,8.352264009082322,9.264477351529944,8.352264009082322,0.3487856851425022,8.517428522988617
N59A:K74I:T76S:S77N:R87T,N59A:K74I:T76S:S77N:R87T,5,8.804083689961614,8.921992807502809,8.921992807502809,8.804083689961614,8.921992807502809,8.921992807502809,8.582325226139263,8.87865557708129,8.87865557708129,8.043982331143415,8.57583357055753,8.57583357055753,8.646278494696205,8.89048472378841,8.89048472378841,7.53615747919081,8.461494816879142,8.461494816879142,8.653487109786738,8.915452215280451,8.915452215280451,7.771165502250785,8.721364257410782,7.771165502250785,0.5479899207130075,8.835549258662875
S31N:T71S:T76S:S77N:S84N,S31N:T71S:T76S:S77N:S84N,5,8.211221964269177,8.341451425372224,8.341451425372224,8.211221964269177,8.341451425372224,8.341451425372224,8.230421757342906,8.481418690955458,8.481418690955458,7.588760471810961,8.269476873371639,8.269476873371639,8.158371718169132,8.519305751939694,8.519305751939694,7.068693627830124,8.030381593305071,8.030381593305071,8.220144254152375,8.5301248543937,8.5301248543937,7.321887019050189,8.16398212575909,7.321887019050189,0.01531773479655385,8.611870497769493
A58T:T71S:K74I:T76S,A58T:T71S:K74I:T76S,4,8.75175177485811,8.783003310841213,8.783003310841213,8.75175177485811,8.783003310841213,8.783003310841213,8.733271499796734,8.838710622295226,8.838710622295226,8.605159149590737,8.941818224147845,8.941818224147845,8.750616124520755,8.917117474698344,8.917117474698344,8.476904713110656,9.270260676590535,9.270260676590535,8.79691162792348,8.971814005953767,8.971814005953767,8.369095252511274,9.355428780896844,8.369095252511274,0.6671248623169959,8.832078467368444
S31N:T57S:S84N:Y106S,S31N:T57S:S84N:Y106S,4,8.642461971866481,8.793910139907798,8.793910139907798,8.642461971866481,8.793910139907798,8.793910139907798,8.536634999417627,8.810486676508486,8.810486676508486,8.446384199838413,9.0445464639614,9.0445464639614,8.369189499891185,8.842577660049589,8.842577660049589,8.137588742260235,8.93439896351411,8.93439896351411,8.362816401507066,8.81822156072429,8.81822156072429,7.98861643124599,8.848980209136652,7.98861643124599,0.8090625586919487,8.795851507651639
S31N:I52S:A58T:S84N:Y106S,S31N:I52S:A58T:S84N:Y106S,5,8.696681341079428,8.754079203378257,8.754079203378257,8.696681341079428,8.754079203378257,8.754079203378257,8.515342347194602,8.769873781020452,8.769873781020452,8.070953245982473,8.68687548329877,8.68687548329877,8.35955119898187,8.680987107042503,8.680987107042503,7.5754127748452795,8.497066287036088,8.497066287036088,8.428964725849989,8.74981983962616,8.74981983962616,7.501179356917287,8.468127990234793,7.501179356917287,0.1603742795996368,8.66143928903234
I52S:A58T:T71S:S84N,I52S:A58T:T71S:S84N,4,8.665880604312152,8.92171201298636,8.92171201298636,8.665880604312152,8.92171201298636,8.92171201298636,8.708187414640317,9.065494698690513,9.065494698690513,8.596797060670099,9.092651162173034,9.092651162173034,8.682281618613017,9.024298483255203,9.024298483255203,8.05912408875242,9.034165607896306,9.034165607896306,8.75556374719039,9.163647766088493,9.163647766088493,8.166698837483475,9.261404333717142,8.166698837483475,0.7536146424245089,8.829014996427833
S30N:T57S:K74I:Y95F:Y106S,S30N:T57S:K74I:Y95F:Y106S,5,8.639582398699662,8.70017562386166,8.70017562386166,8.639582398699662,8.70017562386166,8.70017562386166,8.603646055825495,8.769349295507745,8.769349295507745,8.122525900894013,8.531911375912067,8.531911375912067,8.626040321941735,8.886758402614287,8.886758402614287,8.185381504475027,8.817355433263517,8.817355433263517,8.655705672838215,8.948619043568945,8.948619043568945,7.876570875827565,8.792157715980515,7.876570875827565,0.0018126433715224266,8.750247564643011
F29S:N59A:S75F:S77N:Y95F,F29S:N59A:S75F:S77N:Y95F,5,8.662241371930495,8.75596126738663,8.75596126738663,8.662241371930495,8.75596126738663,8.75596126738663,8.428785311766957,8.733339681601034,8.733339681601034,7.7545505721456305,8.332070392930836,8.332070392930836,8.629401511716363,8.9172692216763,8.9172692216763,6.754566032841609,7.905244349868124,7.905244349868124,8.64998879699306,8.91288032504073,8.91288032504073,7.733381635878336,8.641649921307915,7.733381635878336,0.37329365173354745,8.910367951613509
F29S:N59A:S75F:R87T:Y95F,F29S:N59A:S75F:R87T:Y95F,5,8.66402322246308,8.774123490882872,8.774123490882872,8.66402322246308,8.774123490882872,8.774123490882872,8.449106040359235,8.720075150289022,8.720075150289022,7.960541870795047,8.498782646101484,8.498782646101484,8.6998932124444,8.934471656335905,8.934471656335905,7.085509742379579,8.096066648583752,8.096066648583752,8.621926562740356,8.841882109186846,8.841882109186846,7.820596929512806,8.703726363585284,7.820596929512806,0.3633266342803836,8.76676274622584
T57S:K74I:S77N:R87T,T57S:K74I:S77N:R87T,4,8.82906762808868,8.87231831051013,8.87231831051013,8.82906762808868,8.87231831051013,8.87231831051013,8.843751518951965,8.96923377286804,8.96923377286804,8.382760666604577,9.048463879885825,9.048463879885825,9.011244756776648,9.123642583354387,9.123642583354387,8.163397688254378,9.154550063154725,9.154550063154725,8.978225489583728,9.171420590945782,9.171420590945782,8.433026889091998,9.535703264303812,8.433026889091998,0.24198648380115628,8.70602041033799
S31N:T57S:A58T:K74I:S84N,S31N:T57S:A58T:K74I:S84N,5,8.904313771355543,8.960067183976339,8.960067183976339,8.904313771355543,8.960067183976339,8.960067183976339,8.826532696408004,8.974063669057315,8.974063669057315,8.4557204773167,8.90852283364454,8.90852283364454,8.582306898209016,8.771473305620876,8.771473305620876,7.7330219599934225,8.54003476981346,8.54003476981346,8.667935500712575,8.776798631471774,8.776798631471774,7.903108638652693,8.66580746053708,7.903108638652693,0.29925470892339945,8.68658649064663
N59A:T71S:K74I:S84N:Y95F,N59A:T71S:K74I:S84N:Y95F,5,8.803115070138597,8.92411995326354,8.92411995326354,8.803115070138597,8.92411995326354,8.92411995326354,8.480144710877301,8.795006470129927,8.795006470129927,8.22672186334883,8.699800337524946,8.699800337524946,8.522335763389998,8.812968174397524,8.812968174397524,7.447613059793488,8.315676790869036,8.315676790869036,8.592479275754556,8.867193120941382,8.867193120941382,7.654053632948636,8.4885392556461,7.654053632948636,0.8036355825606734,8.695812854128024
T57S:N59A:T71S:K74I:Y106S,T57S:N59A:T71S:K74I:Y106S,5,8.433409467845491,8.728536609057763,8.728536609057763,8.433409467845491,8.728536609057763,8.728536609057763,8.283098503450379,8.676180754405802,8.676180754405802,8.346061392628695,8.829949334644402,8.829949334644402,8.396647436616158,8.752036964607338,8.752036964607338,8.025290847128872,8.705608795441849,8.705608795441849,8.410587312245527,8.774246633868692,8.774246633868692,7.584707639835734,8.594108408002498,7.584707639835734,0.7536599815357476,8.619585787977357
S30N:N59A:K74I:S77N:Y106S,S30N:N59A:K74I:S77N:Y106S,5,8.361665778255498,8.537333623812902,8.537333623812902,8.361665778255498,8.537333623812902,8.537333623812902,8.180807072047319,8.464659914179983,8.464659914179983,7.983016334276687,8.58757245956266,8.58757245956266,8.305573522969373,8.60758565703741,8.60758565703741,7.540019752401965,8.395701339499304,8.395701339499304,8.370532640369692,8.688521303686539,8.688521303686539,7.591636716201178,8.568020368508108,7.591636716201178,0.24571622721850872,8.724299351288272
F29S:K74I:S77N:S84N:Y95F,F29S:K74I:S77N:S84N:Y95F,5,8.608419224343224,8.66701482791597,8.66701482791597,8.608419224343224,8.66701482791597,8.66701482791597,8.288622531001169,8.57739589477441,8.57739589477441,7.4724930324653025,8.269653698536198,8.269653698536198,8.324657378119664,8.628411946086237,8.628411946086237,6.501499859410148,7.9102021687226065,7.9102021687226065,8.427320812139389,8.753642477182147,8.753642477182147,7.462063230900491,8.465814742130192,7.462063230900491,0.7326674303039908,8.813847793295677
I52S:A58T:N59A:S84N:Y106S,I52S:A58T:N59A:S84N:Y106S,5,8.186860050269528,8.299899409978634,8.299899409978634,8.186860050269528,8.299899409978634,8.299899409978634,8.03153638166203,8.336935927597507,8.336935927597507,8.034782266266793,8.451246448094441,8.451246448094441,8.046355410451524,8.432536502314845,8.432536502314845,7.225269985500841,8.073736943093996,8.073736943093996,8.078271475185481,8.541077966888668,8.541077966888668,7.199191336394802,8.088951651689923,7.199191336394802,0.7026617457158864,8.631258137177841
S31N:T57S:T76S:R87T,S31N:T57S:T76S:R87T,4,8.704033138739016,9.007978181399622,9.007978181399622,8.704033138739016,9.007978181399622,9.007978181399622,8.627430731734117,9.028773486035227,9.028773486035227,8.322303495149121,8.95466623599376,8.95466623599376,8.462987335983073,8.927650637772105,8.927650637772105,8.426965738598929,9.35913097939559,9.35913097939559,8.514616706350045,8.910058984755302,8.910058984755302,8.07864674983029,9.234465803839342,8.07864674983029,0.9787562165874988,8.698403960636902
S31N:I52S:A58T:T71S:S77N,S31N:I52S:A58T:T71S:S77N,5,8.665384524886058,8.774867989117993,8.774867989117993,8.665384524886058,8.774867989117993,8.774867989117993,8.69250002495289,8.932937312044109,8.932937312044109,8.019437193669697,8.618093878164444,8.618093878164444,8.578430488317458,8.958581541884811,8.958581541884811,7.556680283209286,8.482917178128229,8.482917178128229,8.634246004480156,8.939528850117448,8.939528850117448,7.639501697176287,8.65022943619461,7.639501697176287,0.9350504432804883,8.897245052219795
F29S:A58T:S75F:T76S:S84N,F29S:A58T:S75F:T76S:S84N,5,8.981606565732468,8.936581152256274,8.936581152256274,8.981606565732468,8.936581152256274,8.936581152256274,8.67104844137428,8.832935919604223,8.832935919604223,8.232963677592211,8.73664704274257,8.73664704274257,8.753475117609021,8.927131579807472,8.927131579807472,7.341396249553994,8.44876145232447,8.44876145232447,8.780794788306956,8.916538406578702,8.916538406578702,7.979096446912736,8.790107497057132,7.979096446912736,0.05064429482445121,8.714169379575507
S30N:S31N:I52S:A58T:T71S,S30N:S31N:I52S:A58T:T71S,5,8.662297843146552,8.809345155847238,8.809345155847238,8.662297843146552,8.809345155847238,8.809345155847238,8.618541271519199,8.849072992571019,8.849072992571019,8.242314131631256,8.698612102722517,8.698612102722517,8.48351511605388,8.824425868601454,8.824425868601454,7.962789013689088,8.686537582102092,8.686537582102092,8.565390666374059,8.816401797777115,8.816401797777115,7.626324146151249,8.62276567474812,7.626324146151249,0.008428163593634963,8.894928092791773
I52S:A58T:T76S:S77N,I52S:A58T:T76S:S77N,4,8.744866991561565,8.638771500008927,8.638771500008927,8.744866991561565,8.638771500008927,8.638771500008927,8.773399841786818,8.921347955576092,8.921347955576092,8.47157286242549,8.965506160971742,8.965506160971742,8.742539518267217,8.930068303851302,8.930068303851302,8.222990807485186,9.101479036385546,9.101479036385546,8.718696317330451,9.039298116189062,9.039298116189062,8.176133887325314,9.384982051685354,8.176133887325314,0.48575202841311693,8.898245553074304
S30N:I52S:A58T:S77N:Y106S,S30N:I52S:A58T:S77N:Y106S,5,8.433703902192226,8.469549974939861,8.469549974939861,8.433703902192226,8.469549974939861,8.469549974939861,8.356129824325645,8.641745972129021,8.641745972129021,8.033707196197168,8.524166729990323,8.524166729990323,8.229109856668902,8.61053422924208,8.61053422924208,7.60483222409606,8.424642284564541,8.424642284564541,8.194512447894228,8.620917082964498,8.620917082964498,7.375850515607911,8.405164426412629,7.375850515607911,0.6756766901817173,8.755844053861415
N59A:K74I:S84N:Y95F:Y106S,N59A:K74I:S84N:Y95F:Y106S,5,8.798971726564194,8.908503218820885,8.908503218820885,8.798971726564194,8.908503218820885,8.908503218820885,8.363120371800425,8.721154054845087,8.721154054845087,8.215116553408642,8.765804233150938,8.765804233150938,8.475911649417828,8.824986062044156,8.824986062044156,7.570342617268814,8.504432483975728,8.504432483975728,8.493309484206481,8.857348787115898,8.857348787115898,7.663617746271989,8.592569149656438,7.663617746271989,0.8869189454708248,8.88870608397937
T57S:K74I:S77N:S84N,T57S:K74I:S77N:S84N,4,8.90175521165792,8.890910246617034,8.890910246617034,8.90175521165792,8.890910246617034,8.890910246617034,8.898690557774376,8.958672328409966,8.958672328409966,8.468039116814422,9.311804168127415,9.311804168127415,8.928687669935215,9.070701878651935,9.070701878651935,8.074106559173025,9.385416419586626,9.385416419586626,8.92428433404869,9.080199144675799,9.080199144675799,8.423275222629462,9.461069659576433,8.423275222629462,0.38892927719280124,8.834777297562761
K74I:T76S:S77N:S84N:Y106S,K74I:T76S:S77N:S84N:Y106S,5,8.892820217448874,8.950075201219384,8.950075201219384,8.892820217448874,8.950075201219384,8.950075201219384,8.783716084273975,8.989116404809124,8.989116404809124,7.864754217240067,8.754946107445308,8.754946107445308,8.855488568938101,9.076207117285149,9.076207117285149,7.622993638706263,8.710799423595113,8.710799423595113,8.777123213301289,9.058180255282455,9.058180255282455,7.936897822720103,8.92590043289094,7.936897822720103,0.4606314147822559,8.639021480053175
F29S:S30N:T71S:K74I:S84N,F29S:S30N:T71S:K74I:S84N,5,8.652503339032947,8.649915818684114,8.649915818684114,8.652503339032947,8.649915818684114,8.649915818684114,8.352469703019711,8.457998105598724,8.457998105598724,7.979200744760659,8.441185583694978,8.441185583694978,8.334251491693385,8.60663204454031,8.60663204454031,7.152109237648734,8.08052906825601,8.08052906825601,8.470494825960424,8.714409496237177,8.714409496237177,7.669565405622816,8.607190543576237,7.669565405622816,0.7051683685276657,8.88927039462757
F29S:A58T:S75F:S84N:Y95F,F29S:A58T:S75F:S84N:Y95F,5,9.048854647148877,9.053646855043493,9.053646855043493,9.048854647148877,9.053646855043493,9.053646855043493,8.688232242925793,8.951216578413767,8.951216578413767,8.15511173072572,8.725176622049172,8.725176622049172,8.679822287651175,8.919520150826203,8.919520150826203,7.09638427686963,8.355120592710405,8.355120592710405,8.71393128596798,8.908995924755116,8.908995924755116,7.883201201508483,8.738572114733056,7.883201201508483,0.7582777838688344,8.821690872516188
I52S:A58T:S84N:R87T,I52S:A58T:S84N:R87T,4,8.778167888562844,8.968321406266853,8.968321406266853,8.778167888562844,8.968321406266853,8.968321406266853,8.664413808944534,8.989682163205735,8.989682163205735,8.449427672235293,9.272669446167633,9.272669446167633,8.699840077421694,9.160241759196074,9.160241759196074,7.962407258491966,9.374505456648636,9.374505456648636,8.726498315641438,9.182597042922584,9.182597042922584,8.081995297480708,9.284356699447171,8.081995297480708,0.15991488634608686,8.99948330663321
S30N:S31N:A58T:K74I:T76S,S30N:S31N:A58T:K74I:T76S,5,8.578736455614173,8.644107616638548,8.644107616638548,8.578736455614173,8.644107616638548,8.644107616638548,8.573851009721698,8.783373309912253,8.783373309912253,7.9591099684699795,8.391851090357871,8.391851090357871,8.575296925102123,8.812954290881626,8.812954290881626,8.031227348743782,8.709797621692818,8.709797621692818,8.732281956127833,8.891626251779392,8.891626251779392,7.92523730480419,8.788531552561901,7.92523730480419,0.28041569283232093,8.783715272858046
T71S:K74I:R87T:Y95F,T71S:K74I:R87T:Y95F,4,8.953879541857946,9.090749184187016,9.090749184187016,8.953879541857946,9.090749184187016,9.090749184187016,8.947150455436315,9.185032088010763,9.185032088010763,8.536081292892678,9.055494146693698,9.055494146693698,9.005426957369089,9.184718404874051,9.184718404874051,8.525762181483664,9.350522800166138,9.350522800166138,8.997295373212019,9.13081556568943,9.13081556568943,8.496979290508303,9.477862462329963,8.496979290508303,0.3410055097192526,8.91194374424014
I52S:A58T:S84N:Y95F:Y106S,I52S:A58T:S84N:Y95F:Y106S,5,8.491216486651519,8.507894475760656,8.507894475760656,8.491216486651519,8.507894475760656,8.507894475760656,8.182977039781438,8.479816595848362,8.479816595848362,7.978808772022695,8.485672044820957,8.485672044820957,8.220131458719404,8.55637176737246,8.55637176737246,7.489429078355651,8.35746984454786,8.35746984454786,8.26218505808955,8.641689103098853,8.641689103098853,7.38900305669636,8.306600057603864,7.38900305669636,0.15100279729813337,8.772404475576364
A58T:K74I:T76S:R87T:Y106S,A58T:K74I:T76S:R87T:Y106S,5,8.431287678946136,8.513927558813549,8.513927558813549,8.431287678946136,8.513927558813549,8.513927558813549,8.439613287152348,8.683628160201598,8.683628160201598,7.900884488413958,8.372157727298571,8.372157727298571,8.54323325553137,8.74722637710266,8.74722637710266,7.76864792367769,8.47869620612639,8.47869620612639,8.487310355455866,8.788176799780457,8.788176799780457,7.617576397979021,8.540290550579083,7.617576397979021,0.8999626047443599,8.829769531743237
F29S:T57S:N59A:S75F:S77N,F29S:T57S:N59A:S75F:S77N,5,8.452624201905994,8.71408735362007,8.71408735362007,8.452624201905994,8.71408735362007,8.71408735362007,8.285749255553464,8.662885164645285,8.662885164645285,7.622978966972239,8.360579951165827,8.360579951165827,8.564445432055727,8.839779471426391,8.839779471426391,6.774626881732833,8.10379030440938,8.10379030440938,8.625013090711148,8.860925513439396,8.860925513439396,7.670115706731473,8.67407362051917,7.670115706731473,0.7417529639787972,8.700140384307794
F29S:T71S:K74I:S84N:R87T,F29S:T71S:K74I:S84N:R87T,5,8.535705509054532,8.593283421465408,8.593283421465408,8.535705509054532,8.593283421465408,8.593283421465408,8.273527187761937,8.518045806219291,8.518045806219291,7.862938848525499,8.448923320705212,8.448923320705212,8.299479059470018,8.533253754177002,8.533253754177002,7.033207063915029,8.200676742282308,8.200676742282308,8.413050749491493,8.606318538390811,8.606318538390811,7.573525932840687,8.555482336755688,7.573525932840687,0.5586280967108905,8.799883283060275
N59A:K74I:S84N:Y95F,N59A:K74I:S84N:Y95F,4,8.975524725015795,9.0109559476514,9.0109559476514,8.975524725015795,9.0109559476514,9.0109559476514,8.716359299511755,9.001514787506304,9.001514787506304,8.60828804059735,9.03930560573421,9.03930560573421,8.747135526466856,8.946894830324505,8.946894830324505,8.068610546787664,9.102776394785757,9.102776394785757,8.778925567017563,8.999606866108955,8.999606866108955,8.259427172501763,9.10563450913105,8.259427172501763,0.4692219062708318,8.799482373545349
I52S:A58T:T71S:R87T,I52S:A58T:T71S:R87T,4,8.703505437757894,8.994196086485049,8.994196086485049,8.703505437757894,8.994196086485049,8.994196086485049,8.632599623093743,8.964914805676358,8.964914805676358,8.460270190961554,8.981638657949858,8.981638657949858,8.71285032794682,9.171297775057717,9.171297775057717,8.222231142022366,9.390348148192324,9.390348148192324,8.73097838798266,9.088394164200828,9.088394164200828,8.165605121416029,9.38076340370399,8.165605121416029,0.6012870806735009,8.98382373829338
T57S:N59A:T71S:K74I:S84N,T57S:N59A:T71S:K74I:S84N,5,8.540933172238583,8.722495366162685,8.722495366162685,8.540933172238583,8.722495366162685,8.722495366162685,8.377585968130369,8.741887284447444,8.741887284447444,8.212594767255599,8.656015156893067,8.656015156893067,8.404003002784362,8.733372783395575,8.733372783395575,7.395530147203312,8.204786229229452,8.204786229229452,8.481338052015225,8.77268281329124,8.77268281329124,7.555092143698831,8.38761072830079,7.555092143698831,0.04510701657272875,8.742224491196264
S31N:T76S:S84N:R87T:Y106S,S31N:T76S:S84N:R87T:Y106S,5,8.598147266406666,8.768048279970886,8.768048279970886,8.598147266406666,8.768048279970886,8.768048279970886,8.355048222795217,8.716202640224548,8.716202640224548,7.7433423167532665,8.44037046547072,8.44037046547072,8.20000771289885,8.637025355207617,8.637025355207617,7.452502141863688,8.388819708923968,8.388819708923968,8.176957489093958,8.633795530792794,8.633795530792794,7.2920155636552195,8.316683936569708,7.2920155636552195,0.740150579251349,8.804128620661732
F29S:T71S:K74I:R87T,F29S:T71S:K74I:R87T,4,8.536689642513254,8.63675511338426,8.63675511338426,8.536689642513254,8.63675511338426,8.63675511338426,8.53174652126782,8.775011177388825,8.775011177388825,8.467537970763411,8.921979304100436,8.921979304100436,8.643778938015613,8.891906792268433,8.891906792268433,8.057041225666984,8.99366017545007,8.99366017545007,8.655110922615577,8.876499058290811,8.876499058290811,8.247062251889417,9.253081039534141,8.247062251889417,0.7950652146246284,8.63969540588665
S30N:N59A:K74I:T76S,S30N:N59A:K74I:T76S,4,8.659925199463096,8.844419766506585,8.844419766506585,8.659925199463096,8.844419766506585,8.844419766506585,8.55382254647693,8.862649782013676,8.862649782013676,8.477507297285896,8.928891256862338,8.928891256862338,8.677364720434204,9.106204147206943,9.106204147206943,8.39066436542737,9.15813894501677,9.15813894501677,8.795841428881461,9.126360811232214,9.126360811232214,8.387110865281981,9.359609979863272,8.387110865281981,0.9286109679378569,8.71862625689218
I52S:A58T:T71S:T76S:S77N,I52S:A58T:T71S:T76S:S77N,5,8.412165608619361,8.501961092375277,8.501961092375277,8.412165608619361,8.501961092375277,8.501961092375277,8.46638005516077,8.667318067147766,8.667318067147766,7.950500569242606,8.45412326354613,8.45412326354613,8.480477205200307,8.744083724949071,8.744083724949071,7.532628791731028,8.337387450848857,8.337387450848857,8.513412945132435,8.775347598826732,8.775347598826732,7.569138834431747,8.523009336797939,7.569138834431747,0.029712105402722955,8.674121155545041
F29S:N59A:S75F:T76S:Y95F,F29S:N59A:S75F:T76S:Y95F,5,8.688208333131625,8.725659254572081,8.725659254572081,8.688208333131625,8.725659254572081,8.725659254572081,8.421716472621275,8.600710084722385,8.600710084722385,8.026017217722591,8.449780883715754,8.449780883715754,8.639195936197911,8.857681323816152,8.857681323816152,7.3167263960040865,8.066322844235323,8.066322844235323,8.577224940049257,8.812042716483496,8.812042716483496,7.969439060186767,8.76019785660396,7.969439060186767,0.7734629542101175,8.774355462081006
I52S:A58T:S77N:R87T:Y95F,I52S:A58T:S77N:R87T:Y95F,5,8.6811690498672,8.766112128809478,8.766112128809478,8.6811690498672,8.766112128809478,8.766112128809478,8.369304944578719,8.602435577049166,8.602435577049166,7.740702581386264,8.301200066837062,8.301200066837062,8.494454479276966,8.767330124814396,8.767330124814396,7.32822501064331,8.256349529341792,8.256349529341792,8.414873469882089,8.692535516783801,8.692535516783801,7.4098384731517015,8.399115739984255,7.4098384731517015,0.12229433935135603,8.767464258548033
T57S:A58T:T71S:K74I:R87T,T57S:A58T:T71S:K74I:R87T,5,8.419112923539373,8.544455906173923,8.544455906173923,8.419112923539373,8.544455906173923,8.544455906173923,8.375692522929537,8.606484642956087,8.606484642956087,8.24328997091995,8.631548653207547,8.631548653207547,8.486434752973231,8.67144223789535,8.67144223789535,7.913864535219591,8.624838818996063,8.624838818996063,8.559693329396342,8.732982259548388,8.732982259548388,7.729814705656521,8.633718961400554,7.729814705656521,0.814604529645294,8.688323840901324
S30N:I52S:A58T:R87T:Y95F,S30N:I52S:A58T:R87T:Y95F,5,8.463810279477709,8.57287503546469,8.57287503546469,8.463810279477709,8.57287503546469,8.57287503546469,8.305855168624491,8.56668331304809,8.56668331304809,7.807577151507124,8.326825346321225,8.326825346321225,8.398997964220559,8.678579344377413,8.678579344377413,7.706255456217416,8.499994107268682,8.499994107268682,8.383156622752798,8.6681860472305,8.6681860472305,7.518255817519662,8.453432447766831,7.518255817519662,0.3770054329652339,8.871881335787013
S30N:S31N:T57S:N59A:K74I,S30N:S31N:T57S:N59A:K74I,5,8.576456069338754,8.799673400802027,8.799673400802027,8.576456069338754,8.799673400802027,8.799673400802027,8.525021398617683,8.801567633202449,8.801567633202449,8.132614324987909,8.651663959588813,8.651663959588813,8.515214987638736,8.774834989659828,8.774834989659828,8.120432209696114,8.87235641592731,8.87235641592731,8.69869904004865,8.93008445504503,8.93008445504503,7.812778333042245,8.750867552466811,7.812778333042245,0.23081720527261496,8.963243098846084
I52S:A58T:T76S:S84N,I52S:A58T:T76S:S84N,4,8.702553879600611,8.731649077648587,8.731649077648587,8.702553879600611,8.731649077648587,8.731649077648587,8.719993204959275,9.107623596736236,9.107623596736236,8.485112916603557,9.072471404223302,9.072471404223302,8.71499954817803,9.149336760935743,9.149336760935743,8.066426228627023,9.140049912007882,9.140049912007882,8.71426718176935,9.117048094218863,9.117048094218863,8.105574386154533,9.062885646473928,8.105574386154533,0.1338541624136269,8.878118382523294
S31N:I52S:A58T:T71S:Y106S,S31N:I52S:A58T:T71S:Y106S,5,8.652745144333714,8.790909233467252,8.790909233467252,8.652745144333714,8.790909233467252,8.790909233467252,8.526664424408397,8.740122091531065,8.740122091531065,8.256236598128288,8.793350657855276,8.793350657855276,8.378021587620688,8.719096062271888,8.719096062271888,7.969679234237923,8.736257699453214,8.736257699453214,8.437144279343048,8.76209254865057,8.76209254865057,7.5454445675420905,8.624042415084654,7.5454445675420905,0.15532485162839293,9.062466767882192
I52S:A58T:T71S:Y95F:Y106S,I52S:A58T:T71S:Y95F:Y106S,5,8.385082611488839,8.522760717508074,8.522760717508074,8.385082611488839,8.522760717508074,8.522760717508074,8.229987171560058,8.552814158077144,8.552814158077144,8.11814233375203,8.561012459789774,8.561012459789774,8.265255329906454,8.633285796625229,8.633285796625229,7.9024404212001675,8.602780113743407,8.602780113743407,8.24365060137114,8.630991662241694,8.630991662241694,7.4814327941741325,8.473654596886176,7.4814327941741325,0.7925646994262934,8.911591745839383
N59A:T71S:K74I:S77N:R87T,N59A:T71S:K74I:S77N:R87T,5,8.450366386599796,8.683495045731819,8.683495045731819,8.450366386599796,8.683495045731819,8.683495045731819,8.293143675256148,8.65037741702631,8.65037741702631,7.797144505209115,8.373884127209163,8.373884127209163,8.460998176467173,8.755264599329841,8.755264599329841,7.251365457346063,8.296840343489578,8.296840343489578,8.564784594494677,8.827758020716514,8.827758020716514,7.586346995063756,8.58924401528174,7.586346995063756,0.7933736646082252,8.840170122730376
T71S:K74I:R87T:Y95F:Y106S,T71S:K74I:R87T:Y95F:Y106S,5,8.798305220124893,8.979699335596623,8.979699335596623,8.798305220124893,8.979699335596623,8.979699335596623,8.732227702781891,9.029696686745115,9.029696686745115,8.150905091670001,8.722789044268263,8.722789044268263,8.738987409897499,9.037220040094422,9.037220040094422,8.096435584290514,8.822079516387625,8.822079516387625,8.719829103019734,8.998223243221677,8.998223243221677,7.891728995731722,8.840292520439114,7.891728995731722,0.6316769511904567,8.780671516443393
S30N:I52S:A58T:T76S:R87T,S30N:I52S:A58T:T76S:R87T,5,8.463558699564958,8.617687312030558,8.617687312030558,8.463558699564958,8.617687312030558,8.617687312030558,8.364939000047235,8.649736465204276,8.649736465204276,7.8310282997965235,8.346085831416604,8.346085831416604,8.411796196900923,8.690734466520324,8.690734466520324,7.603915922954137,8.354865719778498,8.354865719778498,8.43047877759349,8.712995485234535,8.712995485234535,7.447145545248226,8.35325529779427,7.447145545248226,0.28499389067292213,8.807373832769043
T57S:N59A:K74I:T76S:S84N,T57S:N59A:K74I:T76S:S84N,5,8.611408154601822,8.74344814276795,8.74344814276795,8.611408154601822,8.74344814276795,8.74344814276795,8.491444750238342,8.866019585390603,8.866019585390603,8.022298647615504,8.504915582439436,8.504915582439436,8.507575141707767,8.840581089896498,8.840581089896498,7.475919816761994,8.292207389170851,8.292207389170851,8.500911445419959,8.825883121903471,8.825883121903471,7.682433211726179,8.497584891992114,7.682433211726179,0.3466709963977337,8.591805604235049
F29S:K74I:T76S:R87T:Y95F,F29S:K74I:T76S:R87T:Y95F,5,8.549270448878106,8.68460875749267,8.68460875749267,8.549270448878106,8.68460875749267,8.68460875749267,8.285438813852146,8.669159975041044,8.669159975041044,7.564126064268999,8.258113515369079,8.258113515369079,8.446598978503536,8.784727634278894,8.784727634278894,7.101701247321067,8.174442345642383,8.174442345642383,8.388121492853308,8.758258754787715,8.758258754787715,7.735632319882758,8.71409044054177,7.735632319882758,0.9378598204348236,8.86044700527127
S31N:T76S:R87T:Y106S,S31N:T76S:R87T:Y106S,4,8.65201393006433,8.876888042368998,8.876888042368998,8.65201393006433,8.876888042368998,8.876888042368998,8.577759402418899,8.901295807072342,8.901295807072342,8.272495880061507,8.9016345828806,8.9016345828806,8.456640523109483,8.800924014365899,8.800924014365899,8.291455261893681,9.158175162932658,9.158175162932658,8.454233686028715,8.862521200451091,8.862521200451091,7.973186246549099,9.189412098947198,7.973186246549099,0.12188034201972187,8.566434663337205
I52S:A58T:N59A:T71S:S84N,I52S:A58T:N59A:T71S:S84N,5,8.191534399528667,8.401050546311088,8.401050546311088,8.191534399528667,8.401050546311088,8.401050546311088,8.143213461769603,8.474037145790401,8.474037145790401,8.05650132213251,8.453477363489695,8.453477363489695,8.15171845432909,8.55022982090083,8.55022982090083,7.098344161257504,7.950018164727353,7.950018164727353,8.261016389127033,8.659930688058214,8.659930688058214,7.279461425442265,8.163976264096442,7.279461425442265,0.3860007533803582,8.543332889742857
S30N:N59A:T71S:K74I:Y106S,S30N:N59A:T71S:K74I:Y106S,5,8.373092371170294,8.65667595302288,8.65667595302288,8.373092371170294,8.65667595302288,8.65667595302288,8.217980832684926,8.549380379038201,8.549380379038201,8.286306904504785,8.785940993913673,8.785940993913673,8.316269360058172,8.646828730277022,8.646828730277022,7.944109805604748,8.655225313223736,8.655225313223736,8.40748852580335,8.759409288794613,8.759409288794613,7.606502405086771,8.576487154783324,7.606502405086771,0.8734091236256063,8.959589628881607
I52S:A58T:N59A:S84N:Y95F,I52S:A58T:N59A:S84N:Y95F,5,8.304598839788174,8.384036456013785,8.384036456013785,8.304598839788174,8.384036456013785,8.384036456013785,8.088721739509536,8.407245546397393,8.407245546397393,7.954937891408591,8.363738778106457,8.363738778106457,8.14837886433668,8.553204160156538,8.553204160156538,7.181677754048607,8.018028202639297,8.018028202639297,8.221336855792712,8.624815397215643,8.624815397215643,7.288973034613074,8.141915207226027,7.288973034613074,0.1562508074566722,8.63192609037462
S30N:T57S:K74I:S84N:Y95F,S30N:T57S:K74I:S84N:Y95F,5,8.869903265004892,8.929128257902168,8.929128257902168,8.869903265004892,8.929128257902168,8.929128257902168,8.71243330918467,8.896835958576862,8.896835958576862,8.089172039906774,8.64392139140514,8.64392139140514,8.708452846565148,8.962014033192736,8.962014033192736,7.668464072714096,8.48631006294584,8.48631006294584,8.783431849343703,9.03489735046855,9.03489735046855,7.886319946747783,8.748675720341732,7.886319946747783,0.10998364118859172,8.942750879325978
I52S:A58T:T76S:S84N:R87T,I52S:A58T:T76S:S84N:R87T,5,8.724480590035672,8.82193672045221,8.82193672045221,8.724480590035672,8.82193672045221,8.82193672045221,8.484442291354075,8.762873443058249,8.762873443058249,7.927927798699425,8.541364477439862,8.541364477439862,8.501831679915027,8.843452775546428,8.843452775546428,7.234199947032107,8.277290141303995,8.277290141303995,8.466802960212092,8.813413285945135,8.813413285945135,7.373714839432916,8.339105953456617,7.373714839432916,0.4915024230722338,8.857015439727856
F29S:N59A:T71S:S75F:Y95F,F29S:N59A:T71S:S75F:Y95F,5,8.765278648764987,8.846817051842017,8.846817051842017,8.765278648764987,8.846817051842017,8.846817051842017,8.61293804725506,8.86245467768417,8.86245467768417,8.253503326684514,8.67450986581634,8.67450986581634,8.718788783428401,8.924174965429208,8.924174965429208,7.470411867488272,8.347111832928848,8.347111832928848,8.623255005625404,8.800858794084924,8.800858794084924,7.9172126785733505,8.751884696212906,7.9172126785733505,0.509412937797606,8.77018802486929
F29S:I52S:T57S:A58T:N59A,F29S:I52S:T57S:A58T:N59A,5,7.45234152237993,7.725311848593285,7.725311848593285,7.45234152237993,7.725311848593285,7.725311848593285,7.426975545274389,7.8458498314524086,7.8458498314524086,7.271556667551309,7.7407160558659625,7.7407160558659625,7.508766728281319,8.120723557783519,8.120723557783519,6.350371584272031,7.376478574786824,7.376478574786824,7.53909264257871,8.134504569386635,8.134504569386635,6.860213922973021,7.897114428919616,6.860213922973021,0.36718460195697844,8.759772547930991
F29S:S30N:N59A:K74I,F29S:S30N:N59A:K74I,4,8.088264433922815,8.192519247519257,8.192519247519257,8.088264433922815,8.192519247519257,8.192519247519257,7.857363911678045,8.141659660632033,8.141659660632033,7.989077492450704,8.514010061241676,8.514010061241676,8.055916593954622,8.389670955899579,8.389670955899579,7.326482583607039,8.321083838477763,8.321083838477763,8.203402590650557,8.824296073269604,8.824296073269604,7.867706224677675,8.970067138817743,7.867706224677675,0.224154363386333,8.86518046101213
S31N:T71S:T76S:R87T,S31N:T71S:T76S:R87T,4,8.633857941484008,8.774466626634535,8.774466626634535,8.633857941484008,8.774466626634535,8.774466626634535,8.542540619244717,8.79720616059549,8.79720616059549,8.333203014820464,9.088627060328054,9.088627060328054,8.421481280355872,8.78786343710517,8.78786343710517,8.331526476477958,9.100519922176957,9.100519922176957,8.474223943420473,8.780747660355122,8.780747660355122,8.024017652466377,9.120561941475653,8.024017652466377,0.7199069813359529,8.796872886533649
S30N:S31N:T57S:T71S:R87T,S30N:S31N:T57S:T71S:R87T,5,8.300853774685628,8.560898523767083,8.560898523767083,8.300853774685628,8.560898523767083,8.560898523767083,8.344707030662153,8.646843428501562,8.646843428501562,7.865548479160361,8.391548229845586,8.391548229845586,8.250751603815873,8.599386291950497,8.599386291950497,7.85199576851583,8.5411550544868,8.5411550544868,8.306252908996864,8.675455349051502,8.675455349051502,7.351558095535178,8.349272798644197,7.351558095535178,0.3300028103403747,8.862662241140468
S31N:T57S:T76S:R87T:Y95F,S31N:T57S:T76S:R87T:Y95F,5,8.569407761234348,8.717880998153282,8.717880998153282,8.569407761234348,8.717880998153282,8.717880998153282,8.42477728507842,8.675243993510206,8.675243993510206,7.794209665064571,8.370055644900273,8.370055644900273,8.165527382447522,8.476773862964704,8.476773862964704,7.987811547268428,8.705969964094367,8.705969964094367,8.213008787826602,8.577907483107314,8.577907483107314,7.446027663487569,8.452137693782381,7.446027663487569,0.20254149846732616,8.695802648494539
T57S:N59A:K74I:S84N,T57S:N59A:K74I:S84N,4,8.696765614979492,8.840196359138206,8.840196359138206,8.696765614979492,8.840196359138206,8.840196359138206,8.633546105627813,8.96115151643963,8.96115151643963,8.523696260610361,8.963661351061912,8.963661351061912,8.628547001252702,8.904987457360535,8.904987457360535,8.018266030766364,8.85593128917184,8.85593128917184,8.6507723804992,8.890001164176695,8.890001164176695,8.183713982219208,8.95190012330178,8.183713982219208,0.6265693702735007,8.788251751734446
S30N:S31N:I52S:T57S:S84N,S30N:S31N:I52S:T57S:S84N,5,8.730797646201761,8.791738098998158,8.791738098998158,8.730797646201761,8.791738098998158,8.791738098998158,8.605296269204866,8.778959319381585,8.778959319381585,8.038743332068902,8.634425921634437,8.634425921634437,8.365829505172943,8.614462972191694,8.614462972191694,7.573183316120806,8.488443476873092,8.488443476873092,8.446098189997429,8.598872562538462,8.598872562538462,7.5291355155359785,8.39593646473082,7.5291355155359785,0.562271845061332,8.818370067985013
A58T:K74I:T76S:R87T,A58T:K74I:T76S:R87T,4,8.69562056184296,8.735671937389448,8.735671937389448,8.69562056184296,8.735671937389448,8.735671937389448,8.694767455910194,8.903226630702177,8.903226630702177,8.362304379884758,8.796540670183152,8.796540670183152,8.777722686652586,8.796513886875635,8.796513886875635,8.305964261901703,9.050711062435564,9.050711062435564,8.753073590260318,8.873173226145163,8.873173226145163,8.309808672781116,9.167466612922167,8.309808672781116,0.7114079399034381,8.91728900798297
S30N:I52S:A58T:R87T,S30N:I52S:A58T:R87T,4,8.701271161022822,8.853379156278002,8.853379156278002,8.701271161022822,8.853379156278002,8.853379156278002,8.647567602087253,8.955818889340183,8.955818889340183,8.429984160777051,8.930987245896297,8.930987245896297,8.677595532910598,9.075199755145027,9.075199755145027,8.25803208042089,9.075123869003976,9.075123869003976,8.686576097585295,9.093210424267966,9.093210424267966,8.170052455744404,9.14487847580345,8.170052455744404,0.6252218601293862,8.994392275409854
S31N:I52S:A58T:N59A:S84N,S31N:I52S:A58T:N59A:S84N,5,8.421358675260919,8.582325180689878,8.582325180689878,8.421358675260919,8.582325180689878,8.582325180689878,8.390756861401044,8.725193391733068,8.725193391733068,7.960632165639366,8.457496604787245,8.457496604787245,8.221101677413547,8.62094432676082,8.62094432676082,7.237720030029713,8.156430330856947,8.156430330856947,8.357563922850169,8.72276736930435,8.72276736930435,7.352598718848417,8.257223576893162,7.352598718848417,0.5878991927020252,8.309351050834705
S31N:T71S:S84N:Y106S,S31N:T71S:S84N:Y106S,4,8.455189655253468,8.578076762984761,8.578076762984761,8.455189655253468,8.578076762984761,8.578076762984761,8.355620539493696,8.769245813178351,8.769245813178351,8.31205003367482,8.968976844385336,8.968976844385336,8.281630532675173,8.750571893570715,8.750571893570715,8.005735200737616,8.913542958629732,8.913542958629732,8.300786894210269,8.73755797226527,8.73755797226527,7.891292871793703,8.776860587346862,7.891292871793703,0.33783904230222106,8.910208443643342
I52S:A58T:N59A:Y95F:Y106S,I52S:A58T:N59A:Y95F:Y106S,5,8.241341194294018,8.358382699426388,8.358382699426388,8.241341194294018,8.358382699426388,8.358382699426388,7.961020674825942,8.291008499216268,8.291008499216268,8.105214590379088,8.469367754153046,8.469367754153046,8.060203502414517,8.444720476850012,8.444720476850012,7.8434550519828905,8.555077056499394,8.555077056499394,8.060599216618442,8.486552085629588,8.486552085629588,7.374882010411938,8.393954161912127,7.374882010411938,0.10734073212370276,8.937451683760585
I52S:A58T:R87T:Y95F,I52S:A58T:R87T:Y95F,4,8.712188647312399,8.8215648700395,8.8215648700395,8.712188647312399,8.8215648700395,8.8215648700395,8.565400053143303,8.800222363487737,8.800222363487737,8.298042549989923,8.780275086943902,8.780275086943902,8.69147280175731,9.01694759698781,9.01694759698781,8.266241939278977,9.09703884053798,9.09703884053798,8.65648756388322,8.96760591328254,8.96760591328254,8.169112095779989,9.08010211336338,8.169112095779989,0.5130864575039595,9.070125903519749
S30N:T57S:N59A:K74I:S77N,S30N:T57S:N59A:K74I:S77N,5,8.204903168805961,8.385919786804168,8.385919786804168,8.204903168805961,8.385919786804168,8.385919786804168,8.157628155102145,8.433119774301629,8.433119774301629,7.756848779067561,8.33519725385616,8.33519725385616,8.34511154272077,8.61832706604427,8.61832706604427,7.410153740121882,8.323443264109407,8.323443264109407,8.437285467572138,8.654614797345106,8.654614797345106,7.555391332728551,8.534058287972845,7.555391332728551,0.5979019752703607,8.82304170275727
A58T:K74I:T76S:Y95F,A58T:K74I:T76S:Y95F,4,8.856652716460282,8.851338694729849,8.851338694729849,8.856652716460282,8.851338694729849,8.851338694729849,8.717384192225554,9.016535407268371,9.016535407268371,8.358214152052033,8.834483512285855,8.834483512285855,8.714438075557457,8.991563485288449,8.991563485288449,8.405635759037057,9.19706828523468,9.19706828523468,8.668893620835124,8.966056572614555,8.966056572614555,8.303330650639529,9.245104628438492,8.303330650639529,0.07109347358345985,8.965973278551216
I52S:A58T:N59A:S77N:R87T,I52S:A58T:N59A:S77N:R87T,5,8.415041189564814,8.665715489741263,8.665715489741263,8.415041189564814,8.665715489741263,8.665715489741263,8.104206559483124,8.497329012610805,8.497329012610805,7.677012862286841,8.255085669007364,8.255085669007364,8.226531313776833,8.656448334269914,8.656448334269914,7.077679544205168,8.097623355484103,8.097623355484103,8.220474224325127,8.631138772183949,8.631138772183949,7.218368784057524,8.254042605323308,7.218368784057524,0.22144659282639623,8.812330054562242
S30N:I52S:A58T:T76S:Y95F,S30N:I52S:A58T:T76S:Y95F,5,8.297362793751141,8.39958655912009,8.39958655912009,8.297362793751141,8.39958655912009,8.39958655912009,8.213670564997342,8.516850131309392,8.516850131309392,7.697302959965378,8.227914499542884,8.227914499542884,8.310898322792804,8.581783986846235,8.581783986846235,7.729516634760188,8.415232354571716,8.415232354571716,8.350840589199276,8.583616132464098,8.583616132464098,7.478774214538012,8.376621119873844,7.478774214538012,0.006944251246750355,8.840080905155805
N59A:T71S:K74I:R87T,N59A:T71S:K74I:R87T,4,8.677234738263087,8.91653988681286,8.91653988681286,8.677234738263087,8.91653988681286,8.91653988681286,8.61681230346172,8.933888050517574,8.933888050517574,8.561509340299647,9.016968013057928,9.016968013057928,8.683251092134084,8.963413991105622,8.963413991105622,8.324125809144673,9.292350356360608,9.292350356360608,8.788096259253113,9.048035205152686,9.048035205152686,8.27618847128244,9.33349686575088,8.27618847128244,0.8317180597223341,9.179862538855124
F29S:T57S:T71S:S77N:S84N,F29S:T57S:T71S:S77N:S84N,5,7.308908805498753,7.505054533798885,7.505054533798885,7.308908805498753,7.505054533798885,7.505054533798885,7.201334291077029,7.551684102756441,7.551684102756441,6.908920718930766,7.512690059978187,7.512690059978187,7.170427420731825,7.58976170012958,7.58976170012958,5.9189509967993725,7.106626070934992,7.106626070934992,7.274975889128227,7.643150028779767,7.643150028779767,6.48379906237891,7.372408818453908,6.48379906237891,0.35978220123797655,8.909134880409791
S30N:S31N:T76S:R87T:Y95F,S30N:S31N:T76S:R87T:Y95F,5,8.477837244925013,8.551867480321299,8.551867480321299,8.477837244925013,8.551867480321299,8.551867480321299,8.31512549810285,8.58511003120466,8.58511003120466,7.540221168935767,8.110928246034662,8.110928246034662,8.209749251301195,8.520653274670874,8.520653274670874,7.756108833686461,8.470328492313612,8.470328492313612,8.265432931633775,8.671222190343267,8.671222190343267,7.430245627600183,8.382858630227906,7.430245627600183,0.910494388313964,8.84479266218494
T57S:T76S:R87T:Y95F:Y106S,T57S:T76S:R87T:Y95F:Y106S,5,8.133840610094715,8.271939109685196,8.271939109685196,8.133840610094715,8.271939109685196,8.271939109685196,8.071416259667838,8.356332207552306,8.356332207552306,7.562075441437125,8.056877732918377,8.056877732918377,7.908260056875059,8.250628864323426,8.250628864323426,7.702703848182461,8.2966149676144,8.2966149676144,7.860741538752905,8.313524865991273,8.313524865991273,7.147081913996216,8.055740926140006,7.147081913996216,0.34557149186730385,8.67108664683462
A58T:T71S:K74I:Y106S,A58T:T71S:K74I:Y106S,4,8.70047479937788,8.812374367809388,8.812374367809388,8.70047479937788,8.812374367809388,8.812374367809388,8.56291626016955,8.800652848202864,8.800652848202864,8.680951794538634,9.055713708038493,9.055713708038493,8.621086723428057,8.880747803545853,8.880747803545853,8.362011504132088,9.124898531209459,9.124898531209459,8.65665564498354,8.895601744321347,8.895601744321347,8.188139806804026,9.259527060105437,8.188139806804026,0.27545704250223935,8.601030979640074
I52S:A58T:N59A:R87T:Y95F,I52S:A58T:N59A:R87T:Y95F,5,8.31024972446416,8.46749868405002,8.46749868405002,8.31024972446416,8.46749868405002,8.46749868405002,8.009677306352529,8.339031452614504,8.339031452614504,7.826140592946139,8.281534043934675,8.281534043934675,8.187613955921165,8.55775350534337,8.55775350534337,7.592641561404115,8.435215767609867,8.435215767609867,8.194450784021816,8.544297646433913,8.544297646433913,7.383862048941705,8.32280424586417,7.383862048941705,0.21457780618220568,8.809498386959788
S31N:T57S:S77N:Y106S,S31N:T57S:S77N:Y106S,4,8.414717869985495,8.604491840361668,8.604491840361668,8.414717869985495,8.604491840361668,8.604491840361668,8.407843492764071,8.709699694797362,8.709699694797362,8.116233200461213,8.71442423888837,8.71442423888837,8.408301058388732,8.919100901487365,8.919100901487365,7.967684092272182,8.696515508682799,8.696515508682799,8.364688446954421,8.825662307555644,8.825662307555644,7.934241632315592,8.79014384789926,7.934241632315592,0.6579579124227166,8.683148359755043
I52S:A58T:N59A:T71S:Y95F,I52S:A58T:N59A:T71S:Y95F,5,8.246767893595544,8.424636803053486,8.424636803053486,8.246767893595544,8.424636803053486,8.424636803053486,8.100490556506411,8.408303833761122,8.408303833761122,8.09401654246215,8.479410356916098,8.479410356916098,8.22073830605624,8.616477561690411,8.616477561690411,7.818027052086022,8.513152967691024,8.513152967691024,8.223428298139542,8.593799974706464,8.593799974706464,7.4828960195027525,8.422579413031322,7.4828960195027525,0.8888955982401967,8.681019563614205
S31N:T57S:S84N:Y95F,S31N:T57S:S84N:Y95F,4,8.640879831471924,8.738207462503418,8.738207462503418,8.640879831471924,8.738207462503418,8.738207462503418,8.54813284814095,8.781065340651859,8.781065340651859,8.399041143415621,8.932608098768881,8.932608098768881,8.293230196496632,8.500325443647899,8.500325443647899,8.053911037863465,8.857078659714588,8.857078659714588,8.377063324014125,8.55281002638167,8.55281002638167,7.965224922560753,8.76159965553858,7.965224922560753,0.7206235770136118,8.649316910733365
S31N:T57S:T71S:S84N,S31N:T57S:T71S:S84N,4,8.558897447366675,8.773132717636551,8.773132717636551,8.558897447366675,8.773132717636551,8.773132717636551,8.521486612048205,8.797003032874729,8.797003032874729,8.486745234566873,9.013449575257923,9.013449575257923,8.352710835135703,8.711247625748115,8.711247625748115,8.025317001343458,8.833373115796961,8.833373115796961,8.391017674505463,8.801040039578455,8.801040039578455,7.934057482334508,8.694833238580486,7.934057482334508,0.13444985076785088,8.798674921641254
I52S:A58T:S84N:Y106S,I52S:A58T:S84N:Y106S,4,8.6908361572254,8.73428004188816,8.73428004188816,8.6908361572254,8.73428004188816,8.73428004188816,8.614244585422428,8.869768496160328,8.869768496160328,8.562483353066035,9.070960384011643,9.070960384011643,8.570987135391185,8.897545253414277,8.897545253414277,8.164023055781191,9.028119020700824,9.028119020700824,8.582287926706,9.027426793242473,9.027426793242473,8.074200797173122,8.935210626892777,8.074200797173122,0.8298412335570902,8.811122892172989
F29S:T57S:N59A:S75F:Y95F,F29S:T57S:N59A:S75F:Y95F,5,8.498336522076851,8.611702782512841,8.611702782512841,8.498336522076851,8.611702782512841,8.611702782512841,8.381174053802582,8.634896673592507,8.634896673592507,7.882295068261401,8.377474889300625,8.377474889300625,8.556388877902105,8.78516623925412,8.78516623925412,7.178031408065596,8.037237195964831,8.037237195964831,8.51399812212739,8.751904657359505,8.751904657359505,7.814499678213622,8.661052264512403,7.814499678213622,0.03722531348466873,8.983033130954553
S30N:S31N:T76S:Y95F,S30N:S31N:T76S:Y95F,4,8.501674252801024,8.572204453812626,8.572204453812626,8.501674252801024,8.572204453812626,8.572204453812626,8.365203113039579,8.763480530891874,8.763480530891874,7.961857215051795,8.565725865551201,8.565725865551201,8.363335226659073,8.831177088297306,8.831177088297306,8.196765329260943,8.933111615665581,8.933111615665581,8.436348691869679,8.80265796704404,8.80265796704404,8.033584007309855,8.963549161547474,8.033584007309855,0.3365293708629906,9.050809411197445
F29S:S30N:T57S:T71S:K74I,F29S:S30N:T57S:T71S:K74I,5,8.301836588118272,8.391389414930794,8.391389414930794,8.301836588118272,8.391389414930794,8.391389414930794,8.25499640468597,8.43967251307935,8.43967251307935,7.981594045426771,8.36187154937617,8.36187154937617,8.35766160337717,8.630177851821855,8.630177851821855,7.390820256732385,8.145743851231769,8.145743851231769,8.462867128982117,8.793697176835124,8.793697176835124,7.668810516927123,8.579583250318574,7.668810516927123,0.3524368687067181,8.94086644504572
I52S:A58T:N59A:S77N:S84N,I52S:A58T:N59A:S77N:S84N,5,8.263767196989138,8.423408986199917,8.423408986199917,8.263767196989138,8.423408986199917,8.423408986199917,8.216990875273655,8.580612058031772,8.580612058031772,7.7917838982021586,8.31084488560817,8.31084488560817,8.173218686986626,8.632525589258824,8.632525589258824,6.845845005891245,7.843560063512089,7.843560063512089,8.233164925502969,8.654680217419447,8.654680217419447,7.174306819262883,8.130663543738109,7.174306819262883,0.9439790355972946,8.475552198918573
S30N:S31N:I52S:T57S:S77N,S30N:S31N:I52S:T57S:S77N,5,8.63714884086879,8.710196566442495,8.710196566442495,8.63714884086879,8.710196566442495,8.710196566442495,8.630192525186375,8.833637538688338,8.833637538688338,7.80127807033346,8.355488404886955,8.355488404886955,8.535513683138031,8.76420451457344,8.76420451457344,7.565979808626418,8.416967827660624,8.416967827660624,8.526067862254127,8.703432580893297,8.703432580893297,7.5409144676151385,8.447230078066115,7.5409144676151385,0.914169711060822,9.006085974873164
S31N:T57S:T76S:S84N:Y106S,S31N:T57S:T76S:S84N:Y106S,5,8.384741737718969,8.55053488069008,8.55053488069008,8.384741737718969,8.55053488069008,8.55053488069008,8.243054251154035,8.540949804592906,8.540949804592906,7.746156799871261,8.378292016082671,8.378292016082671,8.113909056668389,8.572690691042903,8.572690691042903,7.516545701340569,8.28431628790226,8.28431628790226,8.08508951391337,8.533919367035622,8.533919367035622,7.301206588548565,8.171588847795135,7.301206588548565,0.14501934638246894,8.636243889490789
S31N:A58T:T71S:K74I:S77N,S31N:A58T:T71S:K74I:S77N,5,8.688778646239983,8.802179220747412,8.802179220747412,8.688778646239983,8.802179220747412,8.802179220747412,8.677894430245642,8.892478586354153,8.892478586354153,8.121839526398867,8.632944535921366,8.632944535921366,8.581034282641038,8.872531069634753,8.872531069634753,7.716339084986407,8.5282996238294,8.5282996238294,8.699866668647056,8.88594876484098,8.88594876484098,7.840934806692288,8.679608695352165,7.840934806692288,0.22475990932434797,9.026073448537893
F29S:A58T:N59A:S75F:T76S,F29S:A58T:N59A:S75F:T76S,5,8.33607014538029,8.433626675935031,8.433626675935031,8.33607014538029,8.433626675935031,8.433626675935031,8.137688232440007,8.400163845255221,8.400163845255221,8.069188534571698,8.474851822376007,8.474851822376007,8.328193507598767,8.593501110745724,8.593501110745724,7.226362097953015,7.999979808830069,7.999979808830069,8.346531973973565,8.54928312012992,8.54928312012992,7.688791172362736,8.517948720410768,7.688791172362736,0.722901105415076,8.773941152396484
F29S:T57S:N59A:S75F:S84N,F29S:T57S:N59A:S75F:S84N,5,8.678754619560896,8.833366756088807,8.833366756088807,8.678754619560896,8.833366756088807,8.833366756088807,8.396411458566934,8.727567326974738,8.727567326974738,7.993202969004158,8.595712774232895,8.595712774232895,8.474787757759891,8.74764671153738,8.74764671153738,6.783666877649885,7.979354432144129,7.979354432144129,8.53056352246491,8.737907530870963,8.737907530870963,7.620703021153363,8.559336712278943,7.620703021153363,0.871261402964592,8.860068768007338
F29S:N59A:T71S:K74I:Y95F,F29S:N59A:T71S:K74I:Y95F,5,8.10377498843696,8.284383097248586,8.284383097248586,8.10377498843696,8.284383097248586,8.284383097248586,7.824143081727668,8.174734864231159,8.174734864231159,7.611158348508759,8.098150462168325,8.098150462168325,7.926026651405418,8.239682985338021,8.239682985338021,6.70441412455024,7.5901540316469545,7.5901540316469545,7.846806927012183,8.195746510879998,8.195746510879998,7.191983182833819,8.055718249327475,7.191983182833819,0.2745544323697686,8.66916916170416
S30N:I52S:A58T:T76S:S84N,S30N:I52S:A58T:T76S:S84N,5,8.365037987166431,8.43008371808445,8.43008371808445,8.365037987166431,8.43008371808445,8.43008371808445,8.301207104434946,8.568941382026525,8.568941382026525,7.841628508065474,8.365281399672192,8.365281399672192,8.341249465707865,8.660239247993267,8.660239247993267,7.284576676856807,8.191457768239248,8.191457768239248,8.405094635103467,8.693082259575405,8.693082259575405,7.390984038144504,8.306354762862302,7.390984038144504,0.5040253857150674,8.508873205963697
S30N:S31N:T57S:T71S:Y106S,S30N:S31N:T57S:T71S:Y106S,5,8.21050763699797,8.45951197593536,8.45951197593536,8.21050763699797,8.45951197593536,8.45951197593536,8.188942316531403,8.474950150503618,8.474950150503618,7.965438389243597,8.443304940145477,8.443304940145477,8.094750427198685,8.45906918787248,8.45906918787248,7.893513066394961,8.507462458994258,8.507462458994258,8.097712837384718,8.524592186260636,8.524592186260636,7.261414746411811,8.307056648270299,7.261414746411811,0.8775513200089335,8.890186311161036
T57S:N59A:T71S:K74I:R87T,T57S:N59A:T71S:K74I:R87T,5,8.454665575744412,8.668947372083489,8.668947372083489,8.454665575744412,8.668947372083489,8.668947372083489,8.355330069451721,8.687548121970442,8.687548121970442,8.192741187164613,8.657226792998989,8.657226792998989,8.460556670563404,8.719946787078321,8.719946787078321,7.890572485604995,8.690783415978443,8.690783415978443,8.578664078059731,8.836939997865075,8.836939997865075,7.64553199959215,8.62893273993833,7.64553199959215,0.26397749804891646,8.836020233852823
F29S:K74I:S77N:R87T:Y95F,F29S:K74I:S77N:R87T:Y95F,5,8.361531278284183,8.524426588072709,8.524426588072709,8.361531278284183,8.524426588072709,8.524426588072709,8.212269627088148,8.56212410874811,8.56212410874811,7.390606236757282,8.139638840073719,8.139638840073719,8.474861554361127,8.762826427546678,8.762826427546678,6.547991575742545,7.80158187350565,7.80158187350565,8.409200298510818,8.697099207378693,8.697099207378693,7.495165184489933,8.526869276095615,7.495165184489933,0.15293359849601984,8.80127969216244
S31N:T76S:S77N:Y95F:Y106S,S31N:T76S:S77N:Y95F:Y106S,5,8.252987979370861,8.548448317157073,8.548448317157073,8.252987979370861,8.548448317157073,8.548448317157073,8.095087982624868,8.447186159758106,8.447186159758106,7.5620671274063636,8.34418281819241,8.34418281819241,8.07881311724675,8.52008317687641,8.52008317687641,7.48677752832125,8.34925300740663,8.34925300740663,8.091080440893442,8.515663476220384,8.515663476220384,7.286589882910234,8.274504635368906,7.286589882910234,0.8568698312155902,8.814853076409772
S31N:T57S:R87T:Y95F,S31N:T57S:R87T:Y95F,4,8.587752397432466,8.715186271970442,8.715186271970442,8.587752397432466,8.715186271970442,8.715186271970442,8.574350483660421,8.792386885152961,8.792386885152961,8.287084045380585,8.914320785115489,8.914320785115489,8.397755605265559,8.554281110094653,8.554281110094653,8.396624198498312,9.11414279488178,9.11414279488178,8.443910734042255,8.708972231671039,8.708972231671039,8.051897376720598,9.118823199671937,8.051897376720598,0.38620899990200996,8.746412676974995
A58T:T71S:K74I:S84N:R87T,A58T:T71S:K74I:S84N:R87T,5,8.543439417781407,8.622366375280821,8.622366375280821,8.543439417781407,8.622366375280821,8.622366375280821,8.353301665801801,8.601594828416475,8.601594828416475,7.920105542504743,8.427342390857559,8.427342390857559,8.476307467921828,8.69222877544881,8.69222877544881,7.256399634422841,8.191689287176454,8.191689287176454,8.596543929975152,8.771030262331804,8.771030262331804,7.655855296452026,8.508067784942758,7.655855296452026,0.10335488244891167,8.755175057985207
T57S:A58T:T71S:K74I:T76S,T57S:A58T:T71S:K74I:T76S,5,8.439004370667528,8.505885866489807,8.505885866489807,8.439004370667528,8.505885866489807,8.505885866489807,8.500701724174213,8.64862037316485,8.64862037316485,8.324294411719524,8.63082849113548,8.63082849113548,8.500070363350904,8.65925527155791,8.65925527155791,8.138956344722025,8.746481566077845,8.746481566077845,8.556146342688088,8.705867947592207,8.705867947592207,7.83411268875439,8.708594739485703,7.83411268875439,0.9293021794874221,8.567892367029286
S30N:I52S:A58T:T71S:Y106S,S30N:I52S:A58T:T71S:Y106S,5,8.260011367374672,8.44415403940319,8.44415403940319,8.260011367374672,8.44415403940319,8.44415403940319,8.23121882242773,8.518309489945352,8.518309489945352,8.150939649126725,8.605084034196388,8.605084034196388,8.187485933339524,8.518778626676491,8.518778626676491,7.82537883464931,8.509687190411418,8.509687190411418,8.210232868468802,8.60077981486809,8.60077981486809,7.394175234320454,8.355033908647561,7.394175234320454,0.7391818717587739,8.89072556030504
S31N:A58T:K74I:S77N:S84N,S31N:A58T:K74I:S77N:S84N,5,8.801866403742856,8.809422639432189,8.809422639432189,8.801866403742856,8.809422639432189,8.809422639432189,8.782702560258937,8.980949156499943,8.980949156499943,8.064197649753108,8.66144203398768,8.66144203398768,8.62757904592119,8.879500002322976,8.879500002322976,7.366454756180031,8.41195430946662,8.41195430946662,8.70913953553811,8.866375357044705,8.866375357044705,7.843894288110431,8.659290141830434,7.843894288110431,0.5849521122872829,8.664140538049397
S30N:S31N:T71S:S84N:Y95F,S30N:S31N:T71S:S84N:Y95F,5,8.301985038096712,8.395560265903292,8.395560265903292,8.301985038096712,8.395560265903292,8.395560265903292,8.181105003270185,8.49060689533299,8.49060689533299,7.722007437645873,8.24881951553114,8.24881951553114,8.08827842862103,8.491355548789908,8.491355548789908,7.301957760479515,8.080993589548418,8.080993589548418,8.129319153532522,8.428677663657515,8.428677663657515,7.246576813143804,8.064804595710541,7.246576813143804,0.17683806410059333,8.916084876094093
F29S:S31N:T57S:K74I:S77N,F29S:S31N:T57S:K74I:S77N,5,8.38531721808265,8.516126361119866,8.516126361119866,8.38531721808265,8.516126361119866,8.516126361119866,8.435445793808737,8.68315870460233,8.68315870460233,7.554113456919177,8.256950080255264,8.256950080255264,8.406858289343022,8.664854547567474,8.664854547567474,6.864049880419403,7.984640983810869,7.984640983810869,8.518757562248116,8.843690402187294,8.843690402187294,7.719839302164866,8.588533753359725,7.719839302164866,0.11313222907483578,8.690474559357169
S31N:I52S:N59A:R87T,S31N:I52S:N59A:R87T,4,8.594674998097512,8.744751855451579,8.744751855451579,8.594674998097512,8.744751855451579,8.744751855451579,8.443353831376326,8.662819312059916,8.662819312059916,8.210530766312253,8.734598577789175,8.734598577789175,8.41016550627622,8.639513354797542,8.639513354797542,8.157206453357709,8.943916536663256,8.943916536663256,8.48123392903824,8.688848302417018,8.688848302417018,8.045896022662392,8.955913648443373,8.045896022662392,0.9806065033189952,8.806250638558309
F29S:S31N:I52S:T57S:S77N,F29S:S31N:I52S:T57S:S77N,5,8.194730557614642,8.355350384931556,8.355350384931556,8.194730557614642,8.355350384931556,8.355350384931556,8.197906136939949,8.509636410146252,8.509636410146252,7.331845422132557,8.050794405366249,8.050794405366249,8.13223327443838,8.493838480502534,8.493838480502534,6.6069157015272175,7.813405422827018,7.813405422827018,8.180315773225313,8.594489334759759,8.594489334759759,7.244556206865612,8.203312968585747,7.244556206865612,0.8670253846794367,8.763543163819937
S30N:N59A:K74I:S84N,S30N:N59A:K74I:S84N,4,8.736582537355593,8.797341512276494,8.797341512276494,8.736582537355593,8.797341512276494,8.797341512276494,8.576775474765547,8.784323649709105,8.784323649709105,8.564835066928923,9.044790382406502,9.044790382406502,8.60873966982858,8.833990405186633,8.833990405186633,7.996007390277785,8.913248029822366,8.913248029822366,8.698492317459472,8.968024918019038,8.968024918019038,8.24670298178375,9.197282736376017,8.24670298178375,0.9144530317280442,8.724357952749525
T57S:T71S:Y95F:Y106S,T57S:T71S:Y95F:Y106S,4,8.258871805313335,8.430661848543947,8.430661848543947,8.258871805313335,8.430661848543947,8.430661848543947,8.229888266763542,8.695696313261028,8.695696313261028,8.252801638811038,8.615573586743281,8.615573586743281,8.182924598578722,8.720433104541833,8.720433104541833,8.23294103079701,8.85536574121528,8.85536574121528,8.121518788960937,8.722141468101295,8.722141468101295,7.8334780025108355,8.955748560666095,7.8334780025108355,0.2968250778503716,8.672366486775411
S30N:S31N:S77N:R87T:Y95F,S30N:S31N:S77N:R87T:Y95F,5,8.38844146109908,8.491328712329922,8.491328712329922,8.38844146109908,8.491328712329922,8.491328712329922,8.327851022386666,8.618850216050891,8.618850216050891,7.585916807755736,8.165352471041142,8.165352471041142,8.25250954674563,8.5743753896634,8.5743753896634,7.3220815020840675,8.153946360782312,8.153946360782312,8.201857711941125,8.565912885111178,8.565912885111178,7.302728689932143,8.223640911817746,7.302728689932143,0.032561447471380234,8.802959225385754
S31N:I52S:A58T:N59A:T71S,S31N:I52S:A58T:N59A:T71S,5,8.425725407485256,8.635246615328745,8.635246615328745,8.425725407485256,8.635246615328745,8.635246615328745,8.366837623833094,8.669908314685236,8.669908314685236,8.145660607109406,8.586249093738514,8.586249093738514,8.266807636584874,8.674138141310188,8.674138141310188,7.855324444615258,8.580016326889558,8.580016326889558,8.386369375408467,8.763700568768737,8.763700568768737,7.498357176885125,8.5074345458081,7.498357176885125,0.2986832302995026,8.642805043875871
A58T:T71S:K74I:Y95F,A58T:T71S:K74I:Y95F,4,8.858567659897105,8.986862613332509,8.986862613332509,8.858567659897105,8.986862613332509,8.986862613332509,8.69502941048265,8.980364205826831,8.980364205826831,8.583586768639377,9.074550837667125,9.074550837667125,8.694577324134102,8.859531315200364,8.859531315200364,8.431650395878917,9.100823949284345,9.100823949284345,8.672502777632596,8.798956014372449,8.798956014372449,8.261469205501285,9.19506246255647,8.261469205501285,0.5474720236379653,8.621573955620516
F29S:A58T:N59A:T71S:S75F,F29S:A58T:N59A:T71S:S75F,5,8.5808185318904,8.717661798106597,8.717661798106597,8.5808185318904,8.717661798106597,8.717661798106597,8.348297568029746,8.627992473949305,8.627992473949305,8.358228709676242,8.762066411179298,8.762066411179298,8.401568001887252,8.64522303716808,8.64522303716808,7.389440396238465,8.425810030779147,8.425810030779147,8.44937117649169,8.654655519574503,8.654655519574503,7.673126469093136,8.58563300925379,7.673126469093136,0.477413383545354,8.593553512678737
S31N:I52S:T57S:T76S:S77N,S31N:I52S:T57S:T76S:S77N,5,8.581563803807326,8.626472092838068,8.626472092838068,8.581563803807326,8.626472092838068,8.626472092838068,8.546502639643535,8.684549122957776,8.684549122957776,7.716368577898953,8.337043003794259,8.337043003794259,8.526838180353096,8.67377796313209,8.67377796313209,7.60969379518459,8.48711268891103,8.48711268891103,8.530485274816415,8.686767457898478,8.686767457898478,7.6013418571978075,8.50279255985503,7.6013418571978075,0.4655821705237031,8.849435817930328
S31N:A58T:K74I:S77N:Y95F,S31N:A58T:K74I:S77N:Y95F,5,8.922656416639263,8.955360723299345,8.955360723299345,8.922656416639263,8.955360723299345,8.955360723299345,8.71599209192265,8.932328621812298,8.932328621812298,8.092801878655317,8.63613459193589,8.63613459193589,8.547485681347204,8.792433675283466,8.792433675283466,7.74129742280748,8.568849790738758,8.568849790738758,8.634236650030578,8.83518005095092,8.83518005095092,7.798927576789547,8.651595722432006,7.798927576789547,0.20634283497929573,9.073702652082833
S31N:T57S:A58T:T71S:K74I,S31N:T57S:A58T:T71S:K74I,5,8.866878909040643,9.01906069916043,9.01906069916043,8.866878909040643,9.01906069916043,9.01906069916043,8.815573735413135,8.997807231502266,8.997807231502266,8.714508943081428,9.117218026547082,9.117218026547082,8.619628970313974,8.830133800305475,8.830133800305475,8.322133383461546,8.951232595081601,8.951232595081601,8.725062247090172,8.900228699457816,8.900228699457816,7.917904919323976,8.850390688976553,7.917904919323976,0.32546263094991446,8.695369847126633
S31N:T57S:S77N:S84N:R87T,S31N:T57S:S77N:S84N:R87T,5,8.456804761585898,8.59114283077712,8.59114283077712,8.456804761585898,8.59114283077712,8.59114283077712,8.34862439218268,8.607793264875081,8.607793264875081,7.674756324347326,8.362723229403882,8.362723229403882,8.245295919104274,8.583290652767671,8.583290652767671,6.978630027939365,7.990061077936566,7.990061077936566,8.217226120887863,8.544950340296605,8.544950340296605,7.202100211152877,8.198160689943595,7.202100211152877,0.2790279278997332,8.820653613601051
F29S:A58T:N59A:S75F,F29S:A58T:N59A:S75F,4,8.596103704218637,8.75176539923705,8.75176539923705,8.596103704218637,8.75176539923705,8.75176539923705,8.453726621010091,8.857160104515097,8.857160104515097,8.475747037692157,9.060146370651504,9.060146370651504,8.550491212025845,8.943317145511745,8.943317145511745,7.786101183629203,9.116248572050065,9.116248572050065,8.599870195408517,8.889164019524994,8.889164019524994,8.203587835467735,9.174563640220203,8.203587835467735,0.6844384013675153,8.747400161284721
S30N:N59A:K74I:Y106S,S30N:N59A:K74I:Y106S,4,8.645588556699296,8.827350280614965,8.827350280614965,8.645588556699296,8.827350280614965,8.827350280614965,8.472590412793728,8.74310875615553,8.74310875615553,8.626816861522977,9.060063861461517,9.060063861461517,8.56344993270274,8.847481273084533,8.847481273084533,8.415379684914111,9.056528832674807,9.056528832674807,8.652997059140832,8.932240245191041,8.932240245191041,8.264427056404406,9.166037541514417,8.264427056404406,0.4775241718161851,8.863333300826724
A58T:K74I:T76S:S77N:Y95F,A58T:K74I:T76S:S77N:Y95F,5,8.778092545109706,8.773258156154885,8.773258156154885,8.778092545109706,8.773258156154885,8.773258156154885,8.550783775523843,8.750271934827671,8.750271934827671,7.906840553071938,8.483558786037554,8.483558786037554,8.508970417892082,8.697545516787482,8.697545516787482,7.689568107984766,8.578056318068905,8.578056318068905,8.492149756390367,8.696640939347363,8.696640939347363,7.730809122102411,8.62384169949517,7.730809122102411,0.05977433291263878,9.005481536545478
S30N:N59A:T71S:K74I:S84N,S30N:N59A:T71S:K74I:S84N,5,8.51084407804438,8.649713802847861,8.649713802847861,8.51084407804438,8.649713802847861,8.649713802847861,8.341163001507603,8.577052256999231,8.577052256999231,8.1388297358075,8.61108941972296,8.61108941972296,8.397710831243808,8.721165422188651,8.721165422188651,7.327718921846039,8.190166980810682,8.190166980810682,8.520871174838566,8.816483654170124,8.816483654170124,7.60891861042694,8.471253717406917,7.60891861042694,0.693652056157589,8.800802817785348
S31N:I52S:N59A:Y95F,S31N:I52S:N59A:Y95F,4,8.558423087894791,8.628597657262485,8.628597657262485,8.558423087894791,8.628597657262485,8.628597657262485,8.40717735565058,8.643458953732097,8.643458953732097,8.267228004036454,8.69048154368436,8.69048154368436,8.437985203258332,8.621432910454685,8.621432910454685,8.318263616255818,8.934166726085055,8.934166726085055,8.48118464173485,8.654575273200846,8.654575273200846,8.143824462737033,8.989551632997593,8.143824462737033,0.9952542628161609,8.865374609557964
S30N:S31N:I52S:T57S:R87T,S30N:S31N:I52S:T57S:R87T,5,8.81970795661626,8.956414897463121,8.956414897463121,8.81970795661626,8.956414897463121,8.956414897463121,8.704756819975247,8.927284979207602,8.927284979207602,8.039220651459514,8.597134404707303,8.597134404707303,8.516687607041822,8.6940223005415,8.6940223005415,7.973373672589286,8.726364242095862,8.726364242095862,8.588366313949368,8.752521109208276,8.752521109208276,7.654795134437776,8.548142171506736,7.654795134437776,0.9647424048744142,8.90346290733791
S30N:S31N:A58T:K74I,S30N:S31N:A58T:K74I,4,8.786255460162035,8.854383739453908,8.854383739453908,8.786255460162035,8.854383739453908,8.854383739453908,8.740782321100703,8.932286229967879,8.932286229967879,8.588448468220426,8.982900183166453,8.982900183166453,8.680686468504264,8.858352405174308,8.858352405174308,8.474479270495792,9.154627462969552,9.154627462969552,8.810871468756918,8.82832070766096,8.82832070766096,8.411786015768923,9.236539842506026,8.411786015768923,0.7518190029077232,8.909951912616902
T57S:S84N:Y95F:Y106S,T57S:S84N:Y95F:Y106S,4,8.366556888835406,8.429846262668804,8.429846262668804,8.366556888835406,8.429846262668804,8.429846262668804,8.206495513566638,8.535849392667524,8.535849392667524,8.234330802675602,8.74583959214638,8.74583959214638,8.106155102268255,8.485380219263462,8.485380219263462,7.990298239131748,8.846502773196798,8.846502773196798,8.12476493102319,8.69030940794004,8.69030940794004,7.817587770839774,8.671136904224133,7.817587770839774,0.9202943961136043,8.840251630778225
F29S:S30N:R87T:Y95F,F29S:S30N:R87T:Y95F,4,7.599563110204469,7.673548729749909,7.673548729749909,7.599563110204469,7.673548729749909,7.673548729749909,7.566773672546851,7.86645568972477,7.86645568972477,7.3730433686221,7.90083713007825,7.90083713007825,7.7167972512569785,7.96284419811962,7.96284419811962,7.00649029190051,7.96822556998871,7.96822556998871,7.681687249234133,8.15506790401762,8.15506790401762,7.474722311202565,8.53031737462768,7.474722311202565,0.31599082751199603,8.98532144345898
F29S:N59A:K74I:T76S:S84N,F29S:N59A:K74I:T76S:S84N,5,8.136843385705475,8.239687231895024,8.239687231895024,8.136843385705475,8.239687231895024,8.239687231895024,7.738381861411441,8.088087623090132,8.088087623090132,7.495766125697662,8.025702902114105,8.025702902114105,7.847778205700115,8.232379141728527,8.232379141728527,6.3917812966241385,7.396386847299879,7.396386847299879,7.925640426150768,8.36022049756757,8.36022049756757,7.232559483839451,8.104980847549509,7.232559483839451,0.4605932005215436,8.63360526910652
S31N:T71S:S84N:R87T:Y95F,S31N:T71S:S84N:R87T:Y95F,5,8.389102535612992,8.473859742616748,8.473859742616748,8.389102535612992,8.473859742616748,8.473859742616748,8.215046695894264,8.526890037300928,8.526890037300928,7.718373530879511,8.255207712241685,8.255207712241685,8.076407642998898,8.456702234000968,8.456702234000968,7.28422616264919,8.093134243771832,8.093134243771832,8.168646716638003,8.505004408064638,8.505004408064638,7.246119713722164,8.100595264130657,7.246119713722164,0.32066975231282413,8.728626637083694
S31N:T71S:S84N:Y95F,S31N:T71S:S84N:Y95F,4,8.498899023082878,8.547744722028614,8.547744722028614,8.498899023082878,8.547744722028614,8.547744722028614,8.44006240514365,8.82467389929616,8.82467389929616,8.282402762272774,8.78028683071218,8.78028683071218,8.323907320367713,8.812282403154104,8.812282403154104,7.946925815147951,8.728981788314789,8.728981788314789,8.373678678208083,8.753235545705236,8.753235545705236,7.916680281072286,8.688870845624082,7.916680281072286,0.6778282336890697,8.882683719600243
I52S:A58T:N59A:T76S:Y95F,I52S:A58T:N59A:T76S:Y95F,5,8.225183040552864,8.344333391697015,8.344333391697015,8.225183040552864,8.344333391697015,8.344333391697015,8.056094526419077,8.366397847560783,8.366397847560783,7.925220978870774,8.333585433493083,8.333585433493083,8.181158932657459,8.497307704566238,8.497307704566238,7.774699868224933,8.443085498984903,8.443085498984903,8.153119051090577,8.476903379910881,8.476903379910881,7.445838740313958,8.355422133111631,7.445838740313958,0.28276179847307503,8.788765000447977
S30N:S31N:S77N:S84N:R87T,S30N:S31N:S77N:S84N:R87T,5,8.43901352665926,8.557959648388678,8.557959648388678,8.43901352665926,8.557959648388678,8.557959648388678,8.369389960191487,8.681003358539373,8.681003358539373,7.677714221867079,8.318119870054852,8.318119870054852,8.251735671271595,8.682695221800046,8.682695221800046,7.006201285762096,7.98709693180634,7.98709693180634,8.207894732681297,8.58173659970493,8.58173659970493,7.258319549659358,8.265603437450434,7.258319549659358,0.6966515528038144,8.578142755246327
S30N:S31N:T76S:S84N,S30N:S31N:T76S:S84N,4,8.529816407269037,8.678127364240414,8.678127364240414,8.529816407269037,8.678127364240414,8.678127364240414,8.346372642638105,8.678580937517244,8.678580937517244,8.08412145924794,8.977988077138107,8.977988077138107,8.35123335224185,8.750152557721078,8.750152557721078,7.928253071755555,9.018450237595456,9.018450237595456,8.432106563076621,8.825493664873216,8.825493664873216,7.977274135207114,8.96236624754712,7.977274135207114,0.8664447809569538,8.878061291023993
F29S:K74I:S84N:R87T:Y95F,F29S:K74I:S84N:R87T:Y95F,5,8.507095764858539,8.539718300723228,8.539718300723228,8.507095764858539,8.539718300723228,8.539718300723228,8.148080129714415,8.436580431130434,8.436580431130434,7.495244578944574,8.16606880380325,8.16606880380325,8.297153716162818,8.5712515005572,8.5712515005572,6.639152479690984,7.84774716653258,7.84774716653258,8.346007051481903,8.62885961297302,8.62885961297302,7.507211739711779,8.451952176271336,7.507211739711779,0.6755961547605693,8.77366426277263
T71S:T76S:S77N:S84N:R87T,T71S:T76S:S77N:S84N:R87T,5,8.315772314244965,8.448031821970302,8.448031821970302,8.315772314244965,8.448031821970302,8.448031821970302,8.104392174029348,8.351966992357546,8.351966992357546,7.531835728204839,8.174289742858479,8.174289742858479,8.012292111887575,8.35874722296484,8.35874722296484,6.83059991125076,7.906430776447239,7.906430776447239,8.039970847790375,8.393074813597158,8.393074813597158,7.0764449939444,8.067816831391562,7.0764449939444,0.5843063602223992,8.641384797340377
S31N:T71S:S77N:Y106S,S31N:T71S:S77N:Y106S,4,8.22817331833096,8.544426694687598,8.544426694687598,8.22817331833096,8.544426694687598,8.544426694687598,8.272449115854078,8.755016907469447,8.755016907469447,8.035795601343066,8.848213867725203,8.848213867725203,8.310068164553526,8.753821926601358,8.753821926601358,7.849411351883376,8.786321560123548,8.786321560123548,8.282719090262981,8.7561925502571,8.7561925502571,7.849646819920565,8.844567293132648,7.849646819920565,0.22532626893371344,8.98552493248407
S31N:I52S:T57S:S84N,S31N:I52S:T57S:S84N,4,8.86914339665091,8.899101195536643,8.899101195536643,8.86914339665091,8.899101195536643,8.899101195536643,8.852321422268897,8.963074854692293,8.963074854692293,8.583966584125378,9.143934555052475,9.143934555052475,8.628709348288123,8.84319445979202,8.84319445979202,8.229115355118699,9.174438574418817,9.174438574418817,8.666673387278172,8.705982751625983,8.705982751625983,8.193166477164242,8.998040577965602,8.193166477164242,0.6053874865174294,8.479736321720933
S31N:T71S:T76S:S84N:Y106S,S31N:T71S:T76S:S84N:Y106S,5,8.282414523927226,8.435042759736294,8.435042759736294,8.282414523927226,8.435042759736294,8.435042759736294,8.121641898237346,8.406525896532836,8.406525896532836,7.748064705052907,8.391081329751982,8.391081329751982,8.056914746840752,8.482703660188701,8.482703660188701,7.437566398130207,8.256637844966189,8.256637844966189,8.086556680515946,8.488863804300392,8.488863804300392,7.27127096354665,8.149288168481224,7.27127096354665,0.7958598169498146,8.75844533541288
T57S:A58T:K74I:T76S:Y95F,T57S:A58T:K74I:T76S:Y95F,5,8.508024553748573,8.542578633850106,8.542578633850106,8.508024553748573,8.542578633850106,8.542578633850106,8.466084519796148,8.688021096033024,8.688021096033024,7.9772852426758085,8.397869491778803,8.397869491778803,8.398102696786028,8.628950824337796,8.628950824337796,8.054789521961638,8.70989560354622,8.70989560354622,8.371604505517158,8.609914554992846,8.609914554992846,7.754901404190408,8.64832234327133,7.754901404190408,0.46153475320897996,8.847871446048773
S30N:T71S:T76S:R87T,S30N:T71S:T76S:R87T,4,8.288872493699186,8.568773960763133,8.568773960763133,8.288872493699186,8.568773960763133,8.568773960763133,8.30475671006511,8.660028810583823,8.660028810583823,8.041105490050718,8.883660868896136,8.883660868896136,8.291755679843947,8.656306389953881,8.656306389953881,8.039166305769402,8.869977998976896,8.869977998976896,8.337275338588443,8.719671406479886,8.719671406479886,7.864995232833867,8.928641491426909,7.864995232833867,0.42457126127555966,8.8595404649649
S30N:S31N:T71S:S84N:R87T,S30N:S31N:T71S:S84N:R87T,5,8.319158269022314,8.514847014566003,8.514847014566003,8.319158269022314,8.514847014566003,8.514847014566003,8.220397814693401,8.52554550144446,8.52554550144446,7.6648654710829565,8.264788228984951,8.264788228984951,8.117111542415742,8.582546825184414,8.582546825184414,7.237966258894111,8.103304119394474,8.103304119394474,8.186665485985348,8.55027662357993,8.55027662357993,7.253035016283033,8.144883988929443,7.253035016283033,0.9113242304883897,8.788359434297718
S30N:N59A:K74I:S84N:Y106S,S30N:N59A:K74I:S84N:Y106S,5,8.511986500425033,8.619994015872864,8.619994015872864,8.511986500425033,8.619994015872864,8.619994015872864,8.214555584113963,8.489179414190378,8.489179414190378,8.11426922323975,8.628153101790971,8.628153101790971,8.302472144072729,8.610163749787946,8.610163749787946,7.46558472000454,8.292087298850724,8.292087298850724,8.386107546105187,8.77571647781849,8.77571647781849,7.627292741916798,8.515506012286693,7.627292741916798,0.5700672515667975,8.5435583461941
I52S:A58T:N59A:T71S:T76S,I52S:A58T:N59A:T71S:T76S,5,8.15358435238502,8.353277614105775,8.353277614105775,8.15358435238502,8.353277614105775,8.353277614105775,8.127506226979326,8.45362617022446,8.45362617022446,8.158927090924603,8.549096437476763,8.549096437476763,8.205683473492757,8.53582662916515,8.53582662916515,7.751950849987217,8.474195169048583,8.474195169048583,8.253033028258187,8.561279179710537,8.561279179710537,7.455045094010982,8.420080863385092,7.455045094010982,0.011503201676532626,8.549088613317995
S31N:T71S:S77N:S84N:R87T,S31N:T71S:S77N:S84N:R87T,5,8.21066016891364,8.358942021721777,8.358942021721777,8.21066016891364,8.358942021721777,8.358942021721777,8.187874134435397,8.517561807254584,8.517561807254584,7.4823277667358425,8.141935838787154,8.141935838787154,8.129897859718517,8.510866305763779,8.510866305763779,6.816378567554416,7.8932882354684475,7.8932882354684475,8.162005724063025,8.490929972467212,8.490929972467212,7.14761655566754,8.10145944034272,7.14761655566754,0.7309227047953755,8.713246098768858
S31N:A58T:N59A:K74I:S84N,S31N:A58T:N59A:K74I:S84N,5,8.444245644137009,8.554907997269414,8.554907997269414,8.444245644137009,8.554907997269414,8.554907997269414,8.349092757593038,8.640672198384646,8.640672198384646,8.02318633311688,8.47880270553103,8.47880270553103,8.226065582383626,8.557768822244288,8.557768822244288,7.318872428563146,8.139746399189708,8.139746399189708,8.39053915447542,8.641555916482005,8.641555916482005,7.499261275953276,8.330361371787353,7.499261275953276,0.8923299740999937,8.547615490549278
S31N:I52S:A58T:N59A:S77N,S31N:I52S:A58T:N59A:S77N,5,8.426075282976571,8.625364848085358,8.625364848085358,8.426075282976571,8.625364848085358,8.625364848085358,8.344427721391671,8.682592509594503,8.682592509594503,7.730688668217327,8.313130224152603,8.313130224152603,8.252521094425452,8.701642941039502,8.701642941039502,7.393239050878501,8.346056286761215,8.346056286761215,8.3569392164759,8.768868947553484,8.768868947553484,7.404399771576645,8.431954549954815,7.404399771576645,0.5384609643369913,8.651887002430193
S31N:I52S:T57S:R87T,S31N:I52S:T57S:R87T,4,8.955385333452734,9.053376433461967,9.053376433461967,8.955385333452734,9.053376433461967,9.053376433461967,8.864744058355909,8.97098366168334,8.97098366168334,8.557066976105284,9.183032784859353,9.183032784859353,8.725062981596032,8.750772488555736,8.750772488555736,8.486627668103377,9.280069514373197,9.280069514373197,8.759004592423617,8.787545857839843,8.787545857839843,8.272695482621021,9.124468947890078,8.272695482621021,0.4920836677774787,9.08187294915174
S30N:S31N:T57S:Y95F:Y106S,S30N:S31N:T57S:Y95F:Y106S,5,8.303234634239129,8.42265456005769,8.42265456005769,8.303234634239129,8.42265456005769,8.42265456005769,8.206312793713895,8.471735973118541,8.471735973118541,7.861595163974778,8.278019464193244,8.278019464193244,8.019636968266127,8.460860738546973,8.460860738546973,7.963925530743208,8.57024968081865,8.57024968081865,8.0858495344989,8.535372009130395,8.535372009130395,7.359651312165267,8.381059959786025,7.359651312165267,0.05721080768853426,8.7257836574599
T57S:T71S:S84N:Y95F:Y106S,T57S:T71S:S84N:Y95F:Y106S,5,8.044576205235025,8.181004464680434,8.181004464680434,8.044576205235025,8.181004464680434,8.181004464680434,7.842392333728444,8.243431607163881,8.243431607163881,7.75121730483656,8.263396394300317,8.263396394300317,7.7698906254783076,8.193412703220572,8.193412703220572,7.315403446098434,8.111351970166172,8.111351970166172,7.778784203157788,8.278111547846905,8.278111547846905,7.070754998203877,7.940719505096912,7.070754998203877,0.17433891235850751,8.710840897065404
F29S:S31N:T57S:N59A:K74I,F29S:S31N:T57S:N59A:K74I,5,7.861346227083408,8.089942358134524,8.089942358134524,7.861346227083408,8.089942358134524,8.089942358134524,7.842979034542491,8.254422513028393,8.254422513028393,7.337539276027682,7.919146474726345,7.919146474726345,7.7807127127940445,8.141033451779213,8.141033451779213,6.6441949096475525,7.5926148254375745,7.5926148254375745,7.91497932135454,8.295201004333727,8.295201004333727,7.249432321082831,8.101855796937413,7.249432321082831,0.13868950679898262,8.725609838048776
S31N:T57S:S77N:S84N:Y106S,S31N:T57S:S77N:S84N:Y106S,5,8.232936089943513,8.338159015629257,8.338159015629257,8.232936089943513,8.338159015629257,8.338159015629257,8.18714539640954,8.460143424046993,8.460143424046993,7.641411897647963,8.320718585904649,8.320718585904649,8.111850546949492,8.529500431373801,8.529500431373801,7.126635497693712,8.047994075721403,8.047994075721403,8.048148516769755,8.46755849992684,8.46755849992684,7.212818234025132,8.146463883952608,7.212818234025132,0.9619190313387662,8.635558402076658
F29S:S30N:S31N:S77N,F29S:S30N:S31N:S77N,4,7.828704411014824,7.961005118857645,7.961005118857645,7.828704411014824,7.961005118857645,7.961005118857645,7.854130900874727,8.306967972842878,8.306967972842878,7.608117800015454,8.239442479917841,8.239442479917841,7.775134425389122,8.177477253412956,8.177477253412956,7.068061669816966,8.177059262249653,8.177059262249653,7.857870554098164,8.158148515197384,8.158148515197384,7.585168222503653,8.577155121185495,7.585168222503653,0.8319832682609558,8.811775259861248
S31N:T71S:T76S:S84N:R87T,S31N:T71S:T76S:S84N:R87T,5,8.592022418469638,8.72243706134653,8.72243706134653,8.592022418469638,8.72243706134653,8.72243706134653,8.35960029901131,8.628949127136675,8.628949127136675,7.827756183429752,8.44788498306963,8.44788498306963,8.169244921016674,8.5962947182097,8.5962947182097,7.381350998546111,8.2351690809816,8.2351690809816,8.255830802503588,8.60419259974644,8.60419259974644,7.330956882090129,8.22055814959509,7.330956882090129,0.22396824974566698,8.764355255968512
S31N:T57S:T76S:S77N:Y95F,S31N:T57S:T76S:S77N:Y95F,5,8.29020345095663,8.425049133847846,8.425049133847846,8.29020345095663,8.425049133847846,8.425049133847846,8.193727498461968,8.432810176012234,8.432810176012234,7.49210789404267,8.115452757620185,8.115452757620185,8.089477988954641,8.420485401685477,8.420485401685477,7.48484470722673,8.238825556966228,8.238825556966228,8.14771735421997,8.501957058240736,8.501957058240736,7.35008281493352,8.242391741708362,7.35008281493352,0.7069885390810668,8.723696026410092
F29S:S31N:N59A:K74I:S77N,F29S:S31N:N59A:K74I:S77N,5,7.84048922550913,8.004867876450975,8.004867876450975,7.84048922550913,8.004867876450975,8.004867876450975,7.838931749568113,8.1850585962854,8.1850585962854,7.050051678339597,7.681150506634339,7.681150506634339,7.886528443460293,8.222516399197763,8.222516399197763,6.240967117607681,7.356007138202085,7.356007138202085,8.037468236709913,8.385658266693417,8.385658266693417,7.2212270871432285,8.154843034948277,7.2212270871432285,0.42014266876503825,8.691821114501266
S30N:A58T:K74I:T76S:S77N,S30N:A58T:K74I:T76S:S77N,5,8.42484512639578,8.477469849996139,8.477469849996139,8.42484512639578,8.477469849996139,8.477469849996139,8.49481642876432,8.671044713358135,8.671044713358135,7.984728895499704,8.417032105413433,8.417032105413433,8.512293826426262,8.685871377480021,8.685871377480021,7.659271068025235,8.399078953935575,8.399078953935575,8.54839074309481,8.697013009387247,8.697013009387247,7.80820991409252,8.648262928514987,7.80820991409252,0.23359961714595556,8.56860156750522
A58T:K74I:S84N:Y95F,A58T:K74I:S84N:Y95F,4,8.930533882354688,8.940389512575019,8.940389512575019,8.930533882354688,8.940389512575019,8.940389512575019,8.662230879887,8.837364866021629,8.837364866021629,8.483103951415378,8.99756626146361,8.99756626146361,8.654756888597193,8.860446865477154,8.860446865477154,8.044697254645541,8.975414908402044,8.975414908402044,8.686054746644622,8.848246760881999,8.848246760881999,8.230178160684646,8.968959243327301,8.230178160684646,0.7441339299548417,8.752167825231783
F29S:S30N:S31N:I52S:A58T,F29S:S30N:S31N:I52S:A58T,5,8.389844181916418,8.50289906657542,8.50289906657542,8.389844181916418,8.50289906657542,8.50289906657542,8.11960727632204,8.454104572873051,8.454104572873051,7.657209541254428,8.276589897366295,8.276589897366295,7.915356347824856,8.362311884285848,8.362311884285848,6.921276849255807,8.012842269048114,8.012842269048114,8.096360760739353,8.448869051553928,8.448869051553928,7.280532357512337,8.284919135441841,7.280532357512337,0.6877668392844498,8.562088423596327
S30N:S31N:I52S:T57S:T71S,S30N:S31N:I52S:T57S:T71S,5,8.572192891553852,8.738973313227582,8.738973313227582,8.572192891553852,8.738973313227582,8.738973313227582,8.598322937201967,8.774819965991998,8.774819965991998,8.151189155583682,8.625755711883361,8.625755711883361,8.474095428076845,8.68653736045416,8.68653736045416,8.024688621778568,8.650882758779364,8.650882758779364,8.512901230559631,8.659338682567329,8.659338682567329,7.598312509411767,8.501123281090416,7.598312509411767,0.24873569747433066,8.991100557600223
T57S:T76S:S84N:Y106S,T57S:T76S:S84N:Y106S,4,8.283215622341283,8.393751204100198,8.393751204100198,8.283215622341283,8.393751204100198,8.393751204100198,8.218077296029334,8.568529222505202,8.568529222505202,8.10725541964832,8.783938916526395,8.783938916526395,8.181657238197527,8.600211335663383,8.600211335663383,7.933863392852851,8.754415444662575,8.754415444662575,8.143815850136761,8.63397634410287,8.63397634410287,7.780422606543576,8.611413284293207,7.780422606543576,0.9909411834087223,8.651063600265621
S30N:S31N:T71S:S77N:Y106S,S30N:S31N:T71S:S77N:Y106S,5,7.997559139487628,8.203060291293642,8.203060291293642,7.997559139487628,8.203060291293642,8.203060291293642,8.046490387813282,8.376793439533618,8.376793439533618,7.56547305723282,8.164006670870771,8.164006670870771,8.032156299970719,8.366653470951814,8.366653470951814,7.330375756587661,8.095038079202773,8.095038079202773,7.980788024819169,8.417140163002294,8.417140163002294,7.176820868291345,8.094706042455377,7.176820868291345,0.5953630791045725,9.127895352721735
A58T:T71S:K74I:S77N:Y106S,A58T:T71S:K74I:S77N:Y106S,5,8.380755928706398,8.493686836897648,8.493686836897648,8.380755928706398,8.493686836897648,8.493686836897648,8.264894665258646,8.543275188429911,8.543275188429911,8.01318631856092,8.477802206588292,8.477802206588292,8.344171316908556,8.628356319176184,8.628356319176184,7.530772592285825,8.291774964438085,8.291774964438085,8.38725952195379,8.653190765309514,8.653190765309514,7.585679485291,8.44754308752523,7.585679485291,0.4014281239360571,8.773764155250761
A58T:K74I:T76S:S77N:Y106S,A58T:K74I:T76S:S77N:Y106S,5,8.413724939076728,8.459116487476505,8.459116487476505,8.413724939076728,8.459116487476505,8.459116487476505,8.383291522415046,8.551893286506527,8.551893286506527,7.920184812160086,8.465914096058084,8.465914096058084,8.462250024974846,8.642273631671719,8.642273631671719,7.665348376119849,8.477217069873408,8.477217069873408,8.420223765598061,8.680025110503205,8.680025110503205,7.644416289973005,8.53070560298764,7.644416289973005,0.2332876801956445,8.750727967048158
S31N:I52S:T57S:N59A:S84N,S31N:I52S:T57S:N59A:S84N,5,8.371057872787084,8.515198361994152,8.515198361994152,8.371057872787084,8.515198361994152,8.515198361994152,8.35151148353766,8.5998500844222,8.5998500844222,7.834223341132162,8.354458437182828,8.354458437182828,8.167238078856112,8.503868745808969,8.503868745808969,7.270884694682552,8.162044250180635,8.162044250180635,8.212790045072891,8.49666066202675,8.49666066202675,7.324224480640473,8.163199996245126,7.324224480640473,0.3284929657820612,8.647971691793437
S31N:T76S:S84N:Y95F:Y106S,S31N:T76S:S84N:Y95F:Y106S,5,8.472002307311563,8.595821880873213,8.595821880873213,8.472002307311563,8.595821880873213,8.595821880873213,8.14053459099346,8.450797330486022,8.450797330486022,7.6861588666924785,8.413428438463999,8.413428438463999,8.075441071483413,8.50385973793303,8.50385973793303,7.478491173746971,8.350451371042123,8.350451371042123,8.109769750642592,8.549284600373733,8.549284600373733,7.305759517802819,8.235535963517272,7.305759517802819,0.8176854765042663,8.786236889798191
S31N:T57S:S84N:R87T,S31N:T57S:S84N:R87T,4,8.677745676531044,8.868777054297631,8.868777054297631,8.677745676531044,8.868777054297631,8.868777054297631,8.593796563455152,8.81978314894027,8.81978314894027,8.404116177102763,9.00879614482975,9.00879614482975,8.405304362082955,8.741102578090544,8.741102578090544,8.06121192110946,8.924842409959655,8.924842409959655,8.467984436007644,8.821793878252201,8.821793878252201,7.978037802696709,8.83271161068621,7.978037802696709,0.6154282363131642,9.030336249292835
T57S:N59A:K74I:S77N,T57S:N59A:K74I:S77N,4,8.496826999173505,8.67501273848046,8.67501273848046,8.496826999173505,8.67501273848046,8.67501273848046,8.419010610530817,8.701067013626929,8.701067013626929,8.178900819786946,8.826494818228593,8.826494818228593,8.596448330533129,8.79870260203487,8.79870260203487,7.99861475804553,9.01033400292223,9.01033400292223,8.637653017515547,8.78059686548135,8.78059686548135,8.157541520569438,9.147713480841647,8.157541520569438,0.922140902839601,9.016142069491545
S31N:T57S:N59A:R87T,S31N:T57S:N59A:R87T,4,8.223244838606446,8.50205665144076,8.50205665144076,8.223244838606446,8.50205665144076,8.50205665144076,8.202684193863046,8.582176229142659,8.582176229142659,7.921440200111892,8.515826370855564,8.515826370855564,8.135771984864167,8.52502291279455,8.52502291279455,8.115086688159211,8.85163440730287,8.85163440730287,8.211982605027028,8.64956100158208,8.64956100158208,7.789085041359984,8.784844668018549,7.789085041359984,0.8745026965625584,8.804281331012135
T57S:S84N:R87T:Y106S,T57S:S84N:R87T:Y106S,4,8.456932062927494,8.686305114966887,8.686305114966887,8.456932062927494,8.686305114966887,8.686305114966887,8.356633816455616,8.69155635943152,8.69155635943152,8.264810875501642,8.90320795437965,8.90320795437965,8.236898499533433,8.627210257796646,8.627210257796646,7.945988351287708,8.82239247423257,8.82239247423257,8.21999367018296,8.784928401733868,8.784928401733868,7.817193686653334,8.76969202359101,7.817193686653334,0.6254442897625268,8.721210952536488
A58T:K74I:S77N:R87T:Y106S,A58T:K74I:S77N:R87T:Y106S,5,8.423909259336186,8.436089179676292,8.436089179676292,8.423909259336186,8.436089179676292,8.436089179676292,8.334569893759351,8.521133168105031,8.521133168105031,7.853358235058898,8.345257885635572,8.345257885635572,8.489155850605918,8.685399455910852,8.685399455910852,7.390412870951606,8.169520802940053,8.169520802940053,8.412684872659238,8.662172232274045,8.662172232274045,7.566159732404404,8.49630071583324,7.566159732404404,0.6927959024906158,8.813533365785588
S31N:T71S:T76S:Y95F:Y106S,S31N:T71S:T76S:Y95F:Y106S,5,8.293439548868404,8.502865424423439,8.502865424423439,8.293439548868404,8.502865424423439,8.502865424423439,8.17186193056237,8.474790414368398,8.474790414368398,7.843084015445235,8.48601949279306,8.48601949279306,8.075626016669915,8.493512010044533,8.493512010044533,7.918499946830923,8.584153495875317,8.584153495875317,8.078699885105289,8.492084966009909,8.492084966009909,7.348453194932318,8.416292928832924,7.348453194932318,0.7524965745396912,8.997811389304179
S31N:T57S:T71S:S77N,S31N:T57S:T71S:S77N,4,8.308782285869166,8.52095260642815,8.52095260642815,8.308782285869166,8.52095260642815,8.52095260642815,8.360737161022708,8.66824801973465,8.66824801973465,8.08030857318422,8.722217388713922,8.722217388713922,8.396198529010826,8.72498675254742,8.72498675254742,7.8796006308342,8.629634585088668,8.629634585088668,8.392227085660926,8.838739481710244,8.838739481710244,7.918273456075972,8.718350381373977,7.918273456075972,0.004941411782056093,8.776700605280995
F29S:T57S:T71S:K74I:S77N,F29S:T57S:T71S:K74I:S77N,5,8.237252203994753,8.349961305301196,8.349961305301196,8.237252203994753,8.349961305301196,8.349961305301196,8.174435897602546,8.423418977908963,8.423418977908963,7.642068020225999,8.194084403611038,8.194084403611038,8.333234828880162,8.588008353388044,8.588008353388044,6.93397788825353,7.959317724279735,7.959317724279735,8.398523984581603,8.701214646277924,8.701214646277924,7.54853601485507,8.454839842240212,7.54853601485507,0.4515969855710864,8.838779006873562
S31N:T71S:S77N:Y95F:Y106S,S31N:T71S:S77N:Y95F:Y106S,5,8.072741808083125,8.331391644083807,8.331391644083807,8.072741808083125,8.331391644083807,8.331391644083807,8.027297925166732,8.474763918042001,8.474763918042001,7.578736409485682,8.322537193461102,8.322537193461102,8.018020920538119,8.459628808875973,8.459628808875973,7.343277762671356,8.198561680263213,8.198561680263213,8.005629644605966,8.428177599904137,8.428177599904137,7.201180974518643,8.196258755154869,7.201180974518643,0.25386404641903937,8.98174917229663
S31N:T57S:A58T:N59A:K74I,S31N:T57S:A58T:N59A:K74I,5,8.396852073368684,8.595651789417175,8.595651789417175,8.396852073368684,8.595651789417175,8.595651789417175,8.381076298842745,8.649573707914229,8.649573707914229,8.28490082702998,8.661787315105572,8.661787315105572,8.211629473130088,8.45618663824602,8.45618663824602,8.063001585606877,8.667188824314879,8.667188824314879,8.343749121964862,8.572784252037449,8.572784252037449,7.606950308288518,8.537508250997956,7.606950308288518,0.5449486342258751,8.641386222107947
T57S:T71S:R87T:Y95F:Y106S,T57S:T71S:R87T:Y95F:Y106S,5,8.0423359644486,8.228729148714045,8.228729148714045,8.0423359644486,8.228729148714045,8.228729148714045,8.000418994492358,8.381493943344145,8.381493943344145,7.733021722118984,8.189737244239193,8.189737244239193,7.8953239075539035,8.301644643666073,8.301644643666073,7.701617935243254,8.29998950359068,8.29998950359068,7.85058797635104,8.34643128366044,8.34643128366044,7.13288529203416,8.103273926915074,7.13288529203416,0.07027111179195344,8.543729195247634
S30N:S31N:I52S:T57S:Y106S,S30N:S31N:I52S:T57S:Y106S,5,8.615859163580788,8.719327810556662,8.719327810556662,8.615859163580788,8.719327810556662,8.719327810556662,8.467312766072359,8.668050095600172,8.668050095600172,7.938105544958605,8.437721897999895,8.437721897999895,8.248291559886644,8.511721655429934,8.511721655429934,8.031238919923112,8.748035535416063,8.748035535416063,8.293450790864073,8.527098073151533,8.527098073151533,7.51955023153441,8.480952191300748,7.51955023153441,0.13239815924316645,8.767145499336806
F29S:S30N:T57S:A58T:T76S,F29S:S30N:T57S:A58T:T76S,5,6.649556672890699,6.8218027912723045,6.8218027912723045,6.649556672890699,6.8218027912723045,6.8218027912723045,6.640368023821847,6.970659950507771,6.970659950507771,6.56938181181788,6.9245755003053056,6.9245755003053056,6.813615876902642,7.112767355870239,7.112767355870239,6.157776932193369,6.789804621131682,6.789804621131682,6.979489703494271,7.256900822081946,7.256900822081946,6.591887105069285,7.353379356431709,6.591887105069285,0.20673137507401407,8.673398580033819
S31N:I52S:S84N:Y106S,S31N:I52S:S84N:Y106S,4,8.755107877276473,8.7314575073137,8.7314575073137,8.755107877276473,8.7314575073137,8.7314575073137,8.569660168717043,8.74869473775039,8.74869473775039,8.337637931890931,9.155587735004346,9.155587735004346,8.441294093539208,8.68718966377622,8.68718966377622,8.190023418853889,9.196766047907703,9.196766047907703,8.451726093770503,8.672875833342951,8.672875833342951,8.061529639245478,8.96947161301861,8.061529639245478,0.4078733087517321,9.010427694845786
F29S:I52S:T57S:T76S:R87T,F29S:I52S:T57S:T76S:R87T,5,8.086781651320223,8.336262158965656,8.336262158965656,8.086781651320223,8.336262158965656,8.336262158965656,7.820962807211675,8.238695774909973,8.238695774909973,7.563370429786599,8.245270181190879,8.245270181190879,7.945449399872247,8.343439489450857,8.343439489450857,6.9772138861650435,8.059545391295964,8.059545391295964,7.975222351911863,8.3335738441422,8.3335738441422,7.189840992265961,8.197897542880304,7.189840992265961,0.5752061211969703,8.897139164104903
S30N:S31N:T71S:S77N:S84N,S30N:S31N:T71S:S77N:S84N,5,8.082689317062943,8.22811436049809,8.22811436049809,8.082689317062943,8.22811436049809,8.22811436049809,8.182063527016918,8.468212164142756,8.468212164142756,7.563614722991969,8.180916199529584,8.180916199529584,8.108131828988268,8.433259596951038,8.433259596951038,6.938865774176415,7.8742019903185305,7.8742019903185305,8.108808668750351,8.405611855226194,8.405611855226194,7.199354600610152,8.004559459025561,7.199354600610152,0.12417976278811693,8.85149948900202
T57S:T71S:T76S:S84N:R87T,T57S:T71S:T76S:S84N:R87T,5,8.301910329511985,8.532991112580282,8.532991112580282,8.301910329511985,8.532991112580282,8.532991112580282,8.070016132285893,8.38929540145888,8.38929540145888,7.699659519644963,8.238953661793012,8.238953661793012,7.938313347242912,8.312867841101328,8.312867841101328,7.216001499952229,8.072326847304625,8.072326847304625,8.022654336119652,8.439079776426912,8.439079776426912,7.120861735318298,7.9879430930697914,7.120861735318298,0.683278544805944,8.889027277225486
T57S:A58T:T71S:K74I:Y106S,T57S:A58T:T71S:K74I:Y106S,5,8.43811200059353,8.58460652934228,8.58460652934228,8.43811200059353,8.58460652934228,8.58460652934228,8.349359491213848,8.60085075219993,8.60085075219993,8.476363652610935,8.836879680223936,8.836879680223936,8.387897977187428,8.642587124689983,8.642587124689983,8.033208490766702,8.64279369406422,8.64279369406422,8.402741517264706,8.659163129514955,8.659163129514955,7.65239160386032,8.599746199278238,7.65239160386032,0.1917455168440938,8.41036787827623
S30N:S31N:A58T:T71S:R87T,S30N:S31N:A58T:T71S:R87T,5,7.932094125733097,8.13742031800875,8.13742031800875,7.932094125733097,8.13742031800875,8.13742031800875,7.926462026829699,8.235400812014971,8.235400812014971,7.537736888363472,8.030850115847016,8.030850115847016,7.928694643229378,8.313540936799647,8.313540936799647,7.515614790058356,8.175320503013602,8.175320503013602,7.997575704692156,8.370516372728543,8.370516372728543,7.126665241703944,8.081187223081194,7.126665241703944,0.942715639481321,8.918344276976908
S31N:A58T:S84N:R87T:Y106S,S31N:A58T:S84N:R87T:Y106S,5,8.127358844205533,8.319172455010568,8.319172455010568,8.127358844205533,8.319172455010568,8.319172455010568,7.9584196783299905,8.343354647915506,8.343354647915506,7.613615954878654,8.144942204275484,8.144942204275484,7.919212887552243,8.343090666311669,8.343090666311669,7.141880535332837,7.94446446311176,7.94446446311176,7.981020176079892,8.40371394187962,8.40371394187962,7.065638536406461,7.985133727617326,7.065638536406461,0.5821618288755417,8.787969127412818
S30N:T71S:T76S:S77N:S84N,S30N:T71S:T76S:S77N:S84N,5,7.925051970078564,8.102675995918347,8.102675995918347,7.925051970078564,8.102675995918347,8.102675995918347,7.9641508893533075,8.268122894328576,8.268122894328576,7.41193186390361,8.073950179805905,8.073950179805905,7.969983636082998,8.296812555637896,8.296812555637896,6.878327108223493,7.852604468241191,7.852604468241191,8.021652955542674,8.331392423602344,8.331392423602344,7.126022723788572,8.027371180811418,7.126022723788572,0.23524080007337034,8.639367125599616
S31N:I52S:R87T:Y95F:Y106S,S31N:I52S:R87T:Y95F:Y106S,5,8.709785271963899,8.74793927809907,8.74793927809907,8.709785271963899,8.74793927809907,8.74793927809907,8.39852417817003,8.577718771358317,8.577718771358317,7.904061500341923,8.460184418933235,8.460184418933235,8.29023403729845,8.509685992268341,8.509685992268341,7.896598146149582,8.628866058808004,8.628866058808004,8.29065774411531,8.48651872147735,8.48651872147735,7.531797413126861,8.441554926778704,7.531797413126861,0.9539419829379767,8.583520892149643
S31N:I52S:T57S:Y95F:Y106S,S31N:I52S:T57S:Y95F:Y106S,5,8.659461752809039,8.712387795432724,8.712387795432724,8.659461752809039,8.712387795432724,8.712387795432724,8.456909607950612,8.648871638091213,8.648871638091213,8.01594508806265,8.476157971526224,8.476157971526224,8.285717015552015,8.50687931740779,8.50687931740779,8.114445254526073,8.792933514266744,8.792933514266744,8.304954964469514,8.508927685228569,8.508927685228569,7.610123734832163,8.579569785402311,7.610123734832163,0.8854742457624525,8.691317664252592
S30N:S84N:R87T:Y95F:Y106S,S30N:S84N:R87T:Y95F:Y106S,5,8.202391383332564,8.237866290176083,8.237866290176083,8.202391383332564,8.237866290176083,8.237866290176083,7.961628047327681,8.30112364440794,8.30112364440794,7.6165276895487475,8.207856746031222,8.207856746031222,7.8808478013057615,8.276357707559653,8.276357707559653,7.259208600791061,8.10501394107457,8.10501394107457,7.900713388944114,8.334434621138628,8.334434621138628,7.151921061137048,8.08465449922999,7.151921061137048,0.4625066136941314,8.635624647151236
F29S:T57S:T71S:K74I:Y95F,F29S:T57S:T71S:K74I:Y95F,5,8.40285008158584,8.488231298103212,8.488231298103212,8.40285008158584,8.488231298103212,8.488231298103212,8.259659226685557,8.532328843108786,8.532328843108786,7.814110520112131,8.268061225377265,8.268061225377265,8.271413384666989,8.553818795062384,8.553818795062384,7.235584339055748,8.04841689688099,8.04841689688099,8.236736313927398,8.553348269917539,8.553348269917539,7.575930479499023,8.462353632555628,7.575930479499023,0.6368613201193511,8.690587252032923
S31N:T57S:A58T:S84N:Y95F,S31N:T57S:A58T:S84N:Y95F,5,8.277645671257975,8.39360697026342,8.39360697026342,8.277645671257975,8.39360697026342,8.39360697026342,8.167526998934777,8.427010264280995,8.427010264280995,7.933021203104221,8.368161160207436,8.368161160207436,7.7996579925983625,8.132552144221807,8.132552144221807,7.327856730563668,8.066859523171233,8.066859523171233,7.899585865553744,8.206361056269067,8.206361056269067,7.187790792835583,8.028604208199843,7.187790792835583,0.45239793229848146,8.709207042550098
S31N:S77N:S84N:R87T,S31N:S77N:S84N:R87T,4,8.480709465346774,8.586051573376361,8.586051573376361,8.480709465346774,8.586051573376361,8.586051573376361,8.497132912090695,8.818639868454493,8.818639868454493,8.178626526019864,8.85339114922928,8.85339114922928,8.435801629410554,8.747842598072019,8.747842598072019,7.717940955263859,8.78015216398555,8.78015216398555,8.420286217910338,8.696450575526512,8.696450575526512,7.866687241242596,9.009346135949315,7.866687241242596,0.47752670058980584,8.609591752985038
S31N:T57S:T71S:T76S:S84N,S31N:T57S:T71S:T76S:S84N,5,8.414216312507891,8.573624916346445,8.573624916346445,8.414216312507891,8.573624916346445,8.573624916346445,8.310637956624483,8.54060186934961,8.54060186934961,7.934449330729021,8.451226361182105,8.451226361182105,8.135128761960914,8.518381010727618,8.518381010727618,7.487030854608751,8.234609571308559,8.234609571308559,8.202008673641195,8.522538739470754,8.522538739470754,7.354150747086438,8.160689206658528,7.354150747086438,0.18817072780802846,8.683799997085218
S30N:S31N:A58T:S84N,S30N:S31N:A58T:S84N,4,8.222009890942104,8.339622685370227,8.339622685370227,8.222009890942104,8.339622685370227,8.339622685370227,8.163307156819775,8.474965857330822,8.474965857330822,8.156296926140836,8.61884957963154,8.61884957963154,8.069428088695574,8.55347382612028,8.55347382612028,7.802430297909556,8.642106016203787,8.642106016203787,8.178198087909685,8.559157780907888,8.559157780907888,7.814638241618203,8.63036747075906,7.814638241618203,0.7038015439175069,8.618012548574766
S30N:S31N:T71S:T76S,S30N:S31N:T71S:T76S,4,8.372555324078313,8.510026667045818,8.510026667045818,8.372555324078313,8.510026667045818,8.510026667045818,8.343683415908261,8.594566319274056,8.594566319274056,8.09209710449759,8.666067952676354,8.666067952676354,8.394060897924838,8.8060311933119,8.8060311933119,8.212235900278458,8.929574678602682,8.929574678602682,8.454181503775303,8.787905017464336,8.787905017464336,7.995630716404202,8.994463564349768,7.995630716404202,0.7432411024346948,8.806755886237418
S30N:I52S:A58T:N59A:T71S,S30N:I52S:A58T:N59A:T71S,5,8.076914627359935,8.286966795019678,8.286966795019678,8.076914627359935,8.286966795019678,8.286966795019678,7.996704065415024,8.286430961192666,8.286430961192666,8.056974348533995,8.4226020414639,8.4226020414639,8.063876602923601,8.45355218300827,8.45355218300827,7.67425709731697,8.317185646065925,8.317185646065925,8.158639901374945,8.533088069159941,8.533088069159941,7.344578308585978,8.23928205045578,7.344578308585978,0.573839922202751,8.552953613026826
S31N:T57S:A58T:K74I:S77N,S31N:T57S:A58T:K74I:S77N,5,8.747970913963213,8.801764648622415,8.801764648622415,8.747970913963213,8.801764648622415,8.801764648622415,8.741331433152896,8.905521155392728,8.905521155392728,8.247022720081722,8.69668360824123,8.69668360824123,8.592304208868823,8.750229756195026,8.750229756195026,7.811619367667777,8.585339045865213,8.585339045865213,8.651880329026657,8.795923230621751,8.795923230621751,7.896865384118513,8.71040068635337,7.896865384118513,0.8217084030620754,8.863233364020372
S30N:I52S:A58T:T71S,S30N:I52S:A58T:T71S,4,8.608136840515522,8.823573999706541,8.823573999706541,8.608136840515522,8.823573999706541,8.823573999706541,8.678636787297346,8.939871820263694,8.939871820263694,8.590753327992156,8.990583343097176,8.990583343097176,8.684761365885139,8.989204493434507,8.989204493434507,8.374825744933144,9.000971645594324,9.000971645594324,8.694834233544947,9.008263292754219,9.008263292754219,8.19794837530226,9.061464930210164,8.19794837530226,0.18351732240989804,8.709467058323678
A58T:K74I:S77N:S84N:Y106S,A58T:K74I:S77N:S84N:Y106S,5,8.514816789616537,8.491231726000553,8.491231726000553,8.514816789616537,8.491231726000553,8.491231726000553,8.359468240837893,8.539886557517162,8.539886557517162,7.962895282901063,8.502747444679072,8.502747444679072,8.419451236496524,8.657257679672563,8.657257679672563,7.301837533873207,8.232208749091495,8.232208749091495,8.405589461904958,8.666187601368746,8.666187601368746,7.62323035457173,8.475803195975775,7.62323035457173,0.7384501341730356,8.647804541914471
S30N:S77N:S84N:Y95F:Y106S,S30N:S77N:S84N:Y95F:Y106S,5,8.071987320717087,8.178902656525256,8.178902656525256,8.071987320717087,8.178902656525256,8.178902656525256,7.868488395961371,8.230083430022068,8.230083430022068,7.613947232961855,8.279980550818498,8.279980550818498,7.810991838523779,8.248243235426752,8.248243235426752,7.068915109066063,8.04168628552775,8.04168628552775,7.817885257403998,8.273706022021265,8.273706022021265,7.0477804237178425,8.013370282708411,7.0477804237178425,0.3900826727040112,8.800368190562324
S30N:T76S:R87T:Y95F:Y106S,S30N:T76S:R87T:Y95F:Y106S,5,8.10091133851269,8.20771456753603,8.20771456753603,8.10091133851269,8.20771456753603,8.20771456753603,8.032520036294052,8.30672395869255,8.30672395869255,7.473299063526118,8.011771435353733,8.011771435353733,7.939351316743244,8.27790323305582,8.27790323305582,7.556388300090169,8.17776845341383,8.17776845341383,7.927677506435828,8.359111771185287,8.359111771185287,7.1605833293377925,8.080311501710177,7.1605833293377925,0.5732823635917157,8.96668288041742
F29S:I52S:S77N:R87T:Y95F,F29S:I52S:S77N:R87T:Y95F,5,8.139037311752446,8.447147630858131,8.447147630858131,8.139037311752446,8.447147630858131,8.447147630858131,7.83160096221758,8.242139489613017,8.242139489613017,7.218451627153973,8.011119240068775,8.011119240068775,8.117789735690089,8.489404526903236,8.489404526903236,6.287997020436473,7.6639556582889865,7.6639556582889865,8.01310496594148,8.33490169100132,8.33490169100132,6.975367574722884,8.04616805625065,6.975367574722884,0.4819900719448924,8.627446803113054
S31N:N59A:S84N:Y95F,S31N:N59A:S84N:Y95F,4,8.220517134845485,8.367904496747324,8.367904496747324,8.220517134845485,8.367904496747324,8.367904496747324,8.146164583890535,8.542762438072643,8.542762438072643,8.018360756618536,8.503663923844057,8.503663923844057,8.054783957548445,8.480992008434008,8.480992008434008,7.709470560325289,8.532240951495734,8.532240951495734,8.129049974112025,8.572432892255462,8.572432892255462,7.716793557236901,8.52780539027681,7.716793557236901,0.8317616651766002,9.070566627185913
F29S:I52S:T57S:T71S:Y95F,F29S:I52S:T57S:T71S:Y95F,5,7.935870468802145,7.990832126370989,7.990832126370989,7.935870468802145,7.990832126370989,7.990832126370989,7.88837503488091,8.150177699017322,8.150177699017322,7.522893544366135,7.9207114238444065,7.9207114238444065,7.962836392391359,8.326830603459065,8.326830603459065,7.005583563350341,7.817547249935446,7.817547249935446,7.904824520132578,8.286468273343651,8.286468273343651,7.236745986294352,8.096634515556035,7.236745986294352,0.022588173393160105,8.834602312307684
S30N:S31N:N59A:T76S:R87T,S30N:S31N:N59A:T76S:R87T,5,8.034100436714205,8.294406481210695,8.294406481210695,8.034100436714205,8.294406481210695,8.294406481210695,7.805046290156117,8.20347892564905,8.20347892564905,7.342351576471597,7.980251068904865,7.980251068904865,7.792678369698464,8.221891996403842,8.221891996403842,7.480258304033414,8.204670935356646,8.204670935356646,7.942470472558365,8.326894674406883,8.326894674406883,7.147589282861094,8.051103159445766,7.147589282861094,0.1984158616978675,8.727837313729482
S31N:N59A:T71S:T76S:Y106S,S31N:N59A:T71S:T76S:Y106S,5,7.892176910158879,8.198779374755468,8.198779374755468,7.892176910158879,8.198779374755468,8.198779374755468,7.777656667811032,8.14591054559772,8.14591054559772,7.7162607695571435,8.257760202211983,8.257760202211983,7.7960232508944,8.232962610598799,8.232962610598799,7.682820988314313,8.318786304218621,8.318786304218621,7.8268633367767775,8.281336275166506,8.281336275166506,7.102836835901838,8.131451626045944,7.102836835901838,0.8852492864243686,8.80668391067349
F29S:S30N:I52S:A58T:S77N,F29S:S30N:I52S:A58T:S77N,5,8.31104697689503,8.423796142895894,8.423796142895894,8.31104697689503,8.423796142895894,8.423796142895894,8.115395221749123,8.41159679873435,8.41159679873435,7.703639674937798,8.324016577361768,8.324016577361768,8.072430984670016,8.536518545940503,8.536518545940503,6.732932456053477,7.912944575688871,7.912944575688871,8.140832175089834,8.56414823219204,8.56414823219204,7.178463988325196,8.30261351712777,7.178463988325196,0.4830547790043056,8.573592982729034
S30N:T71S:T76S:S84N:Y95F,S30N:T71S:T76S:S84N:Y95F,5,8.040795034397576,8.16618042815901,8.16618042815901,8.040795034397576,8.16618042815901,8.16618042815901,7.901347853529947,8.194425012752733,8.194425012752733,7.367377113797452,7.974175997632506,7.974175997632506,7.953966466355512,8.304435611327834,8.304435611327834,7.098532469689063,7.959916656853642,7.959916656853642,8.015293172404695,8.312244178456986,8.312244178456986,7.140516748588862,7.9872337025830555,7.140516748588862,0.7934149897191674,8.883756678834713
S31N:T76S:S77N:R87T:Y95F,S31N:T76S:S77N:R87T:Y95F,5,8.587920695165305,8.691345882386798,8.691345882386798,8.587920695165305,8.691345882386798,8.691345882386798,8.357383252339135,8.593167850089296,8.593167850089296,7.653564441155505,8.285486613435406,8.285486613435406,8.249448517107659,8.56157168543519,8.56157168543519,7.43508270942972,8.252255408240696,8.252255408240696,8.221531280848843,8.569297524599271,8.569297524599271,7.341110386087196,8.305768307491343,7.341110386087196,0.29243145044893026,8.658387349583775
S30N:A58T:K74I:S84N,S30N:A58T:K74I:S84N,4,8.657052471016751,8.642891212405404,8.642891212405404,8.657052471016751,8.642891212405404,8.642891212405404,8.58233515301699,8.675448734090729,8.675448734090729,8.577392278741405,8.99197445289595,8.99197445289595,8.620775156151876,8.737824164985806,8.737824164985806,8.04724004543605,8.921144063478883,8.921144063478883,8.684390040857359,8.690039244156731,8.690039244156731,8.311678150542376,9.112103412606874,8.311678150542376,0.5326194856315851,8.294675453652049
S31N:I52S:T57S:R87T:Y106S,S31N:I52S:T57S:R87T:Y106S,5,8.810764277321459,8.964905875159307,8.964905875159307,8.810764277321459,8.964905875159307,8.964905875159307,8.656762220557482,8.892808845047389,8.892808845047389,8.031721811438883,8.669365795346733,8.669365795346733,8.418528305187749,8.653538242023705,8.653538242023705,7.99319549140098,8.791852589023602,8.791852589023602,8.391357721715247,8.620019426531917,8.620019426531917,7.576053482964044,8.557978059251585,7.576053482964044,0.02497534896247089,8.866264292021317
S30N:I52S:A58T:N59A:T76S,S30N:I52S:A58T:N59A:T76S,5,7.973306019989525,8.189196667506176,8.189196667506176,7.973306019989525,8.189196667506176,8.189196667506176,7.88025494276147,8.250736807401339,8.250736807401339,7.821268104834043,8.250591684881714,8.250591684881714,7.996736913784181,8.396508512208879,8.396508512208879,7.590462420216826,8.260221736632301,8.260221736632301,8.107940172063213,8.455625455722094,8.455625455722094,7.311320984107002,8.207604444440806,7.311320984107002,0.8236506655812263,8.525156045679678
S30N:S31N:T57S:S77N:Y106S,S30N:S31N:T57S:S77N:Y106S,5,8.144146080189799,8.279019925987926,8.279019925987926,8.144146080189799,8.279019925987926,8.279019925987926,8.142670627979385,8.415469994112762,8.415469994112762,7.623371327016096,8.124738088586904,8.124738088586904,8.09947541057118,8.50584772296052,8.50584772296052,7.449143619931116,8.139056871739859,8.139056871739859,8.075459487346539,8.481215328439887,8.481215328439887,7.261334620315311,8.126762840968965,7.261334620315311,0.9088975102640688,8.784863649788905
S31N:I52S:N59A:T76S:S84N,S31N:I52S:N59A:T76S:S84N,5,8.41281303467304,8.466834250431868,8.466834250431868,8.41281303467304,8.466834250431868,8.466834250431868,8.232531618638735,8.457049053107156,8.457049053107156,7.777916762891529,8.302046652704295,8.302046652704295,8.164814145309313,8.444219718158886,8.444219718158886,7.220072033786978,8.122507870972893,8.122507870972893,8.208855448205565,8.449191119272836,8.449191119272836,7.343605342374691,8.144304054065252,7.343605342374691,0.32957280054688454,8.442696619670134
F29S:T57S:K74I:T76S,F29S:T57S:K74I:T76S,4,8.421727822265064,8.564619770041187,8.564619770041187,8.421727822265064,8.564619770041187,8.564619770041187,8.355601765553999,9.01120542575757,9.01120542575757,8.187996831507649,8.79995165273515,8.79995165273515,8.48890894989917,8.934171557417432,8.934171557417432,7.991654460756838,8.923265771819949,8.923265771819949,8.587095419572575,8.969914682192492,8.969914682192492,8.34937386399323,9.385584262480162,8.34937386399323,0.5992171820253134,8.743350113376565
T57S:A58T:T71S:K74I:S84N,T57S:A58T:T71S:K74I:S84N,5,8.5884501830324,8.672816545619538,8.672816545619538,8.5884501830324,8.672816545619538,8.672816545619538,8.463109036428685,8.642334761303326,8.642334761303326,8.380217740675265,8.744197171710635,8.744197171710635,8.436337446318236,8.659765322914222,8.659765322914222,7.53308735866931,8.266707882644175,8.266707882644175,8.514374134010838,8.67207368777421,8.67207368777421,7.7221306257655,8.462137408130552,7.7221306257655,0.03712496208027005,8.720737412127873
S30N:S31N:T57S:N59A:R87T,S30N:S31N:T57S:N59A:R87T,5,7.920099706577356,8.210183474453542,8.210183474453542,7.920099706577356,8.210183474453542,8.210183474453542,7.838129574074691,8.203308915256027,8.203308915256027,7.370436545001455,7.9461418379568105,7.9461418379568105,7.789837262224863,8.198989328425307,8.198989328425307,7.546282631397761,8.300255330526708,8.300255330526708,7.946633449332987,8.38199881355939,8.38199881355939,7.093975319376817,8.040630703807077,7.093975319376817,0.5646143350750208,8.898590808966265
F29S:I52S:T57S:R87T,F29S:I52S:T57S:R87T,4,8.22717179522255,8.456949238123075,8.456949238123075,8.22717179522255,8.456949238123075,8.456949238123075,8.161409559675642,8.562368815488067,8.562368815488067,8.146313759545956,8.758560995605565,8.758560995605565,8.300519717424375,8.726442827140454,8.726442827140454,7.692631074898885,8.756087918884749,8.756087918884749,8.321673820206138,8.643870950614023,8.643870950614023,7.865614345025872,9.131573249737094,7.865614345025872,0.1986932351719588,9.2085509937263
S31N:A58T:S84N:R87T:Y95F,S31N:A58T:S84N:R87T:Y95F,5,8.195398011835298,8.27924384712918,8.27924384712918,8.195398011835298,8.27924384712918,8.27924384712918,7.9574258622583365,8.304029607723331,8.304029607723331,7.504418678131014,7.971068660758107,7.971068660758107,7.8588466557413,8.266912908079918,8.266912908079918,7.074613774116991,7.868469639676661,7.868469639676661,7.962592520258749,8.35420375515213,8.35420375515213,7.062309800930197,7.894068946255612,7.062309800930197,0.2740282122977078,8.575902466683882
F29S:S31N:I52S:T57S:Y95F,F29S:S31N:I52S:T57S:Y95F,5,8.2101806525635,8.319627997546393,8.319627997546393,8.2101806525635,8.319627997546393,8.319627997546393,8.111060865236935,8.401798831935553,8.401798831935553,7.445809454702666,8.051288499978838,8.051288499978838,7.935585333427598,8.232166163753265,8.232166163753265,6.868556338618136,7.81709462146349,7.81709462146349,7.997776293644738,8.361862576417812,8.361862576417812,7.337677634557286,8.218778561716729,7.337677634557286,0.3865722236223519,8.556227334934347
F29S:T76S:S77N:Y95F,F29S:T76S:S77N:Y95F,4,7.681137083505251,7.738187184434813,7.738187184434813,7.681137083505251,7.738187184434813,7.738187184434813,7.545901302922902,7.870680278546675,7.870680278546675,7.39022718803133,8.081915755171998,8.081915755171998,7.633028967348043,7.983810243589367,7.983810243589367,6.929815321301011,8.070817422480069,8.070817422480069,7.6563092246010696,8.079840193898566,8.079840193898566,7.457294878589822,8.493618332993783,7.457294878589822,0.06283032475039363,8.878203948811477
S30N:S31N:A58T:T71S,S30N:S31N:A58T:T71S,4,8.181892073075668,8.361207212359655,8.361207212359655,8.181892073075668,8.361207212359655,8.361207212359655,8.193728637411425,8.453916312105184,8.453916312105184,8.136862387497944,8.574009205578548,8.574009205578548,8.162300480521068,8.50452124761689,8.50452124761689,8.108018240868056,8.772939283793704,8.772939283793704,8.19600953776161,8.543977483564255,8.543977483564255,7.810229065865212,8.881634454333101,7.810229065865212,0.03583349892869592,9.021632660600396
A58T:K74I:S77N:S84N:R87T,A58T:K74I:S77N:S84N:R87T,5,8.636409590847016,8.622322766115069,8.622322766115069,8.636409590847016,8.622322766115069,8.622322766115069,8.47977609932554,8.65436627024402,8.65436627024402,7.836082472468359,8.39310419752242,8.39310419752242,8.582336058318951,8.766436079942116,8.766436079942116,7.0397678906569485,8.105269823933169,8.105269823933169,8.555655364854362,8.734652440580915,8.734652440580915,7.6363368152380025,8.515574909314692,7.6363368152380025,0.9263937496580184,8.669298050951348
T57S:A58T:K74I:S84N:R87T,T57S:A58T:K74I:S84N:R87T,5,8.522000625488008,8.57882216788878,8.57882216788878,8.522000625488008,8.57882216788878,8.57882216788878,8.409013994449573,8.561665805078633,8.561665805078633,8.049740232554015,8.503981330664244,8.503981330664244,8.48632810217033,8.66488078696799,8.66488078696799,7.373399456393182,8.229926922186374,8.229926922186374,8.515270398869282,8.695892270457842,8.695892270457842,7.707704179117915,8.508406646205533,7.707704179117915,0.8507671100087464,8.663641312149478
T76S:S84N:R87T:Y95F,T76S:S84N:R87T:Y95F,4,8.638312872617359,8.606992648822393,8.606992648822393,8.638312872617359,8.606992648822393,8.606992648822393,8.352109612392187,8.58688666904387,8.58688666904387,8.111597730541003,8.698156897853055,8.698156897853055,8.269002011850478,8.611650728274354,8.611650728274354,7.8455639209477255,8.728544096198473,8.728544096198473,8.28060470417851,8.627073721268413,8.627073721268413,7.808242499641732,8.784142974341904,7.808242499641732,0.9412929809186608,8.834589258086579
F29S:I52S:A58T:T76S:R87T,F29S:I52S:A58T:T76S:R87T,5,8.163792822942451,8.32697039436627,8.32697039436627,8.163792822942451,8.32697039436627,8.32697039436627,7.831181646399693,8.13028171630546,8.13028171630546,7.61162130133348,8.139046526144234,8.139046526144234,8.033138652669553,8.356675901795455,8.356675901795455,6.797231015301051,7.793987046217575,7.793987046217575,7.990623302601172,8.311962126473901,8.311962126473901,7.10262965095907,8.105365074161861,7.10262965095907,0.6294251019135118,8.855941107403815
S31N:T57S:A58T:R87T:Y95F,S31N:T57S:A58T:R87T:Y95F,5,8.191483147322161,8.322936603640747,8.322936603640747,8.191483147322161,8.322936603640747,8.322936603640747,8.126327327583654,8.34080273661734,8.34080273661734,7.747580267360901,8.201455108689185,8.201455108689185,7.896097289440252,8.147291549218304,8.147291549218304,7.793544076529264,8.429001944227345,8.429001944227345,7.942066209192548,8.261968375120963,8.261968375120963,7.254629406139566,8.201969526313736,7.254629406139566,0.7914949832484126,8.825472380176874
F29S:T57S:T76S:Y95F,F29S:T57S:T76S:Y95F,4,7.450790951086677,7.622961647183845,7.622961647183845,7.450790951086677,7.622961647183845,7.622961647183845,7.40226721815948,7.852609681072508,7.852609681072508,7.208871937445519,7.916932967297124,7.916932967297124,7.451852613178555,7.819748090514409,7.819748090514409,7.046848843075395,8.101028684716058,8.101028684716058,7.478778479880234,7.837617565177097,7.837617565177097,7.477908713477273,8.396695955190742,7.477908713477273,0.21237975033000112,8.976536928365785
S30N:S31N:T71S:Y95F,S30N:S31N:T71S:Y95F,4,8.438335789648173,8.542348645918437,8.542348645918437,8.438335789648173,8.542348645918437,8.542348645918437,8.465508223561159,8.707394612946914,8.707394612946914,8.177808287426203,8.678247746779066,8.678247746779066,8.428321302334014,8.742036133049929,8.742036133049929,8.254323477525986,8.857955761730883,8.857955761730883,8.367861778286715,8.619399595937189,8.619399595937189,7.961250503752208,8.977608688678304,7.961250503752208,0.03155838488601148,9.026615626077184
S30N:S31N:T76S:S77N:Y106S,S30N:S31N:T76S:S77N:Y106S,5,8.095781556447633,8.316157265130816,8.316157265130816,8.095781556447633,8.316157265130816,8.316157265130816,8.042227352705197,8.355148072982448,8.355148072982448,7.481893095044924,8.125623418261508,8.125623418261508,8.065388180938712,8.456732725995675,8.456732725995675,7.433408028998503,8.177714454258544,8.177714454258544,8.085848338843878,8.506345925530264,8.506345925530264,7.266029731392756,8.206614959120188,7.266029731392756,0.08972987323068082,8.870502569816901
S30N:A58T:T71S:K74I:Y106S,S30N:A58T:T71S:K74I:Y106S,5,8.272014030271153,8.41650119235565,8.41650119235565,8.272014030271153,8.41650119235565,8.41650119235565,8.235322457983635,8.460718798914792,8.460718798914792,8.264917648647737,8.679865117394316,8.679865117394316,8.321872461008423,8.546569483556505,8.546569483556505,7.8895960720359275,8.546630724384746,8.546630724384746,8.390436534945785,8.632558489776198,8.632558489776198,7.603176931765232,8.52672009220928,7.603176931765232,0.020084492629393935,8.700185181047795
F29S:S30N:S31N:I52S:S77N,F29S:S30N:S31N:I52S:S77N,5,8.460924510127544,8.515420056264988,8.515420056264988,8.460924510127544,8.515420056264988,8.515420056264988,8.257756310078953,8.542807193756984,8.542807193756984,7.486153643675825,8.235771189717926,8.235771189717926,8.132672435382801,8.457829822838962,8.457829822838962,6.712746034246296,7.980397551428272,7.980397551428272,8.202770418429784,8.46833393478912,8.46833393478912,7.243918851469731,8.30594844071721,7.243918851469731,0.8266358429100364,8.714997381819009
S31N:T57S:N59A:R87T:Y95F,S31N:T57S:N59A:R87T:Y95F,5,8.063619204224006,8.2647821249837,8.2647821249837,8.063619204224006,8.2647821249837,8.2647821249837,7.961361180384726,8.304868487283462,8.304868487283462,7.539426555934391,8.084550766097394,8.084550766097394,7.831532855506193,8.170217909241817,8.170217909241817,7.699212987818067,8.36676807189056,8.36676807189056,7.89922473635645,8.293738584368915,8.293738584368915,7.149063691799717,8.118385531345385,7.149063691799717,0.02668698993511498,8.769514502513772
I52S:T57S:N59A:T71S,I52S:T57S:N59A:T71S,4,8.233289706537398,8.499305235388581,8.499305235388581,8.233289706537398,8.499305235388581,8.499305235388581,8.279403808775394,8.538723100149273,8.538723100149273,8.291377838076636,8.84378415821493,8.84378415821493,8.371271131276146,8.62972736981637,8.62972736981637,8.223053116421767,9.004583192454598,9.004583192454598,8.364831714195095,8.633179888167641,8.633179888167641,8.01478880926536,9.011039845084284,8.01478880926536,0.41175210615620017,9.047029959030253
S30N:S31N:T57S:N59A:Y106S,S30N:S31N:T57S:N59A:Y106S,5,7.842414249689516,8.129187517332086,8.129187517332086,7.842414249689516,8.129187517332086,8.129187517332086,7.700942588579897,8.112301218538713,8.112301218538713,7.524017742799782,8.023157737236524,8.023157737236524,7.677501836344653,8.187038329508825,8.187038329508825,7.650296399582887,8.305607607473362,8.305607607473362,7.779492821117954,8.2722459195123,8.2722459195123,7.047581321689512,8.020729786639718,7.047581321689512,0.4818756324239075,8.70252697056245
S30N:S31N:A58T:T71S:S84N,S30N:S31N:A58T:T71S:S84N,5,7.959406785947735,8.108227369857238,8.108227369857238,7.959406785947735,8.108227369857238,8.108227369857238,7.9068959076336,8.187468580404113,8.187468580404113,7.700279965596971,8.165984859450015,8.165984859450015,7.82973353395957,8.23363277436909,8.23363277436909,7.1101521829569485,7.901775624521901,7.901775624521901,7.935210235174223,8.277709415360244,8.277709415360244,7.088374394260983,7.927166497684295,7.088374394260983,0.03513661795295775,8.782725003717168
A58T:K74I:S77N:S84N:Y95F,A58T:K74I:S77N:S84N:Y95F,5,8.819642189095735,8.802289725216365,8.802289725216365,8.819642189095735,8.802289725216365,8.802289725216365,8.500919238797277,8.707818696674288,8.707818696674288,7.957468940931055,8.577241140014758,8.577241140014758,8.454054661080072,8.6872610390044,8.6872610390044,7.192662588204704,8.324810066093951,8.324810066093951,8.507915065818995,8.6871906641375,8.6871906641375,7.608947954637248,8.498278015484395,7.608947954637248,0.9943397366441786,8.801800791352134
S31N:I52S:S77N:Y95F,S31N:I52S:S77N:Y95F,4,8.753214200945072,8.756536857321446,8.756536857321446,8.753214200945072,8.756536857321446,8.756536857321446,8.63154750948104,8.797305738762857,8.797305738762857,8.240480918539085,8.880608597064093,8.880608597064093,8.663121889027172,8.696973615899424,8.696973615899424,8.048405129043555,8.927541804910778,8.927541804910778,8.688971032947746,8.687644351627522,8.687644351627522,8.132691231324552,8.909230914335232,8.132691231324552,0.31156409019604325,8.728699612418886
S31N:T57S:A58T:T71S,S31N:T57S:A58T:T71S,4,8.427408266310534,8.692704482592834,8.692704482592834,8.427408266310534,8.692704482592834,8.692704482592834,8.444285735738667,8.69450502528804,8.69450502528804,8.500488134673109,8.938741954784092,8.938741954784092,8.260265791725047,8.654466221693843,8.654466221693843,8.325204538729448,8.868867289362067,8.868867289362067,8.283714023358005,8.736359324711232,8.736359324711232,7.946669352191655,9.043621346223198,7.946669352191655,0.9270303363446146,8.927178738531712
S31N:T57S:A58T:T71S:S84N,S31N:T57S:A58T:T71S:S84N,5,8.21311924312093,8.41655589067763,8.41655589067763,8.21311924312093,8.41655589067763,8.41655589067763,8.178159217657896,8.454264810835062,8.454264810835062,8.097309451522388,8.534781252448646,8.534781252448646,7.924549239139507,8.30092380089053,8.30092380089053,7.3072485717260625,8.034496819114567,8.034496819114567,8.004616029416622,8.380605305413694,8.380605305413694,7.196665534613,8.031164673422692,7.196665534613,0.012770297937095165,8.873355631074059
S30N:T76S:S77N:R87T,S30N:T76S:S77N:R87T,4,8.463163955011995,8.582868282992973,8.582868282992973,8.463163955011995,8.582868282992973,8.582868282992973,8.409429139721302,8.651176441650707,8.651176441650707,8.141851176120174,8.778341518681074,8.778341518681074,8.359911878990319,8.522480696172963,8.522480696172963,7.870879829043076,8.719459457906277,8.719459457906277,8.315093965629108,8.64579099030729,8.64579099030729,7.861394462292204,9.017847299931557,7.861394462292204,0.46212248923256993,8.82002778907535
F29S:S30N:S31N:I52S:R87T,F29S:S30N:S31N:I52S:R87T,5,8.474464680896986,8.579229228165724,8.579229228165724,8.474464680896986,8.579229228165724,8.579229228165724,8.130191147273644,8.436657440538077,8.436657440538077,7.590648801088189,8.221531850865558,8.221531850865558,8.049189628024372,8.395614896781266,8.395614896781266,6.9447906988998875,7.973850040959603,7.973850040959603,8.13901914086084,8.439198130754365,8.439198130754365,7.287391307709791,8.263239049651892,7.287391307709791,0.49294057418592274,8.685880321867696
F29S:I52S:A58T:T76S:S84N,F29S:I52S:A58T:T76S:S84N,5,8.166296379471754,8.207295397790434,8.207295397790434,8.166296379471754,8.207295397790434,8.207295397790434,7.876755250171584,8.209297687113512,8.209297687113512,7.631241318881561,8.181692827770728,8.181692827770728,7.922531449797518,8.347990797536013,8.347990797536013,6.64729461987784,7.794069039752725,7.794069039752725,7.996304347529042,8.383382990682756,8.383382990682756,7.065531856756772,8.063258504293934,7.065531856756772,0.6790113728493452,8.733630116812236
S30N:A58T:K74I:T76S:Y106S,S30N:A58T:K74I:T76S:Y106S,5,8.135584692472033,8.230194061669222,8.230194061669222,8.135584692472033,8.230194061669222,8.230194061669222,8.177949725917626,8.387785627386164,8.387785627386164,7.872764628633733,8.273212528151971,8.273212528151971,8.342384407196311,8.547126395623522,8.547126395623522,7.794317984610505,8.422595169161582,8.422595169161582,8.413497519726148,8.663176286856899,8.663176286856899,7.621572734105468,8.482965213087091,7.621572734105468,0.8456151178106666,8.486152217773693
S31N:I52S:N59A:Y95F:Y106S,S31N:I52S:N59A:Y95F:Y106S,5,8.367715541530107,8.466442357095625,8.466442357095625,8.367715541530107,8.466442357095625,8.466442357095625,8.041233142435185,8.321195640020093,8.321195640020093,7.881090820499186,8.337041532184896,8.337041532184896,8.059018263797686,8.368711780554488,8.368711780554488,7.880561172128074,8.549602709408514,8.549602709408514,8.098819094340659,8.378745660572049,8.378745660572049,7.444311222318199,8.364158028697897,7.444311222318199,0.8386180514935404,8.823821333343371
F29S:S31N:I52S:T57S:S84N,F29S:S31N:I52S:T57S:S84N,5,8.338121885365387,8.44988887266321,8.44988887266321,8.338121885365387,8.44988887266321,8.44988887266321,8.192210035035025,8.457441117846164,8.457441117846164,7.680831768217004,8.319497760276963,8.319497760276963,7.8765707214283225,8.283380656672213,8.283380656672213,6.763283474528879,7.8687844378919065,7.8687844378919065,8.016239629631608,8.355788868314052,8.355788868314052,7.205813385127845,8.214751248824784,7.205813385127845,0.916487633716315,8.711358941882366
I52S:T57S:T76S:Y95F,I52S:T57S:T76S:Y95F,4,8.415414933259147,8.45709048572228,8.45709048572228,8.415414933259147,8.45709048572228,8.45709048572228,8.417511040414798,8.583092273425349,8.583092273425349,8.10523204112998,8.714432543262335,8.714432543262335,8.45738178502226,8.629656963697446,8.629656963697446,8.344200383340166,8.967934920114011,8.967934920114011,8.496436214161546,8.638839107823822,8.638839107823822,8.135024435448452,8.965657948700873,8.135024435448452,0.2658134188968688,8.943391883863868
S31N:T57S:N59A:T71S,S31N:T57S:N59A:T71S,4,8.179135787997456,8.588135470610363,8.588135470610363,8.179135787997456,8.588135470610363,8.588135470610363,8.159512427550686,8.595539829252106,8.595539829252106,8.07934704804811,8.748459198320477,8.748459198320477,8.12499658343243,8.556739898357556,8.556739898357556,8.158580813634442,8.835765706062185,8.835765706062185,8.130648067151677,8.594651618185168,8.594651618185168,7.746610574923407,8.886138742295852,7.746610574923407,0.18279215367510915,8.500325825443307
S30N:T57S:T71S:T76S:Y106S,S30N:T57S:T71S:T76S:Y106S,5,7.610418562182925,7.859667553640701,7.859667553640701,7.610418562182925,7.859667553640701,7.859667553640701,7.756607962884585,8.073742234199976,8.073742234199976,7.489388657036614,7.9968086440758475,7.9968086440758475,7.823470215643263,8.239573185841577,8.239573185841577,7.59141749496785,8.218543353957955,8.218543353957955,7.88189497158196,8.347351478361716,8.347351478361716,7.068759874079955,8.029377576418089,7.068759874079955,0.5610904188361019,8.695316327202477
S30N:S31N:I52S:T71S:R87T,S30N:S31N:I52S:T71S:R87T,5,8.673681771895916,8.767860869175925,8.767860869175925,8.673681771895916,8.767860869175925,8.767860869175925,8.549599504377072,8.684456314686459,8.684456314686459,7.970116684317265,8.453693272717565,8.453693272717565,8.420858361903655,8.614718490083002,8.614718490083002,7.786770815544381,8.46016115921375,8.46016115921375,8.445081768808974,8.560061628185323,8.560061628185323,7.533966532495988,8.372905552063935,7.533966532495988,0.9707872369326651,8.833802434010117
S30N:I52S:T57S:S77N:S84N,S30N:I52S:T57S:S77N:S84N,5,8.320603381935891,8.374246254620148,8.374246254620148,8.320603381935891,8.374246254620148,8.374246254620148,8.398792153504855,8.610875664480236,8.610875664480236,7.680995031813433,8.31887933370779,8.31887933370779,8.322578827278528,8.563644548059502,8.563644548059502,7.127407586201889,8.172080302024227,8.172080302024227,8.292770711693256,8.49712661340847,8.49712661340847,7.290413194148501,8.258509620876954,7.290413194148501,0.5133723607286811,8.903104457668396
S31N:N59A:S77N:R87T:Y95F,S31N:N59A:S77N:R87T:Y95F,5,7.976117947663527,8.192881596399952,8.192881596399952,7.976117947663527,8.192881596399952,8.192881596399952,7.773690601523297,8.211569892773804,8.211569892773804,7.214339352824064,7.814973187140686,7.814973187140686,7.82230760036155,8.215508226538372,8.215508226538372,6.995014308524615,7.842081504463691,7.842081504463691,7.864647231735867,8.22445230539308,8.22445230539308,6.985353572133878,7.9208443049151995,6.985353572133878,0.06212441413663328,8.729177071161425
S31N:I52S:T71S:T76S:R87T,S31N:I52S:T71S:T76S:R87T,5,8.807415728944456,8.904397473344034,8.904397473344034,8.807415728944456,8.904397473344034,8.904397473344034,8.577141843089501,8.677641237408912,8.677641237408912,8.13665489742093,8.72004655158979,8.72004655158979,8.413727222692417,8.588217396397441,8.588217396397441,7.897411049367751,8.642584638227268,8.642584638227268,8.483527692222784,8.593883181510979,8.593883181510979,7.617090243525029,8.509885596920615,7.617090243525029,0.446288846898824,8.804354314163893
F29S:S31N:I52S:T57S:R87T,F29S:S31N:I52S:T57S:R87T,5,8.326007926852055,8.54297807732832,8.54297807732832,8.326007926852055,8.54297807732832,8.54297807732832,8.182365086421225,8.496789181112508,8.496789181112508,7.672289278328487,8.294728104710746,8.294728104710746,8.067489294976182,8.393153288064129,8.393153288064129,6.994070980323242,7.95891678758868,7.95891678758868,8.127442566165652,8.480498882611291,8.480498882611291,7.312409291128219,8.346186403625717,7.312409291128219,0.7695448403246701,8.809430701352834
S31N:A58T:T71S:S84N:Y106S,S31N:A58T:T71S:S84N:Y106S,5,8.052023048748207,8.199730215633743,8.199730215633743,8.052023048748207,8.199730215633743,8.199730215633743,7.907348883306722,8.245881505658131,8.245881505658131,7.824196897713961,8.326684028336516,8.326684028336516,7.824196972047755,8.253439031557992,8.253439031557992,7.204723233030316,7.975671441533074,7.975671441533074,7.909754871976554,8.3084090363486,8.3084090363486,7.057926805319897,7.946791804078705,7.057926805319897,0.349453785456717,8.883006342438232
A58T:N59A:K74I:T76S,A58T:N59A:K74I:T76S,4,8.434145921539399,8.581661183081604,8.581661183081604,8.434145921539399,8.581661183081604,8.581661183081604,8.386696591893278,8.632461617297363,8.632461617297363,8.479343323172346,8.793408563083357,8.793408563083357,8.438490754555582,8.65843170939949,8.65843170939949,8.321356278862426,9.033565763474867,9.033565763474867,8.454845279580617,8.63284471034791,8.63284471034791,8.136133347187638,9.087424261615055,8.136133347187638,0.6070345174521208,8.84897054774237
S31N:N59A:T76S:R87T:Y106S,S31N:N59A:T76S:R87T:Y106S,5,8.133170474082938,8.397970383440766,8.397970383440766,8.133170474082938,8.397970383440766,8.397970383440766,7.981924807274315,8.392181491628536,8.392181491628536,7.636260590785396,8.208218222474937,8.208218222474937,7.897298091436982,8.32830842944692,8.32830842944692,7.6183676868065575,8.330326162997153,8.330326162997153,7.9216319217279585,8.337484986299664,8.337484986299664,7.122075582084779,8.12780866589214,7.122075582084779,0.5019924715161324,8.74525688351044
S31N:I52S:T71S:S77N:R87T,S31N:I52S:T71S:S77N:R87T,5,8.58051117576805,8.64967371789873,8.64967371789873,8.58051117576805,8.64967371789873,8.64967371789873,8.481164682879076,8.622612805272373,8.622612805272373,7.7170110614516245,8.29844194065273,8.29844194065273,8.49194816502689,8.668009259181737,8.668009259181737,7.26543670532819,8.154834932884174,8.154834932884174,8.45697113160051,8.548378352991504,8.548378352991504,7.454429174296171,8.340920789576566,7.454429174296171,0.7502748921979219,8.924970046017913
S30N:T71S:T76S:S84N,S30N:T71S:T76S:S84N,4,8.21467754037333,8.319665850743732,8.319665850743732,8.21467754037333,8.319665850743732,8.319665850743732,8.158612558589429,8.335955920666278,8.335955920666278,8.02741856991638,8.561143639799331,8.561143639799331,8.215247194316513,8.514942408822558,8.514942408822558,7.768217804256067,8.584688350524925,8.584688350524925,8.283067447993568,8.561374393664549,8.561374393664549,7.814917231420856,8.579315088606643,7.814917231420856,0.5714900339953601,8.363876315636306
S30N:S31N:I52S:R87T:Y106S,S30N:S31N:I52S:R87T:Y106S,5,8.752947466648804,8.822012177798944,8.822012177798944,8.752947466648804,8.822012177798944,8.822012177798944,8.481620962501818,8.673810284980254,8.673810284980254,7.860911737873463,8.463722509504358,8.463722509504358,8.247036990888155,8.496187290533456,8.496187290533456,7.834957410274685,8.582456885966163,8.582456885966163,8.263677175431608,8.443680827265329,8.443680827265329,7.469207094721593,8.314506840027285,7.469207094721593,0.2516306471079588,8.852655288752324
S30N:S31N:N59A:R87T:Y106S,S30N:S31N:N59A:R87T:Y106S,5,7.9642498524472165,8.198826260248222,8.198826260248222,7.9642498524472165,8.198826260248222,8.198826260248222,7.784698774994069,8.207916019308026,8.207916019308026,7.475961288317825,8.04610960979675,8.04610960979675,7.726439240074874,8.225461470073329,8.225461470073329,7.515362309487313,8.226657532281195,8.226657532281195,7.852691275526763,8.277527544831779,8.277527544831779,7.074857191050551,8.010974104722155,7.074857191050551,0.35556207736954093,8.834806365594948
S31N:A58T:T71S:R87T:Y95F,S31N:A58T:T71S:R87T:Y95F,5,8.089498782489962,8.23489937148732,8.23489937148732,8.089498782489962,8.23489937148732,8.23489937148732,7.9892668441895225,8.295364837521143,8.295364837521143,7.5760457565783375,8.096237469935135,8.096237469935135,7.90059618207607,8.298944579847399,8.298944579847399,7.608530587388586,8.27206731627798,8.27206731627798,7.923612421084263,8.318697574450704,8.318697574450704,7.12414335483953,8.091939920895992,7.12414335483953,0.35679274378344417,8.851558367151164
S30N:S31N:I52S:S84N:Y95F,S30N:S31N:I52S:S84N:Y95F,5,8.788723485099569,8.771430456213736,8.771430456213736,8.788723485099569,8.771430456213736,8.771430456213736,8.418902139382459,8.612371340575892,8.612371340575892,7.900129364392514,8.516231707851125,8.516231707851125,8.315409822259491,8.557528299830974,8.557528299830974,7.456912718122656,8.382791758056165,8.382791758056165,8.421026188818523,8.545893025532795,8.545893025532795,7.481015992207025,8.31241702811231,7.481015992207025,0.4493293878622353,8.645418318591938
T57S:T76S:S77N:R87T,T57S:T76S:S77N:R87T,4,8.389982963934957,8.591668937585018,8.591668937585018,8.389982963934957,8.591668937585018,8.591668937585018,8.280181809257183,8.511182283986265,8.511182283986265,7.996355366040637,8.653399527699486,8.653399527699486,8.286633018826638,8.640531835945337,8.640531835945337,7.869289660934037,8.765707888096038,8.765707888096038,8.252872537407171,8.623225801280919,8.623225801280919,7.803308968773202,8.867189506237333,7.803308968773202,0.34224260062910616,8.941860191107768
S31N:T57S:N59A:T71S:R87T,S31N:T57S:N59A:T71S:R87T,5,8.041272633158272,8.354824630948006,8.354824630948006,8.041272633158272,8.354824630948006,8.354824630948006,7.924406995722283,8.369245057640343,8.369245057640343,7.638187998257831,8.240596619440645,8.240596619440645,7.852383291840811,8.308041031762055,8.308041031762055,7.610061341956751,8.341484426408178,8.341484426408178,7.93824874974835,8.362196220867183,8.362196220867183,7.04577002626734,8.08604772322217,7.04577002626734,0.8775504271034151,8.602502502380334
F29S:T76S:S77N:S84N:Y95F,F29S:T76S:S77N:S84N:Y95F,5,7.603593816061136,7.766755891339127,7.766755891339127,7.603593816061136,7.766755891339127,7.766755891339127,7.241876506547447,7.682218298940335,7.682218298940335,6.801151782455139,7.657588640412911,7.657588640412911,7.236585374441758,7.713107559974283,7.713107559974283,5.886896965984269,7.289003134418691,7.289003134418691,7.334673051660487,7.836555872376206,7.836555872376206,6.5840775930403055,7.655628410180187,6.5840775930403055,0.045030630426481366,8.731249200817073
S31N:I52S:T71S:Y106S,S31N:I52S:T71S:Y106S,4,8.67881892623461,8.74452134869427,8.74452134869427,8.67881892623461,8.74452134869427,8.74452134869427,8.558545587368398,8.571300085135,8.571300085135,8.41607424419438,8.927011114529021,8.927011114529021,8.459128941162657,8.568599988740694,8.568599988740694,8.351161118319917,8.9717914769533,8.9717914769533,8.448080894768626,8.593042284955855,8.593042284955855,8.072648419073703,8.925003081896275,8.072648419073703,0.6125923101790249,9.091873389463082
F29S:S30N:T57S:T71S,F29S:S30N:T57S:T71S,4,7.63851284812125,7.805539816548282,7.805539816548282,7.63851284812125,7.805539816548282,7.805539816548282,7.624271306693027,7.876163008727524,7.876163008727524,7.720382111993957,8.007128736492094,8.007128736492094,7.6966743836584435,7.974510055198092,7.974510055198092,7.382132317360211,8.037928617882162,8.037928617882162,7.730186876426167,8.253415902562404,8.253415902562404,7.4854526879581105,8.252669251228085,7.4854526879581105,0.22726018400862813,8.876479433466848
T71S:T76S:S77N:S84N:Y95F,T71S:T76S:S77N:S84N:Y95F,5,8.102206488244105,8.25146893434524,8.25146893434524,8.102206488244105,8.25146893434524,8.25146893434524,7.9491827031253495,8.25883285323867,8.25883285323867,7.376652868464056,8.08492659988917,8.08492659988917,7.927712432071835,8.265710728290104,8.265710728290104,6.878900818391853,7.8935717057640025,7.8935717057640025,8.016935320824906,8.327638048197837,8.327638048197837,7.111069613043595,8.011322664990095,7.111069613043595,0.3193328585475683,8.68937513708251
S30N:T57S:T71S:R87T:Y95F,S30N:T57S:T71S:R87T:Y95F,5,7.844568120293753,7.998353876233086,7.998353876233086,7.844568120293753,7.998353876233086,7.998353876233086,8.001256252024875,8.302084528064562,8.302084528064562,7.4615349716830695,7.899261807564115,7.899261807564115,8.004081821334461,8.324374957846048,8.324374957846048,7.6403582626707,8.247328570329678,8.247328570329678,7.995086708389988,8.349381351148134,8.349381351148134,7.18424734610665,8.086812917166268,7.18424734610665,0.7478398201055825,8.85511314294155
T57S:S77N:S84N:R87T:Y106S,T57S:S77N:S84N:R87T:Y106S,5,8.15453828580782,8.297579117723915,8.297579117723915,8.15453828580782,8.297579117723915,8.297579117723915,8.003350176909892,8.296955305432567,8.296955305432567,7.4774602987676015,8.190372732474373,8.190372732474373,7.981767613242464,8.356309232123996,8.356309232123996,6.8786530278600715,7.891297723532496,7.891297723532496,7.8630957685167004,8.30970960181483,8.30970960181483,6.982920934041402,8.056358653547699,6.982920934041402,0.6677746691275388,8.65773707699321
S31N:N59A:T71S:Y106S,S31N:N59A:T71S:Y106S,4,8.168950637160123,8.517961502224543,8.517961502224543,8.168950637160123,8.517961502224543,8.517961502224543,8.075399421956746,8.527194957743117,8.527194957743117,8.113698300612596,8.689111962316652,8.689111962316652,8.087923520382553,8.5341932797952,8.5341932797952,8.0918778833077,8.776212784627651,8.776212784627651,8.093478698478691,8.603491638819824,8.603491638819824,7.717743518243756,8.845077440306254,7.717743518243756,0.6112268725410104,8.94099805753836
S31N:N59A:T71S:S84N,S31N:N59A:T71S:S84N,4,8.080281283386366,8.311294319894735,8.311294319894735,8.080281283386366,8.311294319894735,8.311294319894735,8.089280552860867,8.603823396562683,8.603823396562683,7.981197246727019,8.528761209199336,8.528761209199336,8.020140909335163,8.580475564460757,8.580475564460757,7.618038452680595,8.52492342940553,8.52492342940553,8.08160968058851,8.614801456752156,8.614801456752156,7.633114004261927,8.468706928812123,7.633114004261927,0.37548276456072927,8.761877491136762
S30N:S31N:T57S:S77N:S84N,S30N:S31N:T57S:S77N:S84N,5,8.24916432470322,8.358739105417865,8.358739105417865,8.24916432470322,8.358739105417865,8.358739105417865,8.274714256558553,8.53229326436104,8.53229326436104,7.693907981857269,8.298560238498384,8.298560238498384,8.139075411370195,8.489426111618158,8.489426111618158,7.061160964511196,7.9828355826686295,7.9828355826686295,8.150042692391128,8.449136477060218,8.449136477060218,7.24438210169394,8.095582522853178,7.24438210169394,0.4319159733131528,8.861769186633582
S31N:I52S:T57S:S84N:Y106S,S31N:I52S:T57S:S84N:Y106S,5,8.683880165570635,8.747258092188533,8.747258092188533,8.683880165570635,8.747258092188533,8.747258092188533,8.519409512159521,8.704431863190372,8.704431863190372,7.969056329772178,8.624983651327158,8.624983651327158,8.285254509605466,8.540666635835564,8.540666635835564,7.667087780305424,8.579470786017389,8.579470786017389,8.26151292520103,8.49693664100542,8.49693664100542,7.501895341224865,8.415983733901188,7.501895341224865,0.479915160452947,8.743748921654015
S30N:A58T:K74I:T76S:Y95F,S30N:A58T:K74I:T76S:Y95F,5,8.454663597473354,8.53370455954365,8.53370455954365,8.454663597473354,8.53370455954365,8.53370455954365,8.380860913061163,8.639205770347548,8.639205770347548,7.79936817733971,8.274454454781104,8.274454454781104,8.465136421829111,8.722292995093058,8.722292995093058,7.836418724135642,8.489670177019127,8.489670177019127,8.49099518952399,8.689939732020045,8.689939732020045,7.73192239540055,8.5712414391976,7.73192239540055,0.4140237863175571,8.806200230015166
S31N:N59A:Y95F:Y106S,S31N:N59A:Y95F:Y106S,4,8.267209563567155,8.540221809224485,8.540221809224485,8.267209563567155,8.540221809224485,8.540221809224485,8.129944151544294,8.539392453485531,8.539392453485531,8.14517996485619,8.63554386276976,8.63554386276976,8.122783447687727,8.709151927090089,8.709151927090089,8.221506320451557,8.935401997367322,8.935401997367322,8.143177887271296,8.63574956572304,8.63574956572304,7.856435065890934,8.916195256602222,7.856435065890934,0.23474920075386763,8.719704417458805
F29S:T57S:K74I:S84N:R87T,F29S:T57S:K74I:S84N:R87T,5,8.324753689301318,8.422245363390937,8.422245363390937,8.324753689301318,8.422245363390937,8.422245363390937,8.099984537246709,8.384162064744752,8.384162064744752,7.6824400831534865,8.326385007575063,8.326385007575063,8.209878211681747,8.459343250528768,8.459343250528768,6.801673964053844,7.949135523658239,7.949135523658239,8.326317174780906,8.545677653925663,8.545677653925663,7.5162118712317,8.45702326135054,7.5162118712317,0.9934085444547236,9.004275183870636
S31N:N59A:S84N:R87T:Y95F,S31N:N59A:S84N:R87T:Y95F,5,8.117723464806234,8.283719470690363,8.283719470690363,8.117723464806234,8.283719470690363,8.283719470690363,7.889185043259237,8.326035496696848,8.326035496696848,7.482210041230945,8.057609444787913,8.057609444787913,7.795754362139586,8.239081961733524,8.239081961733524,6.983928503305713,7.881393755672642,7.881393755672642,7.9119823478947975,8.322390455501974,8.322390455501974,7.006553643279926,7.919234987615417,7.006553643279926,0.8150086647365242,8.71145296184567
S30N:I52S:T71S:S84N:R87T,S30N:I52S:T71S:S84N:R87T,5,8.436146019209128,8.5573709360939,8.5573709360939,8.436146019209128,8.5573709360939,8.5573709360939,8.302544368311624,8.53234337077426,8.53234337077426,7.797564037463788,8.377495568492437,8.377495568492437,8.221129212815237,8.4820973474404,8.4820973474404,7.180717904097055,8.156507441575021,8.156507441575021,8.264692776396682,8.457295866336851,8.457295866336851,7.321764767904896,8.226764816070025,7.321764767904896,0.06060130847617984,8.886772176228918
S30N:T76S:S77N:Y95F,S30N:T76S:S77N:Y95F,4,8.274247560086376,8.437229999854072,8.437229999854072,8.274247560086376,8.437229999854072,8.437229999854072,8.225101441461518,8.494140070189601,8.494140070189601,7.916684208527247,8.55674907753956,8.55674907753956,8.231860557659354,8.522954590326144,8.522954590326144,7.861161531217223,8.660247012972786,8.660247012972786,8.258124774202061,8.545918068367536,8.545918068367536,7.851802820385883,8.81382458610778,7.851802820385883,0.2089930404908955,8.913319286213813
F29S:S31N:T76S:R87T,F29S:S31N:T76S:R87T,4,7.883519364336787,8.157681439119303,8.157681439119303,7.883519364336787,8.157681439119303,8.157681439119303,7.78206836079908,8.371133454438692,8.371133454438692,7.723621939991281,8.313934253878141,8.313934253878141,7.748017724002297,8.373496656145647,8.373496656145647,7.386553174232032,8.224810788710819,8.224810788710819,7.788034192441273,8.526997560967457,8.526997560967457,7.629578889065066,8.6890442847594,7.629578889065066,0.22071539564058185,8.925056969955955
S30N:S31N:A58T:R87T:Y106S,S30N:S31N:A58T:R87T:Y106S,5,7.964570697752768,8.124029327783877,8.124029327783877,7.964570697752768,8.124029327783877,8.124029327783877,7.893365611334519,8.215259052447943,8.215259052447943,7.598590512774917,8.046755764153962,8.046755764153962,7.852861754906941,8.251891529391102,8.251891529391102,7.551553959770811,8.20320283685359,8.20320283685359,7.941188114685104,8.342645576904143,8.342645576904143,7.125483011234478,8.096840085448665,7.125483011234478,0.47082708147354424,8.706651059730873
S30N:A58T:K74I:Y106S,S30N:A58T:K74I:Y106S,4,8.523244012314677,8.536812881929283,8.536812881929283,8.523244012314677,8.536812881929283,8.536812881929283,8.458888010510325,8.626967451185084,8.626967451185084,8.602053359898033,8.94655119542039,8.94655119542039,8.534401516063433,8.680140009848971,8.680140009848971,8.33697277224421,8.95496636775199,8.95496636775199,8.59801290556228,8.754023617666734,8.754023617666734,8.230047707120946,9.084198334854388,8.230047707120946,0.3300788882188499,8.383753167007036
A58T:T71S:S84N:R87T,A58T:T71S:S84N:R87T,4,8.087531236583063,8.315917946016796,8.315917946016796,8.087531236583063,8.315917946016796,8.315917946016796,7.958198133229674,8.512433733052855,8.512433733052855,7.911906263918673,8.432661221902906,8.432661221902906,8.033282251900047,8.517184060344766,8.517184060344766,7.527904830950886,8.47874550509162,8.47874550509162,8.114943877951188,8.581348317452306,8.581348317452306,7.613628086759633,8.665632217443193,7.613628086759633,0.18515773699618876,9.09538956752919
A58T:N59A:T71S:K74I:S84N,A58T:N59A:T71S:K74I:S84N,5,8.324488475205179,8.427272349260324,8.427272349260324,8.324488475205179,8.427272349260324,8.427272349260324,8.105097276690994,8.341429249447794,8.341429249447794,8.159219331997912,8.497316596808783,8.497316596808783,8.129650516650067,8.409069926565698,8.409069926565698,7.158897096075724,7.910111214147088,7.910111214147088,8.269352325278918,8.486228618636797,8.486228618636797,7.367165112818487,8.131042166301494,7.367165112818487,0.03188761183992028,8.427474200738882
A58T:N59A:K74I:S84N,A58T:N59A:K74I:S84N,4,8.474728750778507,8.526517052339338,8.526517052339338,8.474728750778507,8.526517052339338,8.526517052339338,8.36753196892005,8.583570672907898,8.583570672907898,8.485323198114894,8.795320339114937,8.795320339114937,8.369972167227749,8.61422997306012,8.61422997306012,7.817756549074082,8.58009126756534,8.58009126756534,8.43956927003013,8.579779477980688,8.579779477980688,7.997298749843224,8.700148216649064,7.997298749843224,0.9968554272782058,8.396927501011739
F29S:S30N:I52S:S84N:Y95F,F29S:S30N:I52S:S84N:Y95F,5,8.269309175221615,8.292735215576386,8.292735215576386,8.269309175221615,8.292735215576386,8.292735215576386,7.77808329497619,8.044331330604406,8.044331330604406,7.3991009474873,8.090168898281894,8.090168898281894,7.82934271005934,8.13211212734401,8.13211212734401,6.534852995873057,7.733803741276919,7.733803741276919,7.960497029479459,8.28508763045781,8.28508763045781,7.041170410134963,8.01440901436185,7.041170410134963,0.11027185362763703,8.765387591282067
F29S:I52S:S77N:S84N,F29S:I52S:S77N:S84N,4,8.366048758617296,8.554103539412742,8.554103539412742,8.366048758617296,8.554103539412742,8.554103539412742,8.324951085269678,8.760168271430217,8.760168271430217,8.215615715337032,9.137263455031855,9.137263455031855,8.29525797462505,8.707060662944638,8.707060662944638,7.595608543277418,9.327435473976895,9.327435473976895,8.377790543166318,8.72801142099638,8.72801142099638,7.693425391853825,9.077884069185737,7.693425391853825,0.7490435189101845,8.735623398876694
F29S:I52S:S77N:S84N:Y95F,F29S:I52S:S77N:S84N:Y95F,5,8.153136133108962,8.254950768530316,8.254950768530316,8.153136133108962,8.254950768530316,8.254950768530316,7.868653070481547,8.193894626791248,8.193894626791248,7.259597673204389,8.047867086556971,8.047867086556971,7.94542763369045,8.283294402783742,8.283294402783742,6.26689005193983,7.665461818853654,7.665461818853654,8.04113776440308,8.414667017294956,8.414667017294956,6.909425833035512,7.958128779037631,6.909425833035512,0.8070539878681302,8.592346064505053
F29S:S31N:I52S:A58T,F29S:S31N:I52S:A58T,4,8.52933693202242,8.656008313702396,8.656008313702396,8.52933693202242,8.656008313702396,8.656008313702396,8.496841396808614,8.951202210075701,8.951202210075701,8.212007034303618,8.926471041753528,8.926471041753528,8.294765695697278,8.93358853584118,8.93358853584118,7.680593688698387,9.017084787815424,9.017084787815424,8.385156836751433,8.894907773483864,8.894907773483864,7.968033102956479,9.012400487265229,7.968033102956479,0.8029063390567899,8.289204313515274
S30N:S31N:T57S:N59A:T76S,S30N:S31N:T57S:N59A:T76S,5,7.701691426989991,8.027499545523478,8.027499545523478,7.701691426989991,8.027499545523478,8.027499545523478,7.638894181147916,8.024817508876254,8.024817508876254,7.220904968879842,7.815429284199739,7.815429284199739,7.689794118337369,8.128316161816073,8.128316161816073,7.567261402320545,8.241164365820802,8.241164365820802,7.850216590540025,8.241273240548896,8.241273240548896,7.107448449101377,8.024204668613416,7.107448449101377,0.41364117595367134,8.698339623196565
T57S:A58T:K74I:S77N:Y95F,T57S:A58T:K74I:S77N:Y95F,5,8.563174675459555,8.567688864318162,8.567688864318162,8.563174675459555,8.567688864318162,8.567688864318162,8.374530571851011,8.535791300138536,8.535791300138536,7.975703693141597,8.43963229947616,8.43963229947616,8.335783394453696,8.47199961676703,8.47199961676703,7.609623163039005,8.382351692810039,8.382351692810039,8.344394160681713,8.489099336502095,8.489099336502095,7.647203059990722,8.480873851499664,7.647203059990722,0.6030100602656603,8.86336898480283
S30N:S31N:I52S:T76S:R87T,S30N:S31N:I52S:T76S:R87T,5,8.874772328461274,8.965738338651551,8.965738338651551,8.874772328461274,8.965738338651551,8.965738338651551,8.553789917525137,8.73991783714718,8.73991783714718,7.865168104579126,8.471800939423108,8.471800939423108,8.421533602383255,8.587165483529933,8.587165483529933,7.781128117908371,8.555850604034948,8.555850604034948,8.498272595250985,8.616777025374564,8.616777025374564,7.564497432903035,8.405870214965327,7.564497432903035,0.5961913370992988,8.7535729709648
S31N:N59A:T76S:S84N:R87T,S31N:N59A:T76S:S84N:R87T,5,8.27815937836488,8.511082113184864,8.511082113184864,8.27815937836488,8.511082113184864,8.511082113184864,8.026404815292652,8.426260680883976,8.426260680883976,7.546991772711337,8.174215903549955,8.174215903549955,7.892655797470384,8.363826605274063,8.363826605274063,7.0404565439930025,7.929559966070448,7.929559966070448,7.947525044688007,8.362845881143837,8.362845881143837,7.057342393183408,7.988093776927126,7.057342393183408,0.37897304678335786,8.660901938334256
S30N:S31N:I52S:T71S:T76S,S30N:S31N:I52S:T71S:T76S,5,8.505741510607296,8.55586063483367,8.55586063483367,8.505741510607296,8.55586063483367,8.55586063483367,8.390415981372467,8.511628043644528,8.511628043644528,7.879592923204859,8.404980916109304,8.404980916109304,8.357117429770163,8.558024037807497,8.558024037807497,7.83620141002052,8.503815610840988,8.503815610840988,8.455891390852889,8.542941653808745,8.542941653808745,7.55791003185625,8.419427987233496,7.55791003185625,0.05509855994023383,8.82152623939396
S31N:I52S:T57S:T76S:Y95F,S31N:I52S:T57S:T76S:Y95F,5,8.658022727937784,8.720633955719496,8.720633955719496,8.658022727937784,8.720633955719496,8.720633955719496,8.509152654629357,8.675395110957448,8.675395110957448,7.904653870175611,8.458650952253114,8.458650952253114,8.385012521957972,8.586255017024927,8.586255017024927,8.068288704273545,8.74634817989636,8.74634817989636,8.465291601756824,8.616558680999026,8.616558680999026,7.697559172071614,8.585154369289342,7.697559172071614,0.2768405429087579,8.497244875493717
F29S:S30N:I52S:A58T:R87T,F29S:S30N:I52S:A58T:R87T,5,8.145122259520003,8.316280301959885,8.316280301959885,8.145122259520003,8.316280301959885,8.316280301959885,7.8415619255898825,8.201880793428359,8.201880793428359,7.5879755095795325,8.139826298947755,8.139826298947755,8.017376241374837,8.425620337916655,8.425620337916655,6.757217868664262,7.768379759220643,7.768379759220643,8.071964119796727,8.457534848359732,8.457534848359732,7.1462705027823,8.172728938747651,7.1462705027823,0.2909829430282116,8.751033666174862
S31N:T57S:N59A:S84N,S31N:T57S:N59A:S84N,4,8.176320264132512,8.442188046638474,8.442188046638474,8.176320264132512,8.442188046638474,8.442188046638474,8.207049043700355,8.565648618572823,8.565648618572823,8.01518133217197,8.583144964523084,8.583144964523084,8.047644999137686,8.549079985840013,8.549079985840013,7.711344950228155,8.583371577726478,8.583371577726478,8.08655429993722,8.547296101386703,8.547296101386703,7.677391622693411,8.508637739215668,7.677391622693411,0.9671799610368907,8.806342838551867
F29S:N59A:K74I:T76S:R87T,F29S:N59A:K74I:T76S:R87T,5,7.984620367472501,8.142421666001441,8.142421666001441,7.984620367472501,8.142421666001441,8.142421666001441,7.718668076810991,8.13658211444507,8.13658211444507,7.552479548156306,8.052656808380076,8.052656808380076,7.94268384393802,8.313402107679382,8.313402107679382,6.681367601734506,7.589912283545748,7.589912283545748,7.981878496714929,8.381989329934079,8.381989329934079,7.319573265946117,8.240185550375857,7.319573265946117,0.9344528291840106,8.86544531217971
F29S:I52S:S84N:R87T:Y95F,F29S:I52S:S84N:R87T:Y95F,5,8.173391982209203,8.21499677294455,8.21499677294455,8.173391982209203,8.21499677294455,8.21499677294455,7.71080929111294,8.016325099999154,8.016325099999154,7.376220776338085,8.016311489293988,8.016311489293988,7.858719919755963,8.12948708426938,8.12948708426938,6.40135212359246,7.63773230208641,7.63773230208641,7.9045473556864,8.208196588726278,8.208196588726278,6.953891984088123,7.933102250062291,6.953891984088123,0.9361732876859605,8.650776184277309
A58T:N59A:K74I:S84N:R87T,A58T:N59A:K74I:S84N:R87T,5,8.241003797329691,8.351122745889345,8.351122745889345,8.241003797329691,8.351122745889345,8.351122745889345,8.02767159418194,8.321211859621522,8.321211859621522,7.835400989001136,8.267806787860874,8.267806787860874,8.164999730391932,8.429465429930682,8.429465429930682,6.955932144810355,7.819943728090318,7.819943728090318,8.270239225458448,8.509860988062217,8.509860988062217,7.336249899999839,8.149975701145625,7.336249899999839,0.9372772187925875,8.64114226352191
S77N:R87T:Y95F:Y106S,S77N:R87T:Y95F:Y106S,4,8.332109287573532,8.462243220581687,8.462243220581687,8.332109287573532,8.462243220581687,8.462243220581687,8.243406419858553,8.630203719089286,8.630203719089286,8.063738731789273,8.90605015095861,8.90605015095861,8.24213279858074,8.58806577774653,8.58806577774653,7.792591968321092,8.833488363425342,8.833488363425342,8.16031005241206,8.495979215322695,8.495979215322695,7.737919673385375,8.8899290581211,7.737919673385375,0.16110413894057274,8.828531264223823
T57S:T71S:S77N:R87T:Y106S,T57S:T71S:S77N:R87T:Y106S,5,7.940278827606728,8.185183402102178,8.185183402102178,7.940278827606728,8.185183402102178,8.185183402102178,7.866773758972678,8.265634105306574,8.265634105306574,7.387851466926004,8.011347749032373,8.011347749032373,7.934956489433818,8.391351245496207,8.391351245496207,7.03558066245662,7.863365080525274,7.863365080525274,7.851424912724881,8.324103074147574,8.324103074147574,6.971874885345005,7.936484509364534,6.971874885345005,0.7225454619619995,8.667297752452626
I52S:T71S:S84N:Y95F,I52S:T71S:S84N:Y95F,4,8.478661768674167,8.443395507055662,8.443395507055662,8.478661768674167,8.443395507055662,8.443395507055662,8.408013457754153,8.573859369184863,8.573859369184863,8.300655751433808,8.747933132976778,8.747933132976778,8.471060135073143,8.640873813523221,8.640873813523221,7.976062236808043,8.839978192008052,8.839978192008052,8.52534067584282,8.677971377907658,8.677971377907658,8.031095230238126,8.760727789694126,8.031095230238126,0.49781938176602125,8.870498810518496
F29S:T57S:A58T:K74I:T76S,F29S:T57S:A58T:K74I:T76S,5,7.764111384186639,7.783251027347491,7.783251027347491,7.764111384186639,7.783251027347491,7.783251027347491,7.708078605005314,8.003716425067598,8.003716425067598,7.505315009373218,7.835916948691975,7.835916948691975,7.8007492189633245,8.034296037835263,8.034296037835263,6.9403758808031455,7.697565296557274,7.697565296557274,7.855098252866919,8.07472932584068,8.07472932584068,7.411018093444799,8.242341939709146,7.411018093444799,0.5160181312821805,8.727320136938996
S31N:I52S:Y95F:Y106S,S31N:I52S:Y95F:Y106S,4,8.794236541310289,8.815216103542744,8.815216103542744,8.794236541310289,8.815216103542744,8.815216103542744,8.533959598340711,8.723212026496636,8.723212026496636,8.372235003562162,8.91219731564828,8.91219731564828,8.483391097971053,8.702149938332623,8.702149938332623,8.429375596074705,9.117759724018754,9.117759724018754,8.507727257943408,8.664880405448715,8.664880405448715,8.151534952837402,9.017539386495061,8.151534952837402,0.27475932193920016,8.77413978795181
S31N:A58T:T71S:Y106S,S31N:A58T:T71S:Y106S,4,8.324219241358334,8.539152147186968,8.539152147186968,8.324219241358334,8.539152147186968,8.539152147186968,8.244185321410054,8.556391718563841,8.556391718563841,8.311573599273725,8.827329958022345,8.827329958022345,8.18063668538022,8.613862959798883,8.613862959798883,8.125216222674615,8.859411846499137,8.859411846499137,8.213431477236435,8.619323732923483,8.619323732923483,7.76863822078034,8.987830862969483,7.76863822078034,0.5570302249398082,9.041715079528338
I52S:T57S:N59A:T76S,I52S:T57S:N59A:T76S,4,8.193466561025799,8.37284672840955,8.37284672840955,8.193466561025799,8.37284672840955,8.37284672840955,8.24215770622461,8.567918217411261,8.567918217411261,8.146981653592617,8.631617335474042,8.631617335474042,8.314305385082971,8.715060091015108,8.715060091015108,8.222752368096568,8.917885053385262,8.917885053385262,8.31742989382296,8.676248664763497,8.676248664763497,8.021427616197935,8.849882540084835,8.021427616197935,0.19305512052960694,8.528041856582533
T57S:A58T:S77N:R87T:Y95F,T57S:A58T:S77N:R87T:Y95F,5,7.856645162345774,8.000587850005594,8.000587850005594,7.856645162345774,8.000587850005594,8.000587850005594,7.677163459302192,7.952783441398403,7.952783441398403,7.242465070372532,7.7523322551155065,7.7523322551155065,7.696549143590815,7.979404703301368,7.979404703301368,7.060332566743131,7.8965792005740445,7.8965792005740445,7.640973468855898,7.956057682454163,7.956057682454163,6.954297326117199,7.850984155502539,6.954297326117199,0.8989759515970945,8.848287926279209
I52S:T57S:T71S:S77N:Y95F,I52S:T57S:T71S:S77N:Y95F,5,8.080397029077764,8.158896506286991,8.158896506286991,8.080397029077764,8.158896506286991,8.158896506286991,8.105749685782895,8.319038039545003,8.319038039545003,7.455533843546659,8.032468972869072,8.032468972869072,8.304787943912261,8.52965542878488,8.52965542878488,7.329335362792224,8.098258846449715,8.098258846449715,8.309169516529288,8.483031673382271,8.483031673382271,7.401491730032134,8.22324884038597,7.401491730032134,0.007334785768762231,8.835820232640003
T57S:S77N:R87T:Y106S,T57S:S77N:R87T:Y106S,4,8.299232629409362,8.428882889569294,8.428882889569294,8.299232629409362,8.428882889569294,8.428882889569294,8.266727283028505,8.557202196297311,8.557202196297311,7.9978411455245615,8.650123374028524,8.650123374028524,8.298955079805278,8.635602434744202,8.635602434744202,7.768511732890264,8.602582207673608,8.602582207673608,8.194995488848493,8.638994322241142,8.638994322241142,7.741169678435009,8.800830054254883,7.741169678435009,0.4615317154675722,8.981880211271289
S30N:T57S:T71S:T76S,S30N:T57S:T71S:T76S,4,7.958814463021071,8.139637404142722,8.139637404142722,7.958814463021071,8.139637404142722,8.139637404142722,8.102814192909396,8.376777161691306,8.376777161691306,7.929612554267267,8.350960800084987,8.350960800084987,8.214512215366009,8.677870022681237,8.677870022681237,8.10328801461522,8.719325162622141,8.719325162622141,8.301120479444313,8.73428339309432,8.73428339309432,7.853967647384594,8.777079403440577,7.853967647384594,0.9130574222654104,8.960801188037014
S30N:A58T:K74I:R87T,S30N:A58T:K74I:R87T,4,8.432565466911278,8.5170721420192,8.5170721420192,8.432565466911278,8.5170721420192,8.5170721420192,8.52495873763771,8.712562933996104,8.712562933996104,8.366266420094925,8.723105989961866,8.723105989961866,8.679217869102692,8.785150613717365,8.785150613717365,8.212816527043017,8.856571066268828,8.856571066268828,8.720654539248311,8.784204142117643,8.784204142117643,8.319035084431949,9.179994026728972,8.319035084431949,0.6080362172797322,8.642293353200472
T76S:S77N:R87T:Y95F,T76S:S77N:R87T:Y95F,4,8.534303859719952,8.641032419278828,8.641032419278828,8.534303859719952,8.641032419278828,8.641032419278828,8.336350947493163,8.542732161482377,8.542732161482377,8.060130485378094,8.716736877293288,8.716736877293288,8.291675803149724,8.545869265143654,8.545869265143654,7.857695284176006,8.75529403545423,8.75529403545423,8.238323429954947,8.508459085614032,8.508459085614032,7.805800876938236,8.794261704274506,7.805800876938236,0.361222026636824,8.637801316997443
S30N:N59A:T71S:T76S:S84N,S30N:N59A:T71S:T76S:S84N,5,7.63786590287904,7.846458401714422,7.846458401714422,7.63786590287904,7.846458401714422,7.846458401714422,7.445778090407779,7.78879875177304,7.78879875177304,7.355876242694676,7.869406046368242,7.869406046368242,7.549296428489398,7.985107058830951,7.985107058830951,6.766200460377989,7.571407446240586,7.571407446240586,7.653962499241808,8.070598692449048,8.070598692449048,6.8456736322536225,7.680246853140525,6.8456736322536225,0.7543451983947307,8.493494671083784
I52S:T57S:T71S:S77N,I52S:T57S:T71S:S77N,4,8.320317661010778,8.46801370081921,8.46801370081921,8.320317661010778,8.46801370081921,8.46801370081921,8.436600859375856,8.62953588170045,8.62953588170045,8.068485964204763,8.65582731527566,8.65582731527566,8.581521188153674,8.769255995859824,8.769255995859824,7.932667155805569,8.699793785019995,8.699793785019995,8.567619915753578,8.639900896681077,8.639900896681077,8.05086155780962,8.886049047308665,8.05086155780962,0.30507539911195636,9.173143097627438
T57S:A58T:T71S:K74I:S77N,T57S:A58T:T71S:K74I:S77N,5,8.414424516314199,8.492781037182867,8.492781037182867,8.414424516314199,8.492781037182867,8.492781037182867,8.361637284969563,8.5664948790171,8.5664948790171,8.116430820400629,8.49425328171446,8.49425328171446,8.42542994240672,8.601385586759234,8.601385586759234,7.596201574124745,8.318311928067885,8.318311928067885,8.477410011181515,8.618197420375283,8.618197420375283,7.71604315055921,8.49466972094515,7.71604315055921,0.8890348384156823,8.645654143998323
A58T:N59A:K74I:R87T:Y106S,A58T:N59A:K74I:R87T:Y106S,5,8.105429201531052,8.300869827861103,8.300869827861103,8.105429201531052,8.300869827861103,8.300869827861103,7.959995096546191,8.299332231188046,8.299332231188046,8.010430399581802,8.399553358571193,8.399553358571193,8.14171555188515,8.43762788850635,8.43762788850635,7.569028019285076,8.305939147443521,8.305939147443521,8.210076533989183,8.523679362711938,8.523679362711938,7.360550332969152,8.332051389049509,7.360550332969152,0.013449858874082565,8.870694023314195
S31N:I52S:T76S:S84N:Y106S,S31N:I52S:T76S:S84N:Y106S,5,8.589864377350697,8.58879189505747,8.58879189505747,8.589864377350697,8.58879189505747,8.58879189505747,8.311889797610322,8.469909585382476,8.469909585382476,7.7011527528344725,8.411765264266561,8.411765264266561,8.229056900476431,8.448059240042474,8.448059240042474,7.525010127697447,8.437319485334585,8.437319485334585,8.219081817212604,8.4285639135834,8.4285639135834,7.403366169896762,8.243424897776864,7.403366169896762,0.9931175117380917,8.78325647351772
S30N:S31N:S77N:S84N:Y95F,S30N:S31N:S77N:S84N:Y95F,5,8.36912188080082,8.509033253391758,8.509033253391758,8.36912188080082,8.509033253391758,8.509033253391758,8.247481635207148,8.628589915700358,8.628589915700358,7.671436179462683,8.330412524855046,8.330412524855046,8.106319985049932,8.5271728622302,8.5271728622302,7.031894172565646,8.059777101285581,8.059777101285581,8.161811413065658,8.508201092420256,8.508201092420256,7.224469285277959,8.111429897023534,7.224469285277959,0.35610041208565235,8.736283293637594
F29S:S31N:T57S:S77N:Y95F,F29S:S31N:T57S:S77N:Y95F,5,7.408896895124108,7.604176662655094,7.604176662655094,7.408896895124108,7.604176662655094,7.604176662655094,7.444194337801452,7.7832682670454725,7.7832682670454725,6.657681798066645,7.320661161125904,7.320661161125904,7.292546002005652,7.645708320155262,7.645708320155262,5.870358039052832,6.899955572852686,6.899955572852686,7.356810462936026,7.772731663190376,7.772731663190376,6.721908196084885,7.458834558566729,6.721908196084885,0.26212017238140106,8.641510420213159
S30N:S31N:I52S:N59A:R87T,S30N:S31N:I52S:N59A:R87T,5,8.482734860698153,8.586448214124024,8.586448214124024,8.482734860698153,8.586448214124024,8.586448214124024,8.162223276417059,8.406265878190982,8.406265878190982,7.709320553972342,8.26416051282431,8.26416051282431,8.082957699352527,8.383295704224563,8.383295704224563,7.580070264686588,8.365484560931037,8.365484560931037,8.21409704140359,8.443783169141968,8.443783169141968,7.369078058576575,8.231398188146066,7.369078058576575,0.17835545632988214,8.763119861458824
S30N:S31N:I52S:S77N:S84N,S30N:S31N:I52S:S77N:S84N,5,8.719944016245195,8.708749133715235,8.708749133715235,8.719944016245195,8.708749133715235,8.708749133715235,8.619424124452932,8.782877134589203,8.782877134589203,7.8538761187606445,8.537028791747007,8.537028791747007,8.441825407755472,8.634951241532187,8.634951241532187,7.207371554181356,8.341435768034577,8.341435768034577,8.423432964144906,8.572866370921815,8.572866370921815,7.418170789610585,8.36142759059205,7.418170789610585,0.4826785381883383,8.754188494866117
T76S:S77N:Y95F:Y106S,T76S:S77N:Y95F:Y106S,4,8.272934707286202,8.699014086105464,8.699014086105464,8.272934707286202,8.699014086105464,8.699014086105464,8.152357124657716,8.546021638625636,8.546021638625636,8.031221202952175,9.03882387485342,9.03882387485342,8.17144480266016,8.577882425551111,8.577882425551111,7.909514499828843,8.923072373988292,8.923072373988292,8.162012541882794,8.573323451393176,8.573323451393176,7.778547486912865,8.829911275118585,7.778547486912865,0.06312465737573802,8.674850815214254
S31N:T57S:A58T:T76S,S31N:T57S:A58T:T76S,4,8.267452191097616,8.485001568674722,8.485001568674722,8.267452191097616,8.485001568674722,8.485001568674722,8.37732145718389,8.649491224689834,8.649491224689834,8.183550298223745,8.596009657724583,8.596009657724583,8.202830204863176,8.582328135820688,8.582328135820688,8.29725923198011,8.82008854492952,8.82008854492952,8.236198519866837,8.586785691009162,8.586785691009162,7.9764293503137225,8.905258367257842,7.9764293503137225,0.9585448452271521,8.699275776727173
S31N:N59A:T76S:S77N:Y106S,S31N:N59A:T76S:S77N:Y106S,5,7.773055496740838,8.108428091674602,8.108428091674602,7.773055496740838,8.108428091674602,8.108428091674602,7.6676368883276105,8.077837611820035,8.077837611820035,7.300748982073014,7.907891009595754,7.907891009595754,7.7869613072612855,8.224814126804207,8.224814126804207,7.215985942584279,7.9400978069777945,7.9400978069777945,7.799675464990623,8.213994792813034,8.213994792813034,7.042376374404282,7.937813029858498,7.042376374404282,0.8030382855795324,8.640722419295994
S30N:S31N:N59A:S84N:Y95F,S30N:S31N:N59A:S84N:Y95F,5,8.007382778344075,8.168625779228632,8.168625779228632,8.007382778344075,8.168625779228632,8.168625779228632,7.726849728694571,8.159054115625516,8.159054115625516,7.452062214962623,8.046930449356788,8.046930449356788,7.669408850197535,8.195978134408081,8.195978134408081,7.001115435454469,7.911465223894803,7.911465223894803,7.8008939461119935,8.249194210926055,8.249194210926055,6.987691413034788,7.857849187858758,6.987691413034788,0.39677570573985577,9.012804242807343
S30N:T57S:T76S:S77N:Y106S,S30N:T57S:T76S:S77N:Y106S,5,7.63448071621591,7.8574233146204815,7.8574233146204815,7.63448071621591,7.8574233146204815,7.8574233146204815,7.74517424991973,8.059939658637168,8.059939658637168,7.238280374360621,7.871227212700021,7.871227212700021,7.829458397191076,8.199406912251337,8.199406912251337,7.241621776300219,7.968130322599975,7.968130322599975,7.834725013379692,8.23141946249938,8.23141946249938,7.0460939946421295,7.998215584220618,7.0460939946421295,0.9881288472097367,8.626090421133503
S30N:T71S:T76S:Y95F,S30N:T71S:T76S:Y95F,4,8.152674513706407,8.297760962614696,8.297760962614696,8.152674513706407,8.297760962614696,8.297760962614696,8.20304452536645,8.536347244631882,8.536347244631882,7.879358531425111,8.442018375075605,8.442018375075605,8.28028693093993,8.613838419525614,8.613838419525614,8.067746622725403,8.751157835573425,8.751157835573425,8.26904313432421,8.530224878972644,8.530224878972644,7.8827956521697145,8.796062567352966,7.8827956521697145,0.04157462390139699,9.179545486308887
F29S:S31N:T76S:S84N,F29S:S31N:T76S:S84N,4,7.920593698242793,8.037992724008637,8.037992724008637,7.920593698242793,8.037992724008637,8.037992724008637,7.7521086616410715,8.14380219965485,8.14380219965485,7.723151254766737,8.38425592979074,8.38425592979074,7.615436477828183,8.264695352548273,8.264695352548273,7.259913453791912,8.3364970462354,8.3364970462354,7.732334261060648,8.250056023279175,8.250056023279175,7.579393303941517,8.53664154151469,7.579393303941517,0.7545272880233824,8.75459780209709
F29S:I52S:T57S:T71S:S84N,F29S:I52S:T57S:T71S:S84N,5,8.09767257380294,8.22106839814497,8.22106839814497,8.09767257380294,8.22106839814497,8.22106839814497,7.943922708303454,8.23717989866516,8.23717989866516,7.783711652175599,8.274502363999323,8.274502363999323,7.850883918185889,8.242095404754318,8.242095404754318,6.869294138297137,7.898102752262418,7.898102752262418,7.941554298581864,8.251710075975785,8.251710075975785,7.093313188218794,8.025752796399637,7.093313188218794,0.8585989004932344,9.123066887022096
S31N:T71S:S84N:R87T,S31N:T71S:S84N:R87T,4,8.476749347677536,8.684448237175571,8.684448237175571,8.476749347677536,8.684448237175571,8.684448237175571,8.418365283326224,8.754412950912219,8.754412950912219,8.218282338937351,8.823186812992919,8.823186812992919,8.316906939191885,8.808440873779045,8.808440873779045,7.89913904013347,8.827505540737267,8.827505540737267,8.398399443878072,8.751246100601922,8.751246100601922,7.883423085518264,8.790840923140564,7.883423085518264,0.773569512180984,8.82867563221867
S30N:S31N:T57S:S77N:Y95F,S30N:S31N:T57S:S77N:Y95F,5,8.218676367069989,8.378574305965886,8.378574305965886,8.218676367069989,8.378574305965886,8.378574305965886,8.223011327101899,8.517310472547786,8.517310472547786,7.567169511335422,8.141111623519228,8.141111623519228,8.111561494772285,8.459175865976674,8.459175865976674,7.405419356224918,8.183536713674405,8.183536713674405,8.154728531518701,8.489303398145696,8.489303398145696,7.287288060679082,8.121863141433765,7.287288060679082,0.9348348388448358,8.862867697297755
F29S:S31N:I52S:R87T,F29S:S31N:I52S:R87T,4,8.452590929975601,8.633277072031825,8.633277072031825,8.452590929975601,8.633277072031825,8.633277072031825,8.334960111177615,8.589256493172298,8.589256493172298,8.182749868763175,8.757961691194707,8.757961691194707,8.304189929337074,8.593223548326126,8.593223548326126,7.694416142663095,8.685002224712935,8.685002224712935,8.332315073617178,8.565418772354782,8.565418772354782,7.91029129180955,8.988154111845336,7.91029129180955,0.040317915147170424,8.60938158910444
N59A:T71S:T76S:S77N:S84N,N59A:T71S:T76S:S77N:S84N,5,7.69045259832671,7.861919819855425,7.861919819855425,7.69045259832671,7.861919819855425,7.861919819855425,7.556523973134912,7.9309234096573284,7.9309234096573284,7.278191091839036,7.794443863687564,7.794443863687564,7.5945164611242255,8.033510506460734,8.033510506460734,6.516710205286615,7.447104128661336,7.447104128661336,7.677962059539427,8.094638453096284,8.094638453096284,6.832871180927993,7.692987098444357,6.832871180927993,0.3606020426377654,8.461359611837004
S31N:I52S:T71S:S77N,S31N:I52S:T71S:S77N,4,8.557555436844655,8.482106830953192,8.482106830953192,8.557555436844655,8.482106830953192,8.482106830953192,8.623203684107272,8.699403158269948,8.699403158269948,8.204498953068606,8.806415797863977,8.806415797863977,8.647940443541705,8.680071775604963,8.680071775604963,7.971383143666669,8.841919708756858,8.841919708756858,8.640292022204218,8.673832471388359,8.673832471388359,8.117163461105399,8.956993865361317,8.117163461105399,0.9741519480012357,9.105965801744444
S30N:S31N:I52S:S77N,S30N:S31N:I52S:S77N,4,8.847320176471126,8.802347847759108,8.802347847759108,8.847320176471126,8.802347847759108,8.802347847759108,8.760292492676598,8.882325463951831,8.882325463951831,8.347672820224693,8.908986416512983,8.908986416512983,8.666327227230243,8.87590750070875,8.87590750070875,8.10737050425178,9.00904057004376,9.00904057004376,8.637352129321124,8.797751457743429,8.797751457743429,8.109983762977398,9.100890819212479,8.109983762977398,0.11987604689784348,9.061393133007735
S30N:T57S:T76S:Y95F,S30N:T57S:T76S:Y95F,4,8.002805780489858,8.072600473646192,8.072600473646192,8.002805780489858,8.072600473646192,8.072600473646192,8.099129515245155,8.42163834050466,8.42163834050466,7.687683185305993,8.307442948122397,8.307442948122397,8.127688597441056,8.508175849137206,8.508175849137206,8.076280694690894,8.603279155295203,8.603279155295203,8.215901835655362,8.533917223699877,8.533917223699877,7.8650880776245025,8.633201289068207,7.8650880776245025,0.36215844517573714,9.007455684796085
A58T:T71S:T76S:R87T,A58T:T71S:T76S:R87T,4,8.150808678117304,8.275444822012133,8.275444822012133,8.150808678117304,8.275444822012133,8.275444822012133,8.075028320461351,8.372971151373411,8.372971151373411,7.972835831223754,8.522268699975697,8.522268699975697,8.11640802758582,8.435064144028848,8.435064144028848,7.937611585566122,8.655904475696685,8.655904475696685,8.122013048262788,8.498881916621269,8.498881916621269,7.698730996625415,8.737112103441147,7.698730996625415,0.6411676136776805,8.801739317207307
I52S:T57S:T76S:S77N:S84N,I52S:T57S:T76S:S77N:S84N,5,8.329389652620373,8.34808844756374,8.34808844756374,8.329389652620373,8.34808844756374,8.34808844756374,8.340909519861926,8.52835158659438,8.52835158659438,7.559191196998215,8.28248212304178,8.28248212304178,8.343642403036911,8.56078585291499,8.56078585291499,7.125798066298638,8.211940592961897,8.211940592961897,8.308151379143656,8.520150350614934,8.520150350614934,7.307129214786908,8.275210049774659,7.307129214786908,0.9157935320399702,9.009658265588365
S30N:I52S:S77N:S84N:R87T,S30N:I52S:S77N:S84N:R87T,5,8.712980136667102,8.762230132419981,8.762230132419981,8.712980136667102,8.762230132419981,8.762230132419981,8.535130692080013,8.721523024948725,8.721523024948725,7.831116105176894,8.510202730265487,8.510202730265487,8.415900819718694,8.603616975510363,8.603616975510363,7.015891362972779,8.209726187090967,8.209726187090967,8.310152761033903,8.475330085043824,8.475330085043824,7.265887780099707,8.333568683563456,7.265887780099707,0.09604414086788893,8.83308329477105
S30N:S31N:T71S:R87T:Y106S,S30N:S31N:T71S:R87T:Y106S,5,8.244421011979405,8.464852984944105,8.464852984944105,8.244421011979405,8.464852984944105,8.464852984944105,8.238366354186072,8.55490275087833,8.55490275087833,7.758873016916704,8.318757407209302,8.318757407209302,8.097435939950591,8.476596769383525,8.476596769383525,7.733089641860196,8.415648959659398,8.415648959659398,8.106280283691577,8.500659662802946,8.500659662802946,7.254842283196954,8.248938945405914,7.254842283196954,0.6533884657546878,8.912581431892315
I52S:T57S:N59A:S77N,I52S:T57S:N59A:S77N,4,8.186459765027875,8.433980904418696,8.433980904418696,8.186459765027875,8.433980904418696,8.433980904418696,8.186435018670759,8.535711750614801,8.535711750614801,7.819467277511143,8.441908120143125,8.441908120143125,8.348288774139604,8.72068978889897,8.72068978889897,7.7825743257621305,8.71293359648499,8.71293359648499,8.336184047557502,8.659787021722957,8.659787021722957,7.880417723943852,8.882532737141904,7.880417723943852,0.07718611974269152,8.947324423310688
T57S:A58T:N59A:S84N:R87T,T57S:A58T:N59A:S84N:R87T,5,7.53203607713845,7.776024876620127,7.776024876620127,7.53203607713845,7.776024876620127,7.776024876620127,7.379471923060237,7.7728315697771295,7.7728315697771295,7.300276115531208,7.737811966813836,7.737811966813836,7.4000462224779415,7.834858777763724,7.834858777763724,6.621651454026378,7.408542475691415,7.408542475691415,7.458774981949244,7.901070043322662,7.901070043322662,6.6566018540552285,7.501179648038186,6.6566018540552285,0.33941478189080954,8.932962657587744
F29S:S31N:I52S:S77N:Y95F,F29S:S31N:I52S:S77N:Y95F,5,8.234307121685651,8.338438262047685,8.338438262047685,8.234307121685651,8.338438262047685,8.338438262047685,8.094710039579242,8.388790806835438,8.388790806835438,7.218132715731603,7.968658712551652,7.968658712551652,8.078237288662324,8.398499731215844,8.398499731215844,6.422415387256369,7.6434764044180525,7.6434764044180525,8.111144203167916,8.388731580753454,8.388731580753454,7.183518682480186,8.096934133147068,7.183518682480186,0.7290628971531987,8.383962620011426
I52S:N59A:S84N:R87T:Y95F,I52S:N59A:S84N:R87T:Y95F,5,8.341150252179133,8.323709287688308,8.323709287688308,8.341150252179133,8.323709287688308,8.323709287688308,7.953378976339044,8.20561862212215,8.20561862212215,7.733653998419656,8.196838899356505,8.196838899356505,8.049076204795487,8.307147890142517,8.307147890142517,6.96760940129778,7.877382406175708,7.877382406175708,8.10808079446189,8.36346901416878,8.36346901416878,7.183704365032261,8.007599968406947,7.183704365032261,0.13309140433557332,8.599328550542996
A58T:T71S:T76S:S84N:R87T,A58T:T71S:T76S:S84N:R87T,5,8.026312306655425,8.154773450410273,8.154773450410273,8.026312306655425,8.154773450410273,8.154773450410273,7.802018345489586,8.12349405384101,8.12349405384101,7.46290624081735,7.955067096417621,7.955067096417621,7.822795261621733,8.210198324507857,8.210198324507857,6.896542008040058,7.7271750573749625,7.7271750573749625,7.87366258538542,8.267035995529131,8.267035995529131,6.943489189813505,7.833277902119465,6.943489189813505,0.5610893496777862,8.868633261610773
S30N:T71S:S84N:R87T:Y106S,S30N:T71S:S84N:R87T:Y106S,5,8.049871684273624,8.265308171878253,8.265308171878253,8.049871684273624,8.265308171878253,8.265308171878253,7.940426261288523,8.310650079403892,8.310650079403892,7.604234223769327,8.261506245360351,8.261506245360351,7.836998421209532,8.268163365591715,8.268163365591715,7.142098625608444,8.037443057451497,8.037443057451497,7.858236201281341,8.32824589874432,8.32824589874432,7.066982795881908,7.97714207689041,7.066982795881908,0.9338382109999657,8.67103144833695
I52S:N59A:T71S:R87T,I52S:N59A:T71S:R87T,4,8.390051383873015,8.658808495977574,8.658808495977574,8.390051383873015,8.658808495977574,8.658808495977574,8.248523588361026,8.555134139009558,8.555134139009558,8.28669705512932,8.793160120879213,8.793160120879213,8.297990191550525,8.617282337620942,8.617282337620942,8.003003936456917,8.877307248553855,8.877307248553855,8.339758718052853,8.613998012308068,8.613998012308068,7.93774538658991,8.880305697406602,7.93774538658991,0.8421232705004513,8.970588383515262
S30N:S31N:A58T:S77N,S30N:S31N:A58T:S77N,4,8.208839809178135,8.309143339968717,8.309143339968717,8.208839809178135,8.309143339968717,8.309143339968717,8.246622183821575,8.422839912533814,8.422839912533814,8.117571948383254,8.553044680524273,8.553044680524273,8.108378366376087,8.505012701424105,8.505012701424105,7.9177464065909895,8.656302734461962,8.656302734461962,8.150332306854473,8.470433008193005,8.470433008193005,7.859412722368004,8.82782413854919,7.859412722368004,0.08326656371355057,8.744331623243246
S30N:S31N:A58T:T76S:S84N,S30N:S31N:A58T:T76S:S84N,5,7.953648422288356,8.08389524742892,8.08389524742892,7.953648422288356,8.08389524742892,8.08389524742892,7.853937649661439,8.220382276813709,8.220382276813709,7.422074750259483,7.98194959497634,7.98194959497634,7.850133262847159,8.280134663724931,8.280134663724931,7.082657088362454,7.888944311864064,7.888944311864064,7.958690888326975,8.340268453583565,8.340268453583565,7.128331261708864,7.965229642157431,7.128331261708864,0.15907569881528616,8.576806410816426
S31N:I52S:S77N:R87T:Y95F,S31N:I52S:S77N:R87T:Y95F,5,8.771745076947061,8.815371877777212,8.815371877777212,8.771745076947061,8.815371877777212,8.815371877777212,8.4846964784919,8.638591547642951,8.638591547642951,7.748911550343978,8.366158484131137,8.366158484131137,8.534018452281606,8.663094729186627,8.663094729186627,7.363986655340586,8.247335753568933,8.247335753568933,8.495019235061001,8.575684419714007,8.575684419714007,7.479807939531623,8.362152981414445,7.479807939531623,0.8960804373491555,8.597602054124927
A58T:N59A:K74I:S84N:Y106S,A58T:N59A:K74I:S84N:Y106S,5,8.241907831197699,8.348267106499003,8.348267106499003,8.241907831197699,8.348267106499003,8.348267106499003,7.98173604634799,8.268673087665455,8.268673087665455,8.115777743996144,8.497451276866524,8.497451276866524,8.102486896023924,8.399797916327108,8.399797916327108,7.24029483586888,7.9780308494216285,7.9780308494216285,8.158595598766276,8.501701560786511,8.501701560786511,7.341772941095762,8.15237226205978,7.341772941095762,0.8095651101320982,8.557002433391625
I52S:N59A:T71S:S77N,I52S:N59A:T71S:S77N,4,8.181355852698509,8.481387622201895,8.481387622201895,8.181355852698509,8.481387622201895,8.481387622201895,8.146637526734954,8.508917037563897,8.508917037563897,7.962120054398749,8.560359540160114,8.560359540160114,8.299554501489729,8.605690948461843,8.605690948461843,7.697367050540999,8.57588434130039,8.57588434130039,8.32464239744945,8.577904984379426,8.577904984379426,7.876161757919158,8.735334173645,7.876161757919158,0.9396038148552179,8.993756603023046
S30N:S31N:N59A:T76S,S30N:S31N:N59A:T76S,4,8.046509764238175,8.286625978019455,8.286625978019455,8.046509764238175,8.286625978019455,8.286625978019455,7.882275706713818,8.239534752504586,8.239534752504586,7.7320276300038255,8.331289348497506,8.331289348497506,7.984683104865637,8.366523878438796,8.366523878438796,8.00528516876422,8.639343699652999,8.639343699652999,8.114790990158376,8.450959507250772,8.450959507250772,7.800458004193922,8.616068945099753,7.800458004193922,0.36657539336010814,8.654664928930277
T57S:T76S:S84N:Y95F:Y106S,T57S:T76S:S84N:Y95F:Y106S,5,8.077853345541032,8.195349617507107,8.195349617507107,8.077853345541032,8.195349617507107,8.195349617507107,7.861107826428432,8.194363630306595,8.194363630306595,7.48172129012581,8.135799799334233,8.135799799334233,7.797353221501175,8.23821631158841,8.23821631158841,7.302935209694057,8.145301634759013,8.145301634759013,7.78890518266839,8.283937091491229,8.283937091491229,7.073827010439782,7.991766426401572,7.073827010439782,0.6674305768683553,8.75965263472901
S31N:I52S:T57S:T76S:S84N,S31N:I52S:T57S:T76S:S84N,5,8.731993893192595,8.790119336290113,8.790119336290113,8.731993893192595,8.790119336290113,8.790119336290113,8.617681036994803,8.78332196037357,8.78332196037357,7.9591708298529795,8.568652727547311,8.568652727547311,8.423605867884978,8.67724740484297,8.67724740484297,7.5939847198349595,8.492081974794633,8.492081974794633,8.459250323550325,8.612647592604967,8.612647592604967,7.575118180814505,8.375289492399393,7.575118180814505,0.6088321288116276,8.641286498312411
S31N:I52S:N59A:S77N:S84N,S31N:I52S:N59A:S77N:S84N,5,8.237810700277572,8.339370595390157,8.339370595390157,8.237810700277572,8.339370595390157,8.339370595390157,8.213334597264062,8.535004562081971,8.535004562081971,7.469878435787357,8.109744028485208,8.109744028485208,8.167216578393466,8.464953458304226,8.464953458304226,6.7736220616339065,7.8584890687525,7.8584890687525,8.215879836667774,8.473256205751742,8.473256205751742,7.174664406983169,8.090755514841842,7.174664406983169,0.5400295935105532,8.457408174900811
F29S:S30N:I52S:T57S,F29S:S30N:I52S:T57S,4,8.259790645517,8.390851267025305,8.390851267025305,8.259790645517,8.390851267025305,8.390851267025305,8.193824669392018,8.759781835340222,8.759781835340222,8.096267843182401,8.893412302214259,8.893412302214259,8.254658343347394,8.680319042777587,8.680319042777587,7.777726459810657,8.940950417977335,8.940950417977335,8.380830238071011,8.890067728810113,8.890067728810113,7.935448558597222,9.100577823179147,7.935448558597222,0.9343737955205142,8.885801404360514
S31N:N59A:T71S:Y95F:Y106S,S31N:N59A:T71S:Y95F:Y106S,5,7.989911333303538,8.247101642378324,8.247101642378324,7.989911333303538,8.247101642378324,8.247101642378324,7.822889652548644,8.258489586719698,8.258489586719698,7.815723286520568,8.361937906356516,8.361937906356516,7.798514716810285,8.315251999163833,8.315251999163833,7.74964459695782,8.388080111523303,8.388080111523303,7.785545332456174,8.30223256441583,8.30223256441583,7.111387894414651,8.172355541072426,7.111387894414651,0.8310037760529667,8.960347331911771
S30N:A58T:K74I:R87T:Y95F,S30N:A58T:K74I:R87T:Y95F,5,8.377164007556475,8.444565065136707,8.444565065136707,8.377164007556475,8.444565065136707,8.444565065136707,8.34281229852943,8.55731437932038,8.55731437932038,7.843750116044044,8.279113358716073,8.279113358716073,8.48676642284114,8.653833323506339,8.653833323506339,7.737569726407163,8.389925658949723,8.389925658949723,8.48207301763775,8.661567353490382,8.661567353490382,7.715216051527866,8.561168045277661,7.715216051527866,0.6157341960351914,8.810572434593656
S30N:S31N:A58T:T71S:T76S,S30N:S31N:A58T:T71S:T76S,5,7.82874009339378,7.9606133848197445,7.9606133848197445,7.82874009339378,7.9606133848197445,7.9606133848197445,7.873685081494035,8.156153700301177,8.156153700301177,7.536897435351499,8.014885650483974,8.014885650483974,7.893596349545513,8.284393837382305,8.284393837382305,7.599768676811976,8.208034712540915,8.208034712540915,7.992590581520593,8.346464138300137,8.346464138300137,7.179834273702527,8.126593666251324,7.179834273702527,0.7943294276483357,8.876480927642872
I52S:T57S:S84N:R87T:Y95F,I52S:T57S:S84N:R87T:Y95F,5,8.504417398776905,8.49194442429116,8.49194442429116,8.504417398776905,8.49194442429116,8.49194442429116,8.256223686401517,8.36337488292703,8.36337488292703,7.758754827398304,8.304110986441279,8.304110986441279,8.242049945032493,8.420502165835307,8.420502165835307,7.342481045345272,8.244602869730292,8.244602869730292,8.298453914503785,8.483965100870853,8.483965100870853,7.379468654217133,8.231732815359392,7.379468654217133,0.18352828710339963,8.72980322991346
S31N:A58T:S77N:R87T:Y106S,S31N:A58T:S77N:R87T:Y106S,5,8.06310481809144,8.187843460475005,8.187843460475005,8.06310481809144,8.187843460475005,8.187843460475005,7.980117326259595,8.317732565970843,8.317732565970843,7.514628975299767,8.087462303288646,8.087462303288646,7.963425577819751,8.341076266539195,8.341076266539195,7.161768409712559,7.9392070724015875,7.9392070724015875,7.923152288128645,8.316121513385962,8.316121513385962,7.034065896709526,8.040421344373815,7.034065896709526,0.6615063673816621,8.955532778971298
I52S:T57S:T76S:S84N:R87T,I52S:T57S:T76S:S84N:R87T,5,8.660095206577545,8.763879774467172,8.763879774467172,8.660095206577545,8.763879774467172,8.763879774467172,8.439372216155908,8.620404686618983,8.620404686618983,7.854059379719804,8.449687976642005,8.449687976642005,8.31212617387817,8.540816908448868,8.540816908448868,7.360714852930114,8.308681350434671,8.308681350434671,8.3068474542935,8.508759578550658,8.508759578550658,7.3611109873682175,8.203798412318239,7.3611109873682175,0.524250652641058,8.998294066504105
F29S:I52S:S84N:Y95F,F29S:I52S:S84N:Y95F,4,8.333440343355027,8.399342639756325,8.399342639756325,8.333440343355027,8.399342639756325,8.399342639756325,8.090250275635489,8.40878582940758,8.40878582940758,8.047562088673542,8.753943126330695,8.753943126330695,8.149435475175734,8.464945407441627,8.464945407441627,7.451119823791672,8.74204824066633,8.74204824066633,8.230678013726054,8.673195487340124,8.673195487340124,7.730409766331757,8.73279397166906,7.730409766331757,0.5127677728887647,8.68812202957132
A58T:T71S:T76S:Y95F,A58T:T71S:T76S:Y95F,4,8.101865492679762,8.218524524059443,8.218524524059443,8.101865492679762,8.218524524059443,8.218524524059443,8.086881579620506,8.441786472280624,8.441786472280624,7.921814049654383,8.377759402413119,8.377759402413119,8.084083818692678,8.478629338090787,8.478629338090787,8.052155872864661,8.702566130697525,8.702566130697525,8.031522416294113,8.482661784443556,8.482661784443556,7.769184904303292,8.759135255374446,7.769184904303292,0.5454263351857662,8.702705778324521
S30N:S31N:A58T:Y106S,S30N:S31N:A58T:Y106S,4,8.217748697250993,8.320680120007221,8.320680120007221,8.217748697250993,8.320680120007221,8.320680120007221,8.104998751862587,8.360401535252752,8.360401535252752,8.193092820831156,8.57877470579232,8.57877470579232,8.05841641998147,8.441653333680932,8.441653333680932,8.129733017550315,8.817206404024654,8.817206404024654,8.159990758444502,8.553647268951533,8.553647268951533,7.807367787021049,8.95358103641752,7.807367787021049,0.8499357532709837,8.381369849799043
F29S:T71S:S84N:R87T:Y95F,F29S:T71S:S84N:R87T:Y95F,5,7.519614119258376,7.6245483250406885,7.6245483250406885,7.519614119258376,7.6245483250406885,7.6245483250406885,7.216178246810266,7.573908883645692,7.573908883645692,6.943302769163967,7.518484465668638,7.518484465668638,7.194299716812061,7.511009330211115,7.511009330211115,6.049146613475577,7.172583129362176,7.172583129362176,7.2132600657612755,7.515746986078263,7.515746986078263,6.512367244858348,7.358629099557408,6.512367244858348,0.677068782504648,8.725968228199708
I52S:N59A:T76S:R87T,I52S:N59A:T76S:R87T,4,8.596401068053883,8.877015875846062,8.877015875846062,8.596401068053883,8.877015875846062,8.877015875846062,8.356705037658632,8.673895915572253,8.673895915572253,8.415682596900286,9.065320797696243,9.065320797696243,8.346953790162926,8.62809915077392,8.62809915077392,8.09227047652592,9.096645686161585,9.096645686161585,8.34945817160844,8.677610696747285,8.677610696747285,7.971251998024121,8.939581290080877,7.971251998024121,0.9360822921153158,8.861709747729204
S31N:I52S:T57S:T76S:Y106S,S31N:I52S:T57S:T76S:Y106S,5,8.516099595891635,8.65563118507253,8.65563118507253,8.516099595891635,8.65563118507253,8.65563118507253,8.430453692632447,8.702897721877708,8.702897721877708,7.81774784200289,8.405093656073882,8.405093656073882,8.292822358282221,8.576380662469164,8.576380662469164,8.00068562897912,8.703737844508739,8.703737844508739,8.291055142124737,8.544046633833076,8.544046633833076,7.526627707607961,8.454969587559365,7.526627707607961,0.16290027368813753,8.633063346870056
I52S:T57S:N59A:Y95F,I52S:T57S:N59A:Y95F,4,8.250345685293128,8.327444808120058,8.327444808120058,8.250345685293128,8.327444808120058,8.327444808120058,8.247072724724912,8.455245926520254,8.455245926520254,8.1345550889828,8.547424808216729,8.547424808216729,8.35095982286866,8.604543490007362,8.604543490007362,8.290564160476386,8.971179163914451,8.971179163914451,8.340394594599937,8.659510076457185,8.659510076457185,8.07410571798094,9.030765546992766,8.07410571798094,0.3932726471684873,8.595272761472787
I52S:T57S:T76S:S77N:R87T,I52S:T57S:T76S:S77N:R87T,5,8.579709785555135,8.693179590909114,8.693179590909114,8.579709785555135,8.693179590909114,8.693179590909114,8.407078792031083,8.567817739271339,8.567817739271339,7.674438397165896,8.321032488708473,8.321032488708473,8.438303508120587,8.601743818121104,8.601743818121104,7.368851959870352,8.315654042558723,8.315654042558723,8.351212178777768,8.50447311642101,8.50447311642101,7.365685454463594,8.307171374337518,7.365685454463594,0.13197563448920846,9.004771553925327
S30N:N59A:T71S:R87T:Y106S,S30N:N59A:T71S:R87T:Y106S,5,7.690295858210149,8.013529812636223,8.013529812636223,7.690295858210149,8.013529812636223,8.013529812636223,7.553222400088674,7.980169122959429,7.980169122959429,7.534346135355053,8.099604151401818,8.099604151401818,7.535188023673337,8.005461507425704,8.005461507425704,7.276289523062686,7.963635860900029,7.963635860900029,7.590924716797476,8.07754763831469,8.07754763831469,6.8516897375861525,7.785610236493141,6.8516897375861525,0.7184250946156681,8.794777736872183
F29S:S30N:I52S:T76S:S77N,F29S:S30N:I52S:T76S:S77N,5,8.255388354997166,8.351733462019297,8.351733462019297,8.255388354997166,8.351733462019297,8.351733462019297,7.938593584941414,8.209061236475499,8.209061236475499,7.492285865563664,8.21551570082268,8.21551570082268,8.066034009897407,8.33273107873787,8.33273107873787,6.800889551396951,7.968844210571705,7.968844210571705,8.164045254087075,8.42866907155112,8.42866907155112,7.19017795446617,8.25536951700015,7.19017795446617,0.287033146712929,8.729035412896511
A58T:S84N:R87T:Y106S,A58T:S84N:R87T:Y106S,4,8.153538405726197,8.347096023347117,8.347096023347117,8.153538405726197,8.347096023347117,8.347096023347117,8.028671452674816,8.51971195659965,8.51971195659965,8.074900224444548,8.536704245841934,8.536704245841934,8.088335140877996,8.56527224619434,8.56527224619434,7.66638805011879,8.411480194599994,8.411480194599994,8.096870408709162,8.629554952084499,8.629554952084499,7.637196419735972,8.445823410316128,7.637196419735972,0.3293589560780674,8.851039262816604
S30N:S77N:R87T:Y95F:Y106S,S30N:S77N:R87T:Y95F:Y106S,5,8.110203007807014,8.189933598634322,8.189933598634322,8.110203007807014,8.189933598634322,8.189933598634322,8.051141065518316,8.36061958678653,8.36061958678653,7.560954209881336,8.168103617838293,8.168103617838293,7.97361673434037,8.27899386143839,8.27899386143839,7.237010404111926,8.022736560515206,8.022736560515206,7.863888573403749,8.264466309066014,8.264466309066014,7.096657492652396,8.062291641495067,7.096657492652396,0.8356188512407243,8.913502151117932
F29S:S31N:I52S:A58T:S84N,F29S:S31N:I52S:A58T:S84N,5,8.355771092705002,8.437168149176385,8.437168149176385,8.355771092705002,8.437168149176385,8.437168149176385,8.189287931500424,8.500050655483223,8.500050655483223,7.685990388369863,8.306294804544889,8.306294804544889,7.888747127998109,8.36353060982493,8.36353060982493,6.610110290433974,7.8475884487860466,7.8475884487860466,8.063416329288358,8.429646019662368,8.429646019662368,7.142291865238512,8.157990234136339,7.142291865238512,0.019206865457817912,8.336193741822107
S31N:I52S:S77N:S84N:Y95F,S31N:I52S:S77N:S84N:Y95F,5,8.665741934831091,8.643979100334128,8.643979100334128,8.665741934831091,8.643979100334128,8.643979100334128,8.47683421212153,8.676222730091151,8.676222730091151,7.751375973465597,8.454632299475131,8.454632299475131,8.435736462368437,8.578348285038988,8.578348285038988,7.12546744707019,8.204928194040686,8.204928194040686,8.510367190666711,8.616949501814979,8.616949501814979,7.416921626385815,8.311847036517229,7.416921626385815,0.7880844923201948,8.36326779028612
S30N:T71S:S77N:R87T,S30N:T71S:S77N:R87T,4,8.176177608000572,8.41308087746762,8.41308087746762,8.176177608000572,8.41308087746762,8.41308087746762,8.279769549569702,8.547292001240772,8.547292001240772,7.941254202047019,8.570760808489235,8.570760808489235,8.306512929907635,8.551630334399352,8.551630334399352,7.690617249055929,8.545337041661641,8.545337041661641,8.22329497033455,8.56525224056576,8.56525224056576,7.769779458678973,8.628692495607368,7.769779458678973,0.6415936828125268,8.762842198537152
A58T:N59A:K74I:T76S:S84N,A58T:N59A:K74I:T76S:S84N,5,8.364925608508424,8.47212288345467,8.47212288345467,8.364925608508424,8.47212288345467,8.47212288345467,8.21889279748647,8.482760401566916,8.482760401566916,8.013712524256105,8.421477503806637,8.421477503806637,8.265669188385054,8.536898897768811,8.536898897768811,7.231355763755232,8.035497544839034,8.035497544839034,8.2717003441366,8.557142151216222,8.557142151216222,7.4601563748839625,8.255602034793965,7.4601563748839625,0.21303396834991872,8.426112656541424
F29S:S30N:S31N:T76S:Y95F,F29S:S30N:S31N:T76S:Y95F,5,7.6240192528912765,7.74200253828619,7.74200253828619,7.6240192528912765,7.74200253828619,7.74200253828619,7.351955671887239,7.681778812756467,7.681778812756467,6.671444023634878,7.302781968962717,7.302781968962717,7.331206384804867,7.735537809153945,7.735537809153945,6.361214814429945,7.2770710619001955,7.2770710619001955,7.447015384867857,7.8549618550641656,7.8549618550641656,6.96632323834133,7.823573678349707,6.96632323834133,0.16737459879368544,8.876663099601773
A58T:T71S:S84N:Y95F:Y106S,A58T:T71S:S84N:Y95F:Y106S,5,7.884080711984774,7.975038963874902,7.975038963874902,7.884080711984774,7.975038963874902,7.975038963874902,7.614802333362266,7.994475508575793,7.994475508575793,7.678099164292567,8.133408522219424,8.133408522219424,7.632181681318526,8.069252858997213,8.069252858997213,7.086128350852423,7.814335666784128,7.814335666784128,7.6725457255941025,8.124012426744041,8.124012426744041,6.925578526471958,7.748249559604186,6.925578526471958,0.8916479996405542,8.942704982321143
S31N:T71S:Y95F:Y106S,S31N:T71S:Y95F:Y106S,4,8.514887284363594,8.667104890628812,8.667104890628812,8.514887284363594,8.667104890628812,8.667104890628812,8.437046679078563,8.817942698896237,8.817942698896237,8.373175497530328,9.03589924655731,9.03589924655731,8.35434334975879,8.826121016798016,8.826121016798016,8.324819120768602,8.974383157518071,8.974383157518071,8.317766729741402,8.748289789428469,8.748289789428469,7.954490678533891,9.101563623643285,7.954490678533891,0.3279440985061228,9.10924774706575
I52S:N59A:T76S:S77N:R87T,I52S:N59A:T76S:S77N:R87T,5,8.489449875086182,8.677951879057098,8.677951879057098,8.489449875086182,8.677951879057098,8.677951879057098,8.100296861737172,8.369268673507062,8.369268673507062,7.743264297661148,8.32175823916263,8.32175823916263,8.154484858208193,8.434780344905672,8.434780344905672,7.090737306051799,8.078013310803971,8.078013310803971,8.103248578344814,8.405500170192257,8.405500170192257,7.191087861010921,8.138726400676752,7.191087861010921,0.3137049302458763,8.77653226882807
S31N:A58T:T71S:Y95F:Y106S,S31N:A58T:T71S:Y95F:Y106S,5,8.126617476186274,8.302270142364062,8.302270142364062,8.126617476186274,8.302270142364062,8.302270142364062,7.973933226638166,8.326545053688307,8.326545053688307,7.915585244144915,8.457271644708626,8.457271644708626,7.832134722244662,8.272137026290487,8.272137026290487,7.7489500353055165,8.397319140474345,8.397319140474345,7.847483646631085,8.286433082720132,8.286433082720132,7.114228860853,8.221944994785396,7.114228860853,0.04984456766396761,8.993970478623636
A58T:N59A:K74I:T76S:S77N,A58T:N59A:K74I:T76S:S77N,5,8.277819082086722,8.371099065858905,8.371099065858905,8.277819082086722,8.371099065858905,8.371099065858905,8.12958621246893,8.40240445452855,8.40240445452855,7.945562890110639,8.3449273135694,8.3449273135694,8.170600647589868,8.423208774391721,8.423208774391721,7.508420855484511,8.306151304426917,8.306151304426917,8.216830171352363,8.450604156302523,8.450604156302523,7.5092006957415185,8.360518222078294,7.5092006957415185,0.7674613653216511,8.757194754354353
S30N:S31N:I52S:S77N:Y95F,S30N:S31N:I52S:S77N:Y95F,5,8.734066668697729,8.763879762311383,8.763879762311383,8.734066668697729,8.763879762311383,8.763879762311383,8.520008991337242,8.703734605466048,8.703734605466048,7.790700030157289,8.380870461914332,8.380870461914332,8.46555624137435,8.654549544063386,8.654549544063386,7.500293848883337,8.368821943033323,8.368821943033323,8.472347554518414,8.590400397496323,8.590400397496323,7.497176922471107,8.357440828904908,7.497176922471107,0.6681307759135962,8.85136483812265
T71S:S77N:S84N:Y95F,T71S:S77N:S84N:Y95F,4,8.138397533391185,8.245568725964864,8.245568725964864,8.138397533391185,8.245568725964864,8.245568725964864,8.134427839345701,8.484886537631892,8.484886537631892,7.901322704683351,8.547958174222986,8.547958174222986,8.135043734159371,8.52005943292081,8.52005943292081,7.51454999451609,8.571000605877195,8.571000605877195,8.208581800532295,8.602471571232972,8.602471571232972,7.705028333437619,8.628074742506337,7.705028333437619,0.238210320007056,8.849612289237228
S30N:S31N:N59A:T71S:Y106S,S30N:S31N:N59A:T71S:Y106S,5,7.806220946833834,8.077177537762964,8.077177537762964,7.806220946833834,8.077177537762964,8.077177537762964,7.618858723859837,8.014944838820048,8.014944838820048,7.584967975771725,8.107083727642593,8.107083727642593,7.644536001558334,8.096556027561556,8.096556027561556,7.560022106072007,8.183908543420156,8.183908543420156,7.708408657046727,8.219260283583232,8.219260283583232,6.963898512688912,7.936146588438575,6.963898512688912,0.8930771364830434,9.15056737475854
I52S:S77N:S84N:Y95F,I52S:S77N:S84N:Y95F,4,8.58688233123159,8.52526060232523,8.52526060232523,8.58688233123159,8.52526060232523,8.52526060232523,8.487759751227806,8.64657067081362,8.64657067081362,8.218283246477986,9.029034334324132,9.029034334324132,8.533519730912467,8.632993774533034,8.632993774533034,7.823503969164321,9.11820215190554,9.11820215190554,8.582721200653543,8.664169872788195,8.664169872788195,7.9258058035387755,8.962990770389696,7.9258058035387755,0.42472293553873897,8.612357706887153
I52S:S77N:S84N:R87T,I52S:S77N:S84N:R87T,4,8.739486775307363,8.830083946372243,8.830083946372243,8.739486775307363,8.830083946372243,8.830083946372243,8.63208736049785,8.820733932125165,8.820733932125165,8.323300153524935,9.18645613569272,9.18645613569272,8.606891941234126,8.717676003552187,8.717676003552187,7.763053480430255,9.313531941161434,9.313531941161434,8.53841015738782,8.666944207139,8.666944207139,7.888310663663684,9.058677194886645,7.888310663663684,0.03509018896147609,8.886695493322968
S30N:T57S:S84N:Y95F:Y106S,S30N:T57S:S84N:Y95F:Y106S,5,7.98612948453614,8.031039961507783,8.031039961507783,7.98612948453614,8.031039961507783,8.031039961507783,7.817753591065522,8.101989283790669,8.101989283790669,7.629125460320478,8.126684240678982,8.126684240678982,7.736491347594988,8.150577295888219,8.150577295888219,7.343100642655834,8.101391401556185,8.101391401556185,7.791766166380635,8.272368807240095,8.272368807240095,7.108093538638724,7.946772537763203,7.108093538638724,0.7834412595257163,8.715772352068429
S31N:A58T:T76S:S84N:Y106S,S31N:A58T:T76S:S84N:Y106S,5,8.027521657853082,8.142464010609206,8.142464010609206,8.027521657853082,8.142464010609206,8.142464010609206,7.925855962882147,8.259029900052141,8.259029900052141,7.582221330172612,8.10277406240154,8.10277406240154,7.915428687198342,8.30427540832921,8.30427540832921,7.2239951079870846,7.945113727002139,7.945113727002139,7.926368683362449,8.349662448764752,8.349662448764752,7.076164400709627,7.913247808612446,7.076164400709627,0.11285251774825156,8.799376306558255
T71S:T76S:S77N:Y95F,T71S:T76S:S77N:Y95F,4,8.215778225226547,8.505899693544244,8.505899693544244,8.215778225226547,8.505899693544244,8.505899693544244,8.181954532468032,8.506094799596474,8.506094799596474,7.9126599895668015,8.625686123318188,8.625686123318188,8.20577808467099,8.501452096094026,8.501452096094026,7.85086902967271,8.642460512528881,8.642460512528881,8.236185517907844,8.510369219905613,8.510369219905613,7.867795797386369,8.795184051086592,7.867795797386369,0.23950392031110823,8.711945301476065
S30N:I52S:T57S:N59A:T71S,S30N:I52S:T57S:N59A:T71S,5,7.8532894300366225,8.069092034369213,8.069092034369213,7.8532894300366225,8.069092034369213,8.069092034369213,7.891581996695896,8.158177447205338,8.158177447205338,7.752581270468077,8.209415458179775,8.209415458179775,7.998427449675209,8.302946334042334,8.302946334042334,7.63140923994645,8.27442772241926,8.27442772241926,8.051158928256912,8.308971124075288,8.308971124075288,7.253851365753197,8.120121199021092,7.253851365753197,0.3870062604546547,8.96899768390583
S31N:N59A:T71S:T76S:R87T,S31N:N59A:T71S:T76S:R87T,5,8.144644387675008,8.371733645057,8.371733645057,8.144644387675008,8.371733645057,8.371733645057,7.964440274989819,8.333302553317354,8.333302553317354,7.6843730738060065,8.27846222497842,8.27846222497842,7.856207409339107,8.273211028362915,8.273211028362915,7.636412044176268,8.33462549838222,8.33462549838222,7.951091272576877,8.319626566982603,8.319626566982603,7.1606790367391655,8.130129218145852,7.1606790367391655,0.21421402040868998,8.777666074655906
S31N:T57S:N59A:T71S:T76S,S31N:T57S:N59A:T71S:T76S,5,7.930456057463673,8.209082967237372,8.209082967237372,7.930456057463673,8.209082967237372,8.209082967237372,7.8848996592376,8.212903861579335,8.212903861579335,7.693598941776719,8.217287348083714,8.217287348083714,7.840230026603915,8.243215772371338,8.243215772371338,7.779406574513759,8.366838631765633,8.366838631765633,7.889253918279814,8.279638191206416,8.279638191206416,7.17181906558047,8.149665880160612,7.17181906558047,0.92766003170982,8.527695863909983
S30N:S31N:I52S:T76S,S30N:S31N:I52S:T76S,4,8.786252881335768,8.81238903425205,8.81238903425205,8.786252881335768,8.81238903425205,8.81238903425205,8.553285371256074,8.708865996749052,8.708865996749052,8.242804356630106,8.855138669887738,8.855138669887738,8.535481426848731,8.727691077744893,8.727691077744893,8.285713925547494,9.022220924632924,9.022220924632924,8.6375751122828,8.707645214189794,8.707645214189794,8.138418094650845,9.02310065205168,8.138418094650845,0.019290488213300705,8.793925638974384
A58T:T71S:S84N:R87T:Y95F,A58T:T71S:S84N:R87T:Y95F,5,7.896627003833386,8.017757564258202,8.017757564258202,7.896627003833386,8.017757564258202,8.017757564258202,7.632954418711896,8.035442511848014,8.035442511848014,7.309599324403457,7.793097034176549,7.793097034176549,7.6993432800184,8.120708052824066,8.120708052824066,6.8418563542822906,7.6796463927440115,7.6796463927440115,7.765068027711871,8.16967125016113,8.16967125016113,6.891300728927878,7.749672475741444,6.891300728927878,0.4122524047270417,8.841482378904942
F29S:S30N:I52S:T71S:T76S,F29S:S30N:I52S:T71S:T76S,5,8.168203854436845,8.282045875772871,8.282045875772871,8.168203854436845,8.282045875772871,8.282045875772871,7.882684918337605,8.12093759452255,8.12093759452255,7.706200747664466,8.242702956062118,8.242702956062118,7.984900394651773,8.24675342684616,8.24675342684616,7.193485009734031,8.048967768038263,8.048967768038263,8.077265130193801,8.32382658148196,8.32382658148196,7.275202873789512,8.140245723653694,7.275202873789512,0.24258507741615176,8.629749228517587
I52S:T57S:T76S:R87T:Y95F,I52S:T57S:T76S:R87T:Y95F,5,8.466999486034801,8.530979672891554,8.530979672891554,8.466999486034801,8.530979672891554,8.530979672891554,8.297194815515677,8.427215802001248,8.427215802001248,7.718596908055048,8.246238469021698,8.246238469021698,8.272897919360744,8.431567817728185,8.431567817728185,7.80926157714247,8.496549972574645,8.496549972574645,8.278692007565672,8.43139107327428,8.43139107327428,7.487331041535438,8.288948046014745,7.487331041535438,0.37169972341507673,8.832234047512992
S31N:A58T:N59A:K74I:S77N,S31N:A58T:N59A:K74I:S77N,5,8.337752435735062,8.489363767295766,8.489363767295766,8.337752435735062,8.489363767295766,8.489363767295766,8.246161443852756,8.538479454904325,8.538479454904325,7.846373642691664,8.344241150497444,8.344241150497444,8.176123021659714,8.526517027931275,8.526517027931275,7.4965856486194795,8.303934100855143,8.303934100855143,8.344550084874989,8.606078870528036,8.606078870528036,7.517540182824895,8.410989525600264,7.517540182824895,0.45019507268443704,8.828226722252339
S30N:I52S:T57S:S84N:R87T,S30N:I52S:T57S:S84N:R87T,5,8.506977433651972,8.607763915386839,8.607763915386839,8.506977433651972,8.607763915386839,8.607763915386839,8.406410595806916,8.633231950237654,8.633231950237654,7.838118251007216,8.425317832582467,8.425317832582467,8.289169108699719,8.50394023803399,8.50394023803399,7.3487674868350705,8.300408324482854,8.300408324482854,8.333637055726884,8.49950822147202,8.49950822147202,7.38900551936275,8.312753215058082,7.38900551936275,0.43128953082486987,9.022832793745746
S31N:A58T:S84N:Y95F:Y106S,S31N:A58T:S84N:Y95F:Y106S,5,8.188036969305145,8.28447337652797,8.28447337652797,8.188036969305145,8.28447337652797,8.28447337652797,7.909495179747761,8.251758453970542,8.251758453970542,7.786070279284702,8.263268767678106,8.263268767678106,7.781904930915653,8.190657380735834,8.190657380735834,7.287336147785969,8.015297375415326,8.015297375415326,7.882817003015145,8.284718730346299,8.284718730346299,7.094300940673579,7.961524903551453,7.094300940673579,0.7595903594046831,8.661681032577219
I52S:T57S:T76S:S84N:Y95F,I52S:T57S:T76S:S84N:Y95F,5,8.36230246099973,8.394361156775188,8.394361156775188,8.36230246099973,8.394361156775188,8.394361156775188,8.197285660712998,8.398480128928028,8.398480128928028,7.617375970434502,8.231489890576773,8.231489890576773,8.192314349482793,8.502919654471489,8.502919654471489,7.38707841452917,8.257720095627711,8.257720095627711,8.249826578524612,8.488595396057763,8.488595396057763,7.377947752324763,8.23149424019062,7.377947752324763,0.6967636393383145,8.880562836655674
S30N:I52S:N59A:S84N:R87T,S30N:I52S:N59A:S84N:R87T,5,8.324868095455342,8.437576099997237,8.437576099997237,8.324868095455342,8.437576099997237,8.437576099997237,7.98970335654264,8.232471658017031,8.232471658017031,7.723162551821772,8.32343547519515,8.32343547519515,7.933668418939782,8.254923833755091,8.254923833755091,6.90719232704225,7.98127013052983,7.98127013052983,8.024085461497954,8.294166923272574,8.294166923272574,7.114377175992857,8.041809563778848,7.114377175992857,0.835178623907268,8.744609341163793
A58T:T71S:T76S:S84N:Y95F,A58T:T71S:T76S:S84N:Y95F,5,7.943755371906408,8.045129673487656,8.045129673487656,7.943755371906408,8.045129673487656,8.045129673487656,7.768910469161313,8.11756572632455,8.11756572632455,7.4337428162966415,7.904344394597346,7.904344394597346,7.762355674075788,8.171927638329759,8.171927638329759,7.01450264706074,7.8075265104265785,7.8075265104265785,7.790831099436585,8.169564893792364,8.169564893792364,6.9957683881546915,7.812637139633897,6.9957683881546915,0.7301173394080251,8.717984192805272
S30N:I52S:T71S:Y95F,S30N:I52S:T71S:Y95F,4,8.456827063997515,8.464706752581865,8.464706752581865,8.456827063997515,8.464706752581865,8.464706752581865,8.48750854426629,8.569983592713251,8.569983592713251,8.269548415236923,8.642126121493776,8.642126121493776,8.56959136108593,8.711099196223921,8.711099196223921,8.272159674374423,8.86387077834561,8.86387077834561,8.505229060837086,8.570822273993095,8.570822273993095,8.080049149712217,8.903234260983686,8.080049149712217,0.3194538315292448,9.053819254598277
F29S:I52S:T71S:S84N:Y95F,F29S:I52S:T71S:S84N:Y95F,5,8.153503883128463,8.211896992448407,8.211896992448407,8.153503883128463,8.211896992448407,8.211896992448407,7.860017234578964,8.176859229601984,8.176859229601984,7.5489140664605365,8.112796867058044,8.112796867058044,7.869977656723115,8.17196662194765,8.17196662194765,6.669621356969728,7.799784876475751,7.799784876475751,7.913192891612303,8.235345846695452,8.235345846695452,7.063941342490278,7.97526818722718,7.063941342490278,0.8874236294068396,8.707275970398339
A58T:T76S:R87T:Y95F,A58T:T76S:R87T:Y95F,4,8.156078397029615,8.203587450013572,8.203587450013572,8.156078397029615,8.203587450013572,8.203587450013572,8.05491951249532,8.305179737331564,8.305179737331564,7.760762288392089,8.200430003666352,8.200430003666352,8.072701960515001,8.438477974424384,8.438477974424384,7.933422122952608,8.568139185640382,8.568139185640382,7.991779361565405,8.411831889457433,8.411831889457433,7.681049791715187,8.488961359701605,7.681049791715187,0.7884038263000548,8.880063019218822
S31N:I52S:T57S:T71S:T76S,S31N:I52S:T57S:T71S:T76S,5,8.577974698422807,8.716614440351483,8.716614440351483,8.577974698422807,8.716614440351483,8.716614440351483,8.567049217321994,8.706385974309349,8.706385974309349,8.175018117994826,8.705584242054554,8.705584242054554,8.447941812685935,8.663268435008503,8.663268435008503,8.101752999258094,8.749374691609878,8.749374691609878,8.524662407766995,8.658729529499556,8.658729529499556,7.705849278540191,8.628968812899238,7.705849278540191,0.5728924106806517,8.75700942038249
I52S:T76S:S77N:R87T:Y95F,I52S:T76S:S77N:R87T:Y95F,5,8.732698583245089,8.767982630622805,8.767982630622805,8.732698583245089,8.767982630622805,8.767982630622805,8.345745876936439,8.452641834023023,8.452641834023023,7.721395296362077,8.325470331900826,8.325470331900826,8.406410275840331,8.517510368475262,8.517510368475262,7.3179895925041265,8.221219647239334,8.221219647239334,8.324788057164485,8.431554661897213,8.431554661897213,7.34854514830308,8.248384752740504,7.34854514830308,0.22168491408228874,8.632083125518363
A58T:N59A:K74I:Y95F:Y106S,A58T:N59A:K74I:Y95F:Y106S,5,8.351505004619854,8.509749884522446,8.509749884522446,8.351505004619854,8.509749884522446,8.509749884522446,7.984814781987454,8.282540350095719,8.282540350095719,8.268125973676746,8.623748623105223,8.623748623105223,8.095956830271188,8.415515531612076,8.415515531612076,7.874140162086908,8.44684600939928,8.44684600939928,8.113668277218451,8.427020070576788,8.427020070576788,7.406801736890341,8.301401853135529,7.406801736890341,0.060366516932845116,8.97319116737885
I52S:T71S:T76S:R87T,I52S:T71S:T76S:R87T,4,8.699626035728784,8.837411019457857,8.837411019457857,8.699626035728784,8.837411019457857,8.837411019457857,8.562097263770628,8.684494728636071,8.684494728636071,8.497413622422402,9.02116375018857,9.02116375018857,8.497015918909476,8.737252704960238,8.737252704960238,8.220332332534898,9.035514514836933,9.035514514836933,8.534066291656,8.763378682400209,8.763378682400209,8.07267676914083,8.98993282771362,8.07267676914083,0.7351214366499335,8.76256018078725
S31N:N59A:T71S:T76S:S84N,S31N:N59A:T71S:T76S:S84N,5,8.001337166701992,8.180291998663707,8.180291998663707,8.001337166701992,8.180291998663707,8.180291998663707,7.884943940314078,8.221004265837326,8.221004265837326,7.597433988065957,8.107525832778224,8.107525832778224,7.815348315022158,8.258719633313921,8.258719633313921,7.080214806381145,7.859218523513677,7.859218523513677,7.887623962274331,8.292511025546444,8.292511025546444,7.069798241622709,7.890534337386713,7.069798241622709,0.26380029134452343,8.541365397796667
S30N:S31N:T57S:A58T:T76S,S30N:S31N:T57S:A58T:T76S,5,7.785413316757562,8.019317701794204,8.019317701794204,7.785413316757562,8.019317701794204,8.019317701794204,7.921519375345154,8.256989813376208,8.256989813376208,7.539654063653892,7.984799690696088,7.984799690696088,7.839612175510547,8.236686521861023,8.236686521861023,7.706587922845898,8.280766958207419,8.280766958207419,7.973073189848984,8.320576305577259,8.320576305577259,7.27017121781013,8.190253845036615,7.27017121781013,0.22356151416897774,8.65592403883577
S30N:S31N:I52S:T71S:Y106S,S30N:S31N:I52S:T71S:Y106S,5,8.48355699110094,8.560103855905812,8.560103855905812,8.48355699110094,8.560103855905812,8.560103855905812,8.306572270679183,8.429797699698247,8.429797699698247,7.9205012498181775,8.395146832139849,8.395146832139849,8.153300770423533,8.361929556438279,8.361929556438279,7.874855402331582,8.508670759520832,8.508670759520832,8.157721730556451,8.365667483570133,8.365667483570133,7.396012787318778,8.260550877843547,7.396012787318778,0.2516054231673479,9.086960207663894
I52S:N59A:S77N:R87T,I52S:N59A:S77N:R87T,4,8.483216688537375,8.803542971446264,8.803542971446264,8.483216688537375,8.803542971446264,8.803542971446264,8.2600842180949,8.591412583114666,8.591412583114666,8.047995132565424,8.705081771175703,8.705081771175703,8.372574411439295,8.732741859496123,8.732741859496123,7.64682117945466,8.768217719745182,8.768217719745182,8.341825709049479,8.651019547498578,8.651019547498578,7.81609255613074,8.931285884198251,7.81609255613074,0.43884275387972593,9.047455936811437
I52S:N59A:T71S:S77N:R87T,I52S:N59A:T71S:S77N:R87T,5,8.147449455534684,8.431993925111698,8.431993925111698,8.147449455534684,8.431993925111698,8.431993925111698,7.895485582007434,8.229285910776808,8.229285910776808,7.451226613391231,8.064682467431497,8.064682467431497,8.050574973475218,8.372279758868167,8.372279758868167,6.847179821619121,7.886510685098858,7.886510685098858,8.06971840031786,8.327221194494324,8.327221194494324,7.1227865726846185,8.090227861488307,7.1227865726846185,0.1325374839361757,8.915275044262609
F29S:S31N:I52S:Y95F,F29S:S31N:I52S:Y95F,4,8.426137764246214,8.560634981951994,8.560634981951994,8.426137764246214,8.560634981951994,8.560634981951994,8.317927297522388,8.674644391783822,8.674644391783822,7.984318208128944,8.80743667507571,8.80743667507571,8.255606989353154,8.567797663795504,8.567797663795504,7.5531815794027395,8.851062393252128,8.851062393252128,8.27520019576089,8.528301569669978,8.528301569669978,7.958954139279641,8.867162053222323,7.958954139279641,0.3882584588136524,8.237766341378087
A58T:T76S:S84N:R87T,A58T:T76S:S84N:R87T,4,8.251793775739353,8.355033273885832,8.355033273885832,8.251793775739353,8.355033273885832,8.355033273885832,8.110627838064783,8.43751920056875,8.43751920056875,7.954107632638372,8.43383425192966,8.43383425192966,8.144681035165329,8.519641386046892,8.519641386046892,7.62440701348396,8.440832360484073,8.440832360484073,8.118296370606933,8.532442848300809,8.532442848300809,7.6342718226611845,8.425632507817083,7.6342718226611845,0.4440386933274567,8.950464704278554
F29S:T71S:T76S:S77N:S84N,F29S:T71S:T76S:S77N:S84N,5,7.571019267321486,7.688864720021405,7.688864720021405,7.571019267321486,7.688864720021405,7.688864720021405,7.355474631209993,7.632492203010179,7.632492203010179,7.120256356784258,7.762349473903126,7.762349473903126,7.297079785037757,7.687900612011393,7.687900612011393,6.258687609987172,7.432031614731293,7.432031614731293,7.4129943766088715,7.805879212226074,7.805879212226074,6.695494711447155,7.732780036747524,6.695494711447155,0.7472249332349747,8.65080734369166
F29S:I52S:N59A:T71S:R87T,F29S:I52S:N59A:T71S:R87T,5,7.734761492525866,8.041271718005202,8.041271718005202,7.734761492525866,8.041271718005202,8.041271718005202,7.417121069871277,7.82176388280935,7.82176388280935,7.435672039101966,8.001124946830386,8.001124946830386,7.572742915418823,7.901008564735278,7.901008564735278,6.392123552131157,7.539086532680826,7.539086532680826,7.555284483888072,7.915987103026319,7.915987103026319,6.755445389981696,7.754337062407172,6.755445389981696,0.5266649909317493,8.780433415733322
S30N:A58T:T71S:S84N,S30N:A58T:T71S:S84N,4,7.959016596848729,8.087903321470879,8.087903321470879,7.959016596848729,8.087903321470879,8.087903321470879,7.960987749462272,8.227882118289486,8.227882118289486,8.075512065500574,8.464443769556524,8.464443769556524,8.009150928860741,8.335011837782945,8.335011837782945,7.648773580634483,8.415818332883088,8.415818332883088,8.058737408362855,8.459045891833705,8.459045891833705,7.682546538487699,8.437944963721709,7.682546538487699,0.947535764425993,8.886903861768443
I52S:N59A:T71S:T76S:S77N,I52S:N59A:T71S:T76S:S77N,5,8.012579936417703,8.211796419581956,8.211796419581956,8.012579936417703,8.211796419581956,8.211796419581956,7.894368606275659,8.16378120934667,8.16378120934667,7.631861542509456,8.140943814387475,8.140943814387475,8.042109550647421,8.332198342370368,8.332198342370368,7.1736593103030435,7.97469134297506,7.97469134297506,8.103121581154376,8.3446019410772,8.3446019410772,7.291104465429778,8.122458462658104,7.291104465429778,0.03588500199839473,8.683663579188227
S30N:S31N:T57S:N59A:T71S,S30N:S31N:T57S:N59A:T71S,5,7.78394621144943,8.124356098277248,8.124356098277248,7.78394621144943,8.124356098277248,8.124356098277248,7.7409043319898165,8.124675981225417,8.124675981225417,7.5318222246348085,8.098799265088909,8.098799265088909,7.7590780652079685,8.17917171172433,8.17917171172433,7.602359385114838,8.286527406427863,8.286527406427863,7.832841192338369,8.271838834116904,8.271838834116904,6.999728323391983,8.005632361382107,6.999728323391983,0.6634519193321466,8.969364149600588
S31N:A58T:N59A:R87T:Y106S,S31N:A58T:N59A:R87T:Y106S,5,7.703072302235213,7.992068148632168,7.992068148632168,7.703072302235213,7.992068148632168,7.992068148632168,7.582011203919183,8.031298715094099,8.031298715094099,7.417344544550916,7.930492111003912,7.930492111003912,7.589731998590127,8.049410425825876,8.049410425825876,7.347746153864376,8.11621315057887,8.11621315057887,7.698420412041789,8.164965702560602,8.164965702560602,6.840805977181439,7.907799321890244,6.840805977181439,0.016138532664626837,9.002040571014744
F29S:S31N:I52S:S84N,F29S:S31N:I52S:S84N,4,8.490531920252689,8.503512896310191,8.503512896310191,8.490531920252689,8.503512896310191,8.503512896310191,8.372277133487898,8.608658087032955,8.608658087032955,8.231632208262525,8.940526363843858,8.940526363843858,8.154957878868586,8.549739171352199,8.549739171352199,7.655914012313316,8.912720354877834,8.912720354877834,8.28110440684334,8.574857560011866,8.574857560011866,7.845312969865576,8.938976907735118,7.845312969865576,0.3849901461508125,8.492862080258506
I52S:N59A:R87T:Y95F:Y106S,I52S:N59A:R87T:Y95F:Y106S,5,8.25417426955097,8.317146448404303,8.317146448404303,8.25417426955097,8.317146448404303,8.317146448404303,7.920951962956163,8.20635429399944,8.20635429399944,7.855646974430349,8.309860991407211,8.309860991407211,7.988388643182072,8.281179125958019,8.281179125958019,7.600188773435008,8.324348304081731,8.324348304081731,7.953052673175606,8.251981144015595,8.251981144015595,7.298831342303023,8.1920798758311,7.298831342303023,0.0680177800823003,8.727107316420863
F29S:I52S:T71S:Y95F,F29S:I52S:T71S:Y95F,4,8.315045158691303,8.43988045433834,8.43988045433834,8.315045158691303,8.43988045433834,8.43988045433834,8.249169255451205,8.683853106065769,8.683853106065769,8.14962963130052,8.681309967820273,8.681309967820273,8.348917194065725,8.691612482569376,8.691612482569376,7.750908730831182,8.80173680723297,8.80173680723297,8.239686934919272,8.567952874311118,8.567952874311118,7.9142918544189165,8.829068941458445,7.9142918544189165,0.9489678449463099,8.677973340057566
S30N:I52S:T57S:T71S:S77N,S30N:I52S:T57S:T71S:S77N,5,8.072432895992957,8.231043210233942,8.231043210233942,8.072432895992957,8.231043210233942,8.231043210233942,8.279361017352471,8.500050177054012,8.500050177054012,7.588097177326826,8.100652060494768,8.100652060494768,8.374153160794148,8.593860478533054,8.593860478533054,7.353843461270233,8.073896386445815,8.073896386445815,8.33708610580355,8.500546549175255,8.500546549175255,7.37094316822308,8.199855794415685,7.37094316822308,0.8105736123397946,9.115896901897056
I52S:T57S:T71S:R87T,I52S:T57S:T71S:R87T,4,8.554655299836925,8.709095032198606,8.709095032198606,8.554655299836925,8.709095032198606,8.709095032198606,8.550485636263335,8.719413949070665,8.719413949070665,8.421697529399886,8.900878407283297,8.900878407283297,8.563333280713117,8.739485365245931,8.739485365245931,8.292465882365896,9.136961266471879,9.136961266471879,8.585154843932994,8.666445340153821,8.666445340153821,8.115662996796136,9.092758304004928,8.115662996796136,0.11300356313586235,9.193712061725435
S30N:T57S:A58T:T76S,S30N:T57S:A58T:T76S,4,7.657170351383279,7.949554666013819,7.949554666013819,7.657170351383279,7.949554666013819,7.949554666013819,7.89007368836941,8.260950999544416,8.260950999544416,7.795749732195024,8.194872439835153,8.194872439835153,7.961671211864138,8.304418321242405,8.304418321242405,8.001575484475895,8.508802089255207,8.508802089255207,8.038475649272812,8.336356723257593,8.336356723257593,7.795427696813162,8.65333288105128,7.795427696813162,0.7817908835131675,8.54597924438635
F29S:S30N:I52S:S77N,F29S:S30N:I52S:S77N,4,8.530548854773091,8.625320614346643,8.625320614346643,8.530548854773091,8.625320614346643,8.625320614346643,8.386094479119468,8.65363034525553,8.65363034525553,8.232461903286408,9.075586985880472,9.075586985880472,8.415069149805074,8.675409333838777,8.675409333838777,7.652406139335305,9.118544441128126,9.118544441128126,8.45043523395793,8.700282244859693,8.700282244859693,7.85424361223407,9.039594105711153,7.85424361223407,0.39058192539960146,8.726358148113889
I52S:T57S:T71S:S84N,I52S:T57S:T71S:S84N,4,8.45816834473107,8.670058850629708,8.670058850629708,8.45816834473107,8.670058850629708,8.670058850629708,8.531184047242832,8.785630291892936,8.785630291892936,8.444400711789314,8.956477286699181,8.956477286699181,8.482991936372905,8.762492890026728,8.762492890026728,8.06004763898212,8.93775783546186,8.93775783546186,8.525380866991195,8.769194808252065,8.769194808252065,8.055305287951319,8.812537484157032,8.055305287951319,0.7826217049732804,9.214546421021371
S30N:I52S:T57S:R87T:Y106S,S30N:I52S:T57S:R87T:Y106S,5,8.361270072277744,8.49512593721024,8.49512593721024,8.361270072277744,8.49512593721024,8.49512593721024,8.36789190725356,8.63395312189674,8.63395312189674,7.798967164845875,8.38807789979079,8.38807789979079,8.189366358665847,8.464636559043276,8.464636559043276,7.788583604818019,8.555925272775795,8.555925272775795,8.17055314605322,8.408157721269227,8.408157721269227,7.394230191172161,8.272246458330681,7.394230191172161,0.25881335604935884,8.868877895463305
N59A:T71S:T76S:Y106S,N59A:T71S:T76S:Y106S,4,8.016184732657631,8.391475042446956,8.391475042446956,8.016184732657631,8.391475042446956,8.391475042446956,7.899087275971962,8.3015308237209,8.3015308237209,8.19071879638012,8.681885967405726,8.681885967405726,7.966775115160209,8.482919717568201,8.482919717568201,7.993369195585384,8.698469825756717,8.698469825756717,7.956626251132213,8.503380113532916,8.503380113532916,7.660939357696137,8.78518507128337,7.660939357696137,0.2068669570144266,8.63563306496162
S30N:I52S:T76S:S77N:S84N,S30N:I52S:T76S:S77N:S84N,5,8.50231400496203,8.504097597465606,8.504097597465606,8.50231400496203,8.504097597465606,8.504097597465606,8.394262628993792,8.533366079669529,8.533366079669529,7.719453452701702,8.423265461101124,8.423265461101124,8.334964535671386,8.495078390301707,8.495078390301707,7.1301492348602125,8.253921517659432,8.253921517659432,8.323832320417315,8.484740427910484,8.484740427910484,7.2867104570310275,8.292146043335004,7.2867104570310275,0.28786381310783327,8.893912014117355
S30N:N59A:T71S:R87T:Y95F,S30N:N59A:T71S:R87T:Y95F,5,7.668256623834489,7.855832661466986,7.855832661466986,7.668256623834489,7.855832661466986,7.855832661466986,7.56784408452655,7.933774661259117,7.933774661259117,7.3122769350595185,7.80193967887924,7.80193967887924,7.653041262291649,8.077552248730036,8.077552248730036,7.3169488325497545,7.956793123619695,7.956793123619695,7.650596781342195,8.057850386278272,8.057850386278272,6.947084565722667,7.800664030984342,6.947084565722667,0.5394092928618193,8.830057305497846
F29S:T57S:K74I:S77N:R87T,F29S:T57S:K74I:S77N:R87T,5,8.14019721379583,8.322805153158813,8.322805153158813,8.14019721379583,8.322805153158813,8.322805153158813,8.087963438647167,8.425420439066707,8.425420439066707,7.449765813465977,8.212999127014598,8.212999127014598,8.407123808730285,8.706304574399008,8.706304574399008,6.659928421850335,7.93543573353979,7.93543573353979,8.418158728366626,8.738096171404022,8.738096171404022,7.499783337824932,8.547616553400475,7.499783337824932,0.9182157246395946,8.99015455470895
F29S:S30N:I52S:A58T:T71S,F29S:S30N:I52S:A58T:T71S,5,8.23570869354846,8.373087235686398,8.373087235686398,8.23570869354846,8.373087235686398,8.373087235686398,8.050017954639738,8.29348150527506,8.29348150527506,7.909170685423832,8.321823153601974,8.321823153601974,8.053215239639378,8.384721031736932,8.384721031736932,7.106438895708976,7.903251588767964,7.903251588767964,8.091714320075647,8.463474467616921,8.463474467616921,7.239667935759336,8.148934364096066,7.239667935759336,0.8359142765402794,8.662931309021753
F29S:S30N:S31N:I52S,F29S:S30N:S31N:I52S,4,8.6370724954143,8.633676721014854,8.633676721014854,8.6370724954143,8.633676721014854,8.633676721014854,8.371749281586053,8.657994782088222,8.657994782088222,8.162081043380507,8.97190213741082,8.97190213741082,8.256063996661615,8.608781733565374,8.608781733565374,7.765654850563138,9.058236399147823,9.058236399147823,8.372670707805572,8.629229549609217,8.629229549609217,7.970885997471018,8.99361866330013,7.970885997471018,0.07381953066214919,8.761054554947087
I52S:T71S:S77N:S84N,I52S:T71S:S77N:S84N,4,8.362886760913117,8.445719734588431,8.445719734588431,8.362886760913117,8.445719734588431,8.445719734588431,8.489502484043317,8.737472667372774,8.737472667372774,8.162147284886151,8.8285613465733,8.8285613465733,8.492053905769037,8.589798487676937,8.589798487676937,7.73421030627536,8.846240078468412,8.846240078468412,8.525594622160963,8.59693209019382,8.59693209019382,7.946874011526476,8.936699998936241,7.946874011526476,0.4583849268965423,8.673610666698902
F29S:I52S:T76S:S84N:R87T,F29S:I52S:T76S:S84N:R87T,5,8.436600030751206,8.594326084358983,8.594326084358983,8.436600030751206,8.594326084358983,8.594326084358983,7.876440514240986,8.198344539194629,8.198344539194629,7.714316424066846,8.462419890275624,8.462419890275624,7.917840812799428,8.20258212120753,8.20258212120753,6.729568388668154,8.075192304000174,8.075192304000174,7.960448873743584,8.253301146376673,8.253301146376673,7.027559748533043,8.107763945232174,7.027559748533043,0.8511981556657702,8.754058717291576
T76S:S77N:S84N:R87T,T76S:S77N:S84N:R87T,4,8.632387367296383,8.661788050433252,8.661788050433252,8.632387367296383,8.661788050433252,8.661788050433252,8.452157650094595,8.657628337046418,8.657628337046418,8.266610778607946,8.927080014436886,8.927080014436886,8.350862650697632,8.683103985239466,8.683103985239466,7.744232591073342,8.850891007976136,8.850891007976136,8.29742317382273,8.779426857604696,8.779426857604696,7.769769725164644,9.054170836903998,7.769769725164644,0.6341528806369752,8.648905708471656
F29S:S30N:I52S:S77N:S84N,F29S:S30N:I52S:S77N:S84N,5,8.365091192263598,8.434287584726297,8.434287584726297,8.365091192263598,8.434287584726297,8.434287584726297,8.089945078812123,8.355484411252297,8.355484411252297,7.630116426322043,8.369787945727413,8.369787945727413,8.006744347531223,8.31364300204641,8.31364300204641,6.625152728767319,8.00136043872285,8.00136043872285,8.107119879246977,8.382660625316973,8.382660625316973,7.0141492824540155,8.175348907540428,7.0141492824540155,0.8006701755803078,8.754403918406512
S30N:A58T:T71S:S84N:Y95F,S30N:A58T:T71S:S84N:Y95F,5,7.7415713726797275,7.8645065377293335,7.8645065377293335,7.7415713726797275,7.8645065377293335,7.8645065377293335,7.647311152216381,7.973811710261065,7.973811710261065,7.4635374542519095,7.918105183063876,7.918105183063876,7.681997865514031,8.084162270030154,8.084162270030154,6.968335836037614,7.731903965408462,7.731903965408462,7.721798718044014,8.116391698636457,8.116391698636457,6.952690056339925,7.760772774808091,6.952690056339925,0.6778952737804502,8.868461816238833
I52S:S77N:S84N:Y106S,I52S:S77N:S84N:Y106S,4,8.489403023918355,8.486040388256809,8.486040388256809,8.489403023918355,8.486040388256809,8.486040388256809,8.461647292036394,8.664204599803902,8.664204599803902,8.20303841356647,9.169562536560916,9.169562536560916,8.412294553587754,8.60327305967973,8.60327305967973,7.957750635853977,9.25605689819893,9.25605689819893,8.344652538512586,8.615274814060992,8.615274814060992,7.878485403633688,8.969859972273985,7.878485403633688,0.772912728600204,8.787002595868067
T57S:N59A:T76S:S77N:S84N,T57S:N59A:T76S:S77N:S84N,5,7.625623941015605,7.78408681186538,7.78408681186538,7.625623941015605,7.78408681186538,7.78408681186538,7.517779185850339,7.924848026600128,7.924848026600128,7.093486785294484,7.64537513145479,7.64537513145479,7.574340470903883,8.013705299800458,8.013705299800458,6.525008389081226,7.45806982972811,7.45806982972811,7.565009588573206,8.00077293906613,8.00077293906613,6.7434442673679085,7.6369448760952485,6.7434442673679085,0.9077976513653994,8.531412240762503
T57S:N59A:T76S:R87T,T57S:N59A:T76S:R87T,4,8.078947670985603,8.326971713349826,8.326971713349826,8.078947670985603,8.326971713349826,8.326971713349826,7.981452002198467,8.369946358352404,8.369946358352404,7.884048726234933,8.38815336211502,8.38815336211502,7.966592231412134,8.39082288502002,8.39082288502002,7.981647471533737,8.646543619255835,8.646543619255835,7.989119283106946,8.42827297391577,8.42827297391577,7.678996002181227,8.540963344210638,7.678996002181227,0.3184720284771174,8.623019224353449
F29S:I52S:T57S:N59A:R87T,F29S:I52S:T57S:N59A:R87T,5,7.511083698797048,7.797362651875109,7.797362651875109,7.511083698797048,7.797362651875109,7.797362651875109,7.30227370605485,7.708048089736336,7.708048089736336,7.091678503478238,7.734125723392416,7.734125723392416,7.537360010647993,7.954614613005574,7.954614613005574,6.220406973079738,7.378630151022481,7.378630151022481,7.556495383299009,7.972969664593491,7.972969664593491,6.745208568600345,7.808200932639751,6.745208568600345,0.15737024042755365,9.16180975975238
F29S:I52S:T76S:R87T,F29S:I52S:T76S:R87T,4,8.465946312938053,8.776255369301442,8.776255369301442,8.465946312938053,8.776255369301442,8.776255369301442,8.153896786120425,8.490192240822378,8.490192240822378,8.337590422775948,9.10484282773145,9.10484282773145,8.289497519868714,8.560846724082165,8.560846724082165,7.7748162337799425,9.132662758847072,9.132662758847072,8.282799186558625,8.674208877596254,8.674208877596254,7.855550508890942,8.966379966366233,7.855550508890942,0.1658961004577577,8.589222308640725
F29S:T57S:N59A:S77N,F29S:T57S:N59A:S77N,4,6.854211663210302,7.4210669308388635,7.4210669308388635,6.854211663210302,7.4210669308388635,7.4210669308388635,6.814386606488633,7.503388574150772,7.503388574150772,6.672844893411885,7.698382001247751,7.698382001247751,7.0494787471833735,7.599251141553584,7.599251141553584,6.14710398811468,8.026440857655956,8.026440857655956,7.107721802958391,7.5681655621961585,7.5681655621961585,6.864409707094088,7.884971679442063,6.864409707094088,0.0072244459297508,8.772592175211868
I52S:T71S:T76S:S77N:R87T,I52S:T71S:T76S:S77N:R87T,5,8.554593627939678,8.690869386444625,8.690869386444625,8.554593627939678,8.690869386444625,8.690869386444625,8.369220617813077,8.501848303551613,8.501848303551613,7.801483492678281,8.40108203128583,8.40108203128583,8.359240559770539,8.513446330733437,8.513446330733437,7.267752539533045,8.199429888111004,8.199429888111004,8.338526829788231,8.463464847233876,8.463464847233876,7.378480324142315,8.299857739864954,7.378480324142315,0.38320002565160394,8.733036822575443
S30N:T57S:T76S:Y95F:Y106S,S30N:T57S:T76S:Y95F:Y106S,5,7.690016613550479,7.812823516679817,7.812823516679817,7.690016613550479,7.812823516679817,7.812823516679817,7.746971903577618,8.035323637816688,8.035323637816688,7.273556746559242,7.769970536205714,7.769970536205714,7.753456185525778,8.16098436820418,8.16098436820418,7.613517062274784,8.157594801955804,8.157594801955804,7.818244792611905,8.240904444317994,8.240904444317994,7.111682498758724,7.9621827927496795,7.111682498758724,0.16888069570995867,8.796537574404491
S31N:N59A:S77N:Y95F,S31N:N59A:S77N:Y95F,4,8.058515846311012,8.276276182844303,8.276276182844303,8.058515846311012,8.276276182844303,8.276276182844303,7.9982755953392015,8.514217071955303,8.514217071955303,7.71794852250042,8.248412342985045,8.248412342985045,8.029467947808813,8.501419245319047,8.501419245319047,7.6998738393192685,8.444811433577714,8.444811433577714,8.091617030190811,8.447335450155931,8.447335450155931,7.717184923511823,8.631361251591008,7.717184923511823,0.7838125778362155,8.923262720831147
I52S:N59A:T71S:T76S,I52S:N59A:T71S:T76S,4,8.318456015336457,8.49091827922284,8.49091827922284,8.318456015336457,8.49091827922284,8.49091827922284,8.2472812989144,8.51525661532813,8.51525661532813,8.432471221271532,8.878304858281302,8.878304858281302,8.32313640631616,8.595554834653097,8.595554834653097,8.190597910596649,8.928794708873987,8.928794708873987,8.35502032230955,8.569082144184312,8.569082144184312,8.04442852293051,8.949685735966169,8.04442852293051,0.6683115719351918,8.626094075548675
F29S:I52S:A58T:Y95F,F29S:I52S:A58T:Y95F,4,8.336360068823867,8.479706058958646,8.479706058958646,8.336360068823867,8.479706058958646,8.479706058958646,8.219342025709196,8.583219242742592,8.583219242742592,7.998953237649513,8.567187854351573,8.567187854351573,8.299464820552265,8.650643840470568,8.650643840470568,7.502939959751602,8.613971160050573,8.613971160050573,8.2637257234485,8.829681600155823,8.829681600155823,7.883929818913202,8.840236494916441,7.883929818913202,0.9081343947909772,8.691996349266619
F29S:I52S:T76S:Y95F,F29S:I52S:T76S:Y95F,4,8.286854648830014,8.50081176363027,8.50081176363027,8.286854648830014,8.50081176363027,8.50081176363027,8.029483463702325,8.438034100143215,8.438034100143215,7.942128194001855,8.740433269627651,8.740433269627651,8.230163566122691,8.555231384909302,8.555231384909302,7.6015868376123255,8.844995062129971,8.844995062129971,8.222457582910767,8.59734449647841,8.59734449647841,7.91029726949942,8.980317764114051,7.91029726949942,0.4314099340699613,8.385488021850996
A58T:T71S:T76S:S77N,A58T:T71S:T76S:S77N,4,8.024683013158345,8.164072952016985,8.164072952016985,8.024683013158345,8.164072952016985,8.164072952016985,8.054309276004643,8.30436799285619,8.30436799285619,7.960858545192577,8.428046645146342,8.428046645146342,8.054083720158609,8.422685368608558,8.422685368608558,7.8091124415123705,8.51727141197179,8.51727141197179,8.084599689674505,8.422064914783418,8.422064914783418,7.773992433895119,8.586693833389422,7.773992433895119,0.2993553285486996,8.484121698164445
I52S:R87T:Y95F:Y106S,I52S:R87T:Y95F:Y106S,4,8.611348198439336,8.602892560815711,8.602892560815711,8.611348198439336,8.602892560815711,8.602892560815711,8.435967157877023,8.62887854596375,8.62887854596375,8.288839598867911,8.786678537500386,8.786678537500386,8.426376275094167,8.627609578468807,8.627609578468807,8.241638694472464,8.928798814855167,8.928798814855167,8.371006612040523,8.574626250810102,8.574626250810102,8.019983531294308,8.824463524987147,8.019983531294308,0.15508680930361152,8.408302582801353
S30N:I52S:S84N:R87T,S30N:I52S:S84N:R87T,4,8.758813526167271,8.78120769699097,8.78120769699097,8.758813526167271,8.78120769699097,8.78120769699097,8.586515843230805,8.726612324298184,8.726612324298184,8.405130889145987,9.044500912082658,9.044500912082658,8.487203732812818,8.633672555378928,8.633672555378928,7.978666400680294,9.10834318887213,9.10834318887213,8.50233122367771,8.608614682512354,8.608614682512354,7.991881160916018,8.98792478075807,7.991881160916018,0.5170696533750743,9.019637030487212
S31N:N59A:T76S:S77N:Y95F,S31N:N59A:T76S:S77N:Y95F,5,7.985427421494988,8.119174823781849,8.119174823781849,7.985427421494988,8.119174823781849,8.119174823781849,7.780541226603312,8.095499124586462,8.095499124586462,7.311845219232138,7.788925956978047,7.788925956978047,7.803881357484517,8.199526051352318,8.199526051352318,7.239982542505788,7.911278480479569,7.911278480479569,7.864793388953447,8.220082941476894,8.220082941476894,7.142764583624319,7.971654934699351,7.142764583624319,0.21623289585113525,8.741663771687177
I52S:N59A:T76S:S84N:Y95F,I52S:N59A:T76S:S84N:Y95F,5,8.297481489225362,8.308069432475417,8.308069432475417,8.297481489225362,8.308069432475417,8.308069432475417,7.961802216371125,8.186435598270194,8.186435598270194,7.772525240038288,8.217843866761084,8.217843866761084,8.077200699916702,8.31849554572344,8.31849554572344,7.115963068442568,7.93136174142349,7.93136174142349,8.093200884699938,8.343649974716966,8.343649974716966,7.247828876386083,8.007809203502145,7.247828876386083,0.8685352592729032,8.60260495180435
A58T:T71S:S84N:Y95F,A58T:T71S:S84N:Y95F,4,8.143865497804466,8.258500760276151,8.258500760276151,8.143865497804466,8.258500760276151,8.258500760276151,8.038103879503758,8.41605777563356,8.41605777563356,8.008633893581068,8.439972683476686,8.439972683476686,8.016790304092616,8.469599303507572,8.469599303507572,7.663163353627953,8.481224021604197,8.481224021604197,8.055980951876247,8.440112689096429,8.440112689096429,7.667887645571557,8.455625730803547,7.667887645571557,0.9134858578909189,8.812744324437755
S30N:S31N:A58T:T76S:S77N,S30N:S31N:A58T:T76S:S77N,5,7.910216125533542,8.017219633084224,8.017219633084224,7.910216125533542,8.017219633084224,8.017219633084224,7.944386978974932,8.223685297557832,8.223685297557832,7.46137310509277,7.954851434605702,7.954851434605702,7.872881786643693,8.26721971636373,8.26721971636373,7.325579563351151,8.010681672648372,8.010681672648372,7.938912058632065,8.299416456402396,8.299416456402396,7.203928928311554,8.136759124134207,7.203928928311554,0.2526261447928846,8.779580108541472
S30N:I52S:N59A:R87T:Y95F,S30N:I52S:N59A:R87T:Y95F,5,8.243286575386989,8.262118065125186,8.262118065125186,8.243286575386989,8.262118065125186,8.262118065125186,7.928619714325269,8.121785626647304,8.121785626647304,7.695663642521899,8.119828992508536,8.119828992508536,8.032561540347452,8.245108620390836,8.245108620390836,7.503841284491102,8.220290600226154,8.220290600226154,8.067129500938815,8.257517842815325,8.257517842815325,7.323333250276192,8.162734982825137,7.323333250276192,0.9797887969762087,8.808845499833774
F29S:S31N:I52S:R87T:Y95F,F29S:S31N:I52S:R87T:Y95F,5,8.250748034817285,8.375442491267028,8.375442491267028,8.250748034817285,8.375442491267028,8.375442491267028,8.003812112697446,8.253751056600956,8.253751056600956,7.415575180797568,8.011792340197838,8.011792340197838,8.006113217210437,8.232041783567446,8.232041783567446,6.742911422238687,7.729888220858072,7.729888220858072,7.995985902112849,8.228236175699065,8.228236175699065,7.243273175141182,8.16590010697744,7.243273175141182,0.04997375560924411,8.285633530300787
I52S:T57S:T76S:Y95F:Y106S,I52S:T57S:T76S:Y95F:Y106S,5,8.109491007632258,8.17042741279958,8.17042741279958,8.109491007632258,8.17042741279958,8.17042741279958,8.04437656500296,8.298992233807983,8.298992233807983,7.561315801302575,8.081133848607022,8.081133848607022,8.055515556130002,8.320407828014849,8.320407828014849,7.838431206472748,8.479130648205727,8.479130648205727,8.0385862792903,8.302803225915115,8.302803225915115,7.367584634979158,8.228353421660026,7.367584634979158,0.6098041790537536,8.796154333863853
F29S:S30N:S31N:I52S:N59A,F29S:S30N:S31N:I52S:N59A,5,7.846430350357061,8.019661432208343,8.019661432208343,7.846430350357061,8.019661432208343,8.019661432208343,7.46118835803901,7.825156028090398,7.825156028090398,7.059317575730962,7.731988755981549,7.731988755981549,7.428069840921662,7.836159690147216,7.836159690147216,6.365458329723741,7.484804912268215,7.484804912268215,7.601221401448301,7.960720191704745,7.960720191704745,6.869775149590264,7.805396978955145,6.869775149590264,0.2482754949014634,8.77594936304366
S30N:I52S:N59A:S84N,S30N:I52S:N59A:S84N,4,8.37081321202072,8.28807055116972,8.28807055116972,8.37081321202072,8.28807055116972,8.28807055116972,8.20550482733397,8.337969613971161,8.337969613971161,8.27336823007959,8.767877919526402,8.767877919526402,8.16500894964116,8.48233201404791,8.48233201404791,7.76712811205274,8.849648651024662,8.849648651024662,8.234175466971555,8.545040744833035,8.545040744833035,7.804123654412896,8.709606088302088,7.804123654412896,0.5602279261220247,8.847268476407908
S30N:T57S:N59A:T76S:Y106S,S30N:T57S:N59A:T76S:Y106S,5,7.313826746882086,7.593478418249679,7.593478418249679,7.313826746882086,7.593478418249679,7.593478418249679,7.290234783458599,7.734499072666793,7.734499072666793,7.221129898386597,7.711590932156175,7.711590932156175,7.444313942989583,7.903905325672255,7.903905325672255,7.363452452802208,7.927656834630786,7.927656834630786,7.526255059348546,7.961489711323806,7.961489711323806,6.859391475886728,7.726312923989835,6.859391475886728,0.9515051760245115,8.518320058029945
F29S:I52S:A58T:N59A:R87T,F29S:I52S:A58T:N59A:R87T,5,7.603391030207162,7.966749579455357,7.966749579455357,7.603391030207162,7.966749579455357,7.966749579455357,7.289365956355068,7.747332974903724,7.747332974903724,7.196281538330323,7.852087513935391,7.852087513935391,7.555793247482729,8.069378293759593,8.069378293759593,6.102670064331002,7.388395877732158,7.388395877732158,7.574304284109834,8.054688997291061,8.054688997291061,6.682950929892048,7.737763944022342,6.682950929892048,0.3144414199050516,8.822872676981202
T57S:A58T:S84N:R87T:Y106S,T57S:A58T:S84N:R87T:Y106S,5,7.9395895801667695,8.128683187620531,8.128683187620531,7.9395895801667695,8.128683187620531,8.128683187620531,7.803717700720324,8.181923662940388,8.181923662940388,7.696317602016797,8.163595733395272,8.163595733395272,7.7864873359788085,8.196357700693534,8.196357700693534,7.075890641475339,7.837674130765238,7.837674130765238,7.759216496706467,8.261095087172906,8.261095087172906,6.991853395726691,7.8790142548869495,6.991853395726691,0.39330541156232357,8.799487004564517
S30N:A58T:T76S:S84N:R87T,S30N:A58T:T76S:S84N:R87T,5,7.855074944146737,8.021134149727493,8.021134149727493,7.855074944146737,8.021134149727493,8.021134149727493,7.701685285227771,8.049723497902603,8.049723497902603,7.2798902789675015,7.8133339827599135,7.8133339827599135,7.803101615799454,8.159786571003533,8.159786571003533,6.837811842426925,7.670390681610908,7.670390681610908,7.830667169164995,8.207199592890749,8.207199592890749,6.953243306673128,7.846194580299474,6.953243306673128,0.8058300977572799,8.576660255581812
S31N:I52S:T76S:S77N:Y95F,S31N:I52S:T76S:S77N:Y95F,5,8.706865492176373,8.685325188858943,8.685325188858943,8.706865492176373,8.685325188858943,8.685325188858943,8.44311147502509,8.560040169959635,8.560040169959635,7.729587191004706,8.34019873179066,8.34019873179066,8.46778907000111,8.605953360506978,8.605953360506978,7.544081081558042,8.394325857841764,8.394325857841764,8.512206720196092,8.626163214142354,8.626163214142354,7.570926292176905,8.421952828039176,7.570926292176905,0.08248522924259305,8.597073106932495
S31N:N59A:T71S:S77N,S31N:N59A:T71S:S77N,4,7.880015770879241,8.144673869214337,8.144673869214337,7.880015770879241,8.144673869214337,8.144673869214337,7.910801051350198,8.317917246656032,8.317917246656032,7.6066456521541275,8.223086906268282,8.223086906268282,8.003688731826566,8.488350573207262,8.488350573207262,7.571437894553313,8.378430061728176,8.378430061728176,8.052885193829459,8.51668126957681,8.51668126957681,7.64185213940919,8.471878483238015,7.64185213940919,0.7273806305602193,8.912051314990466
F29S:S30N:I52S:T57S:N59A,F29S:S30N:I52S:T57S:N59A,5,7.436791967616896,7.746461304441857,7.746461304441857,7.436791967616896,7.746461304441857,7.746461304441857,7.219986738809714,7.70351695566032,7.70351695566032,7.004558994238067,7.695352328107911,7.695352328107911,7.402806788696396,7.891956891493754,7.891956891493754,6.3284742906880975,7.439930268330915,7.439930268330915,7.5463650627875625,8.048574645837833,8.048574645837833,6.78598819235019,7.787287074413592,6.78598819235019,0.8293035260867327,8.914809311799903
A58T:T76S:S77N:Y106S,A58T:T76S:S77N:Y106S,4,8.003402194784922,8.13080992165373,8.13080992165373,8.003402194784922,8.13080992165373,8.13080992165373,8.0183749769282,8.292512172910385,8.292512172910385,8.047583480516373,8.553663120860572,8.553663120860572,8.03901093149381,8.348646198080344,8.348646198080344,7.826426093986333,8.535242981944721,8.535242981944721,7.998839778684886,8.468511871381265,8.468511871381265,7.649787838375541,8.529563777912855,7.649787838375541,0.6760968226008117,8.748682010486563
S30N:T57S:A58T:K74I:T76S,S30N:T57S:A58T:K74I:T76S,5,8.0651116087593,8.188962592505776,8.188962592505776,8.0651116087593,8.188962592505776,8.188962592505776,8.30075631090307,8.511823029226814,8.511823029226814,7.9275364968143895,8.261260251651061,8.261260251651061,8.395838960158592,8.572728564805907,8.572728564805907,7.914475512945316,8.48985568204286,8.48985568204286,8.494728910785986,8.592969814392719,8.592969814392719,7.788036974867096,8.603984323443528,7.788036974867096,0.5478623737581074,8.422156352158357
T57S:A58T:T76S:S77N:S84N,T57S:A58T:T76S:S77N:S84N,5,7.791561068456827,7.833563728128422,7.833563728128422,7.791561068456827,7.833563728128422,7.833563728128422,7.840184257285596,8.10947642902518,8.10947642902518,7.447410775453704,7.891740610219725,7.891740610219725,7.759634891151722,8.118840655644615,8.118840655644615,6.879593317548221,7.73665298990773,7.73665298990773,7.722168456135905,8.116791009309821,8.116791009309821,7.006784360858147,7.876197448195339,7.006784360858147,0.3308372606988996,8.657334679178803
S31N:A58T:S77N:R87T:Y95F,S31N:A58T:S77N:R87T:Y95F,5,8.147037150077336,8.260800662207885,8.260800662207885,8.147037150077336,8.260800662207885,8.260800662207885,7.977756078775334,8.26868762953372,8.26868762953372,7.403285397001446,7.9489251739135325,7.9489251739135325,7.89857164915535,8.23256534198551,8.23256534198551,7.155693765096766,7.953699530475273,7.953699530475273,7.895353540853447,8.245854605227477,8.245854605227477,7.060981165032782,7.9289228458280325,7.060981165032782,0.07026417925953865,8.828641981146962
F29S:I52S:N59A:R87T:Y95F,F29S:I52S:N59A:R87T:Y95F,5,7.595265835944693,7.796211083373655,7.796211083373655,7.595265835944693,7.796211083373655,7.796211083373655,7.239761699035293,7.585765356195694,7.585765356195694,7.049437350874093,7.590100908363375,7.590100908363375,7.565478371524047,7.920002198484937,7.920002198484937,6.08117638248633,7.1550147709389735,7.1550147709389735,7.497035246249427,7.912147623081448,7.912147623081448,6.76889924526085,7.6835475367981605,6.76889924526085,0.574273538775742,8.616851411126094
N59A:T76S:S77N:R87T,N59A:T76S:S77N:R87T,4,8.221698802497555,8.413828481303836,8.413828481303836,8.221698802497555,8.413828481303836,8.413828481303836,7.97037386332266,8.333197312514093,8.333197312514093,7.92779660936439,8.422567729130863,8.422567729130863,7.992254814250055,8.389442680547774,8.389442680547774,7.618288393472246,8.50318424627619,8.50318424627619,7.979633879940334,8.503634816366736,8.503634816366736,7.608437382762891,8.485069989039886,7.608437382762891,0.06985862064175308,8.820017443928757
S30N:S31N:I52S:S77N:Y106S,S30N:S31N:I52S:S77N:Y106S,5,8.57867203229109,8.56827972460005,8.56827972460005,8.57867203229109,8.56827972460005,8.56827972460005,8.387176696484362,8.558389460148227,8.558389460148227,7.703926145722344,8.276759237042087,8.276759237042087,8.255579365792592,8.476661202573283,8.476661202573283,7.540646045300537,8.368531078406345,8.368531078406345,8.204580187025051,8.427209421966666,8.427209421966666,7.376452850058356,8.245404091095512,7.376452850058356,0.26516402466222644,9.04080112160689
T76S:S84N:Y95F:Y106S,T76S:S84N:Y95F:Y106S,4,8.442300138255812,8.553868289503555,8.553868289503555,8.442300138255812,8.553868289503555,8.553868289503555,8.191313306615259,8.503422514402464,8.503422514402464,8.124673218549407,9.064603253491537,9.064603253491537,8.196996983084118,8.586867367017803,8.586867367017803,7.929482639888882,8.994364101137752,8.994364101137752,8.19766990617605,8.595040387101644,8.595040387101644,7.797774893672407,8.788133646795432,7.797774893672407,0.9512599299196154,9.058727882072375
S30N:T57S:A58T:T71S:S77N,S30N:T57S:A58T:T71S:S77N,5,7.521777906264922,7.749324791804724,7.749324791804724,7.521777906264922,7.749324791804724,7.749324791804724,7.687687714650689,8.035804027324597,8.035804027324597,7.497318163016523,7.88903825716713,7.88903825716713,7.733043222949185,8.100825013984151,8.100825013984151,7.168271821618685,7.824200042997582,7.824200042997582,7.735210101081966,8.064697428442198,8.064697428442198,7.062750955865679,7.873029789667767,7.062750955865679,0.4250964948441833,8.694511706252294
N59A:T71S:T76S:S84N:R87T,N59A:T71S:T76S:S84N:R87T,5,8.068102482766303,8.304232454805737,8.304232454805737,8.068102482766303,8.304232454805737,8.304232454805737,7.74041965452282,8.093808887767066,8.093808887767066,7.580839077628839,8.14452909300393,8.14452909300393,7.653445844351149,8.127022773436465,8.127022773436465,6.80586767157207,7.75694938893706,7.75694938893706,7.740634797579109,8.192285617776566,8.192285617776566,6.86890231343591,7.820858034827506,6.86890231343591,0.3327847416512668,8.662687557907164
S31N:T57S:A58T:S77N:Y106S,S31N:T57S:A58T:S77N:Y106S,5,8.052753707740685,8.218079802567427,8.218079802567427,8.052753707740685,8.218079802567427,8.218079802567427,8.040329156283226,8.340646546744894,8.340646546744894,7.763168531533366,8.260211264833655,8.260211264833655,7.911756967146511,8.323834680768945,8.323834680768945,7.3863088779524375,8.090912425903097,8.090912425903097,7.893893834938042,8.315995756177923,8.315995756177923,7.177917967779044,8.106733182847409,7.177917967779044,0.5333632435649633,8.778480160838123
S31N:I52S:T76S:S77N,S31N:I52S:T76S:S77N,4,8.771235592174838,8.611332966794189,8.611332966794189,8.771235592174838,8.611332966794189,8.611332966794189,8.684147300496875,8.665927376185122,8.665927376185122,8.300852229735206,8.937523000404749,8.937523000404749,8.681541440980897,8.710004931547232,8.710004931547232,8.142584287474712,9.103802458093257,9.103802458093257,8.691550648107107,8.774780807900564,8.774780807900564,8.172725711894016,9.10982632704256,8.172725711894016,0.03798399004153907,9.068600461336445
S31N:A58T:S77N:S84N:Y95F,S31N:A58T:S77N:S84N:Y95F,5,8.16342103328811,8.258173581497777,8.258173581497777,8.16342103328811,8.258173581497777,8.258173581497777,8.051841913149781,8.401560177992828,8.401560177992828,7.589665533827379,8.158874081704667,8.158874081704667,7.814972667947658,8.245661123642318,8.245661123642318,6.885210293731394,7.836865124086424,7.836865124086424,7.929611227173798,8.292869788578207,8.292869788578207,7.04868621467948,7.954007785380445,7.04868621467948,0.4046787563711405,8.59575999357614
T71S:T76S:S77N:R87T:Y106S,T71S:T76S:S77N:R87T:Y106S,5,8.09891744323641,8.421079055862995,8.421079055862995,8.09891744323641,8.421079055862995,8.421079055862995,8.019040008175011,8.385136106794034,8.385136106794034,7.554395562654854,8.287999536355048,8.287999536355048,7.940806213805995,8.32017076654844,8.32017076654844,7.1525157131845045,8.04087566401576,8.04087566401576,7.88596591102665,8.289150580291377,8.289150580291377,7.029816028231596,8.063529380225864,7.029816028231596,0.10194956650957465,8.697387728559493
F29S:T57S:N59A:K74I:S84N,F29S:T57S:N59A:K74I:S84N,5,7.795055767155802,7.944574441654561,7.944574441654561,7.795055767155802,7.944574441654561,7.944574441654561,7.5510512031497,7.955271420773925,7.955271420773925,7.336253094393935,7.859610314408351,7.859610314408351,7.618509298958643,7.961877395481003,7.961877395481003,6.101095864619941,7.153187211906059,7.153187211906059,7.730366317747563,8.05308843781848,8.05308843781848,6.961255872615043,7.74769243074489,6.961255872615043,0.8915515448898077,8.81186644939516
N59A:S84N:Y95F:Y106S,N59A:S84N:Y95F:Y106S,4,8.1516501843095,8.196055341194196,8.196055341194196,8.1516501843095,8.196055341194196,8.196055341194196,7.913619336704514,8.443620799306887,8.443620799306887,8.17703627624237,8.640537291467428,8.640537291467428,7.947126013779096,8.491955638702164,8.491955638702164,7.735255791200391,8.672433471989532,8.672433471989532,7.958071682177301,8.526009376800896,8.526009376800896,7.642589998259479,8.543429982416797,7.642589998259479,0.4884162740781903,8.926050443295129
T57S:A58T:T71S:S84N,T57S:A58T:T71S:S84N,4,8.115663542875295,8.349905917378015,8.349905917378015,8.115663542875295,8.349905917378015,8.349905917378015,8.112094580045047,8.439746541857229,8.439746541857229,8.287936237782134,8.64682742909119,8.64682742909119,8.046160944032778,8.396804122320717,8.396804122320717,7.7672028968393505,8.50762540930598,8.50762540930598,8.089298160817979,8.553963620080843,8.553963620080843,7.757671672108104,8.501313433006375,7.757671672108104,0.07027174136601388,9.063692001880238
S30N:I52S:S77N:S84N,S30N:I52S:S77N:S84N,4,8.666325977470388,8.655649109132366,8.655649109132366,8.666325977470388,8.655649109132366,8.655649109132366,8.674750472254228,8.804741214696271,8.804741214696271,8.427972973337022,9.087462513376174,9.087462513376174,8.543606636235834,8.694775417941992,8.694775417941992,7.950401374210107,9.202898615907932,9.202898615907932,8.505458196608949,8.611587471323206,8.611587471323206,7.9474216156205815,8.975527965946826,7.9474216156205815,0.022508654044941068,9.048751468705083
N59A:R87T:Y95F:Y106S,N59A:R87T:Y95F:Y106S,4,8.141626398400454,8.288346441535914,8.288346441535914,8.141626398400454,8.288346441535914,8.288346441535914,8.012391488854828,8.505432259916649,8.505432259916649,8.10085602917897,8.567986685211471,8.567986685211471,8.02477048278655,8.575125470330674,8.575125470330674,8.00083088910025,8.759896015197567,8.759896015197567,7.998523603839185,8.53129269505808,8.53129269505808,7.7211844677897306,8.737539385549447,7.7211844677897306,0.6157793365418911,8.90797080299004
F29S:T57S:K74I:R87T:Y95F,F29S:T57S:K74I:R87T:Y95F,5,8.132803930609168,8.234177239263206,8.234177239263206,8.132803930609168,8.234177239263206,8.234177239263206,8.058780791649385,8.347065518168503,8.347065518168503,7.44838816322007,8.002037038958845,8.002037038958845,8.247879757374875,8.496255157945031,8.496255157945031,6.89684982765285,7.816383898699979,7.816383898699979,8.246402050878926,8.571041721028013,8.571041721028013,7.541193305348697,8.415346683434853,7.541193305348697,0.9133957442827523,8.791355836017257
I52S:T57S:N59A:S84N:Y106S,I52S:T57S:N59A:S84N:Y106S,5,8.04053862903012,8.149270160935007,8.149270160935007,8.04053862903012,8.149270160935007,8.149270160935007,7.950699812225054,8.263577250027005,8.263577250027005,7.719617248038156,8.250801368198667,8.250801368198667,7.9160292558037595,8.285277577718544,8.285277577718544,7.212197525500988,8.118698265659742,8.118698265659742,7.855828137232917,8.25203532417112,8.25203532417112,7.137192014609083,8.014547838944393,7.137192014609083,0.008489153580740094,8.844599862060516
A58T:T76S:S77N:S84N,A58T:T76S:S77N:S84N,4,8.149781002441685,8.125316668100918,8.125316668100918,8.149781002441685,8.125316668100918,8.125316668100918,8.180004087232392,8.446813997952322,8.446813997952322,8.082235297209788,8.61633827026364,8.61633827026364,8.101832895824343,8.521826131067101,8.521826131067101,7.672330955377913,8.626086227845251,8.626086227845251,8.090666842620022,8.494809455602123,8.494809455602123,7.70549452559942,8.671923321878849,7.70549452559942,0.01082940585911274,8.414642132551991
I52S:T57S:S84N:Y95F,I52S:T57S:S84N:Y95F,4,8.53043527360491,8.52498313955187,8.52498313955187,8.53043527360491,8.52498313955187,8.52498313955187,8.483732984861707,8.606578739718172,8.606578739718172,8.294553837289541,8.857332540212807,8.857332540212807,8.450939267430217,8.734980823722093,8.734980823722093,8.088529038330934,9.006266945461817,9.006266945461817,8.51538250301356,8.69306950150386,8.69306950150386,8.052346966377065,8.869550698992855,8.052346966377065,0.9665547562763095,8.61944369768124
T57S:A58T:N59A:T76S:R87T,T57S:A58T:N59A:T76S:R87T,5,7.470115704674207,7.747518847070112,7.747518847070112,7.470115704674207,7.747518847070112,7.747518847070112,7.408912839733192,7.802881624663389,7.802881624663389,7.284796715004871,7.7350957767187705,7.7350957767187705,7.453691226917911,7.8339705999894695,7.8339705999894695,7.297780766592865,7.963571645050444,7.963571645050444,7.436745734440998,7.816194229003934,7.816194229003934,6.808780518608883,7.748976335309482,6.808780518608883,0.3045992173720151,8.81849883716245
F29S:S30N:A58T:K74I:S77N,F29S:S30N:A58T:K74I:S77N,5,8.042490155895774,8.04496525287733,8.04496525287733,8.042490155895774,8.04496525287733,8.04496525287733,7.900336280124186,8.076787528717931,8.076787528717931,7.6500744675539645,8.145279400746947,8.145279400746947,7.935281017657162,8.16899222409171,8.16899222409171,6.648708432904825,7.671231449652203,7.671231449652203,8.053957696517237,8.262741728886805,8.262741728886805,7.3776719899313425,8.270755105502342,7.3776719899313425,0.8755050227046013,8.622190858936854
S31N:N59A:S77N:Y106S,S31N:N59A:S77N:Y106S,4,7.995300927704785,8.512198044732608,8.512198044732608,7.995300927704785,8.512198044732608,8.512198044732608,7.947571291402578,8.572607001692804,8.572607001692804,7.7544204042725084,8.587247159696776,8.587247159696776,8.045654025506277,8.587373848610707,8.587373848610707,7.708960116761425,8.660257779313879,8.660257779313879,8.07429211867393,8.57497728480374,8.57497728480374,7.682372058639963,8.729251056238231,7.682372058639963,0.48747529136016965,8.593131460396023
I52S:T71S:T76S:S84N:Y95F,I52S:T71S:T76S:S84N:Y95F,5,8.395474058890258,8.412637202291142,8.412637202291142,8.395474058890258,8.412637202291142,8.412637202291142,8.181168240612685,8.340567581487722,8.340567581487722,7.759719955924009,8.308348603944998,8.308348603944998,8.24299987451409,8.432918861640363,8.432918861640363,7.3274858513185315,8.215588300640437,8.215588300640437,8.323281425253246,8.450194805899269,8.450194805899269,7.4240839506361995,8.220758930611161,7.4240839506361995,0.8271937342360616,8.775531587627606
I52S:T71S:T76S:S77N:Y95F,I52S:T71S:T76S:S77N:Y95F,5,8.266353149110254,8.375762223622194,8.375762223622194,8.266353149110254,8.375762223622194,8.375762223622194,8.169929951030673,8.336142407793268,8.336142407793268,7.589864468430541,8.189439312611382,8.189439312611382,8.305789613560654,8.450429616717656,8.450429616717656,7.3782963727043125,8.168445561972026,8.168445561972026,8.344959118819125,8.45658521252585,8.45658521252585,7.454845384532314,8.291461671123297,7.454845384532314,0.32614301005378366,8.757954196445121
I52S:N59A:S77N:S84N:R87T,I52S:N59A:S77N:S84N:R87T,5,8.34420753070248,8.552516430340287,8.552516430340287,8.34420753070248,8.552516430340287,8.552516430340287,8.066122594707117,8.372412922962685,8.372412922962685,7.527074670157068,8.22946647173135,8.22946647173135,8.102431692890143,8.408677328265457,8.408677328265457,6.529674440577036,7.819153349840726,7.819153349840726,8.087876424195533,8.373377302724334,8.373377302724334,6.988946298958976,8.010357166760489,6.988946298958976,0.6294459307100624,8.815256587608099
I52S:T57S:T76S:S77N:Y106S,I52S:T57S:T76S:S77N:Y106S,5,8.072333556033751,8.175964378952234,8.175964378952234,8.072333556033751,8.175964378952234,8.175964378952234,8.099605311382412,8.342962904313376,8.342962904313376,7.387105698504184,8.073958960798452,8.073958960798452,8.174294162134183,8.409237199265126,8.409237199265126,7.410646089068603,8.23358956905758,8.23358956905758,8.081884245540346,8.348514700933798,8.348514700933798,7.249107698158616,8.165621276953683,7.249107698158616,0.10102135501801968,8.92305175486368
S30N:A58T:T71S:Y95F,S30N:A58T:T71S:Y95F,4,7.960582972678696,8.168136214413815,8.168136214413815,7.960582972678696,8.168136214413815,8.168136214413815,8.021784027245713,8.296323002830988,8.296323002830988,7.92382106304793,8.41759591524049,8.41759591524049,8.063417145851904,8.42546831633492,8.42546831633492,8.011595652678304,8.623250112230341,8.623250112230341,7.990298664758686,8.402572951499158,8.402572951499158,7.729544783383993,8.673700756449762,7.729544783383993,0.5689264871180058,8.989417358910186
F29S:S30N:S31N:I52S:T71S,F29S:S30N:S31N:I52S:T71S,5,8.46416372040838,8.499725847728559,8.499725847728559,8.46416372040838,8.499725847728559,8.499725847728559,8.236685619062307,8.404530781681634,8.404530781681634,7.791027305328134,8.258250790684471,8.258250790684471,8.052802018312484,8.306934213941489,8.306934213941489,7.19991522037959,8.023608496766744,8.023608496766744,8.091073686372424,8.295118212657679,8.295118212657679,7.306358017451748,8.179278229779486,7.306358017451748,0.09312216867692769,8.770402488197387
F29S:N59A:T76S:S77N:S84N,F29S:N59A:T76S:S77N:S84N,5,6.95916063983905,7.090224236739005,7.090224236739005,6.95916063983905,7.090224236739005,7.090224236739005,6.645343197119971,7.032056152906221,7.032056152906221,6.532961491280817,7.045655470521506,7.045655470521506,6.7348330705629165,7.2500895600798305,7.2500895600798305,5.308746800687168,6.355182223749932,6.355182223749932,6.826204425261334,7.3301718036616625,7.3301718036616625,6.119480124954272,6.990349722781485,6.119480124954272,0.2563417435158044,8.46797586654127
S30N:I52S:S77N:S84N:Y95F,S30N:I52S:S77N:S84N:Y95F,5,8.52105278626039,8.541145946743224,8.541145946743224,8.52105278626039,8.541145946743224,8.541145946743224,8.329813149569326,8.5252842229064,8.5252842229064,7.719120741357439,8.399656591960067,8.399656591960067,8.306695114426493,8.507111622150877,8.507111622150877,7.09254657827777,8.21633245836477,8.21633245836477,8.32183823751679,8.472649770443367,8.472649770443367,7.263667521281547,8.215321625324314,7.263667521281547,0.00030286237597465515,8.835450568130288
T57S:N59A:R87T:Y106S,T57S:N59A:R87T:Y106S,4,8.091831276480557,8.315108521020294,8.315108521020294,8.091831276480557,8.315108521020294,8.315108521020294,8.03708651120743,8.480478695135092,8.480478695135092,7.997225175207877,8.488717015162495,8.488717015162495,8.026634295430707,8.51155642564698,8.51155642564698,7.9462312762523055,8.62102901230842,8.62102901230842,8.015352040274841,8.561143865330301,8.561143865330301,7.652981530653824,8.64293894289338,7.652981530653824,0.7675501396879554,8.780961649508203
T57S:A58T:T71S:Y95F,T57S:A58T:T71S:Y95F,4,8.090337374628115,8.245956616912652,8.245956616912652,8.090337374628115,8.245956616912652,8.245956616912652,8.120043542553182,8.3661300913523,8.3661300913523,8.128138451310532,8.502930256632428,8.502930256632428,8.04012168894822,8.50121504296247,8.50121504296247,8.179147495828278,8.801867643511818,8.801867643511818,7.990988940285733,8.477736868050636,8.477736868050636,7.816477782268008,8.898842329725941,7.816477782268008,0.26016046828590333,8.94225805109339
F29S:S30N:A58T:K74I:S84N,F29S:S30N:A58T:K74I:S84N,5,8.077829029356446,8.047932681810618,8.047932681810618,8.077829029356446,8.047932681810618,8.047932681810618,7.72344836212689,7.839684683624518,7.839684683624518,7.63330748605618,8.108785211551009,8.108785211551009,7.786422673148862,8.035555171003386,8.035555171003386,6.537332719727169,7.567978839712168,7.567978839712168,7.985230059503775,8.203431591825947,8.203431591825947,7.311737027713958,8.235006898598774,7.311737027713958,0.49606402358040214,8.572376731903478
F29S:A58T:T71S:K74I:R87T,F29S:A58T:T71S:K74I:R87T,5,7.966919678449401,8.037012753433302,8.037012753433302,7.966919678449401,8.037012753433302,8.037012753433302,7.789800112898744,7.988002278839252,7.988002278839252,7.659476581506678,8.093655761791961,8.093655761791961,7.966775113870875,8.143207546464255,8.143207546464255,6.888760077612292,7.820589501415122,7.820589501415122,7.995336907514533,8.161008526972438,8.161008526972438,7.256470167046621,8.138455444874634,7.256470167046621,0.6492226186674088,8.807519632318398
A58T:R87T:Y95F:Y106S,A58T:R87T:Y95F:Y106S,4,8.107375779509674,8.23600378796593,8.23600378796593,8.107375779509674,8.23600378796593,8.23600378796593,8.018991605261888,8.399545088746288,8.399545088746288,7.982960598166104,8.394753040137676,8.394753040137676,8.055411918101225,8.461022656720532,8.461022656720532,7.948456649369502,8.566493096069744,8.566493096069744,8.007754160729624,8.50978656514778,8.50978656514778,7.669761791140166,8.529062932843472,7.669761791140166,0.6305469835642725,8.843785554443471
A58T:T76S:S84N:Y95F:Y106S,A58T:T76S:S84N:Y95F:Y106S,5,7.887320003230789,7.964300210187247,7.964300210187247,7.887320003230789,7.964300210187247,7.964300210187247,7.6334545647497585,7.99618606291702,7.99618606291702,7.4533924614801075,7.987198758987626,7.987198758987626,7.692090810152978,8.092171608661443,8.092171608661443,7.065729112568876,7.836478818050688,7.836478818050688,7.665441330557649,8.124877217428832,8.124877217428832,6.894300732745992,7.7272260538312185,6.894300732745992,0.5298697531688958,8.875331922167783
A58T:T76S:S77N:R87T:Y106S,A58T:T76S:S77N:R87T:Y106S,5,7.934413032375982,8.05829635318181,8.05829635318181,7.934413032375982,8.05829635318181,8.05829635318181,7.825081948747204,8.135460932707929,8.135460932707929,7.487644781914788,8.032136208470199,8.032136208470199,7.839236490747908,8.151167101638267,8.151167101638267,7.071508079075674,7.832868102381323,7.832868102381323,7.700122238278916,8.12249247505105,8.12249247505105,6.858747189629489,7.855948177503716,6.858747189629489,0.04198473202995956,8.81266583143859
T57S:A58T:N59A:T71S:S77N,T57S:A58T:N59A:T71S:S77N,5,7.333975759112416,7.60239320338736,7.60239320338736,7.333975759112416,7.60239320338736,7.60239320338736,7.206256196132385,7.603317199928363,7.603317199928363,7.144538383643717,7.618001522942892,7.618001522942892,7.322031498237063,7.706194066871589,7.706194066871589,6.844383827001095,7.648791490839396,7.648791490839396,7.369953278437906,7.71355344599709,7.71355344599709,6.721636769960294,7.612865024919448,6.721636769960294,0.7508205869235098,8.622175592575987
I52S:T57S:T71S:Y95F:Y106S,I52S:T57S:T71S:Y95F:Y106S,5,8.145575625853972,8.213776749047492,8.213776749047492,8.145575625853972,8.213776749047492,8.213776749047492,8.114003214343631,8.327629013438901,8.327629013438901,7.886147594770674,8.275269037129268,8.275269037129268,8.121260260509116,8.404440101034231,8.404440101034231,7.926545336192014,8.551208416530123,8.551208416530123,8.07308177496522,8.35582439000256,8.35582439000256,7.4351562002475955,8.332239652700725,7.4351562002475955,0.2331758241634816,8.77023026497512
S30N:T57S:A58T:T76S:S77N,S30N:T57S:A58T:T76S:S77N,5,7.4431894942360435,7.604752293863221,7.604752293863221,7.4431894942360435,7.604752293863221,7.604752293863221,7.645445325773891,7.968411251913845,7.968411251913845,7.293790653686424,7.699485154391845,7.699485154391845,7.671671020151109,7.998360747398888,7.998360747398888,7.21447885275365,7.871234874547317,7.871234874547317,7.707416633377049,8.022721745952245,8.022721745952245,7.081590196473963,7.949023735886243,7.081590196473963,0.5376225956715643,8.51383500003782
I52S:T71S:R87T:Y106S,I52S:T71S:R87T:Y106S,4,8.54960229901786,8.735657373551591,8.735657373551591,8.54960229901786,8.735657373551591,8.735657373551591,8.471839654654326,8.662512980711574,8.662512980711574,8.348385624088724,8.882043096811655,8.882043096811655,8.365533605574132,8.618000744567878,8.618000744567878,8.140535132302192,8.850775147980784,8.850775147980784,8.332853157949527,8.580078806843945,8.580078806843945,7.944632180487821,8.752772068998537,7.944632180487821,0.017014662269502878,8.835573232058826
F29S:N59A:T71S:K74I:R87T,F29S:N59A:T71S:K74I:R87T,5,7.900514411443295,8.100046801823183,8.100046801823183,7.900514411443295,8.100046801823183,8.100046801823183,7.71026108587843,8.041373783213745,8.041373783213745,7.62676530091616,8.10280573029278,8.10280573029278,7.878435564775078,8.149570249900869,8.149570249900869,6.677427503676343,7.674839220162097,7.674839220162097,7.937945752911912,8.206949929744344,8.206949929744344,7.144796205351504,8.080604509148712,7.144796205351504,0.977014422416687,8.74015917956964
S30N:I52S:T57S:S77N:Y106S,S30N:I52S:T57S:S77N:Y106S,5,8.164503100029256,8.202721204328727,8.202721204328727,8.164503100029256,8.202721204328727,8.202721204328727,8.206731786255192,8.389655105485605,8.389655105485605,7.5496947340591944,8.070952277580073,8.070952277580073,8.166476150692258,8.390411485808624,8.390411485808624,7.463610303629996,8.213075766795331,8.213075766795331,8.082051360382179,8.325839114687845,8.325839114687845,7.271296866725184,8.122525100744813,7.271296866725184,0.9870001305826008,8.968414627281094
I52S:N59A:T71S:Y95F:Y106S,I52S:N59A:T71S:Y95F:Y106S,5,8.049935833966355,8.185096035358734,8.185096035358734,8.049935833966355,8.185096035358734,8.185096035358734,7.817754927905478,8.131741473436268,8.131741473436268,7.962829062729676,8.38041486133024,8.38041486133024,7.9441158949120085,8.26321475318276,8.26321475318276,7.732620522630706,8.318460134674242,8.318460134674242,7.899320442341599,8.226643626445219,8.226643626445219,7.318225537486037,8.146019109583257,7.318225537486037,0.8587570406962186,8.93329616451249
F29S:I52S:N59A:S84N,F29S:I52S:N59A:S84N,4,7.891456175804588,8.067716058717124,8.067716058717124,7.891456175804588,8.067716058717124,8.067716058717124,7.737313003531402,8.081411904901248,8.081411904901248,7.883327557863973,8.369753376726294,8.369753376726294,7.7707841282640375,8.197228915997076,8.197228915997076,6.984729756127337,8.140594312881195,8.140594312881195,7.848179219371142,8.442172455129771,8.442172455129771,7.368998826778256,8.206847482377592,7.368998826778256,0.6181181820575148,8.730209356920055
T71S:T76S:S77N:S84N,T71S:T76S:S77N:S84N,4,8.228598049713952,8.350285389646686,8.350285389646686,8.228598049713952,8.350285389646686,8.350285389646686,8.23851072041913,8.472485930592606,8.472485930592606,8.06399056510439,8.716519338952988,8.716519338952988,8.211392161422287,8.538442643858438,8.538442643858438,7.680632515379869,8.687474179221095,8.687474179221095,8.279354979303717,8.567505177306215,8.567505177306215,7.823975159876772,8.65400432398012,7.823975159876772,0.907248278381303,8.674533814119306
S31N:A58T:T76S:S77N,S31N:A58T:T76S:S77N,4,8.236402248953526,8.274795680515805,8.274795680515805,8.236402248953526,8.274795680515805,8.274795680515805,8.29075040733616,8.513940024076497,8.513940024076497,8.03022544662614,8.551115279816917,8.551115279816917,8.189456594124392,8.674962829650424,8.674962829650424,7.967312883702412,8.693817597165491,8.693817597165491,8.215397021822165,8.649436507149048,8.649436507149048,7.888085622792095,8.906534136256443,7.888085622792095,0.4347920585423708,9.045039155432159
A58T:S77N:R87T:Y106S,A58T:S77N:R87T:Y106S,4,8.138933276583195,8.220908285787466,8.220908285787466,8.138933276583195,8.220908285787466,8.220908285787466,8.056859527015469,8.37355300579829,8.37355300579829,8.006552968554542,8.519075216260969,8.519075216260969,8.103623604958207,8.434112165454769,8.434112165454769,7.658021429864198,8.427440110892702,8.427440110892702,8.02203446621381,8.480189018220864,8.480189018220864,7.605566008172081,8.66724260288973,7.605566008172081,0.27945606387220323,8.829428177866928
S30N:A58T:T71S:Y106S,S30N:A58T:T71S:Y106S,4,7.9598151721431885,8.262814394603595,8.262814394603595,7.9598151721431885,8.262814394603595,8.262814394603595,7.939336894599522,8.324690489143832,8.324690489143832,8.203352624556977,8.682454317892907,8.682454317892907,7.991907097304709,8.351637343227813,8.351637343227813,7.982531853575496,8.625540384506685,8.625540384506685,7.9952260658198595,8.52542981255851,8.52542981255851,7.65839144507928,8.684503756293728,7.65839144507928,0.3772686100564897,9.051990798783914
S31N:T57S:N59A:T76S:S84N,S31N:T57S:N59A:T76S:S84N,5,8.012431044626869,8.235641430841365,8.235641430841365,8.012431044626869,8.235641430841365,8.235641430841365,7.943110324146323,8.291955618733606,8.291955618733606,7.495176002165671,8.030414980800188,8.030414980800188,7.812287747436307,8.298262575560248,8.298262575560248,7.120647065616449,7.890542149447922,7.890542149447922,7.829071907723665,8.26022307831059,8.26022307831059,7.046687925603818,7.862824549520818,7.046687925603818,0.8726618038490415,8.560568469880963
S30N:I52S:T76S:S84N:Y106S,S30N:I52S:T76S:S84N:Y106S,5,8.26619320467214,8.298029959660228,8.298029959660228,8.26619320467214,8.298029959660228,8.298029959660228,8.008164704281462,8.177111362932433,8.177111362932433,7.559998473936655,8.208645636855929,8.208645636855929,7.982022253854186,8.251714660207695,8.251714660207695,7.320086555629756,8.190242628445256,8.190242628445256,8.003121923578345,8.275346070712466,8.275346070712466,7.179974898475164,8.077375283132191,7.179974898475164,0.6632893776986748,8.689904971278294
N59A:T76S:R87T:Y95F:Y106S,N59A:T76S:R87T:Y95F:Y106S,5,8.008878465081962,8.170426858022106,8.170426858022106,8.008878465081962,8.170426858022106,8.170426858022106,7.7553233599360665,8.108786925351971,8.108786925351971,7.676564062525894,8.150321903144926,8.150321903144926,7.7187041733653174,8.127986034494159,8.127986034494159,7.493077872423932,8.105840986308891,8.105840986308891,7.656719066966577,8.109031890414254,8.109031890414254,7.0099794651148075,7.919888612625583,7.0099794651148075,0.9075998128391802,8.802918876764611
T57S:N59A:Y95F:Y106S,T57S:N59A:Y95F:Y106S,4,8.020984330825739,8.179557602415498,8.179557602415498,8.020984330825739,8.179557602415498,8.179557602415498,7.931206371743683,8.302133527007507,8.302133527007507,8.035047018259881,8.336862490040664,8.336862490040664,7.949450384216247,8.49667289679865,8.49667289679865,8.108959854043382,8.693320336522461,8.693320336522461,7.901316769124374,8.479967760153656,8.479967760153656,7.717156699055722,8.71965556185074,7.717156699055722,0.3965033972635865,8.621693555369632
S30N:A58T:T71S:S84N:R87T,S30N:A58T:T71S:S84N:R87T,5,7.724560017789264,7.939359054410448,7.939359054410448,7.724560017789264,7.939359054410448,7.939359054410448,7.628395339182939,8.005786733249726,8.005786733249726,7.373788281362023,7.887341504809504,7.887341504809504,7.734323308292003,8.138687918674991,8.138687918674991,6.816872586789625,7.659384000535316,7.659384000535316,7.813387210901791,8.217663022568088,8.217663022568088,6.938145896221252,7.850367002555036,6.938145896221252,0.9546137654688209,8.809133489972606
F29S:S31N:T57S:T76S:S84N,F29S:S31N:T57S:T76S:S84N,5,7.674062919074118,7.902075668718073,7.902075668718073,7.674062919074118,7.902075668718073,7.902075668718073,7.464744424650621,7.832463518057285,7.832463518057285,7.08627199342949,7.746529099994451,7.746529099994451,7.225293906089106,7.683514312329298,7.683514312329298,6.337268919744142,7.403214311837745,7.403214311837745,7.362880271663843,7.753534724298817,7.753534724298817,6.8452961800862235,7.786908604654226,6.8452961800862235,0.941367102554068,8.810765054179251
S30N:T57S:A58T:K74I,S30N:T57S:A58T:K74I,4,8.424676932134487,8.499736675975635,8.499736675975635,8.424676932134487,8.499736675975635,8.499736675975635,8.558564609663142,8.704023461971312,8.704023461971312,8.645135803294629,8.865163325343982,8.865163325343982,8.580722356366076,8.646242634744354,8.646242634744354,8.427247644706318,8.84456817287025,8.84456817287025,8.654023083792064,8.526978039973335,8.526978039973335,8.356396774883592,9.010212594550687,8.356396774883592,0.5355094284750521,8.396301064434075
A58T:N59A:T71S:K74I:R87T,A58T:N59A:T71S:K74I:R87T,5,8.179358757050895,8.360675599138123,8.360675599138123,8.179358757050895,8.360675599138123,8.360675599138123,7.987951997445267,8.277473374696786,8.277473374696786,8.025542064587807,8.419825156939407,8.419825156939407,8.1364315494227,8.405275913346685,8.405275913346685,7.584628244363577,8.341376358592193,8.341376358592193,8.282319015173893,8.506661736964938,8.506661736964938,7.396153543799546,8.303259274673307,7.396153543799546,0.5736533585004508,8.800375006149109
T57S:A58T:S77N:S84N:Y95F,T57S:A58T:S77N:S84N:Y95F,5,7.868948081950122,7.940708264886068,7.940708264886068,7.868948081950122,7.940708264886068,7.940708264886068,7.74642400991368,8.036952379576563,8.036952379576563,7.4455440986480035,7.945405321769994,7.945405321769994,7.5917484674572275,7.9492720351572945,7.9492720351572945,6.7882511525166125,7.738237850317986,7.738237850317986,7.64679545966053,8.008971990100234,8.008971990100234,6.924396263709527,7.821755688995562,6.924396263709527,0.876928947865963,8.763312779339884
I52S:N59A:T71S:T76S:Y95F,I52S:N59A:T71S:T76S:Y95F,5,8.122507277708445,8.241815054190388,8.241815054190388,8.122507277708445,8.241815054190388,8.241815054190388,7.940460326046505,8.183295631697344,8.183295631697344,7.9390140749843905,8.367123282382483,8.367123282382483,8.099515295493754,8.334351672972517,8.334351672972517,7.730707252044387,8.335173377119858,8.335173377119858,8.099555817893526,8.339749288361183,8.339749288361183,7.464517618225837,8.271254205214397,7.464517618225837,0.4620966548100114,8.68744669353299
I52S:T57S:Y95F:Y106S,I52S:T57S:Y95F:Y106S,4,8.475453430554305,8.45387613679994,8.45387613679994,8.475453430554305,8.45387613679994,8.45387613679994,8.424230030750593,8.601497074951904,8.601497074951904,8.252167940552003,8.607223102759571,8.607223102759571,8.401248149252574,8.647386672664743,8.647386672664743,8.41111507896845,9.097883281250361,9.097883281250361,8.376771847166985,8.622395462349644,8.622395462349644,8.09357476873416,8.984576715169688,8.09357476873416,0.8951551034115255,8.858782756095966
S30N:I52S:T71S:S77N:Y95F,S30N:I52S:T71S:S77N:Y95F,5,8.224597458007544,8.326411808562163,8.326411808562163,8.224597458007544,8.326411808562163,8.326411808562163,8.264678703112827,8.419307066178353,8.419307066178353,7.584470185336766,8.111255179134698,8.111255179134698,8.357747684493518,8.515468405277005,8.515468405277005,7.323569672725656,8.05716464839566,8.05716464839566,8.295527654598871,8.410886321304766,8.410886321304766,7.36325327992088,8.171376010766263,7.36325327992088,0.5272879702970386,8.997053998607061
S30N:S31N:A58T:S77N:R87T,S30N:S31N:A58T:S77N:R87T,5,8.058643955028293,8.152067174980228,8.152067174980228,8.058643955028293,8.152067174980228,8.152067174980228,8.023573432475049,8.276130690297823,8.276130690297823,7.4996737753521465,7.974289603612266,7.974289603612266,7.966877325228596,8.350773639068477,8.350773639068477,7.187926325033638,7.916881268413991,7.916881268413991,7.9546473790364285,8.323902465685832,8.323902465685832,7.1443821944990455,8.038093408960941,7.1443821944990455,0.5068386511411518,8.684205071965145
S31N:I52S:T76S:Y95F:Y106S,S31N:I52S:T76S:Y95F:Y106S,5,8.580320437215565,8.637610607952922,8.637610607952922,8.580320437215565,8.637610607952922,8.637610607952922,8.244983119974146,8.419525916832962,8.419525916832962,7.769643671042525,8.342429891236241,8.342429891236241,8.217152357653822,8.436987268947952,8.436987268947952,7.926211933587993,8.618719829412528,8.618719829412528,8.250246350443716,8.418991059670661,8.418991059670661,7.507355908134164,8.387191383229274,7.507355908134164,0.7557234331034124,8.675897816076422
S30N:I52S:T57S:T76S,S30N:I52S:T57S:T76S,4,8.309744388572803,8.547061980004084,8.547061980004084,8.309744388572803,8.547061980004084,8.547061980004084,8.40984499298211,8.77609124713196,8.77609124713196,8.080626602108913,8.787443110647535,8.787443110647535,8.44520854675149,8.751881279806549,8.751881279806549,8.250383612749594,9.049014072242041,9.049014072242041,8.549806617955852,8.70244029127127,8.70244029127127,8.059807517551052,8.928024074823314,8.059807517551052,0.7316674208268523,8.904152197649433
S31N:A58T:S77N:S84N,S31N:A58T:S77N:S84N,4,8.225404468930403,8.298731981798259,8.298731981798259,8.225404468930403,8.298731981798259,8.298731981798259,8.339155253954619,8.642806382242114,8.642806382242114,8.14766010027545,8.704111486270898,8.704111486270898,8.152017552398066,8.556005614028516,8.556005614028516,7.6724066452515425,8.617548824580734,8.617548824580734,8.21591864424307,8.548171343580723,8.548171343580723,7.796826054268056,8.644867293783435,7.796826054268056,0.5758097779471427,8.629869948337134
I52S:T57S:T76S:R87T:Y106S,I52S:T57S:T76S:R87T:Y106S,5,8.413432030523332,8.569171235424436,8.569171235424436,8.413432030523332,8.569171235424436,8.569171235424436,8.3516096863727,8.64517814638958,8.64517814638958,7.774123092818672,8.390752539565817,8.390752539565817,8.19907785952784,8.473196514961725,8.473196514961725,7.749176276254918,8.517168539200586,8.517168539200586,8.128215762327603,8.414803075876623,8.414803075876623,7.327430469972651,8.184426185081895,7.327430469972651,0.5285748769529164,8.923161594706459
T57S:A58T:N59A:S84N:Y95F,T57S:A58T:N59A:S84N:Y95F,5,7.51526929702119,7.663040271292805,7.663040271292805,7.51526929702119,7.663040271292805,7.663040271292805,7.391313860140492,7.735844014361551,7.735844014361551,7.417968561097739,7.803467278906029,7.803467278906029,7.289923835306276,7.721738525585986,7.721738525585986,6.823657360112147,7.550316940642049,7.550316940642049,7.322464323579915,7.75335996391719,7.75335996391719,6.710397712055945,7.50739391156122,6.710397712055945,0.1186705008149147,8.837186865574013
I52S:S77N:R87T:Y106S,I52S:S77N:R87T:Y106S,4,8.664319708236887,8.680500409393774,8.680500409393774,8.664319708236887,8.680500409393774,8.680500409393774,8.543467047477506,8.70436792699938,8.70436792699938,8.20772595309019,8.890575671883465,8.890575671883465,8.512243205382363,8.71607180716251,8.71607180716251,7.897967039765872,8.833988339086043,8.833988339086043,8.36620273082316,8.58918392455044,8.58918392455044,7.874088410420157,8.904671973982978,7.874088410420157,0.009556175209581852,8.647427057786027
I52S:T76S:S84N:R87T:Y106S,I52S:T76S:S84N:R87T:Y106S,5,8.634008476591232,8.68092406072773,8.68092406072773,8.634008476591232,8.68092406072773,8.68092406072773,8.308753059149163,8.501274617707075,8.501274617707075,7.772211801728071,8.478053439729802,8.478053439729802,8.163103188384195,8.38775333009992,8.38775333009992,7.314008381459795,8.307330790535486,8.307330790535486,8.082293595356836,8.346891033197528,8.346891033197528,7.213665128211728,8.096646785037514,7.213665128211728,0.8592838421463966,8.787667855261798
S31N:A58T:N59A:T71S:S84N,S31N:A58T:N59A:T71S:S84N,5,7.672674368382122,7.88212140841919,7.88212140841919,7.672674368382122,7.88212140841919,7.88212140841919,7.6254236185614825,8.007620787424823,8.007620787424823,7.486481090326844,7.925576701923025,7.925576701923025,7.508423773827955,8.005282943800605,8.005282943800605,6.814616990376159,7.576320704388296,7.576320704388296,7.649647719742156,8.104411871903038,8.104411871903038,6.767634272849155,7.601494806488168,6.767634272849155,0.7894392162561417,8.629537133609436
S30N:T57S:N59A:Y106S,S30N:T57S:N59A:Y106S,4,7.8418814446132075,8.049316678476686,8.049316678476686,7.8418814446132075,8.049316678476686,8.049316678476686,7.7708375606758855,8.124744730904533,8.124744730904533,7.918541447351409,8.31280581615143,8.31280581615143,7.834089698658949,8.255750878319418,8.255750878319418,7.979462049302498,8.540376706391692,8.540376706391692,7.886065289331607,8.340989194241622,8.340989194241622,7.626647887475448,8.466932110124944,7.626647887475448,0.9055414770264179,8.560178480248267
S30N:I52S:T71S:S84N:Y106S,S30N:I52S:T71S:S84N:Y106S,5,8.196356252869228,8.259726685333062,8.259726685333062,8.196356252869228,8.259726685333062,8.259726685333062,8.056698666815462,8.221202412115732,8.221202412115732,7.776908955287232,8.310145103049743,8.310145103049743,7.95487148246665,8.172276061598073,8.172276061598073,7.372655039537456,8.157880464853502,8.157880464853502,7.9609392104795695,8.22996025829586,8.22996025829586,7.228003314258295,7.975432988107773,7.228003314258295,0.7462370609864593,8.788714043419258
I52S:N59A:T76S:Y106S,I52S:N59A:T76S:Y106S,4,8.303994498550633,8.37785847884035,8.37785847884035,8.303994498550633,8.37785847884035,8.37785847884035,8.16654353758653,8.429787574325642,8.429787574325642,8.309153307390503,8.681536622905181,8.681536622905181,8.224779160551574,8.473059124739311,8.473059124739311,8.155151766879966,8.854427052026475,8.854427052026475,8.19299473621844,8.491074746935784,8.491074746935784,7.895575356558387,8.84659758740474,7.895575356558387,0.5287423001136631,8.827888366779172
T57S:N59A:T76S:R87T:Y95F,T57S:N59A:T76S:R87T:Y95F,5,7.859627334111278,8.03766637027363,8.03766637027363,7.859627334111278,8.03766637027363,8.03766637027363,7.6746157538207385,7.991675086441557,7.991675086441557,7.351570105729786,7.87074810775872,7.87074810775872,7.634785761751215,7.98559588322583,7.98559588322583,7.505390582038137,8.103771743626734,8.103771743626734,7.6254027061670895,8.018158417762777,8.018158417762777,7.009406665901087,7.857492394426706,7.009406665901087,0.6853720718063414,8.658118723035463
N59A:T76S:S77N:R87T:Y95F,N59A:T76S:S77N:R87T:Y95F,5,8.068565690267956,8.224408065158332,8.224408065158332,8.068565690267956,8.224408065158332,8.224408065158332,7.663615406288884,7.985087982004336,7.985087982004336,7.342724793606543,7.880294297853502,7.880294297853502,7.701504421299443,8.046575778880637,8.046575778880637,6.980952523702807,7.791763950949852,7.791763950949852,7.669441088392613,8.031503257234604,8.031503257234604,6.9166842631923835,7.7828696124447045,6.9166842631923835,0.8794917133636773,8.681579883559392
S30N:N59A:S84N:R87T:Y106S,S30N:N59A:S84N:R87T:Y106S,5,7.849369512185411,8.083349068731632,8.083349068731632,7.849369512185411,8.083349068731632,8.083349068731632,7.561293898287548,8.035688041440064,8.035688041440064,7.507717139873354,8.175018401372384,8.175018401372384,7.516441590009487,8.051747449924887,8.051747449924887,6.857546267038552,7.863064313459381,7.863064313459381,7.595024605623183,8.110132658538674,8.110132658538674,6.844498585742879,7.817318761469937,6.844498585742879,0.9210055381990969,8.5182869852889
T71S:T76S:Y95F:Y106S,T71S:T76S:Y95F:Y106S,4,8.277490861979885,8.601500436647099,8.601500436647099,8.277490861979885,8.601500436647099,8.601500436647099,8.2121014480788,8.544265045789887,8.544265045789887,8.1650454202955,8.864160038432408,8.864160038432408,8.200202055151166,8.581904171338698,8.581904171338698,8.162745911358542,8.831869568054662,8.831869568054662,8.166547302277335,8.573868809012875,8.573868809012875,7.837907550382512,8.855604818489756,7.837907550382512,0.9018318771850318,8.979142660664634
F29S:I52S:T57S:N59A:S84N,F29S:I52S:T57S:N59A:S84N,5,7.494909152365211,7.705787798809538,7.705787798809538,7.494909152365211,7.705787798809538,7.705787798809538,7.33702213665227,7.69644480906634,7.69644480906634,7.113669382471083,7.648732953216709,7.648732953216709,7.368556016056604,7.879351498577702,7.879351498577702,5.9430675526866565,7.031139400865153,7.031139400865153,7.449209256739776,7.926486449444828,7.926486449444828,6.599702199455566,7.488565302102157,6.599702199455566,0.7069445010274649,8.964302156624054
F29S:S30N:T71S:S77N:Y95F,F29S:S30N:T71S:S77N:Y95F,5,7.414036860783369,7.601194190236386,7.601194190236386,7.414036860783369,7.601194190236386,7.601194190236386,7.394181782604347,7.712290397319349,7.712290397319349,6.786285695440792,7.357144089656135,7.357144089656135,7.425140674404776,7.743357164381579,7.743357164381579,6.084920221812762,7.004955290718543,7.004955290718543,7.352620567673444,7.679815488829235,7.679815488829235,6.6689646591726,7.560441512603764,6.6689646591726,0.9498946301173419,8.821832880173481
S30N:T57S:N59A:T71S:R87T,S30N:T57S:N59A:T71S:R87T,5,7.55197833697016,7.879924982874271,7.879924982874271,7.55197833697016,7.879924982874271,7.879924982874271,7.500095925840918,7.904535956678437,7.904535956678437,7.305029885191362,7.847322000215403,7.847322000215403,7.604204105408395,8.030334601006457,8.030334601006457,7.296358681438324,8.01937831184122,8.01937831184122,7.69974260468806,8.071474078237237,8.071474078237237,6.86321339652797,7.821106143429156,6.86321339652797,0.6503514796495438,8.840760412740966
I52S:N59A:T71S:T76S:S84N,I52S:N59A:T71S:T76S:S84N,5,8.130843186138456,8.23574012576579,8.23574012576579,8.130843186138456,8.23574012576579,8.23574012576579,7.999547542316118,8.226422923023854,8.226422923023854,7.897867890693377,8.342328069659553,8.342328069659553,8.01972192413435,8.321930163930443,8.321930163930443,7.074317614790353,7.9655992635409385,7.9655992635409385,8.082729478946206,8.353258686123628,8.353258686123628,7.2402028483127845,8.041064323158434,7.2402028483127845,0.008603152818977833,8.588298222790938
I52S:S77N:R87T:Y95F,I52S:S77N:R87T:Y95F,4,8.671139405190228,8.729917767809802,8.729917767809802,8.671139405190228,8.729917767809802,8.729917767809802,8.472975227664648,8.606175426602213,8.606175426602213,8.158780082295994,8.766833877216225,8.766833877216225,8.611316892672159,8.7577327205844,8.7577327205844,7.8713357448512795,8.828856129360892,8.828856129360892,8.535816670803348,8.592446121103574,8.592446121103574,7.964680644682554,8.897069903442205,7.964680644682554,0.9830531566403806,8.7251774798313
T57S:N59A:S84N:Y106S,T57S:N59A:S84N:Y106S,4,8.026010595214952,8.237849155957601,8.237849155957601,8.026010595214952,8.237849155957601,8.237849155957601,7.939168078667316,8.611411218102523,8.611411218102523,8.058439958641529,8.589442831477829,8.589442831477829,7.922071975583333,8.587493419578031,8.587493419578031,7.664581572793807,8.497939049127279,8.497939049127279,7.88396671806075,8.561769054882038,8.561769054882038,7.570670447706881,8.37653654438097,7.570670447706881,0.5461038770154119,8.741482711454042
T57S:A58T:N59A:Y95F,T57S:A58T:N59A:Y95F,4,7.73712530229233,7.897580187105565,7.897580187105565,7.73712530229233,7.897580187105565,7.897580187105565,7.745261919937569,7.992559416245409,7.992559416245409,7.799325100402842,8.158749785353951,8.158749785353951,7.679920349719464,8.00435675999079,8.00435675999079,8.021495474565551,8.627491777725997,8.627491777725997,7.649939044524567,7.97791688918331,7.97791688918331,7.613162691437658,8.633934619130487,7.613162691437658,0.25194277823902667,8.873707339663506
S31N:T57S:A58T:N59A:Y95F,S31N:T57S:A58T:N59A:Y95F,5,7.779364716449056,8.000210074700215,8.000210074700215,7.779364716449056,8.000210074700215,8.000210074700215,7.753623620988632,8.061912771949654,8.061912771949654,7.596005255197991,8.019591150478643,8.019591150478643,7.489729350276315,7.860167469807588,7.860167469807588,7.699262168763148,8.265913243662123,8.265913243662123,7.545118157902734,7.928664089586289,7.928664089586289,7.012841763964866,8.010397241741911,7.012841763964866,0.7951862025074661,8.852048152294863
T57S:N59A:T71S:R87T,T57S:N59A:T71S:R87T,4,7.991181552629373,8.34514213852146,8.34514213852146,7.991181552629373,8.34514213852146,8.34514213852146,7.8780741902330975,8.41361729218341,8.41361729218341,7.874559397932712,8.499222550210366,8.499222550210366,7.944877123905042,8.4052458428132,8.4052458428132,7.89274817720046,8.7285952710697,8.7285952710697,7.991872045402296,8.441493247759885,8.441493247759885,7.59058900801816,8.663718316392552,7.59058900801816,0.5317095289938152,8.7747819849511
F29S:N59A:K74I:S77N:Y95F,F29S:N59A:K74I:S77N:Y95F,5,7.924982682343354,8.034142777976843,8.034142777976843,7.924982682343354,8.034142777976843,8.034142777976843,7.6188134152419895,7.95398083598354,7.95398083598354,7.084871974158618,7.694188408650894,7.694188408650894,7.852715421097939,8.166630369285281,8.166630369285281,6.022215884978109,7.182133799792194,7.182133799792194,7.889358762592201,8.285586786230688,8.285586786230688,7.05335912262478,7.959126120294051,7.05335912262478,0.19346044352278113,8.866057980576587
T57S:A58T:S84N:Y95F,T57S:A58T:S84N:Y95F,4,8.130943118279543,8.21169189162107,8.21169189162107,8.130943118279543,8.21169189162107,8.21169189162107,8.094987883333255,8.332191382478795,8.332191382478795,8.112022681353498,8.503333593790675,8.503333593790675,7.930961368434021,8.32304926533286,8.32304926533286,7.789172175456932,8.566430174198068,8.566430174198068,7.973405995154349,8.389753531171717,8.389753531171717,7.735410752357173,8.497080755905172,7.735410752357173,0.6969423915725201,8.834518581389373
S31N:A58T:N59A:S84N:Y106S,S31N:A58T:N59A:S84N:Y106S,5,7.67436767447239,7.89070579838088,7.89070579838088,7.67436767447239,7.89070579838088,7.89070579838088,7.5563353620126215,7.97730231603631,7.97730231603631,7.535344274243315,8.001446067798911,8.001446067798911,7.5144574855956865,7.984469931801078,7.984469931801078,6.944720207936273,7.679740696557639,7.679740696557639,7.6198378517327425,8.111322970880273,8.111322970880273,6.79593484714473,7.6720999708222,6.79593484714473,0.6269275466911495,8.792821036578898
S30N:I52S:T71S:S77N,S30N:I52S:T71S:S77N,4,8.445821809801739,8.567420875979803,8.567420875979803,8.445821809801739,8.567420875979803,8.567420875979803,8.563388773127535,8.680783021413884,8.680783021413884,8.222719260726167,8.729132763635038,8.729132763635038,8.57102585063517,8.691316435375763,8.691316435375763,7.9559340835918295,8.68072945547137,8.68072945547137,8.505808885541088,8.589344413533773,8.589344413533773,7.99628182698755,8.839694562000323,7.99628182698755,0.37041192525066435,9.066628714814966
I52S:T71S:S77N:Y95F:Y106S,I52S:T71S:S77N:Y95F:Y106S,5,8.090147765347613,8.219438502951034,8.219438502951034,8.090147765347613,8.219438502951034,8.219438502951034,7.978135517652005,8.281692139930641,8.281692139930641,7.501988786686806,8.134982316898922,8.134982316898922,8.102670209938978,8.354710425515012,8.354710425515012,7.314847910528288,8.101137302900504,8.101137302900504,8.060613937540623,8.287477415887572,8.287477415887572,7.272428484981726,8.089144956786336,7.272428484981726,0.7250421822536737,8.902046919875229
S30N:I52S:T76S:S84N,S30N:I52S:T76S:S84N,4,8.611421545042619,8.576003630790376,8.576003630790376,8.611421545042619,8.576003630790376,8.576003630790376,8.44552246642973,8.498240824392537,8.498240824392537,8.258607473694784,8.871389339042377,8.871389339042377,8.439879086358937,8.608420282443399,8.608420282443399,7.954038758023537,8.921228434046734,8.921228434046734,8.497869206481306,8.585469110934254,8.585469110934254,7.951069081442777,8.9018530697805,7.951069081442777,0.8795651025138795,8.823649627193799
S30N:T57S:N59A:S84N:Y106S,S30N:T57S:N59A:S84N:Y106S,5,7.576641281212444,7.742984843825462,7.742984843825462,7.576641281212444,7.742984843825462,7.742984843825462,7.397005160311831,7.810636183818057,7.810636183818057,7.457788687727036,7.966082810879265,7.966082810879265,7.418511704691223,7.904725550180948,7.904725550180948,6.950374807786429,7.733270660555167,7.733270660555167,7.467339297757292,7.993448621062863,7.993448621062863,6.790120408377193,7.617838197570606,6.790120408377193,0.7429441777057946,8.638521812532854
S31N:T57S:N59A:T76S:Y95F,S31N:T57S:N59A:T76S:Y95F,5,7.993345398310006,8.205894727960223,8.205894727960223,7.993345398310006,8.205894727960223,8.205894727960223,7.906133815160198,8.220370501968931,8.220370501968931,7.498555598833318,8.019443414391345,8.019443414391345,7.787898506372732,8.17586017952508,8.17586017952508,7.79735623891828,8.353059705709459,8.353059705709459,7.8199359378874655,8.229306712565103,8.229306712565103,7.223333972995373,8.145973954158555,7.223333972995373,0.37558066938072443,8.622172748910767
S30N:A58T:S84N:Y95F,S30N:A58T:S84N:Y95F,4,8.0628984689621,8.167585442474323,8.167585442474323,8.0628984689621,8.167585442474323,8.167585442474323,7.955674492089235,8.435865156644988,8.435865156644988,7.989205392107305,8.485150862853867,8.485150862853867,7.943891271478179,8.503692188597514,8.503692188597514,7.68726282626793,8.525269503122795,8.525269503122795,7.999201225118231,8.503370585537866,8.503370585537866,7.685789432284015,8.500288783744478,7.685789432284015,0.5337094906717539,8.799915246515516
S30N:A58T:T76S:Y95F,S30N:A58T:T76S:Y95F,4,7.8839840470959395,8.030602724871486,8.030602724871486,7.8839840470959395,8.030602724871486,8.030602724871486,7.902236307580242,8.37602212552157,8.37602212552157,7.66358478925979,8.154587166252364,8.154587166252364,7.9733268368028325,8.37950113694476,8.37950113694476,7.904973564371684,8.461196864624995,8.461196864624995,7.978258234977325,8.337374728822287,8.337374728822287,7.7158012194821275,8.526410128830953,7.7158012194821275,0.7167197412345558,8.991341456011787
T76S:S77N:S84N:Y95F:Y106S,T76S:S77N:S84N:Y95F:Y106S,5,8.147331829660471,8.312159800286643,8.312159800286643,8.147331829660471,8.312159800286643,8.312159800286643,7.879814435924762,8.22423252101076,8.22423252101076,7.471507349931901,8.37360535966432,8.37360535966432,7.888982699189572,8.271001196167006,8.271001196167006,7.048768646449837,8.177770733131323,8.177770733131323,7.8838792887819835,8.261632143011179,8.261632143011179,7.03371139005246,8.077677108293079,7.03371139005246,0.7135760057717562,8.740368966252047
F29S:I52S:N59A:S77N:S84N,F29S:I52S:N59A:S77N:S84N,5,7.633385297456421,7.880152234102046,7.880152234102046,7.633385297456421,7.880152234102046,7.880152234102046,7.425205835654824,7.836085314424225,7.836085314424225,7.012956308313203,7.685245472099105,7.685245472099105,7.504353837478416,7.991525781661217,7.991525781661217,5.703632211949869,7.044011356080994,7.044011356080994,7.5973677262646735,8.061254583243391,8.061254583243391,6.49360377057301,7.509913183998146,6.49360377057301,0.30367476819083095,8.627691527090887
I52S:T57S:N59A:T71S:Y106S,I52S:T57S:N59A:T71S:Y106S,5,7.963913185276759,8.176551389601087,8.176551389601087,7.963913185276759,8.176551389601087,8.176551389601087,7.906509033503016,8.182205560617271,8.182205560617271,7.902803666804179,8.3838191647412,8.3838191647412,7.956519636768183,8.26674718654556,8.26674718654556,7.696627075452774,8.36100649246025,8.36100649246025,7.907716469414323,8.24423107772111,8.24423107772111,7.246882416694237,8.18490247607927,7.246882416694237,0.8501039429102093,8.956045267126363
S30N:A58T:S77N:Y95F,S30N:A58T:S77N:Y95F,4,8.070309801844912,8.342258344854086,8.342258344854086,8.070309801844912,8.342258344854086,8.342258344854086,8.053309543846357,8.379818712432652,8.379818712432652,7.969530611764838,8.588492710409067,8.588492710409067,7.953072902356332,8.323975856484262,8.323975856484262,7.824099579851704,8.697884731733636,8.697884731733636,7.94171803575745,8.335879413355912,8.335879413355912,7.722372923489365,8.669816402315352,7.722372923489365,0.05084974458441138,8.777358471578529
S30N:I52S:T57S:Y95F:Y106S,S30N:I52S:T57S:Y95F:Y106S,5,8.15689733902615,8.176929404123811,8.176929404123811,8.15689733902615,8.176929404123811,8.176929404123811,8.112682475245531,8.30122363830337,8.30122363830337,7.705072470740374,8.127733922264252,8.127733922264252,8.053918200035982,8.316631760673264,8.316631760673264,7.911341145263156,8.579355977681347,8.579355977681347,8.072166656106976,8.328805209478537,8.328805209478537,7.396649317956156,8.279314321775432,7.396649317956156,0.2725988728925586,8.820377401138986
S31N:T57S:A58T:S77N:Y95F,S31N:T57S:A58T:S77N:Y95F,5,8.140829566852807,8.25361612748017,8.25361612748017,8.140829566852807,8.25361612748017,8.25361612748017,8.087081671007377,8.348312694675412,8.348312694675412,7.659720922489435,8.136585906524058,8.136585906524058,7.806207076285984,8.099924496398659,8.099924496398659,7.387444696600107,8.125853586939957,8.125853586939957,7.858248011181501,8.158462097904883,8.158462097904883,7.1955383984967245,8.07168506532042,7.1955383984967245,0.9995660544373095,8.807059227321322
S30N:A58T:S84N:R87T:Y106S,S30N:A58T:S84N:R87T:Y106S,5,7.783069462201776,7.945513575237735,7.945513575237735,7.783069462201776,7.945513575237735,7.945513575237735,7.621721919348149,8.029845785018036,8.029845785018036,7.533037411125457,8.044030137456987,8.044030137456987,7.680993413435455,8.10903326747034,8.10903326747034,6.980216580196091,7.765709437887228,7.765709437887228,7.720752680877036,8.188867833148276,8.188867833148276,6.954670414803111,7.844238864539186,6.954670414803111,0.010808753548189998,8.459905766254222
T57S:N59A:S77N:R87T,T57S:N59A:S77N:R87T,4,7.92287025929541,8.26676049601849,8.26676049601849,7.92287025929541,8.26676049601849,8.26676049601849,7.762758705609775,8.241683248916624,8.241683248916624,7.510365517237149,8.301841834778504,8.301841834778504,7.9219077317972495,8.244314008551722,8.244314008551722,7.4264053307654025,8.672386436492724,8.672386436492724,7.924827229892144,8.283119951776879,8.283119951776879,7.488415988722915,8.544485873668647,7.488415988722915,0.9565767981112003,8.98916673376421
A58T:T71S:T76S:S77N:Y95F,A58T:T71S:T76S:S77N:Y95F,5,7.827053714439968,7.990224927683041,7.990224927683041,7.827053714439968,7.990224927683041,7.990224927683041,7.747709952970592,8.050633611296817,8.050633611296817,7.323002159007049,7.898725618385415,7.898725618385415,7.7131048510729405,8.060642366097005,8.060642366097005,7.187023285903932,7.9420190054262845,7.9420190054262845,7.7206722924858955,8.071261765486867,8.071261765486867,7.0470101548590325,7.950956812288577,7.0470101548590325,0.9954700630623847,8.714433427234443
S30N:T57S:A58T:R87T,S30N:T57S:A58T:R87T,4,7.870217369686703,8.092659013007344,8.092659013007344,7.870217369686703,8.092659013007344,8.092659013007344,8.01199872230979,8.304614253390199,8.304614253390199,7.945483876175311,8.274955309349831,8.274955309349831,8.073632327970392,8.461538608953449,8.461538608953449,8.031380977653793,8.647658179217439,8.647658179217439,8.120178243773239,8.53428383129166,8.53428383129166,7.837740350669006,8.755531975472003,7.837740350669006,0.721358762588352,8.628799622566723
S30N:T57S:A58T:T71S:R87T,S30N:T57S:A58T:T71S:R87T,5,7.597458572001987,7.867477968302949,7.867477968302949,7.597458572001987,7.867477968302949,7.867477968302949,7.713415576440963,8.041852348641049,8.041852348641049,7.551515788904711,7.9719612783917135,7.9719612783917135,7.816467225800534,8.17101130689314,8.17101130689314,7.476308953837137,8.122952419775805,8.122952419775805,7.858787045518895,8.212719413468173,8.212719413468173,7.086232851147731,8.029581593265464,7.086232851147731,0.09140122612006962,8.844607604339657
F29S:S30N:S31N:A58T:K74I,F29S:S30N:S31N:A58T:K74I,5,8.121871137364938,8.184302484583506,8.184302484583506,8.121871137364938,8.184302484583506,8.184302484583506,7.964164741055061,8.13831702576344,8.13831702576344,7.580701046001312,8.069927958927776,8.069927958927776,7.849541482358418,8.098713143590288,8.098713143590288,6.895196120224215,7.803788554659107,7.803788554659107,8.075468093873965,8.259804137306599,8.259804137306599,7.479052314599404,8.298158078325798,7.479052314599404,0.024562086910009384,8.725740981019499
S30N:T57S:T71S:S77N:Y95F,S30N:T57S:T71S:S77N:Y95F,5,7.681767484627227,7.903988058797674,7.903988058797674,7.681767484627227,7.903988058797674,7.903988058797674,7.837901278262835,8.2093366764665,8.2093366764665,7.237892575518653,7.795083881614281,7.795083881614281,7.925033391658024,8.257831020571233,8.257831020571233,7.1605591860092765,7.8631967261400755,7.8631967261400755,7.899273282959815,8.25672093178738,8.25672093178738,7.063019020859514,7.876088355512836,7.063019020859514,0.6569185219705105,8.882739922972444
A58T:S77N:R87T:Y95F,A58T:S77N:R87T:Y95F,4,8.135554742800162,8.284739130354401,8.284739130354401,8.135554742800162,8.284739130354401,8.284739130354401,7.981829946491874,8.299462588158754,8.299462588158754,7.7614818449762355,8.341115806377399,8.341115806377399,8.02156190289887,8.329283456981823,8.329283456981823,7.637125439236218,8.552599012324105,8.552599012324105,7.96073760113769,8.29052458974559,8.29052458974559,7.6132784369528705,8.465530035080805,7.6132784369528705,0.21166195324622095,8.974887064683093
S30N:I52S:T71S:Y95F:Y106S,S30N:I52S:T71S:Y95F:Y106S,5,8.164969511985872,8.232863976982234,8.232863976982234,8.164969511985872,8.232863976982234,8.232863976982234,8.072647574257404,8.24801015667289,8.24801015667289,7.806108703301535,8.251921708122252,8.251921708122252,8.068577322695115,8.283539759242704,8.283539759242704,7.801906547776943,8.413612866069496,8.413612866069496,8.015985284213713,8.248667313127036,8.248667313127036,7.335992391248101,8.162081648853121,7.335992391248101,0.6101605175063014,8.978687362407333
I52S:T57S:R87T:Y95F:Y106S,I52S:T57S:R87T:Y95F:Y106S,5,8.366849181769684,8.415690404773505,8.415690404773505,8.366849181769684,8.415690404773505,8.415690404773505,8.240530889924257,8.430354036642937,8.430354036642937,7.772306341346872,8.262416224063319,8.262416224063319,8.180174450889409,8.395391310920182,8.395391310920182,7.837390635985558,8.54542283914411,8.54542283914411,8.12682337047814,8.389197715611877,8.389197715611877,7.432250771235646,8.319559467217012,7.432250771235646,0.2821325014811009,8.760424463668203
T57S:N59A:S84N:Y95F,T57S:N59A:S84N:Y95F,4,7.9891202000566,8.167133479111643,8.167133479111643,7.9891202000566,8.167133479111643,8.167133479111643,7.907239743371024,8.339908978434163,8.339908978434163,7.889578134738166,8.384373471866489,8.384373471866489,7.851307528700355,8.325266402159166,8.325266402159166,7.593995867608189,8.456728958936814,8.456728958936814,7.879055430156325,8.39743219046597,8.39743219046597,7.554913578272776,8.328507428816177,7.554913578272776,0.3517822748981416,8.89039170752708
A58T:T71S:S84N:Y106S,A58T:T71S:S84N:Y106S,4,8.113702160593434,8.220904510001708,8.220904510001708,8.113702160593434,8.220904510001708,8.220904510001708,7.989708249479704,8.320154890934349,8.320154890934349,8.22596696133356,8.617392642165765,8.617392642165765,8.016824180407529,8.439206175394737,8.439206175394737,7.713172678785417,8.402649778490183,8.402649778490183,8.0571089404889,8.535907123273818,8.535907123273818,7.650935140232042,8.385047110619695,7.650935140232042,0.6665377367753536,9.00171356666809
F29S:T71S:T76S:Y95F,F29S:T71S:T76S:Y95F,4,7.78404748966992,8.069801739687277,8.069801739687277,7.78404748966992,8.069801739687277,8.069801739687277,7.665179361132518,8.155070226538188,8.155070226538188,7.612349962931129,8.39931607444288,8.39931607444288,7.684194398137791,8.100165804725231,8.100165804725231,7.33600656193296,8.45502858832429,8.45502858832429,7.596005709406849,8.023095208187021,8.023095208187021,7.5595341707810615,8.49501565316385,7.5595341707810615,0.21202092757448554,9.013688885375217
F29S:S30N:A58T:K74I:R87T,F29S:S30N:A58T:K74I:R87T,5,7.754986129935817,7.804448105131928,7.804448105131928,7.754986129935817,7.804448105131928,7.804448105131928,7.6438043620468,7.83690637001374,7.83690637001374,7.440538745541273,7.872261240329144,7.872261240329144,7.939430326339624,8.129563295982503,8.129563295982503,6.676184394143819,7.514585653810933,7.514585653810933,8.040366289283323,8.276854666770939,8.276854666770939,7.346160862147125,8.214118158680858,7.346160862147125,0.7122461260296404,8.647517590587862
S30N:A58T:T71S:T76S:Y95F,S30N:A58T:T71S:T76S:Y95F,5,7.576447683849944,7.736929957962123,7.736929957962123,7.576447683849944,7.736929957962123,7.736929957962123,7.649933532453709,7.993388456431999,7.993388456431999,7.2714739983188466,7.75095421776881,7.75095421776881,7.741191577332068,8.109370432332652,8.109370432332652,7.437026100104197,8.040769463399828,8.040769463399828,7.728746847756566,8.094960099463364,8.094960099463364,7.042799073518742,7.933706662434344,7.042799073518742,0.5965614556334913,8.924669403332462
F29S:S30N:I52S:N59A:R87T,F29S:S30N:I52S:N59A:R87T,5,7.751398986248689,7.985660331310271,7.985660331310271,7.751398986248689,7.985660331310271,7.985660331310271,7.2965424374072025,7.693944054407788,7.693944054407788,7.204466686925385,7.841769542951542,7.841769542951542,7.4984167870017835,7.864970838752448,7.864970838752448,6.229185848109557,7.3923351308883625,7.3923351308883625,7.591600355069166,7.981675866323984,7.981675866323984,6.7587230619862195,7.757031548386527,6.7587230619862195,0.5797241923864931,8.816603054995236
S31N:A58T:N59A:Y106S,S31N:A58T:N59A:Y106S,4,7.957604536293016,8.268488744537057,8.268488744537057,7.957604536293016,8.268488744537057,8.268488744537057,7.893353196580754,8.278224568263608,8.278224568263608,7.9771976450624145,8.452326550602436,8.452326550602436,7.876324826979424,8.288433975254337,8.288433975254337,7.999701586301011,8.721942748947043,8.721942748947043,7.964190539868606,8.485007300190183,8.485007300190183,7.604407368968394,8.791895534884159,7.604407368968394,0.9888184985611588,9.116540339259439
I52S:T57S:S84N:Y106S,I52S:T57S:S84N:Y106S,4,8.535365213881468,8.58120930273573,8.58120930273573,8.535365213881468,8.58120930273573,8.58120930273573,8.503743611053544,8.670371915200178,8.670371915200178,8.333457437278666,9.105858221767724,9.105858221767724,8.38807384548309,8.60988268223513,8.60988268223513,8.169141986582115,9.206138918211046,9.206138918211046,8.344244548060663,8.60557230358824,8.60557230358824,8.001293573519767,8.952923080322428,8.001293573519767,0.1325732027180493,8.804131754577746
A58T:N59A:K74I:S77N:Y106S,A58T:N59A:K74I:S77N:Y106S,5,8.140102873086404,8.307499641709624,8.307499641709624,8.140102873086404,8.307499641709624,8.307499641709624,7.894492188775635,8.172697793386147,8.172697793386147,7.960161552536723,8.441578477860618,8.441578477860618,8.027263385351109,8.318820273416671,8.318820273416671,7.378336584227501,8.183680230946983,8.183680230946983,8.09236021231433,8.389094292563176,8.389094292563176,7.32161685462341,8.231195758893485,7.32161685462341,0.4422073042951524,8.660336959681615
A58T:T71S:S77N:Y95F,A58T:T71S:S77N:Y95F,4,8.057426055328872,8.339615989541475,8.339615989541475,8.057426055328872,8.339615989541475,8.339615989541475,8.009769061001345,8.405379224582532,8.405379224582532,7.8198699037006065,8.567625731799227,8.567625731799227,7.983741234973747,8.39643463311262,8.39643463311262,7.708077626163883,8.562989903661768,8.562989903661768,7.977735193565257,8.35226271135037,8.35226271135037,7.688306226423005,8.638304929530094,7.688306226423005,0.2002622194122523,8.72964487036771
S30N:N59A:T76S:R87T,S30N:N59A:T76S:R87T,4,8.06053940794416,8.458307264470875,8.458307264470875,8.06053940794416,8.458307264470875,8.458307264470875,7.886101782144579,8.417239944503413,8.417239944503413,7.8497858455248695,8.576411686078437,8.576411686078437,7.926715465471648,8.386849992577169,8.386849992577169,7.837036532257774,8.703823337168208,8.703823337168208,8.01690265570701,8.427747239583864,8.427747239583864,7.685405162387326,8.721332663739258,7.685405162387326,0.7661012364551425,8.719449263349656
S31N:A58T:N59A:S84N:Y95F,S31N:A58T:N59A:S84N:Y95F,5,7.7954542638730375,7.960879295901687,7.960879295901687,7.7954542638730375,7.960879295901687,7.960879295901687,7.645029194775287,8.056475424035554,8.056475424035554,7.447060442951446,7.893063964924256,7.893063964924256,7.477656214139163,7.9596033851205,7.9596033851205,6.89806322033845,7.645091700202533,7.645091700202533,7.606012199894131,8.054541108045973,8.054541108045973,6.811271643820464,7.632704512750614,6.811271643820464,0.9028873797506094,8.744973650358244
I52S:T71S:T76S:R87T:Y95F,I52S:T71S:T76S:R87T:Y95F,5,8.506335138622937,8.581239990714959,8.581239990714959,8.506335138622937,8.581239990714959,8.581239990714959,8.283131064585898,8.407809688084738,8.407809688084738,7.881836210624757,8.36612300818232,8.36612300818232,8.286369460498449,8.49046789155477,8.49046789155477,7.722977001469783,8.414798166827126,8.414798166827126,8.291153930574941,8.49066553557626,8.49066553557626,7.496689831180542,8.337976257497301,7.496689831180542,0.3161759926006198,8.598539121903027
N59A:T71S:T76S:R87T:Y95F,N59A:T71S:T76S:R87T:Y95F,5,7.995071856323579,8.182482201023106,8.182482201023106,7.995071856323579,8.182482201023106,8.182482201023106,7.739208633564076,8.086390022737486,8.086390022737486,7.5933639364118655,8.11176195679517,8.11176195679517,7.710282257565711,8.115699113981371,8.115699113981371,7.4852152304461,8.116959104064003,8.116959104064003,7.702509525412749,8.131477170007951,8.131477170007951,7.058620090761224,7.948819565235621,7.058620090761224,0.0005327737890183926,8.672314170513886
S30N:A58T:Y95F:Y106S,S30N:A58T:Y95F:Y106S,4,8.021720119204472,8.14583486690388,8.14583486690388,8.021720119204472,8.14583486690388,8.14583486690388,7.931684335784368,8.37843484999269,8.37843484999269,8.111364105515785,8.514142913920487,8.514142913920487,7.926864319014039,8.35702448942957,8.35702448942957,8.059217428708104,8.607646362972549,8.607646362972549,7.937948777844325,8.463518595040613,8.463518595040613,7.7166463335478,8.692992937635019,7.7166463335478,0.7858837735839188,8.954182813515764
F29S:S30N:S31N:T76S:S84N,F29S:S30N:S31N:T76S:S84N,5,7.754804079075313,7.8679172986189085,7.8679172986189085,7.754804079075313,7.8679172986189085,7.8679172986189085,7.336952096178254,7.617649115306826,7.617649115306826,6.940319775131172,7.620401708215054,7.620401708215054,7.275498099715815,7.72135872499695,7.72135872499695,6.299884048604157,7.35843806588364,7.35843806588364,7.492114501209958,7.864190555635948,7.864190555635948,6.886605683420777,7.816237567684283,6.886605683420777,0.7285292586311698,8.781548576278668
N59A:T71S:S84N:R87T:Y95F,N59A:T71S:S84N:R87T:Y95F,5,7.866796941192917,8.035165727816025,8.035165727816025,7.866796941192917,8.035165727816025,8.035165727816025,7.5760481941878774,8.03986548044844,8.03986548044844,7.386799796211003,7.925348152384119,7.925348152384119,7.592966424151562,8.091631819751388,8.091631819751388,6.740697847083787,7.674400724593999,7.674400724593999,7.677023431124012,8.134542988480057,8.134542988480057,6.812315011573436,7.676111867455038,6.812315011573436,0.011045039864256978,8.76693593974863
S30N:T71S:Y95F:Y106S,S30N:T71S:Y95F:Y106S,4,8.201680988331697,8.34636307672187,8.34636307672187,8.201680988331697,8.34636307672187,8.34636307672187,8.204861007022682,8.46683652162519,8.46683652162519,8.170959223918077,8.646131405632307,8.646131405632307,8.199380442812334,8.511710991851839,8.511710991851839,8.155148573890184,8.778578380669982,8.778578380669982,8.12101813611142,8.581486795545768,8.581486795545768,7.808305415397606,8.793669954812943,7.808305415397606,0.41080551664344966,9.11978716440587
T57S:A58T:S84N:Y95F:Y106S,T57S:A58T:S84N:Y95F:Y106S,5,7.897146294298977,7.966884569766367,7.966884569766367,7.897146294298977,7.966884569766367,7.966884569766367,7.706154908448518,7.991279955327369,7.991279955327369,7.76958424947449,8.153690478022272,8.153690478022272,7.5990549837539625,7.986728774221024,7.986728774221024,7.222369226232841,7.922822035313086,7.922822035313086,7.609103763059422,8.079995685142395,8.079995685142395,7.005185569561908,7.83317759038908,7.005185569561908,0.25268812105059624,8.866051670577074
I52S:T57S:T71S:Y106S,I52S:T57S:T71S:Y106S,4,8.445163426732552,8.599988116187074,8.599988116187074,8.445163426732552,8.599988116187074,8.599988116187074,8.474020394573838,8.639008799624879,8.639008799624879,8.407696660699703,8.885522573417687,8.885522573417687,8.43308393910337,8.64957953195364,8.64957953195364,8.34443735012047,8.992942511748366,8.992942511748366,8.384511315875528,8.572931663961684,8.572931663961684,8.04152109563621,8.893625912666156,8.04152109563621,0.7265755855478346,9.045003733008425
S30N:I52S:T76S:Y106S,S30N:I52S:T76S:Y106S,4,8.417116740464028,8.536358671565877,8.536358671565877,8.417116740464028,8.536358671565877,8.536358671565877,8.285255074869985,8.502602998284313,8.502602998284313,8.136744319431738,8.71986353925665,8.71986353925665,8.264929242956619,8.583199010673505,8.583199010673505,8.15680681517872,8.833982394357564,8.833982394357564,8.309625493428959,8.59225870778264,8.59225870778264,7.873802547908719,8.760514332997207,7.873802547908719,0.24394282884895802,8.868652098133902
F29S:S31N:T71S:T76S:Y95F,F29S:S31N:T71S:T76S:Y95F,5,7.728571288341447,7.861910431063332,7.861910431063332,7.728571288341447,7.861910431063332,7.861910431063332,7.607582679322166,7.909813396867535,7.909813396867535,7.123726443309512,7.705395836999446,7.705395836999446,7.408922444932495,7.824947869249023,7.824947869249023,6.704567276522951,7.538352888655868,7.538352888655868,7.365102086809461,7.785422839038186,7.785422839038186,6.992261521726089,7.880388014439387,6.992261521726089,0.38013407564722,8.744763921342305
T71S:S77N:R87T:Y95F:Y106S,T71S:S77N:R87T:Y95F:Y106S,5,7.956578273634609,8.177482183209642,8.177482183209642,7.956578273634609,8.177482183209642,8.177482183209642,7.863198444665716,8.28382798129976,8.28382798129976,7.383284369296958,8.087735432052083,8.087735432052083,7.877878443600765,8.251201595191587,8.251201595191587,7.061399294456322,7.916811813764562,7.916811813764562,7.799727513509415,8.172041315469695,8.172041315469695,6.991873179262624,7.955847209169926,6.991873179262624,0.7566818466875702,8.681248186893464
S30N:A58T:T76S:S77N:R87T,S30N:A58T:T76S:S77N:R87T,5,7.881687315754779,8.005991620006018,8.005991620006018,7.881687315754779,8.005991620006018,8.005991620006018,7.831019587767711,8.132996070637741,8.132996070637741,7.382369903200904,7.892940688798527,7.892940688798527,7.848795161370287,8.116870588958173,8.116870588958173,7.07316234900623,7.808636619117508,7.808636619117508,7.784018112688262,8.138004357878922,8.138004357878922,7.007191763987893,7.959116632180642,7.007191763987893,0.05773810623213649,8.626251377064323
S31N:A58T:N59A:T76S,S31N:A58T:N59A:T76S,4,7.865335068838843,8.099684250899191,8.099684250899191,7.865335068838843,8.099684250899191,8.099684250899191,7.899736940375223,8.233426223249948,8.233426223249948,7.77459915648596,8.22628467079316,8.22628467079316,7.871677726039075,8.359731325555957,8.359731325555957,8.013354668865054,8.678643233688254,8.678643233688254,7.921339909907287,8.354084232488383,8.354084232488383,7.666913527352381,8.689815597441136,7.666913527352381,0.6201032656244934,8.839877296541214
S30N:S31N:N59A:S77N:Y95F,S30N:S31N:N59A:S77N:Y95F,5,7.871900558871053,8.069692976840622,8.069692976840622,7.871900558871053,8.069692976840622,8.069692976840622,7.682169695787708,8.083451064763846,8.083451064763846,7.235010303653957,7.780863684839596,7.780863684839596,7.694342952070896,8.124313507563937,8.124313507563937,7.096212497911687,7.894242931139909,7.894242931139909,7.780282674541687,8.150449441870588,8.150449441870588,7.0044612408584594,7.841076529989881,7.0044612408584594,0.9073723531328142,8.986263190460468
S30N:N59A:T76S:S84N:Y106S,S30N:N59A:T76S:S84N:Y106S,5,7.648307189104843,7.83682988686704,7.83682988686704,7.648307189104843,7.83682988686704,7.83682988686704,7.3569054090190775,7.758694206633868,7.758694206633868,7.397791243185382,7.9336070408217365,7.9336070408217365,7.476456148001505,7.965217323230816,7.965217323230816,6.886197307910655,7.678332172075035,7.678332172075035,7.534063958282401,8.084500899370582,8.084500899370582,6.81605406388138,7.721583488878728,6.81605406388138,0.1874005866702646,8.497284607129348
N59A:T76S:S77N:S84N:Y95F,N59A:T76S:S77N:S84N:Y95F,5,7.933407386835732,8.030213425617726,8.030213425617726,7.933407386835732,8.030213425617726,8.030213425617726,7.613379900433847,8.005599262610518,8.005599262610518,7.309284581108596,7.875154011070947,7.875154011070947,7.64198781463712,8.054205025825109,8.054205025825109,6.607743810743353,7.598591867935566,7.598591867935566,7.684216589366343,8.070028490799757,8.070028490799757,6.8296802237225975,7.708021054475858,6.8296802237225975,0.40729967365041375,8.601046589239253
S30N:T57S:A58T:T71S:S84N,S30N:T57S:A58T:T71S:S84N,5,7.6206902686102,7.7966067958673575,7.7966067958673575,7.6206902686102,7.7966067958673575,7.7966067958673575,7.689024173481905,7.985130825332343,7.985130825332343,7.730757757587748,8.099069207345908,8.099069207345908,7.696304421604831,8.058295954859886,8.058295954859886,7.069248403874582,7.750413763495519,7.750413763495519,7.767985880485243,8.12939617330184,8.12939617330184,7.030335891650403,7.796069954451698,7.030335891650403,0.47827043128199875,8.890603306570403
S30N:T76S:S77N:S84N:R87T,S30N:T76S:S77N:S84N:R87T,5,8.420885732179931,8.552001822339157,8.552001822339157,8.420885732179931,8.552001822339157,8.552001822339157,8.231851294801285,8.51896320890698,8.51896320890698,7.611073245710031,8.327698017882332,8.327698017882332,8.129437920943504,8.447676470596187,8.447676470596187,6.9293445556751205,8.015154980170088,8.015154980170088,8.072178869180952,8.459090015552505,8.459090015552505,7.123589818624703,8.297611146797124,7.123589818624703,0.8290120598394424,8.640589890779687
I52S:T71S:T76S:R87T:Y106S,I52S:T71S:T76S:R87T:Y106S,5,8.4074761748875,8.576172445658392,8.576172445658392,8.4074761748875,8.576172445658392,8.576172445658392,8.264601918516291,8.472354094036186,8.472354094036186,7.919666610367636,8.485296392289033,8.485296392289033,8.09431330957845,8.33759444032915,8.33759444032915,7.6380233817751275,8.395498677850961,8.395498677850961,8.082032823846113,8.339073960133776,8.339073960133776,7.288010341653933,8.199440397478197,7.288010341653933,0.02993144141510129,8.758072482391142
A58T:N59A:K74I:S77N:R87T,A58T:N59A:K74I:S77N:R87T,5,8.204555257290599,8.33929720546113,8.33929720546113,8.204555257290599,8.33929720546113,8.33929720546113,7.963625253668104,8.294189970089034,8.294189970089034,7.721769567976036,8.20104792271995,8.20104792271995,8.13800219144232,8.379728017622595,8.379728017622595,7.126073396457294,8.034437720924412,8.034437720924412,8.197379929076194,8.41042758465912,8.41042758465912,7.332879597583532,8.251058811385711,7.332879597583532,0.5009653670713305,8.90728443667167
S30N:T57S:A58T:K74I:Y106S,S30N:T57S:A58T:K74I:Y106S,5,8.151017586007665,8.221331496272866,8.221331496272866,8.151017586007665,8.221331496272866,8.221331496272866,8.226464769050226,8.40680884580142,8.40680884580142,8.2600220508688,8.58011123600833,8.58011123600833,8.283814146471629,8.474507568091243,8.474507568091243,7.963112296964773,8.544736228382934,8.544736228382934,8.348614069542446,8.528235646487648,8.528235646487648,7.685055910969749,8.554472663326955,7.685055910969749,0.6303323295433074,8.250637682416366
S30N:T57S:N59A:S84N:R87T,S30N:T57S:N59A:S84N:R87T,5,7.703991723645209,7.978776904247792,7.978776904247792,7.703991723645209,7.978776904247792,7.978776904247792,7.537010613604901,7.948589087311037,7.948589087311037,7.275247137606175,7.878152679335421,7.878152679335421,7.529547269439899,8.012483062974002,8.012483062974002,6.742508490948101,7.681051373513807,7.681051373513807,7.650873453636915,8.068669814421416,8.068669814421416,6.792322114533891,7.748215187039785,6.792322114533891,0.8437084276229143,8.953514004989106
N59A:T76S:S84N:R87T:Y95F,N59A:T76S:S84N:R87T:Y95F,5,8.190784525430418,8.28405481337345,8.28405481337345,8.190784525430418,8.28405481337345,8.28405481337345,7.765485119302083,8.111905777683752,8.111905777683752,7.501932425733676,8.023635516944369,8.023635516944369,7.720077163148755,8.130338606133492,8.130338606133492,6.870514846810959,7.690349962345966,7.690349962345966,7.725657307735348,8.142443418950364,8.142443418950364,6.907118920352495,7.782398195977928,6.907118920352495,0.5979313673451543,8.617019946287103
S30N:I52S:T71S:Y106S,S30N:I52S:T71S:Y106S,4,8.445861032725633,8.561895843378748,8.561895843378748,8.445861032725633,8.561895843378748,8.561895843378748,8.40052365090936,8.525247999566375,8.525247999566375,8.35295472396186,8.796611171664017,8.796611171664017,8.316945923189603,8.494365927602828,8.494365927602828,8.248831179558229,8.820598480915233,8.820598480915233,8.279245656841951,8.514750517541568,8.514750517541568,7.926016005925899,8.668937935360317,7.926016005925899,0.3964164478238672,8.925424012920242
S30N:T57S:A58T:R87T:Y95F,S30N:T57S:A58T:R87T:Y95F,5,7.583451163721972,7.714522388094181,7.714522388094181,7.583451163721972,7.714522388094181,7.714522388094181,7.688172472700705,7.944676341844113,7.944676341844113,7.329284163296481,7.721398828084155,7.721398828084155,7.6957140838700715,7.992108042997086,7.992108042997086,7.512517737687204,8.141278668978615,8.141278668978615,7.712786555358855,8.095617150536965,8.095617150536965,7.109089857501451,8.013098792672698,7.109089857501451,0.8705910781864077,8.807713775614287
A58T:T71S:S77N:S84N:R87T,A58T:T71S:S77N:S84N:R87T,5,7.863464939462438,8.022350627858808,8.022350627858808,7.863464939462438,8.022350627858808,8.022350627858808,7.6938413661503,8.06532149219356,8.06532149219356,7.261105676703449,7.8231929896847765,7.8231929896847765,7.747897761658027,8.116628121718042,8.116628121718042,6.494296263567736,7.565432457305998,7.565432457305998,7.797785973266009,8.161019880296257,8.161019880296257,6.847461149398307,7.803680908881865,6.847461149398307,0.6404657908715308,8.856394439337523
S30N:N59A:Y95F:Y106S,S30N:N59A:Y95F:Y106S,4,8.02849255267449,8.144080429643004,8.144080429643004,8.02849255267449,8.144080429643004,8.144080429643004,7.812117638821741,8.160547190631439,8.160547190631439,8.077931788177171,8.423943913971325,8.423943913971325,7.873941821863991,8.483897913878344,8.483897913878344,8.05611206589418,8.596032193068192,8.596032193068192,7.89368628569948,8.479180340846215,8.479180340846215,7.706513114851612,8.520013484705656,7.706513114851612,0.6489434281829745,8.881812189038753
I52S:S77N:R87T:Y95F:Y106S,I52S:S77N:R87T:Y95F:Y106S,5,8.456852857176337,8.5028874643042,8.5028874643042,8.456852857176337,8.5028874643042,8.5028874643042,8.165626199227738,8.401767298398738,8.401767298398738,7.588354921299361,8.237875317879418,8.237875317879418,8.232610920070185,8.461962413741729,8.461962413741729,7.269716430383353,8.155868937562177,8.155868937562177,8.104017116363043,8.318245277023113,8.318245277023113,7.2327351551085215,8.182390687106425,7.2327351551085215,0.3637057601008564,8.676124653211659
F29S:S31N:I52S:N59A:Y95F,F29S:S31N:I52S:N59A:Y95F,5,7.728320679789376,7.876083116524111,7.876083116524111,7.728320679789376,7.876083116524111,7.876083116524111,7.521365478874657,7.84745388202486,7.84745388202486,7.008788606282717,7.537227825189741,7.537227825189741,7.541748788885733,7.868489029765504,7.868489029765504,6.251848167535936,7.18702050586933,7.18702050586933,7.561890241809082,7.882909362904346,7.882909362904346,6.932504256099162,7.75196006321021,6.932504256099162,0.30197618436068296,8.598467879803554
S30N:T71S:T76S:S77N:Y95F,S30N:T71S:T76S:S77N:Y95F,5,7.875577612872894,8.115600377187793,8.115600377187793,7.875577612872894,8.115600377187793,8.115600377187793,7.933642682844936,8.270916611443514,8.270916611443514,7.280999759004217,7.918138743437302,7.918138743437302,7.983040532922125,8.285872085418125,8.285872085418125,7.207446392571058,7.973364525099732,7.973364525099732,7.995794846170456,8.286197200560846,8.286197200560846,7.176258576049935,8.077506105709174,7.176258576049935,0.23850911273621023,8.902477893559288
S31N:A58T:N59A:T71S,S31N:A58T:N59A:T71S,4,7.943880089559459,8.161598670230111,8.161598670230111,7.943880089559459,8.161598670230111,8.161598670230111,7.922670593739342,8.241335559308196,8.241335559308196,7.904627729228417,8.305664977502973,8.305664977502973,7.865894664340262,8.426756116958686,8.426756116958686,7.980820726642746,8.553346041481461,8.553346041481461,7.935117351860146,8.43143151395149,8.43143151395149,7.587996882155187,8.581027040396691,7.587996882155187,0.6513882644940168,8.54100348665632
S30N:S31N:N59A:S77N:R87T,S30N:S31N:N59A:S77N:R87T,5,7.922263976292222,8.129548343182396,8.129548343182396,7.922263976292222,8.129548343182396,8.129548343182396,7.759819857346816,8.143795469661091,8.143795469661091,7.172986430180313,7.773360591010672,7.773360591010672,7.7861991522418394,8.215495907771517,8.215495907771517,6.952100921161099,7.795899087509762,7.795899087509762,7.845172526148021,8.220876001032469,8.220876001032469,6.974530421024399,7.871230647873243,6.974530421024399,0.01684350660070777,8.836335690835357
S31N:A58T:N59A:R87T:Y95F,S31N:A58T:N59A:R87T:Y95F,5,7.733499281275967,7.91133374671354,7.91133374671354,7.733499281275967,7.91133374671354,7.91133374671354,7.5741007576775825,7.984903289239984,7.984903289239984,7.264870009553337,7.729104854259275,7.729104854259275,7.530779237098686,7.967447982935181,7.967447982935181,7.40870453804162,8.125591881424317,8.125591881424317,7.616140038042408,8.042501658864735,8.042501658864735,6.899414608214483,7.809956136249306,6.899414608214483,0.6117414459586143,8.890335891535237
S30N:I52S:T57S:N59A:Y106S,S30N:I52S:T57S:N59A:Y106S,5,7.905389812927301,8.025966747439762,8.025966747439762,7.905389812927301,8.025966747439762,8.025966747439762,7.809031429727265,8.065920960116877,8.065920960116877,7.674194548850865,8.106769547609934,8.106769547609934,7.805454465166595,8.15340362885475,8.15340362885475,7.67616886109772,8.358026362990248,8.358026362990248,7.844875511104364,8.183853183159378,8.183853183159378,7.193133700707688,8.079899552433966,7.193133700707688,0.7875070446170866,8.803155542956953
S30N:A58T:T76S:S77N:S84N,S30N:A58T:T76S:S77N:S84N,5,7.776912866297844,7.869836019090245,7.869836019090245,7.776912866297844,7.869836019090245,7.869836019090245,7.787232575356483,8.089728413566217,8.089728413566217,7.464001338937663,8.018331722338154,8.018331722338154,7.755999119510492,8.11190560487841,8.11190560487841,6.847751524300319,7.781161936945066,7.781161936945066,7.769922394722501,8.141194845158129,8.141194845158129,6.994713857715097,7.949418317471308,6.994713857715097,0.9665349856950343,8.421923976709396
A58T:S77N:S84N:Y95F,A58T:S77N:S84N:Y95F,4,8.173684694168267,8.229538932152279,8.229538932152279,8.173684694168267,8.229538932152279,8.229538932152279,8.078562570799845,8.44023948354277,8.44023948354277,8.00490072286254,8.598538919369162,8.598538919369162,7.958447749844655,8.388220834573968,8.388220834573968,7.557329400454284,8.713341600699989,8.713341600699989,8.026551861702526,8.411472102852871,8.411472102852871,7.624994958601597,8.672830140449323,7.624994958601597,0.22004181402735412,8.853916036652123
A58T:T76S:S77N:S84N:Y106S,A58T:T76S:S77N:S84N:Y106S,5,7.791664781582721,7.845423641268769,7.845423641268769,7.791664781582721,7.845423641268769,7.845423641268769,7.743402778708396,8.032027730719118,8.032027730719118,7.507088055375456,8.060424403906566,8.060424403906566,7.76402475517471,8.121432376581787,8.121432376581787,6.920179899742689,7.761214210160977,7.761214210160977,7.698449847750878,8.137033288452937,8.137033288452937,6.89777076051931,7.810608825803508,6.89777076051931,0.978085865965113,8.680221486460633
S30N:T57S:A58T:T76S:S84N,S30N:T57S:A58T:T76S:S84N,5,7.5050323652752065,7.647211896206739,7.647211896206739,7.5050323652752065,7.647211896206739,7.647211896206739,7.616886567678348,7.942178810621802,7.942178810621802,7.363478028938238,7.7776379085814975,7.7776379085814975,7.6591533843067054,8.038172245700114,8.038172245700114,7.000620371117682,7.70517678129302,7.70517678129302,7.728164564820724,8.058863567454525,8.058863567454525,7.018565497600641,7.795302577297719,7.018565497600641,0.9845976624637842,8.573609774085593
S30N:A58T:T76S:S77N:Y106S,S30N:A58T:T76S:S77N:Y106S,5,7.533660263004198,7.701591706415968,7.701591706415968,7.533660263004198,7.701591706415968,7.701591706415968,7.581441164683214,7.908520372352415,7.908520372352415,7.456460450589652,7.942339489698861,7.942339489698861,7.619315044321269,7.949456699187663,7.949456699187663,7.181968108872944,7.83888580113766,7.83888580113766,7.621013469691861,8.04741688283522,8.04741688283522,6.926321439993496,7.834416250227354,6.926321439993496,0.9000233886763453,8.569534263203625
F29S:I52S:A58T:N59A:T76S,F29S:I52S:A58T:N59A:T76S,5,7.545742072514037,7.716215393057682,7.716215393057682,7.545742072514037,7.716215393057682,7.716215393057682,7.3182104976035065,7.6982728889030385,7.6982728889030385,7.3216764170854916,7.713970654191984,7.713970654191984,7.518121113152463,7.996450588126057,7.996450588126057,6.376410572737869,7.189359990811151,7.189359990811151,7.524927761668016,7.957246107665665,7.957246107665665,6.831704068509994,7.714513418376802,6.831704068509994,0.4448021547868848,8.620744749164317
T57S:N59A:T76S:S84N:Y95F,T57S:N59A:T76S:S84N:Y95F,5,7.7942476714040945,7.976217246468541,7.976217246468541,7.7942476714040945,7.976217246468541,7.976217246468541,7.5914940849423775,7.986564834733606,7.986564834733606,7.317190692149227,7.861438549804177,7.861438549804177,7.562428839454694,8.042628628421275,8.042628628421275,6.936977994478459,7.7201959411545875,7.7201959411545875,7.563440177181667,8.039031474298275,8.039031474298275,6.86785896348062,7.704956428833158,6.86785896348062,0.08785346942022443,8.663060651559368
I52S:N59A:T71S:S77N:Y106S,I52S:N59A:T71S:S77N:Y106S,5,7.875757308492803,8.108250139944566,8.108250139944566,7.875757308492803,8.108250139944566,8.108250139944566,7.7276974574232815,8.046970677927998,8.046970677927998,7.466804254972947,8.055043009030411,8.055043009030411,7.86749932831449,8.166368049584841,8.166368049584841,7.063495747736642,7.849248802391234,7.849248802391234,7.854120230872751,8.178030535937495,8.178030535937495,7.08982457500988,7.915306560187806,7.08982457500988,0.26510168402455747,8.89381926597652
F29S:N59A:T71S:K74I:S84N,F29S:N59A:T71S:K74I:S84N,5,8.110964935016376,8.20091181824268,8.20091181824268,8.110964935016376,8.20091181824268,8.20091181824268,7.782256642954371,8.074262481429857,8.074262481429857,7.668601612486405,8.102074806807998,8.102074806807998,7.769003479835461,8.061862104214507,8.061862104214507,6.401395347909557,7.40427472115388,7.40427472115388,7.881740265239015,8.190983366017473,8.190983366017473,7.068907032970989,7.961881995105455,7.068907032970989,0.7716355668380857,8.648291506544632
S30N:T57S:N59A:R87T:Y95F,S30N:T57S:N59A:R87T:Y95F,5,7.577799593491098,7.736102437440472,7.736102437440472,7.577799593491098,7.736102437440472,7.736102437440472,7.5236391750465605,7.8413532135389685,7.8413532135389685,7.184185846387808,7.6427628913150745,7.6427628913150745,7.577195640630783,7.918385942918346,7.918385942918346,7.390493545408694,8.029491138562943,8.029491138562943,7.649688741831839,8.045010578779035,8.045010578779035,6.965178014941845,7.8458381391931695,6.965178014941845,0.11057198140770197,8.888125598911584
S30N:I52S:S77N:R87T:Y106S,S30N:I52S:S77N:R87T:Y106S,5,8.540939273959742,8.565172828768349,8.565172828768349,8.540939273959742,8.565172828768349,8.565172828768349,8.402348078690595,8.603737551221268,8.603737551221268,7.742652833087549,8.372286592384969,8.372286592384969,8.247389973008241,8.466910217167737,8.466910217167737,7.330926368272603,8.175783879798468,8.175783879798468,8.080863473373741,8.301929111112354,8.301929111112354,7.238979796358457,8.152471585368062,7.238979796358457,0.6089836838655174,8.866248846105872
S30N:I52S:S77N:Y95F:Y106S,S30N:I52S:S77N:Y95F:Y106S,5,8.34286364623977,8.382199393329017,8.382199393329017,8.34286364623977,8.382199393329017,8.382199393329017,8.131883970253076,8.358164368715054,8.358164368715054,7.654533587037299,8.214495638270275,8.214495638270275,8.114433788713578,8.343457979082862,8.343457979082862,7.470472952196365,8.234047338935166,8.234047338935166,8.059940342588213,8.307071070426687,8.307071070426687,7.2600769375902585,8.071203218367202,7.2600769375902585,0.7852194593288004,8.997882427386529
S30N:N59A:T76S:S77N,S30N:N59A:T76S:S77N,4,7.881272912808699,8.117670205115267,8.117670205115267,7.881272912808699,8.117670205115267,8.117670205115267,7.732855163057621,8.131026158868352,8.131026158868352,7.756944411370376,8.19875177224883,8.19875177224883,7.836961812350135,8.172704346553566,8.172704346553566,7.639115841138325,8.364441328078248,8.364441328078248,7.917211325890651,8.290937529803319,8.290937529803319,7.632913860705052,8.563021397567093,7.632913860705052,0.3748876084573567,8.700329349309545
S30N:T57S:N59A:S84N:Y95F,S30N:T57S:N59A:S84N:Y95F,5,7.599970148972712,7.743893276099812,7.743893276099812,7.599970148972712,7.743893276099812,7.743893276099812,7.435287106827341,7.821360378234586,7.821360378234586,7.282214406116469,7.793914736780333,7.793914736780333,7.44028034225736,7.9412889733558805,7.9412889733558805,6.858550426691329,7.670965281394014,7.670965281394014,7.536821222972027,8.018225659133414,8.018225659133414,6.793464484192576,7.609143340090408,6.793464484192576,0.690305813215673,8.98276403440466
T57S:A58T:T71S:S84N:Y106S,T57S:A58T:T71S:S84N:Y106S,5,7.846259984995965,8.040858124218532,8.040858124218532,7.846259984995965,8.040858124218532,8.040858124218532,7.729212986803036,8.079453796197976,8.079453796197976,7.919400347419227,8.346344288611338,8.346344288611338,7.697444971545254,8.092159528116873,8.092159528116873,7.151293060384001,7.8383039254752,7.8383039254752,7.703427463904154,8.183703991951164,8.183703991951164,6.995644294873976,7.805746112097975,6.995644294873976,0.32444656174629927,8.7708150120261
S30N:A58T:S77N:Y106S,S30N:A58T:S77N:Y106S,4,8.012424261943577,8.088869247619911,8.088869247619911,8.012424261943577,8.088869247619911,8.088869247619911,7.997683342743551,8.284313903753125,8.284313903753125,8.21260952539399,8.597463294608128,8.597463294608128,7.941439189518643,8.262691364656298,8.262691364656298,7.873537817994477,8.508113217883064,8.508113217883064,7.938359591121319,8.375867241076257,8.375867241076257,7.703731496100687,8.547380937912887,7.703731496100687,0.3315811166539788,8.31768108843783
I52S:N59A:T76S:S77N:Y106S,I52S:N59A:T76S:S77N:Y106S,5,8.008458338605113,8.148997639543609,8.148997639543609,8.008458338605113,8.148997639543609,8.148997639543609,7.805817929929458,8.072650133882375,8.072650133882375,7.561122558716349,8.05715315578434,8.05715315578434,7.934979718633826,8.204209713647876,8.204209713647876,7.225247245009418,7.991650644342223,7.991650644342223,7.882875573337282,8.191772956106107,8.191772956106107,7.115550613868159,7.98047019405555,7.115550613868159,0.4241496161557734,8.773332897810322
S30N:T57S:A58T:Y95F,S30N:T57S:A58T:Y95F,4,7.861826953424179,8.002127269392744,8.002127269392744,7.861826953424179,8.002127269392744,8.002127269392744,8.008514833699026,8.25020933617501,8.25020933617501,7.944179234993971,8.33825078856409,8.33825078856409,7.9303477170830705,8.230464543590978,8.230464543590978,8.124340216919165,8.722600770904092,8.722600770904092,7.954730258572095,8.351450418619402,8.351450418619402,7.824389144434392,8.795108658375499,7.824389144434392,0.10703543340787292,8.734244858037352
S30N:T57S:N59A:T76S:R87T,S30N:T57S:N59A:T76S:R87T,5,7.605996842527573,7.932786932362549,7.932786932362549,7.605996842527573,7.932786932362549,7.932786932362549,7.52433397901601,7.946112438131973,7.946112438131973,7.178419842379362,7.76304869411386,7.76304869411386,7.583298737157659,7.978871803041699,7.978871803041699,7.309695048875827,8.006788841297052,8.006788841297052,7.71091730800017,8.067736369404326,8.067736369404326,6.94607406524136,7.868883009296101,6.94607406524136,0.6226745436433703,8.72904836170703
S30N:A58T:S77N:R87T,S30N:A58T:S77N:R87T,4,8.072403112575815,8.177234621767301,8.177234621767301,8.072403112575815,8.177234621767301,8.177234621767301,8.072048108886612,8.335339628330498,8.335339628330498,7.965059804890927,8.430697954183136,8.430697954183136,8.09386553890845,8.374889527984132,8.374889527984132,7.714351297107709,8.471718926374471,8.471718926374471,8.029702661797879,8.408285624094624,8.408285624094624,7.717046115276171,8.632707961381756,7.717046115276171,0.7853359109722078,8.584117368381792
A58T:T71S:S77N:R87T:Y106S,A58T:T71S:S77N:R87T:Y106S,5,7.785571641948143,7.992089673367716,7.992089673367716,7.785571641948143,7.992089673367716,7.992089673367716,7.650431448228029,8.060088682633971,8.060088682633971,7.381560917193763,7.928205299873473,7.928205299873473,7.7238473624774056,8.137610170645996,8.137610170645996,6.888966789995245,7.698834999405486,7.698834999405486,7.677681273822966,8.115101471367298,8.115101471367298,6.834759416577721,7.818494799990999,6.834759416577721,0.2918352410197258,8.898557835484388
S30N:T57S:A58T:T76S:Y95F,S30N:T57S:A58T:T76S:Y95F,5,7.392746561774158,7.531065964376348,7.531065964376348,7.392746561774158,7.531065964376348,7.531065964376348,7.577062231899781,7.905420596178776,7.905420596178776,7.15559009891965,7.608209644742648,7.608209644742648,7.57755749117486,7.943893341331391,7.943893341331391,7.496896426032803,8.048062647685336,8.048062647685336,7.629681767670598,7.985751586363828,7.985751586363828,7.070255500118768,7.922965258643014,7.070255500118768,0.16520973481237888,8.824465184338836
T57S:A58T:N59A:K74I:Y95F,T57S:A58T:N59A:K74I:Y95F,5,8.243262283106894,8.35569711094767,8.35569711094767,8.243262283106894,8.35569711094767,8.35569711094767,8.06460384695952,8.287631256646176,8.287631256646176,8.166344621121908,8.49603891422484,8.49603891422484,8.045558948952888,8.249954915689932,8.249954915689932,7.914078039383702,8.455169160356286,8.455169160356286,8.053387844819747,8.232718409420752,8.232718409420752,7.452156945551701,8.32152458025264,7.452156945551701,0.4163389801979065,8.760108836549376
S30N:N59A:S84N:Y95F,S30N:N59A:S84N:Y95F,4,8.026856424386342,8.08331755152499,8.08331755152499,8.026856424386342,8.08331755152499,8.08331755152499,7.816845714591764,8.284777543000695,8.284777543000695,7.918452361331264,8.402763812039666,8.402763812039666,7.84988487136553,8.449521981467116,8.449521981467116,7.554517895625837,8.461018884913877,8.461018884913877,7.91405685599695,8.450319314537184,8.450319314537184,7.576301695545741,8.391759726610262,7.576301695545741,0.6259899095166475,9.22502690610049
S30N:N59A:T76S:S84N:Y95F,S30N:N59A:T76S:S84N:Y95F,5,7.817694346652554,7.971168489776659,7.971168489776659,7.817694346652554,7.971168489776659,7.971168489776659,7.468719127479854,7.881872484738893,7.881872484738893,7.2705937789079975,7.853947477985685,7.853947477985685,7.573189206132374,8.018437541552704,8.018437541552704,6.812941769310449,7.696422301160867,7.696422301160867,7.649448069017517,8.075462865527408,8.075462865527408,6.8860963750089175,7.767788498717203,6.8860963750089175,0.7215526213403791,8.794161985417986
T57S:A58T:N59A:K74I:T76S,T57S:A58T:N59A:K74I:T76S,5,8.040479107003186,8.192667210042284,8.192667210042284,8.040479107003186,8.192667210042284,8.192667210042284,8.087830836129344,8.397778187065315,8.397778187065315,8.067848183461873,8.371840837512924,8.371840837512924,8.130163184367373,8.36887658412709,8.36887658412709,7.895076171513788,8.516708385657237,8.516708385657237,8.137413321596132,8.353804879483942,8.353804879483942,7.527623104248003,8.429331499070711,7.527623104248003,0.7708655425813049,8.500637050724134
F29S:S31N:S77N:S84N:Y95F,F29S:S31N:S77N:S84N:Y95F,5,7.567989284094766,7.685824133989217,7.685824133989217,7.567989284094766,7.685824133989217,7.685824133989217,7.505526958530343,7.849871789532707,7.849871789532707,6.825823777907468,7.526085496306487,7.526085496306487,7.27833051118952,7.665922782105557,7.665922782105557,5.74408276260012,6.954987036231442,6.954987036231442,7.415094679320112,7.805395328561806,7.805395328561806,6.624796973376323,7.50571894580988,6.624796973376323,0.9542061230167747,8.47700422415993
A58T:N59A:T76S:S84N,A58T:N59A:T76S:S84N,4,7.786499887801822,8.018296134739565,8.018296134739565,7.786499887801822,8.018296134739565,8.018296134739565,7.7673385205170105,8.174933880260328,8.174933880260328,7.862749136810789,8.257334652243348,8.257334652243348,7.798707121597741,8.354100043566342,8.354100043566342,7.441961475973047,8.121700389700973,8.121700389700973,7.785408447903297,8.336975160605919,8.336975160605919,7.453020513037982,8.17724581005979,7.453020513037982,0.14036404294893146,8.540763710339565
S30N:T57S:A58T:T76S:Y106S,S30N:T57S:A58T:T76S:Y106S,5,7.288113263314693,7.499929274437477,7.499929274437477,7.288113263314693,7.499929274437477,7.499929274437477,7.505359081841144,7.87358089137427,7.87358089137427,7.40524932651823,7.814694545483548,7.814694545483548,7.591177405794063,7.956386945594855,7.956386945594855,7.459618068373432,8.010043627976314,8.010043627976314,7.645461017776584,8.050508501435347,8.050508501435347,6.9823057354297,7.900745682860904,6.9823057354297,0.9772841515950859,8.383094346500407
S30N:T57S:N59A:S77N:R87T,S30N:T57S:N59A:S77N:R87T,5,7.59956218360391,7.882276824833114,7.882276824833114,7.59956218360391,7.882276824833114,7.882276824833114,7.455004957951208,7.8561717978509895,7.8561717978509895,6.993340568197413,7.611310700917182,7.611310700917182,7.596964151937788,7.9829056966125105,7.9829056966125105,6.779448946740859,7.709395725524671,7.709395725524671,7.632040261841592,7.987419674802542,7.987419674802542,6.783060754884716,7.7368247166598625,6.783060754884716,0.5948357959277928,8.87376343529945
A58T:N59A:S77N:R87T:Y106S,A58T:N59A:S77N:R87T:Y106S,5,7.554750625789341,7.801034713056101,7.801034713056101,7.554750625789341,7.801034713056101,7.801034713056101,7.278820574708733,7.735997033646409,7.735997033646409,7.239446623455352,7.76408644730401,7.76408644730401,7.409179509947711,7.823515146760043,7.823515146760043,6.719319734151982,7.546542877473539,7.546542877473539,7.396788035794774,7.862345250872572,7.862345250872572,6.600143514514831,7.582389325777137,6.600143514514831,0.13276013499125838,8.882775114544062
S30N:S31N:A58T:N59A:Y106S,S30N:S31N:A58T:N59A:Y106S,5,7.525552789458272,7.748746324942176,7.748746324942176,7.525552789458272,7.748746324942176,7.748746324942176,7.3184008176737585,7.711100197154647,7.711100197154647,7.482292063150202,7.900059974280249,7.900059974280249,7.328512057180648,7.803474826434266,7.803474826434266,7.4455717851441,8.112461521565407,8.112461521565407,7.516078074300164,8.013659363557485,8.013659363557485,6.8377341316174265,7.873348317770236,6.8377341316174265,0.5731901682447642,8.836068973939838
F29S:T57S:N59A:T71S:K74I,F29S:T57S:N59A:T71S:K74I,5,7.837962835328142,8.010617519897375,8.010617519897375,7.837962835328142,8.010617519897375,8.010617519897375,7.647768082383649,8.011120582917988,8.011120582917988,7.65937189541539,8.082581025414965,8.082581025414965,7.776934349802874,8.02630404994531,8.02630404994531,6.765169768302732,7.634334421516449,7.634334421516449,7.817600933343218,8.0988936073953,8.0988936073953,7.102375996001837,7.958667026676953,7.102375996001837,0.08281923830509186,8.691318485421402
A58T:N59A:T76S:S84N:Y106S,A58T:N59A:T76S:S84N:Y106S,5,7.458281226279251,7.655778205610905,7.655778205610905,7.458281226279251,7.655778205610905,7.655778205610905,7.328927832029599,7.739876717384479,7.739876717384479,7.487817029441071,7.872582415067221,7.872582415067221,7.457636254218289,7.927035365463062,7.927035365463062,6.786677694406924,7.476568619147309,7.476568619147309,7.416829159392832,7.958670033700859,7.958670033700859,6.655713606820903,7.478328716955734,6.655713606820903,0.6024180839303881,8.663479823167282
S30N:A58T:T76S:R87T:Y106S,S30N:A58T:T76S:R87T:Y106S,5,7.622215261385499,7.851309271989474,7.851309271989474,7.622215261385499,7.851309271989474,7.851309271989474,7.649435553250811,8.08396293524554,8.08396293524554,7.364498602212386,7.848487770639225,7.848487770639225,7.722717467162628,8.101385951039576,8.101385951039576,7.2756418275543915,7.891997748867225,7.891997748867225,7.729393685771767,8.162372258359659,8.162372258359659,6.909191888184252,7.857670407834672,6.909191888184252,0.08960454119369388,8.70406068740149
T57S:A58T:T76S:R87T,T57S:A58T:T76S:R87T,4,8.066080687458339,8.269400758904249,8.269400758904249,8.066080687458339,8.269400758904249,8.269400758904249,8.108731993782948,8.373059679599384,8.373059679599384,7.9486867181819925,8.346801512640349,8.346801512640349,8.102762271425506,8.347687159105108,8.347687159105108,8.05207444680056,8.71627376166029,8.71627376166029,8.076446208664422,8.37850184186303,8.37850184186303,7.77233855928648,8.706983108455688,7.77233855928648,0.2875248179771006,8.752641640766361
T57S:A58T:N59A:S77N:Y95F,T57S:A58T:N59A:S77N:Y95F,5,7.409892267322058,7.577474515969247,7.577474515969247,7.409892267322058,7.577474515969247,7.577474515969247,7.231247910509965,7.579177653378791,7.579177653378791,7.067567617207613,7.524636316544419,7.524636316544419,7.2263021596580455,7.584776264329944,7.584776264329944,6.953297145177836,7.742061634235011,7.742061634235011,7.250223469544393,7.583441659561125,7.583441659561125,6.730094511393514,7.614042660417971,6.730094511393514,0.980955536942929,8.865861217391087
T57S:A58T:N59A:R87T:Y95F,T57S:A58T:N59A:R87T:Y95F,5,7.457395278030544,7.631502295857513,7.631502295857513,7.457395278030544,7.631502295857513,7.631502295857513,7.325210706805747,7.6629097523527445,7.6629097523527445,7.219079236250091,7.639053915820534,7.639053915820534,7.364248553191694,7.720877627047164,7.720877627047164,7.335896620676463,8.02033575908967,8.02033575908967,7.361027857243909,7.7413401212212145,7.7413401212212145,6.816146788504332,7.735595455449921,6.816146788504332,0.47650849632918835,8.937808224830654
S30N:A58T:N59A:T71S:R87T,S30N:A58T:N59A:T71S:R87T,5,7.316738933748243,7.611881959429143,7.611881959429143,7.316738933748243,7.611881959429143,7.611881959429143,7.166754656410362,7.54319962403364,7.54319962403364,7.190486396412817,7.657532394229391,7.657532394229391,7.338176610093259,7.800736045247863,7.800736045247863,7.064725168440851,7.735722987410005,7.735722987410005,7.446056937686957,7.902612262395755,7.902612262395755,6.701035848790033,7.597210553104481,6.701035848790033,0.6179327408317477,8.758314653545867
T57S:A58T:T71S:T76S:S77N,T57S:A58T:T71S:T76S:S77N,5,7.6387967608992,7.7933387119925905,7.7933387119925905,7.6387967608992,7.7933387119925905,7.7933387119925905,7.706420009032154,7.9675376758311565,7.9675376758311565,7.438389881560745,7.850621196887639,7.850621196887639,7.7360408346022735,8.053417871756311,8.053417871756311,7.237277969369298,7.915207639198731,7.915207639198731,7.7600660083685415,8.087287747219035,8.087287747219035,7.106952031861459,7.979662195303574,7.106952031861459,0.8732063279021531,8.506086275657548
S30N:N59A:T76S:Y106S,S30N:N59A:T76S:Y106S,4,7.86084213721832,8.16053933910179,8.16053933910179,7.86084213721832,8.16053933910179,8.16053933910179,7.694942256510043,8.2453275928323,8.2453275928323,7.91973536612173,8.35030046356633,8.35030046356633,7.829193400224201,8.344969725936114,8.344969725936114,7.88958804949768,8.475602638119968,8.475602638119968,7.906682628645576,8.388731018449477,8.388731018449477,7.620994186109742,8.552538615280488,7.620994186109742,0.5371104902587831,8.984746188486376
S30N:I52S:T71S:S77N:Y106S,S30N:I52S:T71S:S77N:Y106S,5,8.108123462785388,8.23422523855168,8.23422523855168,8.108123462785388,8.23422523855168,8.23422523855168,8.142902461978835,8.3380890427606,8.3380890427606,7.61453675956303,8.183555572750677,8.183555572750677,8.08860078386364,8.27443100259056,8.27443100259056,7.339360861479164,8.084136367278363,8.084136367278363,8.00072271649011,8.241991086562983,8.241991086562983,7.214076020050747,8.013861974122989,7.214076020050747,0.8628866081126034,9.054772586523997
S30N:A58T:S77N:S84N,S30N:A58T:S77N:S84N,4,8.057847254920354,8.145003867749569,8.145003867749569,8.057847254920354,8.145003867749569,8.145003867749569,8.110068611817898,8.414897119529684,8.414897119529684,8.206476141347611,8.67889392617679,8.67889392617679,7.991015589532719,8.38697466456873,8.38697466456873,7.668087984727914,8.741381612671416,8.741381612671416,8.014638872764221,8.414917377617767,8.414917377617767,7.720532994119589,8.772264339266838,7.720532994119589,0.38286535115912557,8.643062527568347
A58T:N59A:T71S:T76S:Y106S,A58T:N59A:T71S:T76S:Y106S,5,7.415352208279221,7.7141520531182906,7.7141520531182906,7.415352208279221,7.7141520531182906,7.7141520531182906,7.311457817143055,7.6923570282574625,7.6923570282574625,7.67338030978433,8.040871018820292,8.040871018820292,7.433323798977168,7.832815975169297,7.832815975169297,7.336713527150473,7.9671225914175645,7.9671225914175645,7.435814144205654,7.8977402409446045,7.8977402409446045,6.747730027023935,7.79343317332253,6.747730027023935,0.33853427949361503,8.67273159501854
N59A:T71S:S77N:S84N,N59A:T71S:S77N:S84N,4,7.781969634979842,7.973761969722617,7.973761969722617,7.781969634979842,7.973761969722617,7.973761969722617,7.77432711498478,8.361599548572954,8.361599548572954,7.670206977028693,8.27305066742375,8.27305066742375,7.815030699611039,8.407573139395094,8.407573139395094,7.155097102466558,8.312941887439054,8.312941887439054,7.897157056312616,8.420736422329444,8.420736422329444,7.435699100062363,8.448274579754681,7.435699100062363,0.6321181561797857,8.885376915499155
S31N:A58T:N59A:Y95F:Y106S,S31N:A58T:N59A:Y95F:Y106S,5,7.783278655772097,8.004615846541942,8.004615846541942,7.783278655772097,8.004615846541942,8.004615846541942,7.577344868762186,7.947287734563022,7.947287734563022,7.658100784835009,8.0900282475693,8.0900282475693,7.505983528004255,7.966784609208754,7.966784609208754,7.611620456264546,8.220188584738011,8.220188584738011,7.581410706986348,8.047938911956349,8.047938911956349,6.933249465664015,7.9425991049015305,6.933249465664015,0.47365959780290723,8.913624156208506
A58T:N59A:T71S:T76S:Y95F,A58T:N59A:T71S:T76S:Y95F,5,7.557060363049164,7.728517226223354,7.728517226223354,7.557060363049164,7.728517226223354,7.728517226223354,7.415136851336245,7.748579157390189,7.748579157390189,7.460338102713112,7.859230378941372,7.859230378941372,7.4678095209024535,7.84636986312337,7.84636986312337,7.448012224749766,8.006107012871341,8.006107012871341,7.418626449860707,7.8218747041153,7.8218747041153,6.8921952432209395,7.800052762469552,6.8921952432209395,0.5373272250872105,8.770952163677965
S30N:A58T:T76S:S77N:Y95F,S30N:A58T:T76S:S77N:Y95F,5,7.740702809053456,7.8807348727452,7.8807348727452,7.740702809053456,7.8807348727452,7.8807348727452,7.6992674001251,8.015548309551862,8.015548309551862,7.260949655891712,7.800043319736485,7.800043319736485,7.664054885079653,7.992235058888438,7.992235058888438,7.16561274809384,7.897516530761099,7.897516530761099,7.672164926773937,8.017198996841296,8.017198996841296,7.010538211730352,7.902784188824315,7.010538211730352,0.44737085280939937,8.829140415643096
S30N:I52S:N59A:S77N:Y106S,S30N:I52S:N59A:S77N:Y106S,5,8.058628103863324,8.17719737862737,8.17719737862737,8.058628103863324,8.17719737862737,8.17719737862737,7.7852890453467,8.046223688965531,8.046223688965531,7.571815061400425,8.071679121064467,8.071679121064467,7.795539795960635,8.096221176405306,8.096221176405306,7.213866765978523,7.983807765167617,7.983807765167617,7.791520796468626,8.127497462108003,8.127497462108003,7.062231193923306,7.877243234947304,7.062231193923306,0.5629186844453216,8.970520823083435
T57S:N59A:T76S:S77N:Y95F,T57S:N59A:T76S:S77N:Y95F,5,7.583573593594427,7.753308458265542,7.753308458265542,7.583573593594427,7.753308458265542,7.753308458265542,7.38884882748478,7.730364756225804,7.730364756225804,6.985816060536875,7.548298646579699,7.548298646579699,7.510680187878953,7.8603604078970415,7.8603604078970415,7.025923646426971,7.767247406835519,7.767247406835519,7.5331250828719885,7.869109467517661,7.869109467517661,6.886500547879063,7.726790430629324,6.886500547879063,0.09324988909065723,8.72556827950623
S30N:N59A:T71S:S77N:R87T,S30N:N59A:T71S:S77N:R87T,5,7.6255674037437124,7.9434389227954,7.9434389227954,7.6255674037437124,7.9434389227954,7.9434389227954,7.47541544414297,7.924940256606514,7.924940256606514,7.085237449811798,7.7329113225471415,7.7329113225471415,7.580275284110905,7.993886874955883,7.993886874955883,6.691089389217298,7.703687032460924,7.703687032460924,7.60780102935314,8.007997256562463,8.007997256562463,6.7684033856991555,7.700831179336322,6.7684033856991555,0.9900145786814392,8.814693200198933
S30N:S31N:T71S:Y106S,S30N:S31N:T71S:Y106S,4,8.42402195849429,8.597125140077075,8.597125140077075,8.42402195849429,8.597125140077075,8.597125140077075,8.347014855289071,8.615486711595704,8.615486711595704,8.269654052584805,8.750884216833398,8.750884216833398,8.31450058977937,8.635893586796234,8.635893586796234,8.23405973885538,8.88565517985117,8.88565517985117,8.298769406737417,8.737943308978018,8.737943308978018,7.881662261508427,8.946411721134934,7.881662261508427,0.8671934322919697,9.271141804912153
F29S:A58T:K74I:T76S:S77N,F29S:A58T:K74I:T76S:S77N,5,8.082749254645174,8.007377958524609,8.007377958524609,8.082749254645174,8.007377958524609,8.007377958524609,7.91980088141362,8.083868540232352,8.083868540232352,7.514861635423089,7.970212513460012,7.970212513460012,7.994208479182185,8.173750481180374,8.173750481180374,6.783257077582349,7.767120892616318,7.767120892616318,8.044067891349881,8.262069318921725,8.262069318921725,7.423862455021389,8.288578442332996,7.423862455021389,0.15059148520231247,8.97340189607252
A58T:N59A:T71S:R87T:Y106S,A58T:N59A:T71S:R87T:Y106S,5,7.550220748424544,7.895542295347873,7.895542295347873,7.550220748424544,7.895542295347873,7.895542295347873,7.318124269934964,7.80437757522931,7.80437757522931,7.518154542525801,7.996054952444185,7.996054952444185,7.4199988807194694,7.908564684444383,7.908564684444383,7.125991384968115,7.844661841534012,7.844661841534012,7.475804587391301,7.98375644015446,7.98375644015446,6.665746459278433,7.6888535079148985,6.665746459278433,0.021737965755164623,8.748469788128572
A58T:N59A:S77N:Y95F,A58T:N59A:S77N:Y95F,4,7.82321460816012,7.989224721896862,7.989224721896862,7.82321460816012,7.989224721896862,7.989224721896862,7.637751888563237,8.096201355726075,8.096201355726075,7.64519878513716,8.136691870558028,8.136691870558028,7.62662813194755,8.137098496889429,8.137098496889429,7.589803966388896,8.389926363047092,8.389926363047092,7.66268183915733,8.134264851006224,8.134264851006224,7.472551122760722,8.29055949133685,7.472551122760722,0.9506348336581141,9.090850218284864
F29S:S31N:A58T:K74I:S84N,F29S:S31N:A58T:K74I:S84N,5,8.242560134780645,8.250670153850072,8.250670153850072,8.242560134780645,8.250670153850072,8.250670153850072,8.063602108195166,8.23655540230785,8.23655540230785,7.5632167295799215,8.139020683163308,8.139020683163308,7.823679087524491,8.105779231818758,8.105779231818758,6.591149378419946,7.754673654847336,7.754673654847336,8.0206539152946,8.258248853396307,8.258248853396307,7.362684427849512,8.217742445143204,7.362684427849512,0.13590405718423426,8.642807157928825
T57S:N59A:S77N:S84N,T57S:N59A:S77N:S84N,4,7.8020860804900085,8.034692536943684,8.034692536943684,7.8020860804900085,8.034692536943684,8.034692536943684,7.795184434707449,8.39077878664493,8.39077878664493,7.621744741829378,8.284487977500845,8.284487977500845,7.82541936677907,8.39113321974296,8.39113321974296,7.216269524573424,8.372132393001046,8.372132393001046,7.847701259245771,8.331426770610111,8.331426770610111,7.4136601209526525,8.43962049605238,7.4136601209526525,0.17560829315334558,8.54089807907921
F29S:S30N:S31N:T71S:T76S,F29S:S30N:S31N:T71S:T76S,5,7.682907855105194,7.810693390178991,7.810693390178991,7.682907855105194,7.810693390178991,7.810693390178991,7.489382128587366,7.730897250448391,7.730897250448391,7.127078547141592,7.610943457469255,7.610943457469255,7.441563750928749,7.808767976374342,7.808767976374342,6.789569432469202,7.512168446351702,7.512168446351702,7.544553237616504,7.920605145706315,7.920605145706315,6.997530678580636,7.822152999885654,6.997530678580636,0.6234702621586621,8.770123301666846
F29S:I52S:N59A:T76S,F29S:I52S:N59A:T76S,4,7.878168817934874,8.081204566772056,8.081204566772056,7.878168817934874,8.081204566772056,8.081204566772056,7.640557502232912,8.00264942314665,8.00264942314665,7.896803587613082,8.309494590957444,8.309494590957444,7.860349619578564,8.465395988060205,8.465395988060205,7.277857995344819,8.064530804087276,8.064530804087276,7.872395923915841,8.516458176676512,8.516458176676512,7.614568437335452,8.456962929642119,7.614568437335452,0.8772989814169705,8.331216516573178
S30N:T57S:A58T:T71S,S30N:T57S:A58T:T71S,4,7.871409498782789,8.122688997451753,8.122688997451753,7.871409498782789,8.122688997451753,8.122688997451753,8.028945907678342,8.309842249772426,8.309842249772426,8.162329384024074,8.470035744681397,8.470035744681397,8.077989700782787,8.420613355988293,8.420613355988293,8.109659397704604,8.550588779750624,8.550588779750624,8.090099841449096,8.372144301586028,8.372144301586028,7.811383133096973,8.647301820501852,7.811383133096973,0.7505058846436441,8.869911354726801
T57S:A58T:S77N:Y106S,T57S:A58T:S77N:Y106S,4,8.043010917502269,8.129091438926807,8.129091438926807,8.043010917502269,8.129091438926807,8.129091438926807,8.046948800132087,8.333739462153963,8.333739462153963,8.10653727875151,8.446821801323965,8.446821801323965,8.03134389018981,8.3736610251461,8.3736610251461,7.83419117422357,8.483002524832541,8.483002524832541,7.984244027795466,8.41361209668934,8.41361209668934,7.744682994976145,8.591547595240527,7.744682994976145,0.6096154565457255,8.683759773809308
S30N:A58T:N59A:K74I:T76S,S30N:A58T:N59A:K74I:T76S,5,7.963214892849233,8.163663499333799,8.163663499333799,7.963214892849233,8.163663499333799,8.163663499333799,7.896752316874521,8.179372649710112,8.179372649710112,7.925051419900655,8.289825315293847,8.289825315293847,8.055292584608393,8.338216485114492,8.338216485114492,7.68513007542955,8.307813667416205,8.307813667416205,8.19331819260858,8.39828061458154,8.39828061458154,7.493669284820019,8.360555267566864,7.493669284820019,0.4942367966286838,8.559738551456494
T57S:A58T:S77N:R87T:Y106S,T57S:A58T:S77N:R87T:Y106S,5,7.856924979768328,7.995856156687173,7.995856156687173,7.856924979768328,7.995856156687173,7.995856156687173,7.763524777431975,8.100343394271212,8.100343394271212,7.488344892352808,7.9636311921775205,7.9636311921775205,7.820469138294186,8.154916670329145,8.154916670329145,7.066714522502333,7.836035554294817,7.836035554294817,7.700379507006456,8.131340944707443,8.131340944707443,6.947707788300384,7.933744130715522,6.947707788300384,0.12378856493160129,8.738361385529123
F29S:T57S:A58T:K74I:S77N,F29S:T57S:A58T:K74I:S77N,5,7.846026268551702,7.84722475131268,7.84722475131268,7.846026268551702,7.84722475131268,7.84722475131268,7.760869917109395,7.961499389686957,7.961499389686957,7.467864999592194,7.929958461162641,7.929958461162641,7.8269236669700835,8.042636471266901,8.042636471266901,6.512217275790032,7.5889532736555045,7.5889532736555045,7.899697332810835,8.125664419494468,8.125664419494468,7.278852920980387,8.14747797484876,7.278852920980387,0.343318305676803,8.805650595515685
S30N:T57S:A58T:S84N,S30N:T57S:A58T:S84N,4,7.925440152756281,7.989286427635703,7.989286427635703,7.925440152756281,7.989286427635703,7.989286427635703,8.017133062217752,8.282886102758276,8.282886102758276,8.185961011549383,8.505061569494902,8.505061569494902,7.9579420629604645,8.325866748883387,8.325866748883387,7.789913790673772,8.488194407141165,8.488194407141165,8.028376424780427,8.32151958676144,8.32151958676144,7.786683566561744,8.547771654228466,7.786683566561744,0.4390270193107426,8.791660717159143
F29S:A58T:K74I:S84N:R87T,F29S:A58T:K74I:S84N:R87T,5,7.956776202903146,7.948755332749172,7.948755332749172,7.956776202903146,7.948755332749172,7.948755332749172,7.659932888254135,7.840305288916215,7.840305288916215,7.399499574504223,7.940885844692403,7.940885844692403,7.867585476654306,8.09142277970986,8.09142277970986,6.363495609130359,7.523835318534735,7.523835318534735,7.964514886457763,8.131669564838983,8.131669564838983,7.1734609892528525,8.044871829616028,7.1734609892528525,0.30975598539225757,8.760969380760299
S30N:S31N:A58T:N59A,S30N:S31N:A58T:N59A,4,7.779393498264652,8.023250654173786,8.023250654173786,7.779393498264652,8.023250654173786,8.023250654173786,7.69592516200558,8.057383672756552,8.057383672756552,7.715013412536855,8.159046214798103,8.159046214798103,7.676106573819112,8.176868713185076,8.176868713185076,7.9194624685068895,8.652557986577293,8.652557986577293,7.833608318319338,8.358073606741593,8.358073606741593,7.582929532950427,8.519537363530155,7.582929532950427,0.5298908902332187,9.002339221469244
T57S:A58T:S77N:Y95F:Y106S,T57S:A58T:S77N:Y95F:Y106S,5,7.765018440184464,7.860570575193744,7.860570575193744,7.765018440184464,7.860570575193744,7.860570575193744,7.641397036689044,7.970495533355687,7.970495533355687,7.5174804678255,7.913936070616589,7.913936070616589,7.5803231174926795,7.94641467796142,7.94641467796142,7.24228572057157,7.930384654502906,7.930384654502906,7.547519591835662,7.961110630537858,7.961110630537858,6.9744981818790786,7.869027184584367,6.9744981818790786,0.8768068575300276,8.848266191814195
F29S:S30N:S31N:T57S:T76S,F29S:S30N:S31N:T57S:T76S,5,7.4500680510091595,7.733110868027958,7.733110868027958,7.4500680510091595,7.733110868027958,7.733110868027958,7.307961443275484,7.6674494386073455,7.6674494386073455,6.8197017200227,7.426902955516103,7.426902955516103,7.287958094857011,7.673818921591577,7.673818921591577,6.547855756671599,7.389402854000172,7.389402854000172,7.519575802340177,7.989381885430183,7.989381885430183,6.978704678413364,7.8930747149278,6.978704678413364,0.25800439016893506,8.795760596472828
S31N:A58T:N59A:S77N:Y106S,S31N:A58T:N59A:S77N:Y106S,5,7.571508054701477,7.872055570462802,7.872055570462802,7.571508054701477,7.872055570462802,7.872055570462802,7.459527415012655,7.869140562849427,7.869140562849427,7.29607536198897,7.887597618403717,7.887597618403717,7.465554394753043,7.928037902431202,7.928037902431202,7.042231869754638,7.837054879264418,7.837054879264418,7.55793719090004,8.019624497971039,8.019624497971039,6.797960610412149,7.783651113820675,6.797960610412149,0.8532961802557111,8.939676086881335
T71S:S84N:R87T:Y106S,T71S:S84N:R87T:Y106S,4,8.351018571289591,8.588662893089671,8.588662893089671,8.351018571289591,8.588662893089671,8.588662893089671,8.2289641138051,8.657957407733539,8.657957407733539,8.179921780017075,8.893799981685147,8.893799981685147,8.139914897677512,8.658927203317768,8.658927203317768,7.805996071609929,8.847104188237493,8.847104188237493,8.17131150497699,8.684896189415719,8.684896189415719,7.736680569018645,8.673922089698394,7.736680569018645,0.5481859906576574,8.803222715278102
A58T:N59A:T76S:Y95F,A58T:N59A:T76S:Y95F,4,7.810364746042747,7.958737817182056,7.958737817182056,7.810364746042747,7.958737817182056,7.958737817182056,7.725305873016,8.06181168261166,8.06181168261166,7.7559216744175075,8.154457949445138,8.154457949445138,7.763889109955687,8.127110569964525,8.127110569964525,7.930423852684944,8.48291336842699,8.48291336842699,7.698665801932753,8.090802574296664,8.090802574296664,7.588600530814171,8.46813461584726,7.588600530814171,0.6152887982316315,9.007739808508466
S30N:I52S:T57S:T71S:Y106S,S30N:I52S:T57S:T71S:Y106S,5,8.0738857970164,8.218040855857708,8.218040855857708,8.0738857970164,8.218040855857708,8.218040855857708,8.169409296536907,8.359685341478457,8.359685341478457,7.871058479357714,8.312090901798559,8.312090901798559,8.101603689272158,8.34224032659072,8.34224032659072,7.8410413180861,8.462353644087502,8.462353644087502,8.080073972479088,8.32206306461106,8.32206306461106,7.332538514003196,8.173050501627847,7.332538514003196,0.260578447021544,8.944611614987526
T57S:A58T:T76S:S77N:Y95F,T57S:A58T:T76S:S77N:Y95F,5,7.728458467135293,7.780823006026935,7.780823006026935,7.728458467135293,7.780823006026935,7.780823006026935,7.699371766778909,7.929761308086229,7.929761308086229,7.236252308388796,7.696161512466504,7.696161512466504,7.607385184645165,7.880613379995673,7.880613379995673,7.2465770682868484,7.983417413862797,7.983417413862797,7.5945405112592645,7.90286106660957,7.90286106660957,7.0344165801370115,7.895114353057047,7.0344165801370115,0.5207259876187891,8.859290424576619
N59A:T71S:S77N:Y95F:Y106S,N59A:T71S:S77N:Y95F:Y106S,5,7.589350719850444,7.890607015312479,7.890607015312479,7.589350719850444,7.890607015312479,7.890607015312479,7.357035127554122,7.850667544276539,7.850667544276539,7.310601537992349,7.927522795377146,7.927522795377146,7.517854819217682,8.020016407714504,8.020016407714504,6.963847359342351,7.733453001151502,7.733453001151502,7.511756017951648,8.004086311515863,8.004086311515863,6.825361475283103,7.730498138184562,6.825361475283103,0.394889930030331,8.900102826542541
F29S:A58T:K74I:T76S:Y95F,F29S:A58T:K74I:T76S:Y95F,5,8.096322109142761,8.092034910881551,8.092034910881551,8.096322109142761,8.092034910881551,8.092034910881551,7.795170643651835,8.0837962832504,8.0837962832504,7.274012023673755,7.809225351202657,7.809225351202657,7.88600813662147,8.145754782379571,8.145754782379571,6.743504737465706,7.734775464844267,7.734775464844267,7.835913269283237,8.107984569574272,8.107984569574272,7.33760353473686,8.16233067183998,7.33760353473686,0.9302755729295313,8.93727430806163
A58T:N59A:T71S:T76S,A58T:N59A:T71S:T76S,4,7.77829745537629,7.997537900242542,7.997537900242542,7.77829745537629,7.997537900242542,7.997537900242542,7.729094753091051,8.037247861097606,8.037247861097606,7.939110311133287,8.248210407755888,8.248210407755888,7.80614994954498,8.139881358111142,8.139881358111142,7.906201077496065,8.464309885648797,8.464309885648797,7.81339776741482,8.134150632851906,8.134150632851906,7.577067300684208,8.494178850902538,7.577067300684208,0.43565950635820627,8.712640021773845
A58T:N59A:T71S:S77N:Y95F,A58T:N59A:T71S:S77N:Y95F,5,7.4887877858332,7.705769253851901,7.705769253851901,7.4887877858332,7.705769253851901,7.705769253851901,7.248761387522097,7.6524208427235525,7.6524208427235525,7.130329179789774,7.649866431902733,7.649866431902733,7.308809808016902,7.778977780690265,7.778977780690265,6.869184114906282,7.628070481695476,7.628070481695476,7.350810470632524,7.770752495454553,7.770752495454553,6.716262156381634,7.561679944128145,6.716262156381634,0.890688524581492,8.688272591395643
T57S:A58T:T71S:S77N:R87T,T57S:A58T:T71S:S77N:R87T,5,7.807526225890279,8.018186212977179,8.018186212977179,7.807526225890279,8.018186212977179,8.018186212977179,7.66849167281559,8.000137693978273,8.000137693978273,7.348320742924521,7.825884726792913,7.825884726792913,7.793723709651358,8.152785224113957,8.152785224113957,6.979831486368782,7.812146807029408,7.812146807029408,7.776204998964728,8.129477970695447,8.129477970695447,6.97505401972417,7.882513529869449,6.97505401972417,0.575134577229619,8.84738532051407
S30N:T57S:N59A:T76S:S84N,S30N:T57S:N59A:T76S:S84N,5,7.487931370796823,7.7361150999626584,7.7361150999626584,7.487931370796823,7.7361150999626584,7.7361150999626584,7.38250018876096,7.7871845361785725,7.7871845361785725,7.142037887369182,7.712281648940653,7.712281648940653,7.471206018539624,7.93569223764726,7.93569223764726,6.774815187718288,7.5640130494415185,7.5640130494415185,7.568076729416252,7.978144006446029,7.978144006446029,6.796296720015584,7.6275020105641085,6.796296720015584,0.5336472301278263,8.671360494897089
N59A:T76S:S77N:Y95F:Y106S,N59A:T76S:S77N:Y95F:Y106S,5,7.741108405954869,7.987630014063142,7.987630014063142,7.741108405954869,7.987630014063142,7.987630014063142,7.449676462371521,7.807472878925409,7.807472878925409,7.391767006307916,7.94558773004387,7.94558773004387,7.584314898301285,8.0023889896237,8.0023889896237,7.126693435801487,7.845826770267467,7.845826770267467,7.5676429069601605,7.973643777349098,7.973643777349098,6.908199769252182,7.791506231354354,6.908199769252182,0.24941052310168743,8.779683869147142
S30N:A58T:N59A:K74I,S30N:A58T:N59A:K74I,4,8.257043198050008,8.363941084834117,8.363941084834117,8.257043198050008,8.363941084834117,8.363941084834117,8.14804857275766,8.321246695972846,8.321246695972846,8.474118081204102,8.738915212007367,8.738915212007367,8.227386501954095,8.412114399694113,8.412114399694113,8.197439706755294,8.742994543977673,8.742994543977673,8.35758908306457,8.40736430401807,8.40736430401807,8.045438112227664,8.831714888964733,8.045438112227664,0.059898102190345526,8.653859752658404
F29S:S31N:I52S:N59A:T76S,F29S:S31N:I52S:N59A:T76S,5,7.750260402918385,7.9042163064812865,7.9042163064812865,7.750260402918385,7.9042163064812865,7.9042163064812865,7.485226857723217,7.766109194951232,7.766109194951232,7.1659234025547915,7.684458568928927,7.684458568928927,7.52009311253917,7.887611954279501,7.887611954279501,6.499955632010545,7.336447528022686,7.336447528022686,7.593607671791398,7.936873021282588,7.936873021282588,6.998634516592684,7.846853644854772,6.998634516592684,0.23366816597990692,8.412893747045658
S30N:T57S:A58T:S77N:Y95F,S30N:T57S:A58T:S77N:Y95F,5,7.628043243829817,7.787033190416101,7.787033190416101,7.628043243829817,7.787033190416101,7.787033190416101,7.694235073430103,8.007387705746877,8.007387705746877,7.385086678573018,7.838785509203971,7.838785509203971,7.593130115734009,7.917384031643555,7.917384031643555,7.230867035686605,7.9788829531346455,7.9788829531346455,7.6104416305926055,7.942107131757902,7.942107131757902,7.044200398097416,7.926331723788498,7.044200398097416,0.6553614686708897,8.700807767059406
S30N:N59A:S77N:R87T:Y106S,S30N:N59A:S77N:R87T:Y106S,5,7.768038796719113,7.958900139375072,7.958900139375072,7.768038796719113,7.958900139375072,7.958900139375072,7.556866270019735,7.94539096211505,7.94539096211505,7.355992799515489,7.931190497671863,7.931190497671863,7.568808410510603,7.936958627779129,7.936958627779129,6.883879244486327,7.689573931845229,7.689573931845229,7.55691419872511,7.960436161406908,7.960436161406908,6.809375200479103,7.745022165037146,6.809375200479103,0.1412860006093979,8.797800462584778
T57S:A58T:N59A:T71S:R87T,T57S:A58T:N59A:T71S:R87T,5,7.501751515665811,7.779166299572839,7.779166299572839,7.501751515665811,7.779166299572839,7.779166299572839,7.332009454947836,7.725410963822527,7.725410963822527,7.406050143850919,7.841745247744283,7.841745247744283,7.440817926486,7.8397038984642196,7.8397038984642196,7.253369732717571,7.948447680846134,7.948447680846134,7.501989685808101,7.884191390335026,7.884191390335026,6.766281482949131,7.751356218974056,6.766281482949131,0.2732123853638768,8.772194683476359
A58T:N59A:T71S:S84N:Y106S,A58T:N59A:T71S:S84N:Y106S,5,7.5112711023576875,7.696205729606587,7.696205729606587,7.5112711023576875,7.696205729606587,7.696205729606587,7.28556947509491,7.665217531561802,7.665217531561802,7.631957846587535,7.994167563784006,7.994167563784006,7.36073665669273,7.829839279885416,7.829839279885416,6.748059508640914,7.434535272655959,7.434535272655959,7.4297792552859,7.954690195660508,7.954690195660508,6.640046625853687,7.434348640391281,6.640046625853687,0.8206835323944688,8.808404627104315
N59A:T71S:S77N:Y95F,N59A:T71S:S77N:Y95F,4,7.853771466889682,8.095547526927716,8.095547526927716,7.853771466889682,8.095547526927716,8.095547526927716,7.746017370181234,8.201720673527293,8.201720673527293,7.618733179837028,8.188550138264397,8.188550138264397,7.8872325267091155,8.33857570386353,8.33857570386353,7.522558376941002,8.358544242000287,8.358544242000287,7.895316604157354,8.297988719602513,8.297988719602513,7.574063622951684,8.381958247608209,7.574063622951684,0.8175463732331991,8.520751703560217
F29S:S31N:T71S:S77N,F29S:S31N:T71S:S77N,4,7.701883988119109,7.834508528544329,7.834508528544329,7.701883988119109,7.834508528544329,7.834508528544329,7.8752378113327515,8.124566632176,8.124566632176,7.597613808888718,8.139311942227778,8.139311942227778,7.77068306135102,8.10883286629897,8.10883286629897,7.104540986620679,8.090825132090433,8.090825132090433,7.767367533509318,8.211103806457235,8.211103806457235,7.503302423052212,8.455192878252513,7.503302423052212,0.6867227789480239,8.78365087316465
F29S:T57S:N59A:K74I:R87T,F29S:T57S:N59A:K74I:R87T,5,7.578441188885112,7.767538647529982,7.767538647529982,7.578441188885112,7.767538647529982,7.767538647529982,7.477001976903221,7.902029523486156,7.902029523486156,7.273521465743486,7.8107422106411475,7.8107422106411475,7.765155367791856,8.072181649405822,8.072181649405822,6.403820032848776,7.39721468826273,7.39721468826273,7.847564729139826,8.14835483805198,8.14835483805198,7.073922453661889,7.9692936438630735,7.073922453661889,0.341953263618052,8.957133502249677
F29S:N59A:K74I:R87T:Y95F,F29S:N59A:K74I:R87T:Y95F,5,7.8166937171291915,7.939663838339185,7.939663838339185,7.8166937171291915,7.939663838339185,7.939663838339185,7.599934006161551,7.916765359477046,7.916765359477046,7.252095156741173,7.735635815009936,7.735635815009936,7.887851582003075,8.22269550402121,8.22269550402121,6.3224025641581,7.313520898434679,7.313520898434679,7.856463299284798,8.234400758517426,8.234400758517426,7.1407572425124295,8.035239118093891,7.1407572425124295,0.3419056124985218,8.783431094493528
S30N:N59A:T71S:S77N:S84N,S30N:N59A:T71S:S77N:S84N,5,7.495950796628029,7.73168908136425,7.73168908136425,7.495950796628029,7.73168908136425,7.73168908136425,7.418749589386736,7.878612275938955,7.878612275938955,7.14834442991312,7.741666134488226,7.741666134488226,7.466496434425355,7.973789269799817,7.973789269799817,6.36496755200357,7.423786201610846,7.423786201610846,7.541731063619641,8.016970996720415,8.016970996720415,6.684294313150208,7.6192954594913385,6.684294313150208,0.8988354788161814,8.906233101968498
A58T:N59A:S84N:Y95F,A58T:N59A:S84N:Y95F,4,7.860532166603812,7.953694100619932,7.953694100619932,7.860532166603812,7.953694100619932,7.953694100619932,7.729436840564763,8.19262517643869,8.19262517643869,7.855974275253303,8.219308145480516,8.219308145480516,7.708943145830946,8.273889471704573,8.273889471704573,7.459354682604795,8.18682383817822,8.18682383817822,7.750921645988192,8.279920361032111,8.279920361032111,7.440339127560739,8.157820047533576,7.440339127560739,0.3476316712331027,8.948880624911041
S30N:T57S:A58T:S77N,S30N:T57S:A58T:S77N,4,7.893859496707964,8.038071606847575,8.038071606847575,7.893859496707964,8.038071606847575,8.038071606847575,8.0385575180016,8.46581108115186,8.46581108115186,8.038250303706699,8.290931647466197,8.290931647466197,7.986661452688846,8.448902594871372,8.448902594871372,7.8761659060024805,8.552117442016883,8.552117442016883,7.999541541976451,8.301499393366422,8.301499393366422,7.818885079582174,8.61760260470605,7.818885079582174,0.2957770610228181,8.43422072903693
F29S:T57S:N59A:T71S:R87T,F29S:T57S:N59A:T71S:R87T,5,6.8346667417186815,7.155621226116726,7.155621226116726,6.8346667417186815,7.155621226116726,7.155621226116726,6.609729569371811,7.01882375968944,7.01882375968944,6.636820540291744,7.183693863085916,7.183693863085916,6.76920639200312,7.068289825445245,7.068289825445245,5.833017069239251,6.823881307833601,6.823881307833601,6.772470825945952,7.1050715355606995,7.1050715355606995,6.138275628909319,6.994225790076666,6.138275628909319,0.9562220117077231,8.908501657220745
A58T:N59A:K74I:S77N,A58T:N59A:K74I:S77N,4,8.417884439347649,8.534169919281394,8.534169919281394,8.417884439347649,8.534169919281394,8.534169919281394,8.271091081590818,8.535940590717678,8.535940590717678,8.339150231378559,8.768015215927305,8.768015215927305,8.29110538031654,8.538355355443318,8.538355355443318,7.967215274496099,8.858320791933973,8.858320791933973,8.376612145885595,8.563779024205296,8.563779024205296,8.015519884847885,8.831976385450885,8.015519884847885,0.39511256967671216,8.756922568679132
S31N:A58T:N59A:S77N:S84N,S31N:A58T:N59A:S77N:S84N,5,7.587928306021566,7.7720910921943345,7.7720910921943345,7.587928306021566,7.7720910921943345,7.7720910921943345,7.6156068537952315,8.01989290023538,8.01989290023538,7.201060349467513,7.734826171548991,7.734826171548991,7.469776528437886,7.949172942800211,7.949172942800211,6.4951794030021555,7.38712029716234,7.38712029716234,7.597565518176822,8.01892451378321,8.01892451378321,6.723641187851285,7.574826216131181,6.723641187851285,0.4188699056394398,8.564579196634657
S30N:T57S:N59A:S77N:Y95F,S30N:T57S:N59A:S77N:Y95F,5,7.44607735521534,7.66099950605832,7.66099950605832,7.44607735521534,7.66099950605832,7.66099950605832,7.328716502702524,7.708299508450384,7.708299508450384,6.956176764722702,7.512092353512077,7.512092353512077,7.45498355617859,7.867260773092154,7.867260773092154,6.924583495795821,7.715884201455987,7.715884201455987,7.515240849652956,7.894168494033735,7.894168494033735,6.797661344286878,7.63231358647726,6.797661344286878,0.16243781568482518,8.80408560386424
A58T:N59A:T71S:S84N:R87T,A58T:N59A:T71S:S84N:R87T,5,7.55118831022665,7.828343818628581,7.828343818628581,7.55118831022665,7.828343818628581,7.828343818628581,7.284004479926798,7.771643498584099,7.771643498584099,7.239945654045358,7.7434082007965,7.7434082007965,7.374153250693842,7.8940753519407965,7.8940753519407965,6.468869964360539,7.3968631553555975,7.3968631553555975,7.513101486108485,8.005834510821524,8.005834510821524,6.583970676296109,7.500523543351508,6.583970676296109,0.7498713782988489,8.755959388747174
A58T:N59A:S84N:Y106S,A58T:N59A:S84N:Y106S,4,7.826756442972092,7.996244817360177,7.996244817360177,7.826756442972092,7.996244817360177,7.996244817360177,7.713411340841432,8.110395670543724,8.110395670543724,8.077985651825157,8.391954239511488,8.391954239511488,7.762952190682405,8.240345654922056,8.240345654922056,7.520833016214803,8.137432623448264,8.137432623448264,7.798245415627726,8.347228772957651,8.347228772957651,7.444205170427469,8.164025480854034,7.444205170427469,0.7018841474782676,8.945998541504284
S30N:T57S:A58T:T71S:Y106S,S30N:T57S:A58T:T71S:Y106S,5,7.554843050748769,7.800329153750239,7.800329153750239,7.554843050748769,7.800329153750239,7.800329153750239,7.651905722392765,7.982251914456517,7.982251914456517,7.871698701665363,8.259094856386481,8.259094856386481,7.67928438420754,8.043914696651129,8.043914696651129,7.59649793894665,8.15556347369012,8.15556347369012,7.690024586112264,8.118790189740258,8.118790189740258,7.025526769221337,7.991975798987694,7.025526769221337,0.8829590848181397,8.60220178084804
T57S:A58T:N59A:T76S:Y106S,T57S:A58T:N59A:T76S:Y106S,5,7.251654831352022,7.524074796387739,7.524074796387739,7.251654831352022,7.524074796387739,7.524074796387739,7.321967272431964,7.755568415396453,7.755568415396453,7.485477741431604,7.853267854951821,7.853267854951821,7.41148694782234,7.851152917150561,7.851152917150561,7.392642058507917,7.964155536064137,7.964155536064137,7.344739926013641,7.810288926509044,7.810288926509044,6.783084427242372,7.764582884363211,6.783084427242372,0.046921404311433434,8.45092795140933
A58T:N59A:S84N:Y95F:Y106S,A58T:N59A:S84N:Y95F:Y106S,5,7.620410879014572,7.723102433634732,7.723102433634732,7.620410879014572,7.723102433634732,7.723102433634732,7.292749191677316,7.709591691205785,7.709591691205785,7.607009349685567,7.972952484548033,7.972952484548033,7.356470355753791,7.860508364323048,7.860508364323048,6.881973745614443,7.560531958694022,7.560531958694022,7.39685019845602,7.918389795605486,7.918389795605486,6.702100013290346,7.483056573215679,6.702100013290346,0.915705906227231,8.959385721546955
F29S:S30N:T71S:T76S:Y95F,F29S:S30N:T71S:T76S:Y95F,5,7.445545254154057,7.598780727036821,7.598780727036821,7.445545254154057,7.598780727036821,7.598780727036821,7.262647132508604,7.579314039678429,7.579314039678429,6.831391096302851,7.393917833430332,7.393917833430332,7.368188697758506,7.712188076666918,7.712188076666918,6.507274487799244,7.328975736655979,7.328975736655979,7.346317016559621,7.705140042241931,7.705140042241931,6.840895875505062,7.67733513903445,6.840895875505062,0.9165021069347858,8.93455485815242
S31N:A58T:N59A:S77N:Y95F,S31N:A58T:N59A:S77N:Y95F,5,7.708487808458255,7.89839531550457,7.89839531550457,7.708487808458255,7.89839531550457,7.89839531550457,7.546853816362714,7.951538166436908,7.951538166436908,7.205645229146422,7.713405548189425,7.713405548189425,7.424265426443062,7.905799744925873,7.905799744925873,7.056766998756867,7.790984564261865,7.790984564261865,7.5347404476073745,7.947703160442467,7.947703160442467,6.843541410887405,7.7205556665088615,6.843541410887405,0.08685429906472564,8.93448014938977
F29S:A58T:K74I:S77N,F29S:A58T:K74I:S77N,4,8.229964543498669,8.131321791899683,8.131321791899683,8.229964543498669,8.131321791899683,8.131321791899683,8.16455468856376,8.320019625655684,8.320019625655684,8.106653291344896,8.635224813808353,8.635224813808353,8.187921767598349,8.399599418039571,8.399599418039571,7.4324278527964225,8.764232314677725,8.764232314677725,8.25622882155474,8.462607930306465,8.462607930306465,7.938651369211235,8.814538438809867,7.938651369211235,0.17755018873140216,9.084519858489891
T57S:A58T:N59A:Y95F:Y106S,T57S:A58T:N59A:Y95F:Y106S,5,7.488265390967719,7.663144205649629,7.663144205649629,7.488265390967719,7.663144205649629,7.663144205649629,7.363816594846295,7.690025867152243,7.690025867152243,7.647658578265364,7.959084577276002,7.959084577276002,7.348394514547978,7.779365498324644,7.779365498324644,7.5401428223471685,8.080261577962634,8.080261577962634,7.305996256480909,7.769114607413205,7.769114607413205,6.854977146028407,7.832546184528792,6.854977146028407,0.697263287845999,8.855514981529897
A58T:N59A:T71S:S77N:R87T,A58T:N59A:T71S:S77N:R87T,5,7.496002299202072,7.765426743463035,7.765426743463035,7.496002299202072,7.765426743463035,7.765426743463035,7.194123561781333,7.644084149157647,7.644084149157647,6.987572349185679,7.533197218939551,7.533197218939551,7.352571317003077,7.815517041739862,7.815517041739862,6.5829979372483045,7.537153021766885,7.537153021766885,7.423667964202069,7.853490579408477,7.853490579408477,6.602938002947464,7.5144477594933194,6.602938002947464,0.5931725353002548,8.745559274035376
N59A:T71S:T76S:S77N:Y95F,N59A:T71S:T76S:S77N:Y95F,5,7.7135818260676015,7.935231113144093,7.935231113144093,7.7135818260676015,7.935231113144093,7.935231113144093,7.49700812107152,7.854532067231145,7.854532067231145,7.260611141184193,7.784783787534943,7.784783787534943,7.612716740967851,7.988408614276782,7.988408614276782,7.046021108430789,7.766353220657229,7.766353220657229,7.651284976442372,8.015664233562847,8.015664233562847,6.985220128462793,7.822680423458888,6.985220128462793,0.7994714034721255,8.641526984968813
F29S:A58T:T71S:K74I:T76S,F29S:A58T:T71S:K74I:T76S,5,8.179428698477219,8.197463459287505,8.197463459287505,8.179428698477219,8.197463459287505,8.197463459287505,7.97000410505446,8.109547164697622,8.109547164697622,7.846351655273379,8.230257415815586,8.230257415815586,8.001817880442886,8.210114298501175,8.210114298501175,7.227657738561047,8.081001328564172,8.081001328564172,8.043636317214617,8.260581423388647,8.260581423388647,7.472528867753568,8.294588557728607,7.472528867753568,0.036720262840390205,8.793034700116715
T57S:A58T:N59A:T71S:S84N,T57S:A58T:N59A:T71S:S84N,5,7.477617012784199,7.726217773171553,7.726217773171553,7.477617012784199,7.726217773171553,7.726217773171553,7.396912658722246,7.7946125313485854,7.7946125313485854,7.5690786879886165,7.925595077140016,7.925595077140016,7.376789341654258,7.799287886005933,7.799287886005933,6.751747879056665,7.456422359204507,7.456422359204507,7.433485675311265,7.855490995267369,7.855490995267369,6.693593201750383,7.487863234912443,6.693593201750383,0.1977956537157297,8.757301950775817
F29S:S31N:T76S:S77N,F29S:S31N:T76S:S77N,4,7.7523840459505164,7.814563079509157,7.814563079509157,7.7523840459505164,7.814563079509157,7.814563079509157,7.773644226739217,8.008298145887242,8.008298145887242,7.591931504937921,8.1637798776144,8.1637798776144,7.752238154626155,8.409128852744466,8.409128852744466,7.185371163848896,8.140349755321466,8.140349755321466,7.830500711068288,8.37979296964094,8.37979296964094,7.650076439410796,8.68467188112296,7.650076439410796,0.05493898596614599,8.836336700901697
F29S:T71S:T76S:S77N,F29S:T71S:T76S:S77N,4,7.726146193716454,7.915967341001099,7.915967341001099,7.726146193716454,7.915967341001099,7.915967341001099,7.655887347384843,7.937691178694675,7.937691178694675,7.741111066492273,8.331044476315698,8.331044476315698,7.710116086659616,8.051942362253255,8.051942362253255,7.312516523036011,8.280537895944686,8.280537895944686,7.753940119099256,8.10328438928134,8.10328438928134,7.54550219676333,8.617892109211825,7.54550219676333,0.8959103794768453,8.5472156144255
F29S:A58T:K74I:T76S:R87T,F29S:A58T:K74I:T76S:R87T,5,7.93957673092631,7.97351589509883,7.97351589509883,7.93957673092631,7.97351589509883,7.97351589509883,7.754113217328156,8.016687372800188,8.016687372800188,7.443070876938204,7.868364973338634,7.868364973338634,8.000251277284715,8.142024926235264,8.142024926235264,6.8242899248196345,7.672690380908237,7.672690380908237,7.9883062152321855,8.135349932260894,8.135349932260894,7.34774077460423,8.125517393791029,7.34774077460423,0.9873325885273516,8.947811658890126
S30N:N59A:T76S:S77N:Y106S,S30N:N59A:T76S:S77N:Y106S,5,7.516318487255935,7.7731455493116375,7.7731455493116375,7.516318487255935,7.7731455493116375,7.7731455493116375,7.327217536247559,7.732216893545451,7.732216893545451,7.291548689707146,7.7865519240193795,7.7865519240193795,7.460751966657048,7.853596830563561,7.853596830563561,7.019454125440767,7.711358357492294,7.711358357492294,7.513942674982345,7.946499688295717,7.946499688295717,6.833345301891464,7.745998623920544,6.833345301891464,0.33521652524359524,8.723563511929122
S30N:A58T:N59A:Y106S,S30N:A58T:N59A:Y106S,4,7.667689752217102,7.9042803943569595,7.9042803943569595,7.667689752217102,7.9042803943569595,7.9042803943569595,7.50286392910355,8.011127384184883,8.011127384184883,8.003944767278899,8.29500719784248,8.29500719784248,7.593716520026632,8.107933532134494,8.107933532134494,7.861293509522934,8.45079742140295,8.45079742140295,7.693242120510194,8.23227875956672,8.23227875956672,7.490423905364296,8.497526751883555,7.490423905364296,0.1793171875178814,8.834951023649607
F29S:A58T:K74I:Y95F,F29S:A58T:K74I:Y95F,4,8.261947787174359,8.122888652380563,8.122888652380563,8.261947787174359,8.122888652380563,8.122888652380563,8.07826486037351,8.25156029829645,8.25156029829645,7.909933165649606,8.446139777153446,8.446139777153446,8.117521218408106,8.26486834432647,8.26486834432647,7.3584322503173105,8.555797155641036,8.555797155641036,8.080997781790188,8.240767089704061,8.240767089704061,7.869231210134119,8.598599844693643,7.869231210134119,0.1580153601244092,8.55041087767968
F29S:S31N:S77N:S84N,F29S:S31N:S77N:S84N,4,7.702932843617082,7.8105611705757765,7.8105611705757765,7.702932843617082,7.8105611705757765,7.8105611705757765,7.847036775119567,8.144615072443997,8.144615072443997,7.664758750715765,8.396025124686108,8.396025124686108,7.649440494255583,8.086615626250959,8.086615626250959,6.999963848947428,8.320163089146966,8.320163089146966,7.770931148222192,8.198696613313928,8.198696613313928,7.428733698917578,8.497039436293404,7.428733698917578,0.4650071451906115,8.638910235106989
F29S:A58T:K74I:S84N,F29S:A58T:K74I:S84N,4,8.291822486020791,8.23019784436542,8.23019784436542,8.291822486020791,8.23019784436542,8.23019784436542,8.090875726210935,8.187007278400827,8.187007278400827,8.173246632656562,8.78212247667125,8.78212247667125,8.089313534703038,8.377282950548299,8.377282950548299,7.425745923082006,8.87684523059223,8.87684523059223,8.204322856892187,8.371393735039554,8.371393735039554,7.889094868542601,8.790596917853012,7.889094868542601,0.6550964945927262,8.877641121984157
T57S:A58T:N59A:T71S:Y106S,T57S:A58T:N59A:T71S:Y106S,5,7.492590031782816,7.783583511419741,7.783583511419741,7.492590031782816,7.783583511419741,7.783583511419741,7.3717546948701695,7.751489369009209,7.751489369009209,7.804450550804163,8.177489022699397,8.177489022699397,7.435043141804068,7.8509779962953905,7.8509779962953905,7.430037011792526,7.971828091126655,7.971828091126655,7.414758712943167,7.852452706847605,7.852452706847605,6.783160641050642,7.780470227334522,6.783160641050642,0.14124647108837962,8.589753452322595
F29S:S30N:T71S:S84N:Y95F,F29S:S30N:T71S:S84N:Y95F,5,7.572215520673526,7.611787594013081,7.611787594013081,7.572215520673526,7.611787594013081,7.611787594013081,7.285012454033167,7.5293261219677,7.5293261219677,6.978847144364447,7.456123362837898,7.456123362837898,7.243636367296224,7.588874887392633,7.588874887392633,6.148083147282063,7.073035770965923,7.073035770965923,7.279277701580067,7.59146488193169,7.59146488193169,6.6207036863570625,7.418462355457978,6.6207036863570625,0.41670524631626904,8.866483137156042
A58T:N59A:T71S:S77N:S84N,A58T:N59A:T71S:S77N:S84N,5,7.402089155595419,7.577492972238602,7.577492972238602,7.402089155595419,7.577492972238602,7.577492972238602,7.291912928579066,7.702000419790736,7.702000419790736,7.1515400944059895,7.613553001329701,7.613553001329701,7.3013830478055315,7.775244179021031,7.775244179021031,6.276579958187623,7.1979175339572565,7.1979175339572565,7.431901983664387,7.879872743460269,7.879872743460269,6.584793384699399,7.4117565427894885,6.584793384699399,0.38779367972165346,8.662919393836948
F29S:S31N:T71S:S77N:Y95F,F29S:S31N:T71S:S77N:Y95F,5,7.490989268012595,7.639491170562908,7.639491170562908,7.490989268012595,7.639491170562908,7.639491170562908,7.579955247413724,7.899934879558095,7.899934879558095,6.829281992670605,7.423753337160324,7.423753337160324,7.423206433952645,7.788412670568858,7.788412670568858,6.074150285339533,7.052620074394872,7.052620074394872,7.384869792757179,7.764712216325593,7.764712216325593,6.750091244783318,7.632328808563316,6.750091244783318,0.5215853620320559,8.57082845803339
F29S:S30N:S31N:T57S,F29S:S30N:S31N:T57S,4,7.805132365038062,8.20051314222674,8.20051314222674,7.805132365038062,8.20051314222674,8.20051314222674,7.777806185307326,8.19942562874856,8.19942562874856,7.615367352127541,8.309151415962711,8.309151415962711,7.664314840750889,8.041215207359844,8.041215207359844,7.254838843492683,8.267229385931667,8.267229385931667,7.825839114787818,8.55560273800011,8.55560273800011,7.632504553034821,8.686092145598298,7.632504553034821,0.18157859751954675,8.955830658180826
A58T:N59A:T76S:S77N:Y106S,A58T:N59A:T76S:S77N:Y106S,5,7.374808288488584,7.611730813781314,7.611730813781314,7.374808288488584,7.611730813781314,7.611730813781314,7.245744613752371,7.641189638598827,7.641189638598827,7.357211173466478,7.766163837592702,7.766163837592702,7.363607183304371,7.751785058295992,7.751785058295992,6.983541227898235,7.670367714207704,7.670367714207704,7.346047395376326,7.794847826921803,7.794847826921803,6.688504784074258,7.575183607105434,6.688504784074258,0.08880043565295637,8.781523758183258
F29S:S30N:A58T:N59A:K74I,F29S:S30N:A58T:N59A:K74I,5,7.343400974187386,7.464122220769514,7.464122220769514,7.343400974187386,7.464122220769514,7.464122220769514,7.024196176561317,7.274418849173991,7.274418849173991,7.265781332033068,7.688368022911972,7.688368022911972,7.217910691601293,7.535361271188176,7.535361271188176,6.202636192069683,7.061350994128322,7.061350994128322,7.417889675252965,7.729805035435478,7.729805035435478,6.826691662813096,7.661623725108107,6.826691662813096,0.9234804306179285,8.584430250031064
F29S:A58T:T71S:S84N,F29S:A58T:T71S:S84N,4,7.560766233923814,7.538596509653523,7.538596509653523,7.560766233923814,7.538596509653523,7.538596509653523,7.406370956976258,7.579928642280988,7.579928642280988,7.694207686482829,8.023354741199274,8.023354741199274,7.31108192519636,7.585598852904413,7.585598852904413,6.957356061515019,7.954156939032413,7.954156939032413,7.385680473530786,7.641391899174912,7.641391899174912,7.158018661985226,8.075835298823213,7.158018661985226,0.36861208360642195,8.823886530049029
F29S:T57S:A58T:R87T,F29S:T57S:A58T:R87T,4,7.187554932467266,7.364895088793862,7.364895088793862,7.187554932467266,7.364895088793862,7.364895088793862,7.189079297587855,7.477833714974631,7.477833714974631,7.3433570085119415,7.714599636215428,7.714599636215428,7.335880344524627,7.546791993878104,7.546791993878104,6.8728688170371575,7.710558181735703,7.710558181735703,7.351970190665507,7.579370720698912,7.579370720698912,7.230230878506534,8.281817810935213,7.230230878506534,0.7958580465056002,8.822200885546074
T57S:A58T:N59A:S84N:Y106S,T57S:A58T:N59A:S84N:Y106S,5,7.4783948570289915,7.67717036963687,7.67717036963687,7.4783948570289915,7.67717036963687,7.67717036963687,7.38662009802335,7.800545089656502,7.800545089656502,7.640788636071562,8.020316275266648,8.020316275266648,7.38579117280177,7.855087071769659,7.855087071769659,6.870621658853378,7.534793146911351,7.534793146911351,7.367897266293886,7.863236550736542,7.863236550736542,6.715386645886653,7.518416814188508,6.715386645886653,0.053719484712928534,8.735049895885332
A58T:N59A:K74I:S77N:Y95F,A58T:N59A:K74I:S77N:Y95F,5,8.407316083976589,8.496877978077487,8.496877978077487,8.407316083976589,8.496877978077487,8.496877978077487,8.029026556565071,8.31641668411548,8.31641668411548,7.911457952316776,8.382173778910278,8.382173778910278,8.063280280254158,8.338683303902272,8.338683303902272,7.397386783952086,8.200428158070443,8.200428158070443,8.130833098050132,8.36151044887917,8.36151044887917,7.369271821198237,8.226400111975279,7.369271821198237,0.8606509007513523,8.927908838627221
F29S:S30N:A58T:S77N:S84N,F29S:S30N:A58T:S77N:S84N,5,7.213586432911276,7.2971695672237376,7.2971695672237376,7.213586432911276,7.2971695672237376,7.2971695672237376,7.0164892296743595,7.299086113150739,7.299086113150739,6.986794650805942,7.489508006760314,7.489508006760314,6.90945551780991,7.28638129015366,7.28638129015366,5.792171487008388,6.875191178531936,6.875191178531936,7.0681763512973825,7.400899822943129,7.400899822943129,6.414443618487486,7.38770094440421,6.414443618487486,0.6775016281753778,8.551523940500077
S30N:A58T:N59A:K74I:Y95F,S30N:A58T:N59A:K74I:Y95F,5,8.198983898173042,8.312369866397987,8.312369866397987,8.198983898173042,8.312369866397987,8.312369866397987,7.9380473599662125,8.183833296515191,8.183833296515191,8.073722042663723,8.462980510700312,8.462980510700312,8.021960403281167,8.290206268201022,8.290206268201022,7.759657578632292,8.343282091078711,8.343282091078711,8.106455418119044,8.313719888855747,8.313719888855747,7.437695112579199,8.260592584032901,7.437695112579199,0.3188814038876444,8.84821361418021
F29S:S31N:T71S:T76S,F29S:S31N:T71S:T76S,4,7.938073545178934,8.060017417682497,8.060017417682497,7.938073545178934,8.060017417682497,8.060017417682497,7.8715542551393245,8.074379203726723,8.074379203726723,7.879054267669315,8.348084468176344,8.348084468176344,7.74698145606531,8.158738012812213,8.158738012812213,7.594338165931312,8.319022977046355,8.319022977046355,7.767293797779967,8.177511440616415,8.177511440616415,7.695960215204618,8.585338869062117,7.695960215204618,0.41173287481069565,8.754721106993156
T57S:A58T:N59A:S77N:R87T,T57S:A58T:N59A:S77N:R87T,5,7.476122301155393,7.731341788237801,7.731341788237801,7.476122301155393,7.731341788237801,7.731341788237801,7.243970921900834,7.675912887590531,7.675912887590531,6.9940062436260835,7.5137715564474945,7.5137715564474945,7.389138215406371,7.733797040604266,7.733797040604266,6.722198625780337,7.639035915195521,7.639035915195521,7.38928130943747,7.756737871867289,7.756737871867289,6.662840433649322,7.5889881479357895,6.662840433649322,0.5913227903656662,8.928410093539961
F29S:S31N:A58T:N59A:K74I,F29S:S31N:A58T:N59A:K74I,5,7.5092653832113845,7.641365362323551,7.641365362323551,7.5092653832113845,7.641365362323551,7.641365362323551,7.4275455224907745,7.735542427095468,7.735542427095468,7.146419666522403,7.644074070641938,7.644074070641938,7.311505024997852,7.631077973324012,7.631077973324012,6.3036613883300605,7.283060932396483,7.283060932396483,7.488630077659809,7.793010781399155,7.793010781399155,6.889578687374325,7.704485756514232,6.889578687374325,0.2619389609899372,8.724842478038944
S30N:A58T:N59A:S77N,S30N:A58T:N59A:S77N,4,7.654456002423757,7.91448990739654,7.91448990739654,7.654456002423757,7.91448990739654,7.91448990739654,7.541413895546133,7.923548596846444,7.923548596846444,7.724232094209472,8.139869814342816,8.139869814342816,7.542176409179119,8.012800953403323,8.012800953403323,7.57876070978699,8.371966135362296,8.371966135362296,7.627944820708747,8.036169982634716,8.036169982634716,7.4694715620065155,8.283552769327779,7.4694715620065155,0.23081563599407673,8.679394418906648
F29S:S30N:T71S:Y95F,F29S:S30N:T71S:Y95F,4,7.746647774508552,7.83819264301959,7.83819264301959,7.746647774508552,7.83819264301959,7.83819264301959,7.72469670640782,7.95581062636993,7.95581062636993,7.5431967696450934,7.967556276794435,7.967556276794435,7.76750222380829,8.11436917797122,8.11436917797122,7.227703324826097,7.976869994019822,7.976869994019822,7.6472165158689895,7.863771832347055,7.863771832347055,7.483658733378707,8.26145938246728,7.483658733378707,0.1727311979047954,8.955741474898531
F29S:S30N:S31N:Y95F,F29S:S30N:S31N:Y95F,4,7.858020557239716,8.017311919594817,8.017311919594817,7.858020557239716,8.017311919594817,8.017311919594817,7.78273036541263,8.144229018369636,8.144229018369636,7.431230961592568,8.221567310368956,8.221567310368956,7.681590715437683,7.974948954576028,7.974948954576028,7.0649976797600615,8.335211972264966,8.335211972264966,7.730706897699607,7.993071047000724,7.993071047000724,7.5946629416135885,8.47086311718717,7.5946629416135885,0.11167936632409692,8.94684518877851
S30N:T57S:A58T:N59A:S84N,S30N:T57S:A58T:N59A:S84N,5,7.216941270897529,7.425782514333728,7.425782514333728,7.216941270897529,7.425782514333728,7.425782514333728,7.199459934125675,7.540222316971049,7.540222316971049,7.364673025490306,7.722971844660603,7.722971844660603,7.202768574560189,7.653536667886641,7.653536667886641,6.725535866356396,7.410887900481013,7.410887900481013,7.319295400800531,7.737538338724219,7.737538338724219,6.687009561560242,7.465433533642414,6.687009561560242,0.610919909318909,8.768861763015625
F29S:S30N:N59A:S84N,F29S:S30N:N59A:S84N,4,7.215668739550324,7.3473414712896465,7.3473414712896465,7.215668739550324,7.3473414712896465,7.3473414712896465,6.899018233745142,7.2025489163618435,7.2025489163618435,7.222761675104348,7.731257591152618,7.731257591152618,6.965330350521919,7.4705259946133395,7.4705259946133395,6.385242862552967,7.43837156051144,7.43837156051144,7.134302511804846,7.604796354794682,7.604796354794682,6.90810844554721,7.849196574517194,6.90810844554721,0.21018144395202398,8.977973752648515
S31N:T57S:A58T:N59A:S77N,S31N:T57S:A58T:N59A:S77N,5,7.608922515923115,7.851939142116133,7.851939142116133,7.608922515923115,7.851939142116133,7.851939142116133,7.599849844582492,7.949002364618737,7.949002364618737,7.226805481186475,7.69954160821936,7.69954160821936,7.491039082126275,7.912975287835542,7.912975287835542,7.067378882050184,7.816302393248677,7.816302393248677,7.566045111943791,7.948707147137219,7.948707147137219,6.8849636813078945,7.773459868140416,6.8849636813078945,0.6099218679592013,8.720309272330864
F29S:S31N:A58T:N59A:T76S,F29S:S31N:A58T:N59A:T76S,5,6.546253542905788,6.699419764209291,6.699419764209291,6.546253542905788,6.699419764209291,6.699419764209291,6.479952499210892,6.798815405352109,6.798815405352109,6.2616580130712505,6.64713674707122,6.64713674707122,6.444289470560878,6.862938930776748,6.862938930776748,5.682594435467265,6.3748722114958545,6.3748722114958545,6.512687299702,6.835719728378812,6.835719728378812,6.176690239693609,6.952167492350141,6.176690239693609,0.38976119365543127,8.799505786664378
F29S:S30N:T71S:S77N,F29S:S30N:T71S:S77N,4,7.733509691156699,7.93306137206266,7.93306137206266,7.733509691156699,7.93306137206266,7.93306137206266,7.754225257290353,8.038737662403015,8.038737662403015,7.690790239323448,8.20415825855293,8.20415825855293,7.78720325698221,8.061297129923002,8.061297129923002,7.184267561700134,8.080510334076827,8.080510334076827,7.771737663586557,8.057168173217637,8.057168173217637,7.462751244950547,8.484105827151408,7.462751244950547,0.9874668633565307,8.959329671642037
F29S:S30N:T57S:R87T,F29S:S30N:T57S:R87T,4,7.518987808681908,7.834788274737916,7.834788274737916,7.518987808681908,7.834788274737916,7.834788274737916,7.519791242917747,8.056838938152039,8.056838938152039,7.5234414730666455,8.119388865901307,8.119388865901307,7.672365498498455,8.055004421867428,8.055004421867428,7.181581109372807,8.135492467609732,8.135492467609732,7.784965033315304,8.298935180692768,8.298935180692768,7.499288663763408,8.583910272057132,7.499288663763408,0.9189707268960774,9.22244751823461
F29S:T57S:N59A:K74I:Y95F,F29S:T57S:N59A:K74I:Y95F,5,7.722686245414315,7.839970134538721,7.839970134538721,7.722686245414315,7.839970134538721,7.839970134538721,7.523523135620827,7.872315753319324,7.872315753319324,7.18871905631352,7.671995701825393,7.671995701825393,7.693671907660044,7.97929269065469,7.97929269065469,6.375718995462196,7.2419068229654435,7.2419068229654435,7.690225556916569,8.088505863229797,8.088505863229797,7.0750393554542255,7.8672690212576075,7.0750393554542255,0.07697976194322109,8.881944221084662
F29S:T57S:S77N:S84N:R87T,F29S:T57S:S77N:S84N:R87T,5,7.407461615753854,7.756218063079093,7.756218063079093,7.407461615753854,7.756218063079093,7.756218063079093,7.1806543235333375,7.590375686549671,7.590375686549671,6.853571238306693,7.66354631398172,7.66354631398172,7.259400751069055,7.627544023060796,7.627544023060796,5.753882052883254,7.204225120906595,7.204225120906595,7.314635898319613,7.658510142644912,7.658510142644912,6.41398733822683,7.511158226642454,6.41398733822683,0.932253991253674,8.886198005165388
F29S:S30N:A58T:S77N,F29S:S30N:A58T:S77N,4,7.438165715157477,7.597515882884294,7.597515882884294,7.438165715157477,7.597515882884294,7.597515882884294,7.379445300106806,7.6882491029853055,7.6882491029853055,7.528864003941055,8.043411464730415,8.043411464730415,7.358114319285688,7.69873008369906,7.69873008369906,6.886196774026535,7.883302567001436,7.883302567001436,7.439877831928305,7.641701240270999,7.641701240270999,7.298280095928295,8.168454071469894,7.298280095928295,0.25020915386267006,8.52633975826771
F29S:T57S:A58T:K74I,F29S:T57S:A58T:K74I,4,8.0508000718987,8.012129962137854,8.012129962137854,8.0508000718987,8.012129962137854,8.012129962137854,8.03024287023344,8.207747772306918,8.207747772306918,8.17711484549622,8.460182667784318,8.460182667784318,8.05823471601102,8.34532777744515,8.34532777744515,7.558503615145715,8.354900195298505,8.354900195298505,8.122754564989762,8.388419322266422,8.388419322266422,7.968105940191257,8.848695768961083,7.968105940191257,0.6276693823747337,8.682175198677132
F29S:S30N:S31N:A58T:T71S,F29S:S30N:S31N:A58T:T71S,5,7.361058682506727,7.48988631221367,7.48988631221367,7.361058682506727,7.48988631221367,7.48988631221367,7.25352892368342,7.478841983659688,7.478841983659688,7.060462155722711,7.46123876492025,7.46123876492025,7.070957524527412,7.39307977282687,7.39307977282687,6.412898955972009,7.153386008443095,7.153386008443095,7.142739274785349,7.461942560052805,7.461942560052805,6.620573194647427,7.4474040411973865,6.620573194647427,0.805288284085691,8.911112714447974
F29S:T57S:T71S:S77N:Y95F,F29S:T57S:T71S:S77N:Y95F,5,7.17857183666886,7.370189425122764,7.370189425122764,7.17857183666886,7.370189425122764,7.370189425122764,7.145357981860706,7.530741599856099,7.530741599856099,6.589376476175445,7.147468424748069,7.147468424748069,7.2207868034215155,7.679671586180683,7.679671586180683,5.9281616877427155,6.881975914909958,6.881975914909958,7.194742688634568,7.647540350711115,7.647540350711115,6.5552660380762156,7.371774943144702,6.5552660380762156,0.8132757032290101,8.682909453145221
F29S:A58T:S77N:R87T,F29S:A58T:S77N:R87T,4,7.348645028178433,7.5712272912322565,7.5712272912322565,7.348645028178433,7.5712272912322565,7.5712272912322565,7.266790842711735,7.704780850086393,7.704780850086393,7.315287164592114,7.9102473037070125,7.9102473037070125,7.433117949413874,7.845471074592044,7.845471074592044,6.653924778190358,7.8393417924684385,7.8393417924684385,7.396802414864285,7.762746646119291,7.762746646119291,7.102208065464865,8.264889794680384,7.102208065464865,0.9076367006637156,8.920455661132713
F29S:T57S:N59A:T71S:S84N,F29S:T57S:N59A:T71S:S84N,5,6.875853044255868,7.103445685013972,7.103445685013972,6.875853044255868,7.103445685013972,7.103445685013972,6.629483050976436,7.0487826650407825,7.0487826650407825,6.708008128589584,7.1621386181021505,7.1621386181021505,6.602526755004394,6.980327572664284,6.980327572664284,5.481094208099414,6.484411944860181,6.484411944860181,6.660728017671193,6.968508237417997,6.968508237417997,6.018686606311116,6.790958900886078,6.018686606311116,0.06950180977582932,8.868283049708273
F29S:S30N:S77N:S84N,F29S:S30N:S77N:S84N,4,7.810181135393702,7.937187430462448,7.937187430462448,7.810181135393702,7.937187430462448,7.937187430462448,7.7035789802716765,8.019334114975159,8.019334114975159,7.843632369049321,8.499645283786473,8.499645283786473,7.628419890030419,7.973922531851016,7.973922531851016,7.131175253915524,8.387048371150588,8.387048371150588,7.757874816973613,8.08728509392304,8.08728509392304,7.3963854573385515,8.470101784818436,7.3963854573385515,0.19454590324312449,8.62504447097941
F29S:S31N:S84N:Y95F,F29S:S31N:S84N:Y95F,4,7.837018743407247,7.924278271200767,7.924278271200767,7.837018743407247,7.924278271200767,7.924278271200767,7.770027442229549,8.10895132797617,8.10895132797617,7.57955122432978,8.236799208017235,8.236799208017235,7.536337503157489,7.8667682403734664,7.8667682403734664,6.922526198640614,8.081791182820886,8.081791182820886,7.644093370209493,8.000539986839843,8.000539986839843,7.438682314014496,8.237575870992968,7.438682314014496,0.21285305335186422,8.637545290192348
F29S:A58T:T71S:T76S:S77N,F29S:A58T:T71S:T76S:S77N,5,7.187322556428682,7.237820743414276,7.237820743414276,7.187322556428682,7.237820743414276,7.237820743414276,7.056349290008934,7.26688179100017,7.26688179100017,6.926454353018778,7.30896684798819,7.30896684798819,7.058077887360942,7.381651353441816,7.381651353441816,6.193856294952116,7.0084978839694765,7.0084978839694765,7.084021838852387,7.402116571783577,7.402116571783577,6.571277796333726,7.424591520192654,6.571277796333726,0.7621785383671522,8.679141667702156
F29S:S30N:S31N:A58T:S84N,F29S:S30N:S31N:A58T:S84N,5,7.315811641152559,7.391537866976733,7.391537866976733,7.315811641152559,7.391537866976733,7.391537866976733,7.067988183952815,7.301530885108849,7.301530885108849,6.901113567604835,7.396842985535172,7.396842985535172,6.854847027171971,7.238084929772754,7.238084929772754,5.901608457671367,6.890886887085082,6.890886887085082,7.094564029225562,7.382074239920805,7.382074239920805,6.532413956437643,7.354562272576676,6.532413956437643,0.7173654101788998,8.735166417683565
F29S:S30N:T71S:T76S:S84N,F29S:S30N:T71S:T76S:S84N,5,7.610190952537,7.683947948677852,7.683947948677852,7.610190952537,7.683947948677852,7.683947948677852,7.222042060424071,7.433314634744574,7.433314634744574,7.126062642094269,7.613673479972258,7.613673479972258,7.259542550463259,7.580238586930109,7.580238586930109,6.414927161009507,7.2917301507932395,7.2917301507932395,7.409682575364137,7.701877598317959,7.701877598317959,6.749609771938392,7.591395758097919,6.749609771938392,0.29511138424277306,8.549695478108546
F29S:S30N:T57S:S84N,F29S:S30N:T57S:S84N,4,7.639531397170284,7.755308294738844,7.755308294738844,7.639531397170284,7.755308294738844,7.755308294738844,7.479775860655922,7.7657953987813455,7.7657953987813455,7.672077652600861,8.236317199796286,8.236317199796286,7.454024181321544,7.717251722880564,7.717251722880564,7.089812914913856,8.099879977903102,8.099879977903102,7.649924416544571,7.982126986655188,7.982126986655188,7.401331138256687,8.482278674482899,7.401331138256687,0.011647991370409727,9.178481750633441
F29S:S31N:T57S:N59A:R87T,F29S:S31N:T57S:N59A:R87T,5,6.89620428733836,7.263118421983938,7.263118421983938,6.89620428733836,7.263118421983938,7.263118421983938,6.861489524707265,7.30719805998013,7.30719805998013,6.441255586176266,7.085340630401151,7.085340630401151,6.8400706442894625,7.274980946906423,7.274980946906423,5.780277200293167,6.7637660047149915,6.7637660047149915,6.925974196333448,7.339106295271576,7.339106295271576,6.311410669947269,7.221923617049273,6.311410669947269,0.04861282091587782,8.794456146861359
F29S:S30N:A58T:R87T:Y95F,F29S:S30N:A58T:R87T:Y95F,5,6.909795283033939,7.042532807567831,7.042532807567831,6.909795283033939,7.042532807567831,7.042532807567831,6.747711208686755,7.079202638915198,7.079202638915198,6.413987674932795,6.928532170636406,6.928532170636406,6.953046478179192,7.252177708855387,7.252177708855387,5.8473030931439025,6.763073690821791,6.763073690821791,6.922209464657517,7.273015238686832,7.273015238686832,6.434172479496532,7.275553045827966,6.434172479496532,0.7592588760890067,8.78605058700232
F29S:S30N:S31N:R87T,F29S:S30N:S31N:R87T,4,7.815508227160003,8.013480757728413,8.013480757728413,7.815508227160003,8.013480757728413,8.013480757728413,7.771710780942668,8.155483398815392,8.155483398815392,7.6020632715410095,8.167515043281501,8.167515043281501,7.769020505345196,8.43759351931235,8.43759351931235,7.25568679420181,8.149110009380198,8.149110009380198,7.857574304354931,8.595431667430255,8.595431667430255,7.609281224790864,8.547286519157815,7.609281224790864,0.6638842062093318,8.813743766027988
F29S:S30N:T57S:T76S:S77N,F29S:S30N:T57S:T76S:S77N,5,7.142055220648292,7.355221173608053,7.355221173608053,7.142055220648292,7.355221173608053,7.355221173608053,7.052184236533972,7.388815898236521,7.388815898236521,6.6332909042720924,7.271335618515514,7.271335618515514,7.254968445596668,7.549066199879424,7.549066199879424,6.1557477110725145,7.114522056309931,7.114522056309931,7.424383894887402,7.764609148531571,7.764609148531571,6.751684550575847,7.716778350388875,6.751684550575847,0.12731181411072612,8.828856487697768
F29S:S31N:A58T:T76S:R87T,F29S:S31N:A58T:T76S:R87T,5,7.251581447236692,7.364605121408466,7.364605121408466,7.251581447236692,7.364605121408466,7.364605121408466,7.111233590096465,7.412555711864689,7.412555711864689,6.752585075189666,7.17514349092384,7.17514349092384,7.089188388059517,7.4677870258404315,7.4677870258404315,6.23283405352677,6.961203592064656,6.961203592064656,7.115217205112016,7.474755757248928,7.474755757248928,6.587800200933216,7.375236478463027,6.587800200933216,0.17795252706855536,8.907818816664916
F29S:S30N:N59A:T76S:S77N,F29S:S30N:N59A:T76S:S77N,5,6.833779230193126,7.04046895165297,7.04046895165297,6.833779230193126,7.04046895165297,7.04046895165297,6.46020860201495,6.885078064456095,6.885078064456095,6.384392638762133,6.893971444614191,6.893971444614191,6.719124222275104,7.159352581348462,7.159352581348462,5.55075597152886,6.428077449103441,6.428077449103441,6.8738513747832535,7.319297986347212,7.319297986347212,6.299574991881021,7.194366897643741,6.299574991881021,0.35997563041746616,8.676195554730864
F29S:N59A:T71S:T76S:S84N,F29S:N59A:T71S:T76S:S84N,5,7.104753382758921,7.239821867176836,7.239821867176836,7.104753382758921,7.239821867176836,7.239821867176836,6.718709395446451,7.016693054599074,7.016693054599074,6.8865173213596975,7.291758784509272,7.291758784509272,6.730516417677818,7.078337497192427,7.078337497192427,5.718955437148952,6.577038807273886,6.577038807273886,6.786975326150226,7.1357557568490755,7.1357557568490755,6.234017016044322,7.066800248651665,6.234017016044322,0.6968707146588713,8.5293705991216
F29S:S31N:T57S:S84N:R87T,F29S:S31N:T57S:S84N:R87T,5,7.685123907465276,7.920689357793126,7.920689357793126,7.685123907465276,7.920689357793126,7.920689357793126,7.517567499605614,7.859958348167773,7.859958348167773,7.188183519652945,7.824465634367488,7.824465634367488,7.284726348858041,7.667213352870062,7.667213352870062,6.211298622220143,7.265568765174756,7.265568765174756,7.4225154537720845,7.765933942044112,7.765933942044112,6.719168757870145,7.676712678967007,6.719168757870145,0.9161839731968939,8.97483594889801
F29S:S30N:A58T:S84N:Y95F,F29S:S30N:A58T:S84N:Y95F,5,7.139218428593321,7.196531746675351,7.196531746675351,7.139218428593321,7.196531746675351,7.196531746675351,6.774259413685327,7.130161035559588,7.130161035559588,6.65107315580504,7.155032412320248,7.155032412320248,6.769709123769237,7.195984501792777,7.195984501792777,5.648635318912838,6.627865190077722,6.627865190077722,6.902469314828318,7.310547641313268,7.310547641313268,6.359765408262367,7.203868698839796,6.359765408262367,0.015694976318627596,8.76354314824192
F29S:A58T:T76S:S77N:S84N,F29S:A58T:T76S:S77N:S84N,5,7.2270556864914175,7.212329011625857,7.212329011625857,7.2270556864914175,7.212329011625857,7.212329011625857,7.026924842097729,7.307390205493793,7.307390205493793,6.869047978275217,7.356473820449665,7.356473820449665,6.982588957496727,7.4166291239458575,7.4166291239458575,5.851372253475518,6.887245214777451,6.887245214777451,7.05972519609004,7.49457481015236,7.49457481015236,6.410211474075254,7.3421663516885,6.410211474075254,0.19105184776708484,8.697633619106751
F29S:A58T:T76S:S77N:R87T,F29S:A58T:T76S:S77N:R87T,5,7.230805867020523,7.3196529457598976,7.3196529457598976,7.230805867020523,7.3196529457598976,7.3196529457598976,6.961406355124777,7.278532599769917,7.278532599769917,6.778396733259328,7.283819477839825,7.283819477839825,7.1154454710355015,7.433668456056532,7.433668456056532,5.907380227507309,6.86889739458228,6.86889739458228,7.042755726637905,7.430778155528832,7.430778155528832,6.403625667446629,7.366456434078412,6.403625667446629,0.0983745832927525,8.927190917326122
F29S:A58T:S84N:Y95F,F29S:A58T:S84N:Y95F,4,7.423919036912561,7.436298162628439,7.436298162628439,7.423919036912561,7.436298162628439,7.436298162628439,7.24904800323991,7.686902435427138,7.686902435427138,7.292963667498281,7.773812752185944,7.773812752185944,7.182040272341061,7.602418203734035,7.602418203734035,6.579339161797646,7.716132743599561,7.716132743599561,7.246607097106709,7.67463071075549,7.67463071075549,7.0800436937815725,7.818021029166949,7.0800436937815725,0.8082397179678082,8.614955995784426
F29S:T57S:A58T:S77N,F29S:T57S:A58T:S77N,4,7.262478805998583,7.399279653725069,7.399279653725069,7.262478805998583,7.399279653725069,7.399279653725069,7.3057434385872595,7.63250737420382,7.63250737420382,7.333622160973453,7.690305441202303,7.690305441202303,7.294827372609071,7.639777292194851,7.639777292194851,6.737892330552686,7.745075541051789,7.745075541051789,7.346505147623624,7.690983221790529,7.690983221790529,7.257403189979731,8.101187394319334,7.257403189979731,0.9591169431805611,8.662917732156817
F29S:S30N:T57S:Y95F,F29S:S30N:T57S:Y95F,4,7.458378727794219,7.58450909464826,7.58450909464826,7.458378727794219,7.58450909464826,7.58450909464826,7.482172533698131,7.748777242618084,7.748777242618084,7.2534214861698505,7.791603061282746,7.791603061282746,7.534811313002685,7.75726278647654,7.75726278647654,6.9919149672354335,7.833696768426083,7.833696768426083,7.60618806607768,8.091567009540531,8.091567009540531,7.469340150154232,8.21494838452807,7.469340150154232,0.4865727466531098,9.173501722296717
F29S:S30N:A58T:N59A:Y95F,F29S:S30N:A58T:N59A:Y95F,5,6.413971116602202,6.6203036319432895,6.6203036319432895,6.413971116602202,6.6203036319432895,6.6203036319432895,6.106560247738866,6.4872017872137695,6.4872017872137695,6.117350704162417,6.631445236226583,6.631445236226583,6.2619459249785505,6.729759993178822,6.729759993178822,5.355364603841378,6.263434684007812,6.263434684007812,6.30484760167421,6.7356983719812815,6.7356983719812815,5.995929344854965,6.790229398806009,5.995929344854965,0.6515976060181856,8.914832545824783
F29S:S30N:A58T:N59A,F29S:S30N:A58T:N59A,4,6.752338317248613,7.088396892992968,7.088396892992968,6.752338317248613,7.088396892992968,7.088396892992968,6.537460859556093,6.940951802403967,6.940951802403967,6.883892916415098,7.394391072647382,7.394391072647382,6.702302562515748,7.3336092102060775,7.3336092102060775,6.336659484553195,7.2465718981474865,7.2465718981474865,6.829655084812567,7.321953551866671,7.321953551866671,6.812407988535368,7.594637296969346,6.812407988535368,0.12363331881351769,8.954515325330417
F29S:S31N:A58T:S77N:Y95F,F29S:S31N:A58T:S77N:Y95F,5,7.248081803077088,7.301980023281039,7.301980023281039,7.248081803077088,7.301980023281039,7.301980023281039,7.227750422031163,7.546795241250897,7.546795241250897,6.574321208737439,7.118563925701533,7.118563925701533,6.95310971042527,7.307651533819117,7.307651533819117,5.698262258090997,6.719649564039083,6.719649564039083,7.010650161490105,7.331530776104374,7.331530776104374,6.4862083759690705,7.274379947206005,6.4862083759690705,0.13340371544472873,8.684568462976387
F29S:S31N:A58T:S77N,F29S:S31N:A58T:S77N,4,7.454263099847935,7.560107353780058,7.560107353780058,7.454263099847935,7.560107353780058,7.560107353780058,7.586531544360657,7.934683695543613,7.934683695543613,7.363774871090931,7.91111788468827,7.91111788468827,7.38151883322655,7.8611249643280035,7.8611249643280035,6.774500803058729,7.826507337924674,7.826507337924674,7.4679943691019846,7.8535752443471845,7.8535752443471845,7.304221833713236,8.125028804387668,7.304221833713236,0.7040188042446971,8.888837613787333
F29S:S30N:A58T:T71S:S77N,F29S:S30N:A58T:T71S:S77N,5,7.169267742970419,7.331924468808439,7.331924468808439,7.169267742970419,7.331924468808439,7.331924468808439,7.089572165255477,7.341784839305907,7.341784839305907,6.940799560922436,7.364634765820213,7.364634765820213,7.06887442577707,7.379939348212753,7.379939348212753,6.078392554719614,6.914688786158187,6.914688786158187,7.093863950405263,7.385135782340842,7.385135782340842,6.513955836896062,7.361726957926368,6.513955836896062,0.5268329083919525,8.724382661792246
F29S:S31N:A58T:S84N:Y95F,F29S:S31N:A58T:S84N:Y95F,5,7.340061889583137,7.410854882441362,7.410854882441362,7.340061889583137,7.410854882441362,7.410854882441362,7.155805950761677,7.503053189475141,7.503053189475141,6.736156797117798,7.253575063098396,7.253575063098396,6.829025478314853,7.183832573271385,7.183832573271385,5.682335275380178,6.708169970774589,6.708169970774589,6.967058824969772,7.289346934354329,7.289346934354329,6.422603243238156,7.190936200111234,6.422603243238156,0.9817201786208898,8.554231277349569
F29S:S31N:N59A:S84N:Y95F,F29S:S31N:N59A:S84N:Y95F,5,7.027170364274981,7.150238802456399,7.150238802456399,7.027170364274981,7.150238802456399,7.150238802456399,6.866502615199754,7.2392499596620254,7.2392499596620254,6.42876639919178,6.938172288873875,6.938172288873875,6.6955432165707816,7.095504671254373,7.095504671254373,5.285698500496224,6.266429184153209,6.266429184153209,6.795848618208664,7.170435121625927,7.170435121625927,6.206890497265267,6.942479838851806,6.206890497265267,0.176710763014853,8.775518547766358
F29S:A58T:N59A:S84N,F29S:A58T:N59A:S84N,4,6.834373376649097,6.969335356327708,6.969335356327708,6.834373376649097,6.969335356327708,6.969335356327708,6.723375286638745,7.059351518555968,7.059351518555968,7.021621490007082,7.4072841754006715,7.4072841754006715,6.726712669894564,7.254255311125004,7.254255311125004,6.074763588840355,7.005184871083584,7.005184871083584,6.826549947753756,7.21359809068248,7.21359809068248,6.635844946802521,7.304439878926366,6.635844946802521,0.6701921210624278,8.625946361071001
F29S:N59A:S84N:R87T,F29S:N59A:S84N:R87T,4,7.15974953566173,7.437007648902129,7.437007648902129,7.15974953566173,7.437007648902129,7.437007648902129,6.9701447657347115,7.388839894006853,7.388839894006853,7.211331361205104,7.830903869543511,7.830903869543511,7.0609959061368714,7.393576160700511,7.393576160700511,6.292461726499776,7.550572467662409,7.550572467662409,7.152982874583859,7.430160899858799,7.430160899858799,6.811562209399253,7.658115625193828,6.811562209399253,0.8262817312497646,8.934633225378892
F29S:T57S:N59A:Y95F,F29S:T57S:N59A:Y95F,4,6.920230412631634,7.085936672524351,7.085936672524351,6.920230412631634,7.085936672524351,7.085936672524351,6.921375990521498,7.2512214751466715,7.2512214751466715,6.793510080694433,7.257220590563093,7.257220590563093,7.033883252287751,7.378885584340027,7.378885584340027,6.382303995172306,7.246277003391093,7.246277003391093,6.98799102698726,7.422247768779135,7.422247768779135,6.995237866834671,7.672924411143994,6.995237866834671,0.3926540242973715,9.01650079711623
F29S:N59A:T76S:R87T,F29S:N59A:T76S:R87T,4,7.2533129840699235,7.560228593682741,7.560228593682741,7.2533129840699235,7.560228593682741,7.560228593682741,7.009078583538985,7.451441639076136,7.451441639076136,7.303635579472541,7.828295611629193,7.828295611629193,7.197132749991569,7.531375326091654,7.531375326091654,6.674746208409051,7.504286942502924,7.504286942502924,7.1923459216891565,7.717464318631957,7.717464318631957,7.073712435755915,7.90445522112625,7.073712435755915,0.4338824450969696,8.849991015816357
F29S:T57S:A58T:S84N,F29S:T57S:A58T:S84N,4,7.343801984464673,7.3740997321806345,7.3740997321806345,7.343801984464673,7.3740997321806345,7.3740997321806345,7.303519136879998,7.471964541243553,7.471964541243553,7.592853953165143,7.87678571059368,7.87678571059368,7.18012960783572,7.588267872040143,7.588267872040143,6.800804480731255,7.688589493265058,7.688589493265058,7.291233559090591,7.650706584008259,7.650706584008259,7.198237807300695,7.996572864941488,7.198237807300695,0.5796519233845174,8.679610661083318
F29S:T57S:S77N:S84N,F29S:T57S:S77N:S84N,4,7.531702638786035,7.7955436320656215,7.7955436320656215,7.531702638786035,7.7955436320656215,7.7955436320656215,7.527950159042837,7.9008442961498915,7.9008442961498915,7.539926096036268,8.30386982818103,8.30386982818103,7.497886651006444,7.905190681513793,7.905190681513793,6.879741608031676,8.272293240224103,8.272293240224103,7.621680600725883,8.028625794679442,8.028625794679442,7.261716438142127,8.321114303226665,7.261716438142127,0.07426501181907952,8.769962313007744
F29S:S30N:A58T:Y95F,F29S:S30N:A58T:Y95F,4,7.322201559053964,7.469570290590996,7.469570290590996,7.322201559053964,7.469570290590996,7.469570290590996,7.219985255747435,7.5508631696353605,7.5508631696353605,7.164425049074508,7.729945598701638,7.729945598701638,7.26950634441424,7.548175384410586,7.548175384410586,6.762845279589411,7.670289433736581,7.670289433736581,7.273355237400634,7.564986296103696,7.564986296103696,7.2531112365131785,8.013723709507559,7.2531112365131785,0.17304292949847877,8.77240992492339
F29S:T57S:N59A:T76S,F29S:T57S:N59A:T76S,4,6.927710119303543,7.190900665012206,7.190900665012206,6.927710119303543,7.190900665012206,7.190900665012206,6.845247104384305,7.307489706927566,7.307489706927566,6.97877822340972,7.453598960137552,7.453598960137552,7.042550903950117,7.585311331491072,7.585311331491072,6.635531526283237,7.371543574494543,7.371543574494543,7.071423907023842,7.538000226427598,7.538000226427598,7.082192677939606,7.8435829354615185,7.082192677939606,0.24242577282711864,8.570809524106878
F29S:S31N:T57S:Y95F,F29S:S31N:T57S:Y95F,4,7.7360973040800936,7.93584698763333,7.93584698763333,7.7360973040800936,7.93584698763333,7.93584698763333,7.825294449926427,8.169024089278427,8.169024089278427,7.4936052560376005,8.062934016434887,8.062934016434887,7.583264073747758,7.817879058496457,7.817879058496457,7.066946824659497,7.971620019882824,7.971620019882824,7.622608657220639,8.000522071412739,8.000522071412739,7.562010597797979,8.322695584940359,7.562010597797979,0.3722088939975947,8.687301533105835
F29S:T57S:N59A:R87T,F29S:T57S:N59A:R87T,4,6.9556021080625845,7.356811955798688,7.356811955798688,6.9556021080625845,7.356811955798688,7.356811955798688,6.898707738562665,7.372553097793366,7.372553097793366,6.966391337892018,7.654798246547992,7.654798246547992,7.110159835415061,7.439135908352485,7.439135908352485,6.466339822211426,7.648541040770128,7.648541040770128,7.145289813412907,7.453691175909751,7.453691175909751,6.939864606871825,7.886483822685149,6.939864606871825,0.6735291772056371,9.221652724291925
F29S:S31N:T57S:T76S,F29S:S31N:T57S:T76S,4,7.745191352035261,8.101374786683547,8.101374786683547,7.745191352035261,8.101374786683547,8.101374786683547,7.729347706571335,8.129069156565006,8.129069156565006,7.5942167698852945,8.219383100772415,8.219383100772415,7.624289583228317,8.051925222615953,8.051925222615953,7.352129367179064,8.242235765252943,8.242235765252943,7.729614256667712,8.332187057993837,8.332187057993837,7.6772152754084075,8.71679291348002,7.6772152754084075,0.48736765421926975,8.635191148355817
F29S:S30N:N59A:T71S,F29S:S30N:N59A:T71S,4,7.2558928521711294,7.51904611087607,7.51904611087607,7.2558928521711294,7.51904611087607,7.51904611087607,7.037115554565609,7.378001685566131,7.378001685566131,7.2676574717181825,7.695212148228857,7.695212148228857,7.179305721086681,7.52889069504137,7.52889069504137,6.7657932857261365,7.548790685425232,7.548790685425232,7.18222183087483,7.580770892037947,7.580770892037947,7.030023112509732,7.815746613005644,7.030023112509732,0.8305295091122389,8.899440992704028
F29S:T76S:R87T:Y95F,F29S:T76S:R87T:Y95F,4,7.719927483676515,7.907473732259168,7.907473732259168,7.719927483676515,7.907473732259168,7.907473732259168,7.545684415600602,7.889281982816677,7.889281982816677,7.471203070590287,8.104414230777596,8.104414230777596,7.652861027612521,7.962697337023163,7.962697337023163,7.095000024084313,8.105117452205405,8.105117452205405,7.580962409243136,8.148241359575927,8.148241359575927,7.458877816426221,8.436515623038366,7.458877816426221,0.558383284136653,8.7988943703807
F29S:N59A:S84N:Y95F,F29S:N59A:S84N:Y95F,4,7.180138199478473,7.227915306836745,7.227915306836745,7.180138199478473,7.227915306836745,7.227915306836745,7.002123289735178,7.348984909784077,7.348984909784077,7.088356624047773,7.49817283712658,7.49817283712658,7.039924965921424,7.48178160772527,7.48178160772527,6.196122329627549,7.225548300484535,7.225548300484535,7.075894628842676,7.615185652315814,7.615185652315814,6.87215526406643,7.524473542793799,6.87215526406643,0.295756550738588,8.770688213797257
F29S:T57S:A58T:T71S:S77N,F29S:T57S:A58T:T71S:S77N,5,7.06348685038183,7.214079491626076,7.214079491626076,7.06348685038183,7.214079491626076,7.214079491626076,6.995522639496436,7.266031365953944,7.266031365953944,6.860461555721497,7.206257193630127,7.206257193630127,6.992072319216887,7.358004188713547,7.358004188713547,5.975640696114461,6.86041872541352,6.86041872541352,7.008678080237512,7.421932684753225,7.421932684753225,6.482241463783927,7.307369032445718,6.482241463783927,0.5520366046112031,8.735213320900021
F29S:S30N:S31N:A58T:R87T,F29S:S30N:S31N:A58T:R87T,5,7.158151999161402,7.309458309434079,7.309458309434079,7.158151999161402,7.309458309434079,7.309458309434079,7.035760975581086,7.3215597034843185,7.3215597034843185,6.695692441811875,7.151820426203422,7.151820426203422,7.04390053749595,7.43631642228085,7.43631642228085,6.114752894599925,6.918940079898773,6.918940079898773,7.17680188409125,7.5755763728766325,7.5755763728766325,6.59293152903413,7.391688906603599,6.59293152903413,0.9790705991908908,8.760476246577994
F29S:S30N:T57S:A58T:R87T,F29S:S30N:T57S:A58T:R87T,5,6.812843548620345,7.036946839133362,7.036946839133362,6.812843548620345,7.036946839133362,7.036946839133362,6.769050943440881,7.119463897999223,7.119463897999223,6.716761383364178,7.137776067767528,7.137776067767528,6.962989580664411,7.289760122895529,7.289760122895529,6.081716042261719,6.8725873302244835,6.8725873302244835,7.070639280693108,7.439038422895507,7.439038422895507,6.543945015206276,7.48265249935046,6.543945015206276,0.9410451212897897,8.795689445350588
F29S:A58T:N59A:S84N:R87T,F29S:A58T:N59A:S84N:R87T,5,6.504244050791861,6.759882202151128,6.759882202151128,6.504244050791861,6.759882202151128,6.759882202151128,6.168027729625309,6.61376931596664,6.61376931596664,6.258600580380364,6.817090723716595,6.817090723716595,6.342561346758096,6.80478632438265,6.80478632438265,4.905817906129634,6.030433705901093,6.030433705901093,6.451718675715386,6.842599210685176,6.842599210685176,5.715463312482475,6.53089524674841,5.715463312482475,0.020315857836976647,8.780524453871005
F29S:S31N:N59A:T71S:Y95F,F29S:S31N:N59A:T71S:Y95F,5,7.06706590505062,7.219237990404198,7.219237990404198,7.06706590505062,7.219237990404198,7.219237990404198,7.028381947884926,7.3606763261365975,7.3606763261365975,6.629962540294624,7.067921320085242,7.067921320085242,6.89561114294688,7.260125983528676,7.260125983528676,5.943224138624199,6.716118470954456,6.716118470954456,6.799680204102772,7.160903351388162,7.160903351388162,6.387733648022789,7.170325297542946,6.387733648022789,0.7940544513985515,8.674870216748126
F29S:S31N:N59A:S77N:Y95F,F29S:S31N:N59A:S77N:Y95F,5,6.841945622384186,7.042635753793219,7.042635753793219,6.841945622384186,7.042635753793219,7.042635753793219,6.802622428216303,7.2003497067626885,7.2003497067626885,6.100193403534108,6.662766672756785,6.662766672756785,6.806455693489111,7.235289562903292,7.235289562903292,5.231631297446171,6.216095126728919,6.216095126728919,6.8593438179753665,7.186173566878721,7.186173566878721,6.250624194747546,7.017191781263458,6.250624194747546,0.5619940408505499,8.716960694311018
F29S:S30N:T57S:A58T:N59A,F29S:S30N:T57S:A58T:N59A,5,6.185264462327098,6.57820981481579,6.57820981481579,6.185264462327098,6.57820981481579,6.57820981481579,6.053917265312569,6.500943600212952,6.500943600212952,6.239389753757453,6.7520213229745245,6.7520213229745245,6.209550466893698,6.671267632909195,6.671267632909195,5.492598931728368,6.404088521084042,6.404088521084042,6.373135323713618,6.777363094917367,6.777363094917367,6.026150346777557,6.88001925929462,6.026150346777557,0.40062519954517484,8.692991836212457
F29S:S31N:A58T:N59A:S77N,F29S:S31N:A58T:N59A:S77N,5,6.529437293485606,6.778900210530523,6.778900210530523,6.529437293485606,6.778900210530523,6.778900210530523,6.526945968327053,6.9801313800799365,6.9801313800799365,6.054331548583075,6.64022388948137,6.64022388948137,6.411204169660726,6.903807589568177,6.903807589568177,5.175915616517165,6.234232880738885,6.234232880738885,6.547391923596056,6.944344642042549,6.944344642042549,5.993501645866792,6.8173825852141245,5.993501645866792,0.05048329406417906,8.754264785920519
F29S:T57S:A58T:S77N:Y95F,F29S:T57S:A58T:S77N:Y95F,5,6.929023118822101,6.972325016030898,6.972325016030898,6.929023118822101,6.972325016030898,6.972325016030898,6.850060301912535,7.138857651860475,7.138857651860475,6.433292725686713,6.879438291268183,6.879438291268183,6.788377216528973,7.086506735848627,7.086506735848627,5.62172976483156,6.610452535997681,6.610452535997681,6.804372416568697,7.151743587418832,7.151743587418832,6.382473044015693,7.178069390200427,6.382473044015693,0.791306242113933,8.859750356927725
F29S:T57S:N59A:S84N:R87T,F29S:T57S:N59A:S84N:R87T,5,6.811939198266863,7.118216631305398,7.118216631305398,6.811939198266863,7.118216631305398,7.118216631305398,6.524509436907696,6.941508107014534,6.941508107014534,6.459110425053628,7.07551621860137,7.07551621860137,6.605832123480482,6.965519514315297,6.965519514315297,5.228724995132534,6.381065231496265,6.381065231496265,6.710717078874167,6.990671066501776,6.990671066501776,5.969174016849226,6.852836531080797,5.969174016849226,0.39733963552862406,9.015363192807538
F29S:T57S:A58T:N59A:T76S,F29S:T57S:A58T:N59A:T76S,5,6.21671091471525,6.404925237199816,6.404925237199816,6.21671091471525,6.404925237199816,6.404925237199816,6.159989974657734,6.544846884848313,6.544846884848313,6.258274049549647,6.5904804336330685,6.5904804336330685,6.3135959787956,6.707084845580984,6.707084845580984,5.599019033940712,6.266934820370757,6.266934820370757,6.3097613090456965,6.643253833952505,6.643253833952505,6.071476526113774,6.853251083051931,6.071476526113774,0.1881804373115301,8.736990714132629
F29S:T57S:A58T:T71S:S84N,F29S:T57S:A58T:T71S:S84N,5,7.212141735144879,7.301245782190617,7.301245782190617,7.212141735144879,7.301245782190617,7.301245782190617,7.016059252404237,7.244264019664404,7.244264019664404,7.205422234641728,7.508114246401843,7.508114246401843,6.8693551428275645,7.187500001407603,7.187500001407603,6.025781543877632,6.890280288018199,6.890280288018199,6.957347388303781,7.288125732307696,7.288125732307696,6.422862529910043,7.20963193438773,6.422862529910043,0.27073905640281737,8.960684093659253
F29S:S30N:N59A:T71S:S77N,F29S:S30N:N59A:T71S:S77N,5,6.845515270343846,7.145657422036063,7.145657422036063,6.845515270343846,7.145657422036063,7.145657422036063,6.616090668039499,7.081151897237062,7.081151897237062,6.428339563432264,6.9970158261255,6.9970158261255,6.774521722382829,7.160145852045978,7.160145852045978,5.526142410387175,6.569146815585986,6.569146815585986,6.826354638895788,7.213718096496827,7.213718096496827,6.160917915394622,7.067687224736834,6.160917915394622,0.12571056769229472,8.886200021429316
F29S:T57S:A58T:N59A:Y95F,F29S:T57S:A58T:N59A:Y95F,5,6.31117718142297,6.472208918110241,6.472208918110241,6.31117718142297,6.472208918110241,6.472208918110241,6.225314833159075,6.553483953785454,6.553483953785454,6.127164506715712,6.557468622144523,6.557468622144523,6.248359526306341,6.584377187865998,6.584377187865998,5.382293885605361,6.259954718544553,6.259954718544553,6.197743804709328,6.583707184935432,6.583707184935432,5.9903874915084865,6.7842650440890315,5.9903874915084865,0.19802467967383564,8.934370022378358
F29S:T57S:T71S:R87T:Y95F,F29S:T57S:T71S:R87T:Y95F,5,7.290090725825328,7.472556609646558,7.472556609646558,7.290090725825328,7.472556609646558,7.472556609646558,7.2186076103151535,7.537472105143598,7.537472105143598,6.915520147409739,7.369944698542141,7.369944698542141,7.253917329731962,7.590238690046616,7.590238690046616,6.387722179237294,7.221990752342668,7.221990752342668,7.175384455309837,7.524462229274184,7.524462229274184,6.630466780763324,7.434435040137179,6.630466780763324,0.15985921351239085,8.70352724220159
F29S:S31N:N59A:S77N:R87T,F29S:S31N:N59A:S77N:R87T,5,6.857272909875283,7.235527362403025,7.235527362403025,6.857272909875283,7.235527362403025,7.235527362403025,6.800841966526446,7.314463806048692,7.314463806048692,6.196159698719679,6.913582317808447,6.913582317808447,6.91343692825763,7.341314236308816,7.341314236308816,5.284181131755787,6.504555431337792,6.504555431337792,6.959821079322621,7.307812333977565,7.307812333977565,6.184637193946018,7.088426975881007,6.184637193946018,0.48920788848772645,8.587788261263173
F29S:S30N:N59A:T76S:R87T,F29S:S30N:N59A:T76S:R87T,5,6.937913283369755,7.260507531741144,7.260507531741144,6.937913283369755,7.260507531741144,7.260507531741144,6.5071788348332165,6.977389732575331,6.977389732575331,6.523751952587756,7.117945666702236,7.117945666702236,6.767214328978602,7.182538044450286,7.182538044450286,5.766422337502027,6.649511021981091,6.649511021981091,6.891486292300293,7.368725596895868,7.368725596895868,6.335790862899534,7.263211919609133,6.335790862899534,0.26249508606269956,8.751610562459268
F29S:S30N:A58T:N59A:S77N,F29S:S30N:A58T:N59A:S77N,5,6.475776398212362,6.761785431657108,6.761785431657108,6.475776398212362,6.761785431657108,6.761785431657108,6.182868908096355,6.673014220877788,6.673014220877788,6.240298647181997,6.792751767277722,6.792751767277722,6.285493010106521,6.795468787653209,6.795468787653209,5.217948023090735,6.252612331512356,6.252612331512356,6.440942872783889,6.865541160613945,6.865541160613945,5.944576859788263,6.825510745753403,5.944576859788263,0.019194322172552347,8.693207429528197
F29S:S30N:T57S:N59A:R87T,F29S:S30N:T57S:N59A:R87T,5,6.633992409208874,7.055218321297579,7.055218321297579,6.633992409208874,7.055218321297579,7.055218321297579,6.43673361190328,6.954393539672232,6.954393539672232,6.300067752786584,6.995113585321305,6.995113585321305,6.69194810692518,7.108635897286539,7.108635897286539,5.6340740011548185,6.722025777114675,6.722025777114675,6.843204824252512,7.255117087045599,7.255117087045599,6.20740829909406,7.175290879015765,6.20740829909406,0.3454585939180106,9.06417315085608
F29S:S31N:N59A:T76S:R87T,F29S:S31N:N59A:T76S:R87T,5,7.093379823678741,7.352348880498764,7.352348880498764,7.093379823678741,7.352348880498764,7.352348880498764,6.882398402912291,7.298582254927704,7.298582254927704,6.603001231931917,7.129208018577133,7.129208018577133,6.899189926035739,7.315255680237049,7.315255680237049,5.9609466112247365,6.720266318910949,6.720266318910949,6.951030637791456,7.362600891985139,7.362600891985139,6.459242071939471,7.307251891569329,6.459242071939471,0.6714454910252243,8.71890279797547
F29S:A58T:N59A:T71S:Y95F,F29S:A58T:N59A:T71S:Y95F,5,6.6585663800719175,6.810233190733059,6.810233190733059,6.6585663800719175,6.810233190733059,6.810233190733059,6.426358557385192,6.7689967853634,6.7689967853634,6.430862797445309,6.844278988654088,6.844278988654088,6.468525045854993,6.831999946117978,6.831999946117978,5.595556102611171,6.452863630286095,6.452863630286095,6.335350035514562,6.678653485670442,6.678653485670442,6.000423017933136,6.758724620624017,6.000423017933136,0.5279554261360317,8.72017555128718
F29S:A58T:T76S:S84N:R87T,F29S:A58T:T76S:S84N:R87T,5,7.253936017830252,7.33390751405239,7.33390751405239,7.253936017830252,7.33390751405239,7.33390751405239,6.851272206661426,7.173700017555452,7.173700017555452,6.787438193374931,7.244447542297353,7.244447542297353,6.983773550419699,7.30570991753786,7.30570991753786,5.821193986435279,6.766465465307777,6.766465465307777,7.005298311777629,7.301190933037054,7.301190933037054,6.322713340473257,7.133011580881953,6.322713340473257,0.34724721498787403,8.892856775640727
F29S:T57S:S84N:R87T:Y95F,F29S:T57S:S84N:R87T:Y95F,5,7.35689068635326,7.538081059204787,7.538081059204787,7.35689068635326,7.538081059204787,7.538081059204787,7.072692662938515,7.455958539988017,7.455958539988017,6.776154070926425,7.4145024701921525,7.4145024701921525,7.062389992885782,7.365434356696519,7.365434356696519,5.867073906477847,7.020756496376037,7.020756496376037,7.151913544454652,7.466719109306016,7.466719109306016,6.480102501399578,7.300644164992395,6.480102501399578,0.5452678580768406,8.95101044032535
F29S:S30N:T57S:N59A:T76S,F29S:S30N:T57S:N59A:T76S,5,6.480308363132078,6.873869250225837,6.873869250225837,6.480308363132078,6.873869250225837,6.873869250225837,6.25007974316213,6.75559514359795,6.75559514359795,6.179834098887202,6.8162436962134345,6.8162436962134345,6.561734904117245,7.031150024895372,7.031150024895372,5.740285406572703,6.595768084660788,6.595768084660788,6.7508086643516405,7.1442936165551645,7.1442936165551645,6.292417515163905,7.127164104773788,6.292417515163905,0.9911032803356647,8.633885845593076
F29S:T57S:A58T:T76S:S77N,F29S:T57S:A58T:T76S:S77N,5,6.88468543918979,6.93208088910015,6.93208088910015,6.88468543918979,6.93208088910015,6.93208088910015,6.848275279891494,7.130775947817383,7.130775947817383,6.634961981310411,7.014919066629225,7.014919066629225,6.907234839231124,7.200283623054822,7.200283623054822,5.970849674722289,6.8183525724901495,6.8183525724901495,6.946018099907458,7.268168322992241,7.268168322992241,6.5313802601415585,7.374674292898132,6.5313802601415585,0.4882285832427442,8.843785312579932
F29S:N59A:S84N:R87T:Y95F,F29S:N59A:S84N:R87T:Y95F,5,6.919161063683172,7.050783064544834,7.050783064544834,6.919161063683172,7.050783064544834,7.050783064544834,6.544948342385869,6.962977690582388,6.962977690582388,6.404975510231067,6.938751843431166,6.938751843431166,6.671152499799957,7.105884468193423,7.105884468193423,5.125913572336655,6.214910978883882,6.214910978883882,6.716745970234827,7.1519774203953865,7.1519774203953865,6.01668942223778,6.7867549566052565,6.01668942223778,0.4497851487249136,8.757340345988384
F29S:S30N:A58T:N59A:T71S,F29S:S30N:A58T:N59A:T71S,5,6.5533077255435686,6.779543931849145,6.779543931849145,6.5533077255435686,6.779543931849145,6.779543931849145,6.255699680612703,6.557572266628977,6.557572266628977,6.536027886210671,6.9103145277476274,6.9103145277476274,6.395095916684032,6.786973123343473,6.786973123343473,5.690729760523871,6.425694583263399,6.425694583263399,6.458527581379382,6.862886969238766,6.862886969238766,5.999571951913778,6.772580784145671,5.999571951913778,0.12472279090434313,8.756070563991551
F29S:S31N:N59A:T71S:S77N,F29S:S31N:N59A:T71S:S77N,5,6.851453077889042,7.089532946569736,7.089532946569736,6.851453077889042,7.089532946569736,7.089532946569736,6.874094038058745,7.234400282137712,7.234400282137712,6.314285167248735,6.869484371692414,6.869484371692414,6.860308172364983,7.237209115853732,7.237209115853732,5.516079399701956,6.495598008230969,6.495598008230969,6.900317022457038,7.267221324948306,7.267221324948306,6.244452141789875,7.057480022412687,6.244452141789875,0.9487235262058675,8.65356925832512
F29S:N59A:S77N:R87T:Y95F,F29S:N59A:S77N:R87T:Y95F,5,6.8039809901552335,7.2147005654904595,7.2147005654904595,6.8039809901552335,7.2147005654904595,7.2147005654904595,6.519953128628862,7.070708453879393,7.070708453879393,6.139583783973512,6.927736864476609,6.927736864476609,6.805009998492585,7.296355641787,7.296355641787,5.064274400877208,6.445923852080031,6.445923852080031,6.753370943219707,7.2138002397521275,7.2138002397521275,6.038773910432134,6.937549668572029,6.038773910432134,0.8724372233264148,8.793502793686125
F29S:T57S:A58T:T76S:R87T,F29S:T57S:A58T:T76S:R87T,5,6.930242372450789,7.101480126058936,7.101480126058936,6.930242372450789,7.101480126058936,7.101480126058936,6.80628435192291,7.1854941936003405,7.1854941936003405,6.726458396977959,7.114483879963197,7.114483879963197,6.954435657514722,7.251364372413564,7.251364372413564,6.1573673072256145,6.9274509111217855,6.9274509111217855,6.942428120521144,7.211777913117359,7.211777913117359,6.4893495479316865,7.337307375100936,6.4893495479316865,0.41620062850415707,8.913058312063265
