candidate_id,budget_hash,in_05pct,in_10pct,in_20pct,in_40pct
A58T:K74I:T76S:S84N,1731102,True,True,True,True
S30N:T71S:K74I:S75F,4824257,True,True,True,True
F29S:S31N,8282951,True,True,True,True
I52S:T57S:N59A:T71S:R87T,8439803,True,True,True,True
S31N:K74I:S75F:T76S:Y95F,9218324,True,True,True,True
A58T:N59A:T76S:Y106S,9266558,True,True,True,True
F29S:T57S:N59A:K74I:S77N,9655860,True,True,True,True
I52S:T71S:K74I:Y106S,9906872,True,True,True,True
F29S:T71S:K74I:Y95F,10074129,True,True,True,True
F29S:I52S:N59A:T71S,10917187,True,True,True,True
S30N:T57S:K74I:S75F:Y95F,12017768,True,True,True,True
F29S:S30N:I52S:S75F:S77N,12096669,True,True,True,True
T57S:T71S:R87T,14279527,True,True,True,True
S31N:I52S:A58T:K74I:Y106S,15292016,True,True,True,True
F29S:T57S:T76S:S84N:Y95F,15301663,True,True,True,True
N59A:S75F:T76S:R87T:Y95F,15346492,True,True,True,True
F29S:T57S:S75F:S84N:Y95F,15579880,True,True,True,True
S30N:S31N:I52S:N59A:S84N,16878694,True,True,True,True
T57S:S75F:S77N:S84N,18505848,True,True,True,True
F29S:S31N:A58T:T71S:K74I,18587383,True,True,True,True
I52S:K74I:S77N:S84N:Y106S,20672251,True,True,True,True
F29S:A58T:N59A:S77N:R87T,21631013,True,True,True,True
S30N:T71S:T76S:S77N:Y106S,24189909,True,True,True,True
S30N:A58T:T71S:R87T:Y106S,25374589,True,True,True,True
S31N:I52S:A58T:S77N:Y106S,28607414,True,True,True,True
T71S:Y106S,29785950,True,True,True,True
A58T:N59A:S75F:T76S:R87T,29791005,True,True,True,True
F29S:S31N:T57S:K74I:S75F,31875672,True,True,True,True
T71S:S77N:S84N:Y95F:Y106S,32174979,True,True,True,True
F29S:N59A:T71S:S77N:R87T,32443212,True,True,True,True
S31N:S75F,33602168,True,True,True,True
T57S:N59A:K74I:R87T,37785148,True,True,True,True
F29S:S31N:I52S:T76S:Y95F,39045253,True,True,True,True
I52S:T57S:T71S:Y95F,40239074,True,True,True,True
T57S:K74I:S75F,40700255,True,True,True,True
S31N:A58T:T71S:S75F:T76S,41206647,True,True,True,True
T57S:A58T:S75F:T76S:Y95F,41367181,True,True,True,True
S31N:I52S:T57S:R87T:Y95F,41549853,True,True,True,True
F29S:I52S:A58T:S75F:S84N,41747647,True,True,True,True
S31N:T57S:T71S:R87T:Y106S,42968101,True,True,True,True
K74I:S75F:T76S:Y106S,44440619,True,True,True,True
T57S:A58T:T76S:S84N,45499540,True,True,True,True
T57S:S75F:T76S,45513872,True,True,True,True
F29S:T57S:Y95F,45579310,True,True,True,True
S31N:A58T:T71S:R87T,46049693,True,True,True,True
A58T:N59A:T71S:S84N,46099685,True,True,True,True
A58T:S84N:R87T,46334744,True,True,True,True
S30N:T71S:T76S:R87T:Y95F,47766907,True,True,True,True
F29S:T57S:R87T:Y95F,47864825,True,True,True,True
S31N:T57S:A58T:R87T,49344367,True,True,True,True
S30N:A58T:S77N:S84N:Y95F,49791071,True,True,True,True
K74I:T76S:S77N:Y95F:Y106S,49948896,True,True,True,True
S31N:I52S:T57S:S77N:R87T,52215783,True,True,True,True
S30N:I52S:S75F:T76S:Y106S,54025585,True,True,True,True
S30N:N59A:T71S:K74I:S77N,54706836,True,True,True,True
T57S:A58T:T71S:S77N:Y95F,54822698,True,True,True,True
T57S:N59A:T71S:K74I:Y95F,56514503,True,True,True,True
F29S:A58T:T71S:S77N,58074148,True,True,True,True
S31N:A58T:T71S:T76S:R87T,58775781,True,True,True,True
S31N:A58T:T71S:R87T:Y106S,60533606,True,True,True,True
S30N:T57S:N59A:S75F,60581383,True,True,True,True
N59A:Y95F:Y106S,61933157,True,True,True,True
S30N:I52S:T57S:S77N,64417607,True,True,True,True
T71S:S75F:S77N:Y106S,64862402,True,True,True,True
F29S:S31N:I52S:A58T:S77N,66493551,True,True,True,True
T57S:A58T:T71S:R87T,66496017,True,True,True,True
F29S:A58T:T71S:K74I:S75F,67532129,True,True,True,True
S30N:S31N:T71S:T76S:R87T,67862873,True,True,True,True
T57S:K74I:T76S,67910368,True,True,True,True
F29S:S31N:T76S,68186965,True,True,True,True
S31N:T71S:K74I:Y95F:Y106S,68475997,True,True,True,True
A58T:N59A:R87T:Y106S,69711465,True,True,True,True
T71S:K74I:T76S,72759716,True,True,True,True
T57S:A58T:T71S:S75F:Y106S,73970106,True,True,True,True
T57S:S75F:T76S:S77N:Y106S,74330594,True,True,True,True
T57S:N59A:S77N:Y106S,75946636,True,True,True,True
F29S:A58T:T76S,78448460,True,True,True,True
S30N:S31N:I52S:A58T,78487642,True,True,True,True
T57S:A58T:S75F:Y95F,80235141,True,True,True,True
T71S:R87T:Y95F,80650123,True,True,True,True
S30N:S31N:N59A:S84N:R87T,81614098,True,True,True,True
F29S:S30N:K74I:S75F:S84N,81792147,True,True,True,True
A58T:K74I:S75F:S77N,81969501,True,True,True,True
A58T:N59A:S75F:S77N:Y95F,82169646,True,True,True,True
F29S:S31N:A58T:K74I:Y95F,82229659,True,True,True,True
N59A:S77N:R87T:Y95F,82588646,True,True,True,True
S31N:I52S:T71S:T76S:S77N,82633978,True,True,True,True
S75F:T76S:S84N:R87T,82877769,True,True,True,True
I52S:T57S:A58T:R87T:Y106S,84763060,True,True,True,True
T57S:T71S:T76S:S77N:Y106S,85109878,True,True,True,True
T57S:K74I:S75F:Y106S,89563260,True,True,True,True
T57S:T71S:K74I:S75F:T76S,92270182,True,True,True,True
S31N:T57S:K74I:S84N:Y106S,92336729,True,True,True,True
I52S:S75F:T76S:Y95F,92578131,True,True,True,True
F29S:S31N:A58T:R87T,92801776,True,True,True,True
F29S:N59A:T71S:S84N:Y95F,94014362,True,True,True,True
S31N:Y95F,94363488,True,True,True,True
S30N:S31N:N59A:T71S:S84N,94376198,True,True,True,True
I52S:N59A:K74I:Y95F,95550756,True,True,True,True
S30N:I52S:T76S:Y95F,96755168,True,True,True,True
F29S:S31N:I52S:K74I:T76S,96787499,True,True,True,True
N59A:T71S:K74I:Y95F:Y106S,96847523,True,True,True,True
S30N:A58T:N59A:R87T,98405548,True,True,True,True
F29S:T71S:S77N:R87T:Y95F,98637982,True,True,True,True
F29S:A58T:K74I:R87T,99408102,True,True,True,True
S31N:N59A:S75F:T76S,99735035,True,True,True,True
S30N:S31N:S75F:T76S:S84N,100888257,True,True,True,True
S31N:T71S:S75F:R87T:Y95F,102223985,True,True,True,True
F29S:S31N:T57S:T76S:R87T,105555613,True,True,True,True
T71S:T76S:S77N:Y95F:Y106S,106279288,True,True,True,True
F29S:S30N:S31N:N59A:S84N,106468509,True,True,True,True
I52S:N59A:K74I:T76S:R87T,107831306,True,True,True,True
I52S:T57S:S77N,108428445,True,True,True,True
S31N:T57S:T71S,108874579,True,True,True,True
S30N:T57S:T71S:S84N:R87T,108877576,True,True,True,True
S30N:T57S:N59A:K74I:R87T,110967250,True,True,True,True
S31N:I52S:N59A:R87T:Y106S,111864127,True,True,True,True
S31N:N59A:K74I:Y106S,113744338,True,True,True,True
I52S:A58T:S75F:S77N:R87T,115979830,True,True,True,True
T57S:S75F:R87T:Y95F,119335130,True,True,True,True
F29S:S31N:A58T:N59A:R87T,120002133,True,True,True,True
N59A:T71S:S75F:Y95F:Y106S,120033443,True,True,True,True
S30N:S31N:R87T:Y106S,120299485,True,True,True,True
T57S:N59A:S75F:S77N:R87T,120766489,True,True,True,True
S31N:T57S:A58T:N59A:Y106S,121352594,True,True,True,True
S31N:I52S:T71S:R87T,122399670,True,True,True,True
I52S:T57S:A58T:S75F:Y106S,123589584,True,True,True,True
T57S:N59A:K74I:Y106S,123685894,True,True,True,True
A58T:N59A:T71S:K74I:S75F,123691808,True,True,True,True
T57S:Y95F,123919476,True,True,True,True
S30N:T57S:A58T:N59A:T71S,125317145,True,True,True,True
I52S:T57S:N59A:R87T:Y106S,125625347,True,True,True,True
S31N:K74I:S84N:Y95F,125860558,True,True,True,True
S31N:N59A:R87T:Y95F,128387460,True,True,True,True
S30N:T71S:K74I:S75F:T76S,128522411,True,True,True,True
S30N:S31N:T57S:T71S:K74I,129860508,True,True,True,True
F29S:I52S:T71S:T76S:Y95F,129985309,True,True,True,True
S31N:A58T:N59A:T76S:S84N,130533227,True,True,True,True
S30N:T57S:N59A:T76S:Y95F,130661351,True,True,True,True
A58T:N59A:S75F:Y95F,131612457,True,True,True,True
I52S:T57S:T71S:R87T:Y95F,132468917,True,True,True,True
S31N:T71S:T76S:S77N:Y106S,132579226,True,True,True,True
I52S:A58T:N59A:T76S:R87T,132960987,True,True,True,True
I52S:N59A:T76S:S84N,133118625,True,True,True,True
T57S:N59A:S75F:S84N:Y106S,134429719,True,True,True,True
K74I:T76S:S84N:R87T:Y95F,135193500,True,True,True,True
F29S:K74I:S84N:R87T,136703893,True,True,True,True
S31N:T71S:S84N:R87T:Y106S,137134085,True,True,True,True
F29S:T57S:N59A:S77N:R87T,138155320,True,True,True,True
S30N:S75F:T76S:S77N:R87T,138734741,True,True,True,True
A58T:T71S:K74I:S77N:R87T,138790132,True,True,True,True
S30N:A58T:S75F:T76S:Y95F,141606136,True,True,True,True
S30N:I52S:A58T:K74I:Y95F,142298707,True,True,True,True
S31N:A58T:N59A:Y95F,143867511,True,True,True,True
S31N:S75F:S84N:R87T,146492790,True,True,True,True
T57S:N59A:T71S:S84N:R87T,146618623,True,True,True,True
S31N:N59A:S77N,147034507,True,True,True,True
S31N:T57S:N59A:Y95F,147540456,True,True,True,True
F29S:N59A:Y95F,147866400,True,True,True,True
I52S:T71S:S75F:S77N:Y106S,147961843,True,True,True,True
S31N:I52S:N59A:Y106S,149759338,True,True,True,True
S31N:T57S:N59A:T71S:S77N,150739557,True,True,True,True
S30N:S31N:T57S:Y95F,151073957,True,True,True,True
S31N:T57S:A58T:N59A,151460337,True,True,True,True
F29S:S30N:I52S:A58T:Y95F,151772186,True,True,True,True
F29S:S31N:N59A:S77N,152774761,True,True,True,True
F29S:A58T:N59A:S75F:Y95F,154350363,True,True,True,True
F29S:S30N:S31N:A58T:N59A,154531780,True,True,True,True
F29S:S31N:T71S:S75F:S84N,156384304,True,True,True,True
K74I:T76S:S77N:S84N:Y95F,158629922,True,True,True,True
F29S:K74I:T76S:S84N:Y95F,158825659,True,True,True,True
S31N:I52S:T71S:S77N:Y106S,158977803,True,True,True,True
I52S:N59A:T76S:Y95F,159214781,True,True,True,True
S30N:T57S:A58T:N59A:K74I,159723345,True,True,True,True
S30N:I52S:K74I:R87T:Y106S,160264498,True,True,True,True
F29S:I52S:N59A:S77N:R87T,160654692,True,True,True,True
S31N:I52S:T57S:A58T:T71S,160731388,True,True,True,True
S30N:S75F:R87T,160915602,True,True,True,True
F29S:T57S:A58T:T76S:S84N,162087294,True,True,True,True
S31N:T71S:S75F:Y95F:Y106S,162604649,True,True,True,True
I52S:A58T:S75F:T76S:Y106S,162682865,True,True,True,True
F29S:I52S:S77N:S84N:R87T,163941286,True,True,True,True
A58T:S75F:T76S:S77N:R87T,164989855,True,True,True,True
S30N:T57S:A58T:N59A:S75F,165573297,True,True,True,True
S30N:T57S:A58T:T76S:R87T,165779910,True,True,True,True
S31N:I52S:T57S:N59A,165810124,True,True,True,True
A58T:T71S:K74I:R87T:Y95F,166022442,True,True,True,True
S30N:N59A:S77N,169281998,True,True,True,True
I52S:T57S:N59A:T76S:Y95F,169817958,True,True,True,True
I52S:A58T:N59A:K74I,170439015,True,True,True,True
F29S:A58T:T71S:S75F:S77N,170639231,True,True,True,True
S31N:A58T:T71S:S84N:Y95F,171620568,True,True,True,True
I52S:A58T:T71S:S84N:R87T,171768620,True,True,True,True
F29S:A58T:T71S:S75F:S84N,172665261,True,True,True,True
F29S:S30N:T57S:N59A:S77N,176377331,True,True,True,True
I52S:N59A:S84N:Y95F:Y106S,178800667,True,True,True,True
I52S:S84N:R87T:Y95F,181128190,True,True,True,True
S31N:A58T:S75F,181751022,True,True,True,True
S31N:T57S:K74I:R87T:Y95F,182393373,True,True,True,True
A58T:T71S:T76S,182818515,True,True,True,True
S30N:I52S:N59A:S75F:S84N,185643230,True,True,True,True
S31N:I52S:K74I:S77N:Y95F,186478779,True,True,True,True
A58T:T71S:T76S:R87T:Y106S,189633189,True,True,True,True
F29S:S30N:S31N:T57S:N59A,189673401,True,True,True,True
S30N:T57S:R87T:Y106S,190901877,True,True,True,True
N59A:K74I:S77N:S84N:Y95F,192019821,True,True,True,True
S31N:T57S:K74I:S77N:R87T,193059303,True,True,True,True
F29S:S31N:I52S:T71S,193130505,True,True,True,True
S31N:I52S:N59A:T71S:T76S,194968716,True,True,True,True
S30N:T57S:S75F:Y95F,195027101,True,True,True,True
I52S:S77N:R87T,197074713,True,True,True,True
S30N:N59A:S75F:S84N:Y95F,198137314,True,True,True,True
A58T:N59A:T71S,198400454,True,True,True,True
I52S:N59A:S75F:Y95F,198681092,True,True,True,True
F29S:T57S:S77N:R87T:Y95F,200067442,True,True,True,True
S31N:S77N:Y95F:Y106S,200347550,True,True,True,True
S30N:A58T:T71S:S77N:Y95F,201295671,True,True,True,True
I52S:T57S:K74I:T76S:S77N,201518782,True,True,True,True
S31N:A58T:S84N:Y95F,201649253,True,True,True,True
F29S:S30N:S31N:I52S:S75F,201933031,True,True,True,True
S31N:S75F:R87T:Y95F,202037646,True,True,True,True
S30N:A58T:T71S:K74I:R87T,202463965,True,True,True,True
S31N:S77N:R87T:Y95F:Y106S,202690515,True,True,True,True
S31N:K74I:S75F,203755963,True,True,True,True
N59A:T71S:S77N,203938683,True,True,True,True
I52S:T57S:S77N:S84N:Y106S,204485231,True,True,True,True
S31N:T76S:S84N:Y95F,204637125,True,True,True,True
N59A:T71S:K74I:R87T:Y106S,210278727,True,True,True,True
K74I:S75F:R87T,212789407,True,True,True,True
S31N:K74I:T76S:R87T:Y106S,214526992,True,True,True,True
S30N:A58T:K74I:S75F:Y106S,216196189,True,True,True,True
F29S:S30N:T57S:T76S:Y95F,216339982,True,True,True,True
F29S:S30N:T71S:S84N,216461460,True,True,True,True
I52S:T57S:S77N:Y106S,217900646,True,True,True,True
S31N:A58T:T71S:S77N:Y95F,219421846,True,True,True,True
T71S:K74I:R87T:Y106S,220771980,True,True,True,True
S31N:T71S:S75F:S84N:Y106S,220969389,True,True,True,True
F29S:A58T:N59A:R87T:Y95F,221447679,True,True,True,True
S30N:N59A:T71S:T76S:R87T,221962043,True,True,True,True
S30N:S31N:I52S:N59A:K74I,223112110,True,True,True,True
I52S:A58T:S77N:Y95F,224470739,True,True,True,True
S31N:N59A:S84N:R87T:Y106S,224489879,True,True,True,True
A58T:K74I:S84N:Y106S,225303731,True,True,True,True
F29S:S30N:S31N,225539977,True,True,True,True
I52S:T57S:N59A:T71S:S77N,225647869,True,True,True,True
S30N:T57S:N59A:K74I:T76S,226042153,True,True,True,True
F29S:I52S:T76S:S77N,226646030,True,True,True,True
S31N:I52S:T57S:T71S:Y95F,227903773,True,True,True,True
S30N:S31N:A58T:S75F:S77N,229025233,True,True,True,True
T57S:A58T:N59A:K74I:R87T,230006954,True,True,True,True
N59A:T76S:S84N:Y95F,231455235,True,True,True,True
N59A:T71S:S75F:R87T:Y106S,233464647,True,True,True,True
S30N:N59A:T76S:S84N:R87T,233511549,True,True,True,True
F29S:S30N:I52S:T76S:R87T,233899490,True,True,True,True
A58T:N59A:T71S:S75F:T76S,234499847,True,True,True,True
S30N:T76S:S77N:S84N:Y95F,234650063,True,True,True,True
T71S:K74I:S75F:S84N:R87T,235290989,True,True,True,True
F29S:A58T:T76S:S77N:Y95F,235847696,True,True,True,True
I52S:T57S:A58T:N59A:K74I,236784660,True,True,True,True
S31N:A58T:N59A:K74I,237080975,True,True,True,True
F29S:S30N:T76S:R87T,237457937,True,True,True,True
A58T:T71S:Y95F:Y106S,237501419,True,True,True,True
A58T:N59A:T76S:R87T:Y106S,239468283,True,True,True,True
F29S:S30N:T71S:K74I,240186628,True,True,True,True
F29S:S30N:I52S:T57S:T76S,240996740,True,True,True,True
I52S:T57S:K74I:S77N:S84N,242522343,True,True,True,True
T57S:T76S:S84N:R87T,245654829,True,True,True,True
S30N:I52S:A58T:Y95F:Y106S,245713187,True,True,True,True
F29S:S30N:T57S:T76S,246454927,True,True,True,True
S30N:I52S:S75F:Y95F,248327345,True,True,True,True
S30N:T76S:S84N:R87T,249251386,True,True,True,True
F29S:S30N:I52S:K74I:S75F,249357239,True,True,True,True
T57S:A58T:K74I:S75F,249422189,True,True,True,True
S31N:I52S:T76S:S77N:S84N,250175072,True,True,True,True
F29S:S30N:S31N:I52S:Y95F,250635491,True,True,True,True
S30N:S31N:N59A:S75F:S84N,251718410,True,True,True,True
S30N:A58T:T76S,252594248,True,True,True,True
F29S:S30N:S31N:S77N:Y95F,252635049,True,True,True,True
I52S:T71S:K74I:S84N,253481862,True,True,True,True
I52S:T57S:K74I:S77N:Y95F,256559639,True,True,True,True
S30N:S31N:T57S:K74I,257268201,True,True,True,True
S30N:I52S:T71S:T76S:S84N,257890213,True,True,True,True
F29S:A58T:S84N:R87T:Y95F,258631481,True,True,True,True
T57S:T71S:K74I,259610967,True,True,True,True
S30N:T57S:A58T:N59A:T76S,260670930,True,True,True,True
S30N:A58T:N59A:T76S:Y106S,262650820,True,True,True,True
F29S:T71S:K74I:T76S:Y95F,264597193,True,True,True,True
F29S:A58T:S84N,271147631,True,True,True,True
S31N:I52S:T71S:S75F:Y95F,271751017,True,True,True,True
S30N:I52S:T57S:T76S:Y95F,272693961,True,True,True,True
F29S:S30N:T57S:S75F,273665040,True,True,True,True
F29S:T71S:S77N:S84N:R87T,273822214,True,True,True,True
I52S:A58T:S75F:T76S:S77N,274906607,True,True,True,True
S30N:S75F:T76S,275887337,True,True,True,True
S31N:N59A:K74I:S77N:Y106S,278640649,True,True,True,True
F29S:T57S:N59A:S77N:S84N,278785596,True,True,True,True
I52S:T57S:N59A:S84N,280391984,True,True,True,True
T57S:A58T:T71S:T76S,281715130,True,True,True,True
S30N:S31N:A58T:T71S:K74I,284766195,True,True,True,True
S30N:I52S:S84N:R87T:Y95F,285551540,True,True,True,True
I52S:T57S:S75F:S77N:Y95F,285699291,True,True,True,True
S30N:I52S:N59A:S75F,288033611,True,True,True,True
K74I:S75F:S77N:R87T:Y106S,288861055,True,True,True,True
S31N:T57S:N59A:T71S:Y106S,289446827,True,True,True,True
S31N:N59A:S77N:Y95F:Y106S,289536765,True,True,True,True
S30N:A58T:T71S:S75F:Y106S,290810109,True,True,True,True
S30N:N59A:S75F:R87T:Y106S,291092840,True,True,True,True
S31N:K74I:S75F:S84N,291394158,True,True,True,True
S30N:S31N:S84N:Y106S,291609793,True,True,True,True
S31N:A58T:T76S:S77N:Y106S,291722357,True,True,True,True
S30N:S31N:T76S:S84N:Y95F,292895627,True,True,True,True
N59A:T71S:S77N:S84N:R87T,294568293,True,True,True,True
S75F:T76S:S77N:Y95F,298037779,True,True,True,True
F29S:S30N:I52S:K74I:Y95F,298059699,True,True,True,True
S30N:T76S:S84N:R87T:Y106S,299418757,True,True,True,True
S31N:T57S:K74I:T76S,300223617,True,True,True,True
F29S:A58T:K74I:S77N:Y95F,300648971,True,True,True,True
S31N:A58T:N59A:T71S:R87T,302922542,False,True,True,True
S30N:T57S:S75F:R87T:Y95F,303482484,False,True,True,True
S30N:S31N:A58T:S84N:Y95F,305688487,False,True,True,True
S31N:T57S:K74I,306698931,False,True,True,True
F29S:N59A:T71S:T76S:R87T,307245807,False,True,True,True
S30N:T71S:S75F:S77N:R87T,308475870,False,True,True,True
S31N:N59A:S75F:T76S:S84N,308727854,False,True,True,True
F29S:A58T:K74I:S75F:S84N,309164237,False,True,True,True
T57S:A58T:T71S:R87T:Y106S,309190194,False,True,True,True
I52S:T57S:K74I:T76S:Y106S,309702890,False,True,True,True
S31N:I52S:R87T:Y95F,311029942,False,True,True,True
F29S:S30N:S75F:R87T:Y95F,311732743,False,True,True,True
I52S:N59A:S75F:R87T:Y106S,314279983,False,True,True,True
S30N:K74I:S84N,314692514,False,True,True,True
A58T:S75F:T76S:Y95F:Y106S,314797693,False,True,True,True
F29S:S31N:I52S:T57S:A58T,315579791,False,True,True,True
F29S:I52S:K74I:S75F:T76S,315671847,False,True,True,True
I52S:A58T:K74I:S77N:Y95F,315831210,False,True,True,True
N59A:K74I:S75F:T76S:Y106S,315938028,False,True,True,True
S31N:I52S:A58T:S77N:S84N,316966000,False,True,True,True
S30N:A58T:N59A:Y95F:Y106S,319825855,False,True,True,True
F29S:A58T:T76S:S84N:Y95F,319897210,False,True,True,True
S31N:T57S:A58T:T76S:R87T,320777747,False,True,True,True
F29S:S31N:I52S:S84N:R87T,322880824,False,True,True,True
F29S:T57S:K74I:T76S:R87T,323831241,False,True,True,True
F29S:S30N:I52S:T76S,325053899,False,True,True,True
A58T:N59A:S77N:S84N:Y95F,326177026,False,True,True,True
I52S:K74I:S84N:Y95F:Y106S,326379209,False,True,True,True
F29S:A58T:K74I:S75F:S77N,327926559,False,True,True,True
F29S:S31N:I52S:T76S,328484290,False,True,True,True
T71S:K74I:T76S:R87T:Y106S,328817080,False,True,True,True
S30N:T57S:S75F:T76S:R87T,329843873,False,True,True,True
T71S:S84N:R87T:Y95F,331350254,False,True,True,True
F29S:R87T,331776523,False,True,True,True
S30N:S31N:I52S:T57S:T76S,332379635,False,True,True,True
S31N:T71S:T76S:Y95F,332740343,False,True,True,True
F29S:I52S:T57S:K74I,333698137,False,True,True,True
T57S:K74I:R87T:Y106S,334830696,False,True,True,True
T76S:S77N:Y106S,335525572,False,True,True,True
I52S:T71S:S75F:S77N:R87T,336082651,False,True,True,True
F29S:I52S:N59A:T71S:Y95F,336528138,False,True,True,True
S30N:K74I,339057847,False,True,True,True
S30N:S31N:A58T:T76S:R87T,339456990,False,True,True,True
S30N:S31N:I52S:S75F:R87T,340173700,False,True,True,True
S30N:I52S:T76S:R87T:Y95F,341948899,False,True,True,True
T71S:K74I:S75F:Y95F:Y106S,343839589,False,True,True,True
K74I:T76S:S77N:Y95F,344383547,False,True,True,True
S31N:N59A:T71S:R87T:Y95F,344486879,False,True,True,True
I52S:S75F:S84N:R87T,344739022,False,True,True,True
A58T:N59A:T76S:S77N:R87T,344848585,False,True,True,True
S30N,346116832,False,True,True,True
S30N:A58T:N59A,346203757,False,True,True,True
F29S:A58T:T71S,346449079,False,True,True,True
S30N:T57S:K74I:Y95F,348490185,False,True,True,True
S31N:I52S:K74I:S75F:Y106S,349669585,False,True,True,True
I52S:A58T:N59A:T76S:S77N,350272221,False,True,True,True
A58T:T71S:S75F:S84N:Y95F,351717170,False,True,True,True
S30N:S31N:K74I:R87T:Y95F,353814464,False,True,True,True
S30N:A58T:N59A:K74I:Y106S,355147231,False,True,True,True
S31N:K74I:T76S:S84N:Y95F,358047834,False,True,True,True
T57S:N59A:T76S:S84N:Y106S,358668190,False,True,True,True
S30N:I52S:A58T:R87T:Y106S,359144391,False,True,True,True
S31N:A58T:N59A:K74I:Y95F,359807758,False,True,True,True
T76S:S84N:R87T:Y106S,359893771,False,True,True,True
F29S:T57S:A58T:N59A:S75F,360697437,False,True,True,True
S31N:A58T:T76S:Y95F,363054824,False,True,True,True
F29S:S30N:K74I:S75F:Y95F,364271347,False,True,True,True
S30N:S75F:T76S:Y95F:Y106S,364759659,False,True,True,True
S30N:S75F:S84N:R87T,364884645,False,True,True,True
S31N:R87T:Y106S,365330227,False,True,True,True
F29S:S30N:S75F:S77N,365392182,False,True,True,True
S31N:I52S:A58T:Y106S,366525283,False,True,True,True
N59A:S84N:R87T:Y95F:Y106S,366820287,False,True,True,True
S30N:A58T:T76S:Y106S,366993111,False,True,True,True
T57S:N59A:T71S:S77N:Y95F,369600877,False,True,True,True
S30N:K74I:S75F,370146030,False,True,True,True
F29S:S30N:S77N:S84N:Y95F,373150793,False,True,True,True
S31N:K74I:R87T:Y95F:Y106S,374286841,False,True,True,True
S31N:A58T:T76S:S84N:R87T,376055551,False,True,True,True
F29S:S30N:N59A:S84N:R87T,376956353,False,True,True,True
S31N:I52S:N59A:T76S:Y106S,378690392,False,True,True,True
S31N:T57S:A58T:T71S:S75F,378698726,False,True,True,True
F29S:A58T:S75F:S77N:S84N,381634279,False,True,True,True
S30N:T76S:R87T,383635563,False,True,True,True
S30N:I52S:S75F:T76S:S84N,383816093,False,True,True,True
F29S:S31N:I52S:K74I:S75F,383862588,False,True,True,True
F29S:T57S:A58T:S75F:T76S,385189480,False,True,True,True
S30N:T57S:S84N:R87T:Y95F,385627712,False,True,True,True
I52S:S75F:S77N:S84N:Y106S,386453859,False,True,True,True
I52S:A58T:N59A:K74I:Y95F,386909862,False,True,True,True
S31N:I52S:N59A:T71S:S84N,387667887,False,True,True,True
F29S:S30N:S75F:S77N:Y95F,387972193,False,True,True,True
I52S:T76S:S84N:R87T,388367225,False,True,True,True
F29S:T57S:T71S:K74I:R87T,388893100,False,True,True,True
S31N:I52S:T57S:N59A:T71S,389821419,False,True,True,True
S30N:S31N:T57S:A58T:S77N,390592407,False,True,True,True
S30N:S31N:T57S:A58T:Y106S,391880745,False,True,True,True
A58T:N59A:K74I:S75F:Y95F,393781660,False,True,True,True
I52S:T71S:K74I:S77N:S84N,394217359,False,True,True,True
F29S:T71S:S75F:S77N:Y95F,394320666,False,True,True,True
T57S:A58T:N59A:R87T,394489907,False,True,True,True
S31N:T57S:T71S:K74I:T76S,394824742,False,True,True,True
F29S:A58T:S75F:S77N:Y95F,395671575,False,True,True,True
N59A:T76S:S77N:S84N,395778725,False,True,True,True
S31N:K74I:S75F:Y95F,395925538,False,True,True,True
F29S:S31N:N59A:K74I:S84N,397457418,False,True,True,True
S31N:T57S:N59A:R87T:Y106S,399090507,False,True,True,True
S31N:I52S:T76S:R87T,401410875,False,True,True,True
S30N:S31N:A58T:T76S:Y95F,402368638,False,True,True,True
S31N:I52S:T71S:T76S,402845173,False,True,True,True
S31N:A58T:S75F:R87T,406022181,False,True,True,True
F29S:I52S:A58T:T71S:T76S,406274544,False,True,True,True
A58T:N59A:S84N:R87T:Y95F,408315772,False,True,True,True
T57S:N59A:S75F:R87T:Y106S,408770091,False,True,True,True
S31N:I52S:N59A:T76S,409826419,False,True,True,True
I52S:S75F:T76S:S77N:R87T,410052940,False,True,True,True
S30N:N59A:T76S:R87T:Y106S,410569013,False,True,True,True
S31N:T71S:K74I,411776747,False,True,True,True
S31N:N59A:S75F:T76S:Y95F,413259234,False,True,True,True
F29S:S31N:A58T:K74I:S77N,413656069,False,True,True,True
F29S:S30N:T57S:S75F:R87T,414278327,False,True,True,True
T71S:K74I:S75F:T76S:S77N,414813446,False,True,True,True
S31N:N59A:S77N:S84N:Y95F,417687433,False,True,True,True
S31N:T57S:S77N:R87T:Y106S,418345195,False,True,True,True
S30N:T71S:K74I:S75F:Y95F,422006284,False,True,True,True
F29S:S31N:T57S:T71S:Y95F,422560744,False,True,True,True
S30N:N59A:K74I:S75F:S84N,423882042,False,True,True,True
F29S:T57S:N59A:T71S,425181319,False,True,True,True
I52S:T57S:A58T:T76S:Y106S,426894675,False,True,True,True
F29S:A58T:N59A:S77N:Y95F,427358585,False,True,True,True
S31N:I52S:S75F:T76S:S84N,429096372,False,True,True,True
A58T:S75F:R87T:Y95F,429151287,False,True,True,True
A58T:T71S:K74I:S75F,430166271,False,True,True,True
S30N:S75F:T76S:S84N:R87T,433641939,False,True,True,True
T57S:N59A:T71S:R87T:Y95F,435708059,False,True,True,True
N59A:K74I:S75F:Y95F:Y106S,436136391,False,True,True,True
S30N:T71S:S77N:R87T:Y95F,437082330,False,True,True,True
I52S:A58T:S77N:Y95F:Y106S,437585080,False,True,True,True
A58T:T71S:K74I:T76S:Y95F,438676895,False,True,True,True
S30N:N59A:T71S:T76S:S77N,439273277,False,True,True,True
I52S:S75F:S77N:S84N:Y95F,440100211,False,True,True,True
S30N:I52S:T57S:N59A:R87T,441233666,False,True,True,True
I52S:A58T:T71S:S77N:Y106S,442860892,False,True,True,True
S31N:T76S:S77N:R87T,445734579,False,True,True,True
Y106S,446606081,False,True,True,True
T57S:T71S:K74I:Y95F:Y106S,447246121,False,True,True,True
S31N:S75F:S84N,447355559,False,True,True,True
S30N:S31N:N59A:Y106S,449127147,False,True,True,True
S30N:S31N:K74I:R87T:Y106S,450994694,False,True,True,True
F29S:I52S:T71S:K74I,451116985,False,True,True,True
S30N:A58T:T76S:S77N,452910665,False,True,True,True
F29S:S31N:T76S:S84N:R87T,452936495,False,True,True,True
S30N:N59A:T71S:Y95F,453354095,False,True,True,True
A58T:N59A:S75F:R87T,454157493,False,True,True,True
T57S:A58T:N59A:K74I:Y106S,455583496,False,True,True,True
T57S:A58T:N59A:S75F,455883567,False,True,True,True
I52S:T71S:T76S:S77N:Y106S,456953842,False,True,True,True
T71S:S84N:Y95F,460371511,False,True,True,True
S31N:S75F:Y95F,461392855,False,True,True,True
F29S:T57S:A58T:S77N:R87T,463180173,False,True,True,True
S30N:S75F:T76S:S77N:S84N,463338685,False,True,True,True
F29S:S75F:S84N:R87T:Y95F,464120012,False,True,True,True
A58T:N59A:T71S:K74I:Y106S,464257710,False,True,True,True
S31N:A58T:T71S:T76S:Y95F,464503353,False,True,True,True
T71S:T76S:Y106S,466638924,False,True,True,True
T71S:K74I,467192216,False,True,True,True
S31N:I52S:T57S:T71S:Y106S,471011973,False,True,True,True
S30N:T57S:T71S:T76S:Y95F,471509781,False,True,True,True
I52S:S75F:T76S:S84N:Y95F,471624090,False,True,True,True
S30N:S31N:K74I:S77N:Y106S,472749364,False,True,True,True
T57S:A58T:S75F:S84N:Y95F,474649588,False,True,True,True
S31N:S77N:S84N:Y95F,476513252,False,True,True,True
I52S:T57S:S75F:S84N:R87T,477496145,False,True,True,True
F29S:N59A:S75F:S84N,479242215,False,True,True,True
F29S:S31N:I52S:T71S:S84N,482453188,False,True,True,True
F29S:A58T:N59A:S75F:S77N,485776773,False,True,True,True
S75F:T76S:S84N,487394362,False,True,True,True
S30N:N59A,489569145,False,True,True,True
N59A:T71S:S84N:R87T,489642744,False,True,True,True
I52S:A58T:T76S:S84N:Y106S,491754287,False,True,True,True
S31N:T71S:S77N:R87T:Y106S,491809251,False,True,True,True
F29S:S31N:I52S:T76S:S84N,492142409,False,True,True,True
S31N:N59A:T71S:T76S,493056355,False,True,True,True
F29S:N59A:S75F:Y95F,493279511,False,True,True,True
F29S:S30N:T71S:S84N:R87T,495014659,False,True,True,True
T57S:A58T:T76S:Y106S,498285786,False,True,True,True
I52S:T76S:S84N:Y106S,498978869,False,True,True,True
T57S:N59A:K74I:S84N:Y106S,499928975,False,True,True,True
F29S:T71S:K74I:S77N,502098759,False,True,True,True
A58T:N59A:S84N:R87T:Y106S,503063090,False,True,True,True
S31N:N59A:S77N:S84N:Y106S,504161297,False,True,True,True
T57S:A58T:K74I:R87T,504525357,False,True,True,True
I52S:T71S:Y106S,506249867,False,True,True,True
F29S:T57S:N59A:K74I:T76S,507309429,False,True,True,True
S30N:I52S:S75F:S77N,507386471,False,True,True,True
F29S:S30N:N59A:S77N:R87T,507911315,False,True,True,True
I52S:S84N:Y95F:Y106S,508422308,False,True,True,True
A58T:T71S:S84N:R87T:Y106S,508908600,False,True,True,True
F29S:S30N:T57S:T76S:S84N,510878042,False,True,True,True
I52S:Y95F,511511240,False,True,True,True
T57S:T71S:K74I:S77N:R87T,511749363,False,True,True,True
I52S:T57S:A58T:T76S:S84N,512736035,False,True,True,True
I52S:T57S:S75F:S77N:Y106S,514343435,False,True,True,True
S31N:N59A:S75F:R87T,515091144,False,True,True,True
S30N:S31N:I52S:N59A:Y106S,515260568,False,True,True,True
S30N:T57S:T71S:K74I:Y95F,515491996,False,True,True,True
N59A:T71S:S84N:Y95F:Y106S,515907683,False,True,True,True
T57S:A58T:N59A:T71S:K74I,517865982,False,True,True,True
A58T:K74I:S75F:S84N,518900163,False,True,True,True
I52S:T57S:N59A:S84N:Y95F,519144047,False,True,True,True
N59A:T71S:R87T:Y95F:Y106S,519630603,False,True,True,True
N59A:R87T,521178618,False,True,True,True
I52S:T71S:T76S,522805440,False,True,True,True
T57S:T71S:S77N:Y95F:Y106S,524626131,False,True,True,True
S30N:A58T:T71S:T76S:S77N,524839518,False,True,True,True
T57S:A58T:N59A:K74I:S75F,528241530,False,True,True,True
I52S:N59A:K74I:R87T:Y106S,529245647,False,True,True,True
F29S:I52S:S84N:R87T,529373717,False,True,True,True
A58T:S75F:T76S:S84N:Y106S,529422225,False,True,True,True
S30N:S31N:T57S:T71S,529625201,False,True,True,True
S30N:S31N:K74I:S84N,529735285,False,True,True,True
A58T:K74I:S84N:Y95F:Y106S,530234376,False,True,True,True
T57S:A58T:S75F:S84N,533332297,False,True,True,True
S30N:S31N:I52S:Y106S,533422401,False,True,True,True
T57S:K74I:S75F:S84N:Y106S,533779157,False,True,True,True
N59A:T71S:R87T,534084745,False,True,True,True
S30N:T71S:S75F:T76S:Y95F,534158321,False,True,True,True
S30N:I52S:T57S:A58T:S77N,535410899,False,True,True,True
S30N:A58T:T76S:S84N:Y95F,535746678,False,True,True,True
F29S:S30N:T57S:S75F:S84N,536859295,False,True,True,True
I52S:K74I:T76S:S84N:Y106S,537873408,False,True,True,True
I52S:T71S:S75F:R87T:Y106S,538265009,False,True,True,True
S30N:K74I:R87T:Y95F,539766801,False,True,True,True
S30N:S77N:S84N:R87T:Y106S,540394800,False,True,True,True
S31N:A58T:K74I,540686298,False,True,True,True
I52S:K74I:S77N:S84N:R87T,541784211,False,True,True,True
F29S:S30N:I52S:T57S:R87T,542588943,False,True,True,True
F29S:A58T:K74I:R87T:Y95F,542961329,False,True,True,True
I52S:T57S:S84N,545462275,False,True,True,True
F29S:T57S:T76S,547631453,False,True,True,True
S31N:N59A:S75F:S77N:Y95F,548484001,False,True,True,True
N59A:K74I:T76S:S77N:S84N,551757970,False,True,True,True
S31N:I52S:T57S:N59A:S77N,552552557,False,True,True,True
F29S:K74I:T76S:S77N:R87T,553190085,False,True,True,True
F29S:S31N:I52S:K74I,555094849,False,True,True,True
F29S:I52S:N59A:T71S:S75F,555217242,False,True,True,True
I52S:T76S:S77N:Y95F:Y106S,555356232,False,True,True,True
T57S:N59A:T71S:S77N:S84N,555681873,False,True,True,True
T57S:N59A:T76S:S77N,556612919,False,True,True,True
S30N:N59A:S77N:S84N:Y95F,557281968,False,True,True,True
S31N:A58T:K74I:S77N:Y106S,557444608,False,True,True,True
S30N:I52S:T71S:K74I:S84N,559654448,False,True,True,True
S31N:I52S:T57S:A58T,559862189,False,True,True,True
N59A:K74I:S75F:T76S,560505999,False,True,True,True
I52S:N59A:S75F:S77N:Y106S,560723137,False,True,True,True
T57S:A58T:K74I:S84N:Y106S,561526094,False,True,True,True
F29S:S30N:S31N:S84N,562519364,False,True,True,True
S30N:T57S:N59A:S75F:S84N,562834770,False,True,True,True
T57S:S75F:T76S:S77N,563209537,False,True,True,True
T57S:N59A:K74I,564364733,False,True,True,True
S30N:A58T:T71S:S77N,564802520,False,True,True,True
I52S:N59A:S75F:S84N:R87T,565430275,False,True,True,True
S30N:T71S:S75F:R87T:Y95F,568792424,False,True,True,True
F29S:I52S:T71S:S75F,569969945,False,True,True,True
A58T:N59A:S77N:Y106S,570718027,False,True,True,True
F29S:S30N:N59A:T76S:Y95F,571009832,False,True,True,True
F29S:I52S:T76S:S77N:S84N,571544013,False,True,True,True
S30N:I52S:K74I:S77N,571760995,False,True,True,True
I52S:T57S:A58T:S77N:S84N,572371484,False,True,True,True
F29S:S30N:N59A:T76S,572658117,False,True,True,True
S30N:T71S:S84N:R87T,573197793,False,True,True,True
I52S:T57S:K74I:S84N:R87T,573281093,False,True,True,True
F29S:S30N:T57S,573301813,False,True,True,True
S84N,573359117,False,True,True,True
F29S:S30N:T57S:A58T:S84N,573598538,False,True,True,True
I52S:T57S:S75F:R87T:Y95F,574467297,False,True,True,True
S30N:I52S:S84N:Y95F,575154013,False,True,True,True
F29S:S30N:S31N:S77N:R87T,575180085,False,True,True,True
T57S:N59A:S75F:S84N:Y95F,575732615,False,True,True,True
F29S:T76S:S84N,575774695,False,True,True,True
T71S:S75F:S84N:R87T:Y106S,580915953,False,True,True,True
S30N:N59A:K74I:T76S:R87T,581166455,False,True,True,True
S30N:A58T:T71S:S75F:Y95F,581197365,False,True,True,True
I52S:T57S:K74I:R87T:Y106S,584070237,False,True,True,True
A58T:N59A:S75F:S77N,585243439,False,True,True,True
F29S:S30N:I52S:S84N:R87T,585431899,False,True,True,True
S30N:K74I:S77N:S84N:R87T,585578754,False,True,True,True
S31N:T76S:S77N,586000260,False,True,True,True
K74I:S84N:Y106S,586656895,False,True,True,True
S30N:I52S:N59A:R87T,586856567,False,True,True,True
N59A:S75F:Y95F:Y106S,587199606,False,True,True,True
I52S:N59A:T71S:K74I:T76S,588743288,False,True,True,True
F29S:T76S:Y95F,589811991,False,True,True,True
A58T:T71S:K74I:S77N:Y95F,590600680,False,True,True,True
F29S:T57S:K74I:S77N:S84N,591829942,False,True,True,True
S77N,592018271,False,True,True,True
F29S:A58T:K74I:T76S,592030757,False,True,True,True
S31N:A58T:Y95F:Y106S,592207113,False,True,True,True
S30N:T71S:S77N:Y95F,592372043,False,True,True,True
S30N:A58T:S75F:S84N,592979506,False,True,True,True
A58T:K74I:S75F:S84N:Y95F,593199242,False,True,True,True
I52S:T57S:K74I:S75F:S77N,593411619,False,True,True,True
T57S:A58T:S75F:T76S,594140170,False,True,True,True
S31N:I52S:T71S:S75F:R87T,594399221,False,True,True,True
S31N:A58T:K74I:T76S:Y95F,597419045,False,True,True,True
S30N:I52S:T57S:K74I:S84N,597440904,False,True,True,True
S31N:K74I:S77N:R87T:Y106S,597958071,False,True,True,True
I52S:K74I:T76S:S77N:S84N,598091624,False,True,True,True
S31N:A58T:T76S:S77N:Y95F,599037805,False,True,True,True
F29S:I52S:T71S:S84N:R87T,599220448,False,True,True,True
F29S:S31N:I52S:T71S:S77N,599627838,False,True,True,True
A58T:T71S:S77N:Y95F:Y106S,602558186,False,True,True,True
S31N:I52S:R87T,602606679,False,True,True,True
T71S:K74I:R87T,607420591,False,True,True,True
S31N:T71S:S84N:Y95F:Y106S,607739429,False,True,True,True
N59A:S75F:R87T:Y95F,607971588,False,True,True,True
S30N:A58T:K74I:Y95F:Y106S,609122541,False,False,True,True
T57S:A58T:S77N:S84N:Y106S,610385396,False,False,True,True
F29S:S30N:I52S:S75F,612025820,False,False,True,True
T71S:S77N:Y95F:Y106S,612874822,False,False,True,True
F29S:S30N:N59A:S75F:R87T,613977189,False,False,True,True
F29S:T71S:K74I:S84N:Y95F,614710856,False,False,True,True
I52S:T57S:T76S:S77N:Y95F,615099892,False,False,True,True
F29S:S31N:A58T:S75F:Y95F,615271915,False,False,True,True
N59A:T71S:S75F:S77N:Y95F,616559505,False,False,True,True
F29S:S30N:I52S:Y95F,618434604,False,False,True,True
I52S:K74I:T76S:Y95F:Y106S,618570880,False,False,True,True
S30N:A58T:S75F:Y95F:Y106S,618738585,False,False,True,True
S30N:I52S:T71S:S84N,619947885,False,False,True,True
F29S:S75F:R87T:Y95F,621181329,False,False,True,True
N59A:S75F:T76S:S77N:Y95F,621405162,False,False,True,True
S30N:I52S:T57S:S84N:Y95F,622807624,False,False,True,True
F29S:S30N:S31N:S84N:R87T,623820275,False,False,True,True
N59A:K74I:T76S:Y95F,624077713,False,False,True,True
S30N:T71S:K74I:T76S:R87T,624312225,False,False,True,True
F29S:T57S:N59A:T71S:T76S,626915861,False,False,True,True
F29S:S30N:T71S:K74I:T76S,628837520,False,False,True,True
A58T:S84N:R87T:Y95F:Y106S,629111764,False,False,True,True
A58T:T76S:S84N:R87T:Y95F,629305583,False,False,True,True
S30N:T57S,631717795,False,False,True,True
F29S:S30N:I52S:T76S:S84N,631945310,False,False,True,True
S31N:T57S:T76S:S77N:Y106S,633013586,False,False,True,True
I52S:T71S:S84N,633732571,False,False,True,True
I52S:A58T:S75F:S84N,634438277,False,False,True,True
T57S:T76S:S77N:Y95F:Y106S,634833212,False,False,True,True
F29S:T57S:T76S:S84N,635039360,False,False,True,True
T71S:K74I:S75F:S77N:Y95F,635545439,False,False,True,True
S30N:S31N:A58T:N59A:S77N,638274851,False,False,True,True
S31N:T71S:R87T:Y95F:Y106S,639017053,False,False,True,True
T57S:N59A:S84N:R87T:Y106S,640920115,False,False,True,True
F29S:I52S:T57S:S75F,643939897,False,False,True,True
N59A:S84N:R87T:Y95F,645175952,False,False,True,True
A58T:S77N:S84N:R87T,645731077,False,False,True,True
F29S:A58T:T71S:S77N:R87T,647529299,False,False,True,True
A58T:N59A:K74I:R87T:Y95F,647887012,False,False,True,True
T71S:S75F:S77N:Y95F:Y106S,648446403,False,False,True,True
F29S:K74I:R87T,648514978,False,False,True,True
F29S:I52S:T71S:K74I:Y95F,649766916,False,False,True,True
T57S:T76S,650515123,False,False,True,True
F29S:S30N:S31N:A58T:S77N,651137928,False,False,True,True
I52S:A58T:K74I:Y95F,651296981,False,False,True,True
I52S:S84N:Y95F,652040839,False,False,True,True
S30N:I52S:A58T:N59A:Y106S,652586601,False,False,True,True
T71S:S75F:S84N:R87T:Y95F,653597417,False,False,True,True
I52S:T71S:S77N:S84N:Y95F,653887591,False,False,True,True
S30N:T76S:S77N:R87T:Y106S,654093923,False,False,True,True
S31N:T57S:S75F:S84N:Y95F,655314317,False,False,True,True
F29S:S30N:A58T:N59A:S84N,656127846,False,False,True,True
A58T:T71S:K74I:T76S:S77N,657540241,False,False,True,True
T57S:A58T:K74I:S75F:S77N,657582626,False,False,True,True
I52S:T57S:A58T:Y106S,657899871,False,False,True,True
T57S:A58T:N59A:K74I,658013667,False,False,True,True
S31N:I52S:T57S:T71S:S75F,662314049,False,False,True,True
S30N:I52S:S75F:S77N:S84N,662485810,False,False,True,True
I52S:T57S:N59A:T71S:S84N,662681699,False,False,True,True
S30N:S31N:T57S:T76S,664978986,False,False,True,True
S31N:A58T:T76S:R87T:Y95F,665144987,False,False,True,True
I52S:N59A:T71S:S84N,665432924,False,False,True,True
S31N:T76S:Y95F:Y106S,665993833,False,False,True,True
I52S:N59A:K74I,666833881,False,False,True,True
F29S:T71S:K74I:R87T:Y95F,667436080,False,False,True,True
T57S:T71S:S75F:S84N,669494286,False,False,True,True
N59A:T71S:S77N:S84N:Y106S,671273697,False,False,True,True
S30N:N59A:T71S:S77N,672217441,False,False,True,True
T57S:T71S:R87T:Y106S,675206788,False,False,True,True
S30N:I52S:T57S:R87T:Y95F,675532848,False,False,True,True
S30N:I52S:A58T:N59A:S84N,675571573,False,False,True,True
T71S:K74I:S77N:R87T:Y106S,675818735,False,False,True,True
S31N:I52S:A58T:S75F:T76S,676252997,False,False,True,True
T57S:K74I:S75F:T76S:S77N,676816578,False,False,True,True
F29S:T71S:S75F:S77N,678542835,False,False,True,True
A58T:K74I:S75F:Y95F:Y106S,679469128,False,False,True,True
F29S:T57S:A58T:S84N:Y95F,681129667,False,False,True,True
T57S:T71S:Y106S,683259183,False,False,True,True
S31N:A58T:S75F:S77N:Y106S,684138268,False,False,True,True
A58T:N59A:T76S:S77N,684722874,False,False,True,True
S31N:T71S:T76S:S84N:Y95F,685452294,False,False,True,True
N59A:T71S:S84N:R87T:Y106S,685548039,False,False,True,True
S30N:S31N:T57S:T71S:S75F,686063116,False,False,True,True
F29S:S31N:T57S:A58T:Y95F,686888813,False,False,True,True
F29S:I52S:A58T:N59A:S77N,687280787,False,False,True,True
T71S:K74I:T76S:Y95F,688180971,False,False,True,True
F29S:S77N:S84N,688415408,False,False,True,True
T57S:S75F:S77N,689702709,False,False,True,True
S30N:K74I:S75F:T76S:R87T,691345293,False,False,True,True
T57S:N59A:S75F:Y106S,691676974,False,False,True,True
S31N:I52S:T71S:K74I:Y95F,691924941,False,False,True,True
F29S:I52S:T57S:S77N:R87T,695893194,False,False,True,True
A58T:N59A:K74I,697008650,False,False,True,True
A58T:T71S:S75F:S84N:Y106S,698127632,False,False,True,True
I52S:S75F:S77N:S84N,698313484,False,False,True,True
F29S:N59A:R87T:Y95F,698730403,False,False,True,True
N59A:T71S:S77N:S84N:Y95F,700295865,False,False,True,True
F29S:T76S:S84N:R87T,703216438,False,False,True,True
T57S:A58T:K74I:S77N:R87T,704869430,False,False,True,True
S30N:S84N:Y95F:Y106S,706846977,False,False,True,True
S30N:T57S:A58T:T71S:S75F,706859191,False,False,True,True
T57S:A58T:R87T:Y95F,707032677,False,False,True,True
S31N:A58T:K74I:S75F:Y106S,707338626,False,False,True,True
I52S:N59A:S75F:T76S:Y106S,707667912,False,False,True,True
S30N:A58T:K74I:T76S:S84N,708262468,False,False,True,True
S31N:T57S:A58T:T71S:R87T,709122670,False,False,True,True
N59A:T71S:T76S:S77N,709478227,False,False,True,True
S31N:I52S:N59A:S77N:Y106S,709838001,False,False,True,True
K74I:T76S:R87T:Y106S,709998729,False,False,True,True
I52S:T57S:S84N:R87T:Y106S,711054677,False,False,True,True
A58T:N59A:S77N:S84N,711210779,False,False,True,True
F29S:A58T:S75F:S84N:R87T,712393029,False,False,True,True
F29S:T57S:A58T:K74I:S84N,712474995,False,False,True,True
S30N:S31N:I52S:T76S:Y95F,713606705,False,False,True,True
S31N:K74I:T76S:S77N:Y106S,713884246,False,False,True,True
T57S:N59A:S84N:R87T,715248860,False,False,True,True
S31N:A58T:N59A:K74I:S75F,715533126,False,False,True,True
A58T:Y95F:Y106S,716626886,False,False,True,True
T57S:K74I:T76S:S77N:Y95F,717326300,False,False,True,True
I52S:T57S:A58T:T71S:Y95F,719856166,False,False,True,True
S31N:N59A:T76S:Y95F:Y106S,720090078,False,False,True,True
N59A:T71S:K74I:S75F:Y106S,720462291,False,False,True,True
S31N:I52S:T57S:S75F:R87T,723206009,False,False,True,True
S30N:S31N:N59A:S77N,724027173,False,False,True,True
S31N:T76S:S84N:Y106S,724358573,False,False,True,True
S31N:I52S:S84N,725187647,False,False,True,True
S31N:I52S:T71S:S75F:S77N,725381999,False,False,True,True
F29S:I52S:T57S:T71S:T76S,728194443,False,False,True,True
F29S:A58T:T71S:S75F,728781550,False,False,True,True
F29S:S30N:I52S:S75F:Y95F,731609699,False,False,True,True
T57S:A58T:K74I:T76S:R87T,732813429,False,False,True,True
T71S:S77N:R87T:Y106S,733214090,False,False,True,True
T57S:S77N:S84N:Y95F,733578016,False,False,True,True
S30N:T57S:S77N,733654032,False,False,True,True
A58T:K74I:S75F:T76S:S77N,734056329,False,False,True,True
S30N:S31N:T57S:K74I:Y95F,734900756,False,False,True,True
S31N:I52S:T76S:R87T:Y106S,735509472,False,False,True,True
I52S:S75F:S84N,736110095,False,False,True,True
S30N:K74I:S75F:Y106S,737027617,False,False,True,True
F29S:S31N:N59A:S84N:R87T,739318854,False,False,True,True
S31N:N59A:T71S:S77N:R87T,744174853,False,False,True,True
F29S:R87T:Y95F,744410962,False,False,True,True
A58T:T71S:S75F:R87T:Y106S,746349240,False,False,True,True
T57S:T71S:K74I:S84N:R87T,746495905,False,False,True,True
A58T:N59A:S75F:Y95F:Y106S,747025546,False,False,True,True
S30N:S31N:I52S:R87T:Y95F,748240808,False,False,True,True
F29S:S31N:T57S:S84N:Y95F,749312352,False,False,True,True
S30N:N59A:S77N:Y106S,751258113,False,False,True,True
S31N:I52S:A58T:N59A:K74I,754405472,False,False,True,True
S30N:T57S:T76S:S84N:Y95F,754777971,False,False,True,True
S30N:I52S:A58T:T76S,754790763,False,False,True,True
S31N:I52S:T71S:S84N:Y95F,754803605,False,False,True,True
I52S:N59A:T76S:R87T:Y106S,755158602,False,False,True,True
I52S:T57S:K74I:S84N:Y106S,755380545,False,False,True,True
S30N:T57S:A58T:T71S:Y95F,755561651,False,False,True,True
F29S:S30N:S31N:A58T:Y95F,755827730,False,False,True,True
S30N:A58T:T71S:R87T:Y95F,756387253,False,False,True,True
S75F:T76S:R87T:Y106S,758146273,False,False,True,True
A58T:T71S:K74I:S84N,759795483,False,False,True,True
F29S:A58T:S75F:T76S,761729417,False,False,True,True
T71S:K74I:S75F:Y95F,765518874,False,False,True,True
T71S:S75F,768096496,False,False,True,True
S30N:I52S:T76S:S77N:R87T,768138769,False,False,True,True
A58T:N59A:S75F:R87T:Y95F,768238904,False,False,True,True
S30N:T76S:S84N:Y95F:Y106S,770024101,False,False,True,True
S30N:S75F:S84N:Y95F,770612217,False,False,True,True
F29S:S30N:N59A:K74I:T76S,772175906,False,False,True,True
S30N:N59A:K74I:R87T,773332979,False,False,True,True
S31N:T57S:A58T:Y95F,773888311,False,False,True,True
A58T:T76S:S77N,775047155,False,False,True,True
S30N:S31N:N59A:T71S:Y95F,777916410,False,False,True,True
S30N:T57S:T71S:K74I:S84N,778097676,False,False,True,True
A58T:T71S:S75F:Y95F:Y106S,778825104,False,False,True,True
I52S:T57S:S75F,779239015,False,False,True,True
S31N:I52S:N59A:K74I,779701396,False,False,True,True
S31N:I52S:Y106S,781711839,False,False,True,True
T71S:S75F:T76S:S77N:Y106S,782035526,False,False,True,True
T71S:K74I:S77N:S84N:R87T,782090051,False,False,True,True
N59A:T71S:K74I:S84N,782529084,False,False,True,True
S30N:S31N:I52S:A58T:S77N,782634587,False,False,True,True
S31N:N59A:K74I:S75F:T76S,784092728,False,False,True,True
S30N:S31N:N59A:T71S:S75F,784325194,False,False,True,True
T57S:N59A:T76S:S84N,784993237,False,False,True,True
S31N:A58T:T76S:S77N:S84N,785118801,False,False,True,True
F29S:T57S:T76S:S77N:Y95F,785327701,False,False,True,True
T57S:A58T:N59A:S84N,785512779,False,False,True,True
S31N:I52S:A58T:T71S:Y95F,785769202,False,False,True,True
I52S:A58T:N59A:T76S:S84N,787202883,False,False,True,True
I52S:A58T:T71S:S75F:T76S,788659407,False,False,True,True
T57S:A58T:S77N:S84N,789276695,False,False,True,True
S31N:I52S:N59A:K74I:S75F,791281567,False,False,True,True
T57S:K74I:S75F:S84N,791318090,False,False,True,True
I52S:T57S:N59A:S77N:S84N,791713193,False,False,True,True
I52S:A58T:T71S:R87T:Y95F,792864584,False,False,True,True
S30N:T71S:S75F:T76S:S77N,793114279,False,False,True,True
S31N:A58T:T71S:S77N:Y106S,793184788,False,False,True,True
S30N:A58T:S84N:Y95F:Y106S,793477333,False,False,True,True
S30N:A58T:N59A:T76S:Y95F,793736294,False,False,True,True
S30N:R87T:Y106S,794532324,False,False,True,True
S75F:T76S:R87T:Y95F:Y106S,794730714,False,False,True,True
S30N:I52S:A58T:K74I:R87T,795337515,False,False,True,True
F29S:A58T:N59A:K74I,795374564,False,False,True,True
S77N:S84N:R87T,795850521,False,False,True,True
S31N:I52S:N59A:S75F:T76S,796095184,False,False,True,True
F29S:T57S:T71S:S77N:R87T,796796862,False,False,True,True
A58T:K74I:S75F:Y95F,801379363,False,False,True,True
F29S:T57S:S75F:T76S:Y95F,801602921,False,False,True,True
F29S:S31N:T71S:S75F:T76S,802010791,False,False,True,True
T57S:A58T:S77N:Y95F,803313991,False,False,True,True
S30N:S31N:T71S:K74I:Y106S,803830826,False,False,True,True
F29S:I52S:T57S:A58T:S84N,804017893,False,False,True,True
T76S:S77N:S84N:Y95F,807279573,False,False,True,True
F29S:I52S:T71S:S75F:T76S,807489411,False,False,True,True
S30N:S31N:T57S:A58T:K74I,810343189,False,False,True,True
S31N:A58T:S75F:Y95F,811749753,False,False,True,True
T57S:A58T:N59A:S75F:R87T,813409134,False,False,True,True
F29S:S31N:T57S:T71S:S75F,814470592,False,False,True,True
T57S:S75F:S77N:Y95F,815017144,False,False,True,True
T57S:N59A:S84N,815219677,False,False,True,True
S30N:N59A:K74I:S75F:R87T,815596462,False,False,True,True
S31N:I52S:T57S:Y106S,816000408,False,False,True,True
S30N:N59A:T71S:S84N:R87T,816261822,False,False,True,True
I52S:T71S:T76S:Y95F:Y106S,816436476,False,False,True,True
F29S:S77N:S84N:R87T,816708823,False,False,True,True
S31N:I52S:N59A:K74I:T76S,818491680,False,False,True,True
S30N:S31N:T57S:K74I:S77N,818802206,False,False,True,True
I52S:S84N:Y106S,821872919,False,False,True,True
T57S:T71S:T76S:S77N,823324141,False,False,True,True
F29S:S31N:T57S:S75F:S84N,823399304,False,False,True,True
S31N:T57S:N59A:S77N:Y106S,825671541,False,False,True,True
S30N:I52S:T57S,829471814,False,False,True,True
S30N:S31N,829508571,False,False,True,True
N59A:S75F:S77N:Y95F,830733650,False,False,True,True
F29S:I52S:S75F:T76S:S84N,831211633,False,False,True,True
N59A:K74I:R87T:Y95F:Y106S,832798103,False,False,True,True
F29S:S31N:A58T:Y95F,833739412,False,False,True,True
F29S:S31N:T76S:S77N:S84N,834096033,False,False,True,True
S30N:N59A:K74I:S75F,834726639,False,False,True,True
S31N:T76S:S77N:S84N,836757451,False,False,True,True
T71S:S77N:Y106S,836933989,False,False,True,True
A58T:R87T:Y106S,836966154,False,False,True,True
F29S:I52S:A58T:T71S:S77N,838183061,False,False,True,True
S31N:T57S:A58T:N59A:S75F,839326348,False,False,True,True
F29S:N59A:K74I:S77N:R87T,839361128,False,False,True,True
T57S:S77N:S84N:R87T:Y95F,840009635,False,False,True,True
F29S:I52S:T57S:N59A:T76S,843181837,False,False,True,True
T57S:T71S:K74I:Y95F,843683766,False,False,True,True
F29S:S31N:T57S:R87T:Y95F,844003512,False,False,True,True
S31N:T71S:S77N:S84N:Y95F,847052879,False,False,True,True
F29S:S30N:I52S:A58T:N59A,848038284,False,False,True,True
A58T:T76S:S77N:S84N:R87T,848707693,False,False,True,True
S30N:A58T:N59A:T71S:S77N,849566205,False,False,True,True
S31N:I52S:T71S:S77N:S84N,851349339,False,False,True,True
S30N:A58T:N59A:K74I:S75F,851534251,False,False,True,True
F29S:S31N:A58T:N59A,852567902,False,False,True,True
N59A:T71S:S75F:T76S,853972203,False,False,True,True
S30N:I52S:T71S:R87T:Y106S,855669038,False,False,True,True
A58T:N59A:S77N:R87T,857071715,False,False,True,True
T57S:R87T:Y106S,858357119,False,False,True,True
S30N:I52S:S75F:S84N:R87T,858545908,False,False,True,True
S31N:N59A,858813930,False,False,True,True
S30N:S31N:I52S:K74I:S84N,859161488,False,False,True,True
T57S:A58T:T76S:S84N:Y95F,859566779,False,False,True,True
S30N:S75F:S77N:R87T,859604271,False,False,True,True
S30N:T57S:K74I:R87T:Y106S,859694110,False,False,True,True
S30N:I52S:T57S:N59A:S77N,859909416,False,False,True,True
F29S:S31N:T76S:S77N:Y95F,860192189,False,False,True,True
N59A:S75F:S84N:Y95F:Y106S,860753555,False,False,True,True
F29S:S31N:T57S:K74I,861848253,False,False,True,True
T57S:A58T:K74I:T76S:S77N,863796207,False,False,True,True
S31N:T57S:K74I:S75F:R87T,864049529,False,False,True,True
S30N:A58T:K74I:S77N:S84N,866440679,False,False,True,True
S31N:T57S:A58T:K74I,867101775,False,False,True,True
S30N:K74I:S84N:R87T,868657025,False,False,True,True
F29S:I52S:A58T:R87T,868951172,False,False,True,True
S77N:Y95F,868971390,False,False,True,True
S30N:I52S:A58T:S75F:Y106S,869327955,False,False,True,True
S31N:I52S:K74I:S84N,870301074,False,False,True,True
S30N:T71S:S75F:Y95F,871136217,False,False,True,True
F29S:T57S:A58T:T71S:Y95F,871244823,False,False,True,True
T57S:T71S:S84N:Y95F,871899630,False,False,True,True
F29S:S31N:S75F:S77N:R87T,872351246,False,False,True,True
I52S:A58T:S77N:R87T:Y106S,872502096,False,False,True,True
F29S:S31N:S77N:S84N:R87T,872618130,False,False,True,True
F29S:S31N:T57S:A58T:S84N,872969809,False,False,True,True
S30N:S31N:A58T:K74I:S84N,875477399,False,False,True,True
S31N:I52S:A58T:Y95F,877007731,False,False,True,True
S30N:T57S:A58T:N59A:R87T,877299673,False,False,True,True
I52S:A58T:S77N:R87T,877509547,False,False,True,True
S75F:T76S:R87T,879108782,False,False,True,True
S30N:K74I:S77N:Y106S,879838523,False,False,True,True
S30N:A58T:K74I:S77N:Y95F,880477975,False,False,True,True
T57S:S77N:Y95F:Y106S,881440842,False,False,True,True
T57S:S75F:S84N:R87T:Y106S,881509133,False,False,True,True
F29S:T57S:T71S:T76S:S77N,882165383,False,False,True,True
F29S:A58T:N59A:S77N:S84N,883015597,False,False,True,True
S31N:N59A:K74I:Y95F:Y106S,883270643,False,False,True,True
N59A:T76S,883292993,False,False,True,True
S30N:S31N:T76S:Y95F:Y106S,887790219,False,False,True,True
S30N:S31N:A58T:K74I:Y95F,889514695,False,False,True,True
S30N:N59A:S77N:Y95F,890547673,False,False,True,True
S30N:S31N:I52S:T71S:K74I,891490520,False,False,True,True
I52S:S84N:R87T:Y95F:Y106S,893298033,False,False,True,True
I52S:T57S:N59A:T71S:S75F,896458439,False,False,True,True
T57S:A58T:N59A:S75F:Y106S,898538764,False,False,True,True
F29S:T71S:K74I:S75F:S77N,898889474,False,False,True,True
S30N:T76S:S77N:R87T:Y95F,899036275,False,False,True,True
A58T:S75F:S84N:R87T,901396507,False,False,True,True
S30N:T57S:S75F:Y95F:Y106S,901458534,False,False,True,True
S31N:A58T:N59A:T71S:K74I,901723442,False,False,True,True
F29S:S30N:T57S:S84N:R87T,901892111,False,False,True,True
F29S:S30N:T71S:S75F:Y95F,902665915,False,False,True,True
T57S:T71S:K74I:S77N:S84N,902772235,False,False,True,True
S31N:I52S:T71S:K74I:Y106S,903768149,False,False,True,True
S30N:S75F:S77N,904194840,False,False,True,True
S31N:I52S:K74I:S75F,904966238,False,False,True,True
A58T:K74I:S75F:T76S:Y106S,905067415,False,False,True,True
K74I:T76S,905525575,False,False,True,True
A58T:T71S:K74I:R87T,905656419,False,False,True,True
T57S:N59A:T71S:S75F:Y106S,905667567,False,False,True,True
S30N:T57S:Y95F:Y106S,906634101,False,False,True,True
S30N:A58T:T76S:R87T,907062815,False,False,True,True
S30N:A58T:S75F:S77N:Y95F,909617627,False,False,True,True
S31N:T71S:K74I:Y95F,912400818,False,False,True,True
S30N:I52S:T57S:T71S:S84N,914049296,False,False,True,True
S30N:S31N:T57S:T71S:T76S,915083483,False,False,True,True
S30N:S31N:I52S:S84N:Y106S,915968854,False,False,True,True
F29S:T76S:S77N:S84N,917440116,False,False,True,True
S31N:A58T:T71S:T76S:S77N,918134335,False,False,True,True
F29S:I52S:N59A:T76S:S77N,918329793,False,False,True,True
I52S:N59A:T71S:R87T:Y95F,918406199,False,False,True,True
S31N:N59A:T76S:S84N:Y106S,918792570,False,False,True,True
S31N:A58T:T71S:T76S:S84N,920263533,False,False,True,True
I52S:T71S:K74I:S75F:Y106S,921005397,False,False,True,True
I52S:K74I:T76S:S77N:R87T,922004020,False,False,True,True
I52S:A58T:Y95F:Y106S,922160865,False,False,True,True
A58T:T71S:K74I:S75F:Y95F,922264094,False,False,True,True
T57S:N59A:T71S:S75F:R87T,923330727,False,False,True,True
S31N:N59A:K74I:S75F:Y106S,924549539,False,False,True,True
T57S:T76S:S77N:S84N:R87T,924669102,False,False,True,True
S30N:S31N:T71S:K74I:S84N,924898820,False,False,True,True
F29S:T57S:A58T:K74I:S75F,925463383,False,False,True,True
S31N:K74I:S84N:R87T:Y106S,926476353,False,False,True,True
S30N:I52S:A58T:T71S:T76S,927604932,False,False,True,True
S31N:I52S:T57S:S75F:S77N,929943755,False,False,True,True
S30N:T57S:T76S:S77N:R87T,930155869,False,False,True,True
N59A:S75F:R87T:Y106S,931523290,False,False,True,True
I52S:A58T:N59A:T76S,931608476,False,False,True,True
F29S:K74I:S75F:R87T,932498721,False,False,True,True
T57S:S75F:S84N:Y95F,933223186,False,False,True,True
T57S:A58T:R87T:Y95F:Y106S,934149806,False,False,True,True
I52S:T71S:K74I:Y95F,937022074,False,False,True,True
S31N:S75F:S77N:S84N:Y95F,937445851,False,False,True,True
S75F:S77N:S84N:R87T,938171160,False,False,True,True
F29S:I52S:K74I:R87T:Y95F,939038032,False,False,True,True
S31N:I52S:T57S:S77N:Y106S,939184815,False,False,True,True
F29S:S31N:I52S:N59A,939632839,False,False,True,True
S30N:S31N:A58T:K74I:Y106S,939974615,False,False,True,True
T57S:T71S:T76S:R87T:Y95F,940561234,False,False,True,True
F29S:I52S:N59A:S75F:Y95F,943200430,False,False,True,True
S30N:T71S:K74I:S77N,943973563,False,False,True,True
K74I:S77N:Y95F:Y106S,944098382,False,False,True,True
I52S:N59A:R87T:Y95F,947611932,False,False,True,True
A58T:S75F:T76S:S84N,947806750,False,False,True,True
T71S:T76S:S84N:Y95F:Y106S,948095590,False,False,True,True
S30N:I52S:K74I:Y106S,950328605,False,False,True,True
N59A:T71S:T76S:S77N:R87T,952490970,False,False,True,True
I52S:A58T:T71S:K74I:Y95F,953403408,False,False,True,True
T57S:A58T:T76S,957713593,False,False,True,True
T71S:S75F:R87T:Y95F:Y106S,957925353,False,False,True,True
T71S:T76S:S84N:R87T:Y106S,959633194,False,False,True,True
S31N:T57S:S77N:R87T,960806292,False,False,True,True
F29S:S30N:T71S:K74I:Y95F,962388299,False,False,True,True
I52S:N59A:S77N:R87T:Y106S,963131349,False,False,True,True
I52S:A58T:T71S:R87T:Y106S,964326318,False,False,True,True
F29S:I52S:T57S:N59A:S77N,964584892,False,False,True,True
S75F:S84N:R87T,966877679,False,False,True,True
F29S:I52S:A58T:S77N:R87T,967124329,False,False,True,True
F29S:S30N:T57S:K74I:R87T,967582287,False,False,True,True
S30N:K74I:S75F:T76S:Y106S,967951289,False,False,True,True
F29S:K74I:S75F:S84N:R87T,968225744,False,False,True,True
S30N:N59A:S77N:S84N:R87T,968487628,False,False,True,True
S30N:S75F:S84N:R87T:Y95F,972633608,False,False,True,True
S30N:S31N:I52S:T76S:S77N,972665831,False,False,True,True
S30N:T57S:N59A:S77N:S84N,972827232,False,False,True,True
A58T:N59A:T76S:S77N:S84N,974759169,False,False,True,True
F29S:T71S:K74I:T76S,975396958,False,False,True,True
F29S:A58T:N59A:K74I:S75F,976120975,False,False,True,True
T57S:K74I:S84N:Y95F,976242402,False,False,True,True
S30N:I52S:N59A:S75F:T76S,976336761,False,False,True,True
S30N:S31N:S84N,976353934,False,False,True,True
S31N:I52S:A58T:K74I:R87T,977049442,False,False,True,True
I52S:N59A:S75F,977075641,False,False,True,True
F29S:S30N:S31N:I52S:T76S,978204104,False,False,True,True
S31N:A58T:N59A:S75F:R87T,979367930,False,False,True,True
F29S:S30N:A58T:S75F:R87T,979422852,False,False,True,True
S30N:S31N:A58T:S84N:R87T,979618815,False,False,True,True
F29S:S30N:K74I:T76S:Y95F,979761346,False,False,True,True
I52S:T71S:K74I:R87T:Y95F,982030013,False,False,True,True
A58T:S77N:S84N:Y106S,982431617,False,False,True,True
A58T:T71S:S75F:T76S:R87T,982484439,False,False,True,True
S30N:T57S:T71S:S75F:Y95F,982892284,False,False,True,True
F29S:I52S:A58T:S84N:R87T,982909871,False,False,True,True
N59A:S75F:S84N:Y106S,982969330,False,False,True,True
K74I:S77N:Y95F,984103813,False,False,True,True
S30N:S31N:T57S:R87T:Y106S,985837154,False,False,True,True
I52S:N59A:K74I:R87T,985949728,False,False,True,True
F29S:I52S:T57S:S77N:Y95F,987718986,False,False,True,True
F29S:T71S:T76S:R87T,988348128,False,False,True,True
S31N:A58T:N59A:T76S:S77N,988398421,False,False,True,True
I52S:T71S:S75F:S77N:S84N,990324547,False,False,True,True
F29S:I52S:K74I:Y95F,993484209,False,False,True,True
S31N:I52S:S84N:R87T,995710654,False,False,True,True
T57S:T71S:S77N:S84N:Y106S,996065731,False,False,True,True
F29S:S30N:I52S:T71S:S84N,997861959,False,False,True,True
S30N:I52S:S77N:Y106S,999702211,False,False,True,True
S30N:I52S:S75F:T76S,1001473022,False,False,True,True
S75F:S84N:R87T:Y95F:Y106S,1002739873,False,False,True,True
T57S:K74I:T76S:S84N,1002881999,False,False,True,True
F29S:K74I:S77N:S84N:R87T,1006971942,False,False,True,True
S30N:K74I:T76S:S77N:R87T,1007184441,False,False,True,True
F29S:T57S:T71S:R87T,1009553893,False,False,True,True
I52S:T57S:T71S:K74I:S77N,1011652727,False,False,True,True
F29S:I52S:T57S:T71S:S75F,1015269532,False,False,True,True
F29S:I52S:T57S:S84N:Y95F,1015309188,False,False,True,True
S30N:S31N:K74I:R87T,1015679933,False,False,True,True
N59A:S75F:S77N:S84N:Y95F,1015752201,False,False,True,True
S31N:I52S:S75F:S77N:S84N,1015753271,False,False,True,True
T57S:N59A:Y106S,1016396337,False,False,True,True
S31N:I52S:K74I:S77N:Y106S,1016469995,False,False,True,True
I52S:N59A:T76S:S84N:R87T,1016903896,False,False,True,True
N59A:T71S:S84N:Y106S,1017600354,False,False,True,True
N59A:T71S,1018646778,False,False,True,True
F29S:S30N:N59A:S75F:Y95F,1019704761,False,False,True,True
F29S:S31N:T57S:K74I:R87T,1019938108,False,False,True,True
T71S:T76S:S84N:Y95F,1020035229,False,False,True,True
T57S:K74I,1020390100,False,False,True,True
N59A:T71S:K74I:S77N:Y95F,1021486481,False,False,True,True
I52S:T71S:K74I:S75F:S84N,1021976369,False,False,True,True
S30N:S31N:N59A:T71S:R87T,1022974426,False,False,True,True
N59A:R87T:Y106S,1023587909,False,False,True,True
F29S:N59A:T71S:K74I:S75F,1024383586,False,False,True,True
S31N:K74I:S75F:R87T:Y95F,1024754549,False,False,True,True
F29S:S31N:T57S:N59A:S84N,1027881078,False,False,True,True
S31N:I52S:S75F:S77N:Y95F,1029790567,False,False,True,True
S31N:K74I:S77N:S84N:Y106S,1030272675,False,False,True,True
S31N:K74I:Y106S,1030276751,False,False,True,True
N59A:K74I:S77N:R87T,1030733822,False,False,True,True
F29S:I52S:S75F:R87T:Y95F,1031040620,False,False,True,True
S31N:T57S:N59A:T76S:Y106S,1031249276,False,False,True,True
S30N:I52S:K74I:T76S:Y106S,1032902405,False,False,True,True
S30N:T57S:T71S:S75F:S84N,1033320812,False,False,True,True
N59A:T71S:T76S:Y95F:Y106S,1035242254,False,False,True,True
S31N:I52S:S84N:R87T:Y106S,1038430001,False,False,True,True
F29S:S30N:S31N:T71S:S84N,1038760751,False,False,True,True
F29S:T57S:K74I:S75F:R87T,1039015776,False,False,True,True
I52S:N59A:T71S:T76S:R87T,1039015842,False,False,True,True
T57S:N59A:T71S:S77N,1039908842,False,False,True,True
S30N:S31N:T71S:K74I:S77N,1042073470,False,False,True,True
S31N:R87T,1042452956,False,False,True,True
S30N:T57S:A58T:S84N:R87T,1042922759,False,False,True,True
T57S:T71S:K74I:S75F:Y95F,1044331161,False,False,True,True
S30N:I52S:T76S:R87T,1044844636,False,False,True,True
A58T:N59A:K74I:S84N:Y95F,1045449692,False,False,True,True
S31N:T57S:N59A:K74I:S77N,1045732681,False,False,True,True
T57S:N59A:K74I:Y95F,1045738944,False,False,True,True
F29S:T71S:T76S:S84N:Y95F,1046226715,False,False,True,True
S31N:T57S:A58T:T76S:Y95F,1046747435,False,False,True,True
F29S:S75F:T76S,1047702405,False,False,True,True
S30N:I52S:A58T:Y95F,1048171468,False,False,True,True
S31N:K74I:T76S:Y95F,1052789395,False,False,True,True
S30N:T57S:N59A:Y95F:Y106S,1052967208,False,False,True,True
F29S:S31N:I52S:K74I:S77N,1054569990,False,False,True,True
S30N:S31N:T71S:R87T,1055263265,False,False,True,True
S31N:I52S:T76S:S84N,1055652771,False,False,True,True
I52S:N59A:T71S:R87T:Y106S,1056181863,False,False,True,True
S75F:T76S,1056989167,False,False,True,True
K74I:T76S:R87T:Y95F:Y106S,1057262178,False,False,True,True
S31N:K74I:S75F:S84N:Y106S,1057866145,False,False,True,True
T57S:N59A:S77N:S84N:Y95F,1060258525,False,False,True,True
N59A:T76S:Y95F,1060686220,False,False,True,True
F29S:N59A:T76S:S77N:Y95F,1060813451,False,False,True,True
T57S:N59A:S75F:T76S:S77N,1061511196,False,False,True,True
F29S:N59A:T71S:K74I:T76S,1067475033,False,False,True,True
S31N:T57S:A58T:N59A:T76S,1068346715,False,False,True,True
T57S:T71S:S77N:Y95F,1068798460,False,False,True,True
F29S:A58T:K74I:S75F:T76S,1069666662,False,False,True,True
S30N:K74I:T76S:S84N:Y95F,1070196903,False,False,True,True
S31N:A58T:K74I:S75F:S84N,1070482588,False,False,True,True
S31N:T57S:K74I:S75F:S77N,1070787275,False,False,True,True
S30N:I52S:T57S:N59A:S84N,1072348158,False,False,True,True
I52S:T57S:T76S:S84N:Y106S,1072806260,False,False,True,True
S31N:I52S:A58T:R87T:Y95F,1072945426,False,False,True,True
S30N:N59A:T71S:S75F:Y95F,1078726642,False,False,True,True
F29S:S31N:K74I:T76S:Y95F,1079134549,False,False,True,True
F29S:S30N:T57S:N59A,1079222562,False,False,True,True
T57S:N59A:T76S:S84N:R87T,1080236164,False,False,True,True
F29S:S31N:A58T:T71S:T76S,1080720492,False,False,True,True
I52S:T57S:N59A:S75F:T76S,1081319476,False,False,True,True
A58T:T71S:T76S:S77N:S84N,1082175887,False,False,True,True
T71S:R87T:Y95F:Y106S,1082230192,False,False,True,True
N59A:K74I:S75F:S84N:Y95F,1082958039,False,False,True,True
S31N:S84N:R87T:Y106S,1084137860,False,False,True,True
S31N:I52S:T71S:T76S:Y106S,1085995582,False,False,True,True
S31N:N59A:S84N,1086302801,False,False,True,True
S30N:T71S:K74I:S75F:S77N,1086304902,False,False,True,True
T57S:N59A:K74I:S75F:Y95F,1086508471,False,False,True,True
F29S:A58T:Y95F,1086816671,False,False,True,True
A58T:N59A:Y106S,1087155780,False,False,True,True
F29S:A58T:T71S:K74I,1087716826,False,False,True,True
N59A:S75F:T76S:S77N:Y106S,1087785160,False,False,True,True
S31N:I52S:T76S,1090160636,False,False,True,True
S30N:N59A:S84N:R87T:Y95F,1091888266,False,False,True,True
A58T:N59A:S77N:S84N:Y106S,1091896896,False,False,True,True
S30N:T57S:A58T:S75F:S84N,1092184391,False,False,True,True
K74I:S75F:T76S:S84N,1093959931,False,False,True,True
I52S:R87T:Y106S,1096213291,False,False,True,True
F29S:T57S:S75F:S77N:R87T,1096307126,False,False,True,True
S30N:T71S:Y106S,1097315956,False,False,True,True
I52S:S75F:S77N:Y106S,1098041810,False,False,True,True
F29S:S30N:T71S:R87T,1098556928,False,False,True,True
S31N:I52S:K74I:S84N:R87T,1099432881,False,False,True,True
S31N:N59A:K74I:S77N:S84N,1099533461,False,False,True,True
S31N:T71S:K74I:S84N:Y106S,1099861105,False,False,True,True
S30N:T71S:T76S:Y106S,1100992302,False,False,True,True
F29S:A58T:N59A:S77N,1101104366,False,False,True,True
F29S:T57S:A58T:S75F:R87T,1101297339,False,False,True,True
S30N:A58T:S75F:S84N:R87T,1101414481,False,False,True,True
S30N:S31N:T57S:S77N:R87T,1101847098,False,False,True,True
S31N:K74I:R87T:Y106S,1103798244,False,False,True,True
T57S:N59A:T71S:Y95F:Y106S,1104859895,False,False,True,True
A58T:T71S:S75F:T76S:S84N,1105065407,False,False,True,True
S31N:I52S:T57S:K74I:S75F,1105466869,False,False,True,True
S31N:T57S:N59A:S75F:T76S,1106660236,False,False,True,True
A58T:N59A,1107562791,False,False,True,True
S30N:S31N:T76S:S77N:Y95F,1110207273,False,False,True,True
S31N:K74I:S77N:S84N:Y95F,1110506803,False,False,True,True
N59A:T76S:Y106S,1110546402,False,False,True,True
F29S:S75F:T76S:S84N,1110835880,False,False,True,True
F29S:S31N:T57S:S84N,1112703197,False,False,True,True
S31N:A58T:R87T:Y106S,1113281465,False,False,True,True
F29S:T57S:N59A:T76S:R87T,1113288283,False,False,True,True
S31N:I52S:S77N:S84N,1115288220,False,False,True,True
N59A:K74I:T76S:S77N,1116102343,False,False,True,True
I52S:T57S:S75F:T76S:S77N,1117292026,False,False,True,True
F29S:I52S:A58T:K74I:S84N,1117355015,False,False,True,True
S31N:I52S:T57S:K74I,1119087278,False,False,True,True
T57S:T71S:S77N:S84N,1119226988,False,False,True,True
N59A:S77N:S84N:Y95F:Y106S,1120483425,False,False,True,True
S31N:T57S:A58T:K74I:S75F,1121733254,False,False,True,True
F29S:T57S:S75F:T76S:R87T,1124251125,False,False,True,True
S30N:S31N:K74I:T76S:Y106S,1125568001,False,False,True,True
S30N:N59A:T76S:Y95F:Y106S,1126301237,False,False,True,True
S31N:T57S:N59A:S84N:Y106S,1126954551,False,False,True,True
F29S:K74I:S77N:R87T,1127654815,False,False,True,True
S30N:N59A:T76S,1128071651,False,False,True,True
A58T:N59A:T71S:S84N:Y95F,1128960968,False,False,True,True
F29S:S31N:A58T:T76S:S77N,1129098784,False,False,True,True
K74I:S77N:S84N:Y106S,1129324714,False,False,True,True
I52S:T71S:S75F:T76S:Y95F,1129383952,False,False,True,True
S31N:I52S:N59A:S75F:Y95F,1129542795,False,False,True,True
S31N:T57S:T71S:K74I:S75F,1129809301,False,False,True,True
F29S:S31N:N59A:T71S,1130904319,False,False,True,True
S30N:S31N:N59A:Y95F:Y106S,1135284320,False,False,True,True
S30N:N59A:K74I:S84N:R87T,1138697890,False,False,True,True
F29S:S30N:T57S:S75F:Y95F,1140248015,False,False,True,True
I52S:A58T:K74I:T76S:Y106S,1141559685,False,False,True,True
S30N:A58T:N59A:S84N:Y95F,1143062383,False,False,True,True
S31N:T57S:A58T:S77N:S84N,1146836372,False,False,True,True
N59A:T71S:S75F:Y95F,1147352908,False,False,True,True
S30N:T57S:S84N:Y106S,1147357673,False,False,True,True
S30N:I52S:T57S:T76S:Y106S,1148329169,False,False,True,True
S31N:T57S:T71S:S84N:R87T,1148715981,False,False,True,True
S31N:I52S:K74I:R87T:Y95F,1149547073,False,False,True,True
S30N:I52S:T57S:S84N:Y106S,1150848174,False,False,True,True
S30N:K74I:S77N:S84N:Y106S,1151002512,False,False,True,True
T71S:S84N:Y106S,1151796327,False,False,True,True
F29S:S30N:N59A:S84N:Y95F,1152038053,False,False,True,True
F29S:T57S:T71S:S84N:R87T,1152095916,False,False,True,True
N59A:T71S:K74I:Y106S,1152670242,False,False,True,True
I52S:A58T:T71S:T76S:R87T,1153046861,False,False,True,True
N59A:T71S:K74I:T76S:Y106S,1154134160,False,False,True,True
S30N:S31N:T57S:S75F:R87T,1157421680,False,False,True,True
A58T:T71S:K74I:R87T:Y106S,1157664136,False,False,True,True
S30N:S75F:T76S:S84N:Y95F,1159611627,False,False,True,True
S30N:I52S:A58T:N59A:R87T,1161516221,False,False,True,True
S31N:A58T:K74I:S75F:R87T,1162817816,False,False,True,True
N59A:T71S:S84N,1163995329,False,False,True,True
T57S:S75F:T76S:S84N:R87T,1165289502,False,False,True,True
N59A:T71S:K74I:S77N:Y106S,1166772793,False,False,True,True
S31N:T71S:K74I:Y106S,1167854736,False,False,True,True
T71S:Y95F:Y106S,1169591207,False,False,True,True
F29S:I52S:N59A:S77N:Y95F,1170137400,False,False,True,True
S30N:T57S:K74I:S77N:R87T,1171548814,False,False,True,True
I52S:T57S:S77N:S84N:R87T,1172041767,False,False,True,True
A58T:N59A:S77N:Y95F:Y106S,1172594368,False,False,True,True
S31N:K74I:S75F:T76S:Y106S,1174845770,False,False,True,True
S31N:S75F:S77N:S84N:Y106S,1175202059,False,False,True,True
N59A:K74I:S77N:S84N,1175903210,False,False,True,True
F29S:S31N:T76S:S84N:Y95F,1177377271,False,False,True,True
S30N:S31N:K74I:T76S:Y95F,1179228633,False,False,True,True
S31N:A58T:N59A:T71S:S77N,1180678188,False,False,True,True
A58T:N59A:T71S:R87T:Y95F,1181686192,False,False,True,True
S31N:T57S:T76S,1181803552,False,False,True,True
T57S:A58T:T71S:T76S:Y106S,1181828101,False,False,True,True
I52S:T71S:K74I:R87T,1182080090,False,False,True,True
S30N:I52S:S84N:R87T:Y106S,1182178538,False,False,True,True
I52S:A58T:N59A:S77N:Y95F,1183284684,False,False,True,True
S30N:A58T:K74I,1183489627,False,False,True,True
S30N:K74I:T76S:Y106S,1184565198,False,False,True,True
A58T:K74I:S75F:T76S:R87T,1188105311,False,False,True,True
K74I:S75F:T76S:S84N:Y95F,1188501218,False,False,True,True
S31N:Y95F:Y106S,1189375247,False,False,True,True
N59A:T71S:S75F:S77N:Y106S,1189958713,False,False,True,True
A58T:S75F:T76S:S84N:Y95F,1190417929,False,False,True,True
T57S:N59A:T71S:K74I:S75F,1194653635,False,False,True,True
S30N:N59A:T71S:Y95F:Y106S,1195253580,False,False,True,True
I52S:K74I:S77N:R87T,1195307952,False,False,True,True
S75F:S84N:Y106S,1196268775,False,False,True,True
F29S:S30N:S31N:A58T,1196573515,False,False,True,True
S30N:A58T:K74I:S84N:R87T,1197199429,False,False,True,True
S30N:T57S:N59A:T71S:S84N,1197770574,False,False,True,True
F29S:T57S:T71S:S75F,1198205045,False,False,True,True
S30N:A58T:S75F:R87T:Y95F,1198385633,False,False,True,True
T71S:T76S:S84N:R87T:Y95F,1198827124,False,False,True,True
S30N:K74I:S77N:R87T:Y106S,1199224120,False,False,True,True
I52S:A58T:N59A:T71S,1199505927,False,False,True,True
S30N:S31N:A58T:S77N:Y95F,1202601069,False,False,True,True
S31N:I52S:N59A:T71S:Y95F,1203233759,False,False,True,True
F29S:I52S:A58T:T71S,1205180516,False,False,True,True
S30N:I52S:T71S:K74I:T76S,1205280935,False,False,True,True
I52S:T71S:K74I:S84N:Y95F,1206411217,False,False,True,True
S31N:I52S:S77N:R87T,1207623448,False,False,False,True
T57S:A58T:S75F:T76S:R87T,1208189017,False,False,False,True
F29S:S30N:I52S:T71S:S77N,1210889081,False,False,False,True
N59A:K74I:S75F:R87T:Y95F,1212216747,False,False,False,True
T57S:K74I:S75F:T76S:S84N,1212262736,False,False,False,True
T57S:A58T:K74I:S75F:S84N,1213817136,False,False,False,True
S75F:Y95F:Y106S,1214063655,False,False,False,True
I52S:T71S:K74I:Y95F:Y106S,1214109381,False,False,False,True
F29S:A58T:T76S:R87T,1214287627,False,False,False,True
S30N:K74I:S77N:S84N,1215670763,False,False,False,True
S30N:T57S:S77N:R87T:Y106S,1216805268,False,False,False,True
S30N:I52S,1217291567,False,False,False,True
S30N:A58T:K74I:S75F:S77N,1217329955,False,False,False,True
N59A:K74I:S77N:Y106S,1218089372,False,False,False,True
S31N:I52S:A58T:N59A:Y95F,1218628320,False,False,False,True
N59A:T71S:T76S:S84N:Y106S,1220365418,False,False,False,True
S30N:A58T:Y106S,1221024307,False,False,False,True
S30N:A58T:S77N:R87T:Y106S,1221977971,False,False,False,True
S31N:T76S:S84N,1222042498,False,False,False,True
S30N:S31N:I52S:S84N:R87T,1224319244,False,False,False,True
S30N:T57S:T71S:S75F:T76S,1226395387,False,False,False,True
N59A:K74I:T76S:S84N:Y95F,1227733192,False,False,False,True
N59A:S75F:S77N:Y106S,1227734576,False,False,False,True
S30N:I52S:A58T:T71S:R87T,1229300303,False,False,False,True
S30N:S31N:I52S:S77N:R87T,1230254878,False,False,False,True
S30N:K74I:S77N:Y95F:Y106S,1231699984,False,False,False,True
S30N:S31N:S84N:Y95F,1233059353,False,False,False,True
F29S:K74I:S75F:S77N:S84N,1233442246,False,False,False,True
S30N:S31N:T71S:T76S:S84N,1234657265,False,False,False,True
S31N:I52S:T76S:R87T:Y95F,1235149986,False,False,False,True
I52S:K74I:T76S:S84N,1235600091,False,False,False,True
I52S:T57S:T71S:K74I:S84N,1240033045,False,False,False,True
F29S:I52S:T71S:S77N,1240780515,False,False,False,True
T57S:S75F:T76S:R87T:Y106S,1241759508,False,False,False,True
S31N:I52S:T71S:K74I:T76S,1242221202,False,False,False,True
I52S:T57S:T71S:T76S,1242496681,False,False,False,True
N59A:S77N,1243158592,False,False,False,True
S30N:A58T:R87T:Y95F,1243660674,False,False,False,True
S30N:I52S:A58T:T76S:S77N,1244425128,False,False,False,True
I52S:T57S:K74I:S75F:S84N,1248161625,False,False,False,True
T57S:K74I:S77N,1248983013,False,False,False,True
S30N:I52S:S84N,1250958842,False,False,False,True
S30N:T71S:S77N:S84N:Y95F,1250970386,False,False,False,True
F29S:I52S:K74I:S77N,1252543335,False,False,False,True
T57S:A58T:T71S:S84N:Y95F,1252593252,False,False,False,True
S30N:S75F:S77N:S84N:Y95F,1252662022,False,False,False,True
S30N:T57S:A58T:S84N:Y95F,1252796991,False,False,False,True
T57S:A58T:T76S:S77N:R87T,1253931205,False,False,False,True
T57S:A58T:T71S:S75F:S84N,1254508532,False,False,False,True
S30N:I52S:R87T:Y106S,1255446689,False,False,False,True
K74I:T76S:S84N:R87T,1257337649,False,False,False,True
S31N:T57S:T71S:Y95F,1258561018,False,False,False,True
S30N:S31N:T57S:K74I:T76S,1261496403,False,False,False,True
T57S:A58T:K74I:T76S:Y106S,1261990385,False,False,False,True
I52S:N59A:S75F:T76S,1262057379,False,False,False,True
S31N:I52S:T71S:Y95F,1262772902,False,False,False,True
N59A:K74I:R87T:Y95F,1264798216,False,False,False,True
A58T:K74I:S75F:S77N:S84N,1265737344,False,False,False,True
I52S:N59A:S84N:R87T,1266068736,False,False,False,True
S31N:A58T:S75F:S84N,1267406765,False,False,False,True
A58T:T71S:K74I:S84N:Y95F,1267407106,False,False,False,True
I52S:K74I:S77N:S84N:Y95F,1267753899,False,False,False,True
S30N:S31N:A58T:R87T:Y95F,1268708251,False,False,False,True
S31N:N59A:S75F:S77N:S84N,1268888949,False,False,False,True
I52S:T71S:S75F:S77N:Y95F,1272803747,False,False,False,True
F29S:S30N:T71S:K74I:S77N,1273026357,False,False,False,True
T57S:N59A:T76S:Y106S,1273367497,False,False,False,True
A58T:S75F:S77N:Y95F:Y106S,1275223250,False,False,False,True
S30N:T57S:S77N:Y95F:Y106S,1276013612,False,False,False,True
I52S:T76S:R87T:Y95F,1277489577,False,False,False,True
F29S:I52S:N59A,1278866820,False,False,False,True
F29S:S31N:T71S:S75F:R87T,1280399532,False,False,False,True
S30N:T71S:T76S:S84N:R87T,1280737759,False,False,False,True
F29S:S30N:S31N:I52S:T57S,1282601727,False,False,False,True
S31N:T71S:S75F:S84N:R87T,1283051873,False,False,False,True
S30N:I52S:N59A:S84N:Y95F,1283930750,False,False,False,True
S30N:S31N:T71S:S75F:Y95F,1283978484,False,False,False,True
S30N:N59A:S75F:S84N:R87T,1285320018,False,False,False,True
S30N:A58T:N59A:T71S:S84N,1286600035,False,False,False,True
T57S:N59A:S75F:S77N:S84N,1287560881,False,False,False,True
S30N:K74I:S84N:R87T:Y106S,1288058658,False,False,False,True
F29S:I52S:N59A:S84N:Y95F,1288343442,False,False,False,True
S30N:S31N:I52S:S75F,1288348885,False,False,False,True
S30N:I52S:K74I:T76S:S77N,1288461755,False,False,False,True
A58T:K74I:S75F:Y106S,1289979763,False,False,False,True
T76S:S77N,1290698151,False,False,False,True
S31N:N59A:T76S:S77N,1290731811,False,False,False,True
I52S:A58T:S84N:R87T:Y106S,1290835818,False,False,False,True
T57S:T71S:T76S:Y106S,1292447139,False,False,False,True
A58T:T71S:S75F:S84N,1292837739,False,False,False,True
S30N:S31N:A58T:N59A:S84N,1293024857,False,False,False,True
A58T:N59A:K74I:Y95F,1294117005,False,False,False,True
S30N:T57S:A58T:Y95F:Y106S,1295735727,False,False,False,True
F29S:T57S:K74I:S77N:Y95F,1296158506,False,False,False,True
S30N:T57S:S75F:T76S:Y95F,1296314373,False,False,False,True
F29S:S75F:S77N:S84N,1297085291,False,False,False,True
S31N:S77N:S84N:Y95F:Y106S,1297590011,False,False,False,True
I52S:T57S:A58T:T71S:K74I,1297936202,False,False,False,True
F29S:S31N:T71S:S75F,1299114605,False,False,False,True
F29S:T57S:A58T:N59A:S77N,1299846743,False,False,False,True
I52S:N59A:T71S:S75F:R87T,1299988827,False,False,False,True
T57S:T76S:S84N:R87T:Y106S,1300332982,False,False,False,True
T57S:S75F:T76S:Y95F:Y106S,1300967852,False,False,False,True
S30N:T76S:R87T:Y106S,1301142032,False,False,False,True
S30N:T57S:N59A:T71S:K74I,1301271222,False,False,False,True
S30N:N59A:S84N:R87T,1302107587,False,False,False,True
S31N:T71S:S75F:S77N:Y95F,1302226123,False,False,False,True
S30N:I52S:A58T:T76S:Y106S,1302999824,False,False,False,True
F29S:N59A:T76S:R87T:Y95F,1303125809,False,False,False,True
S30N:T57S:A58T:S75F:S77N,1305211513,False,False,False,True
T71S:K74I:S75F:R87T:Y106S,1305494341,False,False,False,True
S30N:N59A:K74I:T76S:Y95F,1307136143,False,False,False,True
K74I:T76S:R87T:Y95F,1307451841,False,False,False,True
S30N:S31N:I52S:N59A:T76S,1307488129,False,False,False,True
S30N:A58T:K74I:S75F,1307732402,False,False,False,True
S31N:A58T:T71S:S84N:R87T,1309673092,False,False,False,True
S30N:T71S:K74I,1309833658,False,False,False,True
S30N:I52S:T76S:S84N:Y95F,1310078239,False,False,False,True
S31N:N59A:S77N:R87T:Y106S,1311524045,False,False,False,True
S75F:R87T:Y95F,1311700235,False,False,False,True
S30N:I52S:S75F,1312146150,False,False,False,True
F29S:T71S:S75F:S84N,1312504489,False,False,False,True
S30N:I52S:N59A:Y95F,1312826255,False,False,False,True
F29S:S31N:T71S:K74I:T76S,1312998751,False,False,False,True
T57S:T71S:K74I:R87T,1313961958,False,False,False,True
F29S:I52S:T57S:S77N,1314750467,False,False,False,True
S30N:I52S:T57S:R87T,1315626381,False,False,False,True
S30N:I52S:A58T:N59A,1316702454,False,False,False,True
I52S:A58T:N59A:T71S:S77N,1317258580,False,False,False,True
T57S:R87T,1318236752,False,False,False,True
F29S:I52S:S75F:S77N:R87T,1318906650,False,False,False,True
S31N:I52S:N59A:T76S:R87T,1320762746,False,False,False,True
T71S:T76S:Y95F,1321518574,False,False,False,True
S30N:N59A:S75F:R87T:Y95F,1322042506,False,False,False,True
S31N:T57S:A58T:K74I:Y106S,1322120876,False,False,False,True
I52S:N59A:T71S:S77N:Y95F,1322164785,False,False,False,True
A58T:T71S:S77N:S84N:Y106S,1324105606,False,False,False,True
F29S:I52S:S75F:R87T,1325168545,False,False,False,True
F29S:A58T:N59A:K74I:S84N,1326538539,False,False,False,True
S30N:A58T:T71S,1327200507,False,False,False,True
I52S:T71S:S77N:S84N:R87T,1327714751,False,False,False,True
F29S:I52S:A58T:K74I:S77N,1330382137,False,False,False,True
T57S:N59A:S77N:R87T:Y106S,1331553057,False,False,False,True
T71S:K74I:Y95F,1331861367,False,False,False,True
N59A:K74I:S75F:R87T,1333858788,False,False,False,True
T57S:T71S:S75F:S77N:Y106S,1334241863,False,False,False,True
F29S:S31N:T57S:A58T:T71S,1334796793,False,False,False,True
A58T:S75F:T76S:R87T:Y106S,1336784973,False,False,False,True
A58T:Y106S,1337350629,False,False,False,True
A58T:T71S:S77N:R87T,1337386261,False,False,False,True
S31N:T71S:S75F:Y106S,1337852404,False,False,False,True
S31N:A58T:R87T,1338903110,False,False,False,True
I52S:N59A:T76S:S77N,1341282395,False,False,False,True
S31N:A58T:N59A:S75F:T76S,1341482305,False,False,False,True
F29S:S31N:S75F:T76S:Y95F,1341961121,False,False,False,True
S30N:T57S:A58T:T71S:K74I,1343212683,False,False,False,True
F29S:S30N:T76S:S77N:S84N,1343248310,False,False,False,True
I52S:K74I:S75F:S84N:Y95F,1344059937,False,False,False,True
I52S:T76S:S84N:Y95F,1348189101,False,False,False,True
I52S:K74I:T76S:S84N:Y95F,1350637122,False,False,False,True
F29S:S30N:A58T:T76S:Y95F,1352855857,False,False,False,True
F29S:S31N:A58T:K74I:S75F,1352908543,False,False,False,True
S30N:K74I:T76S:R87T,1353333748,False,False,False,True
I52S:T71S:S77N:R87T,1356766004,False,False,False,True
S30N:S31N:T57S:T71S:S77N,1356770518,False,False,False,True
S31N:I52S:T71S,1358161255,False,False,False,True
S30N:S84N:R87T:Y95F,1359892121,False,False,False,True
F29S:S31N:A58T:T76S,1360335059,False,False,False,True
I52S:N59A:Y106S,1363622077,False,False,False,True
I52S:S77N:S84N,1363869105,False,False,False,True
F29S:I52S:A58T:S77N:S84N,1364069409,False,False,False,True
S31N:T57S:T71S:S77N:R87T,1367303943,False,False,False,True
T57S:A58T:K74I,1368031334,False,False,False,True
T71S:S75F:T76S:S77N:R87T,1368888572,False,False,False,True
S31N:I52S:N59A:T71S:Y106S,1368923119,False,False,False,True
F29S:S30N:S31N:T57S:T71S,1369192663,False,False,False,True
S30N:S31N:K74I:S75F:S77N,1369202290,False,False,False,True
T57S:A58T:T71S:S75F:S77N,1371683182,False,False,False,True
N59A:K74I:T76S:R87T:Y106S,1371956886,False,False,False,True
F29S:A58T:T71S:S77N:Y95F,1373498987,False,False,False,True
S31N:I52S:T57S,1373769907,False,False,False,True
T57S:K74I:S75F:S77N:S84N,1373837155,False,False,False,True
S31N:I52S:A58T:K74I:S84N,1375095262,False,False,False,True
F29S:S75F:S77N:S84N:R87T,1376761218,False,False,False,True
T57S:S75F:T76S:S77N:R87T,1377202296,False,False,False,True
T57S:K74I:S77N:S84N:Y106S,1379132183,False,False,False,True
S30N:I52S:T71S:T76S,1380347142,False,False,False,True
S30N:S31N:I52S:K74I:Y95F,1380582256,False,False,False,True
A58T:N59A:K74I:S75F:Y106S,1381674962,False,False,False,True
S31N:T71S:K74I:S75F:S77N,1383977843,False,False,False,True
S30N:S31N:N59A:T71S:T76S,1385088801,False,False,False,True
S31N:T57S:A58T:S75F:R87T,1385568058,False,False,False,True
S31N:T76S:R87T:Y95F:Y106S,1387202578,False,False,False,True
N59A:S75F:S77N:R87T:Y95F,1388436069,False,False,False,True
S30N:S31N:A58T:S77N:S84N,1388682065,False,False,False,True
T57S:A58T:K74I:Y106S,1388761433,False,False,False,True
F29S:I52S:A58T:S77N:Y95F,1390165565,False,False,False,True
I52S:N59A:T71S:S84N:R87T,1390651419,False,False,False,True
S31N:T71S:Y106S,1391358211,False,False,False,True
T71S:K74I:S75F:T76S:Y106S,1392452834,False,False,False,True
S31N:T57S:T76S:S77N:S84N,1395224972,False,False,False,True
F29S:S31N:N59A:T76S,1399787508,False,False,False,True
F29S:N59A:T71S,1402545772,False,False,False,True
S75F:S77N:S84N:R87T:Y106S,1402670247,False,False,False,True
S30N:S31N:T57S:T76S:R87T,1403400953,False,False,False,True
F29S:S30N:S31N:N59A:T76S,1403854742,False,False,False,True
I52S:T57S:N59A:R87T,1404407212,False,False,False,True
F29S:S30N:T71S:R87T:Y95F,1404682911,False,False,False,True
A58T:T76S:S84N,1409008809,False,False,False,True
F29S:S30N:N59A:K74I:R87T,1409593001,False,False,False,True
S31N:N59A:Y106S,1409790069,False,False,False,True
A58T:N59A:T71S:S75F:S77N,1413139586,False,False,False,True
S30N:S31N:I52S:N59A,1413512115,False,False,False,True
S31N:I52S:A58T:N59A:Y106S,1413664038,False,False,False,True
F29S:K74I:T76S:S77N:S84N,1414574669,False,False,False,True
F29S:T57S:T71S:Y95F,1415281465,False,False,False,True
T71S:S75F:T76S:Y95F,1415322179,False,False,False,True
S30N:A58T:N59A:S77N:S84N,1415631529,False,False,False,True
T57S:N59A:T71S:T76S,1415655775,False,False,False,True
F29S:I52S:N59A:Y95F,1417396939,False,False,False,True
S31N:T57S:N59A:T71S:S84N,1419621243,False,False,False,True
S30N:S31N:N59A:S75F:T76S,1420573773,False,False,False,True
S31N:I52S:N59A:T71S:S77N,1422097105,False,False,False,True
S30N:S84N:R87T,1425072142,False,False,False,True
F29S:S31N:T71S:R87T:Y95F,1425376976,False,False,False,True
S31N:S75F:S84N:Y106S,1425435588,False,False,False,True
S30N:S31N:T57S:S75F,1426145769,False,False,False,True
K74I:S75F:T76S:S77N:Y106S,1427956782,False,False,False,True
S31N:T57S:T71S:S77N:Y106S,1430470991,False,False,False,True
S30N:S31N:T76S:S77N:R87T,1432752309,False,False,False,True
S30N:I52S:N59A:S77N:R87T,1432931896,False,False,False,True
T57S:S77N:S84N,1433364765,False,False,False,True
K74I:S75F:S77N:Y106S,1433801514,False,False,False,True
S30N:I52S:T76S:S77N:Y106S,1433867293,False,False,False,True
S30N:S31N:T71S:R87T:Y95F,1434486252,False,False,False,True
F29S:S75F:T76S:R87T,1434748276,False,False,False,True
S30N:I52S:T57S:T71S:Y95F,1435470064,False,False,False,True
K74I:S77N:S84N,1437200969,False,False,False,True
T57S:A58T:K74I:S84N,1437740165,False,False,False,True
S30N:I52S:T71S:K74I,1439905901,False,False,False,True
S31N:I52S:N59A:S75F:S77N,1440284021,False,False,False,True
F29S:S30N:T76S:R87T:Y95F,1441415036,False,False,False,True
N59A:T76S:S84N:R87T,1442166203,False,False,False,True
S30N:K74I:T76S:R87T:Y106S,1442214475,False,False,False,True
F29S:S30N:S31N:K74I:S75F,1442374431,False,False,False,True
S30N:I52S:T57S:S75F:S84N,1442432400,False,False,False,True
S30N:S31N:I52S:N59A:T71S,1442841914,False,False,False,True
S30N:I52S:K74I:S75F:Y95F,1443393380,False,False,False,True
I52S:K74I:S75F:S77N:Y106S,1443867455,False,False,False,True
F29S:S30N:S31N:S75F:T76S,1447188048,False,False,False,True
F29S:I52S:K74I:T76S:S84N,1448797341,False,False,False,True
K74I:S75F:T76S:Y95F,1449695099,False,False,False,True
S30N:S75F:S84N:R87T:Y106S,1449700846,False,False,False,True
S30N:I52S:N59A:T71S:R87T,1449858134,False,False,False,True
F29S:N59A:T71S:T76S,1451798616,False,False,False,True
T57S:T71S:K74I:R87T:Y106S,1452936409,False,False,False,True
S31N:S77N:S84N,1452994841,False,False,False,True
S31N:Y106S,1453986470,False,False,False,True
A58T:S75F:R87T:Y106S,1454947943,False,False,False,True
F29S:T71S:K74I:S77N:R87T,1455156374,False,False,False,True
F29S:S30N:I52S:S75F:T76S,1459178312,False,False,False,True
I52S:T57S:K74I:Y106S,1459281536,False,False,False,True
S30N:R87T:Y95F:Y106S,1460901881,False,False,False,True
S31N:I52S:T57S:N59A:T76S,1462750392,False,False,False,True
A58T:N59A:S75F:T76S:S77N,1463001271,False,False,False,True
S30N:I52S:T57S:S77N:R87T,1463253142,False,False,False,True
S31N:A58T:T71S,1464089046,False,False,False,True
S31N:I52S:A58T:K74I,1464761931,False,False,False,True
I52S:T71S:S84N:R87T:Y106S,1464894941,False,False,False,True
T57S:N59A:S84N:Y95F:Y106S,1464965135,False,False,False,True
F29S:S30N:I52S:T57S:S84N,1465272743,False,False,False,True
T57S:N59A:K74I:S77N:Y95F,1466410165,False,False,False,True
T57S:N59A:K74I:R87T:Y106S,1466603539,False,False,False,True
T57S:A58T:N59A:K74I:S77N,1468082384,False,False,False,True
F29S:S31N:T57S:A58T:T76S,1470150578,False,False,False,True
A58T:N59A:T71S:Y95F,1473229969,False,False,False,True
I52S:T71S:S77N:Y106S,1473285774,False,False,False,True
F29S:S30N:N59A:S75F:S77N,1473335743,False,False,False,True
F29S:A58T:S75F:Y95F,1473938370,False,False,False,True
S31N:K74I:T76S:S77N:S84N,1474172432,False,False,False,True
I52S:N59A:S75F:R87T:Y95F,1475098527,False,False,False,True
F29S:S30N:N59A:S75F:S84N,1475464941,False,False,False,True
S30N:S31N:T71S:S77N:Y95F,1477294266,False,False,False,True
S31N:A58T:T71S:S77N,1479259959,False,False,False,True
F29S:S30N:I52S:T57S:Y95F,1479310039,False,False,False,True
S31N:N59A:K74I:S75F:R87T,1479412235,False,False,False,True
S30N:S31N:T76S:S84N:R87T,1481392499,False,False,False,True
F29S:N59A:S77N:S84N,1484881497,False,False,False,True
I52S:T57S:N59A:K74I:Y95F,1485477231,False,False,False,True
I52S:A58T:S77N:S84N:Y95F,1486658074,False,False,False,True
A58T:S75F:S84N,1486873436,False,False,False,True
F29S:T57S:N59A:T71S:Y95F,1486946758,False,False,False,True
A58T:S75F:S77N:S84N:Y95F,1487742056,False,False,False,True
F29S:S31N:K74I:S77N:S84N,1487962846,False,False,False,True
F29S:S30N:S77N:R87T:Y95F,1488268453,False,False,False,True
F29S:A58T:K74I:S77N:R87T,1489145843,False,False,False,True
A58T:K74I:T76S:S84N:R87T,1490480533,False,False,False,True
F29S:N59A:T71S:Y95F,1494079315,False,False,False,True
S30N:I52S:S77N:R87T:Y95F,1494844018,False,False,False,True
N59A:K74I:Y95F:Y106S,1495442202,False,False,False,True
I52S:T57S:A58T:S75F,1497063467,False,False,False,True
S30N:S31N:S77N:S84N:Y106S,1498104452,False,False,False,True
S30N:S31N:T57S:A58T,1499238582,False,False,False,True
A58T:T76S:S84N:Y95F,1499251540,False,False,False,True
F29S:T57S:S75F:Y95F,1499421105,False,False,False,True
S31N:T57S:N59A:K74I:R87T,1499884831,False,False,False,True
S31N:N59A:S75F:T76S:R87T,1500441938,False,False,False,True
F29S:I52S:T71S:T76S:S77N,1503544891,False,False,False,True
S30N:S31N:I52S:Y95F,1505425305,False,False,False,True
F29S:S31N:K74I,1506194730,False,False,False,True
F29S:S31N:T57S:K74I:S84N,1506471136,False,False,False,True
S30N:S31N:K74I:S75F,1509637725,False,False,False,True
S31N:T71S:S77N:R87T:Y95F,1511439091,False,False,False,True
S30N:T57S:T71S:Y95F:Y106S,1513396470,False,False,False,True
I52S:A58T:K74I:S75F:S84N,1515517044,False,False,False,True
S30N:S77N:Y95F,1515937756,False,False,False,True
S31N:I52S:K74I:T76S:R87T,1516209540,False,False,False,True
T71S:S84N:Y95F:Y106S,1517031700,False,False,False,True
I52S:N59A:T71S:S75F:S77N,1517300061,False,False,False,True
T57S:S75F:T76S:S77N:S84N,1517832572,False,False,False,True
F29S:I52S:S77N:R87T,1520324639,False,False,False,True
S30N:A58T:N59A:T71S:S75F,1520376775,False,False,False,True
A58T:N59A:K74I:T76S:Y106S,1521432957,False,False,False,True
S30N:I52S:N59A:K74I:R87T,1521640502,False,False,False,True
S30N:S31N:T76S:R87T,1524408592,False,False,False,True
K74I:S75F:S77N:Y95F:Y106S,1525955787,False,False,False,True
S30N:K74I:R87T,1527298118,False,False,False,True
S30N:T57S:S75F:T76S:Y106S,1530723437,False,False,False,True
F29S:S30N:A58T:T71S:K74I,1530739672,False,False,False,True
S30N:S31N:I52S:A58T:N59A,1531861095,False,False,False,True
S30N:T57S:T71S:S75F,1533369489,False,False,False,True
S30N:S31N:T57S:A58T:T71S,1535142461,False,False,False,True
F29S:S30N:S31N:N59A:T71S,1538222789,False,False,False,True
F29S:S31N:T57S:T76S:S77N,1538765879,False,False,False,True
F29S:T57S:N59A:S75F,1539127371,False,False,False,True
F29S:S30N:I52S:S77N:R87T,1539509613,False,False,False,True
S30N:T71S:S84N:Y95F,1539771461,False,False,False,True
S30N:S31N:S84N:Y95F:Y106S,1539813178,False,False,False,True
T71S:S75F:S84N:Y95F:Y106S,1542435345,False,False,False,True
I52S:A58T:T76S:S77N:Y106S,1542524573,False,False,False,True
I52S:T71S:K74I:T76S,1544194465,False,False,False,True
S30N:N59A:S84N:Y106S,1544457003,False,False,False,True
A58T:N59A:S84N,1544924786,False,False,False,True
N59A:S84N:R87T,1545462381,False,False,False,True
N59A:K74I:S75F:S84N,1546830200,False,False,False,True
S31N:S75F:Y95F:Y106S,1547054772,False,False,False,True
S30N:A58T:S75F:S84N:Y106S,1547091165,False,False,False,True
S31N:N59A:T71S,1548129785,False,False,False,True
F29S:S30N:T76S:Y95F,1549423445,False,False,False,True
S30N:T71S:R87T:Y95F:Y106S,1549487250,False,False,False,True
S31N:N59A:K74I:S75F,1550643276,False,False,False,True
F29S:S31N:T71S:R87T,1554217773,False,False,False,True
S30N:I52S:T57S:K74I,1554981349,False,False,False,True
I52S:K74I:S75F:T76S:S77N,1555353110,False,False,False,True
S30N:T57S:A58T:K74I:S84N,1556698991,False,False,False,True
S31N:T71S:S75F:T76S:Y106S,1556861358,False,False,False,True
I52S:T57S:N59A:S77N:Y106S,1557245645,False,False,False,True
F29S:S30N:S77N:R87T,1560205922,False,False,False,True
S30N:S31N:N59A:R87T:Y95F,1560651082,False,False,False,True
A58T:N59A:T76S:Y95F:Y106S,1561568199,False,False,False,True
I52S:A58T:T71S:S75F:R87T,1562012196,False,False,False,True
A58T:S75F:T76S:R87T:Y95F,1563101797,False,False,False,True
T57S:Y106S,1563547946,False,False,False,True
F29S:S31N:N59A:K74I:T76S,1566312781,False,False,False,True
S30N:S31N:T57S:K74I:Y106S,1567089738,False,False,False,True
S30N:T57S:S75F:S77N,1568586683,False,False,False,True
I52S:K74I:S77N,1569830313,False,False,False,True
F29S:S31N:A58T:K74I:T76S,1571507456,False,False,False,True
S30N:I52S:N59A:S77N:S84N,1573562172,False,False,False,True
T57S:A58T:T71S:Y95F:Y106S,1575458590,False,False,False,True
A58T:T71S:T76S:S77N:Y106S,1577136079,False,False,False,True
S31N:T57S:T71S:S77N:Y95F,1577178175,False,False,False,True
S77N:Y95F:Y106S,1577390321,False,False,False,True
A58T:N59A:S75F,1579589950,False,False,False,True
S30N:T57S:S75F:S84N:R87T,1580149944,False,False,False,True
S30N:N59A:T71S:K74I,1580515783,False,False,False,True
S31N:I52S:A58T:S75F:Y106S,1581460308,False,False,False,True
S30N:N59A:S84N:Y95F:Y106S,1581685536,False,False,False,True
I52S:T71S:K74I,1582955731,False,False,False,True
I52S:T71S:T76S:S84N,1583314351,False,False,False,True
S30N:S75F:S77N:Y95F,1584045047,False,False,False,True
S31N:I52S:S77N:Y106S,1584139138,False,False,False,True
A58T:N59A:R87T:Y95F,1584315809,False,False,False,True
F29S:S30N:A58T:N59A:R87T,1584622906,False,False,False,True
S31N:T57S:A58T:T71S:S77N,1586981484,False,False,False,True
F29S:T57S:A58T:S77N:S84N,1587783781,False,False,False,True
S31N:N59A:T71S:K74I,1588249284,False,False,False,True
S30N:T71S:K74I:T76S:Y95F,1590782725,False,False,False,True
F29S:S30N:A58T:T71S:T76S,1592153519,False,False,False,True
F29S:S30N:A58T:S75F,1592794581,False,False,False,True
T57S:N59A:K74I:T76S:R87T,1593514886,False,False,False,True
S31N:T57S:S77N:Y95F:Y106S,1593956631,False,False,False,True
F29S:S30N:S75F:S77N:R87T,1594321789,False,False,False,True
S31N:A58T:K74I:S77N:R87T,1594530866,False,False,False,True
F29S:S30N:I52S:A58T:S84N,1594978854,False,False,False,True
S30N:T76S:S84N,1595549619,False,False,False,True
I52S:T57S:N59A:T76S:S84N,1595710962,False,False,False,True
S75F:T76S:R87T:Y95F,1595740345,False,False,False,True
I52S:N59A:S75F:S77N:Y95F,1596081689,False,False,False,True
S30N:S31N:A58T:S75F:Y106S,1597295855,False,False,False,True
F29S:T71S:S75F:S84N:R87T,1598177968,False,False,False,True
S31N:K74I:S75F:T76S,1598183145,False,False,False,True
S31N:A58T:T76S,1598457093,False,False,False,True
T71S:K74I:S84N:R87T,1601051158,False,False,False,True
S31N:I52S:T57S:T71S:S77N,1601463355,False,False,False,True
F29S:S30N:S31N:N59A:S75F,1601955493,False,False,False,True
T57S:A58T:N59A,1605613572,False,False,False,True
S31N:N59A:T71S:S77N:S84N,1605662605,False,False,False,True
S30N:I52S:K74I:R87T,1608880401,False,False,False,True
A58T:K74I:S77N:R87T,1609279277,False,False,False,True
S30N:S31N:T57S:T76S:S77N,1610138699,False,False,False,True
F29S:S30N:A58T:T76S:S77N,1611914983,False,False,False,True
I52S:T57S:A58T:S75F:T76S,1613701209,False,False,False,True
I52S:T71S:S77N:R87T:Y95F,1616804187,False,False,False,True
S31N:T76S,1617043479,False,False,False,True
S30N:T71S:Y95F,1617087094,False,False,False,True
A58T:N59A:R87T:Y95F:Y106S,1617220802,False,False,False,True
S30N:T57S:S77N:S84N:R87T,1618170782,False,False,False,True
S30N:I52S:K74I:T76S:R87T,1618607817,False,False,False,True
S30N:S31N:S77N:Y95F:Y106S,1619620468,False,False,False,True
A58T:N59A:S75F:S84N:R87T,1621637212,False,False,False,True
I52S:T71S:K74I:S84N:Y106S,1624095481,False,False,False,True
I52S:T57S,1624161756,False,False,False,True
I52S:N59A:K74I:S75F:R87T,1625053347,False,False,False,True
S30N:S77N:R87T:Y95F,1628510247,False,False,False,True
T71S:K74I:S75F:R87T:Y95F,1628821085,False,False,False,True
S30N:T57S:K74I:Y106S,1629436369,False,False,False,True
S31N:T57S:R87T,1630083587,False,False,False,True
F29S:S30N:I52S:N59A:S77N,1631993143,False,False,False,True
F29S:A58T:K74I:T76S:S84N,1632302664,False,False,False,True
T71S:S77N:S84N:Y106S,1632474626,False,False,False,True
T57S:T71S:K74I:S77N,1633534532,False,False,False,True
A58T:T71S:R87T:Y95F:Y106S,1634588812,False,False,False,True
S30N:A58T:T71S:K74I:S77N,1635571063,False,False,False,True
T57S:N59A:R87T:Y95F:Y106S,1639628231,False,False,False,True
T57S:N59A:S75F:Y95F:Y106S,1640693847,False,False,False,True
S30N:T57S:K74I:S77N:Y106S,1640833452,False,False,False,True
S30N:S31N:S75F:S84N:Y95F,1641075492,False,False,False,True
S30N:T57S:K74I:T76S:Y95F,1641158689,False,False,False,True
S30N:T57S:T71S:S75F:R87T,1641751496,False,False,False,True
S30N:N59A:T71S:R87T,1641850967,False,False,False,True
S30N:I52S:R87T,1642570094,False,False,False,True
I52S:A58T:N59A:S77N,1642641409,False,False,False,True
S30N:A58T:N59A:Y95F,1643243152,False,False,False,True
S30N:K74I:S84N:Y95F,1643738725,False,False,False,True
K74I:S77N:S84N:R87T:Y95F,1644355087,False,False,False,True
S30N:T57S:A58T,1644617213,False,False,False,True
F29S:S30N:K74I:S75F,1644895116,False,False,False,True
S31N:A58T:T71S:S77N:S84N,1645314850,False,False,False,True
A58T:S75F:T76S:S77N:S84N,1645345815,False,False,False,True
A58T:N59A:S77N:S84N:R87T,1646428402,False,False,False,True
I52S:A58T:S84N,1647873402,False,False,False,True
I52S:N59A:S77N,1647886211,False,False,False,True
I52S:T57S:N59A,1649119597,False,False,False,True
S30N:N59A:K74I:T76S:Y106S,1649718143,False,False,False,True
S30N:S31N:K74I:S77N:Y95F,1650122422,False,False,False,True
N59A:T71S:T76S:R87T:Y106S,1653392386,False,False,False,True
T57S:K74I:S77N:R87T:Y106S,1653472555,False,False,False,True
T57S:S75F:T76S:S84N,1655424031,False,False,False,True
S30N:I52S:A58T:N59A:S75F,1655474013,False,False,False,True
I52S:T57S:R87T:Y106S,1655796416,False,False,False,True
A58T:T76S:R87T:Y95F:Y106S,1657227555,False,False,False,True
F29S:I52S:T71S:S75F:Y95F,1658476516,False,False,False,True
S30N:S31N:N59A:S77N:Y106S,1659641454,False,False,False,True
A58T:T71S:S77N:S84N,1661990205,False,False,False,True
F29S:S31N:T57S:N59A,1662437283,False,False,False,True
T57S:T71S:T76S:S84N:Y106S,1662899640,False,False,False,True
S30N:S77N:S84N:R87T,1663548171,False,False,False,True
S30N:S31N:I52S:N59A:S77N,1667353728,False,False,False,True
S30N:N59A:T76S:S77N:R87T,1669765879,False,False,False,True
K74I:Y106S,1669838102,False,False,False,True
A58T:T71S:T76S:R87T:Y95F,1669988541,False,False,False,True
T71S:S75F:S77N:Y95F,1672203372,False,False,False,True
F29S:S30N:I52S:T57S:A58T,1673300708,False,False,False,True
T57S:A58T:T71S:T76S:Y95F,1673757085,False,False,False,True
F29S:K74I:S75F:T76S:S84N,1674242289,False,False,False,True
I52S:T71S:K74I:T76S:S84N,1674602076,False,False,False,True
N59A:T71S:K74I:R87T:Y95F,1674873367,False,False,False,True
A58T:T71S:S77N:R87T:Y95F,1675080856,False,False,False,True
S30N:S31N:A58T:N59A:R87T,1675394257,False,False,False,True
T57S:N59A:T71S:Y106S,1678490574,False,False,False,True
S30N:T57S:N59A:T71S,1678493211,False,False,False,True
S31N:N59A:T71S:K74I:T76S,1679066832,False,False,False,True
I52S:K74I,1679239080,False,False,False,True
S30N:I52S:A58T:S75F:T76S,1679966056,False,False,False,True
F29S:S31N:S75F:Y95F,1681016905,False,False,False,True
S30N:T57S:S77N:S84N:Y95F,1681082430,False,False,False,True
T57S:S77N:S84N:R87T,1681667484,False,False,False,True
S30N:S31N:S75F,1682379314,False,False,False,True
S31N:I52S:T57S:S75F:Y95F,1683027885,False,False,False,True
S31N:N59A:T76S,1683483570,False,False,False,True
S30N:I52S:T71S:K74I:R87T,1683669676,False,False,False,True
S31N:I52S:A58T:T71S:T76S,1684211673,False,False,False,True
S30N:S77N:R87T:Y106S,1684573111,False,False,False,True
S30N:I52S:T71S:T76S:Y95F,1684917329,False,False,False,True
F29S:I52S:T57S:S75F:R87T,1687039616,False,False,False,True
T57S:A58T:T76S:S84N:Y106S,1687994347,False,False,False,True
T57S:A58T:N59A:S75F:S77N,1691267948,False,False,False,True
S75F:S84N:Y95F,1691421623,False,False,False,True
T71S:K74I:S77N:R87T:Y95F,1691758303,False,False,False,True
T57S:T76S:S77N:S84N:Y106S,1692051148,False,False,False,True
K74I:S75F:S84N,1693145367,False,False,False,True
S31N:I52S:T57S:N59A:Y106S,1693164835,False,False,False,True
S30N:N59A:K74I:S75F:S77N,1693352108,False,False,False,True
S31N:T71S:K74I:T76S:R87T,1693783136,False,False,False,True
T57S:K74I:S77N:S84N:R87T,1695512287,False,False,False,True
F29S:S30N:T57S:S77N:Y95F,1696022685,False,False,False,True
S31N:N59A:T71S:T76S:Y95F,1696053290,False,False,False,True
I52S:S75F:Y106S,1699059023,False,False,False,True
F29S:S31N:K74I:R87T,1699627001,False,False,False,True
S30N:S31N:S77N:R87T,1700636111,False,False,False,True
S31N:A58T:N59A:S75F:S77N,1701347904,False,False,False,True
S30N:I52S:N59A:S75F:Y106S,1702460272,False,False,False,True
S31N:I52S:S75F:S77N:R87T,1703617727,False,False,False,True
I52S:T57S:N59A:K74I:S77N,1704340577,False,False,False,True
S31N:K74I:T76S:R87T,1705931371,False,False,False,True
K74I:S75F:Y95F,1707182663,False,False,False,True
F29S:I52S:A58T:S84N:Y95F,1707350647,False,False,False,True
S31N:A58T:T71S:S84N,1707640277,False,False,False,True
I52S:T57S:N59A:S84N:R87T,1707640919,False,False,False,True
T57S:A58T:S77N:S84N:R87T,1707713062,False,False,False,True
S30N:N59A:S75F:Y95F,1709862011,False,False,False,True
I52S:T57S:T71S:S77N:S84N,1710772103,False,False,False,True
F29S:I52S:T71S:K74I:T76S,1713143203,False,False,False,True
T71S:S75F:S77N:R87T:Y95F,1714951479,False,False,False,True
I52S:A58T:T71S:S84N:Y95F,1716606224,False,False,False,True
S31N:T57S:A58T:N59A:R87T,1716771496,False,False,False,True
F29S:S31N:T57S:N59A:S75F,1717726906,False,False,False,True
F29S:T57S:A58T:N59A:K74I,1719700693,False,False,False,True
S30N:S31N:T71S:S77N:R87T,1722352282,False,False,False,True
S31N:S75F:T76S:Y95F,1723730379,False,False,False,True
S30N:S31N:N59A:T71S:S77N,1724166048,False,False,False,True
F29S:S75F:S84N:Y95F,1725153253,False,False,False,True
F29S:S30N:I52S:K74I:S77N,1726081901,False,False,False,True
I52S:S77N:S84N:R87T:Y95F,1726948327,False,False,False,True
F29S:I52S:K74I:S77N:S84N,1727467058,False,False,False,True
T57S:T71S:S77N:R87T,1727657672,False,False,False,True
I52S:S75F:S84N:R87T:Y95F,1727772377,False,False,False,True
F29S:I52S:N59A:S77N,1728034997,False,False,False,True
S30N:I52S:S75F:Y106S,1728315353,False,False,False,True
T71S:K74I:S77N:Y106S,1728404506,False,False,False,True
S30N:T71S:T76S:S84N:Y106S,1728721943,False,False,False,True
I52S:T71S:S75F:Y106S,1730409564,False,False,False,True
S30N:A58T:R87T:Y95F:Y106S,1731707821,False,False,False,True
I52S:T57S:N59A:S77N:R87T,1731754753,False,False,False,True
F29S:S31N:T57S:N59A:Y95F,1732106474,False,False,False,True
S31N:T57S:N59A:T76S:S77N,1732216124,False,False,False,True
S31N:T57S:T71S:S75F:T76S,1732695058,False,False,False,True
F29S:S31N:T57S:A58T:N59A,1732952631,False,False,False,True
T76S:S77N:S84N:Y106S,1734103453,False,False,False,True
F29S:S30N:T76S:S77N:R87T,1734962730,False,False,False,True
S30N:S31N:A58T:T76S,1735008863,False,False,False,True
I52S:T71S:S75F:T76S,1736861421,False,False,False,True
S30N:S31N:R87T:Y95F:Y106S,1738747998,False,False,False,True
F29S:I52S:T57S:N59A:Y95F,1739500798,False,False,False,True
S30N:T57S:T71S:K74I,1739696689,False,False,False,True
S30N:A58T:S75F:T76S:S77N,1741210362,False,False,False,True
S31N:A58T:S77N:R87T,1742270803,False,False,False,True
S30N:S31N:T76S:S84N:Y106S,1742463195,False,False,False,True
S30N:K74I:T76S:S84N:R87T,1744127231,False,False,False,True
F29S:I52S:K74I:T76S,1746629886,False,False,False,True
S31N:T57S:N59A:S77N,1747041514,False,False,False,True
S30N:T57S:N59A:K74I,1747062651,False,False,False,True
T57S:T71S:S84N,1747408751,False,False,False,True
N59A:S77N:S84N:R87T,1748297326,False,False,False,True
S31N:S75F:T76S:Y106S,1748771995,False,False,False,True
A58T:N59A:K74I:S75F,1749212465,False,False,False,True
S30N:A58T:N59A:S75F:Y106S,1749254071,False,False,False,True
S30N:T57S:S75F:T76S:S84N,1749411529,False,False,False,True
S30N:T57S:A58T:S77N:Y106S,1750710333,False,False,False,True
F29S:N59A:K74I:T76S:Y95F,1751838803,False,False,False,True
F29S:A58T:N59A:K74I:T76S,1752495216,False,False,False,True
I52S:N59A:T76S:S77N:S84N,1752563726,False,False,False,True
I52S:K74I:S75F:S84N,1753635446,False,False,False,True
F29S:A58T:N59A:S75F:S84N,1754658459,False,False,False,True
S31N:N59A:S75F:S77N:R87T,1754833597,False,False,False,True
S30N:S31N:A58T:N59A:T71S,1755362753,False,False,False,True
F29S:T57S:A58T:S75F:S84N,1755539235,False,False,False,True
S30N:S31N:A58T:S75F:R87T,1756330919,False,False,False,True
F29S:S30N:S75F,1757815889,False,False,False,True
F29S:T57S:S75F:S77N,1758480231,False,False,False,True
S31N:T57S:T71S:T76S:Y95F,1758602988,False,False,False,True
I52S:T57S:T76S:S77N,1758912329,False,False,False,True
F29S:T57S:T76S:S84N:R87T,1761470695,False,False,False,True
S30N:S31N:I52S:T71S,1761499989,False,False,False,True
F29S:S31N:I52S:T57S:T76S,1762519455,False,False,False,True
S30N:N59A:T71S:S84N,1764431935,False,False,False,True
S30N:A58T:N59A:S84N:Y106S,1764898015,False,False,False,True
S31N:N59A:S75F:S84N:Y95F,1765483859,False,False,False,True
I52S:T71S:K74I:T76S:R87T,1767040472,False,False,False,True
F29S:T57S:N59A:T76S:S84N,1767530179,False,False,False,True
I52S:T57S:N59A:S75F:S84N,1768711671,False,False,False,True
F29S:T57S:T71S:S75F:T76S,1768986703,False,False,False,True
N59A:S75F:T76S:S77N,1770315939,False,False,False,True
S31N:S75F:T76S:S77N:Y106S,1771579646,False,False,False,True
T57S:A58T:S75F:T76S:Y106S,1774897813,False,False,False,True
S31N:T57S:N59A:T71S:Y95F,1775356411,False,False,False,True
F29S:I52S:S77N,1775369800,False,False,False,True
A58T:N59A:T71S:S77N:Y106S,1775558884,False,False,False,True
I52S:N59A:T71S:Y106S,1775663042,False,False,False,True
S31N:I52S:T57S:K74I:S84N,1778303469,False,False,False,True
T71S:S75F:Y95F,1778657967,False,False,False,True
S31N:I52S:T57S:A58T:Y106S,1778682422,False,False,False,True
S30N:N59A:T71S:S84N:Y106S,1779697884,False,False,False,True
S31N:N59A:K74I:T76S,1779766811,False,False,False,True
S31N:N59A:T71S:S75F:R87T,1780130883,False,False,False,True
S30N:S31N:S84N:R87T:Y95F,1782035240,False,False,False,True
F29S:I52S:T57S:N59A:T71S,1782478238,False,False,False,True
I52S:T57S:N59A:S75F:Y95F,1782748967,False,False,False,True
T57S:T71S:S75F:T76S:Y106S,1783448042,False,False,False,True
F29S:I52S:T57S:A58T:S75F,1783920333,False,False,False,True
S30N:S31N:T71S:T76S:Y106S,1784962453,False,False,False,True
S31N:I52S:T57S:S77N:S84N,1785345007,False,False,False,True
T57S:K74I:S77N:Y106S,1786999854,False,False,False,True
I52S:T57S:T71S:S77N:Y106S,1787428967,False,False,False,True
I52S:T57S:S75F:S84N:Y95F,1789461653,False,False,False,True
S30N:I52S:N59A:R87T:Y106S,1790487636,False,False,False,True
S30N:S31N:I52S:K74I:R87T,1791787916,False,False,False,True
S31N:N59A:T71S:S84N:Y95F,1792228091,False,False,False,True
S30N:N59A:T76S:S77N:S84N,1792346847,False,False,False,True
S30N:A58T:S77N:S84N:R87T,1795960103,False,False,False,True
S30N:S31N:A58T:Y95F:Y106S,1796488183,False,False,False,True
S30N:I52S:N59A:T71S:Y106S,1798068644,False,False,False,True
F29S:S31N:I52S,1798212410,False,False,False,True
F29S:S75F:T76S:S77N:R87T,1798366905,False,False,False,True
T57S:N59A:T71S:T76S:S84N,1799161418,False,False,False,True
S30N:T76S:S77N:Y106S,1800499286,False,False,False,True
S30N:I52S:N59A:K74I:T76S,1802086005,False,False,False,True
S30N:K74I:T76S:Y95F,1805144296,False,False,False,True
S31N:A58T:T71S:S75F:R87T,1805643324,False,False,False,True
F29S:S30N:N59A:K74I:S84N,1806434913,False,False,False,True
T57S:T71S:K74I:T76S,1806584613,False,False,False,True
I52S:A58T:N59A:S75F:R87T,1807460834,False,False,False,True
A58T:N59A:S75F:R87T:Y106S,1807803902,False,False,False,True
F29S:S31N:I52S:T71S:S75F,1807910596,False,False,False,True
I52S:T71S:S77N:Y95F,1808473384,False,False,False,True
S30N:S31N:T71S:S75F:T76S,1810574131,False,False,False,True
S31N:T71S:K74I:T76S,1810740121,False,False,False,True
N59A:T71S:S75F:S77N,1811754694,False,False,False,True
S30N:N59A:S75F:Y106S,1812491051,False,False,False,True
I52S:N59A:Y95F:Y106S,1813047486,False,False,False,True
S31N:A58T:K74I:S84N:R87T,1814589016,False,False,False,True
S30N:K74I:S75F:T76S:S84N,1815948901,False,False,False,True
I52S:T71S:T76S:S84N:Y106S,1817445260,False,False,False,True
F29S:S30N:S31N:N59A:Y95F,1819031913,False,False,False,True
S31N:T57S:A58T:S75F:Y106S,1819905944,False,False,False,True
S31N:T57S:A58T:T71S:Y106S,1820766732,False,False,False,True
S31N:T57S:S75F:S84N:R87T,1822136153,False,False,False,True
N59A:T76S:S77N:Y95F,1822805841,False,False,False,True
F29S:T57S:K74I:S77N,1822854755,False,False,False,True
S30N:S75F:T76S:Y95F,1823687444,False,False,False,True
S31N:N59A:K74I:T76S:R87T,1823825394,False,False,False,True
S31N:T57S:K74I:S75F:Y95F,1823871405,False,False,False,True
F29S:T57S:S84N:Y95F,1826247773,False,False,False,True
F29S:S31N:A58T:K74I:R87T,1828398691,False,False,False,True
I52S:N59A:K74I:S84N:Y95F,1828539355,False,False,False,True
F29S:S30N:A58T:T71S:S75F,1831540784,False,False,False,True
N59A:T71S:K74I:T76S:R87T,1832512514,False,False,False,True
F29S:S30N:N59A:K74I:Y95F,1832531069,False,False,False,True
A58T:K74I:T76S:Y95F:Y106S,1832859261,False,False,False,True
F29S:I52S:T71S:T76S:R87T,1833690953,False,False,False,True
F29S:S31N:K74I:S75F:T76S,1833916987,False,False,False,True
S31N:S77N:R87T,1835467409,False,False,False,True
F29S:K74I:T76S,1837254329,False,False,False,True
F29S:T71S:S75F:S77N:S84N,1837527334,False,False,False,True
A58T:S75F:S84N:Y95F,1838117603,False,False,False,True
F29S:S30N:T57S:S84N:Y95F,1838613207,False,False,False,True
A58T:S84N:Y95F,1838825900,False,False,False,True
S30N:I52S:A58T,1839049217,False,False,False,True
S31N:I52S:T71S:K74I,1840852938,False,False,False,True
S30N:A58T:T71S:Y95F:Y106S,1842821261,False,False,False,True
S31N:I52S:A58T:T76S:S77N,1843242201,False,False,False,True
F29S:T76S:S84N:Y95F,1843589670,False,False,False,True
I52S:T57S:A58T:K74I:R87T,1843805078,False,False,False,True
S30N:I52S:T57S:T71S:R87T,1846675724,False,False,False,True
S30N:K74I:S75F:R87T,1848111653,False,False,False,True
T57S:S75F:S77N:S84N:Y106S,1849916295,False,False,False,True
F29S:S30N:S31N:T71S:Y95F,1854326623,False,False,False,True
S31N:K74I:S75F:R87T:Y106S,1856217533,False,False,False,True
S31N:T57S:K74I:T76S:Y95F,1856723788,False,False,False,True
T57S:N59A:S75F:T76S:Y95F,1857215454,False,False,False,True
S30N:T57S:T71S:R87T:Y106S,1857720154,False,False,False,True
S31N:I52S:T71S:K74I:R87T,1858746777,False,False,False,True
T57S:A58T:K74I:S75F:T76S,1859443623,False,False,False,True
F29S:S30N:I52S:N59A:S84N,1860373461,False,False,False,True
S31N:T57S:K74I:Y95F,1861374810,False,False,False,True
S31N:T76S:S77N:S84N:Y95F,1863373202,False,False,False,True
T57S:A58T:K74I:Y95F:Y106S,1863751634,False,False,False,True
F29S:S30N:T57S:A58T:S77N,1863856956,False,False,False,True
S30N:A58T:T71S:K74I:S84N,1863951381,False,False,False,True
F29S:K74I:T76S:S84N,1864233620,False,False,False,True
S31N:T57S:K74I:S77N:Y106S,1864548527,False,False,False,True
S31N:T57S:T71S:T76S,1865733409,False,False,False,True
F29S:N59A:S77N:R87T,1867250897,False,False,False,True
S30N:K74I:T76S:S77N:Y106S,1868795509,False,False,False,True
F29S:T57S:T71S:S77N,1868912447,False,False,False,True
F29S:S31N:I52S:N59A:S77N,1869068180,False,False,False,True
S31N:I52S:T57S:S75F:S84N,1869212049,False,False,False,True
S30N:S31N:S75F:R87T:Y106S,1869455218,False,False,False,True
F29S:N59A:K74I:T76S,1869551980,False,False,False,True
F29S:S31N:I52S:T57S:N59A,1869865970,False,False,False,True
F29S:A58T:N59A:T76S:S77N,1870762992,False,False,False,True
F29S:T57S:T71S:S84N,1871041645,False,False,False,True
F29S:S30N:K74I:T76S,1873915483,False,False,False,True
F29S:K74I:S75F:R87T:Y95F,1874071276,False,False,False,True
S30N:T71S:K74I:S84N:R87T,1874618296,False,False,False,True
S31N:A58T:S75F:T76S:Y95F,1875007505,False,False,False,True
S30N:I52S:T76S:R87T:Y106S,1876101555,False,False,False,True
F29S:S31N:A58T:N59A:T71S,1876257189,False,False,False,True
S75F:T76S:S77N:Y106S,1876846083,False,False,False,True
T71S:S75F:S84N:Y95F,1878143134,False,False,False,True
N59A:S75F:T76S:Y106S,1878731997,False,False,False,True
S30N:I52S:S84N:Y106S,1879426629,False,False,False,True
F29S:I52S:Y95F,1880059602,False,False,False,True
F29S:A58T:K74I:S77N:S84N,1880168715,False,False,False,True
T57S:A58T:N59A:T71S:Y95F,1880299914,False,False,False,True
S31N:A58T:N59A:K74I:Y106S,1885231596,False,False,False,True
F29S:S75F:T76S:Y95F,1886558824,False,False,False,True
S30N:I52S:K74I:S77N:S84N,1886606518,False,False,False,True
S31N:T57S:S75F:S77N:Y95F,1887009411,False,False,False,True
F29S:I52S:N59A:T76S:R87T,1887963319,False,False,False,True
F29S:S30N:S31N:S75F,1887976772,False,False,False,True
A58T:S75F:S77N,1888669542,False,False,False,True
F29S:S30N:A58T,1888884238,False,False,False,True
F29S:S30N:T57S:K74I:S84N,1890266087,False,False,False,True
S30N:S31N:A58T:N59A:T76S,1890716538,False,False,False,True
T57S:N59A:T71S:R87T:Y106S,1891339851,False,False,False,True
I52S:A58T:S75F:R87T:Y95F,1893920208,False,False,False,True
S30N:T57S:A58T:R87T:Y106S,1894888403,False,False,False,True
F29S:S31N:S77N:Y95F,1895193147,False,False,False,True
F29S:I52S:T71S:S84N,1895427353,False,False,False,True
T57S:T71S:K74I:Y106S,1895485492,False,False,False,True
S30N:S31N:T57S:S75F:Y95F,1898359316,False,False,False,True
S31N:S75F:Y106S,1898382727,False,False,False,True
S30N:T57S:S75F:R87T,1898732745,False,False,False,True
I52S:A58T:N59A:R87T:Y106S,1899144916,False,False,False,True
F29S:S31N:A58T:T71S:R87T,1899899655,False,False,False,True
A58T:N59A:T71S:K74I:Y95F,1900002376,False,False,False,True
F29S:A58T:N59A:S75F:R87T,1900519395,False,False,False,True
S75F:T76S:S77N:S84N:Y106S,1900694040,False,False,False,True
S31N:T57S:S75F:T76S,1901218381,False,False,False,True
S31N:K74I:S75F:S77N:S84N,1903073863,False,False,False,True
I52S:T57S:T71S:S75F:S77N,1903161411,False,False,False,True
T57S:N59A:K74I:R87T:Y95F,1903509571,False,False,False,True
F29S:I52S:T57S:N59A:S75F,1903734198,False,False,False,True
S30N:T57S:N59A:T71S:S75F,1903795954,False,False,False,True
F29S:S30N:T57S:K74I:Y95F,1904303383,False,False,False,True
F29S:S31N:K74I:S77N,1906364747,False,False,False,True
I52S:A58T:N59A:T71S:Y106S,1906725924,False,False,False,True
S30N:S75F:T76S:S77N,1907588894,False,False,False,True
I52S:T57S:K74I:S84N,1907708686,False,False,False,True
S30N:A58T:K74I:T76S,1908496009,False,False,False,True
F29S:S30N:S31N:I52S:K74I,1909099483,False,False,False,True
S30N:T57S:T71S:S84N:Y106S,1909166194,False,False,False,True
F29S:S30N:N59A:T71S:S84N,1915595285,False,False,False,True
S30N:S31N:T71S:K74I,1915750857,False,False,False,True
I52S:N59A:S75F:Y95F:Y106S,1915922459,False,False,False,True
F29S:S30N:S31N:K74I:R87T,1917864579,False,False,False,True
S30N:I52S:T57S:A58T:R87T,1917922145,False,False,False,True
F29S:A58T:T76S:R87T:Y95F,1917957714,False,False,False,True
S30N:S31N:R87T:Y95F,1919595157,False,False,False,True
F29S:S30N:S31N:T57S:R87T,1920474375,False,False,False,True
S31N:I52S:T57S:S84N:Y95F,1920525873,False,False,False,True
S30N:I52S:N59A:T71S:T76S,1921692437,False,False,False,True
F29S:I52S:K74I:S84N:R87T,1923527156,False,False,False,True
I52S:T71S:R87T:Y95F:Y106S,1924056565,False,False,False,True
F29S:S30N:S84N:R87T:Y95F,1924422087,False,False,False,True
S30N:S31N:K74I:S75F:S84N,1925436800,False,False,False,True
A58T:T76S:S77N:R87T,1926158330,False,False,False,True
S31N:T57S:K74I:S77N:S84N,1926188527,False,False,False,True
I52S:A58T:K74I:S75F,1926368793,False,False,False,True
T57S:S75F:S84N:R87T:Y95F,1927042469,False,False,False,True
K74I:T76S:S77N:R87T:Y106S,1928634920,False,False,False,True
T76S:R87T:Y95F,1928872720,False,False,False,True
F29S:T71S:S77N:S84N:Y95F,1930290902,False,False,False,True
S31N:I52S:T57S:T71S:R87T,1931609417,False,False,False,True
S30N:S31N:Y106S,1932954880,False,False,False,True
S30N:K74I:Y95F:Y106S,1933679369,False,False,False,True
I52S:A58T:K74I:T76S:Y95F,1934765597,False,False,False,True
F29S:S31N:T71S:T76S:S84N,1935136285,False,False,False,True
S77N:S84N:R87T:Y95F,1935922660,False,False,False,True
S31N:T57S:A58T:R87T:Y106S,1936131148,False,False,False,True
I52S:K74I:S77N:Y95F,1936348756,False,False,False,True
A58T:K74I:T76S:S77N,1936827592,False,False,False,True
S30N:N59A:R87T:Y106S,1936971887,False,False,False,True
N59A:T76S:Y95F:Y106S,1944271843,False,False,False,True
F29S:S31N:I52S:A58T:K74I,1944411517,False,False,False,True
S31N:N59A:T76S:S84N,1945481817,False,False,False,True
N59A:S77N:Y95F,1945716831,False,False,False,True
F29S:A58T:T71S:K74I:S84N,1946052897,False,False,False,True
S30N:N59A:S77N:Y95F:Y106S,1947126010,False,False,False,True
A58T:N59A:T71S:S75F:S84N,1948585744,False,False,False,True
F29S:I52S:A58T:T71S:R87T,1949007379,False,False,False,True
I52S:T57S:T71S:T76S:S84N,1951966948,False,False,False,True
S31N:T71S:S77N:S84N,1953507216,False,False,False,True
I52S:N59A:T71S:S75F:S84N,1954230723,False,False,False,True
T57S:N59A:S77N:S84N:Y106S,1955532997,False,False,False,True
K74I:S75F:S84N:R87T:Y106S,1956182041,False,False,False,True
I52S:S75F:T76S:S84N,1957530995,False,False,False,True
T57S:S75F:S84N,1958584395,False,False,False,True
I52S:T76S:S77N:R87T,1959168347,False,False,False,True
T57S:K74I:S75F:T76S,1960173453,False,False,False,True
F29S:T57S:N59A:S84N,1960531295,False,False,False,True
A58T:T71S:K74I:S75F:T76S,1961200045,False,False,False,True
R87T:Y106S,1961288270,False,False,False,True
S30N:A58T:N59A:T71S:Y106S,1961859603,False,False,False,True
S30N:I52S:T57S:S75F:Y95F,1963853168,False,False,False,True
A58T:N59A:T71S:S77N,1965254599,False,False,False,True
F29S:S30N:T57S:R87T:Y95F,1967871915,False,False,False,True
K74I:R87T:Y106S,1968514979,False,False,False,True
F29S:I52S:T57S:S84N,1969397305,False,False,False,True
F29S:S30N:N59A:Y95F,1969469654,False,False,False,True
S30N:I52S:S75F:R87T,1970772397,False,False,False,True
F29S:S30N:S31N:T76S:R87T,1971855610,False,False,False,True
F29S:A58T:T71S:K74I:Y95F,1972149053,False,False,False,True
S31N:T71S:S77N:S84N:Y106S,1972658367,False,False,False,True
K74I:S75F:T76S:S77N:R87T,1974350804,False,False,False,True
T71S:S77N,1975687706,False,False,False,True
S30N:I52S:A58T:S84N:Y95F,1975906243,False,False,False,True
T57S:T71S:S75F:T76S,1976283273,False,False,False,True
S31N:A58T:N59A:T71S:Y95F,1976382446,False,False,False,True
F29S:A58T:S75F,1976387419,False,False,False,True
S30N:N59A:T71S:S75F:T76S,1977169113,False,False,False,True
T57S:S75F:S77N:R87T:Y106S,1977871355,False,False,False,True
N59A:K74I:S75F:S77N:Y106S,1978575621,False,False,False,True
S31N:I52S:T71S:T76S:S84N,1981588920,False,False,False,True
S30N:S31N:T57S:S75F:S77N,1982260766,False,False,False,True
I52S:S75F:T76S:R87T:Y106S,1983183312,False,False,False,True
S31N:I52S:R87T:Y106S,1984359220,False,False,False,True
I52S:A58T:T76S:R87T:Y106S,1984758835,False,False,False,True
S30N:I52S:K74I:R87T:Y95F,1984773244,False,False,False,True
F29S:S31N:I52S:T76S:S77N,1984927635,False,False,False,True
S31N:T71S:S75F:T76S:Y95F,1987973448,False,False,False,True
I52S:T57S:T71S:R87T:Y106S,1989355645,False,False,False,True
S30N:N59A:S77N:S84N:Y106S,1989624470,False,False,False,True
S30N:A58T,1990132956,False,False,False,True
S30N:S31N:I52S:A58T:S75F,1990917345,False,False,False,True
S31N:A58T:T71S:K74I:T76S,1992502287,False,False,False,True
S30N:S31N:N59A:S84N,1992805691,False,False,False,True
S30N:T57S:A58T:S75F:T76S,1994552100,False,False,False,True
F29S:S30N:K74I:R87T:Y95F,1995026471,False,False,False,True
I52S:A58T:N59A:Y106S,1995165695,False,False,False,True
S31N:K74I:T76S:S77N:Y95F,1995593200,False,False,False,True
A58T:T71S:S75F:S84N:R87T,1996572034,False,False,False,True
T71S:S75F:S77N,1997521313,False,False,False,True
S30N:T71S:S77N:R87T:Y106S,1997819928,False,False,False,True
S31N:I52S:N59A:K74I:S77N,1999564325,False,False,False,True
N59A:S75F:R87T:Y95F:Y106S,2000008987,False,False,False,True
S31N:N59A:T71S:S77N:Y106S,2000567681,False,False,False,True
S30N:I52S:N59A:S84N:Y106S,2002372476,False,False,False,True
S30N:T71S:T76S:R87T:Y106S,2003062315,False,False,False,True
F29S:N59A:K74I:S84N:R87T,2003999694,False,False,False,True
S31N:S75F:R87T:Y95F:Y106S,2004583361,False,False,False,True
F29S:T57S:A58T:T76S,2005884523,False,False,False,True
S31N:A58T:K74I:T76S,2006535394,False,False,False,True
S30N:I52S:A58T:K74I:S84N,2007251571,False,False,False,True
S30N:T57S:S84N:Y95F,2007960609,False,False,False,True
S31N:T57S:K74I:S75F:S84N,2010055569,False,False,False,True
F29S:I52S:A58T:T76S,2010064943,False,False,False,True
S30N:S31N:K74I:Y106S,2010104681,False,False,False,True
T57S:K74I:S84N:R87T:Y106S,2010331005,False,False,False,True
I52S:T57S:S77N:R87T:Y95F,2010380067,False,False,False,True
F29S:I52S:N59A:T76S:S84N,2010544287,False,False,False,True
F29S:I52S:T57S:K74I:T76S,2010743619,False,False,False,True
S30N:I52S:T57S:A58T:S75F,2012135561,False,False,False,True
F29S:I52S:N59A:T71S:S84N,2012803478,False,False,False,True
S30N:S84N:R87T:Y106S,2013091393,False,False,False,True
K74I:S75F:R87T:Y95F,2017012286,False,False,False,True
T76S:S77N:S84N,2017317874,False,False,False,True
S31N:T71S:K74I:S75F:S84N,2017939497,False,False,False,True
S31N:I52S:N59A:S84N,2018281156,False,False,False,True
I52S:S75F:S84N:Y95F,2018302094,False,False,False,True
S31N:A58T:T71S:K74I:S75F,2019712400,False,False,False,True
F29S:I52S:A58T:K74I:T76S,2019722724,False,False,False,True
F29S:S31N:N59A:S75F:S84N,2019736246,False,False,False,True
F29S:S30N:T57S:T71S:T76S,2019777360,False,False,False,True
F29S:S30N:A58T:K74I:Y95F,2019831408,False,False,False,True
S30N:N59A:K74I:R87T:Y95F,2020311322,False,False,False,True
T71S:T76S:R87T:Y106S,2021571425,False,False,False,True
F29S:S31N:T57S:T71S:S77N,2022061802,False,False,False,True
S31N:T57S:S75F:S77N,2022621436,False,False,False,True
T71S:S75F:S77N:S84N:Y106S,2023102387,False,False,False,True
S31N:I52S:S75F:Y106S,2023185744,False,False,False,True
I52S:A58T:T71S:K74I:S77N,2023283362,False,False,False,True
K74I:S77N:S84N:Y95F,2025203444,False,False,False,True
T57S:A58T:S75F:S77N,2026117523,False,False,False,True
I52S:A58T:T71S:S77N:Y95F,2026916446,False,False,False,True
S30N:S31N:A58T:K74I:S75F,2027653827,False,False,False,True
F29S:S31N:T57S:K74I:Y95F,2027891904,False,False,False,True
S31N:A58T:S75F:T76S,2027909190,False,False,False,True
S31N:T57S:A58T:S77N:R87T,2028931840,False,False,False,True
F29S:S30N:K74I:S84N:R87T,2030064395,False,False,False,True
F29S:T57S:A58T:T71S:S75F,2030172307,False,False,False,True
F29S:S31N:I52S:T57S:T71S,2031402644,False,False,False,True
I52S:T57S:S75F:S77N:R87T,2031868323,False,False,False,True
S31N:S75F:T76S:S77N,2034368437,False,False,False,True
I52S:K74I:S77N:Y95F:Y106S,2034588587,False,False,False,True
T57S:N59A:S84N:R87T:Y95F,2038753123,False,False,False,True
F29S:I52S:S75F:T76S:S77N,2039375403,False,False,False,True
I52S:A58T:R87T,2039484654,False,False,False,True
S30N:I52S:T57S:N59A:K74I,2040290758,False,False,False,True
I52S:T57S:T71S:K74I:T76S,2042623086,False,False,False,True
S31N:I52S:N59A:T76S:S77N,2042742720,False,False,False,True
S30N:T71S:K74I:T76S:S84N,2043879881,False,False,False,True
S30N:S31N:T57S:N59A,2044842735,False,False,False,True
I52S:N59A:S77N:S84N:Y106S,2045399881,False,False,False,True
S30N:S31N:T57S:A58T:Y95F,2045999841,False,False,False,True
S30N:A58T:S77N:Y95F:Y106S,2046126159,False,False,False,True
N59A:K74I:Y106S,2047017889,False,False,False,True
A58T:K74I:T76S:S84N:Y106S,2047483793,False,False,False,True
F29S:S30N:T76S:S77N:Y95F,2047576874,False,False,False,True
T57S:R87T:Y95F:Y106S,2047606508,False,False,False,True
F29S:T57S:N59A:T76S:Y95F,2050009379,False,False,False,True
I52S:T76S:Y95F:Y106S,2052964177,False,False,False,True
S30N:K74I:S77N:R87T:Y95F,2053680634,False,False,False,True
F29S:A58T:R87T:Y95F,2055355814,False,False,False,True
N59A:T71S:S75F:T76S:S84N,2058700030,False,False,False,True
S31N:T57S:N59A:K74I:T76S,2059779924,False,False,False,True
F29S:S30N:S75F:Y95F,2060805948,False,False,False,True
S31N:T57S:K74I:S84N:Y95F,2061369393,False,False,False,True
S30N:S31N:S75F:T76S:Y95F,2062239325,False,False,False,True
T57S:K74I:S84N:R87T,2063425106,False,False,False,True
S30N:T57S:N59A:T71S:Y106S,2064129344,False,False,False,True
F29S:S30N:A58T:T71S,2065945685,False,False,False,True
I52S:N59A:T76S:Y95F:Y106S,2066873094,False,False,False,True
N59A:T76S:S84N:R87T:Y106S,2068206176,False,False,False,True
S75F,2068742933,False,False,False,True
N59A:T71S:S77N:R87T:Y95F,2068923445,False,False,False,True
K74I:S75F:Y95F:Y106S,2070802276,False,False,False,True
S31N:I52S:A58T:S75F:Y95F,2073064534,False,False,False,True
F29S:S30N:S31N:T71S:S77N,2073189969,False,False,False,True
S30N:S75F:R87T:Y95F:Y106S,2075504062,False,False,False,True
S30N:T71S:S75F:S84N:Y95F,2075876528,False,False,False,True
I52S:T71S:K74I:T76S:S77N,2076398182,False,False,False,True
S30N:I52S:T76S:S77N:Y95F,2080104277,False,False,False,True
T76S:R87T:Y95F:Y106S,2080350271,False,False,False,True
T57S:A58T:T76S:R87T:Y106S,2080509231,False,False,False,True
F29S:A58T:N59A:T76S,2080682371,False,False,False,True
T57S:A58T:N59A:S77N:Y106S,2081391998,False,False,False,True
T57S:K74I:S75F:S77N,2081576508,False,False,False,True
T57S:N59A:T76S:R87T:Y106S,2086732134,False,False,False,True
F29S:S31N:T76S:Y95F,2086871384,False,False,False,True
S30N:T71S:R87T,2087262118,False,False,False,True
F29S:S31N:N59A:S84N,2087282871,False,False,False,True
N59A:S77N:Y106S,2089374063,False,False,False,True
I52S:A58T:S77N:S84N,2089423603,False,False,False,True
F29S:S30N:S31N:S75F:S77N,2091376885,False,False,False,True
S30N:I52S:T71S:S77N:R87T,2091573438,False,False,False,True
N59A:T71S:T76S:R87T,2091989473,False,False,False,True
S31N:I52S:N59A:T71S:S75F,2092907675,False,False,False,True
T57S:A58T:N59A:T71S,2094480579,False,False,False,True
T57S:Y95F:Y106S,2095451851,False,False,False,True
S30N:I52S:S75F:T76S:Y95F,2096379497,False,False,False,True
S30N:S31N:T57S:S77N,2096956339,False,False,False,True
S31N:K74I:S77N:Y95F:Y106S,2097442611,False,False,False,True
S31N:A58T:N59A:T76S:R87T,2099222739,False,False,False,True
F29S:S31N:N59A:Y95F,2101320167,False,False,False,True
F29S:I52S:T71S:S77N:S84N,2101689654,False,False,False,True
I52S:S84N:R87T:Y106S,2102055932,False,False,False,True
T57S:A58T:S77N,2102116552,False,False,False,True
N59A:S75F:T76S:R87T:Y106S,2103135090,False,False,False,True
A58T:S75F:Y106S,2103707586,False,False,False,True
F29S:A58T:N59A:S84N:Y95F,2104005403,False,False,False,True
S30N:T71S:S84N:R87T:Y95F,2104102700,False,False,False,True
T71S:R87T:Y106S,2106871003,False,False,False,True
S31N:T57S:A58T:S75F:S77N,2107548032,False,False,False,True
S30N:S31N:Y95F:Y106S,2109332845,False,False,False,True
F29S:S31N:A58T:T71S:Y95F,2109773887,False,False,False,True
S75F:S77N:S84N:Y95F:Y106S,2109837315,False,False,False,True
T57S:N59A:T76S,2112502742,False,False,False,True
N59A:T76S:R87T:Y106S,2113912199,False,False,False,True
S31N:T57S:N59A:S75F:Y95F,2114925279,False,False,False,True
I52S:T71S:K74I:R87T:Y106S,2115220645,False,False,False,True
S30N:S77N:S84N:Y106S,2116887715,False,False,False,True
S30N:T57S:R87T:Y95F:Y106S,2117949430,False,False,False,True
N59A:T76S:S77N:S84N:Y106S,2118440430,False,False,False,True
F29S:S30N:A58T:S75F:T76S,2120536623,False,False,False,True
F29S:N59A:T71S:R87T:Y95F,2122063730,False,False,False,True
I52S:A58T:T76S:Y95F,2122173536,False,False,False,True
I52S:N59A:S75F:T76S:S84N,2122336374,False,False,False,True
S31N:T57S:N59A:T76S,2122788447,False,False,False,True
S31N:I52S:K74I:S77N:R87T,2124139779,False,False,False,True
S31N:T57S:S84N:R87T:Y106S,2128608829,False,False,False,True
S30N:N59A:T71S:T76S,2129404924,False,False,False,True
F29S:S30N:S31N:T57S:Y95F,2130348607,False,False,False,True
S30N:S31N:T57S:R87T:Y95F,2131454220,False,False,False,True
F29S:T57S:T71S:T76S:R87T,2133374157,False,False,False,True
S30N:T76S:S77N:S84N:Y106S,2134943039,False,False,False,True
S31N:I52S:N59A:S77N,2135455806,False,False,False,True
S30N:T57S:A58T:N59A,2137898634,False,False,False,True
T57S:A58T:T71S:Y106S,2139679773,False,False,False,True
S31N:T57S:A58T:N59A:T71S,2141275688,False,False,False,True
F29S:S30N:S31N:N59A:R87T,2141680117,False,False,False,True
A58T:N59A:T76S:S84N:R87T,2141979663,False,False,False,True
S31N:I52S:A58T:T71S,2142298795,False,False,False,True
T57S:A58T:T71S:S84N:R87T,2142992224,False,False,False,True
T57S:N59A:S75F:R87T:Y95F,2143335803,False,False,False,True
S31N:K74I:S75F:T76S:S84N,2144268708,False,False,False,True
S30N:S75F:S84N:Y106S,2144481185,False,False,False,True
T57S:K74I:S75F:T76S:R87T,2144785996,False,False,False,True
I52S:K74I:S75F:R87T,2145246698,False,False,False,True
F29S:A58T:T71S:T76S,2145487621,False,False,False,True
I52S:T57S:A58T:T71S:S84N,2145852338,False,False,False,True
F29S:N59A:T71S:R87T,2147118123,False,False,False,True
S30N:A58T:T71S:S84N:Y106S,2147649377,False,False,False,True
T76S:S77N:S84N:R87T:Y106S,2149232306,False,False,False,True
A58T:T71S:S75F:S77N,2150702933,False,False,False,True
F29S:S30N:T71S:K74I:R87T,2150885171,False,False,False,True
S30N:I52S:T71S:S75F:S77N,2151132538,False,False,False,True
S75F:R87T:Y106S,2151343451,False,False,False,True
S30N:I52S:A58T:T71S:S84N,2151984103,False,False,False,True
F29S:K74I:S84N:Y95F,2153082889,False,False,False,True
S30N:K74I:T76S:S77N:S84N,2153190481,False,False,False,True
S30N:T57S:T71S:S77N:Y106S,2153931440,False,False,False,True
S30N:S75F:T76S:S77N:Y95F,2155113737,False,False,False,True
S31N:S75F:S84N:Y95F:Y106S,2156148057,False,False,False,True
S31N:I52S:T57S:N59A:R87T,2158069899,False,False,False,True
F29S:S30N:N59A:R87T:Y95F,2158285137,False,False,False,True
S31N:T57S:T71S:K74I:Y106S,2160958081,False,False,False,True
A58T:S75F:Y95F:Y106S,2162011843,False,False,False,True
S31N:T71S:T76S,2162242584,False,False,False,True
F29S:I52S:T76S:R87T:Y95F,2163124255,False,False,False,True
F29S:I52S:A58T:N59A:S75F,2164005449,False,False,False,True
S31N:I52S:A58T:K74I:T76S,2165788793,False,False,False,True
S30N:I52S:A58T:T71S:Y95F,2166021399,False,False,False,True
S77N:S84N:Y95F:Y106S,2166348246,False,False,False,True
S31N:I52S:A58T:N59A:R87T,2166717788,False,False,False,True
T57S:T71S:S84N:R87T:Y106S,2167879521,False,False,False,True
S30N:K74I:T76S:S84N:Y106S,2170078519,False,False,False,True
S30N:T71S:S77N:S84N,2171891787,False,False,False,True
S30N:S31N:I52S:T71S:S84N,2172194072,False,False,False,True
S30N:T76S:S84N:Y95F,2172516954,False,False,False,True
F29S:S30N:S31N:T71S,2174528832,False,False,False,True
K74I:S75F:R87T:Y106S,2176069820,False,False,False,True
S30N:I52S:T71S:T76S:S77N,2176941959,False,False,False,True
I52S:T71S:T76S:Y106S,2178110959,False,False,False,True
N59A:S75F:R87T,2178230969,False,False,False,True
F29S:S31N:I52S:S77N:S84N,2178967790,False,False,False,True
I52S:T57S:K74I:S75F:Y106S,2180177245,False,False,False,True
I52S:T57S:A58T:T71S:S75F,2180517502,False,False,False,True
F29S:K74I,2180855307,False,False,False,True
F29S:T57S:A58T:T76S:Y95F,2181085234,False,False,False,True
F29S:N59A:K74I:S75F:R87T,2182157650,False,False,False,True
F29S:A58T:N59A:K74I:S77N,2184403733,False,False,False,True
A58T:T71S:K74I:T76S:R87T,2184845927,False,False,False,True
I52S:A58T:T71S:Y95F,2189606073,False,False,False,True
S31N:I52S:K74I:S84N:Y106S,2189788349,False,False,False,True
S31N:N59A:K74I:R87T:Y106S,2190284151,False,False,False,True
S30N:A58T:K74I:S77N:Y106S,2191482951,False,False,False,True
F29S:I52S:A58T:T71S:K74I,2191742787,False,False,False,True
S30N:S31N:T57S:N59A:S84N,2192352570,False,False,False,True
T57S:A58T:T71S:K74I:Y95F,2193538692,False,False,False,True
S31N:S75F:S77N:R87T:Y106S,2195816399,False,False,False,True
F29S:I52S:T71S:R87T:Y95F,2199856380,False,False,False,True
S30N:S31N:T57S:A58T:N59A,2201520923,False,False,False,True
S31N:I52S:T57S:T76S,2203463297,False,False,False,True
S30N:A58T:S84N:R87T,2204976074,False,False,False,True
T57S:K74I:S75F:Y95F:Y106S,2205346545,False,False,False,True
T57S:A58T:T76S:Y95F,2205519620,False,False,False,True
T71S:K74I:S77N:Y95F,2205856196,False,False,False,True
T57S:A58T:Y95F,2206806354,False,False,False,True
S30N:N59A:T71S:K74I:R87T,2207272982,False,False,False,True
S31N:N59A:S77N:R87T,2208284706,False,False,False,True
A58T:S77N:S84N:R87T:Y106S,2209867726,False,False,False,True
S30N:N59A:R87T:Y95F,2211775839,False,False,False,True
T57S:N59A:T76S:Y95F,2212020353,False,False,False,True
F29S:S30N:T71S:K74I:S75F,2212278831,False,False,False,True
I52S:T57S:T76S:R87T,2213064479,False,False,False,True
F29S:S31N:T71S:S77N:S84N,2213806002,False,False,False,True
S30N:T57S:T76S:R87T:Y106S,2215121783,False,False,False,True
T57S:N59A:S75F:S77N,2216470346,False,False,False,True
S30N:T57S:T76S:S77N,2219253782,False,False,False,True
S30N:A58T:N59A:T76S:S84N,2219629298,False,False,False,True
I52S:T57S:T71S:K74I:S75F,2219935485,False,False,False,True
I52S:A58T:N59A:S77N:Y106S,2220082082,False,False,False,True
S30N:R87T,2220370119,False,False,False,True
S31N:N59A:K74I:S77N,2221453846,False,False,False,True
S30N:N59A:K74I,2223264580,False,False,False,True
A58T:S77N:S84N,2224309070,False,False,False,True
F29S:T76S:S77N:S84N:R87T,2224330979,False,False,False,True
S30N:I52S:N59A:S75F:Y95F,2225429522,False,False,False,True
I52S:T71S:S77N:R87T:Y106S,2226188171,False,False,False,True
I52S:T57S:N59A:T76S:Y106S,2226631876,False,False,False,True
S31N:I52S:T71S:Y95F:Y106S,2227354009,False,False,False,True
T57S:N59A:K74I:S75F:Y106S,2229404391,False,False,False,True
I52S:T71S:K74I:S75F:S77N,2230243307,False,False,False,True
F29S:I52S:T57S:A58T:Y95F,2231148177,False,False,False,True
I52S:N59A:K74I:T76S:Y106S,2231928168,False,False,False,True
F29S:N59A:T71S:K74I:S77N,2232666344,False,False,False,True
F29S:S30N:N59A:S75F:T76S,2235864198,False,False,False,True
I52S:N59A:T71S:S75F:Y95F,2236709923,False,False,False,True
S30N:I52S:T71S:S77N:S84N,2236845994,False,False,False,True
S31N:I52S:S75F:R87T:Y106S,2236864877,False,False,False,True
F29S:I52S:T57S:K74I:S75F,2239551540,False,False,False,True
F29S:S31N:T76S:R87T:Y95F,2240073547,False,False,False,True
F29S:I52S:T57S:T71S,2240346401,False,False,False,True
S30N:I52S:K74I,2241370994,False,False,False,True
S31N:K74I:S75F:Y95F:Y106S,2241404109,False,False,False,True
F29S:S31N:K74I:S84N:Y95F,2242185084,False,False,False,True
A58T:T76S:S77N:R87T:Y95F,2242237789,False,False,False,True
S30N:N59A:T76S:R87T:Y95F,2243198637,False,False,False,True
S31N:N59A:S75F:T76S:S77N,2243824344,False,False,False,True
I52S:T57S:K74I:T76S:Y95F,2244364212,False,False,False,True
T57S:N59A:T71S,2246870789,False,False,False,True
S31N:A58T:K74I:R87T:Y106S,2247198410,False,False,False,True
S30N:I52S:K74I:T76S:S84N,2248518401,False,False,False,True
F29S:N59A:T76S:S77N:R87T,2249310323,False,False,False,True
F29S:I52S:A58T:S75F,2249452208,False,False,False,True
S31N:T71S:S75F:S84N:Y95F,2249625541,False,False,False,True
S30N:S31N:T71S:K74I:S75F,2250356228,False,False,False,True
N59A:T71S:K74I:T76S:S77N,2251188264,False,False,False,True
F29S:T71S:S75F:R87T,2252546049,False,False,False,True
F29S:T57S:S75F:T76S,2252566782,False,False,False,True
S30N:S31N:T57S:N59A:S75F,2253539878,False,False,False,True
S30N:T57S:S75F:Y106S,2254098693,False,False,False,True
S30N:A58T:K74I:S75F:R87T,2254449361,False,False,False,True
I52S:T57S:T71S:S75F:Y106S,2254791165,False,False,False,True
S30N:T57S:K74I:S75F:Y106S,2256563790,False,False,False,True
S30N:T71S:S75F:T76S:R87T,2256603373,False,False,False,True
S30N:T57S:N59A:Y95F,2256819075,False,False,False,True
F29S:I52S:T76S:S84N,2256903444,False,False,False,True
F29S:I52S:T57S:A58T:T71S,2257071437,False,False,False,True
I52S:K74I:S75F:T76S:Y106S,2258087378,False,False,False,True
T57S:S75F:T76S:Y95F,2258812751,False,False,False,True
F29S:S31N:A58T:S77N:R87T,2260128533,False,False,False,True
S31N:T71S:R87T:Y106S,2260400272,False,False,False,True
S30N:K74I:S75F:S77N:Y106S,2261211420,False,False,False,True
S31N:N59A:K74I:R87T:Y95F,2261272935,False,False,False,True
S30N:S75F:T76S:Y106S,2261460810,False,False,False,True
I52S:N59A:T71S:K74I:S84N,2263011347,False,False,False,True
S31N:S75F:S77N:Y95F:Y106S,2264516667,False,False,False,True
S30N:A58T:T71S:T76S:Y106S,2264629002,False,False,False,True
S30N:T57S:T71S:R87T,2265781049,False,False,False,True
S30N:I52S:S75F:R87T:Y106S,2266436150,False,False,False,True
F29S:I52S:A58T:K74I:S75F,2269634611,False,False,False,True
T57S:T71S:K74I:S84N,2269679938,False,False,False,True
N59A:K74I:T76S:S84N:Y106S,2270199854,False,False,False,True
T57S:S77N:R87T:Y95F,2270480504,False,False,False,True
F29S:S30N:S31N:N59A:S77N,2272662895,False,False,False,True
I52S:A58T:S75F:Y95F,2273745713,False,False,False,True
I52S:T76S,2274582079,False,False,False,True
A58T:T71S,2275527017,False,False,False,True
K74I:S75F:T76S:S84N:R87T,2275683922,False,False,False,True
S75F:S84N,2276382040,False,False,False,True
S30N:T57S:T71S:S75F:Y106S,2276647090,False,False,False,True
S30N:T57S:T71S:Y106S,2277087605,False,False,False,True
N59A:T71S:T76S,2277168386,False,False,False,True
S31N:A58T:N59A:S84N,2277365447,False,False,False,True
S77N:Y106S,2277474940,False,False,False,True
S30N:S31N:I52S:T57S,2277552265,False,False,False,True
I52S:A58T:T71S:T76S:S84N,2277753637,False,False,False,True
F29S:I52S:T71S:R87T,2277899921,False,False,False,True
S30N:T57S:K74I:S75F,2278845829,False,False,False,True
F29S:A58T:S84N:R87T,2278853166,False,False,False,True
S30N:N59A:T71S:S77N:Y106S,2280703874,False,False,False,True
K74I:T76S:S77N:R87T,2282044547,False,False,False,True
S30N:S31N:T76S,2283142921,False,False,False,True
S31N:A58T:T71S:T76S:Y106S,2283655521,False,False,False,True
I52S:T57S:N59A:Y95F:Y106S,2283806911,False,False,False,True
F29S:I52S:T76S:S77N:Y95F,2284107417,False,False,False,True
Y95F,2285922521,False,False,False,True
T71S:K74I:T76S:S84N,2288489067,False,False,False,True
S30N:S31N:T57S:S75F:Y106S,2289454154,False,False,False,True
F29S:T71S:S77N:S84N,2289502967,False,False,False,True
I52S:T57S:S77N:S84N,2290696512,False,False,False,True
F29S:I52S:S75F:Y95F,2291639045,False,False,False,True
S31N:A58T:T71S:S75F:S84N,2292176352,False,False,False,True
F29S:T57S:A58T:S75F,2292856444,False,False,False,True
S31N:I52S:T57S:S75F:Y106S,2295022645,False,False,False,True
T71S:S75F:T76S:Y106S,2295580179,False,False,False,True
F29S:T57S:T76S:R87T,2295938396,False,False,False,True
S31N:N59A:K74I:S84N:R87T,2296310859,False,False,False,True
F29S:T57S:N59A:T71S:S77N,2297585876,False,False,False,True
F29S:A58T:T71S:R87T:Y95F,2297903121,False,False,False,True
F29S:T57S:A58T:Y95F,2299265228,False,False,False,True
I52S:N59A:S84N,2302533049,False,False,False,True
F29S:T71S:S77N:Y95F,2303540263,False,False,False,True
F29S:S30N:S75F:T76S,2304205883,False,False,False,True
S31N:I52S:A58T:S77N,2305029933,False,False,False,True
I52S:A58T:S84N:R87T:Y95F,2305414964,False,False,False,True
N59A:K74I:S77N:R87T:Y95F,2305862249,False,False,False,True
T57S:T71S:S75F:S84N:Y95F,2308944537,False,False,False,True
I52S:T57S:Y106S,2310097715,False,False,False,True
T57S:A58T:T76S:S77N,2310209422,False,False,False,True
S31N:I52S:T57S:A58T:N59A,2310390138,False,False,False,True
T57S:N59A:S75F,2310603493,False,False,False,True
A58T:N59A:S75F:S77N:S84N,2311962618,False,False,False,True
K74I:S75F:T76S:R87T:Y95F,2312406410,False,False,False,True
S31N:T57S:S75F:S77N:Y106S,2312495059,False,False,False,True
S31N:T57S:S75F:T76S:S77N,2312611074,False,False,False,True
T57S:T71S:S77N:S84N:Y95F,2312833363,False,False,False,True
F29S:S30N:K74I:S77N,2315602518,False,False,False,True
I52S:T57S:A58T:K74I:T76S,2315639381,False,False,False,True
K74I:S75F:T76S:S84N:Y106S,2316413856,False,False,False,True
T57S:N59A:T71S:S77N:Y106S,2317920885,False,False,False,True
S31N:I52S:N59A:S75F:R87T,2318039667,False,False,False,True
I52S:T57S:N59A:K74I:Y106S,2319128287,False,False,False,True
S30N:T71S:T76S:S77N:R87T,2320164889,False,False,False,True
S31N:N59A:T71S:K74I:S77N,2323255669,False,False,False,True
S30N:A58T:S84N:Y106S,2325614248,False,False,False,True
S31N:I52S:T76S:Y106S,2326490835,False,False,False,True
T57S:A58T:T76S:S77N:Y106S,2326952385,False,False,False,True
I52S:N59A:T71S:S84N:Y95F,2327372515,False,False,False,True
S31N:N59A:T76S:R87T,2327851217,False,False,False,True
I52S:Y95F:Y106S,2328137047,False,False,False,True
S30N:A58T:N59A:K74I:S77N,2328258913,False,False,False,True
F29S:S31N:A58T:T71S:S77N,2328637233,False,False,False,True
S31N:I52S:T57S:K74I:Y106S,2328882401,False,False,False,True
S30N:A58T:N59A:S84N:R87T,2331559255,False,False,False,True
F29S:S30N:T57S:K74I,2332576312,False,False,False,True
F29S:S77N:R87T:Y95F,2333569171,False,False,False,True
I52S:N59A:S75F:S84N,2333628308,False,False,False,True
T71S:K74I:S77N:Y95F:Y106S,2333773531,False,False,False,True
S31N:T57S:N59A:S75F:S77N,2333788625,False,False,False,True
S30N:I52S:K74I:S75F:R87T,2333792352,False,False,False,True
S30N:A58T:T71S:S77N:S84N,2334690439,False,False,False,True
I52S:K74I:S84N:R87T:Y106S,2336025977,False,False,False,True
F29S:T57S:S75F,2336559590,False,False,False,True
T57S:A58T:K74I:S75F:R87T,2337832364,False,False,False,True
S31N:I52S:T57S:T71S,2338817082,False,False,False,True
F29S:I52S:K74I:S75F:Y95F,2338898192,False,False,False,True
F29S:T71S:S75F:S84N:Y95F,2339218772,False,False,False,True
T71S:S77N:R87T:Y95F,2339499476,False,False,False,True
S30N:S31N:A58T:T71S:S77N,2340943461,False,False,False,True
F29S:S31N:N59A:T76S:S77N,2343244549,False,False,False,True
N59A:K74I:S75F:Y95F,2343341496,False,False,False,True
I52S:N59A:K74I:S77N:Y106S,2344017505,False,False,False,True
S31N:T57S:N59A:S77N:R87T,2347439417,False,False,False,True
F29S:S31N:I52S:S84N:Y95F,2348337484,False,False,False,True
S30N:S31N:N59A:Y95F,2348540859,False,False,False,True
A58T:T76S:R87T,2349050369,False,False,False,True
F29S:S30N:S31N:T57S:S77N,2349211953,False,False,False,True
S31N:T57S:T71S:S75F:R87T,2349220633,False,False,False,True
S31N:T71S:T76S:Y106S,2350521767,False,False,False,True
T57S:A58T:T71S:S75F:T76S,2351261187,False,False,False,True
F29S:S31N:S77N:R87T:Y95F,2351655114,False,False,False,True
F29S:K74I:S75F:S84N,2352066377,False,False,False,True
S31N:T76S:R87T:Y95F,2352202865,False,False,False,True
F29S:S30N:T57S:T71S:Y95F,2353224971,False,False,False,True
S30N:A58T:N59A:S77N:R87T,2355673089,False,False,False,True
F29S:N59A:K74I:S77N:S84N,2357574156,False,False,False,True
I52S:K74I:T76S:S77N:Y106S,2357865358,False,False,False,True
I52S:T57S:A58T:S75F:R87T,2360216770,False,False,False,True
S30N:T57S:K74I:T76S:S84N,2361563637,False,False,False,True
I52S:A58T:T76S:R87T:Y95F,2361812323,False,False,False,True
S31N:T57S:S77N,2362876197,False,False,False,True
S30N:S31N:T57S:T76S:Y95F,2363222829,False,False,False,True
F29S:T71S:K74I:S75F:R87T,2366962060,False,False,False,True
N59A:K74I:T76S:R87T,2367311117,False,False,False,True
T57S:S84N:R87T:Y95F:Y106S,2367700261,False,False,False,True
A58T:K74I:S77N:R87T:Y95F,2367883984,False,False,False,True
A58T:N59A:T76S:R87T,2370706404,False,False,False,True
T71S:K74I:S75F:S77N:Y106S,2371280495,False,False,False,True
S30N:T57S:A58T:K74I:Y95F,2372368031,False,False,False,True
F29S:S31N:S84N,2374899218,False,False,False,True
T57S:A58T:S75F:T76S:S84N,2374983409,False,False,False,True
S30N:I52S:T57S:S75F:R87T,2375058828,False,False,False,True
K74I:T76S:S77N:Y106S,2375065707,False,False,False,True
F29S:I52S:T57S:T76S,2375700186,False,False,False,True
S31N:I52S:S75F:T76S:Y95F,2376836132,False,False,False,True
T71S:S75F:T76S:S77N:Y95F,2376842368,False,False,False,True
S31N:S84N:Y95F,2377406879,False,False,False,True
T71S:K74I:S75F:S77N:R87T,2381714471,False,False,False,True
K74I:S75F:S84N:Y95F:Y106S,2382648681,False,False,False,True
S31N:T57S:A58T:T71S:Y95F,2382685742,False,False,False,True
S31N:A58T:N59A:S75F:Y106S,2383016664,False,False,False,False
F29S:A58T:S75F:T76S:Y95F,2383476148,False,False,False,False
N59A:T76S:S77N:S84N:R87T,2383661588,False,False,False,False
S31N:A58T:N59A:T71S:Y106S,2383774284,False,False,False,False
A58T:T76S:Y95F:Y106S,2384194862,False,False,False,False
N59A:S75F:S77N,2384968715,False,False,False,False
S31N:I52S:K74I:R87T,2386721814,False,False,False,False
S30N:A58T:T76S:S84N,2387418775,False,False,False,False
F29S:S31N:T57S:S77N:S84N,2387727226,False,False,False,False
S30N:A58T:N59A:S75F:S84N,2392630007,False,False,False,False
I52S,2394073573,False,False,False,False
S30N:N59A:T76S:S77N:Y95F,2395735567,False,False,False,False
S30N:I52S:A58T:S75F:R87T,2396073915,False,False,False,False
F29S:N59A:S77N:S84N:Y95F,2396167332,False,False,False,False
F29S:S31N:T57S:T71S:T76S,2397808735,False,False,False,False
I52S:T71S:T76S:Y95F,2398880223,False,False,False,False
F29S:S31N:N59A:K74I:R87T,2399720094,False,False,False,False
S30N:S31N:I52S:T71S:S77N,2399986010,False,False,False,False
T57S:N59A:S75F:T76S,2400725311,False,False,False,False
S30N:A58T:S75F:R87T:Y106S,2400738601,False,False,False,False
T57S:N59A:T71S:K74I:S77N,2402936393,False,False,False,False
I52S:A58T:S75F:T76S:S84N,2403679517,False,False,False,False
I52S:A58T:K74I:S84N:R87T,2404000736,False,False,False,False
S30N:S31N:I52S:T76S:Y106S,2404820057,False,False,False,False
I52S:A58T:T76S:S77N:S84N,2405529625,False,False,False,False
S30N:A58T:N59A:S75F:Y95F,2406667303,False,False,False,False
S31N:K74I:T76S:S77N:R87T,2406798860,False,False,False,False
S30N:T71S:S77N,2406937860,False,False,False,False
S30N:I52S:N59A:T76S:R87T,2408064859,False,False,False,False
F29S:S31N:S75F,2409564382,False,False,False,False
F29S:S31N:T71S:S84N:R87T,2409866100,False,False,False,False
S31N:T57S:N59A:S84N:Y95F,2410451879,False,False,False,False
K74I:S77N:Y106S,2411402989,False,False,False,False
F29S:S31N:N59A:S75F:R87T,2411450666,False,False,False,False
T57S:S77N:S84N:Y106S,2412408550,False,False,False,False
F29S:K74I:S75F:T76S,2412874250,False,False,False,False
S30N:A58T:S75F:S84N:Y95F,2413379989,False,False,False,False
S30N:S31N:K74I:Y95F:Y106S,2416032706,False,False,False,False
N59A:Y106S,2416317656,False,False,False,False
S30N:T57S:T71S:T76S:S77N,2417392163,False,False,False,False
S30N:S31N:T71S,2418496706,False,False,False,False
S30N:S31N:T57S:S75F:T76S,2424954963,False,False,False,False
N59A:S75F:T76S:S84N,2425065945,False,False,False,False
A58T:N59A:S75F:S77N:Y106S,2425715980,False,False,False,False
S30N:S31N:T57S:Y106S,2425737229,False,False,False,False
S30N:T57S:T76S:R87T,2425991528,False,False,False,False
S31N:A58T:S84N:Y106S,2427223629,False,False,False,False
A58T:T71S:S75F:S77N:R87T,2429514500,False,False,False,False
S31N:I52S:S75F:Y95F:Y106S,2430171549,False,False,False,False
S30N:Y95F,2430244351,False,False,False,False
S31N:I52S:A58T:T71S:R87T,2430727234,False,False,False,False
F29S:S30N:I52S:T71S:R87T,2434890543,False,False,False,False
A58T:K74I:R87T:Y106S,2438551143,False,False,False,False
S31N:T71S:T76S:R87T:Y95F,2438700590,False,False,False,False
S30N:I52S:N59A:K74I,2439987943,False,False,False,False
S30N:I52S:T57S:S84N,2440229989,False,False,False,False
S30N:S31N:T71S:T76S:S77N,2442821035,False,False,False,False
F29S:S30N:T71S:T76S:R87T,2443532010,False,False,False,False
S30N:I52S:A58T:K74I:Y106S,2443927747,False,False,False,False
S31N:T57S:N59A:T76S:R87T,2444220382,False,False,False,False
N59A:Y95F,2444341018,False,False,False,False
F29S:T57S:A58T:N59A:T71S,2444396797,False,False,False,False
F29S:S75F:Y95F,2444617110,False,False,False,False
I52S:S77N:S84N:Y95F:Y106S,2446302067,False,False,False,False
S31N:N59A:T71S:R87T,2446722752,False,False,False,False
S77N:S84N:R87T:Y95F:Y106S,2447239419,False,False,False,False
S30N:S31N:K74I:S77N,2448787031,False,False,False,False
S31N:S75F:S84N:R87T:Y106S,2449575657,False,False,False,False
S31N:I52S:K74I:Y106S,2449911524,False,False,False,False
N59A:K74I:S84N:R87T:Y95F,2450138579,False,False,False,False
A58T:T71S:K74I:S84N:Y106S,2450497088,False,False,False,False
N59A:S75F,2450749802,False,False,False,False
S31N:I52S:S75F,2451215787,False,False,False,False
I52S:T71S:S75F:T76S:Y106S,2451725686,False,False,False,False
S31N:I52S:T57S:A58T:Y95F,2451958352,False,False,False,False
S31N:N59A:S75F:S77N,2455888630,False,False,False,False
S30N:A58T:N59A:R87T:Y106S,2456611587,False,False,False,False
I52S:T57S:N59A:S75F:R87T,2456679295,False,False,False,False
S31N:N59A:K74I:S75F:S84N,2458360787,False,False,False,False
I52S:N59A:T71S:T76S:Y106S,2459909680,False,False,False,False
F29S:I52S:K74I:S75F,2460826093,False,False,False,False
A58T:N59A:K74I:R87T,2460938841,False,False,False,False
F29S:S31N:N59A:K74I:Y95F,2462631742,False,False,False,False
F29S:I52S:T71S:T76S:S84N,2463601537,False,False,False,False
F29S:N59A:T71S:S84N:R87T,2465819258,False,False,False,False
S31N:T71S:T76S:S84N,2466238279,False,False,False,False
S31N:I52S:T57S:S75F:T76S,2466289650,False,False,False,False
F29S:T57S:S77N:S84N:Y95F,2466985370,False,False,False,False
S31N:A58T:S77N:Y95F,2468240491,False,False,False,False
A58T:N59A:T71S:S75F:Y95F,2470006512,False,False,False,False
T57S:N59A:K74I:S84N:R87T,2470760903,False,False,False,False
F29S:I52S:T57S,2471544594,False,False,False,False
S30N:T57S:T71S:S77N,2472518795,False,False,False,False
S30N:S31N:A58T:T71S:Y106S,2473324459,False,False,False,False
S30N:S31N:T71S:S84N,2474830921,False,False,False,False
S31N:T71S:S77N:Y95F,2474927984,False,False,False,False
F29S:A58T:T76S:Y95F,2475715379,False,False,False,False
N59A:T76S:R87T:Y95F,2476192727,False,False,False,False
S30N:T57S:N59A:T76S:S77N,2477083241,False,False,False,False
F29S:T57S:K74I:S84N,2477501593,False,False,False,False
S30N:S31N:T71S:S75F:R87T,2478295760,False,False,False,False
S31N:A58T:N59A:T71S:T76S,2478434589,False,False,False,False
A58T:K74I:T76S:S77N:R87T,2481431455,False,False,False,False
T57S:A58T:K74I:R87T:Y95F,2482809808,False,False,False,False
F29S:N59A:T76S:S84N:R87T,2484056865,False,False,False,False
S31N:T57S:S75F:T76S:Y106S,2486161110,False,False,False,False
I52S:T57S:K74I,2486405467,False,False,False,False
T57S:A58T:N59A:S75F:Y95F,2486972206,False,False,False,False
F29S:S31N:T71S:S84N,2487432581,False,False,False,False
S31N:N59A:S75F:R87T:Y106S,2487627095,False,False,False,False
S31N:A58T:T71S:K74I:Y106S,2487875070,False,False,False,False
S30N:N59A:K74I:S75F:Y95F,2489056366,False,False,False,False
F29S:S30N:R87T,2490330617,False,False,False,False
S31N:A58T:N59A:S77N,2490392569,False,False,False,False
F29S:I52S:T71S:T76S,2493119034,False,False,False,False
F29S:I52S:T71S:S77N:R87T,2493404074,False,False,False,False
T57S:T76S:Y95F,2493447002,False,False,False,False
I52S:N59A:R87T,2493513649,False,False,False,False
F29S:T57S:K74I:S84N:Y95F,2493929060,False,False,False,False
S30N:I52S:S77N:Y95F,2494019667,False,False,False,False
I52S:N59A:T71S:K74I:S75F,2496788087,False,False,False,False
N59A:T71S:K74I,2503778945,False,False,False,False
S75F:S77N,2504070810,False,False,False,False
S30N:T57S:N59A:T71S:T76S,2504559561,False,False,False,False
F29S:S31N:I52S:N59A:S84N,2505213586,False,False,False,False
S31N:N59A:S84N:Y95F:Y106S,2506304275,False,False,False,False
I52S:T57S:N59A:S77N:Y95F,2506836453,False,False,False,False
I52S:N59A:S77N:S84N:Y95F,2507016961,False,False,False,False
I52S:K74I:S75F:T76S,2507361073,False,False,False,False
I52S:K74I:S75F,2508979619,False,False,False,False
S30N:T57S:K74I:S84N:Y106S,2509056454,False,False,False,False
S30N:A58T:S75F:S77N:S84N,2509925723,False,False,False,False
S31N:A58T:T71S:T76S,2510230318,False,False,False,False
F29S:N59A:S75F:T76S:S77N,2511708021,False,False,False,False
S31N:N59A:T71S:S75F:S77N,2512923493,False,False,False,False
S30N:S31N:T76S:R87T:Y106S,2513505855,False,False,False,False
S31N:T57S:S84N:Y95F:Y106S,2513795405,False,False,False,False
I52S:N59A:S75F:T76S:R87T,2513947626,False,False,False,False
N59A:T71S:S84N:Y95F,2515202572,False,False,False,False
S30N:S31N:N59A:S77N:S84N,2515961672,False,False,False,False
S30N:A58T:K74I:S77N,2516015160,False,False,False,False
I52S:N59A:S77N:Y95F,2516403146,False,False,False,False
T57S:K74I:S84N,2517864699,False,False,False,False
S30N:I52S:S77N,2520428908,False,False,False,False
S31N:T57S:K74I:T76S:S77N,2521125574,False,False,False,False
F29S:S30N:K74I:R87T,2522340264,False,False,False,False
T76S:R87T:Y106S,2523151990,False,False,False,False
T57S:N59A:T71S:T76S:Y106S,2523498620,False,False,False,False
F29S:S30N:T57S:N59A:Y95F,2525462245,False,False,False,False
F29S:K74I:R87T:Y95F,2525766757,False,False,False,False
S31N:N59A:K74I:S77N:Y95F,2526663745,False,False,False,False
S30N:A58T:T71S:S75F:S77N,2527079747,False,False,False,False
S30N:T57S:S75F:S84N,2528643329,False,False,False,False
S30N:T57S:A58T:S75F:R87T,2529212975,False,False,False,False
A58T:T71S:K74I:Y95F:Y106S,2531194560,False,False,False,False
T76S:S77N:R87T:Y106S,2531438569,False,False,False,False
S30N:S31N:S75F:S84N:R87T,2531474464,False,False,False,False
I52S:A58T:S75F:S77N,2532804839,False,False,False,False
S30N:T57S:S84N:R87T:Y106S,2534315398,False,False,False,False
T57S:A58T:T71S:K74I,2534680377,False,False,False,False
F29S:S75F:T76S:S84N:R87T,2535309695,False,False,False,False
S30N:A58T:S77N:S84N:Y106S,2535471471,False,False,False,False
T71S:S75F:R87T:Y95F,2535755382,False,False,False,False
T57S:T71S:S77N:Y106S,2537097650,False,False,False,False
S30N:K74I:S75F:Y95F:Y106S,2538564250,False,False,False,False
T57S:T71S:T76S:R87T:Y106S,2538577968,False,False,False,False
S31N:I52S:T57S:K74I:T76S,2538702726,False,False,False,False
F29S:S31N:I52S:N59A:S75F,2539878750,False,False,False,False
I52S:K74I:T76S:Y106S,2540691851,False,False,False,False
T71S,2541894037,False,False,False,False
F29S:T57S:T71S:S75F:R87T,2542339492,False,False,False,False
A58T:K74I:S77N:S84N,2542494085,False,False,False,False
A58T:S77N:S84N:R87T:Y95F,2543055080,False,False,False,False
F29S:T71S:K74I:T76S:R87T,2543288661,False,False,False,False
S31N:A58T:K74I:T76S:S77N,2543301427,False,False,False,False
I52S:T71S,2543568436,False,False,False,False
I52S:N59A:S84N:Y95F,2543993348,False,False,False,False
I52S:K74I:S75F:S77N:R87T,2544349367,False,False,False,False
F29S:S31N:T57S:T71S,2544354309,False,False,False,False
T71S:Y95F,2544407064,False,False,False,False
I52S:T57S:A58T:N59A:Y106S,2545130474,False,False,False,False
I52S:N59A:T71S:K74I:Y95F,2545490547,False,False,False,False
F29S:S31N:S75F:S77N:Y95F,2545811150,False,False,False,False
F29S:S31N:S75F:T76S:R87T,2548310717,False,False,False,False
F29S:I52S:T71S:S75F:R87T,2548875488,False,False,False,False
S30N:S31N:T57S:T76S:S84N,2549406993,False,False,False,False
I52S:T57S:R87T:Y95F,2549662338,False,False,False,False
F29S:S30N:S31N:N59A,2549875966,False,False,False,False
S30N:I52S:S75F:T76S:S77N,2550010479,False,False,False,False
F29S:S31N:I52S:S77N,2550118715,False,False,False,False
I52S:N59A:T71S:Y95F,2550362476,False,False,False,False
S30N:T57S:N59A:S75F:T76S,2551089813,False,False,False,False
S30N:I52S:T57S:T76S:R87T,2551385429,False,False,False,False
S75F:T76S:Y95F,2552568686,False,False,False,False
F29S:I52S:A58T:K74I:R87T,2554383599,False,False,False,False
F29S:S31N:A58T:S84N:R87T,2555035731,False,False,False,False
A58T:S75F:S77N:R87T,2555354925,False,False,False,False
S31N:T71S:K74I:R87T,2557255682,False,False,False,False
I52S:T57S:T71S:S75F:S84N,2557911417,False,False,False,False
S31N:I52S:T57S:T71S:S84N,2561520001,False,False,False,False
S30N:K74I:S75F:S84N:R87T,2562719852,False,False,False,False
T57S:T71S:Y95F,2563077791,False,False,False,False
S31N:I52S:T57S:S77N,2563328896,False,False,False,False
F29S:T57S:A58T:N59A,2567796214,False,False,False,False
F29S:A58T:N59A:T76S:R87T,2567942474,False,False,False,False
T57S:N59A:K74I:T76S,2568315767,False,False,False,False
T57S:K74I:S75F:S84N:Y95F,2572053325,False,False,False,False
I52S:T57S:K74I:Y95F:Y106S,2573103597,False,False,False,False
S84N:Y95F,2573460400,False,False,False,False
S31N:I52S:K74I:S75F:S77N,2573468751,False,False,False,False
I52S:N59A:T71S,2573482145,False,False,False,False
T57S:A58T:S75F:R87T:Y95F,2574812396,False,False,False,False
S30N:S31N:I52S:T57S:A58T,2574888523,False,False,False,False
S31N:I52S:K74I:S75F:S84N,2575494781,False,False,False,False
S30N:A58T:T71S:T76S:S84N,2575885284,False,False,False,False
N59A:T71S:K74I:S84N:Y106S,2576309267,False,False,False,False
F29S:T71S:S84N:Y95F,2576520681,False,False,False,False
N59A:T71S:S75F:S84N:Y95F,2577742403,False,False,False,False
S30N:T71S:T76S,2579884773,False,False,False,False
S31N:K74I:T76S,2579995948,False,False,False,False
S30N:S31N:T76S:S77N,2582316350,False,False,False,False
S31N:N59A:S75F:R87T:Y95F,2582566727,False,False,False,False
I52S:T57S:S75F:Y95F:Y106S,2582719641,False,False,False,False
I52S:T57S:N59A:T71S:K74I,2582836539,False,False,False,False
S30N:I52S:K74I:S77N:Y95F,2590935082,False,False,False,False
S30N:T57S:A58T:K74I:S77N,2591231377,False,False,False,False
S30N:S31N:S75F:S77N:S84N,2591629174,False,False,False,False
S30N:T71S:S75F:R87T,2592052357,False,False,False,False
S31N:T57S:A58T:Y95F:Y106S,2592398356,False,False,False,False
S30N:I52S:A58T:N59A:S77N,2594623319,False,False,False,False
I52S:A58T:K74I:S77N,2597179363,False,False,False,False
I52S:T76S:S77N:R87T:Y106S,2599804544,False,False,False,False
I52S:A58T:S84N:Y95F,2600572381,False,False,False,False
S31N:I52S:T57S:S77N:Y95F,2601014047,False,False,False,False
S30N:T71S:S75F:S77N:S84N,2601180490,False,False,False,False
S30N:A58T:S75F:T76S,2602022901,False,False,False,False
T57S:S75F:S77N:S84N:R87T,2604565263,False,False,False,False
F29S:I52S:N59A:R87T,2605893811,False,False,False,False
S31N:N59A:S77N:S84N,2606330526,False,False,False,False
S31N:S75F:S77N:R87T:Y95F,2607524799,False,False,False,False
F29S:K74I:S77N:S84N,2608010775,False,False,False,False
F29S:S31N:T57S:S75F,2608087013,False,False,False,False
S31N:T57S:K74I:Y106S,2609555352,False,False,False,False
S30N:N59A:S77N:R87T,2611463813,False,False,False,False
I52S:A58T:K74I:S75F:T76S,2612269699,False,False,False,False
I52S:A58T:N59A:R87T,2612274935,False,False,False,False
T57S:A58T:S84N:R87T,2612937109,False,False,False,False
F29S:T57S:K74I:S75F:S77N,2613018990,False,False,False,False
S30N:I52S:A58T:S75F:S77N,2613385149,False,False,False,False
I52S:T76S:S77N:S84N,2613410243,False,False,False,False
I52S:T57S:K74I:S75F,2613734066,False,False,False,False
A58T:N59A:K74I:T76S:R87T,2613853681,False,False,False,False
F29S:I52S:N59A:T76S:Y95F,2613933007,False,False,False,False
T57S:A58T:S75F:S77N:Y95F,2617620410,False,False,False,False
I52S:A58T:T76S:Y106S,2617649574,False,False,False,False
I52S:T71S:T76S:S77N,2617743569,False,False,False,False
I52S:T76S:S84N:R87T:Y95F,2618224964,False,False,False,False
T57S:N59A:T71S:S84N:Y106S,2619203895,False,False,False,False
K74I:S84N,2619611472,False,False,False,False
S30N:A58T:K74I:Y95F,2620704962,False,False,False,False
S31N:N59A:T71S:T76S:S77N,2621514576,False,False,False,False
F29S:K74I:S77N:Y95F,2622048071,False,False,False,False
S31N:N59A:K74I:S84N:Y106S,2622701923,False,False,False,False
S30N:S31N:S77N:S84N,2623319911,False,False,False,False
S30N:I52S:N59A:T76S:S77N,2625376093,False,False,False,False
F29S:A58T:T71S:S84N:R87T,2626793345,False,False,False,False
A58T:T71S:S77N:Y106S,2627517969,False,False,False,False
T57S:N59A:T76S:S77N:R87T,2628483526,False,False,False,False
I52S:N59A:T76S:R87T:Y95F,2629918740,False,False,False,False
I52S:T57S:T71S,2630116347,False,False,False,False
F29S:T57S:T71S:T76S,2631440902,False,False,False,False
S30N:T57S:N59A:S77N:Y106S,2631692678,False,False,False,False
F29S:S30N:T57S:N59A:K74I,2631759657,False,False,False,False
S30N:A58T:S77N:R87T:Y95F,2634298403,False,False,False,False
S30N:S31N:S77N:Y95F,2637357207,False,False,False,False
S30N:S31N:K74I:S75F:Y95F,2638246368,False,False,False,False
F29S:S30N:I52S:T57S:S75F,2638340691,False,False,False,False
F29S:S30N:T57S:A58T:Y95F,2638772862,False,False,False,False
S30N:T57S:A58T:S77N:S84N,2639204409,False,False,False,False
S31N:K74I:T76S:Y95F:Y106S,2642420344,False,False,False,False
F29S:S31N:I52S:T71S:Y95F,2642473268,False,False,False,False
N59A:K74I:S84N:R87T:Y106S,2642976579,False,False,False,False
I52S:A58T:T71S:S77N,2643237055,False,False,False,False
S31N:A58T:K74I:R87T,2643849321,False,False,False,False
N59A:K74I:S75F:S77N:R87T,2644073161,False,False,False,False
S31N:T57S:A58T:T76S:S84N,2647055531,False,False,False,False
T57S:K74I:Y106S,2647411755,False,False,False,False
S30N:T57S:T76S:S84N:Y106S,2647539555,False,False,False,False
S31N:T57S:T76S:R87T:Y106S,2648033444,False,False,False,False
S30N:S77N,2649107697,False,False,False,False
T57S:S77N:S84N:Y95F:Y106S,2649742031,False,False,False,False
F29S:S30N:S31N:K74I:S77N,2650657189,False,False,False,False
F29S:S30N:S77N:S84N:R87T,2651842261,False,False,False,False
I52S:T57S:T71S:S84N:R87T,2653081061,False,False,False,False
T57S:A58T:T71S:S75F,2653533337,False,False,False,False
S30N:A58T:S75F:S77N:R87T,2655786659,False,False,False,False
T57S:N59A:T71S:S75F:S84N,2656563119,False,False,False,False
F29S:S31N:T57S:N59A:S77N,2657567760,False,False,False,False
S30N:T57S:A58T:S75F:Y106S,2657586087,False,False,False,False
F29S:S31N:I52S:K74I:R87T,2659678840,False,False,False,False
S31N:A58T:R87T:Y95F:Y106S,2661735986,False,False,False,False
S31N:A58T:K74I:S75F:T76S,2661928267,False,False,False,False
S30N:I52S:N59A:K74I:Y95F,2662013734,False,False,False,False
F29S:S30N:I52S:N59A:T76S,2662963502,False,False,False,False
I52S:T57S:A58T:S84N:Y95F,2663240798,False,False,False,False
S31N:N59A:T76S:S84N:Y95F,2663528612,False,False,False,False
F29S:I52S:T57S:S77N:S84N,2663891158,False,False,False,False
F29S:S30N:T57S:T71S:S77N,2663966197,False,False,False,False
S30N:A58T:T71S:K74I:T76S,2666541422,False,False,False,False
I52S:K74I:S75F:S77N:S84N,2666930335,False,False,False,False
F29S:T57S:R87T,2666983534,False,False,False,False
N59A:T71S:K74I:Y95F,2667355468,False,False,False,False
S30N:I52S:T57S:A58T:Y106S,2670618541,False,False,False,False
K74I:T76S:Y95F,2671569414,False,False,False,False
S31N:T57S:T71S:T76S:Y106S,2671652930,False,False,False,False
S30N:Y106S,2671658127,False,False,False,False
F29S:S30N:I52S:T76S:Y95F,2671731602,False,False,False,False
I52S:T57S:N59A:K74I:R87T,2673974103,False,False,False,False
F29S:I52S:A58T:T71S:Y95F,2674977067,False,False,False,False
S30N:T57S:T71S:K74I:S75F,2677303628,False,False,False,False
S30N:N59A:T71S:K74I:T76S,2679107285,False,False,False,False
S31N:T71S:T76S:S77N,2679265401,False,False,False,False
F29S:N59A:T76S:Y95F,2680585782,False,False,False,False
T57S:N59A:K74I:S84N:Y95F,2680635135,False,False,False,False
F29S:S30N:T57S:A58T:T71S,2681750302,False,False,False,False
K74I:S84N:R87T:Y106S,2682461268,False,False,False,False
S31N:A58T:T71S:S75F,2687542717,False,False,False,False
N59A:S75F:S77N:R87T,2687868834,False,False,False,False
F29S:N59A:K74I:R87T,2688731143,False,False,False,False
S31N:I52S:T71S:S84N,2688769074,False,False,False,False
F29S:A58T:K74I:S84N:Y95F,2690362885,False,False,False,False
N59A:K74I:T76S:S84N:R87T,2690492372,False,False,False,False
I52S:S75F:T76S,2690946156,False,False,False,False
F29S:T57S:T71S:K74I,2690999661,False,False,False,False
S30N:T71S:K74I:S75F:R87T,2691413752,False,False,False,False
F29S:S30N:S31N:T76S:S77N,2693835584,False,False,False,False
S31N:N59A:S77N:S84N:R87T,2696275733,False,False,False,False
T57S:N59A:K74I:S77N:Y106S,2696766589,False,False,False,False
F29S:T57S:T71S:S84N:Y95F,2696933520,False,False,False,False
F29S:S30N:S77N,2697068363,False,False,False,False
F29S:A58T:N59A:T71S:S77N,2699136129,False,False,False,False
I52S:T57S:T76S:Y106S,2699653591,False,False,False,False
S30N:I52S:T76S:Y95F:Y106S,2700146575,False,False,False,False
S31N:T57S:A58T:S84N:R87T,2701948246,False,False,False,False
F29S:S30N:K74I:S75F:T76S,2702491384,False,False,False,False
T71S:S75F:T76S:S84N:Y106S,2703812232,False,False,False,False
S30N:S31N:N59A:T76S:Y95F,2704841151,False,False,False,False
S30N:K74I:S75F:S77N,2707470207,False,False,False,False
S30N:T57S:S77N:Y106S,2707865919,False,False,False,False
T57S:T76S:S77N:R87T:Y106S,2708427012,False,False,False,False
I52S:N59A:T76S,2708835930,False,False,False,False
S31N:I52S:N59A:S75F:S84N,2709062539,False,False,False,False
S30N:K74I:S75F:S84N,2709496237,False,False,False,False
F29S:S30N:S84N:Y95F,2712473980,False,False,False,False
A58T:N59A:S75F:S84N,2714016349,False,False,False,False
F29S:I52S:S75F,2714622274,False,False,False,False
S31N:T57S:T76S:S84N:Y95F,2715213582,False,False,False,False
F29S:I52S:K74I:R87T,2715929261,False,False,False,False
S31N:T76S:S84N:R87T:Y95F,2716505516,False,False,False,False
A58T:K74I:S75F:S77N:Y106S,2718178598,False,False,False,False
F29S:S30N:N59A:T71S:T76S,2718185326,False,False,False,False
F29S:S30N:S75F:R87T,2719665160,False,False,False,False
S30N:N59A:T71S:S75F:Y106S,2719750480,False,False,False,False
K74I:S75F:R87T:Y95F:Y106S,2720687793,False,False,False,False
S30N:N59A:T71S:S75F:R87T,2723684674,False,False,False,False
T71S:T76S:S84N:R87T,2723740873,False,False,False,False
K74I:T76S:S77N:R87T:Y95F,2724952778,False,False,False,False
S30N:I52S:A58T:S84N:Y106S,2725174931,False,False,False,False
S30N:N59A:K74I:Y95F:Y106S,2727095344,False,False,False,False
S30N:S31N:T57S:S84N,2730814825,False,False,False,False
S30N:S31N:I52S,2731541262,False,False,False,False
I52S:A58T:N59A:S84N,2734855903,False,False,False,False
N59A:S84N:R87T:Y106S,2736913654,False,False,False,False
A58T:T76S:S77N:Y95F:Y106S,2737635429,False,False,False,False
S31N:A58T:S75F:S84N:Y95F,2739485776,False,False,False,False
T57S:T71S:T76S:Y95F:Y106S,2740083480,False,False,False,False
S31N:I52S:A58T:N59A:T76S,2741308311,False,False,False,False
F29S:S30N:S31N:T71S:S75F,2744000539,False,False,False,False
F29S:S31N:I52S:A58T:N59A,2745103715,False,False,False,False
F29S:I52S:N59A:T71S:T76S,2745740753,False,False,False,False
F29S:K74I:T76S:R87T,2746329088,False,False,False,False
S31N:K74I:S84N:R87T,2747367950,False,False,False,False
I52S:T57S:T71S:S75F:R87T,2748892017,False,False,False,False
S30N:T57S:N59A:T76S,2751422184,False,False,False,False
T76S:R87T,2754187245,False,False,False,False
S30N:S75F:T76S:S77N:Y106S,2754776209,False,False,False,False
I52S:T71S:S75F:T76S:S84N,2755498416,False,False,False,False
T57S:N59A:T71S:K74I,2755567688,False,False,False,False
N59A:T71S:Y95F:Y106S,2755683366,False,False,False,False
I52S:T57S:S84N:Y95F:Y106S,2757458389,False,False,False,False
F29S:S75F:T76S:S77N:Y95F,2758291949,False,False,False,False
T57S:K74I:S75F:S77N:Y106S,2758680595,False,False,False,False
S30N:S31N:N59A:T76S:Y106S,2759600591,False,False,False,False
S84N:Y106S,2760713622,False,False,False,False
S30N:A58T:T76S:Y95F:Y106S,2761263332,False,False,False,False
A58T:S84N:Y95F:Y106S,2761684995,False,False,False,False
I52S:A58T:N59A:K74I:Y106S,2762421380,False,False,False,False
T57S:N59A:S77N:S84N:R87T,2763964169,False,False,False,False
S31N:S75F:T76S:S77N:R87T,2764077668,False,False,False,False
S30N:S31N:N59A:T71S,2764992851,False,False,False,False
T57S:T71S:K74I:S75F:R87T,2765350469,False,False,False,False
N59A:T71S:R87T:Y95F,2765715124,False,False,False,False
S31N:A58T:T71S:K74I:R87T,2765855076,False,False,False,False
F29S:T71S:S75F:S77N:R87T,2766125562,False,False,False,False
S30N:S31N:T57S:A58T:S84N,2766404789,False,False,False,False
S30N:S31N:N59A:S75F:Y106S,2768806076,False,False,False,False
F29S:I52S:A58T:R87T:Y95F,2770046923,False,False,False,False
S31N:I52S:K74I:Y95F:Y106S,2771883769,False,False,False,False
F29S:S31N:N59A:S75F:T76S,2773565041,False,False,False,False
F29S:S31N:N59A:R87T,2775147327,False,False,False,False
S77N:R87T:Y95F,2777295433,False,False,False,False
S31N:I52S:T71S:T76S:Y95F,2777997048,False,False,False,False
S30N:I52S:T57S:A58T:K74I,2778512905,False,False,False,False
F29S:S31N:T57S:S77N:R87T,2779338478,False,False,False,False
S31N:N59A:K74I:T76S:S84N,2779543374,False,False,False,False
F29S:S30N:N59A:S77N,2780108772,False,False,False,False
S30N:I52S:N59A:T71S:Y95F,2781723334,False,False,False,False
T57S:T71S:S77N,2781941137,False,False,False,False
F29S:I52S:T71S:K74I:S84N,2784714132,False,False,False,False
A58T:N59A:K74I:S75F:T76S,2784716827,False,False,False,False
S30N:S31N:T57S:S84N:R87T,2786655472,False,False,False,False
F29S:T71S:K74I:S77N:Y95F,2786918406,False,False,False,False
F29S:A58T:T71S:T76S:S84N,2787557672,False,False,False,False
F29S:T57S:N59A:S75F:R87T,2787788130,False,False,False,False
I52S:A58T:T76S:S77N:R87T,2788002193,False,False,False,False
N59A:S75F:S84N:R87T:Y95F,2788630151,False,False,False,False
S84N:R87T:Y95F:Y106S,2792357272,False,False,False,False
F29S:T71S:T76S:S84N:R87T,2792395747,False,False,False,False
F29S:I52S:S75F:T76S:Y95F,2792562701,False,False,False,False
A58T:K74I:S77N:Y95F:Y106S,2793284818,False,False,False,False
S31N:N59A:T71S:S84N:Y106S,2793766571,False,False,False,False
T57S:S75F:R87T:Y106S,2794717208,False,False,False,False
S30N:I52S:T57S:S77N:Y95F,2795015174,False,False,False,False
N59A:T71S:S77N:R87T,2795216338,False,False,False,False
I52S:K74I:S77N:R87T:Y95F,2795399663,False,False,False,False
S31N:I52S:A58T:N59A,2795696477,False,False,False,False
I52S:T76S:S77N:S84N:Y106S,2795887976,False,False,False,False
I52S:T57S:N59A:K74I:S84N,2796555071,False,False,False,False
T57S:A58T:T76S:S84N:R87T,2797227779,False,False,False,False
F29S:S30N:I52S:N59A:T71S,2797331549,False,False,False,False
S31N:T57S:S75F:Y95F,2797537342,False,False,False,False
S30N:T71S:S84N:Y95F:Y106S,2797928206,False,False,False,False
F29S:T71S:T76S,2797991705,False,False,False,False
A58T:T71S:Y106S,2799081418,False,False,False,False
A58T:S77N:Y95F:Y106S,2800154669,False,False,False,False
F29S:S31N:I52S:K74I:S84N,2800309116,False,False,False,False
I52S:T57S:A58T:N59A:S75F,2800821828,False,False,False,False
F29S:S30N:T57S:A58T:S75F,2803006262,False,False,False,False
I52S:T57S:S75F:T76S:R87T,2803275556,False,False,False,False
F29S:I52S:T71S:S77N:Y95F,2806018218,False,False,False,False
N59A:S75F:T76S:R87T,2807435345,False,False,False,False
F29S:S31N:S84N:R87T,2808147249,False,False,False,False
I52S:A58T:T76S:Y95F:Y106S,2808803855,False,False,False,False
I52S:T57S:T71S:S75F,2809953490,False,False,False,False
F29S:S30N:A58T:T71S:S84N,2811443224,False,False,False,False
S31N:A58T:T71S:S75F:Y95F,2813597120,False,False,False,False
T76S:Y106S,2817304729,False,False,False,False
A58T:T71S:T76S:Y106S,2817914040,False,False,False,False
T57S:T76S:S84N:Y95F,2818177073,False,False,False,False
S30N:S31N:T57S:T71S:Y95F,2819115612,False,False,False,False
T57S:N59A:T76S:S77N:Y106S,2819383316,False,False,False,False
S30N:N59A:T71S:S77N:Y95F,2820665772,False,False,False,False
S30N:S31N:N59A:K74I:S84N,2823936870,False,False,False,False
F29S:S75F:T76S:R87T:Y95F,2824399131,False,False,False,False
S31N:A58T:N59A:T76S:Y95F,2825192427,False,False,False,False
F29S:S31N:T71S:S75F:Y95F,2825237136,False,False,False,False
F29S:S30N:S75F:T76S:S77N,2825643160,False,False,False,False
I52S:N59A:S75F:T76S:Y95F,2826561770,False,False,False,False
S31N:S75F:S77N,2828706265,False,False,False,False
S30N:T57S:A58T:S77N:R87T,2830185009,False,False,False,False
A58T:N59A:T71S:Y106S,2830772025,False,False,False,False
S30N:T71S:K74I:S75F:S84N,2832044028,False,False,False,False
F29S:A58T:R87T,2832985703,False,False,False,False
S31N:I52S:A58T:T76S:R87T,2834174991,False,False,False,False
F29S:S30N:S31N:S77N:S84N,2835038941,False,False,False,False
S30N:S31N:I52S:A58T:T76S,2835179106,False,False,False,False
F29S:S30N:T57S:T76S:R87T,2837744206,False,False,False,False
S31N:K74I:S77N:Y95F,2838233564,False,False,False,False
F29S:S30N:I52S:N59A:S75F,2840275901,False,False,False,False
F29S:S31N:S75F:S77N:S84N,2840349210,False,False,False,False
T57S:S75F:T76S:R87T:Y95F,2842276758,False,False,False,False
F29S:I52S:A58T:N59A,2842832578,False,False,False,False
S30N:N59A:S75F:T76S:Y106S,2843117967,False,False,False,False
T71S:S75F:T76S:S77N,2843344381,False,False,False,False
N59A:T71S:S77N:R87T:Y106S,2843966205,False,False,False,False
S30N:A58T:S75F:S77N:Y106S,2845329675,False,False,False,False
S31N:K74I:S75F:S84N:R87T,2845382821,False,False,False,False
F29S:S30N:T57S:A58T:K74I,2847103970,False,False,False,False
S30N:T57S:K74I:T76S:R87T,2847508285,False,False,False,False
S31N:T57S:S75F:T76S:S84N,2848057232,False,False,False,False
A58T:K74I,2849771681,False,False,False,False
T57S:N59A:R87T,2850328117,False,False,False,False
S31N:I52S:T71S:S75F:S84N,2854154909,False,False,False,False
T57S:K74I:S75F:Y95F,2856492414,False,False,False,False
S30N:I52S:T57S:K74I:R87T,2856608212,False,False,False,False
S30N:T71S:T76S:S77N,2856935242,False,False,False,False
F29S:S31N:T71S:K74I:S84N,2856995112,False,False,False,False
S31N:A58T:T71S:S77N:R87T,2857920454,False,False,False,False
F29S:S31N:R87T:Y95F,2858261441,False,False,False,False
F29S:T71S,2858495339,False,False,False,False
A58T:S75F:T76S:Y106S,2858675760,False,False,False,False
S30N:N59A:T76S:S84N,2859013686,False,False,False,False
N59A:T71S:T76S:S84N:Y95F,2859429428,False,False,False,False
F29S:A58T:N59A:T76S:Y95F,2859768266,False,False,False,False
F29S:T57S:K74I:R87T,2859974161,False,False,False,False
T57S:A58T:N59A:Y106S,2860387867,False,False,False,False
N59A:S77N:R87T:Y95F:Y106S,2860443865,False,False,False,False
F29S:N59A:S75F:S77N,2860489753,False,False,False,False
F29S:S31N:T71S:S84N:Y95F,2861676648,False,False,False,False
F29S:I52S:T57S:K74I:Y95F,2861833892,False,False,False,False
T57S:A58T:S75F:S77N:R87T,2862678426,False,False,False,False
S31N:T71S:R87T:Y95F,2865431986,False,False,False,False
F29S:T71S:K74I:T76S:S77N,2865763407,False,False,False,False
S31N:S84N:R87T:Y95F,2865939878,False,False,False,False
F29S:T71S:K74I:T76S:S84N,2867789437,False,False,False,False
S30N:S31N:I52S:N59A:Y95F,2868639322,False,False,False,False
F29S:I52S:N59A:K74I,2869417571,False,False,False,False
S30N:I52S:Y95F:Y106S,2869828449,False,False,False,False
S30N:S31N:T57S:K74I:S84N,2869951140,False,False,False,False
N59A:K74I:S77N:R87T:Y106S,2871196017,False,False,False,False
A58T:T71S:T76S:S84N,2871533958,False,False,False,False
I52S:K74I:S84N:Y95F,2871914198,False,False,False,False
I52S:N59A:S84N:R87T:Y106S,2872125487,False,False,False,False
T57S:K74I:Y95F,2873599867,False,False,False,False
S30N:I52S:T57S:T76S:S77N,2873860175,False,False,False,False
N59A:S75F:S84N:R87T:Y106S,2873906455,False,False,False,False
S30N:I52S:T57S:T76S:S84N,2875886205,False,False,False,False
F29S:T71S:K74I:S84N,2877911141,False,False,False,False
I52S:A58T:T71S:S84N:Y106S,2879100022,False,False,False,False
F29S:N59A:T71S:S75F:S77N,2880755268,False,False,False,False
S31N:T71S:S75F:S77N:S84N,2881745867,False,False,False,False
S30N:T71S:S77N:Y95F:Y106S,2882445680,False,False,False,False
S30N:I52S:A58T:S77N:S84N,2882560357,False,False,False,False
A58T:S75F:T76S:S77N,2882903240,False,False,False,False
S30N:A58T:R87T,2883271835,False,False,False,False
S30N:I52S:T57S:A58T:Y95F,2884495813,False,False,False,False
S31N:T57S:A58T:T71S:T76S,2884737885,False,False,False,False
T57S:K74I:S77N:Y95F:Y106S,2885396311,False,False,False,False
F29S:S30N:I52S:A58T:T76S,2885691457,False,False,False,False
A58T:S75F:S77N:R87T:Y106S,2885872566,False,False,False,False
S31N:T71S:S77N:R87T,2886133644,False,False,False,False
T57S:K74I:T76S:Y106S,2886855823,False,False,False,False
S31N:T57S:T71S:S77N:S84N,2888256015,False,False,False,False
S31N:T57S:T71S:Y106S,2888566072,False,False,False,False
A58T:S84N:R87T:Y95F,2889802743,False,False,False,False
F29S:T76S:S77N:R87T:Y95F,2890571519,False,False,False,False
T57S:A58T,2892920843,False,False,False,False
I52S:T57S:A58T:Y95F:Y106S,2894059980,False,False,False,False
F29S:S31N:N59A:S77N:S84N,2895185444,False,False,False,False
F29S:S30N:N59A:T71S:S75F,2895497725,False,False,False,False
I52S:T76S:S77N:Y95F,2895889443,False,False,False,False
F29S:N59A:K74I:Y95F,2898605375,False,False,False,False
F29S:T71S:S84N:R87T,2899168885,False,False,False,False
F29S:I52S:T57S:T76S:S84N,2899401761,False,False,False,False
F29S:T57S:A58T:T71S:K74I,2899713199,False,False,False,False
S30N:S31N:K74I:T76S:R87T,2900144773,False,False,False,False
F29S:S31N:K74I:S84N:R87T,2901044296,False,False,False,False
F29S:N59A:T71S:S77N,2901313165,False,False,False,False
S30N:I52S:S75F:S84N,2903987205,False,False,False,False
F29S:S30N:T57S:N59A:T71S,2904013489,False,False,False,False
S31N:T57S:A58T:S84N,2907283079,False,False,False,False
S30N:I52S:S77N:S84N:Y106S,2908490584,False,False,False,False
T76S:S84N:R87T,2913465012,False,False,False,False
S31N:I52S:S77N:S84N:R87T,2913879003,False,False,False,False
T57S:T71S:K74I:T76S:R87T,2914073492,False,False,False,False
S30N:A58T:K74I:R87T:Y106S,2915056477,False,False,False,False
F29S:T57S:K74I:T76S:Y95F,2915092893,False,False,False,False
S31N:K74I:T76S:S84N,2917845427,False,False,False,False
F29S:I52S:R87T:Y95F,2918436581,False,False,False,False
S31N:T71S:T76S:R87T:Y106S,2919913996,False,False,False,False
S30N:I52S:K74I:Y95F,2920845909,False,False,False,False
T57S:S75F:R87T:Y95F:Y106S,2920881445,False,False,False,False
I52S:N59A:S75F:S84N:Y95F,2922736571,False,False,False,False
S30N:S31N:N59A:T76S:S77N,2923704497,False,False,False,False
A58T:N59A:T71S:S75F:Y106S,2923887958,False,False,False,False
S30N:S77N:S84N:Y95F,2924975923,False,False,False,False
F29S:I52S:T57S:T76S:Y95F,2925497917,False,False,False,False
F29S:N59A:K74I:S75F:S77N,2925540056,False,False,False,False
I52S:T71S:S75F:S84N,2927718442,False,False,False,False
F29S:I52S:A58T:N59A:K74I,2930382793,False,False,False,False
F29S:A58T:N59A:Y95F,2931669476,False,False,False,False
T71S:K74I:S84N:Y95F,2932813190,False,False,False,False
S30N:A58T:S84N:R87T:Y95F,2935303117,False,False,False,False
A58T:N59A:T76S:S77N:Y95F,2936110237,False,False,False,False
S30N:T76S:Y106S,2937287043,False,False,False,False
N59A:S75F:S77N:Y95F:Y106S,2938953341,False,False,False,False
N59A:R87T:Y95F,2938992477,False,False,False,False
I52S:S75F:S77N:Y95F:Y106S,2941989875,False,False,False,False
I52S:T57S:K74I:S75F:Y95F,2942496533,False,False,False,False
I52S:T57S:A58T:T76S:Y95F,2942750467,False,False,False,False
S30N:S75F:R87T:Y106S,2942832573,False,False,False,False
F29S:S75F:T76S:S77N:S84N,2944372945,False,False,False,False
I52S:T71S:T76S:S77N:S84N,2944437292,False,False,False,False
S31N:T57S:A58T:Y106S,2945015143,False,False,False,False
T57S:N59A:S77N:Y95F:Y106S,2945934817,False,False,False,False
T57S:A58T:S84N:R87T:Y95F,2946148888,False,False,False,False
S30N:I52S:T57S:N59A,2946159083,False,False,False,False
S31N:I52S:N59A:T71S:R87T,2949402791,False,False,False,False
I52S:T71S:K74I:S84N:R87T,2949644621,False,False,False,False
S30N:T57S:K74I:S77N,2949656399,False,False,False,False
S30N:T57S:K74I:S84N,2951682429,False,False,False,False
I52S:T71S:S77N:S84N:Y106S,2954052215,False,False,False,False
S30N:S31N:S84N:R87T,2954078661,False,False,False,False
S31N:T71S:K74I:S75F:R87T,2957981057,False,False,False,False
T57S:N59A:T71S:S84N,2959652136,False,False,False,False
S30N:S31N:N59A:K74I,2962817203,False,False,False,False
I52S:T57S:T71S:S75F:T76S,2964111130,False,False,False,False
F29S:I52S:T57S:S75F:Y95F,2964964228,False,False,False,False
T57S:T71S:S77N:S84N:R87T,2965872171,False,False,False,False
A58T:S77N:S84N:Y95F:Y106S,2966794618,False,False,False,False
T71S:S75F:R87T,2967154839,False,False,False,False
S31N:S77N:R87T:Y95F,2967548156,False,False,False,False
F29S:T57S:N59A:T71S:S75F,2968293278,False,False,False,False
S30N:S31N:I52S:T71S:Y95F,2968705368,False,False,False,False
F29S:S31N:A58T:S84N,2968789796,False,False,False,False
F29S:S30N:S31N:S75F:R87T,2969132531,False,False,False,False
T71S:S77N:S84N,2969639905,False,False,False,False
K74I:T76S:S84N:Y95F:Y106S,2973417534,False,False,False,False
F29S:A58T:T71S:S77N:S84N,2973807083,False,False,False,False
S30N:S31N:S75F:S77N,2974209187,False,False,False,False
S31N:T71S:T76S:S77N:R87T,2975641152,False,False,False,False
S31N:S75F:T76S:S77N:S84N,2977049080,False,False,False,False
F29S:T71S:S77N:R87T,2977470591,False,False,False,False
S30N:S31N:A58T,2978071045,False,False,False,False
F29S:S84N:R87T:Y95F,2979849661,False,False,False,False
S31N:T57S:N59A:K74I:S84N,2980240791,False,False,False,False
S31N:T57S:T76S:Y95F:Y106S,2981043292,False,False,False,False
F29S:I52S:N59A:K74I:R87T,2981202474,False,False,False,False
S31N:A58T:N59A:K74I:R87T,2981211982,False,False,False,False
F29S:K74I:S77N,2981657288,False,False,False,False
S30N:S31N:S75F:S77N:R87T,2983240426,False,False,False,False
I52S:T71S:K74I:S75F:Y95F,2983327437,False,False,False,False
S30N:N59A:T71S:Y106S,2985332191,False,False,False,False
S31N:I52S:A58T:S77N:Y95F,2985818832,False,False,False,False
S30N:S31N:A58T:N59A:Y95F,2987359765,False,False,False,False
T57S:A58T:N59A:S75F:T76S,2989024349,False,False,False,False
S30N:N59A:K74I:S75F:T76S,2991108509,False,False,False,False
I52S:T57S:A58T:S75F:S84N,2991228094,False,False,False,False
N59A:T76S:S84N:Y106S,2991576659,False,False,False,False
T57S:A58T:K74I:T76S:S84N,2992569117,False,False,False,False
S77N:S84N:R87T:Y106S,2993332282,False,False,False,False
S31N:T57S:N59A:K74I:Y95F,2994278087,False,False,False,False
K74I:S77N:R87T:Y106S,2994508610,False,False,False,False
N59A:S77N:Y95F:Y106S,2995316604,False,False,False,False
S30N:S31N:Y95F,2995351874,False,False,False,False
S31N:A58T:Y95F,2995371798,False,False,False,False
T57S:T71S:S75F:R87T:Y95F,2995480341,False,False,False,False
T71S:S77N:Y95F,2995736061,False,False,False,False
I52S:A58T:N59A:S75F:T76S,2996200185,False,False,False,False
S30N:N59A:S75F:T76S:R87T,2998792135,False,False,False,False
F29S:S31N:A58T:T71S:S75F,2999447803,False,False,False,False
F29S:S30N:S75F:S84N:R87T,3000444651,False,False,False,False
F29S:S31N:A58T,3002517353,False,False,False,False
F29S:S30N:K74I:S77N:Y95F,3002747905,False,False,False,False
I52S:T57S:S77N:Y95F,3003506080,False,False,False,False
A58T:T71S:K74I:S75F:R87T,3006887678,False,False,False,False
S31N:T71S:K74I:S77N:Y95F,3008975271,False,False,False,False
I52S:N59A:S77N:Y95F:Y106S,3009535061,False,False,False,False
S30N:S31N:A58T:S77N:Y106S,3009549173,False,False,False,False
F29S:S31N:N59A:T71S:K74I,3009823106,False,False,False,False
T71S:T76S:R87T:Y95F:Y106S,3012035674,False,False,False,False
S30N:I52S:A58T:N59A:K74I,3014477269,False,False,False,False
F29S:S30N:N59A:K74I:S77N,3014701851,False,False,False,False
F29S:I52S:S77N:Y95F,3014717895,False,False,False,False
I52S:T57S:S75F:T76S:S84N,3016246968,False,False,False,False
I52S:A58T:S77N:S84N:Y106S,3017147864,False,False,False,False
S30N:T71S:K74I:T76S,3017306434,False,False,False,False
S30N:N59A:S75F:S77N:S84N,3019786888,False,False,False,False
F29S:S30N:S31N:T57S:S75F,3020022523,False,False,False,False
F29S:S77N,3021226477,False,False,False,False
S30N:N59A:T71S:T76S:Y106S,3023055571,False,False,False,False
F29S:S31N:K74I:T76S:S77N,3025016931,False,False,False,False
S31N:I52S:T71S:K74I:S84N,3025541169,False,False,False,False
F29S:I52S:A58T:S75F:Y95F,3025637103,False,False,False,False
S75F:T76S:S84N:Y95F:Y106S,3025757926,False,False,False,False
S30N:N59A:T71S:S84N:Y95F,3026708702,False,False,False,False
A58T:T76S:S84N:R87T:Y106S,3026821471,False,False,False,False
I52S:A58T:S75F:T76S,3026891390,False,False,False,False
F29S:T71S:S75F:Y95F,3027627749,False,False,False,False
S30N:A58T:T71S:K74I,3028173974,False,False,False,False
F29S:S30N:T57S:S75F:T76S,3028475996,False,False,False,False
S31N:K74I:S75F:S77N:Y106S,3028528807,False,False,False,False
F29S:S30N:I52S:S84N,3028575516,False,False,False,False
I52S:S75F,3030167968,False,False,False,False
F29S:S30N:I52S:N59A,3034397654,False,False,False,False
T71S:K74I:T76S:S77N:R87T,3035955204,False,False,False,False
F29S:I52S:A58T:N59A:Y95F,3036365701,False,False,False,False
S75F:T76S:S84N:R87T:Y106S,3037295530,False,False,False,False
A58T:T71S:K74I:S75F:Y106S,3039143580,False,False,False,False
S30N:T57S:R87T:Y95F,3039352173,False,False,False,False
K74I:S84N:R87T:Y95F:Y106S,3041006409,False,False,False,False
S30N:T71S:S84N,3042980098,False,False,False,False
S31N:I52S:N59A:R87T:Y95F,3043206607,False,False,False,False
A58T:R87T,3048297897,False,False,False,False
I52S:K74I:Y106S,3049570231,False,False,False,False
S30N:I52S:A58T:S75F:S84N,3050315811,False,False,False,False
S31N:T71S:S75F:T76S,3054739813,False,False,False,False
S30N:I52S:T76S:S84N:R87T,3056247271,False,False,False,False
A58T:N59A:T71S:T76S:R87T,3057538773,False,False,False,False
T57S,3057946313,False,False,False,False
N59A:T71S:T76S:Y95F,3058563141,False,False,False,False
I52S:T57S:T71S:S84N:Y95F,3058808633,False,False,False,False
I52S:T71S:S75F:S84N:R87T,3060248825,False,False,False,False
S31N:I52S:A58T:T71S:S84N,3061738558,False,False,False,False
S31N:N59A:T71S:S75F:Y106S,3061800619,False,False,False,False
S30N:I52S:N59A:T76S:S84N,3062306755,False,False,False,False
S30N:S31N:T71S:S75F:Y106S,3063376554,False,False,False,False
S30N:I52S:T71S:S75F:T76S,3063763279,False,False,False,False
S31N:A58T:N59A:S77N:R87T,3065046208,False,False,False,False
S31N:S84N:R87T:Y95F:Y106S,3066430617,False,False,False,False
N59A:K74I:S75F:Y106S,3066472318,False,False,False,False
S31N:A58T:K74I:Y95F,3066890557,False,False,False,False
F29S:T71S:S75F:T76S:R87T,3067576249,False,False,False,False
S31N:T57S:T71S:K74I:R87T,3067905029,False,False,False,False
S30N:I52S:T71S:R87T:Y95F,3067968456,False,False,False,False
S31N:I52S:A58T:S84N:Y95F,3069765178,False,False,False,False
I52S:A58T:T76S:R87T,3070263004,False,False,False,False
N59A:T76S:S77N:Y106S,3070509433,False,False,False,False
S30N:T57S:T71S:T76S:S84N,3072142169,False,False,False,False
S75F:Y95F,3072790168,False,False,False,False
T57S:A58T:K74I:Y95F,3077047601,False,False,False,False
S30N:T71S:S75F,3077645262,False,False,False,False
S31N:S75F:T76S:R87T:Y95F,3077878362,False,False,False,False
F29S:A58T:K74I,3078317143,False,False,False,False
A58T:N59A:T76S:S84N:Y95F,3078700759,False,False,False,False
S31N:I52S:N59A:S84N:Y95F,3079197835,False,False,False,False
S31N:N59A:R87T:Y106S,3080131674,False,False,False,False
S30N:S31N:T57S:T71S:S84N,3081721292,False,False,False,False
S30N:N59A:R87T,3081738048,False,False,False,False
F29S:S31N:T57S:S75F:R87T,3082566612,False,False,False,False
S31N:T57S:N59A:S84N:R87T,3084382207,False,False,False,False
N59A:S75F:S77N:S84N,3085914654,False,False,False,False
S30N:A58T:K74I:S84N:Y106S,3086366785,False,False,False,False
I52S:N59A:T76S:S84N:Y106S,3086576066,False,False,False,False
I52S:T57S:A58T:N59A:T71S,3087373888,False,False,False,False
T57S:N59A:T71S:T76S:S77N,3089419836,False,False,False,False
T71S:S75F:S84N,3089735807,False,False,False,False
T76S:S84N:R87T:Y95F:Y106S,3089842432,False,False,False,False
I52S:T57S:S75F:Y106S,3090962820,False,False,False,False
S30N:I52S:T57S:N59A:Y95F,3091346098,False,False,False,False
S30N:I52S:R87T:Y95F,3091738361,False,False,False,False
I52S:T57S:N59A:T71S:Y95F,3092592963,False,False,False,False
S30N:T57S:A58T:T71S:T76S,3093781688,False,False,False,False
A58T:T71S:S75F,3095942308,False,False,False,False
S31N:T57S:S75F:S77N:R87T,3097720379,False,False,False,False
S30N:S84N:Y95F,3098532046,False,False,False,False
S30N:A58T:S77N,3100479901,False,False,False,False
S31N:K74I:S77N:S84N,3100839244,False,False,False,False
A58T:R87T:Y95F,3101767252,False,False,False,False
F29S:S31N:I52S:T57S:K74I,3102431368,False,False,False,False
A58T:K74I:R87T:Y95F:Y106S,3103688468,False,False,False,False
I52S:T71S:S84N:R87T,3105650482,False,False,False,False
I52S:T57S:N59A:T76S:S77N,3107100788,False,False,False,False
S30N:T71S:S77N:S84N:R87T,3108105570,False,False,False,False
I52S:A58T:S75F:S77N:Y106S,3108196356,False,False,False,False
F29S:A58T:T71S:T76S:R87T,3111470068,False,False,False,False
S30N:T57S:N59A:T71S:S77N,3112078712,False,False,False,False
I52S:S75F:R87T:Y106S,3113061668,False,False,False,False
N59A:K74I:R87T,3114274469,False,False,False,False
F29S:N59A:K74I:S77N,3117468721,False,False,False,False
A58T:N59A:S75F:T76S:Y95F,3118408705,False,False,False,False
S31N:S77N,3120286706,False,False,False,False
S31N:T57S:A58T:S77N,3120310201,False,False,False,False
F29S:S30N:I52S:R87T,3120910744,False,False,False,False
S30N:I52S:T76S:S77N,3122678386,False,False,False,False
T71S:S75F:S77N:S84N:Y95F,3123917795,False,False,False,False
S30N:I52S:N59A,3124021584,False,False,False,False
A58T:T76S:Y95F,3124132069,False,False,False,False
N59A:T71S:Y95F,3125346397,False,False,False,False
F29S:K74I:T76S:S77N:Y95F,3127138073,False,False,False,False
T57S:T71S:S77N:R87T:Y95F,3129916231,False,False,False,False
S30N:A58T:N59A:S77N:Y95F,3130754789,False,False,False,False
S31N:N59A:S84N:Y106S,3131577714,False,False,False,False
S31N:A58T:T71S:Y95F,3134667393,False,False,False,False
S30N:S31N:S75F:Y95F:Y106S,3135826782,False,False,False,False
T57S:A58T:S75F:Y95F:Y106S,3136119630,False,False,False,False
T71S:K74I:S75F:R87T,3137323770,False,False,False,False
I52S:N59A:T71S:S84N:Y106S,3137901747,False,False,False,False
S30N:T57S:K74I:S77N:S84N,3139546778,False,False,False,False
T71S:T76S:S77N:Y106S,3140271235,False,False,False,False
K74I:Y95F,3140929072,False,False,False,False
S30N:N59A:T71S:S75F:S77N,3142360424,False,False,False,False
F29S:T57S:A58T:K74I:Y95F,3142489427,False,False,False,False
A58T:T71S:R87T:Y95F,3143578287,False,False,False,False
I52S:S75F:S84N:R87T:Y106S,3145364737,False,False,False,False
F29S:I52S:N59A:S84N:R87T,3145478626,False,False,False,False
A58T:K74I:Y95F:Y106S,3145615043,False,False,False,False
T57S:S77N:Y95F,3145928169,False,False,False,False
S30N:S31N:T71S:Y95F:Y106S,3146184270,False,False,False,False
T71S:K74I:T76S:S77N,3146354261,False,False,False,False
S30N:I52S:S77N:R87T,3147058475,False,False,False,False
I52S:T57S:K74I:S84N:Y95F,3147229081,False,False,False,False
S31N:S77N:Y95F,3147432917,False,False,False,False
I52S:T57S:T71S:S77N:R87T,3147800687,False,False,False,False
F29S:S31N:T57S:R87T,3147811637,False,False,False,False
S30N:N59A:K74I:S77N:R87T,3148928292,False,False,False,False
S31N:T71S:K74I:T76S:S84N,3150611700,False,False,False,False
A58T:T71S:K74I:S75F:S84N,3152057066,False,False,False,False
N59A:S75F:S77N:S84N:Y106S,3153577873,False,False,False,False
F29S:A58T:N59A:T71S,3153611344,False,False,False,False
F29S:A58T:T71S:K74I:S77N,3154216667,False,False,False,False
F29S:S31N:T71S,3155018598,False,False,False,False
S31N:I52S:T71S:S84N:Y106S,3155706589,False,False,False,False
S30N:I52S:R87T:Y95F:Y106S,3155829274,False,False,False,False
T76S:S77N:S84N:R87T:Y95F,3156703484,False,False,False,False
F29S:N59A:K74I:T76S:S77N,3159072653,False,False,False,False
F29S:S30N:I52S:T71S:Y95F,3159331319,False,False,False,False
T57S:K74I:T76S:S84N:Y106S,3161133612,False,False,False,False
F29S:I52S:K74I:T76S:Y95F,3161360745,False,False,False,False
I52S:T57S:N59A:K74I:T76S,3161528060,False,False,False,False
F29S:S31N:I52S:S75F:Y95F,3165236108,False,False,False,False
S31N:S84N:Y106S,3167292975,False,False,False,False
T57S:A58T:N59A:T76S,3167409552,False,False,False,False
I52S:T71S:K74I:S77N:R87T,3168232583,False,False,False,False
F29S:S31N:I52S:T71S:T76S,3168965747,False,False,False,False
N59A:K74I:S75F:T76S:S77N,3172125004,False,False,False,False
I52S:T57S:A58T:K74I:Y95F,3175567110,False,False,False,False
F29S:N59A:S77N:Y95F,3179216405,False,False,False,False
N59A:S84N:Y106S,3179972633,False,False,False,False
F29S:S31N:T71S:K74I:R87T,3180907508,False,False,False,False
S30N:A58T:T71S:S75F:S84N,3181829753,False,False,False,False
S30N:K74I:Y95F,3183766806,False,False,False,False
S30N:S77N:Y95F:Y106S,3184057651,False,False,False,False
S30N:K74I:S77N:R87T,3184360275,False,False,False,False
S31N:T57S:N59A:Y106S,3185115854,False,False,False,False
S31N:T57S:T76S:Y95F,3185485759,False,False,False,False
S31N:T57S:T76S:Y106S,3185849295,False,False,False,False
I52S:T57S:S77N:R87T:Y106S,3185959027,False,False,False,False
S31N:N59A:T71S:R87T:Y106S,3186281455,False,False,False,False
S30N:T57S:T71S:K74I:Y106S,3186300114,False,False,False,False
S30N:I52S:A58T:S84N:R87T,3186720379,False,False,False,False
I52S:A58T,3187457967,False,False,False,False
S31N:T71S:K74I:S84N,3188370174,False,False,False,False
F29S:S30N:I52S:T57S:T71S,3193313231,False,False,False,False
F29S:S31N:T57S:T76S:Y95F,3194173313,False,False,False,False
S31N:I52S:N59A:T71S:K74I,3194837399,False,False,False,False
S31N:T57S:S75F:Y106S,3195054780,False,False,False,False
S30N:S31N:T71S:T76S:Y95F,3196008333,False,False,False,False
F29S:I52S:T57S:A58T:T76S,3196471006,False,False,False,False
F29S:S31N:T57S:S75F:S77N,3198623306,False,False,False,False
S31N:N59A:T71S:K74I:R87T,3201011315,False,False,False,False
S30N:I52S:N59A:T76S,3201157404,False,False,False,False
T57S:A58T:T71S:S75F:Y95F,3202248292,False,False,False,False
S31N:I52S:S77N:R87T:Y106S,3205394599,False,False,False,False
S31N:I52S:S84N:Y95F,3206157534,False,False,False,False
F29S:N59A:S75F:S84N:Y95F,3206416934,False,False,False,False
S30N:A58T:N59A:T71S:K74I,3206754875,False,False,False,False
A58T:N59A:T76S:R87T:Y95F,3207959467,False,False,False,False
S30N:T57S:S77N:R87T,3208250039,False,False,False,False
F29S:S77N:S84N:R87T:Y95F,3208290870,False,False,False,False
I52S:T71S:T76S:S84N:R87T,3208295150,False,False,False,False
S30N:N59A:S75F:T76S:Y95F,3208666367,False,False,False,False
T57S:A58T:Y95F:Y106S,3211293309,False,False,False,False
I52S:T57S:T71S:K74I:Y106S,3212881801,False,False,False,False
S30N:T57S:N59A:K74I:S84N,3214220462,False,False,False,False
S30N:T57S:S84N:R87T,3214310205,False,False,False,False
I52S:T57S:K74I:T76S,3214497673,False,False,False,False
N59A:T76S:S84N:Y95F:Y106S,3214619560,False,False,False,False
S30N:S31N:A58T:T76S:Y106S,3215126908,False,False,False,False
F29S:I52S:A58T:T76S:S77N,3215211116,False,False,False,False
S31N:I52S:A58T:T76S,3215227768,False,False,False,False
I52S:N59A:S75F:R87T,3215723776,False,False,False,False
A58T:N59A:T71S:R87T,3216463373,False,False,False,False
S30N:T57S:N59A:T71S:Y95F,3216768514,False,False,False,False
K74I:S77N:S84N:R87T,3219520720,False,False,False,False
T71S:S84N:R87T:Y95F:Y106S,3220044833,False,False,False,False
S31N:T57S:K74I:S75F:Y106S,3220386357,False,False,False,False
S75F:T76S:S77N:R87T:Y95F,3221572274,False,False,False,False
S31N:A58T:N59A:K74I:T76S,3221572285,False,False,False,False
F29S:T57S:S75F:R87T,3221866157,False,False,False,False
I52S:K74I:S75F:R87T:Y106S,3221870709,False,False,False,False
K74I:Y95F:Y106S,3222788831,False,False,False,False
I52S:T57S:N59A:R87T:Y95F,3224501267,False,False,False,False
T57S:A58T:S75F:Y106S,3224548333,False,False,False,False
I52S:A58T:T71S:K74I:T76S,3225144359,False,False,False,False
S30N:T71S:S77N:Y106S,3225379611,False,False,False,False
S30N:T57S:T71S:Y95F,3225706093,False,False,False,False
F29S:I52S:S75F:S84N:Y95F,3225845108,False,False,False,False
S30N:S31N:I52S:R87T,3226444613,False,False,False,False
N59A:K74I:R87T:Y106S,3227920878,False,False,False,False
F29S:A58T:N59A,3228828441,False,False,False,False
S31N:S77N:R87T:Y106S,3229046450,False,False,False,False
F29S:I52S:A58T:S84N,3229354648,False,False,False,False
S31N:S75F:T76S:R87T:Y106S,3234215064,False,False,False,False
S31N:T57S:A58T:N59A:S84N,3234984524,False,False,False,False
S30N:T71S:T76S:Y95F:Y106S,3234986071,False,False,False,False
S30N:K74I:S77N:S84N:Y95F,3235691186,False,False,False,False
S30N:S31N:A58T:K74I:S77N,3235936585,False,False,False,False
S31N:T57S:N59A:T71S:S75F,3237424095,False,False,False,False
A58T:S75F:S77N:Y106S,3239356505,False,False,False,False
I52S:A58T:N59A:S84N:R87T,3240882526,False,False,False,False
N59A:K74I:S77N:Y95F,3241077534,False,False,False,False
A58T:K74I:S84N:R87T:Y95F,3243043842,False,False,False,False
S31N:I52S:N59A:T76S:Y95F,3243925146,False,False,False,False
F29S:I52S:A58T:S75F:S77N,3244500449,False,False,False,False
F29S:S31N:N59A:K74I,3244558239,False,False,False,False
F29S:S30N:T76S:S84N:Y95F,3245347428,False,False,False,False
S31N:K74I:T76S:Y106S,3246552963,False,False,False,False
F29S:S30N:T71S:S77N:R87T,3246685381,False,False,False,False
S31N:T57S:S75F:Y95F:Y106S,3247527089,False,False,False,False
T57S:N59A:S75F:S77N:Y95F,3248911949,False,False,False,False
F29S:S30N:S31N:T76S,3249031923,False,False,False,False
T57S:N59A:K74I:T76S:Y95F,3249983574,False,False,False,False
S31N:K74I:S75F:S84N:Y95F,3251110393,False,False,False,False
I52S:A58T:K74I:S84N,3251826201,False,False,False,False
S30N:T57S:A58T:N59A:S77N,3252257835,False,False,False,False
S30N:S31N:T57S:A58T:R87T,3252349437,False,False,False,False
F29S:S30N:I52S:T71S:K74I,3252544783,False,False,False,False
S30N:T57S:A58T:S75F:Y95F,3253653751,False,False,False,False
F29S:S75F:S77N,3255256228,False,False,False,False
F29S:S30N:K74I:T76S:S84N,3255730702,False,False,False,False
F29S:T57S:T71S:T76S:S84N,3258080933,False,False,False,False
I52S:N59A:K74I:Y106S,3258318586,False,False,False,False
F29S:T71S:T76S:S77N:R87T,3258819621,False,False,False,False
S31N:N59A:T71S:K74I:Y106S,3259111387,False,False,False,False
S75F:S77N:S84N:R87T:Y95F,3261197303,False,False,False,False
A58T:T71S:S75F:R87T,3261527251,False,False,False,False
N59A:S75F:T76S:S84N:Y95F,3261593380,False,False,False,False
S31N:S77N:S84N:Y106S,3261860410,False,False,False,False
S30N:T57S:A58T:K74I:S75F,3261938779,False,False,False,False
S31N:N59A:T71S:K74I:S75F,3262404975,False,False,False,False
T76S:S77N:R87T:Y95F:Y106S,3263390018,False,False,False,False
I52S:A58T:R87T:Y95F:Y106S,3264486554,False,False,False,False
S30N:K74I:S75F:S84N:Y106S,3265190454,False,False,False,False
F29S:S75F:S77N:R87T,3265774803,False,False,False,False
S30N:S31N:I52S:T57S:S75F,3266291780,False,False,False,False
S31N:I52S:S75F:T76S:R87T,3267235104,False,False,False,False
S31N:T71S:K74I:T76S:S77N,3267786350,False,False,False,False
F29S:I52S:N59A:T71S:K74I,3269061502,False,False,False,False
S30N:A58T:N59A:S84N,3269357616,False,False,False,False
T57S:T71S:R87T:Y95F,3269909670,False,False,False,False
I52S:K74I:S75F:S77N:Y95F,3270319055,False,False,False,False
T57S:A58T:K74I:S77N:S84N,3271238834,False,False,False,False
S30N:S31N:I52S:A58T:K74I,3273966817,False,False,False,False
F29S:T71S:S75F:T76S:S77N,3274313995,False,False,False,False
T71S:S75F:Y95F:Y106S,3274379404,False,False,False,False
F29S:S30N:A58T:K74I,3276977997,False,False,False,False
S31N:N59A:S84N:R87T,3277184520,False,False,False,False
F29S:S31N:T57S:S77N,3278897583,False,False,False,False
F29S:I52S:N59A:K74I:S75F,3279437050,False,False,False,False
I52S:K74I:S75F:T76S:S84N,3280303884,False,False,False,False
T71S:S75F:T76S:S84N,3280378211,False,False,False,False
T71S:K74I:S84N:R87T:Y95F,3280997441,False,False,False,False
N59A:K74I:S75F:S84N:Y106S,3281048711,False,False,False,False
S31N:T71S:K74I:S84N:Y95F,3281955689,False,False,False,False
F29S:S30N:T57S:A58T,3283019871,False,False,False,False
F29S:I52S:A58T,3284996053,False,False,False,False
F29S:S31N:I52S:N59A:T71S,3285332966,False,False,False,False
F29S:N59A:S77N:S84N:R87T,3286566304,False,False,False,False
F29S:S30N:I52S:N59A:Y95F,3287400577,False,False,False,False
S30N:T76S:S77N:S84N,3288641552,False,False,False,False
F29S:S31N:T57S:A58T:S75F,3289519505,False,False,False,False
F29S:A58T:S77N:S84N:Y95F,3290229843,False,False,False,False
S30N:A58T:T71S:K74I:Y95F,3291081665,False,False,False,False
F29S:S30N:K74I:S84N:Y95F,3291492147,False,False,False,False
F29S:I52S:N59A:K74I:Y95F,3293816618,False,False,False,False
N59A:S75F:S77N:S84N:R87T,3294340501,False,False,False,False
S30N:T57S:S77N:R87T:Y95F,3295158038,False,False,False,False
S31N:T57S:A58T:T76S:Y106S,3296864123,False,False,False,False
S30N:S31N:A58T:S75F:T76S,3296864140,False,False,False,False
I52S:A58T:K74I:Y106S,3297628317,False,False,False,False
S30N:A58T:N59A:K74I:R87T,3297892439,False,False,False,False
S30N:T71S:S75F:R87T:Y106S,3298450766,False,False,False,False
I52S:N59A:K74I:S77N:R87T,3298801637,False,False,False,False
T57S:S75F:S77N:Y95F:Y106S,3299971271,False,False,False,False
N59A:K74I:S75F,3302822453,False,False,False,False
S31N:S75F:T76S:S84N,3303250123,False,False,False,False
S31N:T57S:K74I:S84N,3304581478,False,False,False,False
F29S:S31N:K74I:R87T:Y95F,3304883908,False,False,False,False
S31N:S84N:Y95F:Y106S,3305511356,False,False,False,False
S30N:N59A:T71S:T76S:Y95F,3306218371,False,False,False,False
S31N:T57S:N59A:S77N:Y95F,3307364461,False,False,False,False
I52S:A58T:K74I:T76S:S77N,3308325179,False,False,False,False
S30N:S31N:A58T:S84N:Y106S,3310832183,False,False,False,False
S31N:I52S:A58T:S84N:R87T,3314823194,False,False,False,False
I52S:N59A:S75F:S77N:R87T,3317100997,False,False,False,False
S31N:N59A:T71S:S77N:Y95F,3318226009,False,False,False,False
S30N:T57S:N59A:K74I:Y95F,3318751842,False,False,False,False
S30N:S75F,3319815099,False,False,False,False
T57S:A58T:S75F:S84N:Y106S,3321345962,False,False,False,False
S31N:I52S:S75F:S77N,3321809256,False,False,False,False
N59A:S75F:S84N,3324237009,False,False,False,False
T57S:A58T:T71S:S77N,3324343907,False,False,False,False
I52S:T57S:N59A:T76S:R87T,3324412022,False,False,False,False
S30N:I52S:A58T:T71S:S75F,3324948883,False,False,False,False
I52S:S77N:Y95F,3325220173,False,False,False,False
S30N:S75F:Y95F:Y106S,3328019149,False,False,False,False
S84N:R87T:Y95F,3328794803,False,False,False,False
I52S:A58T:T76S:S84N:Y95F,3329941663,False,False,False,False
N59A:T76S:R87T,3330093688,False,False,False,False
S30N:T57S:S77N:S84N,3330831007,False,False,False,False
S30N:N59A:K74I:R87T:Y106S,3331042008,False,False,False,False
S30N:S31N:T71S:S84N:Y106S,3331410602,False,False,False,False
N59A:T71S:K74I:S77N,3331757254,False,False,False,False
S77N:R87T:Y106S,3332891473,False,False,False,False
S30N:S31N:S75F:S84N:Y106S,3334529274,False,False,False,False
S30N:T57S:T71S:S77N:R87T,3334945058,False,False,False,False
S30N:I52S:T71S:T76S:Y106S,3336013945,False,False,False,False
T57S:A58T:K74I:S77N,3336106727,False,False,False,False
S30N:I52S:T57S:A58T:S84N,3337592969,False,False,False,False
S30N:I52S:N59A:Y95F:Y106S,3338165228,False,False,False,False
I52S:A58T:N59A:Y95F,3338244623,False,False,False,False
F29S:S30N:A58T:S75F:S84N,3339826328,False,False,False,False
S31N:K74I:S75F:S77N:R87T,3340102447,False,False,False,False
F29S:T57S:T76S:R87T:Y95F,3342139619,False,False,False,False
F29S:S30N:N59A:T71S:Y95F,3342725569,False,False,False,False
F29S:I52S:N59A:K74I:T76S,3343316849,False,False,False,False
T57S:N59A:K74I:S75F,3344690008,False,False,False,False
S30N:I52S:N59A:T76S:Y95F,3344785955,False,False,False,False
S30N:N59A:S77N:R87T:Y95F,3345165160,False,False,False,False
I52S:A58T:S77N:Y106S,3347001923,False,False,False,False
S30N:T57S:T71S:K74I:S77N,3348114198,False,False,False,False
A58T:K74I:Y106S,3352268738,False,False,False,False
S30N:N59A:T71S:S75F:S84N,3354695998,False,False,False,False
F29S:S77N:Y95F,3357268240,False,False,False,False
F29S:N59A:T71S:S84N,3359032179,False,False,False,False
F29S:S30N:S31N:S75F:S84N,3360155403,False,False,False,False
K74I:R87T:Y95F,3361564723,False,False,False,False
S30N:N59A:K74I:S77N:S84N,3361899704,False,False,False,False
T76S:S84N:Y95F,3365172392,False,False,False,False
I52S:K74I:S84N:R87T:Y95F,3366318929,False,False,False,False
F29S:S31N:I52S:T76S:R87T,3367542049,False,False,False,False
S30N:S31N:I52S:T76S:S84N,3369266565,False,False,False,False
N59A:S75F:T76S:Y95F:Y106S,3369506654,False,False,False,False
F29S:S31N:I52S:S77N:R87T,3370785042,False,False,False,False
S31N:I52S:T57S:N59A:S75F,3370795191,False,False,False,False
I52S:T57S:T71S:T76S:R87T,3370946224,False,False,False,False
F29S:S30N:S84N:R87T,3371333192,False,False,False,False
A58T:S75F:Y95F,3371802988,False,False,False,False
S30N:A58T:T71S:S75F:R87T,3372810353,False,False,False,False
S31N:A58T:T76S:Y95F:Y106S,3373628663,False,False,False,False
S30N:S77N:S84N:R87T:Y95F,3376167506,False,False,False,False
T57S:N59A:S75F:S84N:R87T,3376306655,False,False,False,False
T57S:A58T:T71S:T76S:R87T,3377462729,False,False,False,False
I52S:T71S:K74I:S77N:Y95F,3378106815,False,False,False,False
F29S:N59A:T71S:T76S:S77N,3378211641,False,False,False,False
A58T:N59A:T71S:T76S:S77N,3380013519,False,False,False,False
A58T:N59A:T71S:T76S:S84N,3382039549,False,False,False,False
N59A:T71S:S77N:Y106S,3382063648,False,False,False,False
K74I:S75F:S77N:S84N:Y95F,3382397771,False,False,False,False
F29S:S31N:T57S:S75F:T76S,3382878271,False,False,False,False
F29S:T57S:S75F:T76S:S84N,3384006813,False,False,False,False
I52S:N59A:R87T:Y106S,3384458834,False,False,False,False
S31N:T57S:A58T:K74I:R87T,3387515278,False,False,False,False
F29S:N59A:S75F:T76S:R87T,3389463667,False,False,False,False
S31N:A58T:R87T:Y95F,3392644625,False,False,False,False
F29S:N59A:T71S:S77N:S84N,3394887248,False,False,False,False
S30N:T76S:S77N:Y95F:Y106S,3396837023,False,False,False,False
F29S:S30N:K74I:S75F:R87T,3397914059,False,False,False,False
S30N:I52S:T57S:A58T:T76S,3398400842,False,False,False,False
S30N:T57S:S84N,3398934646,False,False,False,False
S31N:K74I:R87T,3399278279,False,False,False,False
N59A:K74I:T76S:S77N:Y95F,3399940742,False,False,False,False
F29S:A58T:T71S:S84N:Y95F,3401875045,False,False,False,False
T57S:S75F:T76S:S77N:Y95F,3402762124,False,False,False,False
N59A:T71S:K74I:S75F:R87T,3402837051,False,False,False,False
S30N:A58T:T76S:S84N:Y106S,3403792500,False,False,False,False
S31N:T57S:T76S:S77N,3404349105,False,False,False,False
S30N:K74I:T76S:S77N,3404645354,False,False,False,False
I52S:A58T:T71S:T76S,3405765510,False,False,False,False
F29S:I52S:K74I:S75F:S77N,3408778146,False,False,False,False
N59A:K74I:S75F:R87T:Y106S,3409003771,False,False,False,False
S30N:T57S:T71S:S84N,3411787089,False,False,False,False
I52S:S77N:Y106S,3412308181,False,False,False,False
T71S:S75F:Y106S,3412369311,False,False,False,False
S31N:I52S:S75F:S84N:Y95F,3413093161,False,False,False,False
K74I:S84N:R87T,3413420151,False,False,False,False
F29S:I52S:A58T:N59A:T71S,3414916945,False,False,False,False
F29S:S31N:N59A:R87T:Y95F,3416787422,False,False,False,False
T57S:N59A:T71S:K74I:T76S,3416983636,False,False,False,False
S30N:S31N:T71S:S75F:S84N,3419028868,False,False,False,False
F29S:I52S:T57S:A58T,3419285446,False,False,False,False
S31N:I52S:T57S:N59A:Y95F,3419497651,False,False,False,False
S30N:I52S:T57S:S75F,3420132429,False,False,False,False
S30N:A58T:N59A:K74I:S84N,3420473407,False,False,False,False
F29S:S31N:A58T:T71S:S84N,3420851727,False,False,False,False
A58T:T76S:S77N:S84N:Y95F,3421229937,False,False,False,False
N59A:S77N:S84N:Y95F,3421860398,False,False,False,False
I52S:T76S:S77N:S84N:R87T,3423709194,False,False,False,False
T57S:A58T:S84N:Y106S,3425917841,False,False,False,False
S31N:N59A:S75F:T76S:Y106S,3426506912,False,False,False,False
S30N:N59A:S75F:T76S:S77N,3427529713,False,False,False,False
S31N:A58T:K74I:R87T:Y95F,3427603860,False,False,False,False
S30N:I52S:T71S:T76S:R87T,3428150733,False,False,False,False
S31N:A58T:N59A:S75F,3429541875,False,False,False,False
S31N:I52S:S84N:Y95F:Y106S,3432106321,False,False,False,False
S30N:S31N:S75F:T76S:S77N,3435798907,False,False,False,False
S30N:T57S:S75F:S77N:S84N,3436236910,False,False,False,False
S31N:T57S:T71S:Y95F:Y106S,3436824133,False,False,False,False
I52S:S75F:S77N:R87T:Y95F,3438704999,False,False,False,False
F29S:S30N:T71S:T76S,3439857827,False,False,False,False
S30N:S31N:I52S:K74I:T76S,3440042887,False,False,False,False
F29S:S84N:Y95F,3441317754,False,False,False,False
F29S:S30N:S31N:T57S:S84N,3441426447,False,False,False,False
I52S:A58T:T71S:T76S:Y106S,3444671225,False,False,False,False
S30N:I52S:T57S:Y106S,3445126585,False,False,False,False
A58T:S84N,3445139809,False,False,False,False
S30N:T76S:S84N:Y106S,3445787800,False,False,False,False
I52S:S75F:Y95F:Y106S,3446071516,False,False,False,False
F29S:S30N:Y95F,3450152493,False,False,False,False
F29S:N59A:T76S:S84N:Y95F,3450527365,False,False,False,False
S31N:T71S:S75F:T76S:R87T,3450732628,False,False,False,False
F29S:S30N:N59A:S75F,3450919342,False,False,False,False
I52S:S84N:R87T,3452614879,False,False,False,False
T57S:T71S:S75F,3452648539,False,False,False,False
S30N:T71S:S75F:S84N,3453540109,False,False,False,False
I52S:T71S:S84N:Y95F:Y106S,3453928301,False,False,False,False
S30N:T57S:T71S:T76S:R87T,3454511569,False,False,False,False
A58T:N59A:T71S:K74I,3455818341,False,False,False,False
F29S:I52S:A58T:S77N,3457146586,False,False,False,False
S30N:T57S:S75F:S84N:Y106S,3458239650,False,False,False,False
S30N:I52S:A58T:S84N,3458312380,False,False,False,False
S30N:I52S:N59A:S77N:Y95F,3458388556,False,False,False,False
F29S:T71S:T76S:R87T:Y95F,3458636287,False,False,False,False
S30N:S31N:K74I:T76S,3458969038,False,False,False,False
S30N:S31N:S77N:R87T:Y106S,3459965996,False,False,False,False
S31N:I52S:T76S:S77N:Y106S,3460648326,False,False,False,False
S31N:I52S:S75F:S84N:Y106S,3461556657,False,False,False,False
I52S:S75F:R87T:Y95F,3461736774,False,False,False,False
S30N:S31N:T57S:N59A:S77N,3461822636,False,False,False,False
T71S:K74I:S75F:S84N:Y106S,3461879065,False,False,False,False
I52S:A58T:T71S:K74I,3465324269,False,False,False,False
T71S:K74I:S84N,3465359303,False,False,False,False
S31N:S77N:S84N:R87T:Y95F,3467404287,False,False,False,False
S30N:T57S:N59A:R87T,3467530043,False,False,False,False
S30N:I52S:N59A:T71S,3469054855,False,False,False,False
I52S:A58T:N59A:T71S:R87T,3469721558,False,False,False,False
S30N:K74I:S75F:T76S,3469998662,False,False,False,False
F29S:N59A:T76S:S77N,3470436548,False,False,False,False
N59A:T76S:S84N,3470723964,False,False,False,False
T57S:N59A:S77N:Y95F,3470748590,False,False,False,False
A58T:Y95F,3471235965,False,False,False,False
S30N:T71S:S75F:S77N,3472199263,False,False,False,False
S30N:S31N:I52S:A58T:R87T,3472493033,False,False,False,False
S30N:N59A:S77N:S84N,3472951565,False,False,False,False
I52S:S75F:S77N:S84N:R87T,3473742923,False,False,False,False
T57S:A58T:K74I:R87T:Y106S,3474400950,False,False,False,False
I52S:S75F:S77N:R87T,3475067752,False,False,False,False
S31N:T57S:T71S:R87T:Y95F,3476068669,False,False,False,False
I52S:T57S:A58T:S84N:Y106S,3478504284,False,False,False,False
A58T:N59A:T71S:K74I:S77N,3478818250,False,False,False,False
F29S:I52S:K74I:T76S:R87T,3484008949,False,False,False,False
N59A:T71S:S75F:S77N:S84N,3484396517,False,False,False,False
S31N:I52S:T76S:Y95F,3485667203,False,False,False,False
F29S:S75F:T76S:S77N,3486059882,False,False,False,False
A58T:S75F:S77N:S84N,3488569733,False,False,False,False
F29S:I52S:A58T:N59A:S84N,3489462857,False,False,False,False
S30N:S31N:A58T:S75F:S84N,3489563311,False,False,False,False
S30N:N59A:T71S:S75F,3490460075,False,False,False,False
I52S:N59A:S75F:Y106S,3491177946,False,False,False,False
K74I:S75F:S77N:Y95F,3491363444,False,False,False,False
N59A:K74I:T76S:S84N,3491914725,False,False,False,False
F29S:S31N:I52S:A58T:T76S,3492652694,False,False,False,False
S31N:I52S:S75F:T76S:Y106S,3493323770,False,False,False,False
T57S:T71S:S84N:R87T,3493407022,False,False,False,False
S31N:T57S:N59A:S77N:S84N,3493445457,False,False,False,False
K74I:S77N:S84N:Y95F:Y106S,3494577483,False,False,False,False
S30N:I52S:T57S:T71S:T76S,3494930695,False,False,False,False
F29S:S30N:T76S:S77N,3495305827,False,False,False,False
F29S:S31N:T57S:A58T:K74I,3495846705,False,False,False,False
T71S:S75F:T76S:Y95F:Y106S,3498277352,False,False,False,False
I52S:N59A:K74I:R87T:Y95F,3498618303,False,False,False,False
T57S:T76S:S77N:Y95F,3498665247,False,False,False,False
S31N:N59A:S75F:Y106S,3499058610,False,False,False,False
S31N:I52S:A58T:S75F:S84N,3499060706,False,False,False,False
T71S:K74I:S75F:T76S,3499438145,False,False,False,False
I52S:T71S:K74I:S77N:Y106S,3502723535,False,False,False,False
S31N:N59A:S75F,3502852497,False,False,False,False
I52S:K74I:S84N,3504235255,False,False,False,False
S31N:T57S:A58T:T76S:S77N,3504920725,False,False,False,False
A58T:K74I:T76S:S84N:Y95F,3506859529,False,False,False,False
I52S:S75F:R87T,3510125319,False,False,False,False
I52S:T57S:S84N:R87T,3510977738,False,False,False,False
I52S:T57S:S75F:S84N:Y106S,3511072221,False,False,False,False
N59A:T71S:T76S:S84N,3511660297,False,False,False,False
S31N:A58T:S77N:S84N:R87T,3512474370,False,False,False,False
F29S:S30N:A58T:N59A:S75F,3514297258,False,False,False,False
S31N:T57S:S75F:R87T:Y106S,3514662161,False,False,False,False
F29S:N59A:T71S:S75F:S84N,3516900674,False,False,False,False
T57S:S84N:R87T,3517216563,False,False,False,False
S31N:T71S:S75F:S84N,3517835138,False,False,False,False
S31N:S75F:T76S,3518046852,False,False,False,False
S30N:I52S:A58T:K74I,3518325612,False,False,False,False
A58T:N59A:S77N:R87T:Y95F,3519759658,False,False,False,False
N59A:K74I:Y95F,3520002041,False,False,False,False
I52S:A58T:N59A,3520936144,False,False,False,False
S31N:I52S:T57S:A58T:S77N,3521838306,False,False,False,False
S30N:T57S:T76S:Y106S,3522085842,False,False,False,False
A58T:T76S:R87T:Y106S,3523683746,False,False,False,False
F29S:I52S:T57S:T71S:R87T,3524154456,False,False,False,False
S30N:N59A:S75F,3525099988,False,False,False,False
F29S:S31N:S75F:S84N:Y95F,3526019712,False,False,False,False
N59A:K74I:S77N:S84N:R87T,3527062073,False,False,False,False
S30N:S31N:T57S:S84N:Y95F,3527593108,False,False,False,False
F29S:S31N:K74I:S77N:Y95F,3527749138,False,False,False,False
F29S:T57S:S84N:R87T,3529953417,False,False,False,False
S30N:I52S:S75F:S77N:Y95F,3531456934,False,False,False,False
T57S:T76S:S84N:R87T:Y95F,3532506320,False,False,False,False
S31N:T76S:S84N:R87T,3533030753,False,False,False,False
S31N:I52S:S75F:S84N,3534144830,False,False,False,False
S30N:S31N:T71S:S75F:S77N,3536203518,False,False,False,False
S31N:N59A:S75F:S77N:Y106S,3536287849,False,False,False,False
S30N:T71S:K74I:T76S:S77N,3536665107,False,False,False,False
A58T:S75F:S84N:Y106S,3536667827,False,False,False,False
S30N:A58T:S84N,3537513731,False,False,False,False
S30N:N59A:T71S:K74I:Y95F,3539035014,False,False,False,False
I52S:N59A:K74I:T76S,3539427779,False,False,False,False
T57S:S75F:S77N:S84N:Y95F,3541286359,False,False,False,False
I52S:A58T:N59A:K74I:R87T,3541503926,False,False,False,False
F29S:S30N:T57S:T71S:R87T,3541721843,False,False,False,False
F29S:A58T:T71S:Y95F,3542402326,False,False,False,False
I52S:K74I:S84N:Y106S,3542811348,False,False,False,False
A58T:T71S:K74I:T76S:Y106S,3543157295,False,False,False,False
T57S:A58T:N59A:R87T:Y106S,3544027416,False,False,False,False
F29S:T71S:R87T,3544507266,False,False,False,False
F29S:S30N:I52S:T71S,3545414936,False,False,False,False
S31N:I52S:T71S:S77N:Y95F,3546008539,False,False,False,False
K74I:T76S:S84N:Y106S,3548384061,False,False,False,False
I52S:A58T:K74I:S77N:Y106S,3548539144,False,False,False,False
F29S:N59A:S75F:T76S,3549830340,False,False,False,False
F29S:S31N:T57S:K74I:T76S,3550468727,False,False,False,False
K74I:R87T,3552134732,False,False,False,False
S31N:T76S:S77N:Y95F,3552205003,False,False,False,False
T57S:T71S:T76S:S77N:Y95F,3553418512,False,False,False,False
A58T:N59A:T76S,3553968181,False,False,False,False
T57S:A58T:N59A:T76S:S84N,3554316063,False,False,False,False
S30N:T57S:T71S:K74I:R87T,3554851944,False,False,False,False
N59A:T71S:S75F:S84N,3557493820,False,False,False,False
S31N:N59A:K74I:S84N:Y95F,3557635443,False,False,False,False
I52S:T71S:K74I:T76S:Y95F,3559531628,False,False,False,False
F29S:T57S:T71S:K74I:S84N,3559845168,False,False,False,False
A58T:T76S:S84N:Y106S,3563195914,False,False,False,False
S31N:K74I:S75F:T76S:R87T,3563247984,False,False,False,False
S30N:N59A:T76S:Y95F,3563342250,False,False,False,False
I52S:T57S:N59A:Y106S,3563729910,False,False,False,False
I52S:T76S:S77N:Y106S,3563951987,False,False,False,False
F29S:I52S:N59A:S75F:R87T,3564604654,False,False,False,False
S75F:T76S:S77N:S84N:R87T,3565224634,False,False,False,False
S30N:A58T:K74I:S75F:Y95F,3566414869,False,False,False,False
F29S:S30N:A58T:S75F:S77N,3567618266,False,False,False,False
F29S:S31N:S75F:R87T:Y95F,3571513304,False,False,False,False
F29S:N59A:T71S:S75F,3572020567,False,False,False,False
S30N:T71S:R87T:Y106S,3575236249,False,False,False,False
T57S:T71S:S84N:R87T:Y95F,3576202297,False,False,False,False
S30N:N59A:K74I:S84N:Y95F,3576530002,False,False,False,False
T57S:N59A:S77N:R87T:Y95F,3576842873,False,False,False,False
F29S:A58T:S75F:T76S:R87T,3577690256,False,False,False,False
S30N:S31N:K74I:S84N:Y106S,3578111678,False,False,False,False
T71S:S77N:S84N:R87T,3579034264,False,False,False,False
N59A:S77N:R87T:Y106S,3580441156,False,False,False,False
S31N:I52S:T76S:S84N:R87T,3580778474,False,False,False,False
T57S:A58T:S75F:T76S:S77N,3583147179,False,False,False,False
A58T:T71S:T76S:Y95F:Y106S,3583489221,False,False,False,False
T57S:S75F,3584427268,False,False,False,False
I52S:T76S:S84N:Y95F:Y106S,3586794550,False,False,False,False
I52S:T57S:N59A:T71S:T76S,3587196072,False,False,False,False
T57S:A58T:T71S:S77N:Y106S,3588807560,False,False,False,False
S31N:N59A:T71S:K74I:S84N,3592034187,False,False,False,False
T71S:T76S:S77N:R87T,3592042859,False,False,False,False
S30N:I52S:N59A:T71S:S77N,3592362452,False,False,False,False
F29S:T57S:K74I:S75F:T76S,3592596995,False,False,False,False
A58T:N59A:S84N:R87T,3597666833,False,False,False,False
K74I:T76S:Y106S,3597674084,False,False,False,False
F29S:S30N:S31N:T71S:R87T,3600495655,False,False,False,False
I52S:A58T:R87T:Y106S,3602746401,False,False,False,False
S30N:S31N:A58T:R87T,3602917620,False,False,False,False
T57S:A58T:S77N:R87T,3603888031,False,False,False,False
S30N:I52S:A58T:Y106S,3604030882,False,False,False,False
S31N:T71S:K74I:S84N:R87T,3604603893,False,False,False,False
S31N:T57S:K74I:R87T:Y106S,3605157253,False,False,False,False
S31N:T57S:S77N:S84N:Y95F,3605198535,False,False,False,False
F29S:A58T:T71S:S75F:R87T,3606247973,False,False,False,False
I52S:T76S:Y106S,3607764700,False,False,False,False
F29S:S30N:A58T:T71S:Y95F,3607954520,False,False,False,False
S30N:T71S:K74I:Y95F:Y106S,3608087398,False,False,False,False
S31N:K74I:Y95F,3609152511,False,False,False,False
F29S:I52S:T76S:S84N:Y95F,3610762299,False,False,False,False
S30N:S31N:T71S:K74I:T76S,3611411379,False,False,False,False
S31N:T71S:S77N,3611757133,False,False,False,False
S31N:N59A:T76S:S77N:S84N,3614082294,False,False,False,False
I52S:T57S:K74I:S77N:R87T,3614805839,False,False,False,False
F29S:I52S:K74I:T76S:S77N,3614991727,False,False,False,False
S30N:T76S:S84N:R87T:Y95F,3616558877,False,False,False,False
S30N:A58T:R87T:Y106S,3618103232,False,False,False,False
S31N:A58T:S75F:T76S:R87T,3618240909,False,False,False,False
F29S:S30N:S31N:K74I,3618906900,False,False,False,False
S30N:T71S:K74I:R87T:Y106S,3619625002,False,False,False,False
I52S:K74I:S77N:Y106S,3619714826,False,False,False,False
T71S:S77N:S84N:R87T:Y106S,3619975207,False,False,False,False
N59A:T71S:K74I:S75F:S77N,3620148285,False,False,False,False
A58T:K74I:S84N,3621469020,False,False,False,False
A58T:N59A:S75F:T76S:Y106S,3623136841,False,False,False,False
S31N:I52S:N59A:K74I:Y95F,3624078011,False,False,False,False
T57S:T71S:K74I:S75F:S84N,3626735053,False,False,False,False
F29S:S31N:I52S:A58T:T71S,3627020741,False,False,False,False
T71S:K74I:S84N:R87T:Y106S,3627409417,False,False,False,False
I52S:T57S:S75F:R87T,3627579062,False,False,False,False
S31N:T57S:A58T:K74I:T76S,3627772413,False,False,False,False
F29S:S30N:T57S:S77N,3628791482,False,False,False,False
S31N:I52S:N59A:T71S,3630290624,False,False,False,False
S31N:T57S:S84N,3631654715,False,False,False,False
F29S:S31N:T71S:K74I:Y95F,3632718056,False,False,False,False
I52S:A58T:K74I:R87T,3634298769,False,False,False,False
I52S:T57S:A58T:N59A:Y95F,3635384500,False,False,False,False
F29S:K74I:S75F:T76S:Y95F,3635593357,False,False,False,False
S31N:I52S:N59A:S84N:Y106S,3635788763,False,False,False,False
F29S:S30N:S84N,3636336657,False,False,False,False
I52S:A58T:K74I:T76S:R87T,3638471241,False,False,False,False
S31N:N59A:T76S:Y95F,3639816725,False,False,False,False
S30N:A58T:S75F:T76S:S84N,3640165304,False,False,False,False
S30N:T57S:S75F:T76S,3641919554,False,False,False,False
F29S:I52S:N59A:T71S:S77N,3642490160,False,False,False,False
S31N:I52S:T57S:S84N:R87T,3642970925,False,False,False,False
T57S:A58T:T71S:S77N:S84N,3645461430,False,False,False,False
S31N:N59A:R87T:Y95F:Y106S,3645559707,False,False,False,False
S31N:I52S:K74I:R87T:Y106S,3646370313,False,False,False,False
S30N:A58T:N59A:T71S,3647086652,False,False,False,False
S30N:N59A:S75F:R87T,3647419843,False,False,False,False
S30N:I52S:S75F:S84N:Y106S,3648528590,False,False,False,False
F29S:I52S:K74I:S84N,3649144069,False,False,False,False
F29S:S31N:N59A:S75F:S77N,3649526096,False,False,False,False
F29S:T76S:S84N:R87T:Y95F,3651525217,False,False,False,False
T57S:T76S:R87T:Y106S,3655974277,False,False,False,False
T57S:T71S:S75F:T76S:S77N,3658201534,False,False,False,False
I52S:T71S:S77N,3659921349,False,False,False,False
A58T:N59A:T71S:K74I:T76S,3663073215,False,False,False,False
F29S:I52S:T57S:Y95F,3663835381,False,False,False,False
F29S:T71S:T76S:S77N:Y95F,3664547193,False,False,False,False
F29S:A58T:N59A:T71S:R87T,3668769655,False,False,False,False
T57S:S75F:S77N:R87T:Y95F,3670545067,False,False,False,False
I52S:N59A:S77N:R87T:Y95F,3670839885,False,False,False,False
S30N:S31N:T57S:R87T,3670959553,False,False,False,False
T57S:N59A:K74I:Y95F:Y106S,3673948911,False,False,False,False
F29S:T57S:A58T:N59A:S84N,3675762293,False,False,False,False
F29S:N59A:K74I:S84N:Y95F,3677562766,False,False,False,False
T71S:K74I:S77N,3678386425,False,False,False,False
F29S:S31N:K74I:T76S:S84N,3679663769,False,False,False,False
S30N:S31N:I52S:Y95F:Y106S,3679968442,False,False,False,False
S31N:T71S:S75F:S77N:Y106S,3681248667,False,False,False,False
F29S:S30N:I52S:A58T,3681265907,False,False,False,False
F29S:S30N:T71S:T76S:S77N,3681607440,False,False,False,False
T57S:A58T:T76S:Y95F:Y106S,3682151707,False,False,False,False
T71S:R87T,3682459588,False,False,False,False
S30N:S31N:T57S:T76S:Y106S,3683161781,False,False,False,False
S30N:T57S:N59A:S77N,3684841277,False,False,False,False
S31N:A58T:S75F:T76S:Y106S,3685845433,False,False,False,False
S30N:T71S:R87T:Y95F,3687337201,False,False,False,False
T76S:S84N,3687402053,False,False,False,False
S30N:S31N:A58T:K74I:R87T,3690088735,False,False,False,False
T57S:T71S:T76S:Y95F,3690269235,False,False,False,False
S31N:A58T:S75F:Y106S,3690522657,False,False,False,False
F29S:S31N:I52S:A58T:S75F,3690753445,False,False,False,False
T57S:N59A:T71S:S75F:S77N,3690992337,False,False,False,False
T57S:T71S:K74I:S75F:Y106S,3691043393,False,False,False,False
F29S:T57S:N59A:K74I,3691081703,False,False,False,False
S30N:S31N:S77N:Y106S,3691693255,False,False,False,False
N59A:S77N:R87T,3691885863,False,False,False,False
S30N:S31N:T76S:S77N:S84N,3692611165,False,False,False,False
S30N:T57S:A58T:S75F,3693187608,False,False,False,False
I52S:T57S:T76S:S84N,3693420439,False,False,False,False
F29S:S30N:S31N:R87T:Y95F,3694299471,False,False,False,False
A58T:S77N:R87T:Y95F:Y106S,3694713246,False,False,False,False
S30N:S31N:S84N:R87T:Y106S,3703615630,False,False,False,False
F29S:I52S:T57S:T71S:K74I,3704009612,False,False,False,False
I52S:N59A:K74I:S77N:Y95F,3704529209,False,False,False,False
T57S:N59A:T71S:S77N:R87T,3704643129,False,False,False,False
I52S:A58T:T71S:T76S:Y95F,3704780753,False,False,False,False
I52S:N59A:K74I:T76S:S77N,3705619120,False,False,False,False
T57S:A58T:T76S:R87T:Y95F,3706896031,False,False,False,False
F29S:S30N:I52S:R87T:Y95F,3708170103,False,False,False,False
S31N:T57S:N59A:S75F:Y106S,3708385519,False,False,False,False
S31N:I52S:Y95F,3709077103,False,False,False,False
S31N:N59A:K74I,3709179697,False,False,False,False
S31N:N59A:T76S:R87T:Y95F,3712249020,False,False,False,False
I52S:T57S:N59A:S75F:Y106S,3713235127,False,False,False,False
T57S:T71S:S75F:S77N:Y95F,3713242391,False,False,False,False
F29S:I52S:T57S:R87T:Y95F,3713895068,False,False,False,False
S31N:A58T:N59A:R87T,3714394031,False,False,False,False
I52S:T76S:S77N:S84N:Y95F,3715534986,False,False,False,False
S30N:A58T:N59A:T71S:Y95F,3716511299,False,False,False,False
S30N:S75F:S77N:S84N,3717542983,False,False,False,False
S30N:T57S:A58T:N59A:Y106S,3717962005,False,False,False,False
T76S:Y95F:Y106S,3719000722,False,False,False,False
A58T:T71S:R87T:Y106S,3719444383,False,False,False,False
I52S:S75F:Y95F,3719999551,False,False,False,False
S31N:T76S:S77N:S84N:R87T,3720508386,False,False,False,False
I52S:T57S:S77N:S84N:Y95F,3720840031,False,False,False,False
S31N:A58T:S84N:R87T,3721534849,False,False,False,False
S30N:T57S:N59A,3722703868,False,False,False,False
I52S:A58T:T71S:S75F:Y106S,3723400766,False,False,False,False
S31N:N59A:T71S:Y95F,3724544196,False,False,False,False
A58T:N59A:T71S:Y95F:Y106S,3725228210,False,False,False,False
S30N:T76S:Y95F:Y106S,3729035384,False,False,False,False
S31N:N59A:T71S:S84N:R87T,3729785923,False,False,False,False
F29S:N59A:S84N,3730024128,False,False,False,False
F29S:S30N:S31N:S84N:Y95F,3730290699,False,False,False,False
S30N:T71S:K74I:S77N:S84N,3730705262,False,False,False,False
S30N:A58T:N59A:T76S:S77N,3731019124,False,False,False,False
S30N:S31N:I52S:A58T:Y106S,3731364005,False,False,False,False
F29S:S30N,3732664106,False,False,False,False
S30N:T57S:T71S:S77N:S84N,3732990878,False,False,False,False
S31N:N59A:K74I:S77N:R87T,3733013341,False,False,False,False
S31N:T71S:K74I:S75F:Y95F,3733062757,False,False,False,False
S30N:K74I:S75F:T76S:S77N,3735103815,False,False,False,False
T57S:N59A:T71S:Y95F,3735375080,False,False,False,False
S31N:I52S:S75F:S84N:R87T,3735638197,False,False,False,False
F29S:I52S:R87T,3737194786,False,False,False,False
S31N:I52S:T71S:S84N:R87T,3737805393,False,False,False,False
S31N:A58T:N59A:S84N:R87T,3738062614,False,False,False,False
T57S:K74I:S75F:S84N:R87T,3738875161,False,False,False,False
F29S:S30N:T57S:S75F:S77N,3739612097,False,False,False,False
T71S:K74I:Y95F:Y106S,3739849556,False,False,False,False
S30N:S84N,3741322191,False,False,False,False
F29S:A58T:K74I:S75F:R87T,3742746949,False,False,False,False
T57S:A58T:T71S:R87T:Y95F,3743628156,False,False,False,False
S30N:T57S:T71S:S84N:Y95F,3744985660,False,False,False,False
F29S:T57S:S77N:Y95F,3745113427,False,False,False,False
S30N:S31N:T57S:A58T:S75F,3746307229,False,False,False,False
S75F:T76S:Y95F:Y106S,3746972321,False,False,False,False
T57S:S77N:R87T:Y95F:Y106S,3748307847,False,False,False,False
S30N:S31N:N59A:K74I:R87T,3752431930,False,False,False,False
K74I,3753029517,False,False,False,False
I52S:S77N:S84N:R87T:Y106S,3753315575,False,False,False,False
S30N:T57S:T76S:R87T:Y95F,3753382759,False,False,False,False
F29S:A58T:S75F:S77N:R87T,3753917775,False,False,False,False
F29S:T76S:S77N:R87T,3755578848,False,False,False,False
I52S:T76S:R87T:Y95F:Y106S,3755594506,False,False,False,False
N59A:K74I:S75F:T76S:Y95F,3755652110,False,False,False,False
S31N:I52S:A58T:T76S:S84N,3756858791,False,False,False,False
I52S:N59A:S84N:Y106S,3759211994,False,False,False,False
S31N:I52S:T57S:Y95F,3764614490,False,False,False,False
S75F:S77N:R87T:Y106S,3764756234,False,False,False,False
S30N:S31N:S75F:T76S:R87T,3765944969,False,False,False,False
N59A:K74I:S77N:S84N:Y106S,3767199349,False,False,False,False
T57S:N59A:T71S:S84N:Y95F,3767655591,False,False,False,False
I52S:N59A:K74I:S75F,3768235700,False,False,False,False
F29S:T57S:T76S:S77N:R87T,3768329489,False,False,False,False
S30N:K74I:S84N:Y106S,3768695885,False,False,False,False
S31N:I52S:A58T:T76S:Y95F,3770896087,False,False,False,False
S31N:I52S:T57S:S75F,3771023274,False,False,False,False
S30N:A58T:K74I:S84N:Y95F,3771147417,False,False,False,False
S30N:A58T:S75F,3771290471,False,False,False,False
I52S:N59A:T76S:S77N:Y95F,3771561666,False,False,False,False
S30N:A58T:T71S:S77N:R87T,3771719023,False,False,False,False
I52S:S75F:T76S:S77N:S84N,3772496976,False,False,False,False
S31N:S75F:T76S:S77N:Y95F,3773560376,False,False,False,False
K74I:S75F:S84N:R87T:Y95F,3773908337,False,False,False,False
S31N:A58T:T71S:K74I:Y95F,3775337784,False,False,False,False
T57S:K74I:T76S:R87T,3776897223,False,False,False,False
F29S:S30N:K74I:Y95F,3777947612,False,False,False,False
A58T:K74I:R87T:Y95F,3778042935,False,False,False,False
S30N:S31N:K74I:T76S:S77N,3780291679,False,False,False,False
F29S:N59A:S75F:T76S:S84N,3780486539,False,False,False,False
S31N:T57S:S75F:T76S:R87T,3780683660,False,False,False,False
S31N:N59A:T71S:S75F:S84N,3781805179,False,False,False,False
I52S:N59A:S77N:Y106S,3782479144,False,False,False,False
A58T:T71S:K74I:S77N,3785881093,False,False,False,False
F29S:N59A:K74I:S75F,3788279291,False,False,False,False
S30N:T57S:T76S:S84N:R87T,3788420683,False,False,False,False
N59A:T71S:S75F:S84N:R87T,3788556539,False,False,False,False
S30N:I52S:K74I:S84N:Y95F,3788705636,False,False,False,False
F29S:A58T:N59A:T71S:S84N,3791350623,False,False,False,False
I52S:K74I:R87T:Y95F:Y106S,3792118289,False,False,False,False
S31N:T57S:S77N:Y95F,3793117576,False,False,False,False
S84N:R87T:Y106S,3794622755,False,False,False,False
S30N:K74I:S75F:S77N:S84N,3794904682,False,False,False,False
F29S:T57S:A58T:K74I:R87T,3795528235,False,False,False,False
F29S:S30N:T57S:N59A:S75F,3800637225,False,False,False,False
N59A:S77N:S84N:R87T:Y106S,3801068961,False,False,False,False
T57S:N59A:T71S:T76S:R87T,3801424094,False,False,False,False
F29S:S30N:S31N:A58T:T76S,3801702265,False,False,False,False
I52S:K74I:T76S:R87T:Y95F,3801785962,False,False,False,False
S31N:I52S:A58T,3802998028,False,False,False,False
S31N:A58T:N59A:T76S:Y106S,3803559355,False,False,False,False
S31N:T57S:S75F:R87T:Y95F,3803581065,False,False,False,False
I52S:N59A:K74I:S84N:Y106S,3803598603,False,False,False,False
T57S:K74I:S75F:S77N:Y95F,3803748419,False,False,False,False
S75F:S77N:R87T,3803848105,False,False,False,False
S30N:S31N:N59A:S75F,3810711711,False,False,False,False
T57S:A58T:N59A:S77N,3811598389,False,False,False,False
A58T:T71S:S77N:S84N:Y95F,3814335552,False,False,False,False
S30N:N59A:S75F:S77N:Y95F,3816195016,False,False,False,False
S30N:I52S:T76S,3818185309,False,False,False,False
S30N:N59A:R87T:Y95F:Y106S,3818830972,False,False,False,False
S30N:A58T:Y95F,3819992931,False,False,False,False
I52S:A58T:N59A:K74I:T76S,3821949429,False,False,False,False
F29S:A58T:N59A:R87T,3822068448,False,False,False,False
K74I:S75F:T76S:Y95F:Y106S,3824225824,False,False,False,False
T57S:K74I:S84N:Y95F:Y106S,3827777677,False,False,False,False
S31N:K74I:S77N,3828015857,False,False,False,False
F29S:S31N:I52S:S75F:S77N,3829534726,False,False,False,False
T57S:A58T:K74I:T76S,3830193278,False,False,False,False
N59A:K74I:S77N:Y95F:Y106S,3832715409,False,False,False,False
F29S:S31N:S77N:R87T,3832854147,False,False,False,False
S31N:A58T:S77N:Y106S,3833333563,False,False,False,False
F29S:I52S:T57S:T71S:S77N,3833512166,False,False,False,False
S31N:I52S:T71S:R87T:Y95F,3834776545,False,False,False,False
S30N:T71S:K74I:S77N:Y95F,3835236642,False,False,False,False
F29S:S31N:I52S:T71S:R87T,3836687376,False,False,False,False
A58T:K74I:T76S:Y106S,3842278960,False,False,False,False
F29S:K74I:S75F:S77N,3844851603,False,False,False,False
S31N:T76S:Y106S,3846354420,False,False,False,False
F29S:S30N:I52S:T57S:S77N,3846623449,False,False,False,False
S30N:S75F:T76S:R87T:Y106S,3846702623,False,False,False,False
S31N:T57S:T71S:S84N:Y106S,3846810233,False,False,False,False
S30N:A58T:N59A:R87T:Y95F,3848419603,False,False,False,False
S30N:T57S:A58T:S84N:Y106S,3848840015,False,False,False,False
A58T:T76S:S77N:Y95F,3849320730,False,False,False,False
F29S:N59A:S75F:R87T,3851525711,False,False,False,False
A58T:T71S:T76S:S77N:R87T,3856191111,False,False,False,False
F29S:S31N:A58T:K74I,3856853748,False,False,False,False
F29S:T71S:K74I:S75F,3857813581,False,False,False,False
T71S:S75F:S84N:Y106S,3858823708,False,False,False,False
T71S:K74I:S75F:S77N,3859303744,False,False,False,False
S31N:T57S:N59A:S75F:R87T,3861094311,False,False,False,False
I52S:A58T:T71S:Y106S,3862833377,False,False,False,False
T57S:N59A:T71S:T76S:Y95F,3864335742,False,False,False,False
S30N:T71S:K74I:Y95F,3865381277,False,False,False,False
S30N:I52S:T57S:Y95F,3867360273,False,False,False,False
S31N:A58T:S77N:S84N:Y106S,3868896656,False,False,False,False
S30N:S31N:I52S:A58T:S84N,3869438113,False,False,False,False
F29S:S75F:S84N,3870510114,False,False,False,False
S30N:T57S:K74I:R87T:Y95F,3870710872,False,False,False,False
T57S:T71S,3870876160,False,False,False,False
S30N:S75F:S77N:R87T:Y106S,3872167692,False,False,False,False
I52S:T57S:T71S:K74I:R87T,3873512925,False,False,False,False
I52S:T57S:A58T:T71S:R87T,3874450230,False,False,False,False
A58T:N59A:S75F:Y106S,3874760113,False,False,False,False
S31N:I52S:K74I:T76S:S84N,3876613016,False,False,False,False
S31N:T57S:A58T:S84N:Y106S,3879210148,False,False,False,False
I52S:T71S:S75F:T76S:R87T,3879513644,False,False,False,False
A58T:K74I:T76S:R87T:Y95F,3879543397,False,False,False,False
S30N:N59A:K74I:Y95F,3879803403,False,False,False,False
I52S:T57S:A58T:K74I,3882086471,False,False,False,False
S31N:A58T:T76S:S84N,3882299176,False,False,False,False
T57S:A58T:K74I:S75F:Y95F,3882669968,False,False,False,False
N59A:S84N,3887547686,False,False,False,False
S30N:S31N:T57S:S84N:Y106S,3888159690,False,False,False,False
S30N:A58T:N59A:S77N:Y106S,3888231885,False,False,False,False
N59A:T71S:K74I:S77N:S84N,3889323493,False,False,False,False
T71S:S77N:S84N:R87T:Y95F,3890162295,False,False,False,False
F29S:S31N:R87T,3891319958,False,False,False,False
S75F:S84N:R87T:Y106S,3892306636,False,False,False,False
S30N:I52S:T57S:T71S,3893283533,False,False,False,False
S31N:I52S:T76S:S84N:Y95F,3893392618,False,False,False,False
F29S:S31N:T71S:S75F:S77N,3895117090,False,False,False,False
S30N:S31N:I52S:A58T:Y95F,3895534269,False,False,False,False
S31N:I52S:N59A:S77N:Y95F,3896509481,False,False,False,False
S31N:I52S:T57S:T71S:K74I,3901406785,False,False,False,False
F29S:A58T:T76S:S77N,3903737581,False,False,False,False
S31N:I52S:N59A:S75F:Y106S,3903822811,False,False,False,False
I52S:A58T:K74I:S77N:S84N,3906469942,False,False,False,False
S30N:N59A:K74I:T76S:S77N,3906500225,False,False,False,False
S31N:T57S:N59A:Y95F:Y106S,3907577847,False,False,False,False
F29S:S31N:I52S:A58T:Y95F,3907829865,False,False,False,False
S30N:K74I:S77N:Y95F,3910329963,False,False,False,False
S30N:I52S:N59A:S77N,3912190337,False,False,False,False
S30N:I52S:T57S:K74I:S75F,3912505760,False,False,False,False
S31N:I52S:S77N:Y95F:Y106S,3912561667,False,False,False,False
S31N:I52S:S77N:S84N:Y106S,3912773363,False,False,False,False
S30N:A58T:N59A:T76S,3914984103,False,False,False,False
S31N:K74I:S84N:Y95F:Y106S,3915199233,False,False,False,False
F29S:N59A:T71S:S77N:Y95F,3916204848,False,False,False,False
A58T:T71S:K74I:T76S:S84N,3917975151,False,False,False,False
T57S:A58T:K74I:S84N:Y95F,3919109480,False,False,False,False
F29S:S30N:S31N:K74I:S84N,3919435707,False,False,False,False
S30N:A58T:N59A:S75F,3921405864,False,False,False,False
S30N:S31N:N59A:S84N:Y106S,3922439648,False,False,False,False
F29S:S77N:S84N:Y95F,3923179247,False,False,False,False
S77N:S84N:Y95F,3923995981,False,False,False,False
F29S:I52S:A58T:T71S:S75F,3924867599,False,False,False,False
F29S:T57S:A58T:T71S:T76S,3927795652,False,False,False,False
S31N:I52S:S77N,3927940449,False,False,False,False
S30N:S31N:I52S:T57S:N59A,3928190974,False,False,False,False
I52S:K74I:T76S:Y95F,3930259291,False,False,False,False
F29S:T76S,3931424312,False,False,False,False
T57S:T76S:Y106S,3931578264,False,False,False,False
F29S:S30N:T57S:T71S:S84N,3932744715,False,False,False,False
S31N:A58T:T76S:S77N:R87T,3934080057,False,False,False,False
S30N:T57S:S77N:Y95F,3934219727,False,False,False,False
I52S:K74I:S75F:Y95F:Y106S,3937602933,False,False,False,False
S30N:T71S:K74I:Y106S,3938081797,False,False,False,False
I52S:S75F:S77N,3938862897,False,False,False,False
T57S:N59A:S75F:T76S:R87T,3941735870,False,False,False,False
F29S:S31N:T57S:T71S:S84N,3941805096,False,False,False,False
F29S:S31N:T71S:S77N:R87T,3942403894,False,False,False,False
S30N:I52S:N59A:Y106S,3942833279,False,False,False,False
F29S:A58T:S77N:S84N:R87T,3943268651,False,False,False,False
S30N:T57S:T76S:S84N,3944204556,False,False,False,False
S30N:I52S:T57S:N59A:S75F,3946593954,False,False,False,False
S31N:T57S:T71S:K74I:S77N,3948051935,False,False,False,False
F29S:T76S:R87T,3948058191,False,False,False,False
I52S:T71S:S84N:Y106S,3948261120,False,False,False,False
S30N:A58T:N59A:T76S:R87T,3948330358,False,False,False,False
S31N:A58T:S77N:Y95F:Y106S,3949594128,False,False,False,False
I52S:T57S:S77N:R87T,3951595548,False,False,False,False
S31N:T71S:K74I:S75F:Y106S,3952690765,False,False,False,False
T57S:T71S:S84N:Y106S,3953798220,False,False,False,False
I52S:T76S:R87T:Y106S,3954255153,False,False,False,False
S30N:S75F:T76S:S84N,3958737828,False,False,False,False
F29S:I52S:S75F:T76S:R87T,3959384537,False,False,False,False
F29S:S31N:S75F:R87T,3959708373,False,False,False,False
N59A:S75F:S77N:R87T:Y106S,3960940621,False,False,False,False
S30N:T57S:N59A:K74I:Y106S,3961439776,False,False,False,False
A58T:K74I:T76S:S77N:S84N,3961787415,False,False,False,False
T71S:S75F:S84N:R87T,3962766718,False,False,False,False
F29S:T71S:S77N,3963183016,False,False,False,False
F29S:I52S:K74I:S75F:S84N,3965012656,False,False,False,False
S30N:S31N:A58T:T71S:Y95F,3965560315,False,False,False,False
T57S:T71S:K74I:S77N:Y106S,3965786971,False,False,False,False
S30N:S31N:T71S:S77N,3967616147,False,False,False,False
S31N:T76S:S77N:S84N:Y106S,3970135024,False,False,False,False
F29S:S31N:T71S:T76S:R87T,3970347893,False,False,False,False
F29S:A58T:S75F:R87T:Y95F,3972876821,False,False,False,False
N59A:K74I:S77N,3973633023,False,False,False,False
F29S:I52S:T57S:A58T:R87T,3974381581,False,False,False,False
N59A:K74I:S84N,3975659053,False,False,False,False
T57S:S75F:T76S:Y106S,3976203711,False,False,False,False
F29S:T57S:N59A:S75F:T76S,3976527481,False,False,False,False
S30N:I52S:S84N:Y95F:Y106S,3977138982,False,False,False,False
I52S:N59A:T71S:S77N:S84N,3977824645,False,False,False,False
F29S:N59A:K74I,3978610848,False,False,False,False
I52S:T57S:A58T:S77N:Y106S,3979510274,False,False,False,False
S31N:I52S:T57S:T76S:R87T,3985390904,False,False,False,False
I52S:T57S:A58T:K74I:S77N,3986206228,False,False,False,False
T57S:K74I:T76S:Y95F,3986771455,False,False,False,False
S31N:T57S:Y95F,3987389883,False,False,False,False
S31N:T57S:N59A,3987457541,False,False,False,False
A58T:T71S:S75F:Y95F,3987496939,False,False,False,False
S30N:I52S:T57S:N59A:T76S,3989685401,False,False,False,False
I52S:T71S:S84N:R87T:Y95F,3990484117,False,False,False,False
S30N:I52S:T71S:S84N:Y95F,3991710096,False,False,False,False
F29S:S75F:S77N:Y95F,3991744491,False,False,False,False
A58T:T71S:T76S:S84N:Y106S,3993475321,False,False,False,False
S30N:A58T:T71S:T76S:R87T,3994864560,False,False,False,False
I52S:A58T:S75F:R87T,3996190765,False,False,False,False
F29S:N59A:T71S:K74I,3996196907,False,False,False,False
N59A:S77N:S84N:Y106S,3996325388,False,False,False,False
I52S:N59A:Y95F,3996971125,False,False,False,False
S31N:A58T:T76S:S84N:Y95F,3997092519,False,False,False,False
F29S:S30N:S77N:Y95F,3998038034,False,False,False,False
I52S:A58T:K74I:R87T:Y95F,4004636668,False,False,False,False
F29S:I52S:T76S:S77N:R87T,4005126725,False,False,False,False
S30N:T57S:A58T:N59A:Y95F,4005445133,False,False,False,False
S31N:N59A:T76S:S77N:R87T,4005693546,False,False,False,False
F29S:I52S:T71S:S75F:S84N,4005704052,False,False,False,False
S31N:I52S:T57S:N59A:K74I,4007148683,False,False,False,False
T57S:A58T:T71S:T76S:S84N,4007373313,False,False,False,False
F29S:S30N:I52S:N59A:K74I,4007787189,False,False,False,False
T57S:T71S:S75F:R87T,4008743602,False,False,False,False
S31N:I52S:T71S:R87T:Y106S,4009354025,False,False,False,False
I52S:S84N,4010070408,False,False,False,False
I52S:T57S:S77N:Y95F:Y106S,4010107215,False,False,False,False
K74I:S75F:T76S:S77N:S84N,4010150792,False,False,False,False
F29S:I52S:A58T:T76S:Y95F,4010915374,False,False,False,False
A58T:N59A:S75F:T76S,4011299414,False,False,False,False
S30N:S31N:S75F:R87T,4011328593,False,False,False,False
I52S:T57S:A58T:N59A,4011809417,False,False,False,False
F29S:A58T:T71S:S75F:Y95F,4011975545,False,False,False,False
S30N:S75F:S84N:Y95F:Y106S,4012189466,False,False,False,False
F29S:T71S:K74I:S75F:T76S,4015217031,False,False,False,False
S30N:S31N:N59A:T76S:S84N,4015918991,False,False,False,False
I52S:T76S:R87T,4018044094,False,False,False,False
S30N:T57S:T76S:S77N:Y95F,4018773569,False,False,False,False
T71S:T76S:S84N:Y106S,4019892485,False,False,False,False
F29S:A58T:N59A:K74I:Y95F,4021197739,False,False,False,False
I52S:S77N:Y95F:Y106S,4021551574,False,False,False,False
F29S:S31N:I52S:N59A:R87T,4021634326,False,False,False,False
A58T:K74I:S77N,4023265126,False,False,False,False
S30N:I52S:T57S:S75F:T76S,4023313799,False,False,False,False
F29S:S31N:T71S:K74I:S75F,4024627904,False,False,False,False
S30N:T76S:Y95F,4025460883,False,False,False,False
F29S:S75F:S77N:S84N:Y95F,4026873650,False,False,False,False
S31N:N59A:T76S:Y106S,4027340381,False,False,False,False
F29S:T71S:S75F:T76S:Y95F,4027501293,False,False,False,False
F29S:I52S:T57S:S75F:T76S,4028340515,False,False,False,False
I52S:T71S:Y95F:Y106S,4028958592,False,False,False,False
F29S:S30N:T57S:S77N:S84N,4029638913,False,False,False,False
S31N:I52S:A58T:T71S:K74I,4029681158,False,False,False,False
T57S:T71S:S75F:S84N:R87T,4029963845,False,False,False,False
T71S:S84N:R87T,4030794863,False,False,False,False
S31N:T71S:S75F:R87T:Y106S,4031105305,False,False,False,False
F29S:I52S:T57S:S84N:R87T,4032351872,False,False,False,False
S30N:S31N:T57S:S75F:S84N,4033409700,False,False,False,False
S31N:S77N:S84N:R87T:Y106S,4035284623,False,False,False,False
T71S:K74I:S75F:T76S:Y95F,4045482124,False,False,False,False
T57S:T71S:S75F:Y95F:Y106S,4046848749,False,False,False,False
T57S:N59A:T76S:Y95F:Y106S,4051666978,False,False,False,False
S30N:I52S:T71S:R87T,4053427429,False,False,False,False
K74I:S75F:S77N,4053604553,False,False,False,False
T57S:K74I:S84N:R87T:Y95F,4054476213,False,False,False,False
S30N:S31N:A58T:Y95F,4054728168,False,False,False,False
F29S:S31N:S84N:R87T:Y95F,4056863132,False,False,False,False
N59A:T71S:K74I:S75F:S84N,4057078947,False,False,False,False
S31N:I52S:T76S:S77N:R87T,4058609340,False,False,False,False
S31N:T57S:A58T:S75F,4059562675,False,False,False,False
S30N:A58T:T76S:R87T:Y95F,4059634366,False,False,False,False
S30N:T71S:S84N:Y106S,4060067629,False,False,False,False
T57S:N59A:K74I:T76S:S77N,4060622692,False,False,False,False
A58T:T71S:S75F:Y106S,4060842427,False,False,False,False
S31N:A58T:K74I:T76S:Y106S,4061664909,False,False,False,False
F29S:S31N:K74I:T76S:R87T,4062136337,False,False,False,False
S30N:A58T:K74I:T76S:R87T,4062496656,False,False,False,False
F29S:S30N:N59A:T71S:K74I,4063112181,False,False,False,False
A58T:K74I:S84N:R87T:Y106S,4063151936,False,False,False,False
T57S:A58T:R87T,4063941538,False,False,False,False
S31N:K74I:S75F:S77N:Y95F,4064543223,False,False,False,False
I52S:T57S:A58T:S84N,4066002623,False,False,False,False
F29S:S31N:A58T:R87T:Y95F,4066320559,False,False,False,False
F29S:S31N:A58T:N59A:S75F,4066633605,False,False,False,False
T57S:N59A:K74I:S77N:S84N,4067042553,False,False,False,False
S31N:T71S:S84N,4069579315,False,False,False,False
T71S:K74I:T76S:R87T:Y95F,4071114618,False,False,False,False
A58T:N59A:Y95F:Y106S,4071251161,False,False,False,False
I52S:N59A:K74I:S75F:Y106S,4071632651,False,False,False,False
S31N:T57S:K74I:Y95F:Y106S,4075762597,False,False,False,False
N59A:T71S:S75F:T76S:Y95F,4077697970,False,False,False,False
F29S:S30N:A58T:K74I:T76S,4079292039,False,False,False,False
S30N:I52S:N59A:T76S:Y106S,4080619891,False,False,False,False
T71S:S75F:S77N:S84N,4082241116,False,False,False,False
S30N:I52S:N59A:S75F:R87T,4082564706,False,False,False,False
N59A:T76S:S77N:R87T:Y106S,4083007830,False,False,False,False
I52S:K74I:S77N:R87T:Y106S,4084374623,False,False,False,False
S30N:S31N:I52S:S84N,4087829197,False,False,False,False
S30N:I52S:N59A:K74I:S84N,4088009906,False,False,False,False
S30N:T57S:S75F,4088780474,False,False,False,False
A58T:T71S:S75F:T76S:Y95F,4088954863,False,False,False,False
F29S:S30N:I52S:S75F:R87T,4089855899,False,False,False,False
F29S:S30N:N59A:T76S:S84N,4090357352,False,False,False,False
S31N:T76S:Y95F,4091116790,False,False,False,False
T57S:A58T:T71S:S75F:R87T,4092647264,False,False,False,False
N59A:K74I,4093781102,False,False,False,False
S31N:A58T,4095206071,False,False,False,False
S30N:T71S:S75F:S84N:Y106S,4097876118,False,False,False,False
A58T:N59A:K74I:S77N:S84N,4098003006,False,False,False,False
F29S:S30N:T71S,4098060473,False,False,False,False
I52S:A58T:T76S:S77N:Y95F,4099967701,False,False,False,False
T57S:S75F:S77N:R87T,4100501732,False,False,False,False
S30N:S31N:I52S:T57S:Y95F,4100854452,False,False,False,False
F29S:S31N:T71S:T76S:S77N,4101330671,False,False,False,False
S30N:T57S:Y95F,4103160042,False,False,False,False
S31N:I52S:K74I:T76S:S77N,4104404954,False,False,False,False
F29S:N59A:T76S:S84N,4106581954,False,False,False,False
F29S:A58T:S77N:R87T:Y95F,4107312711,False,False,False,False
S30N:K74I:S75F:S84N:Y95F,4107557456,False,False,False,False
F29S:I52S:T57S:T76S:S77N,4107565531,False,False,False,False
F29S:S30N:T71S:S77N:S84N,4108069965,False,False,False,False
S31N:K74I:S77N:R87T:Y95F,4109008423,False,False,False,False
A58T:T71S:K74I:S77N:S84N,4109845032,False,False,False,False
F29S:I52S:T71S:K74I:S75F,4110171540,False,False,False,False
I52S:A58T:T71S:S77N:R87T,4111436862,False,False,False,False
I52S:T57S:T71S:S84N:Y106S,4111630433,False,False,False,False
I52S:T57S:T71S:T76S:Y95F,4111987028,False,False,False,False
F29S:S30N:I52S:S77N:Y95F,4112031857,False,False,False,False
S75F:S77N:R87T:Y95F:Y106S,4113224619,False,False,False,False
S30N:S31N:N59A:K74I:T76S,4114546305,False,False,False,False
T71S:K74I:S75F:S77N:S84N,4114946863,False,False,False,False
S30N:S75F:S77N:Y106S,4115143847,False,False,False,False
I52S:A58T:S75F:T76S:Y95F,4116242921,False,False,False,False
S30N:A58T:T71S:R87T,4116387410,False,False,False,False
A58T:N59A:K74I:T76S:Y95F,4117207989,False,False,False,False
S31N:A58T:K74I:T76S:R87T,4117304641,False,False,False,False
N59A:S84N:Y95F,4117984625,False,False,False,False
T71S:T76S:S77N:S84N:Y106S,4117999000,False,False,False,False
K74I:T76S:S84N,4118353938,False,False,False,False
S30N:A58T:T71S:S77N:Y106S,4118415207,False,False,False,False
S30N:T57S:A58T:K74I:R87T,4118537063,False,False,False,False
S31N:I52S:S75F:S77N:Y106S,4119096183,False,False,False,False
K74I:S75F:T76S:S77N,4120045541,False,False,False,False
S30N:S31N:I52S:K74I:Y106S,4120060630,False,False,False,False
S30N:T57S:N59A:S84N,4121771939,False,False,False,False
A58T:N59A:K74I:Y106S,4121903253,False,False,False,False
N59A:T71S:T76S:S77N:Y106S,4122255672,False,False,False,False
T57S:N59A:K74I:S75F:T76S,4122270948,False,False,False,False
S30N:I52S:N59A:K74I:S75F,4122675070,False,False,False,False
S31N:S84N:R87T,4123575911,False,False,False,False
K74I:S77N:R87T:Y95F,4125366252,False,False,False,False
S31N:I52S:K74I:S77N:S84N,4125710907,False,False,False,False
S31N:T57S:K74I:T76S:R87T,4126234424,False,False,False,False
T57S:T76S:Y95F:Y106S,4126579621,False,False,False,False
F29S:S31N:T71S:Y95F,4126740017,False,False,False,False
I52S:T57S:N59A:S75F:S77N,4129274025,False,False,False,False
K74I:T76S:Y95F:Y106S,4130479481,False,False,False,False
N59A:S77N:S84N:R87T:Y95F,4131831289,False,False,False,False
S31N:T57S:N59A:K74I:S75F,4132417219,False,False,False,False
S30N:T71S:S77N:S84N:Y106S,4132419696,False,False,False,False
T57S:A58T:N59A:K74I:S84N,4133259830,False,False,False,False
F29S:S30N:T76S:S84N:R87T,4135746400,False,False,False,False
S31N:N59A:T71S:S75F:Y95F,4137540347,False,False,False,False
S31N:A58T:T76S:Y106S,4138060238,False,False,False,False
K74I:S84N:Y95F,4139389839,False,False,False,False
S30N:S31N:T76S:Y106S,4140899434,False,False,False,False
S30N:S31N:A58T:N59A:K74I,4143681785,False,False,False,False
S31N:K74I:S77N:S84N:R87T,4144046347,False,False,False,False
F29S:S30N:T76S:S84N,4149952665,False,False,False,False
I52S:T71S:K74I:S75F:R87T,4150149273,False,False,False,False
F29S:S30N:S31N:N59A:K74I,4150580861,False,False,False,False
S31N:I52S:T71S:S75F:T76S,4151541142,False,False,False,False
N59A:S75F:T76S:S84N:R87T,4151992352,False,False,False,False
S30N:T57S:T76S,4152660273,False,False,False,False
I52S:T57S:A58T:T76S:R87T,4153461435,False,False,False,False
S30N:T71S:S75F:T76S:Y106S,4154467225,False,False,False,False
I52S:T57S:A58T:T71S:T76S,4154895733,False,False,False,False
F29S:T57S:S75F:S84N,4155080965,False,False,False,False
I52S:T57S:K74I:S77N:Y106S,4155464007,False,False,False,False
T57S:N59A:R87T:Y95F,4156817848,False,False,False,False
T57S:A58T:N59A:T76S:Y95F,4157704783,False,False,False,False
S30N:N59A:K74I:S77N:Y95F,4158307832,False,False,False,False
A58T:K74I:S75F:R87T,4159625563,False,False,False,False
S31N:A58T:T76S:R87T:Y106S,4160108619,False,False,False,False
I52S:N59A:K74I:S77N:S84N,4160289389,False,False,False,False
S30N:S31N:K74I:S75F:T76S,4160926359,False,False,False,False
F29S:T57S:A58T:N59A:R87T,4161706941,False,False,False,False
S31N:T57S:S84N:R87T:Y95F,4164060405,False,False,False,False
S31N:N59A:K74I:S75F:S77N,4168862189,False,False,False,False
S30N:I52S:S75F:R87T:Y95F,4169024080,False,False,False,False
I52S:A58T:T71S:S75F:S77N,4170995962,False,False,False,False
F29S:T57S:K74I:Y95F,4171939669,False,False,False,False
S31N:T57S:T76S:S77N:R87T,4171979240,False,False,False,False
S31N:I52S:A58T:Y95F:Y106S,4172153432,False,False,False,False
I52S:N59A:K74I:S75F:Y95F,4173851611,False,False,False,False
S30N:S31N:S75F:T76S:Y106S,4174353221,False,False,False,False
S30N:S31N:T57S:K74I:S75F,4174620196,False,False,False,False
T71S:S75F:S77N:R87T,4174679512,False,False,False,False
F29S:T71S:S84N,4175621758,False,False,False,False
I52S:K74I:S75F:S84N:Y106S,4178326505,False,False,False,False
A58T:K74I:S77N:Y95F,4181801521,False,False,False,False
F29S:S31N:I52S:T57S,4184538821,False,False,False,False
S31N:T76S:S77N:Y106S,4184637851,False,False,False,False
F29S:T57S:A58T:S75F:Y95F,4185553667,False,False,False,False
I52S:T57S:R87T,4186187675,False,False,False,False
S31N:I52S:A58T:T76S:Y106S,4188323463,False,False,False,False
I52S:A58T:N59A:T76S:Y106S,4189277171,False,False,False,False
F29S:S31N:K74I:S75F:S77N,4190070582,False,False,False,False
S30N:N59A:K74I:S77N,4190544629,False,False,False,False
I52S:K74I:R87T,4192202879,False,False,False,False
I52S:N59A:S77N:S84N,4192575318,False,False,False,False
N59A:T71S:K74I:S84N:R87T,4193483515,False,False,False,False
I52S:T57S:T71S:T76S:S77N,4195888478,False,False,False,False
S30N:I52S:K74I:S75F,4195917721,False,False,False,False
I52S:T71S:S75F:S77N,4197188508,False,False,False,False
F29S:A58T:S77N:S84N,4199640428,False,False,False,False
S30N:T76S:R87T:Y95F,4200566322,False,False,False,False
S75F:S77N:S84N,4200690017,False,False,False,False
S77N:S84N:Y106S,4200790229,False,False,False,False
S30N:T57S:N59A:R87T:Y106S,4201521120,False,False,False,False
I52S:N59A:T71S:S75F:Y106S,4202577779,False,False,False,False
F29S:T57S:T71S:K74I:T76S,4205471655,False,False,False,False
S31N:A58T:T76S:R87T,4206211572,False,False,False,False
T57S:A58T:K74I:S77N:Y106S,4207503876,False,False,False,False
F29S:S30N:K74I:S77N:R87T,4209097501,False,False,False,False
F29S:N59A:K74I:S84N,4209683215,False,False,False,False
S75F:R87T,4210842692,False,False,False,False
S30N:A58T:N59A:T71S:T76S,4211114408,False,False,False,False
F29S:T71S:S75F:T76S:S84N,4213582289,False,False,False,False
F29S:I52S:T57S:A58T:K74I,4213736549,False,False,False,False
F29S:I52S:A58T:S75F:R87T,4214133975,False,False,False,False
I52S:A58T:T76S,4215099869,False,False,False,False
I52S:N59A:S75F:S84N:Y106S,4216732395,False,False,False,False
S31N:S77N:Y106S,4218063261,False,False,False,False
S31N:I52S:N59A:S77N:R87T,4219054517,False,False,False,False
F29S:I52S:N59A:K74I:S77N,4219277904,False,False,False,False
N59A:K74I:T76S:Y106S,4219796537,False,False,False,False
S30N:I52S:K74I:S75F:Y106S,4220011706,False,False,False,False
A58T:K74I:S77N:Y106S,4222959705,False,False,False,False
S30N:T57S:A58T:Y106S,4223846982,False,False,False,False
S30N:S31N:S75F:T76S,4226650874,False,False,False,False
S75F:S77N:Y95F,4226786173,False,False,False,False
S30N:I52S:N59A:T71S:S84N,4228404690,False,False,False,False
I52S:T57S:T71S:T76S:Y106S,4228610058,False,False,False,False
F29S:S31N:T57S:A58T:S77N,4228668811,False,False,False,False
F29S:T57S:A58T:T71S:R87T,4229491023,False,False,False,False
K74I:S84N:Y95F:Y106S,4230138860,False,False,False,False
F29S:S31N:I52S:A58T:R87T,4230478069,False,False,False,False
S30N:A58T:T71S:T76S,4231462313,False,False,False,False
S31N:I52S:S84N:R87T:Y95F,4233035689,False,False,False,False
T57S:A58T:R87T:Y106S,4233280589,False,False,False,False
F29S:T71S:K74I:S77N:S84N,4233702930,False,False,False,False
S30N:N59A:Y106S,4234922650,False,False,False,False
S31N:N59A:R87T,4235264057,False,False,False,False
S30N:T57S:S77N:S84N:Y106S,4235291324,False,False,False,False
T71S:S75F:S77N:R87T:Y106S,4236349799,False,False,False,False
I52S:T71S:R87T:Y95F,4236547946,False,False,False,False
T71S:T76S:R87T:Y95F,4236603449,False,False,False,False
N59A:K74I:S84N:R87T,4238685676,False,False,False,False
S30N:A58T:K74I:S77N:R87T,4238724175,False,False,False,False
S30N:K74I:R87T:Y95F:Y106S,4238809138,False,False,False,False
I52S:A58T:N59A:S75F:Y95F,4245292946,False,False,False,False
S31N:A58T:K74I:S77N,4248958171,False,False,False,False
I52S:S75F:S77N:R87T:Y106S,4249003383,False,False,False,False
S30N:T57S:K74I:T76S,4249068662,False,False,False,False
S31N:I52S:A58T:K74I:S75F,4249341058,False,False,False,False
S30N:I52S:A58T:N59A:Y95F,4250133921,False,False,False,False
A58T:K74I:S84N:R87T,4250288155,False,False,False,False
I52S:T57S:T71S:S75F:Y95F,4252246325,False,False,False,False
S31N:T71S:T76S:S77N:Y95F,4253462596,False,False,False,False
N59A:T71S:R87T:Y106S,4255690218,False,False,False,False
I52S:A58T:T71S:S77N:S84N,4256709418,False,False,False,False
T71S:K74I:T76S:R87T,4257178579,False,False,False,False
S31N:I52S:K74I:T76S:Y106S,4257246878,False,False,False,False
S30N:S31N:T57S:N59A:Y95F,4257526894,False,False,False,False
T57S:N59A:K74I:S77N:R87T,4258023153,False,False,False,False
T57S:S75F:T76S:S84N:Y106S,4260245564,False,False,False,False
R87T:Y95F:Y106S,4260800119,False,False,False,False
S30N:S31N:A58T:N59A:S75F,4262534745,False,False,False,False
F29S:S30N:S31N:I52S:S84N,4263123587,False,False,False,False
F29S:S31N:T57S:T71S:R87T,4265717492,False,False,False,False
S31N:T57S:K74I:T76S:S84N,4266864700,False,False,False,False
S31N:I52S:K74I:S75F:Y95F,4267269833,False,False,False,False
S31N:I52S:N59A:S84N:R87T,4267694707,False,False,False,False
I52S:A58T:K74I:T76S:S84N,4268381825,False,False,False,False
F29S:I52S:T57S:N59A,4268704735,False,False,False,False
K74I:S75F:T76S:R87T:Y106S,4270754920,False,False,False,False
S30N:K74I:S75F:R87T:Y106S,4271042926,False,False,False,False
F29S:S30N:S31N:K74I:Y95F,4275170875,False,False,False,False
F29S:I52S:A58T:T71S:S84N,4275285163,False,False,False,False
S30N:S31N:T71S:K74I:R87T,4279133008,False,False,False,False
S30N:T57S:K74I:T76S:S77N,4280615383,False,False,False,False
F29S:S31N:S75F:S77N,4282183119,False,False,False,False
S31N:T71S:S75F,4282567703,False,False,False,False
T71S:S75F:T76S:R87T:Y95F,4282814178,False,False,False,False
F29S:T57S:N59A:S84N:Y95F,4284121470,False,False,False,False
F29S:S31N:S75F:S84N,4284209149,False,False,False,False
S30N:S31N:N59A:R87T,4286201859,False,False,False,False
F29S:T57S:K74I:T76S:S77N,4288652475,False,False,False,False
S30N:S31N:T57S:K74I:R87T,4288930416,False,False,False,False
T57S:A58T:N59A:T71S:T76S,4289512529,False,False,False,False
I52S:S75F:T76S:S77N:Y95F,4293814576,False,False,False,False
F29S:T71S:R87T:Y95F,4294738885,False,False,False,False
